ISO-10303-21;
HEADER;
FILE_DESCRIPTION((''),'2;1');
FILE_NAME('DBA-BL','2024-06-24T10:25:12',('phk'),(''),
'CREO PARAMETRIC BY PTC INC, 2023424','CREO PARAMETRIC BY PTC INC, 2023424','');
FILE_SCHEMA(('AUTOMOTIVE_DESIGN { 1 0 10303 214 1 1 1 1 }'));
ENDSEC;
DATA;
#219=DIRECTION('',(0.E0,1.E0,0.E0));
#220=VECTOR('',#219,2.4E1);
#221=CARTESIAN_POINT('',(1.3E1,-1.2E1,0.E0));
#222=LINE('',#221,#220);
#223=CARTESIAN_POINT('',(9.5E0,1.2E1,0.E0));
#224=DIRECTION('',(0.E0,0.E0,1.E0));
#225=DIRECTION('',(1.E0,0.E0,0.E0));
#226=AXIS2_PLACEMENT_3D('',#223,#224,#225);
#228=DIRECTION('',(-1.E0,0.E0,0.E0));
#229=VECTOR('',#228,1.9E1);
#230=CARTESIAN_POINT('',(9.5E0,1.55E1,0.E0));
#231=LINE('',#230,#229);
#232=CARTESIAN_POINT('',(-9.5E0,1.2E1,0.E0));
#233=DIRECTION('',(0.E0,0.E0,1.E0));
#234=DIRECTION('',(0.E0,1.E0,0.E0));
#235=AXIS2_PLACEMENT_3D('',#232,#233,#234);
#237=DIRECTION('',(0.E0,-1.E0,0.E0));
#238=VECTOR('',#237,2.4E1);
#239=CARTESIAN_POINT('',(-1.3E1,1.2E1,0.E0));
#240=LINE('',#239,#238);
#241=CARTESIAN_POINT('',(-9.5E0,-1.2E1,0.E0));
#242=DIRECTION('',(0.E0,0.E0,1.E0));
#243=DIRECTION('',(-1.E0,0.E0,0.E0));
#244=AXIS2_PLACEMENT_3D('',#241,#242,#243);
#246=DIRECTION('',(1.E0,0.E0,0.E0));
#247=VECTOR('',#246,1.9E1);
#248=CARTESIAN_POINT('',(-9.5E0,-1.55E1,0.E0));
#249=LINE('',#248,#247);
#250=CARTESIAN_POINT('',(9.5E0,-1.2E1,0.E0));
#251=DIRECTION('',(0.E0,0.E0,1.E0));
#252=DIRECTION('',(0.E0,-1.E0,0.E0));
#253=AXIS2_PLACEMENT_3D('',#250,#251,#252);
#255=CARTESIAN_POINT('',(-9.5E0,1.2E1,0.E0));
#256=DIRECTION('',(0.E0,0.E0,1.E0));
#257=DIRECTION('',(1.E0,0.E0,0.E0));
#258=AXIS2_PLACEMENT_3D('',#255,#256,#257);
#260=CARTESIAN_POINT('',(-9.5E0,1.2E1,0.E0));
#261=DIRECTION('',(0.E0,0.E0,1.E0));
#262=DIRECTION('',(-1.E0,0.E0,0.E0));
#263=AXIS2_PLACEMENT_3D('',#260,#261,#262);
#265=CARTESIAN_POINT('',(9.5E0,-1.2E1,0.E0));
#266=DIRECTION('',(0.E0,0.E0,1.E0));
#267=DIRECTION('',(1.E0,0.E0,0.E0));
#268=AXIS2_PLACEMENT_3D('',#265,#266,#267);
#270=CARTESIAN_POINT('',(9.5E0,-1.2E1,0.E0));
#271=DIRECTION('',(0.E0,0.E0,1.E0));
#272=DIRECTION('',(-1.E0,0.E0,0.E0));
#273=AXIS2_PLACEMENT_3D('',#270,#271,#272);
#275=CARTESIAN_POINT('',(-9.5E0,1.2E1,0.E0));
#276=DIRECTION('',(0.E0,0.E0,-1.E0));
#277=DIRECTION('',(9.749960430436E-1,2.222222222222E-1,0.E0));
#278=AXIS2_PLACEMENT_3D('',#275,#276,#277);
#280=DIRECTION('',(1.E0,0.E0,0.E0));
#281=VECTOR('',#280,1.461251780630E1);
#282=CARTESIAN_POINT('',(-5.112517806304E0,1.4E1,0.E0));
#283=LINE('',#282,#281);
#284=CARTESIAN_POINT('',(9.5E0,1.2E1,0.E0));
#285=DIRECTION('',(0.E0,0.E0,-1.E0));
#286=DIRECTION('',(0.E0,1.E0,0.E0));
#287=AXIS2_PLACEMENT_3D('',#284,#285,#286);
#289=DIRECTION('',(0.E0,-1.E0,0.E0));
#290=VECTOR('',#289,1.961251780630E1);
#291=CARTESIAN_POINT('',(1.15E1,1.2E1,0.E0));
#292=LINE('',#291,#290);
#293=CARTESIAN_POINT('',(9.5E0,-1.2E1,0.E0));
#294=DIRECTION('',(0.E0,0.E0,-1.E0));
#295=DIRECTION('',(-9.749960430436E-1,-2.222222222222E-1,0.E0));
#296=AXIS2_PLACEMENT_3D('',#293,#294,#295);
#298=DIRECTION('',(-1.E0,0.E0,0.E0));
#299=VECTOR('',#298,1.461251780630E1);
#300=CARTESIAN_POINT('',(5.112517806304E0,-1.4E1,0.E0));
#301=LINE('',#300,#299);
#302=CARTESIAN_POINT('',(-9.5E0,-1.2E1,0.E0));
#303=DIRECTION('',(0.E0,0.E0,-1.E0));
#304=DIRECTION('',(-1.021405182655E-13,-1.E0,0.E0));
#305=AXIS2_PLACEMENT_3D('',#302,#303,#304);
#307=DIRECTION('',(0.E0,1.E0,0.E0));
#308=VECTOR('',#307,1.961251780630E1);
#309=CARTESIAN_POINT('',(-1.15E1,-1.2E1,0.E0));
#310=LINE('',#309,#308);
#311=CARTESIAN_POINT('',(1.293715287645E1,1.2E1,1.799703420249E0));
#312=CARTESIAN_POINT('',(1.293446238446E1,1.159416709073E1,1.876748042725E0));
#313=CARTESIAN_POINT('',(1.293007848793E1,1.081050999863E1,2.002291853967E0));
#314=CARTESIAN_POINT('',(1.292591785262E1,9.812902195263E0,2.121434674109E0));
#315=CARTESIAN_POINT('',(1.292266750976E1,8.728895522312E0,2.214512901218E0));
#316=CARTESIAN_POINT('',(1.292058997549E1,7.614192672418E0,2.274005541939E0));
#317=CARTESIAN_POINT('',(1.291950341669E1,6.509924737208E0,2.305120556945E0));
#318=CARTESIAN_POINT('',(1.291914041152E1,5.427693730084E0,2.315515653808E0));
#319=CARTESIAN_POINT('',(1.291923157833E1,4.378317618645E0,2.312904980813E0));
#320=CARTESIAN_POINT('',(1.291954655081E1,3.363617415213E0,2.303885348238E0));
#321=CARTESIAN_POINT('',(1.291990936798E1,2.389283436009E0,2.293495624075E0));
#322=CARTESIAN_POINT('',(1.292021559893E1,1.421082431316E0,2.284726317028E0));
#323=CARTESIAN_POINT('',(1.292038854551E1,4.381836826986E-1,2.279773775112E0));
#324=CARTESIAN_POINT('',(1.292037794722E1,-5.491971820081E-1,2.280077270256E0));
#325=CARTESIAN_POINT('',(1.292018559076E1,-1.533742416722E0,2.285585638705E0));
#326=CARTESIAN_POINT('',(1.291987099292E1,-2.494111604457E0,2.294594541982E0));
#327=CARTESIAN_POINT('',(1.291951349128E1,-3.456070188487E0,2.304832049445E0));
#328=CARTESIAN_POINT('',(1.291921633013E1,-4.454389257094E0,2.313341632155E0));
#329=CARTESIAN_POINT('',(1.291914864115E1,-5.487043409321E0,2.315279988021E0));
#330=CARTESIAN_POINT('',(1.291953621658E1,-6.558326733652E0,2.304181290202E0));
#331=CARTESIAN_POINT('',(1.292064915761E1,-7.654516117979E0,2.272310790551E0));
#332=CARTESIAN_POINT('',(1.292274289364E1,-8.758347301969E0,2.212354179396E0));
#333=CARTESIAN_POINT('',(1.292598451387E1,-9.830622997325E0,2.119525783313E0));
#334=CARTESIAN_POINT('',(1.293014097634E1,-1.082263650631E1,2.000502279229E0));
#335=CARTESIAN_POINT('',(1.293449059114E1,-1.159842100580E1,1.875940612482E0));
#336=CARTESIAN_POINT('',(1.293715288384E1,-1.2E1,1.799703420507E0));
#338=DIRECTION('',(-3.489954542985E-2,3.955569332872E-13,9.993908253175E-1));
#339=VECTOR('',#338,1.800800422533E0);
#340=CARTESIAN_POINT('',(1.3E1,-1.2E1,0.E0));
#341=LINE('',#340,#339);
#342=CARTESIAN_POINT('',(1.253739664752E1,1.199999996175E1,1.785743431923E0));
#343=DIRECTION('',(-6.513140757587E-3,-9.824311029792E-1,1.865119484015E-1));
#344=DIRECTION('',(9.993908101475E-1,9.183376893493E-8,3.489997983757E-2));
#345=AXIS2_PLACEMENT_3D('',#342,#343,#344);
#347=CARTESIAN_POINT('',(1.253739630169E1,-1.200000000019E1,1.785743641341E0));
#348=DIRECTION('',(6.513120792114E-3,-9.824311148189E-1,-1.865118867345E-1));
#349=DIRECTION('',(9.993908295191E-1,-4.511577790274E-9,3.489942511153E-2));
#350=AXIS2_PLACEMENT_3D('',#347,#348,#349);
#352=CARTESIAN_POINT('',(1.293715288384E1,-1.2E1,1.799703420507E0));
#353=CARTESIAN_POINT('',(1.293762383544E1,-1.208041561313E1,1.786212299604E0));
#354=CARTESIAN_POINT('',(1.293290140289E1,-1.224785835538E1,1.758421366830E0));
#355=CARTESIAN_POINT('',(1.290522787449E1,-1.251449004181E1,1.715523114152E0));
#356=CARTESIAN_POINT('',(1.285121471149E1,-1.280381031836E1,1.670956716118E0));
#357=CARTESIAN_POINT('',(1.276284865602E1,-1.311759413669E1,1.625558389852E0));
#358=CARTESIAN_POINT('',(1.262959335891E1,-1.345656983476E1,1.580858528915E0));
#359=CARTESIAN_POINT('',(1.243844945166E1,-1.381780264235E1,1.539645076452E0));
#360=CARTESIAN_POINT('',(1.217391169183E1,-1.419398814767E1,1.506205000836E0));
#361=CARTESIAN_POINT('',(1.182021297878E1,-1.457001644464E1,1.486660209342E0));
#362=CARTESIAN_POINT('',(1.136282697972E1,-1.492261822641E1,1.488600744780E0));
#363=CARTESIAN_POINT('',(1.080042449749E1,-1.521427164573E1,1.519815493203E0));
#364=CARTESIAN_POINT('',(1.016662647763E1,-1.540130793264E1,1.582200997461E0));
#365=CARTESIAN_POINT('',(9.723713398070E0,-1.544268306827E1,1.640903002365E0));
#366=CARTESIAN_POINT('',(9.499999999774E0,-1.544155680718E1,1.673538149187E0));
#368=DIRECTION('',(-1.352180023869E-10,3.490066148319E-2,9.993907863434E-1));
#369=VECTOR('',#368,1.674558312980E0);
#370=CARTESIAN_POINT('',(9.5E0,-1.55E1,0.E0));
#371=LINE('',#370,#369);
#372=CARTESIAN_POINT('',(9.499999999774E0,-1.544155680718E1,1.673538149187E0));
#373=CARTESIAN_POINT('',(9.146715666138E0,-1.543952013225E1,1.731860888465E0));
#374=CARTESIAN_POINT('',(8.423598422262E0,-1.543580390945E1,1.838361462624E0));
#375=CARTESIAN_POINT('',(7.244836903205E0,-1.543117467208E1,1.970892568365E0));
#376=CARTESIAN_POINT('',(6.105032783985E0,-1.542789271347E1,2.064884384069E0));
#377=CARTESIAN_POINT('',(5.057629141119E0,-1.542569809641E1,2.127727631362E0));
#378=CARTESIAN_POINT('',(4.163038488669E0,-1.542432411462E1,2.167073954831E0));
#379=CARTESIAN_POINT('',(3.363859981041E0,-1.542340948791E1,2.193265267507E0));
#380=CARTESIAN_POINT('',(2.653634367014E0,-1.542281042854E1,2.210420128834E0));
#381=CARTESIAN_POINT('',(2.018846805900E0,-1.542241858289E1,2.221641107752E0));
#382=CARTESIAN_POINT('',(1.448111547651E0,-1.542216867041E1,2.228797668154E0));
#383=CARTESIAN_POINT('',(9.288172631866E-1,-1.542201758309E1,2.233124242141E0));
#384=CARTESIAN_POINT('',(4.506667495226E-1,-1.542193838888E1,2.235392067879E0));
#385=CARTESIAN_POINT('',(1.470185440757E-1,-1.542192255447E1,2.235845505826E0));
#386=CARTESIAN_POINT('',(3.172061630402E-14,-1.542192255761E1,
2.235845415821E0));
#388=DIRECTION('',(1.512688350966E-12,3.489958852813E-2,9.993908238125E-1));
#389=VECTOR('',#388,1.674558312932E0);
#390=CARTESIAN_POINT('',(-9.5E0,-1.55E1,0.E0));
#391=LINE('',#390,#389);
#392=CARTESIAN_POINT('',(3.172061630402E-14,-1.542192255761E1,
2.235845415821E0));
#393=CARTESIAN_POINT('',(-2.289195946233E-1,-1.542192256640E1,
2.235845164258E0));
#394=CARTESIAN_POINT('',(-7.181464130012E-1,-1.542195911624E1,
2.234798513784E0));
#395=CARTESIAN_POINT('',(-1.568906316456E0,-1.542219226551E1,2.228121992224E0));
#396=CARTESIAN_POINT('',(-2.468318960632E0,-1.542266029073E1,2.214719503621E0));
#397=CARTESIAN_POINT('',(-3.373716302786E0,-1.542340481712E1,2.193399056876E0));
#398=CARTESIAN_POINT('',(-4.229539675065E0,-1.542441354183E1,2.164512961804E0));
#399=CARTESIAN_POINT('',(-5.051660332872E0,-1.542571342145E1,2.127289275966E0));
#400=CARTESIAN_POINT('',(-5.865067996789E0,-1.542738197026E1,2.079508303168E0));
#401=CARTESIAN_POINT('',(-6.682291632746E0,-1.542950905902E1,2.018596400670E0));
#402=CARTESIAN_POINT('',(-7.506008827307E0,-1.543219528438E1,1.941673157062E0));
#403=CARTESIAN_POINT('',(-8.286366649390E0,-1.543532323866E1,1.852099570867E0));
#404=CARTESIAN_POINT('',(-8.981950893249E0,-1.543865966914E1,1.756559297116E0));
#405=CARTESIAN_POINT('',(-9.341823231167E0,-1.544064671533E1,1.699651284244E0));
#406=CARTESIAN_POINT('',(-9.499999999997E0,-1.544155860391E1,1.673538211883E0));
#408=CARTESIAN_POINT('',(9.499999987332E0,-1.504180242820E1,1.659578380526E0));
#409=DIRECTION('',(-9.866293705997E-1,5.687920472584E-3,1.628807313060E-1));
#410=DIRECTION('',(1.614478328804E-8,-9.993908236082E-1,3.489959437837E-2));
#411=AXIS2_PLACEMENT_3D('',#408,#409,#410);
#413=CARTESIAN_POINT('',(-1.013842648723E-9,-1.502216622594E1,
2.221885642016E0));
#414=DIRECTION('',(-1.E0,1.788643109535E-10,5.121981249341E-9));
#415=DIRECTION('',(0.E0,-9.993908291909E-1,3.489943451046E-2));
#416=AXIS2_PLACEMENT_3D('',#413,#414,#415);
#418=CARTESIAN_POINT('',(-9.500000004259E0,-1.504180183347E1,1.659578540093E0));
#419=DIRECTION('',(-9.866293914392E-1,-5.687833203751E-3,-1.628806081208E-1));
#420=DIRECTION('',(-2.437755332001E-8,-9.993908396240E-1,3.489913574326E-2));
#421=AXIS2_PLACEMENT_3D('',#418,#419,#420);
#423=CARTESIAN_POINT('',(-9.499999999997E0,-1.544155860391E1,1.673538211883E0));
#424=CARTESIAN_POINT('',(-9.593760991582E0,-1.544203594837E1,1.659857494935E0));
#425=CARTESIAN_POINT('',(-9.789388871398E0,-1.543525522080E1,1.632362296815E0));
#426=CARTESIAN_POINT('',(-1.010092986176E1,-1.539684189589E1,1.592721482880E0));
#427=CARTESIAN_POINT('',(-1.043972517685E1,-1.532178575045E1,1.555106190641E0));
#428=CARTESIAN_POINT('',(-1.080691296644E1,-1.519823930196E1,1.521894583038E0));
#429=CARTESIAN_POINT('',(-1.120090631313E1,-1.501082683215E1,1.496751529486E0));
#430=CARTESIAN_POINT('',(-1.161399477432E1,-1.474084208135E1,1.485109725161E0));
#431=CARTESIAN_POINT('',(-1.202790755986E1,-1.436881325887E1,1.494169619926E0));
#432=CARTESIAN_POINT('',(-1.240999705148E1,-1.388433328578E1,1.531005584261E0));
#433=CARTESIAN_POINT('',(-1.271543991593E1,-1.329221750455E1,1.599891374940E0));
#434=CARTESIAN_POINT('',(-1.289771487937E1,-1.266254198902E1,1.690883911085E0));
#435=CARTESIAN_POINT('',(-1.293843648377E1,-1.222129245215E1,1.762580371600E0));
#436=CARTESIAN_POINT('',(-1.293715133125E1,-1.199999999984E1,1.799703366323E0));
#438=DIRECTION('',(3.490040759772E-2,8.916405674835E-11,9.993907952095E-1));
#439=VECTOR('',#438,1.800800422567E0);
#440=CARTESIAN_POINT('',(-1.3E1,-1.2E1,0.E0));
#441=LINE('',#440,#439);
#442=CARTESIAN_POINT('',(-1.293715133125E1,-1.199999999984E1,1.799703366323E0));
#443=CARTESIAN_POINT('',(-1.293623277850E1,-1.186144682143E1,1.826007275652E0));
#444=CARTESIAN_POINT('',(-1.293446991343E1,-1.158122330494E1,1.876557983507E0));
#445=CARTESIAN_POINT('',(-1.293207760972E1,-1.115949788047E1,1.945036923112E0));
#446=CARTESIAN_POINT('',(-1.292981618170E1,-1.071251885884E1,2.009803164346E0));
#447=CARTESIAN_POINT('',(-1.292765995960E1,-1.022644671771E1,2.071547299408E0));
#448=CARTESIAN_POINT('',(-1.292560452021E1,-9.684589239696E0,2.130407914975E0));
#449=CARTESIAN_POINT('',(-1.292368716216E1,-9.070984158288E0,2.185313722836E0));
#450=CARTESIAN_POINT('',(-1.292198010468E1,-8.369186393086E0,2.234197491522E0));
#451=CARTESIAN_POINT('',(-1.292058211741E1,-7.563394125188E0,2.274230598873E0));
#452=CARTESIAN_POINT('',(-1.291961611146E1,-6.639213640713E0,2.301893392623E0));
#453=CARTESIAN_POINT('',(-1.291918601012E1,-5.661581899250E0,2.314209882865E0));
#454=CARTESIAN_POINT('',(-1.291917917713E1,-4.700197682490E0,2.314405554255E0));
#455=CARTESIAN_POINT('',(-1.291940120540E1,-3.803852062074E0,2.308047496381E0));
#456=CARTESIAN_POINT('',(-1.291966149828E1,-3.058240565874E0,2.300593683597E0));
#457=CARTESIAN_POINT('',(-1.291996618077E1,-2.220654649053E0,2.291868718762E0));
#458=CARTESIAN_POINT('',(-1.292022062825E1,-1.376596970098E0,2.284582296283E0));
#459=CARTESIAN_POINT('',(-1.292036742439E1,-5.552822116323E-1,
2.280378604709E0));
#460=CARTESIAN_POINT('',(-1.292039062858E1,2.573448004216E-1,2.279714123648E0));
#461=CARTESIAN_POINT('',(-1.292028830211E1,1.076367372849E0,2.282644370356E0));
#462=CARTESIAN_POINT('',(-1.292005980295E1,1.944633681476E0,2.289187730146E0));
#463=CARTESIAN_POINT('',(-1.291974180262E1,2.841038410546E0,2.298294068300E0));
#464=CARTESIAN_POINT('',(-1.291944642315E1,3.659544111074E0,2.306752629454E0));
#465=CARTESIAN_POINT('',(-1.291921123473E1,4.533146271245E0,2.313487544697E0));
#466=CARTESIAN_POINT('',(-1.291916741707E1,5.368720841461E0,2.314742318176E0));
#467=CARTESIAN_POINT('',(-1.291936359E1,6.125403511264E0,2.309124660553E0));
#468=CARTESIAN_POINT('',(-1.291981457260E1,6.833227108036E0,2.296210208446E0));
#469=CARTESIAN_POINT('',(-1.292056360793E1,7.521332473634E0,2.274760643696E0));
#470=CARTESIAN_POINT('',(-1.292165919789E1,8.198969234125E0,2.243387049573E0));
#471=CARTESIAN_POINT('',(-1.292315192612E1,8.869855795423E0,2.200640915355E0));
#472=CARTESIAN_POINT('',(-1.292501162461E1,9.509188972215E0,2.147386083273E0));
#473=CARTESIAN_POINT('',(-1.292703780425E1,1.007154140393E1,2.089364020379E0));
#474=CARTESIAN_POINT('',(-1.292908452091E1,1.055378092209E1,2.030753237135E0));
#475=CARTESIAN_POINT('',(-1.293110819576E1,1.097254421906E1,1.972804587545E0));
#476=CARTESIAN_POINT('',(-1.293310295818E1,1.134344945889E1,1.915675287817E0));
#477=CARTESIAN_POINT('',(-1.293508188186E1,1.167950438018E1,1.859031623442E0));
#478=CARTESIAN_POINT('',(-1.293645770603E1,1.189535338900E1,1.819570238268E0));
#479=CARTESIAN_POINT('',(-1.293715147232E1,1.199999999971E1,1.799703371273E0));
#481=DIRECTION('',(3.490032926230E-2,-1.609019070524E-10,9.993907979451E-1));
#482=VECTOR('',#481,1.800800422591E0);
#483=CARTESIAN_POINT('',(-1.3E1,1.2E1,0.E0));
#484=LINE('',#483,#482);
#485=CARTESIAN_POINT('',(-1.253739664143E1,-1.199999999628E1,1.785743606456E0));
#486=DIRECTION('',(6.513140319365E-3,9.824311053645E-1,1.865119358525E-1));
#487=DIRECTION('',(-9.993908254063E-1,-8.778622273553E-9,3.489954288661E-2));
#488=AXIS2_PLACEMENT_3D('',#485,#486,#487);
#490=CARTESIAN_POINT('',(-1.253739068887E1,1.200000001957E1,1.785744085536E0));
#491=DIRECTION('',(-6.512625389271E-3,9.824312280716E-1,-1.865113074865E-1));
#492=DIRECTION('',(-9.993908867981E-1,1.761049325463E-7,3.489778481460E-2));
#493=AXIS2_PLACEMENT_3D('',#490,#491,#492);
#495=CARTESIAN_POINT('',(-1.293715147232E1,1.199999999971E1,1.799703371273E0));
#496=CARTESIAN_POINT('',(-1.293843621050E1,1.222119331044E1,1.762597083930E0));
#497=CARTESIAN_POINT('',(-1.289803904318E1,1.266253359539E1,1.690852363198E0));
#498=CARTESIAN_POINT('',(-1.271324545454E1,1.329799818324E1,1.599116019920E0));
#499=CARTESIAN_POINT('',(-1.240862796214E1,1.388587991106E1,1.530906071309E0));
#500=CARTESIAN_POINT('',(-1.202790834366E1,1.436881896807E1,1.494169960520E0));
#501=CARTESIAN_POINT('',(-1.161353421372E1,1.474123833895E1,1.485103146558E0));
#502=CARTESIAN_POINT('',(-1.120014755227E1,1.501125351787E1,1.496787235539E0));
#503=CARTESIAN_POINT('',(-1.080622759438E1,1.519850520092E1,1.521950084241E0));
#504=CARTESIAN_POINT('',(-1.043937172994E1,1.532186924713E1,1.555144666282E0));
#505=CARTESIAN_POINT('',(-1.010095035808E1,1.539682675997E1,1.592720950030E0));
#506=CARTESIAN_POINT('',(-9.789658076233E0,1.543523265518E1,1.632326391887E0));
#507=CARTESIAN_POINT('',(-9.593889575057E0,1.544203661239E1,1.659838708782E0));
#508=CARTESIAN_POINT('',(-9.499999999999E0,1.544155858815E1,1.673538211332E0));
#510=DIRECTION('',(7.786207921521E-13,-3.489959794101E-2,9.993908234838E-1));
#511=VECTOR('',#510,1.674558312932E0);
#512=CARTESIAN_POINT('',(-9.5E0,1.55E1,0.E0));
#513=LINE('',#512,#511);
#514=CARTESIAN_POINT('',(-9.499999999999E0,1.544155858815E1,1.673538211332E0));
#515=CARTESIAN_POINT('',(-9.253364838245E0,1.544013673943E1,1.714254631282E0));
#516=CARTESIAN_POINT('',(-8.736498174878E0,1.543737821677E1,1.793255501531E0));
#517=CARTESIAN_POINT('',(-7.869197044190E0,1.543354685712E1,1.902968426482E0));
#518=CARTESIAN_POINT('',(-6.971146583510E0,1.543036743278E1,1.994015993715E0));
#519=CARTESIAN_POINT('',(-6.081805505716E0,1.542788559589E1,2.065086298110E0));
#520=CARTESIAN_POINT('',(-5.206378620277E0,1.542599066056E1,2.119350201032E0));
#521=CARTESIAN_POINT('',(-4.346353993981E0,1.542457357922E1,2.159930086681E0));
#522=CARTESIAN_POINT('',(-3.494688419404E0,1.542353217431E1,2.189752025178E0));
#523=CARTESIAN_POINT('',(-2.662731204111E0,1.542280471205E1,2.210583817707E0));
#524=CARTESIAN_POINT('',(-1.873511608188E0,1.542233488638E1,2.224037864793E0));
#525=CARTESIAN_POINT('',(-1.149016669363E0,1.542206423673E1,2.231788256683E0));
#526=CARTESIAN_POINT('',(-5.077401239950E-1,1.542193993160E1,2.235347889895E0));
#527=CARTESIAN_POINT('',(-1.575704173572E-1,1.542192255332E1,2.235845538904E0));
#528=CARTESIAN_POINT('',(-1.743165010696E-14,1.542192255761E1,
2.235845415821E0));
#530=DIRECTION('',(-2.390726500832E-10,-3.490054352183E-2,9.993907904628E-1));
#531=VECTOR('',#530,1.674558313007E0);
#532=CARTESIAN_POINT('',(9.5E0,1.55E1,0.E0));
#533=LINE('',#532,#531);
#534=CARTESIAN_POINT('',(-1.743165010696E-14,1.542192255761E1,
2.235845415821E0));
#535=CARTESIAN_POINT('',(5.410937056458E-1,1.542192226129E1,2.235853901396E0));
#536=CARTESIAN_POINT('',(1.657885533191E0,1.542212108050E1,2.230160592993E0));
#537=CARTESIAN_POINT('',(3.511026776641E0,1.542335761287E1,2.194750358900E0));
#538=CARTESIAN_POINT('',(5.319747522198E0,1.542599117901E1,2.119337018313E0));
#539=CARTESIAN_POINT('',(6.883263447872E0,1.542990893289E1,2.007139300432E0));
#540=CARTESIAN_POINT('',(8.274108857978E0,1.543506601806E1,1.859489279097E0));
#541=CARTESIAN_POINT('',(9.107956301064E0,1.543929688419E1,1.738259539934E0));
#542=CARTESIAN_POINT('',(9.499999999600E0,1.544155700472E1,1.673538156112E0));
#544=CARTESIAN_POINT('',(-9.499999994022E0,1.504180242758E1,1.659578398361E0));
#545=DIRECTION('',(9.866293735832E-1,-5.687919842254E-3,1.628807132557E-1));
#546=DIRECTION('',(-8.526290784516E-9,9.993908252177E-1,3.489954828651E-2));
#547=AXIS2_PLACEMENT_3D('',#544,#545,#546);
#549=CARTESIAN_POINT('',(-1.574428708240E-8,1.502216620013E1,2.221886381211E0));
#550=DIRECTION('',(1.E0,2.775721353308E-9,-7.948626634050E-8));
#551=DIRECTION('',(-1.517870079146E-13,9.993908937222E-1,3.489758652288E-2));
#552=AXIS2_PLACEMENT_3D('',#549,#550,#551);
#554=CARTESIAN_POINT('',(9.500000098460E0,1.504179564609E1,1.659579862052E0));
#555=DIRECTION('',(9.866295122067E-1,5.687052756346E-3,-1.628799038361E-1));
#556=DIRECTION('',(1.455174383560E-7,9.993909757774E-1,3.489523656018E-2));
#557=AXIS2_PLACEMENT_3D('',#554,#555,#556);
#559=CARTESIAN_POINT('',(9.499999999600E0,1.544155700472E1,1.673538156112E0));
#560=CARTESIAN_POINT('',(9.723416164159E0,1.544268203948E1,1.640946336692E0));
#561=CARTESIAN_POINT('',(1.016583097056E1,1.540141537150E1,1.582301589285E0));
#562=CARTESIAN_POINT('',(1.079916485646E1,1.521475675780E1,1.519918031740E0));
#563=CARTESIAN_POINT('',(1.136162715508E1,1.492338328343E1,1.488638758397E0));
#564=CARTESIAN_POINT('',(1.181918913874E1,1.457094720574E1,1.486635747829E0));
#565=CARTESIAN_POINT('',(1.217312871286E1,1.419495879579E1,1.506134205976E0));
#566=CARTESIAN_POINT('',(1.243790839928E1,1.381870167984E1,1.539551740549E0));
#567=CARTESIAN_POINT('',(1.262927317809E1,1.345728905454E1,1.580768391910E0));
#568=CARTESIAN_POINT('',(1.276268992404E1,1.311809153917E1,1.625488451434E0));
#569=CARTESIAN_POINT('',(1.285115852762E1,1.280407949151E1,1.670915782990E0));
#570=CARTESIAN_POINT('',(1.290522036664E1,1.251457141255E1,1.715509935776E0));
#571=CARTESIAN_POINT('',(1.293290468386E1,1.224782844196E1,1.758426185369E0));
#572=CARTESIAN_POINT('',(1.293762371846E1,1.208039352037E1,1.786215996028E0));
#573=CARTESIAN_POINT('',(1.293715287645E1,1.2E1,1.799703420249E0));
#575=DIRECTION('',(-3.489954953749E-2,-1.805160069615E-13,9.993908251741E-1));
#576=VECTOR('',#575,1.800800422533E0);
#577=CARTESIAN_POINT('',(1.3E1,1.2E1,0.E0));
#578=LINE('',#577,#576);
#579=CARTESIAN_POINT('',(1.336126410127E0,-1.2968E1,2.692405538457E0));
#580=CARTESIAN_POINT('',(1.355672514421E0,-1.286110379120E1,2.689084360867E0));
#581=CARTESIAN_POINT('',(1.394845159567E0,-1.264687147199E1,2.680254840377E0));
#582=CARTESIAN_POINT('',(1.453841119535E0,-1.232422689996E1,2.660397236411E0));
#583=CARTESIAN_POINT('',(1.493337591425E0,-1.210822359606E1,2.642708352621E0));
#584=CARTESIAN_POINT('',(1.513126410127E0,-1.2E1,2.632741120849E0));
#586=CARTESIAN_POINT('',(2.073126410127E0,-1.2968E1,2.695154290589E0));
#587=CARTESIAN_POINT('',(1.991353628351E0,-1.2968E1,2.694826093291E0));
#588=CARTESIAN_POINT('',(1.827730555038E0,-1.2968E1,2.694173994438E0));
#589=CARTESIAN_POINT('',(1.582051239600E0,-1.2968E1,2.693242595862E0));
#590=CARTESIAN_POINT('',(1.418125889678E0,-1.2968E1,2.692673070276E0));
#591=CARTESIAN_POINT('',(1.336126410127E0,-1.2968E1,2.692405538457E0));
#593=CARTESIAN_POINT('',(2.250126410127E0,-1.2E1,2.643144684882E0));
#594=CARTESIAN_POINT('',(2.230261612197E0,-1.210863912088E1,2.652148425712E0));
#595=CARTESIAN_POINT('',(2.190663892673E0,-1.232519614065E1,2.667978256181E0));
#596=CARTESIAN_POINT('',(2.131678879276E0,-1.264778084669E1,2.685270347121E0));
#597=CARTESIAN_POINT('',(2.092601301268E0,-1.286149325071E1,2.692558520257E0));
#598=CARTESIAN_POINT('',(2.073126410127E0,-1.2968E1,2.695154290589E0));
#600=CARTESIAN_POINT('',(1.513126410127E0,-1.2E1,2.632741120849E0));
#601=CARTESIAN_POINT('',(1.595108351460E0,-1.2E1,2.633715650992E0));
#602=CARTESIAN_POINT('',(1.759010083158E0,-1.2E1,2.635798705692E0));
#603=CARTESIAN_POINT('',(2.004680124329E0,-1.2E1,2.639287736222E0));
#604=CARTESIAN_POINT('',(2.168331885805E0,-1.2E1,2.641828434963E0));
#605=CARTESIAN_POINT('',(2.250126410127E0,-1.2E1,2.643144684882E0));
#607=CARTESIAN_POINT('',(2.419126410127E0,-1.2968E1,2.696539168711E0));
#608=CARTESIAN_POINT('',(2.442276597349E0,-1.285815009201E1,2.694310281408E0));
#609=CARTESIAN_POINT('',(2.488258449164E0,-1.263996169712E1,2.687746673125E0));
#610=CARTESIAN_POINT('',(2.556627208636E0,-1.231554523060E1,2.671776092798E0));
#611=CARTESIAN_POINT('',(2.601103880755E0,-1.210449906094E1,2.657455480126E0));
#612=CARTESIAN_POINT('',(2.623126410127E0,-1.2E1,2.649439241703E0));
#614=CARTESIAN_POINT('',(3.105126410127E0,-1.2968E1,2.698927906720E0));
#615=CARTESIAN_POINT('',(3.029030287464E0,-1.2968E1,2.698716035660E0));
#616=CARTESIAN_POINT('',(2.876754033558E0,-1.2968E1,2.698244031730E0));
#617=CARTESIAN_POINT('',(2.648089284856E0,-1.2968E1,2.697429629421E0));
#618=CARTESIAN_POINT('',(2.495475607370E0,-1.2968E1,2.696839981784E0));
#619=CARTESIAN_POINT('',(2.419126410127E0,-1.2968E1,2.696539168711E0));
#621=CARTESIAN_POINT('',(3.196126410127E0,-1.253619607843E1,2.688909870113E0));
#622=CARTESIAN_POINT('',(3.186158321649E0,-1.258349563552E1,2.690578561705E0));
#623=CARTESIAN_POINT('',(3.166126886181E0,-1.267854676069E1,2.693558936240E0));
#624=CARTESIAN_POINT('',(3.135793501238E0,-1.282248164610E1,2.696918598862E0));
#625=CARTESIAN_POINT('',(3.115380574239E0,-1.291934298598E1,2.698390676035E0));
#626=CARTESIAN_POINT('',(3.105126410127E0,-1.2968E1,2.698927906720E0));
#628=CARTESIAN_POINT('',(3.936126410127E0,-1.2968E1,2.699951128952E0));
#629=CARTESIAN_POINT('',(3.851973573425E0,-1.291889523662E1,2.700133465544E0));
#630=CARTESIAN_POINT('',(3.684957137246E0,-1.282143800404E1,2.699472158719E0));
#631=CARTESIAN_POINT('',(3.438478149568E0,-1.267761287774E1,2.695669991181E0));
#632=CARTESIAN_POINT('',(3.276501061380E0,-1.258309619952E1,2.691422396822E0));
#633=CARTESIAN_POINT('',(3.196126410127E0,-1.253619607843E1,2.688909870113E0));
#635=CARTESIAN_POINT('',(4.801126410127E0,-1.2968E1,2.696706474548E0));
#636=CARTESIAN_POINT('',(4.705161608061E0,-1.2968E1,2.697404803498E0));
#637=CARTESIAN_POINT('',(4.513134770622E0,-1.2968E1,2.698543201478E0));
#638=CARTESIAN_POINT('',(4.224846827717E0,-1.2968E1,2.699575954931E0));
#639=CARTESIAN_POINT('',(4.032403628504E0,-1.2968E1,2.699879748543E0));
#640=CARTESIAN_POINT('',(3.936126410127E0,-1.2968E1,2.699951128952E0));
#642=CARTESIAN_POINT('',(3.885126410127E0,-1.2473E1,2.693253307502E0));
#643=CARTESIAN_POINT('',(3.984090494582E0,-1.252647949979E1,2.695668255229E0));
#644=CARTESIAN_POINT('',(4.183888071242E0,-1.263444871425E1,2.699288183397E0));
#645=CARTESIAN_POINT('',(4.488885087018E0,-1.279926697059E1,2.700665322111E0));
#646=CARTESIAN_POINT('',(4.696387204008E0,-1.291139966482E1,2.698581146311E0));
#647=CARTESIAN_POINT('',(4.801126410127E0,-1.2968E1,2.696706474548E0));
#649=CARTESIAN_POINT('',(4.922126410127E0,-1.2E1,2.690144491950E0));
#650=CARTESIAN_POINT('',(4.806749728442E0,-1.205262600814E1,2.690322370625E0));
#651=CARTESIAN_POINT('',(4.576098606312E0,-1.215783138978E1,2.690808540380E0));
#652=CARTESIAN_POINT('',(4.230367085324E0,-1.231552763803E1,2.691881355479E0));
#653=CARTESIAN_POINT('',(4.000165781907E0,-1.242052784682E1,2.692776667767E0));
#654=CARTESIAN_POINT('',(3.885126410127E0,-1.2473E1,2.693253307502E0));
#656=CARTESIAN_POINT('',(4.117126410127E0,-1.2E1,2.677169900417E0));
#657=CARTESIAN_POINT('',(4.206595008167E0,-1.2E1,2.678773654664E0));
#658=CARTESIAN_POINT('',(4.385514866603E0,-1.2E1,2.681905071876E0));
#659=CARTESIAN_POINT('',(4.653790376354E0,-1.2E1,2.686277837893E0));
#660=CARTESIAN_POINT('',(4.832680323421E0,-1.2E1,2.688913404788E0));
#661=CARTESIAN_POINT('',(4.922126410127E0,-1.2E1,2.690144491950E0));
#663=CARTESIAN_POINT('',(3.216126410127E0,-1.244129411765E1,2.685311931969E0));
#664=CARTESIAN_POINT('',(3.316043126488E0,-1.239235664907E1,2.684321105414E0));
#665=CARTESIAN_POINT('',(3.516005997896E0,-1.229441831511E1,2.682360881184E0));
#666=CARTESIAN_POINT('',(3.816349992003E0,-1.214731505443E1,2.679596904947E0));
#667=CARTESIAN_POINT('',(4.016825378519E0,-1.204912569949E1,2.677938599515E0));
#668=CARTESIAN_POINT('',(4.117126410127E0,-1.2E1,2.677169900417E0));
#670=CARTESIAN_POINT('',(3.309126410127E0,-1.2E1,2.662073132399E0));
#671=CARTESIAN_POINT('',(3.298951890424E0,-1.204827909349E1,2.665196403798E0));
#672=CARTESIAN_POINT('',(3.278497165010E0,-1.214533877095E1,2.671096945735E0));
#673=CARTESIAN_POINT('',(3.247497460558E0,-1.229243540776E1,2.678865667815E0));
#674=CARTESIAN_POINT('',(3.226618820336E0,-1.239150660254E1,2.683293489459E0));
#675=CARTESIAN_POINT('',(3.216126410127E0,-1.244129411765E1,2.685311931969E0));
#677=CARTESIAN_POINT('',(2.623126410127E0,-1.2E1,2.649439241703E0));
#678=CARTESIAN_POINT('',(2.699434222051E0,-1.2E1,2.650780608270E0));
#679=CARTESIAN_POINT('',(2.851992364741E0,-1.2E1,2.653520480380E0));
#680=CARTESIAN_POINT('',(3.080646075564E0,-1.2E1,2.657755673241E0));
#681=CARTESIAN_POINT('',(3.232983847395E0,-1.2E1,2.660630976348E0));
#682=CARTESIAN_POINT('',(3.309126410127E0,-1.2E1,2.662073132399E0));
#684=CARTESIAN_POINT('',(9.5E0,-9.E0,2.693902403241E0));
#685=CARTESIAN_POINT('',(9.677103857614E0,-9.E0,2.697569458833E0));
#686=CARTESIAN_POINT('',(1.002468634267E1,-9.031649930790E0,2.702073526643E0));
#687=CARTESIAN_POINT('',(1.050608332385E1,-9.159604332600E0,2.696332516503E0));
#688=CARTESIAN_POINT('',(1.095352390478E1,-9.360269482985E0,2.675936428353E0));
#689=CARTESIAN_POINT('',(1.137376897910E1,-9.638122681512E0,2.638085007518E0));
#690=CARTESIAN_POINT('',(1.177016142955E1,-1.001104016184E1,2.577987320916E0));
#691=CARTESIAN_POINT('',(1.211655008315E1,-1.049278897886E1,2.491494707706E0));
#692=CARTESIAN_POINT('',(1.235777068256E1,-1.102764078196E1,2.390082247390E0));
#693=CARTESIAN_POINT('',(1.248984521055E1,-1.158938153255E1,2.282688221565E0));
#694=CARTESIAN_POINT('',(1.251392410143E1,-1.215460098217E1,2.177885748347E0));
#695=CARTESIAN_POINT('',(1.243043808004E1,-1.272181335470E1,2.080420693857E0));
#696=CARTESIAN_POINT('',(1.224285572451E1,-1.325941448367E1,2.000019440556E0));
#697=CARTESIAN_POINT('',(1.195247859474E1,-1.375954308329E1,1.941827787359E0));
#698=CARTESIAN_POINT('',(1.157504918040E1,-1.419178413656E1,1.912376805219E0));
#699=CARTESIAN_POINT('',(1.112081001124E1,-1.454607298220E1,1.913560875280E0));
#700=CARTESIAN_POINT('',(1.061234128444E1,-1.480545566048E1,1.945107569678E0));
#701=CARTESIAN_POINT('',(1.006510380759E1,-1.496450029421E1,2.004028670244E0));
#702=CARTESIAN_POINT('',(9.688312932608E0,-1.5E1,2.058166799624E0));
#703=CARTESIAN_POINT('',(9.5E0,-1.5E1,2.087868822686E0));
#705=CARTESIAN_POINT('',(9.5E0,-1.5E1,2.087868822686E0));
#706=CARTESIAN_POINT('',(9.292867407354E0,-1.5E1,2.120539213181E0));
#707=CARTESIAN_POINT('',(8.879332366273E0,-1.495676953123E1,2.192189663171E0));
#708=CARTESIAN_POINT('',(8.288662108490E0,-1.476810556825E1,2.307950781601E0));
#709=CARTESIAN_POINT('',(7.742493263332E0,-1.445779315499E1,2.423478697765E0));
#710=CARTESIAN_POINT('',(7.276115834946E0,-1.404580847252E1,2.526178703357E0));
#711=CARTESIAN_POINT('',(6.898400592532E0,-1.353741473246E1,2.610132169578E0));
#712=CARTESIAN_POINT('',(6.641593124575E0,-1.297516634197E1,2.666360464098E0));
#713=CARTESIAN_POINT('',(6.509883664116E0,-1.240466646169E1,2.694904072110E0));
#714=CARTESIAN_POINT('',(6.490010936053E0,-1.188239586112E1,2.701792906736E0));
#715=CARTESIAN_POINT('',(6.540829726827E0,-1.144354341631E1,2.697551041034E0));
#716=CARTESIAN_POINT('',(6.662142090027E0,-1.098821556828E1,2.686283653959E0));
#717=CARTESIAN_POINT('',(6.860492996396E0,-1.054605291881E1,2.671396332184E0));
#718=CARTESIAN_POINT('',(7.134407221245E0,-1.013413907982E1,2.658081376585E0));
#719=CARTESIAN_POINT('',(7.443241772862E0,-9.802849978400E0,2.651296380816E0));
#720=CARTESIAN_POINT('',(7.739908846269E0,-9.562082053732E0,2.650829448120E0));
#721=CARTESIAN_POINT('',(8.021048748271E0,-9.383566684889E0,2.654291192306E0));
#722=CARTESIAN_POINT('',(8.294052559918E0,-9.247570782411E0,2.660231048227E0));
#723=CARTESIAN_POINT('',(8.578285485001E0,-9.139572543712E0,2.668127569355E0));
#724=CARTESIAN_POINT('',(8.879739859732E0,-9.059200839022E0,2.677367789020E0));
#725=CARTESIAN_POINT('',(9.190839562143E0,-9.010512983266E0,2.686625071022E0));
#726=CARTESIAN_POINT('',(9.397203934069E0,-9.E0,2.691773940918E0));
#727=CARTESIAN_POINT('',(9.5E0,-9.E0,2.693902403241E0));
#729=CARTESIAN_POINT('',(-6.160913399461E-12,1.506348834867E1,
2.619745707540E0));
#730=CARTESIAN_POINT('',(5.476412299455E-1,1.506348767195E1,2.619750097942E0));
#731=CARTESIAN_POINT('',(1.658446819367E0,1.506509486030E1,2.613921970607E0));
#732=CARTESIAN_POINT('',(3.522386271264E0,1.507391900985E1,2.577547686918E0));
#733=CARTESIAN_POINT('',(5.340576900973E0,1.508846072910E1,2.500078355876E0));
#734=CARTESIAN_POINT('',(6.916949077034E0,1.510511088206E1,2.384793072759E0));
#735=CARTESIAN_POINT('',(8.321235217495E0,1.512276260255E1,2.233172373153E0));
#736=CARTESIAN_POINT('',(9.166127109632E0,1.513488430172E1,2.108438018224E0));
#737=CARTESIAN_POINT('',(9.562567478525E0,1.514086849533E1,2.042032522520E0));
#739=CARTESIAN_POINT('',(9.562567478525E0,1.514086849533E1,2.042032522520E0));
#740=CARTESIAN_POINT('',(9.763690810735E0,1.514387894591E1,2.008349537351E0));
#741=CARTESIAN_POINT('',(1.015689673400E1,1.511067913458E1,1.948508427042E0));
#742=CARTESIAN_POINT('',(1.072418676430E1,1.494785367772E1,1.884196964052E0));
#743=CARTESIAN_POINT('',(1.122603138925E1,1.468996018966E1,1.852083169701E0));
#744=CARTESIAN_POINT('',(1.163374717086E1,1.437616846492E1,1.850002395351E0));
#745=CARTESIAN_POINT('',(1.194817403658E1,1.404041040068E1,1.870037696859E0));
#746=CARTESIAN_POINT('',(1.218254636511E1,1.370381794440E1,1.904372912954E0));
#747=CARTESIAN_POINT('',(1.235106918214E1,1.338013334274E1,1.946723100587E0));
#748=CARTESIAN_POINT('',(1.246770170406E1,1.307610209249E1,1.992671641592E0));
#749=CARTESIAN_POINT('',(1.254414863953E1,1.279446330009E1,2.039348575364E0));
#750=CARTESIAN_POINT('',(1.258987977366E1,1.253471458278E1,2.085161431005E0));
#751=CARTESIAN_POINT('',(1.261209929053E1,1.229514251152E1,2.129279268394E0));
#752=CARTESIAN_POINT('',(1.261465304351E1,1.214507738861E1,2.157775675287E0));
#753=CARTESIAN_POINT('',(1.261341520993E1,1.207276014757E1,2.171654327657E0));
#755=CARTESIAN_POINT('',(1.261341520993E1,1.207276014757E1,2.171654327657E0));
#756=CARTESIAN_POINT('',(1.260634339789E1,1.165969558266E1,2.250926273989E0));
#757=CARTESIAN_POINT('',(1.259335198098E1,1.086514124821E1,2.379692846904E0));
#758=CARTESIAN_POINT('',(1.257791393347E1,9.853081152557E0,2.502215516808E0));
#759=CARTESIAN_POINT('',(1.256226593619E1,8.756051822661E0,2.597817231015E0));
#760=CARTESIAN_POINT('',(1.254747245561E1,7.630121400272E0,2.658948032020E0));
#761=CARTESIAN_POINT('',(1.253414618741E1,6.517180306140E0,2.690916090661E0));
#762=CARTESIAN_POINT('',(1.252250667610E1,5.428854407276E0,2.701598247002E0));
#763=CARTESIAN_POINT('',(1.251274788963E1,4.375813400828E0,2.698916865864E0));
#764=CARTESIAN_POINT('',(1.250495458773E1,3.359522464721E0,2.689650362611E0));
#765=CARTESIAN_POINT('',(1.249917808185E1,2.385203214415E0,2.678975709234E0));
#766=CARTESIAN_POINT('',(1.249524884799E1,1.418176594120E0,2.669965858679E0));
#767=CARTESIAN_POINT('',(1.249326289611E1,4.372200498688E-1,2.664877387837E0));
#768=CARTESIAN_POINT('',(1.249338047605E1,-5.479681333387E-1,2.665189147281E0));
#769=CARTESIAN_POINT('',(1.249560826169E1,-1.530631384525E0,2.670848590591E0));
#770=CARTESIAN_POINT('',(1.249972196075E1,-2.489949206041E0,2.680104541130E0));
#771=CARTESIAN_POINT('',(1.250560259575E1,-3.452032833717E0,2.690622763688E0));
#772=CARTESIAN_POINT('',(1.251341056547E1,-4.452068883433E0,2.699365320628E0));
#773=CARTESIAN_POINT('',(1.252311289262E1,-5.488468745809E0,2.701356138545E0));
#774=CARTESIAN_POINT('',(1.253470475916E1,-6.565900992226E0,2.689951345148E0));
#775=CARTESIAN_POINT('',(1.254798820942E1,-7.670798213786E0,2.657207414483E0));
#776=CARTESIAN_POINT('',(1.256267889491E1,-8.785827784876E0,2.595600497307E0));
#777=CARTESIAN_POINT('',(1.257818196759E1,-9.871037732647E0,2.500253768542E0));
#778=CARTESIAN_POINT('',(1.259354844629E1,-1.087740467329E1,2.377861110945E0));
#779=CARTESIAN_POINT('',(1.260641769443E1,-1.166403622565E1,2.250093346092E0));
#780=CARTESIAN_POINT('',(1.261341521240E1,-1.207276014994E1,2.171654340217E0));
#782=CARTESIAN_POINT('',(1.261341521240E1,-1.207276014994E1,2.171654340217E0));
#783=CARTESIAN_POINT('',(1.261465334369E1,-1.214509697526E1,2.157771934100E0));
#784=CARTESIAN_POINT('',(1.261209666081E1,-1.229516994250E1,2.129274203561E0));
#785=CARTESIAN_POINT('',(1.258988555194E1,-1.253464317048E1,2.085174668604E0));
#786=CARTESIAN_POINT('',(1.254419582923E1,-1.279422520270E1,2.039390045284E0));
#787=CARTESIAN_POINT('',(1.246783775666E1,-1.307566207841E1,1.992742544922E0));
#788=CARTESIAN_POINT('',(1.235134599202E1,-1.337949853477E1,1.946814356292E0));
#789=CARTESIAN_POINT('',(1.218301586915E1,-1.370302754652E1,1.904467135855E0));
#790=CARTESIAN_POINT('',(1.194885314287E1,-1.403956259986E1,1.870108848039E0));
#791=CARTESIAN_POINT('',(1.163463255828E1,-1.437536297806E1,1.850026673670E0));
#792=CARTESIAN_POINT('',(1.122705823864E1,-1.468930877281E1,1.852045633521E0));
#793=CARTESIAN_POINT('',(1.072526704285E1,-1.494744475977E1,1.884095252740E0));
#794=CARTESIAN_POINT('',(1.015754616451E1,-1.511060013683E1,1.948413305432E0));
#795=CARTESIAN_POINT('',(9.763934306125E0,-1.514388209807E1,2.008308858794E0));
#796=CARTESIAN_POINT('',(9.562567476667E0,-1.514086849238E1,2.042032511162E0));
#798=CARTESIAN_POINT('',(9.562567476667E0,-1.514086849238E1,2.042032511162E0));
#799=CARTESIAN_POINT('',(9.204963566687E0,-1.513547053243E1,2.101932735912E0));
#800=CARTESIAN_POINT('',(8.472939028278E0,-1.512491674008E1,2.211397472029E0));
#801=CARTESIAN_POINT('',(7.282252241434E0,-1.510959483058E1,2.347531298991E0));
#802=CARTESIAN_POINT('',(6.132580569264E0,-1.509669228843E1,2.444108304338E0));
#803=CARTESIAN_POINT('',(5.077737142978E0,-1.508655757229E1,2.508673201135E0));
#804=CARTESIAN_POINT('',(4.177965664319E0,-1.507926219984E1,2.549095028594E0));
#805=CARTESIAN_POINT('',(3.374903578893E0,-1.507383670838E1,2.576002360858E0));
#806=CARTESIAN_POINT('',(2.661763596834E0,-1.506993754865E1,2.593625855775E0));
#807=CARTESIAN_POINT('',(2.024714221201E0,-1.506720518614E1,2.605153364243E0));
#808=CARTESIAN_POINT('',(1.452151907744E0,-1.506537185750E1,2.612505425045E0));
#809=CARTESIAN_POINT('',(9.313495525777E-1,-1.506422537922E1,2.616950167346E0));
#810=CARTESIAN_POINT('',(4.517720699922E-1,-1.506361201769E1,2.619279891832E0));
#811=CARTESIAN_POINT('',(1.474996685797E-1,-1.506348832188E1,2.619745563939E0));
#812=CARTESIAN_POINT('',(-2.209022221543E-14,-1.506348832897E1,
2.619745517848E0));
#814=CARTESIAN_POINT('',(2.761264101271E-1,-1.2968E1,2.690169559545E0));
#815=CARTESIAN_POINT('',(2.453203027697E-1,-1.294720191808E1,2.689392633058E0));
#816=CARTESIAN_POINT('',(1.837918394467E-1,-1.290566229720E1,2.687756414568E0));
#817=CARTESIAN_POINT('',(9.175776369775E-2,-1.284352746710E1,2.685065735615E0));
#818=CARTESIAN_POINT('',(3.055891090089E-2,-1.280221037568E1,2.683120866843E0));
#819=CARTESIAN_POINT('',(2.016738989355E-13,-1.278157918314E1,
2.682112407626E0));
#821=CARTESIAN_POINT('',(1.110126410127E0,-1.2968E1,2.691714965172E0));
#822=CARTESIAN_POINT('',(1.017532576041E0,-1.2968E1,2.691452366515E0));
#823=CARTESIAN_POINT('',(8.322960057483E-1,-1.2968E1,2.690979953837E0));
#824=CARTESIAN_POINT('',(5.542644919818E-1,-1.2968E1,2.690455446196E0));
#825=CARTESIAN_POINT('',(3.688520985923E-1,-1.2968E1,2.690241059536E0));
#826=CARTESIAN_POINT('',(2.761264101271E-1,-1.2968E1,2.690169559545E0));
#828=CARTESIAN_POINT('',(3.811264101271E-1,-1.2547E1,2.669176455829E0));
#829=CARTESIAN_POINT('',(4.614459044557E-1,-1.259338478342E1,2.672309877595E0));
#830=CARTESIAN_POINT('',(6.225355422019E-1,-1.268641460165E1,2.678210380251E0));
#831=CARTESIAN_POINT('',(8.654052862366E-1,-1.282667271172E1,2.685800422333E0));
#832=CARTESIAN_POINT('',(1.028387734077E0,-1.292079563427E1,2.689919308980E0));
#833=CARTESIAN_POINT('',(1.110126410127E0,-1.2968E1,2.691714965172E0));
#835=CARTESIAN_POINT('',(1.084126410127E0,-1.2302E1,2.654750537712E0));
#836=CARTESIAN_POINT('',(1.084126410127E0,-1.233548543073E1,2.657347325070E0));
#837=CARTESIAN_POINT('',(1.071305768898E0,-1.239404901639E1,2.661581252711E0));
#838=CARTESIAN_POINT('',(1.008538264917E0,-1.245767154004E1,2.665600897742E0));
#839=CARTESIAN_POINT('',(9.304794869485E-1,-1.249292001109E1,2.667530634882E0));
#840=CARTESIAN_POINT('',(8.404863892713E-1,-1.251654192898E1,2.668650874383E0));
#841=CARTESIAN_POINT('',(7.401752121479E-1,-1.253166731652E1,2.669213320736E0));
#842=CARTESIAN_POINT('',(6.296163578089E-1,-1.254110413725E1,2.669428600881E0));
#843=CARTESIAN_POINT('',(5.101126149351E-1,-1.254604609038E1,2.669395823589E0));
#844=CARTESIAN_POINT('',(4.250405495568E-1,-1.2547E1,2.669262063768E0));
#845=CARTESIAN_POINT('',(3.811264101271E-1,-1.2547E1,2.669176455829E0));
#847=CARTESIAN_POINT('',(0.E0,-1.200022043014E1,2.623429403717E0));
#848=CARTESIAN_POINT('',(5.830963175992E-2,-1.200057151597E1,2.623465014486E0));
#849=CARTESIAN_POINT('',(1.705462184297E-1,-1.200212356764E1,2.623708731720E0));
#850=CARTESIAN_POINT('',(3.255934630274E-1,-1.200725525224E1,2.624556667927E0));
#851=CARTESIAN_POINT('',(4.684485779062E-1,-1.201558211178E1,2.625870026064E0));
#852=CARTESIAN_POINT('',(5.998724644741E-1,-1.202769963053E1,2.627655474502E0));
#853=CARTESIAN_POINT('',(7.207138275590E-1,-1.204462451803E1,2.629961772945E0));
#854=CARTESIAN_POINT('',(8.301892969044E-1,-1.206776017949E1,2.632860713803E0));
#855=CARTESIAN_POINT('',(9.265797704044E-1,-1.209938790549E1,2.636479349670E0));
#856=CARTESIAN_POINT('',(1.008728270177E0,-1.214320173941E1,2.641055249606E0));
#857=CARTESIAN_POINT('',(1.070443206910E0,-1.221049207903E1,2.647346177556E0));
#858=CARTESIAN_POINT('',(1.084126410127E0,-1.226905504296E1,2.652195663962E0));
#859=CARTESIAN_POINT('',(1.084126410127E0,-1.2302E1,2.654750537712E0));
#861=DIRECTION('',(0.E0,0.E0,1.E0));
#862=VECTOR('',#861,2.008888925448E-1);
#863=CARTESIAN_POINT('',(1.513126410127E0,-1.2E1,2.632741120849E0));
#864=LINE('',#863,#862);
#865=DIRECTION('',(0.E0,1.769712574050E-14,1.E0));
#866=VECTOR('',#865,2.007508863809E-1);
#867=CARTESIAN_POINT('',(2.250126410127E0,-1.2E1,2.643144684882E0));
#868=LINE('',#867,#866);
#869=DIRECTION('',(0.E0,0.E0,1.E0));
#870=VECTOR('',#869,2.000637795332E-1);
#871=CARTESIAN_POINT('',(2.073126410127E0,-1.2968E1,2.695154290589E0));
#872=LINE('',#871,#870);
#873=DIRECTION('',(0.E0,0.E0,1.E0));
#874=VECTOR('',#873,2.000999767487E-1);
#875=CARTESIAN_POINT('',(1.336126410127E0,-1.2968E1,2.692405538457E0));
#876=LINE('',#875,#874);
#877=CARTESIAN_POINT('',(0.E0,-1.200022043014E1,2.824441978722E0));
#878=CARTESIAN_POINT('',(5.829824514540E-2,-1.200057144741E1,2.824477109342E0));
#879=CARTESIAN_POINT('',(1.705155409590E-1,-1.200212303449E1,2.824717507474E0));
#880=CARTESIAN_POINT('',(3.255452125728E-1,-1.200725323615E1,2.825553936154E0));
#881=CARTESIAN_POINT('',(4.683911211720E-1,-1.201557801021E1,2.826849545150E0));
#882=CARTESIAN_POINT('',(5.998122082776E-1,-1.202769282864E1,2.828610943010E0));
#883=CARTESIAN_POINT('',(7.206553381652E-1,-1.204461474269E1,2.830886291569E0));
#884=CARTESIAN_POINT('',(8.301345254675E-1,-1.206774535551E1,2.833746276528E0));
#885=CARTESIAN_POINT('',(9.265472606494E-1,-1.209937457618E1,2.837317177139E0));
#886=CARTESIAN_POINT('',(1.008709725975E0,-1.214318352571E1,2.841832126658E0));
#887=CARTESIAN_POINT('',(1.070453898729E0,-1.221050491863E1,2.848042540121E0));
#888=CARTESIAN_POINT('',(1.084126410127E0,-1.226906120394E1,2.852827105515E0));
#889=CARTESIAN_POINT('',(1.084126410127E0,-1.2302E1,2.855347691333E0));
#891=CARTESIAN_POINT('',(1.084126410127E0,-1.2302E1,2.855347691333E0));
#892=CARTESIAN_POINT('',(1.084126410127E0,-1.233547294410E1,2.857909151930E0));
#893=CARTESIAN_POINT('',(1.071323628494E0,-1.239402049282E1,2.862086148111E0));
#894=CARTESIAN_POINT('',(1.008534553775E0,-1.245767949669E1,2.866055067434E0));
#895=CARTESIAN_POINT('',(9.304649307719E-1,-1.249292464613E1,2.867958991802E0));
#896=CARTESIAN_POINT('',(8.404536769378E-1,-1.251654900608E1,2.869064520575E0));
#897=CARTESIAN_POINT('',(7.401388730958E-1,-1.253167121471E1,2.869619335390E0));
#898=CARTESIAN_POINT('',(6.295854173378E-1,-1.254110587649E1,2.869831675172E0));
#899=CARTESIAN_POINT('',(5.100944533651E-1,-1.254604636380E1,2.869799290950E0));
#900=CARTESIAN_POINT('',(4.250338953054E-1,-1.2547E1,2.869667311619E0));
#901=CARTESIAN_POINT('',(3.811264101271E-1,-1.2547E1,2.869582847453E0));
#903=CARTESIAN_POINT('',(3.811264101271E-1,-1.2547E1,2.869582847453E0));
#904=CARTESIAN_POINT('',(4.614431412481E-1,-1.259338318766E1,2.872674766997E0));
#905=CARTESIAN_POINT('',(6.225291190910E-1,-1.268641089228E1,2.878497252778E0));
#906=CARTESIAN_POINT('',(8.653976914493E-1,-1.282666832570E1,2.885987210793E0));
#907=CARTESIAN_POINT('',(1.028384483302E0,-1.292079375694E1,2.890051963847E0));
#908=CARTESIAN_POINT('',(1.110126410127E0,-1.2968E1,2.891824037849E0));
#910=CARTESIAN_POINT('',(1.110126410127E0,-1.2968E1,2.891824037849E0));
#911=CARTESIAN_POINT('',(1.017532880653E0,-1.2968E1,2.891564899035E0));
#912=CARTESIAN_POINT('',(8.322967145247E-1,-1.2968E1,2.891098710163E0));
#913=CARTESIAN_POINT('',(5.542650791203E-1,-1.2968E1,2.890581111575E0));
#914=CARTESIAN_POINT('',(3.688523495657E-1,-1.2968E1,2.890369548786E0));
#915=CARTESIAN_POINT('',(2.761264101271E-1,-1.2968E1,2.890298990603E0));
#917=CARTESIAN_POINT('',(2.761264101271E-1,-1.2968E1,2.890298990603E0));
#918=CARTESIAN_POINT('',(2.453197231346E-1,-1.294720152675E1,2.889532285555E0));
#919=CARTESIAN_POINT('',(1.837904863064E-1,-1.290566138365E1,2.887917604647E0));
#920=CARTESIAN_POINT('',(9.175648317560E-2,-1.284352660258E1,2.885262389736E0));
#921=CARTESIAN_POINT('',(3.055836165596E-2,-1.280221000487E1,2.883343187211E0));
#922=CARTESIAN_POINT('',(0.E0,-1.278157918314E1,2.882348046160E0));
#924=CARTESIAN_POINT('',(0.E0,-1.246385210392E1,2.863686204349E0));
#925=CARTESIAN_POINT('',(2.744152364960E-2,-1.246270774702E1,2.863606959731E0));
#926=CARTESIAN_POINT('',(8.038701643430E-2,-1.245984396410E1,2.863420921556E0));
#927=CARTESIAN_POINT('',(1.543160887725E-1,-1.245301219574E1,2.862994441146E0));
#928=CARTESIAN_POINT('',(2.214670967377E-1,-1.244225774787E1,2.862312378991E0));
#929=CARTESIAN_POINT('',(2.805282755382E-1,-1.242531568741E1,2.861196556239E0));
#930=CARTESIAN_POINT('',(3.306806566777E-1,-1.239514274106E1,2.859111671473E0));
#931=CARTESIAN_POINT('',(3.483695432562E-1,-1.235978991091E1,2.856508956521E0));
#932=CARTESIAN_POINT('',(3.521264101271E-1,-1.233848366013E1,2.854872433329E0));
#934=CARTESIAN_POINT('',(3.521264101271E-1,-1.233848366013E1,2.854872433329E0));
#935=CARTESIAN_POINT('',(3.554488172841E-1,-1.231964135282E1,2.853425164488E0));
#936=CARTESIAN_POINT('',(3.527446171828E-1,-1.228729750132E1,2.850852917249E0));
#937=CARTESIAN_POINT('',(3.180291918577E-1,-1.225588745551E1,2.848196721216E0));
#938=CARTESIAN_POINT('',(2.771708320071E-1,-1.224056834375E1,2.846833591010E0));
#939=CARTESIAN_POINT('',(2.312462989996E-1,-1.222996675090E1,2.845859235583E0));
#940=CARTESIAN_POINT('',(1.803066019272E-1,-1.222274522480E1,2.845172220573E0));
#941=CARTESIAN_POINT('',(1.245598418930E-1,-1.221756748655E1,2.844670105621E0));
#942=CARTESIAN_POINT('',(6.449301236234E-2,-1.221393830032E1,2.844318562842E0));
#943=CARTESIAN_POINT('',(2.193821323477E-2,-1.221228810518E1,2.844166599972E0));
#944=CARTESIAN_POINT('',(0.E0,-1.221161037353E1,2.844108319261E0));
#946=CARTESIAN_POINT('',(1.336126410127E0,-1.2968E1,2.892505515206E0));
#947=CARTESIAN_POINT('',(1.355671466475E0,-1.286110952235E1,2.889228256450E0));
#948=CARTESIAN_POINT('',(1.394842705467E0,-1.264688489328E1,2.880515531489E0));
#949=CARTESIAN_POINT('',(1.453838131034E0,-1.232424324386E1,2.860920713207E0));
#950=CARTESIAN_POINT('',(1.493336304498E0,-1.210823063417E1,2.843465576376E0));
#951=CARTESIAN_POINT('',(1.513126410127E0,-1.2E1,2.833630013394E0));
#953=CARTESIAN_POINT('',(1.513126410127E0,-1.2E1,2.833630013394E0));
#954=CARTESIAN_POINT('',(1.595109910072E0,-1.2E1,2.834591625578E0));
#955=CARTESIAN_POINT('',(1.759013725358E0,-1.2E1,2.836647063461E0));
#956=CARTESIAN_POINT('',(2.004683883904E0,-1.2E1,2.840089816187E0));
#957=CARTESIAN_POINT('',(2.168333500295E0,-1.2E1,2.842596795485E0));
#958=CARTESIAN_POINT('',(2.250126410127E0,-1.2E1,2.843895571263E0));
#960=CARTESIAN_POINT('',(2.250126410127E0,-1.2E1,2.843895571263E0));
#961=CARTESIAN_POINT('',(2.230260425739E0,-1.210864560953E1,2.852780487114E0));
#962=CARTESIAN_POINT('',(2.190661140518E0,-1.232521119199E1,2.868401327188E0));
#963=CARTESIAN_POINT('',(2.131676675511E0,-1.264779289892E1,2.885464764008E0));
#964=CARTESIAN_POINT('',(2.092600360824E0,-1.286149839393E1,2.892656600006E0));
#965=CARTESIAN_POINT('',(2.073126410127E0,-1.2968E1,2.895218070122E0));
#967=CARTESIAN_POINT('',(2.073126410127E0,-1.2968E1,2.895218070122E0));
#968=CARTESIAN_POINT('',(1.991353983151E0,-1.2968E1,2.894894195352E0));
#969=CARTESIAN_POINT('',(1.827731381920E0,-1.2968E1,2.894250684561E0));
#970=CARTESIAN_POINT('',(1.582052078261E0,-1.2968E1,2.893331551118E0));
#971=CARTESIAN_POINT('',(1.418126248827E0,-1.2968E1,2.892769524529E0));
#972=CARTESIAN_POINT('',(1.336126410127E0,-1.2968E1,2.892505515206E0));
#974=CARTESIAN_POINT('',(2.419126410127E0,-1.2968E1,2.896584716267E0));
#975=CARTESIAN_POINT('',(2.442417664503E0,-1.285748071453E1,2.894371766621E0));
#976=CARTESIAN_POINT('',(2.488584721591E0,-1.263841350247E1,2.887846074595E0));
#977=CARTESIAN_POINT('',(2.556716676857E0,-1.231512069513E1,2.872117082131E0));
#978=CARTESIAN_POINT('',(2.601141063836E0,-1.210432262358E1,2.858003426089E0));
#979=CARTESIAN_POINT('',(2.623126410127E0,-1.2E1,2.850106720462E0));
#981=CARTESIAN_POINT('',(2.623126410127E0,-1.2E1,2.850106720462E0));
#982=CARTESIAN_POINT('',(2.699435638434E0,-1.2E1,2.851430344814E0));
#983=CARTESIAN_POINT('',(2.851995675528E0,-1.2E1,2.854133970862E0));
#984=CARTESIAN_POINT('',(3.080649285173E0,-1.2E1,2.858313112766E0));
#985=CARTESIAN_POINT('',(3.232985225908E0,-1.2E1,2.861150350057E0));
#986=CARTESIAN_POINT('',(3.309126410127E0,-1.2E1,2.862573410185E0));
#988=CARTESIAN_POINT('',(3.309126410127E0,-1.2E1,2.862573410185E0));
#989=CARTESIAN_POINT('',(3.298951796490E0,-1.204827953922E1,2.865655409873E0));
#990=CARTESIAN_POINT('',(3.278496941302E0,-1.214533983247E1,2.871478009481E0));
#991=CARTESIAN_POINT('',(3.247497257115E0,-1.229243637312E1,2.879144166024E0));
#992=CARTESIAN_POINT('',(3.226618731866E0,-1.239150702234E1,2.883513565527E0));
#993=CARTESIAN_POINT('',(3.216126410127E0,-1.244129411765E1,2.885505381725E0));
#995=CARTESIAN_POINT('',(3.216126410127E0,-1.244129411765E1,2.885505381725E0));
#996=CARTESIAN_POINT('',(3.316041810352E0,-1.239235729369E1,2.884527630308E0));
#997=CARTESIAN_POINT('',(3.516002934E0,-1.229441981575E1,2.882593269583E0));
#998=CARTESIAN_POINT('',(3.816346901362E0,-1.214731656818E1,2.879865749628E0));
#999=CARTESIAN_POINT('',(4.016824055928E0,-1.204912634727E1,2.878229309737E0));
#1000=CARTESIAN_POINT('',(4.117126410127E0,-1.2E1,2.877470745350E0));
#1002=CARTESIAN_POINT('',(4.117126410127E0,-1.2E1,2.877470745350E0));
#1003=CARTESIAN_POINT('',(4.206595348590E0,-1.2E1,2.879053340476E0));
#1004=CARTESIAN_POINT('',(4.385515668751E0,-1.2E1,2.882143452373E0));
#1005=CARTESIAN_POINT('',(4.653790597788E0,-1.2E1,2.886458552866E0));
#1006=CARTESIAN_POINT('',(4.832680420500E0,-1.2E1,2.889059386829E0));
#1007=CARTESIAN_POINT('',(4.922126410127E0,-1.2E1,2.890274253269E0));
#1009=CARTESIAN_POINT('',(4.922126410127E0,-1.2E1,2.890274253269E0));
#1010=CARTESIAN_POINT('',(4.806749110691E0,-1.205262628991E1,2.890449789358E0));
#1011=CARTESIAN_POINT('',(4.576097161967E0,-1.215783204858E1,2.890929556616E0));
#1012=CARTESIAN_POINT('',(4.230365450731E0,-1.231552838360E1,2.891988241901E0));
#1013=CARTESIAN_POINT('',(4.000165079304E0,-1.242052816729E1,2.892871759180E0));
#1014=CARTESIAN_POINT('',(3.885126410127E0,-1.2473E1,2.893342118932E0));
#1016=CARTESIAN_POINT('',(3.885126410127E0,-1.2473E1,2.893342118932E0));
#1017=CARTESIAN_POINT('',(3.984075468728E0,-1.252647137992E1,2.895724901155E0));
#1018=CARTESIAN_POINT('',(4.183853028897E0,-1.263442977761E1,2.899297072107E0));
#1019=CARTESIAN_POINT('',(4.488846659072E0,-1.279924620440E1,2.900656735142E0));
#1020=CARTESIAN_POINT('',(4.696370698908E0,-1.291139074558E1,2.898600105673E0));
#1021=CARTESIAN_POINT('',(4.801126410127E0,-1.2968E1,2.896749819740E0));
#1023=CARTESIAN_POINT('',(4.801126410127E0,-1.2968E1,2.896749819740E0));
#1024=CARTESIAN_POINT('',(4.705159520322E0,-1.2968E1,2.897438971186E0));
#1025=CARTESIAN_POINT('',(4.513129912578E0,-1.2968E1,2.898562394877E0));
#1026=CARTESIAN_POINT('',(4.224842613626E0,-1.2968E1,2.899581543389E0));
#1027=CARTESIAN_POINT('',(4.032401826044E0,-1.2968E1,2.899881332125E0));
#1028=CARTESIAN_POINT('',(3.936126410127E0,-1.2968E1,2.899951771994E0));
#1030=CARTESIAN_POINT('',(3.936126410127E0,-1.2968E1,2.899951771994E0));
#1031=CARTESIAN_POINT('',(3.851963704737E0,-1.291888947806E1,2.900131730507E0));
#1032=CARTESIAN_POINT('',(3.684934132355E0,-1.282142458026E1,2.899478912579E0));
#1033=CARTESIAN_POINT('',(3.438456961905E0,-1.267760051434E1,2.895726499134E0));
#1034=CARTESIAN_POINT('',(3.276491972485E0,-1.258309089598E1,2.891535037512E0));
#1035=CARTESIAN_POINT('',(3.196126410127E0,-1.253619607843E1,2.889055898718E0));
#1037=CARTESIAN_POINT('',(3.196126410127E0,-1.253619607843E1,2.889055898718E0));
#1038=CARTESIAN_POINT('',(3.186158279013E0,-1.258349583784E1,2.890702609021E0));
#1039=CARTESIAN_POINT('',(3.166126784632E0,-1.267854724255E1,2.893643731760E0));
#1040=CARTESIAN_POINT('',(3.135793422990E0,-1.282248201740E1,2.896959156024E0));
#1041=CARTESIAN_POINT('',(3.115380540452E0,-1.291934314630E1,2.898411855076E0));
#1042=CARTESIAN_POINT('',(3.105126410127E0,-1.2968E1,2.898942014199E0));
#1044=CARTESIAN_POINT('',(3.105126410127E0,-1.2968E1,2.898942014199E0));
#1045=CARTESIAN_POINT('',(3.029030324065E0,-1.2968E1,2.898732931407E0));
#1046=CARTESIAN_POINT('',(2.876754119575E0,-1.2968E1,2.898267139326E0));
#1047=CARTESIAN_POINT('',(2.648089502447E0,-1.2968E1,2.897463456361E0));
#1048=CARTESIAN_POINT('',(2.495475700783E0,-1.2968E1,2.896881569846E0));
#1049=CARTESIAN_POINT('',(2.419126410127E0,-1.2968E1,2.896584716267E0));
#1051=CARTESIAN_POINT('',(0.E0,-1.351390957666E1,-1.23E1));
#1052=DIRECTION('',(1.E0,0.E0,0.E0));
#1053=DIRECTION('',(0.E0,9.958481227076E-2,9.950290775475E-1));
#1054=AXIS2_PLACEMENT_3D('',#1051,#1052,#1053);
#1056=CARTESIAN_POINT('',(0.E0,-1.221161037353E1,2.844108319261E0));
#1057=CARTESIAN_POINT('',(-2.413646609905E-2,-1.221086473181E1,
2.844044198707E0));
#1058=CARTESIAN_POINT('',(-7.275023882747E-2,-1.220976609799E1,
2.843961931095E0));
#1059=CARTESIAN_POINT('',(-1.467426912447E-1,-1.220893640070E1,
2.843947578258E0));
#1060=CARTESIAN_POINT('',(-1.967160690882E-1,-1.220878431373E1,
2.843999296273E0));
#1061=CARTESIAN_POINT('',(-2.218735898729E-1,-1.220878431373E1,
2.844038630306E0));
#1063=CARTESIAN_POINT('',(-2.218735898729E-1,-1.220878431373E1,
2.844038630306E0));
#1064=CARTESIAN_POINT('',(-2.264282373856E-1,-1.223760064570E1,
2.846524920607E0));
#1065=CARTESIAN_POINT('',(-2.355381414581E-1,-1.229523716297E1,
2.851331567268E0));
#1066=CARTESIAN_POINT('',(-2.492050247689E-1,-1.238170476457E1,
2.858044107807E0));
#1067=CARTESIAN_POINT('',(-2.583172221536E-1,-1.243935579116E1,
2.862187484616E0));
#1068=CARTESIAN_POINT('',(-2.628735898729E-1,-1.246818300654E1,
2.864176316533E0));
#1070=CARTESIAN_POINT('',(-2.628735898729E-1,-1.246818300654E1,
2.864176316533E0));
#1071=CARTESIAN_POINT('',(-2.330691704137E-1,-1.246818300654E1,
2.864133107456E0));
#1072=CARTESIAN_POINT('',(-1.738530783247E-1,-1.246796701309E1,
2.864047015369E0));
#1073=CARTESIAN_POINT('',(-8.616026235157E-2,-1.246673852251E1,
2.863899433628E0));
#1074=CARTESIAN_POINT('',(-2.857389964724E-2,-1.246504368277E1,2.863768719E0));
#1075=CARTESIAN_POINT('',(0.E0,-1.246385210392E1,2.863686204349E0));
#1077=CARTESIAN_POINT('',(0.E0,-1.351390957666E1,-1.23E1));
#1078=DIRECTION('',(1.E0,0.E0,0.E0));
#1079=DIRECTION('',(0.E0,6.908272846950E-2,9.976109344966E-1));
#1080=AXIS2_PLACEMENT_3D('',#1077,#1078,#1079);
#1082=CARTESIAN_POINT('',(0.E0,-1.278157918314E1,2.882348046160E0));
#1083=CARTESIAN_POINT('',(-3.148612747713E-2,-1.276032200024E1,
2.881322692172E0));
#1084=CARTESIAN_POINT('',(-9.437750726987E-2,-1.271786223557E1,
2.879196342941E0));
#1085=CARTESIAN_POINT('',(-1.884641776869E-1,-1.265434164025E1,
2.875791144942E0));
#1086=CARTESIAN_POINT('',(-2.510378915028E-1,-1.261209634094E1,
2.873383867168E0));
#1087=CARTESIAN_POINT('',(-2.822857799556E-1,-1.2591E1,2.872147772501E0));
#1089=CARTESIAN_POINT('',(-2.822857799556E-1,-1.2591E1,2.872147772501E0));
#1090=CARTESIAN_POINT('',(-2.889065607719E-1,-1.263288833876E1,
2.874695429276E0));
#1091=CARTESIAN_POINT('',(-3.021481907037E-1,-1.271666544839E1,
2.879440733380E0));
#1092=CARTESIAN_POINT('',(-3.220114837474E-1,-1.284233647889E1,
2.885509634990E0));
#1093=CARTESIAN_POINT('',(-3.352529391555E-1,-1.292611248435E1,
2.888856266073E0));
#1094=CARTESIAN_POINT('',(-3.418735898729E-1,-1.2968E1,2.890354891656E0));
#1096=CARTESIAN_POINT('',(-3.418735898729E-1,-1.2968E1,2.890354891656E0));
#1097=CARTESIAN_POINT('',(-4.188041235147E-1,-1.2968E1,2.890427150989E0));
#1098=CARTESIAN_POINT('',(-5.726376381866E-1,-1.2968E1,2.890619670717E0));
#1099=CARTESIAN_POINT('',(-8.033225511719E-1,-1.2968E1,2.891045489643E0));
#1100=CARTESIAN_POINT('',(-9.570343426483E-1,-1.2968E1,2.891413709469E0));
#1101=CARTESIAN_POINT('',(-1.033873589873E0,-1.2968E1,2.891616610584E0));
#1103=CARTESIAN_POINT('',(-1.033873589873E0,-1.2968E1,2.891616610584E0));
#1104=CARTESIAN_POINT('',(-1.016850827057E0,-1.286030042872E1,
2.888004514550E0));
#1105=CARTESIAN_POINT('',(-9.828203108290E-1,-1.264499624762E1,
2.878448360205E0));
#1106=CARTESIAN_POINT('',(-9.318065499832E-1,-1.232224251887E1,
2.857111655666E0));
#1107=CARTESIAN_POINT('',(-8.978447752185E-1,-1.210737325108E1,
2.838226750732E0));
#1108=CARTESIAN_POINT('',(-8.808735898729E-1,-1.2E1,2.827616980365E0));
#1110=CARTESIAN_POINT('',(-8.808735898729E-1,-1.2E1,2.827616980365E0));
#1111=CARTESIAN_POINT('',(-7.913592672393E-1,-1.2E1,2.826975143147E0));
#1112=CARTESIAN_POINT('',(-6.123028939866E-1,-1.2E1,2.825877496724E0));
#1113=CARTESIAN_POINT('',(-3.436117302022E-1,-1.2E1,2.824812050434E0));
#1114=CARTESIAN_POINT('',(-1.644596559488E-1,-1.2E1,2.824499236468E0));
#1115=CARTESIAN_POINT('',(-7.487358987295E-2,-1.2E1,2.824443295117E0));
#1117=CARTESIAN_POINT('',(-7.487358987295E-2,-1.2E1,2.824443295117E0));
#1118=CARTESIAN_POINT('',(-6.651196943077E-2,-1.2E1,2.824438073766E0));
#1119=CARTESIAN_POINT('',(-4.981711876792E-2,-1.200001578102E1,
2.824430976856E0));
#1120=CARTESIAN_POINT('',(-2.485896626967E-2,-1.200008840752E1,
2.824430479202E0));
#1121=CARTESIAN_POINT('',(-8.276975068211E-3,-1.200017059398E1,
2.824436991003E0));
#1122=CARTESIAN_POINT('',(0.E0,-1.200022043014E1,2.824441978722E0));
#1124=CARTESIAN_POINT('',(-1.007787358987E1,-1.2968E1,2.618916501727E0));
#1125=CARTESIAN_POINT('',(-1.005654590777E1,-1.285973206193E1,
2.638141597158E0));
#1126=CARTESIAN_POINT('',(-1.001397534814E1,-1.264362668816E1,
2.674413726905E0));
#1127=CARTESIAN_POINT('',(-9.949813413317E0,-1.231791476361E1,
2.722822208819E0));
#1128=CARTESIAN_POINT('',(-9.907969336020E0,-1.210549730790E1,
2.750429589692E0));
#1129=CARTESIAN_POINT('',(-9.887187439862E0,-1.2E1,2.763212149394E0));
#1131=CARTESIAN_POINT('',(-9.887187439862E0,-1.2E1,2.763212149394E0));
#1132=CARTESIAN_POINT('',(-9.780784670629E0,-1.2E1,2.772351184002E0));
#1133=CARTESIAN_POINT('',(-9.568688040721E0,-1.2E1,2.789463940285E0));
#1134=CARTESIAN_POINT('',(-9.252856074610E0,-1.2E1,2.811845738552E0));
#1135=CARTESIAN_POINT('',(-9.043520775452E0,-1.2E1,2.824739515336E0));
#1136=CARTESIAN_POINT('',(-8.939187439862E0,-1.2E1,2.830711225029E0));
#1138=CARTESIAN_POINT('',(-8.939187439862E0,-1.2E1,2.830711225029E0));
#1139=CARTESIAN_POINT('',(-8.864942354208E0,-1.206164821411E1,
2.830224041315E0));
#1140=CARTESIAN_POINT('',(-8.716526179038E0,-1.218488320083E1,
2.829066766803E0));
#1141=CARTESIAN_POINT('',(-8.494093769408E0,-1.236957637875E1,
2.826765172908E0));
#1142=CARTESIAN_POINT('',(-8.345993854266E0,-1.249254876404E1,
2.824839779923E0));
#1143=CARTESIAN_POINT('',(-8.271985996236E0,-1.2554E1,2.823774842166E0));
#1145=CARTESIAN_POINT('',(-8.271985996236E0,-1.2554E1,2.823774842166E0));
#1146=CARTESIAN_POINT('',(-8.259954897919E0,-1.249292528025E1,
2.829567043344E0));
#1147=CARTESIAN_POINT('',(-8.235829670524E0,-1.237045587114E1,
2.840505423888E0));
#1148=CARTESIAN_POINT('',(-8.199454929231E0,-1.218580297648E1,
2.854959614968E0));
#1149=CARTESIAN_POINT('',(-8.175075422956E0,-1.206204274495E1,
2.863285508628E0));
#1150=CARTESIAN_POINT('',(-8.162853633524E0,-1.2E1,2.867118163120E0));
#1152=CARTESIAN_POINT('',(-8.162853633524E0,-1.2E1,2.867118163120E0));
#1153=CARTESIAN_POINT('',(-8.077163947617E0,-1.2E1,2.870293464515E0));
#1154=CARTESIAN_POINT('',(-7.906096022797E0,-1.2E1,2.876102625507E0));
#1155=CARTESIAN_POINT('',(-7.650516648952E0,-1.2E1,2.883293105777E0));
#1156=CARTESIAN_POINT('',(-7.480645866779E0,-1.2E1,2.887143157918E0));
#1157=CARTESIAN_POINT('',(-7.395853633524E0,-1.2E1,2.888848260482E0));
#1159=CARTESIAN_POINT('',(-7.395853633524E0,-1.2E1,2.888848260482E0));
#1160=CARTESIAN_POINT('',(-7.417274338794E0,-1.210874016126E1,
2.884869558787E0));
#1161=CARTESIAN_POINT('',(-7.459959938712E0,-1.232542952605E1,
2.874797080627E0));
#1162=CARTESIAN_POINT('',(-7.523515411124E0,-1.264806280220E1,
2.853413723715E0));
#1163=CARTESIAN_POINT('',(-7.565582683158E0,-1.286161328464E1,
2.835014002663E0));
#1164=CARTESIAN_POINT('',(-7.586539783534E0,-1.2968E1,2.824788310702E0));
#1166=CARTESIAN_POINT('',(-7.586539783534E0,-1.2968E1,2.824788310702E0));
#1167=CARTESIAN_POINT('',(-7.685156443587E0,-1.2968E1,2.819816016360E0));
#1168=CARTESIAN_POINT('',(-7.882572192528E0,-1.2968E1,2.809220840411E0));
#1169=CARTESIAN_POINT('',(-8.179129440219E0,-1.2968E1,2.791251907E0));
#1170=CARTESIAN_POINT('',(-8.377332986682E0,-1.2968E1,2.777785899583E0));
#1171=CARTESIAN_POINT('',(-8.476539783534E0,-1.2968E1,2.770659307244E0));
#1173=CARTESIAN_POINT('',(-8.476539783534E0,-1.2968E1,2.770659307244E0));
#1174=CARTESIAN_POINT('',(-8.558988347182E0,-1.290466866445E1,
2.771696623570E0));
#1175=CARTESIAN_POINT('',(-8.723951449560E0,-1.277795531582E1,
2.773486460506E0));
#1176=CARTESIAN_POINT('',(-8.971638780307E0,-1.258769888490E1,
2.775337705781E0));
#1177=CARTESIAN_POINT('',(-9.136835548668E0,-1.246080605008E1,
2.776025010053E0));
#1178=CARTESIAN_POINT('',(-9.219459391820E0,-1.239734007683E1,
2.776233294987E0));
#1180=CARTESIAN_POINT('',(-9.219459391820E0,-1.239734007683E1,
2.776233294987E0));
#1181=CARTESIAN_POINT('',(-9.232072886905E0,-1.246137127805E1,
2.768669622940E0));
#1182=CARTESIAN_POINT('',(-9.257217679339E0,-1.258901641156E1,
2.752869947492E0));
#1183=CARTESIAN_POINT('',(-9.294685468979E0,-1.277921806160E1,
2.727174190628E0));
#1184=CARTESIAN_POINT('',(-9.319504440381E0,-1.290520919580E1,
2.708720428489E0));
#1185=CARTESIAN_POINT('',(-9.331873589873E0,-1.2968E1,2.699165976103E0));
#1187=CARTESIAN_POINT('',(-9.331873589873E0,-1.2968E1,2.699165976103E0));
#1188=CARTESIAN_POINT('',(-9.414386290167E0,-1.2968E1,2.691252754594E0));
#1189=CARTESIAN_POINT('',(-9.579664474545E0,-1.2968E1,2.674786561008E0));
#1190=CARTESIAN_POINT('',(-9.828264449696E0,-1.2968E1,2.648088940911E0));
#1191=CARTESIAN_POINT('',(-9.994581962601E0,-1.2968E1,2.628884400761E0));
#1192=CARTESIAN_POINT('',(-1.007787358987E1,-1.2968E1,2.618916501727E0));
#1194=CARTESIAN_POINT('',(-7.210148201272E0,-1.2968E1,2.842250972113E0));
#1195=CARTESIAN_POINT('',(-7.191539709810E0,-1.286158699698E1,
2.851171807355E0));
#1196=CARTESIAN_POINT('',(-7.154189875571E0,-1.264800127822E1,
2.866975964802E0));
#1197=CARTESIAN_POINT('',(-7.097771342138E0,-1.232537084999E1,
2.884508474213E0));
#1198=CARTESIAN_POINT('',(-7.059884619538E0,-1.210871492519E1,
2.892041613429E0));
#1199=CARTESIAN_POINT('',(-7.040873589873E0,-1.2E1,2.894757646539E0));
#1201=CARTESIAN_POINT('',(-7.040873589873E0,-1.2E1,2.894757646539E0));
#1202=CARTESIAN_POINT('',(-6.847969476481E0,-1.2E1,2.897322209403E0));
#1203=CARTESIAN_POINT('',(-6.463066161030E0,-1.2E1,2.900398332756E0));
#1204=CARTESIAN_POINT('',(-5.889265584617E0,-1.2E1,2.899959218003E0));
#1205=CARTESIAN_POINT('',(-5.507459992817E0,-1.2E1,2.897002606270E0));
#1206=CARTESIAN_POINT('',(-5.316873589873E0,-1.2E1,2.895027266107E0));
#1208=CARTESIAN_POINT('',(-5.316873589873E0,-1.2E1,2.895027266107E0));
#1209=CARTESIAN_POINT('',(-5.321337791099E0,-1.202552861738E1,
2.895670711274E0));
#1210=CARTESIAN_POINT('',(-5.330263080782E0,-1.207656805172E1,
2.896832434143E0));
#1211=CARTESIAN_POINT('',(-5.343641729562E0,-1.215307410252E1,
2.898200022999E0));
#1212=CARTESIAN_POINT('',(-5.352554527434E0,-1.220404210220E1,
2.898862066706E0));
#1213=CARTESIAN_POINT('',(-5.357009360086E0,-1.222951714522E1,
2.899130748335E0));
#1215=CARTESIAN_POINT('',(-5.357009360086E0,-1.222951714522E1,
2.899130748335E0));
#1216=CARTESIAN_POINT('',(-5.478173451571E0,-1.222951714522E1,
2.899650691220E0));
#1217=CARTESIAN_POINT('',(-5.720611903697E0,-1.222951714522E1,
2.900254016147E0));
#1218=CARTESIAN_POINT('',(-6.084418953774E0,-1.222951714522E1,
2.899603832476E0));
#1219=CARTESIAN_POINT('',(-6.327422344969E0,-1.222951714522E1,
2.897964951654E0));
#1220=CARTESIAN_POINT('',(-6.449009360086E0,-1.222951714522E1,
2.896801242179E0));
#1222=CARTESIAN_POINT('',(-6.449009360086E0,-1.222951714522E1,
2.896801242179E0));
#1223=CARTESIAN_POINT('',(-6.451289298527E0,-1.224255501541E1,
2.896542785150E0));
#1224=CARTESIAN_POINT('',(-6.455847625644E0,-1.226862189344E1,
2.895994638650E0));
#1225=CARTESIAN_POINT('',(-6.462680462871E0,-1.230769559966E1,
2.895078821188E0));
#1226=CARTESIAN_POINT('',(-6.467232594588E0,-1.233372704918E1,
2.894405941933E0));
#1227=CARTESIAN_POINT('',(-6.469507886504E0,-1.234673834814E1,
2.894053935025E0));
#1229=CARTESIAN_POINT('',(-6.469507886504E0,-1.234673834814E1,
2.894053935025E0));
#1230=CARTESIAN_POINT('',(-6.370987108835E0,-1.234673834814E1,
2.895333322480E0));
#1231=CARTESIAN_POINT('',(-6.174071180023E0,-1.234673834814E1,
2.897431371329E0));
#1232=CARTESIAN_POINT('',(-5.879174530456E0,-1.234673834814E1,
2.899331224490E0));
#1233=CARTESIAN_POINT('',(-5.682698843093E0,-1.234673834814E1,
2.899856177889E0));
#1234=CARTESIAN_POINT('',(-5.584507886504E0,-1.234673834814E1,
2.899954829889E0));
#1236=CARTESIAN_POINT('',(-5.584507886504E0,-1.234673834814E1,
2.899954829889E0));
#1237=CARTESIAN_POINT('',(-5.589203354082E0,-1.237358946644E1,
2.899890468738E0));
#1238=CARTESIAN_POINT('',(-5.598590115125E0,-1.242726783329E1,
2.899624220649E0));
#1239=CARTESIAN_POINT('',(-5.612657798035E0,-1.250771413853E1,
2.898812861585E0));
#1240=CARTESIAN_POINT('',(-5.622027820808E0,-1.256129678728E1,
2.897997690905E0));
#1241=CARTESIAN_POINT('',(-5.626710735011E0,-1.258807611887E1,
2.897521632695E0));
#1243=CARTESIAN_POINT('',(-5.626710735011E0,-1.258807611887E1,
2.897521632695E0));
#1244=CARTESIAN_POINT('',(-5.724982504314E0,-1.258807611887E1,
2.896797364946E0));
#1245=CARTESIAN_POINT('',(-5.921566292425E0,-1.258807611887E1,
2.894999286852E0));
#1246=CARTESIAN_POINT('',(-6.216470797584E0,-1.258807611887E1,
2.891130629065E0));
#1247=CARTESIAN_POINT('',(-6.413274439476E0,-1.258807611887E1,
2.887683708348E0));
#1248=CARTESIAN_POINT('',(-6.511710735011E0,-1.258807611887E1,
2.885721999934E0));
#1250=CARTESIAN_POINT('',(-6.511710735011E0,-1.258807611887E1,
2.885721999934E0));
#1251=CARTESIAN_POINT('',(-6.514176519428E0,-1.260217675271E1,
2.885129632103E0));
#1252=CARTESIAN_POINT('',(-6.519106271650E0,-1.263036763209E1,
2.883908247654E0));
#1253=CARTESIAN_POINT('',(-6.526495449683E0,-1.267262278351E1,
2.881966340915E0));
#1254=CARTESIAN_POINT('',(-6.531417937972E0,-1.270077212395E1,
2.880598592188E0));
#1255=CARTESIAN_POINT('',(-6.533878274470E0,-1.271484160377E1,
2.879896450728E0));
#1257=CARTESIAN_POINT('',(-6.533878274470E0,-1.271484160377E1,
2.879896450728E0));
#1258=CARTESIAN_POINT('',(-6.406382489785E0,-1.271484160377E1,
2.882896517623E0));
#1259=CARTESIAN_POINT('',(-6.151499521E0,-1.271484160377E1,2.888082076571E0));
#1260=CARTESIAN_POINT('',(-5.769698631935E0,-1.271484160377E1,
2.893689314353E0));
#1261=CARTESIAN_POINT('',(-5.515135310840E0,-1.271484160377E1,
2.896164679738E0));
#1262=CARTESIAN_POINT('',(-5.387878274470E0,-1.271484160377E1,
2.897129719463E0));
#1264=CARTESIAN_POINT('',(-5.387878274470E0,-1.271484160377E1,
2.897129719463E0));
#1265=CARTESIAN_POINT('',(-5.392803389221E0,-1.274300596368E1,
2.896588340323E0));
#1266=CARTESIAN_POINT('',(-5.402649463585E0,-1.279931092226E1,
2.895352652642E0));
#1267=CARTESIAN_POINT('',(-5.417406231667E0,-1.288369777381E1,
2.893040870994E0));
#1268=CARTESIAN_POINT('',(-5.427235608994E0,-1.293990725009E1,
2.891194580345E0));
#1269=CARTESIAN_POINT('',(-5.432148201272E0,-1.2968E1,2.890195243011E0));
#1271=CARTESIAN_POINT('',(-5.432148201272E0,-1.2968E1,2.890195243011E0));
#1272=CARTESIAN_POINT('',(-5.629770441689E0,-1.2968E1,2.887451452939E0));
#1273=CARTESIAN_POINT('',(-6.024966732602E0,-1.2968E1,2.880556014714E0));
#1274=CARTESIAN_POINT('',(-6.616917078717E0,-1.2968E1,2.865077385574E0));
#1275=CARTESIAN_POINT('',(-7.012352837661E0,-1.2968E1,2.850653337469E0));
#1276=CARTESIAN_POINT('',(-7.210148201272E0,-1.2968E1,2.842250972113E0));
#1278=CARTESIAN_POINT('',(-4.985873589873E0,-1.2E1,2.891125364500E0));
#1279=CARTESIAN_POINT('',(-4.916854473102E0,-1.2E1,2.890220033601E0));
#1280=CARTESIAN_POINT('',(-4.778829519464E0,-1.2E1,2.888302960281E0));
#1281=CARTESIAN_POINT('',(-4.571858343758E0,-1.2E1,2.885154215472E0));
#1282=CARTESIAN_POINT('',(-4.433867303794E0,-1.2E1,2.882902090169E0));
#1283=CARTESIAN_POINT('',(-4.364873589873E0,-1.2E1,2.881745202650E0));
#1285=CARTESIAN_POINT('',(-4.364873589873E0,-1.2E1,2.881745202650E0));
#1286=CARTESIAN_POINT('',(-4.374128364480E0,-1.205044795143E1,
2.884225985249E0));
#1287=CARTESIAN_POINT('',(-4.392634402777E0,-1.215132471623E1,
2.888680866982E0));
#1288=CARTESIAN_POINT('',(-4.420384038214E0,-1.230258850387E1,
2.893845367216E0));
#1289=CARTESIAN_POINT('',(-4.438875246395E0,-1.240338442941E1,
2.896277295774E0));
#1290=CARTESIAN_POINT('',(-4.448118900951E0,-1.245377176524E1,
2.897240805445E0));
#1292=CARTESIAN_POINT('',(-4.448118900951E0,-1.245377176524E1,
2.897240805445E0));
#1293=CARTESIAN_POINT('',(-4.452473054487E0,-1.247750633852E1,
2.897694659385E0));
#1294=CARTESIAN_POINT('',(-4.459801769909E0,-1.252279795588E1,
2.898441212805E0));
#1295=CARTESIAN_POINT('',(-4.465536195085E0,-1.258286217634E1,
2.899168860476E0));
#1296=CARTESIAN_POINT('',(-4.464535528082E0,-1.263994177553E1,
2.899639566976E0));
#1297=CARTESIAN_POINT('',(-4.449799253755E0,-1.269259474925E1,
2.899878730351E0));
#1298=CARTESIAN_POINT('',(-4.414883366612E0,-1.272963227063E1,
2.899947003957E0));
#1299=CARTESIAN_POINT('',(-4.364841331748E0,-1.275073530340E1,
2.899955268422E0));
#1300=CARTESIAN_POINT('',(-4.308802882576E0,-1.276207956102E1,
2.899937242428E0));
#1301=CARTESIAN_POINT('',(-4.246125471693E0,-1.276843749191E1,
2.899892247159E0));
#1302=CARTESIAN_POINT('',(-4.177697490429E0,-1.277146862321E1,
2.899811641207E0));
#1303=CARTESIAN_POINT('',(-4.129026522092E0,-1.2772E1,2.899729046212E0));
#1304=CARTESIAN_POINT('',(-4.103873589873E0,-1.2772E1,2.899679041345E0));
#1306=CARTESIAN_POINT('',(-4.103873589873E0,-1.2772E1,2.899679041345E0));
#1307=CARTESIAN_POINT('',(-4.066153170148E0,-1.2772E1,2.899604051894E0));
#1308=CARTESIAN_POINT('',(-3.993753623893E0,-1.277070680082E1,
2.899428972787E0));
#1309=CARTESIAN_POINT('',(-3.892557067052E0,-1.276148883166E1,
2.899044379269E0));
#1310=CARTESIAN_POINT('',(-3.804159901153E0,-1.273861984651E1,
2.898451102730E0));
#1311=CARTESIAN_POINT('',(-3.736846681388E0,-1.268770814192E1,
2.897347287015E0));
#1312=CARTESIAN_POINT('',(-3.697700798120E0,-1.261447698008E1,
2.895606723341E0));
#1313=CARTESIAN_POINT('',(-3.672002876166E0,-1.253111000103E1,
2.893255547465E0));
#1314=CARTESIAN_POINT('',(-3.658478394473E0,-1.246663340906E1,
2.891088763083E0));
#1315=CARTESIAN_POINT('',(-3.652217409937E0,-1.243250466393E1,
2.889825450456E0));
#1317=CARTESIAN_POINT('',(-3.652217409937E0,-1.243250466393E1,
2.889825450456E0));
#1318=CARTESIAN_POINT('',(-3.643399237972E0,-1.238443664175E1,
2.888046160326E0));
#1319=CARTESIAN_POINT('',(-3.625764338293E0,-1.228830847004E1,
2.884020915193E0));
#1320=CARTESIAN_POINT('',(-3.599315055452E0,-1.214413292900E1,
2.876582142960E0));
#1321=CARTESIAN_POINT('',(-3.581686787117E0,-1.204804090488E1,
2.870689278526E0));
#1322=CARTESIAN_POINT('',(-3.572873589873E0,-1.2E1,2.867509228294E0));
#1324=CARTESIAN_POINT('',(-3.572873589873E0,-1.2E1,2.867509228294E0));
#1325=CARTESIAN_POINT('',(-3.504039095584E0,-1.2E1,2.866222849223E0));
#1326=CARTESIAN_POINT('',(-3.366334235346E0,-1.2E1,2.863641108957E0));
#1327=CARTESIAN_POINT('',(-3.159681009741E0,-1.2E1,2.859780458285E0));
#1328=CARTESIAN_POINT('',(-3.021822962246E0,-1.2E1,2.857239108353E0));
#1329=CARTESIAN_POINT('',(-2.952873589873E0,-1.2E1,2.855982562304E0));
#1331=CARTESIAN_POINT('',(-2.952873589873E0,-1.2E1,2.855982562304E0));
#1332=CARTESIAN_POINT('',(-2.963530470308E0,-1.205728073234E1,
2.860418993856E0));
#1333=CARTESIAN_POINT('',(-2.984850787960E0,-1.217187743972E1,
2.868621222670E0));
#1334=CARTESIAN_POINT('',(-3.016853376562E0,-1.234389135345E1,
2.878914056547E0));
#1335=CARTESIAN_POINT('',(-3.038198273518E0,-1.245862017459E1,
2.884434253375E0));
#1336=CARTESIAN_POINT('',(-3.048873589873E0,-1.2516E1,2.886859070627E0));
#1338=CARTESIAN_POINT('',(-3.048873589873E0,-1.2516E1,2.886859070627E0));
#1339=CARTESIAN_POINT('',(-3.058294068444E0,-1.256663507232E1,
2.888998860980E0));
#1340=CARTESIAN_POINT('',(-3.083708408657E0,-1.266024236463E1,
2.892521230479E0));
#1341=CARTESIAN_POINT('',(-3.155596171738E0,-1.277906715240E1,
2.896108411988E0));
#1342=CARTESIAN_POINT('',(-3.268539650653E0,-1.286256798808E1,
2.898159002752E0));
#1343=CARTESIAN_POINT('',(-3.407899097433E0,-1.291229182815E1,
2.899221354735E0));
#1344=CARTESIAN_POINT('',(-3.566230546778E0,-1.294174986733E1,
2.899780277407E0));
#1345=CARTESIAN_POINT('',(-3.741103999659E0,-1.295837475934E1,
2.900018699389E0));
#1346=CARTESIAN_POINT('',(-3.931334392418E0,-1.296653641366E1,
2.900001520326E0));
#1347=CARTESIAN_POINT('',(-4.067591910433E0,-1.2968E1,2.899820661736E0));
#1348=CARTESIAN_POINT('',(-4.138148201273E0,-1.2968E1,2.899681890167E0));
#1350=CARTESIAN_POINT('',(-4.138148201273E0,-1.2968E1,2.899681890167E0));
#1351=CARTESIAN_POINT('',(-4.175028142613E0,-1.2968E1,2.899609353938E0));
#1352=CARTESIAN_POINT('',(-4.246447420006E0,-1.296761185182E1,
2.899444671160E0));
#1353=CARTESIAN_POINT('',(-4.346417013920E0,-1.296578944256E1,
2.899157240039E0));
#1354=CARTESIAN_POINT('',(-4.439393601720E0,-1.296264235583E1,
2.898847284388E0));
#1355=CARTESIAN_POINT('',(-4.525357858476E0,-1.295808551646E1,
2.898532923370E0));
#1356=CARTESIAN_POINT('',(-4.604471541902E0,-1.295202516654E1,
2.898230905384E0));
#1357=CARTESIAN_POINT('',(-4.676823248255E0,-1.294436366273E1,
2.897956978634E0));
#1358=CARTESIAN_POINT('',(-4.742218201697E0,-1.293505719704E1,
2.897726147802E0));
#1359=CARTESIAN_POINT('',(-4.801146417455E0,-1.292400722673E1,
2.897548257479E0));
#1360=CARTESIAN_POINT('',(-4.854997959160E0,-1.291082181069E1,
2.897429433775E0));
#1361=CARTESIAN_POINT('',(-4.904763884591E0,-1.289484778008E1,
2.897379905180E0));
#1362=CARTESIAN_POINT('',(-4.951260668460E0,-1.287504182857E1,
2.897415051858E0));
#1363=CARTESIAN_POINT('',(-4.995583946459E0,-1.284901897378E1,
2.897567023643E0));
#1364=CARTESIAN_POINT('',(-5.034897100195E0,-1.281495383942E1,
2.897872606790E0));
#1365=CARTESIAN_POINT('',(-5.065277370176E0,-1.277260338840E1,
2.898326263774E0));
#1366=CARTESIAN_POINT('',(-5.084397003567E0,-1.272415706859E1,
2.898849936238E0));
#1367=CARTESIAN_POINT('',(-5.093256087035E0,-1.267430270115E1,
2.899326123261E0));
#1368=CARTESIAN_POINT('',(-5.094842739725E0,-1.262293046106E1,
2.899707033239E0));
#1369=CARTESIAN_POINT('',(-5.090916456039E0,-1.257079616719E1,
2.899951411763E0));
#1370=CARTESIAN_POINT('',(-5.085312914471E0,-1.253448636972E1,
2.900005715896E0));
#1371=CARTESIAN_POINT('',(-5.081873589873E0,-1.2516E1,2.899998985634E0));
#1373=CARTESIAN_POINT('',(-5.081873589873E0,-1.2516E1,2.899998985634E0));
#1374=CARTESIAN_POINT('',(-5.071224615998E0,-1.245876176542E1,
2.899978147128E0));
#1375=CARTESIAN_POINT('',(-5.049914857433E0,-1.234422181314E1,
2.899294352658E0));
#1376=CARTESIAN_POINT('',(-5.017913563907E0,-1.217221486043E1,
2.896338408893E0));
#1377=CARTESIAN_POINT('',(-4.996557378249E0,-1.205742536252E1,
2.893078437521E0));
#1378=CARTESIAN_POINT('',(-4.985873589873E0,-1.2E1,2.891125364500E0));
#1380=CARTESIAN_POINT('',(-2.432767863001E0,-1.2968E1,2.896637692953E0));
#1381=CARTESIAN_POINT('',(-2.416429614577E0,-1.288558261350E1,
2.894870231150E0));
#1382=CARTESIAN_POINT('',(-2.383764127302E0,-1.272080337770E1,
2.889942663221E0));
#1383=CARTESIAN_POINT('',(-2.334790850633E0,-1.247376040428E1,
2.878372587335E0));
#1384=CARTESIAN_POINT('',(-2.302174775611E0,-1.230923042584E1,
2.867877177264E0));
#1385=CARTESIAN_POINT('',(-2.285873589873E0,-1.2227E1,2.861933450887E0));
#1387=CARTESIAN_POINT('',(-2.285873589873E0,-1.2227E1,2.861933450887E0));
#1388=CARTESIAN_POINT('',(-2.343597202243E0,-1.2227E1,2.862685606500E0));
#1389=CARTESIAN_POINT('',(-2.459006367182E0,-1.2227E1,2.864222127551E0));
#1390=CARTESIAN_POINT('',(-2.632004368070E0,-1.2227E1,2.866606881872E0));
#1391=CARTESIAN_POINT('',(-2.747262924848E0,-1.2227E1,2.868238407815E0));
#1392=CARTESIAN_POINT('',(-2.804873589873E0,-1.2227E1,2.869061533076E0));
#1394=CARTESIAN_POINT('',(-2.804873589873E0,-1.2227E1,2.869061533076E0));
#1395=CARTESIAN_POINT('',(-2.799871012714E0,-1.220176477744E1,
2.867418331771E0));
#1396=CARTESIAN_POINT('',(-2.789867573652E0,-1.215130298484E1,
2.864001192965E0));
#1397=CARTESIAN_POINT('',(-2.774867330549E0,-1.207563509186E1,
2.858483193257E0));
#1398=CARTESIAN_POINT('',(-2.764870906054E0,-1.202520868385E1,
2.854543162913E0));
#1399=CARTESIAN_POINT('',(-2.759873589873E0,-1.2E1,2.852507789557E0));
#1401=CARTESIAN_POINT('',(-2.759873589873E0,-1.2E1,2.852507789557E0));
#1402=CARTESIAN_POINT('',(-2.574989719130E0,-1.2E1,2.849224279344E0));
#1403=CARTESIAN_POINT('',(-2.204925369563E0,-1.2E1,2.842939177162E0));
#1404=CARTESIAN_POINT('',(-1.648905751197E0,-1.2E1,2.834957217290E0));
#1405=CARTESIAN_POINT('',(-1.277649723102E0,-1.2E1,2.830929254971E0));
#1406=CARTESIAN_POINT('',(-1.091873589873E0,-1.2E1,2.829299910169E0));
#1408=CARTESIAN_POINT('',(-1.091873589873E0,-1.2E1,2.829299910169E0));
#1409=CARTESIAN_POINT('',(-1.096871384687E0,-1.202521109828E1,
2.831773840877E0));
#1410=CARTESIAN_POINT('',(-1.106868447574E0,-1.207564072663E1,
2.836591846185E0));
#1411=CARTESIAN_POINT('',(-1.121868658471E0,-1.215130845715E1,
2.843429489642E0));
#1412=CARTESIAN_POINT('',(-1.131871477685E0,-1.220176712296E1,
2.847728229277E0));
#1413=CARTESIAN_POINT('',(-1.136873589873E0,-1.2227E1,2.849812707200E0));
#1415=CARTESIAN_POINT('',(-1.136873589873E0,-1.2227E1,2.849812707200E0));
#1416=CARTESIAN_POINT('',(-1.194581189170E0,-1.2227E1,2.850247942036E0));
#1417=CARTESIAN_POINT('',(-1.309969124235E0,-1.2227E1,2.851178258023E0));
#1418=CARTESIAN_POINT('',(-1.482973353288E0,-1.2227E1,2.852743959526E0));
#1419=CARTESIAN_POINT('',(-1.598249683788E0,-1.2227E1,2.853894145778E0));
#1420=CARTESIAN_POINT('',(-1.655873589873E0,-1.2227E1,2.854493893111E0));
#1422=CARTESIAN_POINT('',(-1.655873589873E0,-1.2227E1,2.854493893111E0));
#1423=CARTESIAN_POINT('',(-1.672176024198E0,-1.230923672426E1,
2.860983671355E0));
#1424=CARTESIAN_POINT('',(-1.704793765359E0,-1.247377510745E1,
2.872574560948E0));
#1425=CARTESIAN_POINT('',(-1.753766688966E0,-1.272081629987E1,
2.885799245173E0));
#1426=CARTESIAN_POINT('',(-1.786430711397E0,-1.288558814635E1,
2.891837829687E0));
#1427=CARTESIAN_POINT('',(-1.802767863001E0,-1.2968E1,2.894162991520E0));
#1429=CARTESIAN_POINT('',(-1.802767863001E0,-1.2968E1,2.894162991520E0));
#1430=CARTESIAN_POINT('',(-1.872864574856E0,-1.2968E1,2.894430551686E0));
#1431=CARTESIAN_POINT('',(-2.012993552554E0,-1.2968E1,2.894977690893E0));
#1432=CARTESIAN_POINT('',(-2.222998274183E0,-1.2968E1,2.895813848540E0));
#1433=CARTESIAN_POINT('',(-2.362866621376E0,-1.2968E1,2.896366557780E0));
#1434=CARTESIAN_POINT('',(-2.432767863001E0,-1.2968E1,2.896637692953E0));
#1436=DIRECTION('',(0.E0,0.E0,1.E0));
#1437=VECTOR('',#1436,2.007489644995E-1);
#1438=CARTESIAN_POINT('',(-2.218735898729E-1,-1.220878431373E1,
2.643289665806E0));
#1439=LINE('',#1438,#1437);
#1440=CARTESIAN_POINT('',(3.520738146141E-1,-1.233877902599E1,
2.654291890347E0));
#1441=CARTESIAN_POINT('',(3.485797731457E-1,-1.235859471985E1,
2.655833759948E0));
#1442=CARTESIAN_POINT('',(3.325336317885E-1,-1.239217226565E1,
2.658346876616E0));
#1443=CARTESIAN_POINT('',(2.874258837822E-1,-1.242224908660E1,
2.660467392777E0));
#1444=CARTESIAN_POINT('',(2.299930042762E-1,-1.244039963155E1,
2.661687155518E0));
#1445=CARTESIAN_POINT('',(1.649002008765E-1,-1.245164636839E1,
2.662412975394E0));
#1446=CARTESIAN_POINT('',(9.326910707035E-2,-1.245888760382E1,
2.662871247109E0));
#1447=CARTESIAN_POINT('',(1.505801876757E-2,-1.246354272546E1,
2.663173660986E0));
#1448=CARTESIAN_POINT('',(-6.988019688980E-2,-1.246638991970E1,
2.663385203088E0));
#1449=CARTESIAN_POINT('',(-1.618876615917E-1,-1.246789049984E1,
2.663548610532E0));
#1450=CARTESIAN_POINT('',(-2.283787581999E-1,-1.246818300654E1,
2.663646837260E0));
#1451=CARTESIAN_POINT('',(-2.628735898729E-1,-1.246818300654E1,
2.663697516286E0));
#1453=CARTESIAN_POINT('',(-2.218735898729E-1,-1.220878431373E1,
2.643289665806E0));
#1454=CARTESIAN_POINT('',(-2.264281514097E-1,-1.223760010175E1,
2.645809309504E0));
#1455=CARTESIAN_POINT('',(-2.355379409723E-1,-1.229523589454E1,
2.650680438474E0));
#1456=CARTESIAN_POINT('',(-2.492048323734E-1,-1.238170354732E1,
2.657483037733E0));
#1457=CARTESIAN_POINT('',(-2.583171397477E-1,-1.243935526980E1,
2.661682002187E0));
#1458=CARTESIAN_POINT('',(-2.628735898729E-1,-1.246818300654E1,
2.663697516286E0));
#1460=CARTESIAN_POINT('',(-2.218735898729E-1,-1.220878431373E1,
2.643289665806E0));
#1461=CARTESIAN_POINT('',(-1.946349245258E-1,-1.220878431373E1,
2.643246505755E0));
#1462=CARTESIAN_POINT('',(-1.420694907495E-1,-1.220896440835E1,
2.643194769056E0));
#1463=CARTESIAN_POINT('',(-6.911329601376E-2,-1.220983721773E1,
2.643216866726E0));
#1464=CARTESIAN_POINT('',(-1.507875043524E-3,-1.221140165330E1,
2.643337118315E0));
#1465=CARTESIAN_POINT('',(6.107754031631E-2,-1.221378767995E1,
2.643558984720E0));
#1466=CARTESIAN_POINT('',(1.189260619281E-1,-1.221718688029E1,
2.643892028629E0));
#1467=CARTESIAN_POINT('',(1.722543208576E-1,-1.222188791799E1,
2.644354661437E0));
#1468=CARTESIAN_POINT('',(2.212488140865E-1,-1.222837499559E1,
2.644982094541E0));
#1469=CARTESIAN_POINT('',(2.656838532545E-1,-1.223741225685E1,
2.645831983236E0));
#1470=CARTESIAN_POINT('',(3.054138102118E-1,-1.225063522488E1,
2.647032669207E0));
#1471=CARTESIAN_POINT('',(3.377478467511E-1,-1.227088426438E1,
2.648800412245E0));
#1472=CARTESIAN_POINT('',(3.548688269127E-1,-1.230148281229E1,
2.651347165506E0));
#1473=CARTESIAN_POINT('',(3.544814345341E-1,-1.232538896284E1,
2.653250106420E0));
#1474=CARTESIAN_POINT('',(3.520738146141E-1,-1.233877902599E1,
2.654291890347E0));
#1476=CARTESIAN_POINT('',(-1.007787358987E1,-1.2968E1,2.415096655663E0));
#1477=CARTESIAN_POINT('',(-1.005669634869E1,-1.286049576087E1,
2.434450551190E0));
#1478=CARTESIAN_POINT('',(-1.001432719167E1,-1.264541278819E1,
2.471069245056E0));
#1479=CARTESIAN_POINT('',(-9.950157482800E0,-1.231966139943E1,
2.520190377565E0));
#1480=CARTESIAN_POINT('',(-9.908116983160E0,-1.210624682449E1,
2.548323197064E0));
#1481=CARTESIAN_POINT('',(-9.887187439862E0,-1.2E1,2.561371412412E0));
#1483=CARTESIAN_POINT('',(-9.331873589873E0,-1.2968E1,2.496451600931E0));
#1484=CARTESIAN_POINT('',(-9.414398291101E0,-1.2968E1,2.488428799994E0));
#1485=CARTESIAN_POINT('',(-9.579692554398E0,-1.2968E1,2.471734922274E0));
#1486=CARTESIAN_POINT('',(-9.828293376531E0,-1.2968E1,2.444669302663E0));
#1487=CARTESIAN_POINT('',(-9.994594400769E0,-1.2968E1,2.425201111621E0));
#1488=CARTESIAN_POINT('',(-1.007787358987E1,-1.2968E1,2.415096655663E0));
#1490=CARTESIAN_POINT('',(-9.219459391820E0,-1.239734007683E1,
2.574569249726E0));
#1491=CARTESIAN_POINT('',(-9.232073867173E0,-1.246137625429E1,
2.566902436354E0));
#1492=CARTESIAN_POINT('',(-9.257219963328E0,-1.258902800601E1,
2.550887335207E0));
#1493=CARTESIAN_POINT('',(-9.294687824840E0,-1.277923002090E1,
2.524841298649E0));
#1494=CARTESIAN_POINT('',(-9.319505448297E0,-1.290521431239E1,
2.506136162021E0));
#1495=CARTESIAN_POINT('',(-9.331873589873E0,-1.2968E1,2.496451600931E0));
#1497=CARTESIAN_POINT('',(-8.476539783534E0,-1.2968E1,2.568919663346E0));
#1498=CARTESIAN_POINT('',(-8.558987366857E0,-1.290466941747E1,
2.569971041348E0));
#1499=CARTESIAN_POINT('',(-8.723949169128E0,-1.277795706749E1,
2.571785147439E0));
#1500=CARTESIAN_POINT('',(-8.971636990366E0,-1.258770025981E1,
2.573661509054E0));
#1501=CARTESIAN_POINT('',(-9.136834784088E0,-1.246080663737E1,
2.574358138986E0));
#1502=CARTESIAN_POINT('',(-9.219459391820E0,-1.239734007683E1,
2.574569249726E0));
#1504=CARTESIAN_POINT('',(-7.586539783534E0,-1.2968E1,2.623780400541E0));
#1505=CARTESIAN_POINT('',(-7.685168104560E0,-1.2968E1,2.618740538658E0));
#1506=CARTESIAN_POINT('',(-7.882599471553E0,-1.2968E1,2.608001571260E0));
#1507=CARTESIAN_POINT('',(-8.179157960327E0,-1.2968E1,2.589789499326E0));
#1508=CARTESIAN_POINT('',(-8.377345249309E0,-1.2968E1,2.576142055552E0));
#1509=CARTESIAN_POINT('',(-8.476539783534E0,-1.2968E1,2.568919663346E0));
#1511=CARTESIAN_POINT('',(-7.395853633524E0,-1.2E1,2.688699459257E0));
#1512=CARTESIAN_POINT('',(-7.417275584576E0,-1.210874648535E1,
2.684667394229E0));
#1513=CARTESIAN_POINT('',(-7.459962846103E0,-1.232544428514E1,
2.674459781850E0));
#1514=CARTESIAN_POINT('',(-7.523518770482E0,-1.264807985566E1,
2.652789450251E0));
#1515=CARTESIAN_POINT('',(-7.565584120966E0,-1.286162058353E1,
2.634143111007E0));
#1516=CARTESIAN_POINT('',(-7.586539783534E0,-1.2968E1,2.623780400541E0));
#1518=CARTESIAN_POINT('',(-8.162853633524E0,-1.2E1,2.666678768987E0));
#1519=CARTESIAN_POINT('',(-8.077170971518E0,-1.2E1,2.669896331451E0));
#1520=CARTESIAN_POINT('',(-7.906112371083E0,-1.2E1,2.675782975160E0));
#1521=CARTESIAN_POINT('',(-7.650532104201E0,-1.2E1,2.683069726402E0));
#1522=CARTESIAN_POINT('',(-7.480652478644E0,-1.2E1,2.686971453190E0));
#1523=CARTESIAN_POINT('',(-7.395853633524E0,-1.2E1,2.688699459257E0));
#1525=CARTESIAN_POINT('',(-8.271985996236E0,-1.2554E1,2.622753280697E0));
#1526=CARTESIAN_POINT('',(-8.259955447888E0,-1.249292807212E1,
2.628623239169E0));
#1527=CARTESIAN_POINT('',(-8.235830955256E0,-1.237046239296E1,
2.639708491495E0));
#1528=CARTESIAN_POINT('',(-8.199456135307E0,-1.218580909901E1,
2.654356869617E0));
#1529=CARTESIAN_POINT('',(-8.175075940194E0,-1.206204537066E1,
2.662794621770E0));
#1530=CARTESIAN_POINT('',(-8.162853633524E0,-1.2E1,2.666678768987E0));
#1532=CARTESIAN_POINT('',(-8.939187439862E0,-1.2E1,2.629783058545E0));
#1533=CARTESIAN_POINT('',(-8.864941435325E0,-1.206164897709E1,
2.629289312100E0));
#1534=CARTESIAN_POINT('',(-8.716524030672E0,-1.218488498469E1,
2.628116448903E0));
#1535=CARTESIAN_POINT('',(-8.494091309848E0,-1.236957842101E1,
2.625783857736E0));
#1536=CARTESIAN_POINT('',(-8.345992797824E0,-1.249254964123E1,
2.623832548621E0));
#1537=CARTESIAN_POINT('',(-8.271985996236E0,-1.2554E1,2.622753280697E0));
#1539=CARTESIAN_POINT('',(-9.887187439862E0,-1.2E1,2.561371412412E0));
#1540=CARTESIAN_POINT('',(-9.780801675169E0,-1.2E1,2.570633089074E0));
#1541=CARTESIAN_POINT('',(-9.568727549855E0,-1.2E1,2.587976204366E0));
#1542=CARTESIAN_POINT('',(-9.252893665208E0,-1.2E1,2.610661020032E0));
#1543=CARTESIAN_POINT('',(-9.043536834798E0,-1.2E1,2.623730048768E0));
#1544=CARTESIAN_POINT('',(-8.939187439862E0,-1.2E1,2.629783058545E0));
#1546=CARTESIAN_POINT('',(-7.210148201272E0,-1.2968E1,2.641477989224E0));
#1547=CARTESIAN_POINT('',(-7.191540773906E0,-1.286159308203E1,
2.650518179344E0));
#1548=CARTESIAN_POINT('',(-7.154192361240E0,-1.264801549256E1,
2.666533839747E0));
#1549=CARTESIAN_POINT('',(-7.097773422222E0,-1.232538274499E1,
2.684301274864E0));
#1550=CARTESIAN_POINT('',(-7.059885510228E0,-1.210872001862E1,
2.691935322565E0));
#1551=CARTESIAN_POINT('',(-7.040873589873E0,-1.2E1,2.694687723892E0));
#1553=CARTESIAN_POINT('',(-5.432148201272E0,-1.2968E1,2.690064426840E0));
#1554=CARTESIAN_POINT('',(-5.629795717421E0,-1.2968E1,2.687283649093E0));
#1555=CARTESIAN_POINT('',(-6.025025927293E0,-1.2968E1,2.680295277413E0));
#1556=CARTESIAN_POINT('',(-6.616984562270E0,-1.2968E1,2.664608559973E0));
#1557=CARTESIAN_POINT('',(-7.012381945754E0,-1.2968E1,2.649992006475E0));
#1558=CARTESIAN_POINT('',(-7.210148201272E0,-1.2968E1,2.641477989224E0));
#1560=CARTESIAN_POINT('',(-5.387878274470E0,-1.271484160377E1,
2.697091441682E0));
#1561=CARTESIAN_POINT('',(-5.392803419379E0,-1.274300613614E1,
2.696542838013E0));
#1562=CARTESIAN_POINT('',(-5.402649534028E0,-1.279931132510E1,
2.695290660274E0));
#1563=CARTESIAN_POINT('',(-5.417406309970E0,-1.288369822159E1,
2.692948027212E0));
#1564=CARTESIAN_POINT('',(-5.427235642581E0,-1.293990744215E1,
2.691077099300E0));
#1565=CARTESIAN_POINT('',(-5.432148201272E0,-1.2968E1,2.690064426840E0));
#1567=CARTESIAN_POINT('',(-6.533878274470E0,-1.271484160377E1,
2.679628041271E0));
#1568=CARTESIAN_POINT('',(-6.406391576008E0,-1.271484160377E1,
2.682668000550E0));
#1569=CARTESIAN_POINT('',(-6.151520643957E0,-1.271484160377E1,
2.687922670832E0));
#1570=CARTESIAN_POINT('',(-5.769717556737E0,-1.271484160377E1,
2.693604927700E0));
#1571=CARTESIAN_POINT('',(-5.515143402447E0,-1.271484160377E1,
2.696113467623E0));
#1572=CARTESIAN_POINT('',(-5.387878274470E0,-1.271484160377E1,
2.697091441682E0));
#1574=CARTESIAN_POINT('',(-6.511710735011E0,-1.258807611887E1,
2.685531444005E0));
#1575=CARTESIAN_POINT('',(-6.514176533142E0,-1.260217683114E1,
2.684931159440E0));
#1576=CARTESIAN_POINT('',(-6.519106303653E0,-1.263036781510E1,
2.683693451856E0));
#1577=CARTESIAN_POINT('',(-6.526495482632E0,-1.267262297192E1,
2.681725592865E0));
#1578=CARTESIAN_POINT('',(-6.531417952094E0,-1.270077220470E1,
2.680339565846E0));
#1579=CARTESIAN_POINT('',(-6.533878274470E0,-1.271484160377E1,
2.679628041271E0));
#1581=CARTESIAN_POINT('',(-5.626710735011E0,-1.258807611887E1,
2.697488582300E0));
#1582=CARTESIAN_POINT('',(-5.724987385250E0,-1.258807611887E1,
2.696754617982E0));
#1583=CARTESIAN_POINT('',(-5.921577701950E0,-1.258807611887E1,
2.694932471396E0));
#1584=CARTESIAN_POINT('',(-6.216483250797E0,-1.258807611887E1,
2.691012107419E0));
#1585=CARTESIAN_POINT('',(-6.413279790777E0,-1.258807611887E1,
2.687519250661E0));
#1586=CARTESIAN_POINT('',(-6.511710735011E0,-1.258807611887E1,
2.685531444005E0));
#1588=CARTESIAN_POINT('',(-5.584507886504E0,-1.234673834814E1,
2.699954227620E0));
#1589=CARTESIAN_POINT('',(-5.589203363384E0,-1.237358951963E1,
2.699889008185E0));
#1590=CARTESIAN_POINT('',(-5.598590136907E0,-1.242726795785E1,
2.699619209428E0));
#1591=CARTESIAN_POINT('',(-5.612657826715E0,-1.250771430254E1,
2.698797029940E0));
#1592=CARTESIAN_POINT('',(-5.622027833128E0,-1.256129685773E1,
2.697970988796E0));
#1593=CARTESIAN_POINT('',(-5.626710735011E0,-1.258807611887E1,
2.697488582300E0));
#1595=CARTESIAN_POINT('',(-6.469507886504E0,-1.234673834814E1,
2.693974622509E0));
#1596=CARTESIAN_POINT('',(-6.370991761788E0,-1.234673834814E1,
2.695271020856E0));
#1597=CARTESIAN_POINT('',(-6.174082010185E0,-1.234673834814E1,
2.697397020588E0));
#1598=CARTESIAN_POINT('',(-5.879184286723E0,-1.234673834814E1,
2.699322269816E0));
#1599=CARTESIAN_POINT('',(-5.682703018237E0,-1.234673834814E1,2.699854256E0));
#1600=CARTESIAN_POINT('',(-5.584507886504E0,-1.234673834814E1,
2.699954227620E0));
#1602=CARTESIAN_POINT('',(-6.449009360086E0,-1.222951714522E1,
2.696758582917E0));
#1603=CARTESIAN_POINT('',(-6.451289304485E0,-1.224255504949E1,
2.696496677630E0));
#1604=CARTESIAN_POINT('',(-6.455847639553E0,-1.226862197298E1,
2.695941217936E0));
#1605=CARTESIAN_POINT('',(-6.462680477549E0,-1.230769568360E1,
2.695013181946E0));
#1606=CARTESIAN_POINT('',(-6.467232600881E0,-1.233372708517E1,
2.694331325604E0));
#1607=CARTESIAN_POINT('',(-6.469507886504E0,-1.234673834814E1,
2.693974622509E0));
#1609=CARTESIAN_POINT('',(-5.357009360086E0,-1.222951714522E1,
2.699119157637E0));
#1610=CARTESIAN_POINT('',(-5.478178772262E0,-1.222951714522E1,
2.699646057039E0));
#1611=CARTESIAN_POINT('',(-5.720624334068E0,-1.222951714522E1,
2.700257419087E0));
#1612=CARTESIAN_POINT('',(-6.084433385393E0,-1.222951714522E1,
2.699598482495E0));
#1613=CARTESIAN_POINT('',(-6.327428548230E0,-1.222951714522E1,
2.697937755018E0));
#1614=CARTESIAN_POINT('',(-6.449009360086E0,-1.222951714522E1,
2.696758582917E0));
#1616=CARTESIAN_POINT('',(-5.316873589873E0,-1.2E1,2.694960940853E0));
#1617=CARTESIAN_POINT('',(-5.321337772344E0,-1.202552851013E1,
2.695612968280E0));
#1618=CARTESIAN_POINT('',(-5.330263037109E0,-1.207656780197E1,
2.696790186392E0));
#1619=CARTESIAN_POINT('',(-5.343641692017E0,-1.215307388782E1,
2.698176017653E0));
#1620=CARTESIAN_POINT('',(-5.352554511378E0,-1.220404201038E1,
2.698846892187E0));
#1621=CARTESIAN_POINT('',(-5.357009360086E0,-1.222951714522E1,
2.699119157637E0));
#1623=CARTESIAN_POINT('',(-7.040873589873E0,-1.2E1,2.694687723892E0));
#1624=CARTESIAN_POINT('',(-6.847986663204E0,-1.2E1,2.697286273464E0));
#1625=CARTESIAN_POINT('',(-6.463106054098E0,-1.2E1,2.700403480342E0));
#1626=CARTESIAN_POINT('',(-5.889296996597E0,-1.2E1,2.699958870716E0));
#1627=CARTESIAN_POINT('',(-5.507473448716E0,-1.2E1,2.696962777799E0));
#1628=CARTESIAN_POINT('',(-5.316873589873E0,-1.2E1,2.694960940853E0));
#1630=CARTESIAN_POINT('',(-4.985873589873E0,-1.2E1,2.691006965509E0));
#1631=CARTESIAN_POINT('',(-4.916854560720E0,-1.2E1,2.690089550305E0));
#1632=CARTESIAN_POINT('',(-4.778829725903E0,-1.2E1,2.688146883053E0));
#1633=CARTESIAN_POINT('',(-4.571858267490E0,-1.2E1,2.684956076314E0));
#1634=CARTESIAN_POINT('',(-4.433867272466E0,-1.2E1,2.682673856816E0));
#1635=CARTESIAN_POINT('',(-4.364873589873E0,-1.2E1,2.681501506797E0));
#1637=CARTESIAN_POINT('',(-5.081873589873E0,-1.2516E1,2.699998972109E0));
#1638=CARTESIAN_POINT('',(-5.071224543809E0,-1.245876137741E1,
2.699977855614E0));
#1639=CARTESIAN_POINT('',(-5.049914688118E0,-1.234422090307E1,
2.699284936526E0));
#1640=CARTESIAN_POINT('',(-5.017913320817E0,-1.217221355383E1,
2.696289548935E0));
#1641=CARTESIAN_POINT('',(-4.996557273601E0,-1.205742480004E1,
2.692986091166E0));
#1642=CARTESIAN_POINT('',(-4.985873589873E0,-1.2E1,2.691006965509E0));
#1644=CARTESIAN_POINT('',(-4.138148201273E0,-1.2968E1,2.699677648612E0));
#1645=CARTESIAN_POINT('',(-4.175025653607E0,-1.2968E1,2.699604150152E0));
#1646=CARTESIAN_POINT('',(-4.246441286662E0,-1.296761190679E1,
2.699437282075E0));
#1647=CARTESIAN_POINT('',(-4.346409861826E0,-1.296578962586E1,
2.699146025359E0));
#1648=CARTESIAN_POINT('',(-4.439388656583E0,-1.296264258971E1,
2.698831931732E0));
#1649=CARTESIAN_POINT('',(-4.525358280234E0,-1.295808553904E1,
2.698513359274E0));
#1650=CARTESIAN_POINT('',(-4.604479932179E0,-1.295202451224E1,
2.698207281925E0));
#1651=CARTESIAN_POINT('',(-4.676841823406E0,-1.294436149627E1,
2.697929664310E0));
#1652=CARTESIAN_POINT('',(-4.742245329503E0,-1.293505298799E1,
2.697695731416E0));
#1653=CARTESIAN_POINT('',(-4.801191626738E0,-1.292399801042E1,
2.697515433612E0));
#1654=CARTESIAN_POINT('',(-4.855063689752E0,-1.291080406167E1,
2.697395032259E0));
#1655=CARTESIAN_POINT('',(-4.904849400246E0,-1.289481720383E1,
2.697344930608E0));
#1656=CARTESIAN_POINT('',(-4.951361314070E0,-1.287499270893E1,
2.697380762776E0));
#1657=CARTESIAN_POINT('',(-4.995689773413E0,-1.284894643583E1,
2.697535118179E0));
#1658=CARTESIAN_POINT('',(-5.035004837923E0,-1.281483932472E1,
2.697845396630E0));
#1659=CARTESIAN_POINT('',(-5.065359982723E0,-1.277245466856E1,
2.698305608970E0));
#1660=CARTESIAN_POINT('',(-5.084453020597E0,-1.272395956965E1,
2.698836687889E0));
#1661=CARTESIAN_POINT('',(-5.093277090697E0,-1.267408323684E1,
2.699319054304E0));
#1662=CARTESIAN_POINT('',(-5.094835623918E0,-1.262272102504E1,
2.699704397965E0));
#1663=CARTESIAN_POINT('',(-5.090895975867E0,-1.257064612702E1,
2.699951136764E0));
#1664=CARTESIAN_POINT('',(-5.085302220237E0,-1.253442888821E1,
2.700005770902E0));
#1665=CARTESIAN_POINT('',(-5.081873589873E0,-1.2516E1,2.699998972109E0));
#1667=CARTESIAN_POINT('',(-3.048873589873E0,-1.2516E1,2.686683703578E0));
#1668=CARTESIAN_POINT('',(-3.058302664134E0,-1.256668127415E1,
2.688854053383E0));
#1669=CARTESIAN_POINT('',(-3.083741298637E0,-1.266035555073E1,
2.692425555470E0));
#1670=CARTESIAN_POINT('',(-3.155729759721E0,-1.277922088041E1,
2.696060736458E0));
#1671=CARTESIAN_POINT('',(-3.268708944988E0,-1.286264688206E1,
2.698136206445E0));
#1672=CARTESIAN_POINT('',(-3.408050003581E0,-1.291232730295E1,
2.699211694180E0));
#1673=CARTESIAN_POINT('',(-3.566328592232E0,-1.294176114604E1,
2.699777531289E0));
#1674=CARTESIAN_POINT('',(-3.741173686230E0,-1.295837888525E1,
2.700018978463E0));
#1675=CARTESIAN_POINT('',(-3.931374830605E0,-1.296653697907E1,
2.700001495031E0));
#1676=CARTESIAN_POINT('',(-4.067606169766E0,-1.2968E1,2.699818242128E0));
#1677=CARTESIAN_POINT('',(-4.138148201273E0,-1.2968E1,2.699677648612E0));
#1679=CARTESIAN_POINT('',(-2.952873589873E0,-1.2E1,2.655393924229E0));
#1680=CARTESIAN_POINT('',(-2.963530160426E0,-1.205727906672E1,
2.659889728513E0));
#1681=CARTESIAN_POINT('',(-2.984850065839E0,-1.217187355832E1,
2.668201730323E0));
#1682=CARTESIAN_POINT('',(-3.016852727386E0,-1.234388786414E1,
2.678632354115E0));
#1683=CARTESIAN_POINT('',(-3.038197995665E0,-1.245861868113E1,
2.684226434373E0));
#1684=CARTESIAN_POINT('',(-3.048873589873E0,-1.2516E1,2.686683703578E0));
#1686=CARTESIAN_POINT('',(-3.572873589873E0,-1.2E1,2.667075071315E0));
#1687=CARTESIAN_POINT('',(-3.504038076196E0,-1.2E1,2.665771446172E0));
#1688=CARTESIAN_POINT('',(-3.366331861751E0,-1.2E1,2.663155097281E0));
#1689=CARTESIAN_POINT('',(-3.159678521355E0,-1.2E1,2.659242703951E0));
#1690=CARTESIAN_POINT('',(-3.021821897734E0,-1.2E1,2.656667303993E0));
#1691=CARTESIAN_POINT('',(-2.952873589873E0,-1.2E1,2.655393924229E0));
#1693=CARTESIAN_POINT('',(-3.652217409937E0,-1.243250466393E1,
2.689689697099E0));
#1694=CARTESIAN_POINT('',(-3.643399069999E0,-1.238443572613E1,
2.687886616323E0));
#1695=CARTESIAN_POINT('',(-3.625763945828E0,-1.228830633071E1,
2.683807547780E0));
#1696=CARTESIAN_POINT('',(-3.599314620323E0,-1.214413055711E1,
2.676269294671E0));
#1697=CARTESIAN_POINT('',(-3.581686600383E0,-1.204803988699E1,
2.670297639455E0));
#1698=CARTESIAN_POINT('',(-3.572873589873E0,-1.2E1,2.667075071315E0));
#1700=CARTESIAN_POINT('',(-4.103873589873E0,-1.2772E1,2.699674761804E0));
#1701=CARTESIAN_POINT('',(-4.066145670171E0,-1.2772E1,2.699598757342E0));
#1702=CARTESIAN_POINT('',(-3.993727780768E0,-1.277070660556E1,
2.699421302467E0));
#1703=CARTESIAN_POINT('',(-3.892489716594E0,-1.276148055785E1,
2.699031329200E0));
#1704=CARTESIAN_POINT('',(-3.804049646746E0,-1.273858389067E1,
2.698429600094E0));
#1705=CARTESIAN_POINT('',(-3.736735885016E0,-1.268757183570E1,
2.697308871482E0));
#1706=CARTESIAN_POINT('',(-3.697659623082E0,-1.261435399359E1,
2.695544846270E0));
#1707=CARTESIAN_POINT('',(-3.671983757401E0,-1.253102816195E1,
2.693162915868E0));
#1708=CARTESIAN_POINT('',(-3.658472750830E0,-1.246660264545E1,
2.690968722969E0));
#1709=CARTESIAN_POINT('',(-3.652217409937E0,-1.243250466393E1,
2.689689697099E0));
#1711=CARTESIAN_POINT('',(-4.448118900951E0,-1.245377176524E1,
2.697204009371E0));
#1712=CARTESIAN_POINT('',(-4.452469206291E0,-1.247748536193E1,
2.697663510473E0));
#1713=CARTESIAN_POINT('',(-4.459791730529E0,-1.252273961037E1,
2.698419473105E0));
#1714=CARTESIAN_POINT('',(-4.465529800766E0,-1.258273517181E1,
2.699156429101E0));
#1715=CARTESIAN_POINT('',(-4.464543281402E0,-1.263980806708E1,
2.699633837518E0));
#1716=CARTESIAN_POINT('',(-4.449896322721E0,-1.269238948915E1,
2.699876447289E0));
#1717=CARTESIAN_POINT('',(-4.415077596694E0,-1.272951736214E1,
2.699946218950E0));
#1718=CARTESIAN_POINT('',(-4.364999889536E0,-1.275069574043E1,
2.699954696040E0));
#1719=CARTESIAN_POINT('',(-4.308921258955E0,-1.276206361143E1,
2.699936473147E0));
#1720=CARTESIAN_POINT('',(-4.246220568768E0,-1.276843179602E1,
2.699890905942E0));
#1721=CARTESIAN_POINT('',(-4.177750835285E0,-1.277146784539E1,
2.699809215921E0));
#1722=CARTESIAN_POINT('',(-4.129045675439E0,-1.2772E1,2.699725472017E0));
#1723=CARTESIAN_POINT('',(-4.103873589873E0,-1.2772E1,2.699674761804E0));
#1725=CARTESIAN_POINT('',(-4.364873589873E0,-1.2E1,2.681501506797E0));
#1726=CARTESIAN_POINT('',(-4.374128221939E0,-1.205044717444E1,
2.684015408975E0));
#1727=CARTESIAN_POINT('',(-4.392634070912E0,-1.215132290722E1,
2.688529767155E0));
#1728=CARTESIAN_POINT('',(-4.420383755954E0,-1.230258696526E1,
2.693763234726E0));
#1729=CARTESIAN_POINT('',(-4.438875125696E0,-1.240338377148E1,
2.696227635396E0));
#1730=CARTESIAN_POINT('',(-4.448118900951E0,-1.245377176524E1,
2.697204009371E0));
#1732=CARTESIAN_POINT('',(-2.432767863001E0,-1.2968E1,2.696592852074E0));
#1733=CARTESIAN_POINT('',(-2.416429162725E0,-1.288558033417E1,
2.694801763942E0));
#1734=CARTESIAN_POINT('',(-2.383763070347E0,-1.272079804595E1,
2.689808311697E0));
#1735=CARTESIAN_POINT('',(-2.334789564102E0,-1.247375391444E1,
2.678083483121E0));
#1736=CARTESIAN_POINT('',(-2.302174223003E0,-1.230922763824E1,
2.667447775267E0));
#1737=CARTESIAN_POINT('',(-2.285873589873E0,-1.2227E1,2.661424596914E0));
#1739=CARTESIAN_POINT('',(-1.802767863001E0,-1.2968E1,2.694085134242E0));
#1740=CARTESIAN_POINT('',(-1.872864339506E0,-1.2968E1,2.694356263762E0));
#1741=CARTESIAN_POINT('',(-2.012993003177E0,-1.2968E1,2.694910702198E0));
#1742=CARTESIAN_POINT('',(-2.222997766704E0,-1.2968E1,2.695758015661E0));
#1743=CARTESIAN_POINT('',(-2.362866403747E0,-1.2968E1,2.696318099278E0));
#1744=CARTESIAN_POINT('',(-2.432767863001E0,-1.2968E1,2.696592852074E0));
#1746=CARTESIAN_POINT('',(-1.655873589873E0,-1.2227E1,2.653885286317E0));
#1747=CARTESIAN_POINT('',(-1.672175395878E0,-1.230923355474E1,
2.660461872425E0));
#1748=CARTESIAN_POINT('',(-1.704792302331E0,-1.247376772729E1,
2.672207807023E0));
#1749=CARTESIAN_POINT('',(-1.753765456893E0,-1.272081008474E1,
2.685609493763E0));
#1750=CARTESIAN_POINT('',(-1.786430184517E0,-1.288558548854E1,
2.691728869959E0));
#1751=CARTESIAN_POINT('',(-1.802767863001E0,-1.2968E1,2.694085134242E0));
#1753=CARTESIAN_POINT('',(-1.136873589873E0,-1.2227E1,2.649141281801E0));
#1754=CARTESIAN_POINT('',(-1.194580670365E0,-1.2227E1,2.649582355093E0));
#1755=CARTESIAN_POINT('',(-1.309967912369E0,-1.2227E1,2.650525151884E0));
#1756=CARTESIAN_POINT('',(-1.482972084820E0,-1.2227E1,2.652111862758E0));
#1757=CARTESIAN_POINT('',(-1.598249139435E0,-1.2227E1,2.653277487542E0));
#1758=CARTESIAN_POINT('',(-1.655873589873E0,-1.2227E1,2.653885286317E0));
#1760=CARTESIAN_POINT('',(-1.091873589873E0,-1.2E1,2.628352748105E0));
#1761=CARTESIAN_POINT('',(-1.096871289881E0,-1.202521062004E1,
2.630859932270E0));
#1762=CARTESIAN_POINT('',(-1.106868226458E0,-1.207563961122E1,
2.635742700042E0));
#1763=CARTESIAN_POINT('',(-1.121868444194E0,-1.215130737624E1,
2.642672259586E0));
#1764=CARTESIAN_POINT('',(-1.131871385891E0,-1.220176665992E1,
2.647028783896E0));
#1765=CARTESIAN_POINT('',(-1.136873589873E0,-1.2227E1,2.649141281801E0));
#1767=CARTESIAN_POINT('',(-2.759873589873E0,-1.2E1,2.651872535325E0));
#1768=CARTESIAN_POINT('',(-2.574981446224E0,-1.2E1,2.648544815652E0));
#1769=CARTESIAN_POINT('',(-2.204906168495E0,-1.2E1,2.642175149290E0));
#1770=CARTESIAN_POINT('',(-1.648887776927E0,-1.2E1,2.634085970603E0));
#1771=CARTESIAN_POINT('',(-1.277642040557E0,-1.2E1,2.630003956860E0));
#1772=CARTESIAN_POINT('',(-1.091873589873E0,-1.2E1,2.628352748105E0));
#1774=CARTESIAN_POINT('',(-2.804873589873E0,-1.2227E1,2.668648161884E0));
#1775=CARTESIAN_POINT('',(-2.799870940403E0,-1.220176441267E1,
2.666982935890E0));
#1776=CARTESIAN_POINT('',(-2.789867404849E0,-1.215130213332E1,
2.663519994950E0));
#1777=CARTESIAN_POINT('',(-2.774867155099E0,-1.207563420681E1,
2.657928030601E0));
#1778=CARTESIAN_POINT('',(-2.764870830826E0,-1.202520830437E1,
2.653935189771E0));
#1779=CARTESIAN_POINT('',(-2.759873589873E0,-1.2E1,2.651872535325E0));
#1781=CARTESIAN_POINT('',(-2.285873589873E0,-1.2227E1,2.661424596914E0));
#1782=CARTESIAN_POINT('',(-2.343596546567E0,-1.2227E1,2.662186824049E0));
#1783=CARTESIAN_POINT('',(-2.459004835536E0,-1.2227E1,2.663743921758E0));
#1784=CARTESIAN_POINT('',(-2.632002855161E0,-1.2227E1,2.666160620454E0));
#1785=CARTESIAN_POINT('',(-2.747262275578E0,-1.2227E1,2.667814006499E0));
#1786=CARTESIAN_POINT('',(-2.804873589873E0,-1.2227E1,2.668648161884E0));
#1788=CARTESIAN_POINT('',(-9.5E0,9.E0,2.693902403241E0));
#1789=CARTESIAN_POINT('',(-9.396064615163E0,9.E0,2.691750350546E0));
#1790=CARTESIAN_POINT('',(-9.187286094927E0,9.010733855293E0,2.686532187155E0));
#1791=CARTESIAN_POINT('',(-8.871726267840E0,9.060739450933E0,2.677121453551E0));
#1792=CARTESIAN_POINT('',(-8.566832911285E0,9.143180777538E0,2.667783652913E0));
#1793=CARTESIAN_POINT('',(-8.281067994692E0,9.253238367323E0,2.659901945732E0));
#1794=CARTESIAN_POINT('',(-8.007448279140E0,9.391240607715E0,2.654052948428E0));
#1795=CARTESIAN_POINT('',(-7.725932823084E0,9.572156764385E0,2.650749231888E0));
#1796=CARTESIAN_POINT('',(-7.428798934864E0,9.816203840896E0,2.651451961575E0));
#1797=CARTESIAN_POINT('',(-7.120208939016E0,1.015227557826E1,2.658595595741E0));
#1798=CARTESIAN_POINT('',(-6.851794858743E0,1.056274072542E1,2.671985646319E0));
#1799=CARTESIAN_POINT('',(-6.660021595597E0,1.099664544353E1,2.686497661808E0));
#1800=CARTESIAN_POINT('',(-6.543336839767E0,1.143435184128E1,2.697309097137E0));
#1801=CARTESIAN_POINT('',(-6.491349726435E0,1.186235639665E1,2.701717628814E0));
#1802=CARTESIAN_POINT('',(-6.506522249485E0,1.237524010719E1,2.695683169241E0));
#1803=CARTESIAN_POINT('',(-6.630857196655E0,1.294247186327E1,2.668677395172E0));
#1804=CARTESIAN_POINT('',(-6.880453407691E0,1.350692726301E1,2.614101550920E0));
#1805=CARTESIAN_POINT('',(-7.255049579161E0,1.402319537399E1,2.530863735285E0));
#1806=CARTESIAN_POINT('',(-7.721869320874E0,1.444367352401E1,2.427938861947E0));
#1807=CARTESIAN_POINT('',(-8.275458263613E0,1.476305010170E1,2.310615245208E0));
#1808=CARTESIAN_POINT('',(-8.872893172089E0,1.495588230982E1,2.193335093038E0));
#1809=CARTESIAN_POINT('',(-9.290892659921E0,1.5E1,2.120850684056E0));
#1810=CARTESIAN_POINT('',(-9.5E0,1.5E1,2.087868822686E0));
#1812=CARTESIAN_POINT('',(-9.5E0,9.E0,2.693902403241E0));
#1813=CARTESIAN_POINT('',(-9.677103857614E0,9.E0,2.697569458833E0));
#1814=CARTESIAN_POINT('',(-1.002468634267E1,9.031649930790E0,2.702073526643E0));
#1815=CARTESIAN_POINT('',(-1.050608332385E1,9.159604332600E0,2.696332516503E0));
#1816=CARTESIAN_POINT('',(-1.095352390478E1,9.360269482985E0,2.675936428353E0));
#1817=CARTESIAN_POINT('',(-1.137376897910E1,9.638122681512E0,2.638085007518E0));
#1818=CARTESIAN_POINT('',(-1.177016142955E1,1.001104016184E1,2.577987320916E0));
#1819=CARTESIAN_POINT('',(-1.211655008315E1,1.049278897886E1,2.491494707706E0));
#1820=CARTESIAN_POINT('',(-1.235777068256E1,1.102764078196E1,2.390082247390E0));
#1821=CARTESIAN_POINT('',(-1.248984521055E1,1.158938153255E1,2.282688221565E0));
#1822=CARTESIAN_POINT('',(-1.251392410143E1,1.215460098217E1,2.177885748347E0));
#1823=CARTESIAN_POINT('',(-1.243043808004E1,1.272181335470E1,2.080420693857E0));
#1824=CARTESIAN_POINT('',(-1.224285572451E1,1.325941448367E1,2.000019440556E0));
#1825=CARTESIAN_POINT('',(-1.195247859474E1,1.375954308329E1,1.941827787359E0));
#1826=CARTESIAN_POINT('',(-1.157504918040E1,1.419178413656E1,1.912376805219E0));
#1827=CARTESIAN_POINT('',(-1.112081001124E1,1.454607298220E1,1.913560875280E0));
#1828=CARTESIAN_POINT('',(-1.061234128444E1,1.480545566048E1,1.945107569678E0));
#1829=CARTESIAN_POINT('',(-1.006510380759E1,1.496450029421E1,2.004028670244E0));
#1830=CARTESIAN_POINT('',(-9.688312932608E0,1.5E1,2.058166799624E0));
#1831=CARTESIAN_POINT('',(-9.5E0,1.5E1,2.087868822686E0));
#1833=CARTESIAN_POINT('',(0.E0,1.351390957666E1,-1.23E1));
#1834=DIRECTION('',(-1.E0,0.E0,0.E0));
#1835=DIRECTION('',(0.E0,-2.342606384439E-1,9.721738287343E-1));
#1836=AXIS2_PLACEMENT_3D('',#1833,#1834,#1835);
#1838=CARTESIAN_POINT('',(0.E0,0.E0,2.282607431014E0));
#1839=DIRECTION('',(0.E0,0.E0,1.E0));
#1840=DIRECTION('',(0.E0,1.E0,0.E0));
#1841=AXIS2_PLACEMENT_3D('',#1838,#1839,#1840);
#1843=CARTESIAN_POINT('',(0.E0,0.E0,2.282607431014E0));
#1844=DIRECTION('',(0.E0,0.E0,1.E0));
#1845=DIRECTION('',(-1.E0,0.E0,0.E0));
#1846=AXIS2_PLACEMENT_3D('',#1843,#1844,#1845);
#1848=CARTESIAN_POINT('',(0.E0,-1.351390957666E1,-1.23E1));
#1849=DIRECTION('',(1.E0,0.E0,0.E0));
#1850=DIRECTION('',(0.E0,2.342606384439E-1,9.721738287343E-1));
#1851=AXIS2_PLACEMENT_3D('',#1848,#1849,#1850);
#1853=CARTESIAN_POINT('',(-7.487358987294E-2,-1.2E1,2.623430737844E0));
#1854=CARTESIAN_POINT('',(-6.651196520046E-2,-1.2E1,2.623425446160E0));
#1855=CARTESIAN_POINT('',(-4.981710889716E-2,-1.200001578104E1,
2.623418253657E0));
#1856=CARTESIAN_POINT('',(-2.485895633875E-2,-1.200008840756E1,
2.623417749306E0));
#1857=CARTESIAN_POINT('',(-8.276970811546E-3,-1.200017059400E1,
2.623424348818E0));
#1858=CARTESIAN_POINT('',(0.E0,-1.200022043014E1,2.623429403717E0));
#1860=CARTESIAN_POINT('',(-8.808735898729E-1,-1.2E1,2.626647162193E0));
#1861=CARTESIAN_POINT('',(-7.913585681016E-1,-1.2E1,2.625996678309E0));
#1862=CARTESIAN_POINT('',(-6.123012688323E-1,-1.2E1,2.624884247627E0));
#1863=CARTESIAN_POINT('',(-3.436105240540E-1,-1.2E1,2.623804457309E0));
#1864=CARTESIAN_POINT('',(-1.644591411750E-1,-1.2E1,2.623487432376E0));
#1865=CARTESIAN_POINT('',(-7.487358987294E-2,-1.2E1,2.623430737844E0));
#1867=CARTESIAN_POINT('',(-1.033873589873E0,-1.2968E1,2.691504769134E0));
#1868=CARTESIAN_POINT('',(-1.016849938894E0,-1.286029480949E1,
2.687844266604E0));
#1869=CARTESIAN_POINT('',(-9.828182336423E-1,-1.264498310568E1,
2.678160001935E0));
#1870=CARTESIAN_POINT('',(-9.318040641119E-1,-1.232222679126E1,
2.656537081439E0));
#1871=CARTESIAN_POINT('',(-8.978437072963E-1,-1.210736649455E1,
2.637399104075E0));
#1872=CARTESIAN_POINT('',(-8.808735898729E-1,-1.2E1,2.626647162193E0));
#1874=CARTESIAN_POINT('',(-3.418735898729E-1,-1.2968E1,2.690226206914E0));
#1875=CARTESIAN_POINT('',(-4.188039478509E-1,-1.2968E1,2.690299430787E0));
#1876=CARTESIAN_POINT('',(-5.726372274084E-1,-1.2968E1,2.690494520310E0));
#1877=CARTESIAN_POINT('',(-8.033220703376E-1,-1.2968E1,2.690926023383E0));
#1878=CARTESIAN_POINT('',(-9.570341361008E-1,-1.2968E1,2.691299159071E0));
#1879=CARTESIAN_POINT('',(-1.033873589873E0,-1.2968E1,2.691504769134E0));
#1881=CARTESIAN_POINT('',(-2.822857799556E-1,-1.2591E1,2.671775714009E0));
#1882=CARTESIAN_POINT('',(-2.889064458595E-1,-1.263288761173E1,
2.674357422080E0));
#1883=CARTESIAN_POINT('',(-3.021479229212E-1,-1.271666375419E1,
2.679166152249E0));
#1884=CARTESIAN_POINT('',(-3.220112402544E-1,-1.284233493836E1,
2.685316184514E0));
#1885=CARTESIAN_POINT('',(-3.352528349354E-1,-1.292611182497E1,
2.688707549858E0));
#1886=CARTESIAN_POINT('',(-3.418735898729E-1,-1.2968E1,2.690226206914E0));
#1888=CARTESIAN_POINT('',(2.016738989355E-13,-1.278157918314E1,
2.682112407626E0));
#1889=CARTESIAN_POINT('',(-3.148568137094E-2,-1.276032230142E1,
2.681073364523E0));
#1890=CARTESIAN_POINT('',(-9.437646514274E-2,-1.271786293914E1,
2.678918612961E0));
#1891=CARTESIAN_POINT('',(-1.884632108907E-1,-1.265434229296E1,
2.675467875574E0));
#1892=CARTESIAN_POINT('',(-2.510374764817E-1,-1.261209662113E1,
2.673028368364E0));
#1893=CARTESIAN_POINT('',(-2.822857799556E-1,-1.2591E1,2.671775714009E0));
#1895=CARTESIAN_POINT('',(0.E0,-1.351390957666E1,-1.23E1));
#1896=DIRECTION('',(1.E0,0.E0,0.E0));
#1897=DIRECTION('',(0.E0,4.882202623438E-2,9.988074938417E-1));
#1898=AXIS2_PLACEMENT_3D('',#1895,#1896,#1897);
#1900=CARTESIAN_POINT('',(-2.209022221543E-14,-1.506348832897E1,
2.619745517848E0));
#1901=CARTESIAN_POINT('',(-2.301239196937E-1,-1.506348834883E1,
2.619745388740E0));
#1902=CARTESIAN_POINT('',(-7.198416147212E-1,-1.506377586931E1,
2.618669677497E0));
#1903=CARTESIAN_POINT('',(-1.573412165977E0,-1.506556352178E1,
2.611810440609E0));
#1904=CARTESIAN_POINT('',(-2.475710486233E0,-1.506894336764E1,
2.598041733082E0));
#1905=CARTESIAN_POINT('',(-3.384743892912E0,-1.507383652292E1,
2.576140284108E0));
#1906=CARTESIAN_POINT('',(-4.244794988531E0,-1.507976690070E1,
2.546464995152E0));
#1907=CARTESIAN_POINT('',(-5.071769903383E0,-1.508657662164E1,
2.508223702790E0));
#1908=CARTESIAN_POINT('',(-5.890803353950E0,-1.509434549117E1,
2.459137958752E0));
#1909=CARTESIAN_POINT('',(-6.714577105291E0,-1.510314022629E1,
2.396561919286E0));
#1910=CARTESIAN_POINT('',(-7.545770098344E0,-1.511298556347E1,
2.317549180128E0));
#1911=CARTESIAN_POINT('',(-8.334288203857E0,-1.512320672443E1,
2.225517034959E0));
#1912=CARTESIAN_POINT('',(-9.037477329462E0,-1.513303870234E1,
2.127425709965E0));
#1913=CARTESIAN_POINT('',(-9.402720647891E0,-1.513845565682E1,
2.068807701944E0));
#1914=CARTESIAN_POINT('',(-9.562567492887E0,-1.514086851807E1,
2.042032610304E0));
#1916=CARTESIAN_POINT('',(-9.562567492887E0,-1.514086851807E1,
2.042032610304E0));
#1917=CARTESIAN_POINT('',(-9.646646913584E0,-1.514213691942E1,
2.027949090305E0));
#1918=CARTESIAN_POINT('',(-9.821280488443E0,-1.513776284164E1,
1.999768571021E0));
#1919=CARTESIAN_POINT('',(-1.010014343489E1,-1.510586197153E1,
1.959007803749E0));
#1920=CARTESIAN_POINT('',(-1.040302526854E1,-1.504112762534E1,
1.920364469622E0));
#1921=CARTESIAN_POINT('',(-1.073115006753E1,-1.493288557408E1,
1.886235851199E0));
#1922=CARTESIAN_POINT('',(-1.108290593837E1,-1.476727391871E1,
1.860400326164E0));
#1923=CARTESIAN_POINT('',(-1.145123592243E1,-1.452738043847E1,
1.848440678186E0));
#1924=CARTESIAN_POINT('',(-1.181952743475E1,-1.419560634124E1,
1.857752766370E0));
#1925=CARTESIAN_POINT('',(-1.215829097826E1,-1.376227036769E1,
1.895638466454E0));
#1926=CARTESIAN_POINT('',(-1.242711680968E1,-1.323207202255E1,
1.966390724807E0));
#1927=CARTESIAN_POINT('',(-1.258475484351E1,-1.266597161651E1,
2.060156913081E0));
#1928=CARTESIAN_POINT('',(-1.261681848368E1,-1.227282650718E1,
2.133261479540E0));
#1929=CARTESIAN_POINT('',(-1.261341517536E1,-1.207276011448E1,
2.171654152199E0));
#1931=CARTESIAN_POINT('',(-1.261341517536E1,-1.207276011448E1,
2.171654152199E0));
#1932=CARTESIAN_POINT('',(-1.261100475603E1,-1.193197008795E1,
2.198673696545E0));
#1933=CARTESIAN_POINT('',(-1.260619912870E1,-1.164719524834E1,
2.250619539404E0));
#1934=CARTESIAN_POINT('',(-1.259917426448E1,-1.121896119245E1,
2.320971445279E0));
#1935=CARTESIAN_POINT('',(-1.259194334142E1,-1.076533766592E1,
2.387513868248E0));
#1936=CARTESIAN_POINT('',(-1.258432491262E1,-1.027239251713E1,
2.450950048701E0));
#1937=CARTESIAN_POINT('',(-1.257612381110E1,-9.723316718322E0,
2.511423939634E0));
#1938=CARTESIAN_POINT('',(-1.256720075895E1,-9.102135297470E0,
2.567834232040E0));
#1939=CARTESIAN_POINT('',(-1.255746670713E1,-8.392498654741E0,
2.618057086500E0));
#1940=CARTESIAN_POINT('',(-1.254691404220E1,-7.578822669747E0,
2.659186441810E0));
#1941=CARTESIAN_POINT('',(-1.253568673335E1,-6.647303428673E0,
2.687603091267E0));
#1942=CARTESIAN_POINT('',(-1.252493761592E1,-5.663860574203E0,
2.700256304275E0));
#1943=CARTESIAN_POINT('',(-1.251561559832E1,-4.698639246642E0,
2.700458161907E0));
#1944=CARTESIAN_POINT('',(-1.250822984556E1,-3.800338622879E0,
2.693926633817E0));
#1945=CARTESIAN_POINT('',(-1.250306696397E1,-3.054026835987E0,
2.686267658705E0));
#1946=CARTESIAN_POINT('',(-1.249842339973E1,-2.216724296623E0,
2.677304013355E0));
#1947=CARTESIAN_POINT('',(-1.249520611410E1,-1.373781752216E0,
2.669817755959E0));
#1948=CARTESIAN_POINT('',(-1.249350094872E1,-5.540626962960E-1,
2.665498776010E0));
#1949=CARTESIAN_POINT('',(-1.249324061122E1,2.567772829193E-1,
2.664816069425E0));
#1950=CARTESIAN_POINT('',(-1.249440829986E1,1.074097493727E0,2.667826699418E0));
#1951=CARTESIAN_POINT('',(-1.249718175119E1,1.940989358535E0,2.674549608115E0));
#1952=CARTESIAN_POINT('',(-1.250170668243E1,2.836771013094E0,2.683904912707E0));
#1953=CARTESIAN_POINT('',(-1.250713619288E1,3.655789393955E0,2.692595916348E0));
#1954=CARTESIAN_POINT('',(-1.251416450857E1,4.531043533428E0,2.699514436556E0));
#1955=CARTESIAN_POINT('',(-1.252203085034E1,5.369621728394E0,2.700804003847E0));
#1956=CARTESIAN_POINT('',(-1.252997513853E1,6.130297267290E0,2.695032868732E0));
#1957=CARTESIAN_POINT('',(-1.253804292616E1,6.842883565314E0,2.681764569012E0));
#1958=CARTESIAN_POINT('',(-1.254643695975E1,7.536567107697E0,2.659727774793E0));
#1959=CARTESIAN_POINT('',(-1.255520645655E1,8.220609763007E0,2.627495206680E0));
#1960=CARTESIAN_POINT('',(-1.256436400940E1,8.898675937694E0,2.583580947552E0));
#1961=CARTESIAN_POINT('',(-1.257353147191E1,9.545634521999E0,2.528871727615E0));
#1962=CARTESIAN_POINT('',(-1.258195047542E1,1.011534886104E1,2.469258525671E0));
#1963=CARTESIAN_POINT('',(-1.258943267488E1,1.060430704968E1,2.409040029316E0));
#1964=CARTESIAN_POINT('',(-1.259613073266E1,1.102918508639E1,2.349503431250E0));
#1965=CARTESIAN_POINT('',(-1.260222456065E1,1.140573379152E1,2.290806545058E0));
#1966=CARTESIAN_POINT('',(-1.260787855091E1,1.174703138423E1,2.232616088216E0));
#1967=CARTESIAN_POINT('',(-1.261159486249E1,1.196643736227E1,2.192058993039E0));
#1968=CARTESIAN_POINT('',(-1.261341518128E1,1.207276012014E1,2.171654182223E0));
#1970=CARTESIAN_POINT('',(-1.261341518128E1,1.207276012014E1,2.171654182223E0));
#1971=CARTESIAN_POINT('',(-1.261681816081E1,1.227279071002E1,2.133268368757E0));
#1972=CARTESIAN_POINT('',(-1.258503964600E1,1.266598811243E1,2.060120650308E0));
#1973=CARTESIAN_POINT('',(-1.242518440903E1,1.323730674788E1,1.965585988064E0));
#1974=CARTESIAN_POINT('',(-1.215704774074E1,1.376369272274E1,1.895531976912E0));
#1975=CARTESIAN_POINT('',(-1.181950498214E1,1.419563536404E1,1.857751764420E0));
#1976=CARTESIAN_POINT('',(-1.145080781930E1,1.452774655640E1,1.848433998792E0));
#1977=CARTESIAN_POINT('',(-1.108221612680E1,1.476765873304E1,1.860437673831E0));
#1978=CARTESIAN_POINT('',(-1.073052954314E1,1.493312238168E1,1.886293601418E0));
#1979=CARTESIAN_POINT('',(-1.040270421911E1,1.504120104492E1,1.920404580406E0));
#1980=CARTESIAN_POINT('',(-1.010015877705E1,1.510584883043E1,1.959007665742E0));
#1981=CARTESIAN_POINT('',(-9.821519958824E0,1.513774495214E1,1.999731876855E0));
#1982=CARTESIAN_POINT('',(-9.646760234017E0,1.514213867465E1,2.027930092574E0));
#1983=CARTESIAN_POINT('',(-9.562567492121E0,1.514086851685E1,2.042032605623E0));
#1985=CARTESIAN_POINT('',(-9.562567492121E0,1.514086851685E1,2.042032605623E0));
#1986=CARTESIAN_POINT('',(-9.313052590971E0,1.513710213538E1,2.083827486993E0));
#1987=CARTESIAN_POINT('',(-8.789362776903E0,1.512944166136E1,2.165082039054E0));
#1988=CARTESIAN_POINT('',(-7.912818483373E0,1.511759734732E1,2.277755999747E0));
#1989=CARTESIAN_POINT('',(-7.006026370801E0,1.510645342137E1,2.371304766730E0));
#1990=CARTESIAN_POINT('',(-6.109205309656E0,1.509655509615E1,2.444319007191E0));
#1991=CARTESIAN_POINT('',(-5.227456973136E0,1.508795338718E1,2.500069128938E0));
#1992=CARTESIAN_POINT('',(-4.362197059639E0,1.508065634353E1,2.541758981103E0));
#1993=CARTESIAN_POINT('',(-3.506191818065E0,1.507461524257E1,2.572396514944E0));
#1994=CARTESIAN_POINT('',(-2.670724013795E0,1.506991770133E1,2.593797070190E0));
#1995=CARTESIAN_POINT('',(-1.878713388476E0,1.506660979856E1,2.607617518946E0));
#1996=CARTESIAN_POINT('',(-1.152065212127E0,1.506458574990E1,2.615578557942E0));
#1997=CARTESIAN_POINT('',(-5.088398463937E-1,1.506362423056E1,
2.619234561174E0));
#1998=CARTESIAN_POINT('',(-1.581837752410E-1,1.506348833898E1,
2.619745770605E0));
#1999=CARTESIAN_POINT('',(-6.160913399461E-12,1.506348834867E1,
2.619745707540E0));
#2001=DIRECTION('',(2.622161323367E-4,1.472553266994E-3,9.999988814142E-1));
#2002=VECTOR('',#2001,2.005807673488E-1);
#2003=CARTESIAN_POINT('',(3.520738146141E-1,-1.233877902599E1,
2.654291890347E0));
#2004=LINE('',#2003,#2002);
#2005=DIRECTION('',(0.E0,0.E0,1.E0));
#2006=VECTOR('',#2005,2.004788002471E-1);
#2007=CARTESIAN_POINT('',(-2.628735898729E-1,-1.246818300654E1,
2.663697516286E0));
#2008=LINE('',#2007,#2006);
#2009=DIRECTION('',(-1.760156909809E-14,1.760156909809E-14,1.E0));
#2010=VECTOR('',#2009,2.018407369822E-1);
#2011=CARTESIAN_POINT('',(-9.887187439862E0,-1.2E1,2.561371412412E0));
#2012=LINE('',#2011,#2010);
#2013=DIRECTION('',(0.E0,-1.768151146238E-14,1.E0));
#2014=VECTOR('',#2013,2.009281664840E-1);
#2015=CARTESIAN_POINT('',(-8.939187439862E0,-1.2E1,2.629783058545E0));
#2016=LINE('',#2015,#2014);
#2017=DIRECTION('',(0.E0,0.E0,1.E0));
#2018=VECTOR('',#2017,2.010215614697E-1);
#2019=CARTESIAN_POINT('',(-8.271985996236E0,-1.2554E1,2.622753280697E0));
#2020=LINE('',#2019,#2018);
#2021=DIRECTION('',(0.E0,0.E0,1.E0));
#2022=VECTOR('',#2021,2.004393941331E-1);
#2023=CARTESIAN_POINT('',(-8.162853633524E0,-1.2E1,2.666678768987E0));
#2024=LINE('',#2023,#2022);
#2025=DIRECTION('',(-1.775036201599E-14,0.E0,1.E0));
#2026=VECTOR('',#2025,2.001488012245E-1);
#2027=CARTESIAN_POINT('',(-7.395853633524E0,-1.2E1,2.688699459257E0));
#2028=LINE('',#2027,#2026);
#2029=DIRECTION('',(1.325587265176E-14,0.E0,1.E0));
#2030=VECTOR('',#2029,2.010079101618E-1);
#2031=CARTESIAN_POINT('',(-7.586539783534E0,-1.2968E1,2.623780400541E0));
#2032=LINE('',#2031,#2030);
#2033=DIRECTION('',(1.761038936198E-14,-2.641558404297E-14,1.E0));
#2034=VECTOR('',#2033,2.017396438986E-1);
#2035=CARTESIAN_POINT('',(-8.476539783534E0,-1.2968E1,2.568919663346E0));
#2036=LINE('',#2035,#2034);
#2037=DIRECTION('',(0.E0,0.E0,1.E0));
#2038=VECTOR('',#2037,2.016640452617E-1);
#2039=CARTESIAN_POINT('',(-9.219459391820E0,-1.239734007683E1,
2.574569249726E0));
#2040=LINE('',#2039,#2038);
#2041=DIRECTION('',(0.E0,0.E0,1.E0));
#2042=VECTOR('',#2041,2.027143751723E-1);
#2043=CARTESIAN_POINT('',(-9.331873589873E0,-1.2968E1,2.496451600931E0));
#2044=LINE('',#2043,#2042);
#2045=DIRECTION('',(-2.614598441275E-14,0.E0,1.E0));
#2046=VECTOR('',#2045,2.038198460641E-1);
#2047=CARTESIAN_POINT('',(-1.007787358987E1,-1.2968E1,2.415096655663E0));
#2048=LINE('',#2047,#2046);
#2049=DIRECTION('',(0.E0,0.E0,1.E0));
#2050=VECTOR('',#2049,2.000699226464E-1);
#2051=CARTESIAN_POINT('',(-7.040873589873E0,-1.2E1,2.694687723892E0));
#2052=LINE('',#2051,#2050);
#2053=DIRECTION('',(0.E0,0.E0,1.E0));
#2054=VECTOR('',#2053,2.000663252531E-1);
#2055=CARTESIAN_POINT('',(-5.316873589873E0,-1.2E1,2.694960940853E0));
#2056=LINE('',#2055,#2054);
#2057=DIRECTION('',(1.776253899284E-14,0.E0,1.E0));
#2058=VECTOR('',#2057,2.000115906984E-1);
#2059=CARTESIAN_POINT('',(-5.357009360086E0,-1.222951714522E1,
2.699119157637E0));
#2060=LINE('',#2059,#2058);
#2061=DIRECTION('',(-1.331983522380E-14,2.663967044759E-14,1.E0));
#2062=VECTOR('',#2061,2.000426592620E-1);
#2063=CARTESIAN_POINT('',(-6.449009360086E0,-1.222951714522E1,
2.696758582917E0));
#2064=LINE('',#2063,#2062);
#2065=DIRECTION('',(0.E0,-1.775652681993E-14,1.E0));
#2066=VECTOR('',#2065,2.000793125158E-1);
#2067=CARTESIAN_POINT('',(-6.469507886504E0,-1.234673834814E1,
2.693974622509E0));
#2068=LINE('',#2067,#2066);
#2069=DIRECTION('',(0.E0,-1.776351490184E-14,1.E0));
#2070=VECTOR('',#2069,2.000006022700E-1);
#2071=CARTESIAN_POINT('',(-5.584507886504E0,-1.234673834814E1,
2.699954227620E0));
#2072=LINE('',#2071,#2070);
#2073=DIRECTION('',(0.E0,0.E0,1.E0));
#2074=VECTOR('',#2073,2.000330503945E-1);
#2075=CARTESIAN_POINT('',(-5.626710735011E0,-1.258807611887E1,
2.697488582300E0));
#2076=LINE('',#2075,#2074);
#2077=DIRECTION('',(-1.774665973789E-14,0.E0,1.E0));
#2078=VECTOR('',#2077,2.001905559284E-1);
#2079=CARTESIAN_POINT('',(-6.511710735011E0,-1.258807611887E1,
2.685531444005E0));
#2080=LINE('',#2079,#2078);
#2081=DIRECTION('',(0.E0,1.773976079617E-14,1.E0));
#2082=VECTOR('',#2081,2.002684094573E-1);
#2083=CARTESIAN_POINT('',(-6.533878274470E0,-1.271484160377E1,
2.679628041271E0));
#2084=LINE('',#2083,#2082);
#2085=DIRECTION('',(0.E0,0.E0,1.E0));
#2086=VECTOR('',#2085,2.000382777805E-1);
#2087=CARTESIAN_POINT('',(-5.387878274470E0,-1.271484160377E1,
2.697091441682E0));
#2088=LINE('',#2087,#2086);
#2089=DIRECTION('',(2.662793576792E-14,0.E0,1.E0));
#2090=VECTOR('',#2089,2.001308161717E-1);
#2091=CARTESIAN_POINT('',(-5.432148201272E0,-1.2968E1,2.690064426840E0));
#2092=LINE('',#2091,#2090);
#2093=DIRECTION('',(-1.769517804475E-14,1.769517804475E-14,1.E0));
#2094=VECTOR('',#2093,2.007729828893E-1);
#2095=CARTESIAN_POINT('',(-7.210148201272E0,-1.2968E1,2.641477989224E0));
#2096=LINE('',#2095,#2094);
#2097=DIRECTION('',(0.E0,0.E0,1.E0));
#2098=VECTOR('',#2097,2.002436958522E-1);
#2099=CARTESIAN_POINT('',(-4.364873589873E0,-1.2E1,2.681501506797E0));
#2100=LINE('',#2099,#2098);
#2101=DIRECTION('',(1.776030084725E-14,6.216105296537E-14,1.E0));
#2102=VECTOR('',#2101,2.000367960744E-1);
#2103=CARTESIAN_POINT('',(-4.448118900951E0,-1.245377176524E1,
2.697204009371E0));
#2104=LINE('',#2103,#2102);
#2105=DIRECTION('',(5.462180403033E-13,2.664478245382E-14,1.E0));
#2106=VECTOR('',#2105,2.000042795409E-1);
#2107=CARTESIAN_POINT('',(-4.103873589873E0,-1.2772E1,2.699674761804E0));
#2108=LINE('',#2107,#2106);
#2109=DIRECTION('',(-1.109469953273E-14,3.550303850473E-14,1.E0));
#2110=VECTOR('',#2109,2.001357533568E-1);
#2111=CARTESIAN_POINT('',(-3.652217409937E0,-1.243250466393E1,
2.689689697099E0));
#2112=LINE('',#2111,#2110);
#2113=DIRECTION('',(0.E0,0.E0,1.E0));
#2114=VECTOR('',#2113,2.004341569788E-1);
#2115=CARTESIAN_POINT('',(-3.572873589873E0,-1.2E1,2.667075071315E0));
#2116=LINE('',#2115,#2114);
#2117=DIRECTION('',(-2.435323034858E-14,0.E0,1.E0));
#2118=VECTOR('',#2117,2.005886380751E-1);
#2119=CARTESIAN_POINT('',(-2.952873589873E0,-1.2E1,2.655393924229E0));
#2120=LINE('',#2119,#2118);
#2121=DIRECTION('',(1.109250394783E-14,6.211802210782E-14,1.E0));
#2122=VECTOR('',#2121,2.001753670492E-1);
#2123=CARTESIAN_POINT('',(-3.048873589873E0,-1.2516E1,2.686683703578E0));
#2124=LINE('',#2123,#2122);
#2125=DIRECTION('',(-5.906261232347E-13,1.776319167623E-14,1.E0));
#2126=VECTOR('',#2125,2.000042415550E-1);
#2127=CARTESIAN_POINT('',(-4.138148201273E0,-1.2968E1,2.699677648612E0));
#2128=LINE('',#2127,#2126);
#2129=DIRECTION('',(-1.776356719275E-14,0.E0,1.E0));
#2130=VECTOR('',#2129,2.000000135249E-1);
#2131=CARTESIAN_POINT('',(-5.081873589873E0,-1.2516E1,2.699998972109E0));
#2132=LINE('',#2131,#2130);
#2133=DIRECTION('',(-1.331479400466E-14,2.662958800932E-14,1.E0));
#2134=VECTOR('',#2133,2.001183989905E-1);
#2135=CARTESIAN_POINT('',(-4.985873589873E0,-1.2E1,2.691006965509E0));
#2136=LINE('',#2135,#2134);
#2137=DIRECTION('',(0.E0,0.E0,1.E0));
#2138=VECTOR('',#2137,2.005088539736E-1);
#2139=CARTESIAN_POINT('',(-2.285873589873E0,-1.2227E1,2.661424596914E0));
#2140=LINE('',#2139,#2138);
#2141=DIRECTION('',(0.E0,0.E0,1.E0));
#2142=VECTOR('',#2141,2.004133711929E-1);
#2143=CARTESIAN_POINT('',(-2.804873589873E0,-1.2227E1,2.668648161884E0));
#2144=LINE('',#2143,#2142);
#2145=DIRECTION('',(1.770732512782E-14,0.E0,1.E0));
#2146=VECTOR('',#2145,2.006352542327E-1);
#2147=CARTESIAN_POINT('',(-2.759873589873E0,-1.2E1,2.651872535325E0));
#2148=LINE('',#2147,#2146);
#2149=DIRECTION('',(0.E0,1.767984002511E-14,1.E0));
#2150=VECTOR('',#2149,2.009471620645E-1);
#2151=CARTESIAN_POINT('',(-1.091873589873E0,-1.2E1,2.628352748105E0));
#2152=LINE('',#2151,#2150);
#2153=DIRECTION('',(-1.881064170554E-14,0.E0,1.E0));
#2154=VECTOR('',#2153,2.006714253993E-1);
#2155=CARTESIAN_POINT('',(-1.136873589873E0,-1.2227E1,2.649141281801E0));
#2156=LINE('',#2155,#2154);
#2157=DIRECTION('',(0.E0,0.E0,1.E0));
#2158=VECTOR('',#2157,2.006086067937E-1);
#2159=CARTESIAN_POINT('',(-1.655873589873E0,-1.2227E1,2.653885286317E0));
#2160=LINE('',#2159,#2158);
#2161=DIRECTION('',(1.997623796562E-14,0.E0,1.E0));
#2162=VECTOR('',#2161,2.000778572787E-1);
#2163=CARTESIAN_POINT('',(-1.802767863001E0,-1.2968E1,2.694085134242E0));
#2164=LINE('',#2163,#2162);
#2165=DIRECTION('',(2.219948327080E-14,-1.775958661664E-14,1.E0));
#2166=VECTOR('',#2165,2.000448408789E-1);
#2167=CARTESIAN_POINT('',(-2.432767863001E0,-1.2968E1,2.696592852074E0));
#2168=LINE('',#2167,#2166);
#2169=CARTESIAN_POINT('',(-9.5E0,1.2E1,1.5E0));
#2170=DIRECTION('',(0.E0,0.E0,-1.E0));
#2171=DIRECTION('',(0.E0,1.E0,0.E0));
#2172=AXIS2_PLACEMENT_3D('',#2169,#2170,#2171);
#2174=DIRECTION('',(0.E0,0.E0,1.E0));
#2175=VECTOR('',#2174,5.878688226860E-1);
#2176=CARTESIAN_POINT('',(-9.5E0,1.5E1,1.5E0));
#2177=LINE('',#2176,#2175);
#2178=CARTESIAN_POINT('',(-9.5E0,1.2E1,1.5E0));
#2179=DIRECTION('',(0.E0,0.E0,1.E0));
#2180=DIRECTION('',(0.E0,1.E0,0.E0));
#2181=AXIS2_PLACEMENT_3D('',#2178,#2179,#2180);
#2183=DIRECTION('',(0.E0,0.E0,1.E0));
#2184=VECTOR('',#2183,1.193902403241E0);
#2185=CARTESIAN_POINT('',(-9.5E0,9.E0,1.5E0));
#2186=LINE('',#2185,#2184);
#2187=DIRECTION('',(0.E0,-7.071067811865E-1,7.071067811865E-1));
#2188=VECTOR('',#2187,1.767766952966E0);
#2189=CARTESIAN_POINT('',(-9.5E0,1.025E1,2.5E-1));
#2190=LINE('',#2189,#2188);
#2191=DIRECTION('',(0.E0,7.071067811865E-1,7.071067811865E-1));
#2192=VECTOR('',#2191,1.767766952966E0);
#2193=CARTESIAN_POINT('',(-9.5E0,1.375E1,2.5E-1));
#2194=LINE('',#2193,#2192);
#2195=CARTESIAN_POINT('',(-9.5E0,1.2E1,2.5E-1));
#2196=DIRECTION('',(0.E0,0.E0,1.E0));
#2197=DIRECTION('',(1.E0,0.E0,0.E0));
#2198=AXIS2_PLACEMENT_3D('',#2195,#2196,#2197);
#2200=DIRECTION('',(0.E0,0.E0,-1.E0));
#2201=VECTOR('',#2200,2.5E-1);
#2202=CARTESIAN_POINT('',(-7.75E0,1.2E1,2.5E-1));
#2203=LINE('',#2202,#2201);
#2204=CARTESIAN_POINT('',(-9.5E0,1.2E1,2.5E-1));
#2205=DIRECTION('',(0.E0,0.E0,1.E0));
#2206=DIRECTION('',(0.E0,1.E0,0.E0));
#2207=AXIS2_PLACEMENT_3D('',#2204,#2205,#2206);
#2209=CARTESIAN_POINT('',(-9.5E0,1.2E1,2.5E-1));
#2210=DIRECTION('',(0.E0,0.E0,1.E0));
#2211=DIRECTION('',(0.E0,-1.E0,0.E0));
#2212=AXIS2_PLACEMENT_3D('',#2209,#2210,#2211);
#2214=CARTESIAN_POINT('',(-9.5E0,1.2E1,2.5E-1));
#2215=DIRECTION('',(0.E0,0.E0,1.E0));
#2216=DIRECTION('',(-1.E0,0.E0,0.E0));
#2217=AXIS2_PLACEMENT_3D('',#2214,#2215,#2216);
#2219=DIRECTION('',(0.E0,0.E0,-1.E0));
#2220=VECTOR('',#2219,2.5E-1);
#2221=CARTESIAN_POINT('',(-1.125E1,1.2E1,2.5E-1));
#2222=LINE('',#2221,#2220);
#2223=CARTESIAN_POINT('',(0.E0,0.E0,2.784345357753E0));
#2224=DIRECTION('',(0.E0,0.E0,1.E0));
#2225=DIRECTION('',(0.E0,-1.E0,0.E0));
#2226=AXIS2_PLACEMENT_3D('',#2223,#2224,#2225);
#2228=CARTESIAN_POINT('',(0.E0,0.E0,2.282607431014E0));
#2229=DIRECTION('',(0.E0,0.E0,-1.E0));
#2230=DIRECTION('',(0.E0,1.E0,0.E0));
#2231=AXIS2_PLACEMENT_3D('',#2228,#2229,#2230);
#2233=DIRECTION('',(0.E0,0.E0,1.E0));
#2234=VECTOR('',#2233,5.017379267386E-1);
#2235=CARTESIAN_POINT('',(0.E0,-1.E1,2.282607431014E0));
#2236=LINE('',#2235,#2234);
#2237=CARTESIAN_POINT('',(-5.196152422707E-1,-3.E-1,-1.173E2));
#2238=DIRECTION('',(-8.660254037844E-1,-5.E-1,0.E0));
#2239=DIRECTION('',(2.074714515999E-2,-3.593510952910E-2,9.991387410519E-1));
#2240=AXIS2_PLACEMENT_3D('',#2237,#2238,#2239);
#2242=CARTESIAN_POINT('',(1.980384757729E0,-4.630127018922E0,3.094725798101E0));
#2243=CARTESIAN_POINT('',(2.010588733679E0,-4.682441839858E0,3.092217052328E0));
#2244=CARTESIAN_POINT('',(2.087562720616E0,-4.779104306706E0,3.087141953203E0));
#2245=CARTESIAN_POINT('',(2.245826382327E0,-4.884710998627E0,3.080056670828E0));
#2246=CARTESIAN_POINT('',(2.431491837437E0,-4.936508161531E0,3.074337520537E0));
#2247=CARTESIAN_POINT('',(2.625110502635E0,-4.927379759454E0,3.070644630748E0));
#2248=CARTESIAN_POINT('',(2.805075476017E0,-4.858485367373E0,3.069385246960E0));
#2249=CARTESIAN_POINT('',(2.954730434252E0,-4.737049864583E0,3.070645484721E0));
#2250=CARTESIAN_POINT('',(3.059399166109E0,-4.573948924490E0,3.074338843255E0));
#2251=CARTESIAN_POINT('',(3.107362757976E0,-4.387377161719E0,3.080053993848E0));
#2252=CARTESIAN_POINT('',(3.095047957487E0,-4.197413364461E0,3.087142639158E0));
#2253=CARTESIAN_POINT('',(3.049815363606E0,-4.082435163470E0,3.092217372492E0));
#2254=CARTESIAN_POINT('',(3.019615242271E0,-4.030127018922E0,3.094725798101E0));
#2256=CARTESIAN_POINT('',(5.196152422707E-1,3.E-1,-1.173E2));
#2257=DIRECTION('',(8.660254037844E-1,5.E-1,0.E0));
#2258=DIRECTION('',(-4.312213143492E-3,7.468972257595E-3,9.999628089440E-1));
#2259=AXIS2_PLACEMENT_3D('',#2256,#2257,#2258);
#2261=CARTESIAN_POINT('',(0.E0,0.E0,3.119641255071E0));
#2262=DIRECTION('',(0.E0,0.E0,1.E0));
#2263=DIRECTION('',(3.489949670250E-2,9.993908270191E-1,0.E0));
#2264=AXIS2_PLACEMENT_3D('',#2261,#2262,#2263);
#2266=CARTESIAN_POINT('',(1.535577854910E-1,4.397319638884E0,3.119641255071E0));
#2267=CARTESIAN_POINT('',(2.179534190706E-1,4.395070893808E0,3.119641255071E0));
#2268=CARTESIAN_POINT('',(3.447881377278E-1,4.411725717839E0,3.118766354161E0));
#2269=CARTESIAN_POINT('',(5.096254592319E-1,4.488695826467E0,3.115333471698E0));
#2270=CARTESIAN_POINT('',(6.427388300460E-1,4.607993608923E0,3.110189906529E0));
#2271=CARTESIAN_POINT('',(7.363028513816E-1,4.761563077004E0,3.103681115743E0));
#2272=CARTESIAN_POINT('',(7.818681756117E-1,4.942279462469E0,3.096114825579E0));
#2273=CARTESIAN_POINT('',(7.692446847147E-1,5.134262321046E0,3.088164748138E0));
#2274=CARTESIAN_POINT('',(6.947133778681E-1,5.317214464169E0,3.080678727541E0));
#2275=CARTESIAN_POINT('',(5.626803901302E-1,5.468887218675E0,3.074574053691E0));
#2276=CARTESIAN_POINT('',(3.889081184434E-1,5.568888209459E0,3.070674655538E0));
#2277=CARTESIAN_POINT('',(2.599030403403E-1,5.594337433911E0,3.069805183858E0));
#2278=CARTESIAN_POINT('',(1.954371815340E-1,5.596588631307E0,3.069805183858E0));
#2280=CARTESIAN_POINT('',(0.E0,0.E0,3.069805183858E0));
#2281=DIRECTION('',(0.E0,0.E0,1.E0));
#2282=DIRECTION('',(3.489949670250E-2,9.993908270191E-1,0.E0));
#2283=AXIS2_PLACEMENT_3D('',#2280,#2281,#2282);
#2285=CARTESIAN_POINT('',(6.271707796059E-2,5.967131372210E-1,-1.173E2));
#2286=DIRECTION('',(1.045284632677E-1,9.945218953683E-1,0.E0));
#2287=DIRECTION('',(2.063349012799E-2,-2.168667200764E-3,9.997847548186E-1));
#2288=AXIS2_PLACEMENT_3D('',#2285,#2286,#2287);
#2290=CARTESIAN_POINT('',(2.549021816381E0,3.353919790518E-1,3.172569491980E0));
#2291=CARTESIAN_POINT('',(2.512828268721E0,3.391960742002E-1,3.173324703561E0));
#2292=CARTESIAN_POINT('',(2.439593739157E0,3.402111865191E-1,3.174838300373E0));
#2293=CARTESIAN_POINT('',(2.330818707047E0,3.216975393194E-1,3.177042971253E0));
#2294=CARTESIAN_POINT('',(2.226847120409E0,2.833768600903E-1,3.179105511720E0));
#2295=CARTESIAN_POINT('',(2.133197891062E0,2.278025246834E-1,3.180917576749E0));
#2296=CARTESIAN_POINT('',(2.049443639845E0,1.552232051205E-1,3.182488536926E0));
#2297=CARTESIAN_POINT('',(1.975851840447E0,6.181620269823E-2,3.183804590566E0));
#2298=CARTESIAN_POINT('',(1.917668757123E0,-5.367036562142E-2,
3.184754769674E0));
#2299=CARTESIAN_POINT('',(1.883102908579E0,-1.984640204118E-1,
3.185154018720E0));
#2300=CARTESIAN_POINT('',(1.887095402687E0,-3.476717834478E-1,
3.184748012695E0));
#2301=CARTESIAN_POINT('',(1.920403053009E0,-4.728059516931E-1,
3.183789273194E0));
#2302=CARTESIAN_POINT('',(1.973118360524E0,-5.790743268463E-1,
3.182470944508E0));
#2303=CARTESIAN_POINT('',(2.039897956932E0,-6.670620512057E-1,
3.180902014281E0));
#2304=CARTESIAN_POINT('',(2.119870033644E0,-7.406151583135E-1,
3.179092122309E0));
#2305=CARTESIAN_POINT('',(2.213452029555E0,-7.994848974009E-1,
3.177033182090E0));
#2306=CARTESIAN_POINT('',(2.315808662701E0,-8.400580439880E-1,
3.174832806249E0));
#2307=CARTESIAN_POINT('',(2.387483703194E0,-8.542396165716E-1,
3.173322834175E0));
#2308=CARTESIAN_POINT('',(2.423587660460E0,-8.580342953901E-1,
3.172569491980E0));
#2310=CARTESIAN_POINT('',(-6.271707796059E-2,-5.967131372210E-1,-1.173E2));
#2311=DIRECTION('',(-1.045284632677E-1,-9.945218953683E-1,0.E0));
#2312=DIRECTION('',(4.126698025598E-2,-4.337334401528E-3,9.991387410519E-1));
#2313=AXIS2_PLACEMENT_3D('',#2310,#2311,#2312);
#2315=CARTESIAN_POINT('',(4.909892398881E0,-1.119355453559E0,3.094725798101E0));
#2316=CARTESIAN_POINT('',(4.970530207066E0,-1.125728744017E0,3.092193634928E0));
#2317=CARTESIAN_POINT('',(5.094858776915E0,-1.119884318912E0,3.087083753416E0));
#2318=CARTESIAN_POINT('',(5.272492582906E0,-1.053981247002E0,3.080032441238E0));
#2319=CARTESIAN_POINT('',(5.424473512975E0,-9.328038726995E-1,
3.074280413592E0));
#2320=CARTESIAN_POINT('',(5.529406504447E0,-7.718919466871E-1,
3.070644247359E0));
#2321=CARTESIAN_POINT('',(5.562719399532E0,-6.481847839079E-1,
3.069805183858E0));
#2322=CARTESIAN_POINT('',(5.569322614062E0,-5.853593942989E-1,
3.069805183858E0));
#2324=CARTESIAN_POINT('',(0.E0,0.E0,3.069805183858E0));
#2325=DIRECTION('',(0.E0,0.E0,1.E0));
#2326=DIRECTION('',(9.945218953683E-1,-1.045284632677E-1,0.E0));
#2327=AXIS2_PLACEMENT_3D('',#2324,#2325,#2326);
#2329=CARTESIAN_POINT('',(2.277725201224E0,5.115854562799E0,3.069805183858E0));
#2330=CARTESIAN_POINT('',(2.218577744725E0,5.142188707095E0,3.069805183858E0));
#2331=CARTESIAN_POINT('',(2.091471044095E0,5.175648543159E0,3.070682978256E0));
#2332=CARTESIAN_POINT('',(1.893817197484E0,5.162244551662E0,3.074530981459E0));
#2333=CARTESIAN_POINT('',(1.710631958624E0,5.085995039512E0,3.080519071149E0));
#2334=CARTESIAN_POINT('',(1.562260799041E0,4.955742502182E0,3.087967726045E0));
#2335=CARTESIAN_POINT('',(1.463948980731E0,4.786519866843E0,3.096048813986E0));
#2336=CARTESIAN_POINT('',(1.424826730111E0,4.599018078143E0,3.103823048009E0));
#2337=CARTESIAN_POINT('',(1.443953780063E0,4.415523171632E0,3.110460970203E0));
#2338=CARTESIAN_POINT('',(1.514734975003E0,4.249280621983E0,3.115571723690E0));
#2339=CARTESIAN_POINT('',(1.630785431449E0,4.110954782847E0,3.118858817318E0));
#2340=CARTESIAN_POINT('',(1.733885716202E0,4.044423967527E0,3.119641255071E0));
#2341=CARTESIAN_POINT('',(1.789641229534E0,4.019600013627E0,3.119641255071E0));
#2343=CARTESIAN_POINT('',(0.E0,0.E0,3.119641255071E0));
#2344=DIRECTION('',(0.E0,0.E0,1.E0));
#2345=DIRECTION('',(9.994857993203E-1,3.206457479856E-2,0.E0));
#2346=AXIS2_PLACEMENT_3D('',#2343,#2344,#2345);
#2348=CARTESIAN_POINT('',(0.E0,0.E0,2.913809522866E0));
#2349=DIRECTION('',(0.E0,0.E0,-1.E0));
#2350=DIRECTION('',(0.E0,1.E0,0.E0));
#2351=AXIS2_PLACEMENT_3D('',#2348,#2349,#2350);
#2353=CARTESIAN_POINT('',(0.E0,0.E0,2.412614205856E0));
#2354=DIRECTION('',(0.E0,0.E0,1.E0));
#2355=DIRECTION('',(0.E0,-1.E0,0.E0));
#2356=AXIS2_PLACEMENT_3D('',#2353,#2354,#2355);
#2358=DIRECTION('',(0.E0,0.E0,1.E0));
#2359=VECTOR('',#2358,5.011953170109E-1);
#2360=CARTESIAN_POINT('',(0.E0,8.3E0,2.412614205856E0));
#2361=LINE('',#2360,#2359);
#2362=CARTESIAN_POINT('',(0.E0,0.E0,2.913809522866E0));
#2363=DIRECTION('',(0.E0,0.E0,1.E0));
#2364=DIRECTION('',(0.E0,1.E0,0.E0));
#2365=AXIS2_PLACEMENT_3D('',#2362,#2363,#2364);
#2367=CARTESIAN_POINT('',(0.E0,0.E0,2.913809522866E0));
#2368=DIRECTION('',(0.E0,0.E0,1.E0));
#2369=DIRECTION('',(-1.E0,0.E0,0.E0));
#2370=AXIS2_PLACEMENT_3D('',#2367,#2368,#2369);
#2372=CARTESIAN_POINT('',(0.E0,1.469576158982E-14,-1.173E2));
#2373=DIRECTION('',(1.E0,0.E0,0.E0));
#2374=DIRECTION('',(0.E0,-6.887966804979E-2,9.976249752935E-1));
#2375=AXIS2_PLACEMENT_3D('',#2372,#2373,#2374);
#2377=CARTESIAN_POINT('',(0.E0,0.E0,2.784345357753E0));
#2378=DIRECTION('',(0.E0,0.E0,1.E0));
#2379=DIRECTION('',(-1.E0,0.E0,0.E0));
#2380=AXIS2_PLACEMENT_3D('',#2377,#2378,#2379);
#2382=CARTESIAN_POINT('',(0.E0,0.E0,2.784345357753E0));
#2383=DIRECTION('',(0.E0,0.E0,1.E0));
#2384=DIRECTION('',(0.E0,1.E0,0.E0));
#2385=AXIS2_PLACEMENT_3D('',#2382,#2383,#2384);
#2387=CARTESIAN_POINT('',(0.E0,-1.469576158982E-14,-1.173E2));
#2388=DIRECTION('',(-1.E0,0.E0,0.E0));
#2389=DIRECTION('',(0.E0,6.887966804979E-2,9.976249752935E-1));
#2390=AXIS2_PLACEMENT_3D('',#2387,#2388,#2389);
#2392=CARTESIAN_POINT('',(0.E0,0.E0,2.990648015546E0));
#2393=DIRECTION('',(0.E0,0.E0,1.E0));
#2394=DIRECTION('',(-1.E0,0.E0,0.E0));
#2395=AXIS2_PLACEMENT_3D('',#2392,#2393,#2394);
#2397=CARTESIAN_POINT('',(0.E0,0.E0,2.990648015546E0));
#2398=DIRECTION('',(0.E0,0.E0,1.E0));
#2399=DIRECTION('',(0.E0,1.E0,0.E0));
#2400=AXIS2_PLACEMENT_3D('',#2397,#2398,#2399);
#2402=CARTESIAN_POINT('',(0.E0,-1.469576158982E-14,-1.173E2));
#2403=DIRECTION('',(-1.E0,0.E0,0.E0));
#2404=DIRECTION('',(0.E0,4.647302904564E-2,9.989195450943E-1));
#2405=AXIS2_PLACEMENT_3D('',#2402,#2403,#2404);
#2407=CARTESIAN_POINT('',(0.E0,0.E0,3.069805183858E0));
#2408=DIRECTION('',(0.E0,0.E0,1.E0));
#2409=DIRECTION('',(0.E0,1.E0,0.E0));
#2410=AXIS2_PLACEMENT_3D('',#2407,#2408,#2409);
#2412=CARTESIAN_POINT('',(-4.944506520010E0,2.629040751601E0,3.069805183858E0));
#2413=CARTESIAN_POINT('',(-4.974905555552E0,2.571868480935E0,3.069805183858E0));
#2414=CARTESIAN_POINT('',(-5.017154725650E0,2.447397693354E0,3.070682970818E0));
#2415=CARTESIAN_POINT('',(-5.017552209285E0,2.249243514687E0,3.074532576392E0));
#2416=CARTESIAN_POINT('',(-4.954278473737E0,2.061269739802E0,3.080518597063E0));
#2417=CARTESIAN_POINT('',(-4.834738264035E0,1.904182697578E0,3.087965426283E0));
#2418=CARTESIAN_POINT('',(-4.672712194744E0,1.794266805561E0,3.096049974727E0));
#2419=CARTESIAN_POINT('',(-4.488526937002E0,1.742179000375E0,3.103819051589E0));
#2420=CARTESIAN_POINT('',(-4.304038800781E0,1.748454341928E0,3.110460960194E0));
#2421=CARTESIAN_POINT('',(-4.133444738785E0,1.807372531694E0,3.115566912830E0));
#2422=CARTESIAN_POINT('',(-3.987187189660E0,1.913550781084E0,3.118859201574E0));
#2423=CARTESIAN_POINT('',(-3.913626323079E0,2.011779058742E0,3.119641255071E0));
#2424=CARTESIAN_POINT('',(-3.884969408579E0,2.065674876258E0,3.119641255071E0));
#2426=CARTESIAN_POINT('',(0.E0,0.E0,3.119641255071E0));
#2427=DIRECTION('',(0.E0,0.E0,1.E0));
#2428=DIRECTION('',(-6.134237986457E-1,7.897539130989E-1,0.E0));
#2429=AXIS2_PLACEMENT_3D('',#2426,#2427,#2428);
#2431=CARTESIAN_POINT('',(-5.196152422707E-1,-3.E-1,-1.173E2));
#2432=DIRECTION('',(-8.660254037844E-1,-5.E-1,0.E0));
#2433=DIRECTION('',(4.312213143492E-3,-7.468972257595E-3,9.999628089440E-1));
#2434=AXIS2_PLACEMENT_3D('',#2431,#2432,#2433);
#2436=CARTESIAN_POINT('',(0.E0,1.469576158982E-14,-1.173E2));
#2437=DIRECTION('',(1.E0,0.E0,0.E0));
#2438=DIRECTION('',(0.E0,-9.958506224067E-3,9.999504128474E-1));
#2439=AXIS2_PLACEMENT_3D('',#2436,#2437,#2438);
#2441=CARTESIAN_POINT('',(5.196152422707E-1,3.E-1,-1.173E2));
#2442=DIRECTION('',(8.660254037844E-1,5.E-1,0.E0));
#2443=DIRECTION('',(-1.808694182387E-2,3.132750219248E-2,9.993455108929E-1));
#2444=AXIS2_PLACEMENT_3D('',#2441,#2442,#2443);
#2446=CARTESIAN_POINT('',(0.E0,0.E0,3.119641255071E0));
#2447=DIRECTION('',(0.E0,0.E0,1.E0));
#2448=DIRECTION('',(0.E0,1.E0,0.E0));
#2449=AXIS2_PLACEMENT_3D('',#2446,#2447,#2448);
#2451=CARTESIAN_POINT('',(0.E0,-1.469576158982E-14,-1.173E2));
#2452=DIRECTION('',(-1.E0,0.E0,0.E0));
#2453=DIRECTION('',(0.E0,9.958506224067E-3,9.999504128474E-1));
#2454=AXIS2_PLACEMENT_3D('',#2451,#2452,#2453);
#2456=CARTESIAN_POINT('',(-2.277725201224E0,-5.115854562799E0,
3.069805183858E0));
#2457=CARTESIAN_POINT('',(-2.218577744725E0,-5.142188707095E0,
3.069805183858E0));
#2458=CARTESIAN_POINT('',(-2.091471044095E0,-5.175648543159E0,
3.070682978256E0));
#2459=CARTESIAN_POINT('',(-1.893817197484E0,-5.162244551662E0,
3.074530981459E0));
#2460=CARTESIAN_POINT('',(-1.710631958624E0,-5.085995039512E0,
3.080519071149E0));
#2461=CARTESIAN_POINT('',(-1.562260799041E0,-4.955742502182E0,
3.087967726045E0));
#2462=CARTESIAN_POINT('',(-1.463948980731E0,-4.786519866843E0,
3.096048813986E0));
#2463=CARTESIAN_POINT('',(-1.424826730111E0,-4.599018078143E0,
3.103823048009E0));
#2464=CARTESIAN_POINT('',(-1.443953780063E0,-4.415523171632E0,
3.110460970203E0));
#2465=CARTESIAN_POINT('',(-1.514734975003E0,-4.249280621983E0,
3.115571723690E0));
#2466=CARTESIAN_POINT('',(-1.630785431449E0,-4.110954782847E0,
3.118858817318E0));
#2467=CARTESIAN_POINT('',(-1.733885716202E0,-4.044423967527E0,
3.119641255071E0));
#2468=CARTESIAN_POINT('',(-1.789641229534E0,-4.019600013627E0,
3.119641255071E0));
#2470=CARTESIAN_POINT('',(0.E0,0.E0,3.119641255071E0));
#2471=DIRECTION('',(0.E0,0.E0,1.E0));
#2472=DIRECTION('',(-9.994857993203E-1,-3.206457479856E-2,0.E0));
#2473=AXIS2_PLACEMENT_3D('',#2470,#2471,#2472);
#2475=CARTESIAN_POINT('',(-6.271707796059E-2,-5.967131372210E-1,-1.173E2));
#2476=DIRECTION('',(-1.045284632677E-1,-9.945218953683E-1,0.E0));
#2477=DIRECTION('',(-2.063349012799E-2,2.168667200764E-3,9.997847548186E-1));
#2478=AXIS2_PLACEMENT_3D('',#2475,#2476,#2477);
#2480=CARTESIAN_POINT('',(-2.549021816381E0,-3.353919790518E-1,
3.172569491980E0));
#2481=CARTESIAN_POINT('',(-2.512828268721E0,-3.391960742002E-1,
3.173324703561E0));
#2482=CARTESIAN_POINT('',(-2.439593739157E0,-3.402111865192E-1,
3.174838300373E0));
#2483=CARTESIAN_POINT('',(-2.330818707047E0,-3.216975393194E-1,
3.177042971253E0));
#2484=CARTESIAN_POINT('',(-2.226847120409E0,-2.833768600904E-1,
3.179105511720E0));
#2485=CARTESIAN_POINT('',(-2.133197891062E0,-2.278025246834E-1,
3.180917576749E0));
#2486=CARTESIAN_POINT('',(-2.049443639845E0,-1.552232051205E-1,
3.182488536926E0));
#2487=CARTESIAN_POINT('',(-1.975851840447E0,-6.181620269824E-2,
3.183804590566E0));
#2488=CARTESIAN_POINT('',(-1.917668757123E0,5.367036562140E-2,
3.184754769674E0));
#2489=CARTESIAN_POINT('',(-1.883102908579E0,1.984640204118E-1,
3.185154018720E0));
#2490=CARTESIAN_POINT('',(-1.887095402687E0,3.476717834478E-1,
3.184748012695E0));
#2491=CARTESIAN_POINT('',(-1.920403053009E0,4.728059516931E-1,
3.183789273194E0));
#2492=CARTESIAN_POINT('',(-1.973118360524E0,5.790743268463E-1,
3.182470944508E0));
#2493=CARTESIAN_POINT('',(-2.039897956932E0,6.670620512057E-1,
3.180902014281E0));
#2494=CARTESIAN_POINT('',(-2.119870033644E0,7.406151583135E-1,
3.179092122309E0));
#2495=CARTESIAN_POINT('',(-2.213452029555E0,7.994848974009E-1,
3.177033182090E0));
#2496=CARTESIAN_POINT('',(-2.315808662701E0,8.400580439880E-1,
3.174832806249E0));
#2497=CARTESIAN_POINT('',(-2.387483703194E0,8.542396165715E-1,
3.173322834175E0));
#2498=CARTESIAN_POINT('',(-2.423587660460E0,8.580342953901E-1,
3.172569491980E0));
#2500=CARTESIAN_POINT('',(6.271707796059E-2,5.967131372210E-1,-1.173E2));
#2501=DIRECTION('',(1.045284632677E-1,9.945218953683E-1,0.E0));
#2502=DIRECTION('',(-4.126698025598E-2,4.337334401528E-3,9.991387410519E-1));
#2503=AXIS2_PLACEMENT_3D('',#2500,#2501,#2502);
#2505=CARTESIAN_POINT('',(-4.909892398881E0,1.119355453559E0,3.094725798101E0));
#2506=CARTESIAN_POINT('',(-4.970530207066E0,1.125728744017E0,3.092193634928E0));
#2507=CARTESIAN_POINT('',(-5.094858776915E0,1.119884318912E0,3.087083753416E0));
#2508=CARTESIAN_POINT('',(-5.272492582906E0,1.053981247002E0,3.080032441238E0));
#2509=CARTESIAN_POINT('',(-5.424473512975E0,9.328038726995E-1,
3.074280413592E0));
#2510=CARTESIAN_POINT('',(-5.529406504447E0,7.718919466871E-1,
3.070644247359E0));
#2511=CARTESIAN_POINT('',(-5.562719399532E0,6.481847839079E-1,
3.069805183858E0));
#2512=CARTESIAN_POINT('',(-5.569322614062E0,5.853593942989E-1,
3.069805183858E0));
#2514=CARTESIAN_POINT('',(0.E0,0.E0,3.069805183858E0));
#2515=DIRECTION('',(0.E0,0.E0,1.E0));
#2516=DIRECTION('',(-9.945218953683E-1,1.045284632677E-1,0.E0));
#2517=AXIS2_PLACEMENT_3D('',#2514,#2515,#2516);
#2519=DIRECTION('',(0.E0,0.E0,1.E0));
#2520=VECTOR('',#2519,5.011953170109E-1);
#2521=CARTESIAN_POINT('',(-8.3E0,0.E0,2.412614205856E0));
#2522=LINE('',#2521,#2520);
#2523=CARTESIAN_POINT('',(0.E0,0.E0,2.412614205856E0));
#2524=DIRECTION('',(0.E0,0.E0,1.E0));
#2525=DIRECTION('',(0.E0,1.E0,0.E0));
#2526=AXIS2_PLACEMENT_3D('',#2523,#2524,#2525);
#2528=CARTESIAN_POINT('',(0.E0,-1.469576158982E-14,-1.173E2));
#2529=DIRECTION('',(-1.E0,0.E0,0.E0));
#2530=DIRECTION('',(0.E0,5.916666666667E-2,9.982481182329E-1));
#2531=AXIS2_PLACEMENT_3D('',#2528,#2529,#2530);
#2533=CARTESIAN_POINT('',(0.E0,0.E0,2.489774187950E0));
#2534=DIRECTION('',(0.E0,0.E0,1.E0));
#2535=DIRECTION('',(0.E0,1.E0,0.E0));
#2536=AXIS2_PLACEMENT_3D('',#2533,#2534,#2535);
#2538=CARTESIAN_POINT('',(0.E0,0.E0,2.489774187950E0));
#2539=DIRECTION('',(0.E0,0.E0,1.E0));
#2540=DIRECTION('',(-1.E0,0.E0,0.E0));
#2541=AXIS2_PLACEMENT_3D('',#2538,#2539,#2540);
#2543=CARTESIAN_POINT('',(0.E0,1.469576158982E-14,-1.173E2));
#2544=DIRECTION('',(1.E0,0.E0,0.E0));
#2545=DIRECTION('',(0.E0,-5.916666666667E-2,9.982481182329E-1));
#2546=AXIS2_PLACEMENT_3D('',#2543,#2544,#2545);
#2548=CARTESIAN_POINT('',(0.E0,0.E0,2.412614205856E0));
#2549=DIRECTION('',(0.E0,0.E0,1.E0));
#2550=DIRECTION('',(-1.E0,0.E0,0.E0));
#2551=AXIS2_PLACEMENT_3D('',#2548,#2549,#2550);
#2553=CARTESIAN_POINT('',(5.196152422707E-1,3.E-1,-1.173E2));
#2554=DIRECTION('',(8.660254037844E-1,5.E-1,0.E0));
#2555=DIRECTION('',(-1.816230596166E-2,3.145803670821E-2,9.993400435130E-1));
#2556=AXIS2_PLACEMENT_3D('',#2553,#2554,#2555);
#2558=CARTESIAN_POINT('',(0.E0,-1.469576158982E-14,-1.173E2));
#2559=DIRECTION('',(-1.E0,0.E0,0.E0));
#2560=DIRECTION('',(0.E0,0.E0,1.E0));
#2561=AXIS2_PLACEMENT_3D('',#2558,#2559,#2560);
#2563=CARTESIAN_POINT('',(0.E0,1.469576158982E-14,-1.173E2));
#2564=DIRECTION('',(1.E0,0.E0,0.E0));
#2565=DIRECTION('',(0.E0,0.E0,1.E0));
#2566=AXIS2_PLACEMENT_3D('',#2563,#2564,#2565);
#2568=CARTESIAN_POINT('',(-5.196152422707E-1,-3.E-1,-1.173E2));
#2569=DIRECTION('',(-8.660254037844E-1,-5.E-1,0.E0));
#2570=DIRECTION('',(4.330181146525E-3,-7.500093751758E-3,9.999624983593E-1));
#2571=AXIS2_PLACEMENT_3D('',#2568,#2569,#2570);
#2573=CARTESIAN_POINT('',(0.E0,0.E0,2.619306202129E0));
#2574=DIRECTION('',(0.E0,0.E0,1.E0));
#2575=DIRECTION('',(-6.134237986457E-1,7.897539130989E-1,0.E0));
#2576=AXIS2_PLACEMENT_3D('',#2573,#2574,#2575);
#2578=CARTESIAN_POINT('',(-4.944506520010E0,2.629040751601E0,2.569262115023E0));
#2579=CARTESIAN_POINT('',(-4.974905442582E0,2.571868693402E0,2.569262115023E0));
#2580=CARTESIAN_POINT('',(-5.017156017260E0,2.447398431669E0,2.570143505411E0));
#2581=CARTESIAN_POINT('',(-5.017549641262E0,2.249229855976E0,2.574009609465E0));
#2582=CARTESIAN_POINT('',(-4.954279053576E0,2.061272041431E0,2.580020194786E0));
#2583=CARTESIAN_POINT('',(-4.834732794586E0,1.904176359149E0,2.587498504661E0));
#2584=CARTESIAN_POINT('',(-4.672708903016E0,1.794266533159E0,2.595616600609E0));
#2585=CARTESIAN_POINT('',(-4.488529425854E0,1.742178873060E0,2.603417886977E0));
#2586=CARTESIAN_POINT('',(-4.304035916931E0,1.748455591671E0,2.610087683806E0));
#2587=CARTESIAN_POINT('',(-4.133455581112E0,1.807367330222E0,2.615214562932E0));
#2588=CARTESIAN_POINT('',(-3.987187328518E0,1.913549171634E0,2.618520912123E0));
#2589=CARTESIAN_POINT('',(-3.913626584974E0,2.011778566190E0,2.619306202129E0));
#2590=CARTESIAN_POINT('',(-3.884969408579E0,2.065674876258E0,2.619306202129E0));
#2592=CARTESIAN_POINT('',(0.E0,0.E0,2.569262115023E0));
#2593=DIRECTION('',(0.E0,0.E0,1.E0));
#2594=DIRECTION('',(0.E0,1.E0,0.E0));
#2595=AXIS2_PLACEMENT_3D('',#2592,#2593,#2594);
#2597=CARTESIAN_POINT('',(0.E0,-1.469576158982E-14,-1.173E2));
#2598=DIRECTION('',(-1.E0,0.E0,0.E0));
#2599=DIRECTION('',(0.E0,3.666666666667E-2,9.993275516844E-1));
#2600=AXIS2_PLACEMENT_3D('',#2597,#2598,#2599);
#2602=CARTESIAN_POINT('',(0.E0,0.E0,2.619306202129E0));
#2603=DIRECTION('',(0.E0,0.E0,1.E0));
#2604=DIRECTION('',(0.E0,1.E0,0.E0));
#2605=AXIS2_PLACEMENT_3D('',#2602,#2603,#2604);
#2607=CARTESIAN_POINT('',(-2.277725201224E0,-5.115854562799E0,
2.569262115023E0));
#2608=CARTESIAN_POINT('',(-2.218577951E0,-5.142188615256E0,2.569262115023E0));
#2609=CARTESIAN_POINT('',(-2.091471660134E0,-5.175649887576E0,
2.570143513226E0));
#2610=CARTESIAN_POINT('',(-1.893803728198E0,-5.162241027028E0,
2.574008008647E0));
#2611=CARTESIAN_POINT('',(-1.710634270279E0,-5.085995802285E0,
2.580020668993E0));
#2612=CARTESIAN_POINT('',(-1.562254865599E0,-4.955736648939E0,
2.587500812172E0));
#2613=CARTESIAN_POINT('',(-1.463948912583E0,-4.786516432480E0,
2.595615440480E0));
#2614=CARTESIAN_POINT('',(-1.424826428945E0,-4.599020782288E0,
2.603421891314E0));
#2615=CARTESIAN_POINT('',(-1.443955285573E0,-4.415520151965E0,
2.610087701642E0));
#2616=CARTESIAN_POINT('',(-1.514728921714E0,-4.249291290116E0,
2.615219387508E0));
#2617=CARTESIAN_POINT('',(-1.630783811556E0,-4.110954778192E0,
2.618520527520E0));
#2618=CARTESIAN_POINT('',(-1.733885208179E0,-4.044424193713E0,
2.619306202129E0));
#2619=CARTESIAN_POINT('',(-1.789641229534E0,-4.019600013627E0,
2.619306202129E0));
#2621=CARTESIAN_POINT('',(0.E0,0.E0,2.569262115023E0));
#2622=DIRECTION('',(0.E0,0.E0,1.E0));
#2623=DIRECTION('',(-9.945218953683E-1,1.045284632677E-1,0.E0));
#2624=AXIS2_PLACEMENT_3D('',#2621,#2622,#2623);
#2626=CARTESIAN_POINT('',(-4.909892398881E0,1.119355453559E0,2.594286769637E0));
#2627=CARTESIAN_POINT('',(-4.970530515751E0,1.125728776461E0,2.591744024265E0));
#2628=CARTESIAN_POINT('',(-5.094859430949E0,1.119883967364E0,2.586612800054E0));
#2629=CARTESIAN_POINT('',(-5.272490987858E0,1.053982190979E0,2.579532137676E0));
#2630=CARTESIAN_POINT('',(-5.424474526035E0,9.328031167059E-1,
2.573755992993E0));
#2631=CARTESIAN_POINT('',(-5.529406810924E0,7.718909857594E-1,
2.570104673746E0));
#2632=CARTESIAN_POINT('',(-5.562719448998E0,6.481843132688E-1,
2.569262115023E0));
#2633=CARTESIAN_POINT('',(-5.569322614062E0,5.853593942989E-1,
2.569262115023E0));
#2635=CARTESIAN_POINT('',(6.271707796059E-2,5.967131372210E-1,-1.173E2));
#2636=DIRECTION('',(1.045284632677E-1,9.945218953683E-1,0.E0));
#2637=DIRECTION('',(-4.143893029688E-2,4.355407079081E-3,9.991315456360E-1));
#2638=AXIS2_PLACEMENT_3D('',#2635,#2636,#2637);
#2640=CARTESIAN_POINT('',(-2.549021816381E0,-3.353919790518E-1,
2.672455172010E0));
#2641=CARTESIAN_POINT('',(-2.512838391344E0,-3.391950102697E-1,
2.673213319649E0));
#2642=CARTESIAN_POINT('',(-2.439626643316E0,-3.402110739038E-1,
2.674732755841E0));
#2643=CARTESIAN_POINT('',(-2.330896746421E0,-3.217157331163E-1,
2.676945721078E0));
#2644=CARTESIAN_POINT('',(-2.226955792954E0,-2.834252352691E-1,
2.679016289561E0));
#2645=CARTESIAN_POINT('',(-2.133334116823E0,-2.278994495775E-1,
2.680835442178E0));
#2646=CARTESIAN_POINT('',(-2.049545524608E0,-1.553329779446E-1,
2.682413689657E0));
#2647=CARTESIAN_POINT('',(-1.975910194776E0,-6.191435726102E-2,
2.683736105143E0));
#2648=CARTESIAN_POINT('',(-1.917681934265E0,5.361884376196E-2,
2.684691078957E0));
#2649=CARTESIAN_POINT('',(-1.883095502236E0,1.984796197638E-1,
2.685092272292E0));
#2650=CARTESIAN_POINT('',(-1.887102144546E0,3.477541648184E-1,
2.684684135533E0));
#2651=CARTESIAN_POINT('',(-1.920449862896E0,4.729396602740E-1,
2.683720458164E0));
#2652=CARTESIAN_POINT('',(-1.973207360031E0,5.792210947967E-1,
2.682395732182E0));
#2653=CARTESIAN_POINT('',(-2.040022186528E0,6.671965091482E-1,
2.680819559478E0));
#2654=CARTESIAN_POINT('',(-2.119975036769E0,7.406912775188E-1,
2.679002649225E0));
#2655=CARTESIAN_POINT('',(-2.213531415941E0,7.995221181657E-1,
2.676935742498E0));
#2656=CARTESIAN_POINT('',(-2.315845081264E0,8.400657717606E-1,
2.674727149396E0));
#2657=CARTESIAN_POINT('',(-2.387495323411E0,8.542408379055E-1,
2.673211411092E0));
#2658=CARTESIAN_POINT('',(-2.423587660460E0,8.580342953901E-1,
2.672455172010E0));
#2660=CARTESIAN_POINT('',(-6.271707796059E-2,-5.967131372210E-1,-1.173E2));
#2661=DIRECTION('',(-1.045284632677E-1,-9.945218953683E-1,0.E0));
#2662=DIRECTION('',(-2.071946514844E-2,2.177703539541E-3,9.997829571318E-1));
#2663=AXIS2_PLACEMENT_3D('',#2660,#2661,#2662);
#2665=CARTESIAN_POINT('',(0.E0,0.E0,2.619306202129E0));
#2666=DIRECTION('',(0.E0,0.E0,1.E0));
#2667=DIRECTION('',(-9.994857993203E-1,-3.206457479856E-2,0.E0));
#2668=AXIS2_PLACEMENT_3D('',#2665,#2666,#2667);
#2670=CARTESIAN_POINT('',(1.980384757729E0,-4.630127018922E0,2.594286769637E0));
#2671=CARTESIAN_POINT('',(2.010589646390E0,-4.682443420719E0,2.591767476227E0));
#2672=CARTESIAN_POINT('',(2.087567910221E0,-4.779104957776E0,2.586671136643E0));
#2673=CARTESIAN_POINT('',(2.245799125787E0,-4.884699272588E0,2.579557398346E0));
#2674=CARTESIAN_POINT('',(2.431498726588E0,-4.936510061675E0,2.573813164808E0));
#2675=CARTESIAN_POINT('',(2.625092214825E0,-4.927381858021E0,2.570105372859E0));
#2676=CARTESIAN_POINT('',(2.805077404935E0,-4.858488527940E0,2.568840270160E0));
#2677=CARTESIAN_POINT('',(2.954741768414E0,-4.737034683746E0,2.570106236797E0));
#2678=CARTESIAN_POINT('',(3.059397488763E0,-4.573955512206E0,2.573814502379E0));
#2679=CARTESIAN_POINT('',(3.107366239299E0,-4.387347409847E0,2.579554720279E0));
#2680=CARTESIAN_POINT('',(3.095045913869E0,-4.197418238945E0,2.586671823752E0));
#2681=CARTESIAN_POINT('',(3.049816293216E0,-4.082436773602E0,2.591767796318E0));
#2682=CARTESIAN_POINT('',(3.019615242271E0,-4.030127018922E0,2.594286769637E0));
#2684=CARTESIAN_POINT('',(-5.196152422707E-1,-3.E-1,-1.173E2));
#2685=DIRECTION('',(-8.660254037844E-1,-5.E-1,0.E0));
#2686=DIRECTION('',(2.083359375488E-2,-3.608484288771E-2,9.991315456360E-1));
#2687=AXIS2_PLACEMENT_3D('',#2684,#2685,#2686);
#2689=CARTESIAN_POINT('',(5.196152422707E-1,3.E-1,-1.173E2));
#2690=DIRECTION('',(8.660254037844E-1,5.E-1,0.E0));
#2691=DIRECTION('',(-4.330181146525E-3,7.500093751758E-3,9.999624983593E-1));
#2692=AXIS2_PLACEMENT_3D('',#2689,#2690,#2691);
#2694=CARTESIAN_POINT('',(0.E0,0.E0,2.619306202129E0));
#2695=DIRECTION('',(0.E0,0.E0,1.E0));
#2696=DIRECTION('',(3.489949670250E-2,9.993908270191E-1,0.E0));
#2697=AXIS2_PLACEMENT_3D('',#2694,#2695,#2696);
#2699=CARTESIAN_POINT('',(0.E0,0.E0,2.569262115023E0));
#2700=DIRECTION('',(0.E0,0.E0,1.E0));
#2701=DIRECTION('',(3.489949670250E-2,9.993908270191E-1,0.E0));
#2702=AXIS2_PLACEMENT_3D('',#2699,#2700,#2701);
#2704=CARTESIAN_POINT('',(1.535577854910E-1,4.397319638884E0,2.619306202129E0));
#2705=CARTESIAN_POINT('',(2.179521862658E-1,4.395070936858E0,2.619306202129E0));
#2706=CARTESIAN_POINT('',(3.447850128604E-1,4.411724017655E0,2.618427726330E0));
#2707=CARTESIAN_POINT('',(5.096298634888E-1,4.488699298467E0,2.614980294020E0));
#2708=CARTESIAN_POINT('',(6.427322931109E-1,4.607986656431E0,2.609815716583E0));
#2709=CARTESIAN_POINT('',(7.363026077140E-1,4.761560930165E0,2.603279554411E0));
#2710=CARTESIAN_POINT('',(7.818667430432E-1,4.942273547117E0,2.595681844191E0));
#2711=CARTESIAN_POINT('',(7.692476814628E-1,5.134254428636E0,2.587698657657E0));
#2712=CARTESIAN_POINT('',(6.947107349113E-1,5.317217901372E0,2.580180920820E0));
#2713=CARTESIAN_POINT('',(5.626890792415E-1,5.468879556635E0,2.574051204665E0));
#2714=CARTESIAN_POINT('',(3.889068255911E-1,5.568890060530E0,2.570135142154E0));
#2715=CARTESIAN_POINT('',(2.599022934077E-1,5.594337459995E0,2.569262115023E0));
#2716=CARTESIAN_POINT('',(1.954371815340E-1,5.596588631307E0,2.569262115023E0));
#2718=CARTESIAN_POINT('',(6.271707796059E-2,5.967131372210E-1,-1.173E2));
#2719=DIRECTION('',(1.045284632677E-1,9.945218953683E-1,0.E0));
#2720=DIRECTION('',(2.071946514844E-2,-2.177703539541E-3,9.997829571318E-1));
#2721=AXIS2_PLACEMENT_3D('',#2718,#2719,#2720);
#2723=CARTESIAN_POINT('',(0.E0,0.E0,2.619306202129E0));
#2724=DIRECTION('',(0.E0,0.E0,1.E0));
#2725=DIRECTION('',(9.994857993203E-1,3.206457479856E-2,0.E0));
#2726=AXIS2_PLACEMENT_3D('',#2723,#2724,#2725);
#2728=CARTESIAN_POINT('',(2.277725201224E0,5.115854562799E0,2.569262115023E0));
#2729=CARTESIAN_POINT('',(2.218577951E0,5.142188615256E0,2.569262115023E0));
#2730=CARTESIAN_POINT('',(2.091471660134E0,5.175649887576E0,2.570143513226E0));
#2731=CARTESIAN_POINT('',(1.893803728198E0,5.162241027028E0,2.574008008647E0));
#2732=CARTESIAN_POINT('',(1.710634270279E0,5.085995802285E0,2.580020668993E0));
#2733=CARTESIAN_POINT('',(1.562254865599E0,4.955736648939E0,2.587500812172E0));
#2734=CARTESIAN_POINT('',(1.463948912583E0,4.786516432480E0,2.595615440480E0));
#2735=CARTESIAN_POINT('',(1.424826428945E0,4.599020782288E0,2.603421891314E0));
#2736=CARTESIAN_POINT('',(1.443955285573E0,4.415520151965E0,2.610087701642E0));
#2737=CARTESIAN_POINT('',(1.514728921714E0,4.249291290116E0,2.615219387508E0));
#2738=CARTESIAN_POINT('',(1.630783811556E0,4.110954778192E0,2.618520527520E0));
#2739=CARTESIAN_POINT('',(1.733885208179E0,4.044424193713E0,2.619306202129E0));
#2740=CARTESIAN_POINT('',(1.789641229534E0,4.019600013627E0,2.619306202129E0));
#2742=CARTESIAN_POINT('',(0.E0,0.E0,2.569262115023E0));
#2743=DIRECTION('',(0.E0,0.E0,1.E0));
#2744=DIRECTION('',(9.945218953683E-1,-1.045284632677E-1,0.E0));
#2745=AXIS2_PLACEMENT_3D('',#2742,#2743,#2744);
#2747=CARTESIAN_POINT('',(4.909892398881E0,-1.119355453559E0,2.594286769637E0));
#2748=CARTESIAN_POINT('',(4.970530515751E0,-1.125728776461E0,2.591744024265E0));
#2749=CARTESIAN_POINT('',(5.094859430949E0,-1.119883967364E0,2.586612800054E0));
#2750=CARTESIAN_POINT('',(5.272490987858E0,-1.053982190979E0,2.579532137676E0));
#2751=CARTESIAN_POINT('',(5.424474526035E0,-9.328031167059E-1,
2.573755992993E0));
#2752=CARTESIAN_POINT('',(5.529406810924E0,-7.718909857594E-1,
2.570104673746E0));
#2753=CARTESIAN_POINT('',(5.562719448998E0,-6.481843132688E-1,
2.569262115023E0));
#2754=CARTESIAN_POINT('',(5.569322614062E0,-5.853593942989E-1,
2.569262115023E0));
#2756=CARTESIAN_POINT('',(-6.271707796059E-2,-5.967131372210E-1,-1.173E2));
#2757=DIRECTION('',(-1.045284632677E-1,-9.945218953683E-1,0.E0));
#2758=DIRECTION('',(4.143893029688E-2,-4.355407079081E-3,9.991315456360E-1));
#2759=AXIS2_PLACEMENT_3D('',#2756,#2757,#2758);
#2761=CARTESIAN_POINT('',(2.549021816381E0,3.353919790518E-1,2.672455172010E0));
#2762=CARTESIAN_POINT('',(2.512838391344E0,3.391950102697E-1,2.673213319649E0));
#2763=CARTESIAN_POINT('',(2.439626643316E0,3.402110739037E-1,2.674732755841E0));
#2764=CARTESIAN_POINT('',(2.330896746421E0,3.217157331163E-1,2.676945721078E0));
#2765=CARTESIAN_POINT('',(2.226955792954E0,2.834252352691E-1,2.679016289561E0));
#2766=CARTESIAN_POINT('',(2.133334116823E0,2.278994495775E-1,2.680835442178E0));
#2767=CARTESIAN_POINT('',(2.049545524608E0,1.553329779446E-1,2.682413689657E0));
#2768=CARTESIAN_POINT('',(1.975910194776E0,6.191435726099E-2,2.683736105143E0));
#2769=CARTESIAN_POINT('',(1.917681934265E0,-5.361884376198E-2,
2.684691078957E0));
#2770=CARTESIAN_POINT('',(1.883095502236E0,-1.984796197638E-1,
2.685092272292E0));
#2771=CARTESIAN_POINT('',(1.887102144546E0,-3.477541648185E-1,
2.684684135533E0));
#2772=CARTESIAN_POINT('',(1.920449862896E0,-4.729396602740E-1,
2.683720458164E0));
#2773=CARTESIAN_POINT('',(1.973207360031E0,-5.792210947967E-1,
2.682395732182E0));
#2774=CARTESIAN_POINT('',(2.040022186528E0,-6.671965091482E-1,
2.680819559478E0));
#2775=CARTESIAN_POINT('',(2.119975036769E0,-7.406912775188E-1,
2.679002649225E0));
#2776=CARTESIAN_POINT('',(2.213531415941E0,-7.995221181657E-1,
2.676935742498E0));
#2777=CARTESIAN_POINT('',(2.315845081264E0,-8.400657717606E-1,
2.674727149396E0));
#2778=CARTESIAN_POINT('',(2.387495323411E0,-8.542408379056E-1,
2.673211411092E0));
#2779=CARTESIAN_POINT('',(2.423587660460E0,-8.580342953901E-1,
2.672455172010E0));
#2781=CARTESIAN_POINT('',(0.E0,0.E0,2.990648015546E0));
#2782=DIRECTION('',(0.E0,0.E0,1.E0));
#2783=DIRECTION('',(0.E0,-1.E0,0.E0));
#2784=AXIS2_PLACEMENT_3D('',#2781,#2782,#2783);
#2786=CARTESIAN_POINT('',(0.E0,0.E0,2.489774187950E0));
#2787=DIRECTION('',(0.E0,0.E0,-1.E0));
#2788=DIRECTION('',(0.E0,1.E0,0.E0));
#2789=AXIS2_PLACEMENT_3D('',#2786,#2787,#2788);
#2791=DIRECTION('',(0.E0,0.E0,1.E0));
#2792=VECTOR('',#2791,5.008738275963E-1);
#2793=CARTESIAN_POINT('',(0.E0,-7.1E0,2.489774187950E0));
#2794=LINE('',#2793,#2792);
#2795=DIRECTION('',(1.773257796205E-14,0.E0,1.E0));
#2796=VECTOR('',#2795,5.008738275963E-1);
#2797=CARTESIAN_POINT('',(-7.1E0,0.E0,2.489774187950E0));
#2798=LINE('',#2797,#2796);
#2799=DIRECTION('',(0.E0,0.E0,1.E0));
#2800=VECTOR('',#2799,5.004390284641E-1);
#2801=CARTESIAN_POINT('',(3.019615242271E0,-4.030127018922E0,2.594286769637E0));
#2802=LINE('',#2801,#2800);
#2803=DIRECTION('',(0.E0,0.E0,1.E0));
#2804=VECTOR('',#2803,5.003350529419E-1);
#2805=CARTESIAN_POINT('',(-1.659834229500E0,4.074917217635E0,2.619306202129E0));
#2806=LINE('',#2805,#2804);
#2807=DIRECTION('',(0.E0,0.E0,1.E0));
#2808=VECTOR('',#2807,5.003350529419E-1);
#2809=CARTESIAN_POINT('',(1.535577854910E-1,4.397319638884E0,2.619306202129E0));
#2810=LINE('',#2809,#2808);
#2811=DIRECTION('',(0.E0,1.419543651684E-14,1.E0));
#2812=VECTOR('',#2811,5.005430688357E-1);
#2813=CARTESIAN_POINT('',(1.954371815340E-1,5.596588631307E0,2.569262115023E0));
#2814=LINE('',#2813,#2812);
#2815=DIRECTION('',(-1.064657738763E-14,0.E0,1.E0));
#2816=VECTOR('',#2815,5.005430688357E-1);
#2817=CARTESIAN_POINT('',(-4.944506520010E0,2.629040751601E0,2.569262115023E0));
#2818=LINE('',#2817,#2816);
#2819=DIRECTION('',(0.E0,0.E0,1.E0));
#2820=VECTOR('',#2819,5.003350529419E-1);
#2821=CARTESIAN_POINT('',(-3.884969408579E0,2.065674876258E0,2.619306202129E0));
#2822=LINE('',#2821,#2820);
#2823=DIRECTION('',(0.E0,0.E0,1.E0));
#2824=VECTOR('',#2823,5.003350529419E-1);
#2825=CARTESIAN_POINT('',(-2.699064714041E0,3.474917217635E0,2.619306202129E0));
#2826=LINE('',#2825,#2824);
#2827=DIRECTION('',(0.E0,0.E0,1.E0));
#2828=VECTOR('',#2827,5.004390284641E-1);
#2829=CARTESIAN_POINT('',(1.980384757729E0,-4.630127018922E0,2.594286769637E0));
#2830=LINE('',#2829,#2828);
#2831=DIRECTION('',(-1.598355707507E-14,0.E0,1.E0));
#2832=VECTOR('',#2831,5.001143199700E-1);
#2833=CARTESIAN_POINT('',(2.549021816381E0,3.353919790518E-1,2.672455172010E0));
#2834=LINE('',#2833,#2832);
#2835=DIRECTION('',(-3.285508954320E-14,1.220966165457E-14,1.E0));
#2836=VECTOR('',#2835,5.001143199700E-1);
#2837=CARTESIAN_POINT('',(2.423587660460E0,-8.580342953901E-1,
2.672455172010E0));
#2838=LINE('',#2837,#2836);
#2839=DIRECTION('',(1.064879079187E-14,0.E0,1.E0));
#2840=VECTOR('',#2839,5.004390284641E-1);
#2841=CARTESIAN_POINT('',(4.909892398881E0,-1.119355453559E0,2.594286769637E0));
#2842=LINE('',#2841,#2840);
#2843=DIRECTION('',(1.064657738763E-14,0.E0,1.E0));
#2844=VECTOR('',#2843,5.005430688357E-1);
#2845=CARTESIAN_POINT('',(5.569322614062E0,-5.853593942989E-1,
2.569262115023E0));
#2846=LINE('',#2845,#2844);
#2847=DIRECTION('',(0.E0,1.242100695223E-14,1.E0));
#2848=VECTOR('',#2847,5.005430688357E-1);
#2849=CARTESIAN_POINT('',(2.277725201224E0,5.115854562799E0,2.569262115023E0));
#2850=LINE('',#2849,#2848);
#2851=DIRECTION('',(0.E0,0.E0,1.E0));
#2852=VECTOR('',#2851,5.003350529419E-1);
#2853=CARTESIAN_POINT('',(1.789641229534E0,4.019600013627E0,2.619306202129E0));
#2854=LINE('',#2853,#2852);
#2855=DIRECTION('',(0.E0,0.E0,1.E0));
#2856=VECTOR('',#2855,5.003350529419E-1);
#2857=CARTESIAN_POINT('',(4.397737517009E0,1.410841291136E-1,2.619306202129E0));
#2858=LINE('',#2857,#2856);
#2859=DIRECTION('',(0.E0,0.E0,1.E0));
#2860=VECTOR('',#2859,5.003350529419E-1);
#2861=CARTESIAN_POINT('',(-1.789641229534E0,-4.019600013627E0,
2.619306202129E0));
#2862=LINE('',#2861,#2860);
#2863=DIRECTION('',(0.E0,0.E0,1.E0));
#2864=VECTOR('',#2863,5.003350529419E-1);
#2865=CARTESIAN_POINT('',(-4.397737517009E0,-1.410841291137E-1,
2.619306202129E0));
#2866=LINE('',#2865,#2864);
#2867=DIRECTION('',(1.775950786119E-14,0.E0,1.E0));
#2868=VECTOR('',#2867,5.001143199700E-1);
#2869=CARTESIAN_POINT('',(-2.549021816381E0,-3.353919790518E-1,
2.672455172010E0));
#2870=LINE('',#2869,#2868);
#2871=DIRECTION('',(1.598355707507E-14,0.E0,1.E0));
#2872=VECTOR('',#2871,5.001143199700E-1);
#2873=CARTESIAN_POINT('',(-2.423587660460E0,8.580342953901E-1,
2.672455172010E0));
#2874=LINE('',#2873,#2872);
#2875=DIRECTION('',(0.E0,0.E0,1.E0));
#2876=VECTOR('',#2875,5.004390284641E-1);
#2877=CARTESIAN_POINT('',(-4.909892398881E0,1.119355453559E0,2.594286769637E0));
#2878=LINE('',#2877,#2876);
#2879=DIRECTION('',(-1.242100695223E-14,0.E0,1.E0));
#2880=VECTOR('',#2879,5.005430688357E-1);
#2881=CARTESIAN_POINT('',(-5.569322614062E0,5.853593942989E-1,
2.569262115023E0));
#2882=LINE('',#2881,#2880);
#2883=DIRECTION('',(0.E0,0.E0,1.E0));
#2884=VECTOR('',#2883,5.005430688357E-1);
#2885=CARTESIAN_POINT('',(-2.277725201224E0,-5.115854562799E0,
2.569262115023E0));
#2886=LINE('',#2885,#2884);
#2887=DIRECTION('',(0.E0,0.E0,1.E0));
#2888=VECTOR('',#2887,5.017379267386E-1);
#2889=CARTESIAN_POINT('',(-1.E1,0.E0,2.282607431014E0));
#2890=LINE('',#2889,#2888);
#2891=DIRECTION('',(0.E0,-5.136099631792E-13,1.E0));
#2892=VECTOR('',#2891,2.005971536212E-1);
#2893=CARTESIAN_POINT('',(1.084126410127E0,-1.2302E1,2.654750537712E0));
#2894=LINE('',#2893,#2892);
#2895=DIRECTION('',(-6.096179661862E-14,0.E0,1.E0));
#2896=VECTOR('',#2895,2.010125572736E-1);
#2897=CARTESIAN_POINT('',(-7.487358987294E-2,-1.2E1,2.623430737844E0));
#2898=LINE('',#2897,#2896);
#2899=DIRECTION('',(0.E0,0.E0,1.E0));
#2900=VECTOR('',#2899,2.009698181712E-1);
#2901=CARTESIAN_POINT('',(-8.808735898729E-1,-1.2E1,2.626647162193E0));
#2902=LINE('',#2901,#2900);
#2903=DIRECTION('',(0.E0,0.E0,1.E0));
#2904=VECTOR('',#2903,2.001118414499E-1);
#2905=CARTESIAN_POINT('',(-1.033873589873E0,-1.2968E1,2.691504769134E0));
#2906=LINE('',#2905,#2904);
#2907=DIRECTION('',(1.913903266740E-14,0.E0,1.E0));
#2908=VECTOR('',#2907,2.001286847418E-1);
#2909=CARTESIAN_POINT('',(-3.418735898729E-1,-1.2968E1,2.690226206914E0));
#2910=LINE('',#2909,#2908);
#2911=DIRECTION('',(0.E0,0.E0,1.E0));
#2912=VECTOR('',#2911,2.003720584914E-1);
#2913=CARTESIAN_POINT('',(-2.822857799556E-1,-1.2591E1,2.671775714009E0));
#2914=LINE('',#2913,#2912);
#2915=DIRECTION('',(0.E0,0.E0,1.E0));
#2916=VECTOR('',#2915,2.001294310578E-1);
#2917=CARTESIAN_POINT('',(2.761264101271E-1,-1.2968E1,2.690169559545E0));
#2918=LINE('',#2917,#2916);
#2919=DIRECTION('',(0.E0,0.E0,1.E0));
#2920=VECTOR('',#2919,2.001090726768E-1);
#2921=CARTESIAN_POINT('',(1.110126410127E0,-1.2968E1,2.691714965172E0));
#2922=LINE('',#2921,#2920);
#2923=DIRECTION('',(0.E0,0.E0,1.E0));
#2924=VECTOR('',#2923,2.004063916242E-1);
#2925=CARTESIAN_POINT('',(3.811264101271E-1,-1.2547E1,2.669176455829E0));
#2926=LINE('',#2925,#2924);
#2927=DIRECTION('',(0.E0,1.770448156713E-14,1.E0));
#2928=VECTOR('',#2927,2.006674787584E-1);
#2929=CARTESIAN_POINT('',(2.623126410127E0,-1.2E1,2.649439241703E0));
#2930=LINE('',#2929,#2928);
#2931=DIRECTION('',(0.E0,1.771924566902E-14,1.E0));
#2932=VECTOR('',#2931,2.005002777862E-1);
#2933=CARTESIAN_POINT('',(3.309126410127E0,-1.2E1,2.662073132399E0));
#2934=LINE('',#2933,#2932);
#2935=DIRECTION('',(0.E0,0.E0,1.E0));
#2936=VECTOR('',#2935,2.001934497564E-1);
#2937=CARTESIAN_POINT('',(3.216126410127E0,-1.244129411765E1,2.685311931969E0));
#2938=LINE('',#2937,#2936);
#2939=DIRECTION('',(0.E0,0.E0,1.E0));
#2940=VECTOR('',#2939,2.003008449331E-1);
#2941=CARTESIAN_POINT('',(4.117126410127E0,-1.2E1,2.677169900417E0));
#2942=LINE('',#2941,#2940);
#2943=DIRECTION('',(0.E0,1.775205074637E-14,1.E0));
#2944=VECTOR('',#2943,2.001297613194E-1);
#2945=CARTESIAN_POINT('',(4.922126410127E0,-1.2E1,2.690144491950E0));
#2946=LINE('',#2945,#2944);
#2947=DIRECTION('',(0.E0,0.E0,1.E0));
#2948=VECTOR('',#2947,2.000888114302E-1);
#2949=CARTESIAN_POINT('',(3.885126410127E0,-1.2473E1,2.693253307502E0));
#2950=LINE('',#2949,#2948);
#2951=DIRECTION('',(0.E0,0.E0,1.E0));
#2952=VECTOR('',#2951,2.000433451914E-1);
#2953=CARTESIAN_POINT('',(4.801126410127E0,-1.2968E1,2.696706474548E0));
#2954=LINE('',#2953,#2952);
#2955=DIRECTION('',(0.E0,0.E0,1.E0));
#2956=VECTOR('',#2955,2.000006430422E-1);
#2957=CARTESIAN_POINT('',(3.936126410127E0,-1.2968E1,2.699951128952E0));
#2958=LINE('',#2957,#2956);
#2959=DIRECTION('',(0.E0,1.775060791147E-14,1.E0));
#2960=VECTOR('',#2959,2.001460286047E-1);
#2961=CARTESIAN_POINT('',(3.196126410127E0,-1.253619607843E1,2.688909870113E0));
#2962=LINE('',#2961,#2960);
#2963=DIRECTION('',(0.E0,0.E0,1.E0));
#2964=VECTOR('',#2963,2.000141074790E-1);
#2965=CARTESIAN_POINT('',(3.105126410127E0,-1.2968E1,2.698927906720E0));
#2966=LINE('',#2965,#2964);
#2967=DIRECTION('',(0.E0,0.E0,1.E0));
#2968=VECTOR('',#2967,2.000455475561E-1);
#2969=CARTESIAN_POINT('',(2.419126410127E0,-1.2968E1,2.696539168711E0));
#2970=LINE('',#2969,#2968);
#2971=CARTESIAN_POINT('',(9.5E0,-1.2E1,1.5E0));
#2972=DIRECTION('',(0.E0,0.E0,-1.E0));
#2973=DIRECTION('',(0.E0,1.E0,0.E0));
#2974=AXIS2_PLACEMENT_3D('',#2971,#2972,#2973);
#2976=DIRECTION('',(0.E0,0.E0,1.E0));
#2977=VECTOR('',#2976,1.193902403241E0);
#2978=CARTESIAN_POINT('',(9.5E0,-9.E0,1.5E0));
#2979=LINE('',#2978,#2977);
#2980=CARTESIAN_POINT('',(9.5E0,-1.2E1,1.5E0));
#2981=DIRECTION('',(0.E0,0.E0,1.E0));
#2982=DIRECTION('',(0.E0,1.E0,0.E0));
#2983=AXIS2_PLACEMENT_3D('',#2980,#2981,#2982);
#2985=DIRECTION('',(1.208675657460E-14,0.E0,1.E0));
#2986=VECTOR('',#2985,5.878688226860E-1);
#2987=CARTESIAN_POINT('',(9.5E0,-1.5E1,1.5E0));
#2988=LINE('',#2987,#2986);
#2989=DIRECTION('',(0.E0,-7.071067811865E-1,7.071067811865E-1));
#2990=VECTOR('',#2989,1.767766952966E0);
#2991=CARTESIAN_POINT('',(9.5E0,-1.375E1,2.5E-1));
#2992=LINE('',#2991,#2990);
#2993=DIRECTION('',(0.E0,7.071067811865E-1,7.071067811865E-1));
#2994=VECTOR('',#2993,1.767766952966E0);
#2995=CARTESIAN_POINT('',(9.5E0,-1.025E1,2.5E-1));
#2996=LINE('',#2995,#2994);
#2997=CARTESIAN_POINT('',(9.5E0,-1.2E1,2.5E-1));
#2998=DIRECTION('',(0.E0,0.E0,1.E0));
#2999=DIRECTION('',(1.E0,0.E0,0.E0));
#3000=AXIS2_PLACEMENT_3D('',#2997,#2998,#2999);
#3002=DIRECTION('',(0.E0,-1.421085471520E-14,-1.E0));
#3003=VECTOR('',#3002,2.5E-1);
#3004=CARTESIAN_POINT('',(1.125E1,-1.2E1,2.5E-1));
#3005=LINE('',#3004,#3003);
#3006=CARTESIAN_POINT('',(9.5E0,-1.2E1,2.5E-1));
#3007=DIRECTION('',(0.E0,0.E0,1.E0));
#3008=DIRECTION('',(0.E0,1.E0,0.E0));
#3009=AXIS2_PLACEMENT_3D('',#3006,#3007,#3008);
#3011=CARTESIAN_POINT('',(9.5E0,-1.2E1,2.5E-1));
#3012=DIRECTION('',(0.E0,0.E0,1.E0));
#3013=DIRECTION('',(0.E0,-1.E0,0.E0));
#3014=AXIS2_PLACEMENT_3D('',#3011,#3012,#3013);
#3016=CARTESIAN_POINT('',(9.5E0,-1.2E1,2.5E-1));
#3017=DIRECTION('',(0.E0,0.E0,1.E0));
#3018=DIRECTION('',(-1.E0,0.E0,0.E0));
#3019=AXIS2_PLACEMENT_3D('',#3016,#3017,#3018);
#3021=DIRECTION('',(0.E0,0.E0,-1.E0));
#3022=VECTOR('',#3021,2.5E-1);
#3023=CARTESIAN_POINT('',(7.75E0,-1.2E1,2.5E-1));
#3024=LINE('',#3023,#3022);
#3025=DIRECTION('',(5.911234464880E-10,-2.593547598906E-9,1.E0));
#3026=VECTOR('',#3025,1.2E0);
#3027=CARTESIAN_POINT('',(-6.087513849348E0,1.277777777778E1,0.E0));
#3028=LINE('',#3027,#3026);
#3029=DIRECTION('',(3.407163440272E-9,-7.765639982911E-10,1.E0));
#3030=VECTOR('',#3029,1.2E0);
#3031=CARTESIAN_POINT('',(-1.027777777778E1,8.587513849347E0,0.E0));
#3032=LINE('',#3031,#3030);
#3033=CARTESIAN_POINT('',(-9.5E0,1.2E1,1.2E0));
#3034=DIRECTION('',(0.E0,0.E0,-1.E0));
#3035=DIRECTION('',(9.749960430436E-1,2.222222222222E-1,0.E0));
#3036=AXIS2_PLACEMENT_3D('',#3033,#3034,#3035);
#3038=CARTESIAN_POINT('',(-9.5E0,1.2E1,1.5E0));
#3039=DIRECTION('',(0.E0,0.E0,1.E0));
#3040=DIRECTION('',(-2.223459473603E-1,-9.749678352092E-1,0.E0));
#3041=AXIS2_PLACEMENT_3D('',#3038,#3039,#3040);
#3043=CARTESIAN_POINT('',(-5.795015036434E0,1.284444444444E1,1.2E0));
#3044=DIRECTION('',(2.222222222222E-1,-9.749960430436E-1,0.E0));
#3045=DIRECTION('',(0.E0,0.E0,1.E0));
#3046=AXIS2_PLACEMENT_3D('',#3043,#3044,#3045);
#3048=CARTESIAN_POINT('',(-1.034444444444E1,8.295015036434E0,1.2E0));
#3049=DIRECTION('',(9.749960430436E-1,-2.222222222222E-1,0.E0));
#3050=DIRECTION('',(2.222222222222E-1,9.749960430436E-1,0.E0));
#3051=AXIS2_PLACEMENT_3D('',#3048,#3049,#3050);
#3053=CARTESIAN_POINT('',(-1.05E1,7.612517806304E0,1.2E0));
#3054=DIRECTION('',(0.E0,0.E0,-1.E0));
#3055=DIRECTION('',(-1.E0,0.E0,0.E0));
#3056=AXIS2_PLACEMENT_3D('',#3053,#3054,#3055);
#3058=CARTESIAN_POINT('',(-1.05E1,7.612517806304E0,1.5E0));
#3059=DIRECTION('',(0.E0,0.E0,1.E0));
#3060=DIRECTION('',(2.215504272145E-1,9.751489159103E-1,0.E0));
#3061=AXIS2_PLACEMENT_3D('',#3058,#3059,#3060);
#3063=DIRECTION('',(0.E0,-1.E0,0.E0));
#3064=VECTOR('',#3063,1.961251780630E1);
#3065=CARTESIAN_POINT('',(-1.12E1,7.612517806304E0,1.5E0));
#3066=LINE('',#3065,#3064);
#3067=CARTESIAN_POINT('',(-9.5E0,-1.2E1,1.5E0));
#3068=DIRECTION('',(0.E0,0.E0,1.E0));
#3069=DIRECTION('',(-1.E0,0.E0,0.E0));
#3070=AXIS2_PLACEMENT_3D('',#3067,#3068,#3069);
#3072=DIRECTION('',(1.E0,0.E0,0.E0));
#3073=VECTOR('',#3072,1.461251780630E1);
#3074=CARTESIAN_POINT('',(-9.5E0,-1.37E1,1.5E0));
#3075=LINE('',#3074,#3073);
#3076=CARTESIAN_POINT('',(5.112517806304E0,-1.3E1,1.5E0));
#3077=DIRECTION('',(0.E0,0.E0,1.E0));
#3078=DIRECTION('',(-1.040437577363E-13,-1.E0,0.E0));
#3079=AXIS2_PLACEMENT_3D('',#3076,#3077,#3078);
#3081=CARTESIAN_POINT('',(1.05E1,-7.612517806304E0,1.5E0));
#3082=DIRECTION('',(0.E0,0.E0,1.E0));
#3083=DIRECTION('',(-2.215988229929E-1,-9.751379192956E-1,0.E0));
#3084=AXIS2_PLACEMENT_3D('',#3081,#3082,#3083);
#3086=DIRECTION('',(0.E0,1.E0,0.E0));
#3087=VECTOR('',#3086,1.961251780630E1);
#3088=CARTESIAN_POINT('',(1.12E1,-7.612517806304E0,1.5E0));
#3089=LINE('',#3088,#3087);
#3090=CARTESIAN_POINT('',(9.5E0,1.2E1,1.5E0));
#3091=DIRECTION('',(0.E0,0.E0,1.E0));
#3092=DIRECTION('',(1.E0,0.E0,0.E0));
#3093=AXIS2_PLACEMENT_3D('',#3090,#3091,#3092);
#3095=DIRECTION('',(-1.E0,0.E0,0.E0));
#3096=VECTOR('',#3095,1.461251780630E1);
#3097=CARTESIAN_POINT('',(9.5E0,1.37E1,1.5E0));
#3098=LINE('',#3097,#3096);
#3099=CARTESIAN_POINT('',(-5.112517806304E0,1.3E1,1.5E0));
#3100=DIRECTION('',(0.E0,0.E0,1.E0));
#3101=DIRECTION('',(0.E0,1.E0,0.E0));
#3102=AXIS2_PLACEMENT_3D('',#3099,#3100,#3101);
#3104=CARTESIAN_POINT('',(-1.12E1,7.612517806304E0,1.2E0));
#3105=DIRECTION('',(0.E0,-1.E0,0.E0));
#3106=DIRECTION('',(0.E0,0.E0,1.E0));
#3107=AXIS2_PLACEMENT_3D('',#3104,#3105,#3106);
#3109=DIRECTION('',(0.E0,-1.E0,0.E0));
#3110=VECTOR('',#3109,1.961251780194E1);
#3111=CARTESIAN_POINT('',(-1.15E1,7.612517803111E0,1.2E0));
#3112=LINE('',#3111,#3110);
#3113=DIRECTION('',(0.E0,-2.660446677775E-9,1.E0));
#3114=VECTOR('',#3113,1.2E0);
#3115=CARTESIAN_POINT('',(-1.15E1,7.612517806304E0,0.E0));
#3116=LINE('',#3115,#3114);
#3117=DIRECTION('',(0.E0,9.781953025367E-10,1.E0));
#3118=VECTOR('',#3117,1.2E0);
#3119=CARTESIAN_POINT('',(-1.15E1,-1.2E1,0.E0));
#3120=LINE('',#3119,#3118);
#3121=CARTESIAN_POINT('',(-1.05E1,7.612517806304E0,0.E0));
#3122=DIRECTION('',(0.E0,0.E0,1.E0));
#3123=DIRECTION('',(2.222222222222E-1,9.749960430436E-1,0.E0));
#3124=AXIS2_PLACEMENT_3D('',#3121,#3122,#3123);
#3126=CARTESIAN_POINT('',(-9.5E0,-1.2E1,1.2E0));
#3127=DIRECTION('',(0.E0,0.E0,1.E0));
#3128=DIRECTION('',(-1.E0,0.E0,0.E0));
#3129=AXIS2_PLACEMENT_3D('',#3126,#3127,#3128);
#3131=DIRECTION('',(1.279373644062E-9,0.E0,1.E0));
#3132=VECTOR('',#3131,1.2E0);
#3133=CARTESIAN_POINT('',(-9.5E0,-1.4E1,0.E0));
#3134=LINE('',#3133,#3132);
#3135=CARTESIAN_POINT('',(-1.12E1,-1.2E1,1.2E0));
#3136=DIRECTION('',(0.E0,-1.E0,0.E0));
#3137=DIRECTION('',(0.E0,0.E0,1.E0));
#3138=AXIS2_PLACEMENT_3D('',#3135,#3136,#3137);
#3140=CARTESIAN_POINT('',(-9.5E0,-1.37E1,1.2E0));
#3141=DIRECTION('',(1.E0,0.E0,0.E0));
#3142=DIRECTION('',(0.E0,-3.552713678801E-14,1.E0));
#3143=AXIS2_PLACEMENT_3D('',#3140,#3141,#3142);
#3145=DIRECTION('',(-3.494860697136E-9,0.E0,1.E0));
#3146=VECTOR('',#3145,1.2E0);
#3147=CARTESIAN_POINT('',(5.112517806304E0,-1.4E1,0.E0));
#3148=LINE('',#3147,#3146);
#3149=DIRECTION('',(1.E0,0.E0,0.E0));
#3150=VECTOR('',#3149,1.461251780057E1);
#3151=CARTESIAN_POINT('',(-9.499999998465E0,-1.4E1,1.2E0));
#3152=LINE('',#3151,#3150);
#3153=CARTESIAN_POINT('',(5.112517806304E0,-1.3E1,0.E0));
#3154=DIRECTION('',(0.E0,0.E0,1.E0));
#3155=DIRECTION('',(0.E0,-1.E0,0.E0));
#3156=AXIS2_PLACEMENT_3D('',#3153,#3154,#3155);
#3158=DIRECTION('',(-3.407158999380E-9,7.765639982911E-10,1.E0));
#3159=VECTOR('',#3158,1.2E0);
#3160=CARTESIAN_POINT('',(1.027777777778E1,-8.587513849348E0,0.E0));
#3161=LINE('',#3160,#3159);
#3162=DIRECTION('',(-5.911249267854E-10,2.593555000393E-9,1.E0));
#3163=VECTOR('',#3162,1.2E0);
#3164=CARTESIAN_POINT('',(6.087513849347E0,-1.277777777778E1,0.E0));
#3165=LINE('',#3164,#3163);
#3166=CARTESIAN_POINT('',(1.05E1,-7.612517806304E0,0.E0));
#3167=DIRECTION('',(0.E0,0.E0,1.E0));
#3168=DIRECTION('',(-2.222222222222E-1,-9.749960430436E-1,0.E0));
#3169=AXIS2_PLACEMENT_3D('',#3166,#3167,#3168);
#3171=DIRECTION('',(0.E0,1.E0,0.E0));
#3172=VECTOR('',#3171,1.961251780194E1);
#3173=CARTESIAN_POINT('',(1.15E1,-7.612517803111E0,1.2E0));
#3174=LINE('',#3173,#3172);
#3175=DIRECTION('',(0.E0,2.660442977032E-9,1.E0));
#3176=VECTOR('',#3175,1.2E0);
#3177=CARTESIAN_POINT('',(1.15E1,-7.612517806304E0,0.E0));
#3178=LINE('',#3177,#3176);
#3179=DIRECTION('',(0.E0,-9.781997434288E-10,1.E0));
#3180=VECTOR('',#3179,1.2E0);
#3181=CARTESIAN_POINT('',(1.15E1,1.2E1,0.E0));
#3182=LINE('',#3181,#3180);
#3183=CARTESIAN_POINT('',(1.12E1,-7.612517806304E0,1.2E0));
#3184=DIRECTION('',(0.E0,1.E0,0.E0));
#3185=DIRECTION('',(0.E0,0.E0,1.E0));
#3186=AXIS2_PLACEMENT_3D('',#3183,#3184,#3185);
#3188=CARTESIAN_POINT('',(1.12E1,1.2E1,1.2E0));
#3189=DIRECTION('',(0.E0,1.E0,0.E0));
#3190=DIRECTION('',(-2.368475785867E-14,0.E0,1.E0));
#3191=AXIS2_PLACEMENT_3D('',#3188,#3189,#3190);
#3193=CARTESIAN_POINT('',(9.5E0,1.2E1,1.2E0));
#3194=DIRECTION('',(0.E0,0.E0,1.E0));
#3195=DIRECTION('',(1.E0,0.E0,0.E0));
#3196=AXIS2_PLACEMENT_3D('',#3193,#3194,#3195);
#3198=DIRECTION('',(-1.279315912465E-9,0.E0,1.E0));
#3199=VECTOR('',#3198,1.2E0);
#3200=CARTESIAN_POINT('',(9.5E0,1.4E1,0.E0));
#3201=LINE('',#3200,#3199);
#3202=DIRECTION('',(3.494860697136E-9,0.E0,1.E0));
#3203=VECTOR('',#3202,1.2E0);
#3204=CARTESIAN_POINT('',(-5.112517806304E0,1.4E1,0.E0));
#3205=LINE('',#3204,#3203);
#3206=DIRECTION('',(-1.E0,0.E0,0.E0));
#3207=VECTOR('',#3206,1.461251780057E1);
#3208=CARTESIAN_POINT('',(9.499999998465E0,1.4E1,1.2E0));
#3209=LINE('',#3208,#3207);
#3210=CARTESIAN_POINT('',(-5.112517806304E0,1.3E1,0.E0));
#3211=DIRECTION('',(0.E0,0.E0,1.E0));
#3212=DIRECTION('',(0.E0,1.E0,0.E0));
#3213=AXIS2_PLACEMENT_3D('',#3210,#3211,#3212);
#3215=CARTESIAN_POINT('',(-5.112517806304E0,1.37E1,1.2E0));
#3216=DIRECTION('',(1.E0,0.E0,0.E0));
#3217=DIRECTION('',(0.E0,1.E0,0.E0));
#3218=AXIS2_PLACEMENT_3D('',#3215,#3216,#3217);
#3220=CARTESIAN_POINT('',(-5.112517806304E0,1.3E1,1.2E0));
#3221=DIRECTION('',(0.E0,0.E0,-1.E0));
#3222=DIRECTION('',(-9.749960430436E-1,-2.222222222222E-1,0.E0));
#3223=AXIS2_PLACEMENT_3D('',#3220,#3221,#3222);
#3225=CARTESIAN_POINT('',(9.5E0,1.37E1,1.2E0));
#3226=DIRECTION('',(-1.E0,0.E0,0.E0));
#3227=DIRECTION('',(0.E0,0.E0,1.E0));
#3228=AXIS2_PLACEMENT_3D('',#3225,#3226,#3227);
#3230=CARTESIAN_POINT('',(1.034444444444E1,-8.295015036434E0,1.2E0));
#3231=DIRECTION('',(-9.749960430436E-1,2.222222222222E-1,0.E0));
#3232=DIRECTION('',(-2.222222222222E-1,-9.749960430436E-1,0.E0));
#3233=AXIS2_PLACEMENT_3D('',#3230,#3231,#3232);
#3235=CARTESIAN_POINT('',(1.05E1,-7.612517806304E0,1.2E0));
#3236=DIRECTION('',(0.E0,0.E0,-1.E0));
#3237=DIRECTION('',(1.E0,0.E0,0.E0));
#3238=AXIS2_PLACEMENT_3D('',#3235,#3236,#3237);
#3240=CARTESIAN_POINT('',(9.5E0,-1.2E1,1.2E0));
#3241=DIRECTION('',(0.E0,0.E0,-1.E0));
#3242=DIRECTION('',(-9.749960430436E-1,-2.222222222222E-1,0.E0));
#3243=AXIS2_PLACEMENT_3D('',#3240,#3241,#3242);
#3245=CARTESIAN_POINT('',(9.5E0,-1.2E1,1.5E0));
#3246=DIRECTION('',(0.E0,0.E0,1.E0));
#3247=DIRECTION('',(2.223370360372E-1,9.749698674350E-1,0.E0));
#3248=AXIS2_PLACEMENT_3D('',#3245,#3246,#3247);
#3250=CARTESIAN_POINT('',(5.795015036434E0,-1.284444444444E1,1.2E0));
#3251=DIRECTION('',(-2.222222222222E-1,9.749960430436E-1,0.E0));
#3252=DIRECTION('',(0.E0,0.E0,1.E0));
#3253=AXIS2_PLACEMENT_3D('',#3250,#3251,#3252);
#3255=CARTESIAN_POINT('',(5.112517806304E0,-1.37E1,1.2E0));
#3256=DIRECTION('',(-1.E0,0.E0,0.E0));
#3257=DIRECTION('',(0.E0,-1.E0,0.E0));
#3258=AXIS2_PLACEMENT_3D('',#3255,#3256,#3257);
#3260=CARTESIAN_POINT('',(5.112517806304E0,-1.3E1,1.2E0));
#3261=DIRECTION('',(0.E0,0.E0,-1.E0));
#3262=DIRECTION('',(9.749960430436E-1,2.222222222222E-1,0.E0));
#3263=AXIS2_PLACEMENT_3D('',#3260,#3261,#3262);
#3265=CARTESIAN_POINT('',(1.3E1,-1.2E1,0.E0));
#3266=CARTESIAN_POINT('',(1.3E1,1.2E1,0.E0));
#3267=VERTEX_POINT('',#3265);
#3268=VERTEX_POINT('',#3266);
#3269=CARTESIAN_POINT('',(9.5E0,1.55E1,0.E0));
#3270=VERTEX_POINT('',#3269);
#3271=CARTESIAN_POINT('',(-9.5E0,1.55E1,0.E0));
#3272=VERTEX_POINT('',#3271);
#3273=CARTESIAN_POINT('',(-1.3E1,1.2E1,0.E0));
#3274=VERTEX_POINT('',#3273);
#3275=CARTESIAN_POINT('',(-1.3E1,-1.2E1,0.E0));
#3276=VERTEX_POINT('',#3275);
#3277=CARTESIAN_POINT('',(-9.5E0,-1.55E1,0.E0));
#3278=VERTEX_POINT('',#3277);
#3279=CARTESIAN_POINT('',(9.5E0,-1.55E1,0.E0));
#3280=VERTEX_POINT('',#3279);
#3281=VERTEX_POINT('',#2670);
#3282=VERTEX_POINT('',#2682);
#3283=VERTEX_POINT('',#2242);
#3284=VERTEX_POINT('',#2254);
#3285=CARTESIAN_POINT('',(0.E0,1.2E0,2.693999849992E0));
#3286=VERTEX_POINT('',#3285);
#3287=CARTESIAN_POINT('',(0.E0,1.2E0,3.194024748118E0));
#3288=VERTEX_POINT('',#3287);
#3289=CARTESIAN_POINT('',(1.535577854910E-1,4.397319638884E0,2.619306202129E0));
#3290=CARTESIAN_POINT('',(0.E0,4.4E0,2.619306202129E0));
#3291=VERTEX_POINT('',#3289);
#3292=VERTEX_POINT('',#3290);
#3293=CARTESIAN_POINT('',(1.535577854910E-1,4.397319638884E0,3.119641255071E0));
#3294=CARTESIAN_POINT('',(0.E0,4.4E0,3.119641255071E0));
#3295=VERTEX_POINT('',#3293);
#3296=VERTEX_POINT('',#3294);
#3297=VERTEX_POINT('',#2716);
#3298=VERTEX_POINT('',#2278);
#3299=CARTESIAN_POINT('',(0.E0,5.6E0,2.569262115023E0));
#3300=VERTEX_POINT('',#3299);
#3301=CARTESIAN_POINT('',(0.E0,5.6E0,3.069805183858E0));
#3302=VERTEX_POINT('',#3301);
#3303=CARTESIAN_POINT('',(-1.199040866595E-14,-1.2E0,2.693999849992E0));
#3304=VERTEX_POINT('',#3303);
#3305=CARTESIAN_POINT('',(0.E0,-1.2E0,3.194024748118E0));
#3306=VERTEX_POINT('',#3305);
#3307=CARTESIAN_POINT('',(2.549021816381E0,3.353919790518E-1,2.672455172010E0));
#3308=CARTESIAN_POINT('',(4.397737517009E0,1.410841291136E-1,2.619306202129E0));
#3309=VERTEX_POINT('',#3307);
#3310=VERTEX_POINT('',#3308);
#3311=CARTESIAN_POINT('',(2.549021816381E0,3.353919790518E-1,3.172569491980E0));
#3312=CARTESIAN_POINT('',(4.397737517009E0,1.410841291136E-1,3.119641255071E0));
#3313=VERTEX_POINT('',#3311);
#3314=VERTEX_POINT('',#3312);
#3315=VERTEX_POINT('',#2779);
#3316=VERTEX_POINT('',#2308);
#3317=CARTESIAN_POINT('',(4.909892398881E0,-1.119355453559E0,2.594286769637E0));
#3318=VERTEX_POINT('',#3317);
#3319=CARTESIAN_POINT('',(4.909892398881E0,-1.119355453559E0,3.094725798101E0));
#3320=VERTEX_POINT('',#3319);
#3321=VERTEX_POINT('',#2754);
#3322=VERTEX_POINT('',#2322);
#3323=CARTESIAN_POINT('',(2.277725201224E0,5.115854562799E0,2.569262115023E0));
#3324=VERTEX_POINT('',#3323);
#3325=CARTESIAN_POINT('',(2.277725201224E0,5.115854562799E0,3.069805183858E0));
#3326=VERTEX_POINT('',#3325);
#3327=VERTEX_POINT('',#2740);
#3328=VERTEX_POINT('',#2341);
#3329=CARTESIAN_POINT('',(0.E0,8.3E0,2.412614205856E0));
#3330=CARTESIAN_POINT('',(-8.3E0,0.E0,2.412614205856E0));
#3331=VERTEX_POINT('',#3329);
#3332=VERTEX_POINT('',#3330);
#3333=CARTESIAN_POINT('',(0.E0,8.3E0,2.913809522866E0));
#3334=CARTESIAN_POINT('',(-8.3E0,0.E0,2.913809522866E0));
#3335=VERTEX_POINT('',#3333);
#3336=VERTEX_POINT('',#3334);
#3337=CARTESIAN_POINT('',(0.E0,-8.3E0,2.412614205856E0));
#3338=VERTEX_POINT('',#3337);
#3339=CARTESIAN_POINT('',(0.E0,-8.3E0,2.913809522866E0));
#3340=VERTEX_POINT('',#3339);
#3341=CARTESIAN_POINT('',(-1.E1,0.E0,2.282607431014E0));
#3342=CARTESIAN_POINT('',(0.E0,-1.E1,2.282607431014E0));
#3343=VERTEX_POINT('',#3341);
#3344=VERTEX_POINT('',#3342);
#3345=CARTESIAN_POINT('',(-1.E1,0.E0,2.784345357753E0));
#3346=CARTESIAN_POINT('',(0.E0,-1.E1,2.784345357753E0));
#3347=VERTEX_POINT('',#3345);
#3348=VERTEX_POINT('',#3346);
#3349=CARTESIAN_POINT('',(0.E0,1.E1,2.282607431014E0));
#3350=VERTEX_POINT('',#3349);
#3351=CARTESIAN_POINT('',(0.E0,1.E1,2.784345357753E0));
#3352=VERTEX_POINT('',#3351);
#3353=CARTESIAN_POINT('',(-7.1E0,0.E0,2.489774187950E0));
#3354=CARTESIAN_POINT('',(0.E0,-7.1E0,2.489774187950E0));
#3355=VERTEX_POINT('',#3353);
#3356=VERTEX_POINT('',#3354);
#3357=CARTESIAN_POINT('',(-7.1E0,0.E0,2.990648015546E0));
#3358=CARTESIAN_POINT('',(0.E0,-7.1E0,2.990648015546E0));
#3359=VERTEX_POINT('',#3357);
#3360=VERTEX_POINT('',#3358);
#3361=CARTESIAN_POINT('',(0.E0,7.1E0,2.489774187950E0));
#3362=VERTEX_POINT('',#3361);
#3363=CARTESIAN_POINT('',(0.E0,7.1E0,2.990648015546E0));
#3364=VERTEX_POINT('',#3363);
#3365=CARTESIAN_POINT('',(-1.659834229500E0,4.074917217635E0,2.619306202129E0));
#3366=VERTEX_POINT('',#3365);
#3367=CARTESIAN_POINT('',(-1.659834229500E0,4.074917217635E0,3.119641255071E0));
#3368=VERTEX_POINT('',#3367);
#3369=CARTESIAN_POINT('',(-4.944506520010E0,2.629040751601E0,2.569262115023E0));
#3370=VERTEX_POINT('',#3369);
#3371=CARTESIAN_POINT('',(-4.944506520010E0,2.629040751601E0,3.069805183858E0));
#3372=VERTEX_POINT('',#3371);
#3373=VERTEX_POINT('',#2590);
#3374=VERTEX_POINT('',#2424);
#3375=CARTESIAN_POINT('',(-2.699064714041E0,3.474917217635E0,2.619306202129E0));
#3376=VERTEX_POINT('',#3375);
#3377=CARTESIAN_POINT('',(-2.699064714041E0,3.474917217635E0,3.119641255071E0));
#3378=VERTEX_POINT('',#3377);
#3379=VERTEX_POINT('',#2607);
#3380=VERTEX_POINT('',#2619);
#3381=VERTEX_POINT('',#2456);
#3382=VERTEX_POINT('',#2468);
#3383=CARTESIAN_POINT('',(-4.397737517009E0,-1.410841291137E-1,
2.619306202129E0));
#3384=VERTEX_POINT('',#3383);
#3385=CARTESIAN_POINT('',(-4.397737517009E0,-1.410841291137E-1,
3.119641255071E0));
#3386=VERTEX_POINT('',#3385);
#3387=CARTESIAN_POINT('',(-2.549021816381E0,-3.353919790518E-1,
2.672455172010E0));
#3388=VERTEX_POINT('',#3387);
#3389=CARTESIAN_POINT('',(-2.549021816381E0,-3.353919790518E-1,
3.172569491980E0));
#3390=VERTEX_POINT('',#3389);
#3391=VERTEX_POINT('',#2658);
#3392=VERTEX_POINT('',#2498);
#3393=CARTESIAN_POINT('',(-4.909892398881E0,1.119355453559E0,2.594286769637E0));
#3394=VERTEX_POINT('',#3393);
#3395=CARTESIAN_POINT('',(-4.909892398881E0,1.119355453559E0,3.094725798101E0));
#3396=VERTEX_POINT('',#3395);
#3397=VERTEX_POINT('',#2633);
#3398=VERTEX_POINT('',#2512);
#3399=CARTESIAN_POINT('',(0.E0,0.E0,2.7E0));
#3400=VERTEX_POINT('',#3399);
#3401=CARTESIAN_POINT('',(0.E0,-1.200022043014E1,2.623429403717E0));
#3402=VERTEX_POINT('',#3401);
#3403=CARTESIAN_POINT('',(0.E0,-1.200022043014E1,2.824441978722E0));
#3404=CARTESIAN_POINT('',(0.E0,-1.221161037353E1,2.844108319261E0));
#3405=VERTEX_POINT('',#3403);
#3406=VERTEX_POINT('',#3404);
#3407=VERTEX_POINT('',#859);
#3408=VERTEX_POINT('',#889);
#3409=VERTEX_POINT('',#845);
#3410=VERTEX_POINT('',#901);
#3411=VERTEX_POINT('',#833);
#3412=VERTEX_POINT('',#908);
#3413=VERTEX_POINT('',#826);
#3414=VERTEX_POINT('',#915);
#3415=VERTEX_POINT('',#819);
#3416=VERTEX_POINT('',#922);
#3417=VERTEX_POINT('',#924);
#3418=VERTEX_POINT('',#932);
#3419=VERTEX_POINT('',#579);
#3420=VERTEX_POINT('',#584);
#3421=VERTEX_POINT('',#946);
#3422=VERTEX_POINT('',#951);
#3423=VERTEX_POINT('',#605);
#3424=VERTEX_POINT('',#958);
#3425=VERTEX_POINT('',#598);
#3426=VERTEX_POINT('',#965);
#3427=VERTEX_POINT('',#607);
#3428=VERTEX_POINT('',#612);
#3429=VERTEX_POINT('',#974);
#3430=VERTEX_POINT('',#979);
#3431=VERTEX_POINT('',#682);
#3432=VERTEX_POINT('',#986);
#3433=VERTEX_POINT('',#675);
#3434=VERTEX_POINT('',#993);
#3435=VERTEX_POINT('',#668);
#3436=VERTEX_POINT('',#1000);
#3437=VERTEX_POINT('',#661);
#3438=VERTEX_POINT('',#1007);
#3439=VERTEX_POINT('',#654);
#3440=VERTEX_POINT('',#1014);
#3441=VERTEX_POINT('',#647);
#3442=VERTEX_POINT('',#1021);
#3443=VERTEX_POINT('',#640);
#3444=VERTEX_POINT('',#1028);
#3445=VERTEX_POINT('',#633);
#3446=VERTEX_POINT('',#1035);
#3447=VERTEX_POINT('',#626);
#3448=VERTEX_POINT('',#1042);
#3449=VERTEX_POINT('',#1476);
#3450=VERTEX_POINT('',#1481);
#3451=VERTEX_POINT('',#1124);
#3452=VERTEX_POINT('',#1129);
#3453=VERTEX_POINT('',#1544);
#3454=VERTEX_POINT('',#1136);
#3455=VERTEX_POINT('',#1537);
#3456=VERTEX_POINT('',#1143);
#3457=VERTEX_POINT('',#1530);
#3458=VERTEX_POINT('',#1150);
#3459=VERTEX_POINT('',#1523);
#3460=VERTEX_POINT('',#1157);
#3461=VERTEX_POINT('',#1516);
#3462=VERTEX_POINT('',#1164);
#3463=VERTEX_POINT('',#1509);
#3464=VERTEX_POINT('',#1171);
#3465=VERTEX_POINT('',#1502);
#3466=VERTEX_POINT('',#1178);
#3467=VERTEX_POINT('',#1495);
#3468=VERTEX_POINT('',#1185);
#3469=VERTEX_POINT('',#1546);
#3470=VERTEX_POINT('',#1551);
#3471=VERTEX_POINT('',#1194);
#3472=VERTEX_POINT('',#1199);
#3473=VERTEX_POINT('',#1628);
#3474=VERTEX_POINT('',#1206);
#3475=VERTEX_POINT('',#1621);
#3476=VERTEX_POINT('',#1213);
#3477=VERTEX_POINT('',#1614);
#3478=VERTEX_POINT('',#1220);
#3479=VERTEX_POINT('',#1607);
#3480=VERTEX_POINT('',#1227);
#3481=VERTEX_POINT('',#1600);
#3482=VERTEX_POINT('',#1234);
#3483=VERTEX_POINT('',#1593);
#3484=VERTEX_POINT('',#1241);
#3485=VERTEX_POINT('',#1586);
#3486=VERTEX_POINT('',#1248);
#3487=VERTEX_POINT('',#1579);
#3488=VERTEX_POINT('',#1255);
#3489=VERTEX_POINT('',#1572);
#3490=VERTEX_POINT('',#1262);
#3491=VERTEX_POINT('',#1565);
#3492=VERTEX_POINT('',#1269);
#3493=VERTEX_POINT('',#1630);
#3494=VERTEX_POINT('',#1635);
#3495=VERTEX_POINT('',#1278);
#3496=VERTEX_POINT('',#1283);
#3497=VERTEX_POINT('',#1730);
#3498=VERTEX_POINT('',#1290);
#3499=VERTEX_POINT('',#1723);
#3500=VERTEX_POINT('',#1304);
#3501=VERTEX_POINT('',#1709);
#3502=VERTEX_POINT('',#1315);
#3503=VERTEX_POINT('',#1698);
#3504=VERTEX_POINT('',#1322);
#3505=VERTEX_POINT('',#1691);
#3506=VERTEX_POINT('',#1329);
#3507=VERTEX_POINT('',#1684);
#3508=VERTEX_POINT('',#1336);
#3509=VERTEX_POINT('',#1677);
#3510=VERTEX_POINT('',#1348);
#3511=VERTEX_POINT('',#1665);
#3512=VERTEX_POINT('',#1371);
#3513=VERTEX_POINT('',#1732);
#3514=VERTEX_POINT('',#1737);
#3515=VERTEX_POINT('',#1380);
#3516=VERTEX_POINT('',#1385);
#3517=VERTEX_POINT('',#1786);
#3518=VERTEX_POINT('',#1392);
#3519=VERTEX_POINT('',#1779);
#3520=VERTEX_POINT('',#1399);
#3521=VERTEX_POINT('',#1772);
#3522=VERTEX_POINT('',#1406);
#3523=VERTEX_POINT('',#1765);
#3524=VERTEX_POINT('',#1413);
#3525=VERTEX_POINT('',#1758);
#3526=VERTEX_POINT('',#1420);
#3527=VERTEX_POINT('',#1751);
#3528=VERTEX_POINT('',#1427);
#3529=VERTEX_POINT('',#1867);
#3530=VERTEX_POINT('',#1872);
#3531=VERTEX_POINT('',#1103);
#3532=VERTEX_POINT('',#1108);
#3533=VERTEX_POINT('',#1865);
#3534=VERTEX_POINT('',#1115);
#3535=VERTEX_POINT('',#1893);
#3536=VERTEX_POINT('',#1087);
#3537=VERTEX_POINT('',#1886);
#3538=VERTEX_POINT('',#1094);
#3539=VERTEX_POINT('',#1070);
#3540=VERTEX_POINT('',#1061);
#3541=VERTEX_POINT('',#1453);
#3542=VERTEX_POINT('',#1458);
#3543=CARTESIAN_POINT('',(3.520738146141E-1,-1.233877902599E1,
2.654291890347E0));
#3544=VERTEX_POINT('',#3543);
#3545=CARTESIAN_POINT('',(-7.75E0,1.2E1,0.E0));
#3546=CARTESIAN_POINT('',(-1.125E1,1.2E1,0.E0));
#3547=VERTEX_POINT('',#3545);
#3548=VERTEX_POINT('',#3546);
#3549=CARTESIAN_POINT('',(1.125E1,-1.2E1,0.E0));
#3550=CARTESIAN_POINT('',(7.75E0,-1.2E1,0.E0));
#3551=VERTEX_POINT('',#3549);
#3552=VERTEX_POINT('',#3550);
#3553=CARTESIAN_POINT('',(-9.5E0,1.5E1,1.5E0));
#3554=CARTESIAN_POINT('',(-9.5E0,9.E0,1.5E0));
#3555=VERTEX_POINT('',#3553);
#3556=VERTEX_POINT('',#3554);
#3557=CARTESIAN_POINT('',(-7.75E0,1.2E1,2.5E-1));
#3558=CARTESIAN_POINT('',(-9.5E0,1.375E1,2.5E-1));
#3559=VERTEX_POINT('',#3557);
#3560=VERTEX_POINT('',#3558);
#3561=CARTESIAN_POINT('',(-1.125E1,1.2E1,2.5E-1));
#3562=VERTEX_POINT('',#3561);
#3563=CARTESIAN_POINT('',(-9.5E0,1.025E1,2.5E-1));
#3564=VERTEX_POINT('',#3563);
#3565=CARTESIAN_POINT('',(-9.5E0,1.5E1,2.087868822686E0));
#3566=VERTEX_POINT('',#3565);
#3567=CARTESIAN_POINT('',(-9.5E0,9.E0,2.693902403241E0));
#3568=VERTEX_POINT('',#3567);
#3569=CARTESIAN_POINT('',(9.5E0,-9.E0,1.5E0));
#3570=CARTESIAN_POINT('',(9.5E0,-1.5E1,1.5E0));
#3571=VERTEX_POINT('',#3569);
#3572=VERTEX_POINT('',#3570);
#3573=CARTESIAN_POINT('',(1.125E1,-1.2E1,2.5E-1));
#3574=CARTESIAN_POINT('',(9.5E0,-1.025E1,2.5E-1));
#3575=VERTEX_POINT('',#3573);
#3576=VERTEX_POINT('',#3574);
#3577=CARTESIAN_POINT('',(7.75E0,-1.2E1,2.5E-1));
#3578=VERTEX_POINT('',#3577);
#3579=CARTESIAN_POINT('',(9.5E0,-1.375E1,2.5E-1));
#3580=VERTEX_POINT('',#3579);
#3581=CARTESIAN_POINT('',(9.5E0,-9.E0,2.693902403241E0));
#3582=VERTEX_POINT('',#3581);
#3583=CARTESIAN_POINT('',(9.5E0,-1.5E1,2.087868822686E0));
#3584=VERTEX_POINT('',#3583);
#3585=CARTESIAN_POINT('',(9.5E0,1.4E1,0.E0));
#3586=CARTESIAN_POINT('',(1.15E1,1.2E1,0.E0));
#3587=VERTEX_POINT('',#3585);
#3588=VERTEX_POINT('',#3586);
#3589=CARTESIAN_POINT('',(-9.5E0,-1.4E1,0.E0));
#3590=CARTESIAN_POINT('',(-1.15E1,-1.2E1,0.E0));
#3591=VERTEX_POINT('',#3589);
#3592=VERTEX_POINT('',#3590);
#3593=CARTESIAN_POINT('',(-6.087513849348E0,1.277777777778E1,0.E0));
#3594=CARTESIAN_POINT('',(-6.087513848638E0,1.277777777467E1,1.2E0));
#3595=VERTEX_POINT('',#3593);
#3596=VERTEX_POINT('',#3594);
#3597=CARTESIAN_POINT('',(-5.112517806304E0,1.4E1,0.E0));
#3598=CARTESIAN_POINT('',(-5.112517802110E0,1.4E1,1.2E0));
#3599=VERTEX_POINT('',#3597);
#3600=VERTEX_POINT('',#3598);
#3601=CARTESIAN_POINT('',(1.15E1,-7.612517803111E0,1.2E0));
#3602=CARTESIAN_POINT('',(1.15E1,1.199999999883E1,1.2E0));
#3603=VERTEX_POINT('',#3601);
#3604=VERTEX_POINT('',#3602);
#3605=CARTESIAN_POINT('',(1.12E1,-7.612517806304E0,1.5E0));
#3606=CARTESIAN_POINT('',(1.12E1,1.2E1,1.5E0));
#3607=VERTEX_POINT('',#3605);
#3608=VERTEX_POINT('',#3606);
#3609=CARTESIAN_POINT('',(9.5E0,1.37E1,1.5E0));
#3610=VERTEX_POINT('',#3609);
#3611=CARTESIAN_POINT('',(9.5E0,1.4E1,1.2E0));
#3612=VERTEX_POINT('',#3611);
#3613=CARTESIAN_POINT('',(-5.112517806304E0,1.37E1,1.5E0));
#3614=VERTEX_POINT('',#3613);
#3615=CARTESIAN_POINT('',(1.15E1,-7.612517806304E0,0.E0));
#3616=VERTEX_POINT('',#3615);
#3617=CARTESIAN_POINT('',(1.027777777778E1,-8.587513849348E0,0.E0));
#3618=CARTESIAN_POINT('',(1.027777777369E1,-8.587513848416E0,1.2E0));
#3619=VERTEX_POINT('',#3617);
#3620=VERTEX_POINT('',#3618);
#3621=CARTESIAN_POINT('',(6.087513849347E0,-1.277777777778E1,0.E0));
#3622=CARTESIAN_POINT('',(6.087513848638E0,-1.277777777467E1,1.2E0));
#3623=VERTEX_POINT('',#3621);
#3624=VERTEX_POINT('',#3622);
#3625=CARTESIAN_POINT('',(5.112517806304E0,-1.4E1,0.E0));
#3626=CARTESIAN_POINT('',(5.112517802110E0,-1.4E1,1.2E0));
#3627=VERTEX_POINT('',#3625);
#3628=VERTEX_POINT('',#3626);
#3629=CARTESIAN_POINT('',(-9.5E0,-1.37E1,1.5E0));
#3630=CARTESIAN_POINT('',(5.112517806304E0,-1.37E1,1.5E0));
#3631=VERTEX_POINT('',#3629);
#3632=VERTEX_POINT('',#3630);
#3633=CARTESIAN_POINT('',(-9.499999998465E0,-1.4E1,1.2E0));
#3634=VERTEX_POINT('',#3633);
#3635=CARTESIAN_POINT('',(-1.12E1,-1.2E1,1.5E0));
#3636=VERTEX_POINT('',#3635);
#3637=CARTESIAN_POINT('',(-1.15E1,-1.2E1,1.2E0));
#3638=VERTEX_POINT('',#3637);
#3639=CARTESIAN_POINT('',(-1.15E1,7.612517803111E0,1.2E0));
#3640=VERTEX_POINT('',#3639);
#3641=CARTESIAN_POINT('',(-1.12E1,7.612517806304E0,1.5E0));
#3642=VERTEX_POINT('',#3641);
#3643=CARTESIAN_POINT('',(-1.15E1,7.612517806304E0,0.E0));
#3644=VERTEX_POINT('',#3643);
#3645=CARTESIAN_POINT('',(-1.027777777778E1,8.587513849347E0,0.E0));
#3646=CARTESIAN_POINT('',(-1.027777777369E1,8.587513848416E0,1.2E0));
#3647=VERTEX_POINT('',#3645);
#3648=VERTEX_POINT('',#3646);
#3649=CARTESIAN_POINT('',(-1.034491470095E1,8.295122047441E0,1.5E0));
#3650=VERTEX_POINT('',#3649);
#3651=CARTESIAN_POINT('',(5.795015118661E0,-1.284444480521E1,1.5E0));
#3652=VERTEX_POINT('',#3651);
#3653=CARTESIAN_POINT('',(1.034488082390E1,-8.295114349811E0,1.5E0));
#3654=VERTEX_POINT('',#3653);
#3655=CARTESIAN_POINT('',(-5.795015087515E0,1.284444466856E1,1.5E0));
#3656=VERTEX_POINT('',#3655);
#3657=CARTESIAN_POINT('',(0.E0,1.506348832681E1,2.619745497061E0));
#3658=VERTEX_POINT('',#3657);
#3659=VERTEX_POINT('',#352);
#3660=VERTEX_POINT('',#366);
#3661=VERTEX_POINT('',#782);
#3662=VERTEX_POINT('',#796);
#3663=VERTEX_POINT('',#386);
#3664=VERTEX_POINT('',#812);
#3665=VERTEX_POINT('',#406);
#3666=VERTEX_POINT('',#1914);
#3667=VERTEX_POINT('',#436);
#3668=VERTEX_POINT('',#1929);
#3669=VERTEX_POINT('',#479);
#3670=VERTEX_POINT('',#1968);
#3671=VERTEX_POINT('',#508);
#3672=VERTEX_POINT('',#1983);
#3673=VERTEX_POINT('',#528);
#3674=VERTEX_POINT('',#542);
#3675=VERTEX_POINT('',#737);
#3676=VERTEX_POINT('',#573);
#3677=VERTEX_POINT('',#753);
#3678=CARTESIAN_POINT('',(0.E0,0.E0,0.E0));
#3679=DIRECTION('',(0.E0,0.E0,1.E0));
#3680=DIRECTION('',(1.E0,0.E0,0.E0));
#3681=AXIS2_PLACEMENT_3D('',#3678,#3679,#3680);
#3682=PLANE('',#3681);
#3684=ORIENTED_EDGE('',*,*,#3683,.T.);
#3686=ORIENTED_EDGE('',*,*,#3685,.T.);
#3688=ORIENTED_EDGE('',*,*,#3687,.T.);
#3690=ORIENTED_EDGE('',*,*,#3689,.T.);
#3692=ORIENTED_EDGE('',*,*,#3691,.T.);
#3694=ORIENTED_EDGE('',*,*,#3693,.T.);
#3696=ORIENTED_EDGE('',*,*,#3695,.T.);
#3698=ORIENTED_EDGE('',*,*,#3697,.T.);
#3699=EDGE_LOOP('',(#3684,#3686,#3688,#3690,#3692,#3694,#3696,#3698));
#3700=FACE_OUTER_BOUND('',#3699,.F.);
#3702=ORIENTED_EDGE('',*,*,#3701,.F.);
#3704=ORIENTED_EDGE('',*,*,#3703,.F.);
#3705=EDGE_LOOP('',(#3702,#3704));
#3706=FACE_BOUND('',#3705,.F.);
#3708=ORIENTED_EDGE('',*,*,#3707,.F.);
#3710=ORIENTED_EDGE('',*,*,#3709,.F.);
#3711=EDGE_LOOP('',(#3708,#3710));
#3712=FACE_BOUND('',#3711,.F.);
#3714=ORIENTED_EDGE('',*,*,#3713,.F.);
#3716=ORIENTED_EDGE('',*,*,#3715,.F.);
#3718=ORIENTED_EDGE('',*,*,#3717,.T.);
#3720=ORIENTED_EDGE('',*,*,#3719,.T.);
#3722=ORIENTED_EDGE('',*,*,#3721,.T.);
#3724=ORIENTED_EDGE('',*,*,#3723,.F.);
#3726=ORIENTED_EDGE('',*,*,#3725,.F.);
#3728=ORIENTED_EDGE('',*,*,#3727,.F.);
#3730=ORIENTED_EDGE('',*,*,#3729,.T.);
#3732=ORIENTED_EDGE('',*,*,#3731,.T.);
#3734=ORIENTED_EDGE('',*,*,#3733,.T.);
#3736=ORIENTED_EDGE('',*,*,#3735,.F.);
#3737=EDGE_LOOP('',(#3714,#3716,#3718,#3720,#3722,#3724,#3726,#3728,#3730,#3732,
#3734,#3736));
#3738=FACE_BOUND('',#3737,.F.);
#3740=CARTESIAN_POINT('',(1.3E1,-1.353407010776E1,0.E0));
#3741=DIRECTION('',(9.993908270191E-1,0.E0,3.489949670250E-2));
#3742=DIRECTION('',(0.E0,-1.E0,0.E0));
#3743=AXIS2_PLACEMENT_3D('',#3740,#3741,#3742);
#3744=PLANE('',#3743);
#3746=ORIENTED_EDGE('',*,*,#3745,.F.);
#3748=ORIENTED_EDGE('',*,*,#3747,.F.);
#3749=ORIENTED_EDGE('',*,*,#3683,.F.);
#3751=ORIENTED_EDGE('',*,*,#3750,.T.);
#3752=EDGE_LOOP('',(#3746,#3748,#3749,#3751));
#3753=FACE_OUTER_BOUND('',#3752,.F.);
#3755=CARTESIAN_POINT('',(1.292734648312E1,1.198089254256E1,1.698714547733E0));
#3756=CARTESIAN_POINT('',(1.292583400714E1,1.162160177525E1,1.770819389442E0));
#3757=CARTESIAN_POINT('',(1.292338120187E1,1.091428943111E1,1.895560956809E0));
#3758=CARTESIAN_POINT('',(1.292096148338E1,9.844857379096E0,2.039033808047E0));
#3759=CARTESIAN_POINT('',(1.291954924230E1,8.766536507552E0,2.144508274807E0));
#3760=CARTESIAN_POINT('',(1.291891659115E1,7.667606819750E0,2.217314350496E0));
#3761=CARTESIAN_POINT('',(1.291883789380E1,6.565044862821E0,2.261844297191E0));
#3762=CARTESIAN_POINT('',(1.291907600875E1,5.481042061486E0,2.284438101572E0));
#3763=CARTESIAN_POINT('',(1.291943715044E1,4.426273478408E0,2.292240006970E0));
#3764=CARTESIAN_POINT('',(1.291979499707E1,3.405161653294E0,2.291575267151E0));
#3765=CARTESIAN_POINT('',(1.292008605111E1,2.410292737657E0,2.287294342037E0));
#3766=CARTESIAN_POINT('',(1.292028592220E1,1.426671100553E0,2.282676899947E0));
#3767=CARTESIAN_POINT('',(1.292038525754E1,4.411702214860E-1,2.279869994049E0));
#3768=CARTESIAN_POINT('',(1.292037958370E1,-5.474256280814E-1,
2.280039757334E0));
#3769=CARTESIAN_POINT('',(1.292026934601E1,-1.530495177302E0,2.283111374001E0));
#3770=CARTESIAN_POINT('',(1.292006088110E1,-2.507506367808E0,2.287773065192E0));
#3771=CARTESIAN_POINT('',(1.291976639605E1,-3.490467190259E0,2.291807239098E0));
#3772=CARTESIAN_POINT('',(1.291941178587E1,-4.496732487768E0,2.291991960554E0));
#3773=CARTESIAN_POINT('',(1.291905980339E1,-5.536986722632E0,2.283613633915E0));
#3774=CARTESIAN_POINT('',(1.291883459235E1,-6.608789093865E0,2.260461255962E0));
#3775=CARTESIAN_POINT('',(1.291892801282E1,-7.700920541608E0,2.215474148859E0));
#3776=CARTESIAN_POINT('',(1.291957292761E1,-8.789798750858E0,2.142507024920E0));
#3777=CARTESIAN_POINT('',(1.292098826962E1,-9.858497200121E0,2.037351600089E0));
#3778=CARTESIAN_POINT('',(1.292340049341E1,-1.092018649273E1,1.894558887504E0));
#3779=CARTESIAN_POINT('',(1.292584092527E1,-1.162324569404E1,1.770489630721E0));
#3780=CARTESIAN_POINT('',(1.292734648257E1,-1.198089254911E1,1.698714578824E0));
#3781=CARTESIAN_POINT('',(1.298090824158E1,1.202429074826E1,1.929180230206E0));
#3782=CARTESIAN_POINT('',(1.297706995761E1,1.166149224642E1,2.002486098118E0));
#3783=CARTESIAN_POINT('',(1.296995489927E1,1.094757971497E1,2.129309541264E0));
#3784=CARTESIAN_POINT('',(1.296029302654E1,9.869202593282E0,2.275188632203E0));
#3785=CARTESIAN_POINT('',(1.295147103383E1,8.783014144855E0,2.382444833151E0));
#3786=CARTESIAN_POINT('',(1.294330433833E1,7.677390271659E0,2.456495399235E0));
#3787=CARTESIAN_POINT('',(1.293586723593E1,6.569554812024E0,2.501802953894E0));
#3788=CARTESIAN_POINT('',(1.292928933429E1,5.481819071549E0,2.524809641465E0));
#3789=CARTESIAN_POINT('',(1.292366090329E1,4.424782046300E0,2.532775703172E0));
#3790=CARTESIAN_POINT('',(1.291906584154E1,3.402667511235E0,2.532129390405E0));
#3791=CARTESIAN_POINT('',(1.291554640540E1,2.407792507203E0,2.527800495736E0));
#3792=CARTESIAN_POINT('',(1.291314216372E1,1.424892126616E0,2.523122378758E0));
#3793=CARTESIAN_POINT('',(1.291193338021E1,4.405733905889E-1,2.520276958414E0));
#3794=CARTESIAN_POINT('',(1.291200284278E1,-5.466883838088E-1,
2.520449074675E0));
#3795=CARTESIAN_POINT('',(1.291334258752E1,-1.528613764181E0,2.523562728250E0));
#3796=CARTESIAN_POINT('',(1.291584838934E1,-2.504972897241E0,2.528285170340E0));
#3797=CARTESIAN_POINT('',(1.291941918432E1,-3.488021024321E0,2.532362920629E0));
#3798=CARTESIAN_POINT('',(1.292401568204E1,-4.495359307165E0,2.532521311991E0));
#3799=CARTESIAN_POINT('',(1.292961372499E1,-5.537927761887E0,2.523969561631E0));
#3800=CARTESIAN_POINT('',(1.293615068306E1,-6.613484980326E0,2.500395414345E0));
#3801=CARTESIAN_POINT('',(1.294354283503E1,-7.710890479770E0,2.454623522660E0));
#3802=CARTESIAN_POINT('',(1.295165495748E1,-8.806436893965E0,2.380409657604E0));
#3803=CARTESIAN_POINT('',(1.296041274610E1,-9.882952734146E0,2.273478161606E0));
#3804=CARTESIAN_POINT('',(1.297001325053E1,-1.095353113310E1,2.128290737617E0));
#3805=CARTESIAN_POINT('',(1.297708752455E1,-1.166315221323E1,2.002150846647E0));
#3806=CARTESIAN_POINT('',(1.298090824243E1,-1.202429075447E1,1.929180261801E0));
#3807=CARTESIAN_POINT('',(1.284958088247E1,1.206272185699E1,2.127025805609E0));
#3808=CARTESIAN_POINT('',(1.284374321051E1,1.169648944888E1,2.199671491056E0));
#3809=CARTESIAN_POINT('',(1.283267177362E1,1.097623762637E1,2.324859222725E0));
#3810=CARTESIAN_POINT('',(1.281702872967E1,9.889591559118E0,2.467441716201E0));
#3811=CARTESIAN_POINT('',(1.280225525460E1,8.796419479453E0,2.570734774385E0));
#3812=CARTESIAN_POINT('',(1.278821235958E1,7.685110608459E0,2.640289747452E0));
#3813=CARTESIAN_POINT('',(1.277520543161E1,6.573001812963E0,2.680866246389E0));
#3814=CARTESIAN_POINT('',(1.276361587003E1,5.482383507609E0,2.699263429551E0));
#3815=CARTESIAN_POINT('',(1.275369982469E1,4.423680342848E0,2.703037699716E0));
#3816=CARTESIAN_POINT('',(1.274564106301E1,3.400874568491E0,2.698843703594E0));
#3817=CARTESIAN_POINT('',(1.273950692863E1,2.406026886146E0,2.691742688972E0));
#3818=CARTESIAN_POINT('',(1.273534090209E1,1.423650743648E0,2.685150874598E0));
#3819=CARTESIAN_POINT('',(1.273325494273E1,4.401594182023E-1,2.681338578515E0));
#3820=CARTESIAN_POINT('',(1.273337464631E1,-5.461768412965E-1,
2.681566328823E0));
#3821=CARTESIAN_POINT('',(1.273568735058E1,-1.527299578630E0,2.685751259016E0));
#3822=CARTESIAN_POINT('',(1.274003180099E1,-2.503181076073E0,2.692466627427E0));
#3823=CARTESIAN_POINT('',(1.274625921676E1,-3.486259372393E0,2.699352863982E0));
#3824=CARTESIAN_POINT('',(1.275432405329E1,-4.494342429202E0,2.703052194632E0));
#3825=CARTESIAN_POINT('',(1.276418795351E1,-5.538616276218E0,2.698657295659E0));
#3826=CARTESIAN_POINT('',(1.277570335269E1,-6.617079628009E0,2.679647431438E0));
#3827=CARTESIAN_POINT('',(1.278862590315E1,-7.718766220787E0,2.638557997574E0));
#3828=CARTESIAN_POINT('',(1.280256659887E1,-8.819982491762E0,2.568789180803E0));
#3829=CARTESIAN_POINT('',(1.281722462834E1,-9.903442525040E0,2.465775881223E0));
#3830=CARTESIAN_POINT('',(1.283276315904E1,-1.098224096555E1,2.323854799298E0));
#3831=CARTESIAN_POINT('',(1.284376992899E1,-1.169816512681E1,2.199339267140E0));
#3832=CARTESIAN_POINT('',(1.284958088404E1,-1.206272186303E1,2.127025838566E0));
#3833=CARTESIAN_POINT('',(1.261341518820E1,1.207276013062E1,2.171654216244E0));
#3834=CARTESIAN_POINT('',(1.260712327811E1,1.170526078708E1,2.242180925739E0));
#3835=CARTESIAN_POINT('',(1.259521295346E1,1.098279469381E1,2.363012408978E0));
#3836=CARTESIAN_POINT('',(1.257849555289E1,9.893596152881E0,2.498604913596E0));
#3837=CARTESIAN_POINT('',(1.256285659944E1,8.798581270180E0,2.594605691491E0));
#3838=CARTESIAN_POINT('',(1.254817719570E1,7.686061887645E0,2.656665283377E0));
#3839=CARTESIAN_POINT('',(1.253478411690E1,6.573284741212E0,2.689885884790E0));
#3840=CARTESIAN_POINT('',(1.252304211662E1,5.482391316846E0,2.701460906049E0));
#3841=CARTESIAN_POINT('',(1.251315393681E1,4.423639912990E0,2.699242549440E0));
#3842=CARTESIAN_POINT('',(1.250523198699E1,3.400875715915E0,2.690097255095E0));
#3843=CARTESIAN_POINT('',(1.249927273942E1,2.406072111366E0,2.679189719865E0));
#3844=CARTESIAN_POINT('',(1.249526115446E1,1.423703638437E0,2.669997682613E0));
#3845=CARTESIAN_POINT('',(1.249326364604E1,4.401806417953E-1,2.664879510008E0));
#3846=CARTESIAN_POINT('',(1.249337807077E1,-5.462028120255E-1,
2.665182263619E0));
#3847=CARTESIAN_POINT('',(1.249559364276E1,-1.527353684359E0,2.670814711923E0));
#3848=CARTESIAN_POINT('',(1.249978037271E1,-2.503223111498E0,2.680240390945E0));
#3849=CARTESIAN_POINT('',(1.250583640297E1,-3.486256051966E0,2.690988106768E0));
#3850=CARTESIAN_POINT('',(1.251377267828E1,-4.494301693318E0,2.699637261403E0));
#3851=CARTESIAN_POINT('',(1.252361800811E1,-5.538632580715E0,2.701195674129E0));
#3852=CARTESIAN_POINT('',(1.253529350440E1,-6.617381914202E0,2.688953980003E0));
#3853=CARTESIAN_POINT('',(1.254860705791E1,-7.719747095289E0,2.655160047401E0));
#3854=CARTESIAN_POINT('',(1.256318487720E1,-8.822178805446E0,2.592818582681E0));
#3855=CARTESIAN_POINT('',(1.257870444138E1,-9.907476991019E0,2.497029404789E0));
#3856=CARTESIAN_POINT('',(1.259531121145E1,-1.098881587002E1,2.362044714850E0));
#3857=CARTESIAN_POINT('',(1.260715207250E1,-1.170694226247E1,2.241858404230E0));
#3858=CARTESIAN_POINT('',(1.261341518935E1,-1.207276013679E1,2.171654250590E0));
#3859=(BOUNDED_SURFACE()B_SPLINE_SURFACE(3,3,((#3755,#3756,#3757,#3758,#3759,
#3760,#3761,#3762,#3763,#3764,#3765,#3766,#3767,#3768,#3769,#3770,#3771,#3772,
#3773,#3774,#3775,#3776,#3777,#3778,#3779,#3780),(#3781,#3782,#3783,#3784,#3785,
#3786,#3787,#3788,#3789,#3790,#3791,#3792,#3793,#3794,#3795,#3796,#3797,#3798,
#3799,#3800,#3801,#3802,#3803,#3804,#3805,#3806),(#3807,#3808,#3809,#3810,#3811,
#3812,#3813,#3814,#3815,#3816,#3817,#3818,#3819,#3820,#3821,#3822,#3823,#3824,
#3825,#3826,#3827,#3828,#3829,#3830,#3831,#3832),(#3833,#3834,#3835,#3836,#3837,
#3838,#3839,#3840,#3841,#3842,#3843,#3844,#3845,#3846,#3847,#3848,#3849,#3850,
#3851,#3852,#3853,#3854,#3855,#3856,#3857,#3858)),.UNSPECIFIED.,.F.,.F.,.F.)B_SPLINE_SURFACE_WITH_KNOTS((4,4),(4,1,1,1,1,1,1,1,1,1,1,1,1,1,1,1,1,1,1,1,1,1,1,4),(
0.E0,1.E0),(3.610887502074E-3,4.934812506538E-2,9.315184819384E-2,
1.379603967247E-1,1.840613884631E-1,2.299010999400E-1,2.747965321374E-1,
3.183588762919E-1,3.604238877844E-1,4.010515290292E-1,4.412973159752E-1,
4.819226130179E-1,5.227518204133E-1,5.633700374498E-1,6.033249725409E-1,
6.434383389139E-1,6.848427188252E-1,7.277510258249E-1,7.721726531763E-1,
8.176374327734E-1,8.633031140614E-1,9.076829844833E-1,9.511597172355E-1,
9.966878730155E-1),.UNSPECIFIED.)GEOMETRIC_REPRESENTATION_ITEM()RATIONAL_B_SPLINE_SURFACE(((1.179784899552E0,1.179784899552E0,1.179784899552E0,1.179784899552E0,
1.179784899552E0,1.179784899552E0,1.179784899552E0,1.179784899552E0,
1.179784899552E0,1.179784899552E0,1.179784899552E0,1.179784899552E0,
1.179784899552E0,1.179784899552E0,1.179784899552E0,1.179784899552E0,
1.179784899552E0,1.179784899552E0,1.179784899552E0,1.179784899552E0,
1.179784899552E0,1.179784899552E0,1.179784899552E0,1.179784899552E0,
1.179784899552E0,1.179784899552E0),(9.400717001495E-1,9.400717001495E-1,
9.400717001495E-1,9.400717001495E-1,9.400717001495E-1,9.400717001495E-1,
9.400717001495E-1,9.400717001495E-1,9.400717001495E-1,9.400717001495E-1,
9.400717001495E-1,9.400717001495E-1,9.400717001495E-1,9.400717001495E-1,
9.400717001495E-1,9.400717001495E-1,9.400717001495E-1,9.400717001495E-1,
9.400717001495E-1,9.400717001495E-1,9.400717001495E-1,9.400717001495E-1,
9.400717001495E-1,9.400717001495E-1,9.400717001495E-1,9.400717001495E-1),(
9.400717001495E-1,9.400717001495E-1,9.400717001495E-1,9.400717001495E-1,
9.400717001495E-1,9.400717001495E-1,9.400717001495E-1,9.400717001495E-1,
9.400717001495E-1,9.400717001495E-1,9.400717001495E-1,9.400717001495E-1,
9.400717001495E-1,9.400717001495E-1,9.400717001495E-1,9.400717001495E-1,
9.400717001495E-1,9.400717001495E-1,9.400717001495E-1,9.400717001495E-1,
9.400717001495E-1,9.400717001495E-1,9.400717001495E-1,9.400717001495E-1,
9.400717001495E-1,9.400717001495E-1),(1.179784899552E0,1.179784899552E0,
1.179784899552E0,1.179784899552E0,1.179784899552E0,1.179784899552E0,
1.179784899552E0,1.179784899552E0,1.179784899552E0,1.179784899552E0,
1.179784899552E0,1.179784899552E0,1.179784899552E0,1.179784899552E0,
1.179784899552E0,1.179784899552E0,1.179784899552E0,1.179784899552E0,
1.179784899552E0,1.179784899552E0,1.179784899552E0,1.179784899552E0,
1.179784899552E0,1.179784899552E0,1.179784899552E0,1.179784899552E0)))REPRESENTATION_ITEM('')SURFACE());
#3860=ORIENTED_EDGE('',*,*,#3745,.T.);
#3862=ORIENTED_EDGE('',*,*,#3861,.T.);
#3864=ORIENTED_EDGE('',*,*,#3863,.F.);
#3866=ORIENTED_EDGE('',*,*,#3865,.F.);
#3867=EDGE_LOOP('',(#3860,#3862,#3864,#3866));
#3868=FACE_OUTER_BOUND('',#3867,.F.);
#3870=CARTESIAN_POINT('',(1.293715262645E1,-1.2E1,1.799703411519E0));
#3871=CARTESIAN_POINT('',(1.293756055900E1,-1.205854181625E1,1.788014671355E0));
#3872=CARTESIAN_POINT('',(1.293475229880E1,-1.220771207579E1,1.758467718691E0));
#3873=CARTESIAN_POINT('',(1.291373453352E1,-1.245549162031E1,1.710603639244E0));
#3874=CARTESIAN_POINT('',(1.286335439383E1,-1.275184533010E1,1.655717538233E0));
#3875=CARTESIAN_POINT('',(1.277730948294E1,-1.307431670523E1,1.599542381030E0));
#3876=CARTESIAN_POINT('',(1.264418738460E1,-1.342401331153E1,1.543963503372E0));
#3877=CARTESIAN_POINT('',(1.244953413516E1,-1.379845472989E1,1.492476882475E0));
#3878=CARTESIAN_POINT('',(1.217636024305E1,-1.418946716776E1,1.450719139168E0));
#3879=CARTESIAN_POINT('',(1.180705272443E1,-1.458043701339E1,1.426783934725E0));
#3880=CARTESIAN_POINT('',(1.132983814593E1,-1.494220066941E1,1.430693853212E0));
#3881=CARTESIAN_POINT('',(1.075040854963E1,-1.523354037358E1,1.471204985741E0));
#3882=CARTESIAN_POINT('',(1.012427825090E1,-1.540744757055E1,1.547040632600E0));
#3883=CARTESIAN_POINT('',(9.696954339718E0,-1.544275740336E1,1.615272702537E0));
#3884=CARTESIAN_POINT('',(9.496142802430E0,-1.544166541823E1,1.650177408838E0));
#3885=CARTESIAN_POINT('',(1.293048823185E1,-1.203627535353E1,1.990547128398E0));
#3886=CARTESIAN_POINT('',(1.293116855020E1,-1.209451579559E1,1.978925184359E0));
#3887=CARTESIAN_POINT('',(1.292907164737E1,-1.224290452999E1,1.949548234752E0));
#3888=CARTESIAN_POINT('',(1.290931124152E1,-1.248932566515E1,1.901964434747E0));
#3889=CARTESIAN_POINT('',(1.286055938566E1,-1.278395610714E1,1.847407220743E0));
#3890=CARTESIAN_POINT('',(1.277645249128E1,-1.310442431909E1,1.791577560965E0));
#3891=CARTESIAN_POINT('',(1.264566318904E1,-1.345178007427E1,1.736350603537E0));
#3892=CARTESIAN_POINT('',(1.245383806697E1,-1.382349282481E1,1.685200266112E0));
#3893=CARTESIAN_POINT('',(1.218409545923E1,-1.421136508767E1,1.643723593345E0));
#3894=CARTESIAN_POINT('',(1.181891037339E1,-1.459881598716E1,1.619953375717E0));
#3895=CARTESIAN_POINT('',(1.134649946739E1,-1.495681913898E1,1.623836131257E0));
#3896=CARTESIAN_POINT('',(1.077234123029E1,-1.524441361943E1,1.664069328671E0));
#3897=CARTESIAN_POINT('',(1.015133303674E1,-1.541500287170E1,1.739404712730E0));
#3898=CARTESIAN_POINT('',(9.727162274524E0,-1.544840596021E1,1.807210047283E0));
#3899=CARTESIAN_POINT('',(9.527766467983E0,-1.544647879465E1,1.841902241810E0));
#3900=CARTESIAN_POINT('',(1.280424249038E1,-1.206464906609E1,2.135593963007E0));
#3901=CARTESIAN_POINT('',(1.280511673231E1,-1.212068436770E1,2.124572165972E0));
#3902=CARTESIAN_POINT('',(1.280365964791E1,-1.226343773024E1,2.096715973583E0));
#3903=CARTESIAN_POINT('',(1.278558541913E1,-1.250041812409E1,2.051611341100E0));
#3904=CARTESIAN_POINT('',(1.273982801709E1,-1.278361246607E1,1.999920982577E0));
#3905=CARTESIAN_POINT('',(1.266021504437E1,-1.309143691696E1,1.947053959677E0));
#3906=CARTESIAN_POINT('',(1.253591497030E1,-1.342481208453E1,1.894790496817E0));
#3907=CARTESIAN_POINT('',(1.235320859194E1,-1.378120751872E1,1.846418349704E0));
#3908=CARTESIAN_POINT('',(1.209595872277E1,-1.415266587063E1,1.807221575065E0));
#3909=CARTESIAN_POINT('',(1.174737781643E1,-1.452324330368E1,1.784770597363E0));
#3910=CARTESIAN_POINT('',(1.129605251919E1,-1.486516250389E1,1.788437171791E0));
#3911=CARTESIAN_POINT('',(1.074688683986E1,-1.513928403396E1,1.826441707590E0));
#3912=CARTESIAN_POINT('',(1.015201628146E1,-1.530106874595E1,1.897669211055E0));
#3913=CARTESIAN_POINT('',(9.745080649509E0,-1.533172984319E1,1.961853356737E0));
#3914=CARTESIAN_POINT('',(9.553669540394E0,-1.532917611531E1,1.994711633159E0));
#3915=CARTESIAN_POINT('',(1.261341408491E1,-1.207276019147E1,2.171654577090E0));
#3916=CARTESIAN_POINT('',(1.261431930583E1,-1.212564725102E1,2.161504825199E0));
#3917=CARTESIAN_POINT('',(1.261315176542E1,-1.226036643247E1,2.135857629613E0));
#3918=CARTESIAN_POINT('',(1.259645795198E1,-1.248393659150E1,2.094351008790E0));
#3919=CARTESIAN_POINT('',(1.255375664647E1,-1.275096411338E1,2.046816534863E0));
#3920=CARTESIAN_POINT('',(1.247923573333E1,-1.304101243233E1,1.998238621976E0));
#3921=CARTESIAN_POINT('',(1.236275430135E1,-1.335485788842E1,1.950259188056E0));
#3922=CARTESIAN_POINT('',(1.219148472216E1,-1.369002031330E1,1.905896825522E0));
#3923=CARTESIAN_POINT('',(1.195034661137E1,-1.403894170296E1,1.869985543935E0));
#3924=CARTESIAN_POINT('',(1.162361805651E1,-1.438664203827E1,1.849433335263E0));
#3925=CARTESIAN_POINT('',(1.120047440467E1,-1.470716077801E1,1.852788889245E0));
#3926=CARTESIAN_POINT('',(1.068513452821E1,-1.496395109261E1,1.887584948520E0));
#3927=CARTESIAN_POINT('',(1.012603033099E1,-1.511528034756E1,1.952886542848E0));
#3928=CARTESIAN_POINT('',(9.742903363554E0,-1.514355874910E1,2.011832609232E0));
#3929=CARTESIAN_POINT('',(9.562567402466E0,-1.514086003752E1,2.042034503657E0));
#3930=(BOUNDED_SURFACE()B_SPLINE_SURFACE(3,3,((#3870,#3871,#3872,#3873,#3874,
#3875,#3876,#3877,#3878,#3879,#3880,#3881,#3882,#3883,#3884),(#3885,#3886,#3887,
#3888,#3889,#3890,#3891,#3892,#3893,#3894,#3895,#3896,#3897,#3898,#3899),(#3900,
#3901,#3902,#3903,#3904,#3905,#3906,#3907,#3908,#3909,#3910,#3911,#3912,#3913,
#3914),(#3915,#3916,#3917,#3918,#3919,#3920,#3921,#3922,#3923,#3924,#3925,#3926,
#3927,#3928,#3929)),.UNSPECIFIED.,.F.,.F.,.F.)B_SPLINE_SURFACE_WITH_KNOTS((4,4),
(4,1,1,1,1,1,1,1,1,1,1,1,4),(0.E0,1.E0),(1.416063079907E-2,4.625079966619E-2,
9.586159784213E-2,1.500473369648E-1,2.100151595927E-1,2.769607696119E-1,
3.520716721055E-1,4.365547616643E-1,5.314734010036E-1,6.375708813087E-1,
7.536254148948E-1,8.754454266237E-1,9.846257624134E-1),.UNSPECIFIED.)GEOMETRIC_REPRESENTATION_ITEM()RATIONAL_B_SPLINE_SURFACE(((1.122223564180E0,
1.122223564180E0,1.122223564180E0,1.122223564180E0,1.122223564180E0,
1.122223564180E0,1.122223564180E0,1.122223564180E0,1.122223564180E0,
1.122223564180E0,1.122223564180E0,1.122223564180E0,1.122223564180E0,
1.122223564180E0,1.122223564180E0),(9.592588119401E-1,9.592588119401E-1,
9.592588119401E-1,9.592588119401E-1,9.592588119401E-1,9.592588119401E-1,
9.592588119401E-1,9.592588119401E-1,9.592588119401E-1,9.592588119401E-1,
9.592588119401E-1,9.592588119401E-1,9.592588119401E-1,9.592588119401E-1,
9.592588119401E-1),(9.592588119401E-1,9.592588119401E-1,9.592588119401E-1,
9.592588119401E-1,9.592588119401E-1,9.592588119401E-1,9.592588119401E-1,
9.592588119401E-1,9.592588119401E-1,9.592588119401E-1,9.592588119401E-1,
9.592588119401E-1,9.592588119401E-1,9.592588119401E-1,9.592588119401E-1),(
1.122223564180E0,1.122223564180E0,1.122223564180E0,1.122223564180E0,
1.122223564180E0,1.122223564180E0,1.122223564180E0,1.122223564180E0,
1.122223564180E0,1.122223564180E0,1.122223564180E0,1.122223564180E0,
1.122223564180E0,1.122223564180E0,1.122223564180E0)))REPRESENTATION_ITEM('')SURFACE());
#3932=ORIENTED_EDGE('',*,*,#3931,.T.);
#3934=ORIENTED_EDGE('',*,*,#3933,.T.);
#3936=ORIENTED_EDGE('',*,*,#3935,.F.);
#3937=ORIENTED_EDGE('',*,*,#3861,.F.);
#3938=EDGE_LOOP('',(#3932,#3934,#3936,#3937));
#3939=FACE_OUTER_BOUND('',#3938,.F.);
#3941=CARTESIAN_POINT('',(9.5E0,-1.2E1,8.998517117857E-1));
#3942=DIRECTION('',(0.E0,0.E0,-1.E0));
#3943=DIRECTION('',(-1.E0,0.E0,0.E0));
#3944=AXIS2_PLACEMENT_3D('',#3941,#3942,#3943);
#3945=CONICAL_SURFACE('',#3944,3.468576485796E0,2.E0);
#3946=ORIENTED_EDGE('',*,*,#3931,.F.);
#3947=ORIENTED_EDGE('',*,*,#3750,.F.);
#3948=ORIENTED_EDGE('',*,*,#3697,.F.);
#3950=ORIENTED_EDGE('',*,*,#3949,.T.);
#3951=EDGE_LOOP('',(#3946,#3947,#3948,#3950));
#3952=FACE_OUTER_BOUND('',#3951,.F.);
#3954=CARTESIAN_POINT('',(-1.103407010776E1,-1.55E1,0.E0));
#3955=DIRECTION('',(0.E0,-9.993908270191E-1,3.489949670250E-2));
#3956=DIRECTION('',(-1.E0,0.E0,0.E0));
#3957=AXIS2_PLACEMENT_3D('',#3954,#3955,#3956);
#3958=PLANE('',#3957);
#3960=ORIENTED_EDGE('',*,*,#3959,.F.);
#3961=ORIENTED_EDGE('',*,*,#3949,.F.);
#3962=ORIENTED_EDGE('',*,*,#3695,.F.);
#3964=ORIENTED_EDGE('',*,*,#3963,.T.);
#3966=ORIENTED_EDGE('',*,*,#3965,.F.);
#3967=EDGE_LOOP('',(#3960,#3961,#3962,#3964,#3966));
#3968=FACE_OUTER_BOUND('',#3967,.F.);
#3970=CARTESIAN_POINT('',(9.499999983997E0,-1.544155876106E1,1.673538120431E0));
#3971=CARTESIAN_POINT('',(9.156223408618E0,-1.543957689810E1,1.730291250041E0));
#3972=CARTESIAN_POINT('',(8.416595438325E0,-1.543578159137E1,1.838974615012E0));
#3973=CARTESIAN_POINT('',(7.286506562551E0,-1.543131651157E1,1.966837771079E0));
#3974=CARTESIAN_POINT('',(6.145926010630E0,-1.542799002873E1,2.062095776319E0));
#3975=CARTESIAN_POINT('',(5.093909728321E0,-1.542575925213E1,2.125976859853E0));
#3976=CARTESIAN_POINT('',(4.158254789856E0,-1.542431293013E1,2.167394103143E0));
#3977=CARTESIAN_POINT('',(3.336371884539E0,-1.542338100703E1,2.194080888950E0));
#3978=CARTESIAN_POINT('',(2.607615059995E0,-1.542277602094E1,2.211405423985E0));
#3979=CARTESIAN_POINT('',(1.957632411017E0,-1.542238623262E1,2.222567501004E0));
#3980=CARTESIAN_POINT('',(1.373362656921E0,-1.542214170377E1,2.229569890961E0));
#3981=CARTESIAN_POINT('',(8.416770037974E-1,-1.542199818845E1,
2.233679631971E0));
#3982=CARTESIAN_POINT('',(3.897312208354E-1,-1.542193395230E1,
2.235519114711E0));
#3983=CARTESIAN_POINT('',(1.135537067612E-1,-1.542192255519E1,
2.235845485339E0));
#3984=CARTESIAN_POINT('',(-6.191514882748E-11,-1.542192255761E1,
2.235845415821E0));
#3985=CARTESIAN_POINT('',(9.534122484129E0,-1.543434971418E1,1.879979091254E0));
#3986=CARTESIAN_POINT('',(9.187904760775E0,-1.543235377709E1,1.937135251368E0));
#3987=CARTESIAN_POINT('',(8.443353691964E0,-1.542853340698E1,2.046536337411E0));
#3988=CARTESIAN_POINT('',(7.306824768428E0,-1.542404321239E1,2.175118687048E0));
#3989=CARTESIAN_POINT('',(6.160868036146E0,-1.542070129884E1,2.270818569752E0));
#3990=CARTESIAN_POINT('',(5.104815534864E0,-1.541846210616E1,2.334940658482E0));
#3991=CARTESIAN_POINT('',(4.166234112365E0,-1.541701132938E1,2.376485469824E0));
#3992=CARTESIAN_POINT('',(3.342227139225E0,-1.541607703143E1,2.403240262546E0));
#3993=CARTESIAN_POINT('',(2.611883150161E0,-1.541547074410E1,2.420602060216E0));
#3994=CARTESIAN_POINT('',(1.960675546905E0,-1.541508022914E1,2.431784945620E0));
#3995=CARTESIAN_POINT('',(1.375422763596E0,-1.541483529270E1,2.438799007320E0));
#3996=CARTESIAN_POINT('',(8.429117753233E-1,-1.541469155640E1,
2.442915076645E0));
#3997=CARTESIAN_POINT('',(3.902977649579E-1,-1.541462722593E1,
2.444757260081E0));
#3998=CARTESIAN_POINT('',(1.137187775248E-1,-1.541461581226E1,
2.445084104938E0));
#3999=CARTESIAN_POINT('',(-2.922241270558E-11,-1.541461581470E1,
2.445084035017E0));
#4000=CARTESIAN_POINT('',(9.559861292695E0,-1.529154191082E1,2.030901700921E0));
#4001=CARTESIAN_POINT('',(9.211802196634E0,-1.528953535752E1,2.088361869386E0));
#4002=CARTESIAN_POINT('',(8.463537604786E0,-1.528569608196E1,2.198304336780E0));
#4003=CARTESIAN_POINT('',(7.322150914210E0,-1.528118694312E1,2.327429178484E0));
#4004=CARTESIAN_POINT('',(6.172138896512E0,-1.527783339011E1,2.423462372038E0));
#4005=CARTESIAN_POINT('',(5.113041850808E0,-1.527558784912E1,2.487766252447E0));
#4006=CARTESIAN_POINT('',(4.172252963672E0,-1.527413371208E1,2.529407289143E0));
#4007=CARTESIAN_POINT('',(3.346643793306E0,-1.527319762276E1,2.556213379892E0));
#4008=CARTESIAN_POINT('',(2.615102596429E0,-1.527259035390E1,2.573603284994E0));
#4009=CARTESIAN_POINT('',(1.962971002741E0,-1.527219929082E1,2.584801866290E0));
#4010=CARTESIAN_POINT('',(1.376976714541E0,-1.527195404694E1,2.591824732055E0));
#4011=CARTESIAN_POINT('',(8.438431709655E-1,-1.527181014394E1,
2.595945574866E0));
#4012=CARTESIAN_POINT('',(3.907251126218E-1,-1.527174574234E1,
2.597789795454E0));
#4013=CARTESIAN_POINT('',(1.138432914018E-1,-1.527173431617E1,
2.598116998025E0));
#4014=CARTESIAN_POINT('',(-4.561878732740E-12,-1.527173431863E1,
2.598116927800E0));
#4015=CARTESIAN_POINT('',(9.564568666070E0,-1.508330940273E1,2.052144378617E0));
#4016=CARTESIAN_POINT('',(9.216172801163E0,-1.508130090783E1,2.109660147201E0));
#4017=CARTESIAN_POINT('',(8.467229042700E0,-1.507745817465E1,2.219701627887E0));
#4018=CARTESIAN_POINT('',(7.324953914606E0,-1.507294557110E1,2.348925686022E0));
#4019=CARTESIAN_POINT('',(6.174200225337E0,-1.506958988934E1,2.445019838831E0));
#4020=CARTESIAN_POINT('',(5.114546362586E0,-1.506734318731E1,2.509356967140E0));
#4021=CARTESIAN_POINT('',(4.173353752014E0,-1.506588843571E1,2.551015602501E0));
#4022=CARTESIAN_POINT('',(3.347451555630E0,-1.506495201877E1,2.577831075151E0));
#4023=CARTESIAN_POINT('',(2.615691401292E0,-1.506434457039E1,2.595226120824E0));
#4024=CARTESIAN_POINT('',(1.963390818898E0,-1.506395340707E1,2.606427572743E0));
#4025=CARTESIAN_POINT('',(1.377260916791E0,-1.506370810697E1,2.613452048684E0));
#4026=CARTESIAN_POINT('',(8.440135140114E-1,-1.506356417348E1,
2.617573764519E0));
#4027=CARTESIAN_POINT('',(3.908032702804E-1,-1.506349975887E1,
2.619418357682E0));
#4028=CARTESIAN_POINT('',(1.138660637577E-1,-1.506348833042E1,
2.619745625676E0));
#4029=CARTESIAN_POINT('',(-5.143925510430E-14,-1.506348833287E1,
2.619745555395E0));
#4030=(BOUNDED_SURFACE()B_SPLINE_SURFACE(3,3,((#3970,#3971,#3972,#3973,#3974,
#3975,#3976,#3977,#3978,#3979,#3980,#3981,#3982,#3983,#3984),(#3985,#3986,#3987,
#3988,#3989,#3990,#3991,#3992,#3993,#3994,#3995,#3996,#3997,#3998,#3999),(#4000,
#4001,#4002,#4003,#4004,#4005,#4006,#4007,#4008,#4009,#4010,#4011,#4012,#4013,
#4014),(#4015,#4016,#4017,#4018,#4019,#4020,#4021,#4022,#4023,#4024,#4025,#4026,
#4027,#4028,#4029)),.UNSPECIFIED.,.F.,.F.,.F.)B_SPLINE_SURFACE_WITH_KNOTS((4,4),
(4,1,1,1,1,1,1,1,1,1,1,1,4),(0.E0,1.E0),(8.934531965928E-3,1.165403191884E-1,
2.396997769284E-1,3.598236387066E-1,4.694747719551E-1,5.645399887519E-1,
6.483668959036E-1,7.227352640004E-1,7.889933625016E-1,8.484949020133E-1,
9.025942062161E-1,9.526448700402E-1,9.875932645941E-1),.UNSPECIFIED.)GEOMETRIC_REPRESENTATION_ITEM()RATIONAL_B_SPLINE_SURFACE(((1.140051988317E0,
1.140051988317E0,1.140051988317E0,1.140051988317E0,1.140051988317E0,
1.140051988317E0,1.140051988317E0,1.140051988317E0,1.140051988317E0,
1.140051988317E0,1.140051988317E0,1.140051988317E0,1.140051988317E0,
1.140051988317E0,1.140051988317E0),(9.533160038942E-1,9.533160038942E-1,
9.533160038942E-1,9.533160038942E-1,9.533160038942E-1,9.533160038942E-1,
9.533160038942E-1,9.533160038942E-1,9.533160038942E-1,9.533160038942E-1,
9.533160038942E-1,9.533160038942E-1,9.533160038942E-1,9.533160038942E-1,
9.533160038942E-1),(9.533160038942E-1,9.533160038942E-1,9.533160038942E-1,
9.533160038942E-1,9.533160038942E-1,9.533160038942E-1,9.533160038942E-1,
9.533160038942E-1,9.533160038942E-1,9.533160038942E-1,9.533160038942E-1,
9.533160038942E-1,9.533160038942E-1,9.533160038942E-1,9.533160038942E-1),(
1.140051988317E0,1.140051988317E0,1.140051988317E0,1.140051988317E0,
1.140051988317E0,1.140051988317E0,1.140051988317E0,1.140051988317E0,
1.140051988317E0,1.140051988317E0,1.140051988317E0,1.140051988317E0,
1.140051988317E0,1.140051988317E0,1.140051988317E0)))REPRESENTATION_ITEM('')SURFACE());
#4031=ORIENTED_EDGE('',*,*,#3959,.T.);
#4033=ORIENTED_EDGE('',*,*,#4032,.T.);
#4035=ORIENTED_EDGE('',*,*,#4034,.F.);
#4036=ORIENTED_EDGE('',*,*,#3933,.F.);
#4037=EDGE_LOOP('',(#4031,#4033,#4035,#4036));
#4038=FACE_OUTER_BOUND('',#4037,.F.);
#4040=CARTESIAN_POINT('',(0.E0,-1.542192255761E1,2.235845415821E0));
#4041=CARTESIAN_POINT('',(-3.220182799634E-2,-1.542192255885E1,
2.235845380433E0));
#4042=CARTESIAN_POINT('',(-3.168771166955E-1,-1.542192589672E1,
2.235749796311E0));
#4043=CARTESIAN_POINT('',(-8.856334236759E-1,-1.542199116758E1,
2.233880683365E0));
#4044=CARTESIAN_POINT('',(-1.721576984874E0,-1.542225624932E1,
2.226289735776E0));
#4045=CARTESIAN_POINT('',(-2.603475884591E0,-1.542275418052E1,
2.212030851647E0));
#4046=CARTESIAN_POINT('',(-3.486145059690E0,-1.542351959626E1,
2.190112212665E0));
#4047=CARTESIAN_POINT('',(-4.344424845898E0,-1.542457288153E1,
2.159950068801E0));
#4048=CARTESIAN_POINT('',(-5.176640226589E0,-1.542594225911E1,
2.120736225577E0));
#4049=CARTESIAN_POINT('',(-5.997294763787E0,-1.542769273862E1,
2.070609051069E0));
#4050=CARTESIAN_POINT('',(-6.814261732752E0,-1.542990243967E1,
2.007331492076E0));
#4051=CARTESIAN_POINT('',(-7.613468880035E0,-1.543259415612E1,
1.930250818211E0));
#4052=CARTESIAN_POINT('',(-8.361201840522E0,-1.543566199421E1,
1.842399429539E0));
#4053=CARTESIAN_POINT('',(-8.984555015097E0,-1.543868721426E1,
1.755768461867E0));
#4054=CARTESIAN_POINT('',(-9.352995125261E0,-1.544071127616E1,
1.697806912571E0));
#4055=CARTESIAN_POINT('',(-9.499999999728E0,-1.544155875881E1,
1.673538184889E0));
#4056=CARTESIAN_POINT('',(1.074512445264E-9,-1.541461566830E1,
2.445087722299E0));
#4057=CARTESIAN_POINT('',(-3.224863918461E-2,-1.541461566954E1,
2.445087686703E0));
#4058=CARTESIAN_POINT('',(-3.173377651502E-1,-1.541461901229E1,
2.444991962854E0));
#4059=CARTESIAN_POINT('',(-8.869250290058E-1,-1.541468437701E1,
2.443120162197E0));
#4060=CARTESIAN_POINT('',(-1.724190817903E0,-1.541494986935E1,
2.435517456280E0));
#4061=CARTESIAN_POINT('',(-2.607711237784E0,-1.541544869640E1,
2.421232918723E0));
#4062=CARTESIAN_POINT('',(-3.492345433459E0,-1.541621578360E1,
2.399266415394E0));
#4063=CARTESIAN_POINT('',(-4.352950798906E0,-1.541727187997E1,
2.369023772180E0));
#4064=CARTESIAN_POINT('',(-5.187874090045E0,-1.541864566030E1,
2.329683850599E0));
#4065=CARTESIAN_POINT('',(-6.011685518180E0,-1.542040280716E1,
2.279365748186E0));
#4066=CARTESIAN_POINT('',(-6.832315588936E0,-1.542262233325E1,
2.215806836884E0));
#4067=CARTESIAN_POINT('',(-7.635640701942E0,-1.542532782275E1,
2.138331754157E0));
#4068=CARTESIAN_POINT('',(-8.387724806025E0,-1.542841342047E1,
2.049971796528E0));
#4069=CARTESIAN_POINT('',(-9.015087958229E0,-1.543145803542E1,
1.962785431483E0));
#4070=CARTESIAN_POINT('',(-9.386074307058E0,-1.543349606648E1,
1.904423858046E0));
#4071=CARTESIAN_POINT('',(-9.534123095049E0,-1.543434956733E1,
1.879982791358E0));
#4072=CARTESIAN_POINT('',(1.885018942595E-9,-1.527173002795E1,
2.598121794339E0));
#4073=CARTESIAN_POINT('',(-3.228394882101E-2,-1.527173002920E1,
2.598121758585E0));
#4074=CARTESIAN_POINT('',(-3.176852318573E-1,-1.527173337563E1,
2.598025929342E0));
#4075=CARTESIAN_POINT('',(-8.878992857221E-1,-1.527179881114E1,
2.596152101346E0));
#4076=CARTESIAN_POINT('',(-1.726162429761E0,-1.527206461321E1,
2.588540526133E0));
#4077=CARTESIAN_POINT('',(-2.610905960814E0,-1.527256411598E1,
2.574236638218E0));
#4078=CARTESIAN_POINT('',(-3.497022369708E0,-1.527333246396E1,
2.552234030857E0));
#4079=CARTESIAN_POINT('',(-4.359381917443E0,-1.527439068074E1,
2.521930667056E0));
#4080=CARTESIAN_POINT('',(-5.196347782951E0,-1.527576778207E1,
2.482495644687E0));
#4081=CARTESIAN_POINT('',(-6.022540451025E0,-1.527752995810E1,
2.432033525530E0));
#4082=CARTESIAN_POINT('',(-6.845933596103E0,-1.527975689521E1,
2.368262390440E0));
#4083=CARTESIAN_POINT('',(-7.652364886879E0,-1.528247277372E1,
2.290489805470E0));
#4084=CARTESIAN_POINT('',(-8.407731054588E0,-1.528557176750E1,
2.201746234742E0));
#4085=CARTESIAN_POINT('',(-9.038118929240E0,-1.528863101201E1,
2.114140933969E0));
#4086=CARTESIAN_POINT('',(-9.411025903560E0,-1.529067957998E1,
2.055477622689E0));
#4087=CARTESIAN_POINT('',(-9.559862114565E0,-1.529153762037E1,
2.030906560846E0));
#4088=CARTESIAN_POINT('',(2.033231546749E-9,-1.506347991391E1,
2.619746395826E0));
#4089=CARTESIAN_POINT('',(-3.229040568257E-2,-1.506347991516E1,
2.619746360044E0));
#4090=CARTESIAN_POINT('',(-3.177487710113E-1,-1.506348326226E1,
2.619650511528E0));
#4091=CARTESIAN_POINT('',(-8.880774422081E-1,-1.506354871072E1,
2.617776312805E0));
#4092=CARTESIAN_POINT('',(-1.726522966603E0,-1.506381456943E1,
2.610163115717E0));
#4093=CARTESIAN_POINT('',(-2.611490160665E0,-1.506431419576E1,
2.595855689318E0));
#4094=CARTESIAN_POINT('',(-3.497877613007E0,-1.506508277430E1,
2.573846479829E0));
#4095=CARTESIAN_POINT('',(-4.360557937542E0,-1.506614137882E1,
2.543532012418E0));
#4096=CARTESIAN_POINT('',(-5.197897316382E0,-1.506751908744E1,
2.504079599538E0));
#4097=CARTESIAN_POINT('',(-6.024525427531E0,-1.506928218313E1,
2.453591144902E0));
#4098=CARTESIAN_POINT('',(-6.848423839448E0,-1.507151047544E1,
2.389781201720E0));
#4099=CARTESIAN_POINT('',(-7.655423138335E0,-1.507422825373E1,
2.311954214298E0));
#4100=CARTESIAN_POINT('',(-8.411389477347E0,-1.507732969717E1,
2.223140494542E0));
#4101=CARTESIAN_POINT('',(-9.042330464863E0,-1.508039161690E1,
2.135458585503E0));
#4102=CARTESIAN_POINT('',(-9.415588652454E0,-1.508244211170E1,
2.076740097232E0));
#4103=CARTESIAN_POINT('',(-9.564568854787E0,-1.508330098220E1,
2.052145263954E0));
#4104=(BOUNDED_SURFACE()B_SPLINE_SURFACE(3,3,((#4040,#4041,#4042,#4043,#4044,
#4045,#4046,#4047,#4048,#4049,#4050,#4051,#4052,#4053,#4054,#4055),(#4056,#4057,
#4058,#4059,#4060,#4061,#4062,#4063,#4064,#4065,#4066,#4067,#4068,#4069,#4070,
#4071),(#4072,#4073,#4074,#4075,#4076,#4077,#4078,#4079,#4080,#4081,#4082,#4083,
#4084,#4085,#4086,#4087),(#4088,#4089,#4090,#4091,#4092,#4093,#4094,#4095,#4096,
#4097,#4098,#4099,#4100,#4101,#4102,#4103)),.UNSPECIFIED.,.F.,.F.,.F.)B_SPLINE_SURFACE_WITH_KNOTS((4,4),(4,1,1,1,1,1,1,1,1,1,1,1,1,4),(0.E0,1.E0),(
5.105901984490E-2,6.058891185015E-2,1.353065562965E-1,2.193793197303E-1,
3.080090216739E-1,3.963932874765E-1,4.808031275417E-1,5.623637599118E-1,
6.432272840782E-1,7.244787895874E-1,8.053103229014E-1,8.813755998857E-1,
9.478729232990E-1,9.921194826539E-1),.UNSPECIFIED.)GEOMETRIC_REPRESENTATION_ITEM()RATIONAL_B_SPLINE_SURFACE(((1.140056485097E0,1.140056485097E0,1.140056485097E0,
1.140056485097E0,1.140056485097E0,1.140056485097E0,1.140056485097E0,
1.140056485097E0,1.140056485097E0,1.140056485097E0,1.140056485097E0,
1.140056485097E0,1.140056485097E0,1.140056485097E0,1.140056485097E0,
1.140056485097E0),(9.533145049678E-1,9.533145049678E-1,9.533145049678E-1,
9.533145049678E-1,9.533145049678E-1,9.533145049678E-1,9.533145049678E-1,
9.533145049678E-1,9.533145049678E-1,9.533145049678E-1,9.533145049678E-1,
9.533145049678E-1,9.533145049678E-1,9.533145049678E-1,9.533145049678E-1,
9.533145049678E-1),(9.533145049678E-1,9.533145049678E-1,9.533145049678E-1,
9.533145049678E-1,9.533145049678E-1,9.533145049678E-1,9.533145049678E-1,
9.533145049678E-1,9.533145049678E-1,9.533145049678E-1,9.533145049678E-1,
9.533145049678E-1,9.533145049678E-1,9.533145049678E-1,9.533145049678E-1,
9.533145049678E-1),(1.140056485097E0,1.140056485097E0,1.140056485097E0,
1.140056485097E0,1.140056485097E0,1.140056485097E0,1.140056485097E0,
1.140056485097E0,1.140056485097E0,1.140056485097E0,1.140056485097E0,
1.140056485097E0,1.140056485097E0,1.140056485097E0,1.140056485097E0,
1.140056485097E0)))REPRESENTATION_ITEM('')SURFACE());
#4105=ORIENTED_EDGE('',*,*,#3965,.T.);
#4107=ORIENTED_EDGE('',*,*,#4106,.T.);
#4109=ORIENTED_EDGE('',*,*,#4108,.F.);
#4110=ORIENTED_EDGE('',*,*,#4032,.F.);
#4111=EDGE_LOOP('',(#4105,#4107,#4109,#4110));
#4112=FACE_OUTER_BOUND('',#4111,.F.);
#4114=CARTESIAN_POINT('',(-9.496142342017E0,-1.544167264791E1,
1.650174911865E0));
#4115=CARTESIAN_POINT('',(-9.569108932037E0,-1.544207764346E1,
1.637489950560E0));
#4116=CARTESIAN_POINT('',(-9.748716236429E0,-1.543731214951E1,
1.607190729003E0));
#4117=CARTESIAN_POINT('',(-1.004493897894E1,-1.540590427554E1,
1.561331310354E0));
#4118=CARTESIAN_POINT('',(-1.039475666419E1,-1.533339950198E1,
1.514027517052E0));
#4119=CARTESIAN_POINT('',(-1.077527110615E1,-1.520981366532E1,
1.472024674972E0));
#4120=CARTESIAN_POINT('',(-1.118504254128E1,-1.501823583292E1,
1.440068548012E0));
#4121=CARTESIAN_POINT('',(-1.161475798784E1,-1.473858994100E1,
1.425335131832E0));
#4122=CARTESIAN_POINT('',(-1.204260424847E1,-1.435185549965E1,
1.437039389407E0));
#4123=CARTESIAN_POINT('',(-1.243079257882E1,-1.385054167357E1,
1.483796112034E0));
#4124=CARTESIAN_POINT('',(-1.273139740343E1,-1.325347945477E1,
1.567820749895E0));
#4125=CARTESIAN_POINT('',(-1.290434831565E1,-1.262298129668E1,
1.677604243732E0));
#4126=CARTESIAN_POINT('',(-1.293851154505E1,-1.219870526562E1,
1.760030585616E0));
#4127=CARTESIAN_POINT('',(-1.293714641023E1,-1.199999999936E1,
1.799703194578E0));
#4128=CARTESIAN_POINT('',(-9.527766107449E0,-1.544648647252E1,
1.841900029620E0));
#4129=CARTESIAN_POINT('',(-9.600218355194E0,-1.544719497563E1,
1.829292284120E0));
#4130=CARTESIAN_POINT('',(-9.778538157625E0,-1.544319639659E1,
1.799179201667E0));
#4131=CARTESIAN_POINT('',(-1.007254575031E1,-1.541314126842E1,
1.753607935420E0));
#4132=CARTESIAN_POINT('',(-1.041960371784E1,-1.534238269591E1,
1.706609487379E0));
#4133=CARTESIAN_POINT('',(-1.079693188617E1,-1.522090626512E1,
1.664885244031E0));
#4134=CARTESIAN_POINT('',(-1.120303466501E1,-1.503190152322E1,
1.633146388412E0));
#4135=CARTESIAN_POINT('',(-1.162859718536E1,-1.475538489022E1,
1.618514931826E0));
#4136=CARTESIAN_POINT('',(-1.205190867563E1,-1.437236705011E1,
1.630137979714E0));
#4137=CARTESIAN_POINT('',(-1.243543078949E1,-1.387523448137E1,
1.676576032501E0));
#4138=CARTESIAN_POINT('',(-1.273160003434E1,-1.328248368765E1,
1.760051568591E0));
#4139=CARTESIAN_POINT('',(-1.290074869076E1,-1.265591837531E1,
1.869157218872E0));
#4140=CARTESIAN_POINT('',(-1.293277186468E1,-1.223395761122E1,
1.951101302533E0));
#4141=CARTESIAN_POINT('',(-1.293048234685E1,-1.203627537168E1,
1.990547215771E0));
#4142=CARTESIAN_POINT('',(-9.553669413133E0,-1.532918373185E1,
1.994709842662E0));
#4143=CARTESIAN_POINT('',(-9.623220575170E0,-1.533011978854E1,
1.982768533598E0));
#4144=CARTESIAN_POINT('',(-9.794362341351E0,-1.532689699179E1,
1.954252746089E0));
#4145=CARTESIAN_POINT('',(-1.007636977111E1,-1.529901662257E1,
1.911119626372E0));
#4146=CARTESIAN_POINT('',(-1.040900437809E1,-1.523220705415E1,
1.866662104879E0));
#4147=CARTESIAN_POINT('',(-1.077033516425E1,-1.511681387040E1,
1.827217966876E0));
#4148=CARTESIAN_POINT('',(-1.115885402978E1,-1.493674431146E1,
1.797230839274E0));
#4149=CARTESIAN_POINT('',(-1.156560199314E1,-1.467282812386E1,
1.783412738579E0));
#4150=CARTESIAN_POINT('',(-1.196983072363E1,-1.430673992266E1,
1.794388973587E0));
#4151=CARTESIAN_POINT('',(-1.233571134882E1,-1.383086467060E1,
1.838261518738E0));
#4152=CARTESIAN_POINT('',(-1.261776867755E1,-1.326248745556E1,
1.917202137475E0));
#4153=CARTESIAN_POINT('',(-1.277797000314E1,-1.266066569699E1,
2.020509394199E0));
#4154=CARTESIAN_POINT('',(-1.280718433140E1,-1.225484615154E1,
2.098185392389E0));
#4155=CARTESIAN_POINT('',(-1.280423656220E1,-1.206464904628E1,
2.135594386839E0));
#4156=CARTESIAN_POINT('',(-9.562567511649E0,-1.514086723941E1,
2.042032919364E0));
#4157=CARTESIAN_POINT('',(-9.628094699433E0,-1.514185576225E1,
2.031056935044E0));
#4158=CARTESIAN_POINT('',(-9.789294998890E0,-1.513907964645E1,
2.004853738487E0));
#4159=CARTESIAN_POINT('',(-1.005474511076E1,-1.511324861790E1,
1.965246583498E0));
#4160=CARTESIAN_POINT('',(-1.036757623595E1,-1.505087047720E1,
1.924458617908E0));
#4161=CARTESIAN_POINT('',(-1.070706777386E1,-1.494288422158E1,
1.888302766406E0));
#4162=CARTESIAN_POINT('',(-1.107174788207E1,-1.477421933518E1,
1.860838685062E0));
#4163=CARTESIAN_POINT('',(-1.145321619931E1,-1.452688540890E1,
1.848190998931E0));
#4164=CARTESIAN_POINT('',(-1.183212756449E1,-1.418356450518E1,
1.858236601208E0));
#4165=CARTESIAN_POINT('',(-1.217507692448E1,-1.373676190187E1,
1.898414461580E0));
#4166=CARTESIAN_POINT('',(-1.243949384190E1,-1.320220209563E1,
1.970809979278E0));
#4167=CARTESIAN_POINT('',(-1.258950065673E1,-1.263515509610E1,
2.065724356399E0));
#4168=CARTESIAN_POINT('',(-1.261646101976E1,-1.225227081635E1,
2.137205828740E0));
#4169=CARTESIAN_POINT('',(-1.261340789734E1,-1.207276006216E1,
2.171655062830E0));
#4170=(BOUNDED_SURFACE()B_SPLINE_SURFACE(3,3,((#4114,#4115,#4116,#4117,#4118,
#4119,#4120,#4121,#4122,#4123,#4124,#4125,#4126,#4127),(#4128,#4129,#4130,#4131,
#4132,#4133,#4134,#4135,#4136,#4137,#4138,#4139,#4140,#4141),(#4142,#4143,#4144,
#4145,#4146,#4147,#4148,#4149,#4150,#4151,#4152,#4153,#4154,#4155),(#4156,#4157,
#4158,#4159,#4160,#4161,#4162,#4163,#4164,#4165,#4166,#4167,#4168,#4169)),
.UNSPECIFIED.,.F.,.F.,.F.)B_SPLINE_SURFACE_WITH_KNOTS((4,4),(4,1,1,1,1,1,1,1,1,
1,1,4),(0.E0,1.E0),(1.411127887044E-2,5.381542501178E-2,1.116797156798E-1,
1.752393315326E-1,2.461206671585E-1,3.259234905422E-1,4.162426978636E-1,
5.181949959512E-1,6.315312564181E-1,7.530710755507E-1,8.757166538818E-1,
9.845694012836E-1),.UNSPECIFIED.)GEOMETRIC_REPRESENTATION_ITEM()RATIONAL_B_SPLINE_SURFACE(((1.122223911744E0,1.122223911744E0,1.122223911744E0,1.122223911744E0,
1.122223911744E0,1.122223911744E0,1.122223911744E0,1.122223911744E0,
1.122223911744E0,1.122223911744E0,1.122223911744E0,1.122223911744E0,
1.122223911744E0,1.122223911744E0),(9.592586960854E-1,9.592586960854E-1,
9.592586960854E-1,9.592586960854E-1,9.592586960854E-1,9.592586960854E-1,
9.592586960854E-1,9.592586960854E-1,9.592586960854E-1,9.592586960854E-1,
9.592586960854E-1,9.592586960854E-1,9.592586960854E-1,9.592586960854E-1),(
9.592586960854E-1,9.592586960854E-1,9.592586960854E-1,9.592586960854E-1,
9.592586960854E-1,9.592586960854E-1,9.592586960854E-1,9.592586960854E-1,
9.592586960854E-1,9.592586960854E-1,9.592586960854E-1,9.592586960854E-1,
9.592586960854E-1,9.592586960854E-1),(1.122223911744E0,1.122223911744E0,
1.122223911744E0,1.122223911744E0,1.122223911744E0,1.122223911744E0,
1.122223911744E0,1.122223911744E0,1.122223911744E0,1.122223911744E0,
1.122223911744E0,1.122223911744E0,1.122223911744E0,1.122223911744E0)))REPRESENTATION_ITEM('')SURFACE());
#4172=ORIENTED_EDGE('',*,*,#4171,.T.);
#4174=ORIENTED_EDGE('',*,*,#4173,.T.);
#4176=ORIENTED_EDGE('',*,*,#4175,.F.);
#4177=ORIENTED_EDGE('',*,*,#4106,.F.);
#4178=EDGE_LOOP('',(#4172,#4174,#4176,#4177));
#4179=FACE_OUTER_BOUND('',#4178,.F.);
#4181=CARTESIAN_POINT('',(-9.5E0,-1.2E1,8.998517117857E-1));
#4182=DIRECTION('',(0.E0,0.E0,-1.E0));
#4183=DIRECTION('',(-1.E0,0.E0,0.E0));
#4184=AXIS2_PLACEMENT_3D('',#4181,#4182,#4183);
#4185=CONICAL_SURFACE('',#4184,3.468576485796E0,2.E0);
#4186=ORIENTED_EDGE('',*,*,#4171,.F.);
#4187=ORIENTED_EDGE('',*,*,#3963,.F.);
#4188=ORIENTED_EDGE('',*,*,#3693,.F.);
#4190=ORIENTED_EDGE('',*,*,#4189,.T.);
#4191=EDGE_LOOP('',(#4186,#4187,#4188,#4190));
#4192=FACE_OUTER_BOUND('',#4191,.F.);
#4194=CARTESIAN_POINT('',(-1.3E1,1.353407010776E1,0.E0));
#4195=DIRECTION('',(-9.993908270191E-1,0.E0,3.489949670250E-2));
#4196=DIRECTION('',(0.E0,1.E0,0.E0));
#4197=AXIS2_PLACEMENT_3D('',#4194,#4195,#4196);
#4198=PLANE('',#4197);
#4200=ORIENTED_EDGE('',*,*,#4199,.F.);
#4201=ORIENTED_EDGE('',*,*,#4189,.F.);
#4202=ORIENTED_EDGE('',*,*,#3691,.F.);
#4204=ORIENTED_EDGE('',*,*,#4203,.T.);
#4205=EDGE_LOOP('',(#4200,#4201,#4202,#4204));
#4206=FACE_OUTER_BOUND('',#4205,.F.);
#4208=CARTESIAN_POINT('',(-1.293715297230E1,-1.199999999615E1,
1.799703403319E0));
#4209=CARTESIAN_POINT('',(-1.293640678912E1,-1.188744679622E1,
1.821071293971E0));
#4210=CARTESIAN_POINT('',(-1.293478329722E1,-1.163227904247E1,
1.867562019006E0));
#4211=CARTESIAN_POINT('',(-1.293243994539E1,-1.122682223306E1,
1.934666835749E0));
#4212=CARTESIAN_POINT('',(-1.293009634123E1,-1.077139955523E1,
2.001778878001E0));
#4213=CARTESIAN_POINT('',(-1.292787246794E1,-1.027809190701E1,
2.065462276851E0));
#4214=CARTESIAN_POINT('',(-1.292576173157E1,-9.730180555827E0,
2.125905858107E0));
#4215=CARTESIAN_POINT('',(-1.292379711614E1,-9.110867730104E0,
2.182165083242E0));
#4216=CARTESIAN_POINT('',(-1.292204933765E1,-8.403317260129E0,
2.232214910515E0));
#4217=CARTESIAN_POINT('',(-1.292062602301E1,-7.594509126422E0,
2.272973309087E0));
#4218=CARTESIAN_POINT('',(-1.291965937868E1,-6.694083220135E0,
2.300654380897E0));
#4219=CARTESIAN_POINT('',(-1.291920344035E1,-5.739840638532E0,
2.313710746563E0));
#4220=CARTESIAN_POINT('',(-1.291916767959E1,-4.791943750609E0,
2.314734800660E0));
#4221=CARTESIAN_POINT('',(-1.291936928286E1,-3.903666120944E0,
2.308961638371E0));
#4222=CARTESIAN_POINT('',(-1.291965988231E1,-3.060470056669E0,
2.300639959020E0));
#4223=CARTESIAN_POINT('',(-1.291996182299E1,-2.233418901293E0,
2.291993509038E0));
#4224=CARTESIAN_POINT('',(-1.292021657345E1,-1.394133839296E0,
2.284698410555E0));
#4225=CARTESIAN_POINT('',(-1.292036801117E1,-5.573040307052E-1,
2.280361801672E0));
#4226=CARTESIAN_POINT('',(-1.292039084183E1,2.753772765560E-1,
2.279708017106E0));
#4227=CARTESIAN_POINT('',(-1.292027971847E1,1.122205802140E0,2.282890173740E0));
#4228=CARTESIAN_POINT('',(-1.292004487062E1,1.990251768306E0,2.289615336251E0));
#4229=CARTESIAN_POINT('',(-1.291973325186E1,2.862708960239E0,2.298538930069E0));
#4230=CARTESIAN_POINT('',(-1.291942221656E1,3.732500429337E0,2.307445815670E0));
#4231=CARTESIAN_POINT('',(-1.291920334472E1,4.584157369080E0,2.313713484995E0));
#4232=CARTESIAN_POINT('',(-1.291917041394E1,5.407343782655E0,2.314656499292E0));
#4233=CARTESIAN_POINT('',(-1.291938583380E1,6.180220451455E0,2.308487681449E0));
#4234=CARTESIAN_POINT('',(-1.291987688506E1,6.906975601342E0,2.294425813202E0));
#4235=CARTESIAN_POINT('',(-1.292067950650E1,7.607097434289E0,2.271441742341E0));
#4236=CARTESIAN_POINT('',(-1.292183942163E1,8.291864663267E0,2.238226119057E0));
#4237=CARTESIAN_POINT('',(-1.292337440993E1,8.954731802436E0,2.194269805133E0));
#4238=CARTESIAN_POINT('',(-1.292522697149E1,9.574114378626E0,2.141219383242E0));
#4239=CARTESIAN_POINT('',(-1.292726361208E1,1.012868111739E1,2.082897627433E0));
#4240=CARTESIAN_POINT('',(-1.292934762960E1,1.061143913634E1,2.023219173681E0));
#4241=CARTESIAN_POINT('',(-1.293141467440E1,1.103222716779E1,1.964026755451E0));
#4242=CARTESIAN_POINT('',(-1.293346120584E1,1.140670787508E1,1.905421762580E0));
#4243=CARTESIAN_POINT('',(-1.293536220466E1,1.172421022193E1,1.850984279129E0));
#4244=CARTESIAN_POINT('',(-1.293661237127E1,1.191845664836E1,1.815184191354E0));
#4245=CARTESIAN_POINT('',(-1.293715297219E1,1.200000003676E1,1.799703406495E0));
#4246=CARTESIAN_POINT('',(-1.292890578747E1,-1.204489063517E1,
2.035871908215E0));
#4247=CARTESIAN_POINT('',(-1.292815187603E1,-1.193117171732E1,
2.057461107142E0));
#4248=CARTESIAN_POINT('',(-1.292651184941E1,-1.167340339417E1,
2.104425324668E0));
#4249=CARTESIAN_POINT('',(-1.292414554439E1,-1.126397026465E1,
2.172187434637E0));
#4250=CARTESIAN_POINT('',(-1.292178005291E1,-1.080428774015E1,
2.239926247796E0));
#4251=CARTESIAN_POINT('',(-1.291953652730E1,-1.030661149136E1,
2.304172415486E0));
#4252=CARTESIAN_POINT('',(-1.291740834290E1,-9.754156662986E0,
2.365115642932E0));
#4253=CARTESIAN_POINT('',(-1.291542879259E1,-9.130112130454E0,
2.421802547110E0));
#4254=CARTESIAN_POINT('',(-1.291366910369E1,-8.417697828698E0,
2.472193443980E0));
#4255=CARTESIAN_POINT('',(-1.291223743518E1,-7.604062704031E0,
2.513191066030E0));
#4256=CARTESIAN_POINT('',(-1.291126621859E1,-6.699220062341E0,
2.541003070547E0));
#4257=CARTESIAN_POINT('',(-1.291080873644E1,-5.741425055769E0,
2.554103645095E0));
#4258=CARTESIAN_POINT('',(-1.291077298268E1,-4.791133955516E0,
2.555127498927E0));
#4259=CARTESIAN_POINT('',(-1.291097491614E1,-3.901579027766E0,
2.549344881058E0));
#4260=CARTESIAN_POINT('',(-1.291126568390E1,-3.057923039121E0,
2.541018381922E0));
#4261=CARTESIAN_POINT('',(-1.291156756294E1,-2.231031763933E0,
2.532373697186E0));
#4262=CARTESIAN_POINT('',(-1.291182210198E1,-1.392408483041E0,2.525084653E0));
#4263=CARTESIAN_POINT('',(-1.291197335319E1,-5.565633359740E-1,
2.520753384836E0));
#4264=CARTESIAN_POINT('',(-1.291199615205E1,2.750076379063E-1,
2.520100510982E0));
#4265=CARTESIAN_POINT('',(-1.291188517472E1,1.120772342425E0,2.523278485964E0));
#4266=CARTESIAN_POINT('',(-1.291165055888E1,1.988004858830E0,2.529997004601E0));
#4267=CARTESIAN_POINT('',(-1.291133906372E1,2.860136357799E0,2.538917058860E0));
#4268=CARTESIAN_POINT('',(-1.291102790293E1,3.730256835465E0,2.547827538154E0));
#4269=CARTESIAN_POINT('',(-1.291080872247E1,4.582989841326E0,2.554104045059E0));
#4270=CARTESIAN_POINT('',(-1.291077566201E1,5.408020923911E0,2.555050772896E0));
#4271=CARTESIAN_POINT('',(-1.291099170834E1,6.183380630643E0,2.548864015600E0));
#4272=CARTESIAN_POINT('',(-1.291148471950E1,6.913140558810E0,2.534746023112E0));
#4273=CARTESIAN_POINT('',(-1.291229128990E1,7.616774200280E0,2.511648868846E0));
#4274=CARTESIAN_POINT('',(-1.291345792736E1,8.305559643546E0,2.478240742940E0));
#4275=CARTESIAN_POINT('',(-1.291500309374E1,8.972859715289E0,2.433992967273E0));
#4276=CARTESIAN_POINT('',(-1.291686938318E1,9.596858169786E0,2.380549430171E0));
#4277=CARTESIAN_POINT('',(-1.291892251823E1,1.015593194117E1,2.321755334651E0));
#4278=CARTESIAN_POINT('',(-1.292102462106E1,1.064288834884E1,2.261558985573E0));
#4279=CARTESIAN_POINT('',(-1.292311060536E1,1.106753726545E1,2.201824210861E0));
#4280=CARTESIAN_POINT('',(-1.292517673433E1,1.144560746828E1,2.142658018514E0));
#4281=CARTESIAN_POINT('',(-1.292709662718E1,1.176626778518E1,2.087679480564E0));
#4282=CARTESIAN_POINT('',(-1.292835958741E1,1.196250273934E1,2.051513031435E0));
#4283=CARTESIAN_POINT('',(-1.292890578736E1,1.204489067603E1,2.035871911382E0));
#4284=CARTESIAN_POINT('',(-1.275038719985E1,-1.207610111049E1,
2.194035647289E0));
#4285=CARTESIAN_POINT('',(-1.274962791530E1,-1.196157172054E1,
2.215778712069E0));
#4286=CARTESIAN_POINT('',(-1.274797639282E1,-1.170199533654E1,
2.263072127975E0));
#4287=CARTESIAN_POINT('',(-1.274559412947E1,-1.128979764757E1,
2.331291224845E0));
#4288=CARTESIAN_POINT('',(-1.274321342070E1,-1.082715344014E1,
2.399465804087E0));
#4289=CARTESIAN_POINT('',(-1.274095623170E1,-1.032643989663E1,
2.464103240054E0));
#4290=CARTESIAN_POINT('',(-1.273881591646E1,-9.770826189577E0,
2.525393849391E0));
#4291=CARTESIAN_POINT('',(-1.273682598258E1,-9.143491910634E0,
2.582378099887E0));
#4292=CARTESIAN_POINT('',(-1.273505801290E1,-8.427696001820E0,
2.633006127359E0));
#4293=CARTESIAN_POINT('',(-1.273362053632E1,-7.610704883887E0,
2.674170070910E0));
#4294=CARTESIAN_POINT('',(-1.273264614082E1,-6.702791481469E0,
2.702073107145E0));
#4295=CARTESIAN_POINT('',(-1.273218758534E1,-5.742526630979E0,
2.715204418173E0));
#4296=CARTESIAN_POINT('',(-1.273215183644E1,-4.790570940813E0,
2.716228132770E0));
#4297=CARTESIAN_POINT('',(-1.273235399947E1,-3.900127964213E0,
2.710438940856E0));
#4298=CARTESIAN_POINT('',(-1.273264488425E1,-3.056152210502E0,
2.702109090736E0));
#4299=CARTESIAN_POINT('',(-1.273294672043E1,-2.229372092934E0,
2.693465633297E0));
#4300=CARTESIAN_POINT('',(-1.273320111247E1,-1.391208919168E0,
2.686180798396E0));
#4301=CARTESIAN_POINT('',(-1.273335223402E1,-5.560483636962E-1,
2.681853243398E0));
#4302=CARTESIAN_POINT('',(-1.273337501077E1,2.747506445061E-1,
2.681201002722E0));
#4303=CARTESIAN_POINT('',(-1.273326413496E1,1.119775721302E0,2.684376070385E0));
#4304=CARTESIAN_POINT('',(-1.273302968043E1,1.986442682076E0,2.691089969830E0));
#4305=CARTESIAN_POINT('',(-1.273271827121E1,2.858347741135E0,2.700007563190E0));
#4306=CARTESIAN_POINT('',(-1.273240702316E1,3.728696963904E0,2.708920541021E0));
#4307=CARTESIAN_POINT('',(-1.273218762815E1,4.582178110931E0,2.715203192304E0));
#4308=CARTESIAN_POINT('',(-1.273215447752E1,5.408491710269E0,2.716152502002E0));
#4309=CARTESIAN_POINT('',(-1.273237095940E1,6.185577763425E0,2.709953272196E0));
#4310=CARTESIAN_POINT('',(-1.273286533319E1,6.917426780997E0,2.695796259007E0));
#4311=CARTESIAN_POINT('',(-1.273367464913E1,7.623502027568E0,2.672620482853E0));
#4312=CARTESIAN_POINT('',(-1.273484596034E1,8.315081157460E0,2.639078518389E0));
#4313=CARTESIAN_POINT('',(-1.273639820307E1,8.985463251107E0,2.594628102268E0));
#4314=CARTESIAN_POINT('',(-1.273827403690E1,9.612670921582E0,2.540911249551E0));
#4315=CARTESIAN_POINT('',(-1.274033863983E1,1.017487823335E1,2.481788757127E0));
#4316=CARTESIAN_POINT('',(-1.274245331657E1,1.066475359497E1,2.421232338340E0));
#4317=CARTESIAN_POINT('',(-1.274455246867E1,1.109208681422E1,2.361120487160E0));
#4318=CARTESIAN_POINT('',(-1.274663222292E1,1.147265263449E1,2.301564117646E0));
#4319=CARTESIAN_POINT('',(-1.274856525197E1,1.179550854825E1,2.246209408439E0));
#4320=CARTESIAN_POINT('',(-1.274983710704E1,1.199312603777E1,2.209788244468E0));
#4321=CARTESIAN_POINT('',(-1.275038719974E1,1.207610115153E1,2.194035650448E0));
#4322=CARTESIAN_POINT('',(-1.251040223343E1,-1.207460899671E1,
2.177795642410E0));
#4323=CARTESIAN_POINT('',(-1.250964320576E1,-1.196011835390E1,
2.199531351154E0));
#4324=CARTESIAN_POINT('',(-1.250799223288E1,-1.170062840987E1,
2.246809028709E0));
#4325=CARTESIAN_POINT('',(-1.250561073246E1,-1.128856288925E1,
2.315006277900E0));
#4326=CARTESIAN_POINT('',(-1.250323075120E1,-1.082606027429E1,
2.383160023989E0));
#4327=CARTESIAN_POINT('',(-1.250097421542E1,-1.032549193809E1,
2.447778754161E0));
#4328=CARTESIAN_POINT('',(-1.249883448013E1,-9.770029251048E0,
2.509052755827E0));
#4329=CARTESIAN_POINT('',(-1.249684504268E1,-9.142852248657E0,
2.566022790758E0));
#4330=CARTESIAN_POINT('',(-1.249507746889E1,-8.427218008079E0,
2.616639481464E0));
#4331=CARTESIAN_POINT('',(-1.249364026998E1,-7.610387333834E0,
2.657795473499E0));
#4332=CARTESIAN_POINT('',(-1.249266602646E1,-6.702620738678E0,
2.685694157680E0));
#4333=CARTESIAN_POINT('',(-1.249220752229E1,-5.742473966752E0,
2.698823999255E0));
#4334=CARTESIAN_POINT('',(-1.249217177315E1,-4.790597857480E0,
2.699847720509E0));
#4335=CARTESIAN_POINT('',(-1.249237392521E1,-3.900197336816E0,
2.694058842887E0));
#4336=CARTESIAN_POINT('',(-1.249266480439E1,-3.056236870468E0,
2.685729152971E0));
#4337=CARTESIAN_POINT('',(-1.249296664263E1,-2.229451438665E0,
2.677085636858E0));
#4338=CARTESIAN_POINT('',(-1.249322104170E1,-1.391266268048E0,
2.669800600718E0));
#4339=CARTESIAN_POINT('',(-1.249337216944E1,-5.560729835465E-1,
2.665472868201E0));
#4340=CARTESIAN_POINT('',(-1.249339494725E1,2.747629308744E-1,
2.664820597254E0));
#4341=CARTESIAN_POINT('',(-1.249328406659E1,1.119823367873E0,2.667995803910E0));
#4342=CARTESIAN_POINT('',(-1.249304960434E1,1.986517366791E0,2.674709924190E0));
#4343=CARTESIAN_POINT('',(-1.249273819101E1,2.858433251514E0,2.683627635201E0));
#4344=CARTESIAN_POINT('',(-1.249242694714E1,3.728771538413E0,2.692540493582E0));
#4345=CARTESIAN_POINT('',(-1.249220756238E1,4.582216918225E0,2.698822851113E0));
#4346=CARTESIAN_POINT('',(-1.249217441606E1,5.408469202864E0,2.699772037378E0));
#4347=CARTESIAN_POINT('',(-1.249239087712E1,6.185472722664E0,2.693573403859E0));
#4348=CARTESIAN_POINT('',(-1.249288518577E1,6.917221864823E0,2.679418256176E0));
#4349=CARTESIAN_POINT('',(-1.249369437044E1,7.623180382874E0,2.656246238785E0));
#4350=CARTESIAN_POINT('',(-1.249486545821E1,8.314625951893E0,2.622710672890E0));
#4351=CARTESIAN_POINT('',(-1.249641736264E1,8.984860699904E0,2.578269944626E0));
#4352=CARTESIAN_POINT('',(-1.249829274017E1,9.611914943835E0,2.524566158611E0));
#4353=CARTESIAN_POINT('',(-1.250035679484E1,1.017397244697E1,2.465459366222E0));
#4354=CARTESIAN_POINT('',(-1.250247087045E1,1.066370825892E1,2.404920161687E0));
#4355=CARTESIAN_POINT('',(-1.250456939302E1,1.109091314674E1,2.344826337819E0));
#4356=CARTESIAN_POINT('',(-1.250664849587E1,1.147135965626E1,2.285288621937E0));
#4357=CARTESIAN_POINT('',(-1.250858089690E1,1.179411060269E1,2.229951896766E0));
#4358=CARTESIAN_POINT('',(-1.250985232672E1,1.199166199581E1,2.193542910230E0));
#4359=CARTESIAN_POINT('',(-1.251040223332E1,1.207460903774E1,2.177795645569E0));
#4360=(BOUNDED_SURFACE()B_SPLINE_SURFACE(3,3,((#4208,#4209,#4210,#4211,#4212,
#4213,#4214,#4215,#4216,#4217,#4218,#4219,#4220,#4221,#4222,#4223,#4224,#4225,
#4226,#4227,#4228,#4229,#4230,#4231,#4232,#4233,#4234,#4235,#4236,#4237,#4238,
#4239,#4240,#4241,#4242,#4243,#4244,#4245),(#4246,#4247,#4248,#4249,#4250,#4251,
#4252,#4253,#4254,#4255,#4256,#4257,#4258,#4259,#4260,#4261,#4262,#4263,#4264,
#4265,#4266,#4267,#4268,#4269,#4270,#4271,#4272,#4273,#4274,#4275,#4276,#4277,
#4278,#4279,#4280,#4281,#4282,#4283),(#4284,#4285,#4286,#4287,#4288,#4289,#4290,
#4291,#4292,#4293,#4294,#4295,#4296,#4297,#4298,#4299,#4300,#4301,#4302,#4303,
#4304,#4305,#4306,#4307,#4308,#4309,#4310,#4311,#4312,#4313,#4314,#4315,#4316,
#4317,#4318,#4319,#4320,#4321),(#4322,#4323,#4324,#4325,#4326,#4327,#4328,#4329,
#4330,#4331,#4332,#4333,#4334,#4335,#4336,#4337,#4338,#4339,#4340,#4341,#4342,
#4343,#4344,#4345,#4346,#4347,#4348,#4349,#4350,#4351,#4352,#4353,#4354,#4355,
#4356,#4357,#4358,#4359)),.UNSPECIFIED.,.F.,.F.,.F.)B_SPLINE_SURFACE_WITH_KNOTS(
(4,4),(4,1,1,1,1,1,1,1,1,1,1,1,1,1,1,1,1,1,1,1,1,1,1,1,1,1,1,1,1,1,1,1,1,1,1,4),
(0.E0,1.E0),(3.610911513400E-3,1.784773373892E-2,3.583866282918E-2,
5.466587157306E-2,7.502204826270E-2,9.759956274332E-2,1.230904270814E-1,
1.521863097864E-1,1.855791560079E-1,2.234880041688E-1,2.638034549635E-1,
3.037480388440E-1,3.407846906934E-1,3.736595965224E-1,4.079801254101E-1,
4.429794617354E-1,4.773296811182E-1,5.113218364559E-1,5.457984357353E-1,
5.819007927654E-1,6.185347110945E-1,6.535926936093E-1,6.894108670319E-1,
7.238523298899E-1,7.554416830469E-1,7.850892293927E-1,8.138802911440E-1,
8.422421910949E-1,8.700788235704E-1,8.962713587264E-1,9.193722374469E-1,
9.392904147948E-1,9.566654866020E-1,9.721442138766E-1,9.863734206274E-1,
9.966878563527E-1),.UNSPECIFIED.)GEOMETRIC_REPRESENTATION_ITEM()RATIONAL_B_SPLINE_SURFACE(((1.179762990166E0,1.179762990166E0,1.179762990166E0,1.179762990166E0,
1.179762990166E0,1.179762990166E0,1.179762990166E0,1.179762990166E0,
1.179762990166E0,1.179762990166E0,1.179762990166E0,1.179762990166E0,
1.179762990166E0,1.179762990166E0,1.179762990166E0,1.179762990166E0,
1.179762990166E0,1.179762990166E0,1.179762990166E0,1.179762990166E0,
1.179762990166E0,1.179762990166E0,1.179762990166E0,1.179762990166E0,
1.179762990166E0,1.179762990166E0,1.179762990166E0,1.179762990166E0,
1.179762990166E0,1.179762990166E0,1.179762990166E0,1.179762990166E0,
1.179762990166E0,1.179762990166E0,1.179762990166E0,1.179762990166E0,
1.179762990166E0,1.179762990166E0),(9.400790032779E-1,9.400790032779E-1,
9.400790032779E-1,9.400790032779E-1,9.400790032779E-1,9.400790032779E-1,
9.400790032779E-1,9.400790032779E-1,9.400790032779E-1,9.400790032779E-1,
9.400790032779E-1,9.400790032779E-1,9.400790032779E-1,9.400790032779E-1,
9.400790032779E-1,9.400790032779E-1,9.400790032779E-1,9.400790032779E-1,
9.400790032779E-1,9.400790032779E-1,9.400790032779E-1,9.400790032779E-1,
9.400790032779E-1,9.400790032779E-1,9.400790032779E-1,9.400790032779E-1,
9.400790032779E-1,9.400790032779E-1,9.400790032779E-1,9.400790032779E-1,
9.400790032779E-1,9.400790032779E-1,9.400790032779E-1,9.400790032779E-1,
9.400790032779E-1,9.400790032779E-1,9.400790032779E-1,9.400790032779E-1),(
9.400790032779E-1,9.400790032779E-1,9.400790032779E-1,9.400790032779E-1,
9.400790032779E-1,9.400790032779E-1,9.400790032779E-1,9.400790032779E-1,
9.400790032779E-1,9.400790032779E-1,9.400790032779E-1,9.400790032779E-1,
9.400790032779E-1,9.400790032779E-1,9.400790032779E-1,9.400790032779E-1,
9.400790032779E-1,9.400790032779E-1,9.400790032779E-1,9.400790032779E-1,
9.400790032779E-1,9.400790032779E-1,9.400790032779E-1,9.400790032779E-1,
9.400790032779E-1,9.400790032779E-1,9.400790032779E-1,9.400790032779E-1,
9.400790032779E-1,9.400790032779E-1,9.400790032779E-1,9.400790032779E-1,
9.400790032779E-1,9.400790032779E-1,9.400790032779E-1,9.400790032779E-1,
9.400790032779E-1,9.400790032779E-1),(1.179762990166E0,1.179762990166E0,
1.179762990166E0,1.179762990166E0,1.179762990166E0,1.179762990166E0,
1.179762990166E0,1.179762990166E0,1.179762990166E0,1.179762990166E0,
1.179762990166E0,1.179762990166E0,1.179762990166E0,1.179762990166E0,
1.179762990166E0,1.179762990166E0,1.179762990166E0,1.179762990166E0,
1.179762990166E0,1.179762990166E0,1.179762990166E0,1.179762990166E0,
1.179762990166E0,1.179762990166E0,1.179762990166E0,1.179762990166E0,
1.179762990166E0,1.179762990166E0,1.179762990166E0,1.179762990166E0,
1.179762990166E0,1.179762990166E0,1.179762990166E0,1.179762990166E0,
1.179762990166E0,1.179762990166E0,1.179762990166E0,1.179762990166E0)))REPRESENTATION_ITEM('')SURFACE());
#4361=ORIENTED_EDGE('',*,*,#4199,.T.);
#4363=ORIENTED_EDGE('',*,*,#4362,.T.);
#4365=ORIENTED_EDGE('',*,*,#4364,.F.);
#4366=ORIENTED_EDGE('',*,*,#4173,.F.);
#4367=EDGE_LOOP('',(#4361,#4363,#4365,#4366));
#4368=FACE_OUTER_BOUND('',#4367,.F.);
#4370=CARTESIAN_POINT('',(-1.293714697449E1,1.199999999942E1,1.799703214269E0));
#4371=CARTESIAN_POINT('',(-1.293853163659E1,1.220150375869E1,1.759471877592E0));
#4372=CARTESIAN_POINT('',(-1.290349357987E1,1.263007112198E1,1.676244411552E0));
#4373=CARTESIAN_POINT('',(-1.272750834225E1,1.326383488351E1,1.566153544109E0));
#4374=CARTESIAN_POINT('',(-1.242458600790E1,1.386016097451E1,1.482671960416E0));
#4375=CARTESIAN_POINT('',(-1.203559563344E1,1.435932705622E1,1.436571737072E0));
#4376=CARTESIAN_POINT('',(-1.160724293802E1,1.474436460242E1,1.425377968459E0));
#4377=CARTESIAN_POINT('',(-1.117704692089E1,1.502265749816E1,1.440531333771E0));
#4378=CARTESIAN_POINT('',(-1.076728003936E1,1.521293432075E1,1.472790277925E0));
#4379=CARTESIAN_POINT('',(-1.038715022082E1,1.533538755225E1,1.514971707465E0));
#4380=CARTESIAN_POINT('',(-1.003778006291E1,1.540700365927E1,1.562376021284E0));
#4381=CARTESIAN_POINT('',(-9.744098467254E0,1.543753780035E1,1.607953208778E0));
#4382=CARTESIAN_POINT('',(-9.566860305049E0,1.544206513757E1,1.637880930857E0));
#4383=CARTESIAN_POINT('',(-9.496142354375E0,1.544167258581E1,1.650174984145E0));
#4384=CARTESIAN_POINT('',(-1.293048288903E1,1.203627536583E1,1.990547188877E0));
#4385=CARTESIAN_POINT('',(-1.293280495197E1,1.223674168927E1,1.950545742981E0));
#4386=CARTESIAN_POINT('',(-1.289993089604E1,1.266296848646E1,1.867805388521E0));
#4387=CARTESIAN_POINT('',(-1.272777932771E1,1.329277002681E1,1.758394919382E0));
#4388=CARTESIAN_POINT('',(-1.242930485087E1,1.388477852591E1,1.675459394991E0));
#4389=CARTESIAN_POINT('',(-1.204497845019E1,1.437977148336E1,1.629673517577E0));
#4390=CARTESIAN_POINT('',(-1.162115805382E1,1.476109987576E1,1.618557425799E0));
#4391=CARTESIAN_POINT('',(-1.119511331670E1,1.503626926580E1,1.633605946194E0));
#4392=CARTESIAN_POINT('',(-1.078900987393E1,1.522397996348E1,1.665645654770E0));
#4393=CARTESIAN_POINT('',(-1.041205896474E1,1.534433088804E1,1.707547453966E0));
#4394=CARTESIAN_POINT('',(-1.006544172487E1,1.541420655878E1,1.754645949402E0));
#4395=CARTESIAN_POINT('',(-9.773953867450E0,1.544340194723E1,1.799936920014E0));
#4396=CARTESIAN_POINT('',(-9.597985570838E0,1.544717308621E1,1.829680838991E0));
#4397=CARTESIAN_POINT('',(-9.527766111906E0,1.544648638009E1,1.841900055950E0));
#4398=CARTESIAN_POINT('',(-1.280423713342E1,1.206464904339E1,2.135594327608E0));
#4399=CARTESIAN_POINT('',(-1.280722670341E1,1.225752482157E1,2.097658493309E0));
#4400=CARTESIAN_POINT('',(-1.277720974646E1,1.266744477902E1,2.019228235379E0));
#4401=CARTESIAN_POINT('',(-1.261413721684E1,1.327236008474E1,1.915634492593E0));
#4402=CARTESIAN_POINT('',(-1.232987064997E1,1.384000734353E1,1.837206193812E0));
#4403=CARTESIAN_POINT('',(-1.196321585694E1,1.431382188534E1,1.793950282014E0));
#4404=CARTESIAN_POINT('',(-1.155849522379E1,1.467828667795E1,1.783452820768E0));
#4405=CARTESIAN_POINT('',(-1.115127942631E1,1.494090966743E1,1.797664869484E0));
#4406=CARTESIAN_POINT('',(-1.076275252251E1,1.511973854454E1,1.827936555049E0));
#4407=CARTESIAN_POINT('',(-1.040177615839E1,1.523405309453E1,1.867549045898E0));
#4408=CARTESIAN_POINT('',(-1.006955817250E1,1.530001623169E1,1.912101780071E0));
#4409=CARTESIAN_POINT('',(-9.789963269345E0,1.532707877109E1,1.954970130339E0));
#4410=CARTESIAN_POINT('',(-9.621077188157E0,1.533009091375E1,1.983136512228E0));
#4411=CARTESIAN_POINT('',(-9.553669409409E0,1.532918366712E1,1.994709830450E0));
#4412=CARTESIAN_POINT('',(-1.261340851412E1,1.207276007475E1,2.171655024845E0));
#4413=CARTESIAN_POINT('',(-1.261650489873E1,1.225479900982E1,2.136720641834E0));
#4414=CARTESIAN_POINT('',(-1.258879344735E1,1.264154990837E1,2.064545777191E0));
#4415=CARTESIAN_POINT('',(-1.243609005393E1,1.321149662317E1,1.969371039206E0));
#4416=CARTESIAN_POINT('',(-1.216960179118E1,1.374535193732E1,1.897447565110E0));
#4417=CARTESIAN_POINT('',(-1.182592762576E1,1.419020912254E1,1.857835062239E0));
#4418=CARTESIAN_POINT('',(-1.144655343193E1,1.453200247562E1,1.848227679598E0));
#4419=CARTESIAN_POINT('',(-1.106464142957E1,1.477812199350E1,1.861236037724E0));
#4420=CARTESIAN_POINT('',(-1.069994696759E1,1.494562270847E1,1.888961149870E0));
#4421=CARTESIAN_POINT('',(-1.036078149357E1,1.505259655534E1,1.925271988701E0));
#4422=CARTESIAN_POINT('',(-1.004833608051E1,1.511417955197E1,1.966148076460E0));
#4423=CARTESIAN_POINT('',(-9.785152196913E0,1.513924431897E1,2.005512814463E0));
#4424=CARTESIAN_POINT('',(-9.626075322636E0,1.514182532302E1,2.031395177350E0));
#4425=CARTESIAN_POINT('',(-9.562567507538E0,1.514086722794E1,2.042032919407E0));
#4426=(BOUNDED_SURFACE()B_SPLINE_SURFACE(3,3,((#4370,#4371,#4372,#4373,#4374,
#4375,#4376,#4377,#4378,#4379,#4380,#4381,#4382,#4383),(#4384,#4385,#4386,#4387,
#4388,#4389,#4390,#4391,#4392,#4393,#4394,#4395,#4396,#4397),(#4398,#4399,#4400,
#4401,#4402,#4403,#4404,#4405,#4406,#4407,#4408,#4409,#4410,#4411),(#4412,#4413,
#4414,#4415,#4416,#4417,#4418,#4419,#4420,#4421,#4422,#4423,#4424,#4425)),
.UNSPECIFIED.,.F.,.F.,.F.)B_SPLINE_SURFACE_WITH_KNOTS((4,4),(4,1,1,1,1,1,1,1,1,
1,1,4),(0.E0,1.E0),(1.415441498350E-2,1.245441977673E-1,2.479861780772E-1,
3.692445113348E-1,4.822316368944E-1,5.841573554150E-1,6.744438554315E-1,
7.541414855806E-1,8.248883305663E-1,8.883291539071E-1,9.461357377390E-1,
9.846160234731E-1),.UNSPECIFIED.)GEOMETRIC_REPRESENTATION_ITEM()RATIONAL_B_SPLINE_SURFACE(((1.122223856938E0,1.122223856938E0,1.122223856938E0,1.122223856938E0,
1.122223856938E0,1.122223856938E0,1.122223856938E0,1.122223856938E0,
1.122223856938E0,1.122223856938E0,1.122223856938E0,1.122223856938E0,
1.122223856938E0,1.122223856938E0),(9.592587143539E-1,9.592587143539E-1,
9.592587143539E-1,9.592587143539E-1,9.592587143539E-1,9.592587143539E-1,
9.592587143539E-1,9.592587143539E-1,9.592587143539E-1,9.592587143539E-1,
9.592587143539E-1,9.592587143539E-1,9.592587143539E-1,9.592587143539E-1),(
9.592587143539E-1,9.592587143539E-1,9.592587143539E-1,9.592587143539E-1,
9.592587143539E-1,9.592587143539E-1,9.592587143539E-1,9.592587143539E-1,
9.592587143539E-1,9.592587143539E-1,9.592587143539E-1,9.592587143539E-1,
9.592587143539E-1,9.592587143539E-1),(1.122223856938E0,1.122223856938E0,
1.122223856938E0,1.122223856938E0,1.122223856938E0,1.122223856938E0,
1.122223856938E0,1.122223856938E0,1.122223856938E0,1.122223856938E0,
1.122223856938E0,1.122223856938E0,1.122223856938E0,1.122223856938E0)))REPRESENTATION_ITEM('')SURFACE());
#4428=ORIENTED_EDGE('',*,*,#4427,.T.);
#4430=ORIENTED_EDGE('',*,*,#4429,.T.);
#4432=ORIENTED_EDGE('',*,*,#4431,.F.);
#4433=ORIENTED_EDGE('',*,*,#4362,.F.);
#4434=EDGE_LOOP('',(#4428,#4430,#4432,#4433));
#4435=FACE_OUTER_BOUND('',#4434,.F.);
#4437=CARTESIAN_POINT('',(-9.5E0,1.2E1,8.998517117857E-1));
#4438=DIRECTION('',(0.E0,0.E0,-1.E0));
#4439=DIRECTION('',(-1.E0,0.E0,0.E0));
#4440=AXIS2_PLACEMENT_3D('',#4437,#4438,#4439);
#4441=CONICAL_SURFACE('',#4440,3.468576485796E0,2.E0);
#4442=ORIENTED_EDGE('',*,*,#4427,.F.);
#4443=ORIENTED_EDGE('',*,*,#4203,.F.);
#4444=ORIENTED_EDGE('',*,*,#3689,.F.);
#4446=ORIENTED_EDGE('',*,*,#4445,.T.);
#4447=EDGE_LOOP('',(#4442,#4443,#4444,#4446));
#4448=FACE_OUTER_BOUND('',#4447,.F.);
#4450=CARTESIAN_POINT('',(1.103407010776E1,1.55E1,0.E0));
#4451=DIRECTION('',(0.E0,9.993908270191E-1,3.489949670250E-2));
#4452=DIRECTION('',(1.E0,0.E0,0.E0));
#4453=AXIS2_PLACEMENT_3D('',#4450,#4451,#4452);
#4454=PLANE('',#4453);
#4456=ORIENTED_EDGE('',*,*,#4455,.F.);
#4457=ORIENTED_EDGE('',*,*,#4445,.F.);
#4458=ORIENTED_EDGE('',*,*,#3687,.F.);
#4460=ORIENTED_EDGE('',*,*,#4459,.T.);
#4462=ORIENTED_EDGE('',*,*,#4461,.F.);
#4463=EDGE_LOOP('',(#4456,#4457,#4458,#4460,#4462));
#4464=FACE_OUTER_BOUND('',#4463,.F.);
#4466=CARTESIAN_POINT('',(-9.499999983860E0,1.544155876109E1,1.673538119603E0));
#4467=CARTESIAN_POINT('',(-9.263944692352E0,1.544019790520E1,1.712507933607E0));
#4468=CARTESIAN_POINT('',(-8.735092618667E0,1.543737937336E1,1.793220125120E0));
#4469=CARTESIAN_POINT('',(-7.898827492273E0,1.543366258101E1,1.899655132293E0));
#4470=CARTESIAN_POINT('',(-6.993224756469E0,1.543043160037E1,1.992178312290E0));
#4471=CARTESIAN_POINT('',(-6.080123548596E0,1.542787567367E1,2.065370476511E0));
#4472=CARTESIAN_POINT('',(-5.177477436856E0,1.542593134098E1,2.121048880140E0));
#4473=CARTESIAN_POINT('',(-4.288743188574E0,1.542448876296E1,2.162358909452E0));
#4474=CARTESIAN_POINT('',(-3.417528339768E0,1.542345127948E1,2.192068549171E0));
#4475=CARTESIAN_POINT('',(-2.575046496318E0,1.542274114660E1,2.212404094371E0));
#4476=CARTESIAN_POINT('',(-1.781131644950E0,1.542229124714E1,2.225287529207E0));
#4477=CARTESIAN_POINT('',(-1.059375125101E0,1.542204016053E1,2.232477709027E0));
#4478=CARTESIAN_POINT('',(-4.736822387788E-1,1.542193888325E1,
2.235377910808E0));
#4479=CARTESIAN_POINT('',(-1.311977523532E-1,1.542192255404E1,
2.235845518308E0));
#4480=CARTESIAN_POINT('',(5.182669651250E-9,1.542192255761E1,2.235845415821E0));
#4481=CARTESIAN_POINT('',(-9.534123159047E0,1.543434958098E1,1.879983198526E0));
#4482=CARTESIAN_POINT('',(-9.296391593346E0,1.543297906111E1,1.919229752771E0));
#4483=CARTESIAN_POINT('',(-8.763945611115E0,1.543014144393E1,2.000488477013E0));
#4484=CARTESIAN_POINT('',(-7.922570997877E0,1.542640208801E1,2.107569620278E0));
#4485=CARTESIAN_POINT('',(-7.012129021253E0,1.542315398762E1,2.200583045813E0));
#4486=CARTESIAN_POINT('',(-6.094840848229E0,1.542058646021E1,2.274107411028E0));
#4487=CARTESIAN_POINT('',(-5.188698967479E0,1.541863468744E1,2.329998870283E0));
#4488=CARTESIAN_POINT('',(-4.297097335621E0,1.541718751961E1,2.371440334804E0));
#4489=CARTESIAN_POINT('',(-3.423564146998E0,1.541614731916E1,2.401227778579E0));
#4490=CARTESIAN_POINT('',(-2.579233792646E0,1.541543565495E1,2.421607175113E0));
#4491=CARTESIAN_POINT('',(-1.783855925355E0,1.541498494048E1,2.434513948628E0));
#4492=CARTESIAN_POINT('',(-1.060936026333E0,1.541473345521E1,2.441715544651E0));
#4493=CARTESIAN_POINT('',(-4.743708335646E-1,1.541463202881E1,
2.444620016740E0));
#4494=CARTESIAN_POINT('',(-1.313884756328E-1,1.541461567587E1,
2.445088303680E0));
#4495=CARTESIAN_POINT('',(5.154306744286E-9,1.541461567947E1,2.445088200601E0));
#4496=CARTESIAN_POINT('',(-9.559862211246E0,1.529153712007E1,2.030907139194E0));
#4497=CARTESIAN_POINT('',(-9.320866234811E0,1.529015931067E1,2.070362438125E0));
#4498=CARTESIAN_POINT('',(-8.785709373562E0,1.528730729745E1,2.152033411063E0));
#4499=CARTESIAN_POINT('',(-7.940480683210E0,1.528355092187E1,2.259601933667E0));
#4500=CARTESIAN_POINT('',(-7.026388475580E0,1.528028990808E1,2.352985150567E0));
#4501=CARTESIAN_POINT('',(-6.105942081963E0,1.527771363027E1,2.426760094418E0));
#4502=CARTESIAN_POINT('',(-5.197163348676E0,1.527575624547E1,2.482812261165E0));
#4503=CARTESIAN_POINT('',(-4.303398854331E0,1.527430561555E1,2.524352867038E0));
#4504=CARTESIAN_POINT('',(-3.428116945982E0,1.527326336568E1,2.554198998278E0));
#4505=CARTESIAN_POINT('',(-2.582392263045E0,1.527255054640E1,2.574611471797E0));
#4506=CARTESIAN_POINT('',(-1.785910845367E0,1.527209921718E1,2.587535849638E0));
#4507=CARTESIAN_POINT('',(-1.062113411440E0,1.527184743119E1,2.594746056883E0));
#4508=CARTESIAN_POINT('',(-4.748902394240E-1,1.527174589231E1,
2.597653750057E0));
#4509=CARTESIAN_POINT('',(-1.315323378736E-1,1.527172952147E1,
2.598122549497E0));
#4510=CARTESIAN_POINT('',(5.132912728779E-9,1.527172952509E1,2.598122445973E0));
#4511=CARTESIAN_POINT('',(-9.564568874832E0,1.508329995082E1,2.052145357931E0));
#4512=CARTESIAN_POINT('',(-9.325341687243E0,1.508192080845E1,2.091638828081E0));
#4513=CARTESIAN_POINT('',(-8.789689112497E0,1.507906616276E1,2.173385185144E0));
#4514=CARTESIAN_POINT('',(-7.943755662534E0,1.507530667495E1,2.281042830322E0));
#4515=CARTESIAN_POINT('',(-7.028995970755E0,1.507204329980E1,2.374493667565E0));
#4516=CARTESIAN_POINT('',(-6.107972062405E0,1.506946542189E1,2.448314432426E0));
#4517=CARTESIAN_POINT('',(-5.198711152164E0,1.506750701087E1,2.504395986272E0));
#4518=CARTESIAN_POINT('',(-4.304551155062E0,1.506605574787E1,2.545954721212E0));
#4519=CARTESIAN_POINT('',(-3.428949474431E0,1.506501312324E1,2.575811584089E0));
#4520=CARTESIAN_POINT('',(-2.582969823457E0,1.506430009274E1,2.596230106091E0));
#4521=CARTESIAN_POINT('',(-1.786286609677E0,1.506384865111E1,2.609157703073E0));
#4522=CARTESIAN_POINT('',(-1.062328709019E0,1.506359681013E1,2.616369484973E0));
#4523=CARTESIAN_POINT('',(-4.749852183932E-1,1.506349525068E1,
2.619277767158E0));
#4524=CARTESIAN_POINT('',(-1.315586446375E-1,1.506347887657E1,
2.619746660314E0));
#4525=CARTESIAN_POINT('',(5.129000703223E-9,1.506347888019E1,2.619746556708E0));
#4526=(BOUNDED_SURFACE()B_SPLINE_SURFACE(3,3,((#4466,#4467,#4468,#4469,#4470,
#4471,#4472,#4473,#4474,#4475,#4476,#4477,#4478,#4479,#4480),(#4481,#4482,#4483,
#4484,#4485,#4486,#4487,#4488,#4489,#4490,#4491,#4492,#4493,#4494,#4495),(#4496,
#4497,#4498,#4499,#4500,#4501,#4502,#4503,#4504,#4505,#4506,#4507,#4508,#4509,
#4510),(#4511,#4512,#4513,#4514,#4515,#4516,#4517,#4518,#4519,#4520,#4521,#4522,
#4523,#4524,#4525)),.UNSPECIFIED.,.F.,.F.,.F.)B_SPLINE_SURFACE_WITH_KNOTS((4,4),
(4,1,1,1,1,1,1,1,1,1,1,1,4),(0.E0,1.E0),(8.934539128332E-3,8.282252936184E-2,
1.741058081314E-1,2.691053968502E-1,3.636401147704E-1,4.565629858792E-1,
5.478481177210E-1,6.377560747882E-1,7.250494782319E-1,8.073303212061E-1,
8.821877646696E-1,9.472149365319E-1,9.875933523365E-1),.UNSPECIFIED.)GEOMETRIC_REPRESENTATION_ITEM()RATIONAL_B_SPLINE_SURFACE(((1.140057066739E0,
1.140057066739E0,1.140057066739E0,1.140057066739E0,1.140057066739E0,
1.140057066739E0,1.140057066739E0,1.140057066739E0,1.140057066739E0,
1.140057066739E0,1.140057066739E0,1.140057066739E0,1.140057066739E0,
1.140057066739E0,1.140057066739E0),(9.533143110869E-1,9.533143110869E-1,
9.533143110869E-1,9.533143110869E-1,9.533143110869E-1,9.533143110869E-1,
9.533143110869E-1,9.533143110869E-1,9.533143110869E-1,9.533143110869E-1,
9.533143110869E-1,9.533143110869E-1,9.533143110869E-1,9.533143110869E-1,
9.533143110869E-1),(9.533143110869E-1,9.533143110869E-1,9.533143110869E-1,
9.533143110869E-1,9.533143110869E-1,9.533143110869E-1,9.533143110869E-1,
9.533143110869E-1,9.533143110869E-1,9.533143110869E-1,9.533143110869E-1,
9.533143110869E-1,9.533143110869E-1,9.533143110869E-1,9.533143110869E-1),(
1.140057066739E0,1.140057066739E0,1.140057066739E0,1.140057066739E0,
1.140057066739E0,1.140057066739E0,1.140057066739E0,1.140057066739E0,
1.140057066739E0,1.140057066739E0,1.140057066739E0,1.140057066739E0,
1.140057066739E0,1.140057066739E0,1.140057066739E0)))REPRESENTATION_ITEM('')SURFACE());
#4527=ORIENTED_EDGE('',*,*,#4455,.T.);
#4529=ORIENTED_EDGE('',*,*,#4528,.T.);
#4531=ORIENTED_EDGE('',*,*,#4530,.F.);
#4532=ORIENTED_EDGE('',*,*,#4429,.F.);
#4533=EDGE_LOOP('',(#4527,#4529,#4531,#4532));
#4534=FACE_OUTER_BOUND('',#4533,.F.);
#4536=CARTESIAN_POINT('',(-3.147852537984E-8,1.542192255761E1,
2.235845415820E0));
#4537=CARTESIAN_POINT('',(5.434776687532E-1,1.542192225998E1,2.235853938899E0));
#4538=CARTESIAN_POINT('',(1.704144691089E0,1.542214630395E1,2.229438159059E0));
#4539=CARTESIAN_POINT('',(3.468530019503E0,1.542332743071E1,2.195615113996E0));
#4540=CARTESIAN_POINT('',(5.224221997829E0,1.542580512877E1,2.124663124953E0));
#4541=CARTESIAN_POINT('',(6.835766895144E0,1.542974479095E1,2.011845960719E0));
#4542=CARTESIAN_POINT('',(8.239365024040E0,1.543492069185E1,1.863627551593E0));
#4543=CARTESIAN_POINT('',(9.105581533333E0,1.543928497502E1,1.738650833271E0));
#4544=CARTESIAN_POINT('',(9.499999919732E0,1.544155878558E1,1.673537418242E0));
#4545=CARTESIAN_POINT('',(-1.484950134679E-8,1.541461617452E1,
2.445084319005E0));
#4546=CARTESIAN_POINT('',(5.442678378382E-1,1.541461587493E1,2.445092898289E0));
#4547=CARTESIAN_POINT('',(1.706622377200E0,1.541484022471E1,2.438668360961E0));
#4548=CARTESIAN_POINT('',(3.474446749756E0,1.541602344778E1,2.404785285567E0));
#4549=CARTESIAN_POINT('',(5.235348526441E0,1.541850802501E1,2.333636302747E0));
#4550=CARTESIAN_POINT('',(6.853700966839E0,1.542246374040E1,2.220359434925E0));
#4551=CARTESIAN_POINT('',(8.264977900369E0,1.542766739782E1,2.071346183078E0));
#4552=CARTESIAN_POINT('',(9.136903337412E0,1.543206014061E1,1.945554487860E0));
#4553=CARTESIAN_POINT('',(9.534122465291E0,1.543435009882E1,1.879978664615E0));
#4554=CARTESIAN_POINT('',(-2.306116829413E-9,1.527173465091E1,
2.598117553927E0));
#4555=CARTESIAN_POINT('',(5.448638676879E-1,1.527173434984E1,2.598126175606E0));
#4556=CARTESIAN_POINT('',(1.708491312480E0,1.527195893031E1,2.591695032448E0));
#4557=CARTESIAN_POINT('',(3.478909779138E0,1.527314373463E1,2.557766675770E0));
#4558=CARTESIAN_POINT('',(5.243741341727E0,1.527563350087E1,2.486469099222E0));
#4559=CARTESIAN_POINT('',(6.867228757608E0,1.527960132529E1,2.372845473895E0));
#4560=CARTESIAN_POINT('',(8.284297865065E0,1.528482591964E1,2.223232666844E0));
#4561=CARTESIAN_POINT('',(9.160529584664E0,1.528924012972E1,2.096826229077E0));
#4562=CARTESIAN_POINT('',(9.559861330659E0,1.529154226821E1,2.030901608207E0));
#4563=CARTESIAN_POINT('',(-1.205391367529E-11,1.506348840617E1,
2.619746261191E0));
#4564=CARTESIAN_POINT('',(5.449728757470E-1,1.506348810483E1,2.619754890625E0));
#4565=CARTESIAN_POINT('',(1.708833122554E0,1.506371272749E1,2.613322539324E0));
#4566=CARTESIAN_POINT('',(3.479726023778E0,1.506489782100E1,2.579385901141E0));
#4567=CARTESIAN_POINT('',(5.245276305967E0,1.506738853626E1,2.508061148246E0));
#4568=CARTESIAN_POINT('',(6.869702858891E0,1.507135857531E1,2.394374104345E0));
#4569=CARTESIAN_POINT('',(8.287831298592E0,1.507658699882E1,2.244651644482E0));
#4570=CARTESIAN_POINT('',(9.164850595363E0,1.508100513506E1,2.118132776286E0));
#4571=CARTESIAN_POINT('',(9.564568718651E0,1.508330950120E1,2.052144363724E0));
#4572=(BOUNDED_SURFACE()B_SPLINE_SURFACE(3,3,((#4536,#4537,#4538,#4539,#4540,
#4541,#4542,#4543,#4544),(#4545,#4546,#4547,#4548,#4549,#4550,#4551,#4552,
#4553),(#4554,#4555,#4556,#4557,#4558,#4559,#4560,#4561,#4562),(#4563,#4564,
#4565,#4566,#4567,#4568,#4569,#4570,#4571)),.UNSPECIFIED.,.F.,.F.,.F.)B_SPLINE_SURFACE_WITH_KNOTS((4,4),(4,1,1,1,1,1,4),(0.E0,1.E0),(8.772443716534E-3,
1.767819580463E-1,3.675763528365E-1,5.544575890634E-1,7.204352232307E-1,
8.677625942998E-1,9.917682540888E-1),.UNSPECIFIED.)GEOMETRIC_REPRESENTATION_ITEM()RATIONAL_B_SPLINE_SURFACE(((1.140052312107E0,1.140052312107E0,1.140052312107E0,
1.140052312107E0,1.140052312107E0,1.140052312107E0,1.140052312107E0,
1.140052312107E0,1.140052312107E0),(9.533158959645E-1,9.533158959645E-1,
9.533158959645E-1,9.533158959645E-1,9.533158959645E-1,9.533158959645E-1,
9.533158959645E-1,9.533158959645E-1,9.533158959645E-1),(9.533158959645E-1,
9.533158959645E-1,9.533158959645E-1,9.533158959645E-1,9.533158959645E-1,
9.533158959645E-1,9.533158959645E-1,9.533158959645E-1,9.533158959645E-1),(
1.140052312107E0,1.140052312107E0,1.140052312107E0,1.140052312107E0,
1.140052312107E0,1.140052312107E0,1.140052312107E0,1.140052312107E0,
1.140052312107E0)))REPRESENTATION_ITEM('')SURFACE());
#4573=ORIENTED_EDGE('',*,*,#4461,.T.);
#4575=ORIENTED_EDGE('',*,*,#4574,.T.);
#4577=ORIENTED_EDGE('',*,*,#4576,.F.);
#4578=ORIENTED_EDGE('',*,*,#4528,.F.);
#4579=EDGE_LOOP('',(#4573,#4575,#4577,#4578));
#4580=FACE_OUTER_BOUND('',#4579,.F.);
#4582=CARTESIAN_POINT('',(9.496142765957E0,1.544166621539E1,1.650177220551E0));
#4583=CARTESIAN_POINT('',(9.699326210319E0,1.544277159585E1,1.614860114092E0));
#4584=CARTESIAN_POINT('',(1.012913973921E1,1.540680496008E1,1.546303848724E0));
#4585=CARTESIAN_POINT('',(1.075743588257E1,1.523084349330E1,1.470517542899E0));
#4586=CARTESIAN_POINT('',(1.133640456164E1,1.493812182111E1,1.430420749405E0));
#4587=CARTESIAN_POINT('',(1.181285667157E1,1.457523236444E1,1.426932946871E0));
#4588=CARTESIAN_POINT('',(1.218123625968E1,1.418347442739E1,1.451234036252E0));
#4589=CARTESIAN_POINT('',(1.245347011579E1,1.379195015954E1,1.493279129746E0));
#4590=CARTESIAN_POINT('',(1.264724539554E1,1.341718585233E1,1.544980978550E0));
#4591=CARTESIAN_POINT('',(1.277957045336E1,1.306729974213E1,1.600715349359E0));
#4592=CARTESIAN_POINT('',(1.286489840215E1,1.274473852014E1,1.656997931987E0));
#4593=CARTESIAN_POINT('',(1.291463469283E1,1.244837040302E1,1.711953557820E0));
#4594=CARTESIAN_POINT('',(1.293493330624E1,1.220296654372E1,1.759402039739E0));
#4595=CARTESIAN_POINT('',(1.293754413544E1,1.205618504291E1,1.788485232686E0));
#4596=CARTESIAN_POINT('',(1.293715259798E1,1.2E1,1.799703410525E0));
#4597=CARTESIAN_POINT('',(9.527766432946E0,1.544647959581E1,1.841902022048E0));
#4598=CARTESIAN_POINT('',(9.729517430581E0,1.544843002057E1,1.806799938117E0));
#4599=CARTESIAN_POINT('',(1.015615770539E1,1.541438275799E1,1.738672595900E0));
#4600=CARTESIAN_POINT('',(1.077930797484E1,1.524175765877E1,1.663386502562E0));
#4601=CARTESIAN_POINT('',(1.135300311825E1,1.495278701467E1,1.623564892999E0));
#4602=CARTESIAN_POINT('',(1.182465295533E1,1.459366154112E1,1.620101317868E0));
#4603=CARTESIAN_POINT('',(1.218891399074E1,1.420542324943E1,1.644234939508E0));
#4604=CARTESIAN_POINT('',(1.245772121474E1,1.381703799113E1,1.685997152611E0));
#4605=CARTESIAN_POINT('',(1.264867283161E1,1.344500027555E1,1.737361498428E0));
#4606=CARTESIAN_POINT('',(1.277866910430E1,1.309745257352E1,1.792743176293E0));
#4607=CARTESIAN_POINT('',(1.286206261084E1,1.277689197462E1,1.848679810887E0));
#4608=CARTESIAN_POINT('',(1.291017384131E1,1.248224461775E1,1.903306327555E0));
#4609=CARTESIAN_POINT('',(1.292922961707E1,1.223818417866E1,1.950477120998E0));
#4610=CARTESIAN_POINT('',(1.293114116323E1,1.209217114911E1,1.979393025272E0));
#4611=CARTESIAN_POINT('',(1.293048820546E1,1.203627534748E1,1.990547096042E0));
#4612=CARTESIAN_POINT('',(9.553669525733E0,1.532917694020E1,1.994711406277E0));
#4613=CARTESIAN_POINT('',(9.747341540155E0,1.533176130832E1,1.961464907655E0));
#4614=CARTESIAN_POINT('',(1.015664311896E1,1.530048881978E1,1.896976472127E0));
#4615=CARTESIAN_POINT('',(1.075355515817E1,1.513675709445E1,1.825796466947E0));
#4616=CARTESIAN_POINT('',(1.130226919111E1,1.486131509483E1,1.788181017222E0));
#4617=CARTESIAN_POINT('',(1.175286160059E1,1.451831697794E1,1.784910274509E0));
#4618=CARTESIAN_POINT('',(1.210055631249E1,1.414697925443E1,1.807704621643E0));
#4619=CARTESIAN_POINT('',(1.235690992276E1,1.377502229215E1,1.847171646176E0));
#4620=CARTESIAN_POINT('',(1.253877899653E1,1.341830837248E1,1.895746784870E0));
#4621=CARTESIAN_POINT('',(1.266231827302E1,1.308474291420E1,1.948157356002E0));
#4622=CARTESIAN_POINT('',(1.274124628604E1,1.277682467154E1,2.001126361367E0));
#4623=CARTESIAN_POINT('',(1.278638819720E1,1.249361002475E1,2.052883014149E0));
#4624=CARTESIAN_POINT('',(1.280379383409E1,1.225889704989E1,2.097596670542E0));
#4625=CARTESIAN_POINT('',(1.280508157396E1,1.211842849397E1,2.125015834699E0));
#4626=CARTESIAN_POINT('',(1.280424249957E1,1.206464905734E1,2.135593919122E0));
#4627=CARTESIAN_POINT('',(9.562567421287E0,1.514086088174E1,2.042034315074E0));
#4628=CARTESIAN_POINT('',(9.745033506539E0,1.514359191629E1,2.011475583054E0));
#4629=CARTESIAN_POINT('',(1.013038451060E1,1.511474077871E1,1.952250756390E0));
#4630=CARTESIAN_POINT('',(1.069139658813E1,1.496158505565E1,1.886993907142E0));
#4631=CARTESIAN_POINT('',(1.120630489933E1,1.470355559393E1,1.852554484681E0));
#4632=CARTESIAN_POINT('',(1.162875834657E1,1.438202236123E1,1.849561172400E0));
#4633=CARTESIAN_POINT('',(1.195465604505E1,1.403360343490E1,1.870427890135E0));
#4634=CARTESIAN_POINT('',(1.219495444825E1,1.368420710562E1,1.906587311560E0));
#4635=CARTESIAN_POINT('',(1.236543888781E1,1.334873840953E1,1.951136650688E0));
#4636=CARTESIAN_POINT('',(1.248120593260E1,1.303470769813E1,1.999252057138E0));
#4637=CARTESIAN_POINT('',(1.255508278286E1,1.274456593132E1,2.047924592956E0));
#4638=CARTESIAN_POINT('',(1.259720469278E1,1.247751531051E1,2.095520876758E0));
#4639=CARTESIAN_POINT('',(1.261327176880E1,1.225608164249E1,2.136668393653E0));
#4640=CARTESIAN_POINT('',(1.261428293890E1,1.212351812535E1,2.161913417651E0));
#4641=CARTESIAN_POINT('',(1.261341413285E1,1.207276018788E1,2.171654563582E0));
#4642=(BOUNDED_SURFACE()B_SPLINE_SURFACE(3,3,((#4582,#4583,#4584,#4585,#4586,
#4587,#4588,#4589,#4590,#4591,#4592,#4593,#4594,#4595,#4596),(#4597,#4598,#4599,
#4600,#4601,#4602,#4603,#4604,#4605,#4606,#4607,#4608,#4609,#4610,#4611),(#4612,
#4613,#4614,#4615,#4616,#4617,#4618,#4619,#4620,#4621,#4622,#4623,#4624,#4625,
#4626),(#4627,#4628,#4629,#4630,#4631,#4632,#4633,#4634,#4635,#4636,#4637,#4638,
#4639,#4640,#4641)),.UNSPECIFIED.,.F.,.F.,.F.)B_SPLINE_SURFACE_WITH_KNOTS((4,4),
(4,1,1,1,1,1,1,1,1,1,1,1,4),(0.E0,1.E0),(1.410243413883E-2,1.245757207528E-1,
2.464343021801E-1,3.625293799012E-1,4.686352970271E-1,5.635406103734E-1,
6.480075800446E-1,7.231051059693E-1,7.900385470429E-1,8.499943736834E-1,
9.041675653325E-1,9.537646540097E-1,9.845625367794E-1),.UNSPECIFIED.)GEOMETRIC_REPRESENTATION_ITEM()RATIONAL_B_SPLINE_SURFACE(((1.122223527167E0,
1.122223527167E0,1.122223527167E0,1.122223527167E0,1.122223527167E0,
1.122223527167E0,1.122223527167E0,1.122223527167E0,1.122223527167E0,
1.122223527167E0,1.122223527167E0,1.122223527167E0,1.122223527167E0,
1.122223527167E0,1.122223527167E0),(9.592588242776E-1,9.592588242776E-1,
9.592588242776E-1,9.592588242776E-1,9.592588242776E-1,9.592588242776E-1,
9.592588242776E-1,9.592588242776E-1,9.592588242776E-1,9.592588242776E-1,
9.592588242776E-1,9.592588242776E-1,9.592588242776E-1,9.592588242776E-1,
9.592588242776E-1),(9.592588242776E-1,9.592588242776E-1,9.592588242776E-1,
9.592588242776E-1,9.592588242776E-1,9.592588242776E-1,9.592588242776E-1,
9.592588242776E-1,9.592588242776E-1,9.592588242776E-1,9.592588242776E-1,
9.592588242776E-1,9.592588242776E-1,9.592588242776E-1,9.592588242776E-1),(
1.122223527167E0,1.122223527167E0,1.122223527167E0,1.122223527167E0,
1.122223527167E0,1.122223527167E0,1.122223527167E0,1.122223527167E0,
1.122223527167E0,1.122223527167E0,1.122223527167E0,1.122223527167E0,
1.122223527167E0,1.122223527167E0,1.122223527167E0)))REPRESENTATION_ITEM('')SURFACE());
#4644=ORIENTED_EDGE('',*,*,#4643,.T.);
#4645=ORIENTED_EDGE('',*,*,#3865,.T.);
#4647=ORIENTED_EDGE('',*,*,#4646,.F.);
#4648=ORIENTED_EDGE('',*,*,#4574,.F.);
#4649=EDGE_LOOP('',(#4644,#4645,#4647,#4648));
#4650=FACE_OUTER_BOUND('',#4649,.F.);
#4652=CARTESIAN_POINT('',(9.5E0,1.2E1,8.998517117857E-1));
#4653=DIRECTION('',(0.E0,0.E0,-1.E0));
#4654=DIRECTION('',(-1.E0,0.E0,0.E0));
#4655=AXIS2_PLACEMENT_3D('',#4652,#4653,#4654);
#4656=CONICAL_SURFACE('',#4655,3.468576485796E0,2.E0);
#4657=ORIENTED_EDGE('',*,*,#4643,.F.);
#4658=ORIENTED_EDGE('',*,*,#4459,.F.);
#4659=ORIENTED_EDGE('',*,*,#3685,.F.);
#4660=ORIENTED_EDGE('',*,*,#3747,.T.);
#4661=EDGE_LOOP('',(#4657,#4658,#4659,#4660));
#4662=FACE_OUTER_BOUND('',#4661,.F.);
#4664=CARTESIAN_POINT('',(0.E0,1.E1,2.282607431014E0));
#4665=CARTESIAN_POINT('',(0.E0,1.283122184338E1,2.964835050195E0));
#4666=CARTESIAN_POINT('',(0.E0,1.573973151450E1,2.817108465308E0));
#4667=CARTESIAN_POINT('',(0.E0,1.848725935585E1,1.851529669042E0));
#4668=CARTESIAN_POINT('',(2.E1,1.E1,2.282607431014E0));
#4669=CARTESIAN_POINT('',(2.566244368677E1,1.283122184338E1,2.964835050195E0));
#4670=CARTESIAN_POINT('',(3.147946302899E1,1.573973151450E1,2.817108465308E0));
#4671=CARTESIAN_POINT('',(3.697451871171E1,1.848725935585E1,1.851529669042E0));
#4672=CARTESIAN_POINT('',(2.E1,-1.E1,2.282607431014E0));
#4673=CARTESIAN_POINT('',(2.566244368677E1,-1.283122184338E1,2.964835050195E0));
#4674=CARTESIAN_POINT('',(3.147946302899E1,-1.573973151450E1,2.817108465308E0));
#4675=CARTESIAN_POINT('',(3.697451871171E1,-1.848725935585E1,1.851529669042E0));
#4676=CARTESIAN_POINT('',(0.E0,-1.E1,2.282607431014E0));
#4677=CARTESIAN_POINT('',(0.E0,-1.283122184338E1,2.964835050195E0));
#4678=CARTESIAN_POINT('',(0.E0,-1.573973151450E1,2.817108465308E0));
#4679=CARTESIAN_POINT('',(0.E0,-1.848725935585E1,1.851529669042E0));
#4680=(BOUNDED_SURFACE()B_SPLINE_SURFACE(3,3,((#4664,#4665,#4666,#4667),(#4668,
#4669,#4670,#4671),(#4672,#4673,#4674,#4675),(#4676,#4677,#4678,#4679)),
.UNSPECIFIED.,.F.,.F.,.F.)B_SPLINE_SURFACE_WITH_KNOTS((4,4),(4,4),(0.E0,1.E0),(
0.E0,1.E0),.UNSPECIFIED.)GEOMETRIC_REPRESENTATION_ITEM()RATIONAL_B_SPLINE_SURFACE(((2.041817214252E0,1.986060928583E0,1.986060928583E0,2.041817214252E0),(
6.806057380839E-1,6.620203095276E-1,6.620203095276E-1,6.806057380839E-1),(
6.806057380839E-1,6.620203095276E-1,6.620203095276E-1,6.806057380839E-1),(
2.041817214252E0,1.986060928583E0,1.986060928583E0,2.041817214252E0)))REPRESENTATION_ITEM('')SURFACE());
#4682=ORIENTED_EDGE('',*,*,#4681,.T.);
#4683=ORIENTED_EDGE('',*,*,#4576,.T.);
#4684=ORIENTED_EDGE('',*,*,#4646,.T.);
#4685=ORIENTED_EDGE('',*,*,#3863,.T.);
#4686=ORIENTED_EDGE('',*,*,#3935,.T.);
#4687=ORIENTED_EDGE('',*,*,#4034,.T.);
#4689=ORIENTED_EDGE('',*,*,#4688,.F.);
#4691=ORIENTED_EDGE('',*,*,#4690,.F.);
#4693=ORIENTED_EDGE('',*,*,#4692,.F.);
#4695=ORIENTED_EDGE('',*,*,#4694,.F.);
#4697=ORIENTED_EDGE('',*,*,#4696,.F.);
#4699=ORIENTED_EDGE('',*,*,#4698,.F.);
#4701=ORIENTED_EDGE('',*,*,#4700,.F.);
#4703=ORIENTED_EDGE('',*,*,#4702,.F.);
#4704=EDGE_LOOP('',(#4682,#4683,#4684,#4685,#4686,#4687,#4689,#4691,#4693,#4695,
#4697,#4699,#4701,#4703));
#4705=FACE_OUTER_BOUND('',#4704,.F.);
#4707=ORIENTED_EDGE('',*,*,#4706,.F.);
#4709=ORIENTED_EDGE('',*,*,#4708,.F.);
#4711=ORIENTED_EDGE('',*,*,#4710,.F.);
#4713=ORIENTED_EDGE('',*,*,#4712,.F.);
#4715=ORIENTED_EDGE('',*,*,#4714,.F.);
#4717=ORIENTED_EDGE('',*,*,#4716,.F.);
#4719=ORIENTED_EDGE('',*,*,#4718,.F.);
#4721=ORIENTED_EDGE('',*,*,#4720,.F.);
#4723=ORIENTED_EDGE('',*,*,#4722,.F.);
#4725=ORIENTED_EDGE('',*,*,#4724,.F.);
#4727=ORIENTED_EDGE('',*,*,#4726,.F.);
#4728=EDGE_LOOP('',(#4707,#4709,#4711,#4713,#4715,#4717,#4719,#4721,#4723,#4725,
#4727));
#4729=FACE_BOUND('',#4728,.F.);
#4731=ORIENTED_EDGE('',*,*,#4730,.F.);
#4733=ORIENTED_EDGE('',*,*,#4732,.F.);
#4734=EDGE_LOOP('',(#4731,#4733));
#4735=FACE_BOUND('',#4734,.F.);
#4737=ORIENTED_EDGE('',*,*,#4736,.F.);
#4739=ORIENTED_EDGE('',*,*,#4738,.F.);
#4741=ORIENTED_EDGE('',*,*,#4740,.F.);
#4743=ORIENTED_EDGE('',*,*,#4742,.F.);
#4744=EDGE_LOOP('',(#4737,#4739,#4741,#4743));
#4745=FACE_BOUND('',#4744,.F.);
#4747=CARTESIAN_POINT('',(1.336126410127E0,-1.2968E1,-3.198506732711E-1));
#4748=DIRECTION('',(9.836905655141E-1,-1.798690393554E-1,0.E0));
#4749=DIRECTION('',(1.798690393554E-1,9.836905655141E-1,0.E0));
#4750=AXIS2_PLACEMENT_3D('',#4747,#4748,#4749);
#4751=PLANE('',#4750);
#4752=ORIENTED_EDGE('',*,*,#4736,.T.);
#4754=ORIENTED_EDGE('',*,*,#4753,.T.);
#4756=ORIENTED_EDGE('',*,*,#4755,.F.);
#4758=ORIENTED_EDGE('',*,*,#4757,.F.);
#4759=EDGE_LOOP('',(#4752,#4754,#4756,#4758));
#4760=FACE_OUTER_BOUND('',#4759,.F.);
#4762=CARTESIAN_POINT('',(1.513126410127E0,-1.2E1,-3.198506732711E-1));
#4763=DIRECTION('',(0.E0,-1.E0,0.E0));
#4764=DIRECTION('',(1.E0,0.E0,0.E0));
#4765=AXIS2_PLACEMENT_3D('',#4762,#4763,#4764);
#4766=PLANE('',#4765);
#4767=ORIENTED_EDGE('',*,*,#4742,.T.);
#4769=ORIENTED_EDGE('',*,*,#4768,.T.);
#4771=ORIENTED_EDGE('',*,*,#4770,.F.);
#4772=ORIENTED_EDGE('',*,*,#4753,.F.);
#4773=EDGE_LOOP('',(#4767,#4769,#4771,#4772));
#4774=FACE_OUTER_BOUND('',#4773,.F.);
#4776=CARTESIAN_POINT('',(2.250126410127E0,-1.2E1,-3.198506732711E-1));
#4777=DIRECTION('',(-9.836905655141E-1,1.798690393554E-1,0.E0));
#4778=DIRECTION('',(-1.798690393554E-1,-9.836905655141E-1,0.E0));
#4779=AXIS2_PLACEMENT_3D('',#4776,#4777,#4778);
#4780=PLANE('',#4779);
#4781=ORIENTED_EDGE('',*,*,#4740,.T.);
#4783=ORIENTED_EDGE('',*,*,#4782,.T.);
#4785=ORIENTED_EDGE('',*,*,#4784,.F.);
#4786=ORIENTED_EDGE('',*,*,#4768,.F.);
#4787=EDGE_LOOP('',(#4781,#4783,#4785,#4786));
#4788=FACE_OUTER_BOUND('',#4787,.F.);
#4790=CARTESIAN_POINT('',(2.073126410127E0,-1.2968E1,-3.198506732711E-1));
#4791=DIRECTION('',(0.E0,1.E0,0.E0));
#4792=DIRECTION('',(-1.E0,0.E0,0.E0));
#4793=AXIS2_PLACEMENT_3D('',#4790,#4791,#4792);
#4794=PLANE('',#4793);
#4795=ORIENTED_EDGE('',*,*,#4738,.T.);
#4796=ORIENTED_EDGE('',*,*,#4757,.T.);
#4798=ORIENTED_EDGE('',*,*,#4797,.F.);
#4799=ORIENTED_EDGE('',*,*,#4782,.F.);
#4800=EDGE_LOOP('',(#4795,#4796,#4798,#4799));
#4801=FACE_OUTER_BOUND('',#4800,.F.);
#4803=CARTESIAN_POINT('',(4.554007197585E0,-1.110253614344E1,2.824441978722E0));
#4804=CARTESIAN_POINT('',(4.784555065014E0,-1.166460509060E1,2.885243431597E0));
#4805=CARTESIAN_POINT('',(5.016073641985E0,-1.222904059920E1,2.909375202657E0));
#4806=CARTESIAN_POINT('',(5.247723726512E0,-1.279379671936E1,2.896749819740E0));
#4807=CARTESIAN_POINT('',(3.104287487362E0,-1.169717811619E1,2.824441978722E0));
#4808=CARTESIAN_POINT('',(3.261442895565E0,-1.228935097684E1,2.885243431597E0));
#4809=CARTESIAN_POINT('',(3.419259998262E0,-1.288401714985E1,2.909375202657E0));
#4810=CARTESIAN_POINT('',(3.577166744484E0,-1.347902110610E1,2.896749819740E0));
#4811=CARTESIAN_POINT('',(1.566935325392E0,-1.200022043014E1,2.824441978722E0));
#4812=CARTESIAN_POINT('',(1.646261857388E0,-1.260773489132E1,2.885243431597E0));
#4813=CARTESIAN_POINT('',(1.725922389530E0,-1.321780725985E1,2.909375202657E0));
#4814=CARTESIAN_POINT('',(1.805628170577E0,-1.382822616267E1,2.896749819740E0));
#4815=CARTESIAN_POINT('',(0.E0,-1.200022043014E1,2.824441978722E0));
#4816=CARTESIAN_POINT('',(0.E0,-1.260773489132E1,2.885243431597E0));
#4817=CARTESIAN_POINT('',(0.E0,-1.321780725985E1,2.909375202657E0));
#4818=CARTESIAN_POINT('',(0.E0,-1.382822616267E1,2.896749819740E0));
#4819=(BOUNDED_SURFACE()B_SPLINE_SURFACE(3,3,((#4803,#4804,#4805,#4806),(#4807,
#4808,#4809,#4810),(#4811,#4812,#4813,#4814),(#4815,#4816,#4817,#4818)),
.UNSPECIFIED.,.F.,.F.,.F.)B_SPLINE_SURFACE_WITH_KNOTS((4,4),(4,4),(0.E0,1.E0),(
0.E0,1.E0),.UNSPECIFIED.)GEOMETRIC_REPRESENTATION_ITEM()RATIONAL_B_SPLINE_SURFACE(((1.010445434189E0,1.009224556186E0,1.009224556186E0,1.010445434189E0),(
9.977275417425E-1,9.965220302250E-1,9.965220302250E-1,9.977275417425E-1),(
9.977275417425E-1,9.965220302250E-1,9.965220302250E-1,9.977275417425E-1),(
1.010445434189E0,1.009224556186E0,1.009224556186E0,1.010445434189E0)))REPRESENTATION_ITEM('')SURFACE());
#4821=ORIENTED_EDGE('',*,*,#4820,.F.);
#4823=ORIENTED_EDGE('',*,*,#4822,.T.);
#4825=ORIENTED_EDGE('',*,*,#4824,.T.);
#4827=ORIENTED_EDGE('',*,*,#4826,.T.);
#4829=ORIENTED_EDGE('',*,*,#4828,.T.);
#4831=ORIENTED_EDGE('',*,*,#4830,.T.);
#4833=ORIENTED_EDGE('',*,*,#4832,.F.);
#4835=ORIENTED_EDGE('',*,*,#4834,.T.);
#4837=ORIENTED_EDGE('',*,*,#4836,.T.);
#4838=EDGE_LOOP('',(#4821,#4823,#4825,#4827,#4829,#4831,#4833,#4835,#4837));
#4839=FACE_OUTER_BOUND('',#4838,.F.);
#4841=CARTESIAN_POINT('',(4.554007197585E0,-1.110253614344E1,2.824441978722E0));
#4842=CARTESIAN_POINT('',(4.784555065014E0,-1.166460509060E1,2.885243431597E0));
#4843=CARTESIAN_POINT('',(5.016073641985E0,-1.222904059920E1,2.909375202657E0));
#4844=CARTESIAN_POINT('',(5.247723726512E0,-1.279379671936E1,2.896749819740E0));
#4845=CARTESIAN_POINT('',(3.104287487362E0,-1.169717811619E1,2.824441978722E0));
#4846=CARTESIAN_POINT('',(3.261442895565E0,-1.228935097684E1,2.885243431597E0));
#4847=CARTESIAN_POINT('',(3.419259998262E0,-1.288401714985E1,2.909375202657E0));
#4848=CARTESIAN_POINT('',(3.577166744484E0,-1.347902110610E1,2.896749819740E0));
#4849=CARTESIAN_POINT('',(1.566935325392E0,-1.200022043014E1,2.824441978722E0));
#4850=CARTESIAN_POINT('',(1.646261857388E0,-1.260773489132E1,2.885243431597E0));
#4851=CARTESIAN_POINT('',(1.725922389530E0,-1.321780725985E1,2.909375202657E0));
#4852=CARTESIAN_POINT('',(1.805628170577E0,-1.382822616267E1,2.896749819740E0));
#4853=CARTESIAN_POINT('',(0.E0,-1.200022043014E1,2.824441978722E0));
#4854=CARTESIAN_POINT('',(0.E0,-1.260773489132E1,2.885243431597E0));
#4855=CARTESIAN_POINT('',(0.E0,-1.321780725985E1,2.909375202657E0));
#4856=CARTESIAN_POINT('',(0.E0,-1.382822616267E1,2.896749819740E0));
#4857=(BOUNDED_SURFACE()B_SPLINE_SURFACE(3,3,((#4841,#4842,#4843,#4844),(#4845,
#4846,#4847,#4848),(#4849,#4850,#4851,#4852),(#4853,#4854,#4855,#4856)),
.UNSPECIFIED.,.F.,.F.,.F.)B_SPLINE_SURFACE_WITH_KNOTS((4,4),(4,4),(0.E0,1.E0),(
0.E0,1.E0),.UNSPECIFIED.)GEOMETRIC_REPRESENTATION_ITEM()RATIONAL_B_SPLINE_SURFACE(((1.010445434189E0,1.009224556186E0,1.009224556186E0,1.010445434189E0),(
9.977275417425E-1,9.965220302250E-1,9.965220302250E-1,9.977275417425E-1),(
9.977275417425E-1,9.965220302250E-1,9.965220302250E-1,9.977275417425E-1),(
1.010445434189E0,1.009224556186E0,1.009224556186E0,1.010445434189E0)))REPRESENTATION_ITEM('')SURFACE());
#4858=ORIENTED_EDGE('',*,*,#4755,.T.);
#4859=ORIENTED_EDGE('',*,*,#4770,.T.);
#4860=ORIENTED_EDGE('',*,*,#4784,.T.);
#4861=ORIENTED_EDGE('',*,*,#4797,.T.);
#4862=EDGE_LOOP('',(#4858,#4859,#4860,#4861));
#4863=FACE_OUTER_BOUND('',#4862,.F.);
#4865=CARTESIAN_POINT('',(4.554007197585E0,-1.110253614344E1,2.824441978722E0));
#4866=CARTESIAN_POINT('',(4.784555065014E0,-1.166460509060E1,2.885243431597E0));
#4867=CARTESIAN_POINT('',(5.016073641985E0,-1.222904059920E1,2.909375202657E0));
#4868=CARTESIAN_POINT('',(5.247723726512E0,-1.279379671936E1,2.896749819740E0));
#4869=CARTESIAN_POINT('',(3.104287487362E0,-1.169717811619E1,2.824441978722E0));
#4870=CARTESIAN_POINT('',(3.261442895565E0,-1.228935097684E1,2.885243431597E0));
#4871=CARTESIAN_POINT('',(3.419259998262E0,-1.288401714985E1,2.909375202657E0));
#4872=CARTESIAN_POINT('',(3.577166744484E0,-1.347902110610E1,2.896749819740E0));
#4873=CARTESIAN_POINT('',(1.566935325392E0,-1.200022043014E1,2.824441978722E0));
#4874=CARTESIAN_POINT('',(1.646261857388E0,-1.260773489132E1,2.885243431597E0));
#4875=CARTESIAN_POINT('',(1.725922389530E0,-1.321780725985E1,2.909375202657E0));
#4876=CARTESIAN_POINT('',(1.805628170577E0,-1.382822616267E1,2.896749819740E0));
#4877=CARTESIAN_POINT('',(0.E0,-1.200022043014E1,2.824441978722E0));
#4878=CARTESIAN_POINT('',(0.E0,-1.260773489132E1,2.885243431597E0));
#4879=CARTESIAN_POINT('',(0.E0,-1.321780725985E1,2.909375202657E0));
#4880=CARTESIAN_POINT('',(0.E0,-1.382822616267E1,2.896749819740E0));
#4881=(BOUNDED_SURFACE()B_SPLINE_SURFACE(3,3,((#4865,#4866,#4867,#4868),(#4869,
#4870,#4871,#4872),(#4873,#4874,#4875,#4876),(#4877,#4878,#4879,#4880)),
.UNSPECIFIED.,.F.,.F.,.F.)B_SPLINE_SURFACE_WITH_KNOTS((4,4),(4,4),(0.E0,1.E0),(
0.E0,1.E0),.UNSPECIFIED.)GEOMETRIC_REPRESENTATION_ITEM()RATIONAL_B_SPLINE_SURFACE(((1.010445434189E0,1.009224556186E0,1.009224556186E0,1.010445434189E0),(
9.977275417425E-1,9.965220302250E-1,9.965220302250E-1,9.977275417425E-1),(
9.977275417425E-1,9.965220302250E-1,9.965220302250E-1,9.977275417425E-1),(
1.010445434189E0,1.009224556186E0,1.009224556186E0,1.010445434189E0)))REPRESENTATION_ITEM('')SURFACE());
#4883=ORIENTED_EDGE('',*,*,#4882,.T.);
#4885=ORIENTED_EDGE('',*,*,#4884,.T.);
#4887=ORIENTED_EDGE('',*,*,#4886,.T.);
#4889=ORIENTED_EDGE('',*,*,#4888,.T.);
#4891=ORIENTED_EDGE('',*,*,#4890,.T.);
#4893=ORIENTED_EDGE('',*,*,#4892,.T.);
#4895=ORIENTED_EDGE('',*,*,#4894,.T.);
#4897=ORIENTED_EDGE('',*,*,#4896,.T.);
#4899=ORIENTED_EDGE('',*,*,#4898,.T.);
#4901=ORIENTED_EDGE('',*,*,#4900,.T.);
#4903=ORIENTED_EDGE('',*,*,#4902,.T.);
#4904=EDGE_LOOP('',(#4883,#4885,#4887,#4889,#4891,#4893,#4895,#4897,#4899,#4901,
#4903));
#4905=FACE_OUTER_BOUND('',#4904,.F.);
#4907=CARTESIAN_POINT('',(0.E0,-1.200010900420E1,2.824430826541E0));
#4908=CARTESIAN_POINT('',(0.E0,-1.347935533021E1,2.972488228555E0));
#4909=CARTESIAN_POINT('',(0.E0,-1.496439079289E1,2.903492852915E0));
#4910=CARTESIAN_POINT('',(0.E0,-1.642353677176E1,2.618916501727E0));
#4911=CARTESIAN_POINT('',(-2.812678019031E0,-1.200010900420E1,
2.824430826541E0));
#4912=CARTESIAN_POINT('',(-3.159395171720E0,-1.347935533021E1,
2.972488228555E0));
#4913=CARTESIAN_POINT('',(-3.507469226874E0,-1.496439079289E1,
2.903492852915E0));
#4914=CARTESIAN_POINT('',(-3.849475105311E0,-1.642353677176E1,
2.618916501727E0));
#4915=CARTESIAN_POINT('',(-5.460017453112E0,-1.104997661369E1,
2.824430826541E0));
#4916=CARTESIAN_POINT('',(-6.133070569100E0,-1.241210068294E1,
2.972488228555E0));
#4917=CARTESIAN_POINT('',(-6.808757726769E0,-1.377955552252E1,
2.903492852915E0));
#4918=CARTESIAN_POINT('',(-7.472665238649E0,-1.512317072941E1,
2.618916501727E0));
#4919=CARTESIAN_POINT('',(-7.630779438110E0,-9.261415727605E0,
2.824430826541E0));
#4920=CARTESIAN_POINT('',(-8.571421097653E0,-1.040306495628E1,
2.972488228555E0));
#4921=CARTESIAN_POINT('',(-9.515744025852E0,-1.154918211117E1,
2.903492852915E0));
#4922=CARTESIAN_POINT('',(-1.044360402520E1,-1.267531834150E1,
2.618916501727E0));
#4923=(BOUNDED_SURFACE()B_SPLINE_SURFACE(3,3,((#4907,#4908,#4909,#4910),(#4911,
#4912,#4913,#4914),(#4915,#4916,#4917,#4918),(#4919,#4920,#4921,#4922)),
.UNSPECIFIED.,.F.,.F.,.F.)B_SPLINE_SURFACE_WITH_KNOTS((4,4),(4,4),(0.E0,1.E0),(
0.E0,1.E0),.UNSPECIFIED.)GEOMETRIC_REPRESENTATION_ITEM()RATIONAL_B_SPLINE_SURFACE(((1.035805619487E0,1.028440387262E0,1.028440387262E0,1.035805619487E0),(
9.952135492842E-1,9.881369523193E-1,9.881369523193E-1,9.952135492842E-1),(
9.952135492842E-1,9.881369523193E-1,9.881369523193E-1,9.952135492842E-1),(
1.035805619487E0,1.028440387262E0,1.028440387262E0,1.035805619487E0)))REPRESENTATION_ITEM('')SURFACE());
#4924=ORIENTED_EDGE('',*,*,#4820,.T.);
#4926=ORIENTED_EDGE('',*,*,#4925,.T.);
#4928=ORIENTED_EDGE('',*,*,#4927,.T.);
#4930=ORIENTED_EDGE('',*,*,#4929,.T.);
#4931=ORIENTED_EDGE('',*,*,#4832,.T.);
#4933=ORIENTED_EDGE('',*,*,#4932,.T.);
#4935=ORIENTED_EDGE('',*,*,#4934,.T.);
#4937=ORIENTED_EDGE('',*,*,#4936,.T.);
#4939=ORIENTED_EDGE('',*,*,#4938,.T.);
#4941=ORIENTED_EDGE('',*,*,#4940,.T.);
#4943=ORIENTED_EDGE('',*,*,#4942,.T.);
#4944=EDGE_LOOP('',(#4924,#4926,#4928,#4930,#4931,#4933,#4935,#4937,#4939,#4941,
#4943));
#4945=FACE_OUTER_BOUND('',#4944,.F.);
#4947=CARTESIAN_POINT('',(0.E0,-1.200010900420E1,2.824430826541E0));
#4948=CARTESIAN_POINT('',(0.E0,-1.347935533021E1,2.972488228555E0));
#4949=CARTESIAN_POINT('',(0.E0,-1.496439079289E1,2.903492852915E0));
#4950=CARTESIAN_POINT('',(0.E0,-1.642353677176E1,2.618916501727E0));
#4951=CARTESIAN_POINT('',(-2.812678019031E0,-1.200010900420E1,
2.824430826541E0));
#4952=CARTESIAN_POINT('',(-3.159395171720E0,-1.347935533021E1,
2.972488228555E0));
#4953=CARTESIAN_POINT('',(-3.507469226874E0,-1.496439079289E1,
2.903492852915E0));
#4954=CARTESIAN_POINT('',(-3.849475105311E0,-1.642353677176E1,
2.618916501727E0));
#4955=CARTESIAN_POINT('',(-5.460017453112E0,-1.104997661369E1,
2.824430826541E0));
#4956=CARTESIAN_POINT('',(-6.133070569100E0,-1.241210068294E1,
2.972488228555E0));
#4957=CARTESIAN_POINT('',(-6.808757726769E0,-1.377955552252E1,
2.903492852915E0));
#4958=CARTESIAN_POINT('',(-7.472665238649E0,-1.512317072941E1,
2.618916501727E0));
#4959=CARTESIAN_POINT('',(-7.630779438110E0,-9.261415727605E0,
2.824430826541E0));
#4960=CARTESIAN_POINT('',(-8.571421097653E0,-1.040306495628E1,
2.972488228555E0));
#4961=CARTESIAN_POINT('',(-9.515744025852E0,-1.154918211117E1,
2.903492852915E0));
#4962=CARTESIAN_POINT('',(-1.044360402520E1,-1.267531834150E1,
2.618916501727E0));
#4963=(BOUNDED_SURFACE()B_SPLINE_SURFACE(3,3,((#4947,#4948,#4949,#4950),(#4951,
#4952,#4953,#4954),(#4955,#4956,#4957,#4958),(#4959,#4960,#4961,#4962)),
.UNSPECIFIED.,.F.,.F.,.F.)B_SPLINE_SURFACE_WITH_KNOTS((4,4),(4,4),(0.E0,1.E0),(
0.E0,1.E0),.UNSPECIFIED.)GEOMETRIC_REPRESENTATION_ITEM()RATIONAL_B_SPLINE_SURFACE(((1.035805619487E0,1.028440387262E0,1.028440387262E0,1.035805619487E0),(
9.952135492842E-1,9.881369523193E-1,9.881369523193E-1,9.952135492842E-1),(
9.952135492842E-1,9.881369523193E-1,9.881369523193E-1,9.952135492842E-1),(
1.035805619487E0,1.028440387262E0,1.028440387262E0,1.035805619487E0)))REPRESENTATION_ITEM('')SURFACE());
#4965=ORIENTED_EDGE('',*,*,#4964,.T.);
#4967=ORIENTED_EDGE('',*,*,#4966,.T.);
#4969=ORIENTED_EDGE('',*,*,#4968,.T.);
#4971=ORIENTED_EDGE('',*,*,#4970,.T.);
#4973=ORIENTED_EDGE('',*,*,#4972,.T.);
#4975=ORIENTED_EDGE('',*,*,#4974,.T.);
#4977=ORIENTED_EDGE('',*,*,#4976,.T.);
#4979=ORIENTED_EDGE('',*,*,#4978,.T.);
#4981=ORIENTED_EDGE('',*,*,#4980,.T.);
#4983=ORIENTED_EDGE('',*,*,#4982,.T.);
#4984=EDGE_LOOP('',(#4965,#4967,#4969,#4971,#4973,#4975,#4977,#4979,#4981,
#4983));
#4985=FACE_OUTER_BOUND('',#4984,.F.);
#4987=CARTESIAN_POINT('',(0.E0,-1.200010900420E1,2.824430826541E0));
#4988=CARTESIAN_POINT('',(0.E0,-1.347935533021E1,2.972488228555E0));
#4989=CARTESIAN_POINT('',(0.E0,-1.496439079289E1,2.903492852915E0));
#4990=CARTESIAN_POINT('',(0.E0,-1.642353677176E1,2.618916501727E0));
#4991=CARTESIAN_POINT('',(-2.812678019031E0,-1.200010900420E1,
2.824430826541E0));
#4992=CARTESIAN_POINT('',(-3.159395171720E0,-1.347935533021E1,
2.972488228555E0));
#4993=CARTESIAN_POINT('',(-3.507469226874E0,-1.496439079289E1,
2.903492852915E0));
#4994=CARTESIAN_POINT('',(-3.849475105311E0,-1.642353677176E1,
2.618916501727E0));
#4995=CARTESIAN_POINT('',(-5.460017453112E0,-1.104997661369E1,
2.824430826541E0));
#4996=CARTESIAN_POINT('',(-6.133070569100E0,-1.241210068294E1,
2.972488228555E0));
#4997=CARTESIAN_POINT('',(-6.808757726769E0,-1.377955552252E1,
2.903492852915E0));
#4998=CARTESIAN_POINT('',(-7.472665238649E0,-1.512317072941E1,
2.618916501727E0));
#4999=CARTESIAN_POINT('',(-7.630779438110E0,-9.261415727605E0,
2.824430826541E0));
#5000=CARTESIAN_POINT('',(-8.571421097653E0,-1.040306495628E1,
2.972488228555E0));
#5001=CARTESIAN_POINT('',(-9.515744025852E0,-1.154918211117E1,
2.903492852915E0));
#5002=CARTESIAN_POINT('',(-1.044360402520E1,-1.267531834150E1,
2.618916501727E0));
#5003=(BOUNDED_SURFACE()B_SPLINE_SURFACE(3,3,((#4987,#4988,#4989,#4990),(#4991,
#4992,#4993,#4994),(#4995,#4996,#4997,#4998),(#4999,#5000,#5001,#5002)),
.UNSPECIFIED.,.F.,.F.,.F.)B_SPLINE_SURFACE_WITH_KNOTS((4,4),(4,4),(0.E0,1.E0),(
0.E0,1.E0),.UNSPECIFIED.)GEOMETRIC_REPRESENTATION_ITEM()RATIONAL_B_SPLINE_SURFACE(((1.035805619487E0,1.028440387262E0,1.028440387262E0,1.035805619487E0),(
9.952135492842E-1,9.881369523193E-1,9.881369523193E-1,9.952135492842E-1),(
9.952135492842E-1,9.881369523193E-1,9.881369523193E-1,9.952135492842E-1),(
1.035805619487E0,1.028440387262E0,1.028440387262E0,1.035805619487E0)))REPRESENTATION_ITEM('')SURFACE());
#5005=ORIENTED_EDGE('',*,*,#5004,.T.);
#5007=ORIENTED_EDGE('',*,*,#5006,.T.);
#5009=ORIENTED_EDGE('',*,*,#5008,.T.);
#5011=ORIENTED_EDGE('',*,*,#5010,.T.);
#5013=ORIENTED_EDGE('',*,*,#5012,.T.);
#5015=ORIENTED_EDGE('',*,*,#5014,.T.);
#5017=ORIENTED_EDGE('',*,*,#5016,.T.);
#5019=ORIENTED_EDGE('',*,*,#5018,.T.);
#5021=ORIENTED_EDGE('',*,*,#5020,.T.);
#5023=ORIENTED_EDGE('',*,*,#5022,.T.);
#5025=ORIENTED_EDGE('',*,*,#5024,.T.);
#5027=ORIENTED_EDGE('',*,*,#5026,.T.);
#5028=EDGE_LOOP('',(#5005,#5007,#5009,#5011,#5013,#5015,#5017,#5019,#5021,#5023,
#5025,#5027));
#5029=FACE_OUTER_BOUND('',#5028,.F.);
#5031=CARTESIAN_POINT('',(0.E0,-1.200010900420E1,2.824430826541E0));
#5032=CARTESIAN_POINT('',(0.E0,-1.347935533021E1,2.972488228555E0));
#5033=CARTESIAN_POINT('',(0.E0,-1.496439079289E1,2.903492852915E0));
#5034=CARTESIAN_POINT('',(0.E0,-1.642353677176E1,2.618916501727E0));
#5035=CARTESIAN_POINT('',(-2.812678019031E0,-1.200010900420E1,
2.824430826541E0));
#5036=CARTESIAN_POINT('',(-3.159395171720E0,-1.347935533021E1,
2.972488228555E0));
#5037=CARTESIAN_POINT('',(-3.507469226874E0,-1.496439079289E1,
2.903492852915E0));
#5038=CARTESIAN_POINT('',(-3.849475105311E0,-1.642353677176E1,
2.618916501727E0));
#5039=CARTESIAN_POINT('',(-5.460017453112E0,-1.104997661369E1,
2.824430826541E0));
#5040=CARTESIAN_POINT('',(-6.133070569100E0,-1.241210068294E1,
2.972488228555E0));
#5041=CARTESIAN_POINT('',(-6.808757726769E0,-1.377955552252E1,
2.903492852915E0));
#5042=CARTESIAN_POINT('',(-7.472665238649E0,-1.512317072941E1,
2.618916501727E0));
#5043=CARTESIAN_POINT('',(-7.630779438110E0,-9.261415727605E0,
2.824430826541E0));
#5044=CARTESIAN_POINT('',(-8.571421097653E0,-1.040306495628E1,
2.972488228555E0));
#5045=CARTESIAN_POINT('',(-9.515744025852E0,-1.154918211117E1,
2.903492852915E0));
#5046=CARTESIAN_POINT('',(-1.044360402520E1,-1.267531834150E1,
2.618916501727E0));
#5047=(BOUNDED_SURFACE()B_SPLINE_SURFACE(3,3,((#5031,#5032,#5033,#5034),(#5035,
#5036,#5037,#5038),(#5039,#5040,#5041,#5042),(#5043,#5044,#5045,#5046)),
.UNSPECIFIED.,.F.,.F.,.F.)B_SPLINE_SURFACE_WITH_KNOTS((4,4),(4,4),(0.E0,1.E0),(
0.E0,1.E0),.UNSPECIFIED.)GEOMETRIC_REPRESENTATION_ITEM()RATIONAL_B_SPLINE_SURFACE(((1.035805619487E0,1.028440387262E0,1.028440387262E0,1.035805619487E0),(
9.952135492842E-1,9.881369523193E-1,9.881369523193E-1,9.952135492842E-1),(
9.952135492842E-1,9.881369523193E-1,9.881369523193E-1,9.952135492842E-1),(
1.035805619487E0,1.028440387262E0,1.028440387262E0,1.035805619487E0)))REPRESENTATION_ITEM('')SURFACE());
#5049=ORIENTED_EDGE('',*,*,#5048,.T.);
#5051=ORIENTED_EDGE('',*,*,#5050,.T.);
#5053=ORIENTED_EDGE('',*,*,#5052,.T.);
#5055=ORIENTED_EDGE('',*,*,#5054,.T.);
#5057=ORIENTED_EDGE('',*,*,#5056,.T.);
#5059=ORIENTED_EDGE('',*,*,#5058,.T.);
#5061=ORIENTED_EDGE('',*,*,#5060,.T.);
#5063=ORIENTED_EDGE('',*,*,#5062,.T.);
#5065=ORIENTED_EDGE('',*,*,#5064,.T.);
#5067=ORIENTED_EDGE('',*,*,#5066,.T.);
#5068=EDGE_LOOP('',(#5049,#5051,#5053,#5055,#5057,#5059,#5061,#5063,#5065,
#5067));
#5069=FACE_OUTER_BOUND('',#5068,.F.);
#5071=CARTESIAN_POINT('',(0.E0,-1.200010900420E1,2.824430826541E0));
#5072=CARTESIAN_POINT('',(0.E0,-1.347935533021E1,2.972488228555E0));
#5073=CARTESIAN_POINT('',(0.E0,-1.496439079289E1,2.903492852915E0));
#5074=CARTESIAN_POINT('',(0.E0,-1.642353677176E1,2.618916501727E0));
#5075=CARTESIAN_POINT('',(-2.812678019031E0,-1.200010900420E1,
2.824430826541E0));
#5076=CARTESIAN_POINT('',(-3.159395171720E0,-1.347935533021E1,
2.972488228555E0));
#5077=CARTESIAN_POINT('',(-3.507469226874E0,-1.496439079289E1,
2.903492852915E0));
#5078=CARTESIAN_POINT('',(-3.849475105311E0,-1.642353677176E1,
2.618916501727E0));
#5079=CARTESIAN_POINT('',(-5.460017453112E0,-1.104997661369E1,
2.824430826541E0));
#5080=CARTESIAN_POINT('',(-6.133070569100E0,-1.241210068294E1,
2.972488228555E0));
#5081=CARTESIAN_POINT('',(-6.808757726769E0,-1.377955552252E1,
2.903492852915E0));
#5082=CARTESIAN_POINT('',(-7.472665238649E0,-1.512317072941E1,
2.618916501727E0));
#5083=CARTESIAN_POINT('',(-7.630779438110E0,-9.261415727605E0,
2.824430826541E0));
#5084=CARTESIAN_POINT('',(-8.571421097653E0,-1.040306495628E1,
2.972488228555E0));
#5085=CARTESIAN_POINT('',(-9.515744025852E0,-1.154918211117E1,
2.903492852915E0));
#5086=CARTESIAN_POINT('',(-1.044360402520E1,-1.267531834150E1,
2.618916501727E0));
#5087=(BOUNDED_SURFACE()B_SPLINE_SURFACE(3,3,((#5071,#5072,#5073,#5074),(#5075,
#5076,#5077,#5078),(#5079,#5080,#5081,#5082),(#5083,#5084,#5085,#5086)),
.UNSPECIFIED.,.F.,.F.,.F.)B_SPLINE_SURFACE_WITH_KNOTS((4,4),(4,4),(0.E0,1.E0),(
0.E0,1.E0),.UNSPECIFIED.)GEOMETRIC_REPRESENTATION_ITEM()RATIONAL_B_SPLINE_SURFACE(((1.035805619487E0,1.028440387262E0,1.028440387262E0,1.035805619487E0),(
9.952135492842E-1,9.881369523193E-1,9.881369523193E-1,9.952135492842E-1),(
9.952135492842E-1,9.881369523193E-1,9.881369523193E-1,9.952135492842E-1),(
1.035805619487E0,1.028440387262E0,1.028440387262E0,1.035805619487E0)))REPRESENTATION_ITEM('')SURFACE());
#5089=ORIENTED_EDGE('',*,*,#5088,.T.);
#5091=ORIENTED_EDGE('',*,*,#5090,.T.);
#5093=ORIENTED_EDGE('',*,*,#5092,.T.);
#5095=ORIENTED_EDGE('',*,*,#5094,.T.);
#5097=ORIENTED_EDGE('',*,*,#5096,.T.);
#5099=ORIENTED_EDGE('',*,*,#5098,.T.);
#5101=ORIENTED_EDGE('',*,*,#5100,.T.);
#5103=ORIENTED_EDGE('',*,*,#5102,.T.);
#5104=EDGE_LOOP('',(#5089,#5091,#5093,#5095,#5097,#5099,#5101,#5103));
#5105=FACE_OUTER_BOUND('',#5104,.F.);
#5107=CARTESIAN_POINT('',(-2.218735898729E-1,-1.220878431373E1,
-3.198506732711E-1));
#5108=CARTESIAN_POINT('',(-1.611220253929E-1,-1.220878431373E1,
-3.198506732711E-1));
#5109=CARTESIAN_POINT('',(-4.065691425157E-2,-1.220965531409E1,
-3.198506732711E-1));
#5110=CARTESIAN_POINT('',(1.339226267998E-1,-1.221609553163E1,
-3.198506732711E-1));
#5111=CARTESIAN_POINT('',(2.920348140494E-1,-1.223635349967E1,
-3.198506732711E-1));
#5112=CARTESIAN_POINT('',(3.628420769146E-1,-1.227889238222E1,
-3.198506732711E-1));
#5113=CARTESIAN_POINT('',(3.520475168573E-1,-1.233892670893E1,
-3.198506732711E-1));
#5115=DIRECTION('',(0.E0,0.E0,1.E0));
#5116=VECTOR('',#5115,1.E0);
#5117=SURFACE_OF_LINEAR_EXTRUSION('',#5114,#5116);
#5119=ORIENTED_EDGE('',*,*,#5118,.F.);
#5121=ORIENTED_EDGE('',*,*,#5120,.T.);
#5122=ORIENTED_EDGE('',*,*,#4925,.F.);
#5123=ORIENTED_EDGE('',*,*,#4836,.F.);
#5125=ORIENTED_EDGE('',*,*,#5124,.F.);
#5126=EDGE_LOOP('',(#5119,#5121,#5122,#5123,#5125));
#5127=FACE_OUTER_BOUND('',#5126,.F.);
#5129=CARTESIAN_POINT('',(2.877019856461E-1,-9.995860521609E0,
2.282607431014E0));
#5130=CARTESIAN_POINT('',(3.691434358614E-1,-1.282544605680E1,
2.964723116207E0));
#5131=CARTESIAN_POINT('',(4.528083020806E-1,-1.573228151505E1,
2.817154055855E0));
#5132=CARTESIAN_POINT('',(5.318448000811E-1,-1.847830986921E1,
1.851985506355E0));
#5133=CARTESIAN_POINT('',(-5.634753087676E0,-1.016632129193E1,
2.282607431014E0));
#5134=CARTESIAN_POINT('',(-7.229814943211E0,-1.304416013447E1,
2.964723116207E0));
#5135=CARTESIAN_POINT('',(-8.868423248954E0,-1.600056625353E1,
2.817154055855E0));
#5136=CARTESIAN_POINT('',(-1.041638319837E1,-1.879342300305E1,
1.851985506355E0));
#5137=CARTESIAN_POINT('',(-9.913725870088E0,-6.068160375476E0,
2.282607431014E0));
#5138=CARTESIAN_POINT('',(-1.272006107867E1,-7.785909316305E0,
2.964723116207E0));
#5139=CARTESIAN_POINT('',(-1.560301145801E1,-9.550554161806E0,
2.817154055855E0));
#5140=CARTESIAN_POINT('',(-1.832647606375E1,-1.121757826769E1,
1.851985506355E0));
#5141=CARTESIAN_POINT('',(-9.998965076849E0,-1.438658818362E-1,
2.282607431014E0));
#5142=CARTESIAN_POINT('',(-1.282942943629E1,-1.845908216622E-1,
2.964723116207E0));
#5143=CARTESIAN_POINT('',(-1.573716771139E1,-2.264275845552E-1,
2.817154055855E0));
#5144=CARTESIAN_POINT('',(-1.848404893825E1,-2.659499238139E-1,
1.851985506355E0));
#5145=CARTESIAN_POINT('',(-1.008420428361E1,5.780428611803E0,2.282607431014E0));
#5146=CARTESIAN_POINT('',(-1.293879779391E1,7.416727672981E0,2.964723116207E0));
#5147=CARTESIAN_POINT('',(-1.587132396477E1,9.097698992695E0,2.817154055855E0));
#5148=CARTESIAN_POINT('',(-1.864162181276E1,1.068567842006E1,1.851985506355E0));
#5149=CARTESIAN_POINT('',(-5.924907676052E0,1.E1,2.282607431014E0));
#5150=CARTESIAN_POINT('',(-7.602105254115E0,1.283075732107E1,2.964723116207E0));
#5151=CARTESIAN_POINT('',(-9.325091652574E0,1.573879655588E1,2.817154055855E0));
#5152=CARTESIAN_POINT('',(-1.095276187056E1,1.848596209327E1,1.851985506355E0));
#5153=CARTESIAN_POINT('',(0.E0,1.E1,2.282607431014E0));
#5154=CARTESIAN_POINT('',(0.E0,1.283075732107E1,2.964723116207E0));
#5155=CARTESIAN_POINT('',(0.E0,1.573879655588E1,2.817154055855E0));
#5156=CARTESIAN_POINT('',(0.E0,1.848596209327E1,1.851985506355E0));
#5157=(BOUNDED_SURFACE()B_SPLINE_SURFACE(3,3,((#5129,#5130,#5131,#5132),(#5133,
#5134,#5135,#5136),(#5137,#5138,#5139,#5140),(#5141,#5142,#5143,#5144),(#5145,
#5146,#5147,#5148),(#5149,#5150,#5151,#5152),(#5153,#5154,#5155,#5156)),
.UNSPECIFIED.,.F.,.F.,.F.)B_SPLINE_SURFACE_WITH_KNOTS((4,3,4),(4,4),(0.E0,1.E0,
2.E0),(0.E0,1.E0),.UNSPECIFIED.)GEOMETRIC_REPRESENTATION_ITEM()RATIONAL_B_SPLINE_SURFACE(((1.199648279187E0,1.166899641584E0,1.166899641584E0,1.199648279187E0),(
9.613196957625E-1,9.350770787526E-1,9.350770787526E-1,9.613196957625E-1),(
9.613196957625E-1,9.350770787526E-1,9.350770787526E-1,9.613196957625E-1),(
1.199648279187E0,1.166899641584E0,1.166899641584E0,1.199648279187E0),(
9.613196957625E-1,9.350770787526E-1,9.350770787526E-1,9.613196957625E-1),(
9.613196957625E-1,9.350770787526E-1,9.350770787526E-1,9.613196957625E-1),(
1.199648279187E0,1.166899641584E0,1.166899641584E0,1.199648279187E0)))REPRESENTATION_ITEM('')SURFACE());
#5159=ORIENTED_EDGE('',*,*,#5158,.T.);
#5161=ORIENTED_EDGE('',*,*,#5160,.F.);
#5162=ORIENTED_EDGE('',*,*,#5118,.T.);
#5163=EDGE_LOOP('',(#5159,#5161,#5162));
#5164=FACE_OUTER_BOUND('',#5163,.F.);
#5166=CARTESIAN_POINT('',(2.877019856461E-1,-9.995860521609E0,
2.282607431014E0));
#5167=CARTESIAN_POINT('',(3.691434358614E-1,-1.282544605680E1,
2.964723116207E0));
#5168=CARTESIAN_POINT('',(4.528083020806E-1,-1.573228151505E1,
2.817154055855E0));
#5169=CARTESIAN_POINT('',(5.318448000811E-1,-1.847830986921E1,
1.851985506355E0));
#5170=CARTESIAN_POINT('',(-5.634753087676E0,-1.016632129193E1,
2.282607431014E0));
#5171=CARTESIAN_POINT('',(-7.229814943211E0,-1.304416013447E1,
2.964723116207E0));
#5172=CARTESIAN_POINT('',(-8.868423248954E0,-1.600056625353E1,
2.817154055855E0));
#5173=CARTESIAN_POINT('',(-1.041638319837E1,-1.879342300305E1,
1.851985506355E0));
#5174=CARTESIAN_POINT('',(-9.913725870088E0,-6.068160375476E0,
2.282607431014E0));
#5175=CARTESIAN_POINT('',(-1.272006107867E1,-7.785909316305E0,
2.964723116207E0));
#5176=CARTESIAN_POINT('',(-1.560301145801E1,-9.550554161806E0,
2.817154055855E0));
#5177=CARTESIAN_POINT('',(-1.832647606375E1,-1.121757826769E1,
1.851985506355E0));
#5178=CARTESIAN_POINT('',(-9.998965076849E0,-1.438658818362E-1,
2.282607431014E0));
#5179=CARTESIAN_POINT('',(-1.282942943629E1,-1.845908216622E-1,
2.964723116207E0));
#5180=CARTESIAN_POINT('',(-1.573716771139E1,-2.264275845552E-1,
2.817154055855E0));
#5181=CARTESIAN_POINT('',(-1.848404893825E1,-2.659499238139E-1,
1.851985506355E0));
#5182=CARTESIAN_POINT('',(-1.008420428361E1,5.780428611803E0,2.282607431014E0));
#5183=CARTESIAN_POINT('',(-1.293879779391E1,7.416727672981E0,2.964723116207E0));
#5184=CARTESIAN_POINT('',(-1.587132396477E1,9.097698992695E0,2.817154055855E0));
#5185=CARTESIAN_POINT('',(-1.864162181276E1,1.068567842006E1,1.851985506355E0));
#5186=CARTESIAN_POINT('',(-5.924907676052E0,1.E1,2.282607431014E0));
#5187=CARTESIAN_POINT('',(-7.602105254115E0,1.283075732107E1,2.964723116207E0));
#5188=CARTESIAN_POINT('',(-9.325091652574E0,1.573879655588E1,2.817154055855E0));
#5189=CARTESIAN_POINT('',(-1.095276187056E1,1.848596209327E1,1.851985506355E0));
#5190=CARTESIAN_POINT('',(0.E0,1.E1,2.282607431014E0));
#5191=CARTESIAN_POINT('',(0.E0,1.283075732107E1,2.964723116207E0));
#5192=CARTESIAN_POINT('',(0.E0,1.573879655588E1,2.817154055855E0));
#5193=CARTESIAN_POINT('',(0.E0,1.848596209327E1,1.851985506355E0));
#5194=(BOUNDED_SURFACE()B_SPLINE_SURFACE(3,3,((#5166,#5167,#5168,#5169),(#5170,
#5171,#5172,#5173),(#5174,#5175,#5176,#5177),(#5178,#5179,#5180,#5181),(#5182,
#5183,#5184,#5185),(#5186,#5187,#5188,#5189),(#5190,#5191,#5192,#5193)),
.UNSPECIFIED.,.F.,.F.,.F.)B_SPLINE_SURFACE_WITH_KNOTS((4,3,4),(4,4),(0.E0,1.E0,
2.E0),(0.E0,1.E0),.UNSPECIFIED.)GEOMETRIC_REPRESENTATION_ITEM()RATIONAL_B_SPLINE_SURFACE(((1.199648279187E0,1.166899641584E0,1.166899641584E0,1.199648279187E0),(
9.613196957625E-1,9.350770787526E-1,9.350770787526E-1,9.613196957625E-1),(
9.613196957625E-1,9.350770787526E-1,9.350770787526E-1,9.613196957625E-1),(
1.199648279187E0,1.166899641584E0,1.166899641584E0,1.199648279187E0),(
9.613196957625E-1,9.350770787526E-1,9.350770787526E-1,9.613196957625E-1),(
9.613196957625E-1,9.350770787526E-1,9.350770787526E-1,9.613196957625E-1),(
1.199648279187E0,1.166899641584E0,1.166899641584E0,1.199648279187E0)))REPRESENTATION_ITEM('')SURFACE());
#5195=ORIENTED_EDGE('',*,*,#4681,.F.);
#5197=ORIENTED_EDGE('',*,*,#5196,.T.);
#5199=ORIENTED_EDGE('',*,*,#5198,.T.);
#5200=ORIENTED_EDGE('',*,*,#4700,.T.);
#5202=ORIENTED_EDGE('',*,*,#5201,.F.);
#5204=ORIENTED_EDGE('',*,*,#5203,.F.);
#5206=ORIENTED_EDGE('',*,*,#5205,.F.);
#5208=ORIENTED_EDGE('',*,*,#5207,.F.);
#5210=ORIENTED_EDGE('',*,*,#5209,.F.);
#5212=ORIENTED_EDGE('',*,*,#5211,.F.);
#5213=ORIENTED_EDGE('',*,*,#4688,.T.);
#5214=ORIENTED_EDGE('',*,*,#4108,.T.);
#5215=ORIENTED_EDGE('',*,*,#4175,.T.);
#5216=ORIENTED_EDGE('',*,*,#4364,.T.);
#5217=ORIENTED_EDGE('',*,*,#4431,.T.);
#5218=ORIENTED_EDGE('',*,*,#4530,.T.);
#5219=EDGE_LOOP('',(#5195,#5197,#5199,#5200,#5202,#5204,#5206,#5208,#5210,#5212,
#5213,#5214,#5215,#5216,#5217,#5218));
#5220=FACE_OUTER_BOUND('',#5219,.F.);
#5222=ORIENTED_EDGE('',*,*,#5221,.F.);
#5224=ORIENTED_EDGE('',*,*,#5223,.F.);
#5226=ORIENTED_EDGE('',*,*,#5225,.F.);
#5228=ORIENTED_EDGE('',*,*,#5227,.F.);
#5230=ORIENTED_EDGE('',*,*,#5229,.F.);
#5232=ORIENTED_EDGE('',*,*,#5231,.F.);
#5234=ORIENTED_EDGE('',*,*,#5233,.F.);
#5236=ORIENTED_EDGE('',*,*,#5235,.F.);
#5238=ORIENTED_EDGE('',*,*,#5237,.F.);
#5240=ORIENTED_EDGE('',*,*,#5239,.F.);
#5241=EDGE_LOOP('',(#5222,#5224,#5226,#5228,#5230,#5232,#5234,#5236,#5238,
#5240));
#5242=FACE_BOUND('',#5241,.F.);
#5244=ORIENTED_EDGE('',*,*,#5243,.F.);
#5246=ORIENTED_EDGE('',*,*,#5245,.F.);
#5248=ORIENTED_EDGE('',*,*,#5247,.F.);
#5250=ORIENTED_EDGE('',*,*,#5249,.F.);
#5252=ORIENTED_EDGE('',*,*,#5251,.F.);
#5254=ORIENTED_EDGE('',*,*,#5253,.F.);
#5256=ORIENTED_EDGE('',*,*,#5255,.F.);
#5258=ORIENTED_EDGE('',*,*,#5257,.F.);
#5260=ORIENTED_EDGE('',*,*,#5259,.F.);
#5262=ORIENTED_EDGE('',*,*,#5261,.F.);
#5264=ORIENTED_EDGE('',*,*,#5263,.F.);
#5266=ORIENTED_EDGE('',*,*,#5265,.F.);
#5267=EDGE_LOOP('',(#5244,#5246,#5248,#5250,#5252,#5254,#5256,#5258,#5260,#5262,
#5264,#5266));
#5268=FACE_BOUND('',#5267,.F.);
#5270=ORIENTED_EDGE('',*,*,#5269,.F.);
#5272=ORIENTED_EDGE('',*,*,#5271,.F.);
#5274=ORIENTED_EDGE('',*,*,#5273,.F.);
#5276=ORIENTED_EDGE('',*,*,#5275,.F.);
#5278=ORIENTED_EDGE('',*,*,#5277,.F.);
#5280=ORIENTED_EDGE('',*,*,#5279,.F.);
#5282=ORIENTED_EDGE('',*,*,#5281,.F.);
#5284=ORIENTED_EDGE('',*,*,#5283,.F.);
#5286=ORIENTED_EDGE('',*,*,#5285,.F.);
#5288=ORIENTED_EDGE('',*,*,#5287,.F.);
#5289=EDGE_LOOP('',(#5270,#5272,#5274,#5276,#5278,#5280,#5282,#5284,#5286,
#5288));
#5290=FACE_BOUND('',#5289,.F.);
#5292=ORIENTED_EDGE('',*,*,#5291,.F.);
#5294=ORIENTED_EDGE('',*,*,#5293,.F.);
#5296=ORIENTED_EDGE('',*,*,#5295,.F.);
#5298=ORIENTED_EDGE('',*,*,#5297,.F.);
#5300=ORIENTED_EDGE('',*,*,#5299,.F.);
#5302=ORIENTED_EDGE('',*,*,#5301,.F.);
#5304=ORIENTED_EDGE('',*,*,#5303,.F.);
#5306=ORIENTED_EDGE('',*,*,#5305,.F.);
#5307=EDGE_LOOP('',(#5292,#5294,#5296,#5298,#5300,#5302,#5304,#5306));
#5308=FACE_BOUND('',#5307,.F.);
#5310=ORIENTED_EDGE('',*,*,#5309,.T.);
#5312=ORIENTED_EDGE('',*,*,#5311,.F.);
#5313=EDGE_LOOP('',(#5310,#5312));
#5314=FACE_BOUND('',#5313,.F.);
#5316=CARTESIAN_POINT('',(3.521264101275E-1,-1.233848366013E1,
-3.198506732711E-1));
#5317=CARTESIAN_POINT('',(3.416520870090E-1,-1.239788649841E1,
-3.198506732711E-1));
#5318=CARTESIAN_POINT('',(2.568824235699E-1,-1.244063324844E1,
-3.198506732711E-1));
#5319=CARTESIAN_POINT('',(9.288140338345E-2,-1.246084139491E1,
-3.198506732711E-1));
#5320=CARTESIAN_POINT('',(-8.264376234887E-2,-1.246731559952E1,
-3.198506732711E-1));
#5321=CARTESIAN_POINT('',(-2.025543670617E-1,-1.246818300654E1,
-3.198506732711E-1));
#5322=CARTESIAN_POINT('',(-2.628735898729E-1,-1.246818300654E1,
-3.198506732711E-1));
#5324=DIRECTION('',(0.E0,0.E0,1.E0));
#5325=VECTOR('',#5324,1.E0);
#5326=SURFACE_OF_LINEAR_EXTRUSION('',#5323,#5325);
#5327=ORIENTED_EDGE('',*,*,#4834,.F.);
#5328=ORIENTED_EDGE('',*,*,#4929,.F.);
#5330=ORIENTED_EDGE('',*,*,#5329,.F.);
#5331=ORIENTED_EDGE('',*,*,#5158,.F.);
#5332=ORIENTED_EDGE('',*,*,#5124,.T.);
#5333=EDGE_LOOP('',(#5327,#5328,#5330,#5331,#5332));
#5334=FACE_OUTER_BOUND('',#5333,.F.);
#5336=CARTESIAN_POINT('',(-2.218735898729E-1,-1.220878431373E1,
-3.198506732711E-1));
#5337=DIRECTION('',(-9.877381325081E-1,1.561197668117E-1,0.E0));
#5338=DIRECTION('',(-1.561197668117E-1,-9.877381325081E-1,0.E0));
#5339=AXIS2_PLACEMENT_3D('',#5336,#5337,#5338);
#5340=PLANE('',#5339);
#5341=ORIENTED_EDGE('',*,*,#5160,.T.);
#5342=ORIENTED_EDGE('',*,*,#5329,.T.);
#5343=ORIENTED_EDGE('',*,*,#4927,.F.);
#5344=ORIENTED_EDGE('',*,*,#5120,.F.);
#5345=EDGE_LOOP('',(#5341,#5342,#5343,#5344));
#5346=FACE_OUTER_BOUND('',#5345,.F.);
#5348=CARTESIAN_POINT('',(-1.007787358987E1,-1.2968E1,-3.198506732711E-1));
#5349=DIRECTION('',(9.811445283966E-1,-1.932754883511E-1,0.E0));
#5350=DIRECTION('',(1.932754883511E-1,9.811445283966E-1,0.E0));
#5351=AXIS2_PLACEMENT_3D('',#5348,#5349,#5350);
#5352=PLANE('',#5351);
#5353=ORIENTED_EDGE('',*,*,#5221,.T.);
#5355=ORIENTED_EDGE('',*,*,#5354,.T.);
#5356=ORIENTED_EDGE('',*,*,#4964,.F.);
#5358=ORIENTED_EDGE('',*,*,#5357,.F.);
#5359=EDGE_LOOP('',(#5353,#5355,#5356,#5358));
#5360=FACE_OUTER_BOUND('',#5359,.F.);
#5362=CARTESIAN_POINT('',(-9.887187439862E0,-1.2E1,-3.198506732711E-1));
#5363=DIRECTION('',(0.E0,-1.E0,0.E0));
#5364=DIRECTION('',(1.E0,0.E0,0.E0));
#5365=AXIS2_PLACEMENT_3D('',#5362,#5363,#5364);
#5366=PLANE('',#5365);
#5367=ORIENTED_EDGE('',*,*,#5239,.T.);
#5369=ORIENTED_EDGE('',*,*,#5368,.T.);
#5370=ORIENTED_EDGE('',*,*,#4966,.F.);
#5371=ORIENTED_EDGE('',*,*,#5354,.F.);
#5372=EDGE_LOOP('',(#5367,#5369,#5370,#5371));
#5373=FACE_OUTER_BOUND('',#5372,.F.);
#5375=CARTESIAN_POINT('',(-8.939187439862E0,-1.2E1,-3.198506732711E-1));
#5376=DIRECTION('',(-6.388215301809E-1,-7.693549587657E-1,0.E0));
#5377=DIRECTION('',(7.693549587657E-1,-6.388215301809E-1,0.E0));
#5378=AXIS2_PLACEMENT_3D('',#5375,#5376,#5377);
#5379=PLANE('',#5378);
#5380=ORIENTED_EDGE('',*,*,#5237,.T.);
#5382=ORIENTED_EDGE('',*,*,#5381,.T.);
#5383=ORIENTED_EDGE('',*,*,#4968,.F.);
#5384=ORIENTED_EDGE('',*,*,#5368,.F.);
#5385=EDGE_LOOP('',(#5380,#5382,#5383,#5384));
#5386=FACE_OUTER_BOUND('',#5385,.F.);
#5388=CARTESIAN_POINT('',(-8.271985996236E0,-1.2554E1,-3.198506732711E-1));
#5389=DIRECTION('',(9.811445283966E-1,-1.932754883511E-1,0.E0));
#5390=DIRECTION('',(1.932754883511E-1,9.811445283966E-1,0.E0));
#5391=AXIS2_PLACEMENT_3D('',#5388,#5389,#5390);
#5392=PLANE('',#5391);
#5393=ORIENTED_EDGE('',*,*,#5235,.T.);
#5395=ORIENTED_EDGE('',*,*,#5394,.T.);
#5396=ORIENTED_EDGE('',*,*,#4970,.F.);
#5397=ORIENTED_EDGE('',*,*,#5381,.F.);
#5398=EDGE_LOOP('',(#5393,#5395,#5396,#5397));
#5399=FACE_OUTER_BOUND('',#5398,.F.);
#5401=CARTESIAN_POINT('',(-8.162853633524E0,-1.2E1,-3.198506732711E-1));
#5402=DIRECTION('',(0.E0,-1.E0,0.E0));
#5403=DIRECTION('',(1.E0,0.E0,0.E0));
#5404=AXIS2_PLACEMENT_3D('',#5401,#5402,#5403);
#5405=PLANE('',#5404);
#5406=ORIENTED_EDGE('',*,*,#5233,.T.);
#5408=ORIENTED_EDGE('',*,*,#5407,.T.);
#5409=ORIENTED_EDGE('',*,*,#4972,.F.);
#5410=ORIENTED_EDGE('',*,*,#5394,.F.);
#5411=EDGE_LOOP('',(#5406,#5408,#5409,#5410));
#5412=FACE_OUTER_BOUND('',#5411,.F.);
#5414=CARTESIAN_POINT('',(-7.395853633524E0,-1.2E1,-3.198506732711E-1));
#5415=DIRECTION('',(-9.811445283966E-1,1.932754883511E-1,0.E0));
#5416=DIRECTION('',(-1.932754883511E-1,-9.811445283966E-1,0.E0));
#5417=AXIS2_PLACEMENT_3D('',#5414,#5415,#5416);
#5418=PLANE('',#5417);
#5419=ORIENTED_EDGE('',*,*,#5231,.T.);
#5421=ORIENTED_EDGE('',*,*,#5420,.T.);
#5422=ORIENTED_EDGE('',*,*,#4974,.F.);
#5423=ORIENTED_EDGE('',*,*,#5407,.F.);
#5424=EDGE_LOOP('',(#5419,#5421,#5422,#5423));
#5425=FACE_OUTER_BOUND('',#5424,.F.);
#5427=CARTESIAN_POINT('',(-7.586539783534E0,-1.2968E1,-3.198506732711E-1));
#5428=DIRECTION('',(0.E0,1.E0,0.E0));
#5429=DIRECTION('',(-1.E0,0.E0,0.E0));
#5430=AXIS2_PLACEMENT_3D('',#5427,#5428,#5429);
#5431=PLANE('',#5430);
#5432=ORIENTED_EDGE('',*,*,#5229,.T.);
#5434=ORIENTED_EDGE('',*,*,#5433,.T.);
#5435=ORIENTED_EDGE('',*,*,#4976,.F.);
#5436=ORIENTED_EDGE('',*,*,#5420,.F.);
#5437=EDGE_LOOP('',(#5432,#5434,#5435,#5436));
#5438=FACE_OUTER_BOUND('',#5437,.F.);
#5440=CARTESIAN_POINT('',(-8.476539783534E0,-1.2968E1,-3.198506732711E-1));
#5441=DIRECTION('',(6.091629032240E-1,7.930451168349E-1,0.E0));
#5442=DIRECTION('',(-7.930451168349E-1,6.091629032240E-1,0.E0));
#5443=AXIS2_PLACEMENT_3D('',#5440,#5441,#5442);
#5444=PLANE('',#5443);
#5445=ORIENTED_EDGE('',*,*,#5227,.T.);
#5447=ORIENTED_EDGE('',*,*,#5446,.T.);
#5448=ORIENTED_EDGE('',*,*,#4978,.F.);
#5449=ORIENTED_EDGE('',*,*,#5433,.F.);
#5450=EDGE_LOOP('',(#5445,#5447,#5448,#5449));
#5451=FACE_OUTER_BOUND('',#5450,.F.);
#5453=CARTESIAN_POINT('',(-9.219459391820E0,-1.239734007683E1,
-3.198506732711E-1));
#5454=DIRECTION('',(-9.811445283966E-1,1.932754883511E-1,0.E0));
#5455=DIRECTION('',(-1.932754883511E-1,-9.811445283966E-1,0.E0));
#5456=AXIS2_PLACEMENT_3D('',#5453,#5454,#5455);
#5457=PLANE('',#5456);
#5458=ORIENTED_EDGE('',*,*,#5225,.T.);
#5460=ORIENTED_EDGE('',*,*,#5459,.T.);
#5461=ORIENTED_EDGE('',*,*,#4980,.F.);
#5462=ORIENTED_EDGE('',*,*,#5446,.F.);
#5463=EDGE_LOOP('',(#5458,#5460,#5461,#5462));
#5464=FACE_OUTER_BOUND('',#5463,.F.);
#5466=CARTESIAN_POINT('',(-9.331873589873E0,-1.2968E1,-3.198506732711E-1));
#5467=DIRECTION('',(0.E0,1.E0,0.E0));
#5468=DIRECTION('',(-1.E0,0.E0,0.E0));
#5469=AXIS2_PLACEMENT_3D('',#5466,#5467,#5468);
#5470=PLANE('',#5469);
#5471=ORIENTED_EDGE('',*,*,#5223,.T.);
#5472=ORIENTED_EDGE('',*,*,#5357,.T.);
#5473=ORIENTED_EDGE('',*,*,#4982,.F.);
#5474=ORIENTED_EDGE('',*,*,#5459,.F.);
#5475=EDGE_LOOP('',(#5471,#5472,#5473,#5474));
#5476=FACE_OUTER_BOUND('',#5475,.F.);
#5478=CARTESIAN_POINT('',(-7.210148201272E0,-1.2968E1,-3.198506732711E-1));
#5479=DIRECTION('',(9.850521254027E-1,-1.722565245199E-1,0.E0));
#5480=DIRECTION('',(1.722565245199E-1,9.850521254027E-1,0.E0));
#5481=AXIS2_PLACEMENT_3D('',#5478,#5479,#5480);
#5482=PLANE('',#5481);
#5483=ORIENTED_EDGE('',*,*,#5243,.T.);
#5485=ORIENTED_EDGE('',*,*,#5484,.T.);
#5486=ORIENTED_EDGE('',*,*,#5004,.F.);
#5488=ORIENTED_EDGE('',*,*,#5487,.F.);
#5489=EDGE_LOOP('',(#5483,#5485,#5486,#5488));
#5490=FACE_OUTER_BOUND('',#5489,.F.);
#5492=CARTESIAN_POINT('',(-7.040873589873E0,-1.2E1,-3.198506732711E-1));
#5493=DIRECTION('',(0.E0,-1.E0,0.E0));
#5494=DIRECTION('',(1.E0,0.E0,0.E0));
#5495=AXIS2_PLACEMENT_3D('',#5492,#5493,#5494);
#5496=PLANE('',#5495);
#5497=ORIENTED_EDGE('',*,*,#5265,.T.);
#5499=ORIENTED_EDGE('',*,*,#5498,.T.);
#5500=ORIENTED_EDGE('',*,*,#5006,.F.);
#5501=ORIENTED_EDGE('',*,*,#5484,.F.);
#5502=EDGE_LOOP('',(#5497,#5499,#5500,#5501));
#5503=FACE_OUTER_BOUND('',#5502,.F.);
#5505=CARTESIAN_POINT('',(-5.316873589873E0,-1.2E1,-3.198506732711E-1));
#5506=DIRECTION('',(-9.850521254027E-1,1.722565245199E-1,0.E0));
#5507=DIRECTION('',(-1.722565245199E-1,-9.850521254027E-1,0.E0));
#5508=AXIS2_PLACEMENT_3D('',#5505,#5506,#5507);
#5509=PLANE('',#5508);
#5510=ORIENTED_EDGE('',*,*,#5263,.T.);
#5512=ORIENTED_EDGE('',*,*,#5511,.T.);
#5513=ORIENTED_EDGE('',*,*,#5008,.F.);
#5514=ORIENTED_EDGE('',*,*,#5498,.F.);
#5515=EDGE_LOOP('',(#5510,#5512,#5513,#5514));
#5516=FACE_OUTER_BOUND('',#5515,.F.);
#5518=CARTESIAN_POINT('',(-5.357009360086E0,-1.222951714522E1,
-3.198506732711E-1));
#5519=DIRECTION('',(0.E0,1.E0,0.E0));
#5520=DIRECTION('',(-1.E0,0.E0,0.E0));
#5521=AXIS2_PLACEMENT_3D('',#5518,#5519,#5520);
#5522=PLANE('',#5521);
#5523=ORIENTED_EDGE('',*,*,#5261,.T.);
#5525=ORIENTED_EDGE('',*,*,#5524,.T.);
#5526=ORIENTED_EDGE('',*,*,#5010,.F.);
#5527=ORIENTED_EDGE('',*,*,#5511,.F.);
#5528=EDGE_LOOP('',(#5523,#5525,#5526,#5527));
#5529=FACE_OUTER_BOUND('',#5528,.F.);
#5531=CARTESIAN_POINT('',(-6.449009360086E0,-1.222951714522E1,
-3.198506732711E-1));
#5532=DIRECTION('',(-9.850521254027E-1,1.722565245199E-1,0.E0));
#5533=DIRECTION('',(-1.722565245199E-1,-9.850521254027E-1,0.E0));
#5534=AXIS2_PLACEMENT_3D('',#5531,#5532,#5533);
#5535=PLANE('',#5534);
#5536=ORIENTED_EDGE('',*,*,#5259,.T.);
#5538=ORIENTED_EDGE('',*,*,#5537,.T.);
#5539=ORIENTED_EDGE('',*,*,#5012,.F.);
#5540=ORIENTED_EDGE('',*,*,#5524,.F.);
#5541=EDGE_LOOP('',(#5536,#5538,#5539,#5540));
#5542=FACE_OUTER_BOUND('',#5541,.F.);
#5544=CARTESIAN_POINT('',(-6.469507886504E0,-1.234673834814E1,
-3.198506732711E-1));
#5545=DIRECTION('',(0.E0,-1.E0,0.E0));
#5546=DIRECTION('',(1.E0,0.E0,0.E0));
#5547=AXIS2_PLACEMENT_3D('',#5544,#5545,#5546);
#5548=PLANE('',#5547);
#5549=ORIENTED_EDGE('',*,*,#5257,.T.);
#5551=ORIENTED_EDGE('',*,*,#5550,.T.);
#5552=ORIENTED_EDGE('',*,*,#5014,.F.);
#5553=ORIENTED_EDGE('',*,*,#5537,.F.);
#5554=EDGE_LOOP('',(#5549,#5551,#5552,#5553));
#5555=FACE_OUTER_BOUND('',#5554,.F.);
#5557=CARTESIAN_POINT('',(-5.584507886504E0,-1.234673834814E1,
-3.198506732711E-1));
#5558=DIRECTION('',(-9.850521254027E-1,1.722565245199E-1,0.E0));
#5559=DIRECTION('',(-1.722565245199E-1,-9.850521254027E-1,0.E0));
#5560=AXIS2_PLACEMENT_3D('',#5557,#5558,#5559);
#5561=PLANE('',#5560);
#5562=ORIENTED_EDGE('',*,*,#5255,.T.);
#5564=ORIENTED_EDGE('',*,*,#5563,.T.);
#5565=ORIENTED_EDGE('',*,*,#5016,.F.);
#5566=ORIENTED_EDGE('',*,*,#5550,.F.);
#5567=EDGE_LOOP('',(#5562,#5564,#5565,#5566));
#5568=FACE_OUTER_BOUND('',#5567,.F.);
#5570=CARTESIAN_POINT('',(-5.626710735011E0,-1.258807611887E1,
-3.198506732711E-1));
#5571=DIRECTION('',(0.E0,1.E0,0.E0));
#5572=DIRECTION('',(-1.E0,0.E0,0.E0));
#5573=AXIS2_PLACEMENT_3D('',#5570,#5571,#5572);
#5574=PLANE('',#5573);
#5575=ORIENTED_EDGE('',*,*,#5253,.T.);
#5577=ORIENTED_EDGE('',*,*,#5576,.T.);
#5578=ORIENTED_EDGE('',*,*,#5018,.F.);
#5579=ORIENTED_EDGE('',*,*,#5563,.F.);
#5580=EDGE_LOOP('',(#5575,#5577,#5578,#5579));
#5581=FACE_OUTER_BOUND('',#5580,.F.);
#5583=CARTESIAN_POINT('',(-6.511710735011E0,-1.258807611887E1,
-3.198506732711E-1));
#5584=DIRECTION('',(-9.850521254027E-1,1.722565245199E-1,0.E0));
#5585=DIRECTION('',(-1.722565245199E-1,-9.850521254027E-1,0.E0));
#5586=AXIS2_PLACEMENT_3D('',#5583,#5584,#5585);
#5587=PLANE('',#5586);
#5588=ORIENTED_EDGE('',*,*,#5251,.T.);
#5590=ORIENTED_EDGE('',*,*,#5589,.T.);
#5591=ORIENTED_EDGE('',*,*,#5020,.F.);
#5592=ORIENTED_EDGE('',*,*,#5576,.F.);
#5593=EDGE_LOOP('',(#5588,#5590,#5591,#5592));
#5594=FACE_OUTER_BOUND('',#5593,.F.);
#5596=CARTESIAN_POINT('',(-6.533878274470E0,-1.271484160377E1,
-3.198506732711E-1));
#5597=DIRECTION('',(0.E0,-1.E0,0.E0));
#5598=DIRECTION('',(1.E0,0.E0,0.E0));
#5599=AXIS2_PLACEMENT_3D('',#5596,#5597,#5598);
#5600=PLANE('',#5599);
#5601=ORIENTED_EDGE('',*,*,#5249,.T.);
#5603=ORIENTED_EDGE('',*,*,#5602,.T.);
#5604=ORIENTED_EDGE('',*,*,#5022,.F.);
#5605=ORIENTED_EDGE('',*,*,#5589,.F.);
#5606=EDGE_LOOP('',(#5601,#5603,#5604,#5605));
#5607=FACE_OUTER_BOUND('',#5606,.F.);
#5609=CARTESIAN_POINT('',(-5.387878274470E0,-1.271484160377E1,
-3.198506732711E-1));
#5610=DIRECTION('',(-9.850521254027E-1,1.722565245199E-1,0.E0));
#5611=DIRECTION('',(-1.722565245199E-1,-9.850521254027E-1,0.E0));
#5612=AXIS2_PLACEMENT_3D('',#5609,#5610,#5611);
#5613=PLANE('',#5612);
#5614=ORIENTED_EDGE('',*,*,#5247,.T.);
#5616=ORIENTED_EDGE('',*,*,#5615,.T.);
#5617=ORIENTED_EDGE('',*,*,#5024,.F.);
#5618=ORIENTED_EDGE('',*,*,#5602,.F.);
#5619=EDGE_LOOP('',(#5614,#5616,#5617,#5618));
#5620=FACE_OUTER_BOUND('',#5619,.F.);
#5622=CARTESIAN_POINT('',(-5.432148201272E0,-1.2968E1,-3.198506732711E-1));
#5623=DIRECTION('',(0.E0,1.E0,0.E0));
#5624=DIRECTION('',(-1.E0,0.E0,0.E0));
#5625=AXIS2_PLACEMENT_3D('',#5622,#5623,#5624);
#5626=PLANE('',#5625);
#5627=ORIENTED_EDGE('',*,*,#5245,.T.);
#5628=ORIENTED_EDGE('',*,*,#5487,.T.);
#5629=ORIENTED_EDGE('',*,*,#5026,.F.);
#5630=ORIENTED_EDGE('',*,*,#5615,.F.);
#5631=EDGE_LOOP('',(#5627,#5628,#5629,#5630));
#5632=FACE_OUTER_BOUND('',#5631,.F.);
#5634=CARTESIAN_POINT('',(-4.985873589873E0,-1.2E1,-3.198506732711E-1));
#5635=DIRECTION('',(0.E0,-1.E0,0.E0));
#5636=DIRECTION('',(1.E0,0.E0,0.E0));
#5637=AXIS2_PLACEMENT_3D('',#5634,#5635,#5636);
#5638=PLANE('',#5637);
#5639=ORIENTED_EDGE('',*,*,#5269,.T.);
#5641=ORIENTED_EDGE('',*,*,#5640,.T.);
#5642=ORIENTED_EDGE('',*,*,#5048,.F.);
#5644=ORIENTED_EDGE('',*,*,#5643,.F.);
#5645=EDGE_LOOP('',(#5639,#5641,#5642,#5644));
#5646=FACE_OUTER_BOUND('',#5645,.F.);
#5648=CARTESIAN_POINT('',(-4.364873589873E0,-1.2E1,-3.198506732711E-1));
#5649=DIRECTION('',(-9.835858585859E-1,1.804407348409E-1,0.E0));
#5650=DIRECTION('',(-1.804407348409E-1,-9.835858585859E-1,0.E0));
#5651=AXIS2_PLACEMENT_3D('',#5648,#5649,#5650);
#5652=PLANE('',#5651);
#5653=ORIENTED_EDGE('',*,*,#5287,.T.);
#5655=ORIENTED_EDGE('',*,*,#5654,.T.);
#5656=ORIENTED_EDGE('',*,*,#5050,.F.);
#5657=ORIENTED_EDGE('',*,*,#5640,.F.);
#5658=EDGE_LOOP('',(#5653,#5655,#5656,#5657));
#5659=FACE_OUTER_BOUND('',#5658,.F.);
#5661=CARTESIAN_POINT('',(-4.103873589873E0,-1.2772E1,-3.198506732711E-1));
#5662=CARTESIAN_POINT('',(-4.164387235336E0,-1.2772E1,-3.198506732711E-1));
#5663=CARTESIAN_POINT('',(-4.281938404401E0,-1.276910356971E1,
-3.198506732711E-1));
#5664=CARTESIAN_POINT('',(-4.429411522054E0,-1.274071703258E1,
-3.198506732711E-1));
#5665=CARTESIAN_POINT('',(-4.476431305819E0,-1.262862914922E1,
-3.198506732711E-1));
#5666=CARTESIAN_POINT('',(-4.459038027607E0,-1.251329213117E1,
-3.198506732711E-1));
#5667=CARTESIAN_POINT('',(-4.448118900951E0,-1.245377176524E1,
-3.198506732711E-1));
#5669=DIRECTION('',(0.E0,0.E0,1.E0));
#5670=VECTOR('',#5669,1.E0);
#5671=SURFACE_OF_LINEAR_EXTRUSION('',#5668,#5670);
#5672=ORIENTED_EDGE('',*,*,#5285,.T.);
#5674=ORIENTED_EDGE('',*,*,#5673,.T.);
#5675=ORIENTED_EDGE('',*,*,#5052,.F.);
#5676=ORIENTED_EDGE('',*,*,#5654,.F.);
#5677=EDGE_LOOP('',(#5672,#5674,#5675,#5676));
#5678=FACE_OUTER_BOUND('',#5677,.F.);
#5680=CARTESIAN_POINT('',(-3.652217409937E0,-1.243250466393E1,
-3.198506732711E-1));
#5681=CARTESIAN_POINT('',(-3.674307444571E0,-1.255291786054E1,
-3.198506732711E-1));
#5682=CARTESIAN_POINT('',(-3.716879881309E0,-1.272221147246E1,
-3.198506732711E-1));
#5683=CARTESIAN_POINT('',(-3.922794043188E0,-1.276893431137E1,
-3.198506732711E-1));
#5684=CARTESIAN_POINT('',(-4.042662260144E0,-1.2772E1,-3.198506732711E-1));
#5685=CARTESIAN_POINT('',(-4.103873589873E0,-1.2772E1,-3.198506732711E-1));
#5687=DIRECTION('',(0.E0,0.E0,1.E0));
#5688=VECTOR('',#5687,1.E0);
#5689=SURFACE_OF_LINEAR_EXTRUSION('',#5686,#5688);
#5690=ORIENTED_EDGE('',*,*,#5283,.T.);
#5692=ORIENTED_EDGE('',*,*,#5691,.T.);
#5693=ORIENTED_EDGE('',*,*,#5054,.F.);
#5694=ORIENTED_EDGE('',*,*,#5673,.F.);
#5695=EDGE_LOOP('',(#5690,#5692,#5693,#5694));
#5696=FACE_OUTER_BOUND('',#5695,.F.);
#5698=CARTESIAN_POINT('',(-3.652217409937E0,-1.243250466393E1,
-3.198506732711E-1));
#5699=DIRECTION('',(9.835858585859E-1,-1.804407348409E-1,0.E0));
#5700=DIRECTION('',(1.804407348409E-1,9.835858585859E-1,0.E0));
#5701=AXIS2_PLACEMENT_3D('',#5698,#5699,#5700);
#5702=PLANE('',#5701);
#5703=ORIENTED_EDGE('',*,*,#5281,.T.);
#5705=ORIENTED_EDGE('',*,*,#5704,.T.);
#5706=ORIENTED_EDGE('',*,*,#5056,.F.);
#5707=ORIENTED_EDGE('',*,*,#5691,.F.);
#5708=EDGE_LOOP('',(#5703,#5705,#5706,#5707));
#5709=FACE_OUTER_BOUND('',#5708,.F.);
#5711=CARTESIAN_POINT('',(-3.572873589873E0,-1.2E1,-3.198506732711E-1));
#5712=DIRECTION('',(0.E0,-1.E0,0.E0));
#5713=DIRECTION('',(1.E0,0.E0,0.E0));
#5714=AXIS2_PLACEMENT_3D('',#5711,#5712,#5713);
#5715=PLANE('',#5714);
#5716=ORIENTED_EDGE('',*,*,#5279,.T.);
#5718=ORIENTED_EDGE('',*,*,#5717,.T.);
#5719=ORIENTED_EDGE('',*,*,#5058,.F.);
#5720=ORIENTED_EDGE('',*,*,#5704,.F.);
#5721=EDGE_LOOP('',(#5716,#5718,#5719,#5720));
#5722=FACE_OUTER_BOUND('',#5721,.F.);
#5724=CARTESIAN_POINT('',(-2.952873589873E0,-1.2E1,-3.198506732711E-1));
#5725=DIRECTION('',(-9.831300494836E-1,1.829079161830E-1,0.E0));
#5726=DIRECTION('',(-1.829079161830E-1,-9.831300494836E-1,0.E0));
#5727=AXIS2_PLACEMENT_3D('',#5724,#5725,#5726);
#5728=PLANE('',#5727);
#5729=ORIENTED_EDGE('',*,*,#5277,.T.);
#5731=ORIENTED_EDGE('',*,*,#5730,.T.);
#5732=ORIENTED_EDGE('',*,*,#5060,.F.);
#5733=ORIENTED_EDGE('',*,*,#5717,.F.);
#5734=EDGE_LOOP('',(#5729,#5731,#5732,#5733));
#5735=FACE_OUTER_BOUND('',#5734,.F.);
#5737=CARTESIAN_POINT('',(-4.138148201273E0,-1.2968E1,-3.198506732711E-1));
#5738=CARTESIAN_POINT('',(-4.016070063760E0,-1.2968E1,-3.198506732711E-1));
#5739=CARTESIAN_POINT('',(-3.775394899135E0,-1.296381150728E1,
-3.198506732711E-1));
#5740=CARTESIAN_POINT('',(-3.437357650997E0,-1.292988451156E1,
-3.198506732711E-1));
#5741=CARTESIAN_POINT('',(-3.159283529334E0,-1.282380952583E1,
-3.198506732711E-1));
#5742=CARTESIAN_POINT('',(-3.071202647617E0,-1.263601868537E1,
-3.198506732711E-1));
#5743=CARTESIAN_POINT('',(-3.048873589873E0,-1.2516E1,-3.198506732711E-1));
#5745=DIRECTION('',(0.E0,0.E0,1.E0));
#5746=VECTOR('',#5745,1.E0);
#5747=SURFACE_OF_LINEAR_EXTRUSION('',#5744,#5746);
#5748=ORIENTED_EDGE('',*,*,#5275,.T.);
#5750=ORIENTED_EDGE('',*,*,#5749,.T.);
#5751=ORIENTED_EDGE('',*,*,#5062,.F.);
#5752=ORIENTED_EDGE('',*,*,#5730,.F.);
#5753=EDGE_LOOP('',(#5748,#5750,#5751,#5752));
#5754=FACE_OUTER_BOUND('',#5753,.F.);
#5756=CARTESIAN_POINT('',(-5.081873589873E0,-1.2516E1,-3.198506732711E-1));
#5757=CARTESIAN_POINT('',(-5.104547685472E0,-1.263787326384E1,
-3.198506732711E-1));
#5758=CARTESIAN_POINT('',(-5.083247772170E0,-1.282622769094E1,
-3.198506732711E-1));
#5759=CARTESIAN_POINT('',(-4.836683308874E0,-1.293039037076E1,
-3.198506732711E-1));
#5760=CARTESIAN_POINT('',(-4.505094718728E0,-1.296388840044E1,
-3.198506732711E-1));
#5761=CARTESIAN_POINT('',(-4.262112740762E0,-1.2968E1,-3.198506732711E-1));
#5762=CARTESIAN_POINT('',(-4.138148201273E0,-1.2968E1,-3.198506732711E-1));
#5764=DIRECTION('',(0.E0,0.E0,1.E0));
#5765=VECTOR('',#5764,1.E0);
#5766=SURFACE_OF_LINEAR_EXTRUSION('',#5763,#5765);
#5767=ORIENTED_EDGE('',*,*,#5273,.T.);
#5769=ORIENTED_EDGE('',*,*,#5768,.T.);
#5770=ORIENTED_EDGE('',*,*,#5064,.F.);
#5771=ORIENTED_EDGE('',*,*,#5749,.F.);
#5772=EDGE_LOOP('',(#5767,#5769,#5770,#5771));
#5773=FACE_OUTER_BOUND('',#5772,.F.);
#5775=CARTESIAN_POINT('',(-5.081873589873E0,-1.2516E1,-3.198506732711E-1));
#5776=DIRECTION('',(9.831300494836E-1,-1.829079161830E-1,0.E0));
#5777=DIRECTION('',(1.829079161830E-1,9.831300494836E-1,0.E0));
#5778=AXIS2_PLACEMENT_3D('',#5775,#5776,#5777);
#5779=PLANE('',#5778);
#5780=ORIENTED_EDGE('',*,*,#5271,.T.);
#5781=ORIENTED_EDGE('',*,*,#5643,.T.);
#5782=ORIENTED_EDGE('',*,*,#5066,.F.);
#5783=ORIENTED_EDGE('',*,*,#5768,.F.);
#5784=EDGE_LOOP('',(#5780,#5781,#5782,#5783));
#5785=FACE_OUTER_BOUND('',#5784,.F.);
#5787=CARTESIAN_POINT('',(-2.432767863001E0,-1.2968E1,-3.198506732711E-1));
#5788=DIRECTION('',(9.809116669700E-1,-1.944538546857E-1,0.E0));
#5789=DIRECTION('',(1.944538546857E-1,9.809116669700E-1,0.E0));
#5790=AXIS2_PLACEMENT_3D('',#5787,#5788,#5789);
#5791=PLANE('',#5790);
#5792=ORIENTED_EDGE('',*,*,#5291,.T.);
#5794=ORIENTED_EDGE('',*,*,#5793,.T.);
#5795=ORIENTED_EDGE('',*,*,#5088,.F.);
#5797=ORIENTED_EDGE('',*,*,#5796,.F.);
#5798=EDGE_LOOP('',(#5792,#5794,#5795,#5797));
#5799=FACE_OUTER_BOUND('',#5798,.F.);
#5801=CARTESIAN_POINT('',(-2.285873589873E0,-1.2227E1,-3.198506732711E-1));
#5802=DIRECTION('',(0.E0,1.E0,0.E0));
#5803=DIRECTION('',(-1.E0,0.E0,0.E0));
#5804=AXIS2_PLACEMENT_3D('',#5801,#5802,#5803);
#5805=PLANE('',#5804);
#5806=ORIENTED_EDGE('',*,*,#5305,.T.);
#5808=ORIENTED_EDGE('',*,*,#5807,.T.);
#5809=ORIENTED_EDGE('',*,*,#5090,.F.);
#5810=ORIENTED_EDGE('',*,*,#5793,.F.);
#5811=EDGE_LOOP('',(#5806,#5808,#5809,#5810));
#5812=FACE_OUTER_BOUND('',#5811,.F.);
#5814=CARTESIAN_POINT('',(-2.804873589873E0,-1.2227E1,-3.198506732711E-1));
#5815=DIRECTION('',(9.809116669700E-1,-1.944538546857E-1,0.E0));
#5816=DIRECTION('',(1.944538546857E-1,9.809116669700E-1,0.E0));
#5817=AXIS2_PLACEMENT_3D('',#5814,#5815,#5816);
#5818=PLANE('',#5817);
#5819=ORIENTED_EDGE('',*,*,#5303,.T.);
#5821=ORIENTED_EDGE('',*,*,#5820,.T.);
#5822=ORIENTED_EDGE('',*,*,#5092,.F.);
#5823=ORIENTED_EDGE('',*,*,#5807,.F.);
#5824=EDGE_LOOP('',(#5819,#5821,#5822,#5823));
#5825=FACE_OUTER_BOUND('',#5824,.F.);
#5827=CARTESIAN_POINT('',(-2.759873589873E0,-1.2E1,-3.198506732711E-1));
#5828=DIRECTION('',(0.E0,-1.E0,0.E0));
#5829=DIRECTION('',(1.E0,0.E0,0.E0));
#5830=AXIS2_PLACEMENT_3D('',#5827,#5828,#5829);
#5831=PLANE('',#5830);
#5832=ORIENTED_EDGE('',*,*,#5301,.T.);
#5834=ORIENTED_EDGE('',*,*,#5833,.T.);
#5835=ORIENTED_EDGE('',*,*,#5094,.F.);
#5836=ORIENTED_EDGE('',*,*,#5820,.F.);
#5837=EDGE_LOOP('',(#5832,#5834,#5835,#5836));
#5838=FACE_OUTER_BOUND('',#5837,.F.);
#5840=CARTESIAN_POINT('',(-1.091873589873E0,-1.2E1,-3.198506732711E-1));
#5841=DIRECTION('',(-9.809116669700E-1,1.944538546857E-1,0.E0));
#5842=DIRECTION('',(-1.944538546857E-1,-9.809116669700E-1,0.E0));
#5843=AXIS2_PLACEMENT_3D('',#5840,#5841,#5842);
#5844=PLANE('',#5843);
#5845=ORIENTED_EDGE('',*,*,#5299,.T.);
#5847=ORIENTED_EDGE('',*,*,#5846,.T.);
#5848=ORIENTED_EDGE('',*,*,#5096,.F.);
#5849=ORIENTED_EDGE('',*,*,#5833,.F.);
#5850=EDGE_LOOP('',(#5845,#5847,#5848,#5849));
#5851=FACE_OUTER_BOUND('',#5850,.F.);
#5853=CARTESIAN_POINT('',(-1.136873589873E0,-1.2227E1,-3.198506732711E-1));
#5854=DIRECTION('',(0.E0,1.E0,0.E0));
#5855=DIRECTION('',(-1.E0,0.E0,0.E0));
#5856=AXIS2_PLACEMENT_3D('',#5853,#5854,#5855);
#5857=PLANE('',#5856);
#5858=ORIENTED_EDGE('',*,*,#5297,.T.);
#5860=ORIENTED_EDGE('',*,*,#5859,.T.);
#5861=ORIENTED_EDGE('',*,*,#5098,.F.);
#5862=ORIENTED_EDGE('',*,*,#5846,.F.);
#5863=EDGE_LOOP('',(#5858,#5860,#5861,#5862));
#5864=FACE_OUTER_BOUND('',#5863,.F.);
#5866=CARTESIAN_POINT('',(-1.655873589873E0,-1.2227E1,-3.198506732711E-1));
#5867=DIRECTION('',(-9.809116669700E-1,1.944538546857E-1,0.E0));
#5868=DIRECTION('',(-1.944538546857E-1,-9.809116669700E-1,0.E0));
#5869=AXIS2_PLACEMENT_3D('',#5866,#5867,#5868);
#5870=PLANE('',#5869);
#5871=ORIENTED_EDGE('',*,*,#5295,.T.);
#5873=ORIENTED_EDGE('',*,*,#5872,.T.);
#5874=ORIENTED_EDGE('',*,*,#5100,.F.);
#5875=ORIENTED_EDGE('',*,*,#5859,.F.);
#5876=EDGE_LOOP('',(#5871,#5873,#5874,#5875));
#5877=FACE_OUTER_BOUND('',#5876,.F.);
#5879=CARTESIAN_POINT('',(-1.802767863001E0,-1.2968E1,-3.198506732711E-1));
#5880=DIRECTION('',(0.E0,1.E0,0.E0));
#5881=DIRECTION('',(-1.E0,0.E0,0.E0));
#5882=AXIS2_PLACEMENT_3D('',#5879,#5880,#5881);
#5883=PLANE('',#5882);
#5884=ORIENTED_EDGE('',*,*,#5293,.T.);
#5885=ORIENTED_EDGE('',*,*,#5796,.T.);
#5886=ORIENTED_EDGE('',*,*,#5102,.F.);
#5887=ORIENTED_EDGE('',*,*,#5872,.F.);
#5888=EDGE_LOOP('',(#5884,#5885,#5886,#5887));
#5889=FACE_OUTER_BOUND('',#5888,.F.);
#5891=CARTESIAN_POINT('',(-9.5E0,1.2E1,4.275E0));
#5892=DIRECTION('',(0.E0,0.E0,-1.E0));
#5893=DIRECTION('',(0.E0,-1.E0,0.E0));
#5894=AXIS2_PLACEMENT_3D('',#5891,#5892,#5893);
#5895=CYLINDRICAL_SURFACE('',#5894,3.E0);
#5897=ORIENTED_EDGE('',*,*,#5896,.T.);
#5898=ORIENTED_EDGE('',*,*,#5309,.F.);
#5900=ORIENTED_EDGE('',*,*,#5899,.F.);
#5902=ORIENTED_EDGE('',*,*,#5901,.F.);
#5903=EDGE_LOOP('',(#5897,#5898,#5900,#5902));
#5904=FACE_OUTER_BOUND('',#5903,.F.);
#5906=CARTESIAN_POINT('',(-9.5E0,1.2E1,4.275E0));
#5907=DIRECTION('',(0.E0,0.E0,-1.E0));
#5908=DIRECTION('',(0.E0,-1.E0,0.E0));
#5909=AXIS2_PLACEMENT_3D('',#5906,#5907,#5908);
#5910=CYLINDRICAL_SURFACE('',#5909,3.E0);
#5911=ORIENTED_EDGE('',*,*,#5896,.F.);
#5913=ORIENTED_EDGE('',*,*,#5912,.T.);
#5914=ORIENTED_EDGE('',*,*,#5899,.T.);
#5915=ORIENTED_EDGE('',*,*,#5311,.T.);
#5916=EDGE_LOOP('',(#5911,#5913,#5914,#5915));
#5917=FACE_OUTER_BOUND('',#5916,.F.);
#5919=CARTESIAN_POINT('',(-9.5E0,1.2E1,8.75E-1));
#5920=DIRECTION('',(0.E0,0.E0,1.E0));
#5921=DIRECTION('',(0.E0,1.E0,0.E0));
#5922=AXIS2_PLACEMENT_3D('',#5919,#5920,#5921);
#5923=CONICAL_SURFACE('',#5922,2.375E0,4.5E1);
#5925=ORIENTED_EDGE('',*,*,#5924,.T.);
#5927=ORIENTED_EDGE('',*,*,#5926,.T.);
#5929=ORIENTED_EDGE('',*,*,#5928,.T.);
#5930=ORIENTED_EDGE('',*,*,#5912,.F.);
#5932=ORIENTED_EDGE('',*,*,#5931,.F.);
#5933=EDGE_LOOP('',(#5925,#5927,#5929,#5930,#5932));
#5934=FACE_OUTER_BOUND('',#5933,.F.);
#5936=CARTESIAN_POINT('',(-9.5E0,1.2E1,4.7E0));
#5937=DIRECTION('',(0.E0,0.E0,1.E0));
#5938=DIRECTION('',(1.E0,0.E0,0.E0));
#5939=AXIS2_PLACEMENT_3D('',#5936,#5937,#5938);
#5940=CYLINDRICAL_SURFACE('',#5939,1.75E0);
#5942=ORIENTED_EDGE('',*,*,#5941,.F.);
#5944=ORIENTED_EDGE('',*,*,#5943,.T.);
#5945=ORIENTED_EDGE('',*,*,#3701,.T.);
#5947=ORIENTED_EDGE('',*,*,#5946,.F.);
#5948=ORIENTED_EDGE('',*,*,#5924,.F.);
#5949=EDGE_LOOP('',(#5942,#5944,#5945,#5947,#5948));
#5950=FACE_OUTER_BOUND('',#5949,.F.);
#5952=CARTESIAN_POINT('',(-9.5E0,1.2E1,8.75E-1));
#5953=DIRECTION('',(0.E0,0.E0,1.E0));
#5954=DIRECTION('',(0.E0,1.E0,0.E0));
#5955=AXIS2_PLACEMENT_3D('',#5952,#5953,#5954);
#5956=CONICAL_SURFACE('',#5955,2.375E0,4.5E1);
#5957=ORIENTED_EDGE('',*,*,#5941,.T.);
#5958=ORIENTED_EDGE('',*,*,#5931,.T.);
#5959=ORIENTED_EDGE('',*,*,#5901,.T.);
#5960=ORIENTED_EDGE('',*,*,#5928,.F.);
#5962=ORIENTED_EDGE('',*,*,#5961,.T.);
#5963=EDGE_LOOP('',(#5957,#5958,#5959,#5960,#5962));
#5964=FACE_OUTER_BOUND('',#5963,.F.);
#5966=CARTESIAN_POINT('',(-9.5E0,1.2E1,4.7E0));
#5967=DIRECTION('',(0.E0,0.E0,1.E0));
#5968=DIRECTION('',(1.E0,0.E0,0.E0));
#5969=AXIS2_PLACEMENT_3D('',#5966,#5967,#5968);
#5970=CYLINDRICAL_SURFACE('',#5969,1.75E0);
#5971=ORIENTED_EDGE('',*,*,#5961,.F.);
#5972=ORIENTED_EDGE('',*,*,#5926,.F.);
#5973=ORIENTED_EDGE('',*,*,#5946,.T.);
#5974=ORIENTED_EDGE('',*,*,#3703,.T.);
#5975=ORIENTED_EDGE('',*,*,#5943,.F.);
#5976=EDGE_LOOP('',(#5971,#5972,#5973,#5974,#5975));
#5977=FACE_OUTER_BOUND('',#5976,.F.);
#5979=CARTESIAN_POINT('',(0.E0,0.E0,-2.700804707802E-1));
#5980=DIRECTION('',(0.E0,0.E0,1.E0));
#5981=DIRECTION('',(1.E0,0.E0,0.E0));
#5982=AXIS2_PLACEMENT_3D('',#5979,#5980,#5981);
#5983=CYLINDRICAL_SURFACE('',#5982,1.E1);
#5985=ORIENTED_EDGE('',*,*,#5984,.T.);
#5987=ORIENTED_EDGE('',*,*,#5986,.T.);
#5989=ORIENTED_EDGE('',*,*,#5988,.F.);
#5990=ORIENTED_EDGE('',*,*,#5196,.F.);
#5991=ORIENTED_EDGE('',*,*,#4702,.T.);
#5993=ORIENTED_EDGE('',*,*,#5992,.T.);
#5994=EDGE_LOOP('',(#5985,#5987,#5989,#5990,#5991,#5993));
#5995=FACE_OUTER_BOUND('',#5994,.F.);
#5997=CARTESIAN_POINT('',(0.E0,0.E0,-1.173E2));
#5998=DIRECTION('',(0.E0,0.E0,-1.E0));
#5999=DIRECTION('',(0.E0,-1.E0,0.E0));
#6000=AXIS2_PLACEMENT_3D('',#5997,#5998,#5999);
#6001=SPHERICAL_SURFACE('',#6000,1.205E2);
#6003=ORIENTED_EDGE('',*,*,#6002,.F.);
#6005=ORIENTED_EDGE('',*,*,#6004,.T.);
#6006=ORIENTED_EDGE('',*,*,#5984,.F.);
#6008=ORIENTED_EDGE('',*,*,#6007,.F.);
#6009=EDGE_LOOP('',(#6003,#6005,#6006,#6008));
#6010=FACE_OUTER_BOUND('',#6009,.F.);
#6012=CARTESIAN_POINT('',(0.E0,0.E0,-1.173E2));
#6013=DIRECTION('',(0.E0,0.E0,-1.E0));
#6014=DIRECTION('',(0.E0,-1.E0,0.E0));
#6015=AXIS2_PLACEMENT_3D('',#6012,#6013,#6014);
#6016=SPHERICAL_SURFACE('',#6015,1.205E2);
#6018=ORIENTED_EDGE('',*,*,#6017,.F.);
#6020=ORIENTED_EDGE('',*,*,#6019,.F.);
#6022=ORIENTED_EDGE('',*,*,#6021,.F.);
#6024=ORIENTED_EDGE('',*,*,#6023,.T.);
#6026=ORIENTED_EDGE('',*,*,#6025,.F.);
#6028=ORIENTED_EDGE('',*,*,#6027,.T.);
#6030=ORIENTED_EDGE('',*,*,#6029,.F.);
#6032=ORIENTED_EDGE('',*,*,#6031,.T.);
#6034=ORIENTED_EDGE('',*,*,#6033,.T.);
#6036=ORIENTED_EDGE('',*,*,#6035,.T.);
#6037=EDGE_LOOP('',(#6018,#6020,#6022,#6024,#6026,#6028,#6030,#6032,#6034,
#6036));
#6038=FACE_OUTER_BOUND('',#6037,.F.);
#6040=ORIENTED_EDGE('',*,*,#6039,.F.);
#6042=ORIENTED_EDGE('',*,*,#6041,.T.);
#6044=ORIENTED_EDGE('',*,*,#6043,.F.);
#6046=ORIENTED_EDGE('',*,*,#6045,.T.);
#6048=ORIENTED_EDGE('',*,*,#6047,.T.);
#6050=ORIENTED_EDGE('',*,*,#6049,.T.);
#6052=ORIENTED_EDGE('',*,*,#6051,.F.);
#6053=EDGE_LOOP('',(#6040,#6042,#6044,#6046,#6048,#6050,#6052));
#6054=FACE_BOUND('',#6053,.F.);
#6056=CARTESIAN_POINT('',(0.E0,0.E0,-2.700804707802E-1));
#6057=DIRECTION('',(0.E0,0.E0,1.E0));
#6058=DIRECTION('',(1.E0,0.E0,0.E0));
#6059=AXIS2_PLACEMENT_3D('',#6056,#6057,#6058);
#6060=CYLINDRICAL_SURFACE('',#6059,8.3E0);
#6061=ORIENTED_EDGE('',*,*,#6002,.T.);
#6063=ORIENTED_EDGE('',*,*,#6062,.F.);
#6065=ORIENTED_EDGE('',*,*,#6064,.F.);
#6067=ORIENTED_EDGE('',*,*,#6066,.T.);
#6069=ORIENTED_EDGE('',*,*,#6068,.T.);
#6071=ORIENTED_EDGE('',*,*,#6070,.T.);
#6072=EDGE_LOOP('',(#6061,#6063,#6065,#6067,#6069,#6071));
#6073=FACE_OUTER_BOUND('',#6072,.F.);
#6075=CARTESIAN_POINT('',(0.E0,0.E0,-1.173E2));
#6076=DIRECTION('',(0.E0,0.E0,-1.E0));
#6077=DIRECTION('',(0.E0,-1.E0,0.E0));
#6078=AXIS2_PLACEMENT_3D('',#6075,#6076,#6077);
#6079=SPHERICAL_SURFACE('',#6078,1.205E2);
#6081=ORIENTED_EDGE('',*,*,#6080,.T.);
#6082=ORIENTED_EDGE('',*,*,#6062,.T.);
#6083=ORIENTED_EDGE('',*,*,#6007,.T.);
#6085=ORIENTED_EDGE('',*,*,#6084,.F.);
#6086=ORIENTED_EDGE('',*,*,#5986,.F.);
#6087=ORIENTED_EDGE('',*,*,#6004,.F.);
#6088=EDGE_LOOP('',(#6081,#6082,#6083,#6085,#6086,#6087));
#6089=FACE_OUTER_BOUND('',#6088,.F.);
#6091=CARTESIAN_POINT('',(0.E0,0.E0,-1.173E2));
#6092=DIRECTION('',(0.E0,0.E0,-1.E0));
#6093=DIRECTION('',(0.E0,-1.E0,0.E0));
#6094=AXIS2_PLACEMENT_3D('',#6091,#6092,#6093);
#6095=SPHERICAL_SURFACE('',#6094,1.205E2);
#6097=ORIENTED_EDGE('',*,*,#6096,.F.);
#6099=ORIENTED_EDGE('',*,*,#6098,.F.);
#6100=ORIENTED_EDGE('',*,*,#6035,.F.);
#6102=ORIENTED_EDGE('',*,*,#6101,.T.);
#6104=ORIENTED_EDGE('',*,*,#6103,.T.);
#6106=ORIENTED_EDGE('',*,*,#6105,.F.);
#6108=ORIENTED_EDGE('',*,*,#6107,.F.);
#6109=ORIENTED_EDGE('',*,*,#6019,.T.);
#6110=EDGE_LOOP('',(#6097,#6099,#6100,#6102,#6104,#6106,#6108,#6109));
#6111=FACE_OUTER_BOUND('',#6110,.F.);
#6113=ORIENTED_EDGE('',*,*,#6112,.T.);
#6115=ORIENTED_EDGE('',*,*,#6114,.F.);
#6117=ORIENTED_EDGE('',*,*,#6116,.F.);
#6119=ORIENTED_EDGE('',*,*,#6118,.T.);
#6121=ORIENTED_EDGE('',*,*,#6120,.F.);
#6123=ORIENTED_EDGE('',*,*,#6122,.T.);
#6125=ORIENTED_EDGE('',*,*,#6124,.T.);
#6126=EDGE_LOOP('',(#6113,#6115,#6117,#6119,#6121,#6123,#6125));
#6127=FACE_BOUND('',#6126,.F.);
#6129=CARTESIAN_POINT('',(0.E0,0.E0,-1.173E2));
#6130=DIRECTION('',(0.E0,0.E0,-1.E0));
#6131=DIRECTION('',(0.E0,-1.E0,0.E0));
#6132=AXIS2_PLACEMENT_3D('',#6129,#6130,#6131);
#6133=SPHERICAL_SURFACE('',#6132,1.205E2);
#6135=ORIENTED_EDGE('',*,*,#6134,.F.);
#6137=ORIENTED_EDGE('',*,*,#6136,.F.);
#6138=ORIENTED_EDGE('',*,*,#6027,.F.);
#6139=EDGE_LOOP('',(#6135,#6137,#6138));
#6140=FACE_OUTER_BOUND('',#6139,.F.);
#6142=CARTESIAN_POINT('',(0.E0,0.E0,-2.700804707802E-1));
#6143=DIRECTION('',(0.E0,0.E0,1.E0));
#6144=DIRECTION('',(1.E0,0.E0,0.E0));
#6145=AXIS2_PLACEMENT_3D('',#6142,#6143,#6144);
#6146=CYLINDRICAL_SURFACE('',#6145,8.3E0);
#6148=ORIENTED_EDGE('',*,*,#6147,.T.);
#6149=ORIENTED_EDGE('',*,*,#6064,.T.);
#6150=ORIENTED_EDGE('',*,*,#6080,.F.);
#6151=ORIENTED_EDGE('',*,*,#6070,.F.);
#6152=EDGE_LOOP('',(#6148,#6149,#6150,#6151));
#6153=FACE_OUTER_BOUND('',#6152,.F.);
#6155=CARTESIAN_POINT('',(0.E0,0.E0,-1.173E2));
#6156=DIRECTION('',(0.E0,0.E0,-1.E0));
#6157=DIRECTION('',(0.E0,-1.E0,0.E0));
#6158=AXIS2_PLACEMENT_3D('',#6155,#6156,#6157);
#6159=SPHERICAL_SURFACE('',#6158,1.2E2);
#6160=ORIENTED_EDGE('',*,*,#6147,.F.);
#6162=ORIENTED_EDGE('',*,*,#6161,.F.);
#6164=ORIENTED_EDGE('',*,*,#6163,.T.);
#6166=ORIENTED_EDGE('',*,*,#6165,.T.);
#6168=ORIENTED_EDGE('',*,*,#6167,.T.);
#6169=ORIENTED_EDGE('',*,*,#6066,.F.);
#6170=EDGE_LOOP('',(#6160,#6162,#6164,#6166,#6168,#6169));
#6171=FACE_OUTER_BOUND('',#6170,.F.);
#6173=CARTESIAN_POINT('',(0.E0,0.E0,-1.173E2));
#6174=DIRECTION('',(0.E0,0.E0,-1.E0));
#6175=DIRECTION('',(0.E0,-1.E0,0.E0));
#6176=AXIS2_PLACEMENT_3D('',#6173,#6174,#6175);
#6177=SPHERICAL_SURFACE('',#6176,1.2E2);
#6179=ORIENTED_EDGE('',*,*,#6178,.T.);
#6181=ORIENTED_EDGE('',*,*,#6180,.F.);
#6183=ORIENTED_EDGE('',*,*,#6182,.T.);
#6185=ORIENTED_EDGE('',*,*,#6184,.T.);
#6187=ORIENTED_EDGE('',*,*,#6186,.T.);
#6189=ORIENTED_EDGE('',*,*,#6188,.F.);
#6191=ORIENTED_EDGE('',*,*,#6190,.F.);
#6193=ORIENTED_EDGE('',*,*,#6192,.F.);
#6195=ORIENTED_EDGE('',*,*,#6194,.T.);
#6196=EDGE_LOOP('',(#6179,#6181,#6183,#6185,#6187,#6189,#6191,#6193,#6195));
#6197=FACE_OUTER_BOUND('',#6196,.F.);
#6199=CARTESIAN_POINT('',(0.E0,0.E0,-1.173E2));
#6200=DIRECTION('',(0.E0,0.E0,-1.E0));
#6201=DIRECTION('',(0.E0,-1.E0,0.E0));
#6202=AXIS2_PLACEMENT_3D('',#6199,#6200,#6201);
#6203=SPHERICAL_SURFACE('',#6202,1.2E2);
#6205=ORIENTED_EDGE('',*,*,#6204,.F.);
#6207=ORIENTED_EDGE('',*,*,#6206,.F.);
#6209=ORIENTED_EDGE('',*,*,#6208,.F.);
#6211=ORIENTED_EDGE('',*,*,#6210,.T.);
#6213=ORIENTED_EDGE('',*,*,#6212,.F.);
#6215=ORIENTED_EDGE('',*,*,#6214,.T.);
#6217=ORIENTED_EDGE('',*,*,#6216,.T.);
#6218=EDGE_LOOP('',(#6205,#6207,#6209,#6211,#6213,#6215,#6217));
#6219=FACE_OUTER_BOUND('',#6218,.F.);
#6221=CARTESIAN_POINT('',(0.E0,0.E0,-1.173E2));
#6222=DIRECTION('',(0.E0,0.E0,-1.E0));
#6223=DIRECTION('',(0.E0,-1.E0,0.E0));
#6224=AXIS2_PLACEMENT_3D('',#6221,#6222,#6223);
#6225=SPHERICAL_SURFACE('',#6224,1.2E2);
#6226=ORIENTED_EDGE('',*,*,#6068,.F.);
#6227=ORIENTED_EDGE('',*,*,#6167,.F.);
#6229=ORIENTED_EDGE('',*,*,#6228,.F.);
#6230=ORIENTED_EDGE('',*,*,#6161,.T.);
#6231=EDGE_LOOP('',(#6226,#6227,#6229,#6230));
#6232=FACE_OUTER_BOUND('',#6231,.F.);
#6234=CARTESIAN_POINT('',(0.E0,0.E0,-1.173E2));
#6235=DIRECTION('',(0.E0,0.E0,-1.E0));
#6236=DIRECTION('',(0.E0,-1.E0,0.E0));
#6237=AXIS2_PLACEMENT_3D('',#6234,#6235,#6236);
#6238=SPHERICAL_SURFACE('',#6237,1.2E2);
#6240=ORIENTED_EDGE('',*,*,#6239,.F.);
#6242=ORIENTED_EDGE('',*,*,#6241,.T.);
#6243=ORIENTED_EDGE('',*,*,#6182,.F.);
#6244=ORIENTED_EDGE('',*,*,#6180,.T.);
#6246=ORIENTED_EDGE('',*,*,#6245,.T.);
#6247=EDGE_LOOP('',(#6240,#6242,#6243,#6244,#6246));
#6248=FACE_OUTER_BOUND('',#6247,.F.);
#6250=CARTESIAN_POINT('',(0.E0,0.E0,-1.173E2));
#6251=DIRECTION('',(0.E0,0.E0,-1.E0));
#6252=DIRECTION('',(0.E0,-1.E0,0.E0));
#6253=AXIS2_PLACEMENT_3D('',#6250,#6251,#6252);
#6254=SPHERICAL_SURFACE('',#6253,1.2E2);
#6256=ORIENTED_EDGE('',*,*,#6255,.T.);
#6257=ORIENTED_EDGE('',*,*,#6192,.T.);
#6259=ORIENTED_EDGE('',*,*,#6258,.F.);
#6261=ORIENTED_EDGE('',*,*,#6260,.F.);
#6262=EDGE_LOOP('',(#6256,#6257,#6259,#6261));
#6263=FACE_OUTER_BOUND('',#6262,.F.);
#6265=CARTESIAN_POINT('',(0.E0,0.E0,-1.173E2));
#6266=DIRECTION('',(0.E0,0.E0,-1.E0));
#6267=DIRECTION('',(0.E0,-1.E0,0.E0));
#6268=AXIS2_PLACEMENT_3D('',#6265,#6266,#6267);
#6269=SPHERICAL_SURFACE('',#6268,1.2E2);
#6271=ORIENTED_EDGE('',*,*,#6270,.T.);
#6273=ORIENTED_EDGE('',*,*,#6272,.T.);
#6275=ORIENTED_EDGE('',*,*,#6274,.F.);
#6277=ORIENTED_EDGE('',*,*,#6276,.F.);
#6279=ORIENTED_EDGE('',*,*,#6278,.F.);
#6281=ORIENTED_EDGE('',*,*,#6280,.T.);
#6283=ORIENTED_EDGE('',*,*,#6282,.F.);
#6284=EDGE_LOOP('',(#6271,#6273,#6275,#6277,#6279,#6281,#6283));
#6285=FACE_OUTER_BOUND('',#6284,.F.);
#6287=CARTESIAN_POINT('',(0.E0,0.E0,-2.700804707802E-1));
#6288=DIRECTION('',(0.E0,0.E0,1.E0));
#6289=DIRECTION('',(1.E0,0.E0,0.E0));
#6290=AXIS2_PLACEMENT_3D('',#6287,#6288,#6289);
#6291=CYLINDRICAL_SURFACE('',#6290,7.1E0);
#6292=ORIENTED_EDGE('',*,*,#6017,.T.);
#6293=ORIENTED_EDGE('',*,*,#6098,.T.);
#6295=ORIENTED_EDGE('',*,*,#6294,.F.);
#6296=ORIENTED_EDGE('',*,*,#6163,.F.);
#6297=ORIENTED_EDGE('',*,*,#6228,.T.);
#6299=ORIENTED_EDGE('',*,*,#6298,.T.);
#6300=EDGE_LOOP('',(#6292,#6293,#6295,#6296,#6297,#6299));
#6301=FACE_OUTER_BOUND('',#6300,.F.);
#6303=CARTESIAN_POINT('',(0.E0,0.E0,-2.700804707802E-1));
#6304=DIRECTION('',(0.E0,0.E0,1.E0));
#6305=DIRECTION('',(1.E0,0.E0,0.E0));
#6306=AXIS2_PLACEMENT_3D('',#6303,#6304,#6305);
#6307=CYLINDRICAL_SURFACE('',#6306,7.1E0);
#6308=ORIENTED_EDGE('',*,*,#6165,.F.);
#6309=ORIENTED_EDGE('',*,*,#6294,.T.);
#6310=ORIENTED_EDGE('',*,*,#6096,.T.);
#6311=ORIENTED_EDGE('',*,*,#6298,.F.);
#6312=EDGE_LOOP('',(#6308,#6309,#6310,#6311));
#6313=FACE_OUTER_BOUND('',#6312,.F.);
#6315=CARTESIAN_POINT('',(2.5E0,-4.330127018922E0,-2.700804707802E-1));
#6316=DIRECTION('',(0.E0,0.E0,1.E0));
#6317=DIRECTION('',(1.E0,0.E0,0.E0));
#6318=AXIS2_PLACEMENT_3D('',#6315,#6316,#6317);
#6319=CYLINDRICAL_SURFACE('',#6318,6.E-1);
#6320=ORIENTED_EDGE('',*,*,#6239,.T.);
#6322=ORIENTED_EDGE('',*,*,#6321,.T.);
#6323=ORIENTED_EDGE('',*,*,#6023,.F.);
#6325=ORIENTED_EDGE('',*,*,#6324,.F.);
#6326=EDGE_LOOP('',(#6320,#6322,#6323,#6325));
#6327=FACE_OUTER_BOUND('',#6326,.F.);
#6329=CARTESIAN_POINT('',(3.019615242271E0,-4.030127018922E0,
-2.700804707802E-1));
#6330=DIRECTION('',(8.660254037844E-1,5.E-1,0.E0));
#6331=DIRECTION('',(-5.E-1,8.660254037844E-1,0.E0));
#6332=AXIS2_PLACEMENT_3D('',#6329,#6330,#6331);
#6333=PLANE('',#6332);
#6334=ORIENTED_EDGE('',*,*,#6245,.F.);
#6335=ORIENTED_EDGE('',*,*,#6178,.F.);
#6337=ORIENTED_EDGE('',*,*,#6336,.T.);
#6338=ORIENTED_EDGE('',*,*,#6134,.T.);
#6339=ORIENTED_EDGE('',*,*,#6025,.T.);
#6340=ORIENTED_EDGE('',*,*,#6321,.F.);
#6341=EDGE_LOOP('',(#6334,#6335,#6337,#6338,#6339,#6340));
#6342=FACE_OUTER_BOUND('',#6341,.F.);
#6344=CARTESIAN_POINT('',(0.E0,0.E0,-2.700804707802E-1));
#6345=DIRECTION('',(0.E0,0.E0,1.E0));
#6346=DIRECTION('',(1.E0,0.E0,0.E0));
#6347=AXIS2_PLACEMENT_3D('',#6344,#6345,#6346);
#6348=CYLINDRICAL_SURFACE('',#6347,4.4E0);
#6349=ORIENTED_EDGE('',*,*,#6029,.T.);
#6350=ORIENTED_EDGE('',*,*,#6136,.T.);
#6351=ORIENTED_EDGE('',*,*,#6336,.F.);
#6352=ORIENTED_EDGE('',*,*,#6194,.F.);
#6353=ORIENTED_EDGE('',*,*,#6255,.F.);
#6355=ORIENTED_EDGE('',*,*,#6354,.T.);
#6356=EDGE_LOOP('',(#6349,#6350,#6351,#6352,#6353,#6355));
#6357=FACE_OUTER_BOUND('',#6356,.F.);
#6359=CARTESIAN_POINT('',(1.744974835125E-1,4.996954135095E0,
-2.700804707802E-1));
#6360=DIRECTION('',(0.E0,0.E0,1.E0));
#6361=DIRECTION('',(1.E0,0.E0,0.E0));
#6362=AXIS2_PLACEMENT_3D('',#6359,#6360,#6361);
#6363=CYLINDRICAL_SURFACE('',#6362,6.E-1);
#6364=ORIENTED_EDGE('',*,*,#6260,.T.);
#6366=ORIENTED_EDGE('',*,*,#6365,.T.);
#6367=ORIENTED_EDGE('',*,*,#6031,.F.);
#6368=ORIENTED_EDGE('',*,*,#6354,.F.);
#6369=EDGE_LOOP('',(#6364,#6366,#6367,#6368));
#6370=FACE_OUTER_BOUND('',#6369,.F.);
#6372=CARTESIAN_POINT('',(0.E0,0.E0,-2.700804707802E-1));
#6373=DIRECTION('',(0.E0,0.E0,1.E0));
#6374=DIRECTION('',(1.E0,0.E0,0.E0));
#6375=AXIS2_PLACEMENT_3D('',#6372,#6373,#6374);
#6376=CYLINDRICAL_SURFACE('',#6375,5.6E0);
#6377=ORIENTED_EDGE('',*,*,#6258,.T.);
#6378=ORIENTED_EDGE('',*,*,#6190,.T.);
#6380=ORIENTED_EDGE('',*,*,#6379,.T.);
#6381=ORIENTED_EDGE('',*,*,#6101,.F.);
#6382=ORIENTED_EDGE('',*,*,#6033,.F.);
#6383=ORIENTED_EDGE('',*,*,#6365,.F.);
#6384=EDGE_LOOP('',(#6377,#6378,#6380,#6381,#6382,#6383));
#6385=FACE_OUTER_BOUND('',#6384,.F.);
#6387=CARTESIAN_POINT('',(-4.414737964295E0,2.347357813929E0,
-2.700804707802E-1));
#6388=DIRECTION('',(0.E0,0.E0,1.E0));
#6389=DIRECTION('',(1.E0,0.E0,0.E0));
#6390=AXIS2_PLACEMENT_3D('',#6387,#6388,#6389);
#6391=CYLINDRICAL_SURFACE('',#6390,6.E-1);
#6392=ORIENTED_EDGE('',*,*,#6188,.T.);
#6394=ORIENTED_EDGE('',*,*,#6393,.T.);
#6395=ORIENTED_EDGE('',*,*,#6103,.F.);
#6396=ORIENTED_EDGE('',*,*,#6379,.F.);
#6397=EDGE_LOOP('',(#6392,#6394,#6395,#6396));
#6398=FACE_OUTER_BOUND('',#6397,.F.);
#6400=CARTESIAN_POINT('',(0.E0,0.E0,-2.700804707802E-1));
#6401=DIRECTION('',(0.E0,0.E0,1.E0));
#6402=DIRECTION('',(1.E0,0.E0,0.E0));
#6403=AXIS2_PLACEMENT_3D('',#6400,#6401,#6402);
#6404=CYLINDRICAL_SURFACE('',#6403,4.4E0);
#6405=ORIENTED_EDGE('',*,*,#6186,.F.);
#6407=ORIENTED_EDGE('',*,*,#6406,.T.);
#6408=ORIENTED_EDGE('',*,*,#6105,.T.);
#6409=ORIENTED_EDGE('',*,*,#6393,.F.);
#6410=EDGE_LOOP('',(#6405,#6407,#6408,#6409));
#6411=FACE_OUTER_BOUND('',#6410,.F.);
#6413=CARTESIAN_POINT('',(-2.699064714041E0,3.474917217635E0,
-2.700804707802E-1));
#6414=DIRECTION('',(-8.660254037844E-1,-5.E-1,0.E0));
#6415=DIRECTION('',(5.E-1,-8.660254037844E-1,0.E0));
#6416=AXIS2_PLACEMENT_3D('',#6413,#6414,#6415);
#6417=PLANE('',#6416);
#6418=ORIENTED_EDGE('',*,*,#6021,.T.);
#6419=ORIENTED_EDGE('',*,*,#6107,.T.);
#6420=ORIENTED_EDGE('',*,*,#6406,.F.);
#6421=ORIENTED_EDGE('',*,*,#6184,.F.);
#6422=ORIENTED_EDGE('',*,*,#6241,.F.);
#6423=ORIENTED_EDGE('',*,*,#6324,.T.);
#6424=EDGE_LOOP('',(#6418,#6419,#6420,#6421,#6422,#6423));
#6425=FACE_OUTER_BOUND('',#6424,.F.);
#6427=CARTESIAN_POINT('',(4.397737517009E0,1.410841291136E-1,
-2.700804707802E-1));
#6428=DIRECTION('',(1.045284632677E-1,9.945218953683E-1,0.E0));
#6429=DIRECTION('',(-9.945218953683E-1,1.045284632677E-1,0.E0));
#6430=AXIS2_PLACEMENT_3D('',#6427,#6428,#6429);
#6431=PLANE('',#6430);
#6432=ORIENTED_EDGE('',*,*,#6270,.F.);
#6434=ORIENTED_EDGE('',*,*,#6433,.T.);
#6435=ORIENTED_EDGE('',*,*,#6039,.T.);
#6437=ORIENTED_EDGE('',*,*,#6436,.F.);
#6438=EDGE_LOOP('',(#6432,#6434,#6435,#6437));
#6439=FACE_OUTER_BOUND('',#6438,.F.);
#6441=CARTESIAN_POINT('',(2.486304738421E0,-2.613211581691E-1,
-2.700804707802E-1));
#6442=DIRECTION('',(0.E0,0.E0,1.E0));
#6443=DIRECTION('',(1.E0,0.E0,0.E0));
#6444=AXIS2_PLACEMENT_3D('',#6441,#6442,#6443);
#6445=CYLINDRICAL_SURFACE('',#6444,6.E-1);
#6446=ORIENTED_EDGE('',*,*,#6282,.T.);
#6448=ORIENTED_EDGE('',*,*,#6447,.T.);
#6449=ORIENTED_EDGE('',*,*,#6041,.F.);
#6450=ORIENTED_EDGE('',*,*,#6433,.F.);
#6451=EDGE_LOOP('',(#6446,#6448,#6449,#6450));
#6452=FACE_OUTER_BOUND('',#6451,.F.);
#6454=CARTESIAN_POINT('',(2.423587660460E0,-8.580342953901E-1,
-2.700804707802E-1));
#6455=DIRECTION('',(-1.045284632677E-1,-9.945218953683E-1,0.E0));
#6456=DIRECTION('',(9.945218953683E-1,-1.045284632677E-1,0.E0));
#6457=AXIS2_PLACEMENT_3D('',#6454,#6455,#6456);
#6458=PLANE('',#6457);
#6459=ORIENTED_EDGE('',*,*,#6280,.F.);
#6461=ORIENTED_EDGE('',*,*,#6460,.T.);
#6462=ORIENTED_EDGE('',*,*,#6043,.T.);
#6463=ORIENTED_EDGE('',*,*,#6447,.F.);
#6464=EDGE_LOOP('',(#6459,#6461,#6462,#6463));
#6465=FACE_OUTER_BOUND('',#6464,.F.);
#6467=CARTESIAN_POINT('',(4.972609476841E0,-5.226423163383E-1,
-2.700804707802E-1));
#6468=DIRECTION('',(0.E0,0.E0,1.E0));
#6469=DIRECTION('',(1.E0,0.E0,0.E0));
#6470=AXIS2_PLACEMENT_3D('',#6467,#6468,#6469);
#6471=CYLINDRICAL_SURFACE('',#6470,6.E-1);
#6472=ORIENTED_EDGE('',*,*,#6278,.T.);
#6474=ORIENTED_EDGE('',*,*,#6473,.T.);
#6475=ORIENTED_EDGE('',*,*,#6045,.F.);
#6476=ORIENTED_EDGE('',*,*,#6460,.F.);
#6477=EDGE_LOOP('',(#6472,#6474,#6475,#6476));
#6478=FACE_OUTER_BOUND('',#6477,.F.);
#6480=CARTESIAN_POINT('',(0.E0,0.E0,-2.700804707802E-1));
#6481=DIRECTION('',(0.E0,0.E0,1.E0));
#6482=DIRECTION('',(1.E0,0.E0,0.E0));
#6483=AXIS2_PLACEMENT_3D('',#6480,#6481,#6482);
#6484=CYLINDRICAL_SURFACE('',#6483,5.6E0);
#6485=ORIENTED_EDGE('',*,*,#6276,.T.);
#6487=ORIENTED_EDGE('',*,*,#6486,.T.);
#6488=ORIENTED_EDGE('',*,*,#6047,.F.);
#6489=ORIENTED_EDGE('',*,*,#6473,.F.);
#6490=EDGE_LOOP('',(#6485,#6487,#6488,#6489));
#6491=FACE_OUTER_BOUND('',#6490,.F.);
#6493=CARTESIAN_POINT('',(2.033683215379E0,4.567727288213E0,
-2.700804707802E-1));
#6494=DIRECTION('',(0.E0,0.E0,1.E0));
#6495=DIRECTION('',(1.E0,0.E0,0.E0));
#6496=AXIS2_PLACEMENT_3D('',#6493,#6494,#6495);
#6497=CYLINDRICAL_SURFACE('',#6496,6.E-1);
#6498=ORIENTED_EDGE('',*,*,#6274,.T.);
#6500=ORIENTED_EDGE('',*,*,#6499,.T.);
#6501=ORIENTED_EDGE('',*,*,#6049,.F.);
#6502=ORIENTED_EDGE('',*,*,#6486,.F.);
#6503=EDGE_LOOP('',(#6498,#6500,#6501,#6502));
#6504=FACE_OUTER_BOUND('',#6503,.F.);
#6506=CARTESIAN_POINT('',(0.E0,0.E0,-2.700804707802E-1));
#6507=DIRECTION('',(0.E0,0.E0,1.E0));
#6508=DIRECTION('',(1.E0,0.E0,0.E0));
#6509=AXIS2_PLACEMENT_3D('',#6506,#6507,#6508);
#6510=CYLINDRICAL_SURFACE('',#6509,4.4E0);
#6511=ORIENTED_EDGE('',*,*,#6272,.F.);
#6512=ORIENTED_EDGE('',*,*,#6436,.T.);
#6513=ORIENTED_EDGE('',*,*,#6051,.T.);
#6514=ORIENTED_EDGE('',*,*,#6499,.F.);
#6515=EDGE_LOOP('',(#6511,#6512,#6513,#6514));
#6516=FACE_OUTER_BOUND('',#6515,.F.);
#6518=CARTESIAN_POINT('',(-2.033683215379E0,-4.567727288213E0,
-2.700804707802E-1));
#6519=DIRECTION('',(0.E0,0.E0,1.E0));
#6520=DIRECTION('',(1.E0,0.E0,0.E0));
#6521=AXIS2_PLACEMENT_3D('',#6518,#6519,#6520);
#6522=CYLINDRICAL_SURFACE('',#6521,6.E-1);
#6523=ORIENTED_EDGE('',*,*,#6204,.T.);
#6525=ORIENTED_EDGE('',*,*,#6524,.T.);
#6526=ORIENTED_EDGE('',*,*,#6112,.F.);
#6528=ORIENTED_EDGE('',*,*,#6527,.F.);
#6529=EDGE_LOOP('',(#6523,#6525,#6526,#6528));
#6530=FACE_OUTER_BOUND('',#6529,.F.);
#6532=CARTESIAN_POINT('',(0.E0,0.E0,-2.700804707802E-1));
#6533=DIRECTION('',(0.E0,0.E0,1.E0));
#6534=DIRECTION('',(1.E0,0.E0,0.E0));
#6535=AXIS2_PLACEMENT_3D('',#6532,#6533,#6534);
#6536=CYLINDRICAL_SURFACE('',#6535,4.4E0);
#6537=ORIENTED_EDGE('',*,*,#6216,.F.);
#6539=ORIENTED_EDGE('',*,*,#6538,.T.);
#6540=ORIENTED_EDGE('',*,*,#6114,.T.);
#6541=ORIENTED_EDGE('',*,*,#6524,.F.);
#6542=EDGE_LOOP('',(#6537,#6539,#6540,#6541));
#6543=FACE_OUTER_BOUND('',#6542,.F.);
#6545=CARTESIAN_POINT('',(-4.397737517009E0,-1.410841291137E-1,
-2.700804707802E-1));
#6546=DIRECTION('',(-1.045284632677E-1,-9.945218953683E-1,0.E0));
#6547=DIRECTION('',(9.945218953683E-1,-1.045284632677E-1,0.E0));
#6548=AXIS2_PLACEMENT_3D('',#6545,#6546,#6547);
#6549=PLANE('',#6548);
#6550=ORIENTED_EDGE('',*,*,#6214,.F.);
#6552=ORIENTED_EDGE('',*,*,#6551,.T.);
#6553=ORIENTED_EDGE('',*,*,#6116,.T.);
#6554=ORIENTED_EDGE('',*,*,#6538,.F.);
#6555=EDGE_LOOP('',(#6550,#6552,#6553,#6554));
#6556=FACE_OUTER_BOUND('',#6555,.F.);
#6558=CARTESIAN_POINT('',(-2.486304738421E0,2.613211581691E-1,
-2.700804707802E-1));
#6559=DIRECTION('',(0.E0,0.E0,1.E0));
#6560=DIRECTION('',(1.E0,0.E0,0.E0));
#6561=AXIS2_PLACEMENT_3D('',#6558,#6559,#6560);
#6562=CYLINDRICAL_SURFACE('',#6561,6.E-1);
#6563=ORIENTED_EDGE('',*,*,#6212,.T.);
#6565=ORIENTED_EDGE('',*,*,#6564,.T.);
#6566=ORIENTED_EDGE('',*,*,#6118,.F.);
#6567=ORIENTED_EDGE('',*,*,#6551,.F.);
#6568=EDGE_LOOP('',(#6563,#6565,#6566,#6567));
#6569=FACE_OUTER_BOUND('',#6568,.F.);
#6571=CARTESIAN_POINT('',(-2.423587660460E0,8.580342953901E-1,
-2.700804707802E-1));
#6572=DIRECTION('',(1.045284632677E-1,9.945218953683E-1,0.E0));
#6573=DIRECTION('',(-9.945218953683E-1,1.045284632677E-1,0.E0));
#6574=AXIS2_PLACEMENT_3D('',#6571,#6572,#6573);
#6575=PLANE('',#6574);
#6576=ORIENTED_EDGE('',*,*,#6210,.F.);
#6578=ORIENTED_EDGE('',*,*,#6577,.T.);
#6579=ORIENTED_EDGE('',*,*,#6120,.T.);
#6580=ORIENTED_EDGE('',*,*,#6564,.F.);
#6581=EDGE_LOOP('',(#6576,#6578,#6579,#6580));
#6582=FACE_OUTER_BOUND('',#6581,.F.);
#6584=CARTESIAN_POINT('',(-4.972609476841E0,5.226423163383E-1,
-2.700804707802E-1));
#6585=DIRECTION('',(0.E0,0.E0,1.E0));
#6586=DIRECTION('',(1.E0,0.E0,0.E0));
#6587=AXIS2_PLACEMENT_3D('',#6584,#6585,#6586);
#6588=CYLINDRICAL_SURFACE('',#6587,6.E-1);
#6589=ORIENTED_EDGE('',*,*,#6208,.T.);
#6591=ORIENTED_EDGE('',*,*,#6590,.T.);
#6592=ORIENTED_EDGE('',*,*,#6122,.F.);
#6593=ORIENTED_EDGE('',*,*,#6577,.F.);
#6594=EDGE_LOOP('',(#6589,#6591,#6592,#6593));
#6595=FACE_OUTER_BOUND('',#6594,.F.);
#6597=CARTESIAN_POINT('',(0.E0,0.E0,-2.700804707802E-1));
#6598=DIRECTION('',(0.E0,0.E0,1.E0));
#6599=DIRECTION('',(1.E0,0.E0,0.E0));
#6600=AXIS2_PLACEMENT_3D('',#6597,#6598,#6599);
#6601=CYLINDRICAL_SURFACE('',#6600,5.6E0);
#6602=ORIENTED_EDGE('',*,*,#6206,.T.);
#6603=ORIENTED_EDGE('',*,*,#6527,.T.);
#6604=ORIENTED_EDGE('',*,*,#6124,.F.);
#6605=ORIENTED_EDGE('',*,*,#6590,.F.);
#6606=EDGE_LOOP('',(#6602,#6603,#6604,#6605));
#6607=FACE_OUTER_BOUND('',#6606,.F.);
#6609=CARTESIAN_POINT('',(0.E0,0.E0,-2.700804707802E-1));
#6610=DIRECTION('',(0.E0,0.E0,1.E0));
#6611=DIRECTION('',(1.E0,0.E0,0.E0));
#6612=AXIS2_PLACEMENT_3D('',#6609,#6610,#6611);
#6613=CYLINDRICAL_SURFACE('',#6612,1.E1);
#6614=ORIENTED_EDGE('',*,*,#5198,.F.);
#6615=ORIENTED_EDGE('',*,*,#5988,.T.);
#6616=ORIENTED_EDGE('',*,*,#6084,.T.);
#6617=ORIENTED_EDGE('',*,*,#5992,.F.);
#6618=EDGE_LOOP('',(#6614,#6615,#6616,#6617));
#6619=FACE_OUTER_BOUND('',#6618,.F.);
#6621=CARTESIAN_POINT('',(-7.487358987295E-2,-1.2E1,-3.198506732711E-1));
#6622=CARTESIAN_POINT('',(4.687641012706E-2,-1.2E1,-3.198506732711E-1));
#6623=CARTESIAN_POINT('',(2.872532448983E-1,-1.200312316523E1,
-3.198506732711E-1));
#6624=CARTESIAN_POINT('',(6.297268499289E-1,-1.202589956020E1,
-3.198506732711E-1));
#6625=CARTESIAN_POINT('',(8.865466764792E-1,-1.207345473365E1,
-3.198506732711E-1));
#6626=CARTESIAN_POINT('',(1.040861433802E0,-1.216263997632E1,
-3.198506732711E-1));
#6627=CARTESIAN_POINT('',(1.084126410127E0,-1.2241125E1,-3.198506732711E-1));
#6628=CARTESIAN_POINT('',(1.084126410127E0,-1.2302E1,-3.198506732711E-1));
#6630=DIRECTION('',(0.E0,0.E0,1.E0));
#6631=VECTOR('',#6630,1.E0);
#6632=SURFACE_OF_LINEAR_EXTRUSION('',#6629,#6631);
#6633=ORIENTED_EDGE('',*,*,#4822,.F.);
#6634=ORIENTED_EDGE('',*,*,#4942,.F.);
#6636=ORIENTED_EDGE('',*,*,#6635,.F.);
#6637=ORIENTED_EDGE('',*,*,#5201,.T.);
#6638=ORIENTED_EDGE('',*,*,#4698,.T.);
#6640=ORIENTED_EDGE('',*,*,#6639,.T.);
#6641=EDGE_LOOP('',(#6633,#6634,#6636,#6637,#6638,#6640));
#6642=FACE_OUTER_BOUND('',#6641,.F.);
#6644=CARTESIAN_POINT('',(-8.808735898729E-1,-1.2E1,-3.198506732711E-1));
#6645=DIRECTION('',(0.E0,-1.E0,0.E0));
#6646=DIRECTION('',(1.E0,0.E0,0.E0));
#6647=AXIS2_PLACEMENT_3D('',#6644,#6645,#6646);
#6648=PLANE('',#6647);
#6649=ORIENTED_EDGE('',*,*,#5203,.T.);
#6650=ORIENTED_EDGE('',*,*,#6635,.T.);
#6651=ORIENTED_EDGE('',*,*,#4940,.F.);
#6653=ORIENTED_EDGE('',*,*,#6652,.F.);
#6654=EDGE_LOOP('',(#6649,#6650,#6651,#6653));
#6655=FACE_OUTER_BOUND('',#6654,.F.);
#6657=CARTESIAN_POINT('',(-1.033873589873E0,-1.2968E1,-3.198506732711E-1));
#6658=DIRECTION('',(9.877381325081E-1,-1.561197668117E-1,0.E0));
#6659=DIRECTION('',(1.561197668117E-1,9.877381325081E-1,0.E0));
#6660=AXIS2_PLACEMENT_3D('',#6657,#6658,#6659);
#6661=PLANE('',#6660);
#6662=ORIENTED_EDGE('',*,*,#5205,.T.);
#6663=ORIENTED_EDGE('',*,*,#6652,.T.);
#6664=ORIENTED_EDGE('',*,*,#4938,.F.);
#6666=ORIENTED_EDGE('',*,*,#6665,.F.);
#6667=EDGE_LOOP('',(#6662,#6663,#6664,#6666));
#6668=FACE_OUTER_BOUND('',#6667,.F.);
#6670=CARTESIAN_POINT('',(-3.418735898729E-1,-1.2968E1,-3.198506732711E-1));
#6671=DIRECTION('',(0.E0,1.E0,0.E0));
#6672=DIRECTION('',(-1.E0,0.E0,0.E0));
#6673=AXIS2_PLACEMENT_3D('',#6670,#6671,#6672);
#6674=PLANE('',#6673);
#6675=ORIENTED_EDGE('',*,*,#5207,.T.);
#6676=ORIENTED_EDGE('',*,*,#6665,.T.);
#6677=ORIENTED_EDGE('',*,*,#4936,.F.);
#6679=ORIENTED_EDGE('',*,*,#6678,.F.);
#6680=EDGE_LOOP('',(#6675,#6676,#6677,#6679));
#6681=FACE_OUTER_BOUND('',#6680,.F.);
#6683=CARTESIAN_POINT('',(-2.822857799556E-1,-1.2591E1,-3.198506732711E-1));
#6684=DIRECTION('',(-9.877381325081E-1,1.561197668117E-1,0.E0));
#6685=DIRECTION('',(-1.561197668117E-1,-9.877381325081E-1,0.E0));
#6686=AXIS2_PLACEMENT_3D('',#6683,#6684,#6685);
#6687=PLANE('',#6686);
#6688=ORIENTED_EDGE('',*,*,#5209,.T.);
#6689=ORIENTED_EDGE('',*,*,#6678,.T.);
#6690=ORIENTED_EDGE('',*,*,#4934,.F.);
#6692=ORIENTED_EDGE('',*,*,#6691,.F.);
#6693=EDGE_LOOP('',(#6688,#6689,#6690,#6692));
#6694=FACE_OUTER_BOUND('',#6693,.F.);
#6696=CARTESIAN_POINT('',(2.761264101271E-1,-1.2968E1,-3.198506732711E-1));
#6697=DIRECTION('',(5.595460337907E-1,8.287992736900E-1,0.E0));
#6698=DIRECTION('',(-8.287992736900E-1,5.595460337907E-1,0.E0));
#6699=AXIS2_PLACEMENT_3D('',#6696,#6697,#6698);
#6700=PLANE('',#6699);
#6701=ORIENTED_EDGE('',*,*,#4690,.T.);
#6702=ORIENTED_EDGE('',*,*,#5211,.T.);
#6703=ORIENTED_EDGE('',*,*,#6691,.T.);
#6704=ORIENTED_EDGE('',*,*,#4932,.F.);
#6705=ORIENTED_EDGE('',*,*,#4830,.F.);
#6707=ORIENTED_EDGE('',*,*,#6706,.F.);
#6708=EDGE_LOOP('',(#6701,#6702,#6703,#6704,#6705,#6707));
#6709=FACE_OUTER_BOUND('',#6708,.F.);
#6711=CARTESIAN_POINT('',(1.110126410127E0,-1.2968E1,-3.198506732711E-1));
#6712=DIRECTION('',(0.E0,1.E0,0.E0));
#6713=DIRECTION('',(-1.E0,0.E0,0.E0));
#6714=AXIS2_PLACEMENT_3D('',#6711,#6712,#6713);
#6715=PLANE('',#6714);
#6716=ORIENTED_EDGE('',*,*,#4692,.T.);
#6717=ORIENTED_EDGE('',*,*,#6706,.T.);
#6718=ORIENTED_EDGE('',*,*,#4828,.F.);
#6720=ORIENTED_EDGE('',*,*,#6719,.F.);
#6721=EDGE_LOOP('',(#6716,#6717,#6718,#6720));
#6722=FACE_OUTER_BOUND('',#6721,.F.);
#6724=CARTESIAN_POINT('',(3.811264101271E-1,-1.2547E1,-3.198506732711E-1));
#6725=DIRECTION('',(-5.000994705496E-1,-8.659679668186E-1,0.E0));
#6726=DIRECTION('',(8.659679668186E-1,-5.000994705496E-1,0.E0));
#6727=AXIS2_PLACEMENT_3D('',#6724,#6725,#6726);
#6728=PLANE('',#6727);
#6729=ORIENTED_EDGE('',*,*,#4694,.T.);
#6730=ORIENTED_EDGE('',*,*,#6719,.T.);
#6731=ORIENTED_EDGE('',*,*,#4826,.F.);
#6733=ORIENTED_EDGE('',*,*,#6732,.F.);
#6734=EDGE_LOOP('',(#6729,#6730,#6731,#6733));
#6735=FACE_OUTER_BOUND('',#6734,.F.);
#6737=CARTESIAN_POINT('',(1.084126410127E0,-1.2302E1,-3.198506732711E-1));
#6738=CARTESIAN_POINT('',(1.084126410127E0,-1.2381E1,-3.198506732711E-1));
#6739=CARTESIAN_POINT('',(1.014349428342E0,-1.246922301821E1,
-3.198506732711E-1));
#6740=CARTESIAN_POINT('',(7.699846363677E-1,-1.254085822624E1,
-3.198506732711E-1));
#6741=CARTESIAN_POINT('',(5.391264101271E-1,-1.2547E1,-3.198506732711E-1));
#6742=CARTESIAN_POINT('',(3.811264101271E-1,-1.2547E1,-3.198506732711E-1));
#6744=DIRECTION('',(0.E0,0.E0,1.E0));
#6745=VECTOR('',#6744,1.E0);
#6746=SURFACE_OF_LINEAR_EXTRUSION('',#6743,#6745);
#6747=ORIENTED_EDGE('',*,*,#4696,.T.);
#6748=ORIENTED_EDGE('',*,*,#6732,.T.);
#6749=ORIENTED_EDGE('',*,*,#4824,.F.);
#6750=ORIENTED_EDGE('',*,*,#6639,.F.);
#6751=EDGE_LOOP('',(#6747,#6748,#6749,#6750));
#6752=FACE_OUTER_BOUND('',#6751,.F.);
#6754=CARTESIAN_POINT('',(2.419126410127E0,-1.2968E1,-3.198506732711E-1));
#6755=DIRECTION('',(9.785068627947E-1,-2.062142562088E-1,0.E0));
#6756=DIRECTION('',(2.062142562088E-1,9.785068627947E-1,0.E0));
#6757=AXIS2_PLACEMENT_3D('',#6754,#6755,#6756);
#6758=PLANE('',#6757);
#6759=ORIENTED_EDGE('',*,*,#4706,.T.);
#6761=ORIENTED_EDGE('',*,*,#6760,.T.);
#6762=ORIENTED_EDGE('',*,*,#4882,.F.);
#6764=ORIENTED_EDGE('',*,*,#6763,.F.);
#6765=EDGE_LOOP('',(#6759,#6761,#6762,#6764));
#6766=FACE_OUTER_BOUND('',#6765,.F.);
#6768=CARTESIAN_POINT('',(2.623126410127E0,-1.2E1,-3.198506732711E-1));
#6769=DIRECTION('',(0.E0,-1.E0,0.E0));
#6770=DIRECTION('',(1.E0,0.E0,0.E0));
#6771=AXIS2_PLACEMENT_3D('',#6768,#6769,#6770);
#6772=PLANE('',#6771);
#6773=ORIENTED_EDGE('',*,*,#4726,.T.);
#6775=ORIENTED_EDGE('',*,*,#6774,.T.);
#6776=ORIENTED_EDGE('',*,*,#4884,.F.);
#6777=ORIENTED_EDGE('',*,*,#6760,.F.);
#6778=EDGE_LOOP('',(#6773,#6775,#6776,#6777));
#6779=FACE_OUTER_BOUND('',#6778,.F.);
#6781=CARTESIAN_POINT('',(3.309126410127E0,-1.2E1,-3.198506732711E-1));
#6782=DIRECTION('',(-9.785068627947E-1,2.062142562088E-1,0.E0));
#6783=DIRECTION('',(-2.062142562088E-1,-9.785068627947E-1,0.E0));
#6784=AXIS2_PLACEMENT_3D('',#6781,#6782,#6783);
#6785=PLANE('',#6784);
#6786=ORIENTED_EDGE('',*,*,#4724,.T.);
#6788=ORIENTED_EDGE('',*,*,#6787,.T.);
#6789=ORIENTED_EDGE('',*,*,#4886,.F.);
#6790=ORIENTED_EDGE('',*,*,#6774,.F.);
#6791=EDGE_LOOP('',(#6786,#6788,#6789,#6790));
#6792=FACE_OUTER_BOUND('',#6791,.F.);
#6794=CARTESIAN_POINT('',(3.216126410127E0,-1.244129411765E1,
-3.198506732711E-1));
#6795=DIRECTION('',(4.398577982254E-1,-8.980674347399E-1,0.E0));
#6796=DIRECTION('',(8.980674347399E-1,4.398577982254E-1,0.E0));
#6797=AXIS2_PLACEMENT_3D('',#6794,#6795,#6796);
#6798=PLANE('',#6797);
#6799=ORIENTED_EDGE('',*,*,#4722,.T.);
#6801=ORIENTED_EDGE('',*,*,#6800,.T.);
#6802=ORIENTED_EDGE('',*,*,#4888,.F.);
#6803=ORIENTED_EDGE('',*,*,#6787,.F.);
#6804=EDGE_LOOP('',(#6799,#6801,#6802,#6803));
#6805=FACE_OUTER_BOUND('',#6804,.F.);
#6807=CARTESIAN_POINT('',(4.117126410127E0,-1.2E1,-3.198506732711E-1));
#6808=DIRECTION('',(0.E0,-1.E0,0.E0));
#6809=DIRECTION('',(1.E0,0.E0,0.E0));
#6810=AXIS2_PLACEMENT_3D('',#6807,#6808,#6809);
#6811=PLANE('',#6810);
#6812=ORIENTED_EDGE('',*,*,#4720,.T.);
#6814=ORIENTED_EDGE('',*,*,#6813,.T.);
#6815=ORIENTED_EDGE('',*,*,#4890,.F.);
#6816=ORIENTED_EDGE('',*,*,#6800,.F.);
#6817=EDGE_LOOP('',(#6812,#6814,#6815,#6816));
#6818=FACE_OUTER_BOUND('',#6817,.F.);
#6820=CARTESIAN_POINT('',(4.922126410127E0,-1.2E1,-3.198506732711E-1));
#6821=DIRECTION('',(-4.149924385679E-1,9.098248600316E-1,0.E0));
#6822=DIRECTION('',(-9.098248600316E-1,-4.149924385679E-1,0.E0));
#6823=AXIS2_PLACEMENT_3D('',#6820,#6821,#6822);
#6824=PLANE('',#6823);
#6825=ORIENTED_EDGE('',*,*,#4718,.T.);
#6827=ORIENTED_EDGE('',*,*,#6826,.T.);
#6828=ORIENTED_EDGE('',*,*,#4892,.F.);
#6829=ORIENTED_EDGE('',*,*,#6813,.F.);
#6830=EDGE_LOOP('',(#6825,#6827,#6828,#6829));
#6831=FACE_OUTER_BOUND('',#6830,.F.);
#6833=CARTESIAN_POINT('',(3.885126410127E0,-1.2473E1,-3.198506732711E-1));
#6834=DIRECTION('',(-4.754165898032E-1,-8.797608005247E-1,0.E0));
#6835=DIRECTION('',(8.797608005247E-1,-4.754165898032E-1,0.E0));
#6836=AXIS2_PLACEMENT_3D('',#6833,#6834,#6835);
#6837=PLANE('',#6836);
#6838=ORIENTED_EDGE('',*,*,#4716,.T.);
#6840=ORIENTED_EDGE('',*,*,#6839,.T.);
#6841=ORIENTED_EDGE('',*,*,#4894,.F.);
#6842=ORIENTED_EDGE('',*,*,#6826,.F.);
#6843=EDGE_LOOP('',(#6838,#6840,#6841,#6842));
#6844=FACE_OUTER_BOUND('',#6843,.F.);
#6846=CARTESIAN_POINT('',(4.801126410127E0,-1.2968E1,-3.198506732711E-1));
#6847=DIRECTION('',(0.E0,1.E0,0.E0));
#6848=DIRECTION('',(-1.E0,0.E0,0.E0));
#6849=AXIS2_PLACEMENT_3D('',#6846,#6847,#6848);
#6850=PLANE('',#6849);
#6851=ORIENTED_EDGE('',*,*,#4714,.T.);
#6853=ORIENTED_EDGE('',*,*,#6852,.T.);
#6854=ORIENTED_EDGE('',*,*,#4896,.F.);
#6855=ORIENTED_EDGE('',*,*,#6839,.F.);
#6856=EDGE_LOOP('',(#6851,#6853,#6854,#6855));
#6857=FACE_OUTER_BOUND('',#6856,.F.);
#6859=CARTESIAN_POINT('',(3.936126410127E0,-1.2968E1,-3.198506732711E-1));
#6860=DIRECTION('',(5.039905484809E-1,8.637091680896E-1,0.E0));
#6861=DIRECTION('',(-8.637091680896E-1,5.039905484809E-1,0.E0));
#6862=AXIS2_PLACEMENT_3D('',#6859,#6860,#6861);
#6863=PLANE('',#6862);
#6864=ORIENTED_EDGE('',*,*,#4712,.T.);
#6866=ORIENTED_EDGE('',*,*,#6865,.T.);
#6867=ORIENTED_EDGE('',*,*,#4898,.F.);
#6868=ORIENTED_EDGE('',*,*,#6852,.F.);
#6869=EDGE_LOOP('',(#6864,#6866,#6867,#6868));
#6870=FACE_OUTER_BOUND('',#6869,.F.);
#6872=CARTESIAN_POINT('',(3.196126410127E0,-1.253619607843E1,
-3.198506732711E-1));
#6873=DIRECTION('',(-9.785068627947E-1,2.062142562088E-1,0.E0));
#6874=DIRECTION('',(-2.062142562088E-1,-9.785068627947E-1,0.E0));
#6875=AXIS2_PLACEMENT_3D('',#6872,#6873,#6874);
#6876=PLANE('',#6875);
#6877=ORIENTED_EDGE('',*,*,#4710,.T.);
#6879=ORIENTED_EDGE('',*,*,#6878,.T.);
#6880=ORIENTED_EDGE('',*,*,#4900,.F.);
#6881=ORIENTED_EDGE('',*,*,#6865,.F.);
#6882=EDGE_LOOP('',(#6877,#6879,#6880,#6881));
#6883=FACE_OUTER_BOUND('',#6882,.F.);
#6885=CARTESIAN_POINT('',(3.105126410127E0,-1.2968E1,-3.198506732711E-1));
#6886=DIRECTION('',(0.E0,1.E0,0.E0));
#6887=DIRECTION('',(-1.E0,0.E0,0.E0));
#6888=AXIS2_PLACEMENT_3D('',#6885,#6886,#6887);
#6889=PLANE('',#6888);
#6890=ORIENTED_EDGE('',*,*,#4708,.T.);
#6891=ORIENTED_EDGE('',*,*,#6763,.T.);
#6892=ORIENTED_EDGE('',*,*,#4902,.F.);
#6893=ORIENTED_EDGE('',*,*,#6878,.F.);
#6894=EDGE_LOOP('',(#6890,#6891,#6892,#6893));
#6895=FACE_OUTER_BOUND('',#6894,.F.);
#6897=CARTESIAN_POINT('',(9.5E0,-1.2E1,5.745E0));
#6898=DIRECTION('',(0.E0,0.E0,-1.E0));
#6899=DIRECTION('',(0.E0,-1.E0,0.E0));
#6900=AXIS2_PLACEMENT_3D('',#6897,#6898,#6899);
#6901=CYLINDRICAL_SURFACE('',#6900,3.E0);
#6903=ORIENTED_EDGE('',*,*,#6902,.T.);
#6904=ORIENTED_EDGE('',*,*,#4730,.T.);
#6906=ORIENTED_EDGE('',*,*,#6905,.F.);
#6908=ORIENTED_EDGE('',*,*,#6907,.F.);
#6909=EDGE_LOOP('',(#6903,#6904,#6906,#6908));
#6910=FACE_OUTER_BOUND('',#6909,.F.);
#6912=CARTESIAN_POINT('',(9.5E0,-1.2E1,5.745E0));
#6913=DIRECTION('',(0.E0,0.E0,-1.E0));
#6914=DIRECTION('',(0.E0,-1.E0,0.E0));
#6915=AXIS2_PLACEMENT_3D('',#6912,#6913,#6914);
#6916=CYLINDRICAL_SURFACE('',#6915,3.E0);
#6917=ORIENTED_EDGE('',*,*,#6902,.F.);
#6919=ORIENTED_EDGE('',*,*,#6918,.T.);
#6920=ORIENTED_EDGE('',*,*,#6905,.T.);
#6921=ORIENTED_EDGE('',*,*,#4732,.T.);
#6922=EDGE_LOOP('',(#6917,#6919,#6920,#6921));
#6923=FACE_OUTER_BOUND('',#6922,.F.);
#6925=CARTESIAN_POINT('',(9.5E0,-1.2E1,8.75E-1));
#6926=DIRECTION('',(0.E0,0.E0,1.E0));
#6927=DIRECTION('',(0.E0,1.E0,0.E0));
#6928=AXIS2_PLACEMENT_3D('',#6925,#6926,#6927);
#6929=CONICAL_SURFACE('',#6928,2.375E0,4.5E1);
#6931=ORIENTED_EDGE('',*,*,#6930,.T.);
#6933=ORIENTED_EDGE('',*,*,#6932,.T.);
#6935=ORIENTED_EDGE('',*,*,#6934,.T.);
#6936=ORIENTED_EDGE('',*,*,#6918,.F.);
#6938=ORIENTED_EDGE('',*,*,#6937,.F.);
#6939=EDGE_LOOP('',(#6931,#6933,#6935,#6936,#6938));
#6940=FACE_OUTER_BOUND('',#6939,.F.);
#6942=CARTESIAN_POINT('',(9.5E0,-1.2E1,4.7E0));
#6943=DIRECTION('',(0.E0,0.E0,1.E0));
#6944=DIRECTION('',(1.E0,0.E0,0.E0));
#6945=AXIS2_PLACEMENT_3D('',#6942,#6943,#6944);
#6946=CYLINDRICAL_SURFACE('',#6945,1.75E0);
#6948=ORIENTED_EDGE('',*,*,#6947,.F.);
#6950=ORIENTED_EDGE('',*,*,#6949,.T.);
#6951=ORIENTED_EDGE('',*,*,#3707,.T.);
#6953=ORIENTED_EDGE('',*,*,#6952,.F.);
#6954=ORIENTED_EDGE('',*,*,#6930,.F.);
#6955=EDGE_LOOP('',(#6948,#6950,#6951,#6953,#6954));
#6956=FACE_OUTER_BOUND('',#6955,.F.);
#6958=CARTESIAN_POINT('',(9.5E0,-1.2E1,8.75E-1));
#6959=DIRECTION('',(0.E0,0.E0,1.E0));
#6960=DIRECTION('',(0.E0,1.E0,0.E0));
#6961=AXIS2_PLACEMENT_3D('',#6958,#6959,#6960);
#6962=CONICAL_SURFACE('',#6961,2.375E0,4.5E1);
#6963=ORIENTED_EDGE('',*,*,#6947,.T.);
#6964=ORIENTED_EDGE('',*,*,#6937,.T.);
#6965=ORIENTED_EDGE('',*,*,#6907,.T.);
#6966=ORIENTED_EDGE('',*,*,#6934,.F.);
#6968=ORIENTED_EDGE('',*,*,#6967,.T.);
#6969=EDGE_LOOP('',(#6963,#6964,#6965,#6966,#6968));
#6970=FACE_OUTER_BOUND('',#6969,.F.);
#6972=CARTESIAN_POINT('',(9.5E0,-1.2E1,4.7E0));
#6973=DIRECTION('',(0.E0,0.E0,1.E0));
#6974=DIRECTION('',(1.E0,0.E0,0.E0));
#6975=AXIS2_PLACEMENT_3D('',#6972,#6973,#6974);
#6976=CYLINDRICAL_SURFACE('',#6975,1.75E0);
#6977=ORIENTED_EDGE('',*,*,#6967,.F.);
#6978=ORIENTED_EDGE('',*,*,#6932,.F.);
#6979=ORIENTED_EDGE('',*,*,#6952,.T.);
#6980=ORIENTED_EDGE('',*,*,#3709,.T.);
#6981=ORIENTED_EDGE('',*,*,#6949,.F.);
#6982=EDGE_LOOP('',(#6977,#6978,#6979,#6980,#6981));
#6983=FACE_OUTER_BOUND('',#6982,.F.);
#6985=CARTESIAN_POINT('',(-9.5E0,1.2E1,0.E0));
#6986=DIRECTION('',(0.E0,0.E0,-1.E0));
#6987=DIRECTION('',(-1.E0,0.E0,0.E0));
#6988=AXIS2_PLACEMENT_3D('',#6985,#6986,#6987);
#6989=CYLINDRICAL_SURFACE('',#6988,3.5E0);
#6991=ORIENTED_EDGE('',*,*,#6990,.F.);
#6993=ORIENTED_EDGE('',*,*,#6992,.F.);
#6994=ORIENTED_EDGE('',*,*,#3713,.T.);
#6996=ORIENTED_EDGE('',*,*,#6995,.T.);
#6997=EDGE_LOOP('',(#6991,#6993,#6994,#6996));
#6998=FACE_OUTER_BOUND('',#6997,.F.);
#7000=CARTESIAN_POINT('',(-9.5E0,1.2E1,1.2E0));
#7001=DIRECTION('',(0.E0,0.E0,-1.E0));
#7002=DIRECTION('',(-7.060552683733E-1,7.081567326534E-1,0.E0));
#7003=AXIS2_PLACEMENT_3D('',#7000,#7001,#7002);
#7004=TOROIDAL_SURFACE('',#7003,3.8E0,3.E-1);
#7005=ORIENTED_EDGE('',*,*,#6990,.T.);
#7007=ORIENTED_EDGE('',*,*,#7006,.T.);
#7009=ORIENTED_EDGE('',*,*,#7008,.T.);
#7011=ORIENTED_EDGE('',*,*,#7010,.T.);
#7012=EDGE_LOOP('',(#7005,#7007,#7009,#7011));
#7013=FACE_OUTER_BOUND('',#7012,.F.);
#7015=CARTESIAN_POINT('',(-1.05E1,7.612517806304E0,1.2E0));
#7016=DIRECTION('',(0.E0,0.E0,1.E0));
#7017=DIRECTION('',(3.010205238819E-1,9.536176614356E-1,0.E0));
#7018=AXIS2_PLACEMENT_3D('',#7015,#7016,#7017);
#7019=TOROIDAL_SURFACE('',#7018,7.E-1,3.E-1);
#7021=ORIENTED_EDGE('',*,*,#7020,.F.);
#7022=ORIENTED_EDGE('',*,*,#7006,.F.);
#7024=ORIENTED_EDGE('',*,*,#7023,.F.);
#7026=ORIENTED_EDGE('',*,*,#7025,.F.);
#7027=EDGE_LOOP('',(#7021,#7022,#7024,#7026));
#7028=FACE_OUTER_BOUND('',#7027,.F.);
#7030=CARTESIAN_POINT('',(0.E0,0.E0,1.5E0));
#7031=DIRECTION('',(0.E0,0.E0,-1.E0));
#7032=DIRECTION('',(-1.E0,0.E0,0.E0));
#7033=AXIS2_PLACEMENT_3D('',#7030,#7031,#7032);
#7034=PLANE('',#7033);
#7035=ORIENTED_EDGE('',*,*,#7008,.F.);
#7036=ORIENTED_EDGE('',*,*,#7020,.T.);
#7038=ORIENTED_EDGE('',*,*,#7037,.T.);
#7040=ORIENTED_EDGE('',*,*,#7039,.T.);
#7042=ORIENTED_EDGE('',*,*,#7041,.T.);
#7044=ORIENTED_EDGE('',*,*,#7043,.T.);
#7046=ORIENTED_EDGE('',*,*,#7045,.F.);
#7048=ORIENTED_EDGE('',*,*,#7047,.T.);
#7050=ORIENTED_EDGE('',*,*,#7049,.T.);
#7052=ORIENTED_EDGE('',*,*,#7051,.T.);
#7054=ORIENTED_EDGE('',*,*,#7053,.T.);
#7056=ORIENTED_EDGE('',*,*,#7055,.T.);
#7057=EDGE_LOOP('',(#7035,#7036,#7038,#7040,#7042,#7044,#7046,#7048,#7050,#7052,
#7054,#7056));
#7058=FACE_OUTER_BOUND('',#7057,.F.);
#7060=CARTESIAN_POINT('',(-1.12E1,6.761574960280E1,1.2E0));
#7061=DIRECTION('',(0.E0,-1.E0,0.E0));
#7062=DIRECTION('',(0.E0,0.E0,1.E0));
#7063=AXIS2_PLACEMENT_3D('',#7060,#7061,#7062);
#7064=CYLINDRICAL_SURFACE('',#7063,3.E-1);
#7066=ORIENTED_EDGE('',*,*,#7065,.T.);
#7068=ORIENTED_EDGE('',*,*,#7067,.F.);
#7069=ORIENTED_EDGE('',*,*,#7037,.F.);
#7070=ORIENTED_EDGE('',*,*,#7025,.T.);
#7071=EDGE_LOOP('',(#7066,#7068,#7069,#7070));
#7072=FACE_OUTER_BOUND('',#7071,.F.);
#7074=CARTESIAN_POINT('',(-1.15E1,-1.2E1,0.E0));
#7075=DIRECTION('',(-1.E0,0.E0,0.E0));
#7076=DIRECTION('',(0.E0,1.E0,0.E0));
#7077=AXIS2_PLACEMENT_3D('',#7074,#7075,#7076);
#7078=PLANE('',#7077);
#7079=ORIENTED_EDGE('',*,*,#7065,.F.);
#7081=ORIENTED_EDGE('',*,*,#7080,.F.);
#7082=ORIENTED_EDGE('',*,*,#3733,.F.);
#7084=ORIENTED_EDGE('',*,*,#7083,.T.);
#7085=EDGE_LOOP('',(#7079,#7081,#7082,#7084));
#7086=FACE_OUTER_BOUND('',#7085,.F.);
#7088=CARTESIAN_POINT('',(-1.05E1,7.612517806304E0,-4.169573376763E0));
#7089=DIRECTION('',(0.E0,0.E0,1.E0));
#7090=DIRECTION('',(2.222222222222E-1,9.749960430436E-1,0.E0));
#7091=AXIS2_PLACEMENT_3D('',#7088,#7089,#7090);
#7092=CYLINDRICAL_SURFACE('',#7091,1.E0);
#7093=ORIENTED_EDGE('',*,*,#7080,.T.);
#7094=ORIENTED_EDGE('',*,*,#7023,.T.);
#7095=ORIENTED_EDGE('',*,*,#6995,.F.);
#7096=ORIENTED_EDGE('',*,*,#3735,.T.);
#7097=EDGE_LOOP('',(#7093,#7094,#7095,#7096));
#7098=FACE_OUTER_BOUND('',#7097,.F.);
#7100=CARTESIAN_POINT('',(-9.5E0,-1.2E1,0.E0));
#7101=DIRECTION('',(0.E0,0.E0,-1.E0));
#7102=DIRECTION('',(-1.E0,0.E0,0.E0));
#7103=AXIS2_PLACEMENT_3D('',#7100,#7101,#7102);
#7104=CYLINDRICAL_SURFACE('',#7103,2.E0);
#7106=ORIENTED_EDGE('',*,*,#7105,.F.);
#7107=ORIENTED_EDGE('',*,*,#7083,.F.);
#7108=ORIENTED_EDGE('',*,*,#3731,.F.);
#7110=ORIENTED_EDGE('',*,*,#7109,.T.);
#7111=EDGE_LOOP('',(#7106,#7107,#7108,#7110));
#7112=FACE_OUTER_BOUND('',#7111,.F.);
#7114=CARTESIAN_POINT('',(-9.5E0,-1.2E1,1.2E0));
#7115=DIRECTION('',(0.E0,0.E0,-1.E0));
#7116=DIRECTION('',(-9.983180039800E-1,5.797553733643E-2,0.E0));
#7117=AXIS2_PLACEMENT_3D('',#7114,#7115,#7116);
#7118=TOROIDAL_SURFACE('',#7117,1.7E0,3.E-1);
#7119=ORIENTED_EDGE('',*,*,#7039,.F.);
#7120=ORIENTED_EDGE('',*,*,#7067,.T.);
#7121=ORIENTED_EDGE('',*,*,#7105,.T.);
#7123=ORIENTED_EDGE('',*,*,#7122,.F.);
#7124=EDGE_LOOP('',(#7119,#7120,#7121,#7123));
#7125=FACE_OUTER_BOUND('',#7124,.F.);
#7127=CARTESIAN_POINT('',(-9.616016128192E0,-1.37E1,1.2E0));
#7128=DIRECTION('',(1.E0,0.E0,0.E0));
#7129=DIRECTION('',(0.E0,0.E0,1.E0));
#7130=AXIS2_PLACEMENT_3D('',#7127,#7128,#7129);
#7131=CYLINDRICAL_SURFACE('',#7130,3.E-1);
#7132=ORIENTED_EDGE('',*,*,#7041,.F.);
#7133=ORIENTED_EDGE('',*,*,#7122,.T.);
#7135=ORIENTED_EDGE('',*,*,#7134,.T.);
#7137=ORIENTED_EDGE('',*,*,#7136,.T.);
#7138=EDGE_LOOP('',(#7132,#7133,#7135,#7137));
#7139=FACE_OUTER_BOUND('',#7138,.F.);
#7141=CARTESIAN_POINT('',(6.627718676731E0,-1.4E1,0.E0));
#7142=DIRECTION('',(0.E0,-1.E0,0.E0));
#7143=DIRECTION('',(-1.E0,0.E0,0.E0));
#7144=AXIS2_PLACEMENT_3D('',#7141,#7142,#7143);
#7145=PLANE('',#7144);
#7147=ORIENTED_EDGE('',*,*,#7146,.T.);
#7148=ORIENTED_EDGE('',*,*,#7134,.F.);
#7149=ORIENTED_EDGE('',*,*,#7109,.F.);
#7150=ORIENTED_EDGE('',*,*,#3729,.F.);
#7151=EDGE_LOOP('',(#7147,#7148,#7149,#7150));
#7152=FACE_OUTER_BOUND('',#7151,.F.);
#7154=CARTESIAN_POINT('',(5.112517806304E0,-1.3E1,-4.169573376763E0));
#7155=DIRECTION('',(0.E0,0.E0,1.E0));
#7156=DIRECTION('',(0.E0,-1.E0,0.E0));
#7157=AXIS2_PLACEMENT_3D('',#7154,#7155,#7156);
#7158=CYLINDRICAL_SURFACE('',#7157,1.E0);
#7160=ORIENTED_EDGE('',*,*,#7159,.T.);
#7162=ORIENTED_EDGE('',*,*,#7161,.T.);
#7163=ORIENTED_EDGE('',*,*,#7146,.F.);
#7164=ORIENTED_EDGE('',*,*,#3727,.T.);
#7165=EDGE_LOOP('',(#7160,#7162,#7163,#7164));
#7166=FACE_OUTER_BOUND('',#7165,.F.);
#7168=CARTESIAN_POINT('',(9.5E0,-1.2E1,0.E0));
#7169=DIRECTION('',(0.E0,0.E0,-1.E0));
#7170=DIRECTION('',(-1.E0,0.E0,0.E0));
#7171=AXIS2_PLACEMENT_3D('',#7168,#7169,#7170);
#7172=CYLINDRICAL_SURFACE('',#7171,3.5E0);
#7174=ORIENTED_EDGE('',*,*,#7173,.T.);
#7176=ORIENTED_EDGE('',*,*,#7175,.F.);
#7177=ORIENTED_EDGE('',*,*,#7159,.F.);
#7178=ORIENTED_EDGE('',*,*,#3725,.T.);
#7179=EDGE_LOOP('',(#7174,#7176,#7177,#7178));
#7180=FACE_OUTER_BOUND('',#7179,.F.);
#7182=CARTESIAN_POINT('',(1.05E1,-7.612517806304E0,-4.169573376763E0));
#7183=DIRECTION('',(0.E0,0.E0,1.E0));
#7184=DIRECTION('',(-2.222222222222E-1,-9.749960430436E-1,0.E0));
#7185=AXIS2_PLACEMENT_3D('',#7182,#7183,#7184);
#7186=CYLINDRICAL_SURFACE('',#7185,1.E0);
#7188=ORIENTED_EDGE('',*,*,#7187,.T.);
#7190=ORIENTED_EDGE('',*,*,#7189,.T.);
#7191=ORIENTED_EDGE('',*,*,#7173,.F.);
#7192=ORIENTED_EDGE('',*,*,#3723,.T.);
#7193=EDGE_LOOP('',(#7188,#7190,#7191,#7192));
#7194=FACE_OUTER_BOUND('',#7193,.F.);
#7196=CARTESIAN_POINT('',(1.15E1,1.2E1,0.E0));
#7197=DIRECTION('',(1.E0,0.E0,0.E0));
#7198=DIRECTION('',(0.E0,-1.E0,0.E0));
#7199=AXIS2_PLACEMENT_3D('',#7196,#7197,#7198);
#7200=PLANE('',#7199);
#7202=ORIENTED_EDGE('',*,*,#7201,.F.);
#7203=ORIENTED_EDGE('',*,*,#7187,.F.);
#7204=ORIENTED_EDGE('',*,*,#3721,.F.);
#7206=ORIENTED_EDGE('',*,*,#7205,.T.);
#7207=EDGE_LOOP('',(#7202,#7203,#7204,#7206));
#7208=FACE_OUTER_BOUND('',#7207,.F.);
#7210=CARTESIAN_POINT('',(1.12E1,-6.761574960280E1,1.2E0));
#7211=DIRECTION('',(0.E0,1.E0,0.E0));
#7212=DIRECTION('',(0.E0,0.E0,1.E0));
#7213=AXIS2_PLACEMENT_3D('',#7210,#7211,#7212);
#7214=CYLINDRICAL_SURFACE('',#7213,3.E-1);
#7215=ORIENTED_EDGE('',*,*,#7201,.T.);
#7217=ORIENTED_EDGE('',*,*,#7216,.F.);
#7218=ORIENTED_EDGE('',*,*,#7049,.F.);
#7220=ORIENTED_EDGE('',*,*,#7219,.T.);
#7221=EDGE_LOOP('',(#7215,#7217,#7218,#7220));
#7222=FACE_OUTER_BOUND('',#7221,.F.);
#7224=CARTESIAN_POINT('',(9.5E0,1.2E1,1.2E0));
#7225=DIRECTION('',(0.E0,0.E0,-1.E0));
#7226=DIRECTION('',(9.983180039800E-1,-5.797553733643E-2,0.E0));
#7227=AXIS2_PLACEMENT_3D('',#7224,#7225,#7226);
#7228=TOROIDAL_SURFACE('',#7227,1.7E0,3.E-1);
#7229=ORIENTED_EDGE('',*,*,#7051,.F.);
#7230=ORIENTED_EDGE('',*,*,#7216,.T.);
#7232=ORIENTED_EDGE('',*,*,#7231,.T.);
#7234=ORIENTED_EDGE('',*,*,#7233,.F.);
#7235=EDGE_LOOP('',(#7229,#7230,#7232,#7234));
#7236=FACE_OUTER_BOUND('',#7235,.F.);
#7238=CARTESIAN_POINT('',(9.5E0,1.2E1,0.E0));
#7239=DIRECTION('',(0.E0,0.E0,-1.E0));
#7240=DIRECTION('',(-1.E0,0.E0,0.E0));
#7241=AXIS2_PLACEMENT_3D('',#7238,#7239,#7240);
#7242=CYLINDRICAL_SURFACE('',#7241,2.E0);
#7243=ORIENTED_EDGE('',*,*,#7231,.F.);
#7244=ORIENTED_EDGE('',*,*,#7205,.F.);
#7245=ORIENTED_EDGE('',*,*,#3719,.F.);
#7247=ORIENTED_EDGE('',*,*,#7246,.T.);
#7248=EDGE_LOOP('',(#7243,#7244,#7245,#7247));
#7249=FACE_OUTER_BOUND('',#7248,.F.);
#7251=CARTESIAN_POINT('',(-6.627718676731E0,1.4E1,0.E0));
#7252=DIRECTION('',(0.E0,1.E0,0.E0));
#7253=DIRECTION('',(1.E0,0.E0,0.E0));
#7254=AXIS2_PLACEMENT_3D('',#7251,#7252,#7253);
#7255=PLANE('',#7254);
#7257=ORIENTED_EDGE('',*,*,#7256,.T.);
#7259=ORIENTED_EDGE('',*,*,#7258,.F.);
#7260=ORIENTED_EDGE('',*,*,#7246,.F.);
#7261=ORIENTED_EDGE('',*,*,#3717,.F.);
#7262=EDGE_LOOP('',(#7257,#7259,#7260,#7261));
#7263=FACE_OUTER_BOUND('',#7262,.F.);
#7265=CARTESIAN_POINT('',(-5.112517806304E0,1.3E1,-4.169573376763E0));
#7266=DIRECTION('',(0.E0,0.E0,1.E0));
#7267=DIRECTION('',(0.E0,1.E0,0.E0));
#7268=AXIS2_PLACEMENT_3D('',#7265,#7266,#7267);
#7269=CYLINDRICAL_SURFACE('',#7268,1.E0);
#7270=ORIENTED_EDGE('',*,*,#6992,.T.);
#7272=ORIENTED_EDGE('',*,*,#7271,.T.);
#7273=ORIENTED_EDGE('',*,*,#7256,.F.);
#7274=ORIENTED_EDGE('',*,*,#3715,.T.);
#7275=EDGE_LOOP('',(#7270,#7272,#7273,#7274));
#7276=FACE_OUTER_BOUND('',#7275,.F.);
#7278=CARTESIAN_POINT('',(-5.112517806304E0,1.3E1,1.2E0));
#7279=DIRECTION('',(0.E0,0.E0,1.E0));
#7280=DIRECTION('',(8.157878378521E-2,9.966668962277E-1,0.E0));
#7281=AXIS2_PLACEMENT_3D('',#7278,#7279,#7280);
#7282=TOROIDAL_SURFACE('',#7281,7.E-1,3.E-1);
#7283=ORIENTED_EDGE('',*,*,#7055,.F.);
#7285=ORIENTED_EDGE('',*,*,#7284,.F.);
#7286=ORIENTED_EDGE('',*,*,#7271,.F.);
#7287=ORIENTED_EDGE('',*,*,#7010,.F.);
#7288=EDGE_LOOP('',(#7283,#7285,#7286,#7287));
#7289=FACE_OUTER_BOUND('',#7288,.F.);
#7291=CARTESIAN_POINT('',(9.616016128192E0,1.37E1,1.2E0));
#7292=DIRECTION('',(-1.E0,0.E0,0.E0));
#7293=DIRECTION('',(0.E0,0.E0,1.E0));
#7294=AXIS2_PLACEMENT_3D('',#7291,#7292,#7293);
#7295=CYLINDRICAL_SURFACE('',#7294,3.E-1);
#7296=ORIENTED_EDGE('',*,*,#7053,.F.);
#7297=ORIENTED_EDGE('',*,*,#7233,.T.);
#7298=ORIENTED_EDGE('',*,*,#7258,.T.);
#7299=ORIENTED_EDGE('',*,*,#7284,.T.);
#7300=EDGE_LOOP('',(#7296,#7297,#7298,#7299));
#7301=FACE_OUTER_BOUND('',#7300,.F.);
#7303=CARTESIAN_POINT('',(1.05E1,-7.612517806304E0,1.2E0));
#7304=DIRECTION('',(0.E0,0.E0,1.E0));
#7305=DIRECTION('',(-3.010205238819E-1,-9.536176614356E-1,0.E0));
#7306=AXIS2_PLACEMENT_3D('',#7303,#7304,#7305);
#7307=TOROIDAL_SURFACE('',#7306,7.E-1,3.E-1);
#7308=ORIENTED_EDGE('',*,*,#7047,.F.);
#7310=ORIENTED_EDGE('',*,*,#7309,.F.);
#7311=ORIENTED_EDGE('',*,*,#7189,.F.);
#7312=ORIENTED_EDGE('',*,*,#7219,.F.);
#7313=EDGE_LOOP('',(#7308,#7310,#7311,#7312));
#7314=FACE_OUTER_BOUND('',#7313,.F.);
#7316=CARTESIAN_POINT('',(9.5E0,-1.2E1,1.2E0));
#7317=DIRECTION('',(0.E0,0.E0,-1.E0));
#7318=DIRECTION('',(7.060552683733E-1,-7.081567326534E-1,0.E0));
#7319=AXIS2_PLACEMENT_3D('',#7316,#7317,#7318);
#7320=TOROIDAL_SURFACE('',#7319,3.8E0,3.E-1);
#7321=ORIENTED_EDGE('',*,*,#7175,.T.);
#7322=ORIENTED_EDGE('',*,*,#7309,.T.);
#7323=ORIENTED_EDGE('',*,*,#7045,.T.);
#7325=ORIENTED_EDGE('',*,*,#7324,.T.);
#7326=EDGE_LOOP('',(#7321,#7322,#7323,#7325));
#7327=FACE_OUTER_BOUND('',#7326,.F.);
#7329=CARTESIAN_POINT('',(5.112517806304E0,-1.3E1,1.2E0));
#7330=DIRECTION('',(0.E0,0.E0,1.E0));
#7331=DIRECTION('',(-8.157878378521E-2,-9.966668962277E-1,0.E0));
#7332=AXIS2_PLACEMENT_3D('',#7329,#7330,#7331);
#7333=TOROIDAL_SURFACE('',#7332,7.E-1,3.E-1);
#7334=ORIENTED_EDGE('',*,*,#7043,.F.);
#7335=ORIENTED_EDGE('',*,*,#7136,.F.);
#7336=ORIENTED_EDGE('',*,*,#7161,.F.);
#7337=ORIENTED_EDGE('',*,*,#7324,.F.);
#7338=EDGE_LOOP('',(#7334,#7335,#7336,#7337));
#7339=FACE_OUTER_BOUND('',#7338,.F.);
#7343=CARTESIAN_POINT('',(0.E0,0.E0,0.E0));
#7344=DIRECTION('',(0.E0,0.E0,1.E0));
#7345=DIRECTION('',(1.E0,0.E0,0.E0));
#7346=AXIS2_PLACEMENT_3D('C_0',#7343,#7344,#7345);
#7347=DRAUGHTING_PRE_DEFINED_CURVE_FONT('continuous');
#7348=CURVE_STYLE('',#7347,POSITIVE_LENGTH_MEASURE(2.E-2),#112);
#7349=PRESENTATION_STYLE_ASSIGNMENT((#7348));
#7350=STYLED_ITEM('',(#7349),#7346);
#7351=CARTESIAN_POINT('',(0.E0,0.E0,0.E0));
#7352=DIRECTION('',(0.E0,0.E0,1.E0));
#7353=DIRECTION('',(1.E0,0.E0,0.E0));
#7354=AXIS2_PLACEMENT_3D('C_0_1',#7351,#7352,#7353);
#7355=CURVE_STYLE('',#7347,POSITIVE_LENGTH_MEASURE(2.E-2),#112);
#7356=PRESENTATION_STYLE_ASSIGNMENT((#7355));
#7357=STYLED_ITEM('',(#7356),#7354);
#7358=DIRECTION('',(0.E0,0.E0,-1.E0));
#7359=VECTOR('',#7358,3.198506732711E0);
#7360=CARTESIAN_POINT('',(0.E0,0.E0,3.198506732711E0));
#7361=LINE('',#7360,#7359);
#7363=CURVE_STYLE('',#7347,POSITIVE_LENGTH_MEASURE(2.E-2),#3);
#7364=PRESENTATION_STYLE_ASSIGNMENT((#7363));
#7365=STYLED_ITEM('',(#7364),#7362);
#7367=DIRECTION('',(0.E0,0.E0,1.E0));
#7368=VECTOR('',#7367,2.5E-1);
#7369=CARTESIAN_POINT('',(-9.5E0,1.2E1,0.E0));
#7370=LINE('',#7369,#7368);
#7372=CURVE_STYLE('',#7347,POSITIVE_LENGTH_MEASURE(2.E-2),#3);
#7373=PRESENTATION_STYLE_ASSIGNMENT((#7372));
#7374=STYLED_ITEM('',(#7373),#7371);
#7375=DIRECTION('',(0.E0,0.E0,1.E0));
#7376=VECTOR('',#7375,2.5E-1);
#7377=CARTESIAN_POINT('',(9.5E0,-1.2E1,0.E0));
#7378=LINE('',#7377,#7376);
#7380=CURVE_STYLE('',#7347,POSITIVE_LENGTH_MEASURE(2.E-2),#3);
#7381=PRESENTATION_STYLE_ASSIGNMENT((#7380));
#7382=STYLED_ITEM('',(#7381),#7379);
#7383=PRESENTATION_LAYER_ASSIGNMENT('BEZUGSACHSEN','',(#7354,#7362,#7362,#7371,
#7371,#7379,#7379));
#7384=PRESENTATION_LAYER_ASSIGNMENT('TEIL_STARTBEZUEGE','',(#7346,#7354));
#7387=PLANE_ANGLE_MEASURE_WITH_UNIT(PLANE_ANGLE_MEASURE(1.745329251994E-2),
#7386);
#7388=(CONVERSION_BASED_UNIT('DEGREE',#7387)NAMED_UNIT(*)PLANE_ANGLE_UNIT());
#7390=UNCERTAINTY_MEASURE_WITH_UNIT(LENGTH_MEASURE(5.311218306120E-3),#7385,
'distance_accuracy_value',
'Maximum model space distance between geometric entities at asserted connectivities');
#7366=GEOMETRIC_SET('',(#7362,#7371,#7379));
#7395=SHAPE_REPRESENTATION_RELATIONSHIP('','',#7394,#7392);
#7396=SHAPE_REPRESENTATION_RELATIONSHIP('','',#7394,#7393);
#7397=MECHANICAL_DESIGN_GEOMETRIC_PRESENTATION_REPRESENTATION('',(#7350,#7357,
#7365,#7374,#7382),#7391);
#7398=APPLICATION_CONTEXT('automotive_design');
#7399=APPLICATION_PROTOCOL_DEFINITION('international standard',
'automotive_design',2001,#7398);
#7400=PRODUCT_DEFINITION_CONTEXT('part definition',#7398,'design');
#7401=PRODUCT_CONTEXT('',#7398,'mechanical');
#7402=PRODUCT('DBA-BL','DBA-BL','NOT SPECIFIED',(#7401));
#7403=PRODUCT_DEFINITION_FORMATION('1','LAST_VERSION',#7402);
#7411=DERIVED_UNIT_ELEMENT(#7410,2.E0);
#7412=DERIVED_UNIT((#7411));
#7413=MEASURE_REPRESENTATION_ITEM('surface area measure',AREA_MEASURE(
2.108202199542E3),#7412);
#7418=DERIVED_UNIT_ELEMENT(#7417,3.E0);
#7419=DERIVED_UNIT((#7418));
#7420=MEASURE_REPRESENTATION_ITEM('volume measure',VOLUME_MEASURE(
1.116435868438E3),#7419);
#7424=CARTESIAN_POINT('centre point',(1.963717425725E-3,-3.208253973838E-2,
1.787279890894E0));
#7429=DERIVED_UNIT_ELEMENT(#7428,2.E0);
#7430=DERIVED_UNIT((#7429));
#7431=MEASURE_REPRESENTATION_ITEM('surface area measure',AREA_MEASURE(
2.108202199542E3),#7430);
#7436=DERIVED_UNIT_ELEMENT(#7435,3.E0);
#7437=DERIVED_UNIT((#7436));
#7438=MEASURE_REPRESENTATION_ITEM('volume measure',VOLUME_MEASURE(
1.116435868438E3),#7437);
#7442=CARTESIAN_POINT('centre point',(1.963717425725E-3,-3.208253973838E-2,
1.787279890894E0));
#7447=PRODUCT_RELATED_PRODUCT_CATEGORY('part','',(#7402));
#1=DRAUGHTING_PRE_DEFINED_COLOUR('black');
#2=COLOUR_RGB('',0.E0,0.E0,6.6E-1);
#3=COLOUR_RGB('',0.E0,0.E0,9.411764705882E-1);
#4=DRAUGHTING_PRE_DEFINED_COLOUR('blue');
#5=COLOUR_RGB('',0.E0,2.E-1,3.4902E-1);
#6=COLOUR_RGB('',0.E0,2.44078E-1,2.84275E-1);
#7=COLOUR_RGB('',0.E0,2.77412E-1,5.20706E-1);
#8=COLOUR_RGB('',0.E0,3.18706E-1,5.49843E-1);
#9=COLOUR_RGB('',0.E0,3.3E-1,0.E0);
#10=COLOUR_RGB('',0.E0,3.37216E-1,5.10039E-1);
#11=COLOUR_RGB('',0.E0,3.50549E-1,2.96627E-1);
#12=COLOUR_RGB('',0.E0,4.05176E-1,3.01843E-1);
#13=COLOUR_RGB('',0.E0,4.31255E-1,2.30784E-1);
#14=COLOUR_RGB('',0.E0,4.5E-1,0.E0);
#15=COLOUR_RGB('',0.E0,4.52549E-1,6.86314E-1);
#16=COLOUR_RGB('',0.E0,4.5098E-1,9.01961E-1);
#17=COLOUR_RGB('',0.E0,4.54863E-1,4.69098E-1);
#18=COLOUR_RGB('',0.E0,4.95725E-1,3.0698E-1);
#19=COLOUR_RGB('',0.E0,5.07647E-1,3.21647E-1);
#20=COLOUR_RGB('',0.E0,5.38706E-1,5.4902E-1);
#21=COLOUR_RGB('',0.E0,6.E-1,0.E0);
#22=COLOUR_RGB('',0.E0,8.E-1,0.E0);
#23=DRAUGHTING_PRE_DEFINED_COLOUR('green');
#24=COLOUR_RGB('',1.7333E-2,2.72824E-1,3.83725E-1);
#25=COLOUR_RGB('',1.9608E-2,1.5686E-2,1.1765E-2);
#26=COLOUR_RGB('',6.7E-2,6.7E-2,6.7E-2);
#27=COLOUR_RGB('',7.0588E-2,7.4902E-2,7.7922E-2);
#28=COLOUR_RGB('',7.8941E-2,1.92431E-1,3.29059E-1);
#29=COLOUR_RGB('',8.4588E-2,1.95529E-1,4.73451E-1);
#30=COLOUR_RGB('',9.0196E-2,3.68627E-1,1.33333E-1);
#31=COLOUR_RGB('',1.01E-1,1.98E-1,9.52E-1);
#32=COLOUR_RGB('',1.06E-1,8.16E-1,2.08E-1);
#33=COLOUR_RGB('',1.08392E-1,1.27412E-1,1.65922E-1);
#34=COLOUR_RGB('',1.2549E-1,1.17647E-1,5.29412E-1);
#35=COLOUR_RGB('',1.35216E-1,1.5502E-1,3.35882E-1);
#36=COLOUR_RGB('',1.42314E-1,2.02E-1,1.53412E-1);
#37=COLOUR_RGB('',1.4902E-1,1.17647E-1,2.3529E-2);
#38=COLOUR_RGB('',1.48824E-1,1.47804E-1,1.53765E-1);
#39=COLOUR_RGB('',1.77412E-1,2.9051E-1,4.29725E-1);
#40=COLOUR_RGB('',1.80471E-1,2.15922E-1,1.46039E-1);
#41=COLOUR_RGB('',1.88235E-1,2.70588E-1,2.78431E-1);
#42=COLOUR_RGB('',1.89333E-1,3.29961E-1,2.63294E-1);
#43=COLOUR_RGB('',1.92353E-1,1.84667E-1,1.25647E-1);
#44=COLOUR_RGB('',2.E-1,4.E-1,1.E0);
#45=COLOUR_RGB('',2.E-1,4.70588E-1,1.E0);
#46=COLOUR_RGB('',2.E-1,8.E-1,1.E0);
#47=COLOUR_RGB('',2.12627E-1,2.39098E-1,2.53843E-1);
#48=COLOUR_RGB('',2.19608E-1,2.31961E-1,1.96275E-1);
#49=COLOUR_RGB('',2.43137E-1,2.5098E-1,7.01961E-1);
#50=COLOUR_RGB('',2.44667E-1,5.22118E-1,4.88706E-1);
#51=COLOUR_RGB('',2.5E-1,2.5E-1,2.5E-1);
#52=COLOUR_RGB('',2.53294E-1,4.33137E-1,1.97216E-1);
#53=COLOUR_RGB('',2.58824E-1,2.07843E-1,0.E0);
#54=COLOUR_RGB('',2.66549E-1,2.5098E-1,1.84941E-1);
#55=COLOUR_RGB('',2.71686E-1,3.97686E-1,5.45098E-1);
#56=COLOUR_RGB('',2.78431E-1,2.78431E-1,2.78431E-1);
#57=COLOUR_RGB('',2.83608E-1,2.13137E-1,1.48118E-1);
#58=COLOUR_RGB('',2.86275E-1,3.60784E-1,3.68627E-1);
#59=COLOUR_RGB('',2.94118E-1,6.70588E-1,3.76471E-1);
#60=COLOUR_RGB('',3.05216E-1,3.16039E-1,3.41255E-1);
#61=COLOUR_RGB('',3.07804E-1,5.22118E-1,2.54314E-1);
#62=COLOUR_RGB('',3.10235E-1,2.32431E-1,1.74667E-1);
#63=COLOUR_RGB('',3.14E-1,7.4E-2,0.E0);
#64=COLOUR_RGB('',3.15765E-1,3.46078E-1,3.58706E-1);
#65=COLOUR_RGB('',3.31725E-1,3.12627E-1,2.57725E-1);
#66=COLOUR_RGB('',3.40667E-1,3.54275E-1,3.3298E-1);
#67=COLOUR_RGB('',3.40353E-1,3.64118E-1,3.6949E-1);
#68=COLOUR_RGB('',3.45373E-1,3.59882E-1,3.17294E-1);
#69=COLOUR_RGB('',3.44118E-1,4.44078E-1,2.29529E-1);
#70=COLOUR_RGB('',3.48431E-1,2.21412E-1,1.53294E-1);
#71=COLOUR_RGB('',3.4902E-1,2.90196E-1,1.76471E-1);
#72=COLOUR_RGB('',3.72549E-1,6.19608E-1,0.E0);
#73=COLOUR_RGB('',3.90157E-1,1.98157E-1,1.75059E-1);
#74=COLOUR_RGB('',4.E-1,1.45098E-1,0.E0);
#75=COLOUR_RGB('',4.E-1,2.39216E-1,1.80392E-1);
#76=COLOUR_RGB('',4.06824E-1,4.97843E-1,3.45569E-1);
#77=COLOUR_RGB('',4.09137E-1,2.56353E-1,1.44314E-1);
#78=COLOUR_RGB('',4.11765E-1,4.39216E-1,8.58824E-1);
#79=COLOUR_RGB('',4.14196E-1,7.0549E-2,1.17059E-1);
#80=COLOUR_RGB('',4.19608E-1,6.03922E-1,9.29412E-1);
#81=COLOUR_RGB('',4.24627E-1,4.12549E-1,3.82353E-1);
#82=COLOUR_RGB('',4.39216E-1,3.52941E-1,0.E0);
#83=COLOUR_RGB('',4.46941E-1,6.67294E-1,6.59843E-1);
#84=COLOUR_RGB('',4.47059E-1,8.E-1,5.21569E-1);
#85=COLOUR_RGB('',4.5098E-1,0.E0,1.80392E-1);
#86=COLOUR_RGB('',4.5098E-1,3.04118E-1,1.61725E-1);
#87=COLOUR_RGB('',4.5098E-1,3.13725E-1,1.33333E-1);
#88=COLOUR_RGB('',4.5098E-1,5.2549E-1,2.23529E-1);
#89=COLOUR_RGB('',4.53529E-1,7.23216E-1,7.08275E-1);
#90=COLOUR_RGB('',4.60353E-1,2.84078E-1,2.13569E-1);
#91=COLOUR_RGB('',4.60902E-1,3.84745E-1,2.48706E-1);
#92=COLOUR_RGB('',4.63E-1,4.43E-1,4.94E-1);
#93=COLOUR_RGB('',4.63255E-1,4.60235E-1,3.42471E-1);
#94=COLOUR_RGB('',4.74314E-1,4.97098E-1,4.47569E-1);
#95=COLOUR_RGB('',4.7902E-1,4.86275E-1,4.78431E-1);
#96=COLOUR_RGB('',4.94078E-1,3.05686E-1,1.58824E-1);
#97=COLOUR_RGB('',5.E-1,5.E-1,5.E-1);
#98=COLOUR_RGB('',5.01961E-1,4.5098E-1,3.64706E-1);
#99=COLOUR_RGB('',5.01961E-1,4.86275E-1,0.E0);
#100=COLOUR_RGB('',5.21569E-1,1.92157E-1,0.E0);
#101=COLOUR_RGB('',5.21569E-1,1.96078E-1,2.54902E-1);
#102=COLOUR_RGB('',5.22E-1,4.94E-1,4.86E-1);
#103=COLOUR_RGB('',5.26941E-1,6.E-3,9.0157E-2);
#104=COLOUR_RGB('',5.25178E-1,2.66481E-1,5.58252E-1);
#105=COLOUR_RGB('',5.2549E-1,7.01961E-1,1.41176E-1);
#106=COLOUR_RGB('',5.41176E-1,5.92157E-1,6.E-1);
#107=COLOUR_RGB('',5.49216E-1,2.83765E-1,1.96157E-1);
#108=COLOUR_RGB('',5.60784E-1,2.23529E-1,0.E0);
#109=COLOUR_RGB('',5.63255E-1,5.31216E-1,4.25529E-1);
#110=COLOUR_RGB('',5.72824E-1,5.57216E-1,5.50824E-1);
#111=COLOUR_RGB('',5.87412E-1,6.13922E-1,6.30196E-1);
#112=COLOUR_RGB('',6.E-1,4.E-1,2.E-1);
#113=COLOUR_RGB('',6.E-1,4.5098E-1,3.29412E-1);
#114=COLOUR_RGB('',6.E-1,7.88235E-1,1.E0);
#115=COLOUR_RGB('',6.08E-1,2.3E-2,7.73E-1);
#116=COLOUR_RGB('',6.12196E-1,5.12549E-1,5.60275E-1);
#117=COLOUR_RGB('',6.11765E-1,9.01961E-1,6.82353E-1);
#118=COLOUR_RGB('',6.18078E-1,8.3569E-2,9.702E-2);
#119=COLOUR_RGB('',6.22784E-1,8.6902E-2,1.11686E-1);
#120=COLOUR_RGB('',6.26863E-1,5.67098E-1,3.83843E-1);
#121=COLOUR_RGB('',6.27451E-1,6.39216E-1,5.84314E-1);
#122=COLOUR_RGB('',6.34902E-1,5.16471E-1,6.5882E-2);
#123=COLOUR_RGB('',6.35294E-1,6.86275E-1,7.4902E-1);
#124=COLOUR_RGB('',6.35294E-1,7.01961E-1,6.07843E-1);
#125=COLOUR_RGB('',6.39216E-1,8.5098E-1,5.09804E-1);
#126=COLOUR_RGB('',6.41804E-1,5.64235E-1,4.6702E-1);
#127=COLOUR_RGB('',6.43137E-1,6.5098E-1,9.29412E-1);
#128=COLOUR_RGB('',6.47E-1,6.47E-1,6.47E-1);
#129=COLOUR_RGB('',6.5098E-1,3.13725E-1,0.E0);
#130=COLOUR_RGB('',6.58824E-1,3.45098E-1,4.07843E-1);
#131=COLOUR_RGB('',6.6098E-1,1.19333E-1,1.22745E-1);
#132=COLOUR_RGB('',6.62157E-1,1.76549E-1,2.17843E-1);
#133=COLOUR_RGB('',6.62706E-1,2.11255E-1,1.61529E-1);
#134=COLOUR_RGB('',6.74353E-1,6.83882E-1,6.51216E-1);
#135=COLOUR_RGB('',6.78431E-1,6.27451E-1,5.37255E-1);
#136=COLOUR_RGB('',6.78431E-1,6.5098E-1,5.29412E-1);
#137=COLOUR_RGB('',6.91529E-1,7.2863E-2,2.29725E-1);
#138=COLOUR_RGB('',7.01961E-1,5.05882E-1,0.E0);
#139=COLOUR_RGB('',7.16235E-1,5.66588E-1,2.87882E-1);
#140=COLOUR_RGB('',7.21569E-1,2.39216E-1,0.E0);
#141=COLOUR_RGB('',7.29412E-1,9.60784E-1,7.76471E-1);
#142=COLOUR_RGB('',7.45569E-1,6.7569E-2,6.4196E-2);
#143=COLOUR_RGB('',7.4902E-1,6.58824E-1,4.86275E-1);
#144=COLOUR_RGB('',7.5298E-1,2.08588E-1,4.52706E-1);
#145=COLOUR_RGB('',7.57E-1,0.E0,0.E0);
#146=COLOUR_RGB('',7.55451E-1,7.71804E-1,7.51882E-1);
#147=COLOUR_RGB('',7.56863E-1,8.39216E-1,8.15686E-1);
#148=COLOUR_RGB('',7.71569E-1,5.76667E-1,0.E0);
#149=COLOUR_RGB('',7.72549E-1,9.01961E-1,5.76471E-1);
#150=COLOUR_RGB('',7.76471E-1,8.E-1,7.21569E-1);
#151=COLOUR_RGB('',7.84196E-1,7.30824E-1,5.01137E-1);
#152=COLOUR_RGB('',7.84314E-1,8.11765E-1,8.03922E-1);
#153=COLOUR_RGB('',8.E-1,4.E-1,0.E0);
#154=COLOUR_RGB('',8.E-1,7.76471E-1,6.78431E-1);
#155=COLOUR_RGB('',8.E-1,8.E-1,8.E-1);
#156=COLOUR_RGB('',8.E-1,1.E0,1.E0);
#157=COLOUR_RGB('',8.10745E-1,2.19804E-1,2.91608E-1);
#158=COLOUR_RGB('',8.09333E-1,6.93176E-1,5.04314E-1);
#159=COLOUR_RGB('',8.11765E-1,0.E0,3.56863E-1);
#160=COLOUR_RGB('',8.11059E-1,3.00588E-1,3.54706E-1);
#161=COLOUR_RGB('',8.20471E-1,3.50627E-1,1.0102E-1);
#162=COLOUR_RGB('',8.19608E-1,7.96078E-1,0.E0);
#163=COLOUR_RGB('',8.21725E-1,6.78549E-1,4.18745E-1);
#164=COLOUR_RGB('',8.25216E-1,4.02941E-1,3.2098E-1);
#165=COLOUR_RGB('',8.44078E-1,8.3898E-1,7.9102E-1);
#166=COLOUR_RGB('',8.49961E-1,3.82078E-1,2.84275E-1);
#167=COLOUR_RGB('',8.70588E-1,0.E0,2.94118E-1);
#168=COLOUR_RGB('',8.72353E-1,6.05098E-1,6.41882E-1);
#169=COLOUR_RGB('',8.77216E-1,6.55176E-1,0.E0);
#170=COLOUR_RGB('',8.83922E-1,3.15843E-1,8.078E-3);
#171=COLOUR_RGB('',8.90196E-1,6.66667E-1,7.56863E-1);
#172=COLOUR_RGB('',8.93373E-1,5.99922E-1,0.E0);
#173=COLOUR_RGB('',8.9302E-1,6.44588E-1,0.E0);
#174=COLOUR_RGB('',9.02941E-1,5.68392E-1,0.E0);
#175=COLOUR_RGB('',9.01961E-1,8.27451E-1,5.84314E-1);
#176=COLOUR_RGB('',9.12471E-1,4.4651E-1,7.298E-2);
#177=COLOUR_RGB('',9.37E-1,8.51E-1,9.4E-2);
#178=COLOUR_RGB('',9.41176E-1,6.78431E-1,0.E0);
#179=COLOUR_RGB('',9.41176E-1,9.01961E-1,7.52941E-1);
#180=COLOUR_RGB('',9.53294E-1,7.37412E-1,0.E0);
#181=COLOUR_RGB('',9.62706E-1,6.75922E-1,0.E0);
#182=COLOUR_RGB('',9.68627E-1,7.96078E-1,6.98039E-1);
#183=COLOUR_RGB('',9.73804E-1,7.51608E-1,0.E0);
#184=DRAUGHTING_PRE_DEFINED_COLOUR('red');
#185=COLOUR_RGB('',1.E0,0.E0,2.E-1);
#186=COLOUR_RGB('',1.E0,0.E0,3.21569E-1);
#187=COLOUR_RGB('',1.E0,0.E0,4.E-1);
#188=COLOUR_RGB('',1.E0,0.E0,6.E-1);
#189=COLOUR_RGB('',1.E0,0.E0,8.E-1);
#190=COLOUR_RGB('',1.E0,2.E-1,0.E0);
#191=COLOUR_RGB('',1.E0,3.21569E-1,0.E0);
#192=COLOUR_RGB('',1.E0,4.E-1,0.E0);
#193=COLOUR_RGB('',1.E0,4.11765E-1,3.9216E-2);
#194=COLOUR_RGB('',1.E0,4.57E-1,0.E0);
#195=COLOUR_RGB('',1.E0,5.41176E-1,2.70588E-1);
#196=COLOUR_RGB('',1.E0,6.E-1,0.E0);
#197=COLOUR_RGB('',1.E0,6.36196E-1,0.E0);
#198=COLOUR_RGB('',1.E0,6.90196E-1,5.60784E-1);
#199=COLOUR_RGB('',1.E0,7.01961E-1,0.E0);
#200=COLOUR_RGB('',1.E0,7.15E-1,4.11E-1);
#201=COLOUR_RGB('',1.E0,8.E-1,0.E0);
#202=COLOUR_RGB('',1.E0,8.E-1,4.E-1);
#203=COLOUR_RGB('',1.E0,8.31373E-1,2.E-1);
#204=COLOUR_RGB('',1.E0,8.31373E-1,3.80392E-1);
#205=COLOUR_RGB('',1.E0,8.39216E-1,2.31373E-1);
#206=COLOUR_RGB('',1.E0,8.90196E-1,3.4902E-1);
#207=COLOUR_RGB('',1.E0,9.09804E-1,4.19608E-1);
#208=COLOUR_RGB('',1.E0,9.41176E-1,5.098E-2);
#209=COLOUR_RGB('',1.E0,9.43529E-1,8.27843E-1);
#210=COLOUR_RGB('',1.E0,9.88235E-1,5.098E-2);
#211=DRAUGHTING_PRE_DEFINED_COLOUR('yellow');
#212=COLOUR_RGB('',1.E0,1.E0,2.E-1);
#213=COLOUR_RGB('',1.E0,1.E0,2.11765E-1);
#214=COLOUR_RGB('',1.E0,1.E0,4.E-1);
#215=COLOUR_RGB('',1.E0,1.E0,4.90196E-1);
#216=COLOUR_RGB('',1.E0,1.E0,6.E-1);
#217=COLOUR_RGB('',1.E0,1.E0,8.E-1);
#218=DRAUGHTING_PRE_DEFINED_COLOUR('white');
#227=CIRCLE('',#226,3.5E0);
#236=CIRCLE('',#235,3.5E0);
#245=CIRCLE('',#244,3.5E0);
#254=CIRCLE('',#253,3.5E0);
#259=CIRCLE('',#258,1.75E0);
#264=CIRCLE('',#263,1.75E0);
#269=CIRCLE('',#268,1.75E0);
#274=CIRCLE('',#273,1.75E0);
#279=CIRCLE('',#278,3.5E0);
#288=CIRCLE('',#287,2.E0);
#297=CIRCLE('',#296,3.5E0);
#306=CIRCLE('',#305,2.E0);
#337=B_SPLINE_CURVE_WITH_KNOTS('',3,(#311,#312,#313,#314,#315,#316,#317,#318,
#319,#320,#321,#322,#323,#324,#325,#326,#327,#328,#329,#330,#331,#332,#333,#334,
#335,#336),.UNSPECIFIED.,.F.,.F.,(4,1,1,1,1,1,1,1,1,1,1,1,1,1,1,1,1,1,1,1,1,1,1,
4),(0.E0,4.347826086957E-2,8.695652173913E-2,1.304347826087E-1,
1.739130434783E-1,2.173913043478E-1,2.608695652174E-1,3.043478260870E-1,
3.478260869565E-1,3.913043478261E-1,4.347826086957E-1,4.782608695652E-1,
5.217391304348E-1,5.652173913043E-1,6.086956521739E-1,6.521739130435E-1,
6.956521739130E-1,7.391304347826E-1,7.826086956522E-1,8.260869565217E-1,
8.695652173913E-1,9.130434782609E-1,9.565217391304E-1,1.E0),.UNSPECIFIED.);
#346=CIRCLE('',#345,3.999999926928E-1);
#351=CIRCLE('',#350,3.999999989147E-1);
#367=B_SPLINE_CURVE_WITH_KNOTS('',3,(#352,#353,#354,#355,#356,#357,#358,#359,
#360,#361,#362,#363,#364,#365,#366),.UNSPECIFIED.,.F.,.F.,(4,1,1,1,1,1,1,1,1,1,
1,1,4),(0.E0,8.333333333333E-2,1.666666666667E-1,2.5E-1,3.333333333333E-1,
4.166666666667E-1,5.E-1,5.833333333333E-1,6.666666666667E-1,7.5E-1,
8.333333333333E-1,9.166666666667E-1,1.E0),.UNSPECIFIED.);
#387=B_SPLINE_CURVE_WITH_KNOTS('',3,(#372,#373,#374,#375,#376,#377,#378,#379,
#380,#381,#382,#383,#384,#385,#386),.UNSPECIFIED.,.F.,.F.,(4,1,1,1,1,1,1,1,1,1,
1,1,4),(0.E0,8.333333333333E-2,1.666666666667E-1,2.5E-1,3.333333333333E-1,
4.166666666667E-1,5.E-1,5.833333333333E-1,6.666666666667E-1,7.5E-1,
8.333333333333E-1,9.166666666667E-1,1.E0),.UNSPECIFIED.);
#407=B_SPLINE_CURVE_WITH_KNOTS('',3,(#392,#393,#394,#395,#396,#397,#398,#399,
#400,#401,#402,#403,#404,#405,#406),.UNSPECIFIED.,.F.,.F.,(4,1,1,1,1,1,1,1,1,1,
1,1,4),(0.E0,8.333333333333E-2,1.666666666667E-1,2.5E-1,3.333333333333E-1,
4.166666666667E-1,5.E-1,5.833333333333E-1,6.666666666667E-1,7.5E-1,
8.333333333333E-1,9.166666666667E-1,1.E0),.UNSPECIFIED.);
#412=CIRCLE('',#411,4.E-1);
#417=CIRCLE('',#416,4.E-1);
#422=CIRCLE('',#421,3.999999998243E-1);
#437=B_SPLINE_CURVE_WITH_KNOTS('',3,(#423,#424,#425,#426,#427,#428,#429,#430,
#431,#432,#433,#434,#435,#436),.UNSPECIFIED.,.F.,.F.,(4,1,1,1,1,1,1,1,1,1,1,4),(
0.E0,9.090909090909E-2,1.818181818182E-1,2.727272727273E-1,3.636363636364E-1,
4.545454545455E-1,5.454545454545E-1,6.363636363636E-1,7.272727272727E-1,
8.181818181818E-1,9.090909090909E-1,1.E0),.UNSPECIFIED.);
#480=B_SPLINE_CURVE_WITH_KNOTS('',3,(#442,#443,#444,#445,#446,#447,#448,#449,
#450,#451,#452,#453,#454,#455,#456,#457,#458,#459,#460,#461,#462,#463,#464,#465,
#466,#467,#468,#469,#470,#471,#472,#473,#474,#475,#476,#477,#478,#479),
.UNSPECIFIED.,.F.,.F.,(4,1,1,1,1,1,1,1,1,1,1,1,1,1,1,1,1,1,1,1,1,1,1,1,1,1,1,1,
1,1,1,1,1,1,1,4),(0.E0,2.857142857143E-2,5.714285714286E-2,8.571428571429E-2,
1.142857142857E-1,1.428571428571E-1,1.714285714286E-1,2.E-1,2.285714285714E-1,
2.571428571429E-1,2.857142857143E-1,3.142857142857E-1,3.428571428571E-1,
3.714285714286E-1,4.E-1,4.285714285714E-1,4.571428571429E-1,4.857142857143E-1,
5.142857142857E-1,5.428571428571E-1,5.714285714286E-1,6.E-1,6.285714285714E-1,
6.571428571429E-1,6.857142857143E-1,7.142857142857E-1,7.428571428571E-1,
7.714285714286E-1,8.E-1,8.285714285714E-1,8.571428571429E-1,8.857142857143E-1,
9.142857142857E-1,9.428571428571E-1,9.714285714286E-1,1.E0),.UNSPECIFIED.);
#489=CIRCLE('',#488,4.E-1);
#494=CIRCLE('',#493,3.999999855789E-1);
#509=B_SPLINE_CURVE_WITH_KNOTS('',3,(#495,#496,#497,#498,#499,#500,#501,#502,
#503,#504,#505,#506,#507,#508),.UNSPECIFIED.,.F.,.F.,(4,1,1,1,1,1,1,1,1,1,1,4),(
0.E0,9.090909090909E-2,1.818181818182E-1,2.727272727273E-1,3.636363636364E-1,
4.545454545455E-1,5.454545454545E-1,6.363636363636E-1,7.272727272727E-1,
8.181818181818E-1,9.090909090909E-1,1.E0),.UNSPECIFIED.);
#529=B_SPLINE_CURVE_WITH_KNOTS('',3,(#514,#515,#516,#517,#518,#519,#520,#521,
#522,#523,#524,#525,#526,#527,#528),.UNSPECIFIED.,.F.,.F.,(4,1,1,1,1,1,1,1,1,1,
1,1,4),(0.E0,8.333333333333E-2,1.666666666667E-1,2.5E-1,3.333333333333E-1,
4.166666666667E-1,5.E-1,5.833333333333E-1,6.666666666667E-1,7.5E-1,
8.333333333333E-1,9.166666666667E-1,1.E0),.UNSPECIFIED.);
#543=B_SPLINE_CURVE_WITH_KNOTS('',3,(#534,#535,#536,#537,#538,#539,#540,#541,
#542),.UNSPECIFIED.,.F.,.F.,(4,1,1,1,1,1,4),(0.E0,1.666666666667E-1,
3.333333333333E-1,5.E-1,6.666666666667E-1,8.333333333333E-1,1.E0),
.UNSPECIFIED.);
#548=CIRCLE('',#547,4.E-1);
#553=CIRCLE('',#552,4.E-1);
#558=CIRCLE('',#557,3.999999992943E-1);
#574=B_SPLINE_CURVE_WITH_KNOTS('',3,(#559,#560,#561,#562,#563,#564,#565,#566,
#567,#568,#569,#570,#571,#572,#573),.UNSPECIFIED.,.F.,.F.,(4,1,1,1,1,1,1,1,1,1,
1,1,4),(0.E0,8.333333333333E-2,1.666666666667E-1,2.5E-1,3.333333333333E-1,
4.166666666667E-1,5.E-1,5.833333333333E-1,6.666666666667E-1,7.5E-1,
8.333333333333E-1,9.166666666667E-1,1.E0),.UNSPECIFIED.);
#585=B_SPLINE_CURVE_WITH_KNOTS('',3,(#579,#580,#581,#582,#583,#584),
.UNSPECIFIED.,.F.,.F.,(4,1,1,4),(0.E0,3.333333333333E-1,6.666666666667E-1,1.E0),
.UNSPECIFIED.);
#592=B_SPLINE_CURVE_WITH_KNOTS('',3,(#586,#587,#588,#589,#590,#591),
.UNSPECIFIED.,.F.,.F.,(4,1,1,4),(0.E0,3.333333333333E-1,6.666666666667E-1,1.E0),
.UNSPECIFIED.);
#599=B_SPLINE_CURVE_WITH_KNOTS('',3,(#593,#594,#595,#596,#597,#598),
.UNSPECIFIED.,.F.,.F.,(4,1,1,4),(0.E0,3.333333333333E-1,6.666666666667E-1,1.E0),
.UNSPECIFIED.);
#606=B_SPLINE_CURVE_WITH_KNOTS('',3,(#600,#601,#602,#603,#604,#605),
.UNSPECIFIED.,.F.,.F.,(4,1,1,4),(0.E0,3.333333333333E-1,6.666666666667E-1,1.E0),
.UNSPECIFIED.);
#613=B_SPLINE_CURVE_WITH_KNOTS('',3,(#607,#608,#609,#610,#611,#612),
.UNSPECIFIED.,.F.,.F.,(4,1,1,4),(0.E0,3.333333333333E-1,6.666666666667E-1,1.E0),
.UNSPECIFIED.);
#620=B_SPLINE_CURVE_WITH_KNOTS('',3,(#614,#615,#616,#617,#618,#619),
.UNSPECIFIED.,.F.,.F.,(4,1,1,4),(0.E0,3.333333333333E-1,6.666666666667E-1,1.E0),
.UNSPECIFIED.);
#627=B_SPLINE_CURVE_WITH_KNOTS('',3,(#621,#622,#623,#624,#625,#626),
.UNSPECIFIED.,.F.,.F.,(4,1,1,4),(0.E0,3.333333333333E-1,6.666666666667E-1,1.E0),
.UNSPECIFIED.);
#634=B_SPLINE_CURVE_WITH_KNOTS('',3,(#628,#629,#630,#631,#632,#633),
.UNSPECIFIED.,.F.,.F.,(4,1,1,4),(0.E0,3.333333333333E-1,6.666666666667E-1,1.E0),
.UNSPECIFIED.);
#641=B_SPLINE_CURVE_WITH_KNOTS('',3,(#635,#636,#637,#638,#639,#640),
.UNSPECIFIED.,.F.,.F.,(4,1,1,4),(0.E0,3.333333333333E-1,6.666666666667E-1,1.E0),
.UNSPECIFIED.);
#648=B_SPLINE_CURVE_WITH_KNOTS('',3,(#642,#643,#644,#645,#646,#647),
.UNSPECIFIED.,.F.,.F.,(4,1,1,4),(0.E0,3.333333333333E-1,6.666666666667E-1,1.E0),
.UNSPECIFIED.);
#655=B_SPLINE_CURVE_WITH_KNOTS('',3,(#649,#650,#651,#652,#653,#654),
.UNSPECIFIED.,.F.,.F.,(4,1,1,4),(0.E0,3.333333333333E-1,6.666666666667E-1,1.E0),
.UNSPECIFIED.);
#662=B_SPLINE_CURVE_WITH_KNOTS('',3,(#656,#657,#658,#659,#660,#661),
.UNSPECIFIED.,.F.,.F.,(4,1,1,4),(0.E0,3.333333333333E-1,6.666666666667E-1,1.E0),
.UNSPECIFIED.);
#669=B_SPLINE_CURVE_WITH_KNOTS('',3,(#663,#664,#665,#666,#667,#668),
.UNSPECIFIED.,.F.,.F.,(4,1,1,4),(0.E0,3.333333333333E-1,6.666666666667E-1,1.E0),
.UNSPECIFIED.);
#676=B_SPLINE_CURVE_WITH_KNOTS('',3,(#670,#671,#672,#673,#674,#675),
.UNSPECIFIED.,.F.,.F.,(4,1,1,4),(0.E0,3.333333333333E-1,6.666666666667E-1,1.E0),
.UNSPECIFIED.);
#683=B_SPLINE_CURVE_WITH_KNOTS('',3,(#677,#678,#679,#680,#681,#682),
.UNSPECIFIED.,.F.,.F.,(4,1,1,4),(0.E0,3.333333333333E-1,6.666666666667E-1,1.E0),
.UNSPECIFIED.);
#704=B_SPLINE_CURVE_WITH_KNOTS('',3,(#684,#685,#686,#687,#688,#689,#690,#691,
#692,#693,#694,#695,#696,#697,#698,#699,#700,#701,#702,#703),.UNSPECIFIED.,.F.,
.F.,(4,1,1,1,1,1,1,1,1,1,1,1,1,1,1,1,1,4),(0.E0,5.882352941176E-2,
1.176470588235E-1,1.764705882353E-1,2.352941176471E-1,2.941176470588E-1,
3.529411764706E-1,4.117647058824E-1,4.705882352941E-1,5.294117647059E-1,
5.882352941176E-1,6.470588235294E-1,7.058823529412E-1,7.647058823529E-1,
8.235294117647E-1,8.823529411765E-1,9.411764705882E-1,1.E0),.UNSPECIFIED.);
#728=B_SPLINE_CURVE_WITH_KNOTS('',3,(#705,#706,#707,#708,#709,#710,#711,#712,
#713,#714,#715,#716,#717,#718,#719,#720,#721,#722,#723,#724,#725,#726,#727),
.UNSPECIFIED.,.F.,.F.,(4,1,1,1,1,1,1,1,1,1,1,1,1,1,1,1,1,1,1,1,4),(0.E0,5.E-2,
1.E-1,1.5E-1,2.E-1,2.5E-1,3.E-1,3.5E-1,4.E-1,4.5E-1,5.E-1,5.5E-1,6.E-1,6.5E-1,
7.E-1,7.5E-1,8.E-1,8.5E-1,9.E-1,9.5E-1,1.E0),.UNSPECIFIED.);
#738=B_SPLINE_CURVE_WITH_KNOTS('',3,(#729,#730,#731,#732,#733,#734,#735,#736,
#737),.UNSPECIFIED.,.F.,.F.,(4,1,1,1,1,1,4),(0.E0,1.666666666667E-1,
3.333333333333E-1,5.E-1,6.666666666667E-1,8.333333333333E-1,1.E0),
.UNSPECIFIED.);
#754=B_SPLINE_CURVE_WITH_KNOTS('',3,(#739,#740,#741,#742,#743,#744,#745,#746,
#747,#748,#749,#750,#751,#752,#753),.UNSPECIFIED.,.F.,.F.,(4,1,1,1,1,1,1,1,1,1,
1,1,4),(0.E0,8.333333333333E-2,1.666666666667E-1,2.5E-1,3.333333333333E-1,
4.166666666667E-1,5.E-1,5.833333333333E-1,6.666666666667E-1,7.5E-1,
8.333333333333E-1,9.166666666667E-1,1.E0),.UNSPECIFIED.);
#781=B_SPLINE_CURVE_WITH_KNOTS('',3,(#755,#756,#757,#758,#759,#760,#761,#762,
#763,#764,#765,#766,#767,#768,#769,#770,#771,#772,#773,#774,#775,#776,#777,#778,
#779,#780),.UNSPECIFIED.,.F.,.F.,(4,1,1,1,1,1,1,1,1,1,1,1,1,1,1,1,1,1,1,1,1,1,1,
4),(0.E0,4.347826086957E-2,8.695652173913E-2,1.304347826087E-1,
1.739130434783E-1,2.173913043478E-1,2.608695652174E-1,3.043478260870E-1,
3.478260869565E-1,3.913043478261E-1,4.347826086957E-1,4.782608695652E-1,
5.217391304348E-1,5.652173913043E-1,6.086956521739E-1,6.521739130435E-1,
6.956521739130E-1,7.391304347826E-1,7.826086956522E-1,8.260869565217E-1,
8.695652173913E-1,9.130434782609E-1,9.565217391304E-1,1.E0),.UNSPECIFIED.);
#797=B_SPLINE_CURVE_WITH_KNOTS('',3,(#782,#783,#784,#785,#786,#787,#788,#789,
#790,#791,#792,#793,#794,#795,#796),.UNSPECIFIED.,.F.,.F.,(4,1,1,1,1,1,1,1,1,1,
1,1,4),(0.E0,8.333333333333E-2,1.666666666667E-1,2.5E-1,3.333333333333E-1,
4.166666666667E-1,5.E-1,5.833333333333E-1,6.666666666667E-1,7.5E-1,
8.333333333333E-1,9.166666666667E-1,1.E0),.UNSPECIFIED.);
#813=B_SPLINE_CURVE_WITH_KNOTS('',3,(#798,#799,#800,#801,#802,#803,#804,#805,
#806,#807,#808,#809,#810,#811,#812),.UNSPECIFIED.,.F.,.F.,(4,1,1,1,1,1,1,1,1,1,
1,1,4),(0.E0,8.333333333333E-2,1.666666666667E-1,2.5E-1,3.333333333333E-1,
4.166666666667E-1,5.E-1,5.833333333333E-1,6.666666666667E-1,7.5E-1,
8.333333333333E-1,9.166666666667E-1,1.E0),.UNSPECIFIED.);
#820=B_SPLINE_CURVE_WITH_KNOTS('',3,(#814,#815,#816,#817,#818,#819),
.UNSPECIFIED.,.F.,.F.,(4,1,1,4),(0.E0,3.333333333333E-1,6.666666666667E-1,1.E0),
.UNSPECIFIED.);
#827=B_SPLINE_CURVE_WITH_KNOTS('',3,(#821,#822,#823,#824,#825,#826),
.UNSPECIFIED.,.F.,.F.,(4,1,1,4),(0.E0,3.333333333333E-1,6.666666666667E-1,1.E0),
.UNSPECIFIED.);
#834=B_SPLINE_CURVE_WITH_KNOTS('',3,(#828,#829,#830,#831,#832,#833),
.UNSPECIFIED.,.F.,.F.,(4,1,1,4),(0.E0,3.333333333333E-1,6.666666666667E-1,1.E0),
.UNSPECIFIED.);
#846=B_SPLINE_CURVE_WITH_KNOTS('',3,(#835,#836,#837,#838,#839,#840,#841,#842,
#843,#844,#845),.UNSPECIFIED.,.F.,.F.,(4,1,1,1,1,1,1,1,4),(0.E0,1.25E-1,2.5E-1,
3.75E-1,5.E-1,6.25E-1,7.5E-1,8.75E-1,1.E0),.UNSPECIFIED.);
#860=B_SPLINE_CURVE_WITH_KNOTS('',3,(#847,#848,#849,#850,#851,#852,#853,#854,
#855,#856,#857,#858,#859),.UNSPECIFIED.,.F.,.F.,(4,1,1,1,1,1,1,1,1,1,4),(0.E0,
1.E-1,2.E-1,3.E-1,4.E-1,5.E-1,6.E-1,7.E-1,8.E-1,9.E-1,1.E0),.UNSPECIFIED.);
#890=B_SPLINE_CURVE_WITH_KNOTS('',3,(#877,#878,#879,#880,#881,#882,#883,#884,
#885,#886,#887,#888,#889),.UNSPECIFIED.,.F.,.F.,(4,1,1,1,1,1,1,1,1,1,4),(0.E0,
1.E-1,2.E-1,3.E-1,4.E-1,5.E-1,6.E-1,7.E-1,8.E-1,9.E-1,1.E0),.UNSPECIFIED.);
#902=B_SPLINE_CURVE_WITH_KNOTS('',3,(#891,#892,#893,#894,#895,#896,#897,#898,
#899,#900,#901),.UNSPECIFIED.,.F.,.F.,(4,1,1,1,1,1,1,1,4),(0.E0,1.25E-1,2.5E-1,
3.75E-1,5.E-1,6.25E-1,7.5E-1,8.75E-1,1.E0),.UNSPECIFIED.);
#909=B_SPLINE_CURVE_WITH_KNOTS('',3,(#903,#904,#905,#906,#907,#908),
.UNSPECIFIED.,.F.,.F.,(4,1,1,4),(0.E0,3.333333333333E-1,6.666666666667E-1,1.E0),
.UNSPECIFIED.);
#916=B_SPLINE_CURVE_WITH_KNOTS('',3,(#910,#911,#912,#913,#914,#915),
.UNSPECIFIED.,.F.,.F.,(4,1,1,4),(0.E0,3.333333333333E-1,6.666666666667E-1,1.E0),
.UNSPECIFIED.);
#923=B_SPLINE_CURVE_WITH_KNOTS('',3,(#917,#918,#919,#920,#921,#922),
.UNSPECIFIED.,.F.,.F.,(4,1,1,4),(0.E0,3.333333333333E-1,6.666666666667E-1,1.E0),
.UNSPECIFIED.);
#933=B_SPLINE_CURVE_WITH_KNOTS('',3,(#924,#925,#926,#927,#928,#929,#930,#931,
#932),.UNSPECIFIED.,.F.,.F.,(4,1,1,1,1,1,4),(0.E0,1.666666666667E-1,
3.333333333333E-1,5.E-1,6.666666666667E-1,8.333333333333E-1,1.E0),
.UNSPECIFIED.);
#945=B_SPLINE_CURVE_WITH_KNOTS('',3,(#934,#935,#936,#937,#938,#939,#940,#941,
#942,#943,#944),.UNSPECIFIED.,.F.,.F.,(4,1,1,1,1,1,1,1,4),(0.E0,1.25E-1,2.5E-1,
3.75E-1,5.E-1,6.25E-1,7.5E-1,8.75E-1,1.E0),.UNSPECIFIED.);
#952=B_SPLINE_CURVE_WITH_KNOTS('',3,(#946,#947,#948,#949,#950,#951),
.UNSPECIFIED.,.F.,.F.,(4,1,1,4),(0.E0,3.333333333333E-1,6.666666666667E-1,1.E0),
.UNSPECIFIED.);
#959=B_SPLINE_CURVE_WITH_KNOTS('',3,(#953,#954,#955,#956,#957,#958),
.UNSPECIFIED.,.F.,.F.,(4,1,1,4),(0.E0,3.333333333333E-1,6.666666666667E-1,1.E0),
.UNSPECIFIED.);
#966=B_SPLINE_CURVE_WITH_KNOTS('',3,(#960,#961,#962,#963,#964,#965),
.UNSPECIFIED.,.F.,.F.,(4,1,1,4),(0.E0,3.333333333333E-1,6.666666666667E-1,1.E0),
.UNSPECIFIED.);
#973=B_SPLINE_CURVE_WITH_KNOTS('',3,(#967,#968,#969,#970,#971,#972),
.UNSPECIFIED.,.F.,.F.,(4,1,1,4),(0.E0,3.333333333333E-1,6.666666666667E-1,1.E0),
.UNSPECIFIED.);
#980=B_SPLINE_CURVE_WITH_KNOTS('',3,(#974,#975,#976,#977,#978,#979),
.UNSPECIFIED.,.F.,.F.,(4,1,1,4),(0.E0,3.333333333333E-1,6.666666666667E-1,1.E0),
.UNSPECIFIED.);
#987=B_SPLINE_CURVE_WITH_KNOTS('',3,(#981,#982,#983,#984,#985,#986),
.UNSPECIFIED.,.F.,.F.,(4,1,1,4),(0.E0,3.333333333333E-1,6.666666666667E-1,1.E0),
.UNSPECIFIED.);
#994=B_SPLINE_CURVE_WITH_KNOTS('',3,(#988,#989,#990,#991,#992,#993),
.UNSPECIFIED.,.F.,.F.,(4,1,1,4),(0.E0,3.333333333333E-1,6.666666666667E-1,1.E0),
.UNSPECIFIED.);
#1001=B_SPLINE_CURVE_WITH_KNOTS('',3,(#995,#996,#997,#998,#999,#1000),
.UNSPECIFIED.,.F.,.F.,(4,1,1,4),(0.E0,3.333333333333E-1,6.666666666667E-1,1.E0),
.UNSPECIFIED.);
#1008=B_SPLINE_CURVE_WITH_KNOTS('',3,(#1002,#1003,#1004,#1005,#1006,#1007),
.UNSPECIFIED.,.F.,.F.,(4,1,1,4),(0.E0,3.333333333333E-1,6.666666666667E-1,1.E0),
.UNSPECIFIED.);
#1015=B_SPLINE_CURVE_WITH_KNOTS('',3,(#1009,#1010,#1011,#1012,#1013,#1014),
.UNSPECIFIED.,.F.,.F.,(4,1,1,4),(0.E0,3.333333333333E-1,6.666666666667E-1,1.E0),
.UNSPECIFIED.);
#1022=B_SPLINE_CURVE_WITH_KNOTS('',3,(#1016,#1017,#1018,#1019,#1020,#1021),
.UNSPECIFIED.,.F.,.F.,(4,1,1,4),(0.E0,3.333333333333E-1,6.666666666667E-1,1.E0),
.UNSPECIFIED.);
#1029=B_SPLINE_CURVE_WITH_KNOTS('',3,(#1023,#1024,#1025,#1026,#1027,#1028),
.UNSPECIFIED.,.F.,.F.,(4,1,1,4),(0.E0,3.333333333333E-1,6.666666666667E-1,1.E0),
.UNSPECIFIED.);
#1036=B_SPLINE_CURVE_WITH_KNOTS('',3,(#1030,#1031,#1032,#1033,#1034,#1035),
.UNSPECIFIED.,.F.,.F.,(4,1,1,4),(0.E0,3.333333333333E-1,6.666666666667E-1,1.E0),
.UNSPECIFIED.);
#1043=B_SPLINE_CURVE_WITH_KNOTS('',3,(#1037,#1038,#1039,#1040,#1041,#1042),
.UNSPECIFIED.,.F.,.F.,(4,1,1,4),(0.E0,3.333333333333E-1,6.666666666667E-1,1.E0),
.UNSPECIFIED.);
#1050=B_SPLINE_CURVE_WITH_KNOTS('',3,(#1044,#1045,#1046,#1047,#1048,#1049),
.UNSPECIFIED.,.F.,.F.,(4,1,1,4),(0.E0,3.333333333333E-1,6.666666666667E-1,1.E0),
.UNSPECIFIED.);
#1055=CIRCLE('',#1054,1.52E1);
#1062=B_SPLINE_CURVE_WITH_KNOTS('',3,(#1056,#1057,#1058,#1059,#1060,#1061),
.UNSPECIFIED.,.F.,.F.,(4,1,1,4),(0.E0,3.333333333333E-1,6.666666666667E-1,1.E0),
.UNSPECIFIED.);
#1069=B_SPLINE_CURVE_WITH_KNOTS('',3,(#1063,#1064,#1065,#1066,#1067,#1068),
.UNSPECIFIED.,.F.,.F.,(4,1,1,4),(0.E0,3.333333333333E-1,6.666666666667E-1,1.E0),
.UNSPECIFIED.);
#1076=B_SPLINE_CURVE_WITH_KNOTS('',3,(#1070,#1071,#1072,#1073,#1074,#1075),
.UNSPECIFIED.,.F.,.F.,(4,1,1,4),(0.E0,3.333333333333E-1,6.666666666667E-1,1.E0),
.UNSPECIFIED.);
#1081=CIRCLE('',#1080,1.52E1);
#1088=B_SPLINE_CURVE_WITH_KNOTS('',3,(#1082,#1083,#1084,#1085,#1086,#1087),
.UNSPECIFIED.,.F.,.F.,(4,1,1,4),(0.E0,3.333333333333E-1,6.666666666667E-1,1.E0),
.UNSPECIFIED.);
#1095=B_SPLINE_CURVE_WITH_KNOTS('',3,(#1089,#1090,#1091,#1092,#1093,#1094),
.UNSPECIFIED.,.F.,.F.,(4,1,1,4),(0.E0,3.333333333333E-1,6.666666666667E-1,1.E0),
.UNSPECIFIED.);
#1102=B_SPLINE_CURVE_WITH_KNOTS('',3,(#1096,#1097,#1098,#1099,#1100,#1101),
.UNSPECIFIED.,.F.,.F.,(4,1,1,4),(0.E0,3.333333333333E-1,6.666666666667E-1,1.E0),
.UNSPECIFIED.);
#1109=B_SPLINE_CURVE_WITH_KNOTS('',3,(#1103,#1104,#1105,#1106,#1107,#1108),
.UNSPECIFIED.,.F.,.F.,(4,1,1,4),(0.E0,3.333333333333E-1,6.666666666667E-1,1.E0),
.UNSPECIFIED.);
#1116=B_SPLINE_CURVE_WITH_KNOTS('',3,(#1110,#1111,#1112,#1113,#1114,#1115),
.UNSPECIFIED.,.F.,.F.,(4,1,1,4),(0.E0,3.333333333333E-1,6.666666666667E-1,1.E0),
.UNSPECIFIED.);
#1123=B_SPLINE_CURVE_WITH_KNOTS('',3,(#1117,#1118,#1119,#1120,#1121,#1122),
.UNSPECIFIED.,.F.,.F.,(4,1,1,4),(0.E0,3.333333333333E-1,6.666666666667E-1,1.E0),
.UNSPECIFIED.);
#1130=B_SPLINE_CURVE_WITH_KNOTS('',3,(#1124,#1125,#1126,#1127,#1128,#1129),
.UNSPECIFIED.,.F.,.F.,(4,1,1,4),(0.E0,3.333333333333E-1,6.666666666667E-1,1.E0),
.UNSPECIFIED.);
#1137=B_SPLINE_CURVE_WITH_KNOTS('',3,(#1131,#1132,#1133,#1134,#1135,#1136),
.UNSPECIFIED.,.F.,.F.,(4,1,1,4),(0.E0,3.333333333333E-1,6.666666666667E-1,1.E0),
.UNSPECIFIED.);
#1144=B_SPLINE_CURVE_WITH_KNOTS('',3,(#1138,#1139,#1140,#1141,#1142,#1143),
.UNSPECIFIED.,.F.,.F.,(4,1,1,4),(0.E0,3.333333333333E-1,6.666666666667E-1,1.E0),
.UNSPECIFIED.);
#1151=B_SPLINE_CURVE_WITH_KNOTS('',3,(#1145,#1146,#1147,#1148,#1149,#1150),
.UNSPECIFIED.,.F.,.F.,(4,1,1,4),(0.E0,3.333333333333E-1,6.666666666667E-1,1.E0),
.UNSPECIFIED.);
#1158=B_SPLINE_CURVE_WITH_KNOTS('',3,(#1152,#1153,#1154,#1155,#1156,#1157),
.UNSPECIFIED.,.F.,.F.,(4,1,1,4),(0.E0,3.333333333333E-1,6.666666666667E-1,1.E0),
.UNSPECIFIED.);
#1165=B_SPLINE_CURVE_WITH_KNOTS('',3,(#1159,#1160,#1161,#1162,#1163,#1164),
.UNSPECIFIED.,.F.,.F.,(4,1,1,4),(0.E0,3.333333333333E-1,6.666666666667E-1,1.E0),
.UNSPECIFIED.);
#1172=B_SPLINE_CURVE_WITH_KNOTS('',3,(#1166,#1167,#1168,#1169,#1170,#1171),
.UNSPECIFIED.,.F.,.F.,(4,1,1,4),(0.E0,3.333333333333E-1,6.666666666667E-1,1.E0),
.UNSPECIFIED.);
#1179=B_SPLINE_CURVE_WITH_KNOTS('',3,(#1173,#1174,#1175,#1176,#1177,#1178),
.UNSPECIFIED.,.F.,.F.,(4,1,1,4),(0.E0,3.333333333333E-1,6.666666666667E-1,1.E0),
.UNSPECIFIED.);
#1186=B_SPLINE_CURVE_WITH_KNOTS('',3,(#1180,#1181,#1182,#1183,#1184,#1185),
.UNSPECIFIED.,.F.,.F.,(4,1,1,4),(0.E0,3.333333333333E-1,6.666666666667E-1,1.E0),
.UNSPECIFIED.);
#1193=B_SPLINE_CURVE_WITH_KNOTS('',3,(#1187,#1188,#1189,#1190,#1191,#1192),
.UNSPECIFIED.,.F.,.F.,(4,1,1,4),(0.E0,3.333333333333E-1,6.666666666667E-1,1.E0),
.UNSPECIFIED.);
#1200=B_SPLINE_CURVE_WITH_KNOTS('',3,(#1194,#1195,#1196,#1197,#1198,#1199),
.UNSPECIFIED.,.F.,.F.,(4,1,1,4),(0.E0,3.333333333333E-1,6.666666666667E-1,1.E0),
.UNSPECIFIED.);
#1207=B_SPLINE_CURVE_WITH_KNOTS('',3,(#1201,#1202,#1203,#1204,#1205,#1206),
.UNSPECIFIED.,.F.,.F.,(4,1,1,4),(0.E0,3.333333333333E-1,6.666666666667E-1,1.E0),
.UNSPECIFIED.);
#1214=B_SPLINE_CURVE_WITH_KNOTS('',3,(#1208,#1209,#1210,#1211,#1212,#1213),
.UNSPECIFIED.,.F.,.F.,(4,1,1,4),(0.E0,3.333333333333E-1,6.666666666667E-1,1.E0),
.UNSPECIFIED.);
#1221=B_SPLINE_CURVE_WITH_KNOTS('',3,(#1215,#1216,#1217,#1218,#1219,#1220),
.UNSPECIFIED.,.F.,.F.,(4,1,1,4),(0.E0,3.333333333333E-1,6.666666666667E-1,1.E0),
.UNSPECIFIED.);
#1228=B_SPLINE_CURVE_WITH_KNOTS('',3,(#1222,#1223,#1224,#1225,#1226,#1227),
.UNSPECIFIED.,.F.,.F.,(4,1,1,4),(0.E0,3.333333333333E-1,6.666666666667E-1,1.E0),
.UNSPECIFIED.);
#1235=B_SPLINE_CURVE_WITH_KNOTS('',3,(#1229,#1230,#1231,#1232,#1233,#1234),
.UNSPECIFIED.,.F.,.F.,(4,1,1,4),(0.E0,3.333333333333E-1,6.666666666667E-1,1.E0),
.UNSPECIFIED.);
#1242=B_SPLINE_CURVE_WITH_KNOTS('',3,(#1236,#1237,#1238,#1239,#1240,#1241),
.UNSPECIFIED.,.F.,.F.,(4,1,1,4),(0.E0,3.333333333333E-1,6.666666666667E-1,1.E0),
.UNSPECIFIED.);
#1249=B_SPLINE_CURVE_WITH_KNOTS('',3,(#1243,#1244,#1245,#1246,#1247,#1248),
.UNSPECIFIED.,.F.,.F.,(4,1,1,4),(0.E0,3.333333333333E-1,6.666666666667E-1,1.E0),
.UNSPECIFIED.);
#1256=B_SPLINE_CURVE_WITH_KNOTS('',3,(#1250,#1251,#1252,#1253,#1254,#1255),
.UNSPECIFIED.,.F.,.F.,(4,1,1,4),(0.E0,3.333333333333E-1,6.666666666667E-1,1.E0),
.UNSPECIFIED.);
#1263=B_SPLINE_CURVE_WITH_KNOTS('',3,(#1257,#1258,#1259,#1260,#1261,#1262),
.UNSPECIFIED.,.F.,.F.,(4,1,1,4),(0.E0,3.333333333333E-1,6.666666666667E-1,1.E0),
.UNSPECIFIED.);
#1270=B_SPLINE_CURVE_WITH_KNOTS('',3,(#1264,#1265,#1266,#1267,#1268,#1269),
.UNSPECIFIED.,.F.,.F.,(4,1,1,4),(0.E0,3.333333333333E-1,6.666666666667E-1,1.E0),
.UNSPECIFIED.);
#1277=B_SPLINE_CURVE_WITH_KNOTS('',3,(#1271,#1272,#1273,#1274,#1275,#1276),
.UNSPECIFIED.,.F.,.F.,(4,1,1,4),(0.E0,3.333333333333E-1,6.666666666667E-1,1.E0),
.UNSPECIFIED.);
#1284=B_SPLINE_CURVE_WITH_KNOTS('',3,(#1278,#1279,#1280,#1281,#1282,#1283),
.UNSPECIFIED.,.F.,.F.,(4,1,1,4),(0.E0,3.333333333333E-1,6.666666666667E-1,1.E0),
.UNSPECIFIED.);
#1291=B_SPLINE_CURVE_WITH_KNOTS('',3,(#1285,#1286,#1287,#1288,#1289,#1290),
.UNSPECIFIED.,.F.,.F.,(4,1,1,4),(0.E0,3.333333333333E-1,6.666666666667E-1,1.E0),
.UNSPECIFIED.);
#1305=B_SPLINE_CURVE_WITH_KNOTS('',3,(#1292,#1293,#1294,#1295,#1296,#1297,#1298,
#1299,#1300,#1301,#1302,#1303,#1304),.UNSPECIFIED.,.F.,.F.,(4,1,1,1,1,1,1,1,1,1,
4),(0.E0,1.E-1,2.E-1,3.E-1,4.E-1,5.E-1,6.E-1,7.E-1,8.E-1,9.E-1,1.E0),
.UNSPECIFIED.);
#1316=B_SPLINE_CURVE_WITH_KNOTS('',3,(#1306,#1307,#1308,#1309,#1310,#1311,#1312,
#1313,#1314,#1315),.UNSPECIFIED.,.F.,.F.,(4,1,1,1,1,1,1,4),(0.E0,
1.428571428571E-1,2.857142857143E-1,4.285714285714E-1,5.714285714286E-1,
7.142857142857E-1,8.571428571429E-1,1.E0),.UNSPECIFIED.);
#1323=B_SPLINE_CURVE_WITH_KNOTS('',3,(#1317,#1318,#1319,#1320,#1321,#1322),
.UNSPECIFIED.,.F.,.F.,(4,1,1,4),(0.E0,3.333333333333E-1,6.666666666667E-1,1.E0),
.UNSPECIFIED.);
#1330=B_SPLINE_CURVE_WITH_KNOTS('',3,(#1324,#1325,#1326,#1327,#1328,#1329),
.UNSPECIFIED.,.F.,.F.,(4,1,1,4),(0.E0,3.333333333333E-1,6.666666666667E-1,1.E0),
.UNSPECIFIED.);
#1337=B_SPLINE_CURVE_WITH_KNOTS('',3,(#1331,#1332,#1333,#1334,#1335,#1336),
.UNSPECIFIED.,.F.,.F.,(4,1,1,4),(0.E0,3.333333333333E-1,6.666666666667E-1,1.E0),
.UNSPECIFIED.);
#1349=B_SPLINE_CURVE_WITH_KNOTS('',3,(#1338,#1339,#1340,#1341,#1342,#1343,#1344,
#1345,#1346,#1347,#1348),.UNSPECIFIED.,.F.,.F.,(4,1,1,1,1,1,1,1,4),(0.E0,
1.25E-1,2.5E-1,3.75E-1,5.E-1,6.25E-1,7.5E-1,8.75E-1,1.E0),.UNSPECIFIED.);
#1372=B_SPLINE_CURVE_WITH_KNOTS('',3,(#1350,#1351,#1352,#1353,#1354,#1355,#1356,
#1357,#1358,#1359,#1360,#1361,#1362,#1363,#1364,#1365,#1366,#1367,#1368,#1369,
#1370,#1371),.UNSPECIFIED.,.F.,.F.,(4,1,1,1,1,1,1,1,1,1,1,1,1,1,1,1,1,1,1,4),(
0.E0,5.263157894737E-2,1.052631578947E-1,1.578947368421E-1,2.105263157895E-1,
2.631578947368E-1,3.157894736842E-1,3.684210526316E-1,4.210526315789E-1,
4.736842105263E-1,5.263157894737E-1,5.789473684211E-1,6.315789473684E-1,
6.842105263158E-1,7.368421052632E-1,7.894736842105E-1,8.421052631579E-1,
8.947368421053E-1,9.473684210526E-1,1.E0),.UNSPECIFIED.);
#1379=B_SPLINE_CURVE_WITH_KNOTS('',3,(#1373,#1374,#1375,#1376,#1377,#1378),
.UNSPECIFIED.,.F.,.F.,(4,1,1,4),(0.E0,3.333333333333E-1,6.666666666667E-1,1.E0),
.UNSPECIFIED.);
#1386=B_SPLINE_CURVE_WITH_KNOTS('',3,(#1380,#1381,#1382,#1383,#1384,#1385),
.UNSPECIFIED.,.F.,.F.,(4,1,1,4),(0.E0,3.333333333333E-1,6.666666666667E-1,1.E0),
.UNSPECIFIED.);
#1393=B_SPLINE_CURVE_WITH_KNOTS('',3,(#1387,#1388,#1389,#1390,#1391,#1392),
.UNSPECIFIED.,.F.,.F.,(4,1,1,4),(0.E0,3.333333333333E-1,6.666666666667E-1,1.E0),
.UNSPECIFIED.);
#1400=B_SPLINE_CURVE_WITH_KNOTS('',3,(#1394,#1395,#1396,#1397,#1398,#1399),
.UNSPECIFIED.,.F.,.F.,(4,1,1,4),(0.E0,3.333333333333E-1,6.666666666667E-1,1.E0),
.UNSPECIFIED.);
#1407=B_SPLINE_CURVE_WITH_KNOTS('',3,(#1401,#1402,#1403,#1404,#1405,#1406),
.UNSPECIFIED.,.F.,.F.,(4,1,1,4),(0.E0,3.333333333333E-1,6.666666666667E-1,1.E0),
.UNSPECIFIED.);
#1414=B_SPLINE_CURVE_WITH_KNOTS('',3,(#1408,#1409,#1410,#1411,#1412,#1413),
.UNSPECIFIED.,.F.,.F.,(4,1,1,4),(0.E0,3.333333333333E-1,6.666666666667E-1,1.E0),
.UNSPECIFIED.);
#1421=B_SPLINE_CURVE_WITH_KNOTS('',3,(#1415,#1416,#1417,#1418,#1419,#1420),
.UNSPECIFIED.,.F.,.F.,(4,1,1,4),(0.E0,3.333333333333E-1,6.666666666667E-1,1.E0),
.UNSPECIFIED.);
#1428=B_SPLINE_CURVE_WITH_KNOTS('',3,(#1422,#1423,#1424,#1425,#1426,#1427),
.UNSPECIFIED.,.F.,.F.,(4,1,1,4),(0.E0,3.333333333333E-1,6.666666666667E-1,1.E0),
.UNSPECIFIED.);
#1435=B_SPLINE_CURVE_WITH_KNOTS('',3,(#1429,#1430,#1431,#1432,#1433,#1434),
.UNSPECIFIED.,.F.,.F.,(4,1,1,4),(0.E0,3.333333333333E-1,6.666666666667E-1,1.E0),
.UNSPECIFIED.);
#1452=B_SPLINE_CURVE_WITH_KNOTS('',3,(#1440,#1441,#1442,#1443,#1444,#1445,#1446,
#1447,#1448,#1449,#1450,#1451),.UNSPECIFIED.,.F.,.F.,(4,1,1,1,1,1,1,1,1,4),
(0.E0,1.111111111111E-1,2.222222222222E-1,3.333333333333E-1,4.444444444444E-1,
5.555555555556E-1,6.666666666667E-1,7.777777777778E-1,8.888888888889E-1,1.E0),
.UNSPECIFIED.);
#1459=B_SPLINE_CURVE_WITH_KNOTS('',3,(#1453,#1454,#1455,#1456,#1457,#1458),
.UNSPECIFIED.,.F.,.F.,(4,1,1,4),(0.E0,3.333333333333E-1,6.666666666667E-1,1.E0),
.UNSPECIFIED.);
#1475=B_SPLINE_CURVE_WITH_KNOTS('',3,(#1460,#1461,#1462,#1463,#1464,#1465,#1466,
#1467,#1468,#1469,#1470,#1471,#1472,#1473,#1474),.UNSPECIFIED.,.F.,.F.,(4,1,1,1,
1,1,1,1,1,1,1,1,4),(0.E0,8.333333333333E-2,1.666666666667E-1,2.5E-1,
3.333333333333E-1,4.166666666667E-1,5.E-1,5.833333333333E-1,6.666666666667E-1,
7.5E-1,8.333333333333E-1,9.166666666667E-1,1.E0),.UNSPECIFIED.);
#1482=B_SPLINE_CURVE_WITH_KNOTS('',3,(#1476,#1477,#1478,#1479,#1480,#1481),
.UNSPECIFIED.,.F.,.F.,(4,1,1,4),(0.E0,3.333333333333E-1,6.666666666667E-1,1.E0),
.UNSPECIFIED.);
#1489=B_SPLINE_CURVE_WITH_KNOTS('',3,(#1483,#1484,#1485,#1486,#1487,#1488),
.UNSPECIFIED.,.F.,.F.,(4,1,1,4),(0.E0,3.333333333333E-1,6.666666666667E-1,1.E0),
.UNSPECIFIED.);
#1496=B_SPLINE_CURVE_WITH_KNOTS('',3,(#1490,#1491,#1492,#1493,#1494,#1495),
.UNSPECIFIED.,.F.,.F.,(4,1,1,4),(0.E0,3.333333333333E-1,6.666666666667E-1,1.E0),
.UNSPECIFIED.);
#1503=B_SPLINE_CURVE_WITH_KNOTS('',3,(#1497,#1498,#1499,#1500,#1501,#1502),
.UNSPECIFIED.,.F.,.F.,(4,1,1,4),(0.E0,3.333333333333E-1,6.666666666667E-1,1.E0),
.UNSPECIFIED.);
#1510=B_SPLINE_CURVE_WITH_KNOTS('',3,(#1504,#1505,#1506,#1507,#1508,#1509),
.UNSPECIFIED.,.F.,.F.,(4,1,1,4),(0.E0,3.333333333333E-1,6.666666666667E-1,1.E0),
.UNSPECIFIED.);
#1517=B_SPLINE_CURVE_WITH_KNOTS('',3,(#1511,#1512,#1513,#1514,#1515,#1516),
.UNSPECIFIED.,.F.,.F.,(4,1,1,4),(0.E0,3.333333333333E-1,6.666666666667E-1,1.E0),
.UNSPECIFIED.);
#1524=B_SPLINE_CURVE_WITH_KNOTS('',3,(#1518,#1519,#1520,#1521,#1522,#1523),
.UNSPECIFIED.,.F.,.F.,(4,1,1,4),(0.E0,3.333333333333E-1,6.666666666667E-1,1.E0),
.UNSPECIFIED.);
#1531=B_SPLINE_CURVE_WITH_KNOTS('',3,(#1525,#1526,#1527,#1528,#1529,#1530),
.UNSPECIFIED.,.F.,.F.,(4,1,1,4),(0.E0,3.333333333333E-1,6.666666666667E-1,1.E0),
.UNSPECIFIED.);
#1538=B_SPLINE_CURVE_WITH_KNOTS('',3,(#1532,#1533,#1534,#1535,#1536,#1537),
.UNSPECIFIED.,.F.,.F.,(4,1,1,4),(0.E0,3.333333333333E-1,6.666666666667E-1,1.E0),
.UNSPECIFIED.);
#1545=B_SPLINE_CURVE_WITH_KNOTS('',3,(#1539,#1540,#1541,#1542,#1543,#1544),
.UNSPECIFIED.,.F.,.F.,(4,1,1,4),(0.E0,3.333333333333E-1,6.666666666667E-1,1.E0),
.UNSPECIFIED.);
#1552=B_SPLINE_CURVE_WITH_KNOTS('',3,(#1546,#1547,#1548,#1549,#1550,#1551),
.UNSPECIFIED.,.F.,.F.,(4,1,1,4),(0.E0,3.333333333333E-1,6.666666666667E-1,1.E0),
.UNSPECIFIED.);
#1559=B_SPLINE_CURVE_WITH_KNOTS('',3,(#1553,#1554,#1555,#1556,#1557,#1558),
.UNSPECIFIED.,.F.,.F.,(4,1,1,4),(0.E0,3.333333333333E-1,6.666666666667E-1,1.E0),
.UNSPECIFIED.);
#1566=B_SPLINE_CURVE_WITH_KNOTS('',3,(#1560,#1561,#1562,#1563,#1564,#1565),
.UNSPECIFIED.,.F.,.F.,(4,1,1,4),(0.E0,3.333333333333E-1,6.666666666667E-1,1.E0),
.UNSPECIFIED.);
#1573=B_SPLINE_CURVE_WITH_KNOTS('',3,(#1567,#1568,#1569,#1570,#1571,#1572),
.UNSPECIFIED.,.F.,.F.,(4,1,1,4),(0.E0,3.333333333333E-1,6.666666666667E-1,1.E0),
.UNSPECIFIED.);
#1580=B_SPLINE_CURVE_WITH_KNOTS('',3,(#1574,#1575,#1576,#1577,#1578,#1579),
.UNSPECIFIED.,.F.,.F.,(4,1,1,4),(0.E0,3.333333333333E-1,6.666666666667E-1,1.E0),
.UNSPECIFIED.);
#1587=B_SPLINE_CURVE_WITH_KNOTS('',3,(#1581,#1582,#1583,#1584,#1585,#1586),
.UNSPECIFIED.,.F.,.F.,(4,1,1,4),(0.E0,3.333333333333E-1,6.666666666667E-1,1.E0),
.UNSPECIFIED.);
#1594=B_SPLINE_CURVE_WITH_KNOTS('',3,(#1588,#1589,#1590,#1591,#1592,#1593),
.UNSPECIFIED.,.F.,.F.,(4,1,1,4),(0.E0,3.333333333333E-1,6.666666666667E-1,1.E0),
.UNSPECIFIED.);
#1601=B_SPLINE_CURVE_WITH_KNOTS('',3,(#1595,#1596,#1597,#1598,#1599,#1600),
.UNSPECIFIED.,.F.,.F.,(4,1,1,4),(0.E0,3.333333333333E-1,6.666666666667E-1,1.E0),
.UNSPECIFIED.);
#1608=B_SPLINE_CURVE_WITH_KNOTS('',3,(#1602,#1603,#1604,#1605,#1606,#1607),
.UNSPECIFIED.,.F.,.F.,(4,1,1,4),(0.E0,3.333333333333E-1,6.666666666667E-1,1.E0),
.UNSPECIFIED.);
#1615=B_SPLINE_CURVE_WITH_KNOTS('',3,(#1609,#1610,#1611,#1612,#1613,#1614),
.UNSPECIFIED.,.F.,.F.,(4,1,1,4),(0.E0,3.333333333333E-1,6.666666666667E-1,1.E0),
.UNSPECIFIED.);
#1622=B_SPLINE_CURVE_WITH_KNOTS('',3,(#1616,#1617,#1618,#1619,#1620,#1621),
.UNSPECIFIED.,.F.,.F.,(4,1,1,4),(0.E0,3.333333333333E-1,6.666666666667E-1,1.E0),
.UNSPECIFIED.);
#1629=B_SPLINE_CURVE_WITH_KNOTS('',3,(#1623,#1624,#1625,#1626,#1627,#1628),
.UNSPECIFIED.,.F.,.F.,(4,1,1,4),(0.E0,3.333333333333E-1,6.666666666667E-1,1.E0),
.UNSPECIFIED.);
#1636=B_SPLINE_CURVE_WITH_KNOTS('',3,(#1630,#1631,#1632,#1633,#1634,#1635),
.UNSPECIFIED.,.F.,.F.,(4,1,1,4),(0.E0,3.333333333333E-1,6.666666666667E-1,1.E0),
.UNSPECIFIED.);
#1643=B_SPLINE_CURVE_WITH_KNOTS('',3,(#1637,#1638,#1639,#1640,#1641,#1642),
.UNSPECIFIED.,.F.,.F.,(4,1,1,4),(0.E0,3.333333333333E-1,6.666666666667E-1,1.E0),
.UNSPECIFIED.);
#1666=B_SPLINE_CURVE_WITH_KNOTS('',3,(#1644,#1645,#1646,#1647,#1648,#1649,#1650,
#1651,#1652,#1653,#1654,#1655,#1656,#1657,#1658,#1659,#1660,#1661,#1662,#1663,
#1664,#1665),.UNSPECIFIED.,.F.,.F.,(4,1,1,1,1,1,1,1,1,1,1,1,1,1,1,1,1,1,1,4),(
0.E0,5.263157894737E-2,1.052631578947E-1,1.578947368421E-1,2.105263157895E-1,
2.631578947368E-1,3.157894736842E-1,3.684210526316E-1,4.210526315789E-1,
4.736842105263E-1,5.263157894737E-1,5.789473684211E-1,6.315789473684E-1,
6.842105263158E-1,7.368421052632E-1,7.894736842105E-1,8.421052631579E-1,
8.947368421053E-1,9.473684210526E-1,1.E0),.UNSPECIFIED.);
#1678=B_SPLINE_CURVE_WITH_KNOTS('',3,(#1667,#1668,#1669,#1670,#1671,#1672,#1673,
#1674,#1675,#1676,#1677),.UNSPECIFIED.,.F.,.F.,(4,1,1,1,1,1,1,1,4),(0.E0,
1.25E-1,2.5E-1,3.75E-1,5.E-1,6.25E-1,7.5E-1,8.75E-1,1.E0),.UNSPECIFIED.);
#1685=B_SPLINE_CURVE_WITH_KNOTS('',3,(#1679,#1680,#1681,#1682,#1683,#1684),
.UNSPECIFIED.,.F.,.F.,(4,1,1,4),(0.E0,3.333333333333E-1,6.666666666667E-1,1.E0),
.UNSPECIFIED.);
#1692=B_SPLINE_CURVE_WITH_KNOTS('',3,(#1686,#1687,#1688,#1689,#1690,#1691),
.UNSPECIFIED.,.F.,.F.,(4,1,1,4),(0.E0,3.333333333333E-1,6.666666666667E-1,1.E0),
.UNSPECIFIED.);
#1699=B_SPLINE_CURVE_WITH_KNOTS('',3,(#1693,#1694,#1695,#1696,#1697,#1698),
.UNSPECIFIED.,.F.,.F.,(4,1,1,4),(0.E0,3.333333333333E-1,6.666666666667E-1,1.E0),
.UNSPECIFIED.);
#1710=B_SPLINE_CURVE_WITH_KNOTS('',3,(#1700,#1701,#1702,#1703,#1704,#1705,#1706,
#1707,#1708,#1709),.UNSPECIFIED.,.F.,.F.,(4,1,1,1,1,1,1,4),(0.E0,
1.428571428571E-1,2.857142857143E-1,4.285714285714E-1,5.714285714286E-1,
7.142857142857E-1,8.571428571429E-1,1.E0),.UNSPECIFIED.);
#1724=B_SPLINE_CURVE_WITH_KNOTS('',3,(#1711,#1712,#1713,#1714,#1715,#1716,#1717,
#1718,#1719,#1720,#1721,#1722,#1723),.UNSPECIFIED.,.F.,.F.,(4,1,1,1,1,1,1,1,1,1,
4),(0.E0,1.E-1,2.E-1,3.E-1,4.E-1,5.E-1,6.E-1,7.E-1,8.E-1,9.E-1,1.E0),
.UNSPECIFIED.);
#1731=B_SPLINE_CURVE_WITH_KNOTS('',3,(#1725,#1726,#1727,#1728,#1729,#1730),
.UNSPECIFIED.,.F.,.F.,(4,1,1,4),(0.E0,3.333333333333E-1,6.666666666667E-1,1.E0),
.UNSPECIFIED.);
#1738=B_SPLINE_CURVE_WITH_KNOTS('',3,(#1732,#1733,#1734,#1735,#1736,#1737),
.UNSPECIFIED.,.F.,.F.,(4,1,1,4),(0.E0,3.333333333333E-1,6.666666666667E-1,1.E0),
.UNSPECIFIED.);
#1745=B_SPLINE_CURVE_WITH_KNOTS('',3,(#1739,#1740,#1741,#1742,#1743,#1744),
.UNSPECIFIED.,.F.,.F.,(4,1,1,4),(0.E0,3.333333333333E-1,6.666666666667E-1,1.E0),
.UNSPECIFIED.);
#1752=B_SPLINE_CURVE_WITH_KNOTS('',3,(#1746,#1747,#1748,#1749,#1750,#1751),
.UNSPECIFIED.,.F.,.F.,(4,1,1,4),(0.E0,3.333333333333E-1,6.666666666667E-1,1.E0),
.UNSPECIFIED.);
#1759=B_SPLINE_CURVE_WITH_KNOTS('',3,(#1753,#1754,#1755,#1756,#1757,#1758),
.UNSPECIFIED.,.F.,.F.,(4,1,1,4),(0.E0,3.333333333333E-1,6.666666666667E-1,1.E0),
.UNSPECIFIED.);
#1766=B_SPLINE_CURVE_WITH_KNOTS('',3,(#1760,#1761,#1762,#1763,#1764,#1765),
.UNSPECIFIED.,.F.,.F.,(4,1,1,4),(0.E0,3.333333333333E-1,6.666666666667E-1,1.E0),
.UNSPECIFIED.);
#1773=B_SPLINE_CURVE_WITH_KNOTS('',3,(#1767,#1768,#1769,#1770,#1771,#1772),
.UNSPECIFIED.,.F.,.F.,(4,1,1,4),(0.E0,3.333333333333E-1,6.666666666667E-1,1.E0),
.UNSPECIFIED.);
#1780=B_SPLINE_CURVE_WITH_KNOTS('',3,(#1774,#1775,#1776,#1777,#1778,#1779),
.UNSPECIFIED.,.F.,.F.,(4,1,1,4),(0.E0,3.333333333333E-1,6.666666666667E-1,1.E0),
.UNSPECIFIED.);
#1787=B_SPLINE_CURVE_WITH_KNOTS('',3,(#1781,#1782,#1783,#1784,#1785,#1786),
.UNSPECIFIED.,.F.,.F.,(4,1,1,4),(0.E0,3.333333333333E-1,6.666666666667E-1,1.E0),
.UNSPECIFIED.);
#1811=B_SPLINE_CURVE_WITH_KNOTS('',3,(#1788,#1789,#1790,#1791,#1792,#1793,#1794,
#1795,#1796,#1797,#1798,#1799,#1800,#1801,#1802,#1803,#1804,#1805,#1806,#1807,
#1808,#1809,#1810),.UNSPECIFIED.,.F.,.F.,(4,1,1,1,1,1,1,1,1,1,1,1,1,1,1,1,1,1,1,
1,4),(0.E0,5.E-2,1.E-1,1.5E-1,2.E-1,2.5E-1,3.E-1,3.5E-1,4.E-1,4.5E-1,5.E-1,
5.5E-1,6.E-1,6.5E-1,7.E-1,7.5E-1,8.E-1,8.5E-1,9.E-1,9.5E-1,1.E0),.UNSPECIFIED.);
#1832=B_SPLINE_CURVE_WITH_KNOTS('',3,(#1812,#1813,#1814,#1815,#1816,#1817,#1818,
#1819,#1820,#1821,#1822,#1823,#1824,#1825,#1826,#1827,#1828,#1829,#1830,#1831),
.UNSPECIFIED.,.F.,.F.,(4,1,1,1,1,1,1,1,1,1,1,1,1,1,1,1,1,4),(0.E0,
5.882352941176E-2,1.176470588235E-1,1.764705882353E-1,2.352941176471E-1,
2.941176470588E-1,3.529411764706E-1,4.117647058824E-1,4.705882352941E-1,
5.294117647059E-1,5.882352941176E-1,6.470588235294E-1,7.058823529412E-1,
7.647058823529E-1,8.235294117647E-1,8.823529411765E-1,9.411764705882E-1,1.E0),
.UNSPECIFIED.);
#1837=CIRCLE('',#1836,1.5E1);
#1842=CIRCLE('',#1841,1.E1);
#1847=CIRCLE('',#1846,1.E1);
#1852=CIRCLE('',#1851,1.5E1);
#1859=B_SPLINE_CURVE_WITH_KNOTS('',3,(#1853,#1854,#1855,#1856,#1857,#1858),
.UNSPECIFIED.,.F.,.F.,(4,1,1,4),(0.E0,3.333333333333E-1,6.666666666667E-1,1.E0),
.UNSPECIFIED.);
#1866=B_SPLINE_CURVE_WITH_KNOTS('',3,(#1860,#1861,#1862,#1863,#1864,#1865),
.UNSPECIFIED.,.F.,.F.,(4,1,1,4),(0.E0,3.333333333333E-1,6.666666666667E-1,1.E0),
.UNSPECIFIED.);
#1873=B_SPLINE_CURVE_WITH_KNOTS('',3,(#1867,#1868,#1869,#1870,#1871,#1872),
.UNSPECIFIED.,.F.,.F.,(4,1,1,4),(0.E0,3.333333333333E-1,6.666666666667E-1,1.E0),
.UNSPECIFIED.);
#1880=B_SPLINE_CURVE_WITH_KNOTS('',3,(#1874,#1875,#1876,#1877,#1878,#1879),
.UNSPECIFIED.,.F.,.F.,(4,1,1,4),(0.E0,3.333333333333E-1,6.666666666667E-1,1.E0),
.UNSPECIFIED.);
#1887=B_SPLINE_CURVE_WITH_KNOTS('',3,(#1881,#1882,#1883,#1884,#1885,#1886),
.UNSPECIFIED.,.F.,.F.,(4,1,1,4),(0.E0,3.333333333333E-1,6.666666666667E-1,1.E0),
.UNSPECIFIED.);
#1894=B_SPLINE_CURVE_WITH_KNOTS('',3,(#1888,#1889,#1890,#1891,#1892,#1893),
.UNSPECIFIED.,.F.,.F.,(4,1,1,4),(0.E0,3.333333333333E-1,6.666666666667E-1,1.E0),
.UNSPECIFIED.);
#1899=CIRCLE('',#1898,1.5E1);
#1915=B_SPLINE_CURVE_WITH_KNOTS('',3,(#1900,#1901,#1902,#1903,#1904,#1905,#1906,
#1907,#1908,#1909,#1910,#1911,#1912,#1913,#1914),.UNSPECIFIED.,.F.,.F.,(4,1,1,1,
1,1,1,1,1,1,1,1,4),(0.E0,8.333333333333E-2,1.666666666667E-1,2.5E-1,
3.333333333333E-1,4.166666666667E-1,5.E-1,5.833333333333E-1,6.666666666667E-1,
7.5E-1,8.333333333333E-1,9.166666666667E-1,1.E0),.UNSPECIFIED.);
#1930=B_SPLINE_CURVE_WITH_KNOTS('',3,(#1916,#1917,#1918,#1919,#1920,#1921,#1922,
#1923,#1924,#1925,#1926,#1927,#1928,#1929),.UNSPECIFIED.,.F.,.F.,(4,1,1,1,1,1,1,
1,1,1,1,4),(0.E0,9.090909090909E-2,1.818181818182E-1,2.727272727273E-1,
3.636363636364E-1,4.545454545455E-1,5.454545454545E-1,6.363636363636E-1,
7.272727272727E-1,8.181818181818E-1,9.090909090909E-1,1.E0),.UNSPECIFIED.);
#1969=B_SPLINE_CURVE_WITH_KNOTS('',3,(#1931,#1932,#1933,#1934,#1935,#1936,#1937,
#1938,#1939,#1940,#1941,#1942,#1943,#1944,#1945,#1946,#1947,#1948,#1949,#1950,
#1951,#1952,#1953,#1954,#1955,#1956,#1957,#1958,#1959,#1960,#1961,#1962,#1963,
#1964,#1965,#1966,#1967,#1968),.UNSPECIFIED.,.F.,.F.,(4,1,1,1,1,1,1,1,1,1,1,1,1,
1,1,1,1,1,1,1,1,1,1,1,1,1,1,1,1,1,1,1,1,1,1,4),(0.E0,2.857142857143E-2,
5.714285714286E-2,8.571428571429E-2,1.142857142857E-1,1.428571428571E-1,
1.714285714286E-1,2.E-1,2.285714285714E-1,2.571428571429E-1,2.857142857143E-1,
3.142857142857E-1,3.428571428571E-1,3.714285714286E-1,4.E-1,4.285714285714E-1,
4.571428571429E-1,4.857142857143E-1,5.142857142857E-1,5.428571428571E-1,
5.714285714286E-1,6.E-1,6.285714285714E-1,6.571428571429E-1,6.857142857143E-1,
7.142857142857E-1,7.428571428571E-1,7.714285714286E-1,8.E-1,8.285714285714E-1,
8.571428571429E-1,8.857142857143E-1,9.142857142857E-1,9.428571428571E-1,
9.714285714286E-1,1.E0),.UNSPECIFIED.);
#1984=B_SPLINE_CURVE_WITH_KNOTS('',3,(#1970,#1971,#1972,#1973,#1974,#1975,#1976,
#1977,#1978,#1979,#1980,#1981,#1982,#1983),.UNSPECIFIED.,.F.,.F.,(4,1,1,1,1,1,1,
1,1,1,1,4),(0.E0,9.090909090909E-2,1.818181818182E-1,2.727272727273E-1,
3.636363636364E-1,4.545454545455E-1,5.454545454545E-1,6.363636363636E-1,
7.272727272727E-1,8.181818181818E-1,9.090909090909E-1,1.E0),.UNSPECIFIED.);
#2000=B_SPLINE_CURVE_WITH_KNOTS('',3,(#1985,#1986,#1987,#1988,#1989,#1990,#1991,
#1992,#1993,#1994,#1995,#1996,#1997,#1998,#1999),.UNSPECIFIED.,.F.,.F.,(4,1,1,1,
1,1,1,1,1,1,1,1,4),(0.E0,8.333333333333E-2,1.666666666667E-1,2.5E-1,
3.333333333333E-1,4.166666666667E-1,5.E-1,5.833333333333E-1,6.666666666667E-1,
7.5E-1,8.333333333333E-1,9.166666666667E-1,1.E0),.UNSPECIFIED.);
#2173=CIRCLE('',#2172,3.E0);
#2182=CIRCLE('',#2181,3.E0);
#2199=CIRCLE('',#2198,1.75E0);
#2208=CIRCLE('',#2207,1.75E0);
#2213=CIRCLE('',#2212,1.75E0);
#2218=CIRCLE('',#2217,1.75E0);
#2227=CIRCLE('',#2226,1.E1);
#2232=CIRCLE('',#2231,1.E1);
#2241=CIRCLE('',#2240,1.204985062148E2);
#2255=B_SPLINE_CURVE_WITH_KNOTS('',3,(#2242,#2243,#2244,#2245,#2246,#2247,#2248,
#2249,#2250,#2251,#2252,#2253,#2254),.UNSPECIFIED.,.F.,.F.,(4,1,1,1,1,1,1,1,1,1,
4),(0.E0,1.E-1,2.E-1,3.E-1,4.E-1,5.E-1,6.E-1,7.E-1,8.E-1,9.E-1,1.E0),
.UNSPECIFIED.);
#2260=CIRCLE('',#2259,1.204985062148E2);
#2265=CIRCLE('',#2264,4.4E0);
#2279=B_SPLINE_CURVE_WITH_KNOTS('',3,(#2266,#2267,#2268,#2269,#2270,#2271,#2272,
#2273,#2274,#2275,#2276,#2277,#2278),.UNSPECIFIED.,.F.,.F.,(4,1,1,1,1,1,1,1,1,1,
4),(0.E0,1.E-1,2.E-1,3.E-1,4.E-1,5.E-1,6.E-1,7.E-1,8.E-1,9.E-1,1.E0),
.UNSPECIFIED.);
#2284=CIRCLE('',#2283,5.6E0);
#2289=CIRCLE('',#2288,1.204985062148E2);
#2309=B_SPLINE_CURVE_WITH_KNOTS('',3,(#2290,#2291,#2292,#2293,#2294,#2295,#2296,
#2297,#2298,#2299,#2300,#2301,#2302,#2303,#2304,#2305,#2306,#2307,#2308),
.UNSPECIFIED.,.F.,.F.,(4,1,1,1,1,1,1,1,1,1,1,1,1,1,1,1,4),(0.E0,6.25E-2,1.25E-1,
1.875E-1,2.5E-1,3.125E-1,3.75E-1,4.375E-1,5.E-1,5.625E-1,6.25E-1,6.875E-1,
7.5E-1,8.125E-1,8.75E-1,9.375E-1,1.E0),.UNSPECIFIED.);
#2314=CIRCLE('',#2313,1.204985062148E2);
#2323=B_SPLINE_CURVE_WITH_KNOTS('',3,(#2315,#2316,#2317,#2318,#2319,#2320,#2321,
#2322),.UNSPECIFIED.,.F.,.F.,(4,1,1,1,1,4),(0.E0,2.E-1,4.E-1,6.E-1,8.E-1,1.E0),
.UNSPECIFIED.);
#2328=CIRCLE('',#2327,5.6E0);
#2342=B_SPLINE_CURVE_WITH_KNOTS('',3,(#2329,#2330,#2331,#2332,#2333,#2334,#2335,
#2336,#2337,#2338,#2339,#2340,#2341),.UNSPECIFIED.,.F.,.F.,(4,1,1,1,1,1,1,1,1,1,
4),(0.E0,1.E-1,2.E-1,3.E-1,4.E-1,5.E-1,6.E-1,7.E-1,8.E-1,9.E-1,1.E0),
.UNSPECIFIED.);
#2347=CIRCLE('',#2346,4.4E0);
#2352=CIRCLE('',#2351,8.3E0);
#2357=CIRCLE('',#2356,8.3E0);
#2366=CIRCLE('',#2365,8.3E0);
#2371=CIRCLE('',#2370,8.3E0);
#2376=CIRCLE('',#2375,1.205E2);
#2381=CIRCLE('',#2380,1.E1);
#2386=CIRCLE('',#2385,1.E1);
#2391=CIRCLE('',#2390,1.205E2);
#2396=CIRCLE('',#2395,7.1E0);
#2401=CIRCLE('',#2400,7.1E0);
#2406=CIRCLE('',#2405,1.205E2);
#2411=CIRCLE('',#2410,5.6E0);
#2425=B_SPLINE_CURVE_WITH_KNOTS('',3,(#2412,#2413,#2414,#2415,#2416,#2417,#2418,
#2419,#2420,#2421,#2422,#2423,#2424),.UNSPECIFIED.,.F.,.F.,(4,1,1,1,1,1,1,1,1,1,
4),(0.E0,1.E-1,2.E-1,3.E-1,4.E-1,5.E-1,6.E-1,7.E-1,8.E-1,9.E-1,1.E0),
.UNSPECIFIED.);
#2430=CIRCLE('',#2429,4.4E0);
#2435=CIRCLE('',#2434,1.204985062148E2);
#2440=CIRCLE('',#2439,1.205E2);
#2445=CIRCLE('',#2444,1.204985062148E2);
#2450=CIRCLE('',#2449,4.4E0);
#2455=CIRCLE('',#2454,1.205E2);
#2469=B_SPLINE_CURVE_WITH_KNOTS('',3,(#2456,#2457,#2458,#2459,#2460,#2461,#2462,
#2463,#2464,#2465,#2466,#2467,#2468),.UNSPECIFIED.,.F.,.F.,(4,1,1,1,1,1,1,1,1,1,
4),(0.E0,1.E-1,2.E-1,3.E-1,4.E-1,5.E-1,6.E-1,7.E-1,8.E-1,9.E-1,1.E0),
.UNSPECIFIED.);
#2474=CIRCLE('',#2473,4.4E0);
#2479=CIRCLE('',#2478,1.204985062148E2);
#2499=B_SPLINE_CURVE_WITH_KNOTS('',3,(#2480,#2481,#2482,#2483,#2484,#2485,#2486,
#2487,#2488,#2489,#2490,#2491,#2492,#2493,#2494,#2495,#2496,#2497,#2498),
.UNSPECIFIED.,.F.,.F.,(4,1,1,1,1,1,1,1,1,1,1,1,1,1,1,1,4),(0.E0,6.25E-2,1.25E-1,
1.875E-1,2.5E-1,3.125E-1,3.75E-1,4.375E-1,5.E-1,5.625E-1,6.25E-1,6.875E-1,
7.5E-1,8.125E-1,8.75E-1,9.375E-1,1.E0),.UNSPECIFIED.);
#2504=CIRCLE('',#2503,1.204985062148E2);
#2513=B_SPLINE_CURVE_WITH_KNOTS('',3,(#2505,#2506,#2507,#2508,#2509,#2510,#2511,
#2512),.UNSPECIFIED.,.F.,.F.,(4,1,1,1,1,4),(0.E0,2.E-1,4.E-1,6.E-1,8.E-1,1.E0),
.UNSPECIFIED.);
#2518=CIRCLE('',#2517,5.6E0);
#2527=CIRCLE('',#2526,8.3E0);
#2532=CIRCLE('',#2531,1.2E2);
#2537=CIRCLE('',#2536,7.1E0);
#2542=CIRCLE('',#2541,7.1E0);
#2547=CIRCLE('',#2546,1.2E2);
#2552=CIRCLE('',#2551,8.3E0);
#2557=CIRCLE('',#2556,1.199984999906E2);
#2562=CIRCLE('',#2561,1.2E2);
#2567=CIRCLE('',#2566,1.2E2);
#2572=CIRCLE('',#2571,1.199984999906E2);
#2577=CIRCLE('',#2576,4.4E0);
#2591=B_SPLINE_CURVE_WITH_KNOTS('',3,(#2578,#2579,#2580,#2581,#2582,#2583,#2584,
#2585,#2586,#2587,#2588,#2589,#2590),.UNSPECIFIED.,.F.,.F.,(4,1,1,1,1,1,1,1,1,1,
4),(0.E0,1.E-1,2.E-1,3.E-1,4.E-1,5.E-1,6.E-1,7.E-1,8.E-1,9.E-1,1.E0),
.UNSPECIFIED.);
#2596=CIRCLE('',#2595,5.6E0);
#2601=CIRCLE('',#2600,1.2E2);
#2606=CIRCLE('',#2605,4.4E0);
#2620=B_SPLINE_CURVE_WITH_KNOTS('',3,(#2607,#2608,#2609,#2610,#2611,#2612,#2613,
#2614,#2615,#2616,#2617,#2618,#2619),.UNSPECIFIED.,.F.,.F.,(4,1,1,1,1,1,1,1,1,1,
4),(0.E0,1.E-1,2.E-1,3.E-1,4.E-1,5.E-1,6.E-1,7.E-1,8.E-1,9.E-1,1.E0),
.UNSPECIFIED.);
#2625=CIRCLE('',#2624,5.6E0);
#2634=B_SPLINE_CURVE_WITH_KNOTS('',3,(#2626,#2627,#2628,#2629,#2630,#2631,#2632,
#2633),.UNSPECIFIED.,.F.,.F.,(4,1,1,1,1,4),(0.E0,2.E-1,4.E-1,6.E-1,8.E-1,1.E0),
.UNSPECIFIED.);
#2639=CIRCLE('',#2638,1.199984999906E2);
#2659=B_SPLINE_CURVE_WITH_KNOTS('',3,(#2640,#2641,#2642,#2643,#2644,#2645,#2646,
#2647,#2648,#2649,#2650,#2651,#2652,#2653,#2654,#2655,#2656,#2657,#2658),
.UNSPECIFIED.,.F.,.F.,(4,1,1,1,1,1,1,1,1,1,1,1,1,1,1,1,4),(0.E0,6.25E-2,1.25E-1,
1.875E-1,2.5E-1,3.125E-1,3.75E-1,4.375E-1,5.E-1,5.625E-1,6.25E-1,6.875E-1,
7.5E-1,8.125E-1,8.75E-1,9.375E-1,1.E0),.UNSPECIFIED.);
#2664=CIRCLE('',#2663,1.199984999906E2);
#2669=CIRCLE('',#2668,4.4E0);
#2683=B_SPLINE_CURVE_WITH_KNOTS('',3,(#2670,#2671,#2672,#2673,#2674,#2675,#2676,
#2677,#2678,#2679,#2680,#2681,#2682),.UNSPECIFIED.,.F.,.F.,(4,1,1,1,1,1,1,1,1,1,
4),(0.E0,1.E-1,2.E-1,3.E-1,4.E-1,5.E-1,6.E-1,7.E-1,8.E-1,9.E-1,1.E0),
.UNSPECIFIED.);
#2688=CIRCLE('',#2687,1.199984999906E2);
#2693=CIRCLE('',#2692,1.199984999906E2);
#2698=CIRCLE('',#2697,4.4E0);
#2703=CIRCLE('',#2702,5.6E0);
#2717=B_SPLINE_CURVE_WITH_KNOTS('',3,(#2704,#2705,#2706,#2707,#2708,#2709,#2710,
#2711,#2712,#2713,#2714,#2715,#2716),.UNSPECIFIED.,.F.,.F.,(4,1,1,1,1,1,1,1,1,1,
4),(0.E0,1.E-1,2.E-1,3.E-1,4.E-1,5.E-1,6.E-1,7.E-1,8.E-1,9.E-1,1.E0),
.UNSPECIFIED.);
#2722=CIRCLE('',#2721,1.199984999906E2);
#2727=CIRCLE('',#2726,4.4E0);
#2741=B_SPLINE_CURVE_WITH_KNOTS('',3,(#2728,#2729,#2730,#2731,#2732,#2733,#2734,
#2735,#2736,#2737,#2738,#2739,#2740),.UNSPECIFIED.,.F.,.F.,(4,1,1,1,1,1,1,1,1,1,
4),(0.E0,1.E-1,2.E-1,3.E-1,4.E-1,5.E-1,6.E-1,7.E-1,8.E-1,9.E-1,1.E0),
.UNSPECIFIED.);
#2746=CIRCLE('',#2745,5.6E0);
#2755=B_SPLINE_CURVE_WITH_KNOTS('',3,(#2747,#2748,#2749,#2750,#2751,#2752,#2753,
#2754),.UNSPECIFIED.,.F.,.F.,(4,1,1,1,1,4),(0.E0,2.E-1,4.E-1,6.E-1,8.E-1,1.E0),
.UNSPECIFIED.);
#2760=CIRCLE('',#2759,1.199984999906E2);
#2780=B_SPLINE_CURVE_WITH_KNOTS('',3,(#2761,#2762,#2763,#2764,#2765,#2766,#2767,
#2768,#2769,#2770,#2771,#2772,#2773,#2774,#2775,#2776,#2777,#2778,#2779),
.UNSPECIFIED.,.F.,.F.,(4,1,1,1,1,1,1,1,1,1,1,1,1,1,1,1,4),(0.E0,6.25E-2,1.25E-1,
1.875E-1,2.5E-1,3.125E-1,3.75E-1,4.375E-1,5.E-1,5.625E-1,6.25E-1,6.875E-1,
7.5E-1,8.125E-1,8.75E-1,9.375E-1,1.E0),.UNSPECIFIED.);
#2785=CIRCLE('',#2784,7.1E0);
#2790=CIRCLE('',#2789,7.1E0);
#2975=CIRCLE('',#2974,3.E0);
#2984=CIRCLE('',#2983,3.E0);
#3001=CIRCLE('',#3000,1.75E0);
#3010=CIRCLE('',#3009,1.75E0);
#3015=CIRCLE('',#3014,1.75E0);
#3020=CIRCLE('',#3019,1.75E0);
#3037=CIRCLE('',#3036,3.5E0);
#3042=CIRCLE('',#3041,3.8E0);
#3047=CIRCLE('',#3046,3.E-1);
#3052=CIRCLE('',#3051,3.E-1);
#3057=CIRCLE('',#3056,1.E0);
#3062=CIRCLE('',#3061,7.E-1);
#3071=CIRCLE('',#3070,1.7E0);
#3080=CIRCLE('',#3079,7.E-1);
#3085=CIRCLE('',#3084,7.E-1);
#3094=CIRCLE('',#3093,1.7E0);
#3103=CIRCLE('',#3102,7.E-1);
#3108=CIRCLE('',#3107,3.E-1);
#3125=CIRCLE('',#3124,1.E0);
#3130=CIRCLE('',#3129,2.E0);
#3139=CIRCLE('',#3138,3.E-1);
#3144=CIRCLE('',#3143,3.E-1);
#3157=CIRCLE('',#3156,1.E0);
#3170=CIRCLE('',#3169,1.E0);
#3187=CIRCLE('',#3186,3.E-1);
#3192=CIRCLE('',#3191,3.E-1);
#3197=CIRCLE('',#3196,2.E0);
#3214=CIRCLE('',#3213,1.E0);
#3219=CIRCLE('',#3218,3.E-1);
#3224=CIRCLE('',#3223,1.E0);
#3229=CIRCLE('',#3228,3.E-1);
#3234=CIRCLE('',#3233,3.E-1);
#3239=CIRCLE('',#3238,1.E0);
#3244=CIRCLE('',#3243,3.5E0);
#3249=CIRCLE('',#3248,3.8E0);
#3254=CIRCLE('',#3253,3.E-1);
#3259=CIRCLE('',#3258,3.E-1);
#3264=CIRCLE('',#3263,1.E0);
#3683=EDGE_CURVE('',#3267,#3268,#222,.T.);
#3685=EDGE_CURVE('',#3268,#3270,#227,.T.);
#3687=EDGE_CURVE('',#3270,#3272,#231,.T.);
#3689=EDGE_CURVE('',#3272,#3274,#236,.T.);
#3691=EDGE_CURVE('',#3274,#3276,#240,.T.);
#3693=EDGE_CURVE('',#3276,#3278,#245,.T.);
#3695=EDGE_CURVE('',#3278,#3280,#249,.T.);
#3697=EDGE_CURVE('',#3280,#3267,#254,.T.);
#3701=EDGE_CURVE('',#3547,#3548,#259,.T.);
#3703=EDGE_CURVE('',#3548,#3547,#264,.T.);
#3707=EDGE_CURVE('',#3551,#3552,#269,.T.);
#3709=EDGE_CURVE('',#3552,#3551,#274,.T.);
#3713=EDGE_CURVE('',#3595,#3647,#279,.T.);
#3715=EDGE_CURVE('',#3599,#3595,#3214,.T.);
#3717=EDGE_CURVE('',#3599,#3587,#283,.T.);
#3719=EDGE_CURVE('',#3587,#3588,#288,.T.);
#3721=EDGE_CURVE('',#3588,#3616,#292,.T.);
#3723=EDGE_CURVE('',#3619,#3616,#3170,.T.);
#3725=EDGE_CURVE('',#3623,#3619,#297,.T.);
#3727=EDGE_CURVE('',#3627,#3623,#3157,.T.);
#3729=EDGE_CURVE('',#3627,#3591,#301,.T.);
#3731=EDGE_CURVE('',#3591,#3592,#306,.T.);
#3733=EDGE_CURVE('',#3592,#3644,#310,.T.);
#3735=EDGE_CURVE('',#3647,#3644,#3125,.T.);
#3739=ADVANCED_FACE('',(#3700,#3706,#3712,#3738),#3682,.F.);
#3745=EDGE_CURVE('',#3676,#3659,#337,.T.);
#3747=EDGE_CURVE('',#3268,#3676,#578,.T.);
#3750=EDGE_CURVE('',#3267,#3659,#341,.T.);
#3754=ADVANCED_FACE('',(#3753),#3744,.T.);
#3861=EDGE_CURVE('',#3659,#3661,#351,.T.);
#3863=EDGE_CURVE('',#3677,#3661,#781,.T.);
#3865=EDGE_CURVE('',#3676,#3677,#346,.T.);
#3869=ADVANCED_FACE('',(#3868),#3859,.T.);
#3931=EDGE_CURVE('',#3659,#3660,#367,.T.);
#3933=EDGE_CURVE('',#3660,#3662,#412,.T.);
#3935=EDGE_CURVE('',#3661,#3662,#797,.T.);
#3940=ADVANCED_FACE('',(#3939),#3930,.T.);
#3949=EDGE_CURVE('',#3280,#3660,#371,.T.);
#3953=ADVANCED_FACE('',(#3952),#3945,.T.);
#3959=EDGE_CURVE('',#3660,#3663,#387,.T.);
#3963=EDGE_CURVE('',#3278,#3665,#391,.T.);
#3965=EDGE_CURVE('',#3663,#3665,#407,.T.);
#3969=ADVANCED_FACE('',(#3968),#3958,.T.);
#4032=EDGE_CURVE('',#3663,#3664,#417,.T.);
#4034=EDGE_CURVE('',#3662,#3664,#813,.T.);
#4039=ADVANCED_FACE('',(#4038),#4030,.T.);
#4106=EDGE_CURVE('',#3665,#3666,#422,.T.);
#4108=EDGE_CURVE('',#3664,#3666,#1915,.T.);
#4113=ADVANCED_FACE('',(#4112),#4104,.T.);
#4171=EDGE_CURVE('',#3665,#3667,#437,.T.);
#4173=EDGE_CURVE('',#3667,#3668,#489,.T.);
#4175=EDGE_CURVE('',#3666,#3668,#1930,.T.);
#4180=ADVANCED_FACE('',(#4179),#4170,.T.);
#4189=EDGE_CURVE('',#3276,#3667,#441,.T.);
#4193=ADVANCED_FACE('',(#4192),#4185,.T.);
#4199=EDGE_CURVE('',#3667,#3669,#480,.T.);
#4203=EDGE_CURVE('',#3274,#3669,#484,.T.);
#4207=ADVANCED_FACE('',(#4206),#4198,.T.);
#4362=EDGE_CURVE('',#3669,#3670,#494,.T.);
#4364=EDGE_CURVE('',#3668,#3670,#1969,.T.);
#4369=ADVANCED_FACE('',(#4368),#4360,.T.);
#4427=EDGE_CURVE('',#3669,#3671,#509,.T.);
#4429=EDGE_CURVE('',#3671,#3672,#548,.T.);
#4431=EDGE_CURVE('',#3670,#3672,#1984,.T.);
#4436=ADVANCED_FACE('',(#4435),#4426,.T.);
#4445=EDGE_CURVE('',#3272,#3671,#513,.T.);
#4449=ADVANCED_FACE('',(#4448),#4441,.T.);
#4455=EDGE_CURVE('',#3671,#3673,#529,.T.);
#4459=EDGE_CURVE('',#3270,#3674,#533,.T.);
#4461=EDGE_CURVE('',#3673,#3674,#543,.T.);
#4465=ADVANCED_FACE('',(#4464),#4454,.T.);
#4528=EDGE_CURVE('',#3673,#3658,#553,.T.);
#4530=EDGE_CURVE('',#3672,#3658,#2000,.T.);
#4535=ADVANCED_FACE('',(#4534),#4526,.T.);
#4574=EDGE_CURVE('',#3674,#3675,#558,.T.);
#4576=EDGE_CURVE('',#3658,#3675,#738,.T.);
#4581=ADVANCED_FACE('',(#4580),#4572,.T.);
#4643=EDGE_CURVE('',#3674,#3676,#574,.T.);
#4646=EDGE_CURVE('',#3675,#3677,#754,.T.);
#4651=ADVANCED_FACE('',(#4650),#4642,.T.);
#4663=ADVANCED_FACE('',(#4662),#4656,.T.);
#4681=EDGE_CURVE('',#3350,#3658,#1837,.T.);
#4688=EDGE_CURVE('',#3415,#3664,#1899,.T.);
#4690=EDGE_CURVE('',#3413,#3415,#820,.T.);
#4692=EDGE_CURVE('',#3411,#3413,#827,.T.);
#4694=EDGE_CURVE('',#3409,#3411,#834,.T.);
#4696=EDGE_CURVE('',#3407,#3409,#846,.T.);
#4698=EDGE_CURVE('',#3402,#3407,#860,.T.);
#4700=EDGE_CURVE('',#3344,#3402,#1852,.T.);
#4702=EDGE_CURVE('',#3350,#3344,#2232,.T.);
#4706=EDGE_CURVE('',#3427,#3428,#613,.T.);
#4708=EDGE_CURVE('',#3447,#3427,#620,.T.);
#4710=EDGE_CURVE('',#3445,#3447,#627,.T.);
#4712=EDGE_CURVE('',#3443,#3445,#634,.T.);
#4714=EDGE_CURVE('',#3441,#3443,#641,.T.);
#4716=EDGE_CURVE('',#3439,#3441,#648,.T.);
#4718=EDGE_CURVE('',#3437,#3439,#655,.T.);
#4720=EDGE_CURVE('',#3435,#3437,#662,.T.);
#4722=EDGE_CURVE('',#3433,#3435,#669,.T.);
#4724=EDGE_CURVE('',#3431,#3433,#676,.T.);
#4726=EDGE_CURVE('',#3428,#3431,#683,.T.);
#4730=EDGE_CURVE('',#3582,#3584,#704,.T.);
#4732=EDGE_CURVE('',#3584,#3582,#728,.T.);
#4736=EDGE_CURVE('',#3419,#3420,#585,.T.);
#4738=EDGE_CURVE('',#3425,#3419,#592,.T.);
#4740=EDGE_CURVE('',#3423,#3425,#599,.T.);
#4742=EDGE_CURVE('',#3420,#3423,#606,.T.);
#4746=ADVANCED_FACE('',(#4705,#4729,#4735,#4745),#4680,.T.);
#4753=EDGE_CURVE('',#3420,#3422,#864,.T.);
#4755=EDGE_CURVE('',#3421,#3422,#952,.T.);
#4757=EDGE_CURVE('',#3419,#3421,#876,.T.);
#4761=ADVANCED_FACE('',(#4760),#4751,.F.);
#4768=EDGE_CURVE('',#3423,#3424,#868,.T.);
#4770=EDGE_CURVE('',#3422,#3424,#959,.T.);
#4775=ADVANCED_FACE('',(#4774),#4766,.F.);
#4782=EDGE_CURVE('',#3425,#3426,#872,.T.);
#4784=EDGE_CURVE('',#3424,#3426,#966,.T.);
#4789=ADVANCED_FACE('',(#4788),#4780,.F.);
#4797=EDGE_CURVE('',#3426,#3421,#973,.T.);
#4802=ADVANCED_FACE('',(#4801),#4794,.F.);
#4820=EDGE_CURVE('',#3405,#3406,#1055,.T.);
#4822=EDGE_CURVE('',#3405,#3408,#890,.T.);
#4824=EDGE_CURVE('',#3408,#3410,#902,.T.);
#4826=EDGE_CURVE('',#3410,#3412,#909,.T.);
#4828=EDGE_CURVE('',#3412,#3414,#916,.T.);
#4830=EDGE_CURVE('',#3414,#3416,#923,.T.);
#4832=EDGE_CURVE('',#3417,#3416,#1081,.T.);
#4834=EDGE_CURVE('',#3417,#3418,#933,.T.);
#4836=EDGE_CURVE('',#3418,#3406,#945,.T.);
#4840=ADVANCED_FACE('',(#4839),#4819,.T.);
#4864=ADVANCED_FACE('',(#4863),#4857,.T.);
#4882=EDGE_CURVE('',#3429,#3430,#980,.T.);
#4884=EDGE_CURVE('',#3430,#3432,#987,.T.);
#4886=EDGE_CURVE('',#3432,#3434,#994,.T.);
#4888=EDGE_CURVE('',#3434,#3436,#1001,.T.);
#4890=EDGE_CURVE('',#3436,#3438,#1008,.T.);
#4892=EDGE_CURVE('',#3438,#3440,#1015,.T.);
#4894=EDGE_CURVE('',#3440,#3442,#1022,.T.);
#4896=EDGE_CURVE('',#3442,#3444,#1029,.T.);
#4898=EDGE_CURVE('',#3444,#3446,#1036,.T.);
#4900=EDGE_CURVE('',#3446,#3448,#1043,.T.);
#4902=EDGE_CURVE('',#3448,#3429,#1050,.T.);
#4906=ADVANCED_FACE('',(#4905),#4881,.T.);
#4925=EDGE_CURVE('',#3406,#3540,#1062,.T.);
#4927=EDGE_CURVE('',#3540,#3539,#1069,.T.);
#4929=EDGE_CURVE('',#3539,#3417,#1076,.T.);
#4932=EDGE_CURVE('',#3416,#3536,#1088,.T.);
#4934=EDGE_CURVE('',#3536,#3538,#1095,.T.);
#4936=EDGE_CURVE('',#3538,#3531,#1102,.T.);
#4938=EDGE_CURVE('',#3531,#3532,#1109,.T.);
#4940=EDGE_CURVE('',#3532,#3534,#1116,.T.);
#4942=EDGE_CURVE('',#3534,#3405,#1123,.T.);
#4946=ADVANCED_FACE('',(#4945),#4923,.T.);
#4964=EDGE_CURVE('',#3451,#3452,#1130,.T.);
#4966=EDGE_CURVE('',#3452,#3454,#1137,.T.);
#4968=EDGE_CURVE('',#3454,#3456,#1144,.T.);
#4970=EDGE_CURVE('',#3456,#3458,#1151,.T.);
#4972=EDGE_CURVE('',#3458,#3460,#1158,.T.);
#4974=EDGE_CURVE('',#3460,#3462,#1165,.T.);
#4976=EDGE_CURVE('',#3462,#3464,#1172,.T.);
#4978=EDGE_CURVE('',#3464,#3466,#1179,.T.);
#4980=EDGE_CURVE('',#3466,#3468,#1186,.T.);
#4982=EDGE_CURVE('',#3468,#3451,#1193,.T.);
#4986=ADVANCED_FACE('',(#4985),#4963,.T.);
#5004=EDGE_CURVE('',#3471,#3472,#1200,.T.);
#5006=EDGE_CURVE('',#3472,#3474,#1207,.T.);
#5008=EDGE_CURVE('',#3474,#3476,#1214,.T.);
#5010=EDGE_CURVE('',#3476,#3478,#1221,.T.);
#5012=EDGE_CURVE('',#3478,#3480,#1228,.T.);
#5014=EDGE_CURVE('',#3480,#3482,#1235,.T.);
#5016=EDGE_CURVE('',#3482,#3484,#1242,.T.);
#5018=EDGE_CURVE('',#3484,#3486,#1249,.T.);
#5020=EDGE_CURVE('',#3486,#3488,#1256,.T.);
#5022=EDGE_CURVE('',#3488,#3490,#1263,.T.);
#5024=EDGE_CURVE('',#3490,#3492,#1270,.T.);
#5026=EDGE_CURVE('',#3492,#3471,#1277,.T.);
#5030=ADVANCED_FACE('',(#5029),#5003,.T.);
#5048=EDGE_CURVE('',#3495,#3496,#1284,.T.);
#5050=EDGE_CURVE('',#3496,#3498,#1291,.T.);
#5052=EDGE_CURVE('',#3498,#3500,#1305,.T.);
#5054=EDGE_CURVE('',#3500,#3502,#1316,.T.);
#5056=EDGE_CURVE('',#3502,#3504,#1323,.T.);
#5058=EDGE_CURVE('',#3504,#3506,#1330,.T.);
#5060=EDGE_CURVE('',#3506,#3508,#1337,.T.);
#5062=EDGE_CURVE('',#3508,#3510,#1349,.T.);
#5064=EDGE_CURVE('',#3510,#3512,#1372,.T.);
#5066=EDGE_CURVE('',#3512,#3495,#1379,.T.);
#5070=ADVANCED_FACE('',(#5069),#5047,.T.);
#5088=EDGE_CURVE('',#3515,#3516,#1386,.T.);
#5090=EDGE_CURVE('',#3516,#3518,#1393,.T.);
#5092=EDGE_CURVE('',#3518,#3520,#1400,.T.);
#5094=EDGE_CURVE('',#3520,#3522,#1407,.T.);
#5096=EDGE_CURVE('',#3522,#3524,#1414,.T.);
#5098=EDGE_CURVE('',#3524,#3526,#1421,.T.);
#5100=EDGE_CURVE('',#3526,#3528,#1428,.T.);
#5102=EDGE_CURVE('',#3528,#3515,#1435,.T.);
#5106=ADVANCED_FACE('',(#5105),#5087,.T.);
#5114=B_SPLINE_CURVE_WITH_KNOTS('',3,(#5107,#5108,#5109,#5110,#5111,#5112,
#5113),.UNSPECIFIED.,.F.,.F.,(4,1,1,1,4),(0.E0,2.5E-1,5.E-1,7.5E-1,1.E0),
.UNSPECIFIED.);
#5118=EDGE_CURVE('',#3541,#3544,#1475,.T.);
#5120=EDGE_CURVE('',#3541,#3540,#1439,.T.);
#5124=EDGE_CURVE('',#3544,#3418,#2004,.T.);
#5128=ADVANCED_FACE('',(#5127),#5117,.T.);
#5158=EDGE_CURVE('',#3544,#3542,#1452,.T.);
#5160=EDGE_CURVE('',#3541,#3542,#1459,.T.);
#5165=ADVANCED_FACE('',(#5164),#5157,.T.);
#5196=EDGE_CURVE('',#3350,#3343,#1842,.T.);
#5198=EDGE_CURVE('',#3343,#3344,#1847,.T.);
#5201=EDGE_CURVE('',#3533,#3402,#1859,.T.);
#5203=EDGE_CURVE('',#3530,#3533,#1866,.T.);
#5205=EDGE_CURVE('',#3529,#3530,#1873,.T.);
#5207=EDGE_CURVE('',#3537,#3529,#1880,.T.);
#5209=EDGE_CURVE('',#3535,#3537,#1887,.T.);
#5211=EDGE_CURVE('',#3415,#3535,#1894,.T.);
#5221=EDGE_CURVE('',#3449,#3450,#1482,.T.);
#5223=EDGE_CURVE('',#3467,#3449,#1489,.T.);
#5225=EDGE_CURVE('',#3465,#3467,#1496,.T.);
#5227=EDGE_CURVE('',#3463,#3465,#1503,.T.);
#5229=EDGE_CURVE('',#3461,#3463,#1510,.T.);
#5231=EDGE_CURVE('',#3459,#3461,#1517,.T.);
#5233=EDGE_CURVE('',#3457,#3459,#1524,.T.);
#5235=EDGE_CURVE('',#3455,#3457,#1531,.T.);
#5237=EDGE_CURVE('',#3453,#3455,#1538,.T.);
#5239=EDGE_CURVE('',#3450,#3453,#1545,.T.);
#5243=EDGE_CURVE('',#3469,#3470,#1552,.T.);
#5245=EDGE_CURVE('',#3491,#3469,#1559,.T.);
#5247=EDGE_CURVE('',#3489,#3491,#1566,.T.);
#5249=EDGE_CURVE('',#3487,#3489,#1573,.T.);
#5251=EDGE_CURVE('',#3485,#3487,#1580,.T.);
#5253=EDGE_CURVE('',#3483,#3485,#1587,.T.);
#5255=EDGE_CURVE('',#3481,#3483,#1594,.T.);
#5257=EDGE_CURVE('',#3479,#3481,#1601,.T.);
#5259=EDGE_CURVE('',#3477,#3479,#1608,.T.);
#5261=EDGE_CURVE('',#3475,#3477,#1615,.T.);
#5263=EDGE_CURVE('',#3473,#3475,#1622,.T.);
#5265=EDGE_CURVE('',#3470,#3473,#1629,.T.);
#5269=EDGE_CURVE('',#3493,#3494,#1636,.T.);
#5271=EDGE_CURVE('',#3511,#3493,#1643,.T.);
#5273=EDGE_CURVE('',#3509,#3511,#1666,.T.);
#5275=EDGE_CURVE('',#3507,#3509,#1678,.T.);
#5277=EDGE_CURVE('',#3505,#3507,#1685,.T.);
#5279=EDGE_CURVE('',#3503,#3505,#1692,.T.);
#5281=EDGE_CURVE('',#3501,#3503,#1699,.T.);
#5283=EDGE_CURVE('',#3499,#3501,#1710,.T.);
#5285=EDGE_CURVE('',#3497,#3499,#1724,.T.);
#5287=EDGE_CURVE('',#3494,#3497,#1731,.T.);
#5291=EDGE_CURVE('',#3513,#3514,#1738,.T.);
#5293=EDGE_CURVE('',#3527,#3513,#1745,.T.);
#5295=EDGE_CURVE('',#3525,#3527,#1752,.T.);
#5297=EDGE_CURVE('',#3523,#3525,#1759,.T.);
#5299=EDGE_CURVE('',#3521,#3523,#1766,.T.);
#5301=EDGE_CURVE('',#3519,#3521,#1773,.T.);
#5303=EDGE_CURVE('',#3517,#3519,#1780,.T.);
#5305=EDGE_CURVE('',#3514,#3517,#1787,.T.);
#5309=EDGE_CURVE('',#3568,#3566,#1811,.T.);
#5311=EDGE_CURVE('',#3568,#3566,#1832,.T.);
#5315=ADVANCED_FACE('',(#5220,#5242,#5268,#5290,#5308,#5314),#5194,.T.);
#5323=B_SPLINE_CURVE_WITH_KNOTS('',3,(#5316,#5317,#5318,#5319,#5320,#5321,
#5322),.UNSPECIFIED.,.F.,.F.,(4,1,1,1,4),(0.E0,2.5E-1,5.E-1,7.5E-1,1.E0),
.UNSPECIFIED.);
#5329=EDGE_CURVE('',#3542,#3539,#2008,.T.);
#5335=ADVANCED_FACE('',(#5334),#5326,.T.);
#5347=ADVANCED_FACE('',(#5346),#5340,.F.);
#5354=EDGE_CURVE('',#3450,#3452,#2012,.T.);
#5357=EDGE_CURVE('',#3449,#3451,#2048,.T.);
#5361=ADVANCED_FACE('',(#5360),#5352,.F.);
#5368=EDGE_CURVE('',#3453,#3454,#2016,.T.);
#5374=ADVANCED_FACE('',(#5373),#5366,.F.);
#5381=EDGE_CURVE('',#3455,#3456,#2020,.T.);
#5387=ADVANCED_FACE('',(#5386),#5379,.F.);
#5394=EDGE_CURVE('',#3457,#3458,#2024,.T.);
#5400=ADVANCED_FACE('',(#5399),#5392,.F.);
#5407=EDGE_CURVE('',#3459,#3460,#2028,.T.);
#5413=ADVANCED_FACE('',(#5412),#5405,.F.);
#5420=EDGE_CURVE('',#3461,#3462,#2032,.T.);
#5426=ADVANCED_FACE('',(#5425),#5418,.F.);
#5433=EDGE_CURVE('',#3463,#3464,#2036,.T.);
#5439=ADVANCED_FACE('',(#5438),#5431,.F.);
#5446=EDGE_CURVE('',#3465,#3466,#2040,.T.);
#5452=ADVANCED_FACE('',(#5451),#5444,.F.);
#5459=EDGE_CURVE('',#3467,#3468,#2044,.T.);
#5465=ADVANCED_FACE('',(#5464),#5457,.F.);
#5477=ADVANCED_FACE('',(#5476),#5470,.F.);
#5484=EDGE_CURVE('',#3470,#3472,#2052,.T.);
#5487=EDGE_CURVE('',#3469,#3471,#2096,.T.);
#5491=ADVANCED_FACE('',(#5490),#5482,.F.);
#5498=EDGE_CURVE('',#3473,#3474,#2056,.T.);
#5504=ADVANCED_FACE('',(#5503),#5496,.F.);
#5511=EDGE_CURVE('',#3475,#3476,#2060,.T.);
#5517=ADVANCED_FACE('',(#5516),#5509,.F.);
#5524=EDGE_CURVE('',#3477,#3478,#2064,.T.);
#5530=ADVANCED_FACE('',(#5529),#5522,.F.);
#5537=EDGE_CURVE('',#3479,#3480,#2068,.T.);
#5543=ADVANCED_FACE('',(#5542),#5535,.F.);
#5550=EDGE_CURVE('',#3481,#3482,#2072,.T.);
#5556=ADVANCED_FACE('',(#5555),#5548,.F.);
#5563=EDGE_CURVE('',#3483,#3484,#2076,.T.);
#5569=ADVANCED_FACE('',(#5568),#5561,.F.);
#5576=EDGE_CURVE('',#3485,#3486,#2080,.T.);
#5582=ADVANCED_FACE('',(#5581),#5574,.F.);
#5589=EDGE_CURVE('',#3487,#3488,#2084,.T.);
#5595=ADVANCED_FACE('',(#5594),#5587,.F.);
#5602=EDGE_CURVE('',#3489,#3490,#2088,.T.);
#5608=ADVANCED_FACE('',(#5607),#5600,.F.);
#5615=EDGE_CURVE('',#3491,#3492,#2092,.T.);
#5621=ADVANCED_FACE('',(#5620),#5613,.F.);
#5633=ADVANCED_FACE('',(#5632),#5626,.F.);
#5640=EDGE_CURVE('',#3494,#3496,#2100,.T.);
#5643=EDGE_CURVE('',#3493,#3495,#2136,.T.);
#5647=ADVANCED_FACE('',(#5646),#5638,.F.);
#5654=EDGE_CURVE('',#3497,#3498,#2104,.T.);
#5660=ADVANCED_FACE('',(#5659),#5652,.F.);
#5668=B_SPLINE_CURVE_WITH_KNOTS('',3,(#5661,#5662,#5663,#5664,#5665,#5666,
#5667),.UNSPECIFIED.,.F.,.F.,(4,1,1,1,4),(0.E0,2.5E-1,5.E-1,7.5E-1,1.E0),
.UNSPECIFIED.);
#5673=EDGE_CURVE('',#3499,#3500,#2108,.T.);
#5679=ADVANCED_FACE('',(#5678),#5671,.T.);
#5686=B_SPLINE_CURVE_WITH_KNOTS('',3,(#5680,#5681,#5682,#5683,#5684,#5685),
.UNSPECIFIED.,.F.,.F.,(4,1,1,4),(0.E0,5.E-1,7.5E-1,1.E0),.UNSPECIFIED.);
#5691=EDGE_CURVE('',#3501,#3502,#2112,.T.);
#5697=ADVANCED_FACE('',(#5696),#5689,.T.);
#5704=EDGE_CURVE('',#3503,#3504,#2116,.T.);
#5710=ADVANCED_FACE('',(#5709),#5702,.F.);
#5717=EDGE_CURVE('',#3505,#3506,#2120,.T.);
#5723=ADVANCED_FACE('',(#5722),#5715,.F.);
#5730=EDGE_CURVE('',#3507,#3508,#2124,.T.);
#5736=ADVANCED_FACE('',(#5735),#5728,.F.);
#5744=B_SPLINE_CURVE_WITH_KNOTS('',3,(#5737,#5738,#5739,#5740,#5741,#5742,
#5743),.UNSPECIFIED.,.F.,.F.,(4,1,1,1,4),(0.E0,2.5E-1,5.E-1,7.5E-1,1.E0),
.UNSPECIFIED.);
#5749=EDGE_CURVE('',#3509,#3510,#2128,.T.);
#5755=ADVANCED_FACE('',(#5754),#5747,.T.);
#5763=B_SPLINE_CURVE_WITH_KNOTS('',3,(#5756,#5757,#5758,#5759,#5760,#5761,
#5762),.UNSPECIFIED.,.F.,.F.,(4,1,1,1,4),(0.E0,2.5E-1,5.E-1,7.5E-1,1.E0),
.UNSPECIFIED.);
#5768=EDGE_CURVE('',#3511,#3512,#2132,.T.);
#5774=ADVANCED_FACE('',(#5773),#5766,.T.);
#5786=ADVANCED_FACE('',(#5785),#5779,.F.);
#5793=EDGE_CURVE('',#3514,#3516,#2140,.T.);
#5796=EDGE_CURVE('',#3513,#3515,#2168,.T.);
#5800=ADVANCED_FACE('',(#5799),#5791,.F.);
#5807=EDGE_CURVE('',#3517,#3518,#2144,.T.);
#5813=ADVANCED_FACE('',(#5812),#5805,.F.);
#5820=EDGE_CURVE('',#3519,#3520,#2148,.T.);
#5826=ADVANCED_FACE('',(#5825),#5818,.F.);
#5833=EDGE_CURVE('',#3521,#3522,#2152,.T.);
#5839=ADVANCED_FACE('',(#5838),#5831,.F.);
#5846=EDGE_CURVE('',#3523,#3524,#2156,.T.);
#5852=ADVANCED_FACE('',(#5851),#5844,.F.);
#5859=EDGE_CURVE('',#3525,#3526,#2160,.T.);
#5865=ADVANCED_FACE('',(#5864),#5857,.F.);
#5872=EDGE_CURVE('',#3527,#3528,#2164,.T.);
#5878=ADVANCED_FACE('',(#5877),#5870,.F.);
#5890=ADVANCED_FACE('',(#5889),#5883,.F.);
#5896=EDGE_CURVE('',#3555,#3566,#2177,.T.);
#5899=EDGE_CURVE('',#3556,#3568,#2186,.T.);
#5901=EDGE_CURVE('',#3555,#3556,#2173,.T.);
#5905=ADVANCED_FACE('',(#5904),#5895,.F.);
#5912=EDGE_CURVE('',#3555,#3556,#2182,.T.);
#5918=ADVANCED_FACE('',(#5917),#5910,.F.);
#5924=EDGE_CURVE('',#3560,#3562,#2208,.T.);
#5926=EDGE_CURVE('',#3562,#3564,#2218,.T.);
#5928=EDGE_CURVE('',#3564,#3556,#2190,.T.);
#5931=EDGE_CURVE('',#3560,#3555,#2194,.T.);
#5935=ADVANCED_FACE('',(#5934),#5923,.F.);
#5941=EDGE_CURVE('',#3559,#3560,#2199,.T.);
#5943=EDGE_CURVE('',#3559,#3547,#2203,.T.);
#5946=EDGE_CURVE('',#3562,#3548,#2222,.T.);
#5951=ADVANCED_FACE('',(#5950),#5940,.F.);
#5961=EDGE_CURVE('',#3564,#3559,#2213,.T.);
#5965=ADVANCED_FACE('',(#5964),#5956,.F.);
#5978=ADVANCED_FACE('',(#5977),#5970,.F.);
#5984=EDGE_CURVE('',#3348,#3352,#2227,.T.);
#5986=EDGE_CURVE('',#3352,#3347,#2386,.T.);
#5988=EDGE_CURVE('',#3343,#3347,#2890,.T.);
#5992=EDGE_CURVE('',#3344,#3348,#2236,.T.);
#5996=ADVANCED_FACE('',(#5995),#5983,.T.);
#6002=EDGE_CURVE('',#3335,#3340,#2352,.T.);
#6004=EDGE_CURVE('',#3335,#3352,#2391,.T.);
#6007=EDGE_CURVE('',#3340,#3348,#2376,.T.);
#6011=ADVANCED_FACE('',(#6010),#6001,.T.);
#6017=EDGE_CURVE('',#3360,#3364,#2785,.T.);
#6019=EDGE_CURVE('',#3306,#3360,#2440,.T.);
#6021=EDGE_CURVE('',#3283,#3306,#2241,.T.);
#6023=EDGE_CURVE('',#3283,#3284,#2255,.T.);
#6025=EDGE_CURVE('',#3288,#3284,#2260,.T.);
#6027=EDGE_CURVE('',#3288,#3296,#2455,.T.);
#6029=EDGE_CURVE('',#3295,#3296,#2265,.T.);
#6031=EDGE_CURVE('',#3295,#3298,#2279,.T.);
#6033=EDGE_CURVE('',#3298,#3302,#2284,.T.);
#6035=EDGE_CURVE('',#3302,#3364,#2406,.T.);
#6039=EDGE_CURVE('',#3313,#3314,#2289,.T.);
#6041=EDGE_CURVE('',#3313,#3316,#2309,.T.);
#6043=EDGE_CURVE('',#3320,#3316,#2314,.T.);
#6045=EDGE_CURVE('',#3320,#3322,#2323,.T.);
#6047=EDGE_CURVE('',#3322,#3326,#2328,.T.);
#6049=EDGE_CURVE('',#3326,#3328,#2342,.T.);
#6051=EDGE_CURVE('',#3314,#3328,#2347,.T.);
#6055=ADVANCED_FACE('',(#6038,#6054),#6016,.T.);
#6062=EDGE_CURVE('',#3336,#3340,#2371,.T.);
#6064=EDGE_CURVE('',#3332,#3336,#2522,.T.);
#6066=EDGE_CURVE('',#3332,#3338,#2552,.T.);
#6068=EDGE_CURVE('',#3338,#3331,#2357,.T.);
#6070=EDGE_CURVE('',#3331,#3335,#2361,.T.);
#6074=ADVANCED_FACE('',(#6073),#6060,.F.);
#6080=EDGE_CURVE('',#3335,#3336,#2366,.T.);
#6084=EDGE_CURVE('',#3347,#3348,#2381,.T.);
#6090=ADVANCED_FACE('',(#6089),#6079,.T.);
#6096=EDGE_CURVE('',#3359,#3360,#2396,.T.);
#6098=EDGE_CURVE('',#3364,#3359,#2401,.T.);
#6101=EDGE_CURVE('',#3302,#3372,#2411,.T.);
#6103=EDGE_CURVE('',#3372,#3374,#2425,.T.);
#6105=EDGE_CURVE('',#3378,#3374,#2430,.T.);
#6107=EDGE_CURVE('',#3306,#3378,#2435,.T.);
#6112=EDGE_CURVE('',#3381,#3382,#2469,.T.);
#6114=EDGE_CURVE('',#3386,#3382,#2474,.T.);
#6116=EDGE_CURVE('',#3390,#3386,#2479,.T.);
#6118=EDGE_CURVE('',#3390,#3392,#2499,.T.);
#6120=EDGE_CURVE('',#3396,#3392,#2504,.T.);
#6122=EDGE_CURVE('',#3396,#3398,#2513,.T.);
#6124=EDGE_CURVE('',#3398,#3381,#2518,.T.);
#6128=ADVANCED_FACE('',(#6111,#6127),#6095,.T.);
#6134=EDGE_CURVE('',#3368,#3288,#2445,.T.);
#6136=EDGE_CURVE('',#3296,#3368,#2450,.T.);
#6141=ADVANCED_FACE('',(#6140),#6133,.T.);
#6147=EDGE_CURVE('',#3331,#3332,#2527,.T.);
#6154=ADVANCED_FACE('',(#6153),#6146,.F.);
#6161=EDGE_CURVE('',#3362,#3331,#2532,.T.);
#6163=EDGE_CURVE('',#3362,#3355,#2537,.T.);
#6165=EDGE_CURVE('',#3355,#3356,#2542,.T.);
#6167=EDGE_CURVE('',#3356,#3338,#2547,.T.);
#6172=ADVANCED_FACE('',(#6171),#6159,.T.);
#6178=EDGE_CURVE('',#3366,#3286,#2557,.T.);
#6180=EDGE_CURVE('',#3400,#3286,#2562,.T.);
#6182=EDGE_CURVE('',#3400,#3304,#2567,.T.);
#6184=EDGE_CURVE('',#3304,#3376,#2572,.T.);
#6186=EDGE_CURVE('',#3376,#3373,#2577,.T.);
#6188=EDGE_CURVE('',#3370,#3373,#2591,.T.);
#6190=EDGE_CURVE('',#3300,#3370,#2596,.T.);
#6192=EDGE_CURVE('',#3292,#3300,#2601,.T.);
#6194=EDGE_CURVE('',#3292,#3366,#2606,.T.);
#6198=ADVANCED_FACE('',(#6197),#6177,.T.);
#6204=EDGE_CURVE('',#3379,#3380,#2620,.T.);
#6206=EDGE_CURVE('',#3397,#3379,#2625,.T.);
#6208=EDGE_CURVE('',#3394,#3397,#2634,.T.);
#6210=EDGE_CURVE('',#3394,#3391,#2639,.T.);
#6212=EDGE_CURVE('',#3388,#3391,#2659,.T.);
#6214=EDGE_CURVE('',#3388,#3384,#2664,.T.);
#6216=EDGE_CURVE('',#3384,#3380,#2669,.T.);
#6220=ADVANCED_FACE('',(#6219),#6203,.T.);
#6228=EDGE_CURVE('',#3362,#3356,#2790,.T.);
#6233=ADVANCED_FACE('',(#6232),#6225,.T.);
#6239=EDGE_CURVE('',#3281,#3282,#2683,.T.);
#6241=EDGE_CURVE('',#3281,#3304,#2688,.T.);
#6245=EDGE_CURVE('',#3286,#3282,#2693,.T.);
#6249=ADVANCED_FACE('',(#6248),#6238,.T.);
#6255=EDGE_CURVE('',#3291,#3292,#2698,.T.);
#6258=EDGE_CURVE('',#3297,#3300,#2703,.T.);
#6260=EDGE_CURVE('',#3291,#3297,#2717,.T.);
#6264=ADVANCED_FACE('',(#6263),#6254,.T.);
#6270=EDGE_CURVE('',#3309,#3310,#2722,.T.);
#6272=EDGE_CURVE('',#3310,#3327,#2727,.T.);
#6274=EDGE_CURVE('',#3324,#3327,#2741,.T.);
#6276=EDGE_CURVE('',#3321,#3324,#2746,.T.);
#6278=EDGE_CURVE('',#3318,#3321,#2755,.T.);
#6280=EDGE_CURVE('',#3318,#3315,#2760,.T.);
#6282=EDGE_CURVE('',#3309,#3315,#2780,.T.);
#6286=ADVANCED_FACE('',(#6285),#6269,.T.);
#6294=EDGE_CURVE('',#3355,#3359,#2798,.T.);
#6298=EDGE_CURVE('',#3356,#3360,#2794,.T.);
#6302=ADVANCED_FACE('',(#6301),#6291,.T.);
#6314=ADVANCED_FACE('',(#6313),#6307,.T.);
#6321=EDGE_CURVE('',#3282,#3284,#2802,.T.);
#6324=EDGE_CURVE('',#3281,#3283,#2830,.T.);
#6328=ADVANCED_FACE('',(#6327),#6319,.F.);
#6336=EDGE_CURVE('',#3366,#3368,#2806,.T.);
#6343=ADVANCED_FACE('',(#6342),#6333,.F.);
#6354=EDGE_CURVE('',#3291,#3295,#2810,.T.);
#6358=ADVANCED_FACE('',(#6357),#6348,.T.);
#6365=EDGE_CURVE('',#3297,#3298,#2814,.T.);
#6371=ADVANCED_FACE('',(#6370),#6363,.F.);
#6379=EDGE_CURVE('',#3370,#3372,#2818,.T.);
#6386=ADVANCED_FACE('',(#6385),#6376,.F.);
#6393=EDGE_CURVE('',#3373,#3374,#2822,.T.);
#6399=ADVANCED_FACE('',(#6398),#6391,.F.);
#6406=EDGE_CURVE('',#3376,#3378,#2826,.T.);
#6412=ADVANCED_FACE('',(#6411),#6404,.T.);
#6426=ADVANCED_FACE('',(#6425),#6417,.F.);
#6433=EDGE_CURVE('',#3309,#3313,#2834,.T.);
#6436=EDGE_CURVE('',#3310,#3314,#2858,.T.);
#6440=ADVANCED_FACE('',(#6439),#6431,.F.);
#6447=EDGE_CURVE('',#3315,#3316,#2838,.T.);
#6453=ADVANCED_FACE('',(#6452),#6445,.F.);
#6460=EDGE_CURVE('',#3318,#3320,#2842,.T.);
#6466=ADVANCED_FACE('',(#6465),#6458,.F.);
#6473=EDGE_CURVE('',#3321,#3322,#2846,.T.);
#6479=ADVANCED_FACE('',(#6478),#6471,.F.);
#6486=EDGE_CURVE('',#3324,#3326,#2850,.T.);
#6492=ADVANCED_FACE('',(#6491),#6484,.F.);
#6499=EDGE_CURVE('',#3327,#3328,#2854,.T.);
#6505=ADVANCED_FACE('',(#6504),#6497,.F.);
#6517=ADVANCED_FACE('',(#6516),#6510,.T.);
#6524=EDGE_CURVE('',#3380,#3382,#2862,.T.);
#6527=EDGE_CURVE('',#3379,#3381,#2886,.T.);
#6531=ADVANCED_FACE('',(#6530),#6522,.F.);
#6538=EDGE_CURVE('',#3384,#3386,#2866,.T.);
#6544=ADVANCED_FACE('',(#6543),#6536,.T.);
#6551=EDGE_CURVE('',#3388,#3390,#2870,.T.);
#6557=ADVANCED_FACE('',(#6556),#6549,.F.);
#6564=EDGE_CURVE('',#3391,#3392,#2874,.T.);
#6570=ADVANCED_FACE('',(#6569),#6562,.F.);
#6577=EDGE_CURVE('',#3394,#3396,#2878,.T.);
#6583=ADVANCED_FACE('',(#6582),#6575,.F.);
#6590=EDGE_CURVE('',#3397,#3398,#2882,.T.);
#6596=ADVANCED_FACE('',(#6595),#6588,.F.);
#6608=ADVANCED_FACE('',(#6607),#6601,.F.);
#6620=ADVANCED_FACE('',(#6619),#6613,.T.);
#6629=B_SPLINE_CURVE_WITH_KNOTS('',3,(#6621,#6622,#6623,#6624,#6625,#6626,#6627,
#6628),.UNSPECIFIED.,.F.,.F.,(4,1,1,1,1,4),(0.E0,2.5E-1,5.E-1,7.5E-1,8.75E-1,
1.E0),.UNSPECIFIED.);
#6635=EDGE_CURVE('',#3533,#3534,#2898,.T.);
#6639=EDGE_CURVE('',#3407,#3408,#2894,.T.);
#6643=ADVANCED_FACE('',(#6642),#6632,.F.);
#6652=EDGE_CURVE('',#3530,#3532,#2902,.T.);
#6656=ADVANCED_FACE('',(#6655),#6648,.F.);
#6665=EDGE_CURVE('',#3529,#3531,#2906,.T.);
#6669=ADVANCED_FACE('',(#6668),#6661,.F.);
#6678=EDGE_CURVE('',#3537,#3538,#2910,.T.);
#6682=ADVANCED_FACE('',(#6681),#6674,.F.);
#6691=EDGE_CURVE('',#3535,#3536,#2914,.T.);
#6695=ADVANCED_FACE('',(#6694),#6687,.F.);
#6706=EDGE_CURVE('',#3413,#3414,#2918,.T.);
#6710=ADVANCED_FACE('',(#6709),#6700,.F.);
#6719=EDGE_CURVE('',#3411,#3412,#2922,.T.);
#6723=ADVANCED_FACE('',(#6722),#6715,.F.);
#6732=EDGE_CURVE('',#3409,#3410,#2926,.T.);
#6736=ADVANCED_FACE('',(#6735),#6728,.F.);
#6743=B_SPLINE_CURVE_WITH_KNOTS('',3,(#6737,#6738,#6739,#6740,#6741,#6742),
.UNSPECIFIED.,.F.,.F.,(4,1,1,4),(0.E0,2.5E-1,5.E-1,1.E0),.UNSPECIFIED.);
#6753=ADVANCED_FACE('',(#6752),#6746,.F.);
#6760=EDGE_CURVE('',#3428,#3430,#2930,.T.);
#6763=EDGE_CURVE('',#3427,#3429,#2970,.T.);
#6767=ADVANCED_FACE('',(#6766),#6758,.F.);
#6774=EDGE_CURVE('',#3431,#3432,#2934,.T.);
#6780=ADVANCED_FACE('',(#6779),#6772,.F.);
#6787=EDGE_CURVE('',#3433,#3434,#2938,.T.);
#6793=ADVANCED_FACE('',(#6792),#6785,.F.);
#6800=EDGE_CURVE('',#3435,#3436,#2942,.T.);
#6806=ADVANCED_FACE('',(#6805),#6798,.F.);
#6813=EDGE_CURVE('',#3437,#3438,#2946,.T.);
#6819=ADVANCED_FACE('',(#6818),#6811,.F.);
#6826=EDGE_CURVE('',#3439,#3440,#2950,.T.);
#6832=ADVANCED_FACE('',(#6831),#6824,.F.);
#6839=EDGE_CURVE('',#3441,#3442,#2954,.T.);
#6845=ADVANCED_FACE('',(#6844),#6837,.F.);
#6852=EDGE_CURVE('',#3443,#3444,#2958,.T.);
#6858=ADVANCED_FACE('',(#6857),#6850,.F.);
#6865=EDGE_CURVE('',#3445,#3446,#2962,.T.);
#6871=ADVANCED_FACE('',(#6870),#6863,.F.);
#6878=EDGE_CURVE('',#3447,#3448,#2966,.T.);
#6884=ADVANCED_FACE('',(#6883),#6876,.F.);
#6896=ADVANCED_FACE('',(#6895),#6889,.F.);
#6902=EDGE_CURVE('',#3571,#3582,#2979,.T.);
#6905=EDGE_CURVE('',#3572,#3584,#2988,.T.);
#6907=EDGE_CURVE('',#3571,#3572,#2975,.T.);
#6911=ADVANCED_FACE('',(#6910),#6901,.F.);
#6918=EDGE_CURVE('',#3571,#3572,#2984,.T.);
#6924=ADVANCED_FACE('',(#6923),#6916,.F.);
#6930=EDGE_CURVE('',#3576,#3578,#3010,.T.);
#6932=EDGE_CURVE('',#3578,#3580,#3020,.T.);
#6934=EDGE_CURVE('',#3580,#3572,#2992,.T.);
#6937=EDGE_CURVE('',#3576,#3571,#2996,.T.);
#6941=ADVANCED_FACE('',(#6940),#6929,.F.);
#6947=EDGE_CURVE('',#3575,#3576,#3001,.T.);
#6949=EDGE_CURVE('',#3575,#3551,#3005,.T.);
#6952=EDGE_CURVE('',#3578,#3552,#3024,.T.);
#6957=ADVANCED_FACE('',(#6956),#6946,.F.);
#6967=EDGE_CURVE('',#3580,#3575,#3015,.T.);
#6971=ADVANCED_FACE('',(#6970),#6962,.F.);
#6984=ADVANCED_FACE('',(#6983),#6976,.F.);
#6990=EDGE_CURVE('',#3596,#3648,#3037,.T.);
#6992=EDGE_CURVE('',#3595,#3596,#3028,.T.);
#6995=EDGE_CURVE('',#3647,#3648,#3032,.T.);
#6999=ADVANCED_FACE('',(#6998),#6989,.T.);
#7006=EDGE_CURVE('',#3648,#3650,#3052,.T.);
#7008=EDGE_CURVE('',#3650,#3656,#3042,.T.);
#7010=EDGE_CURVE('',#3656,#3596,#3047,.T.);
#7014=ADVANCED_FACE('',(#7013),#7004,.F.);
#7020=EDGE_CURVE('',#3650,#3642,#3062,.T.);
#7023=EDGE_CURVE('',#3640,#3648,#3057,.T.);
#7025=EDGE_CURVE('',#3642,#3640,#3108,.T.);
#7029=ADVANCED_FACE('',(#7028),#7019,.F.);
#7037=EDGE_CURVE('',#3642,#3636,#3066,.T.);
#7039=EDGE_CURVE('',#3636,#3631,#3071,.T.);
#7041=EDGE_CURVE('',#3631,#3632,#3075,.T.);
#7043=EDGE_CURVE('',#3632,#3652,#3080,.T.);
#7045=EDGE_CURVE('',#3654,#3652,#3249,.T.);
#7047=EDGE_CURVE('',#3654,#3607,#3085,.T.);
#7049=EDGE_CURVE('',#3607,#3608,#3089,.T.);
#7051=EDGE_CURVE('',#3608,#3610,#3094,.T.);
#7053=EDGE_CURVE('',#3610,#3614,#3098,.T.);
#7055=EDGE_CURVE('',#3614,#3656,#3103,.T.);
#7059=ADVANCED_FACE('',(#7058),#7034,.T.);
#7065=EDGE_CURVE('',#3640,#3638,#3112,.T.);
#7067=EDGE_CURVE('',#3636,#3638,#3139,.T.);
#7073=ADVANCED_FACE('',(#7072),#7064,.F.);
#7080=EDGE_CURVE('',#3644,#3640,#3116,.T.);
#7083=EDGE_CURVE('',#3592,#3638,#3120,.T.);
#7087=ADVANCED_FACE('',(#7086),#7078,.F.);
#7099=ADVANCED_FACE('',(#7098),#7092,.F.);
#7105=EDGE_CURVE('',#3638,#3634,#3130,.T.);
#7109=EDGE_CURVE('',#3591,#3634,#3134,.T.);
#7113=ADVANCED_FACE('',(#7112),#7104,.F.);
#7122=EDGE_CURVE('',#3631,#3634,#3144,.T.);
#7126=ADVANCED_FACE('',(#7125),#7118,.F.);
#7134=EDGE_CURVE('',#3634,#3628,#3152,.T.);
#7136=EDGE_CURVE('',#3628,#3632,#3259,.T.);
#7140=ADVANCED_FACE('',(#7139),#7131,.F.);
#7146=EDGE_CURVE('',#3627,#3628,#3148,.T.);
#7153=ADVANCED_FACE('',(#7152),#7145,.F.);
#7159=EDGE_CURVE('',#3623,#3624,#3165,.T.);
#7161=EDGE_CURVE('',#3624,#3628,#3264,.T.);
#7167=ADVANCED_FACE('',(#7166),#7158,.F.);
#7173=EDGE_CURVE('',#3619,#3620,#3161,.T.);
#7175=EDGE_CURVE('',#3624,#3620,#3244,.T.);
#7181=ADVANCED_FACE('',(#7180),#7172,.T.);
#7187=EDGE_CURVE('',#3616,#3603,#3178,.T.);
#7189=EDGE_CURVE('',#3603,#3620,#3239,.T.);
#7195=ADVANCED_FACE('',(#7194),#7186,.F.);
#7201=EDGE_CURVE('',#3603,#3604,#3174,.T.);
#7205=EDGE_CURVE('',#3588,#3604,#3182,.T.);
#7209=ADVANCED_FACE('',(#7208),#7200,.F.);
#7216=EDGE_CURVE('',#3608,#3604,#3192,.T.);
#7219=EDGE_CURVE('',#3607,#3603,#3187,.T.);
#7223=ADVANCED_FACE('',(#7222),#7214,.F.);
#7231=EDGE_CURVE('',#3604,#3612,#3197,.T.);
#7233=EDGE_CURVE('',#3610,#3612,#3229,.T.);
#7237=ADVANCED_FACE('',(#7236),#7228,.F.);
#7246=EDGE_CURVE('',#3587,#3612,#3201,.T.);
#7250=ADVANCED_FACE('',(#7249),#7242,.F.);
#7256=EDGE_CURVE('',#3599,#3600,#3205,.T.);
#7258=EDGE_CURVE('',#3612,#3600,#3209,.T.);
#7264=ADVANCED_FACE('',(#7263),#7255,.F.);
#7271=EDGE_CURVE('',#3596,#3600,#3224,.T.);
#7277=ADVANCED_FACE('',(#7276),#7269,.F.);
#7284=EDGE_CURVE('',#3600,#3614,#3219,.T.);
#7290=ADVANCED_FACE('',(#7289),#7282,.F.);
#7302=ADVANCED_FACE('',(#7301),#7295,.F.);
#7309=EDGE_CURVE('',#3620,#3654,#3234,.T.);
#7315=ADVANCED_FACE('',(#7314),#7307,.F.);
#7324=EDGE_CURVE('',#3652,#3624,#3254,.T.);
#7328=ADVANCED_FACE('',(#7327),#7320,.F.);
#7340=ADVANCED_FACE('',(#7339),#7333,.F.);
#7341=CLOSED_SHELL('',(#3739,#3754,#3869,#3940,#3953,#3969,#4039,#4113,#4180,
#4193,#4207,#4369,#4436,#4449,#4465,#4535,#4581,#4651,#4663,#4746,#4761,#4775,
#4789,#4802,#4840,#4864,#4906,#4946,#4986,#5030,#5070,#5106,#5128,#5165,#5315,
#5335,#5347,#5361,#5374,#5387,#5400,#5413,#5426,#5439,#5452,#5465,#5477,#5491,
#5504,#5517,#5530,#5543,#5556,#5569,#5582,#5595,#5608,#5621,#5633,#5647,#5660,
#5679,#5697,#5710,#5723,#5736,#5755,#5774,#5786,#5800,#5813,#5826,#5839,#5852,
#5865,#5878,#5890,#5905,#5918,#5935,#5951,#5965,#5978,#5996,#6011,#6055,#6074,
#6090,#6128,#6141,#6154,#6172,#6198,#6220,#6233,#6249,#6264,#6286,#6302,#6314,
#6328,#6343,#6358,#6371,#6386,#6399,#6412,#6426,#6440,#6453,#6466,#6479,#6492,
#6505,#6517,#6531,#6544,#6557,#6570,#6583,#6596,#6608,#6620,#6643,#6656,#6669,
#6682,#6695,#6710,#6723,#6736,#6753,#6767,#6780,#6793,#6806,#6819,#6832,#6845,
#6858,#6871,#6884,#6896,#6911,#6924,#6941,#6957,#6971,#6984,#6999,#7014,#7029,
#7059,#7073,#7087,#7099,#7113,#7126,#7140,#7153,#7167,#7181,#7195,#7209,#7223,
#7237,#7250,#7264,#7277,#7290,#7302,#7315,#7328,#7340));
#7342=MANIFOLD_SOLID_BREP('',#7341);
#7362=TRIMMED_CURVE('A_9',#7361,(PARAMETER_VALUE(0.E0)),(PARAMETER_VALUE(1.E0)),
.T.,.UNSPECIFIED.);
#7371=TRIMMED_CURVE('A_4',#7370,(PARAMETER_VALUE(0.E0)),(PARAMETER_VALUE(1.E0)),
.T.,.UNSPECIFIED.);
#7379=TRIMMED_CURVE('A_5',#7378,(PARAMETER_VALUE(0.E0)),(PARAMETER_VALUE(1.E0)),
.T.,.UNSPECIFIED.);
#7385=(LENGTH_UNIT()NAMED_UNIT(*)SI_UNIT(.MILLI.,.METRE.));
#7386=(NAMED_UNIT(*)PLANE_ANGLE_UNIT()SI_UNIT($,.RADIAN.));
#7389=(NAMED_UNIT(*)SI_UNIT($,.STERADIAN.)SOLID_ANGLE_UNIT());
#7391=(GEOMETRIC_REPRESENTATION_CONTEXT(3)GLOBAL_UNCERTAINTY_ASSIGNED_CONTEXT((
#7390))GLOBAL_UNIT_ASSIGNED_CONTEXT((#7385,#7388,#7389))REPRESENTATION_CONTEXT(
'ID1','3'));
#7392=ADVANCED_BREP_SHAPE_REPRESENTATION('',(#7342),#7391);
#7393=GEOMETRICALLY_BOUNDED_SURFACE_SHAPE_REPRESENTATION('',(#7366),#7391);
#7394=SHAPE_REPRESENTATION('',(#7346,#7354),#7391);
#7404=PRODUCT_DEFINITION('part definition','',#7403,#7400);
#7405=PRODUCT_DEFINITION_SHAPE('','SHAPE FOR DBA-BL.',#7404);
#7406=SHAPE_ASPECT('','solid data associated with DBA-BL',#7405,.F.);
#7407=PROPERTY_DEFINITION('',
'shape for solid data with which properties are associated',#7406);
#7408=SHAPE_REPRESENTATION('',(#7342),#7391);
#7409=SHAPE_DEFINITION_REPRESENTATION(#7407,#7408);
#7410=(LENGTH_UNIT()NAMED_UNIT(*)SI_UNIT(.MILLI.,.METRE.));
#7414=PROPERTY_DEFINITION('geometric validation property','area of DBA-BL',
#7406);
#7415=REPRESENTATION('surface area',(#7413),#7391);
#7416=PROPERTY_DEFINITION_REPRESENTATION(#7414,#7415);
#7417=(LENGTH_UNIT()NAMED_UNIT(*)SI_UNIT(.MILLI.,.METRE.));
#7421=PROPERTY_DEFINITION('geometric validation property','volume of DBA-BL',
#7406);
#7422=REPRESENTATION('volume',(#7420),#7391);
#7423=PROPERTY_DEFINITION_REPRESENTATION(#7421,#7422);
#7425=PROPERTY_DEFINITION('geometric validation property','centroid of DBA-BL',
#7406);
#7426=REPRESENTATION('centroid',(#7424),#7391);
#7427=PROPERTY_DEFINITION_REPRESENTATION(#7425,#7426);
#7428=(LENGTH_UNIT()NAMED_UNIT(*)SI_UNIT(.MILLI.,.METRE.));
#7432=PROPERTY_DEFINITION('geometric validation property','area of DBA-BL',
#7405);
#7433=REPRESENTATION('surface area',(#7431),#7391);
#7434=PROPERTY_DEFINITION_REPRESENTATION(#7432,#7433);
#7435=(LENGTH_UNIT()NAMED_UNIT(*)SI_UNIT(.MILLI.,.METRE.));
#7439=PROPERTY_DEFINITION('geometric validation property','volume of DBA-BL',
#7405);
#7440=REPRESENTATION('volume',(#7438),#7391);
#7441=PROPERTY_DEFINITION_REPRESENTATION(#7439,#7440);
#7443=PROPERTY_DEFINITION('geometric validation property','centroid of DBA-BL',
#7405);
#7444=REPRESENTATION('centroid',(#7442),#7391);
#7445=PROPERTY_DEFINITION_REPRESENTATION(#7443,#7444);
#7446=SHAPE_DEFINITION_REPRESENTATION(#7405,#7394);
ENDSEC;
END-ISO-10303-21;
