999
DXF file: 20003491_B.dxf
999
Pro/ENGINEER 2019352 by Parametric Technology Corporation
  0
SECTION
  2
HEADER
  9
$ACADVER
  1
AC1032
  9
$DWGCODEPAGE
  3
ANSI_1252
  9
$EXTMAX
 10
420.0
 20
297.0
 30
0.0
  9
$EXTMIN
 10
0.0
 20
0.0
 30
0.0
  9
$LIMMIN
 10
0.0
 20
0.0
  9
$LIMMAX
 10
420.0
 20
297.0
  9
$VIEWCTR
 10
210.0
 20
148.5
  9
$VIEWSIZE
 40
297.0
  9
$CLAYER
  8
0
  9
$LTSCALE
 40
23.1
  9
$CELTYPE
  6
BYLAYER
  9
$DIMSCALE
 40
1.0
  9
$DIMASZ
 40
3.5
  9
$DIMEXO
 40
0.0
  9
$DIMDLI
 40
15.96
  9
$DIMEXE
 40
1.5
  9
$DIMCEN
 40
3.78
  9
$DIMLFAC
 40
1.0
  9
$DIMBLK
  1
_FILLED
  9
$DIMALT
 70
1
  9
$DIMALTD
 70
1
  9
$DIMALTTD
 70
2
  9
$DIMALTF
 40
0.0393700787
  9
$DIMTXT
 40
3.5
  9
$DIMTOL
 70
1
  9
$DIMLIM
 70
0
  9
$DIMTFAC
 40
1.0
  9
$DIMTP
 40
0.05
  9
$DIMTM
 40
0.05
  9
$DIMGAP
 40
0.625
  9
$DIMDSEP
 70
46
  9
$AUNITS
 70
0
  9
$PDMODE
 70
3
  9
$PDSIZE
 40
0.3125
  9
$HANDSEED
  5
C6E
  9
$TILEMODE
 70
1
  9
$MEASUREMENT
 70
1
  9
$INSUNITS
 70
4
  0
ENDSEC
  0
SECTION
  2
CLASSES
  0
CLASS
  1
ACDBDICTIONARYWDFLT
  2
AcDbDictionaryWithDefault
  3
AutoCAD 2000
 90
0
 91
1
280
0
281
0
  0
CLASS
  1
ACDBPLACEHOLDER
  2
AcDbPlaceHolder
  3
AutoCAD 2000
 90
0
 91
1
280
0
281
0
  0
CLASS
  1
LAYOUT
  2
AcDbLayout
  3
AutoCAD 2000
 90
0
 91
0
280
0
281
0
  0
CLASS
  1
TABLESTYLE
  2
AcDbTableStyle
  3
ObjectDBX Classes
 90
2047
 91
1
280
0
281
0
  0
CLASS
  1
ACAD_TABLE
  2
AcDbTable
  3
ObjectDBX Classes
 90
1025
 91
1
280
0
281
1
  0
ENDSEC
  0
SECTION
  2
TABLES
  0
TABLE
  2
VPORT
  5
8
100
AcDbSymbolTable
 70
2
  0
VPORT
  5
1F4
100
AcDbSymbolTableRecord
100
AcDbViewportTableRecord
  2
*ACTIVE
 70
0
 10
0.0
 20
0.0
 11
1.0
 21
1.0
 12
210.0
 22
148.5
 13
0.0
 23
0.0
 14
1.0
 24
1.0
 15
0.0
 25
0.0
 16
0.0
 26
0.0
 36
1.0
 17
0.0
 27
0.0
 37
0.0
 40
297.0
 41
1.4141414141
 42
50.0
 43
0.0
 44
0.0
 50
0.0
 51
0.0
 71
0
 72
100
 73
1
 74
1
 75
0
 76
0
 77
0
 78
0
  0
ENDTAB
  0
TABLE
  2
LTYPE
  5
5
100
AcDbSymbolTable
 70
6
  0
LTYPE
  5
14
100
AcDbSymbolTableRecord
100
AcDbLinetypeTableRecord
  2
BYBLOCK
 70
0
  3

 72
65
 73
0
 40
0.0
  0
LTYPE
  5
15
100
AcDbSymbolTableRecord
100
AcDbLinetypeTableRecord
  2
BYLAYER
 70
0
  3

 72
65
 73
0
 40
0.0
  0
LTYPE
  5
16
100
AcDbSymbolTableRecord
100
AcDbLinetypeTableRecord
  2
CONTINUOUS
 70
64
  3
Solid line
 72
65
 73
0
 40
0.0
  0
LTYPE
  5
1F5
100
AcDbSymbolTableRecord
100
AcDbLinetypeTableRecord
  2
CENTER
 70
64
  3
____ _ ____ _ ____ _ ____ _ ____ _ ____ _ ____
 72
65
 73
4
 40
0.6
 49
0.375
 74
0
 49
-0.075
 74
0
 49
0.075
 74
0
 49
-0.075
 74
0
  0
LTYPE
  5
1F6
100
AcDbSymbolTableRecord
100
AcDbLinetypeTableRecord
  2
HIDDEN
 70
64
  3
- - - - - - - - - - - - - - - - - - - -
 72
65
 73
2
 40
0.2
 49
0.1
 74
0
 49
-0.1
 74
0
  0
LTYPE
  5
1F7
100
AcDbSymbolTableRecord
100
AcDbLinetypeTableRecord
  2
PHANTOM
 70
64
  3
_____ _ _ _____ _ _ _____ _ _ _____
 72
65
 73
6
 40
0.8
 49
0.45
 74
0
 49
-0.05
 74
0
 49
0.1
 74
0
 49
-0.05
 74
0
 49
0.1
 74
0
 49
-0.05
 74
0
  0
LTYPE
  5
1F8
100
AcDbSymbolTableRecord
100
AcDbLinetypeTableRecord
  2
DOT
 70
64
  3
. . . . . . . . . . . . . . . . . . . .
 72
65
 73
2
 40
0.2
 49
0.1
 74
0
 49
-0.1
 74
0
  0
LTYPE
  5
1F9
100
AcDbSymbolTableRecord
100
AcDbLinetypeTableRecord
  2
DASHED
 70
64
  3
- - - - - - - - - - - - - - - - - - - -
 72
65
 73
2
 40
0.2
 49
0.1
 74
0
 49
-0.1
 74
0
  0
ENDTAB
  0
TABLE
  2
LAYER
  5
2
100
AcDbSymbolTable
 70
36
  0
LAYER
  5
10
100
AcDbSymbolTableRecord
100
AcDbLayerTableRecord
  2
0
 70
0
 62
7
  6
CONTINUOUS
370
-3
390
F
  0
LAYER
  5
1FA
100
AcDbSymbolTableRecord
100
AcDbLayerTableRecord
  2
DEFAULT_1
 70
0
 62
7
  6
CENTER
370
-3
390
F
  0
LAYER
  5
1FB
100
AcDbSymbolTableRecord
100
AcDbLayerTableRecord
  2
DEFAULT_2
 70
0
 62
8
  6
HIDDEN
370
-3
390
F
  0
LAYER
  5
1FC
100
AcDbSymbolTableRecord
100
AcDbLayerTableRecord
  2
DEFAULT_3
 70
0
 62
7
  6
PHANTOM
370
-3
390
F
  0
LAYER
  5
1FD
100
AcDbSymbolTableRecord
100
AcDbLayerTableRecord
  2
3D_NOTIZEN
 70
0
 62
7
  6
CONTINUOUS
370
-3
390
F
  0
LAYER
  5
1FE
100
AcDbSymbolTableRecord
100
AcDbLayerTableRecord
  2
AUSFORMSCHRAEGEN
 70
0
 62
7
  6
CONTINUOUS
370
-3
390
F
  0
LAYER
  5
1FF
100
AcDbSymbolTableRecord
100
AcDbLayerTableRecord
  2
BEZUGSACHSEN
 70
0
 62
7
  6
CONTINUOUS
370
-3
390
F
  0
LAYER
  5
200
100
AcDbSymbolTableRecord
100
AcDbLayerTableRecord
  2
BEZUGSEBENEN
 70
0
 62
7
  6
CONTINUOUS
370
-3
390
F
  0
LAYER
  5
201
100
AcDbSymbolTableRecord
100
AcDbLayerTableRecord
  2
BG_STARTBEZUEGE
 70
0
 62
7
  6
CONTINUOUS
370
-3
390
F
  0
LAYER
  5
202
100
AcDbSymbolTableRecord
100
AcDbLayerTableRecord
  2
FASEN
 70
0
 62
7
  6
CONTINUOUS
370
-3
390
F
  0
LAYER
  5
203
100
AcDbSymbolTableRecord
100
AcDbLayerTableRecord
  2
FLAECHEN
 70
0
 62
7
  6
CONTINUOUS
370
-3
390
F
  0
LAYER
  5
204
100
AcDbSymbolTableRecord
100
AcDbLayerTableRecord
  2
GEWINDE
 70
0
 62
7
  6
CONTINUOUS
370
-3
390
F
  0
LAYER
  5
205
100
AcDbSymbolTableRecord
100
AcDbLayerTableRecord
  2
HILFEN
 70
0
 62
7
  6
CONTINUOUS
370
-3
390
F
  0
LAYER
  5
206
100
AcDbSymbolTableRecord
100
AcDbLayerTableRecord
  2
KURVEN
 70
0
 62
7
  6
CONTINUOUS
370
-3
390
F
  0
LAYER
  5
207
100
AcDbSymbolTableRecord
100
AcDbLayerTableRecord
  2
PLAZIERUNG
 70
0
 62
7
  6
CONTINUOUS
370
-3
390
F
  0
LAYER
  5
208
100
AcDbSymbolTableRecord
100
AcDbLayerTableRecord
  2
RUNDUNGEN
 70
0
 62
7
  6
CONTINUOUS
370
-3
390
F
  0
LAYER
  5
209
100
AcDbSymbolTableRecord
100
AcDbLayerTableRecord
  2
TEIL_STARTBEZUEGE
 70
0
 62
7
  6
CONTINUOUS
370
-3
390
F
  0
LAYER
  5
20A
100
AcDbSymbolTableRecord
100
AcDbLayerTableRecord
  2
ZEICHNUNGSBEMASSUNGEN
 70
0
 62
7
  6
CONTINUOUS
370
-3
390
F
  0
ENDTAB
  0
TABLE
  2
STYLE
  5
3
100
AcDbSymbolTable
 70
1
  0
STYLE
  5
11
100
AcDbSymbolTableRecord
100
AcDbTextStyleTableRecord
  2
STANDARD
 70
0
 40
0.0
 41
0.7
 50
0.0
 71
0
 42
0.2
  3
txt
  4

  0
STYLE
  5
20B
100
AcDbSymbolTableRecord
100
AcDbTextStyleTableRecord
  2
TEXTSTYLE_1
 70
0
 40
0.0
 41
0.8
 50
0.0
 71
0
 42
0.2
  3
gdt
  4

  0
STYLE
  5
20C
100
AcDbSymbolTableRecord
100
AcDbTextStyleTableRecord
  2
TEXTSTYLE_2
 70
0
 40
0.0
 41
1.0
 50
0.0
 71
0
 42
0.2
  3
ariali.ttf
  4

  0
STYLE
  5
20D
100
AcDbSymbolTableRecord
100
AcDbTextStyleTableRecord
  2
TEXTSTYLE_3
 70
0
 40
0.0
 41
0.7
 50
0.0
 71
0
 42
0.2
  3
gdt
  4

  0
STYLE
  5
20E
100
AcDbSymbolTableRecord
100
AcDbTextStyleTableRecord
  2
TEXTSTYLE_4
 70
0
 40
0.0
 41
0.6
 50
0.0
 71
0
 42
0.2
  3
txt
  4

  0
ENDTAB
  0
TABLE
  2
VIEW
  5
6
100
AcDbSymbolTable
 70
0
  0
ENDTAB
  0
TABLE
  2
UCS
  5
7
100
AcDbSymbolTable
 70
0
  0
ENDTAB
  0
TABLE
  2
APPID
  5
9
100
AcDbSymbolTable
 70
1
  0
APPID
  5
20F
100
AcDbSymbolTableRecord
100
AcDbRegAppTableRecord
  2
ACAD
 70
0
  0
ENDTAB
  0
TABLE
  2
BLOCK_RECORD
  5
1
100
AcDbSymbolTable
 70
0
  0
BLOCK_RECORD
  5
210
100
AcDbSymbolTableRecord
100
AcDbBlockTableRecord
  2
*Model_Space
  0
BLOCK_RECORD
  5
211
100
AcDbSymbolTableRecord
100
AcDbBlockTableRecord
  2
*Paper_Space
  0
BLOCK_RECORD
  5
212
100
AcDbSymbolTableRecord
100
AcDbBlockTableRecord
  2
_FILLED
  0
BLOCK_RECORD
  5
213
100
AcDbSymbolTableRecord
100
AcDbBlockTableRecord
  2
*D0
  0
BLOCK_RECORD
  5
214
100
AcDbSymbolTableRecord
100
AcDbBlockTableRecord
  2
*D1
  0
BLOCK_RECORD
  5
215
100
AcDbSymbolTableRecord
100
AcDbBlockTableRecord
  2
*D2
  0
BLOCK_RECORD
  5
216
100
AcDbSymbolTableRecord
100
AcDbBlockTableRecord
  2
*D3
  0
BLOCK_RECORD
  5
217
100
AcDbSymbolTableRecord
100
AcDbBlockTableRecord
  2
*D4
  0
BLOCK_RECORD
  5
218
100
AcDbSymbolTableRecord
100
AcDbBlockTableRecord
  2
*D5
  0
BLOCK_RECORD
  5
219
100
AcDbSymbolTableRecord
100
AcDbBlockTableRecord
  2
*D6
  0
BLOCK_RECORD
  5
21A
100
AcDbSymbolTableRecord
100
AcDbBlockTableRecord
  2
*D7
  0
BLOCK_RECORD
  5
21B
100
AcDbSymbolTableRecord
100
AcDbBlockTableRecord
  2
*D8
  0
BLOCK_RECORD
  5
21C
100
AcDbSymbolTableRecord
100
AcDbBlockTableRecord
  2
*D9
  0
BLOCK_RECORD
  5
21D
100
AcDbSymbolTableRecord
100
AcDbBlockTableRecord
  2
*D10
  0
BLOCK_RECORD
  5
21E
100
AcDbSymbolTableRecord
100
AcDbBlockTableRecord
  2
*D11
  0
BLOCK_RECORD
  5
21F
100
AcDbSymbolTableRecord
100
AcDbBlockTableRecord
  2
*D12
  0
BLOCK_RECORD
  5
220
100
AcDbSymbolTableRecord
100
AcDbBlockTableRecord
  2
NEUTRIK_BL4
  0
BLOCK_RECORD
  5
221
100
AcDbSymbolTableRecord
100
AcDbBlockTableRecord
  2
VOLUMEN_BL3
  0
BLOCK_RECORD
  5
222
100
AcDbSymbolTableRecord
100
AcDbBlockTableRecord
  2
OBERFLÄCHE_BL2
  0
BLOCK_RECORD
  5
223
100
AcDbSymbolTableRecord
100
AcDbBlockTableRecord
  2
GEWICHT_BL1
  0
BLOCK_RECORD
  5
224
100
AcDbSymbolTableRecord
100
AcDbBlockTableRecord
  2
PROJEKTION_BL0
  0
BLOCK_RECORD
  5
225
100
AcDbSymbolTableRecord
100
AcDbBlockTableRecord
  2
*T1
  0
ENDTAB
  0
TABLE
  2
DIMSTYLE
  5
A
100
AcDbSymbolTable
 70
1
100
AcDbDimStyleTable
 71
0
  0
DIMSTYLE
105
226
100
AcDbSymbolTableRecord
100
AcDbDimStyleTableRecord
  2
STANDARD
 70
0
  3

  4

 40
1.0
 41
3.5
 42
0.0
 43
0.38
 44
1.5
 45
0.0
 46
0.0
 47
0.05
 48
0.05
140
3.5
141
0.09
142
0.0
143
0.0393700787
144
1.0
145
0.0
146
1.0
147
0.625
 71
1.0
 72
0.0
 73
0
 74
0
 75
0
 76
0
 77
1
 78
8
 79
2
170
1
171
1
172
0
173
0
174
0
175
0
176
0
177
0
178
5
270
2
179
2
271
2
272
2
273
2
274
2
275
0
280
0
281
0
282
0
283
1
284
8
285
0
286
0
287
3
288
0
340
11
278
46
341
212
342
212
343
212
344
212
  0
DIMSTYLE
105
227
100
AcDbSymbolTableRecord
100
AcDbDimStyleTableRecord
  2
DIMSTYLE_1
 70
0
  3

  4

 40
1.0
 41
3.5
 42
0.0
 43
0.38
 44
1.5
 45
0.0
 46
0.0
 47
0.2
 48
0.2
140
3.5
141
0.09
142
0.0
143
0.0393700787
144
1.0
145
0.0
146
1.0
147
0.875
 71
0.0
 72
0.0
 73
0
 74
0
 75
0
 76
0
 77
1
 78
8
 79
2
170
1
171
3
172
0
173
0
174
0
175
0
176
0
177
0
178
5
270
2
179
2
271
3
272
3
273
2
274
-14
275
0
280
0
281
0
282
0
283
1
284
8
285
0
286
0
287
3
288
0
340
11
278
46
341
212
342
212
343
212
344
212
  0
DIMSTYLE
105
228
100
AcDbSymbolTableRecord
100
AcDbDimStyleTableRecord
  2
DIMSTYLE_2
 70
0
  3

  4

 40
1.0
 41
3.5
 42
0.0
 43
0.38
 44
1.5
 45
0.0
 46
0.0
 47
0.1
 48
0.1
140
3.5
141
0.09
142
0.0
143
0.0393700787
144
1.0
145
0.0
146
1.0
147
0.875
 71
1.0
 72
0.0
 73
0
 74
0
 75
0
 76
0
 77
1
 78
8
 79
2
170
1
171
3
172
0
173
0
174
0
175
0
176
0
177
0
178
5
270
2
179
2
271
3
272
3
273
2
274
-14
275
0
280
0
281
0
282
0
283
1
284
8
285
0
286
0
287
3
288
0
340
11
278
46
341
212
342
212
343
212
344
212
  0
DIMSTYLE
105
229
100
AcDbSymbolTableRecord
100
AcDbDimStyleTableRecord
  2
DIMSTYLE_3
 70
0
  3

  4

 40
1.0
 41
3.5
 42
0.0
 43
0.38
 44
1.5
 45
0.0
 46
0.0
 47
0.1
 48
0.1
140
3.5
141
0.09
142
0.0
143
0.0393700787
144
1.0
145
0.0
146
1.0
147
0.875
 71
0.0
 72
0.0
 73
0
 74
0
 75
0
 76
0
 77
1
 78
8
 79
2
170
1
171
3
172
0
173
0
174
0
175
0
176
0
177
0
178
5
270
2
179
2
271
3
272
3
273
2
274
-14
275
0
280
0
281
0
282
0
283
1
284
8
285
0
286
0
287
3
288
0
340
11
278
46
341
212
342
212
343
212
344
212
  0
DIMSTYLE
105
22A
100
AcDbSymbolTableRecord
100
AcDbDimStyleTableRecord
  2
DIMSTYLE_4
 70
0
  3

  4

 40
1.0
 41
3.5
 42
0.0
 43
0.38
 44
1.5
 45
0.0
 46
0.0
 47
0.05
 48
0.05
140
3.5
141
0.09
142
0.0
143
0.0393700787
144
0.5
145
0.0
146
1.0
147
0.875
 71
1.0
 72
0.0
 73
0
 74
0
 75
0
 76
0
 77
1
 78
8
 79
2
170
1
171
3
172
0
173
0
174
0
175
0
176
0
177
0
178
5
270
2
179
2
271
3
272
3
273
2
274
3
275
0
280
0
281
0
282
0
283
1
284
8
285
0
286
0
287
3
288
0
340
11
278
46
341
212
342
212
343
212
344
212
  0
DIMSTYLE
105
22B
100
AcDbSymbolTableRecord
100
AcDbDimStyleTableRecord
  2
DIMSTYLE_5
 70
0
  3

  4

 40
1.0
 41
3.5
 42
0.0
 43
0.38
 44
1.5
 45
0.0
 46
0.0
 47
0.1
 48
0.2
140
3.5
141
0.09
142
0.0
143
0.0393700787
144
0.5
145
0.0
146
0.6
147
0.875
 71
1.0
 72
0.0
 73
0
 74
0
 75
0
 76
0
 77
1
 78
8
 79
2
170
1
171
3
172
0
173
0
174
0
175
0
176
0
177
0
178
5
270
2
179
2
271
3
272
3
273
2
274
3
275
0
280
0
281
0
282
0
283
1
284
8
285
0
286
0
287
3
288
0
340
11
278
46
341
212
342
212
343
212
344
212
  0
DIMSTYLE
105
22C
100
AcDbSymbolTableRecord
100
AcDbDimStyleTableRecord
  2
DIMSTYLE_6
 70
0
  3

  4

 40
1.0
 41
3.5
 42
0.0
 43
0.38
 44
1.5
 45
0.0
 46
0.0
 47
0.1
 48
0.3
140
3.5
141
0.09
142
0.0
143
0.0393700787
144
0.5
145
0.0
146
0.6
147
0.875
 71
1.0
 72
0.0
 73
0
 74
0
 75
0
 76
0
 77
1
 78
8
 79
2
170
1
171
3
172
0
173
0
174
0
175
0
176
0
177
0
178
5
270
2
179
2
271
3
272
3
273
2
274
3
275
0
280
0
281
0
282
0
283
1
284
8
285
0
286
0
287
3
288
0
340
11
278
46
341
212
342
212
343
212
344
212
  0
DIMSTYLE
105
22D
100
AcDbSymbolTableRecord
100
AcDbDimStyleTableRecord
  2
DIMSTYLE_7
 70
0
  3

  4

 40
1.0
 41
3.5
 42
0.0
 43
0.38
 44
1.5
 45
0.0
 46
0.0
 47
0.3
 48
0.3
140
3.5
141
0.09
142
0.0
143
0.0393700787
144
0.5
145
0.0
146
1.0
147
0.875
 71
0.0
 72
0.0
 73
0
 74
0
 75
0
 76
0
 77
1
 78
8
 79
2
170
1
171
3
172
0
173
0
174
0
175
0
176
0
177
0
178
5
270
2
179
2
271
3
272
3
273
2
274
3
275
0
280
0
281
0
282
0
283
1
284
8
285
0
286
0
287
3
288
0
340
11
278
46
341
212
342
212
343
212
344
212
  0
DIMSTYLE
105
22E
100
AcDbSymbolTableRecord
100
AcDbDimStyleTableRecord
  2
DIMSTYLE_8
 70
0
  3

  4

 40
1.0
 41
3.5
 42
0.0
 43
0.38
 44
1.5
 45
0.0
 46
0.0
 47
0.1
 48
0.1
140
3.5
141
0.09
142
0.0
143
0.0393700787
144
0.5
145
0.0
146
1.0
147
0.875
 71
1.0
 72
0.0
 73
0
 74
0
 75
0
 76
0
 77
1
 78
8
 79
2
170
1
171
3
172
0
173
0
174
0
175
0
176
0
177
0
178
5
270
2
179
2
271
3
272
3
273
2
274
3
275
0
280
0
281
0
282
0
283
1
284
8
285
0
286
0
287
3
288
0
340
11
278
46
341
212
342
212
343
212
344
212
  0
DIMSTYLE
105
22F
100
AcDbSymbolTableRecord
100
AcDbDimStyleTableRecord
  2
DIMSTYLE_9
 70
0
  3

  4

 40
1.0
 41
3.5
 42
0.0
 43
0.38
 44
1.5
 45
0.0
 46
0.0
 47
0.1
 48
0.1
140
3.5
141
0.09
142
0.0
143
0.0393700787
144
0.5
145
0.0
146
1.0
147
0.875
 71
0.0
 72
0.0
 73
0
 74
0
 75
0
 76
0
 77
1
 78
8
 79
2
170
1
171
3
172
0
173
0
174
0
175
0
176
0
177
0
178
5
270
2
179
2
271
3
272
3
273
2
274
3
275
0
280
0
281
0
282
0
283
1
284
8
285
0
286
0
287
3
288
0
340
11
278
46
341
212
342
212
343
212
344
212
  0
DIMSTYLE
105
230
100
AcDbSymbolTableRecord
100
AcDbDimStyleTableRecord
  2
DIMSTYLE_10
 70
0
  3

  4

 40
1.0
 41
3.5
 42
0.0
 43
0.38
 44
1.5
 45
0.0
 46
0.0
 47
0.3
 48
0.3
140
3.5
141
0.09
142
0.0
143
0.0393700787
144
0.5
145
0.0
146
1.0
147
0.875
 71
0.0
 72
0.0
 73
0
 74
0
 75
0
 76
0
 77
1
 78
8
 79
2
170
1
171
3
172
0
173
0
174
0
175
0
176
0
177
0
178
5
270
2
179
2
271
1
272
4
273
2
274
6
275
0
280
0
281
0
282
0
283
1
284
8
285
0
286
0
287
3
288
0
340
11
278
46
341
212
342
212
343
212
344
212
  0
ENDTAB
  0
ENDSEC
  0
SECTION
  2
BLOCKS
  0
BLOCK
  5
20
100
AcDbEntity
  8
0
100
AcDbBlockBegin
  2
*Model_Space
 70
0
 10
0.0
 20
0.0
 30
0.0
  3
*Model_Space
  1

  0
ENDBLK
  5
21
100
AcDbEntity
  8
0
100
AcDbBlockEnd
  0
BLOCK
  5
1C
100
AcDbEntity
  8
0
100
AcDbBlockBegin
  2
*Paper_Space
 70
0
 10
0.0
 20
0.0
 30
0.0
  3
*Paper_Space
  1

  0
ENDBLK
  5
1D
100
AcDbEntity
  8
0
100
AcDbBlockEnd
  0
BLOCK
  5
231
100
AcDbEntity
  8
0
100
AcDbBlockBegin
 62
2
  6
CONTINUOUS
  2
NEUTRIK_BL4
 70
64
 10
294.2613843509
 20
13.9057775655
  3
NEUTRIK_BL4
  1

  0
LINE
  5
232
100
AcDbEntity
  8
0
100
AcDbLine
 62
2
  6
CONTINUOUS
 10
280.1379429101
 20
12.7320974649
 11
277.6374924352
 21
14.241114734
  0
LINE
  5
233
100
AcDbEntity
  8
0
100
AcDbLine
 62
2
  6
CONTINUOUS
 10
277.7853141677
 20
15.0794572168
 11
280.2857656426
 21
13.5704399477
  0
LINE
  5
234
100
AcDbEntity
  8
0
100
AcDbLine
 62
2
  6
CONTINUOUS
 10
310.2344484443
 20
12.7320974649
 11
308.6365333361
 21
13.654274796
  0
LINE
  5
235
100
AcDbEntity
  8
0
100
AcDbLine
 62
2
  6
CONTINUOUS
 10
299.9029861412
 20
13.5704399477
 11
301.1805755621
 21
12.7321505392
  0
LINE
  5
236
100
AcDbEntity
  8
0
100
AcDbLine
 62
2
  6
CONTINUOUS
 10
303.1085343401
 20
12.7320974649
 11
301.8311746518
 21
13.5704399477
  0
LINE
  5
237
100
AcDbEntity
  8
0
100
AcDbLine
 62
2
  6
CONTINUOUS
 10
310.4389980741
 20
13.9896111891
 11
312.3303046514
 21
12.7320974649
  0
LINE
  5
238
100
AcDbEntity
  8
0
100
AcDbLine
 62
2
  6
CONTINUOUS
 10
275.7785607993
 20
12.7320974649
 11
276.1924630503
 21
15.0794572168
  0
LINE
  5
239
100
AcDbEntity
  8
0
100
AcDbLine
 62
2
  6
CONTINUOUS
 10
277.6374924352
 20
14.241114734
 11
277.3714119167
 21
12.7320974649
  0
LINE
  5
23A
100
AcDbEntity
  8
0
100
AcDbLine
 62
2
  6
CONTINUOUS
 10
280.2857656426
 20
13.5704399477
 11
280.5518451611
 21
15.0794572168
  0
LINE
  5
23B
100
AcDbEntity
  8
0
100
AcDbLine
 62
2
  6
CONTINUOUS
 10
282.1446972785
 20
15.0794572168
 11
281.7307940275
 21
12.7320974649
  0
LINE
  5
23C
100
AcDbEntity
  8
0
100
AcDbLine
 62
2
  6
CONTINUOUS
 10
282.9883077518
 20
12.7320974649
 11
283.4022110027
 21
15.0794572168
  0
LINE
  5
23D
100
AcDbEntity
  8
0
100
AcDbLine
 62
2
  6
CONTINUOUS
 10
284.8225344324
 20
14.5764511271
 11
284.7486235661
 21
14.1572798857
  0
LINE
  5
23E
100
AcDbEntity
  8
0
100
AcDbLine
 62
2
  6
CONTINUOUS
 10
284.6599297266
 20
13.654274796
 11
284.5860188604
 21
13.2351035546
  0
LINE
  5
23F
100
AcDbEntity
  8
0
100
AcDbLine
 62
2
  6
CONTINUOUS
 10
286.9283146215
 20
14.1572798857
 11
286.8396207821
 21
13.654274796
  0
LINE
  5
240
100
AcDbEntity
  8
0
100
AcDbLine
 62
2
  6
CONTINUOUS
 10
287.593924417
 20
15.0794572168
 11
287.5052315775
 21
14.5764511271
  0
LINE
  5
241
100
AcDbEntity
  8
0
100
AcDbLine
 62
2
  6
CONTINUOUS
 10
287.2687150055
 20
13.2351035546
 11
287.180022166
 21
12.7320974649
  0
LINE
  5
242
100
AcDbEntity
  8
0
100
AcDbLine
 62
2
  6
CONTINUOUS
 10
288.1624483881
 20
13.5492379861
 11
288.4322678998
 21
15.0794572168
  0
LINE
  5
243
100
AcDbEntity
  8
0
100
AcDbLine
 62
2
  6
CONTINUOUS
 10
289.941284169
 20
15.0794572168
 11
289.6954596138
 21
13.6853127398
  0
LINE
  5
244
100
AcDbEntity
  8
0
100
AcDbLine
 62
2
  6
CONTINUOUS
 10
291.5258513014
 20
13.6061318831
 11
291.7856388312
 21
15.0794572168
  0
LINE
  5
245
100
AcDbEntity
  8
0
100
AcDbLine
 62
2
  6
CONTINUOUS
 10
293.2946561003
 20
15.0794572168
 11
292.9980696371
 21
13.3974352608
  0
LINE
  5
246
100
AcDbEntity
  8
0
100
AcDbLine
 62
2
  6
CONTINUOUS
 10
293.7780202256
 20
14.4926172788
 11
293.8814960383
 21
15.0794572168
  0
LINE
  5
247
100
AcDbEntity
  8
0
100
AcDbLine
 62
2
  6
CONTINUOUS
 10
294.6412726634
 20
12.7320974649
 11
294.9517001016
 21
14.4926172788
  0
LINE
  5
248
100
AcDbEntity
  8
0
100
AcDbLine
 62
2
  6
CONTINUOUS
 10
296.6283850673
 20
14.4926172788
 11
296.3179586291
 21
12.7320974649
  0
LINE
  5
249
100
AcDbEntity
  8
0
100
AcDbLine
 62
2
  6
CONTINUOUS
 10
297.905540756
 20
15.0794572168
 11
297.8020649433
 21
14.4926172788
  0
LINE
  5
24A
100
AcDbEntity
  8
0
100
AcDbLine
 62
2
  6
CONTINUOUS
 10
298.492380694
 20
15.0794572168
 11
298.078478443
 21
12.7320974649
  0
LINE
  5
24B
100
AcDbEntity
  8
0
100
AcDbLine
 62
2
  6
CONTINUOUS
 10
299.7551634087
 20
12.7320974649
 11
299.9029861412
 21
13.5704399477
  0
LINE
  5
24C
100
AcDbEntity
  8
0
100
AcDbLine
 62
2
  6
CONTINUOUS
 10
299.9916789807
 20
14.0734460374
 11
300.0951547935
 21
14.6602859754
  0
LINE
  5
24D
100
AcDbEntity
  8
0
100
AcDbLine
 62
2
  6
CONTINUOUS
 10
303.7792091264
 20
12.7320974649
 11
304.1931113774
 21
15.0794572168
  0
LINE
  5
24E
100
AcDbEntity
  8
0
100
AcDbLine
 62
2
  6
CONTINUOUS
 10
305.8697973431
 20
15.0794572168
 11
305.4558940921
 21
12.7320974649
  0
LINE
  5
24F
100
AcDbEntity
  8
0
100
AcDbLine
 62
2
  6
CONTINUOUS
 10
306.7972426647
 20
12.7320974649
 11
307.2111459156
 21
15.0794572168
  0
LINE
  5
250
100
AcDbEntity
  8
0
100
AcDbLine
 62
2
  6
CONTINUOUS
 10
308.8878308813
 20
15.0794572168
 11
308.6956622291
 21
13.9896111891
  0
LINE
  5
251
100
AcDbEntity
  8
0
100
AcDbLine
 62
2
  6
CONTINUOUS
 10
308.6365333361
 20
13.654274796
 11
308.4739286303
 21
12.7320974649
  0
LINE
  5
252
100
AcDbEntity
  8
0
100
AcDbLine
 62
2
  6
CONTINUOUS
 10
312.3303046514
 20
12.7320974649
 11
310.2344484443
 21
12.7320974649
  0
LINE
  5
253
100
AcDbEntity
  8
0
100
AcDbLine
 62
2
  6
CONTINUOUS
 10
275.7785607993
 20
12.7320974649
 11
277.3714119167
 21
12.7320974649
  0
LINE
  5
254
100
AcDbEntity
  8
0
100
AcDbLine
 62
2
  6
CONTINUOUS
 10
308.4739286303
 20
12.7320974649
 11
306.7972426647
 21
12.7320974649
  0
LINE
  5
255
100
AcDbEntity
  8
0
100
AcDbLine
 62
2
  6
CONTINUOUS
 10
305.4558940921
 20
12.7320974649
 11
303.7792091264
 21
12.7320974649
  0
LINE
  5
256
100
AcDbEntity
  8
0
100
AcDbLine
 62
2
  6
CONTINUOUS
 10
296.3179586291
 20
12.7320974649
 11
294.6412726634
 21
12.7320974649
  0
LINE
  5
257
100
AcDbEntity
  8
0
100
AcDbLine
 62
2
  6
CONTINUOUS
 10
298.078478443
 20
12.7320974649
 11
299.7551634087
 21
12.7320974649
  0
LINE
  5
258
100
AcDbEntity
  8
0
100
AcDbLine
 62
2
  6
CONTINUOUS
 10
287.180022166
 20
12.7320974649
 11
282.9883077518
 21
12.7320974649
  0
LINE
  5
259
100
AcDbEntity
  8
0
100
AcDbLine
 62
2
  6
CONTINUOUS
 10
301.1803458296
 20
12.7320974649
 11
303.1085343401
 21
12.7320974649
  0
LINE
  5
25A
100
AcDbEntity
  8
0
100
AcDbLine
 62
2
  6
CONTINUOUS
 10
281.7307940275
 20
12.7320974649
 11
280.1379429101
 21
12.7320974649
  0
LINE
  5
25B
100
AcDbEntity
  8
0
100
AcDbLine
 62
2
  6
CONTINUOUS
 10
284.5860188604
 20
13.2351035546
 11
287.2687150055
 21
13.2351035546
  0
LINE
  5
25C
100
AcDbEntity
  8
0
100
AcDbLine
 62
2
  6
CONTINUOUS
 10
286.8396207821
 20
13.654274796
 11
284.6599297266
 21
13.654274796
  0
LINE
  5
25D
100
AcDbEntity
  8
0
100
AcDbLine
 62
2
  6
CONTINUOUS
 10
301.0528390603
 20
14.0734460374
 11
299.9916789807
 21
14.0734460374
  0
LINE
  5
25E
100
AcDbEntity
  8
0
100
AcDbLine
 62
2
  6
CONTINUOUS
 10
284.7486235661
 20
14.1572798857
 11
286.9283146215
 21
14.1572798857
  0
LINE
  5
25F
100
AcDbEntity
  8
0
100
AcDbLine
 62
2
  6
CONTINUOUS
 10
297.8020649433
 20
14.4926172788
 11
296.6283850673
 21
14.4926172788
  0
LINE
  5
260
100
AcDbEntity
  8
0
100
AcDbLine
 62
2
  6
CONTINUOUS
 10
294.9517001016
 20
14.4926172788
 11
293.7780202256
 21
14.4926172788
  0
LINE
  5
261
100
AcDbEntity
  8
0
100
AcDbLine
 62
2
  6
CONTINUOUS
 10
287.5052315775
 20
14.5764511271
 11
284.8225344324
 21
14.5764511271
  0
LINE
  5
262
100
AcDbEntity
  8
0
100
AcDbLine
 62
2
  6
CONTINUOUS
 10
300.0951547935
 20
14.6602859754
 11
301.3492665239
 21
14.6602859754
  0
LINE
  5
263
100
AcDbEntity
  8
0
100
AcDbLine
 62
2
  6
CONTINUOUS
 10
276.1924630503
 20
15.0794572168
 11
277.7853141677
 21
15.0794572168
  0
LINE
  5
264
100
AcDbEntity
  8
0
100
AcDbLine
 62
2
  6
CONTINUOUS
 10
280.5518451611
 20
15.0794572168
 11
282.1446972785
 21
15.0794572168
  0
LINE
  5
265
100
AcDbEntity
  8
0
100
AcDbLine
 62
2
  6
CONTINUOUS
 10
283.4022110027
 20
15.0794572168
 11
287.593924417
 21
15.0794572168
  0
LINE
  5
266
100
AcDbEntity
  8
0
100
AcDbLine
 62
2
  6
CONTINUOUS
 10
301.5942490805
 20
15.0794572168
 11
298.492380694
 21
15.0794572168
  0
LINE
  5
267
100
AcDbEntity
  8
0
100
AcDbLine
 62
2
  6
CONTINUOUS
 10
288.4322678998
 20
15.0794572168
 11
289.941284169
 21
15.0794572168
  0
LINE
  5
268
100
AcDbEntity
  8
0
100
AcDbLine
 62
2
  6
CONTINUOUS
 10
291.7856388312
 20
15.0794572168
 11
293.2946561003
 21
15.0794572168
  0
LINE
  5
269
100
AcDbEntity
  8
0
100
AcDbLine
 62
2
  6
CONTINUOUS
 10
293.8814960383
 20
15.0794572168
 11
297.905540756
 21
15.0794572168
  0
LINE
  5
26A
100
AcDbEntity
  8
0
100
AcDbLine
 62
2
  6
CONTINUOUS
 10
304.1931113774
 20
15.0794572168
 11
305.8697973431
 21
15.0794572168
  0
LINE
  5
26B
100
AcDbEntity
  8
0
100
AcDbLine
 62
2
  6
CONTINUOUS
 10
307.2111459156
 20
15.0794572168
 11
308.8878308813
 21
15.0794572168
  0
LINE
  5
26C
100
AcDbEntity
  8
0
100
AcDbLine
 62
2
  6
CONTINUOUS
 10
310.6311677264
 20
15.0794572168
 11
312.7442079024
 21
15.0794572168
  0
LINE
  5
26D
100
AcDbEntity
  8
0
100
AcDbLine
 62
2
  6
CONTINUOUS
 10
308.6956622291
 20
13.9896111891
 11
310.6311677264
 21
15.0794572168
  0
LINE
  5
26E
100
AcDbEntity
  8
0
100
AcDbLine
 62
2
  6
CONTINUOUS
 10
312.7442079024
 20
15.0794572168
 11
310.4389980741
 21
13.9896111891
  0
ARC
  5
26F
100
AcDbEntity
  8
0
100
AcDbCircle
 62
2
  6
CONTINUOUS
 10
290.0257020162
 20
13.6270818452
 40
0.335336967
100
AcDbArc
 50
169.9999581174
 51
257.3876854477
  0
ARC
  5
270
100
AcDbEntity
  8
0
100
AcDbCircle
 62
2
  6
CONTINUOUS
 10
290.5382520886
 20
15.9177996997
 40
2.6826964808
100
AcDbArc
 50
257.3877479741
 51
286.262665946
  0
ARC
  5
271
100
AcDbEntity
  8
0
100
AcDbCircle
 62
2
  6
CONTINUOUS
 10
291.195608899
 20
13.6643627777
 40
0.3353371135
100
AcDbArc
 50
286.2627744417
 51
349.9999581174
  0
ARC
  5
272
100
AcDbEntity
  8
0
100
AcDbCircle
 62
2
  6
CONTINUOUS
 10
292.5027055335
 20
13.4847811027
 40
0.5030061094
100
AcDbArc
 50
284.4613069912
 51
350.0000240953
  0
ARC
  5
273
100
AcDbEntity
  8
0
100
AcDbCircle
 62
2
  6
CONTINUOUS
 10
290.5347640949
 20
21.1155252933
 40
8.3834278607
100
AcDbArc
 50
256.2209051549
 51
284.4612653568
  0
ARC
  5
274
100
AcDbEntity
  8
0
100
AcDbCircle
 62
2
  6
CONTINUOUS
 10
288.6578124917
 20
13.4618921441
 40
0.503005856
100
AcDbArc
 50
170.0000240953
 51
256.2208762229
  0
ARC
  5
275
100
AcDbEntity
  8
0
100
AcDbCircle
 62
2
  6
CONTINUOUS
 10
302.1295771117
 20
14.8912105575
 40
1.3167024847
100
AcDbArc
 50
270.8139664646
 51
287.332045501
  0
ARC
  5
276
100
AcDbEntity
  8
0
100
AcDbCircle
 62
2
  6
CONTINUOUS
 10
302.2164039546
 20
14.612990061
 40
1.025248295
100
AcDbArc
 50
287.332041554
 51
306.9952583027
  0
ARC
  5
277
100
AcDbEntity
  8
0
100
AcDbCircle
 62
2
  6
CONTINUOUS
 10
302.349382714
 20
14.4364903804
 40
0.8042604703
100
AcDbArc
 50
306.9952804959
 51
331.1991469186
  0
ARC
  5
278
100
AcDbEntity
  8
0
100
AcDbCircle
 62
2
  6
CONTINUOUS
 10
302.5533103449
 20
14.3243765833
 40
0.5715468569
100
AcDbArc
 50
331.1991187457
 51
28.8007934081
  0
ARC
  5
279
100
AcDbEntity
  8
0
100
AcDbCircle
 62
2
  6
CONTINUOUS
 10
302.349382714
 20
14.2122617862
 40
0.8042612359
100
AcDbArc
 50
28.8008530814
 51
53.0047195041
  0
ARC
  5
27A
100
AcDbEntity
  8
0
100
AcDbCircle
 62
2
  6
CONTINUOUS
 10
302.2164039546
 20
14.0357621056
 40
1.0252479986
100
AcDbArc
 50
53.0047416973
 51
72.667958446
  0
ARC
  5
27B
100
AcDbEntity
  8
0
100
AcDbCircle
 62
2
  6
CONTINUOUS
 10
302.1295771117
 20
13.7575416091
 40
1.3167024858
100
AcDbArc
 50
72.667954499
 51
88.2637233921
  0
ARC
  5
27C
100
AcDbEntity
  8
0
100
AcDbCircle
 62
2
  6
CONTINUOUS
 10
301.7586937829
 20
2.8979322618
 40
12.1826353158
100
AcDbArc
 50
88.0677150838
 51
90.7734183662
  0
ARC
  5
27D
100
AcDbEntity
  8
0
100
AcDbCircle
 62
2
  6
CONTINUOUS
 10
300.4285681901
 20
131.4267246626
 40
117.8646306221
100
AcDbArc
 50
270.6818443076
 51
270.8360085966
  0
ARC
  5
27E
100
AcDbEntity
  8
0
100
AcDbCircle
 62
2
  6
CONTINUOUS
 10
301.3068376007
 20
14.1391399185
 40
0.5228699142
100
AcDbArc
 50
74.2117758502
 51
85.3455498836
  0
ARC
  5
27F
100
AcDbEntity
  8
0
100
AcDbCircle
 62
2
  6
CONTINUOUS
 10
301.3561835114
 20
14.3136646027
 40
0.3415029724
100
AcDbArc
 50
49.80595642
 51
74.2116374161
  0
ARC
  5
280
100
AcDbEntity
  8
0
100
AcDbCircle
 62
2
  6
CONTINUOUS
 10
301.4665033117
 20
14.4442383664
 40
0.1705654939
100
AcDbArc
 50
340.193968067
 51
49.8058745946
  0
ARC
  5
281
100
AcDbEntity
  8
0
100
AcDbCircle
 62
2
  6
CONTINUOUS
 10
301.3056766028
 20
14.5021582616
 40
0.3415041793
100
AcDbArc
 50
315.7883508031
 51
340.1940327095
  0
ARC
  5
282
100
AcDbEntity
  8
0
100
AcDbCircle
 62
2
  6
CONTINUOUS
 10
301.175679838
 20
14.6286270327
 40
0.5228695114
100
AcDbArc
 50
298.8638229053
 51
315.7882717965
  0
ARC
  5
283
100
AcDbEntity
  8
0
100
AcDbCircle
 62
2
  6
CONTINUOUS
 10
301.0528390603
 20
14.8514846294
 40
0.777340892
100
AcDbArc
 50
285.0000006491
 51
298.8638426666
  0
ARC
  5
284
100
AcDbEntity
  8
0
100
AcDbCircle
 62
2
  6
CONTINUOUS
 10
301.0501400652
 20
14.8514866294
 40
0.7780452733
100
AcDbArc
 50
270.1987562222
 51
285.191946156
  0
ENDBLK
  5
285
100
AcDbEntity
  8
0
  6
BYBLOCK
 62
0
100
AcDbBlockEnd
  0
BLOCK
  5
286
100
AcDbEntity
  8
0
100
AcDbBlockBegin
 62
2
  6
CONTINUOUS
  2
VOLUMEN_BL3
 70
64
 10
320.1514568862
 20
44.967865753
  3
VOLUMEN_BL3
  1

  0
LINE
  5
287
100
AcDbEntity
  8
0
100
AcDbLine
 62
2
  6
CONTINUOUS
 10
318.7854314824
 20
43.9188276473
 11
320.51748229
 21
43.4188276473
  0
LINE
  5
288
100
AcDbEntity
  8
0
100
AcDbLine
 62
2
  6
CONTINUOUS
 10
320.51748229
 20
43.4188276473
 11
320.51748229
 21
45.1508784549
  0
LINE
  5
289
100
AcDbEntity
  8
0
100
AcDbLine
 62
2
  6
CONTINUOUS
 10
321.51748229
 20
44.2848530511
 11
320.51748229
 21
43.4188276473
  0
LINE
  5
28A
100
AcDbEntity
  8
0
100
AcDbLine
 62
2
  6
CONTINUOUS
 10
321.51748229
 20
44.2848530511
 11
321.51748229
 21
46.0169038587
  0
LINE
  5
28B
100
AcDbEntity
  8
0
100
AcDbLine
 62
2
  6
CONTINUOUS
 10
321.51748229
 20
46.0169038587
 11
320.51748229
 21
45.1508784549
  0
LINE
  5
28C
100
AcDbEntity
  8
0
100
AcDbLine
 62
2
  6
CONTINUOUS
 10
320.51748229
 20
45.1508784549
 11
318.7854314824
 21
45.6508784549
  0
LINE
  5
28D
100
AcDbEntity
  8
0
100
AcDbLine
 62
2
  6
CONTINUOUS
 10
318.7854314824
 20
45.6508784549
 11
318.7854314824
 21
43.9188276473
  0
LINE
  5
28E
100
AcDbEntity
  8
0
100
AcDbLine
 62
2
  6
CONTINUOUS
 10
319.7854314824
 20
46.5169038587
 11
318.7854314824
 21
45.6508784549
  0
LINE
  5
28F
100
AcDbEntity
  8
0
100
AcDbLine
 62
2
  6
CONTINUOUS
 10
321.51748229
 20
46.0169038587
 11
319.7854314824
 21
46.5169038587
  0
ENDBLK
  5
290
100
AcDbEntity
  8
0
  6
BYBLOCK
 62
0
100
AcDbBlockEnd
  0
BLOCK
  5
291
100
AcDbEntity
  8
0
100
AcDbBlockBegin
 62
2
  6
CONTINUOUS
  2
OBERFLÄCHE_BL2
 70
64
 10
296.8834790345
 20
44.9777118412
  3
OBERFLÄCHE_BL2
  1

  0
LINE
  5
292
100
AcDbEntity
  8
0
100
AcDbLine
 62
2
  6
CONTINUOUS
 10
295.7575669274
 20
43.851799734
 11
298.0093911416
 21
43.851799734
  0
LINE
  5
293
100
AcDbEntity
  8
0
100
AcDbLine
 62
2
  6
CONTINUOUS
 10
298.0093911416
 20
43.851799734
 11
298.0093911416
 21
46.1036239483
  0
LINE
  5
294
100
AcDbEntity
  8
0
100
AcDbLine
 62
2
  6
CONTINUOUS
 10
298.0093911416
 20
46.1036239483
 11
295.7575669274
 21
46.1036239483
  0
LINE
  5
295
100
AcDbEntity
  8
0
100
AcDbLine
 62
2
  6
CONTINUOUS
 10
295.7575669274
 20
46.1036239483
 11
295.7575669274
 21
43.851799734
  0
ENDBLK
  5
296
100
AcDbEntity
  8
0
  6
BYBLOCK
 62
0
100
AcDbBlockEnd
  0
BLOCK
  5
297
100
AcDbEntity
  8
0
100
AcDbBlockBegin
 62
2
  6
CONTINUOUS
  2
GEWICHT_BL1
 70
64
 10
273.6008673453
 20
45.0304275317
  3
GEWICHT_BL1
  1

  0
SPLINE
  5
298
100
AcDbEntity
  8
0
100
AcDbSpline
 62
2
  6
CONTINUOUS
 70
0
 71
3
 72
28
 73
24
 74
0
 42
0.0000001
 43
0.0000001
 44
0.0000000001
 40
0.0
 40
0.0
 40
0.0
 40
0.0
 40
0.0084658882
 40
0.0260585197
 40
0.0536995641
 40
0.0910474494
 40
0.1373719529
 40
0.1916911439
 40
0.2528239144
 40
0.319427116
 40
0.390030219
 40
0.4630705257
 40
0.5369294743
 40
0.609969781
 40
0.680572884
 40
0.7471760856
 40
0.8083088561
 40
0.8626280471
 40
0.9089525506
 40
0.9463004359
 40
0.9739414803
 40
0.9915341118
 40
1.0
 40
1.0
 40
1.0
 40
1.0
 10
272.5342006787
 20
43.4795882023
 30
0.0
 10
272.5342006787
 20
43.4734970087
 30
0.0
 10
272.5528163186
 20
43.4601777677
 30
0.0
 10
272.5876265018
 20
43.4500995759
 30
0.0
 10
272.6469157661
 20
43.437021034
 30
0.0
 10
272.7257642878
 20
43.4259575439
 30
0.0
 10
272.8246711834
 20
43.4152951452
 30
0.0
 10
272.9406598327
 20
43.4061507009
 30
0.0
 10
273.0714501525
 20
43.3984851688
 30
0.0
 10
273.2140330578
 20
43.3925858085
 30
0.0
 10
273.3652584511
 20
43.3885673206
 30
0.0
 10
273.5217419285
 20
43.3865350488
 30
0.0
 10
273.6799927622
 20
43.3865350488
 30
0.0
 10
273.8364762396
 20
43.3885673206
 30
0.0
 10
273.9877016329
 20
43.3925858085
 30
0.0
 10
274.1302845382
 20
43.3984851688
 30
0.0
 10
274.261074858
 20
43.4061507009
 30
0.0
 10
274.3770635072
 20
43.4152951452
 30
0.0
 10
274.4759704029
 20
43.4259575439
 30
0.0
 10
274.5548189246
 20
43.437021034
 30
0.0
 10
274.6141081889
 20
43.4500995759
 30
0.0
 10
274.6489183721
 20
43.4601777677
 30
0.0
 10
274.667534012
 20
43.4734970087
 30
0.0
 10
274.667534012
 20
43.4795882023
 30
0.0
  0
LINE
  5
299
100
AcDbEntity
  8
0
100
AcDbLine
 62
2
  6
CONTINUOUS
 10
272.5342006787
 20
45.6048035582
 11
272.5342006787
 21
43.4795882023
  0
LINE
  5
29A
100
AcDbEntity
  8
0
100
AcDbLine
 62
2
  6
CONTINUOUS
 10
274.667534012
 20
45.6048035582
 11
274.667534012
 21
43.4795882023
  0
SPLINE
  5
29B
100
AcDbEntity
  8
0
100
AcDbSpline
 62
2
  6
CONTINUOUS
 70
0
 71
3
 72
28
 73
24
 74
0
 42
0.0000001
 43
0.0000001
 44
0.0000000001
 40
0.0
 40
0.0
 40
0.0
 40
0.0
 40
0.0084658882
 40
0.0260585197
 40
0.0536995641
 40
0.0910474494
 40
0.1373719529
 40
0.1916911439
 40
0.2528239144
 40
0.319427116
 40
0.390030219
 40
0.4630705257
 40
0.5369294743
 40
0.609969781
 40
0.680572884
 40
0.7471760856
 40
0.8083088561
 40
0.8626280471
 40
0.9089525506
 40
0.9463004359
 40
0.9739414803
 40
0.9915341118
 40
1.0
 40
1.0
 40
1.0
 40
1.0
 10
272.5342006787
 20
45.6048035582
 30
0.0
 10
272.5342006787
 20
45.5987123647
 30
0.0
 10
272.5528163186
 20
45.5853931237
 30
0.0
 10
272.5876265018
 20
45.5753149319
 30
0.0
 10
272.6469157661
 20
45.5622363899
 30
0.0
 10
272.7257642878
 20
45.5511728998
 30
0.0
 10
272.8246711834
 20
45.5405105011
 30
0.0
 10
272.9406598327
 20
45.5313660568
 30
0.0
 10
273.0714501525
 20
45.5237005247
 30
0.0
 10
273.2140330578
 20
45.5178011644
 30
0.0
 10
273.3652584511
 20
45.5137826766
 30
0.0
 10
273.5217419285
 20
45.5117504047
 30
0.0
 10
273.6799927622
 20
45.5117504047
 30
0.0
 10
273.8364762396
 20
45.5137826766
 30
0.0
 10
273.9877016329
 20
45.5178011644
 30
0.0
 10
274.1302845382
 20
45.5237005247
 30
0.0
 10
274.261074858
 20
45.5313660568
 30
0.0
 10
274.3770635072
 20
45.5405105011
 30
0.0
 10
274.4759704029
 20
45.5511728998
 30
0.0
 10
274.5548189246
 20
45.5622363899
 30
0.0
 10
274.6141081889
 20
45.5753149319
 30
0.0
 10
274.6489183721
 20
45.5853931237
 30
0.0
 10
274.667534012
 20
45.5987123647
 30
0.0
 10
274.667534012
 20
45.6048035582
 30
0.0
  0
SPLINE
  5
29C
100
AcDbEntity
  8
0
100
AcDbSpline
 62
2
  6
CONTINUOUS
 70
0
 71
3
 72
14
 73
10
 74
0
 42
0.0000001
 43
0.0000001
 44
0.0000000001
 40
0.0
 40
0.0
 40
0.0
 40
0.0
 40
0.0412622808
 40
0.1270078144
 40
0.2617287684
 40
0.4437603393
 40
0.6695434615
 40
0.9342922577
 40
1.0
 40
1.0
 40
1.0
 40
1.0
 10
272.5342006787
 20
45.6048035582
 30
0.0
 10
272.5342006787
 20
45.6108947517
 30
0.0
 10
272.5528163186
 20
45.6242139927
 30
0.0
 10
272.5876265018
 20
45.6342921845
 30
0.0
 10
272.6469157661
 20
45.6473707264
 30
0.0
 10
272.7257642878
 20
45.6584342166
 30
0.0
 10
272.8246711834
 20
45.6690966153
 30
0.0
 10
272.9064953141
 20
45.6755475586
 30
0.0
 10
272.9551636357
 20
45.6788058576
 30
0.0
 10
272.964842728
 20
45.6794321627
 30
0.0
  0
SPLINE
  5
29D
100
AcDbEntity
  8
0
100
AcDbSpline
 62
2
  6
CONTINUOUS
 70
0
 71
3
 72
12
 73
8
 74
0
 42
0.0000001
 43
0.0000001
 44
0.0000000001
 40
0.0
 40
0.0
 40
0.0
 40
0.0
 40
0.2183093189
 40
0.4389806892
 40
0.6331032631
 40
0.8508359866
 40
1.0
 40
1.0
 40
1.0
 40
1.0
 10
273.0942690511
 20
45.9409213486
 30
0.0
 10
273.0942690511
 20
45.9189502072
 30
0.0
 10
273.0898412291
 20
45.8746463613
 30
0.0
 10
273.0708578644
 20
45.8133799485
 30
0.0
 10
273.0406597953
 20
45.7569420508
 30
0.0
 10
273.004971021
 20
45.7128014205
 30
0.0
 10
272.9767477192
 20
45.6884163113
 30
0.0
 10
272.964842728
 20
45.6794321627
 30
0.0
  0
SPLINE
  5
29E
100
AcDbEntity
  8
0
100
AcDbSpline
 62
2
  6
CONTINUOUS
 70
0
 71
3
 72
14
 73
10
 74
0
 42
0.0000001
 43
0.0000001
 44
0.0000000001
 40
0.0
 40
0.0
 40
0.0
 40
0.0
 40
0.176468229
 40
0.3549898892
 40
0.5118755438
 40
0.6882370179
 40
0.821818541
 40
0.9303028086
 40
1.0
 40
1.0
 40
1.0
 40
1.0
 10
274.1074656396
 20
45.9409213486
 30
0.0
 10
274.1074656396
 20
45.9627414754
 30
0.0
 10
274.1118315926
 20
46.0067563052
 30
0.0
 10
274.1305769694
 20
46.0676503584
 30
0.0
 10
274.1603717768
 20
46.123836196
 30
0.0
 10
274.1967970207
 20
46.1691537753
 30
0.0
 10
274.2360517153
 20
46.2031713362
 30
0.0
 10
274.268636901
 20
46.2239905468
 30
0.0
 10
274.2884893466
 20
46.2336355476
 30
0.0
 10
274.2964322436
 20
46.2369792211
 30
0.0
  0
SPLINE
  5
29F
100
AcDbEntity
  8
0
100
AcDbSpline
 62
2
  6
CONTINUOUS
 70
0
 71
3
 72
13
 73
9
 74
0
 42
0.0000001
 43
0.0000001
 44
0.0000000001
 40
0.0
 40
0.0
 40
0.0
 40
0.0
 40
0.1725511423
 40
0.3463697446
 40
0.5275235062
 40
0.701405388
 40
0.8563848632
 40
1.0
 40
1.0
 40
1.0
 40
1.0
 10
274.4008673453
 20
46.385389193
 30
0.0
 10
274.4008673453
 20
46.3743222853
 30
0.0
 10
274.3984445987
 20
46.3520323442
 30
0.0
 10
274.3875397235
 20
46.3197365173
 30
0.0
 10
274.369768696
 20
46.2905054929
 30
0.0
 10
274.3469992626
 20
46.2666882882
 30
0.0
 10
274.3221549514
 20
46.2490821823
 30
0.0
 10
274.304929813
 20
46.2405566932
 30
0.0
 10
274.2964404312
 20
46.2369826682
 30
0.0
  0
SPLINE
  5
2A0
100
AcDbEntity
  8
0
100
AcDbSpline
 62
2
  6
CONTINUOUS
 70
0
 71
3
 72
14
 73
10
 74
0
 42
0.0000001
 43
0.0000001
 44
0.0000000001
 40
0.0
 40
0.0
 40
0.0
 40
0.0
 40
0.1232647099
 40
0.2477474619
 40
0.3787676407
 40
0.5283325632
 40
0.6579714802
 40
0.8160107867
 40
1.0
 40
1.0
 40
1.0
 40
1.0
 10
274.2964281113
 20
46.5338009043
 30
0.0
 10
274.3037179172
 20
46.5307323925
 30
0.0
 10
274.3180638827
 20
46.5237889386
 30
0.0
 10
274.3384808812
 20
46.5104714933
 30
0.0
 10
274.3580485433
 20
46.4932136746
 30
0.0
 10
274.3747043135
 20
46.4726357115
 30
0.0
 10
274.3884305634
 20
46.4480343376
 30
0.0
 10
274.3983097248
 20
46.4192304626
 30
0.0
 10
274.4008673453
 20
46.3971948914
 30
0.0
 10
274.4008673453
 20
46.385389193
 30
0.0
  0
ARC
  5
2A1
100
AcDbEntity
  8
0
100
AcDbCircle
 62
2
  6
CONTINUOUS
 10
273.6008673453
 20
44.8814626779
 40
1.7927705916
100
AcDbArc
 50
67.170903166
 51
112.829096834
  0
SPLINE
  5
2A2
100
AcDbEntity
  8
0
100
AcDbSpline
 62
2
  6
CONTINUOUS
 70
0
 71
3
 72
26
 73
22
 74
0
 42
0.0000001
 43
0.0000001
 44
0.0000000001
 40
0.0
 40
0.0
 40
0.0
 40
0.0
 40
0.0097831864
 40
0.030975693
 40
0.0644069342
 40
0.1094496062
 40
0.1649830511
 40
0.2295483107
 40
0.3014192015
 40
0.3786604246
 40
0.4591852061
 40
0.5408147939
 40
0.6213395754
 40
0.6985807985
 40
0.7704516893
 40
0.8350169489
 40
0.8905503938
 40
0.9355930658
 40
0.969024307
 40
0.9902168136
 40
1.0
 40
1.0
 40
1.0
 40
1.0
 10
272.8905499775
 20
46.5212474563
 30
0.0
 10
272.8905499775
 20
46.5165607759
 30
0.0
 10
272.9062793473
 20
46.5068681686
 30
0.0
 10
272.9338166772
 20
46.4996264497
 30
0.0
 10
272.9819198696
 20
46.4901579012
 30
0.0
 10
273.0451499294
 20
46.48233258
 30
0.0
 10
273.1241113983
 20
46.4749605142
 30
0.0
 10
273.2158228718
 20
46.4689055634
 30
0.0
 10
273.3181000337
 20
46.4641517998
 30
0.0
 10
273.4280599868
 20
46.4609141339
 30
0.0
 10
273.5427375227
 20
46.4592681248
 30
0.0
 10
273.6589971679
 20
46.4592681248
 30
0.0
 10
273.7736747039
 20
46.4609141339
 30
0.0
 10
273.883634657
 20
46.4641517998
 30
0.0
 10
273.9859118188
 20
46.4689055634
 30
0.0
 10
274.0776232924
 20
46.4749605142
 30
0.0
 10
274.1565847613
 20
46.48233258
 30
0.0
 10
274.219814821
 20
46.4901579012
 30
0.0
 10
274.2679180135
 20
46.4996264497
 30
0.0
 10
274.2954553434
 20
46.5068681686
 30
0.0
 10
274.3111847132
 20
46.5165607759
 30
0.0
 10
274.3111847132
 20
46.5212474563
 30
0.0
  0
SPLINE
  5
2A3
100
AcDbEntity
  8
0
100
AcDbSpline
 62
2
  6
CONTINUOUS
 70
0
 71
3
 72
26
 73
22
 74
0
 42
0.0000001
 43
0.0000001
 44
0.0000000001
 40
0.0
 40
0.0
 40
0.0
 40
0.0
 40
0.0097831864
 40
0.030975693
 40
0.0644069342
 40
0.1094496062
 40
0.1649830511
 40
0.2295483107
 40
0.3014192015
 40
0.3786604246
 40
0.4591852061
 40
0.5408147939
 40
0.6213395754
 40
0.6985807985
 40
0.7704516893
 40
0.8350169489
 40
0.8905503938
 40
0.9355930658
 40
0.969024307
 40
0.9902168136
 40
1.0
 40
1.0
 40
1.0
 40
1.0
 10
272.8905499775
 20
46.2495309297
 30
0.0
 10
272.8905499775
 20
46.2448442493
 30
0.0
 10
272.9062793473
 20
46.2351516419
 30
0.0
 10
272.9338166772
 20
46.2279099231
 30
0.0
 10
272.9819198696
 20
46.2184413745
 30
0.0
 10
273.0451499294
 20
46.2106160534
 30
0.0
 10
273.1241113983
 20
46.2032439876
 30
0.0
 10
273.2158228718
 20
46.1971890368
 30
0.0
 10
273.3181000337
 20
46.1924352732
 30
0.0
 10
273.4280599868
 20
46.1891976073
 30
0.0
 10
273.5427375227
 20
46.1875515982
 30
0.0
 10
273.6589971679
 20
46.1875515982
 30
0.0
 10
273.7736747039
 20
46.1891976073
 30
0.0
 10
273.883634657
 20
46.1924352732
 30
0.0
 10
273.9859118188
 20
46.1971890368
 30
0.0
 10
274.0776232924
 20
46.2032439876
 30
0.0
 10
274.1565847613
 20
46.2106160534
 30
0.0
 10
274.219814821
 20
46.2184413745
 30
0.0
 10
274.2679180135
 20
46.2279099231
 30
0.0
 10
274.2954553434
 20
46.2351516419
 30
0.0
 10
274.3111847132
 20
46.2448442493
 30
0.0
 10
274.3111847132
 20
46.2495309297
 30
0.0
  0
SPLINE
  5
2A4
100
AcDbEntity
  8
0
100
AcDbSpline
 62
2
  6
CONTINUOUS
 70
0
 71
3
 72
28
 73
24
 74
0
 42
0.0000001
 43
0.0000001
 44
0.0000000001
 40
0.0
 40
0.0
 40
0.0
 40
0.0
 40
0.0084658882
 40
0.0260585197
 40
0.0536995641
 40
0.0910474494
 40
0.1373719529
 40
0.1916911439
 40
0.2528239144
 40
0.319427116
 40
0.390030219
 40
0.4630705257
 40
0.5369294743
 40
0.609969781
 40
0.680572884
 40
0.7471760856
 40
0.8083088561
 40
0.8626280471
 40
0.9089525506
 40
0.9463004359
 40
0.9739414803
 40
0.9915341118
 40
1.0
 40
1.0
 40
1.0
 40
1.0
 10
272.5342006787
 20
43.4795882023
 30
0.0
 10
272.5342006787
 20
43.4734970087
 30
0.0
 10
272.5528163186
 20
43.4601777677
 30
0.0
 10
272.5876265018
 20
43.4500995759
 30
0.0
 10
272.6469157661
 20
43.437021034
 30
0.0
 10
272.7257642878
 20
43.4259575439
 30
0.0
 10
272.8246711834
 20
43.4152951452
 30
0.0
 10
272.9406598327
 20
43.4061507009
 30
0.0
 10
273.0714501525
 20
43.3984851688
 30
0.0
 10
273.2140330578
 20
43.3925858085
 30
0.0
 10
273.3652584511
 20
43.3885673206
 30
0.0
 10
273.5217419285
 20
43.3865350488
 30
0.0
 10
273.6799927622
 20
43.3865350488
 30
0.0
 10
273.8364762396
 20
43.3885673206
 30
0.0
 10
273.9877016329
 20
43.3925858085
 30
0.0
 10
274.1302845382
 20
43.3984851688
 30
0.0
 10
274.261074858
 20
43.4061507009
 30
0.0
 10
274.3770635072
 20
43.4152951452
 30
0.0
 10
274.4759704029
 20
43.4259575439
 30
0.0
 10
274.5548189246
 20
43.437021034
 30
0.0
 10
274.6141081889
 20
43.4500995759
 30
0.0
 10
274.6489183721
 20
43.4601777677
 30
0.0
 10
274.667534012
 20
43.4734970087
 30
0.0
 10
274.667534012
 20
43.4795882023
 30
0.0
  0
LINE
  5
2A5
100
AcDbEntity
  8
0
100
AcDbLine
 62
2
  6
CONTINUOUS
 10
274.667534012
 20
45.6048035582
 11
274.667534012
 21
43.4795882023
  0
LINE
  5
2A6
100
AcDbEntity
  8
0
100
AcDbLine
 62
2
  6
CONTINUOUS
 10
272.5342006787
 20
45.6048035582
 11
272.5342006787
 21
43.4795882023
  0
SPLINE
  5
2A7
100
AcDbEntity
  8
0
100
AcDbSpline
 62
2
  6
CONTINUOUS
 70
0
 71
3
 72
28
 73
24
 74
0
 42
0.0000001
 43
0.0000001
 44
0.0000000001
 40
0.0
 40
0.0
 40
0.0
 40
0.0
 40
0.0084658882
 40
0.0260585197
 40
0.0536995641
 40
0.0910474494
 40
0.1373719529
 40
0.1916911439
 40
0.2528239144
 40
0.319427116
 40
0.390030219
 40
0.4630705257
 40
0.5369294743
 40
0.609969781
 40
0.680572884
 40
0.7471760856
 40
0.8083088561
 40
0.8626280471
 40
0.9089525506
 40
0.9463004359
 40
0.9739414803
 40
0.9915341118
 40
1.0
 40
1.0
 40
1.0
 40
1.0
 10
272.5342006787
 20
45.6048035582
 30
0.0
 10
272.5342006787
 20
45.5987123647
 30
0.0
 10
272.5528163186
 20
45.5853931237
 30
0.0
 10
272.5876265018
 20
45.5753149319
 30
0.0
 10
272.6469157661
 20
45.5622363899
 30
0.0
 10
272.7257642878
 20
45.5511728998
 30
0.0
 10
272.8246711834
 20
45.5405105011
 30
0.0
 10
272.9406598327
 20
45.5313660568
 30
0.0
 10
273.0714501525
 20
45.5237005247
 30
0.0
 10
273.2140330578
 20
45.5178011644
 30
0.0
 10
273.3652584511
 20
45.5137826766
 30
0.0
 10
273.5217419285
 20
45.5117504047
 30
0.0
 10
273.6799927622
 20
45.5117504047
 30
0.0
 10
273.8364762396
 20
45.5137826766
 30
0.0
 10
273.9877016329
 20
45.5178011644
 30
0.0
 10
274.1302845382
 20
45.5237005247
 30
0.0
 10
274.261074858
 20
45.5313660568
 30
0.0
 10
274.3770635072
 20
45.5405105011
 30
0.0
 10
274.4759704029
 20
45.5511728998
 30
0.0
 10
274.5548189246
 20
45.5622363899
 30
0.0
 10
274.6141081889
 20
45.5753149319
 30
0.0
 10
274.6489183721
 20
45.5853931237
 30
0.0
 10
274.667534012
 20
45.5987123647
 30
0.0
 10
274.667534012
 20
45.6048035582
 30
0.0
  0
SPLINE
  5
2A8
100
AcDbEntity
  8
0
100
AcDbSpline
 62
2
  6
CONTINUOUS
 70
0
 71
3
 72
14
 73
10
 74
0
 42
0.0000001
 43
0.0000001
 44
0.0000000001
 40
0.0
 40
0.0
 40
0.0
 40
0.0
 40
0.0656869912
 40
0.3304416676
 40
0.5562298045
 40
0.7382654184
 40
0.8729893647
 40
0.9587368027
 40
1.0
 40
1.0
 40
1.0
 40
1.0
 10
274.2369017777
 20
45.6794315276
 30
0.0
 10
274.246577597
 20
45.6788054196
 30
0.0
 10
274.2952426437
 20
45.675547301
 30
0.0
 10
274.3770635072
 20
45.6690966153
 30
0.0
 10
274.4759704029
 20
45.6584342166
 30
0.0
 10
274.5548189246
 20
45.6473707264
 30
0.0
 10
274.6141081889
 20
45.6342921845
 30
0.0
 10
274.6489183721
 20
45.6242139927
 30
0.0
 10
274.667534012
 20
45.6108947517
 30
0.0
 10
274.667534012
 20
45.6048035582
 30
0.0
  0
SPLINE
  5
2A9
100
AcDbEntity
  8
0
100
AcDbSpline
 62
2
  6
CONTINUOUS
 70
0
 71
3
 72
14
 73
10
 74
0
 42
0.0000001
 43
0.0000001
 44
0.0000000001
 40
0.0
 40
0.0
 40
0.0
 40
0.0
 40
0.032962221
 40
0.1540125693
 40
0.3179998999
 40
0.4449478977
 40
0.601177568
 40
0.7879505649
 40
1.0
 40
1.0
 40
1.0
 40
1.0
 10
274.2369017777
 20
45.6794315276
 30
0.0
 10
274.2342293039
 20
45.6814266352
 30
0.0
 10
274.2218585222
 20
45.6909572275
 30
0.0
 10
274.1981368906
 20
45.7124258167
 30
0.0
 10
274.1711810128
 20
45.7442412966
 30
0.0
 10
274.1469516095
 20
45.782293246
 30
0.0
 10
274.1268629794
 20
45.8253278776
 30
0.0
 10
274.1113776238
 20
45.8792953739
 30
0.0
 10
274.1074656396
 20
45.9195693257
 30
0.0
 10
274.1074656396
 20
45.9409213486
 30
0.0
  0
SPLINE
  5
2AA
100
AcDbEntity
  8
0
100
AcDbSpline
 62
2
  6
CONTINUOUS
 70
0
 71
3
 72
17
 73
13
 74
0
 42
0.0000001
 43
0.0000001
 44
0.0000000001
 40
0.0
 40
0.0
 40
0.0
 40
0.0
 40
0.0453607144
 40
0.1122953495
 40
0.1802712216
 40
0.2572732678
 40
0.364786991
 40
0.4799786535
 40
0.5770786493
 40
0.6985058494
 40
0.8406960043
 40
1.0
 40
1.0
 40
1.0
 40
1.0
 10
272.9053161402
 20
46.2369734584
 30
0.0
 10
272.9104883725
 20
46.2347957133
 30
0.0
 10
272.9231039096
 20
46.2289494867
 30
0.0
 10
272.9425869761
 20
46.2180346379
 30
0.0
 10
272.9643181571
 20
46.2033141401
 30
0.0
 10
272.9885861211
 20
46.1835780385
 30
0.0
 10
273.0147263076
 20
46.1571407377
 30
0.0
 10
273.0387923439
 20
46.12558592
 30
0.0
 10
273.0597340628
 20
46.0899140535
 30
0.0
 10
273.0774691635
 20
46.0488036865
 30
0.0
 10
273.0909187842
 20
45.9980215661
 30
0.0
 10
273.0942690511
 20
45.9606303471
 30
0.0
 10
273.0942690511
 20
45.9409213486
 30
0.0
  0
SPLINE
  5
2AB
100
AcDbEntity
  8
0
100
AcDbSpline
 62
2
  6
CONTINUOUS
 70
0
 71
3
 72
14
 73
10
 74
0
 42
0.0000001
 43
0.0000001
 44
0.0000000001
 40
0.0
 40
0.0
 40
0.0
 40
0.0
 40
0.1232647099
 40
0.2477474619
 40
0.3787676407
 40
0.5283325632
 40
0.6579714802
 40
0.8160107867
 40
1.0
 40
1.0
 40
1.0
 40
1.0
 10
272.9053065794
 20
46.2369774818
 30
0.0
 10
272.8980167734
 20
46.2400459936
 30
0.0
 10
272.883670808
 20
46.2469894475
 30
0.0
 10
272.8632538094
 20
46.2603068927
 30
0.0
 10
272.8436861474
 20
46.2775647115
 30
0.0
 10
272.8270303772
 20
46.2981426746
 30
0.0
 10
272.8133041273
 20
46.3227440485
 30
0.0
 10
272.8034249659
 20
46.3515479235
 30
0.0
 10
272.8008673453
 20
46.3735834946
 30
0.0
 10
272.8008673453
 20
46.385389193
 30
0.0
  0
SPLINE
  5
2AC
100
AcDbEntity
  8
0
100
AcDbSpline
 62
2
  6
CONTINUOUS
 70
0
 71
3
 72
13
 73
9
 74
0
 42
0.0000001
 43
0.0000001
 44
0.0000000001
 40
0.0
 40
0.0
 40
0.0
 40
0.0
 40
0.1725511423
 40
0.3463697446
 40
0.5275235062
 40
0.701405388
 40
0.8563848632
 40
1.0
 40
1.0
 40
1.0
 40
1.0
 10
272.8008673453
 20
46.385389193
 30
0.0
 10
272.8008673453
 20
46.3964561008
 30
0.0
 10
272.803290092
 20
46.4187460419
 30
0.0
 10
272.8141949672
 20
46.4510418687
 30
0.0
 10
272.8319659947
 20
46.4802728932
 30
0.0
 10
272.8547354281
 20
46.5040900978
 30
0.0
 10
272.8795797393
 20
46.5216962038
 30
0.0
 10
272.8968048777
 20
46.5302216929
 30
0.0
 10
272.9052942594
 20
46.5337957179
 30
0.0
  0
ARC
  5
2AD
100
AcDbEntity
  8
0
100
AcDbCircle
 62
2
  6
CONTINUOUS
 10
273.6008673453
 20
44.8814626779
 40
1.7927705916
100
AcDbArc
 50
67.170903166
 51
112.829096834
  0
SPLINE
  5
2AE
100
AcDbEntity
  8
0
100
AcDbSpline
 62
2
  6
CONTINUOUS
 70
0
 71
3
 72
26
 73
22
 74
0
 42
0.0000001
 43
0.0000001
 44
0.0000000001
 40
0.0
 40
0.0
 40
0.0
 40
0.0
 40
0.0097831864
 40
0.030975693
 40
0.0644069342
 40
0.1094496062
 40
0.1649830511
 40
0.2295483107
 40
0.3014192015
 40
0.3786604246
 40
0.4591852061
 40
0.5408147939
 40
0.6213395754
 40
0.6985807985
 40
0.7704516893
 40
0.8350169489
 40
0.8905503938
 40
0.9355930658
 40
0.969024307
 40
0.9902168136
 40
1.0
 40
1.0
 40
1.0
 40
1.0
 10
272.8905499775
 20
46.5212474563
 30
0.0
 10
272.8905499775
 20
46.5165607759
 30
0.0
 10
272.9062793473
 20
46.5068681686
 30
0.0
 10
272.9338166772
 20
46.4996264497
 30
0.0
 10
272.9819198696
 20
46.4901579012
 30
0.0
 10
273.0451499294
 20
46.48233258
 30
0.0
 10
273.1241113983
 20
46.4749605142
 30
0.0
 10
273.2158228718
 20
46.4689055634
 30
0.0
 10
273.3181000337
 20
46.4641517998
 30
0.0
 10
273.4280599868
 20
46.4609141339
 30
0.0
 10
273.5427375227
 20
46.4592681248
 30
0.0
 10
273.6589971679
 20
46.4592681248
 30
0.0
 10
273.7736747039
 20
46.4609141339
 30
0.0
 10
273.883634657
 20
46.4641517998
 30
0.0
 10
273.9859118188
 20
46.4689055634
 30
0.0
 10
274.0776232924
 20
46.4749605142
 30
0.0
 10
274.1565847613
 20
46.48233258
 30
0.0
 10
274.219814821
 20
46.4901579012
 30
0.0
 10
274.2679180135
 20
46.4996264497
 30
0.0
 10
274.2954553434
 20
46.5068681686
 30
0.0
 10
274.3111847132
 20
46.5165607759
 30
0.0
 10
274.3111847132
 20
46.5212474563
 30
0.0
  0
SPLINE
  5
2AF
100
AcDbEntity
  8
0
100
AcDbSpline
 62
2
  6
CONTINUOUS
 70
0
 71
3
 72
26
 73
22
 74
0
 42
0.0000001
 43
0.0000001
 44
0.0000000001
 40
0.0
 40
0.0
 40
0.0
 40
0.0
 40
0.0097831864
 40
0.030975693
 40
0.0644069342
 40
0.1094496062
 40
0.1649830511
 40
0.2295483107
 40
0.3014192015
 40
0.3786604246
 40
0.4591852061
 40
0.5408147939
 40
0.6213395754
 40
0.6985807985
 40
0.7704516893
 40
0.8350169489
 40
0.8905503938
 40
0.9355930658
 40
0.969024307
 40
0.9902168136
 40
1.0
 40
1.0
 40
1.0
 40
1.0
 10
272.8905499775
 20
46.2495309297
 30
0.0
 10
272.8905499775
 20
46.2448442493
 30
0.0
 10
272.9062793473
 20
46.2351516419
 30
0.0
 10
272.9338166772
 20
46.2279099231
 30
0.0
 10
272.9819198696
 20
46.2184413745
 30
0.0
 10
273.0451499294
 20
46.2106160534
 30
0.0
 10
273.1241113983
 20
46.2032439876
 30
0.0
 10
273.2158228718
 20
46.1971890368
 30
0.0
 10
273.3181000337
 20
46.1924352732
 30
0.0
 10
273.4280599868
 20
46.1891976073
 30
0.0
 10
273.5427375227
 20
46.1875515982
 30
0.0
 10
273.6589971679
 20
46.1875515982
 30
0.0
 10
273.7736747039
 20
46.1891976073
 30
0.0
 10
273.883634657
 20
46.1924352732
 30
0.0
 10
273.9859118188
 20
46.1971890368
 30
0.0
 10
274.0776232924
 20
46.2032439876
 30
0.0
 10
274.1565847613
 20
46.2106160534
 30
0.0
 10
274.219814821
 20
46.2184413745
 30
0.0
 10
274.2679180135
 20
46.2279099231
 30
0.0
 10
274.2954553434
 20
46.2351516419
 30
0.0
 10
274.3111847132
 20
46.2448442493
 30
0.0
 10
274.3111847132
 20
46.2495309297
 30
0.0
  0
SPLINE
  5
2B0
100
AcDbEntity
  8
0
100
AcDbSpline
 62
2
  6
CONTINUOUS
 70
0
 71
3
 72
14
 73
10
 74
0
 42
0.0000001
 43
0.0000001
 44
0.0000000001
 40
0.0
 40
0.0
 40
0.0
 40
0.0
 40
0.176468229
 40
0.3549898892
 40
0.5118755438
 40
0.6882370179
 40
0.821818541
 40
0.9303028086
 40
1.0
 40
1.0
 40
1.0
 40
1.0
 10
274.1074656396
 20
45.9409213486
 30
0.0
 10
274.1074656396
 20
45.9627414754
 30
0.0
 10
274.1118315926
 20
46.0067563052
 30
0.0
 10
274.1305769694
 20
46.0676503584
 30
0.0
 10
274.1603717768
 20
46.123836196
 30
0.0
 10
274.1967970207
 20
46.1691537753
 30
0.0
 10
274.2360517153
 20
46.2031713362
 30
0.0
 10
274.268636901
 20
46.2239905468
 30
0.0
 10
274.2884893466
 20
46.2336355476
 30
0.0
 10
274.2964322436
 20
46.2369792211
 30
0.0
  0
SPLINE
  5
2B1
100
AcDbEntity
  8
0
100
AcDbSpline
 62
2
  6
CONTINUOUS
 70
0
 71
3
 72
13
 73
9
 74
0
 42
0.0000001
 43
0.0000001
 44
0.0000000001
 40
0.0
 40
0.0
 40
0.0
 40
0.0
 40
0.1725511423
 40
0.3463697446
 40
0.5275235062
 40
0.701405388
 40
0.8563848632
 40
1.0
 40
1.0
 40
1.0
 40
1.0
 10
274.4008673453
 20
46.385389193
 30
0.0
 10
274.4008673453
 20
46.3743222853
 30
0.0
 10
274.3984445987
 20
46.3520323442
 30
0.0
 10
274.3875397235
 20
46.3197365173
 30
0.0
 10
274.369768696
 20
46.2905054929
 30
0.0
 10
274.3469992626
 20
46.2666882882
 30
0.0
 10
274.3221549514
 20
46.2490821823
 30
0.0
 10
274.304929813
 20
46.2405566932
 30
0.0
 10
274.2964404312
 20
46.2369826682
 30
0.0
  0
SPLINE
  5
2B2
100
AcDbEntity
  8
0
100
AcDbSpline
 62
2
  6
CONTINUOUS
 70
0
 71
3
 72
14
 73
10
 74
0
 42
0.0000001
 43
0.0000001
 44
0.0000000001
 40
0.0
 40
0.0
 40
0.0
 40
0.0
 40
0.1232647099
 40
0.2477474619
 40
0.3787676407
 40
0.5283325632
 40
0.6579714802
 40
0.8160107867
 40
1.0
 40
1.0
 40
1.0
 40
1.0
 10
274.2964281113
 20
46.5338009043
 30
0.0
 10
274.3037179172
 20
46.5307323925
 30
0.0
 10
274.3180638827
 20
46.5237889386
 30
0.0
 10
274.3384808812
 20
46.5104714933
 30
0.0
 10
274.3580485433
 20
46.4932136746
 30
0.0
 10
274.3747043135
 20
46.4726357115
 30
0.0
 10
274.3884305634
 20
46.4480343376
 30
0.0
 10
274.3983097248
 20
46.4192304626
 30
0.0
 10
274.4008673453
 20
46.3971948914
 30
0.0
 10
274.4008673453
 20
46.385389193
 30
0.0
  0
ENDBLK
  5
2B3
100
AcDbEntity
  8
0
  6
BYBLOCK
 62
0
100
AcDbBlockEnd
  0
BLOCK
  5
2B4
100
AcDbEntity
  8
0
100
AcDbBlockBegin
 62
2
  6
CONTINUOUS
  2
PROJEKTION_BL0
 70
64
 10
300.3860648586
 20
50.8580728318
  3
PROJEKTION_BL0
  1

  0
LINE
  5
2B5
100
AcDbEntity
  8
DEFAULT_1
100
AcDbLine
 62
2
  6
CENTER
 10
303.1995007926
 20
48.6080728318
 11
303.1995007926
 21
53.1080728318
  0
LINE
  5
2B6
100
AcDbEntity
  8
DEFAULT_1
100
AcDbLine
 62
2
  6
CENTER
 10
300.9495007926
 20
50.8580728318
 11
305.4495007926
 21
50.8580728318
  0
LINE
  5
2B7
100
AcDbEntity
  8
DEFAULT_1
100
AcDbLine
 62
2
  6
CENTER
 10
295.3226289245
 20
50.8792248099
 11
300.3251550289
 21
50.8792248099
  0
LINE
  5
2B8
100
AcDbEntity
  8
0
100
AcDbLine
 62
2
  6
CONTINUOUS
 10
303.1995007926
 20
50.8580728318
 11
303.1995007926
 21
50.8811767623
  0
LINE
  5
2B9
100
AcDbEntity
  8
0
100
AcDbLine
 62
2
  6
CONTINUOUS
 10
300.0351228198
 20
48.8893228318
 11
300.0351228198
 21
52.8268228318
  0
CIRCLE
  5
2BA
100
AcDbEntity
  8
0
100
AcDbCircle
 62
2
  6
CONTINUOUS
 10
303.1995007926
 20
50.8580728318
 40
1.125
  0
LINE
  5
2BB
100
AcDbEntity
  8
0
100
AcDbLine
 62
2
  6
CONTINUOUS
 10
295.745744847
 20
49.7330728318
 11
295.745744847
 21
51.9830728318
  0
CIRCLE
  5
2BC
100
AcDbEntity
  8
0
100
AcDbCircle
 62
2
  6
CONTINUOUS
 10
303.1995007926
 20
50.8580728318
 40
1.96875
  0
LINE
  5
2BD
100
AcDbEntity
  8
0
100
AcDbLine
 62
2
  6
CONTINUOUS
 10
295.745744847
 20
51.9830728318
 11
300.0351228198
 21
52.8268228318
  0
LINE
  5
2BE
100
AcDbEntity
  8
0
100
AcDbLine
 62
2
  6
CONTINUOUS
 10
295.745744847
 20
49.7330728318
 11
300.0351228198
 21
48.8893228318
  0
ENDBLK
  5
2BF
100
AcDbEntity
  8
0
  6
BYBLOCK
 62
0
100
AcDbBlockEnd
  0
BLOCK
  5
2C0
100
AcDbEntity
  8
0
100
AcDbBlockBegin
  2
_FILLED
 70
64
 10
0.0
 20
0.0
  3
_FILLED
  1

  0
SOLID
  5
2C1
100
AcDbEntity
  8
0
  6
BYBLOCK
 62
0
100
AcDbTrace
 10
0.0
 20
0.0
 11
-1.0
 21
0.125
 12
-1.0
 22
-0.125
 13
-1.0
 23
-0.125
  0
ENDBLK
  5
2C2
100
AcDbEntity
  8
0
  6
BYBLOCK
 62
0
100
AcDbBlockEnd
  0
BLOCK
  5
2C3
100
AcDbEntity
  8
ZEICHNUNGSBEMASSUNGEN
100
AcDbBlockBegin
 62
2
  6
CONTINUOUS
  2
*D0
 70
65
 10
0.0
 20
0.0
  3
*D0
  1

  0
MTEXT
  5
2C4
100
AcDbEntity
  8
ZEICHNUNGSBEMASSUNGEN
100
AcDbMText
 62
5
  6
CONTINUOUS
  7
STANDARD
 71
2
 72
1
 10
83.9395859595
 20
100.4188608166
 30
0.0
 11
1.0
 21
0.0
 31
0.0
 73
2
 44
0.9
  1
\Q15.0;>= \fgdt;{\W1.0;{\fgdt;n}}\ftxt;23,6{\ftxt.shx;\W1.000000;\H3.500000; }[.929]
 40
3.5
 41
58.0
  0
LINE
  5
2C5
100
AcDbEntity
  8
ZEICHNUNGSBEMASSUNGEN
100
AcDbLine
 62
2
  6
CONTINUOUS
 10
60.3395859595
 20
57.7306920499
 11
60.3395859595
 21
97.5129941587
  0
LINE
  5
2C6
100
AcDbEntity
  8
ZEICHNUNGSBEMASSUNGEN
100
AcDbLine
 62
2
  6
CONTINUOUS
 10
107.5395859595
 20
57.7306920499
 11
107.5395859595
 21
97.5129941587
  0
LINE
  5
2C7
100
AcDbEntity
  8
ZEICHNUNGSBEMASSUNGEN
100
AcDbLine
 62
2
  6
CONTINUOUS
 10
60.3395859595
 20
96.0129941587
 11
83.9395859595
 21
96.0129941587
  0
LINE
  5
2C8
100
AcDbEntity
  8
ZEICHNUNGSBEMASSUNGEN
100
AcDbLine
 62
2
  6
CONTINUOUS
 10
107.5395859595
 20
96.0129941587
 11
83.9395859595
 21
96.0129941587
  0
INSERT
  5
2C9
100
AcDbEntity
  8
ZEICHNUNGSBEMASSUNGEN
100
AcDbBlockReference
 62
2
  6
CONTINUOUS
  2
_FILLED
 10
60.3395859595
 20
96.0129941587
 41
3.5
 42
3.5
 43
3.5
 50
180.0
  0
INSERT
  5
2CA
100
AcDbEntity
  8
ZEICHNUNGSBEMASSUNGEN
100
AcDbBlockReference
 62
2
  6
CONTINUOUS
  2
_FILLED
 10
107.5395859595
 20
96.0129941587
 41
3.5
 42
3.5
 43
3.5
  0
ENDBLK
  5
2CB
100
AcDbEntity
  8
0
  6
BYBLOCK
 62
0
100
AcDbBlockEnd
  0
BLOCK
  5
2CC
100
AcDbEntity
  8
ZEICHNUNGSBEMASSUNGEN
100
AcDbBlockBegin
 62
2
  6
CONTINUOUS
  2
*D1
 70
65
 10
0.0
 20
0.0
  3
*D1
  1

  0
TEXT
  5
2CD
100
AcDbEntity
  8
ZEICHNUNGSBEMASSUNGEN
100
AcDbText
 62
5
  6
CONTINUOUS
 10
64.4691637832
 20
88.9188608166
  7
STANDARD
 40
3.5
  1
19
 41
0.6785714286
 51
15.0
 72
1
 11
66.8441637832
 21
88.9188608166
100
AcDbText
  0
TEXT
  5
2CE
100
AcDbEntity
  8
ZEICHNUNGSBEMASSUNGEN
100
AcDbText
 62
5
  6
CONTINUOUS
 10
69.2191637832
 20
89.4438608166
  7
TEXTSTYLE_3
 40
2.45
  1
`
 41
1.0
 51
15.0
 72
1
 11
70.6483304499
 21
89.4438608166
100
AcDbText
  0
TEXT
  5
2CF
100
AcDbEntity
  8
ZEICHNUNGSBEMASSUNGEN
100
AcDbText
 62
5
  6
CONTINUOUS
 10
72.0774971165
 20
89.4438608166
  7
STANDARD
 40
2.45
  1
0,1
 41
0.6428571429
 51
15.0
 72
1
 11
74.4399971165
 21
89.4438608166
100
AcDbText
  0
TEXT
  5
2D0
100
AcDbEntity
  8
ZEICHNUNGSBEMASSUNGEN
100
AcDbText
 62
5
  6
CONTINUOUS
 10
80.3024971165
 20
88.9188608166
  7
STANDARD
 40
3.5
  1
[
 41
0.4285714286
 51
15.0
 72
1
 11
81.0524971165
 21
88.9188608166
100
AcDbText
  0
TEXT
  5
2D1
100
AcDbEntity
  8
ZEICHNUNGSBEMASSUNGEN
100
AcDbText
 62
5
  6
CONTINUOUS
 10
81.8024971165
 20
88.9188608166
  7
STANDARD
 40
3.5
  1
.748
 41
0.7321428571
 51
15.0
 72
1
 11
86.9274971165
 21
88.9188608166
100
AcDbText
  0
TEXT
  5
2D2
100
AcDbEntity
  8
ZEICHNUNGSBEMASSUNGEN
100
AcDbText
 62
5
  6
CONTINUOUS
 10
92.0524971165
 20
89.4438608166
  7
TEXTSTYLE_3
 40
2.45
  1
`
 41
1.0
 51
15.0
 72
1
 11
93.4816637832
 21
89.4438608166
100
AcDbText
  0
TEXT
  5
2D3
100
AcDbEntity
  8
ZEICHNUNGSBEMASSUNGEN
100
AcDbText
 62
5
  6
CONTINUOUS
 10
94.9108304499
 20
89.4438608166
  7
STANDARD
 40
2.45
  1
.003
 41
0.7142857143
 51
15.0
 72
1
 11
98.4108304499
 21
89.4438608166
100
AcDbText
  0
TEXT
  5
2D4
100
AcDbEntity
  8
ZEICHNUNGSBEMASSUNGEN
100
AcDbText
 62
5
  6
CONTINUOUS
 10
101.9108304499
 20
88.9188608166
  7
STANDARD
 40
3.5
  1
]
 41
0.4285714286
 51
15.0
 72
1
 11
102.6608304499
 21
88.9188608166
100
AcDbText
  0
LINE
  5
2D5
100
AcDbEntity
  8
ZEICHNUNGSBEMASSUNGEN
100
AcDbLine
 62
2
  6
CONTINUOUS
 10
64.9397440174
 20
36.185783273
 11
64.9397440174
 21
87.1688608166
  0
LINE
  5
2D6
100
AcDbEntity
  8
ZEICHNUNGSBEMASSUNGEN
100
AcDbLine
 62
2
  6
CONTINUOUS
 10
102.9402502157
 20
83.9864148836
 11
102.9402502157
 21
87.1688608166
  0
LINE
  5
2D7
100
AcDbEntity
  8
ZEICHNUNGSBEMASSUNGEN
100
AcDbLine
 62
2
  6
CONTINUOUS
 10
64.9397440174
 20
88.0129941587
 11
83.9399971165
 21
88.0129941587
  0
LINE
  5
2D8
100
AcDbEntity
  8
ZEICHNUNGSBEMASSUNGEN
100
AcDbLine
 62
2
  6
CONTINUOUS
 10
102.9402502157
 20
88.0129941587
 11
83.9399971165
 21
88.0129941587
  0
INSERT
  5
2D9
100
AcDbEntity
  8
ZEICHNUNGSBEMASSUNGEN
100
AcDbBlockReference
 62
2
  6
CONTINUOUS
  2
_FILLED
 10
64.9397440174
 20
88.0129941587
 41
3.5
 42
3.5
 43
3.5
 50
180.0
  0
INSERT
  5
2DA
100
AcDbEntity
  8
ZEICHNUNGSBEMASSUNGEN
100
AcDbBlockReference
 62
2
  6
CONTINUOUS
  2
_FILLED
 10
102.9402502157
 20
88.0129941587
 41
3.5
 42
3.5
 43
3.5
  0
ENDBLK
  5
2DB
100
AcDbEntity
  8
0
  6
BYBLOCK
 62
0
100
AcDbBlockEnd
  0
BLOCK
  5
2DC
100
AcDbEntity
  8
ZEICHNUNGSBEMASSUNGEN
100
AcDbBlockBegin
 62
2
  6
CONTINUOUS
  2
*D2
 70
65
 10
0.0
 20
0.0
  3
*D2
  1

  0
TEXT
  5
2DD
100
AcDbEntity
  8
ZEICHNUNGSBEMASSUNGEN
100
AcDbText
 62
5
  6
CONTINUOUS
 10
118.0337193017
 20
33.292697499
  7
STANDARD
 40
3.5
  1
24
 50
90.0
 41
0.7857142857
 51
15.0
 72
1
 11
118.0337193017
 21
36.042697499
100
AcDbText
  0
TEXT
  5
2DE
100
AcDbEntity
  8
ZEICHNUNGSBEMASSUNGEN
100
AcDbText
 62
5
  6
CONTINUOUS
 10
117.5087193017
 20
38.792697499
  7
TEXTSTYLE_3
 40
2.45
  1
`
 50
90.0
 41
1.0
 51
15.0
 72
1
 11
117.5087193017
 21
40.2218641656
100
AcDbText
  0
TEXT
  5
2DF
100
AcDbEntity
  8
ZEICHNUNGSBEMASSUNGEN
100
AcDbText
 62
5
  6
CONTINUOUS
 10
117.5087193017
 20
41.6510308323
  7
STANDARD
 40
2.45
  1
0,1
 50
90.0
 41
0.6428571429
 51
15.0
 72
1
 11
117.5087193017
 21
44.0135308323
100
AcDbText
  0
TEXT
  5
2E0
100
AcDbEntity
  8
ZEICHNUNGSBEMASSUNGEN
100
AcDbText
 62
5
  6
CONTINUOUS
 10
118.0337193017
 20
49.8760308323
  7
STANDARD
 40
3.5
  1
[
 50
90.0
 41
0.4285714286
 51
15.0
 72
1
 11
118.0337193017
 21
50.6260308323
100
AcDbText
  0
TEXT
  5
2E1
100
AcDbEntity
  8
ZEICHNUNGSBEMASSUNGEN
100
AcDbText
 62
5
  6
CONTINUOUS
 10
118.0337193017
 20
51.3760308323
  7
STANDARD
 40
3.5
  1
.945
 50
90.0
 41
0.7142857143
 51
15.0
 72
1
 11
118.0337193017
 21
56.3760308323
100
AcDbText
  0
TEXT
  5
2E2
100
AcDbEntity
  8
ZEICHNUNGSBEMASSUNGEN
100
AcDbText
 62
5
  6
CONTINUOUS
 10
117.5087193017
 20
61.3760308323
  7
TEXTSTYLE_3
 40
2.45
  1
`
 50
90.0
 41
1.0
 51
15.0
 72
1
 11
117.5087193017
 21
62.805197499
100
AcDbText
  0
TEXT
  5
2E3
100
AcDbEntity
  8
ZEICHNUNGSBEMASSUNGEN
100
AcDbText
 62
5
  6
CONTINUOUS
 10
117.5087193017
 20
64.2343641656
  7
STANDARD
 40
2.45
  1
.003
 50
90.0
 41
0.7142857143
 51
15.0
 72
1
 11
117.5087193017
 21
67.7343641656
100
AcDbText
  0
TEXT
  5
2E4
100
AcDbEntity
  8
ZEICHNUNGSBEMASSUNGEN
100
AcDbText
 62
5
  6
CONTINUOUS
 10
118.0337193017
 20
71.2343641656
  7
STANDARD
 40
3.5
  1
]
 50
90.0
 41
0.4285714286
 51
15.0
 72
1
 11
118.0337193017
 21
71.9843641656
100
AcDbText
  0
LINE
  5
2E5
100
AcDbEntity
  8
ZEICHNUNGSBEMASSUNGEN
100
AcDbLine
 62
2
  6
CONTINUOUS
 10
72.0520823819
 20
29.0132420926
 11
120.4395859595
 21
29.0132420926
  0
LINE
  5
2E6
100
AcDbEntity
  8
ZEICHNUNGSBEMASSUNGEN
100
AcDbLine
 62
2
  6
CONTINUOUS
 10
109.8592170565
 20
77.013819572
 11
120.4395859595
 21
77.013819572
  0
LINE
  5
2E7
100
AcDbEntity
  8
ZEICHNUNGSBEMASSUNGEN
100
AcDbLine
 62
2
  6
CONTINUOUS
 10
118.9395859595
 20
29.0132420926
 11
118.9395859595
 21
53.0135308323
  0
LINE
  5
2E8
100
AcDbEntity
  8
ZEICHNUNGSBEMASSUNGEN
100
AcDbLine
 62
2
  6
CONTINUOUS
 10
118.9395859595
 20
77.013819572
 11
118.9395859595
 21
53.0135308323
  0
INSERT
  5
2E9
100
AcDbEntity
  8
ZEICHNUNGSBEMASSUNGEN
100
AcDbBlockReference
 62
2
  6
CONTINUOUS
  2
_FILLED
 10
118.9395859595
 20
29.0132420926
 41
3.5
 42
3.5
 43
3.5
 50
270.0
  0
INSERT
  5
2EA
100
AcDbEntity
  8
ZEICHNUNGSBEMASSUNGEN
100
AcDbBlockReference
 62
2
  6
CONTINUOUS
  2
_FILLED
 10
118.9395859595
 20
77.013819572
 41
3.5
 42
3.5
 43
3.5
 50
90.0
  0
ENDBLK
  5
2EB
100
AcDbEntity
  8
0
  6
BYBLOCK
 62
0
100
AcDbBlockEnd
  0
BLOCK
  5
2EC
100
AcDbEntity
  8
ZEICHNUNGSBEMASSUNGEN
100
AcDbBlockBegin
 62
2
  6
CONTINUOUS
  2
*D3
 70
65
 10
0.0
 20
0.0
  3
*D3
  1

  0
MTEXT
  5
2ED
100
AcDbEntity
  8
ZEICHNUNGSBEMASSUNGEN
100
AcDbMText
 62
5
  6
CONTINUOUS
  7
TEXTSTYLE_3
 71
3
 72
1
 10
57.2664276736
 20
22.4188608166
 30
0.0
 11
1.0
 21
0.0
 31
0.0
 73
2
 44
0.9
  1
\Q15.0;{\fgdt;n}\ftxt;{\W0.7;3,1}{\W0.7;{\ftxt.shx;\W1.000000;\H3.500000; }[}{\W0.7;.122}{\W0.7;]}
 40
3.5
 41
40.75
  0
LINE
  5
2EE
100
AcDbEntity
  8
ZEICHNUNGSBEMASSUNGEN
100
AcDbLine
 62
2
  6
CONTINUOUS
 10
61.8397440174
 20
26.7794739892
 11
61.8397440174
 21
16.5129941587
  0
LINE
  5
2EF
100
AcDbEntity
  8
ZEICHNUNGSBEMASSUNGEN
100
AcDbLine
 62
2
  6
CONTINUOUS
 10
68.0397440174
 20
26.8497301301
 11
68.0397440174
 21
16.5129941587
  0
LINE
  5
2F0
100
AcDbEntity
  8
ZEICHNUNGSBEMASSUNGEN
100
AcDbLine
 62
2
  6
CONTINUOUS
 10
61.8397440174
 20
18.0129941587
 11
30.0997610069
 21
18.0129941587
  0
LINE
  5
2F1
100
AcDbEntity
  8
ZEICHNUNGSBEMASSUNGEN
100
AcDbLine
 62
2
  6
CONTINUOUS
 10
30.0997610069
 20
18.0129941587
 11
64.9397440174
 21
18.0129941587
  0
LINE
  5
2F2
100
AcDbEntity
  8
ZEICHNUNGSBEMASSUNGEN
100
AcDbLine
 62
2
  6
CONTINUOUS
 10
68.0397440174
 20
18.0129941587
 11
74.0397440174
 21
18.0129941587
  0
LINE
  5
2F3
100
AcDbEntity
  8
ZEICHNUNGSBEMASSUNGEN
100
AcDbLine
 62
2
  6
CONTINUOUS
 10
74.0397440174
 20
18.0129941587
 11
64.9397440174
 21
18.0129941587
  0
INSERT
  5
2F4
100
AcDbEntity
  8
ZEICHNUNGSBEMASSUNGEN
100
AcDbBlockReference
 62
2
  6
CONTINUOUS
  2
_FILLED
 10
61.8397440174
 20
18.0129941587
 41
3.5
 42
3.5
 43
3.5
  0
INSERT
  5
2F5
100
AcDbEntity
  8
ZEICHNUNGSBEMASSUNGEN
100
AcDbBlockReference
 62
2
  6
CONTINUOUS
  2
_FILLED
 10
68.0397440174
 20
18.0129941587
 41
3.5
 42
3.5
 43
3.5
 50
180.0
  0
ENDBLK
  5
2F6
100
AcDbEntity
  8
0
  6
BYBLOCK
 62
0
100
AcDbBlockEnd
  0
BLOCK
  5
2F7
100
AcDbEntity
  8
ZEICHNUNGSBEMASSUNGEN
100
AcDbBlockBegin
 62
2
  6
CONTINUOUS
  2
*D4
 70
65
 10
0.0
 20
0.0
  3
*D4
  1

  0
TEXT
  5
2F8
100
AcDbEntity
  8
ZEICHNUNGSBEMASSUNGEN
100
AcDbText
 62
5
  6
CONTINUOUS
 10
71.7475748606
 20
269.4990903958
  7
STANDARD
 40
3.5
  1
19
 41
0.6785714286
 51
15.0
 72
1
 11
74.1225748606
 21
269.4990903958
100
AcDbText
  0
TEXT
  5
2F9
100
AcDbEntity
  8
ZEICHNUNGSBEMASSUNGEN
100
AcDbText
 62
5
  6
CONTINUOUS
 10
76.4975748606
 20
270.0240903958
  7
TEXTSTYLE_3
 40
2.45
  1
`
 41
1.0
 51
15.0
 72
1
 11
77.9267415273
 21
270.0240903958
100
AcDbText
  0
TEXT
  5
2FA
100
AcDbEntity
  8
ZEICHNUNGSBEMASSUNGEN
100
AcDbText
 62
5
  6
CONTINUOUS
 10
79.355908194
 20
270.0240903958
  7
STANDARD
 40
2.45
  1
0,05
 41
0.7142857143
 51
15.0
 72
1
 11
82.855908194
 21
270.0240903958
100
AcDbText
  0
TEXT
  5
2FB
100
AcDbEntity
  8
ZEICHNUNGSBEMASSUNGEN
100
AcDbText
 62
5
  6
CONTINUOUS
 10
89.855908194
 20
269.4990903958
  7
STANDARD
 40
3.5
  1
[
 41
0.4285714286
 51
15.0
 72
1
 11
90.605908194
 21
269.4990903958
100
AcDbText
  0
TEXT
  5
2FC
100
AcDbEntity
  8
ZEICHNUNGSBEMASSUNGEN
100
AcDbText
 62
5
  6
CONTINUOUS
 10
91.355908194
 20
269.4990903958
  7
STANDARD
 40
3.5
  1
.748
 41
0.7321428571
 51
15.0
 72
1
 11
96.480908194
 21
269.4990903958
100
AcDbText
  0
TEXT
  5
2FD
100
AcDbEntity
  8
ZEICHNUNGSBEMASSUNGEN
100
AcDbText
 62
5
  6
CONTINUOUS
 10
101.605908194
 20
270.0240903958
  7
TEXTSTYLE_3
 40
2.45
  1
`
 41
1.0
 51
15.0
 72
1
 11
103.0350748606
 21
270.0240903958
100
AcDbText
  0
TEXT
  5
2FE
100
AcDbEntity
  8
ZEICHNUNGSBEMASSUNGEN
100
AcDbText
 62
5
  6
CONTINUOUS
 10
104.4642415273
 20
270.0240903958
  7
STANDARD
 40
2.45
  1
.001
 41
0.6785714286
 51
15.0
 72
1
 11
107.7892415273
 21
270.0240903958
100
AcDbText
  0
TEXT
  5
2FF
100
AcDbEntity
  8
ZEICHNUNGSBEMASSUNGEN
100
AcDbText
 62
5
  6
CONTINUOUS
 10
111.1142415273
 20
269.4990903958
  7
STANDARD
 40
3.5
  1
]
 41
0.4285714286
 51
15.0
 72
1
 11
111.8642415273
 21
269.4990903958
100
AcDbText
  0
LINE
  5
300
100
AcDbEntity
  8
ZEICHNUNGSBEMASSUNGEN
100
AcDbLine
 62
2
  6
CONTINUOUS
 10
73.180908194
 20
260.0124482039
 11
73.180908194
 21
267.7490903958
  0
LINE
  5
301
100
AcDbEntity
  8
ZEICHNUNGSBEMASSUNGEN
100
AcDbLine
 62
2
  6
CONTINUOUS
 10
111.180908194
 20
212.3299852487
 11
111.180908194
 21
267.7490903958
  0
LINE
  5
302
100
AcDbEntity
  8
ZEICHNUNGSBEMASSUNGEN
100
AcDbLine
 62
2
  6
CONTINUOUS
 10
73.180908194
 20
268.593223738
 11
92.180908194
 21
268.593223738
  0
LINE
  5
303
100
AcDbEntity
  8
ZEICHNUNGSBEMASSUNGEN
100
AcDbLine
 62
2
  6
CONTINUOUS
 10
111.180908194
 20
268.593223738
 11
92.180908194
 21
268.593223738
  0
INSERT
  5
304
100
AcDbEntity
  8
ZEICHNUNGSBEMASSUNGEN
100
AcDbBlockReference
 62
2
  6
CONTINUOUS
  2
_FILLED
 10
73.180908194
 20
268.593223738
 41
3.5
 42
3.5
 43
3.5
 50
180.0
  0
INSERT
  5
305
100
AcDbEntity
  8
ZEICHNUNGSBEMASSUNGEN
100
AcDbBlockReference
 62
2
  6
CONTINUOUS
  2
_FILLED
 10
111.180908194
 20
268.593223738
 41
3.5
 42
3.5
 43
3.5
  0
ENDBLK
  5
306
100
AcDbEntity
  8
0
  6
BYBLOCK
 62
0
100
AcDbBlockEnd
  0
BLOCK
  5
307
100
AcDbEntity
  8
ZEICHNUNGSBEMASSUNGEN
100
AcDbBlockBegin
 62
2
  6
CONTINUOUS
  2
*D5
 70
65
 10
0.0
 20
0.0
  3
*D5
  1

  0
TEXT
  5
308
100
AcDbEntity
  8
ZEICHNUNGSBEMASSUNGEN
100
AcDbText
 62
5
  6
CONTINUOUS
 10
44.6802056509
 20
205.3549912486
  7
STANDARD
 40
3.5
  1
24
 50
90.0
 41
0.7857142857
 51
15.0
 72
1
 11
44.6802056509
 21
208.1049912486
100
AcDbText
  0
TEXT
  5
309
100
AcDbEntity
  8
ZEICHNUNGSBEMASSUNGEN
100
AcDbText
 62
5
  6
CONTINUOUS
 10
44.1552056509
 20
210.8549912486
  7
TEXTSTYLE_3
 40
2.45
  1
`
 50
90.0
 41
1.0
 51
15.0
 72
1
 11
44.1552056509
 21
212.2841579153
100
AcDbText
  0
TEXT
  5
30A
100
AcDbEntity
  8
ZEICHNUNGSBEMASSUNGEN
100
AcDbText
 62
5
  6
CONTINUOUS
 10
44.1552056509
 20
213.7133245819
  7
STANDARD
 40
2.45
  1
0,05
 50
90.0
 41
0.7142857143
 51
15.0
 72
1
 11
44.1552056509
 21
217.2133245819
100
AcDbText
  0
TEXT
  5
30B
100
AcDbEntity
  8
ZEICHNUNGSBEMASSUNGEN
100
AcDbText
 62
5
  6
CONTINUOUS
 10
44.6802056509
 20
224.2133245819
  7
STANDARD
 40
3.5
  1
[
 50
90.0
 41
0.4285714286
 51
15.0
 72
1
 11
44.6802056509
 21
224.9633245819
100
AcDbText
  0
TEXT
  5
30C
100
AcDbEntity
  8
ZEICHNUNGSBEMASSUNGEN
100
AcDbText
 62
5
  6
CONTINUOUS
 10
44.6802056509
 20
225.7133245819
  7
STANDARD
 40
3.5
  1
.945
 50
90.0
 41
0.7142857143
 51
15.0
 72
1
 11
44.6802056509
 21
230.7133245819
100
AcDbText
  0
TEXT
  5
30D
100
AcDbEntity
  8
ZEICHNUNGSBEMASSUNGEN
100
AcDbText
 62
5
  6
CONTINUOUS
 10
44.1552056509
 20
235.7133245819
  7
TEXTSTYLE_3
 40
2.45
  1
`
 50
90.0
 41
1.0
 51
15.0
 72
1
 11
44.1552056509
 21
237.1424912486
100
AcDbText
  0
TEXT
  5
30E
100
AcDbEntity
  8
ZEICHNUNGSBEMASSUNGEN
100
AcDbText
 62
5
  6
CONTINUOUS
 10
44.1552056509
 20
238.5716579153
  7
STANDARD
 40
2.45
  1
.001
 50
90.0
 41
0.6785714286
 51
15.0
 72
1
 11
44.1552056509
 21
241.8966579153
100
AcDbText
  0
TEXT
  5
30F
100
AcDbEntity
  8
ZEICHNUNGSBEMASSUNGEN
100
AcDbText
 62
5
  6
CONTINUOUS
 10
44.6802056509
 20
245.2216579153
  7
STANDARD
 40
3.5
  1
]
 50
90.0
 41
0.4285714286
 51
15.0
 72
1
 11
44.6802056509
 21
245.9716579153
100
AcDbText
  0
LINE
  5
310
100
AcDbEntity
  8
ZEICHNUNGSBEMASSUNGEN
100
AcDbLine
 62
2
  6
CONTINUOUS
 10
62.9138770795
 20
250.0383245819
 11
44.0860723087
 21
250.0383245819
  0
LINE
  5
311
100
AcDbEntity
  8
ZEICHNUNGSBEMASSUNGEN
100
AcDbLine
 62
2
  6
CONTINUOUS
 10
101.1255684426
 20
202.0383245819
 11
44.0860723087
 21
202.0383245819
  0
LINE
  5
312
100
AcDbEntity
  8
ZEICHNUNGSBEMASSUNGEN
100
AcDbLine
 62
2
  6
CONTINUOUS
 10
45.5860723087
 20
250.0383245819
 11
45.5860723087
 21
226.0383245819
  0
LINE
  5
313
100
AcDbEntity
  8
ZEICHNUNGSBEMASSUNGEN
100
AcDbLine
 62
2
  6
CONTINUOUS
 10
45.5860723087
 20
202.0383245819
 11
45.5860723087
 21
226.0383245819
  0
INSERT
  5
314
100
AcDbEntity
  8
ZEICHNUNGSBEMASSUNGEN
100
AcDbBlockReference
 62
2
  6
CONTINUOUS
  2
_FILLED
 10
45.5860723087
 20
250.0383245819
 41
3.5
 42
3.5
 43
3.5
 50
90.0
  0
INSERT
  5
315
100
AcDbEntity
  8
ZEICHNUNGSBEMASSUNGEN
100
AcDbBlockReference
 62
2
  6
CONTINUOUS
  2
_FILLED
 10
45.5860723087
 20
202.0383245819
 41
3.5
 42
3.5
 43
3.5
 50
270.0
  0
ENDBLK
  5
316
100
AcDbEntity
  8
0
  6
BYBLOCK
 62
0
100
AcDbBlockEnd
  0
BLOCK
  5
317
100
AcDbEntity
  8
ZEICHNUNGSBEMASSUNGEN
100
AcDbBlockBegin
 62
2
  6
CONTINUOUS
  2
*D6
 70
65
 10
0.0
 20
0.0
  3
*D6
  1

  0
TEXT
  5
318
100
AcDbEntity
  8
ZEICHNUNGSBEMASSUNGEN
100
AcDbText
 62
5
  6
CONTINUOUS
 10
72.5885767775
 20
182.0070955222
  7
STANDARD
 40
3.5
  1
26
 41
0.7857142857
 51
15.0
 72
1
 11
75.3385767775
 21
182.0070955222
100
AcDbText
  0
TEXT
  5
319
100
AcDbEntity
  8
ZEICHNUNGSBEMASSUNGEN
100
AcDbText
 62
5
  6
CONTINUOUS
 10
78.0885767775
 20
184.181175501
  7
TEXTSTYLE_4
 40
2.1
  1
+0,1
 41
0.6607142857
 51
15.0
 72
1
 11
80.8635767775
 21
184.181175501
100
AcDbText
  0
TEXT
  5
31A
100
AcDbEntity
  8
ZEICHNUNGSBEMASSUNGEN
100
AcDbText
 62
5
  6
CONTINUOUS
 10
78.0885767775
 20
181.2824021959
  7
TEXTSTYLE_4
 40
2.1
  1
-0,2
 41
0.7142857143
 51
15.0
 72
1
 11
81.0885767775
 21
181.2824021959
100
AcDbText
  0
TEXT
  5
31B
100
AcDbEntity
  8
ZEICHNUNGSBEMASSUNGEN
100
AcDbText
 62
5
  6
CONTINUOUS
 10
87.5885767775
 20
181.2824021959
  7
STANDARD
 40
4.9987733051
  1
[
 41
0.4285714286
 51
15.0
 72
1
 11
88.6597424857
 21
181.2824021959
100
AcDbText
  0
TEXT
  5
31C
100
AcDbEntity
  8
ZEICHNUNGSBEMASSUNGEN
100
AcDbText
 62
5
  6
CONTINUOUS
 10
89.730908194
 20
182.0070955222
  7
STANDARD
 40
3.5
  1
1.024
 41
0.7
 51
15.0
 72
1
 11
95.855908194
 21
182.0070955222
100
AcDbText
  0
TEXT
  5
31D
100
AcDbEntity
  8
ZEICHNUNGSBEMASSUNGEN
100
AcDbText
 62
5
  6
CONTINUOUS
 10
101.980908194
 20
184.181175501
  7
TEXTSTYLE_4
 40
2.1
  1
+.003
 41
0.7142857143
 51
15.0
 72
1
 11
105.730908194
 21
184.181175501
100
AcDbText
  0
TEXT
  5
31E
100
AcDbEntity
  8
ZEICHNUNGSBEMASSUNGEN
100
AcDbText
 62
5
  6
CONTINUOUS
 10
101.980908194
 20
181.2824021959
  7
TEXTSTYLE_4
 40
2.1
  1
-.007
 41
0.7285714286
 51
15.0
 72
1
 11
105.805908194
 21
181.2824021959
100
AcDbText
  0
TEXT
  5
31F
100
AcDbEntity
  8
ZEICHNUNGSBEMASSUNGEN
100
AcDbText
 62
5
  6
CONTINUOUS
 10
109.630908194
 20
181.2824021959
  7
STANDARD
 40
4.9987733051
  1
]
 41
0.4285714286
 51
15.0
 72
1
 11
110.7020739022
 21
181.2824021959
100
AcDbText
  0
LINE
  5
320
100
AcDbEntity
  8
ZEICHNUNGSBEMASSUNGEN
100
AcDbLine
 62
2
  6
CONTINUOUS
 10
66.180908194
 20
199.4980282254
 11
66.180908194
 21
178.6953622064
  0
LINE
  5
321
100
AcDbEntity
  8
ZEICHNUNGSBEMASSUNGEN
100
AcDbLine
 62
2
  6
CONTINUOUS
 10
118.180908194
 20
199.3921825421
 11
118.180908194
 21
178.6953622064
  0
LINE
  5
322
100
AcDbEntity
  8
ZEICHNUNGSBEMASSUNGEN
100
AcDbLine
 62
2
  6
CONTINUOUS
 10
66.180908194
 20
180.1953622064
 11
92.180908194
 21
180.1953622064
  0
LINE
  5
323
100
AcDbEntity
  8
ZEICHNUNGSBEMASSUNGEN
100
AcDbLine
 62
2
  6
CONTINUOUS
 10
118.180908194
 20
180.1953622064
 11
92.180908194
 21
180.1953622064
  0
INSERT
  5
324
100
AcDbEntity
  8
ZEICHNUNGSBEMASSUNGEN
100
AcDbBlockReference
 62
2
  6
CONTINUOUS
  2
_FILLED
 10
66.180908194
 20
180.1953622064
 41
3.5
 42
3.5
 43
3.5
 50
180.0
  0
INSERT
  5
325
100
AcDbEntity
  8
ZEICHNUNGSBEMASSUNGEN
100
AcDbBlockReference
 62
2
  6
CONTINUOUS
  2
_FILLED
 10
118.180908194
 20
180.1953622064
 41
3.5
 42
3.5
 43
3.5
  0
ENDBLK
  5
326
100
AcDbEntity
  8
0
  6
BYBLOCK
 62
0
100
AcDbBlockEnd
  0
BLOCK
  5
327
100
AcDbEntity
  8
ZEICHNUNGSBEMASSUNGEN
100
AcDbBlockBegin
 62
2
  6
CONTINUOUS
  2
*D7
 70
65
 10
0.0
 20
0.0
  3
*D7
  1

  0
TEXT
  5
328
100
AcDbEntity
  8
ZEICHNUNGSBEMASSUNGEN
100
AcDbText
 62
5
  6
CONTINUOUS
 10
132.8551189369
 20
207.0959931654
  7
STANDARD
 40
3.5
  1
31
 50
90.0
 41
0.6428571429
 51
15.0
 72
1
 11
132.8551189369
 21
209.3459931654
100
AcDbText
  0
TEXT
  5
329
100
AcDbEntity
  8
ZEICHNUNGSBEMASSUNGEN
100
AcDbText
 62
5
  6
CONTINUOUS
 10
130.6810389581
 20
211.5959931654
  7
TEXTSTYLE_4
 40
2.1
  1
+0,1
 50
90.0
 41
0.6607142857
 51
15.0
 72
1
 11
130.6810389581
 21
214.3709931654
100
AcDbText
  0
TEXT
  5
32A
100
AcDbEntity
  8
ZEICHNUNGSBEMASSUNGEN
100
AcDbText
 62
5
  6
CONTINUOUS
 10
133.5798122632
 20
211.5959931654
  7
TEXTSTYLE_4
 40
2.1
  1
-0,3
 50
90.0
 41
0.6964285714
 51
15.0
 72
1
 11
133.5798122632
 21
214.5209931654
100
AcDbText
  0
TEXT
  5
32B
100
AcDbEntity
  8
ZEICHNUNGSBEMASSUNGEN
100
AcDbText
 62
5
  6
CONTINUOUS
 10
133.5798122632
 20
220.9459931654
  7
STANDARD
 40
4.9987733051
  1
[
 50
90.0
 41
0.4285714286
 51
15.0
 72
1
 11
133.5798122632
 21
222.0171588737
100
AcDbText
  0
TEXT
  5
32C
100
AcDbEntity
  8
ZEICHNUNGSBEMASSUNGEN
100
AcDbText
 62
5
  6
CONTINUOUS
 10
132.8551189369
 20
223.0883245819
  7
STANDARD
 40
3.5
  1
1.220
 50
90.0
 41
0.7
 51
15.0
 72
1
 11
132.8551189369
 21
229.2133245819
100
AcDbText
  0
TEXT
  5
32D
100
AcDbEntity
  8
ZEICHNUNGSBEMASSUNGEN
100
AcDbText
 62
5
  6
CONTINUOUS
 10
130.6810389581
 20
235.3383245819
  7
TEXTSTYLE_4
 40
2.1
  1
+.003
 50
90.0
 41
0.7142857143
 51
15.0
 72
1
 11
130.6810389581
 21
239.0883245819
100
AcDbText
  0
TEXT
  5
32E
100
AcDbEntity
  8
ZEICHNUNGSBEMASSUNGEN
100
AcDbText
 62
5
  6
CONTINUOUS
 10
133.5798122632
 20
235.3383245819
  7
TEXTSTYLE_4
 40
2.1
  1
-.011
 50
90.0
 41
0.6428571429
 51
15.0
 72
1
 11
133.5798122632
 21
238.7133245819
100
AcDbText
  0
TEXT
  5
32F
100
AcDbEntity
  8
ZEICHNUNGSBEMASSUNGEN
100
AcDbText
 62
5
  6
CONTINUOUS
 10
133.5798122632
 20
242.8383245819
  7
STANDARD
 40
4.9987733051
  1
]
 50
90.0
 41
0.4285714286
 51
15.0
 72
1
 11
133.5798122632
 21
243.9094902902
100
AcDbText
  0
LINE
  5
330
100
AcDbEntity
  8
ZEICHNUNGSBEMASSUNGEN
100
AcDbLine
 62
2
  6
CONTINUOUS
 10
113.9328959137
 20
195.0383245819
 11
136.1668522526
 21
195.0383245819
  0
LINE
  5
331
100
AcDbEntity
  8
ZEICHNUNGSBEMASSUNGEN
100
AcDbLine
 62
2
  6
CONTINUOUS
 10
114.4621243234
 20
257.0383245819
 11
136.1668522526
 21
257.0383245819
  0
LINE
  5
332
100
AcDbEntity
  8
ZEICHNUNGSBEMASSUNGEN
100
AcDbLine
 62
2
  6
CONTINUOUS
 10
134.6668522526
 20
195.0383245819
 11
134.6668522526
 21
226.0383245819
  0
LINE
  5
333
100
AcDbEntity
  8
ZEICHNUNGSBEMASSUNGEN
100
AcDbLine
 62
2
  6
CONTINUOUS
 10
134.6668522526
 20
257.0383245819
 11
134.6668522526
 21
226.0383245819
  0
INSERT
  5
334
100
AcDbEntity
  8
ZEICHNUNGSBEMASSUNGEN
100
AcDbBlockReference
 62
2
  6
CONTINUOUS
  2
_FILLED
 10
134.6668522526
 20
195.0383245819
 41
3.5
 42
3.5
 43
3.5
 50
270.0
  0
INSERT
  5
335
100
AcDbEntity
  8
ZEICHNUNGSBEMASSUNGEN
100
AcDbBlockReference
 62
2
  6
CONTINUOUS
  2
_FILLED
 10
134.6668522526
 20
257.0383245819
 41
3.5
 42
3.5
 43
3.5
 50
90.0
  0
ENDBLK
  5
336
100
AcDbEntity
  8
0
  6
BYBLOCK
 62
0
100
AcDbBlockEnd
  0
BLOCK
  5
337
100
AcDbEntity
  8
ZEICHNUNGSBEMASSUNGEN
100
AcDbBlockBegin
 62
2
  6
CONTINUOUS
  2
*D8
 70
65
 10
0.0
 20
0.0
  3
*D8
  1

  0
MTEXT
  5
338
100
AcDbEntity
  8
ZEICHNUNGSBEMASSUNGEN
100
AcDbMText
 62
5
  6
CONTINUOUS
  7
STANDARD
 71
2
 72
1
 10
220.326262921
 20
182.3451669474
 30
0.0
 11
1.0
 21
0.0
 31
0.0
 73
2
 44
0.9
  1
\Q15.0;40,65{\ftxt.shx;\W1.000000;\H3.500000; }[1.600]
 40
3.5
 41
47.25
  0
LINE
  5
339
100
AcDbEntity
  8
ZEICHNUNGSBEMASSUNGEN
100
AcDbLine
 62
2
  6
CONTINUOUS
 10
179.676262921
 20
156.8135509162
 11
179.676262921
 21
179.4393002896
  0
LINE
  5
33A
100
AcDbEntity
  8
ZEICHNUNGSBEMASSUNGEN
100
AcDbLine
 62
2
  6
CONTINUOUS
 10
260.976262921
 20
165.0380336794
 11
260.976262921
 21
179.4393002896
  0
LINE
  5
33B
100
AcDbEntity
  8
ZEICHNUNGSBEMASSUNGEN
100
AcDbLine
 62
2
  6
CONTINUOUS
 10
179.676262921
 20
177.9393002896
 11
220.326262921
 21
177.9393002896
  0
LINE
  5
33C
100
AcDbEntity
  8
ZEICHNUNGSBEMASSUNGEN
100
AcDbLine
 62
2
  6
CONTINUOUS
 10
260.976262921
 20
177.9393002896
 11
220.326262921
 21
177.9393002896
  0
INSERT
  5
33D
100
AcDbEntity
  8
ZEICHNUNGSBEMASSUNGEN
100
AcDbBlockReference
 62
2
  6
CONTINUOUS
  2
_FILLED
 10
179.676262921
 20
177.9393002896
 41
3.5
 42
3.5
 43
3.5
 50
180.0
  0
INSERT
  5
33E
100
AcDbEntity
  8
ZEICHNUNGSBEMASSUNGEN
100
AcDbBlockReference
 62
2
  6
CONTINUOUS
  2
_FILLED
 10
260.976262921
 20
177.9393002896
 41
3.5
 42
3.5
 43
3.5
  0
ENDBLK
  5
33F
100
AcDbEntity
  8
0
  6
BYBLOCK
 62
0
100
AcDbBlockEnd
  0
BLOCK
  5
340
100
AcDbEntity
  8
ZEICHNUNGSBEMASSUNGEN
100
AcDbBlockBegin
 62
2
  6
CONTINUOUS
  2
*D9
 70
65
 10
0.0
 20
0.0
  3
*D9
  1

  0
TEXT
  5
341
100
AcDbEntity
  8
ZEICHNUNGSBEMASSUNGEN
100
AcDbText
 62
5
  6
CONTINUOUS
 10
221.1304295877
 20
102.688491339
  7
STANDARD
 40
3.5
  1
20
 41
0.7857142857
 51
15.0
 72
1
 11
223.8804295877
 21
102.688491339
100
AcDbText
  0
TEXT
  5
342
100
AcDbEntity
  8
ZEICHNUNGSBEMASSUNGEN
100
AcDbText
 62
5
  6
CONTINUOUS
 10
226.6304295877
 20
103.213491339
  7
TEXTSTYLE_3
 40
2.45
  1
`
 41
1.0
 51
15.0
 72
1
 11
228.0595962544
 21
103.213491339
100
AcDbText
  0
TEXT
  5
343
100
AcDbEntity
  8
ZEICHNUNGSBEMASSUNGEN
100
AcDbText
 62
5
  6
CONTINUOUS
 10
229.488762921
 20
103.213491339
  7
STANDARD
 40
2.45
  1
0,1
 41
0.6428571429
 51
15.0
 72
1
 11
231.851262921
 21
103.213491339
100
AcDbText
  0
TEXT
  5
344
100
AcDbEntity
  8
ZEICHNUNGSBEMASSUNGEN
100
AcDbText
 62
5
  6
CONTINUOUS
 10
237.713762921
 20
102.688491339
  7
STANDARD
 40
3.5
  1
[
 41
0.4285714286
 51
15.0
 72
1
 11
238.463762921
 21
102.688491339
100
AcDbText
  0
TEXT
  5
345
100
AcDbEntity
  8
ZEICHNUNGSBEMASSUNGEN
100
AcDbText
 62
5
  6
CONTINUOUS
 10
239.213762921
 20
102.688491339
  7
STANDARD
 40
3.5
  1
.787
 41
0.7321428571
 51
15.0
 72
1
 11
244.338762921
 21
102.688491339
100
AcDbText
  0
TEXT
  5
346
100
AcDbEntity
  8
ZEICHNUNGSBEMASSUNGEN
100
AcDbText
 62
5
  6
CONTINUOUS
 10
249.463762921
 20
103.213491339
  7
TEXTSTYLE_3
 40
2.45
  1
`
 41
1.0
 51
15.0
 72
1
 11
250.8929295877
 21
103.213491339
100
AcDbText
  0
TEXT
  5
347
100
AcDbEntity
  8
ZEICHNUNGSBEMASSUNGEN
100
AcDbText
 62
5
  6
CONTINUOUS
 10
252.3220962544
 20
103.213491339
  7
STANDARD
 40
2.45
  1
.003
 41
0.7142857143
 51
15.0
 72
1
 11
255.8220962544
 21
103.213491339
100
AcDbText
  0
TEXT
  5
348
100
AcDbEntity
  8
ZEICHNUNGSBEMASSUNGEN
100
AcDbText
 62
5
  6
CONTINUOUS
 10
259.3220962544
 20
102.688491339
  7
STANDARD
 40
3.5
  1
]
 41
0.4285714286
 51
15.0
 72
1
 11
260.0720962544
 21
102.688491339
100
AcDbText
  0
LINE
  5
349
100
AcDbEntity
  8
ZEICHNUNGSBEMASSUNGEN
100
AcDbLine
 62
2
  6
CONTINUOUS
 10
220.976262921
 20
115.3646215517
 11
220.976262921
 21
100.2826246812
  0
LINE
  5
34A
100
AcDbEntity
  8
ZEICHNUNGSBEMASSUNGEN
100
AcDbLine
 62
2
  6
CONTINUOUS
 10
260.976262921
 20
115.1958836516
 11
260.976262921
 21
100.2826246812
  0
LINE
  5
34B
100
AcDbEntity
  8
ZEICHNUNGSBEMASSUNGEN
100
AcDbLine
 62
2
  6
CONTINUOUS
 10
220.976262921
 20
101.7826246812
 11
240.976262921
 21
101.7826246812
  0
LINE
  5
34C
100
AcDbEntity
  8
ZEICHNUNGSBEMASSUNGEN
100
AcDbLine
 62
2
  6
CONTINUOUS
 10
260.976262921
 20
101.7826246812
 11
240.976262921
 21
101.7826246812
  0
INSERT
  5
34D
100
AcDbEntity
  8
ZEICHNUNGSBEMASSUNGEN
100
AcDbBlockReference
 62
2
  6
CONTINUOUS
  2
_FILLED
 10
220.976262921
 20
101.7826246812
 41
3.5
 42
3.5
 43
3.5
 50
180.0
  0
INSERT
  5
34E
100
AcDbEntity
  8
ZEICHNUNGSBEMASSUNGEN
100
AcDbBlockReference
 62
2
  6
CONTINUOUS
  2
_FILLED
 10
260.976262921
 20
101.7826246812
 41
3.5
 42
3.5
 43
3.5
  0
ENDBLK
  5
34F
100
AcDbEntity
  8
0
  6
BYBLOCK
 62
0
100
AcDbBlockEnd
  0
BLOCK
  5
350
100
AcDbEntity
  8
ZEICHNUNGSBEMASSUNGEN
100
AcDbBlockBegin
 62
2
  6
CONTINUOUS
  2
*D10
 70
65
 10
0.0
 20
0.0
  3
*D10
  1

  0
MTEXT
  5
351
100
AcDbEntity
  8
ZEICHNUNGSBEMASSUNGEN
100
AcDbMText
 62
5
  6
CONTINUOUS
  7
STANDARD
 71
3
 72
1
 10
242.8906247877
 20
268.3353522933
 30
0.0
 11
1.0
 21
0.0
 31
0.0
 73
2
 44
0.9
  1
\Q15.0;2{\ftxt.shx;\W1.000000;\H3.500000; }[.079]
 40
3.5
 41
29.25
  0
LINE
  5
352
100
AcDbEntity
  8
ZEICHNUNGSBEMASSUNGEN
100
AcDbLine
 62
2
  6
CONTINUOUS
 10
254.976262921
 20
257.5557282733
 11
254.976262921
 21
265.4294856354
  0
LINE
  5
353
100
AcDbEntity
  8
ZEICHNUNGSBEMASSUNGEN
100
AcDbLine
 62
2
  6
CONTINUOUS
 10
250.976262921
 20
257.7970264276
 11
250.976262921
 21
265.4294856354
  0
LINE
  5
354
100
AcDbEntity
  8
ZEICHNUNGSBEMASSUNGEN
100
AcDbLine
 62
2
  6
CONTINUOUS
 10
254.976262921
 20
263.9294856354
 11
260.976262921
 21
263.9294856354
  0
LINE
  5
355
100
AcDbEntity
  8
ZEICHNUNGSBEMASSUNGEN
100
AcDbLine
 62
2
  6
CONTINUOUS
 10
260.976262921
 20
263.9294856354
 11
252.976262921
 21
263.9294856354
  0
LINE
  5
356
100
AcDbEntity
  8
ZEICHNUNGSBEMASSUNGEN
100
AcDbLine
 62
2
  6
CONTINUOUS
 10
250.976262921
 20
263.9294856354
 11
223.3906247877
 21
263.9294856354
  0
LINE
  5
357
100
AcDbEntity
  8
ZEICHNUNGSBEMASSUNGEN
100
AcDbLine
 62
2
  6
CONTINUOUS
 10
223.3906247877
 20
263.9294856354
 11
252.976262921
 21
263.9294856354
  0
INSERT
  5
358
100
AcDbEntity
  8
ZEICHNUNGSBEMASSUNGEN
100
AcDbBlockReference
 62
2
  6
CONTINUOUS
  2
_FILLED
 10
254.976262921
 20
263.9294856354
 41
3.5
 42
3.5
 43
3.5
 50
180.0
  0
INSERT
  5
359
100
AcDbEntity
  8
ZEICHNUNGSBEMASSUNGEN
100
AcDbBlockReference
 62
2
  6
CONTINUOUS
  2
_FILLED
 10
250.976262921
 20
263.9294856354
 41
3.5
 42
3.5
 43
3.5
  0
ENDBLK
  5
35A
100
AcDbEntity
  8
0
  6
BYBLOCK
 62
0
100
AcDbBlockEnd
  0
BLOCK
  5
35B
100
AcDbEntity
  8
ZEICHNUNGSBEMASSUNGEN
100
AcDbBlockBegin
 62
2
  6
CONTINUOUS
  2
*D11
 70
65
 10
0.0
 20
0.0
  3
*D11
  1

  0
MTEXT
  5
35C
100
AcDbEntity
  8
ZEICHNUNGSBEMASSUNGEN
100
AcDbMText
 62
5
  6
CONTINUOUS
  7
STANDARD
 71
3
 72
1
 10
249.226220921
 20
278.701376936
 30
0.0
 11
1.0
 21
0.0
 31
0.0
 73
2
 44
0.9
  1
\Q15.0;5{\ftxt.shx;\W1.000000;\H3.500000; }[.197]
 40
3.5
 41
27.75
  0
LINE
  5
35D
100
AcDbEntity
  8
ZEICHNUNGSBEMASSUNGEN
100
AcDbLine
 62
2
  6
CONTINUOUS
 10
260.976262921
 20
250.1557282733
 11
260.976262921
 21
275.7955102781
  0
LINE
  5
35E
100
AcDbEntity
  8
ZEICHNUNGSBEMASSUNGEN
100
AcDbLine
 62
2
  6
CONTINUOUS
 10
250.976262921
 20
258.2847633284
 11
250.976262921
 21
275.7955102781
  0
LINE
  5
35F
100
AcDbEntity
  8
ZEICHNUNGSBEMASSUNGEN
100
AcDbLine
 62
2
  6
CONTINUOUS
 10
260.976262921
 20
274.2955102781
 11
255.976262921
 21
274.2955102781
  0
LINE
  5
360
100
AcDbEntity
  8
ZEICHNUNGSBEMASSUNGEN
100
AcDbLine
 62
2
  6
CONTINUOUS
 10
250.976262921
 20
274.2955102781
 11
255.976262921
 21
274.2955102781
  0
LINE
  5
361
100
AcDbEntity
  8
ZEICHNUNGSBEMASSUNGEN
100
AcDbLine
 62
2
  6
CONTINUOUS
 10
255.976262921
 20
274.2955102781
 11
230.726220921
 21
274.2955102781
  0
INSERT
  5
362
100
AcDbEntity
  8
ZEICHNUNGSBEMASSUNGEN
100
AcDbBlockReference
 62
2
  6
CONTINUOUS
  2
_FILLED
 10
260.976262921
 20
274.2955102781
 41
3.5
 42
3.5
 43
3.5
  0
INSERT
  5
363
100
AcDbEntity
  8
ZEICHNUNGSBEMASSUNGEN
100
AcDbBlockReference
 62
2
  6
CONTINUOUS
  2
_FILLED
 10
250.976262921
 20
274.2955102781
 41
3.5
 42
3.5
 43
3.5
 50
180.0
  0
ENDBLK
  5
364
100
AcDbEntity
  8
0
  6
BYBLOCK
 62
0
100
AcDbBlockEnd
  0
BLOCK
  5
365
100
AcDbEntity
  8
ZEICHNUNGSBEMASSUNGEN
100
AcDbBlockBegin
 62
2
  6
CONTINUOUS
  2
*D12
 70
65
 10
0.0
 20
0.0
  3
*D12
  1

  0
MTEXT
  5
366
100
AcDbEntity
  8
ZEICHNUNGSBEMASSUNGEN
100
AcDbMText
 62
5
  6
CONTINUOUS
  7
STANDARD
 71
2
 72
1
 10
220.700473254
 20
88.5043922787
 30
0.0
 11
1.0
 21
0.0
 31
0.0
 73
2
 44
0.9
  1
\Q15.0;40,2{\ftxt.shx;\W1.000000;\H3.500000; }[1.583]
 40
3.5
 41
42.75
  0
LINE
  5
367
100
AcDbEntity
  8
ZEICHNUNGSBEMASSUNGEN
100
AcDbLine
 62
2
  6
CONTINUOUS
 10
260.976262921
 20
115.7875538072
 11
260.976262921
 21
82.5985256209
  0
LINE
  5
368
100
AcDbEntity
  8
ZEICHNUNGSBEMASSUNGEN
100
AcDbLine
 62
2
  6
CONTINUOUS
 10
180.4246835871
 20
120.9747341397
 11
180.4246835871
 21
82.5985256209
  0
LINE
  5
369
100
AcDbEntity
  8
ZEICHNUNGSBEMASSUNGEN
100
AcDbLine
 62
2
  6
CONTINUOUS
 10
260.976262921
 20
84.0985256209
 11
220.700473254
 21
84.0985256209
  0
LINE
  5
36A
100
AcDbEntity
  8
ZEICHNUNGSBEMASSUNGEN
100
AcDbLine
 62
2
  6
CONTINUOUS
 10
180.4246835871
 20
84.0985256209
 11
220.700473254
 21
84.0985256209
  0
INSERT
  5
36B
100
AcDbEntity
  8
ZEICHNUNGSBEMASSUNGEN
100
AcDbBlockReference
 62
2
  6
CONTINUOUS
  2
_FILLED
 10
260.976262921
 20
84.0985256209
 41
3.5
 42
3.5
 43
3.5
  0
INSERT
  5
36C
100
AcDbEntity
  8
ZEICHNUNGSBEMASSUNGEN
100
AcDbBlockReference
 62
2
  6
CONTINUOUS
  2
_FILLED
 10
180.4246835871
 20
84.0985256209
 41
3.5
 42
3.5
 43
3.5
 50
180.0
  0
ENDBLK
  5
36D
100
AcDbEntity
  8
0
  6
BYBLOCK
 62
0
100
AcDbBlockEnd
  0
BLOCK
  5
36E
100
AcDbEntity
  8
0
100
AcDbBlockBegin
  2
*T1
 70
1
 10
0.0
 20
0.0
  3
*T1
  1

  0
LINE
  5
36F
100
AcDbEntity
  8
0
100
AcDbLine
 62
7
  6
CONTINUOUS
 10
0.0
 20
0.0
 11
138.6
 21
0.0
  0
LINE
  5
370
100
AcDbEntity
  8
0
100
AcDbLine
 62
7
  6
CONTINUOUS
 10
0.0
 20
0.0
 11
0.0
 21
-46.0
  0
LINE
  5
371
100
AcDbEntity
  8
0
100
AcDbLine
 62
7
  6
CONTINUOUS
 10
0.0
 20
-8.0
 11
138.6
 21
-8.0
  0
LINE
  5
372
100
AcDbEntity
  8
0
100
AcDbLine
 62
7
  6
CONTINUOUS
 10
0.0
 20
-14.0
 11
138.6
 21
-14.0
  0
LINE
  5
373
100
AcDbEntity
  8
0
100
AcDbLine
 62
7
  6
CONTINUOUS
 10
0.0
 20
-20.0
 11
138.6
 21
-20.0
  0
LINE
  5
374
100
AcDbEntity
  8
0
100
AcDbLine
 62
7
  6
CONTINUOUS
 10
0.0
 20
-26.0
 11
138.6
 21
-26.0
  0
LINE
  5
375
100
AcDbEntity
  8
0
100
AcDbLine
 62
7
  6
CONTINUOUS
 10
69.3
 20
-32.0
 11
138.6
 21
-32.0
  0
LINE
  5
376
100
AcDbEntity
  8
0
100
AcDbLine
 62
7
  6
CONTINUOUS
 10
0.0
 20
-38.0
 11
138.6
 21
-38.0
  0
LINE
  5
377
100
AcDbEntity
  8
0
100
AcDbLine
 62
7
  6
CONTINUOUS
 10
0.0
 20
-46.0
 11
138.6
 21
-46.0
  0
LINE
  5
378
100
AcDbEntity
  8
0
100
AcDbLine
 62
7
  6
CONTINUOUS
 10
23.1
 20
0.0
 11
23.1
 21
-26.0
  0
LINE
  5
379
100
AcDbEntity
  8
0
100
AcDbLine
 62
7
  6
CONTINUOUS
 10
46.2
 20
0.0
 11
46.2
 21
-14.0
  0
LINE
  5
37A
100
AcDbEntity
  8
0
100
AcDbLine
 62
7
  6
CONTINUOUS
 10
46.2
 20
-20.0
 11
46.2
 21
-26.0
  0
LINE
  5
37B
100
AcDbEntity
  8
0
100
AcDbLine
 62
7
  6
CONTINUOUS
 10
46.2
 20
-38.0
 11
46.2
 21
-46.0
  0
LINE
  5
37C
100
AcDbEntity
  8
0
100
AcDbLine
 62
7
  6
CONTINUOUS
 10
69.3
 20
0.0
 11
69.3
 21
-46.0
  0
LINE
  5
37D
100
AcDbEntity
  8
0
100
AcDbLine
 62
7
  6
CONTINUOUS
 10
92.4
 20
0.0
 11
92.4
 21
-38.0
  0
LINE
  5
37E
100
AcDbEntity
  8
0
100
AcDbLine
 62
7
  6
CONTINUOUS
 10
115.5
 20
-8.0
 11
115.5
 21
-26.0
  0
LINE
  5
37F
100
AcDbEntity
  8
0
100
AcDbLine
 62
7
  6
CONTINUOUS
 10
115.5
 20
-38.0
 11
115.5
 21
-46.0
  0
LINE
  5
380
100
AcDbEntity
  8
0
100
AcDbLine
 62
7
  6
CONTINUOUS
 10
138.6
 20
0.0
 11
138.6
 21
-46.0
  0
MTEXT
  5
381
100
AcDbEntity
  8
3D_NOTIZEN
100
AcDbMText
 62
5
  6
CONTINUOUS
  7
STANDARD
 71
1
 72
1
 10
1.05
 20
-0.7764571353
 30
0.0
 11
1.0
 21
0.0
 31
0.0
 73
2
 44
0.9
  1
\Q15.0;Sheet Number
 40
1.5
 41
26.9285714286
  0
MTEXT
  5
382
100
AcDbEntity
  8
3D_NOTIZEN
100
AcDbMText
 62
5
  6
CONTINUOUS
  7
STANDARD
 71
1
 72
1
 10
24.15
 20
-0.7764571353
 30
0.0
 11
1.0
 21
0.0
 31
0.0
 73
2
 44
0.9
  1
\Q15.0;Projection
 40
1.5
 41
20.1428571429
  0
MTEXT
  5
383
100
AcDbEntity
  8
3D_NOTIZEN
100
AcDbMText
 62
5
  6
CONTINUOUS
  7
STANDARD
 71
1
 72
1
 10
47.25
 20
-0.7764571353
 30
0.0
 11
1.0
 21
0.0
 31
0.0
 73
2
 44
0.9
  1
\Q15.0;Scale
 40
1.5
 41
10.6428571429
  0
MTEXT
  5
384
100
AcDbEntity
  8
3D_NOTIZEN
100
AcDbMText
 62
5
  6
CONTINUOUS
  7
STANDARD
 71
1
 72
1
 10
70.35
 20
-0.7764571353
 30
0.0
 11
1.0
 21
0.0
 31
0.0
 73
2
 44
0.9
  1
\Q15.0;Format
 40
1.5
 41
13.4285714286
  0
MTEXT
  5
385
100
AcDbEntity
  8
3D_NOTIZEN
100
AcDbMText
 62
5
  6
CONTINUOUS
  7
STANDARD
 71
1
 72
1
 10
93.45
 20
-0.7764571353
 30
0.0
 11
1.0
 21
0.0
 31
0.0
 73
2
 44
0.9
  1
\Q15.0;Tolerancing
 40
1.5
 41
22.9285714286
  0
MTEXT
  5
386
100
AcDbEntity
  8
3D_NOTIZEN
100
AcDbMText
 62
5
  6
CONTINUOUS
  7
STANDARD
 71
1
 72
1
 10
1.05
 20
-4.5352761804
 30
0.0
 11
1.0
 21
0.0
 31
0.0
 73
2
 44
0.9
  1
\Q15.0;1/1
 40
2.0
 41
8.380952381
  0
MTEXT
  5
387
100
AcDbEntity
  8
3D_NOTIZEN
100
AcDbMText
 62
5
  6
CONTINUOUS
  7
STANDARD
 71
1
 72
1
 10
47.25
 20
-4.5352761804
 30
0.0
 11
1.0
 21
0.0
 31
0.0
 73
2
 44
0.9
  1
\Q15.0;2:1
 40
2.0
 41
7.619047619
  0
MTEXT
  5
388
100
AcDbEntity
  8
3D_NOTIZEN
100
AcDbMText
 62
5
  6
CONTINUOUS
  7
STANDARD
 71
1
 72
1
 10
70.35
 20
-4.5352761804
 30
0.0
 11
1.0
 21
0.0
 31
0.0
 73
2
 44
0.9
  1
\Q15.0;A3
 40
2.0
 41
7.0476190476
  0
MTEXT
  5
389
100
AcDbEntity
  8
3D_NOTIZEN
100
AcDbMText
 62
5
  6
CONTINUOUS
  7
STANDARD
 71
1
 72
1
 10
93.45
 20
-4.5352761804
 30
0.0
 11
1.0
 21
0.0
 31
0.0
 73
2
 44
0.9
  1
\Q15.0;ISO 2768-mK
 40
2.0
 41
35.0476190476
  0
MTEXT
  5
38A
100
AcDbEntity
  8
3D_NOTIZEN
100
AcDbMText
 62
5
  6
CONTINUOUS
  7
STANDARD
 71
1
 72
1
 10
1.05
 20
-10.0352761804
 30
0.0
 11
1.0
 21
0.0
 31
0.0
 73
2
 44
0.9
  1
\Q15.0;   44.92 g
 40
2.0
 41
31.0476190476
  0
MTEXT
  5
38B
100
AcDbEntity
  8
3D_NOTIZEN
100
AcDbMText
 62
5
  6
CONTINUOUS
  7
STANDARD
 71
1
 72
1
 10
24.15
 20
-10.0352761804
 30
0.0
 11
1.0
 21
0.0
 31
0.0
 73
2
 44
0.9
  1
\Q15.0;   109.61 cm²
 40
2.0
 41
38.7047619048
  0
MTEXT
  5
38C
100
AcDbEntity
  8
3D_NOTIZEN
100
AcDbMText
 62
5
  6
CONTINUOUS
  7
STANDARD
 71
1
 72
1
 10
47.25
 20
-10.0352761804
 30
0.0
 11
1.0
 21
0.0
 31
0.0
 73
2
 44
0.9
  1
\Q15.0;   9.72 cm³
 40
2.0
 41
34.1333333333
  0
MTEXT
  5
38D
100
AcDbEntity
  8
3D_NOTIZEN
100
AcDbMText
 62
5
  6
CONTINUOUS
  7
STANDARD
 71
1
 72
1
 10
70.35
 20
-10.2764571353
 30
0.0
 11
1.0
 21
0.0
 31
0.0
 73
2
 44
0.9
  1
\Q15.0;Created
 40
1.5
 41
15.2857142857
  0
MTEXT
  5
38E
100
AcDbEntity
  8
3D_NOTIZEN
100
AcDbMText
 62
5
  6
CONTINUOUS
  7
STANDARD
 71
1
 72
1
 10
93.45
 20
-10.0352761804
 30
0.0
 11
1.0
 21
0.0
 31
0.0
 73
2
 44
0.9
  1
\Q15.0;14.05.2008
 40
2.0
 41
29.3333333333
  0
MTEXT
  5
38F
100
AcDbEntity
  8
3D_NOTIZEN
100
AcDbMText
 62
5
  6
CONTINUOUS
  7
STANDARD
 71
1
 72
1
 10
116.55
 20
-10.0352761804
 30
0.0
 11
1.0
 21
0.0
 31
0.0
 73
2
 44
0.9
  1
\Q15.0;kma
 40
2.0
 41
10.1904761905
  0
MTEXT
  5
390
100
AcDbEntity
  8
3D_NOTIZEN
100
AcDbMText
 62
5
  6
CONTINUOUS
  7
STANDARD
 71
1
 72
1
 10
1.05
 20
-16.2764571353
 30
0.0
 11
1.0
 21
0.0
 31
0.0
 73
2
 44
0.9
  1
\Q15.0;Material
 40
1.5
 41
16.2857142857
  0
MTEXT
  5
391
100
AcDbEntity
  8
3D_NOTIZEN
100
AcDbMText
 62
5
  6
CONTINUOUS
  7
STANDARD
 71
1
 72
1
 10
24.15
 20
-16.0352761804
 30
0.0
 11
1.0
 21
0.0
 31
0.0
 73
2
 44
0.9
  1
\Q15.0;-
 40
2.0
 41
3.619047619
  0
MTEXT
  5
392
100
AcDbEntity
  8
3D_NOTIZEN
100
AcDbMText
 62
5
  6
CONTINUOUS
  7
STANDARD
 71
1
 72
1
 10
70.35
 20
-16.2764571353
 30
0.0
 11
1.0
 21
0.0
 31
0.0
 73
2
 44
0.9
  1
\Q15.0;Modified
 40
1.5
 41
16.5714285714
  0
MTEXT
  5
393
100
AcDbEntity
  8
3D_NOTIZEN
100
AcDbMText
 62
5
  6
CONTINUOUS
  7
STANDARD
 71
1
 72
1
 10
93.45
 20
-16.0352761804
 30
0.0
 11
1.0
 21
0.0
 31
0.0
 73
2
 44
0.9
  1
\Q15.0;26.05.2021
 40
2.0
 41
29.3333333333
  0
MTEXT
  5
394
100
AcDbEntity
  8
3D_NOTIZEN
100
AcDbMText
 62
5
  6
CONTINUOUS
  7
STANDARD
 71
1
 72
1
 10
116.55
 20
-16.0352761804
 30
0.0
 11
1.0
 21
0.0
 31
0.0
 73
2
 44
0.9
  1
\Q15.0;mmu
 40
2.0
 41
11.0476190476
  0
MTEXT
  5
395
100
AcDbEntity
  8
3D_NOTIZEN
100
AcDbMText
 62
5
  6
CONTINUOUS
  7
STANDARD
 71
1
 72
1
 10
1.05
 20
-22.2764571353
 30
0.0
 11
1.0
 21
0.0
 31
0.0
 73
2
 44
0.9
  1
\Q15.0;Material addition
 40
1.5
 41
34.2142857143
  0
MTEXT
  5
396
100
AcDbEntity
  8
3D_NOTIZEN
100
AcDbMText
 62
5
  6
CONTINUOUS
  7
STANDARD
 71
1
 72
1
 10
24.15
 20
-22.0352761804
 30
0.0
 11
1.0
 21
0.0
 31
0.0
 73
2
 44
0.9
  1
\Q15.0;-
 40
2.0
 41
3.619047619
  0
MTEXT
  5
397
100
AcDbEntity
  8
3D_NOTIZEN
100
AcDbMText
 62
5
  6
CONTINUOUS
  7
STANDARD
 71
1
 72
1
 10
70.35
 20
-22.2764571353
 30
0.0
 11
1.0
 21
0.0
 31
0.0
 73
2
 44
0.9
  1
\Q15.0;Approved
 40
1.5
 41
17.9285714286
  0
MTEXT
  5
398
100
AcDbEntity
  8
3D_NOTIZEN
100
AcDbMText
 62
5
  6
CONTINUOUS
  7
STANDARD
 71
1
 72
1
 10
93.45
 20
-22.0352761804
 30
0.0
 11
1.0
 21
0.0
 31
0.0
 73
2
 44
0.9
  1
\Q15.0;28.05.2021
 40
2.0
 41
29.3333333333
  0
MTEXT
  5
399
100
AcDbEntity
  8
3D_NOTIZEN
100
AcDbMText
 62
5
  6
CONTINUOUS
  7
STANDARD
 71
1
 72
1
 10
116.55
 20
-22.0352761804
 30
0.0
 11
1.0
 21
0.0
 31
0.0
 73
2
 44
0.9
  1
\Q15.0;tho
 40
2.0
 41
8.7619047619
  0
MTEXT
  5
39A
100
AcDbEntity
  8
3D_NOTIZEN
100
AcDbMText
 62
5
  6
CONTINUOUS
  7
STANDARD
 71
1
 72
1
 10
1.05
 20
-26.7764571353
 30
0.0
 11
1.0
 21
0.0
 31
0.0
 73
2
 44
0.9
  1
\Q15.0;Description
 40
1.5
 41
22.7142857143
  0
MTEXT
  5
39B
100
AcDbEntity
  8
3D_NOTIZEN
100
AcDbMText
 62
5
  6
CONTINUOUS
  7
STANDARD
 71
1
 72
1
 10
70.35
 20
-28.2764571353
 30
0.0
 11
1.0
 21
0.0
 31
0.0
 73
2
 44
0.9
  1
\Q15.0;ECN Number
 40
1.5
 41
23.4285714286
  0
MTEXT
  5
39C
100
AcDbEntity
  8
3D_NOTIZEN
100
AcDbMText
 62
5
  6
CONTINUOUS
  7
STANDARD
 71
1
 72
1
 10
93.45
 20
-28.0352761804
 30
0.0
 11
1.0
 21
0.0
 31
0.0
 73
2
 44
0.9
  1
\Q15.0;-
 40
2.0
 41
3.619047619
  0
MTEXT
  5
39D
100
AcDbEntity
  8
3D_NOTIZEN
100
AcDbMText
 62
5
  6
CONTINUOUS
  7
STANDARD
 71
1
 72
1
 10
1.05
 20
-30.588190451
 30
0.0
 11
1.0
 21
0.0
 31
0.0
 73
2
 44
0.9
  1
\Q15.0;NAHDMI-W
 40
2.5
 41
35.4761904762
  0
MTEXT
  5
39E
100
AcDbEntity
  8
3D_NOTIZEN
100
AcDbMText
 62
5
  6
CONTINUOUS
  7
STANDARD
 71
1
 72
1
 10
70.35
 20
-34.2764571353
 30
0.0
 11
1.0
 21
0.0
 31
0.0
 73
2
 44
0.9
  1
\Q15.0;Status
 40
1.5
 41
12.7857142857
  0
MTEXT
  5
39F
100
AcDbEntity
  8
3D_NOTIZEN
100
AcDbMText
 62
5
  6
CONTINUOUS
  7
STANDARD
 71
1
 72
1
 10
93.45
 20
-34.0352761804
 30
0.0
 11
1.0
 21
0.0
 31
0.0
 73
2
 44
0.9
  1
\Q15.0;Released
 40
2.0
 41
23.0476190476
  0
MTEXT
  5
3A0
100
AcDbEntity
  8
3D_NOTIZEN
100
AcDbMText
 62
5
  6
CONTINUOUS
  7
STANDARD
 71
1
 72
1
 10
47.25
 20
-38.7764571353
 30
0.0
 11
1.0
 21
0.0
 31
0.0
 73
2
 44
0.9
  1
\Q15.0;3D Model ID
 40
1.5
 41
25.2857142857
  0
MTEXT
  5
3A1
100
AcDbEntity
  8
3D_NOTIZEN
100
AcDbMText
 62
5
  6
CONTINUOUS
  7
STANDARD
 71
1
 72
1
 10
70.35
 20
-38.7764571353
 30
0.0
 11
1.0
 21
0.0
 31
0.0
 73
2
 44
0.9
  1
\Q15.0;Document ID
 40
1.5
 41
25.2857142857
  0
MTEXT
  5
3A2
100
AcDbEntity
  8
3D_NOTIZEN
100
AcDbMText
 62
5
  6
CONTINUOUS
  7
STANDARD
 71
1
 72
1
 10
116.55
 20
-38.7764571353
 30
0.0
 11
1.0
 21
0.0
 31
0.0
 73
2
 44
0.9
  1
\Q15.0;Revision
 40
1.5
 41
16.7857142857
  0
MTEXT
  5
3A3
100
AcDbEntity
  8
3D_NOTIZEN
100
AcDbMText
 62
5
  6
CONTINUOUS
  7
STANDARD
 71
1
 72
1
 10
47.25
 20
-42.5352761804
 30
0.0
 11
1.0
 21
0.0
 31
0.0
 73
2
 44
0.9
  1
\Q15.0;30008894
 40
2.0
 41
25.619047619
  0
MTEXT
  5
3A4
100
AcDbEntity
  8
3D_NOTIZEN
100
AcDbMText
 62
5
  6
CONTINUOUS
  7
STANDARD
 71
1
 72
1
 10
70.35
 20
-42.0529142706
 30
0.0
 11
1.0
 21
0.0
 31
0.0
 73
2
 44
0.9
  1
\Q15.0;20003491
 40
3.0
 41
37.1428571429
  0
MTEXT
  5
3A5
100
AcDbEntity
  8
3D_NOTIZEN
100
AcDbMText
 62
5
  6
CONTINUOUS
  7
STANDARD
 71
1
 72
1
 10
116.55
 20
-42.0529142706
 30
0.0
 11
1.0
 21
0.0
 31
0.0
 73
2
 44
0.9
  1
\Q15.0;B
 40
3.0
 41
5.8571428571
  0
ENDBLK
  5
3A6
100
AcDbEntity
  8
0
  6
BYBLOCK
 62
0
100
AcDbBlockEnd
  0
ENDSEC
  0
SECTION
  2
ENTITIES
  0
MTEXT
  5
3A7
100
AcDbEntity
  8
0
100
AcDbMText
 62
5
  6
CONTINUOUS
  7
STANDARD
 71
1
 72
1
 10
412.3
 20
10.6200152467
 30
0.0
 11
0.0
 21
1.0
 31
0.0
 73
2
 44
0.9
  1
\Q15.0;Copyright © Neutrik AG / Im alten Riet 143 / 9494 Schaan / Liechtenstein
 40
1.7
 41
130.3171428571
  0
MTEXT
  5
3A8
100
AcDbEntity
  8
0
100
AcDbMText
 62
5
  6
CONTINUOUS
  7
STANDARD
 71
1
 72
1
 10
412.3
 20
109.1200152467
 30
0.0
 11
0.0
 21
1.0
 31
0.0
 73
2
 44
0.9
  1
\Q15.0;Refer to protection notice ISO 16016.
 40
1.7
 41
65.0857142857
  0
INSERT
  5
3A9
100
AcDbEntity
  8
0
100
AcDbBlockReference
 62
2
  6
CONTINUOUS
  2
PROJEKTION_BL0
 10
300.3860648586
 20
50.8580728318
  0
INSERT
  5
3AA
100
AcDbEntity
  8
0
100
AcDbBlockReference
 62
2
  6
CONTINUOUS
  2
GEWICHT_BL1
 10
273.6008673453
 20
45.0304275317
  0
INSERT
  5
3AB
100
AcDbEntity
  8
0
100
AcDbBlockReference
 62
2
  6
CONTINUOUS
  2
OBERFLÄCHE_BL2
 10
296.8834790345
 20
44.9777118412
  0
INSERT
  5
3AC
100
AcDbEntity
  8
0
100
AcDbBlockReference
 62
2
  6
CONTINUOUS
  2
VOLUMEN_BL3
 10
320.1514568862
 20
44.967865753
  0
INSERT
  5
3AD
100
AcDbEntity
  8
0
100
AcDbBlockReference
 62
2
  6
CONTINUOUS
  2
NEUTRIK_BL4
 10
294.2613843509
 20
13.9057775655
  0
DIMENSION
  5
3AE
100
AcDbEntity
  8
ZEICHNUNGSBEMASSUNGEN
100
AcDbDimension
 62
2
  6
CONTINUOUS
  2
*D0
 10
107.5395859595
 20
96.0129941587
 11
83.9395859595
 21
96.0129941587
 70
160
 71
2
 72
2
 41
0.9
 42
23.6
  1
>= %%c<>
  3
DIMSTYLE_1
100
AcDbAlignedDimension
 13
60.3395859595
 23
57.7306920499
 14
107.5395859595
 24
57.7306920499
100
AcDbRotatedDimension
  0
DIMENSION
  5
3AF
100
AcDbEntity
  8
ZEICHNUNGSBEMASSUNGEN
100
AcDbDimension
 62
2
  6
CONTINUOUS
  2
*D1
 10
102.9402502157
 20
88.0129941587
 11
83.9399971165
 21
88.0129941587
 70
160
 71
2
 72
2
 41
0.9
 42
19.0002530992
  3
DIMSTYLE_2
100
AcDbAlignedDimension
 13
64.9397440174
 23
36.185783273
 14
102.9402502157
 24
83.9864148836
100
AcDbRotatedDimension
  0
DIMENSION
  5
3B0
100
AcDbEntity
  8
ZEICHNUNGSBEMASSUNGEN
100
AcDbDimension
 62
2
  6
CONTINUOUS
  2
*D2
 10
118.9395859595
 20
77.013819572
 11
118.9395859595
 21
53.0135308323
 70
160
 71
2
 72
2
 41
0.9
 42
24.0002887397
  3
DIMSTYLE_2
100
AcDbAlignedDimension
 13
72.0520823819
 23
29.0132420926
 14
109.8592170565
 24
77.013819572
 50
90.0
100
AcDbRotatedDimension
  0
DIMENSION
  5
3B1
100
AcDbEntity
  8
ZEICHNUNGSBEMASSUNGEN
100
AcDbDimension
 62
2
  6
CONTINUOUS
  2
*D3
 10
68.0397440174
 20
18.0129941587
 11
43.6830943402
 21
18.0129941587
 70
160
 71
3
 72
2
 41
0.9
 42
3.1
  1
%%c<>
  3
DIMSTYLE_3
100
AcDbAlignedDimension
 13
61.8397440174
 23
26.7794739892
 14
68.0397440174
 24
26.8497301301
100
AcDbRotatedDimension
  0
DIMENSION
  5
3B2
100
AcDbEntity
  8
ZEICHNUNGSBEMASSUNGEN
100
AcDbDimension
 62
2
  6
CONTINUOUS
  2
*D4
 10
111.180908194
 20
268.593223738
 11
92.180908194
 21
268.593223738
 70
160
 71
2
 72
2
 41
0.9
 42
19.0
  3
DIMSTYLE_4
100
AcDbAlignedDimension
 13
73.180908194
 23
260.0124482039
 14
111.180908194
 24
212.3299852487
100
AcDbRotatedDimension
  0
DIMENSION
  5
3B3
100
AcDbEntity
  8
ZEICHNUNGSBEMASSUNGEN
100
AcDbDimension
 62
2
  6
CONTINUOUS
  2
*D5
 10
45.5860723087
 20
202.0383245819
 11
45.5860723087
 21
226.0383245819
 70
160
 71
2
 72
2
 41
0.9
 42
24.0
  3
DIMSTYLE_4
100
AcDbAlignedDimension
 13
62.9138770795
 23
250.0383245819
 14
101.1255684426
 24
202.0383245819
 50
270.0
100
AcDbRotatedDimension
  0
DIMENSION
  5
3B4
100
AcDbEntity
  8
ZEICHNUNGSBEMASSUNGEN
100
AcDbDimension
 62
2
  6
CONTINUOUS
  2
*D6
 10
118.180908194
 20
180.1953622064
 11
92.180908194
 21
180.1953622064
 70
160
 71
2
 72
2
 41
0.9
 42
26.0
  3
DIMSTYLE_5
100
AcDbAlignedDimension
 13
66.180908194
 23
199.4980282254
 14
118.180908194
 24
199.3921825421
100
AcDbRotatedDimension
  0
DIMENSION
  5
3B5
100
AcDbEntity
  8
ZEICHNUNGSBEMASSUNGEN
100
AcDbDimension
 62
2
  6
CONTINUOUS
  2
*D7
 10
134.6668522526
 20
257.0383245819
 11
134.6668522526
 21
226.0383245819
 70
160
 71
2
 72
2
 41
0.9
 42
31.0
  3
DIMSTYLE_6
100
AcDbAlignedDimension
 13
113.9328959137
 23
195.0383245819
 14
114.4621243234
 24
257.0383245819
 50
90.0
100
AcDbRotatedDimension
  0
DIMENSION
  5
3B6
100
AcDbEntity
  8
ZEICHNUNGSBEMASSUNGEN
100
AcDbDimension
 62
2
  6
CONTINUOUS
  2
*D8
 10
260.976262921
 20
177.9393002896
 11
220.326262921
 21
177.9393002896
 70
160
 71
2
 72
2
 41
0.9
 42
40.65
  3
DIMSTYLE_7
100
AcDbAlignedDimension
 13
179.676262921
 23
156.8135509162
 14
260.976262921
 24
165.0380336794
100
AcDbRotatedDimension
  0
DIMENSION
  5
3B7
100
AcDbEntity
  8
ZEICHNUNGSBEMASSUNGEN
100
AcDbDimension
 62
2
  6
CONTINUOUS
  2
*D9
 10
260.976262921
 20
101.7826246812
 11
240.976262921
 21
101.7826246812
 70
160
 71
2
 72
2
 41
0.9
 42
20.0
  3
DIMSTYLE_8
100
AcDbAlignedDimension
 13
220.976262921
 23
115.3646215517
 14
260.976262921
 24
115.1958836516
100
AcDbRotatedDimension
  0
DIMENSION
  5
3B8
100
AcDbEntity
  8
ZEICHNUNGSBEMASSUNGEN
100
AcDbDimension
 62
2
  6
CONTINUOUS
  2
*D10
 10
250.976262921
 20
263.9294856354
 11
233.1406247877
 21
263.9294856354
 70
160
 71
3
 72
2
 41
0.9
 42
2.0
  3
DIMSTYLE_9
100
AcDbAlignedDimension
 13
254.976262921
 23
257.5557282733
 14
250.976262921
 24
257.7970264276
 50
180.0
100
AcDbRotatedDimension
  0
DIMENSION
  5
3B9
100
AcDbEntity
  8
ZEICHNUNGSBEMASSUNGEN
100
AcDbDimension
 62
2
  6
CONTINUOUS
  2
*D11
 10
250.976262921
 20
274.2955102781
 11
239.976220921
 21
274.2955102781
 70
160
 71
3
 72
2
 41
0.9
 42
5.0
  3
DIMSTYLE_9
100
AcDbAlignedDimension
 13
260.976262921
 23
250.1557282733
 14
250.976262921
 24
258.2847633284
 50
180.0
100
AcDbRotatedDimension
  0
DIMENSION
  5
3BA
100
AcDbEntity
  8
ZEICHNUNGSBEMASSUNGEN
100
AcDbDimension
 62
2
  6
CONTINUOUS
  2
*D12
 10
180.4246835871
 20
84.0985256209
 11
220.700473254
 21
84.0985256209
 70
160
 71
2
 72
2
 41
0.9
 42
40.275789667
  3
DIMSTYLE_10
100
AcDbAlignedDimension
 13
260.976262921
 23
115.7875538072
 14
180.4246835871
 24
120.9747341397
 50
180.0
100
AcDbRotatedDimension
  0
ACAD_TABLE
  5
3BB
100
AcDbEntity
  8
0
 62
2
  6
CONTINUOUS
100
AcDbBlockReference
  2
*T1
 10
271.4
 20
56.0
 30
0.0
100
AcDbTable
342
       C6C
343
225
 11
1.0
 21
0.0
 31
0.0
 90
22
 91
11
 92
6
 93
0
 94
0
 95
0
 96
0
141
3.0
141
5.0
141
6.0
141
6.0
141
6.0
141
3.0
141
3.0
141
3.0
141
3.0
141
3.0
141
5.0
142
23.1
142
23.1
142
23.1
142
23.1
142
23.1
142
23.1
171
1
172
0
173
0
174
0
175
1
176
1
 91
41
178
0
145
0.0
301
CELL_VALUE
 90
4
  1
\Q15.0;Sheet Number
304
ACVALUE_END
170
4
140
1.5
 64
5
171
1
172
0
173
0
174
0
175
1
176
1
 91
41
178
0
145
0.0
301
CELL_VALUE
 90
4
  1
\Q15.0;Projection
304
ACVALUE_END
170
4
140
1.5
 64
5
171
1
172
0
173
0
174
0
175
1
176
1
 91
41
178
0
145
0.0
301
CELL_VALUE
 90
4
  1
\Q15.0;Scale
304
ACVALUE_END
170
4
140
1.5
 64
5
171
1
172
0
173
0
174
0
175
1
176
1
 91
41
178
0
145
0.0
301
CELL_VALUE
 90
4
  1
\Q15.0;Format
304
ACVALUE_END
170
4
140
1.5
 64
5
171
1
172
0
173
0
174
0
175
2
176
1
 91
41
178
0
145
0.0
301
CELL_VALUE
 90
4
  1
\Q15.0;Tolerancing
304
ACVALUE_END
170
4
140
1.5
 64
5
171
1
172
0
173
1
174
0
175
1
176
1
 91
1
178
0
145
0.0
170
1
171
1
172
0
173
0
174
0
175
1
176
1
 91
41
178
0
145
0.0
301
CELL_VALUE
 90
4
  1
\Q15.0;1/1
304
ACVALUE_END
170
4
140
2.0
 64
5
171
1
172
0
173
0
174
0
175
1
176
1
 91
33
178
0
145
0.0
301
CELL_VALUE
 90
4
  1
 
304
ACVALUE_END
170
1
140
3.0
171
1
172
0
173
0
174
0
175
1
176
1
 91
41
178
0
145
0.0
301
CELL_VALUE
 90
4
  1
\Q15.0;2:1
304
ACVALUE_END
170
4
140
2.0
 64
5
171
1
172
0
173
0
174
0
175
1
176
1
 91
41
178
0
145
0.0
301
CELL_VALUE
 90
4
  1
\Q15.0;A3
304
ACVALUE_END
170
4
140
2.0
 64
5
171
1
172
0
173
0
174
0
175
2
176
1
 91
41
178
0
145
0.0
301
CELL_VALUE
 90
4
  1
\Q15.0;ISO 2768-mK
304
ACVALUE_END
170
4
140
2.0
 64
5
171
1
172
0
173
1
174
0
175
1
176
1
 91
1
178
0
145
0.0
170
1
171
1
172
0
173
0
174
0
175
1
176
1
 91
41
178
0
145
0.0
301
CELL_VALUE
 90
4
  1
\Q15.0;   44.92 g
304
ACVALUE_END
170
4
140
2.0
 64
5
171
1
172
0
173
0
174
0
175
1
176
1
 91
41
178
0
145
0.0
301
CELL_VALUE
 90
4
  1
\Q15.0;   109.61 cm²
304
ACVALUE_END
170
4
140
2.0
 64
5
171
1
172
0
173
0
174
0
175
1
176
1
 91
41
178
0
145
0.0
301
CELL_VALUE
 90
4
  1
\Q15.0;   9.72 cm³
304
ACVALUE_END
170
4
140
2.0
 64
5
171
1
172
0
173
0
174
0
175
1
176
1
 91
41
178
0
145
0.0
301
CELL_VALUE
 90
4
  1
\Q15.0;Created
304
ACVALUE_END
170
4
140
1.5
 64
5
171
1
172
0
173
0
174
0
175
1
176
1
 91
41
178
0
145
0.0
301
CELL_VALUE
 90
4
  1
\Q15.0;14.05.2008
304
ACVALUE_END
170
4
140
2.0
 64
5
171
1
172
0
173
0
174
0
175
1
176
1
 91
41
178
0
145
0.0
301
CELL_VALUE
 90
4
  1
\Q15.0;kma
304
ACVALUE_END
170
4
140
2.0
 64
5
171
1
172
0
173
0
174
0
175
1
176
1
 91
41
178
0
145
0.0
301
CELL_VALUE
 90
4
  1
\Q15.0;Material
304
ACVALUE_END
170
4
140
1.5
 64
5
171
1
172
0
173
0
174
0
175
2
176
1
 91
41
178
0
145
0.0
301
CELL_VALUE
 90
4
  1
\Q15.0;-
304
ACVALUE_END
170
4
140
2.0
 64
5
171
1
172
0
173
1
174
0
175
1
176
1
 91
1
178
0
145
0.0
170
1
171
1
172
0
173
0
174
0
175
1
176
1
 91
41
178
0
145
0.0
301
CELL_VALUE
 90
4
  1
\Q15.0;Modified
304
ACVALUE_END
170
4
140
1.5
 64
5
171
1
172
0
173
0
174
0
175
1
176
1
 91
41
178
0
145
0.0
301
CELL_VALUE
 90
4
  1
\Q15.0;26.05.2021
304
ACVALUE_END
170
4
140
2.0
 64
5
171
1
172
0
173
0
174
0
175
1
176
1
 91
41
178
0
145
0.0
301
CELL_VALUE
 90
4
  1
\Q15.0;mmu
304
ACVALUE_END
170
4
140
2.0
 64
5
171
1
172
0
173
0
174
0
175
1
176
1
 91
41
178
0
145
0.0
301
CELL_VALUE
 90
4
  1
\Q15.0;Material addition
304
ACVALUE_END
170
4
140
1.5
 64
5
171
1
172
0
173
0
174
0
175
1
176
1
 91
41
178
0
145
0.0
301
CELL_VALUE
 90
4
  1
\Q15.0;-
304
ACVALUE_END
170
4
140
2.0
 64
5
171
1
172
0
173
0
174
0
175
1
176
1
 91
41
178
0
145
0.0
301
CELL_VALUE
 90
4
  1
 
304
ACVALUE_END
170
4
140
3.0
 64
5
171
1
172
0
173
0
174
0
175
1
176
1
 91
41
178
0
145
0.0
301
CELL_VALUE
 90
4
  1
\Q15.0;Approved
304
ACVALUE_END
170
4
140
1.5
 64
5
171
1
172
0
173
0
174
0
175
1
176
1
 91
41
178
0
145
0.0
301
CELL_VALUE
 90
4
  1
\Q15.0;28.05.2021
304
ACVALUE_END
170
4
140
2.0
 64
5
171
1
172
0
173
0
174
0
175
1
176
1
 91
41
178
0
145
0.0
301
CELL_VALUE
 90
4
  1
\Q15.0;tho
304
ACVALUE_END
170
4
140
2.0
 64
5
171
1
172
0
173
0
174
0
175
3
176
1
 91
41
178
0
145
0.0
301
CELL_VALUE
 90
4
  1
\Q15.0;Description
304
ACVALUE_END
170
4
140
1.5
 64
5
171
1
172
0
173
1
174
0
175
1
176
1
 91
1
178
0
145
0.0
170
1
171
1
172
0
173
1
174
0
175
1
176
1
 91
1
178
0
145
0.0
170
1
171
1
172
0
173
0
174
0
175
1
176
2
 91
41
178
0
145
0.0
301
CELL_VALUE
 90
4
  1
\Q15.0;ECN Number
304
ACVALUE_END
170
4
140
1.5
 64
5
171
1
172
0
173
0
174
0
175
2
176
2
 91
41
178
0
145
0.0
301
CELL_VALUE
 90
4
  1
\Q15.0;-
304
ACVALUE_END
170
4
140
2.0
 64
5
171
1
172
0
173
1
174
0
175
1
176
1
 91
1
178
0
145
0.0
170
1
171
1
172
0
173
0
174
0
175
3
176
3
 91
41
178
0
145
0.0
301
CELL_VALUE
 90
4
  1
\Q15.0;NAHDMI-W
304
ACVALUE_END
170
1
140
2.5
 64
5
171
1
172
0
173
1
174
0
175
1
176
1
 91
1
178
0
145
0.0
170
1
171
1
172
0
173
1
174
0
175
1
176
1
 91
1
178
0
145
0.0
170
1
171
1
172
0
173
1
174
0
175
1
176
1
 91
1
178
0
145
0.0
170
1
171
1
172
0
173
1
174
0
175
1
176
1
 91
1
178
0
145
0.0
170
1
171
1
172
0
173
1
174
0
175
1
176
1
 91
1
178
0
145
0.0
170
1
171
1
172
0
173
1
174
0
175
1
176
1
 91
1
178
0
145
0.0
170
1
171
1
172
0
173
1
174
0
175
1
176
1
 91
1
178
0
145
0.0
170
1
171
1
172
0
173
1
174
0
175
1
176
1
 91
1
178
0
145
0.0
170
1
171
1
172
0
173
0
174
0
175
1
176
2
 91
41
178
0
145
0.0
301
CELL_VALUE
 90
4
  1
\Q15.0;Status
304
ACVALUE_END
170
4
140
1.5
 64
5
171
1
172
0
173
0
174
0
175
2
176
2
 91
41
178
0
145
0.0
301
CELL_VALUE
 90
4
  1
\Q15.0;Released
304
ACVALUE_END
170
4
140
2.0
 64
5
171
1
172
0
173
1
174
0
175
1
176
1
 91
1
178
0
145
0.0
170
1
171
1
172
0
173
1
174
0
175
1
176
1
 91
1
178
0
145
0.0
170
1
171
1
172
0
173
1
174
0
175
1
176
1
 91
1
178
0
145
0.0
170
1
171
1
172
0
173
1
174
0
175
1
176
1
 91
1
178
0
145
0.0
170
1
171
1
172
0
173
1
174
0
175
1
176
1
 91
1
178
0
145
0.0
170
1
171
1
172
0
173
1
174
0
175
1
176
1
 91
1
178
0
145
0.0
170
1
171
1
172
0
173
1
174
0
175
1
176
1
 91
1
178
0
145
0.0
170
1
171
1
172
0
173
0
174
0
175
2
176
2
 91
33
178
0
145
0.0
301
CELL_VALUE
 90
4
  1
 
304
ACVALUE_END
170
1
140
3.0
171
1
172
0
173
1
174
0
175
1
176
1
 91
1
178
0
145
0.0
170
1
171
1
172
0
173
0
174
0
175
1
176
1
 91
41
178
0
145
0.0
301
CELL_VALUE
 90
4
  1
\Q15.0;3D Model ID
304
ACVALUE_END
170
4
140
1.5
 64
5
171
1
172
0
173
0
174
0
175
2
176
1
 91
41
178
0
145
0.0
301
CELL_VALUE
 90
4
  1
\Q15.0;Document ID
304
ACVALUE_END
170
4
140
1.5
 64
5
171
1
172
0
173
1
174
0
175
1
176
1
 91
1
178
0
145
0.0
170
1
171
1
172
0
173
0
174
0
175
1
176
1
 91
41
178
0
145
0.0
301
CELL_VALUE
 90
4
  1
\Q15.0;Revision
304
ACVALUE_END
170
4
140
1.5
 64
5
171
1
172
0
173
1
174
0
175
1
176
1
 91
1
178
0
145
0.0
170
1
171
1
172
0
173
1
174
0
175
1
176
1
 91
1
178
0
145
0.0
170
1
171
1
172
0
173
0
174
0
175
1
176
1
 91
41
178
0
145
0.0
301
CELL_VALUE
 90
4
  1
\Q15.0;30008894
304
ACVALUE_END
170
4
140
2.0
 64
5
171
1
172
0
173
0
174
0
175
2
176
1
 91
41
178
0
145
0.0
301
CELL_VALUE
 90
4
  1
\Q15.0;20003491
304
ACVALUE_END
170
4
140
3.0
 64
5
171
1
172
0
173
1
174
0
175
1
176
1
 91
1
178
0
145
0.0
170
1
171
1
172
0
173
0
174
0
175
1
176
1
 91
41
178
0
145
0.0
301
CELL_VALUE
 90
4
  1
\Q15.0;B
304
ACVALUE_END
170
4
140
3.0
 64
5
  0
MTEXT
  5
3BC
100
AcDbEntity
  8
0
100
AcDbMText
 62
5
  6
CONTINUOUS
  7
STANDARD
 71
1
 72
1
 10
34.0246786195
 20
121.1224567976
 30
0.0
 11
1.0
 21
0.0
 31
0.0
 73
2
 44
0.9
  1
\Q15.0;Frontplattenausschnitt (Rückseite)\P\H3.5;Panel cut out (rear side)
 40
5.0
 41
166.3214285714
  0
LINE
  5
3BD
100
AcDbEntity
  8
0
100
AcDbLine
 62
7
  6
CONTINUOUS
 10
0.0
 20
297.0
 11
0.0
 21
0.0
  0
LINE
  5
3BE
100
AcDbEntity
  8
0
100
AcDbLine
 62
7
  6
CONTINUOUS
 10
12.5
 20
287.0
 11
12.5
 21
10.0
  0
LINE
  5
3BF
100
AcDbEntity
  8
0
100
AcDbLine
 62
7
  6
CONTINUOUS
 10
23.0
 20
0.0
 11
23.0
 21
8.0
  0
LINE
  5
3C0
100
AcDbEntity
  8
DEFAULT_1
100
AcDbLine
 62
7
  6
CENTER
 10
64.9397440174
 20
34.5401199526
 11
64.9397440174
 21
23.4863642326
  0
LINE
  5
3C1
100
AcDbEntity
  8
0
100
AcDbLine
 62
7
  6
CONTINUOUS
 10
0.0
 20
0.0
 11
420.0
 21
0.0
  0
LINE
  5
3C2
100
AcDbEntity
  8
0
100
AcDbLine
 62
7
  6
CONTINUOUS
 10
12.5
 20
10.0
 11
410.0
 21
10.0
  0
LINE
  5
3C3
100
AcDbEntity
  8
DEFAULT_1
100
AcDbLine
 62
7
  6
CENTER
 10
83.9395859595
 20
79.1043431724
 11
83.9395859595
 21
26.9216451451
  0
LINE
  5
3C4
100
AcDbEntity
  8
DEFAULT_1
100
AcDbLine
 62
7
  6
CENTER
 10
70.4666218774
 20
29.0132420926
 11
59.4128661574
 21
29.0132420926
  0
LINE
  5
3C5
100
AcDbEntity
  8
DEFAULT_1
100
AcDbLine
 62
7
  6
CENTER
 10
102.9402502157
 20
82.5406974319
 11
102.9402502157
 21
71.486941712
  0
LINE
  5
3C6
100
AcDbEntity
  8
DEFAULT_1
100
AcDbLine
 62
7
  6
CENTER
 10
57.882772943
 20
53.0129941587
 11
110.0655167446
 21
53.0129941587
  0
LINE
  5
3C7
100
AcDbEntity
  8
DEFAULT_1
100
AcDbLine
 62
7
  6
CENTER
 10
108.4671280757
 20
77.013819572
 11
97.4133723557
 21
77.013819572
  0
LINE
  5
3C8
100
AcDbEntity
  8
0
100
AcDbLine
 62
7
  6
CONTINUOUS
 10
230.0
 20
0.0
 11
230.0
 21
8.0
  0
LINE
  5
3C9
100
AcDbEntity
  8
0
100
AcDbLine
 62
7
  6
CONTINUOUS
 10
410.0
 20
287.0
 11
12.5
 21
287.0
  0
LINE
  5
3CA
100
AcDbEntity
  8
0
100
AcDbLine
 62
7
  6
CONTINUOUS
 10
0.0
 20
297.0
 11
420.0
 21
297.0
  0
LINE
  5
3CB
100
AcDbEntity
  8
0
100
AcDbLine
 62
7
  6
CONTINUOUS
 10
410.0
 20
10.0
 11
410.0
 21
287.0
  0
LINE
  5
3CC
100
AcDbEntity
  8
0
100
AcDbLine
 62
7
  6
CONTINUOUS
 10
420.0
 20
0.0
 11
420.0
 21
297.0
  0
LINE
  5
3CD
100
AcDbEntity
  8
RUNDUNGEN
100
AcDbLine
 62
7
  6
CONTINUOUS
 10
321.8150465859
 20
125.0232723649
 11
321.8150465859
 21
111.3040272571
  0
LINE
  5
3CE
100
AcDbEntity
  8
RUNDUNGEN
100
AcDbLine
 62
7
  6
CONTINUOUS
 10
321.8150465859
 20
87.8991027702
 11
321.8150465859
 21
79.9180265596
  0
LINE
  5
3CF
100
AcDbEntity
  8
BEZUGSACHSEN
100
AcDbLine
 62
7
  6
CONTINUOUS
 10
326.9136985768
 20
130.9210586153
 11
324.7923782332
 21
130.1955243274
  0
LINE
  5
3D0
100
AcDbEntity
  8
RUNDUNGEN
100
AcDbLine
 62
9
  6
CONTINUOUS
 10
324.7924550361
 20
130.1955505944
 11
324.7923782332
 21
130.1955243274
  0
LINE
  5
3D1
100
AcDbEntity
  8
RUNDUNGEN
100
AcDbLine
 62
9
  6
CONTINUOUS
 10
327.057687273
 20
130.1500521345
 11
329.1790076166
 21
130.8755864225
  0
LINE
  5
3D2
100
AcDbEntity
  8
RUNDUNGEN
100
AcDbLine
 62
9
  6
CONTINUOUS
 10
322.1079398047
 20
124.7814276023
 11
322.1079398047
 21
111.8331845945
  0
LINE
  5
3D3
100
AcDbEntity
  8
RUNDUNGEN
100
AcDbLine
 62
9
  6
CONTINUOUS
 10
322.1079398047
 20
87.1868227854
 11
322.1079398047
 21
79.6761818045
  0
LINE
  5
3D4
100
AcDbEntity
  8
RUNDUNGEN
100
AcDbLine
 62
9
  6
CONTINUOUS
 10
324.7599648791
 20
94.8101108945
 11
324.7599648791
 21
99.7836059648
  0
LINE
  5
3D5
100
AcDbEntity
  8
RUNDUNGEN
100
AcDbLine
 62
9
  6
CONTINUOUS
 10
325.8090918036
 20
94.7305618523
 11
325.8090918036
 21
99.7040569226
  0
LINE
  5
3D6
100
AcDbEntity
  8
0
100
AcDbLine
 62
7
  6
CONTINUOUS
 10
327.9062154104
 20
99.9651176729
 11
327.9062154104
 21
94.9916226026
  0
LINE
  5
3D7
100
AcDbEntity
  8
0
100
AcDbLine
 62
7
  6
CONTINUOUS
 10
328.1890581229
 20
95.0883605077
 11
328.1890581229
 21
100.061855578
  0
LINE
  5
3D8
100
AcDbEntity
  8
RUNDUNGEN
100
AcDbLine
 62
7
  6
CONTINUOUS
 10
328.6840328697
 20
100.2274079595
 11
328.6840328697
 21
95.5534028427
  0
LINE
  5
3D9
100
AcDbEntity
  8
RUNDUNGEN
100
AcDbLine
 62
7
  6
CONTINUOUS
 10
326.7340716959
 20
71.8826136182
 11
353.6041293854
 21
62.6925126361
  0
LINE
  5
3DA
100
AcDbEntity
  8
RUNDUNGEN
100
AcDbLine
 62
9
  6
CONTINUOUS
 10
326.3505804918
 20
72.5869575039
 11
353.2206381769
 21
63.3968565233
  0
LINE
  5
3DB
100
AcDbEntity
  8
0
100
AcDbLine
 62
7
  6
CONTINUOUS
 10
329.3911396509
 20
95.31155808
 11
329.3911396509
 21
100.3851026644
  0
LINE
  5
3DC
100
AcDbEntity
  8
RUNDUNGEN
100
AcDbLine
 62
9
  6
CONTINUOUS
 10
326.6436914037
 20
101.4547369788
 11
327.866105694
 21
102.9726482254
  0
LINE
  5
3DD
100
AcDbEntity
  8
RUNDUNGEN
100
AcDbLine
 62
9
  6
CONTINUOUS
 10
327.5428864165
 20
100.8790371273
 11
328.7653007068
 21
102.3969483739
  0
LINE
  5
3DE
100
AcDbEntity
  8
BEZUGSACHSEN
100
AcDbLine
 62
7
  6
CONTINUOUS
 10
332.0068603582
 20
118.4643687855
 11
328.6127478085
 21
117.3035139248
  0
LINE
  5
3DF
100
AcDbEntity
  8
0
100
AcDbLine
 62
7
  6
CONTINUOUS
 10
366.5664192701
 20
129.6503110612
 11
367.2735260513
 21
129.8921558238
  0
LINE
  5
3E0
100
AcDbEntity
  8
AUSFORMSCHRAEGEN
100
AcDbLine
 62
7
  6
CONTINUOUS
 10
356.5854385016
 20
126.3143673345
 11
349.2735845585
 21
124.0028363367
  0
LINE
  5
3E1
100
AcDbEntity
  8
RUNDUNGEN
100
AcDbLine
 62
9
  6
CONTINUOUS
 10
332.0267215233
 20
81.1606878301
 11
332.0268080344
 21
81.160616195
  0
LINE
  5
3E2
100
AcDbEntity
  8
0
100
AcDbLine
 62
9
  6
CONTINUOUS
 10
333.7044875758
 20
115.3228702091
 11
333.7044875758
 21
115.7029946631
  0
LINE
  5
3E3
100
AcDbEntity
  8
0
100
AcDbLine
 62
7
  6
CONTINUOUS
 10
335.0479939004
 20
98.835405408
 11
335.0479939004
 21
99.9630365529
  0
LINE
  5
3E4
100
AcDbEntity
  8
0
100
AcDbLine
 62
9
  6
CONTINUOUS
 10
335.7032473436
 20
94.0059493272
 11
335.7032473436
 21
93.7648317647
  0
LINE
  5
3E5
100
AcDbEntity
  8
0
100
AcDbLine
 62
7
  6
CONTINUOUS
 10
337.8289888416
 20
114.0724680949
 11
337.8349731359
 21
114.1326232856
  0
LINE
  5
3E6
100
AcDbEntity
  8
0
100
AcDbLine
 62
7
  6
CONTINUOUS
 10
330.6901634733
 20
102.1215267494
 11
329.4839811979
 21
100.6237713191
  0
LINE
  5
3E7
100
AcDbEntity
  8
0
100
AcDbLine
 62
7
  6
CONTINUOUS
 10
329.7668239104
 20
100.7205092242
 11
330.85084327
 21
102.0665710223
  0
LINE
  5
3E8
100
AcDbEntity
  8
0
100
AcDbLine
 62
7
  6
CONTINUOUS
 10
330.9780239186
 20
100.8675463816
 11
331.7076368948
 21
101.7735303439
  0
LINE
  5
3E9
100
AcDbEntity
  8
0
100
AcDbLine
 62
9
  6
CONTINUOUS
 10
329.4352695904
 20
114.8898096595
 11
329.4379675301
 21
114.8907328715
  0
LINE
  5
3EA
100
AcDbEntity
  8
BEZUGSACHSEN
100
AcDbLine
 62
7
  6
CONTINUOUS
 10
375.7261146812
 20
131.6133546909
 11
373.5468207589
 21
130.8679922713
  0
LINE
  5
3EB
100
AcDbEntity
  8
BEZUGSACHSEN
100
AcDbLine
 62
7
  6
CONTINUOUS
 10
363.0234319663
 20
126.3247946469
 11
366.9308077118
 21
127.6611958594
  0
LINE
  5
3EC
100
AcDbEntity
  8
RUNDUNGEN
100
AcDbLine
 62
9
  6
CONTINUOUS
 10
364.0240327869
 20
126.0134362103
 11
370.3114090782
 21
128.1638455506
  0
LINE
  5
3ED
100
AcDbEntity
  8
RUNDUNGEN
100
AcDbLine
 62
9
  6
CONTINUOUS
 10
353.9277449581
 20
120.9599511539
 11
356.0490653017
 21
121.6854854419
  0
LINE
  5
3EE
100
AcDbEntity
  8
0
100
AcDbLine
 62
9
  6
CONTINUOUS
 10
333.7044875758
 20
115.7029946631
 11
334.2676748635
 21
115.8942759812
  0
LINE
  5
3EF
100
AcDbEntity
  8
0
100
AcDbLine
 62
9
  6
CONTINUOUS
 10
337.5804519803
 20
93.4097459414
 11
337.5804519803
 21
93.1227900486
  0
LINE
  5
3F0
100
AcDbEntity
  8
0
100
AcDbLine
 62
7
  6
CONTINUOUS
 10
352.0705921963
 20
117.9725252757
 11
351.7389357472
 21
117.8210150027
  0
LINE
  5
3F1
100
AcDbEntity
  8
0
100
AcDbLine
 62
7
  6
CONTINUOUS
 10
352.2440489946
 20
116.9419730164
 11
352.2859368912
 21
116.9609163668
  0
LINE
  5
3F2
100
AcDbEntity
  8
0
100
AcDbLine
 62
7
  6
CONTINUOUS
 10
352.1022631752
 20
116.8936311439
 11
352.1445155349
 21
116.9125474142
  0
LINE
  5
3F3
100
AcDbEntity
  8
AUSFORMSCHRAEGEN
100
AcDbLine
 62
7
  6
CONTINUOUS
 10
337.8220305846
 20
114.094722787
 11
330.9201517886
 21
111.643752512
  0
LINE
  5
3F4
100
AcDbEntity
  8
RUNDUNGEN
100
AcDbLine
 62
9
  6
CONTINUOUS
 10
332.4153140638
 20
112.0125434928
 11
337.8665548671
 21
113.9483419409
  0
LINE
  5
3F5
100
AcDbEntity
  8
RUNDUNGEN
100
AcDbLine
 62
7
  6
CONTINUOUS
 10
376.6558104477
 20
125.9149380346
 11
368.9035220976
 21
123.2634992621
  0
LINE
  5
3F6
100
AcDbEntity
  8
RUNDUNGEN
100
AcDbLine
 62
9
  6
CONTINUOUS
 10
377.1420605845
 20
125.8276251434
 11
369.2931753133
 21
123.143148278
  0
LINE
  5
3F7
100
AcDbEntity
  8
0
100
AcDbLine
 62
9
  6
CONTINUOUS
 10
351.5361494245
 20
116.9594663167
 11
351.3947280683
 21
116.9110973641
  0
LINE
  5
3F8
100
AcDbEntity
  8
0
100
AcDbLine
 62
9
  6
CONTINUOUS
 10
352.2859368912
 20
116.9609163668
 11
352.2434716001
 21
116.9463923818
  0
LINE
  5
3F9
100
AcDbEntity
  8
0
100
AcDbLine
 62
9
  6
CONTINUOUS
 10
342.5480409854
 20
96.270238229
 11
342.5480409854
 21
96.2093112554
  0
LINE
  5
3FA
100
AcDbEntity
  8
0
100
AcDbLine
 62
9
  6
CONTINUOUS
 10
343.3400005804
 20
91.3940258906
 11
343.3400005804
 21
91.1529083281
  0
LINE
  5
3FB
100
AcDbEntity
  8
RUNDUNGEN
100
AcDbLine
 62
9
  6
CONTINUOUS
 10
326.7588510343
 20
93.1435652824
 11
328.1890581229
 21
94.5190076492
  0
LINE
  5
3FC
100
AcDbEntity
  8
RUNDUNGEN
100
AcDbLine
 62
7
  6
CONTINUOUS
 10
342.8015060933
 20
110.1073518847
 11
340.3536431476
 21
109.2500407384
  0
LINE
  5
3FD
100
AcDbEntity
  8
RUNDUNGEN
100
AcDbLine
 62
9
  6
CONTINUOUS
 10
340.9210237456
 20
109.1034194483
 11
343.0525263992
 21
109.849845143
  0
LINE
  5
3FE
100
AcDbEntity
  8
0
100
AcDbLine
 62
9
  6
CONTINUOUS
 10
354.9168898165
 20
117.0070148016
 11
354.7754684603
 21
116.9586458491
  0
LINE
  5
3FF
100
AcDbEntity
  8
0
100
AcDbLine
 62
9
  6
CONTINUOUS
 10
352.6105846981
 20
115.7676211022
 11
352.4691633418
 21
115.7192521496
  0
LINE
  5
400
100
AcDbEntity
  8
0
100
AcDbLine
 62
9
  6
CONTINUOUS
 10
355.8195881155
 20
115.5990252534
 11
355.6781667593
 21
115.5506563008
  0
LINE
  5
401
100
AcDbEntity
  8
0
100
AcDbLine
 62
9
  6
CONTINUOUS
 10
351.7649923582
 20
113.2128798626
 11
351.6235710019
 21
113.16451091
  0
LINE
  5
402
100
AcDbEntity
  8
0
100
AcDbLine
 62
9
  6
CONTINUOUS
 10
345.2172052171
 20
90.7978225048
 11
345.2172052171
 21
90.510866612
  0
LINE
  5
403
100
AcDbEntity
  8
RUNDUNGEN
100
AcDbLine
 62
7
  6
CONTINUOUS
 10
346.881607334
 20
92.3592280238
 11
346.881607334
 21
87.3857329534
  0
LINE
  5
404
100
AcDbEntity
  8
RUNDUNGEN
100
AcDbLine
 62
9
  6
CONTINUOUS
 10
347.1745005528
 20
92.1173832611
 11
347.1745005528
 21
87.1438881908
  0
LINE
  5
405
100
AcDbEntity
  8
0
100
AcDbLine
 62
9
  6
CONTINUOUS
 10
354.7511270385
 20
113.3931689526
 11
354.6097056822
 21
113.3448000001
  0
LINE
  5
406
100
AcDbEntity
  8
RUNDUNGEN
100
AcDbLine
 62
9
  6
CONTINUOUS
 10
358.8774924264
 20
112.6891894699
 11
360.99881277
 21
113.4147237578
  0
LINE
  5
407
100
AcDbEntity
  8
0
100
AcDbLine
 62
9
  6
CONTINUOUS
 10
353.8562296448
 20
110.8256670474
 11
353.7148082885
 21
110.7772980949
  0
LINE
  5
408
100
AcDbEntity
  8
0
100
AcDbLine
 62
9
  6
CONTINUOUS
 10
355.952165997
 20
111.518353527
 11
355.8107446407
 21
111.4699845745
  0
LINE
  5
409
100
AcDbEntity
  8
0
100
AcDbLine
 62
7
  6
CONTINUOUS
 10
385.7256036542
 20
120.6422904037
 11
386.3991041534
 21
120.8358490093
  0
LINE
  5
40A
100
AcDbEntity
  8
0
100
AcDbLine
 62
7
  6
CONTINUOUS
 10
386.5035061789
 20
120.3762320707
 11
387.1041793281
 21
120.5488606839
  0
LINE
  5
40B
100
AcDbEntity
  8
RUNDUNGEN
100
AcDbLine
 62
9
  6
CONTINUOUS
 10
345.5838849401
 20
85.5741002493
 11
326.3505804918
 21
92.1522777933
  0
LINE
  5
40C
100
AcDbEntity
  8
RUNDUNGEN
100
AcDbLine
 62
9
  6
CONTINUOUS
 10
345.9921554826
 20
86.5653877384
 11
326.7588510343
 21
93.1435652824
  0
LINE
  5
40D
100
AcDbEntity
  8
RUNDUNGEN
100
AcDbLine
 62
7
  6
CONTINUOUS
 10
343.8879854536
 20
97.2121515576
 11
345.1103997439
 21
94.8580596895
  0
LINE
  5
40E
100
AcDbEntity
  8
RUNDUNGEN
100
AcDbLine
 62
9
  6
CONTINUOUS
 10
344.0683597379
 20
97.4311509751
 11
345.2907740282
 21
95.0770591069
  0
LINE
  5
40F
100
AcDbEntity
  8
0
100
AcDbLine
 62
7
  6
CONTINUOUS
 10
387.6375539374
 20
119.9883648938
 11
388.1422862364
 21
120.1938072104
  0
LINE
  5
410
100
AcDbEntity
  8
0
100
AcDbLine
 62
7
  6
CONTINUOUS
 10
388.4154564621
 20
119.7223065608
 11
388.9813839649
 21
119.9526572981
  0
LINE
  5
411
100
AcDbEntity
  8
0
100
AcDbLine
 62
9
  6
CONTINUOUS
 10
329.4839811979
 20
100.6237713191
 11
329.7668239104
 21
100.7205092242
  0
LINE
  5
412
100
AcDbEntity
  8
0
100
AcDbLine
 62
9
  6
CONTINUOUS
 10
327.9062154104
 20
99.9651176729
 11
328.1890581229
 21
100.061855578
  0
LINE
  5
413
100
AcDbEntity
  8
0
100
AcDbLine
 62
7
  6
CONTINUOUS
 10
329.2870926951
 20
100.37532474
 11
329.0042499826
 21
100.278586835
  0
LINE
  5
414
100
AcDbEntity
  8
0
100
AcDbLine
 62
9
  6
CONTINUOUS
 10
329.7461369355
 20
100.5065188865
 11
329.3911396509
 21
100.3851026644
  0
LINE
  5
415
100
AcDbEntity
  8
0
100
AcDbLine
 62
9
  6
CONTINUOUS
 10
332.6672903545
 20
101.4453095301
 11
330.9780239186
 21
100.8675463816
  0
LINE
  5
416
100
AcDbEntity
  8
0
100
AcDbLine
 62
7
  6
CONTINUOUS
 10
330.4982927033
 20
100.5223618974
 11
332.9320507037
 21
101.3547561575
  0
LINE
  5
417
100
AcDbEntity
  8
0
100
AcDbLine
 62
7
  6
CONTINUOUS
 10
336.0245802539
 20
100.2970487575
 11
335.0479939004
 21
99.9630365529
  0
LINE
  5
418
100
AcDbEntity
  8
0
100
AcDbLine
 62
7
  6
CONTINUOUS
 10
393.362356891
 20
118.0303669671
 11
394.0358573903
 21
118.2239255727
  0
LINE
  5
419
100
AcDbEntity
  8
0
100
AcDbLine
 62
7
  6
CONTINUOUS
 10
394.1402594157
 20
117.7643086341
 11
394.7409325649
 21
117.9369372473
  0
LINE
  5
41A
100
AcDbEntity
  8
0
100
AcDbLine
 62
7
  6
CONTINUOUS
 10
328.1890581229
 20
94.5190076492
 11
346.881607334
 21
88.1257792889
  0
LINE
  5
41B
100
AcDbEntity
  8
0
100
AcDbLine
 62
7
  6
CONTINUOUS
 10
346.881607334
 20
88.3192550991
 11
328.4719008354
 21
94.6157455543
  0
LINE
  5
41C
100
AcDbEntity
  8
0
100
AcDbLine
 62
7
  6
CONTINUOUS
 10
346.881607334
 20
89.1415272921
 11
329.5325610072
 21
95.0752506033
  0
LINE
  5
41D
100
AcDbEntity
  8
RUNDUNGEN
100
AcDbLine
 62
7
  6
CONTINUOUS
 10
345.6062306242
 20
94.3131206598
 11
346.0922058306
 21
94.0094465581
  0
LINE
  5
41E
100
AcDbEntity
  8
0
100
AcDbLine
 62
7
  6
CONTINUOUS
 10
353.0077015073
 20
117.0877152884
 11
353.0077015073
 21
111.0191428575
  0
LINE
  5
41F
100
AcDbEntity
  8
0
100
AcDbLine
 62
7
  6
CONTINUOUS
 10
353.7148082885
 20
110.7772980949
 11
353.7148082885
 21
116.8458705257
  0
LINE
  5
420
100
AcDbEntity
  8
0
100
AcDbLine
 62
7
  6
CONTINUOUS
 10
353.8562296448
 20
110.8256670474
 11
353.8562296448
 21
116.7584697541
  0
LINE
  5
421
100
AcDbEntity
  8
0
100
AcDbLine
 62
7
  6
CONTINUOUS
 10
341.8514771965
 20
96.5084770759
 11
335.7032473436
 21
94.0059493272
  0
LINE
  5
422
100
AcDbEntity
  8
0
100
AcDbLine
 62
9
  6
CONTINUOUS
 10
327.9062154104
 20
94.9916226026
 11
328.1890581229
 21
95.0883605077
  0
LINE
  5
423
100
AcDbEntity
  8
0
100
AcDbLine
 62
9
  6
CONTINUOUS
 10
337.3710869372
 20
98.0408607946
 11
329.3911396509
 21
95.31155808
  0
LINE
  5
424
100
AcDbEntity
  8
0
100
AcDbLine
 62
9
  6
CONTINUOUS
 10
337.7872560353
 20
97.89852258
 11
329.5325610072
 21
95.0752506033
  0
LINE
  5
425
100
AcDbEntity
  8
0
100
AcDbLine
 62
9
  6
CONTINUOUS
 10
328.1890581229
 20
94.5190076492
 11
328.4719008354
 21
94.6157455543
  0
LINE
  5
426
100
AcDbEntity
  8
BEZUGSACHSEN
100
AcDbLine
 62
9
  6
CONTINUOUS
 10
388.8536115108
 20
113.9595847573
 11
396.9905479324
 21
116.7425809177
  0
LINE
  5
427
100
AcDbEntity
  8
RUNDUNGEN
100
AcDbLine
 62
9
  6
CONTINUOUS
 10
328.3827531597
 20
94.6655967572
 11
328.8534675315
 21
94.8211978164
  0
LINE
  5
428
100
AcDbEntity
  8
0
100
AcDbLine
 62
7
  6
CONTINUOUS
 10
344.7720891392
 20
95.5095689607
 11
335.0479939004
 21
98.835405408
  0
LINE
  5
429
100
AcDbEntity
  8
RUNDUNGEN
100
AcDbLine
 62
9
  6
CONTINUOUS
 10
345.4290469844
 20
94.9193215706
 11
345.9150221904
 21
94.6156474692
  0
LINE
  5
42A
100
AcDbEntity
  8
RUNDUNGEN
100
AcDbLine
 62
9
  6
CONTINUOUS
 10
357.463278864
 20
67.5839436721
 11
357.463278864
 21
112.6891894699
  0
LINE
  5
42B
100
AcDbEntity
  8
0
100
AcDbLine
 62
7
  6
CONTINUOUS
 10
336.5423450721
 20
93.7647994149
 11
342.6293797212
 21
96.2424187429
  0
LINE
  5
42C
100
AcDbEntity
  8
0
100
AcDbLine
 62
7
  6
CONTINUOUS
 10
395.2743071742
 20
117.3764414572
 11
395.7790394732
 21
117.5818837738
  0
LINE
  5
42D
100
AcDbEntity
  8
0
100
AcDbLine
 62
7
  6
CONTINUOUS
 10
396.0522096989
 20
117.1103831242
 11
396.6181372017
 21
117.3407338615
  0
LINE
  5
42E
100
AcDbEntity
  8
0
100
AcDbLine
 62
9
  6
CONTINUOUS
 10
402.7888235381
 20
116.2714325854
 11
399.1044106652
 21
115.0112891665
  0
LINE
  5
42F
100
AcDbEntity
  8
RUNDUNGEN
100
AcDbLine
 62
9
  6
CONTINUOUS
 10
326.5611284308
 20
100.6813512907
 11
328.1301754128
 21
100.2561604773
  0
LINE
  5
430
100
AcDbEntity
  8
RUNDUNGEN
100
AcDbLine
 62
9
  6
CONTINUOUS
 10
327.0471036368
 20
100.6525987729
 11
328.6161506188
 21
100.2274079595
  0
LINE
  5
431
100
AcDbEntity
  8
0
100
AcDbLine
 62
7
  6
CONTINUOUS
 10
335.0479939004
 20
99.9630365529
 11
344.060089492
 21
96.880718327
  0
LINE
  5
432
100
AcDbEntity
  8
RUNDUNGEN
100
AcDbLine
 62
7
  6
CONTINUOUS
 10
329.3597441052
 20
102.5765569723
 11
343.3417037362
 21
97.7944451354
  0
LINE
  5
433
100
AcDbEntity
  8
RUNDUNGEN
100
AcDbLine
 62
9
  6
CONTINUOUS
 10
328.9762529012
 20
103.280900858
 11
342.9582125308
 21
98.4987890215
  0
LINE
  5
434
100
AcDbEntity
  8
RUNDUNGEN
100
AcDbLine
 62
9
  6
CONTINUOUS
 10
358.8774924264
 20
67.5839436721
 11
358.8774924264
 21
112.6891894699
  0
LINE
  5
435
100
AcDbEntity
  8
BEZUGSACHSEN
100
AcDbLine
 62
7
  6
CONTINUOUS
 10
360.99881277
 20
113.4147237578
 11
360.99881277
 21
68.3094779601
  0
LINE
  5
436
100
AcDbEntity
  8
RUNDUNGEN
100
AcDbLine
 62
9
  6
CONTINUOUS
 10
345.9921554826
 20
86.5653877384
 11
346.881607334
 21
87.4207811772
  0
LINE
  5
437
100
AcDbEntity
  8
0
100
AcDbLine
 62
7
  6
CONTINUOUS
 10
346.8285967549
 20
92.8139969944
 11
343.3400005804
 21
91.3940258906
  0
LINE
  5
438
100
AcDbEntity
  8
0
100
AcDbLine
 62
7
  6
CONTINUOUS
 10
344.1790983089
 20
91.1528759783
 11
346.881607334
 21
92.2528842715
  0
LINE
  5
439
100
AcDbEntity
  8
0
100
AcDbLine
 62
9
  6
CONTINUOUS
 10
403.6373516755
 20
114.8535877253
 11
399.7405708578
 21
113.5208101915
  0
LINE
  5
43A
100
AcDbEntity
  8
BEZUGSACHSEN
100
AcDbLine
 62
9
  6
CONTINUOUS
 10
399.8189750571
 20
112.0164313839
 11
390.340650711
 21
108.7746535326
  0
LINE
  5
43B
100
AcDbEntity
  8
0
100
AcDbLine
 62
7
  6
CONTINUOUS
 10
344.7870019781
 20
95.480850225
 11
337.5804519803
 21
93.4097459414
  0
LINE
  5
43C
100
AcDbEntity
  8
0
100
AcDbLine
 62
7
  6
CONTINUOUS
 10
338.285527155
 20
93.122757616
 11
345.0082332721
 21
95.0548090749
  0
LINE
  5
43D
100
AcDbEntity
  8
0
100
AcDbLine
 62
7
  6
CONTINUOUS
 10
329.5618699375
 20
100.5248584252
 11
330.0655888955
 21
100.4747247962
  0
LINE
  5
43E
100
AcDbEntity
  8
RUNDUNGEN
100
AcDbLine
 62
9
  6
CONTINUOUS
 10
327.5428864165
 20
100.8790371273
 11
329.4839811979
 21
100.6237713191
  0
LINE
  5
43F
100
AcDbEntity
  8
RUNDUNGEN
100
AcDbLine
 62
7
  6
CONTINUOUS
 10
379.7239695086
 20
101.6893524175
 11
376.110631438
 21
100.3177265871
  0
LINE
  5
440
100
AcDbEntity
  8
RUNDUNGEN
100
AcDbLine
 62
7
  6
CONTINUOUS
 10
380.6160998949
 20
101.490663055
 11
377.8747596647
 21
100.5191795262
  0
LINE
  5
441
100
AcDbEntity
  8
0
100
AcDbLine
 62
9
  6
CONTINUOUS
 10
403.6373516755
 20
109.780043141
 11
399.9361323446
 21
108.5141515749
  0
LINE
  5
442
100
AcDbEntity
  8
RUNDUNGEN
100
AcDbLine
 62
7
  6
CONTINUOUS
 10
403.1771622306
 20
108.9348304781
 11
399.9361323446
 21
107.826332972
  0
LINE
  5
443
100
AcDbEntity
  8
0
100
AcDbLine
 62
9
  6
CONTINUOUS
 10
400.4975742217
 20
107.027301731
 11
399.9361323446
 21
106.8352772997
  0
LINE
  5
444
100
AcDbEntity
  8
RUNDUNGEN
100
AcDbLine
 62
7
  6
CONTINUOUS
 10
400.2359026497
 20
106.8390192851
 11
399.9361323446
 21
106.7364918023
  0
LINE
  5
445
100
AcDbEntity
  8
0
100
AcDbLine
 62
7
  6
CONTINUOUS
 10
346.881607334
 20
91.2761582348
 11
345.2172052171
 21
90.7978225048
  0
LINE
  5
446
100
AcDbEntity
  8
0
100
AcDbLine
 62
7
  6
CONTINUOUS
 10
345.9222803918
 20
90.5108341794
 11
346.881607334
 21
90.786536997
  0
LINE
  5
447
100
AcDbEntity
  8
RUNDUNGEN
100
AcDbLine
 62
9
  6
CONTINUOUS
 10
325.8090918036
 20
94.7305618523
 11
327.9062154104
 21
94.9916226026
  0
LINE
  5
448
100
AcDbEntity
  8
0
100
AcDbLine
 62
7
  6
CONTINUOUS
 10
328.6161506188
 20
100.2274079595
 11
328.1301754128
 21
100.2561604773
  0
LINE
  5
449
100
AcDbEntity
  8
RUNDUNGEN
100
AcDbLine
 62
9
  6
CONTINUOUS
 10
326.5611284308
 20
100.6813512907
 11
327.0471036368
 21
100.6525987729
  0
LINE
  5
44A
100
AcDbEntity
  8
RUNDUNGEN
100
AcDbLine
 62
9
  6
CONTINUOUS
 10
326.0194432416
 20
101.4203362328
 11
326.5054184475
 21
101.391583715
  0
LINE
  5
44B
100
AcDbEntity
  8
RUNDUNGEN
100
AcDbLine
 62
9
  6
CONTINUOUS
 10
328.7653007068
 20
102.3969483739
 11
330.5842777792
 21
102.1577417896
  0
LINE
  5
44C
100
AcDbEntity
  8
RUNDUNGEN
100
AcDbLine
 62
9
  6
CONTINUOUS
 10
375.9073525809
 20
94.7362034187
 11
376.110631438
 21
94.6666779548
  0
LINE
  5
44D
100
AcDbEntity
  8
RUNDUNGEN
100
AcDbLine
 62
7
  6
CONTINUOUS
 10
375.9832268447
 20
96.1081317829
 11
377.5671891606
 21
95.5663847646
  0
LINE
  5
44E
100
AcDbEntity
  8
0
100
AcDbLine
 62
7
  6
CONTINUOUS
 10
337.9846077337
 20
113.8490953483
 11
337.945160533
 21
113.8724746365
  0
LINE
  5
44F
100
AcDbEntity
  8
0
100
AcDbLine
 62
9
  6
CONTINUOUS
 10
390.9801402923
 20
102.5673873711
 11
390.2730335111
 21
102.3255426085
  0
LINE
  5
450
100
AcDbEntity
  8
BEZUGSACHSEN
100
AcDbLine
 62
9
  6
CONTINUOUS
 10
399.8189750571
 20
104.968736728
 11
390.9630087443
 21
101.939817862
  0
LINE
  5
451
100
AcDbEntity
  8
0
100
AcDbLine
 62
7
  6
CONTINUOUS
 10
390.8187248948
 20
99.5977412011
 11
398.2850102408
 21
102.1513611853
  0
LINE
  5
452
100
AcDbEntity
  8
RUNDUNGEN
100
AcDbLine
 62
7
  6
CONTINUOUS
 10
332.9811235461
 20
80.9823390287
 11
337.4387491414
 21
82.46999625
  0
LINE
  5
453
100
AcDbEntity
  8
RUNDUNGEN
100
AcDbLine
 62
7
  6
CONTINUOUS
 10
379.7239695086
 20
95.8672608518
 11
376.110631438
 21
94.6666779548
  0
LINE
  5
454
100
AcDbEntity
  8
RUNDUNGEN
100
AcDbLine
 62
7
  6
CONTINUOUS
 10
377.1707532768
 20
95.7019738224
 11
375.8993502578
 21
95.3089459703
  0
LINE
  5
455
100
AcDbEntity
  8
RUNDUNGEN
100
AcDbLine
 62
9
  6
CONTINUOUS
 10
325.8090918036
 20
99.7040569226
 11
327.9062154104
 21
99.9651176729
  0
LINE
  5
456
100
AcDbEntity
  8
RUNDUNGEN
100
AcDbLine
 62
9
  6
CONTINUOUS
 10
375.9666974207
 20
96.686967348
 11
377.233048476
 21
96.2538497785
  0
LINE
  5
457
100
AcDbEntity
  8
RUNDUNGEN
100
AcDbLine
 62
9
  6
CONTINUOUS
 10
379.3034186908
 20
96.0110977028
 11
379.7239695086
 21
95.8672608518
  0
LINE
  5
458
100
AcDbEntity
  8
RUNDUNGEN
100
AcDbLine
 62
7
  6
CONTINUOUS
 10
379.370347974
 20
96.0317587986
 11
379.7373052706
 21
95.9062520114
  0
LINE
  5
459
100
AcDbEntity
  8
RUNDUNGEN
100
AcDbLine
 62
9
  6
CONTINUOUS
 10
377.233048476
 20
99.3238601987
 11
375.8752377691
 21
99.7882588113
  0
LINE
  5
45A
100
AcDbEntity
  8
0
100
AcDbLine
 62
7
  6
CONTINUOUS
 10
351.3730561094
 20
115.8500739719
 11
352.1156099512
 21
115.0263768496
  0
LINE
  5
45B
100
AcDbEntity
  8
0
100
AcDbLine
 62
7
  6
CONTINUOUS
 10
354.2561522916
 20
112.6519247001
 11
355.3277817276
 21
111.4631919338
  0
LINE
  5
45C
100
AcDbEntity
  8
0
100
AcDbLine
 62
7
  6
CONTINUOUS
 10
355.3494536865
 20
112.524215326
 11
354.6097056822
 21
113.3448000001
  0
LINE
  5
45D
100
AcDbEntity
  8
0
100
AcDbLine
 62
7
  6
CONTINUOUS
 10
352.4691633418
 20
115.7192521496
 11
351.3947280683
 21
116.9110973641
  0
LINE
  5
45E
100
AcDbEntity
  8
0
100
AcDbLine
 62
7
  6
CONTINUOUS
 10
355.3866804318
 20
112.6881648551
 11
354.7511270385
 21
113.3931689526
  0
LINE
  5
45F
100
AcDbEntity
  8
0
100
AcDbLine
 62
7
  6
CONTINUOUS
 10
352.6105846981
 20
115.7676211022
 11
351.5361494245
 21
116.9594663167
  0
LINE
  5
460
100
AcDbEntity
  8
RUNDUNGEN
100
AcDbLine
 62
9
  6
CONTINUOUS
 10
377.8747596647
 20
100.5191795262
 11
377.2259266559
 21
100.7410934848
  0
LINE
  5
461
100
AcDbEntity
  8
AUSFORMSCHRAEGEN
100
AcDbLine
 62
7
  6
CONTINUOUS
 10
379.826802844
 20
101.7606185455
 11
380.6160998949
 21
101.490663055
  0
LINE
  5
462
100
AcDbEntity
  8
BEZUGSACHSEN
100
AcDbLine
 62
7
  6
CONTINUOUS
 10
376.619323007
 20
86.5862520842
 11
380.5226619508
 21
87.9212726292
  0
LINE
  5
463
100
AcDbEntity
  8
AUSFORMSCHRAEGEN
100
AcDbLine
 62
7
  6
CONTINUOUS
 10
349.0092862231
 20
80.7562610221
 11
342.2454582703
 21
78.5307715876
  0
LINE
  5
464
100
AcDbEntity
  8
AUSFORMSCHRAEGEN
100
AcDbLine
 62
7
  6
CONTINUOUS
 10
371.5193710463
 20
82.6504696485
 11
360.99881277
 21
78.7755112597
  0
LINE
  5
465
100
AcDbEntity
  8
RUNDUNGEN
100
AcDbLine
 62
9
  6
CONTINUOUS
 10
347.2836615638
 20
73.8049988083
 11
347.2816825774
 21
73.8043216957
  0
LINE
  5
466
100
AcDbEntity
  8
0
100
AcDbLine
 62
7
  6
CONTINUOUS
 10
381.4527358175
 20
86.1256332376
 11
382.1598425987
 21
86.3674780002
  0
LINE
  5
467
100
AcDbEntity
  8
BEZUGSACHSEN
100
AcDbLine
 62
7
  6
CONTINUOUS
 10
347.2815155981
 20
73.8042645839
 11
343.8874030484
 21
72.6434097232
  0
LINE
  5
468
100
AcDbEntity
  8
RUNDUNGEN
100
AcDbLine
 62
9
  6
CONTINUOUS
 10
353.2206381769
 20
119.7784137705
 11
326.3505804918
 21
128.9685147511
  0
LINE
  5
469
100
AcDbEntity
  8
RUNDUNGEN
100
AcDbLine
 62
9
  6
CONTINUOUS
 10
353.9277449581
 20
120.9599511539
 11
327.057687273
 21
130.1500521345
  0
LINE
  5
46A
100
AcDbEntity
  8
BEZUGSACHSEN
100
AcDbLine
 62
7
  6
CONTINUOUS
 10
329.1790076166
 20
130.8755864225
 11
356.0490653017
 21
121.6854854419
  0
LINE
  5
46B
100
AcDbEntity
  8
0
100
AcDbLine
 62
9
  6
CONTINUOUS
 10
386.3991041534
 20
120.8358490093
 11
386.3991041534
 21
120.4119396664
  0
LINE
  5
46C
100
AcDbEntity
  8
RUNDUNGEN
100
AcDbLine
 62
7
  6
CONTINUOUS
 10
401.5990995489
 20
108.3951012535
 11
400.4975742217
 21
107.027301731
  0
LINE
  5
46D
100
AcDbEntity
  8
0
100
AcDbLine
 62
9
  6
CONTINUOUS
 10
388.1422862364
 20
120.1938072104
 11
388.1422862364
 21
119.8157362806
  0
LINE
  5
46E
100
AcDbEntity
  8
RUNDUNGEN
100
AcDbLine
 62
9
  6
CONTINUOUS
 10
358.8774924264
 20
67.5839436721
 11
360.99881277
 21
68.3094779601
  0
LINE
  5
46F
100
AcDbEntity
  8
0
100
AcDbLine
 62
9
  6
CONTINUOUS
 10
394.0358573903
 20
118.2239255727
 11
394.0358573903
 21
117.8000162298
  0
LINE
  5
470
100
AcDbEntity
  8
BEZUGSACHSEN
100
AcDbLine
 62
7
  6
CONTINUOUS
 10
358.3143743415
 20
63.3790707602
 11
356.1930539979
 21
62.6535364723
  0
LINE
  5
471
100
AcDbEntity
  8
RUNDUNGEN
100
AcDbLine
 62
9
  6
CONTINUOUS
 10
385.4502796059
 20
120.6895851447
 11
396.9905479324
 21
116.7425809177
  0
LINE
  5
472
100
AcDbEntity
  8
RUNDUNGEN
100
AcDbLine
 62
7
  6
CONTINUOUS
 10
385.4124069675
 20
120.7494099794
 11
397.1199941632
 21
116.7451793287
  0
LINE
  5
473
100
AcDbEntity
  8
RUNDUNGEN
100
AcDbLine
 62
7
  6
CONTINUOUS
 10
383.9851266415
 20
122.702675693
 11
402.7888235381
 21
116.2714325854
  0
LINE
  5
474
100
AcDbEntity
  8
0
100
AcDbLine
 62
9
  6
CONTINUOUS
 10
395.7790394732
 20
117.5818837738
 11
395.7790394732
 21
117.203812844
  0
LINE
  5
475
100
AcDbEntity
  8
RUNDUNGEN
100
AcDbLine
 62
9
  6
CONTINUOUS
 10
399.8189750571
 20
112.0164313839
 11
399.8189750571
 21
104.968736728
  0
LINE
  5
476
100
AcDbEntity
  8
RUNDUNGEN
100
AcDbLine
 62
7
  6
CONTINUOUS
 10
399.9361323446
 20
112.113169289
 11
399.9361323446
 21
105.0654746331
  0
LINE
  5
477
100
AcDbEntity
  8
RUNDUNGEN
100
AcDbLine
 62
7
  6
CONTINUOUS
 10
403.6373516755
 20
114.8535877253
 11
403.6373516755
 21
109.780043141
  0
LINE
  5
478
100
AcDbEntity
  8
RUNDUNGEN
100
AcDbLine
 62
7
  6
CONTINUOUS
 10
73.180908194
 20
195.0383245819
 11
111.1809081923
 21
195.0383245819
  0
LINE
  5
479
100
AcDbEntity
  8
RUNDUNGEN
100
AcDbLine
 62
9
  6
CONTINUOUS
 10
73.180908194
 20
196.0383245819
 11
111.180908194
 21
196.0383245819
  0
LINE
  5
47A
100
AcDbEntity
  8
RUNDUNGEN
100
AcDbLine
 62
7
  6
CONTINUOUS
 10
66.180908194
 20
250.0383245819
 11
66.180908194
 21
202.0383245819
  0
LINE
  5
47B
100
AcDbEntity
  8
RUNDUNGEN
100
AcDbLine
 62
9
  6
CONTINUOUS
 10
67.180908194
 20
250.0383245819
 11
67.180908194
 21
202.0383245819
  0
LINE
  5
47C
100
AcDbEntity
  8
BEZUGSACHSEN
100
AcDbLine
 62
7
  6
CENTER
 10
111.180908194
 20
202.0383245819
 11
102.180908194
 21
202.0383245819
  0
LINE
  5
47D
100
AcDbEntity
  8
RUNDUNGEN
100
AcDbLine
 62
9
  6
CONTINUOUS
 10
67.180908194
 20
202.0383245819
 11
66.180908194
 21
202.0383245836
  0
LINE
  5
47E
100
AcDbEntity
  8
BEZUGSACHSEN
100
AcDbLine
 62
7
  6
CENTER
 10
111.180908194
 20
202.0383245819
 11
120.180908194
 21
202.0383245819
  0
LINE
  5
47F
100
AcDbEntity
  8
RUNDUNGEN
100
AcDbLine
 62
9
  6
CONTINUOUS
 10
117.180908194
 20
202.0383245819
 11
118.180908194
 21
202.0383245819
  0
LINE
  5
480
100
AcDbEntity
  8
BEZUGSACHSEN
100
AcDbLine
 62
7
  6
CENTER
 10
73.180908194
 20
250.0383245819
 11
73.180908194
 21
241.0383245819
  0
LINE
  5
481
100
AcDbEntity
  8
RUNDUNGEN
100
AcDbLine
 62
9
  6
CONTINUOUS
 10
73.180908194
 20
196.0383245819
 11
73.180908194
 21
195.0383245819
  0
LINE
  5
482
100
AcDbEntity
  8
RUNDUNGEN
100
AcDbLine
 62
9
  6
CONTINUOUS
 10
73.180908194
 20
256.0383245819
 11
73.1809081957
 21
257.0383245819
  0
LINE
  5
483
100
AcDbEntity
  8
BEZUGSACHSEN
100
AcDbLine
 62
7
  6
CENTER
 10
73.180908194
 20
250.0383245819
 11
73.180908194
 21
259.0383245819
  0
LINE
  5
484
100
AcDbEntity
  8
RUNDUNGEN
100
AcDbLine
 62
9
  6
CONTINUOUS
 10
76.331438022
 20
221.8883245819
 11
76.331438022
 21
227.1810074873
  0
LINE
  5
485
100
AcDbEntity
  8
RUNDUNGEN
100
AcDbLine
 62
9
  6
CONTINUOUS
 10
86.5101599263
 20
241.531810252
 11
87.4247967448
 21
241.9360867543
  0
LINE
  5
486
100
AcDbEntity
  8
RUNDUNGEN
100
AcDbLine
 62
9
  6
CONTINUOUS
 10
97.780908194
 20
207.7777112297
 11
97.380908194
 21
207.7777112299
  0
LINE
  5
487
100
AcDbEntity
  8
RUNDUNGEN
100
AcDbLine
 62
9
  6
CONTINUOUS
 10
86.580908194
 20
207.7777112297
 11
86.980908194
 21
207.7777112297
  0
LINE
  5
488
100
AcDbEntity
  8
RUNDUNGEN
100
AcDbLine
 62
9
  6
CONTINUOUS
 10
86.580908194
 20
208.0383245819
 11
87.080908194
 21
208.0383245819
  0
LINE
  5
489
100
AcDbEntity
  8
RUNDUNGEN
100
AcDbLine
 62
9
  6
CONTINUOUS
 10
97.280908194
 20
208.0383245819
 11
97.780908194
 21
208.0383245819
  0
LINE
  5
48A
100
AcDbEntity
  8
RUNDUNGEN
100
AcDbLine
 62
9
  6
CONTINUOUS
 10
86.5101599264
 20
210.5448389119
 11
87.4247967438
 21
210.1405624071
  0
LINE
  5
48B
100
AcDbEntity
  8
RUNDUNGEN
100
AcDbLine
 62
9
  6
CONTINUOUS
 10
77.237745809
 20
221.8883245819
 11
77.237745809
 21
227.1810074873
  0
LINE
  5
48C
100
AcDbEntity
  8
0
100
AcDbLine
 62
7
  6
CONTINUOUS
 10
78.180908194
 20
227.1810074873
 11
78.180908194
 21
221.8883245819
  0
LINE
  5
48D
100
AcDbEntity
  8
RUNDUNGEN
100
AcDbLine
 62
9
  6
CONTINUOUS
 10
78.580908194
 20
219.6388544099
 11
78.580908194
 21
221.4883245819
  0
LINE
  5
48E
100
AcDbEntity
  8
AUSFORMSCHRAEGEN
100
AcDbLine
 62
7
  6
CONTINUOUS
 10
88.8711132563
 20
211.8184350792
 11
95.4907031316
 21
211.8184350792
  0
LINE
  5
48F
100
AcDbEntity
  8
RUNDUNGEN
100
AcDbLine
 62
9
  6
CONTINUOUS
 10
78.9954296209
 20
229.6450083517
 11
80.724184489
 21
231.7052581765
  0
LINE
  5
490
100
AcDbEntity
  8
RUNDUNGEN
100
AcDbLine
 62
9
  6
CONTINUOUS
 10
79.6897016649
 20
229.0624449356
 11
81.418456533
 21
231.1226947604
  0
LINE
  5
491
100
AcDbEntity
  8
0
100
AcDbLine
 62
7
  6
CONTINUOUS
 10
82.140960837
 20
230.5164416655
 11
80.4122059688
 21
228.4561918406
  0
LINE
  5
492
100
AcDbEntity
  8
RUNDUNGEN
100
AcDbLine
 62
9
  6
CONTINUOUS
 10
78.1126094036
 20
229.3811920927
 11
78.4976354667
 21
227.572243545
  0
LINE
  5
493
100
AcDbEntity
  8
RUNDUNGEN
100
AcDbLine
 62
9
  6
CONTINUOUS
 10
78.7998821309
 20
229.5274748119
 11
79.184908194
 21
227.7185262643
  0
LINE
  5
494
100
AcDbEntity
  8
0
100
AcDbLine
 62
7
  6
CONTINUOUS
 10
82.180908194
 20
225.4383245819
 11
82.180908194
 21
226.6383245819
  0
LINE
  5
495
100
AcDbEntity
  8
RUNDUNGEN
100
AcDbLine
 62
9
  6
CONTINUOUS
 10
82.2941697256
 20
232.4373543155
 11
82.2941697256
 21
230.5878841435
  0
LINE
  5
496
100
AcDbEntity
  8
0
100
AcDbLine
 62
7
  6
CONTINUOUS
 10
80.4251014472
 20
228.1784624752
 11
82.3872684951
 21
230.5168821039
  0
LINE
  5
497
100
AcDbEntity
  8
RUNDUNGEN
100
AcDbLine
 62
7
  6
CONTINUOUS
 10
76.2856225252
 20
217.5383245819
 11
76.7258024003
 21
217.5383245819
  0
LINE
  5
498
100
AcDbEntity
  8
RUNDUNGEN
100
AcDbLine
 62
7
  6
CONTINUOUS
 10
107.6360139877
 20
217.5383245819
 11
108.0761938628
 21
217.5383245819
  0
LINE
  5
499
100
AcDbEntity
  8
RUNDUNGEN
100
AcDbLine
 62
9
  6
CONTINUOUS
 10
86.580908194
 20
206.8396945812
 11
86.580908194
 21
207.3777112297
  0
LINE
  5
49A
100
AcDbEntity
  8
RUNDUNGEN
100
AcDbLine
 62
9
  6
CONTINUOUS
 10
86.580908194
 20
207.7777112297
 11
86.580908194
 21
208.0383245819
  0
LINE
  5
49B
100
AcDbEntity
  8
RUNDUNGEN
100
AcDbLine
 62
9
  6
CONTINUOUS
 10
86.580908194
 20
244.0383245819
 11
86.580908194
 21
244.2989379342
  0
LINE
  5
49C
100
AcDbEntity
  8
RUNDUNGEN
100
AcDbLine
 62
9
  6
CONTINUOUS
 10
86.580908194
 20
244.6989379342
 11
86.580908194
 21
245.2369545827
  0
LINE
  5
49D
100
AcDbEntity
  8
RUNDUNGEN
100
AcDbLine
 62
7
  6
CONTINUOUS
 10
86.980908194
 20
206.7346694062
 11
86.980908194
 21
208.0383245819
  0
LINE
  5
49E
100
AcDbEntity
  8
RUNDUNGEN
100
AcDbLine
 62
7
  6
CONTINUOUS
 10
86.980908194
 20
244.0383245819
 11
86.980908194
 21
245.3419797276
  0
LINE
  5
49F
100
AcDbEntity
  8
RUNDUNGEN
100
AcDbLine
 62
9
  6
CONTINUOUS
 10
87.080908194
 20
206.6995035217
 11
87.080908194
 21
208.0383245819
  0
LINE
  5
4A0
100
AcDbEntity
  8
RUNDUNGEN
100
AcDbLine
 62
9
  6
CONTINUOUS
 10
87.080908194
 20
244.0383245819
 11
87.080908194
 21
245.3771456422
  0
LINE
  5
4A1
100
AcDbEntity
  8
RUNDUNGEN
100
AcDbLine
 62
9
  6
CONTINUOUS
 10
105.780908194
 20
219.6388544099
 11
78.580908194
 21
219.6388544099
  0
LINE
  5
4A2
100
AcDbEntity
  8
RUNDUNGEN
100
AcDbLine
 62
9
  6
CONTINUOUS
 10
105.780908194
 20
220.545162197
 11
78.580908194
 21
220.545162197
  0
LINE
  5
4A3
100
AcDbEntity
  8
RUNDUNGEN
100
AcDbLine
 62
9
  6
CONTINUOUS
 10
78.9954296209
 20
229.6450083517
 11
80.4122059688
 21
228.4561918406
  0
LINE
  5
4A4
100
AcDbEntity
  8
0
100
AcDbLine
 62
7
  6
CONTINUOUS
 10
89.1822995892
 20
247.0767521458
 11
89.1822995892
 21
247.4812721405
  0
LINE
  5
4A5
100
AcDbEntity
  8
0
100
AcDbLine
 62
7
  6
CONTINUOUS
 10
89.27725076
 20
245.8448566997
 11
89.27725076
 21
246.4831594677
  0
LINE
  5
4A6
100
AcDbEntity
  8
RUNDUNGEN
100
AcDbLine
 62
9
  6
CONTINUOUS
 10
89.6807438696
 20
245.8751928185
 11
89.6807438696
 21
246.8812327274
  0
LINE
  5
4A7
100
AcDbEntity
  8
0
100
AcDbLine
 62
7
  6
CONTINUOUS
 10
78.580908194
 20
221.4883245819
 11
105.780908194
 21
221.4883245819
  0
LINE
  5
4A8
100
AcDbEntity
  8
RUNDUNGEN
100
AcDbLine
 62
9
  6
CONTINUOUS
 10
108.030378366
 20
221.8883245819
 11
106.180908194
 21
221.8883245819
  0
LINE
  5
4A9
100
AcDbEntity
  8
RUNDUNGEN
100
AcDbLine
 62
9
  6
CONTINUOUS
 10
76.331438022
 20
221.8883245819
 11
78.180908194
 21
221.8883245819
  0
LINE
  5
4AA
100
AcDbEntity
  8
RUNDUNGEN
100
AcDbLine
 62
9
  6
CONTINUOUS
 10
80.724184489
 20
231.7052581765
 11
82.140960837
 21
230.5164416655
  0
LINE
  5
4AB
100
AcDbEntity
  8
BEZUGSACHSEN
100
AcDbLine
 62
7
  6
CENTER
 10
92.180908194
 20
226.0383245819
 11
92.180908194
 21
193.2925464148
  0
LINE
  5
4AC
100
AcDbEntity
  8
BEZUGSACHSEN
100
AcDbLine
 62
7
  6
CENTER
 10
92.180908194
 20
226.0383245819
 11
92.180908194
 21
259.9753258183
  0
LINE
  5
4AD
100
AcDbEntity
  8
RUNDUNGEN
100
AcDbLine
 62
9
  6
CONTINUOUS
 10
94.8770367199
 20
248.2740716835
 11
94.8288888624
 21
247.8769824832
  0
LINE
  5
4AE
100
AcDbEntity
  8
0
100
AcDbLine
 62
9
  6
CONTINUOUS
 10
94.8288888594
 20
247.8769824836
 11
94.8193081635
 21
247.7979677298
  0
LINE
  5
4AF
100
AcDbEntity
  8
0
100
AcDbLine
 62
7
  6
CONTINUOUS
 10
95.0810700814
 20
245.8277028555
 11
95.084565628
 21
245.8448566997
  0
LINE
  5
4B0
100
AcDbEntity
  8
RUNDUNGEN
100
AcDbLine
 62
9
  6
CONTINUOUS
 10
97.780908194
 20
244.2989379342
 11
97.8981856811
 21
244.6813591561
  0
LINE
  5
4B1
100
AcDbEntity
  8
RUNDUNGEN
100
AcDbLine
 62
9
  6
CONTINUOUS
 10
86.580908194
 20
207.7777112297
 11
86.4636307068
 21
207.3952900077
  0
LINE
  5
4B2
100
AcDbEntity
  8
RUNDUNGEN
100
AcDbLine
 62
9
  6
CONTINUOUS
 10
86.5101599263
 20
210.5448389119
 11
86.1664632037
 21
209.6057987581
  0
LINE
  5
4B3
100
AcDbEntity
  8
RUNDUNGEN
100
AcDbLine
 62
9
  6
CONTINUOUS
 10
97.8516564617
 20
241.531810252
 11
98.1953531843
 21
242.4708504058
  0
LINE
  5
4B4
100
AcDbEntity
  8
RUNDUNGEN
100
AcDbLine
 62
9
  6
CONTINUOUS
 10
98.1953531887
 20
242.4708504041
 11
98.2744127079
 21
242.6563630564
  0
LINE
  5
4B5
100
AcDbEntity
  8
0
100
AcDbLine
 62
7
  6
CONTINUOUS
 10
102.180908194
 20
225.4383245819
 11
82.180908194
 21
225.4383245819
  0
LINE
  5
4B6
100
AcDbEntity
  8
BEZUGSACHSEN
100
AcDbLine
 62
7
  6
CENTER
 10
92.180908194
 20
226.0383245819
 11
63.180908194
 21
226.0383245819
  0
LINE
  5
4B7
100
AcDbEntity
  8
BEZUGSACHSEN
100
AcDbLine
 62
7
  6
CENTER
 10
92.180908194
 20
226.0383245819
 11
121.180908194
 21
226.0383245819
  0
LINE
  5
4B8
100
AcDbEntity
  8
RUNDUNGEN
100
AcDbLine
 62
9
  6
CONTINUOUS
 10
98.1953531887
 20
209.6057987598
 11
98.2744127079
 21
209.4202861075
  0
LINE
  5
4B9
100
AcDbEntity
  8
RUNDUNGEN
100
AcDbLine
 62
9
  6
CONTINUOUS
 10
97.8516564617
 20
210.5448389119
 11
98.1953531887
 21
209.6057987598
  0
LINE
  5
4BA
100
AcDbEntity
  8
RUNDUNGEN
100
AcDbLine
 62
9
  6
CONTINUOUS
 10
86.5101599263
 20
241.5318102519
 11
86.1664631992
 21
242.4708504041
  0
LINE
  5
4BB
100
AcDbEntity
  8
RUNDUNGEN
100
AcDbLine
 62
9
  6
CONTINUOUS
 10
97.780908194
 20
207.7777112297
 11
97.8981856809
 21
207.3952900077
  0
LINE
  5
4BC
100
AcDbEntity
  8
RUNDUNGEN
100
AcDbLine
 62
9
  6
CONTINUOUS
 10
86.580908194
 20
244.2989379342
 11
86.4636307071
 21
244.6813591562
  0
LINE
  5
4BD
100
AcDbEntity
  8
RUNDUNGEN
100
AcDbLine
 62
9
  6
CONTINUOUS
 10
89.4847796738
 20
248.2740716858
 11
89.5329275286
 21
247.8769824835
  0
LINE
  5
4BE
100
AcDbEntity
  8
0
100
AcDbLine
 62
9
  6
CONTINUOUS
 10
89.5329275286
 20
247.8769824836
 11
89.5425082245
 21
247.7979677298
  0
LINE
  5
4BF
100
AcDbEntity
  8
RUNDUNGEN
100
AcDbLine
 62
9
  6
CONTINUOUS
 10
94.6810725183
 20
246.8814094373
 11
94.6810725183
 21
245.8751928185
  0
LINE
  5
4C0
100
AcDbEntity
  8
0
100
AcDbLine
 62
7
  6
CONTINUOUS
 10
95.084565628
 20
245.8448566997
 11
95.084565628
 21
246.4831594677
  0
LINE
  5
4C1
100
AcDbEntity
  8
0
100
AcDbLine
 62
7
  6
CONTINUOUS
 10
95.1795167988
 20
247.4812721405
 11
95.1795167988
 21
247.0767521458
  0
LINE
  5
4C2
100
AcDbEntity
  8
RUNDUNGEN
100
AcDbLine
 62
9
  6
CONTINUOUS
 10
86.1664631992
 20
209.6057987598
 11
86.08740368
 21
209.4202861075
  0
LINE
  5
4C3
100
AcDbEntity
  8
RUNDUNGEN
100
AcDbLine
 62
9
  6
CONTINUOUS
 10
103.637631899
 20
231.7052581765
 11
102.220855551
 21
230.5164416655
  0
LINE
  5
4C4
100
AcDbEntity
  8
0
100
AcDbLine
 62
7
  6
CONTINUOUS
 10
82.180908194
 20
226.6383245819
 11
102.180908194
 21
226.6383245819
  0
LINE
  5
4C5
100
AcDbEntity
  8
RUNDUNGEN
100
AcDbLine
 62
9
  6
CONTINUOUS
 10
108.030378366
 20
227.1810074873
 11
106.180908194
 21
227.1810074873
  0
LINE
  5
4C6
100
AcDbEntity
  8
RUNDUNGEN
100
AcDbLine
 62
9
  6
CONTINUOUS
 10
76.331438022
 20
227.1810074873
 11
78.180908194
 21
227.1810074873
  0
LINE
  5
4C7
100
AcDbEntity
  8
RUNDUNGEN
100
AcDbLine
 62
9
  6
CONTINUOUS
 10
86.1664631992
 20
242.4708504041
 11
86.08740368
 21
242.6563630564
  0
LINE
  5
4C8
100
AcDbEntity
  8
0
100
AcDbLine
 62
7
  6
CONTINUOUS
 10
89.27725076
 20
245.8448566997
 11
89.2807463066
 21
245.8277028555
  0
LINE
  5
4C9
100
AcDbEntity
  8
RUNDUNGEN
100
AcDbLine
 62
9
  6
CONTINUOUS
 10
97.280908194
 20
245.3771456422
 11
97.280908194
 21
244.0383245819
  0
LINE
  5
4CA
100
AcDbEntity
  8
RUNDUNGEN
100
AcDbLine
 62
9
  6
CONTINUOUS
 10
97.280908194
 20
208.0383245819
 11
97.280908194
 21
206.6995035217
  0
LINE
  5
4CB
100
AcDbEntity
  8
RUNDUNGEN
100
AcDbLine
 62
7
  6
CONTINUOUS
 10
97.380908194
 20
245.3419797577
 11
97.380908194
 21
244.0383245819
  0
LINE
  5
4CC
100
AcDbEntity
  8
RUNDUNGEN
100
AcDbLine
 62
7
  6
CONTINUOUS
 10
97.380908194
 20
208.0383245819
 11
97.380908194
 21
206.7346694362
  0
LINE
  5
4CD
100
AcDbEntity
  8
RUNDUNGEN
100
AcDbLine
 62
9
  6
CONTINUOUS
 10
97.780908194
 20
245.2369545827
 11
97.780908194
 21
244.6989379342
  0
LINE
  5
4CE
100
AcDbEntity
  8
RUNDUNGEN
100
AcDbLine
 62
9
  6
CONTINUOUS
 10
97.780908194
 20
244.2989379342
 11
97.780908194
 21
244.0383245819
  0
LINE
  5
4CF
100
AcDbEntity
  8
RUNDUNGEN
100
AcDbLine
 62
9
  6
CONTINUOUS
 10
97.780908194
 20
208.0383245819
 11
97.780908194
 21
207.7777112297
  0
LINE
  5
4D0
100
AcDbEntity
  8
RUNDUNGEN
100
AcDbLine
 62
9
  6
CONTINUOUS
 10
97.780908194
 20
207.3777112297
 11
97.780908194
 21
206.8396945812
  0
LINE
  5
4D1
100
AcDbEntity
  8
RUNDUNGEN
100
AcDbLine
 62
9
  6
CONTINUOUS
 10
105.3663867671
 20
229.6450083517
 11
103.9496104191
 21
228.4561918406
  0
LINE
  5
4D2
100
AcDbEntity
  8
0
100
AcDbLine
 62
7
  6
CONTINUOUS
 10
79.184908194
 20
227.7185262643
 11
78.4976354667
 21
227.572243545
  0
LINE
  5
4D3
100
AcDbEntity
  8
RUNDUNGEN
100
AcDbLine
 62
9
  6
CONTINUOUS
 10
78.3012862066
 20
228.4947413784
 11
78.9885589338
 21
228.6410240976
  0
LINE
  5
4D4
100
AcDbEntity
  8
0
100
AcDbLine
 62
7
  6
CONTINUOUS
 10
78.3450063949
 20
227.2842292226
 11
79.1347234628
 21
227.4283312864
  0
LINE
  5
4D5
100
AcDbEntity
  8
0
100
AcDbLine
 62
7
  6
CONTINUOUS
 10
102.0676466623
 20
230.5878841435
 11
82.2941697256
 21
230.5878841435
  0
LINE
  5
4D6
100
AcDbEntity
  8
RUNDUNGEN
100
AcDbLine
 62
9
  6
CONTINUOUS
 10
82.2941697256
 20
231.5310465285
 11
102.0676466623
 21
231.5310465285
  0
LINE
  5
4D7
100
AcDbEntity
  8
0
100
AcDbLine
 62
7
  6
CONTINUOUS
 10
105.2270929252
 20
227.4283312864
 11
106.0168099931
 21
227.2842292226
  0
LINE
  5
4D8
100
AcDbEntity
  8
0
100
AcDbLine
 62
7
  6
CONTINUOUS
 10
105.8641809213
 20
227.572243545
 11
105.176908194
 21
227.7185262643
  0
LINE
  5
4D9
100
AcDbEntity
  8
RUNDUNGEN
100
AcDbLine
 62
9
  6
CONTINUOUS
 10
105.3732574541
 20
228.6410240976
 11
106.0605301814
 21
228.4947413784
  0
LINE
  5
4DA
100
AcDbEntity
  8
RUNDUNGEN
100
AcDbLine
 62
9
  6
CONTINUOUS
 10
78.1126094036
 20
229.3811920927
 11
78.7998821309
 21
229.5274748119
  0
LINE
  5
4DB
100
AcDbEntity
  8
RUNDUNGEN
100
AcDbLine
 62
9
  6
CONTINUOUS
 10
82.2941697256
 20
232.4373543155
 11
102.0676466623
 21
232.4373543155
  0
LINE
  5
4DC
100
AcDbEntity
  8
RUNDUNGEN
100
AcDbLine
 62
9
  6
CONTINUOUS
 10
105.5619342571
 20
229.5274748119
 11
106.2492069843
 21
229.3811920927
  0
LINE
  5
4DD
100
AcDbEntity
  8
RUNDUNGEN
100
AcDbLine
 62
9
  6
CONTINUOUS
 10
102.0676466623
 20
232.4373543155
 11
102.0676466623
 21
230.5878841435
  0
LINE
  5
4DE
100
AcDbEntity
  8
0
100
AcDbLine
 62
7
  6
CONTINUOUS
 10
102.180908194
 20
226.6383245819
 11
102.180908194
 21
225.4383245819
  0
LINE
  5
4DF
100
AcDbEntity
  8
RUNDUNGEN
100
AcDbLine
 62
7
  6
CONTINUOUS
 10
108.0761938628
 20
234.5383245819
 11
107.6360139877
 21
234.5383245819
  0
LINE
  5
4E0
100
AcDbEntity
  8
RUNDUNGEN
100
AcDbLine
 62
7
  6
CONTINUOUS
 10
76.7258024003
 20
234.5383245819
 11
76.2856225252
 21
234.5383245819
  0
LINE
  5
4E1
100
AcDbEntity
  8
0
100
AcDbLine
 62
7
  6
CONTINUOUS
 10
101.9745478928
 20
230.5168821039
 11
103.9367149407
 21
228.1784624752
  0
LINE
  5
4E2
100
AcDbEntity
  8
0
100
AcDbLine
 62
7
  6
CONTINUOUS
 10
103.9496104191
 20
228.4561918406
 11
102.220855551
 21
230.5164416655
  0
LINE
  5
4E3
100
AcDbEntity
  8
RUNDUNGEN
100
AcDbLine
 62
9
  6
CONTINUOUS
 10
105.780908194
 20
219.6388544099
 11
105.780908194
 21
221.4883245819
  0
LINE
  5
4E4
100
AcDbEntity
  8
RUNDUNGEN
100
AcDbLine
 62
9
  6
CONTINUOUS
 10
105.5619342571
 20
229.5274748119
 11
105.176908194
 21
227.7185262643
  0
LINE
  5
4E5
100
AcDbEntity
  8
RUNDUNGEN
100
AcDbLine
 62
9
  6
CONTINUOUS
 10
106.2492069843
 20
229.3811920927
 11
105.8641809213
 21
227.572243545
  0
LINE
  5
4E6
100
AcDbEntity
  8
RUNDUNGEN
100
AcDbLine
 62
9
  6
CONTINUOUS
 10
102.9433598549
 20
231.1226947604
 11
104.6721147231
 21
229.0624449356
  0
LINE
  5
4E7
100
AcDbEntity
  8
RUNDUNGEN
100
AcDbLine
 62
9
  6
CONTINUOUS
 10
103.637631899
 20
231.7052581765
 11
105.3663867671
 21
229.6450083517
  0
LINE
  5
4E8
100
AcDbEntity
  8
0
100
AcDbLine
 62
7
  6
CONTINUOUS
 10
106.180908194
 20
221.8883245819
 11
106.180908194
 21
227.1810074873
  0
LINE
  5
4E9
100
AcDbEntity
  8
RUNDUNGEN
100
AcDbLine
 62
9
  6
CONTINUOUS
 10
107.124070579
 20
227.1810074873
 11
107.124070579
 21
221.8883245819
  0
LINE
  5
4EA
100
AcDbEntity
  8
RUNDUNGEN
100
AcDbLine
 62
9
  6
CONTINUOUS
 10
108.030378366
 20
227.1810074873
 11
108.030378366
 21
221.8883245819
  0
LINE
  5
4EB
100
AcDbEntity
  8
RUNDUNGEN
100
AcDbLine
 62
9
  6
CONTINUOUS
 10
97.8516564617
 20
210.5448389119
 11
96.9370196432
 21
210.1405624096
  0
LINE
  5
4EC
100
AcDbEntity
  8
AUSFORMSCHRAEGEN
100
AcDbLine
 62
7
  6
CONTINUOUS
 10
95.4907031316
 20
240.2582140847
 11
88.8711132563
 21
240.2582140847
  0
LINE
  5
4ED
100
AcDbEntity
  8
RUNDUNGEN
100
AcDbLine
 62
9
  6
CONTINUOUS
 10
97.8516564616
 20
241.531810252
 11
96.9370196441
 21
241.9360867567
  0
LINE
  5
4EE
100
AcDbEntity
  8
0
100
AcDbLine
 62
7
  6
CONTINUOUS
 10
110.6797702679
 20
252.994494127
 11
110.6797702679
 21
246.5364542355
  0
LINE
  5
4EF
100
AcDbEntity
  8
BEZUGSACHSEN
100
AcDbLine
 62
7
  6
CENTER
 10
111.180908194
 20
202.0383245819
 11
111.180908194
 21
193.0383245819
  0
LINE
  5
4F0
100
AcDbEntity
  8
RUNDUNGEN
100
AcDbLine
 62
9
  6
CONTINUOUS
 10
111.180908194
 20
196.0383245819
 11
111.1809081923
 21
195.0383245819
  0
LINE
  5
4F1
100
AcDbEntity
  8
BEZUGSACHSEN
100
AcDbLine
 62
7
  6
CENTER
 10
111.180908194
 20
202.0383245819
 11
111.180908194
 21
211.0383245819
  0
LINE
  5
4F2
100
AcDbEntity
  8
RUNDUNGEN
100
AcDbLine
 62
9
  6
CONTINUOUS
 10
111.180908194
 20
256.0383245819
 11
111.180908194
 21
257.0383245819
  0
LINE
  5
4F3
100
AcDbEntity
  8
RUNDUNGEN
100
AcDbLine
 62
9
  6
CONTINUOUS
 10
86.580908194
 20
244.0383245819
 11
87.080908194
 21
244.0383245819
  0
LINE
  5
4F4
100
AcDbEntity
  8
RUNDUNGEN
100
AcDbLine
 62
9
  6
CONTINUOUS
 10
97.280908194
 20
244.0383245819
 11
97.780908194
 21
244.0383245819
  0
LINE
  5
4F5
100
AcDbEntity
  8
RUNDUNGEN
100
AcDbLine
 62
9
  6
CONTINUOUS
 10
97.780908194
 20
244.2989379342
 11
97.380908194
 21
244.2989379342
  0
LINE
  5
4F6
100
AcDbEntity
  8
RUNDUNGEN
100
AcDbLine
 62
9
  6
CONTINUOUS
 10
86.580908194
 20
244.2989379342
 11
86.980908194
 21
244.2989379339
  0
LINE
  5
4F7
100
AcDbEntity
  8
0
100
AcDbLine
 62
7
  6
CONTINUOUS
 10
111.6797702679
 20
246.5364542355
 11
111.6797702679
 21
252.994494127
  0
LINE
  5
4F8
100
AcDbEntity
  8
0
100
AcDbLine
 62
9
  6
CONTINUOUS
 10
95.3496455512
 20
247.4812721405
 11
95.1250575316
 21
247.4812721405
  0
LINE
  5
4F9
100
AcDbEntity
  8
0
100
AcDbLine
 62
9
  6
CONTINUOUS
 10
89.0121708342
 20
247.4812721446
 11
89.2367588564
 21
247.4812721405
  0
LINE
  5
4FA
100
AcDbEntity
  8
RUNDUNGEN
100
AcDbLine
 62
9
  6
CONTINUOUS
 10
67.180908194
 20
250.0383245819
 11
66.180908194
 21
250.0383245819
  0
LINE
  5
4FB
100
AcDbEntity
  8
BEZUGSACHSEN
100
AcDbLine
 62
7
  6
CENTER
 10
73.180908194
 20
250.0383245819
 11
64.180908194
 21
250.0383245819
  0
LINE
  5
4FC
100
AcDbEntity
  8
BEZUGSACHSEN
100
AcDbLine
 62
7
  6
CENTER
 10
73.180908194
 20
250.0383245819
 11
82.180908194
 21
250.0383245819
  0
LINE
  5
4FD
100
AcDbEntity
  8
RUNDUNGEN
100
AcDbLine
 62
9
  6
CONTINUOUS
 10
117.180908194
 20
250.0383245819
 11
118.180908194
 21
250.0383245802
  0
LINE
  5
4FE
100
AcDbEntity
  8
RUNDUNGEN
100
AcDbLine
 62
9
  6
CONTINUOUS
 10
117.180908194
 20
202.0383245819
 11
117.180908194
 21
250.0383245819
  0
LINE
  5
4FF
100
AcDbEntity
  8
RUNDUNGEN
100
AcDbLine
 62
7
  6
CONTINUOUS
 10
118.180908194
 20
202.0383245819
 11
118.180908194
 21
250.0383245819
  0
LINE
  5
500
100
AcDbEntity
  8
RUNDUNGEN
100
AcDbLine
 62
9
  6
CONTINUOUS
 10
111.180908194
 20
256.0383245819
 11
73.180908194
 21
256.0383245819
  0
LINE
  5
501
100
AcDbEntity
  8
0
100
AcDbLine
 62
7
  6
CONTINUOUS
 10
108.3680325764
 20
251.0824614793
 11
109.4181622904
 21
250.4761688063
  0
LINE
  5
502
100
AcDbEntity
  8
0
100
AcDbLine
 62
7
  6
CONTINUOUS
 10
112.4453462991
 20
248.728423304
 11
113.9608591812
 21
247.8534415336
  0
LINE
  5
503
100
AcDbEntity
  8
RUNDUNGEN
100
AcDbLine
 62
7
  6
CONTINUOUS
 10
111.180908194
 20
257.0383245819
 11
73.180908194
 21
257.0383245819
  0
LINE
  5
504
100
AcDbEntity
  8
0
100
AcDbLine
 62
7
  6
CONTINUOUS
 10
113.9915079594
 20
248.9904469916
 11
112.9453462991
 21
249.5944487078
  0
LINE
  5
505
100
AcDbEntity
  8
0
100
AcDbLine
 62
7
  6
CONTINUOUS
 10
109.9181622904
 20
251.3421942101
 11
108.3986813547
 21
252.2194669373
  0
LINE
  5
506
100
AcDbEntity
  8
RUNDUNGEN
100
AcDbLine
 62
7
  6
CONTINUOUS
 10
179.676262921
 20
220.4883245819
 11
179.676262921
 21
231.5883245819
  0
LINE
  5
507
100
AcDbEntity
  8
RUNDUNGEN
100
AcDbLine
 62
7
  6
CONTINUOUS
 10
180.4246835871
 20
223.4383245819
 11
180.4246835871
 21
228.6383245819
  0
LINE
  5
508
100
AcDbEntity
  8
RUNDUNGEN
100
AcDbLine
 62
3
  6
CONTINUOUS
 10
181.2126943407
 20
223.4383245819
 11
181.2126943407
 21
228.6383245819
  0
LINE
  5
509
100
AcDbEntity
  8
0
100
AcDbLine
 62
9
  6
CONTINUOUS
 10
182.9267395704
 20
229.0383245819
 11
182.9267395704
 21
223.0383245819
  0
LINE
  5
50A
100
AcDbEntity
  8
0
100
AcDbLine
 62
9
  6
CONTINUOUS
 10
184.5133858341
 20
229.0383245819
 11
184.5133858341
 21
223.0383245819
  0
LINE
  5
50B
100
AcDbEntity
  8
RUNDUNGEN
100
AcDbLine
 62
7
  6
CONTINUOUS
 10
186.676262921
 20
218.6883245819
 11
186.676262921
 21
223.0383245819
  0
LINE
  5
50C
100
AcDbEntity
  8
RUNDUNGEN
100
AcDbLine
 62
7
  6
CONTINUOUS
 10
186.676262921
 20
229.0383245819
 11
186.676262921
 21
233.3883245819
  0
LINE
  5
50D
100
AcDbEntity
  8
0
100
AcDbLine
 62
9
  6
CONTINUOUS
 10
186.7326454444
 20
229.0383245819
 11
186.7326454444
 21
223.0383245819
  0
LINE
  5
50E
100
AcDbEntity
  8
RUNDUNGEN
100
AcDbLine
 62
9
  6
CONTINUOUS
 10
187.076262921
 20
218.2883245819
 11
187.076262921
 21
223.0383245819
  0
LINE
  5
50F
100
AcDbEntity
  8
RUNDUNGEN
100
AcDbLine
 62
9
  6
CONTINUOUS
 10
187.076262921
 20
229.0383245819
 11
187.076262921
 21
233.7883245819
  0
LINE
  5
510
100
AcDbEntity
  8
0
100
AcDbLine
 62
9
  6
CONTINUOUS
 10
188.5736551514
 20
229.0383245819
 11
188.5736551514
 21
223.0383245819
  0
LINE
  5
511
100
AcDbEntity
  8
RUNDUNGEN
100
AcDbLine
 62
7
  6
CONTINUOUS
 10
253.976262921
 20
195.0383245819
 11
250.976262921
 21
195.0383245819
  0
LINE
  5
512
100
AcDbEntity
  8
RUNDUNGEN
100
AcDbLine
 62
9
  6
CONTINUOUS
 10
254.976262921
 20
202.0383245819
 11
250.976262921
 21
202.0383245819
  0
LINE
  5
513
100
AcDbEntity
  8
BEZUGSACHSEN
100
AcDbLine
 62
7
  6
CONTINUOUS
 10
201.4942758997
 20
202.1383245819
 11
204.576262921
 21
202.1383245819
  0
LINE
  5
514
100
AcDbEntity
  8
BEZUGSACHSEN
100
AcDbLine
 62
7
  6
CONTINUOUS
 10
255.176262921
 20
202.4383245819
 11
259.976262921
 21
202.4383245819
  0
LINE
  5
515
100
AcDbEntity
  8
0
100
AcDbLine
 62
7
  6
CONTINUOUS
 10
206.9079303411
 20
247.0687758456
 11
206.6452545999
 21
246.510052128
  0
LINE
  5
516
100
AcDbEntity
  8
0
100
AcDbLine
 62
7
  6
CONTINUOUS
 10
207.9079303411
 20
247.0687758456
 11
207.6559407463
 21
246.5327419198
  0
LINE
  5
517
100
AcDbEntity
  8
0
100
AcDbLine
 62
7
  6
CONTINUOUS
 10
200.3707597644
 20
240.8383312364
 11
200.3911363273
 21
240.8513296882
  0
LWPOLYLINE
  5
518
100
AcDbEntity
  8
RUNDUNGEN
100
AcDbPolyline
 62
7
  6
CONTINUOUS
 90
8
 70
0
 10
218.2120740389
 20
205.5745152015
 10
218.2445356284
 20
205.5750571322
 10
218.3924995332
 20
205.5921307391
 10
218.5291709526
 20
205.6310972007
 10
218.6530663555
 20
205.6894590766
 10
218.7629766468
 20
205.7649446963
 10
218.8574480143
 20
205.8550913786
 10
218.9359462628
 20
205.9577711492
  0
LINE
  5
519
100
AcDbEntity
  8
0
100
AcDbLine
 62
7
  6
CONTINUOUS
 10
206.8905029313
 20
205.5549891126
 11
207.1496585671
 21
205.5572452075
  0
LINE
  5
51A
100
AcDbEntity
  8
0
100
AcDbLine
 62
7
  6
CONTINUOUS
 10
218.9394151187
 20
205.6598816369
 11
219.1006352641
 21
205.6612851485
  0
LINE
  5
51B
100
AcDbEntity
  8
0
100
AcDbLine
 62
7
  6
CONTINUOUS
 10
219.9434911343
 20
205.6686226806
 11
220.0965475888
 21
205.6699551227
  0
LINE
  5
51C
100
AcDbEntity
  8
0
100
AcDbLine
 62
7
  6
CONTINUOUS
 10
206.576262921
 20
203.0383245819
 11
205.576262921
 21
203.0383245819
  0
LINE
  5
51D
100
AcDbEntity
  8
0
100
AcDbLine
 62
7
  6
CONTINUOUS
 10
204.976262921
 20
204.9383245819
 11
205.576262921
 21
204.9383245819
  0
LINE
  5
51E
100
AcDbEntity
  8
0
100
AcDbLine
 62
7
  6
CONTINUOUS
 10
206.576262921
 20
204.9883245819
 11
206.626262921
 21
204.9883245819
  0
LINE
  5
51F
100
AcDbEntity
  8
0
100
AcDbLine
 62
7
  6
CONTINUOUS
 10
207.426262921
 20
204.9883245819
 11
207.626262921
 21
204.9883245819
  0
LINE
  5
520
100
AcDbEntity
  8
0
100
AcDbLine
 62
7
  6
CONTINUOUS
 10
208.426262921
 20
204.9883245819
 11
208.626262921
 21
204.9883245819
  0
LINE
  5
521
100
AcDbEntity
  8
0
100
AcDbLine
 62
7
  6
CONTINUOUS
 10
209.426262921
 20
204.9883245819
 11
209.626262921
 21
204.9883245819
  0
LINE
  5
522
100
AcDbEntity
  8
0
100
AcDbLine
 62
7
  6
CONTINUOUS
 10
210.426262921
 20
204.9883245819
 11
210.626262921
 21
204.9883245819
  0
LINE
  5
523
100
AcDbEntity
  8
0
100
AcDbLine
 62
7
  6
CONTINUOUS
 10
211.426262921
 20
204.9883245819
 11
211.626262921
 21
204.9883245819
  0
LINE
  5
524
100
AcDbEntity
  8
0
100
AcDbLine
 62
7
  6
CONTINUOUS
 10
212.426262921
 20
204.9883245819
 11
212.626262921
 21
204.9883245819
  0
LINE
  5
525
100
AcDbEntity
  8
0
100
AcDbLine
 62
7
  6
CONTINUOUS
 10
213.426262921
 20
204.9883245819
 11
213.626262921
 21
204.9883245819
  0
LINE
  5
526
100
AcDbEntity
  8
0
100
AcDbLine
 62
7
  6
CONTINUOUS
 10
214.426262921
 20
204.9883245819
 11
214.626262921
 21
204.9883245819
  0
LINE
  5
527
100
AcDbEntity
  8
0
100
AcDbLine
 62
7
  6
CONTINUOUS
 10
215.426262921
 20
204.9883245819
 11
215.626262921
 21
204.9883245819
  0
LINE
  5
528
100
AcDbEntity
  8
0
100
AcDbLine
 62
7
  6
CONTINUOUS
 10
216.426262921
 20
204.9883245819
 11
216.626262921
 21
204.9883245819
  0
LINE
  5
529
100
AcDbEntity
  8
0
100
AcDbLine
 62
7
  6
CONTINUOUS
 10
217.426262921
 20
204.9883245819
 11
217.626262921
 21
204.9883245819
  0
LINE
  5
52A
100
AcDbEntity
  8
0
100
AcDbLine
 62
7
  6
CONTINUOUS
 10
218.426262921
 20
204.9883245819
 11
218.626262921
 21
204.9883245819
  0
LINE
  5
52B
100
AcDbEntity
  8
0
100
AcDbLine
 62
7
  6
CONTINUOUS
 10
219.426262921
 20
204.9883245819
 11
219.626262921
 21
204.9883245819
  0
LINE
  5
52C
100
AcDbEntity
  8
0
100
AcDbLine
 62
7
  6
CONTINUOUS
 10
220.426262921
 20
204.9883245819
 11
220.626262921
 21
204.9883245819
  0
LINE
  5
52D
100
AcDbEntity
  8
RUNDUNGEN
100
AcDbLine
 62
9
  6
CONTINUOUS
 10
206.976262921
 20
205.601321377
 11
218.076262921
 21
205.601321377
  0
LINE
  5
52E
100
AcDbEntity
  8
RUNDUNGEN
100
AcDbLine
 62
7
  6
CONTINUOUS
 10
206.976262921
 20
205.5745120058
 11
218.2128629209
 21
205.5745120758
  0
LINE
  5
52F
100
AcDbEntity
  8
AUSFORMSCHRAEGEN
100
AcDbLine
 62
7
  6
CONTINUOUS
 10
220.976262921
 20
202.9619765298
 11
250.5832438836
 21
202.4451847548
  0
LINE
  5
530
100
AcDbEntity
  8
0
100
AcDbLine
 62
7
  6
CONTINUOUS
 10
200.3911363273
 20
211.2253194757
 11
200.3707597644
 21
211.2383179275
  0
LINE
  5
531
100
AcDbEntity
  8
0
100
AcDbLine
 62
7
  6
CONTINUOUS
 10
207.1415259842
 20
205.5745120058
 11
207.4079303411
 21
205.0078733183
  0
LINE
  5
532
100
AcDbEntity
  8
BEZUGSACHSEN
100
AcDbLine
 62
9
  6
CONTINUOUS
 10
201.1271586344
 20
202.3795010525
 11
201.1271586344
 21
213.4971481114
  0
LINE
  5
533
100
AcDbEntity
  8
BEZUGSACHSEN
100
AcDbLine
 62
9
  6
CONTINUOUS
 10
201.1271586344
 20
238.5795010525
 11
201.1271586344
 21
249.6971481114
  0
LINE
  5
534
100
AcDbEntity
  8
BEZUGSACHSEN
100
AcDbLine
 62
9
  6
CONTINUOUS
 10
201.4942758997
 20
202.1383245819
 11
201.4942758997
 21
213.7383245819
  0
LINE
  5
535
100
AcDbEntity
  8
BEZUGSACHSEN
100
AcDbLine
 62
9
  6
CONTINUOUS
 10
201.4942758997
 20
238.3383245819
 11
201.4942758997
 21
249.9383245819
  0
LINE
  5
536
100
AcDbEntity
  8
0
100
AcDbLine
 62
7
  6
CONTINUOUS
 10
209.9079305146
 20
247.0687762151
 11
209.6539762045
 21
246.5285793459
  0
LINE
  5
537
100
AcDbEntity
  8
0
100
AcDbLine
 62
7
  6
CONTINUOUS
 10
208.9079303411
 20
247.0687758456
 11
208.6549604905
 21
246.5306606287
  0
LINE
  5
538
100
AcDbEntity
  8
0
100
AcDbLine
 62
7
  6
CONTINUOUS
 10
210.9079305146
 20
247.0687762151
 11
210.6529958025
 21
246.5264980551
  0
LINE
  5
539
100
AcDbEntity
  8
0
100
AcDbLine
 62
7
  6
CONTINUOUS
 10
213.907930708
 20
247.0687766271
 11
213.926262921
 21
247.0883245819
  0
LWPOLYLINE
  5
53A
100
AcDbEntity
  8
RUNDUNGEN
100
AcDbPolyline
 62
7
  6
CONTINUOUS
 90
3
 70
0
 10
219.2777152704
 20
206.1176143575
 10
219.4100427552
 20
206.1233696172
 10
219.4762629216
 20
206.1240456331
  0
LINE
  5
53B
100
AcDbEntity
  8
RUNDUNGEN
100
AcDbLine
 62
7
  6
CONTINUOUS
 10
219.4762629214
 20
206.1240442626
 11
220.976262921
 21
206.1240442626
  0
LINE
  5
53C
100
AcDbEntity
  8
RUNDUNGEN
100
AcDbLine
 62
9
  6
CONTINUOUS
 10
219.476262921
 20
206.1783302466
 11
220.976262921
 21
206.1783302466
  0
LINE
  5
53D
100
AcDbEntity
  8
0
100
AcDbLine
 62
7
  6
CONTINUOUS
 10
200.1372120123
 20
207.1383245819
 11
200.3911363273
 21
207.1383245819
  0
LINE
  5
53E
100
AcDbEntity
  8
BEZUGSACHSEN
100
AcDbLine
 62
7
  6
CENTER
 10
221.5731278642
 20
207.9383245819
 11
196.976262921
 21
207.9383245819
  0
LINE
  5
53F
100
AcDbEntity
  8
0
100
AcDbLine
 62
7
  6
CONTINUOUS
 10
200.1372120123
 20
208.7383245819
 11
200.3911363273
 21
208.7383245819
  0
LINE
  5
540
100
AcDbEntity
  8
0
100
AcDbLine
 62
7
  6
CONTINUOUS
 10
208.1415254264
 20
205.5745120058
 11
208.4079303411
 21
205.0078733183
  0
LINE
  5
541
100
AcDbEntity
  8
0
100
AcDbLine
 62
7
  6
CONTINUOUS
 10
209.1415262117
 20
205.5745120058
 11
209.4079305146
 21
205.0078729488
  0
LINE
  5
542
100
AcDbEntity
  8
0
100
AcDbLine
 62
7
  6
CONTINUOUS
 10
210.1415261428
 20
205.5745120058
 11
210.4079305146
 21
205.0078729488
  0
LINE
  5
543
100
AcDbEntity
  8
0
100
AcDbLine
 62
7
  6
CONTINUOUS
 10
211.1415260735
 20
205.5745120058
 11
211.4079305146
 21
205.0078729488
  0
LINE
  5
544
100
AcDbEntity
  8
0
100
AcDbLine
 62
9
  6
CONTINUOUS
 10
204.4543935776
 20
229.0383245819
 11
204.4543935776
 21
223.0383245819
  0
LINE
  5
545
100
AcDbEntity
  8
BEZUGSACHSEN
100
AcDbLine
 62
9
  6
CONTINUOUS
 10
204.576262921
 20
202.1383245819
 11
204.576262921
 21
213.7383245819
  0
LINE
  5
546
100
AcDbEntity
  8
BEZUGSACHSEN
100
AcDbLine
 62
9
  6
CONTINUOUS
 10
204.576262921
 20
238.3383245819
 11
204.576262921
 21
249.9383245819
  0
LINE
  5
547
100
AcDbEntity
  8
BEZUGSACHSEN
100
AcDbLine
 62
7
  6
CONTINUOUS
 10
204.976262921
 20
249.5383245819
 11
204.976262921
 21
238.7383245819
  0
LINE
  5
548
100
AcDbEntity
  8
BEZUGSACHSEN
100
AcDbLine
 62
7
  6
CONTINUOUS
 10
204.976262921
 20
213.3383245819
 11
204.976262921
 21
202.5383245819
  0
LINE
  5
549
100
AcDbEntity
  8
RUNDUNGEN
100
AcDbLine
 62
7
  6
CONTINUOUS
 10
205.276262921
 20
213.4383245819
 11
205.276262921
 21
218.2883245819
  0
LINE
  5
54A
100
AcDbEntity
  8
RUNDUNGEN
100
AcDbLine
 62
7
  6
CONTINUOUS
 10
205.276262921
 20
233.7883245819
 11
205.276262921
 21
238.6383245819
  0
LINE
  5
54B
100
AcDbEntity
  8
0
100
AcDbLine
 62
3
  6
CONTINUOUS
 10
205.576262921
 20
203.0383245819
 11
205.576262921
 21
249.0383245819
  0
LINE
  5
54C
100
AcDbEntity
  8
0
100
AcDbLine
 62
7
  6
CONTINUOUS
 10
206.576262921
 20
203.0383245819
 11
206.576262921
 21
249.0383245819
  0
LINE
  5
54D
100
AcDbEntity
  8
RUNDUNGEN
100
AcDbLine
 62
9
  6
CONTINUOUS
 10
206.976262921
 20
246.5021371581
 11
206.976262921
 21
205.5745120058
  0
LINE
  5
54E
100
AcDbEntity
  8
0
100
AcDbLine
 62
7
  6
CONTINUOUS
 10
212.9079305146
 20
247.0687762151
 11
212.6510371156
 21
246.522335469
  0
LINE
  5
54F
100
AcDbEntity
  8
0
100
AcDbLine
 62
7
  6
CONTINUOUS
 10
211.9079305146
 20
247.0687762151
 11
211.6520153732
 21
246.5244167643
  0
LINE
  5
550
100
AcDbEntity
  8
0
100
AcDbLine
 62
7
  6
CONTINUOUS
 10
213.907930708
 20
247.0687766271
 11
213.6500556446
 21
246.5202541804
  0
LINE
  5
551
100
AcDbEntity
  8
0
100
AcDbLine
 62
7
  6
CONTINUOUS
 10
214.907930708
 20
247.0687766271
 11
214.6490751627
 21
246.5181728898
  0
LINE
  5
552
100
AcDbEntity
  8
0
100
AcDbLine
 62
7
  6
CONTINUOUS
 10
204.976262921
 20
210.9383245819
 11
205.576262921
 21
210.9383245819
  0
LINE
  5
553
100
AcDbEntity
  8
0
100
AcDbLine
 62
7
  6
CONTINUOUS
 10
212.1415260037
 20
205.5745120058
 11
212.4079305146
 21
205.0078729488
  0
LINE
  5
554
100
AcDbEntity
  8
0
100
AcDbLine
 62
7
  6
CONTINUOUS
 10
213.1415221766
 20
205.5745120058
 11
213.407930708
 21
205.0078725367
  0
LINE
  5
555
100
AcDbEntity
  8
0
100
AcDbLine
 62
7
  6
CONTINUOUS
 10
214.1415221766
 20
205.5745120058
 11
214.407930708
 21
205.0078725367
  0
LINE
  5
556
100
AcDbEntity
  8
0
100
AcDbLine
 62
7
  6
CONTINUOUS
 10
215.1415221766
 20
205.5745120058
 11
215.407930708
 21
205.0078725367
  0
LINE
  5
557
100
AcDbEntity
  8
0
100
AcDbLine
 62
7
  6
CONTINUOUS
 10
215.907930708
 20
247.0687766271
 11
215.6480946519
 21
246.5160915992
  0
LINE
  5
558
100
AcDbEntity
  8
0
100
AcDbLine
 62
7
  6
CONTINUOUS
 10
216.907930708
 20
247.0687766271
 11
216.6471141109
 21
246.5140103086
  0
LINE
  5
559
100
AcDbEntity
  8
0
100
AcDbLine
 62
7
  6
CONTINUOUS
 10
217.9079309449
 20
247.0687771317
 11
217.6461350147
 21
246.5119290151
  0
LINE
  5
55A
100
AcDbEntity
  8
0
100
AcDbLine
 62
7
  6
CONTINUOUS
 10
218.9079309449
 20
247.0687771317
 11
218.6451544536
 21
246.5098477246
  0
LINE
  5
55B
100
AcDbEntity
  8
BEZUGSACHSEN
100
AcDbLine
 62
7
  6
CONTINUOUS
 10
201.4942758997
 20
213.7383245819
 11
204.576262921
 21
213.7383245819
  0
LINE
  5
55C
100
AcDbEntity
  8
RUNDUNGEN
100
AcDbLine
 62
9
  6
CONTINUOUS
 10
205.276262921
 20
215.4383245819
 11
205.576262921
 21
215.4383245819
  0
LINE
  5
55D
100
AcDbEntity
  8
0
100
AcDbLine
 62
7
  6
CONTINUOUS
 10
216.1415221766
 20
205.5745120058
 11
216.407930708
 21
205.0078725367
  0
LINE
  5
55E
100
AcDbEntity
  8
0
100
AcDbLine
 62
7
  6
CONTINUOUS
 10
217.1415192782
 20
205.5745120058
 11
217.4079309449
 21
205.0078720321
  0
LINE
  5
55F
100
AcDbEntity
  8
0
100
AcDbLine
 62
7
  6
CONTINUOUS
 10
218.1415192782
 20
205.5745120058
 11
218.4079309449
 21
205.0078720321
  0
LINE
  5
560
100
AcDbEntity
  8
0
100
AcDbLine
 62
7
  6
CONTINUOUS
 10
219.089860466
 20
205.6841429171
 11
219.4079309449
 21
205.0078720321
  0
LINE
  5
561
100
AcDbEntity
  8
0
100
AcDbLine
 62
7
  6
CONTINUOUS
 10
219.9079309449
 20
247.0687771317
 11
219.6441738603
 21
246.5077664341
  0
LINE
  5
562
100
AcDbEntity
  8
0
100
AcDbLine
 62
7
  6
CONTINUOUS
 10
220.9079309449
 20
247.0687771317
 11
220.6431932327
 21
246.5056851438
  0
LINE
  5
563
100
AcDbEntity
  8
0
100
AcDbLine
 62
7
  6
CONTINUOUS
 10
205.576262921
 20
218.2883245819
 11
187.076262921
 21
218.2883245819
  0
LINE
  5
564
100
AcDbEntity
  8
BEZUGSACHSEN
100
AcDbLine
 62
7
  6
CONTINUOUS
 10
187.076262921
 20
218.2883245819
 11
205.576262921
 21
218.2883245819
  0
LINE
  5
565
100
AcDbEntity
  8
0
100
AcDbLine
 62
7
  6
CONTINUOUS
 10
220.0858139668
 20
205.6927246277
 11
220.4079309449
 21
205.0078720321
  0
LINE
  5
566
100
AcDbEntity
  8
0
100
AcDbLine
 62
7
  6
CONTINUOUS
 10
206.6445954557
 20
205.007873222
 11
206.9018506953
 21
205.5550879013
  0
LINE
  5
567
100
AcDbEntity
  8
0
100
AcDbLine
 62
7
  6
CONTINUOUS
 10
179.676262921
 20
220.4883245819
 11
186.676262921
 21
220.4883245819
  0
LINE
  5
568
100
AcDbEntity
  8
RUNDUNGEN
100
AcDbLine
 62
7
  6
CONTINUOUS
 10
179.676262921
 20
220.4883245819
 11
186.676262921
 21
220.4883245819
  0
LINE
  5
569
100
AcDbEntity
  8
0
100
AcDbLine
 62
9
  6
CONTINUOUS
 10
179.676262921
 20
220.9169794503
 11
186.676262921
 21
220.9169794503
  0
LINE
  5
56A
100
AcDbEntity
  8
RUNDUNGEN
100
AcDbLine
 62
9
  6
CONTINUOUS
 10
186.676262921
 20
222.2883245819
 11
187.076262921
 21
222.2883245819
  0
LINE
  5
56B
100
AcDbEntity
  8
BEZUGSACHSEN
100
AcDbLine
 62
9
  6
CONTINUOUS
 10
187.076262921
 20
222.2883245819
 11
205.576262921
 21
222.2883245819
  0
LINE
  5
56C
100
AcDbEntity
  8
0
100
AcDbLine
 62
3
  6
CONTINUOUS
 10
205.5051967865
 20
223.0383245819
 11
182.9267395704
 21
223.0383245819
  0
LINE
  5
56D
100
AcDbEntity
  8
RUNDUNGEN
100
AcDbLine
 62
3
  6
CONTINUOUS
 10
182.9267395704
 20
223.0383245819
 11
181.4589589308
 21
223.0383245819
  0
LINE
  5
56E
100
AcDbEntity
  8
RUNDUNGEN
100
AcDbLine
 62
7
  6
CONTINUOUS
 10
180.6709481772
 20
223.0383245819
 11
181.4589589308
 21
223.0383245819
  0
LINE
  5
56F
100
AcDbEntity
  8
0
100
AcDbLine
 62
7
  6
CONTINUOUS
 10
207.4082229371
 20
246.508031631
 11
207.1445954557
 21
247.0687759419
  0
LINE
  5
570
100
AcDbEntity
  8
RUNDUNGEN
100
AcDbLine
 62
9
  6
CONTINUOUS
 10
218.076262921
 20
205.601321377
 11
218.076262921
 21
205.7325624687
  0
LINE
  5
571
100
AcDbEntity
  8
RUNDUNGEN
100
AcDbLine
 62
9
  6
CONTINUOUS
 10
218.076262921
 20
246.3440866952
 11
218.076262921
 21
246.4753277869
  0
LINE
  5
572
100
AcDbEntity
  8
RUNDUNGEN
100
AcDbLine
 62
9
  6
CONTINUOUS
 10
219.476262921
 20
206.1783302466
 11
219.4762629214
 21
206.1240442626
  0
LINE
  5
573
100
AcDbEntity
  8
RUNDUNGEN
100
AcDbLine
 62
9
  6
CONTINUOUS
 10
219.476262921
 20
245.8983189173
 11
219.4762623775
 21
245.9526049013
  0
LINE
  5
574
100
AcDbEntity
  8
0
100
AcDbLine
 62
7
  6
CONTINUOUS
 10
207.6445954557
 20
205.007873222
 11
207.9110000469
 21
205.5745120058
  0
LINE
  5
575
100
AcDbEntity
  8
0
100
AcDbLine
 62
7
  6
CONTINUOUS
 10
208.6445954557
 20
205.007873222
 11
208.9110004481
 21
205.5745120058
  0
LINE
  5
576
100
AcDbEntity
  8
0
100
AcDbLine
 62
7
  6
CONTINUOUS
 10
209.6445952846
 20
205.0078728576
 11
209.9110006274
 21
205.5745120058
  0
LINE
  5
577
100
AcDbEntity
  8
0
100
AcDbLine
 62
7
  6
CONTINUOUS
 10
210.6445952846
 20
205.0078728576
 11
210.9110006274
 21
205.5745120058
  0
LINE
  5
578
100
AcDbEntity
  8
0
100
AcDbLine
 62
9
  6
CONTINUOUS
 10
180.452089867
 20
223.255399079
 11
179.676262921
 21
223.255399079
  0
LINE
  5
579
100
AcDbEntity
  8
RUNDUNGEN
100
AcDbLine
 62
9
  6
CONTINUOUS
 10
180.4246835871
 20
223.4383245819
 11
181.2126943407
 21
223.4383245819
  0
LINE
  5
57A
100
AcDbEntity
  8
0
100
AcDbLine
 62
9
  6
CONTINUOUS
 10
180.4246835871
 20
223.6645615456
 11
179.676262921
 21
223.6645615456
  0
LINE
  5
57B
100
AcDbEntity
  8
0
100
AcDbLine
 62
9
  6
CONTINUOUS
 10
179.676262921
 20
223.8086636094
 11
180.4246835871
 21
223.8086636094
  0
LINE
  5
57C
100
AcDbEntity
  8
0
100
AcDbLine
 62
9
  6
CONTINUOUS
 10
179.676262921
 20
224.9891712076
 11
180.4246835871
 21
224.9891712076
  0
LINE
  5
57D
100
AcDbEntity
  8
BEZUGSACHSEN
100
AcDbLine
 62
7
  6
CENTER
 10
263.976262921
 20
226.0383245819
 11
176.3324668207
 21
226.0383245819
  0
LINE
  5
57E
100
AcDbEntity
  8
0
100
AcDbLine
 62
9
  6
CONTINUOUS
 10
205.576262921
 20
226.0383245819
 11
206.576262921
 21
226.0383245819
  0
LINE
  5
57F
100
AcDbEntity
  8
0
100
AcDbLine
 62
7
  6
CONTINUOUS
 10
208.4094826578
 20
246.5053572311
 11
208.1445954557
 21
247.0687759419
  0
LINE
  5
580
100
AcDbEntity
  8
0
100
AcDbLine
 62
7
  6
CONTINUOUS
 10
209.4107549607
 20
246.5026561792
 11
209.1445954557
 21
247.0687759419
  0
LINE
  5
581
100
AcDbEntity
  8
0
100
AcDbLine
 62
7
  6
CONTINUOUS
 10
210.4120404624
 20
246.4999271683
 11
210.1445952846
 21
247.0687763063
  0
LINE
  5
582
100
AcDbEntity
  8
AUSFORMSCHRAEGEN
100
AcDbLine
 62
7
  6
CONTINUOUS
 10
220.976262921
 20
249.1146726341
 11
220.976262921
 21
202.9619765298
  0
LINE
  5
583
100
AcDbEntity
  8
0
100
AcDbLine
 62
7
  6
CONTINUOUS
 10
211.6445952846
 20
205.0078728576
 11
211.9110006274
 21
205.5745120058
  0
LINE
  5
584
100
AcDbEntity
  8
0
100
AcDbLine
 62
7
  6
CONTINUOUS
 10
212.6445952846
 20
205.0078728576
 11
212.9110006274
 21
205.5745120058
  0
LINE
  5
585
100
AcDbEntity
  8
0
100
AcDbLine
 62
7
  6
CONTINUOUS
 10
213.6445950942
 20
205.0078724519
 11
213.9110049085
 21
205.5745120058
  0
LINE
  5
586
100
AcDbEntity
  8
0
100
AcDbLine
 62
7
  6
CONTINUOUS
 10
214.6445950942
 20
205.0078724519
 11
214.9110049085
 21
205.5745120058
  0
LINE
  5
587
100
AcDbEntity
  8
RUNDUNGEN
100
AcDbLine
 62
9
  6
CONTINUOUS
 10
180.4246835871
 20
228.6383245819
 11
181.2126943407
 21
228.6383245819
  0
LINE
  5
588
100
AcDbEntity
  8
RUNDUNGEN
100
AcDbLine
 62
7
  6
CONTINUOUS
 10
180.6709481772
 20
229.0383245819
 11
181.4589589308
 21
229.0383245819
  0
LINE
  5
589
100
AcDbEntity
  8
RUNDUNGEN
100
AcDbLine
 62
3
  6
CONTINUOUS
 10
181.4589589308
 20
229.0383245819
 11
182.9267395704
 21
229.0383245819
  0
LINE
  5
58A
100
AcDbEntity
  8
0
100
AcDbLine
 62
3
  6
CONTINUOUS
 10
182.9267395704
 20
229.0383245819
 11
205.5051967865
 21
229.0383245819
  0
LINE
  5
58B
100
AcDbEntity
  8
RUNDUNGEN
100
AcDbLine
 62
9
  6
CONTINUOUS
 10
186.676262921
 20
229.7883245819
 11
187.076262921
 21
229.7883245793
  0
LINE
  5
58C
100
AcDbEntity
  8
BEZUGSACHSEN
100
AcDbLine
 62
9
  6
CONTINUOUS
 10
187.076262921
 20
229.7883245819
 11
205.576262921
 21
229.7883245795
  0
LINE
  5
58D
100
AcDbEntity
  8
0
100
AcDbLine
 62
7
  6
CONTINUOUS
 10
211.4110004359
 20
246.5021371581
 11
211.1445952846
 21
247.0687763063
  0
LINE
  5
58E
100
AcDbEntity
  8
0
100
AcDbLine
 62
7
  6
CONTINUOUS
 10
212.4110009943
 20
246.5021371581
 11
212.1445952846
 21
247.0687763063
  0
LINE
  5
58F
100
AcDbEntity
  8
0
100
AcDbLine
 62
7
  6
CONTINUOUS
 10
213.4110015602
 20
246.5021371581
 11
213.1445952846
 21
247.0687763063
  0
LINE
  5
590
100
AcDbEntity
  8
0
100
AcDbLine
 62
7
  6
CONTINUOUS
 10
214.4110015676
 20
246.5021371581
 11
214.1445950942
 21
247.068776712
  0
LINE
  5
591
100
AcDbEntity
  8
0
100
AcDbLine
 62
7
  6
CONTINUOUS
 10
215.6445950942
 20
205.0078724519
 11
215.9110049085
 21
205.5745120058
  0
LINE
  5
592
100
AcDbEntity
  8
0
100
AcDbLine
 62
7
  6
CONTINUOUS
 10
216.6445950942
 20
205.0078724519
 11
216.9110049085
 21
205.5745120058
  0
LINE
  5
593
100
AcDbEntity
  8
0
100
AcDbLine
 62
7
  6
CONTINUOUS
 10
217.6445948623
 20
205.0078719579
 11
217.9110068379
 21
205.5745120058
  0
LINE
  5
594
100
AcDbEntity
  8
0
100
AcDbLine
 62
9
  6
CONTINUOUS
 10
179.676262921
 20
230.3883245819
 11
186.676262921
 21
230.3883245819
  0
LINE
  5
595
100
AcDbEntity
  8
0
100
AcDbLine
 62
7
  6
CONTINUOUS
 10
179.676262921
 20
231.5883245819
 11
186.676262921
 21
231.5883245819
  0
LINE
  5
596
100
AcDbEntity
  8
RUNDUNGEN
100
AcDbLine
 62
7
  6
CONTINUOUS
 10
179.676262921
 20
231.5883245819
 11
186.676262921
 21
231.5883245819
  0
LINE
  5
597
100
AcDbEntity
  8
0
100
AcDbLine
 62
7
  6
CONTINUOUS
 10
215.4110020274
 20
246.5021371581
 11
215.1445950942
 21
247.068776712
  0
LINE
  5
598
100
AcDbEntity
  8
0
100
AcDbLine
 62
7
  6
CONTINUOUS
 10
216.4110024945
 20
246.5021371581
 11
216.1445950942
 21
247.068776712
  0
LINE
  5
599
100
AcDbEntity
  8
0
100
AcDbLine
 62
7
  6
CONTINUOUS
 10
217.4110029698
 20
246.5021371581
 11
217.1445950942
 21
247.068776712
  0
LINE
  5
59A
100
AcDbEntity
  8
0
100
AcDbLine
 62
7
  6
CONTINUOUS
 10
218.422880624
 20
246.4769169125
 11
218.1445948623
 21
247.068777206
  0
LINE
  5
59B
100
AcDbEntity
  8
0
100
AcDbLine
 62
7
  6
CONTINUOUS
 10
219.4336756512
 20
246.4521789132
 11
219.4243308949
 21
246.4738420053
  0
LWPOLYLINE
  5
59C
100
AcDbEntity
  8
RUNDUNGEN
100
AcDbPolyline
 62
7
  6
CONTINUOUS
 90
3
 70
0
 10
219.0033427922
 20
245.9916264841
 10
219.0017948035
 20
245.9960603639
 10
218.9412849315
 20
246.1105381338
  0
LINE
  5
59D
100
AcDbEntity
  8
0
100
AcDbLine
 62
7
  6
CONTINUOUS
 10
218.6445948623
 20
205.0078719579
 11
218.9512770677
 21
205.6599849018
  0
LINE
  5
59E
100
AcDbEntity
  8
0
100
AcDbLine
 62
7
  6
CONTINUOUS
 10
219.6445948623
 20
205.0078719579
 11
219.9553983913
 21
205.66872634
  0
LINE
  5
59F
100
AcDbEntity
  8
0
100
AcDbLine
 62
7
  6
CONTINUOUS
 10
220.6445948623
 20
205.0078719579
 11
220.9595200556
 21
205.6774677811
  0
LWPOLYLINE
  5
5A0
100
AcDbEntity
  8
RUNDUNGEN
100
AcDbPolyline
 62
7
  6
CONTINUOUS
 90
3
 70
0
 10
218.9359462628
 20
205.9577711492
 10
218.9973612388
 20
206.0705513998
 10
219.002589693
 20
206.0849325291
  0
LINE
  5
5A1
100
AcDbEntity
  8
0
100
AcDbLine
 62
7
  6
CONTINUOUS
 10
200.3707597644
 20
204.6383312364
 11
200.3911363273
 21
204.6513296882
  0
LINE
  5
5A2
100
AcDbEntity
  8
BEZUGSACHSEN
100
AcDbLine
 62
7
  6
CONTINUOUS
 10
187.076262921
 20
233.7883245819
 11
205.576262921
 21
233.7883245819
  0
LINE
  5
5A3
100
AcDbEntity
  8
RUNDUNGEN
100
AcDbLine
 62
9
  6
CONTINUOUS
 10
205.276262921
 20
236.6383245819
 11
205.576262921
 21
236.63832458
  0
LINE
  5
5A4
100
AcDbEntity
  8
0
100
AcDbLine
 62
7
  6
CONTINUOUS
 10
200.3911363273
 20
247.4253194757
 11
200.3707597644
 21
247.4383179275
  0
LINE
  5
5A5
100
AcDbEntity
  8
0
100
AcDbLine
 62
7
  6
CONTINUOUS
 10
219.4243293887
 20
246.4738419811
 11
219.1445948623
 21
247.068777206
  0
LINE
  5
5A6
100
AcDbEntity
  8
0
100
AcDbLine
 62
7
  6
CONTINUOUS
 10
220.425808787
 20
246.4707021151
 11
220.1445948623
 21
247.068777206
  0
LINE
  5
5A7
100
AcDbEntity
  8
0
100
AcDbLine
 62
7
  6
CONTINUOUS
 10
220.4340475585
 20
246.4518766962
 11
220.4258647812
 21
246.4707030783
  0
LINE
  5
5A8
100
AcDbEntity
  8
BEZUGSACHSEN
100
AcDbLine
 62
7
  6
CONTINUOUS
 10
201.4942758997
 20
238.3383245819
 11
204.576262921
 21
238.3383245819
  0
LWPOLYLINE
  5
5A9
100
AcDbEntity
  8
RUNDUNGEN
100
AcDbPolyline
 62
7
  6
CONTINUOUS
 90
8
 70
0
 10
218.9412849315
 20
246.1105381338
 10
218.8632317066
 20
246.2150277342
 10
218.7687394408
 20
246.3069750597
 10
218.6583710382
 20
246.3841169905
 10
218.5336001339
 20
246.4438725617
 10
218.3956974062
 20
246.4838742965
 10
218.2462326343
 20
246.5015322492
 10
218.2120749198
 20
246.502132893
  0
LINE
  5
5AA
100
AcDbEntity
  8
0
100
AcDbLine
 62
7
  6
CONTINUOUS
 10
204.976262921
 20
241.1383245819
 11
205.576262921
 21
241.1383245819
  0
LINE
  5
5AB
100
AcDbEntity
  8
0
100
AcDbLine
 62
7
  6
CONTINUOUS
 10
200.1372120123
 20
243.3383245819
 11
200.3911363273
 21
243.3383245819
  0
LWPOLYLINE
  5
5AC
100
AcDbEntity
  8
RUNDUNGEN
100
AcDbPolyline
 62
7
  6
CONTINUOUS
 90
9
 70
0
 10
218.7277793072
 20
206.01193611
 10
218.7354098302
 20
206.0153914166
 10
218.7605643585
 20
206.0252521403
 10
218.804029121
 20
206.0396801341
 10
218.8658101393
 20
206.056768821
 10
218.945655671
 20
206.0747789318
 10
219.0422841409
 20
206.0920116258
 10
219.1539006599
 20
206.1067422643
 10
219.2777152704
 20
206.1176143575
  0
LINE
  5
5AD
100
AcDbEntity
  8
BEZUGSACHSEN
100
AcDbLine
 62
7
  6
CENTER
 10
221.6868437359
 20
244.1383245819
 11
196.976262921
 21
244.1383245819
  0
LINE
  5
5AE
100
AcDbEntity
  8
0
100
AcDbLine
 62
7
  6
CONTINUOUS
 10
200.1372120123
 20
244.9383245819
 11
200.3911363273
 21
244.9383245819
  0
LINE
  5
5AF
100
AcDbEntity
  8
RUNDUNGEN
100
AcDbLine
 62
9
  6
CONTINUOUS
 10
220.976262921
 20
245.8983189173
 11
219.476262921
 21
245.8983189173
  0
LINE
  5
5B0
100
AcDbEntity
  8
RUNDUNGEN
100
AcDbLine
 62
7
  6
CONTINUOUS
 10
220.976262921
 20
245.9526049013
 11
219.4762623828
 21
245.9526049013
  0
LINE
  5
5B1
100
AcDbEntity
  8
RUNDUNGEN
100
AcDbLine
 62
9
  6
CONTINUOUS
 10
218.076262921
 20
246.4753277869
 11
206.976262921
 21
246.4753277869
  0
LINE
  5
5B2
100
AcDbEntity
  8
RUNDUNGEN
100
AcDbLine
 62
7
  6
CONTINUOUS
 10
218.2128640449
 20
246.5021370881
 11
206.976262921
 21
246.5021371581
  0
LINE
  5
5B3
100
AcDbEntity
  8
0
100
AcDbLine
 62
9
  6
CONTINUOUS
 10
220.6746815479
 20
246.4518039996
 11
220.4340475585
 21
246.4518766962
  0
LINE
  5
5B4
100
AcDbEntity
  8
0
100
AcDbLine
 62
9
  6
CONTINUOUS
 10
219.6767956058
 20
246.4521054655
 11
219.4336756512
 21
246.4521789132
  0
LINE
  5
5B5
100
AcDbEntity
  8
0
100
AcDbLine
 62
9
  6
CONTINUOUS
 10
218.6789407418
 20
246.4524069222
 11
218.503996419
 21
246.4524597737
  0
LINE
  5
5B6
100
AcDbEntity
  8
0
100
AcDbLine
 62
9
  6
CONTINUOUS
 10
206.7070455182
 20
246.4560236875
 11
206.576262921
 21
246.4560631976
  0
LINE
  5
5B7
100
AcDbEntity
  8
0
100
AcDbLine
 62
7
  6
CONTINUOUS
 10
220.654562644
 20
246.5056614575
 11
220.4091022167
 21
246.5061728334
  0
LINE
  5
5B8
100
AcDbEntity
  8
0
100
AcDbLine
 62
7
  6
CONTINUOUS
 10
219.6555331754
 20
246.5077427689
 11
219.4081196885
 21
246.5082582137
  0
LINE
  5
5B9
100
AcDbEntity
  8
0
100
AcDbLine
 62
7
  6
CONTINUOUS
 10
218.6565037069
 20
246.5098240803
 11
218.4071371932
 21
246.5103435939
  0
LINE
  5
5BA
100
AcDbEntity
  8
0
100
AcDbLine
 62
7
  6
CONTINUOUS
 10
217.6574742383
 20
246.5119053917
 11
217.4061562251
 21
246.5124289709
  0
LINE
  5
5BB
100
AcDbEntity
  8
0
100
AcDbLine
 62
7
  6
CONTINUOUS
 10
216.6584447697
 20
246.5139867031
 11
216.4051737481
 21
246.514514351
  0
LINE
  5
5BC
100
AcDbEntity
  8
0
100
AcDbLine
 62
7
  6
CONTINUOUS
 10
215.6594153012
 20
246.5160680145
 11
215.4041913016
 21
246.5165997311
  0
LINE
  5
5BD
100
AcDbEntity
  8
0
100
AcDbLine
 62
7
  6
CONTINUOUS
 10
214.6603858326
 20
246.5181493259
 11
214.4032088845
 21
246.5186851112
  0
LINE
  5
5BE
100
AcDbEntity
  8
0
100
AcDbLine
 62
7
  6
CONTINUOUS
 10
213.6613563641
 20
246.5202306373
 11
213.4022277285
 21
246.5207704886
  0
LINE
  5
5BF
100
AcDbEntity
  8
0
100
AcDbLine
 62
7
  6
CONTINUOUS
 10
212.6623268955
 20
246.5223119487
 11
212.4012453349
 21
246.5228558686
  0
LINE
  5
5C0
100
AcDbEntity
  8
0
100
AcDbLine
 62
7
  6
CONTINUOUS
 10
211.663297427
 20
246.5243932601
 11
211.4002629694
 21
246.5249412485
  0
LINE
  5
5C1
100
AcDbEntity
  8
0
100
AcDbLine
 62
7
  6
CONTINUOUS
 10
210.6642679584
 20
246.5264745714
 11
210.3992806314
 21
246.5270266284
  0
LINE
  5
5C2
100
AcDbEntity
  8
0
100
AcDbLine
 62
7
  6
CONTINUOUS
 10
209.6652384898
 20
246.5285558828
 11
209.3982950772
 21
246.5291120149
  0
LINE
  5
5C3
100
AcDbEntity
  8
0
100
AcDbLine
 62
7
  6
CONTINUOUS
 10
208.6662090213
 20
246.5306371942
 11
208.3973133609
 21
246.5311973935
  0
LINE
  5
5C4
100
AcDbEntity
  8
0
100
AcDbLine
 62
7
  6
CONTINUOUS
 10
207.6671795527
 20
246.5327185056
 11
207.3963316447
 21
246.5332827721
  0
LINE
  5
5C5
100
AcDbEntity
  8
0
100
AcDbLine
 62
7
  6
CONTINUOUS
 10
206.6681500842
 20
246.534799817
 11
206.576262921
 21
246.5349912486
  0
LINE
  5
5C6
100
AcDbEntity
  8
RUNDUNGEN
100
AcDbLine
 62
7
  6
CONTINUOUS
 10
219.4762623776
 20
245.9526028208
 11
219.4271218971
 21
245.9529685602
  0
LINE
  5
5C7
100
AcDbEntity
  8
RUNDUNGEN
100
AcDbLine
 62
7
  6
CONTINUOUS
 10
219.4271218971
 20
245.9529685602
 11
219.2932423848
 21
245.9580482467
  0
LWPOLYLINE
  5
5C8
100
AcDbEntity
  8
RUNDUNGEN
100
AcDbPolyline
 62
7
  6
CONTINUOUS
 90
8
 70
0
 10
219.2932423848
 20
245.9580482467
 10
219.1673661409
 20
245.9684614553
 10
219.0533745172
 20
245.9829378248
 10
218.954252631
 20
246.0001516285
 10
218.8719666786
 20
246.0183461324
 10
218.8079873582
 20
246.0357697684
 10
218.7627156586
 20
246.0506185066
 10
218.7569793357
 20
246.0527128912
  0
LINE
  5
5C9
100
AcDbEntity
  8
AUSFORMSCHRAEGEN
100
AcDbLine
 62
7
  6
CONTINUOUS
 10
220.976262921
 20
249.1146726341
 11
250.5832438836
 21
249.6314644091
  0
LINE
  5
5CA
100
AcDbEntity
  8
0
100
AcDbLine
 62
7
  6
CONTINUOUS
 10
220.976262921
 20
247.0883245819
 11
220.926262921
 21
247.0883245819
  0
LINE
  5
5CB
100
AcDbEntity
  8
0
100
AcDbLine
 62
7
  6
CONTINUOUS
 10
220.126262921
 20
247.0883245819
 11
219.926262921
 21
247.0883245819
  0
LINE
  5
5CC
100
AcDbEntity
  8
0
100
AcDbLine
 62
7
  6
CONTINUOUS
 10
219.126262921
 20
247.0883245819
 11
218.926262921
 21
247.0883245819
  0
LINE
  5
5CD
100
AcDbEntity
  8
0
100
AcDbLine
 62
7
  6
CONTINUOUS
 10
218.126262921
 20
247.0883245819
 11
217.926262921
 21
247.0883245819
  0
LINE
  5
5CE
100
AcDbEntity
  8
0
100
AcDbLine
 62
7
  6
CONTINUOUS
 10
217.126262921
 20
247.0883245819
 11
216.926262921
 21
247.0883245819
  0
LINE
  5
5CF
100
AcDbEntity
  8
0
100
AcDbLine
 62
7
  6
CONTINUOUS
 10
216.126262921
 20
247.0883245819
 11
215.926262921
 21
247.0883245819
  0
LINE
  5
5D0
100
AcDbEntity
  8
0
100
AcDbLine
 62
7
  6
CONTINUOUS
 10
215.126262921
 20
247.0883245819
 11
214.926262921
 21
247.0883245819
  0
LINE
  5
5D1
100
AcDbEntity
  8
0
100
AcDbLine
 62
7
  6
CONTINUOUS
 10
214.126262921
 20
247.0883245819
 11
213.926262921
 21
247.0883245819
  0
LINE
  5
5D2
100
AcDbEntity
  8
0
100
AcDbLine
 62
7
  6
CONTINUOUS
 10
213.126262921
 20
247.0883245819
 11
212.926262921
 21
247.0883245819
  0
LINE
  5
5D3
100
AcDbEntity
  8
0
100
AcDbLine
 62
7
  6
CONTINUOUS
 10
212.126262921
 20
247.0883245819
 11
211.926262921
 21
247.0883245819
  0
LINE
  5
5D4
100
AcDbEntity
  8
0
100
AcDbLine
 62
7
  6
CONTINUOUS
 10
211.126262921
 20
247.0883245819
 11
210.926262921
 21
247.0883245819
  0
LINE
  5
5D5
100
AcDbEntity
  8
0
100
AcDbLine
 62
7
  6
CONTINUOUS
 10
210.126262921
 20
247.0883245819
 11
209.926262921
 21
247.0883245819
  0
LINE
  5
5D6
100
AcDbEntity
  8
0
100
AcDbLine
 62
7
  6
CONTINUOUS
 10
209.126262921
 20
247.0883245819
 11
208.926262921
 21
247.0883245819
  0
LINE
  5
5D7
100
AcDbEntity
  8
0
100
AcDbLine
 62
7
  6
CONTINUOUS
 10
208.126262921
 20
247.0883245819
 11
207.926262921
 21
247.0883245819
  0
LINE
  5
5D8
100
AcDbEntity
  8
0
100
AcDbLine
 62
7
  6
CONTINUOUS
 10
207.126262921
 20
247.0883245819
 11
206.926262921
 21
247.0883245819
  0
LINE
  5
5D9
100
AcDbEntity
  8
0
100
AcDbLine
 62
7
  6
CONTINUOUS
 10
204.976262921
 20
247.1383245819
 11
205.576262921
 21
247.1383245819
  0
LINE
  5
5DA
100
AcDbEntity
  8
0
100
AcDbLine
 62
7
  6
CONTINUOUS
 10
206.576262921
 20
249.0383245819
 11
205.576262921
 21
249.0383245819
  0
LINE
  5
5DB
100
AcDbEntity
  8
BEZUGSACHSEN
100
AcDbLine
 62
7
  6
CONTINUOUS
 10
255.176262921
 20
249.6383245819
 11
259.976262921
 21
249.6383245819
  0
LINE
  5
5DC
100
AcDbEntity
  8
BEZUGSACHSEN
100
AcDbLine
 62
7
  6
CONTINUOUS
 10
201.4942758997
 20
249.9383245819
 11
204.576262921
 21
249.9383245819
  0
LINE
  5
5DD
100
AcDbEntity
  8
RUNDUNGEN
100
AcDbLine
 62
9
  6
CONTINUOUS
 10
254.976262921
 20
250.0383245819
 11
250.976262921
 21
250.0383245819
  0
LINE
  5
5DE
100
AcDbEntity
  8
RUNDUNGEN
100
AcDbLine
 62
9
  6
CONTINUOUS
 10
250.5832438836
 20
202.4451847548
 11
250.5832438836
 21
249.6314644091
  0
LINE
  5
5DF
100
AcDbEntity
  8
BEZUGSACHSEN
100
AcDbLine
 62
7
  6
CONTINUOUS
 10
250.976262921
 20
195.0383245819
 11
250.976262921
 21
257.0383245819
  0
LINE
  5
5E0
100
AcDbEntity
  8
RUNDUNGEN
100
AcDbLine
 62
7
  6
CONTINUOUS
 10
253.976262921
 20
257.0383245819
 11
250.976262921
 21
257.0383245819
  0
LINE
  5
5E1
100
AcDbEntity
  8
BEZUGSACHSEN
100
AcDbLine
 62
7
  6
CONTINUOUS
 10
250.976262921
 20
257.0383245819
 11
253.976262921
 21
257.0383245819
  0
LINE
  5
5E2
100
AcDbEntity
  8
RUNDUNGEN
100
AcDbLine
 62
9
  6
CONTINUOUS
 10
253.976262921
 20
257.0383245819
 11
253.976262921
 21
195.0383245819
  0
LINE
  5
5E3
100
AcDbEntity
  8
RUNDUNGEN
100
AcDbLine
 62
7
  6
CONTINUOUS
 10
254.976262921
 20
256.0383245819
 11
254.976262921
 21
196.0383245819
  0
LINE
  5
5E4
100
AcDbEntity
  8
RUNDUNGEN
100
AcDbLine
 62
9
  6
CONTINUOUS
 10
255.176262921
 20
202.4383245819
 11
255.176262921
 21
249.6383245819
  0
LINE
  5
5E5
100
AcDbEntity
  8
BEZUGSACHSEN
100
AcDbLine
 62
9
  6
CONTINUOUS
 10
259.976262921
 20
249.6383245819
 11
259.976262921
 21
202.4383245819
  0
LINE
  5
5E6
100
AcDbEntity
  8
BEZUGSACHSEN
100
AcDbLine
 62
7
  6
CONTINUOUS
 10
260.976262921
 20
248.6383245819
 11
260.976262921
 21
203.4383245819
  0
LINE
  5
5E7
100
AcDbEntity
  8
BEZUGSACHSEN
100
AcDbLine
 62
7
  6
CONTINUOUS
 10
314.4420916786
 20
195.0383245819
 11
352.4420916786
 21
195.0383245819
  0
LINE
  5
5E8
100
AcDbEntity
  8
BEZUGSACHSEN
100
AcDbLine
 62
7
  6
CONTINUOUS
 10
307.4420916786
 20
250.0383245819
 11
307.4420916786
 21
202.0383245819
  0
LINE
  5
5E9
100
AcDbEntity
  8
BEZUGSACHSEN
100
AcDbLine
 62
7
  6
CENTER
 10
314.4420916786
 20
202.0383245819
 11
305.4420916786
 21
202.0383245819
  0
LINE
  5
5EA
100
AcDbEntity
  8
BEZUGSACHSEN
100
AcDbLine
 62
7
  6
CENTER
 10
314.4420916786
 20
202.0383245819
 11
323.4420916786
 21
202.0383245819
  0
LINE
  5
5EB
100
AcDbEntity
  8
BEZUGSACHSEN
100
AcDbLine
 62
7
  6
CENTER
 10
314.4420916786
 20
202.0383245819
 11
314.4420916786
 21
193.0383245819
  0
LINE
  5
5EC
100
AcDbEntity
  8
BEZUGSACHSEN
100
AcDbLine
 62
7
  6
CENTER
 10
314.4420916786
 20
202.0383245819
 11
314.4420916786
 21
211.0383245819
  0
LINE
  5
5ED
100
AcDbEntity
  8
0
100
AcDbLine
 62
7
  6
CONTINUOUS
 10
334.2420916786
 20
206.9383245819
 11
332.6420916786
 21
206.9383245819
  0
LINE
  5
5EE
100
AcDbEntity
  8
0
100
AcDbLine
 62
7
  6
CONTINUOUS
 10
330.1550967848
 20
207.1383245819
 11
332.4420916786
 21
207.1383245819
  0
LINE
  5
5EF
100
AcDbEntity
  8
0
100
AcDbLine
 62
7
  6
CONTINUOUS
 10
334.4420916786
 20
207.1383245819
 11
336.7290865723
 21
207.1383245819
  0
LINE
  5
5F0
100
AcDbEntity
  8
RUNDUNGEN
100
AcDbLine
 62
3
  6
CONTINUOUS
 10
316.2920916786
 20
218.8383245819
 11
316.2920916786
 21
233.2383245819
  0
LINE
  5
5F1
100
AcDbEntity
  8
RUNDUNGEN
100
AcDbLine
 62
7
  6
CONTINUOUS
 10
316.4420916786
 20
229.7883245819
 11
316.4420916786
 21
222.2883245845
  0
LINE
  5
5F2
100
AcDbEntity
  8
RUNDUNGEN
100
AcDbLine
 62
9
  6
CONTINUOUS
 10
316.8420916786
 20
229.7883245819
 11
316.8420916786
 21
222.2883245819
  0
LINE
  5
5F3
100
AcDbEntity
  8
RUNDUNGEN
100
AcDbLine
 62
3
  6
CONTINUOUS
 10
317.1420916786
 20
217.1383245819
 11
317.1420916786
 21
218.0383245819
  0
LINE
  5
5F4
100
AcDbEntity
  8
RUNDUNGEN
100
AcDbLine
 62
3
  6
CONTINUOUS
 10
317.1420916786
 20
234.0383245819
 11
317.1420916786
 21
234.9383245819
  0
LINE
  5
5F5
100
AcDbEntity
  8
RUNDUNGEN
100
AcDbLine
 62
7
  6
CONTINUOUS
 10
310.5677020238
 20
229.1361947987
 11
310.4637718036
 21
229.0451847548
  0
LINE
  5
5F6
100
AcDbEntity
  8
BEZUGSACHSEN
100
AcDbLine
 62
7
  6
CENTER
 10
333.4420916786
 20
207.9383245819
 11
326.4566319248
 21
207.9383245819
  0
LINE
  5
5F7
100
AcDbEntity
  8
BEZUGSACHSEN
100
AcDbLine
 62
7
  6
CENTER
 10
333.4420916786
 20
207.9383245819
 11
341.0680933233
 21
207.9383245819
  0
LINE
  5
5F8
100
AcDbEntity
  8
0
100
AcDbLine
 62
7
  6
CONTINUOUS
 10
330.1550967848
 20
208.7383245819
 11
332.4420916786
 21
208.7383245819
  0
LINE
  5
5F9
100
AcDbEntity
  8
0
100
AcDbLine
 62
7
  6
CONTINUOUS
 10
334.4420916786
 20
208.7383245819
 11
336.7290865723
 21
208.7383245819
  0
LINE
  5
5FA
100
AcDbEntity
  8
0
100
AcDbLine
 62
7
  6
CONTINUOUS
 10
334.2420916786
 20
208.9383245819
 11
332.6420916786
 21
208.9383245819
  0
LINE
  5
5FB
100
AcDbEntity
  8
RUNDUNGEN
100
AcDbLine
 62
7
  6
CONTINUOUS
 10
310.5677020238
 20
222.9404543652
 11
310.4637718036
 21
223.0314644091
  0
LINE
  5
5FC
100
AcDbEntity
  8
RUNDUNGEN
100
AcDbLine
 62
7
  6
CONTINUOUS
 10
318.4420916786
 20
230.3883245819
 11
318.4420916786
 21
224.9891712076
  0
LINE
  5
5FD
100
AcDbEntity
  8
RUNDUNGEN
100
AcDbLine
 62
3
  6
CONTINUOUS
 10
318.6420916786
 20
214.1383245819
 11
318.6420916786
 21
216.3383245819
  0
LINE
  5
5FE
100
AcDbEntity
  8
RUNDUNGEN
100
AcDbLine
 62
3
  6
CONTINUOUS
 10
318.6420916786
 20
235.7383245819
 11
318.6420916786
 21
237.9383245819
  0
LINE
  5
5FF
100
AcDbEntity
  8
0
100
AcDbLine
 62
7
  6
CONTINUOUS
 10
319.4420916786
 20
230.3883245819
 11
319.4420916786
 21
224.9891712076
  0
LINE
  5
600
100
AcDbEntity
  8
0
100
AcDbLine
 62
7
  6
CONTINUOUS
 10
332.6420916786
 20
245.1383245819
 11
332.4420916786
 21
244.9383245819
  0
LINE
  5
601
100
AcDbEntity
  8
RUNDUNGEN
100
AcDbLine
 62
3
  6
CONTINUOUS
 10
345.8420916786
 20
211.7383245819
 11
337.8178982691
 21
211.7383245819
  0
LINE
  5
602
100
AcDbEntity
  8
RUNDUNGEN
100
AcDbLine
 62
3
  6
CONTINUOUS
 10
329.066285088
 20
211.7383245819
 11
321.0420916786
 21
211.7383245819
  0
LINE
  5
603
100
AcDbEntity
  8
0
100
AcDbLine
 62
7
  6
CONTINUOUS
 10
332.4420916786
 20
207.1383245819
 11
332.6420916786
 21
206.9383245819
  0
LINE
  5
604
100
AcDbEntity
  8
RUNDUNGEN
100
AcDbLine
 62
9
  6
CONTINUOUS
 10
320.4420916786
 20
218.6883245819
 11
320.4420916786
 21
218.2883245819
  0
LINE
  5
605
100
AcDbEntity
  8
RUNDUNGEN
100
AcDbLine
 62
9
  6
CONTINUOUS
 10
320.4420916786
 20
233.3883245819
 11
320.4420916812
 21
233.7883245819
  0
LINE
  5
606
100
AcDbEntity
  8
RUNDUNGEN
100
AcDbLine
 62
7
  6
CONTINUOUS
 10
320.9420916786
 20
236.6383245819
 11
320.9420916786
 21
233.7883245819
  0
LINE
  5
607
100
AcDbEntity
  8
RUNDUNGEN
100
AcDbLine
 62
7
  6
CONTINUOUS
 10
320.9420916786
 20
218.2883245819
 11
320.9420916786
 21
215.4383245819
  0
LINE
  5
608
100
AcDbEntity
  8
RUNDUNGEN
100
AcDbLine
 62
9
  6
CONTINUOUS
 10
321.3420916786
 20
236.6383245819
 11
321.3420916786
 21
233.7883245819
  0
LINE
  5
609
100
AcDbEntity
  8
RUNDUNGEN
100
AcDbLine
 62
9
  6
CONTINUOUS
 10
321.3420916786
 20
218.2883245819
 11
321.3420916786
 21
215.4383245819
  0
LINE
  5
60A
100
AcDbEntity
  8
0
100
AcDbLine
 62
7
  6
CONTINUOUS
 10
334.2420916786
 20
243.1383245819
 11
334.4420916786
 21
243.3383245819
  0
LINE
  5
60B
100
AcDbEntity
  8
RUNDUNGEN
100
AcDbLine
 62
7
  6
CONTINUOUS
 10
323.3420916786
 20
213.0383245819
 11
328.4973975526
 21
213.0383245819
  0
LINE
  5
60C
100
AcDbEntity
  8
RUNDUNGEN
100
AcDbLine
 62
7
  6
CONTINUOUS
 10
338.3867858046
 20
213.0383245819
 11
343.5420916786
 21
213.0383245819
  0
LINE
  5
60D
100
AcDbEntity
  8
RUNDUNGEN
100
AcDbLine
 62
9
  6
CONTINUOUS
 10
323.3420916786
 20
213.4383245819
 11
328.4973975526
 21
213.4383245819
  0
LINE
  5
60E
100
AcDbEntity
  8
RUNDUNGEN
100
AcDbLine
 62
9
  6
CONTINUOUS
 10
338.3867858046
 20
213.4383245819
 11
343.5420916786
 21
213.4383245819
  0
LINE
  5
60F
100
AcDbEntity
  8
RUNDUNGEN
100
AcDbLine
 62
9
  6
CONTINUOUS
 10
321.3420916786
 20
215.4383245819
 11
320.9420916786
 21
215.4383245891
  0
LINE
  5
610
100
AcDbEntity
  8
RUNDUNGEN
100
AcDbLine
 62
9
  6
CONTINUOUS
 10
345.5420916786
 20
215.4383245819
 11
345.9420916786
 21
215.4383245819
  0
LINE
  5
611
100
AcDbEntity
  8
0
100
AcDbLine
 62
7
  6
CONTINUOUS
 10
334.4420916786
 20
208.7383245819
 11
334.2420916786
 21
208.9383245819
  0
LINE
  5
612
100
AcDbEntity
  8
RUNDUNGEN
100
AcDbLine
 62
7
  6
CONTINUOUS
 10
320.9202404887
 20
223.255399079
 11
322.8824075366
 21
220.9169794503
  0
LINE
  5
613
100
AcDbEntity
  8
RUNDUNGEN
100
AcDbLine
 62
9
  6
CONTINUOUS
 10
323.3420916786
 20
213.4383245819
 11
323.3420916786
 21
213.0383245819
  0
LINE
  5
614
100
AcDbEntity
  8
RUNDUNGEN
100
AcDbLine
 62
9
  6
CONTINUOUS
 10
323.3420916786
 20
238.6383245819
 11
323.3420916857
 21
239.0383245819
  0
LINE
  5
615
100
AcDbEntity
  8
0
100
AcDbLine
 62
7
  6
CONTINUOUS
 10
323.4420916786
 20
226.6383245819
 11
323.4420916786
 21
225.4383245819
  0
LINE
  5
616
100
AcDbEntity
  8
RUNDUNGEN
100
AcDbLine
 62
9
  6
CONTINUOUS
 10
329.6085647719
 20
238.3012459303
 11
329.8307982217
 21
238.6338301959
  0
LINE
  5
617
100
AcDbEntity
  8
RUNDUNGEN
100
AcDbLine
 62
3
  6
CONTINUOUS
 10
349.3420916786
 20
216.7383245819
 11
348.6420916786
 21
216.7383245819
  0
LINE
  5
618
100
AcDbEntity
  8
RUNDUNGEN
100
AcDbLine
 62
3
  6
CONTINUOUS
 10
318.2420916786
 20
216.7383245819
 11
317.5420916786
 21
216.7383245819
  0
LINE
  5
619
100
AcDbEntity
  8
RUNDUNGEN
100
AcDbLine
 62
7
  6
CONTINUOUS
 10
320.4420916786
 20
218.2883245819
 11
346.442091676
 21
218.2883245819
  0
LINE
  5
61A
100
AcDbEntity
  8
0
100
AcDbLine
 62
7
  6
CONTINUOUS
 10
321.6862849318
 20
223.8981866886
 11
323.6484519798
 21
221.55976706
  0
LINE
  5
61B
100
AcDbEntity
  8
RUNDUNGEN
100
AcDbLine
 62
9
  6
CONTINUOUS
 10
329.6085647719
 20
213.7754032336
 11
329.8307982157
 21
213.4428189639
  0
LINE
  5
61C
100
AcDbEntity
  8
RUNDUNGEN
100
AcDbLine
 62
3
  6
CONTINUOUS
 10
350.1920916786
 20
218.4383245819
 11
350.1420916786
 21
218.4383245819
  0
LINE
  5
61D
100
AcDbEntity
  8
RUNDUNGEN
100
AcDbLine
 62
3
  6
CONTINUOUS
 10
316.7420916786
 20
218.4383245819
 11
316.6920916786
 21
218.4383245819
  0
LINE
  5
61E
100
AcDbEntity
  8
RUNDUNGEN
100
AcDbLine
 62
9
  6
CONTINUOUS
 10
320.4420916786
 20
218.6883245819
 11
346.4420916786
 21
218.6883245819
  0
LINE
  5
61F
100
AcDbEntity
  8
RUNDUNGEN
100
AcDbLine
 62
7
  6
CONTINUOUS
 10
323.8016608684
 20
220.4883245819
 11
343.0825224888
 21
220.4883245819
  0
LINE
  5
620
100
AcDbEntity
  8
RUNDUNGEN
100
AcDbLine
 62
9
  6
CONTINUOUS
 10
328.4973975526
 20
213.4383245819
 11
328.4973975454
 21
213.0383245819
  0
LINE
  5
621
100
AcDbEntity
  8
RUNDUNGEN
100
AcDbLine
 62
9
  6
CONTINUOUS
 10
328.4973975526
 20
238.6383245819
 11
328.4973975526
 21
239.0383245819
  0
LINE
  5
622
100
AcDbEntity
  8
RUNDUNGEN
100
AcDbLine
 62
7
  6
CONTINUOUS
 10
346.6677854054
 20
223.6645615456
 11
347.4575024734
 21
223.8086636094
  0
LINE
  5
623
100
AcDbEntity
  8
0
100
AcDbLine
 62
7
  6
CONTINUOUS
 10
346.4882764098
 20
224.6483178774
 11
347.2779934777
 21
224.7924199412
  0
LINE
  5
624
100
AcDbEntity
  8
0
100
AcDbLine
 62
7
  6
CONTINUOUS
 10
323.8016608684
 20
221.4883245819
 11
343.0825224888
 21
221.4883245819
  0
LINE
  5
625
100
AcDbEntity
  8
RUNDUNGEN
100
AcDbLine
 62
3
  6
CONTINUOUS
 10
352.0920916786
 20
222.0383245819
 11
350.9920916786
 21
222.0383245819
  0
LINE
  5
626
100
AcDbEntity
  8
RUNDUNGEN
100
AcDbLine
 62
9
  6
CONTINUOUS
 10
316.8420916786
 20
222.2883245819
 11
316.4420916786
 21
222.2883245845
  0
LINE
  5
627
100
AcDbEntity
  8
RUNDUNGEN
100
AcDbLine
 62
9
  6
CONTINUOUS
 10
350.0420916786
 20
222.2883245819
 11
350.4420916786
 21
222.2883245819
  0
LINE
  5
628
100
AcDbEntity
  8
RUNDUNGEN
100
AcDbLine
 62
9
  6
CONTINUOUS
 10
310.7167466273
 20
222.5405152871
 11
310.6323751183
 21
222.5405152871
  0
LINE
  5
629
100
AcDbEntity
  8
RUNDUNGEN
100
AcDbLine
 62
9
  6
CONTINUOUS
 10
310.6573522562
 20
222.9404543652
 11
310.5677020238
 21
222.9404543652
  0
LINE
  5
62A
100
AcDbEntity
  8
RUNDUNGEN
100
AcDbLine
 62
9
  6
CONTINUOUS
 10
310.6475718578
 20
223.0314644091
 11
310.4637718036
 21
223.0314644091
  0
LINE
  5
62B
100
AcDbEntity
  8
0
100
AcDbLine
 62
3
  6
CONTINUOUS
 10
353.5642693464
 20
223.0383245819
 11
351.6877628861
 21
223.0383245819
  0
LINE
  5
62C
100
AcDbEntity
  8
0
100
AcDbLine
 62
7
  6
CONTINUOUS
 10
348.4247596275
 20
223.0383245819
 11
349.1934278632
 21
223.0383245819
  0
LINE
  5
62D
100
AcDbEntity
  8
RUNDUNGEN
100
AcDbLine
 62
7
  6
CONTINUOUS
 10
349.1934278632
 20
223.0383245819
 11
351.6877628861
 21
223.0383245819
  0
LINE
  5
62E
100
AcDbEntity
  8
AUSFORMSCHRAEGEN
100
AcDbLine
 62
7
  6
CONTINUOUS
 10
310.2990581696
 20
223.3383245819
 11
310.6145951156
 21
223.3383245819
  0
LINE
  5
62F
100
AcDbEntity
  8
RUNDUNGEN
100
AcDbLine
 62
9
  6
CONTINUOUS
 10
351.3873057122
 20
223.4383245819
 11
352.0029671876
 21
223.4383245819
  0
LINE
  5
630
100
AcDbEntity
  8
RUNDUNGEN
100
AcDbLine
 62
7
  6
CONTINUOUS
 10
319.4266808838
 20
223.8086636094
 11
320.2163979517
 21
223.6645615456
  0
LINE
  5
631
100
AcDbEntity
  8
0
100
AcDbLine
 62
7
  6
CONTINUOUS
 10
319.6061898795
 20
224.7924199412
 11
320.3959069474
 21
224.6483178774
  0
LINE
  5
632
100
AcDbEntity
  8
0
100
AcDbLine
 62
7
  6
CONTINUOUS
 10
332.4420916786
 20
244.9383245819
 11
332.4420916786
 21
243.3383245819
  0
LINE
  5
633
100
AcDbEntity
  8
0
100
AcDbLine
 62
7
  6
CONTINUOUS
 10
332.4420916786
 20
208.7383245819
 11
332.4420916786
 21
207.1383245819
  0
LINE
  5
634
100
AcDbEntity
  8
0
100
AcDbLine
 62
7
  6
CONTINUOUS
 10
332.6420916786
 20
204.6513296882
 11
332.6420916786
 21
206.9383245819
  0
LINE
  5
635
100
AcDbEntity
  8
0
100
AcDbLine
 62
7
  6
CONTINUOUS
 10
332.6420916786
 20
208.9383245819
 11
332.6420916786
 21
211.2253194757
  0
LINE
  5
636
100
AcDbEntity
  8
0
100
AcDbLine
 62
7
  6
CONTINUOUS
 10
332.6420916786
 20
240.8513296882
 11
332.6420916786
 21
243.1383245819
  0
LINE
  5
637
100
AcDbEntity
  8
0
100
AcDbLine
 62
7
  6
CONTINUOUS
 10
332.6420916786
 20
245.1383245819
 11
332.6420916786
 21
247.4253194757
  0
LINE
  5
638
100
AcDbEntity
  8
BEZUGSACHSEN
100
AcDbLine
 62
7
  6
CENTER
 10
333.4420916786
 20
244.1383245819
 11
333.4420916786
 21
243.5602427458
  0
LINE
  5
639
100
AcDbEntity
  8
BEZUGSACHSEN
100
AcDbLine
 62
7
  6
CENTER
 10
333.4420916786
 20
226.0383245819
 11
333.4420916786
 21
191.3231948938
  0
LINE
  5
63A
100
AcDbEntity
  8
BEZUGSACHSEN
100
AcDbLine
 62
7
  6
CENTER
 10
333.4420916786
 20
226.0383245819
 11
333.4420916786
 21
243.5602427458
  0
LINE
  5
63B
100
AcDbEntity
  8
BEZUGSACHSEN
100
AcDbLine
 62
7
  6
CENTER
 10
333.4420916786
 20
244.1383245819
 11
333.4420916786
 21
260.2237720945
  0
LINE
  5
63C
100
AcDbEntity
  8
0
100
AcDbLine
 62
7
  6
CONTINUOUS
 10
323.4420916786
 20
225.4383245819
 11
343.4420916786
 21
225.4383245819
  0
LINE
  5
63D
100
AcDbEntity
  8
BEZUGSACHSEN
100
AcDbLine
 62
7
  6
CENTER
 10
333.4420916786
 20
226.0383245819
 11
304.4420916786
 21
226.0383245819
  0
LINE
  5
63E
100
AcDbEntity
  8
BEZUGSACHSEN
100
AcDbLine
 62
7
  6
CENTER
 10
333.4420916786
 20
226.0383245819
 11
362.4420916786
 21
226.0383245819
  0
LINE
  5
63F
100
AcDbEntity
  8
0
100
AcDbLine
 62
7
  6
CONTINUOUS
 10
334.2420916786
 20
204.6513296882
 11
334.2420916786
 21
206.9383245819
  0
LINE
  5
640
100
AcDbEntity
  8
0
100
AcDbLine
 62
7
  6
CONTINUOUS
 10
334.2420916786
 20
208.9383245819
 11
334.2420916786
 21
211.2253194757
  0
LINE
  5
641
100
AcDbEntity
  8
0
100
AcDbLine
 62
7
  6
CONTINUOUS
 10
334.2420916786
 20
240.8513296882
 11
334.2420916786
 21
243.1383245819
  0
LINE
  5
642
100
AcDbEntity
  8
0
100
AcDbLine
 62
7
  6
CONTINUOUS
 10
334.2420916786
 20
245.1383245819
 11
334.2420916786
 21
247.4253194757
  0
LINE
  5
643
100
AcDbEntity
  8
0
100
AcDbLine
 62
7
  6
CONTINUOUS
 10
334.4420916786
 20
207.1383245819
 11
334.4420916786
 21
208.7383245819
  0
LINE
  5
644
100
AcDbEntity
  8
0
100
AcDbLine
 62
7
  6
CONTINUOUS
 10
334.4420916786
 20
243.3383245819
 11
334.4420916786
 21
244.9383245819
  0
LINE
  5
645
100
AcDbEntity
  8
0
100
AcDbLine
 62
7
  6
CONTINUOUS
 10
343.4420916786
 20
226.6383245819
 11
323.4420916786
 21
226.6383245819
  0
LINE
  5
646
100
AcDbEntity
  8
RUNDUNGEN
100
AcDbLine
 62
9
  6
CONTINUOUS
 10
351.3873057122
 20
228.6383245819
 11
352.0029671876
 21
228.6383245819
  0
LINE
  5
647
100
AcDbEntity
  8
AUSFORMSCHRAEGEN
100
AcDbLine
 62
7
  6
CONTINUOUS
 10
310.6145951156
 20
228.7383245819
 11
310.2990581696
 21
228.7383245819
  0
LINE
  5
648
100
AcDbEntity
  8
0
100
AcDbLine
 62
7
  6
CONTINUOUS
 10
349.1934278632
 20
229.0383245819
 11
348.4420916786
 21
229.0383245819
  0
LINE
  5
649
100
AcDbEntity
  8
RUNDUNGEN
100
AcDbLine
 62
7
  6
CONTINUOUS
 10
349.1934278632
 20
229.0383245819
 11
351.6877628861
 21
229.0383245819
  0
LINE
  5
64A
100
AcDbEntity
  8
0
100
AcDbLine
 62
3
  6
CONTINUOUS
 10
351.6877628861
 20
229.0383245819
 11
353.5642693464
 21
229.0383245819
  0
LINE
  5
64B
100
AcDbEntity
  8
RUNDUNGEN
100
AcDbLine
 62
9
  6
CONTINUOUS
 10
310.4637718036
 20
229.0451847548
 11
310.6475718578
 21
229.0451847548
  0
LINE
  5
64C
100
AcDbEntity
  8
RUNDUNGEN
100
AcDbLine
 62
9
  6
CONTINUOUS
 10
338.3867858046
 20
213.4383245819
 11
338.3867858046
 21
213.0383245819
  0
LINE
  5
64D
100
AcDbEntity
  8
RUNDUNGEN
100
AcDbLine
 62
9
  6
CONTINUOUS
 10
338.3867858046
 20
238.6383245819
 11
338.3867858118
 21
239.0383245819
  0
LINE
  5
64E
100
AcDbEntity
  8
RUNDUNGEN
100
AcDbLine
 62
9
  6
CONTINUOUS
 10
310.5677020238
 20
229.1361947987
 11
310.6573522562
 21
229.1361947987
  0
LINE
  5
64F
100
AcDbEntity
  8
RUNDUNGEN
100
AcDbLine
 62
9
  6
CONTINUOUS
 10
310.6323751183
 20
229.5361338768
 11
310.7167466273
 21
229.5361338768
  0
LINE
  5
650
100
AcDbEntity
  8
RUNDUNGEN
100
AcDbLine
 62
9
  6
CONTINUOUS
 10
316.8420916786
 20
229.7883245819
 11
316.4420916786
 21
229.7883245819
  0
LINE
  5
651
100
AcDbEntity
  8
RUNDUNGEN
100
AcDbLine
 62
9
  6
CONTINUOUS
 10
350.0420916786
 20
229.7883245819
 11
350.4420916786
 21
229.7883245793
  0
LINE
  5
652
100
AcDbEntity
  8
RUNDUNGEN
100
AcDbLine
 62
3
  6
CONTINUOUS
 10
350.9920916786
 20
230.0383245819
 11
352.0920916786
 21
230.0383245819
  0
LINE
  5
653
100
AcDbEntity
  8
0
100
AcDbLine
 62
7
  6
CONTINUOUS
 10
347.2420916786
 20
230.5883245819
 11
319.6420916786
 21
230.5883245819
  0
LINE
  5
654
100
AcDbEntity
  8
RUNDUNGEN
100
AcDbLine
 62
7
  6
CONTINUOUS
 10
347.2420916786
 20
231.5883245819
 11
319.6420916786
 21
231.5883245819
  0
LINE
  5
655
100
AcDbEntity
  8
RUNDUNGEN
100
AcDbLine
 62
9
  6
CONTINUOUS
 10
346.4420916786
 20
233.3883245819
 11
320.4420916786
 21
233.3883245819
  0
LINE
  5
656
100
AcDbEntity
  8
RUNDUNGEN
100
AcDbLine
 62
3
  6
CONTINUOUS
 10
316.6920916786
 20
233.6383245819
 11
316.7420916786
 21
233.6383245819
  0
LINE
  5
657
100
AcDbEntity
  8
RUNDUNGEN
100
AcDbLine
 62
3
  6
CONTINUOUS
 10
350.1420916786
 20
233.6383245819
 11
350.1920916786
 21
233.6383245819
  0
LINE
  5
658
100
AcDbEntity
  8
RUNDUNGEN
100
AcDbLine
 62
7
  6
CONTINUOUS
 10
346.4420916786
 20
233.7883245819
 11
320.4420916786
 21
233.7883245819
  0
LINE
  5
659
100
AcDbEntity
  8
0
100
AcDbLine
 62
7
  6
CONTINUOUS
 10
343.4420916786
 20
225.4383245819
 11
343.4420916786
 21
226.6383245819
  0
LINE
  5
65A
100
AcDbEntity
  8
RUNDUNGEN
100
AcDbLine
 62
9
  6
CONTINUOUS
 10
343.5420916786
 20
213.4383245819
 11
343.5420916714
 21
213.0383245819
  0
LINE
  5
65B
100
AcDbEntity
  8
RUNDUNGEN
100
AcDbLine
 62
9
  6
CONTINUOUS
 10
343.5420916786
 20
238.6383245819
 11
343.5420916786
 21
239.0383245819
  0
LINE
  5
65C
100
AcDbEntity
  8
RUNDUNGEN
100
AcDbLine
 62
9
  6
CONTINUOUS
 10
337.2756185853
 20
213.7754032336
 11
337.0533851355
 21
213.4428189679
  0
LINE
  5
65D
100
AcDbEntity
  8
0
100
AcDbLine
 62
7
  6
CONTINUOUS
 10
343.2357313774
 20
221.55976706
 11
345.1978984254
 21
223.8981866886
  0
LINE
  5
65E
100
AcDbEntity
  8
RUNDUNGEN
100
AcDbLine
 62
3
  6
CONTINUOUS
 10
317.5420916786
 20
235.3383245819
 11
318.2420916786
 21
235.3383245819
  0
LINE
  5
65F
100
AcDbEntity
  8
RUNDUNGEN
100
AcDbLine
 62
3
  6
CONTINUOUS
 10
348.6420916786
 20
235.3383245819
 11
349.3420916786
 21
235.3383245819
  0
LINE
  5
660
100
AcDbEntity
  8
RUNDUNGEN
100
AcDbLine
 62
9
  6
CONTINUOUS
 10
321.3420916786
 20
236.6383245819
 11
320.9420916786
 21
236.6383245819
  0
LINE
  5
661
100
AcDbEntity
  8
RUNDUNGEN
100
AcDbLine
 62
9
  6
CONTINUOUS
 10
345.5420916786
 20
236.6383245819
 11
345.9420916786
 21
236.6383245748
  0
LINE
  5
662
100
AcDbEntity
  8
RUNDUNGEN
100
AcDbLine
 62
9
  6
CONTINUOUS
 10
337.2756185853
 20
238.3012459303
 11
337.0533851415
 21
238.6338302
  0
LINE
  5
663
100
AcDbEntity
  8
RUNDUNGEN
100
AcDbLine
 62
9
  6
CONTINUOUS
 10
345.5420916786
 20
215.4383245819
 11
345.5420916786
 21
218.2883245819
  0
LINE
  5
664
100
AcDbEntity
  8
RUNDUNGEN
100
AcDbLine
 62
9
  6
CONTINUOUS
 10
345.5420916786
 20
233.7883245819
 11
345.5420916786
 21
236.6383245819
  0
LINE
  5
665
100
AcDbEntity
  8
RUNDUNGEN
100
AcDbLine
 62
7
  6
CONTINUOUS
 10
345.9420916786
 20
215.4383245819
 11
345.9420916786
 21
218.2883245819
  0
LINE
  5
666
100
AcDbEntity
  8
RUNDUNGEN
100
AcDbLine
 62
7
  6
CONTINUOUS
 10
345.9420916786
 20
233.7883245819
 11
345.9420916786
 21
236.6383245819
  0
LINE
  5
667
100
AcDbEntity
  8
RUNDUNGEN
100
AcDbLine
 62
9
  6
CONTINUOUS
 10
346.4420916786
 20
218.6883245819
 11
346.442091676
 21
218.2883245819
  0
LINE
  5
668
100
AcDbEntity
  8
RUNDUNGEN
100
AcDbLine
 62
9
  6
CONTINUOUS
 10
346.4420916786
 20
233.3883245819
 11
346.4420916786
 21
233.7883245819
  0
LINE
  5
669
100
AcDbEntity
  8
RUNDUNGEN
100
AcDbLine
 62
7
  6
CONTINUOUS
 10
344.0017758205
 20
220.9169794503
 11
345.9639428685
 21
223.255399079
  0
LINE
  5
66A
100
AcDbEntity
  8
0
100
AcDbLine
 62
7
  6
CONTINUOUS
 10
332.6420916786
 20
208.9383245819
 11
332.4420916786
 21
208.7383245819
  0
LINE
  5
66B
100
AcDbEntity
  8
RUNDUNGEN
100
AcDbLine
 62
9
  6
CONTINUOUS
 10
343.5420916786
 20
238.6383245819
 11
338.3867858046
 21
238.6383245819
  0
LINE
  5
66C
100
AcDbEntity
  8
RUNDUNGEN
100
AcDbLine
 62
9
  6
CONTINUOUS
 10
328.4973975526
 20
238.6383245819
 11
323.3420916786
 21
238.6383245819
  0
LINE
  5
66D
100
AcDbEntity
  8
RUNDUNGEN
100
AcDbLine
 62
7
  6
CONTINUOUS
 10
343.5420916786
 20
239.0383245819
 11
338.3867858046
 21
239.0383245819
  0
LINE
  5
66E
100
AcDbEntity
  8
RUNDUNGEN
100
AcDbLine
 62
7
  6
CONTINUOUS
 10
328.4973975526
 20
239.0383245819
 11
323.3420916786
 21
239.0383245819
  0
LINE
  5
66F
100
AcDbEntity
  8
0
100
AcDbLine
 62
7
  6
CONTINUOUS
 10
332.4420916786
 20
243.3383245819
 11
332.6420916786
 21
243.1383245819
  0
LINE
  5
670
100
AcDbEntity
  8
0
100
AcDbLine
 62
7
  6
CONTINUOUS
 10
347.4420916786
 20
224.9891712076
 11
347.4420916786
 21
230.3883245819
  0
LINE
  5
671
100
AcDbEntity
  8
RUNDUNGEN
100
AcDbLine
 62
3
  6
CONTINUOUS
 10
348.2420916786
 20
237.9383245819
 11
348.2420916786
 21
235.7383245819
  0
LINE
  5
672
100
AcDbEntity
  8
RUNDUNGEN
100
AcDbLine
 62
3
  6
CONTINUOUS
 10
348.2420916786
 20
216.3383245819
 11
348.2420916786
 21
214.1383245819
  0
LINE
  5
673
100
AcDbEntity
  8
0
100
AcDbLine
 62
7
  6
CONTINUOUS
 10
348.4247508138
 20
224.7958712771
 11
348.4247508138
 21
223.0383245819
  0
LINE
  5
674
100
AcDbEntity
  8
RUNDUNGEN
100
AcDbLine
 62
7
  6
CONTINUOUS
 10
348.4420916786
 20
224.9891712076
 11
348.4420916786
 21
230.3883245819
  0
LINE
  5
675
100
AcDbEntity
  8
0
100
AcDbLine
 62
9
  6
CONTINUOUS
 10
349.1934278632
 20
229.0383245819
 11
349.1934278632
 21
223.0383245819
  0
LINE
  5
676
100
AcDbEntity
  8
RUNDUNGEN
100
AcDbLine
 62
3
  6
CONTINUOUS
 10
349.7420916786
 20
234.9383245819
 11
349.7420916786
 21
234.0383245819
  0
LINE
  5
677
100
AcDbEntity
  8
RUNDUNGEN
100
AcDbLine
 62
3
  6
CONTINUOUS
 10
349.7420916786
 20
218.0383245819
 11
349.7420916786
 21
217.1383245819
  0
LINE
  5
678
100
AcDbEntity
  8
0
100
AcDbLine
 62
7
  6
CONTINUOUS
 10
334.2420916786
 20
206.9383245819
 11
334.4420916786
 21
207.1383245819
  0
LINE
  5
679
100
AcDbEntity
  8
RUNDUNGEN
100
AcDbLine
 62
3
  6
CONTINUOUS
 10
321.0420916786
 20
240.3383245819
 11
329.066285088
 21
240.3383245819
  0
LINE
  5
67A
100
AcDbEntity
  8
RUNDUNGEN
100
AcDbLine
 62
3
  6
CONTINUOUS
 10
337.8178982691
 20
240.3383245819
 11
345.8420916786
 21
240.3383245819
  0
LINE
  5
67B
100
AcDbEntity
  8
0
100
AcDbLine
 62
7
  6
CONTINUOUS
 10
334.4420916786
 20
244.9383245819
 11
334.2420916786
 21
245.1383245819
  0
LINE
  5
67C
100
AcDbEntity
  8
RUNDUNGEN
100
AcDbLine
 62
9
  6
CONTINUOUS
 10
350.0420916786
 20
222.2883245819
 11
350.0420916786
 21
223.0383245819
  0
LINE
  5
67D
100
AcDbEntity
  8
RUNDUNGEN
100
AcDbLine
 62
9
  6
CONTINUOUS
 10
350.0420916786
 20
229.0383245819
 11
350.0420916786
 21
229.7883245819
  0
LINE
  5
67E
100
AcDbEntity
  8
RUNDUNGEN
100
AcDbLine
 62
7
  6
CONTINUOUS
 10
350.4420916786
 20
222.2883245819
 11
350.4420916786
 21
223.0383245819
  0
LINE
  5
67F
100
AcDbEntity
  8
RUNDUNGEN
100
AcDbLine
 62
7
  6
CONTINUOUS
 10
350.4420916786
 20
229.0383245819
 11
350.4420916786
 21
229.7883245819
  0
LINE
  5
680
100
AcDbEntity
  8
RUNDUNGEN
100
AcDbLine
 62
3
  6
CONTINUOUS
 10
350.5920916786
 20
233.2383245819
 11
350.5920916786
 21
230.4383245819
  0
LINE
  5
681
100
AcDbEntity
  8
RUNDUNGEN
100
AcDbLine
 62
3
  6
CONTINUOUS
 10
350.5920916786
 20
221.6383245819
 11
350.5920916786
 21
218.8383245819
  0
LINE
  5
682
100
AcDbEntity
  8
RUNDUNGEN
100
AcDbLine
 62
7
  6
CONTINUOUS
 10
351.3873057122
 20
223.4383245819
 11
351.3873057122
 21
228.6383245819
  0
LINE
  5
683
100
AcDbEntity
  8
RUNDUNGEN
100
AcDbLine
 62
3
  6
CONTINUOUS
 10
352.0029671876
 20
223.4383245819
 11
352.0029671876
 21
228.6383245819
  0
LINE
  5
684
100
AcDbEntity
  8
BEZUGSACHSEN
100
AcDbLine
 62
7
  6
CENTER
 10
352.4420916786
 20
250.0383245819
 11
352.4420916786
 21
241.0383245819
  0
LINE
  5
685
100
AcDbEntity
  8
BEZUGSACHSEN
100
AcDbLine
 62
7
  6
CENTER
 10
352.4420916786
 20
250.0383245819
 11
352.4420916786
 21
259.0383245819
  0
LINE
  5
686
100
AcDbEntity
  8
0
100
AcDbLine
 62
9
  6
CONTINUOUS
 10
352.5920916786
 20
229.5383245819
 11
352.5920916786
 21
229.0383245819
  0
LINE
  5
687
100
AcDbEntity
  8
0
100
AcDbLine
 62
9
  6
CONTINUOUS
 10
352.5920916786
 20
223.0383245819
 11
352.5920916786
 21
222.5383245819
  0
LINE
  5
688
100
AcDbEntity
  8
0
100
AcDbLine
 62
7
  6
CONTINUOUS
 10
334.2420916786
 20
243.1383245819
 11
332.6420916786
 21
243.1383245819
  0
LINE
  5
689
100
AcDbEntity
  8
0
100
AcDbLine
 62
7
  6
CONTINUOUS
 10
330.1550967848
 20
243.3383245819
 11
332.4420916786
 21
243.3383245819
  0
LINE
  5
68A
100
AcDbEntity
  8
0
100
AcDbLine
 62
7
  6
CONTINUOUS
 10
334.4420916786
 20
243.3383245819
 11
336.7290865723
 21
243.3383245819
  0
LINE
  5
68B
100
AcDbEntity
  8
BEZUGSACHSEN
100
AcDbLine
 62
7
  6
CENTER
 10
333.4420916786
 20
244.1383245819
 11
326.2014098916
 21
244.1383245819
  0
LINE
  5
68C
100
AcDbEntity
  8
BEZUGSACHSEN
100
AcDbLine
 62
7
  6
CENTER
 10
333.4420916786
 20
244.1383245819
 11
340.2896661222
 21
244.1383245819
  0
LINE
  5
68D
100
AcDbEntity
  8
0
100
AcDbLine
 62
7
  6
CONTINUOUS
 10
330.1550967848
 20
244.9383245819
 11
332.4420916786
 21
244.9383245819
  0
LINE
  5
68E
100
AcDbEntity
  8
0
100
AcDbLine
 62
7
  6
CONTINUOUS
 10
334.4420916786
 20
244.9383245819
 11
336.7290865723
 21
244.9383245819
  0
LINE
  5
68F
100
AcDbEntity
  8
0
100
AcDbLine
 62
7
  6
CONTINUOUS
 10
334.2420916786
 20
245.1383245819
 11
332.6420916786
 21
245.1383245819
  0
LINE
  5
690
100
AcDbEntity
  8
0
100
AcDbLine
 62
9
  6
CONTINUOUS
 10
352.7679927645
 20
229.0383245819
 11
352.7679927645
 21
223.0383245819
  0
LINE
  5
691
100
AcDbEntity
  8
0
100
AcDbLine
 62
3
  6
CONTINUOUS
 10
353.5643627181
 20
229.0383245819
 11
353.5643627181
 21
223.0383245819
  0
LINE
  5
692
100
AcDbEntity
  8
BEZUGSACHSEN
100
AcDbLine
 62
7
  6
CENTER
 10
352.4420916786
 20
250.0383245819
 11
343.4420916786
 21
250.0383245819
  0
LINE
  5
693
100
AcDbEntity
  8
BEZUGSACHSEN
100
AcDbLine
 62
7
  6
CENTER
 10
352.4420916786
 20
250.0383245819
 11
361.4420916786
 21
250.0383245819
  0
LINE
  5
694
100
AcDbEntity
  8
BEZUGSACHSEN
100
AcDbLine
 62
7
  6
CONTINUOUS
 10
359.4420916786
 20
202.0383245819
 11
359.4420916786
 21
250.0383245819
  0
LINE
  5
695
100
AcDbEntity
  8
BEZUGSACHSEN
100
AcDbLine
 62
7
  6
CONTINUOUS
 10
352.4420916786
 20
257.0383245819
 11
314.4420916786
 21
257.0383245819
  0
LINE
  5
696
100
AcDbEntity
  8
RUNDUNGEN
100
AcDbLine
 62
7
  6
CONTINUOUS
 10
179.676262921
 20
125.2509340888
 11
179.676262921
 21
155.2509340888
  0
LINE
  5
697
100
AcDbEntity
  8
RUNDUNGEN
100
AcDbLine
 62
7
  6
CONTINUOUS
 10
180.4246835871
 20
122.3057200552
 11
181.2126943407
 21
121.6900585799
  0
LINE
  5
698
100
AcDbEntity
  8
RUNDUNGEN
100
AcDbLine
 62
9
  6
CONTINUOUS
 10
180.6709481772
 20
122.6209243566
 11
181.4589589308
 21
122.0052628813
  0
LINE
  5
699
100
AcDbEntity
  8
0
100
AcDbLine
 62
3
  6
CONTINUOUS
 10
184.5133858341
 20
123.8700899767
 11
186.7326454444
 21
120.925033003
  0
LINE
  5
69A
100
AcDbEntity
  8
0
100
AcDbLine
 62
7
  6
CONTINUOUS
 10
183.676262921
 20
132.8646475234
 11
183.676262921
 21
133.9647678241
  0
LINE
  5
69B
100
AcDbEntity
  8
0
100
AcDbLine
 62
7
  6
CONTINUOUS
 10
183.676262921
 20
135.7371003536
 11
183.676262921
 21
136.8372206543
  0
LINE
  5
69C
100
AcDbEntity
  8
0
100
AcDbLine
 62
7
  6
CONTINUOUS
 10
183.676262921
 20
143.6646475234
 11
183.676262921
 21
144.7647678241
  0
LINE
  5
69D
100
AcDbEntity
  8
0
100
AcDbLine
 62
7
  6
CONTINUOUS
 10
183.676262921
 20
146.5371003536
 11
183.676262921
 21
147.6372206543
  0
LINE
  5
69E
100
AcDbEntity
  8
0
100
AcDbLine
 62
9
  6
CONTINUOUS
 10
182.1387288168
 20
124.4995979042
 11
182.9267395704
 21
123.8839364289
  0
LINE
  5
69F
100
AcDbEntity
  8
0
100
AcDbLine
 62
7
  6
CONTINUOUS
 10
185.3120213441
 20
124.4719049999
 11
187.5312809545
 21
121.5268480261
  0
LINE
  5
6A0
100
AcDbEntity
  8
RUNDUNGEN
100
AcDbLine
 62
7
  6
CONTINUOUS
 10
186.676262921
 20
123.6509340888
 11
186.676262921
 21
156.8509340888
  0
LINE
  5
6A1
100
AcDbEntity
  8
RUNDUNGEN
100
AcDbLine
 62
9
  6
CONTINUOUS
 10
187.076262921
 20
123.2509340888
 11
187.076262921
 21
157.2509340888
  0
LINE
  5
6A2
100
AcDbEntity
  8
0
100
AcDbLine
 62
9
  6
CONTINUOUS
 10
188.4517858079
 20
121.1361168976
 11
188.5736551514
 21
120.143570746
  0
LINE
  5
6A3
100
AcDbEntity
  8
RUNDUNGEN
100
AcDbLine
 62
7
  6
CONTINUOUS
 10
253.976262921
 20
114.2509340888
 11
250.976262921
 21
114.2509340888
  0
LINE
  5
6A4
100
AcDbEntity
  8
BEZUGSACHSEN
100
AcDbLine
 62
7
  6
CONTINUOUS
 10
255.176262921
 20
116.6509340888
 11
259.976262921
 21
116.6509340888
  0
LINE
  5
6A5
100
AcDbEntity
  8
0
100
AcDbLine
 62
7
  6
CONTINUOUS
 10
206.576262921
 20
117.2509340888
 11
205.576262921
 21
117.2509340888
  0
LINE
  5
6A6
100
AcDbEntity
  8
AUSFORMSCHRAEGEN
100
AcDbLine
 62
7
  6
CONTINUOUS
 10
220.976262921
 20
117.1745860367
 11
250.5832438822
 21
116.6577942617
  0
LINE
  5
6A7
100
AcDbEntity
  8
BEZUGSACHSEN
100
AcDbLine
 62
9
  6
CONTINUOUS
 10
201.1271586344
 20
145.8097576183
 11
201.1271586344
 21
134.6921105594
  0
LINE
  5
6A8
100
AcDbEntity
  8
RUNDUNGEN
100
AcDbLine
 62
7
  6
CONTINUOUS
 10
180.4246835871
 20
122.3057200552
 11
182.1387288168
 21
124.4995979042
  0
LINE
  5
6A9
100
AcDbEntity
  8
RUNDUNGEN
100
AcDbLine
 62
3
  6
CONTINUOUS
 10
181.2126943407
 20
121.6900585799
 11
182.9267395704
 21
123.8839364289
  0
LINE
  5
6AA
100
AcDbEntity
  8
BEZUGSACHSEN
100
AcDbLine
 62
7
  6
CONTINUOUS
 10
220.976262921
 20
119.2509340888
 11
206.976262921
 21
119.2509340888
  0
LINE
  5
6AB
100
AcDbEntity
  8
RUNDUNGEN
100
AcDbLine
 62
9
  6
CONTINUOUS
 10
254.976262921
 20
121.2509340888
 11
250.976262921
 21
121.2509340888
  0
LINE
  5
6AC
100
AcDbEntity
  8
BEZUGSACHSEN
100
AcDbLine
 62
9
  6
CONTINUOUS
 10
201.4942758997
 20
146.0509340888
 11
201.4942758997
 21
134.4509340888
  0
LINE
  5
6AD
100
AcDbEntity
  8
BEZUGSACHSEN
100
AcDbLine
 62
9
  6
CONTINUOUS
 10
204.576262921
 20
146.0509340888
 11
204.576262921
 21
134.4509340888
  0
LINE
  5
6AE
100
AcDbEntity
  8
0
100
AcDbLine
 62
3
  6
CONTINUOUS
 10
188.5736551514
 20
120.143570746
 11
204.4543935776
 21
122.0934802405
  0
LINE
  5
6AF
100
AcDbEntity
  8
0
100
AcDbLine
 62
7
  6
CONTINUOUS
 10
205.576262921
 20
123.2509340888
 11
187.076262921
 21
123.2509340888
  0
LINE
  5
6B0
100
AcDbEntity
  8
BEZUGSACHSEN
100
AcDbLine
 62
7
  6
CONTINUOUS
 10
187.076262921
 20
123.2509340888
 11
205.576262921
 21
123.2509340888
  0
LINE
  5
6B1
100
AcDbEntity
  8
0
100
AcDbLine
 62
9
  6
CONTINUOUS
 10
204.3325242342
 20
123.0860263921
 11
204.4543935776
 21
122.0934802405
  0
LINE
  5
6B2
100
AcDbEntity
  8
BEZUGSACHSEN
100
AcDbLine
 62
7
  6
CONTINUOUS
 10
204.976262921
 20
145.6509340888
 11
204.976262921
 21
134.8509340888
  0
LINE
  5
6B3
100
AcDbEntity
  8
RUNDUNGEN
100
AcDbLine
 62
7
  6
CONTINUOUS
 10
205.276262921
 20
128.1509340888
 11
205.276262921
 21
137.2509340888
  0
LINE
  5
6B4
100
AcDbEntity
  8
RUNDUNGEN
100
AcDbLine
 62
7
  6
CONTINUOUS
 10
205.276262921
 20
143.2509340888
 11
205.276262921
 21
152.3509340888
  0
LINE
  5
6B5
100
AcDbEntity
  8
0
100
AcDbLine
 62
3
  6
CONTINUOUS
 10
205.576262921
 20
117.2509340888
 11
205.576262921
 21
163.2509340888
  0
LINE
  5
6B6
100
AcDbEntity
  8
0
100
AcDbLine
 62
7
  6
CONTINUOUS
 10
206.576262921
 20
117.2509340888
 11
206.576262921
 21
163.2509340888
  0
LINE
  5
6B7
100
AcDbEntity
  8
RUNDUNGEN
100
AcDbLine
 62
9
  6
CONTINUOUS
 10
206.976262921
 20
161.2509340888
 11
206.976262921
 21
143.007488597
  0
LINE
  5
6B8
100
AcDbEntity
  8
RUNDUNGEN
100
AcDbLine
 62
9
  6
CONTINUOUS
 10
206.976262921
 20
137.7070969465
 11
206.976262921
 21
119.2509340888
  0
LINE
  5
6B9
100
AcDbEntity
  8
0
100
AcDbLine
 62
7
  6
CONTINUOUS
 10
206.6579303411
 20
143.1813853525
 11
206.576262921
 21
143.0074873808
  0
LINE
  5
6BA
100
AcDbEntity
  8
0
100
AcDbLine
 62
7
  6
CONTINUOUS
 10
207.6579303411
 20
143.1813853525
 11
207.4010249734
 21
142.6349142329
  0
LINE
  5
6BB
100
AcDbEntity
  8
0
100
AcDbLine
 62
7
  6
CONTINUOUS
 10
188.4517858079
 20
121.1361168976
 11
204.3325242342
 21
123.0860263921
  0
LINE
  5
6BC
100
AcDbEntity
  8
0
100
AcDbLine
 62
7
  6
CONTINUOUS
 10
179.676262921
 20
125.2509340888
 11
186.676262921
 21
125.2509340888
  0
LINE
  5
6BD
100
AcDbEntity
  8
0
100
AcDbLine
 62
9
  6
CONTINUOUS
 10
179.676262921
 20
126.4509340888
 11
186.676262921
 21
126.4509340888
  0
LINE
  5
6BE
100
AcDbEntity
  8
RUNDUNGEN
100
AcDbLine
 62
9
  6
CONTINUOUS
 10
186.676262921
 20
127.2509340888
 11
187.076262921
 21
127.2509340888
  0
LINE
  5
6BF
100
AcDbEntity
  8
BEZUGSACHSEN
100
AcDbLine
 62
9
  6
CONTINUOUS
 10
187.076262921
 20
127.2509340888
 11
205.576262921
 21
127.2509340888
  0
LINE
  5
6C0
100
AcDbEntity
  8
0
100
AcDbLine
 62
7
  6
CONTINUOUS
 10
206.8903181535
 20
137.8896865048
 11
207.1579303411
 21
137.3204828252
  0
LINE
  5
6C1
100
AcDbEntity
  8
0
100
AcDbLine
 62
7
  6
CONTINUOUS
 10
206.576262921
 20
137.7070960997
 11
206.6491668746
 21
137.8619985429
  0
LINE
  5
6C2
100
AcDbEntity
  8
0
100
AcDbLine
 62
7
  6
CONTINUOUS
 10
209.6579305146
 20
143.181385722
 11
209.3964415962
 21
142.6251843951
  0
LINE
  5
6C3
100
AcDbEntity
  8
0
100
AcDbLine
 62
7
  6
CONTINUOUS
 10
208.6579303411
 20
143.1813853525
 11
208.3979373221
 21
142.6283589069
  0
LINE
  5
6C4
100
AcDbEntity
  8
0
100
AcDbLine
 62
7
  6
CONTINUOUS
 10
207.3945954557
 20
137.3204827289
 11
207.6522794431
 21
137.8686077388
  0
LINE
  5
6C5
100
AcDbEntity
  8
0
100
AcDbLine
 62
7
  6
CONTINUOUS
 10
208.3945954557
 20
137.3204827289
 11
208.655384224
 21
137.8751993077
  0
LINE
  5
6C6
100
AcDbEntity
  8
0
100
AcDbLine
 62
7
  6
CONTINUOUS
 10
210.6579305146
 20
143.181385722
 11
210.3917872562
 21
142.6153006914
  0
LINE
  5
6C7
100
AcDbEntity
  8
RUNDUNGEN
100
AcDbLine
 62
9
  6
CONTINUOUS
 10
205.276262921
 20
130.1509340888
 11
205.576262921
 21
130.1509340888
  0
LINE
  5
6C8
100
AcDbEntity
  8
0
100
AcDbLine
 62
7
  6
CONTINUOUS
 10
186.676262921
 20
132.6042701649
 11
181.8288787927
 21
133.0249865232
  0
LINE
  5
6C9
100
AcDbEntity
  8
0
100
AcDbLine
 62
7
  6
CONTINUOUS
 10
186.676262921
 20
133.7043904656
 11
181.9236470494
 21
134.1168816544
  0
LINE
  5
6CA
100
AcDbEntity
  8
0
100
AcDbLine
 62
7
  6
CONTINUOUS
 10
207.8866774589
 20
137.8974150301
 11
208.1579303411
 21
137.3204828252
  0
LINE
  5
6CB
100
AcDbEntity
  8
0
100
AcDbLine
 62
7
  6
CONTINUOUS
 10
208.883036357
 20
137.9051439178
 11
209.1579305146
 21
137.3204824557
  0
LINE
  5
6CC
100
AcDbEntity
  8
0
100
AcDbLine
 62
7
  6
CONTINUOUS
 10
207.1632047999
 20
142.6100649391
 11
206.8945954557
 21
143.1813854488
  0
LINE
  5
6CD
100
AcDbEntity
  8
0
100
AcDbLine
 62
7
  6
CONTINUOUS
 10
209.8793945375
 20
137.9128738212
 11
210.1579305146
 21
137.3204824557
  0
LINE
  5
6CE
100
AcDbEntity
  8
0
100
AcDbLine
 62
7
  6
CONTINUOUS
 10
208.1668722304
 20
142.6022797984
 11
207.8945954557
 21
143.1813854488
  0
LINE
  5
6CF
100
AcDbEntity
  8
0
100
AcDbLine
 62
7
  6
CONTINUOUS
 10
210.8757514227
 20
137.9206059618
 11
211.1579305146
 21
137.3204824557
  0
LINE
  5
6D0
100
AcDbEntity
  8
0
100
AcDbLine
 62
7
  6
CONTINUOUS
 10
209.3945952846
 20
137.3204823645
 11
209.6584835129
 21
137.8817730894
  0
LINE
  5
6D1
100
AcDbEntity
  8
0
100
AcDbLine
 62
7
  6
CONTINUOUS
 10
210.3945952846
 20
137.3204823645
 11
210.6600432503
 21
137.8850882555
  0
LINE
  5
6D2
100
AcDbEntity
  8
0
100
AcDbLine
 62
7
  6
CONTINUOUS
 10
213.657930708
 20
143.1813861341
 11
213.3838712352
 21
142.5985036981
  0
LINE
  5
6D3
100
AcDbEntity
  8
0
100
AcDbLine
 62
7
  6
CONTINUOUS
 10
211.3945952846
 20
137.3204823645
 11
211.6632092591
 21
137.8918121579
  0
LINE
  5
6D4
100
AcDbEntity
  8
0
100
AcDbLine
 62
7
  6
CONTINUOUS
 10
214.657930708
 20
143.1813861341
 11
214.3807585138
 21
142.5918899396
  0
LINE
  5
6D5
100
AcDbEntity
  8
0
100
AcDbLine
 62
7
  6
CONTINUOUS
 10
211.6579305146
 20
143.181385722
 11
211.3887238952
 21
142.6087979528
  0
LINE
  5
6D6
100
AcDbEntity
  8
0
100
AcDbLine
 62
7
  6
CONTINUOUS
 10
212.6579305146
 20
143.181385722
 11
212.3856686604
 21
142.6023127661
  0
LINE
  5
6D7
100
AcDbEntity
  8
0
100
AcDbLine
 62
9
  6
CONTINUOUS
 10
185.3120213441
 20
124.4719049999
 11
184.5133858341
 21
123.8700899767
  0
LINE
  5
6D8
100
AcDbEntity
  8
0
100
AcDbLine
 62
7
  6
CONTINUOUS
 10
200.3911363273
 20
136.9639391951
 11
200.3707493328
 21
136.9509340888
  0
LINE
  5
6D9
100
AcDbEntity
  8
RUNDUNGEN
100
AcDbLine
 62
9
  6
CONTINUOUS
 10
220.976262921
 20
133.4259340888
 11
219.476262921
 21
133.4259340888
  0
LINE
  5
6DA
100
AcDbEntity
  8
0
100
AcDbLine
 62
7
  6
CONTINUOUS
 10
200.3707493328
 20
143.5509340888
 11
200.3911363273
 21
143.5379289826
  0
LINE
  5
6DB
100
AcDbEntity
  8
0
100
AcDbLine
 62
7
  6
CONTINUOUS
 10
209.1705401634
 20
142.594494102
 11
208.8945954557
 21
143.1813854488
  0
LINE
  5
6DC
100
AcDbEntity
  8
0
100
AcDbLine
 62
7
  6
CONTINUOUS
 10
211.8721065967
 20
137.9283412166
 11
212.1579305146
 21
137.3204824557
  0
LINE
  5
6DD
100
AcDbEntity
  8
0
100
AcDbLine
 62
7
  6
CONTINUOUS
 10
210.1742091616
 20
142.5867066608
 11
209.8945952846
 21
143.1813858132
  0
LINE
  5
6DE
100
AcDbEntity
  8
0
100
AcDbLine
 62
7
  6
CONTINUOUS
 10
212.8684595355
 20
137.936080692
 11
213.157930708
 21
137.3204820436
  0
LINE
  5
6DF
100
AcDbEntity
  8
0
100
AcDbLine
 62
7
  6
CONTINUOUS
 10
211.1778794757
 20
142.5789169482
 11
210.8945952846
 21
143.1813858132
  0
LINE
  5
6E0
100
AcDbEntity
  8
0
100
AcDbLine
 62
7
  6
CONTINUOUS
 10
213.8648102812
 20
137.9438242926
 11
214.157930708
 21
137.3204820436
  0
LINE
  5
6E1
100
AcDbEntity
  8
0
100
AcDbLine
 62
7
  6
CONTINUOUS
 10
212.1815516546
 20
142.5711238045
 11
211.8945952846
 21
143.1813858132
  0
LINE
  5
6E2
100
AcDbEntity
  8
0
100
AcDbLine
 62
7
  6
CONTINUOUS
 10
213.3945950942
 20
137.3204819588
 11
213.6695126758
 21
137.9051863567
  0
LINE
  5
6E3
100
AcDbEntity
  8
0
100
AcDbLine
 62
7
  6
CONTINUOUS
 10
214.3945950942
 20
137.3204819588
 11
214.6726466996
 21
137.9118384697
  0
LINE
  5
6E4
100
AcDbEntity
  8
0
100
AcDbLine
 62
7
  6
CONTINUOUS
 10
217.6579309449
 20
143.1813866386
 11
217.3714733988
 21
142.5721889866
  0
LINE
  5
6E5
100
AcDbEntity
  8
0
100
AcDbLine
 62
7
  6
CONTINUOUS
 10
215.3945950942
 20
137.3204819588
 11
215.6757698588
 21
137.918467184
  0
LINE
  5
6E6
100
AcDbEntity
  8
0
100
AcDbLine
 62
7
  6
CONTINUOUS
 10
212.3945952846
 20
137.3204823645
 11
212.667719798
 21
137.9013869892
  0
LINE
  5
6E7
100
AcDbEntity
  8
0
100
AcDbLine
 62
7
  6
CONTINUOUS
 10
215.657930708
 20
143.1813861341
 11
215.3765517695
 21
142.5829612304
  0
LINE
  5
6E8
100
AcDbEntity
  8
0
100
AcDbLine
 62
7
  6
CONTINUOUS
 10
216.657930708
 20
143.1813861341
 11
216.3735282517
 21
142.5765447058
  0
LINE
  5
6E9
100
AcDbEntity
  8
0
100
AcDbLine
 62
9
  6
CONTINUOUS
 10
187.5312809545
 20
121.5268480261
 11
186.7326454444
 21
120.925033003
  0
LINE
  5
6EA
100
AcDbEntity
  8
BEZUGSACHSEN
100
AcDbLine
 62
7
  6
CONTINUOUS
 10
201.4942758997
 20
134.4509340888
 11
204.576262921
 21
134.4509340888
  0
LINE
  5
6EB
100
AcDbEntity
  8
RUNDUNGEN
100
AcDbLine
 62
7
  6
CONTINUOUS
 10
220.976262921
 20
134.7509340888
 11
219.4762629211
 21
134.7509340888
  0
LINE
  5
6EC
100
AcDbEntity
  8
RUNDUNGEN
100
AcDbLine
 62
9
  6
CONTINUOUS
 10
205.276262921
 20
135.3062399628
 11
205.576262921
 21
135.3062399609
  0
LINE
  5
6ED
100
AcDbEntity
  8
RUNDUNGEN
100
AcDbLine
 62
9
  6
CONTINUOUS
 10
218.076262921
 20
135.4209340888
 11
206.976262921
 21
135.4209340888
  0
LINE
  5
6EE
100
AcDbEntity
  8
RUNDUNGEN
100
AcDbLine
 62
7
  6
CONTINUOUS
 10
218.676262921
 20
136.6509340888
 11
206.976262921
 21
136.6509340888
  0
LINE
  5
6EF
100
AcDbEntity
  8
0
100
AcDbLine
 62
7
  6
CONTINUOUS
 10
204.976262921
 20
137.2509340888
 11
205.576262921
 21
137.2509340888
  0
LINE
  5
6F0
100
AcDbEntity
  8
0
100
AcDbLine
 62
7
  6
CONTINUOUS
 10
207.176262921
 20
137.3009340888
 11
207.376262921
 21
137.3009340888
  0
LINE
  5
6F1
100
AcDbEntity
  8
0
100
AcDbLine
 62
7
  6
CONTINUOUS
 10
208.176262921
 20
137.3009340888
 11
208.376262921
 21
137.3009340888
  0
LINE
  5
6F2
100
AcDbEntity
  8
0
100
AcDbLine
 62
7
  6
CONTINUOUS
 10
209.176262921
 20
137.3009340888
 11
209.376262921
 21
137.3009340888
  0
LINE
  5
6F3
100
AcDbEntity
  8
0
100
AcDbLine
 62
7
  6
CONTINUOUS
 10
210.176262921
 20
137.3009340888
 11
210.376262921
 21
137.3009340888
  0
LINE
  5
6F4
100
AcDbEntity
  8
0
100
AcDbLine
 62
7
  6
CONTINUOUS
 10
211.176262921
 20
137.3009340888
 11
211.376262921
 21
137.3009340888
  0
LINE
  5
6F5
100
AcDbEntity
  8
0
100
AcDbLine
 62
7
  6
CONTINUOUS
 10
212.176262921
 20
137.3009340888
 11
212.376262921
 21
137.3009340888
  0
LINE
  5
6F6
100
AcDbEntity
  8
0
100
AcDbLine
 62
7
  6
CONTINUOUS
 10
213.176262921
 20
137.3009340888
 11
213.376262921
 21
137.3009340888
  0
LINE
  5
6F7
100
AcDbEntity
  8
0
100
AcDbLine
 62
7
  6
CONTINUOUS
 10
214.176262921
 20
137.3009340888
 11
214.376262921
 21
137.3009340888
  0
LINE
  5
6F8
100
AcDbEntity
  8
0
100
AcDbLine
 62
7
  6
CONTINUOUS
 10
215.176262921
 20
137.3009340888
 11
215.376262921
 21
137.3009340888
  0
LINE
  5
6F9
100
AcDbEntity
  8
0
100
AcDbLine
 62
7
  6
CONTINUOUS
 10
216.176262921
 20
137.3009340888
 11
216.376262921
 21
137.3009340888
  0
LINE
  5
6FA
100
AcDbEntity
  8
0
100
AcDbLine
 62
7
  6
CONTINUOUS
 10
217.176262921
 20
137.3009340888
 11
217.376262921
 21
137.3009340888
  0
LINE
  5
6FB
100
AcDbEntity
  8
0
100
AcDbLine
 62
7
  6
CONTINUOUS
 10
218.176262921
 20
137.3009340888
 11
218.376262921
 21
137.3009340888
  0
LINE
  5
6FC
100
AcDbEntity
  8
0
100
AcDbLine
 62
7
  6
CONTINUOUS
 10
219.176262921
 20
137.3009340888
 11
219.376262921
 21
137.3009340888
  0
LINE
  5
6FD
100
AcDbEntity
  8
0
100
AcDbLine
 62
7
  6
CONTINUOUS
 10
220.176262921
 20
137.3009340888
 11
220.376262921
 21
137.3009340888
  0
LINE
  5
6FE
100
AcDbEntity
  8
0
100
AcDbLine
 62
7
  6
CONTINUOUS
 10
214.8611583244
 20
137.9515730933
 11
215.157930708
 21
137.3204820436
  0
LINE
  5
6FF
100
AcDbEntity
  8
0
100
AcDbLine
 62
7
  6
CONTINUOUS
 10
213.185226066
 20
142.5633264558
 11
212.8945952846
 21
143.1813858132
  0
LINE
  5
700
100
AcDbEntity
  8
0
100
AcDbLine
 62
7
  6
CONTINUOUS
 10
215.8575033873
 20
137.959327677
 11
216.157930708
 21
137.3204820436
  0
LINE
  5
701
100
AcDbEntity
  8
0
100
AcDbLine
 62
7
  6
CONTINUOUS
 10
214.1889032342
 20
142.5555237952
 11
213.8945950942
 21
143.1813862189
  0
LINE
  5
702
100
AcDbEntity
  8
0
100
AcDbLine
 62
7
  6
CONTINUOUS
 10
216.8538448802
 20
137.9670892882
 11
217.1579309449
 21
137.320481539
  0
LINE
  5
703
100
AcDbEntity
  8
0
100
AcDbLine
 62
7
  6
CONTINUOUS
 10
215.1925830114
 20
142.5477161432
 11
214.8945950942
 21
143.1813862189
  0
LINE
  5
704
100
AcDbEntity
  8
0
100
AcDbLine
 62
7
  6
CONTINUOUS
 10
217.8501832661
 20
137.974856938
 11
218.1579309449
 21
137.320481539
  0
LINE
  5
705
100
AcDbEntity
  8
RUNDUNGEN
100
AcDbLine
 62
9
  6
CONTINUOUS
 10
218.076262921
 20
134.8959340888
 11
218.076262921
 21
135.4209340888
  0
LINE
  5
706
100
AcDbEntity
  8
RUNDUNGEN
100
AcDbLine
 62
9
  6
CONTINUOUS
 10
218.076262921
 20
145.0809340888
 11
218.076262921
 21
145.6059340888
  0
LINE
  5
707
100
AcDbEntity
  8
RUNDUNGEN
100
AcDbLine
 62
9
  6
CONTINUOUS
 10
218.676262921
 20
143.8744029501
 11
218.676262921
 21
143.2009340888
  0
LINE
  5
708
100
AcDbEntity
  8
RUNDUNGEN
100
AcDbLine
 62
9
  6
CONTINUOUS
 10
218.676262921
 20
137.9195088549
 11
218.676262921
 21
136.6274652275
  0
LINE
  5
709
100
AcDbEntity
  8
RUNDUNGEN
100
AcDbLine
 62
7
  6
CONTINUOUS
 10
219.076262921
 20
144.2509340888
 11
219.076262921
 21
142.7947649382
  0
LINE
  5
70A
100
AcDbEntity
  8
RUNDUNGEN
100
AcDbLine
 62
7
  6
CONTINUOUS
 10
219.076262921
 20
135.1509340888
 11
219.076262921
 21
137.4943743314
  0
LINE
  5
70B
100
AcDbEntity
  8
RUNDUNGEN
100
AcDbLine
 62
7
  6
CONTINUOUS
 10
219.076262921
 20
144.2650154056
 11
219.076262921
 21
145.3509340889
  0
LINE
  5
70C
100
AcDbEntity
  8
RUNDUNGEN
100
AcDbLine
 62
9
  6
CONTINUOUS
 10
219.476262921
 20
147.0759340888
 11
219.476262921
 21
142.7947678332
  0
LINE
  5
70D
100
AcDbEntity
  8
RUNDUNGEN
100
AcDbLine
 62
9
  6
CONTINUOUS
 10
219.476262921
 20
133.4259340888
 11
219.476262921
 21
137.4943738919
  0
LINE
  5
70E
100
AcDbEntity
  8
AUSFORMSCHRAEGEN
100
AcDbLine
 62
7
  6
CONTINUOUS
 10
220.376262921
 20
161.0939675979
 11
220.376262921
 21
163.5509144722
  0
LINE
  5
70F
100
AcDbEntity
  8
0
100
AcDbLine
 62
7
  6
CONTINUOUS
 10
218.6579309449
 20
143.1813866386
 11
218.3683989075
 21
142.5656645362
  0
LINE
  5
710
100
AcDbEntity
  8
0
100
AcDbLine
 62
7
  6
CONTINUOUS
 10
217.3945948623
 20
137.3204814648
 11
217.6819842715
 21
137.9316570892
  0
LINE
  5
711
100
AcDbEntity
  8
0
100
AcDbLine
 62
7
  6
CONTINUOUS
 10
216.3945950942
 20
137.3204819588
 11
216.6799250208
 21
137.9272920901
  0
LINE
  5
712
100
AcDbEntity
  8
0
100
AcDbLine
 62
7
  6
CONTINUOUS
 10
218.3945948623
 20
137.3204814648
 11
218.6850766931
 21
137.9382194526
  0
LINE
  5
713
100
AcDbEntity
  8
0
100
AcDbLine
 62
7
  6
CONTINUOUS
 10
219.3945948623
 20
137.3204814648
 11
219.688159412
 21
137.9447608815
  0
LINE
  5
714
100
AcDbEntity
  8
0
100
AcDbLine
 62
7
  6
CONTINUOUS
 10
219.6579309449
 20
143.1813866386
 11
219.3645034826
 21
142.5573930285
  0
LINE
  5
715
100
AcDbEntity
  8
0
100
AcDbLine
 62
7
  6
CONTINUOUS
 10
220.6579309449
 20
143.1813866386
 11
220.3615095306
 21
142.5510406179
  0
LINE
  5
716
100
AcDbEntity
  8
0
100
AcDbLine
 62
7
  6
CONTINUOUS
 10
216.376262921
 20
137.3009340888
 11
216.3945950942
 21
137.3204819588
  0
LINE
  5
717
100
AcDbEntity
  8
0
100
AcDbLine
 62
7
  6
CONTINUOUS
 10
186.676262921
 20
135.9974777121
 11
181.9236470494
 21
135.5849865232
  0
LINE
  5
718
100
AcDbEntity
  8
0
100
AcDbLine
 62
7
  6
CONTINUOUS
 10
186.676262921
 20
137.0975980127
 11
181.8288787927
 21
136.6768816544
  0
LINE
  5
719
100
AcDbEntity
  8
0
100
AcDbLine
 62
9
  6
CONTINUOUS
 10
220.6746815479
 20
139.8375182168
 11
220.4340475585
 21
139.8343337131
  0
LINE
  5
71A
100
AcDbEntity
  8
0
100
AcDbLine
 62
9
  6
CONTINUOUS
 10
219.6767956058
 20
139.8243123872
 11
219.4336756512
 21
139.8210949848
  0
LINE
  5
71B
100
AcDbEntity
  8
0
100
AcDbLine
 62
9
  6
CONTINUOUS
 10
218.6789407418
 20
139.8111069689
 11
218.4332684228
 21
139.807855789
  0
LINE
  5
71C
100
AcDbEntity
  8
0
100
AcDbLine
 62
9
  6
CONTINUOUS
 10
217.6811167926
 20
139.7979019598
 11
217.4328259402
 21
139.7946161266
  0
LINE
  5
71D
100
AcDbEntity
  8
0
100
AcDbLine
 62
9
  6
CONTINUOUS
 10
216.6833235935
 20
139.7846973575
 11
216.4323482734
 21
139.7813759987
  0
LINE
  5
71E
100
AcDbEntity
  8
0
100
AcDbLine
 62
9
  6
CONTINUOUS
 10
215.685560978
 20
139.77149316
 11
215.4318354958
 21
139.7681354061
  0
LINE
  5
71F
100
AcDbEntity
  8
0
100
AcDbLine
 62
9
  6
CONTINUOUS
 10
214.6878287782
 20
139.758289365
 11
214.4312876838
 21
139.7548943498
  0
LINE
  5
720
100
AcDbEntity
  8
0
100
AcDbLine
 62
9
  6
CONTINUOUS
 10
213.6901268245
 20
139.7450859703
 11
213.4307049166
 21
139.741652831
  0
LINE
  5
721
100
AcDbEntity
  8
0
100
AcDbLine
 62
9
  6
CONTINUOUS
 10
212.692454946
 20
139.7318829736
 11
212.4300872769
 21
139.7284108506
  0
LINE
  5
722
100
AcDbEntity
  8
0
100
AcDbLine
 62
9
  6
CONTINUOUS
 10
211.6948129705
 20
139.7186803727
 11
211.4294348501
 21
139.7151684099
  0
LINE
  5
723
100
AcDbEntity
  8
0
100
AcDbLine
 62
9
  6
CONTINUOUS
 10
210.6972007244
 20
139.7054781651
 11
210.4287477245
 21
139.70192551
  0
LINE
  5
724
100
AcDbEntity
  8
0
100
AcDbLine
 62
9
  6
CONTINUOUS
 10
209.6996180327
 20
139.6922763487
 11
209.4280259915
 21
139.6886821521
  0
LINE
  5
725
100
AcDbEntity
  8
0
100
AcDbLine
 62
9
  6
CONTINUOUS
 10
208.7020647194
 20
139.6790749211
 11
208.4272697452
 21
139.6754383375
  0
LINE
  5
726
100
AcDbEntity
  8
0
100
AcDbLine
 62
9
  6
CONTINUOUS
 10
207.7045406073
 20
139.6658738799
 11
207.4264790825
 21
139.6621940674
  0
LINE
  5
727
100
AcDbEntity
  8
0
100
AcDbLine
 62
9
  6
CONTINUOUS
 10
206.7070455182
 20
139.6526732228
 11
206.576262921
 21
139.6509424712
  0
LINE
  5
728
100
AcDbEntity
  8
0
100
AcDbLine
 62
7
  6
CONTINUOUS
 10
206.6388268839
 20
137.8619303489
 11
206.9025717118
 21
137.8636697896
  0
LINE
  5
729
100
AcDbEntity
  8
0
100
AcDbLine
 62
7
  6
CONTINUOUS
 10
216.6742486336
 20
137.9272556432
 11
216.8720170612
 21
137.928525476
  0
LINE
  5
72A
100
AcDbEntity
  8
0
100
AcDbLine
 62
7
  6
CONTINUOUS
 10
215.670811305
 20
137.9208025514
 11
215.8750384757
 21
137.9221172705
  0
LINE
  5
72B
100
AcDbEntity
  8
0
100
AcDbLine
 62
7
  6
CONTINUOUS
 10
214.6673515688
 20
137.9143322993
 11
214.8780662299
 21
137.9156923684
  0
LINE
  5
72C
100
AcDbEntity
  8
0
100
AcDbLine
 62
7
  6
CONTINUOUS
 10
213.6638683057
 20
137.9078446049
 11
213.8811012196
 21
137.9092504995
  0
LINE
  5
72D
100
AcDbEntity
  8
0
100
AcDbLine
 62
7
  6
CONTINUOUS
 10
212.6603606486
 20
137.9013392334
 11
212.8841429187
 21
137.9027914267
  0
LINE
  5
72E
100
AcDbEntity
  8
0
100
AcDbLine
 62
7
  6
CONTINUOUS
 10
211.656829733
 20
137.8948160142
 11
211.8871948299
 21
137.8963149887
  0
LINE
  5
72F
100
AcDbEntity
  8
0
100
AcDbLine
 62
7
  6
CONTINUOUS
 10
210.6532756781
 20
137.8882748267
 11
210.8902543717
 21
137.8898210382
  0
LINE
  5
730
100
AcDbEntity
  8
0
100
AcDbLine
 62
7
  6
CONTINUOUS
 10
209.6496984068
 20
137.8817156133
 11
209.8933219926
 21
137.8833095084
  0
LINE
  5
731
100
AcDbEntity
  8
0
100
AcDbLine
 62
7
  6
CONTINUOUS
 10
208.6460978661
 20
137.8751383876
 11
208.8963961124
 21
137.8767803871
  0
LINE
  5
732
100
AcDbEntity
  8
0
100
AcDbLine
 62
7
  6
CONTINUOUS
 10
207.6424740271
 20
137.868543241
 11
207.8994799126
 21
137.8702337671
  0
LINE
  5
733
100
AcDbEntity
  8
0
100
AcDbLine
 62
7
  6
CONTINUOUS
 10
220.6877911476
 20
137.952903152
 11
220.8600115903
 21
137.9539980231
  0
LINE
  5
734
100
AcDbEntity
  8
0
100
AcDbLine
 62
7
  6
CONTINUOUS
 10
219.6844351378
 20
137.9465152723
 11
219.8630051514
 21
137.9476532418
  0
LINE
  5
735
100
AcDbEntity
  8
0
100
AcDbLine
 62
7
  6
CONTINUOUS
 10
218.6810597885
 20
137.9401116466
 11
218.866003125
 21
137.941293131
  0
LINE
  5
736
100
AcDbEntity
  8
0
100
AcDbLine
 62
7
  6
CONTINUOUS
 10
217.6776645197
 20
137.9336918928
 11
217.8690063541
 21
137.9349173238
  0
LINE
  5
737
100
AcDbEntity
  8
0
100
AcDbLine
 62
7
  6
CONTINUOUS
 10
200.1372120123
 20
139.4509340888
 11
200.3911363273
 21
139.4509340888
  0
LINE
  5
738
100
AcDbEntity
  8
BEZUGSACHSEN
100
AcDbLine
 62
7
  6
CENTER
 10
263.976262921
 20
140.2509340888
 11
178.3997652893
 21
140.2509340888
  0
LINE
  5
739
100
AcDbEntity
  8
0
100
AcDbLine
 62
9
  6
CONTINUOUS
 10
220.6184136004
 20
140.6650946
 11
220.3772173732
 21
140.6682865442
  0
LINE
  5
73A
100
AcDbEntity
  8
0
100
AcDbLine
 62
9
  6
CONTINUOUS
 10
219.6187787112
 20
140.6783235748
 11
219.3750849118
 21
140.6815485714
  0
LINE
  5
73B
100
AcDbEntity
  8
0
100
AcDbLine
 62
9
  6
CONTINUOUS
 10
218.619179074
 20
140.6915520831
 11
218.3729210198
 21
140.6948110146
  0
LINE
  5
73C
100
AcDbEntity
  8
0
100
AcDbLine
 62
9
  6
CONTINUOUS
 10
217.6196146154
 20
140.7047801259
 11
217.370725858
 21
140.7080738715
  0
LINE
  5
73D
100
AcDbEntity
  8
0
100
AcDbLine
 62
9
  6
CONTINUOUS
 10
216.6200852587
 20
140.7180077041
 11
216.3684995887
 21
140.7213371402
  0
LINE
  5
73E
100
AcDbEntity
  8
0
100
AcDbLine
 62
9
  6
CONTINUOUS
 10
215.620590924
 20
140.7312348188
 11
215.3662423762
 21
140.7346008183
  0
LINE
  5
73F
100
AcDbEntity
  8
0
100
AcDbLine
 62
9
  6
CONTINUOUS
 10
214.6211315286
 20
140.7444614711
 11
214.3639543862
 21
140.7478649037
  0
LINE
  5
740
100
AcDbEntity
  8
0
100
AcDbLine
 62
9
  6
CONTINUOUS
 10
213.6217069865
 20
140.7576876623
 11
213.3616357862
 21
140.7611293942
  0
LINE
  5
741
100
AcDbEntity
  8
0
100
AcDbLine
 62
9
  6
CONTINUOUS
 10
212.622317209
 20
140.7709133933
 11
212.3592867452
 21
140.7743942876
  0
LINE
  5
742
100
AcDbEntity
  8
0
100
AcDbLine
 62
9
  6
CONTINUOUS
 10
211.6229621045
 20
140.7841386655
 11
211.3569074338
 21
140.7876595816
  0
LINE
  5
743
100
AcDbEntity
  8
0
100
AcDbLine
 62
9
  6
CONTINUOUS
 10
210.6236415782
 20
140.7973634801
 11
210.3544980239
 21
140.8009252738
  0
LINE
  5
744
100
AcDbEntity
  8
0
100
AcDbLine
 62
9
  6
CONTINUOUS
 10
209.6243555329
 20
140.8105878384
 11
209.3520586887
 21
140.8141913621
  0
LINE
  5
745
100
AcDbEntity
  8
0
100
AcDbLine
 62
9
  6
CONTINUOUS
 10
208.6251038683
 20
140.8238117416
 11
208.3495896029
 21
140.8274578441
  0
LINE
  5
746
100
AcDbEntity
  8
0
100
AcDbLine
 62
9
  6
CONTINUOUS
 10
207.6258864815
 20
140.8370351913
 11
207.3470909424
 21
140.8407247175
  0
LINE
  5
747
100
AcDbEntity
  8
0
100
AcDbLine
 62
9
  6
CONTINUOUS
 10
206.6267032671
 20
140.8502581887
 11
206.576262921
 21
140.8509257065
  0
LINE
  5
748
100
AcDbEntity
  8
0
100
AcDbLine
 62
7
  6
CONTINUOUS
 10
186.676262921
 20
143.4042701649
 11
181.8288787927
 21
143.8249865232
  0
LINE
  5
749
100
AcDbEntity
  8
0
100
AcDbLine
 62
7
  6
CONTINUOUS
 10
220.839174657
 20
137.9982069195
 11
220.976262921
 21
137.7071051775
  0
LINE
  5
74A
100
AcDbEntity
  8
0
100
AcDbLine
 62
7
  6
CONTINUOUS
 10
216.1962659222
 20
142.5399023929
 11
215.8945950942
 21
143.1813862189
  0
LINE
  5
74B
100
AcDbEntity
  8
0
100
AcDbLine
 62
7
  6
CONTINUOUS
 10
218.8465179372
 20
137.9826319089
 11
219.1579309449
 21
137.320481539
  0
LINE
  5
74C
100
AcDbEntity
  8
0
100
AcDbLine
 62
7
  6
CONTINUOUS
 10
217.1999522295
 20
142.5320819934
 11
216.8945950942
 21
143.1813862189
  0
LINE
  5
74D
100
AcDbEntity
  8
0
100
AcDbLine
 62
7
  6
CONTINUOUS
 10
219.8428486612
 20
137.9904146863
 11
220.1579309449
 21
137.320481539
  0
LINE
  5
74E
100
AcDbEntity
  8
0
100
AcDbLine
 62
7
  6
CONTINUOUS
 10
218.203642571
 20
142.5242535991
 11
217.8945948623
 21
143.1813867129
  0
LINE
  5
74F
100
AcDbEntity
  8
0
100
AcDbLine
 62
7
  6
CONTINUOUS
 10
219.2073363692
 20
142.5164184421
 11
218.8945948623
 21
143.1813867129
  0
LINE
  5
750
100
AcDbEntity
  8
AUSFORMSCHRAEGEN
100
AcDbLine
 62
7
  6
CONTINUOUS
 10
220.976262921
 20
140.2509340888
 11
220.976262921
 21
117.1745439418
  0
LINE
  5
751
100
AcDbEntity
  8
RUNDUNGEN
100
AcDbLine
 62
7
  6
CONTINUOUS
 10
220.976262921
 20
140.2509340888
 11
220.976262921
 21
163.0606506491
  0
LINE
  5
752
100
AcDbEntity
  8
0
100
AcDbLine
 62
7
  6
CONTINUOUS
 10
220.3945948623
 20
137.3204814648
 11
220.6912326815
 21
137.9512819118
  0
LINE
  5
753
100
AcDbEntity
  8
0
100
AcDbLine
 62
7
  6
CONTINUOUS
 10
200.1372120123
 20
141.0509340888
 11
200.3911363273
 21
141.0509340888
  0
LINE
  5
754
100
AcDbEntity
  8
0
100
AcDbLine
 62
7
  6
CONTINUOUS
 10
220.876262921
 20
143.2009340888
 11
220.676262921
 21
143.2009340888
  0
LINE
  5
755
100
AcDbEntity
  8
0
100
AcDbLine
 62
7
  6
CONTINUOUS
 10
219.876262921
 20
143.2009340888
 11
219.676262921
 21
143.2009340888
  0
LINE
  5
756
100
AcDbEntity
  8
0
100
AcDbLine
 62
7
  6
CONTINUOUS
 10
218.876262921
 20
143.2009340888
 11
218.676262921
 21
143.2009340888
  0
LINE
  5
757
100
AcDbEntity
  8
0
100
AcDbLine
 62
7
  6
CONTINUOUS
 10
217.876262921
 20
143.2009340888
 11
217.676262921
 21
143.2009340888
  0
LINE
  5
758
100
AcDbEntity
  8
0
100
AcDbLine
 62
7
  6
CONTINUOUS
 10
216.876262921
 20
143.2009340888
 11
216.676262921
 21
143.2009340888
  0
LINE
  5
759
100
AcDbEntity
  8
0
100
AcDbLine
 62
7
  6
CONTINUOUS
 10
215.876262921
 20
143.2009340888
 11
215.676262921
 21
143.2009340888
  0
LINE
  5
75A
100
AcDbEntity
  8
0
100
AcDbLine
 62
7
  6
CONTINUOUS
 10
214.876262921
 20
143.2009340888
 11
214.676262921
 21
143.2009340888
  0
LINE
  5
75B
100
AcDbEntity
  8
0
100
AcDbLine
 62
7
  6
CONTINUOUS
 10
213.876262921
 20
143.2009340888
 11
213.676262921
 21
143.2009340888
  0
LINE
  5
75C
100
AcDbEntity
  8
0
100
AcDbLine
 62
7
  6
CONTINUOUS
 10
212.876262921
 20
143.2009340888
 11
212.676262921
 21
143.2009340888
  0
LINE
  5
75D
100
AcDbEntity
  8
0
100
AcDbLine
 62
7
  6
CONTINUOUS
 10
211.876262921
 20
143.2009340888
 11
211.676262921
 21
143.2009340888
  0
LINE
  5
75E
100
AcDbEntity
  8
0
100
AcDbLine
 62
7
  6
CONTINUOUS
 10
210.876262921
 20
143.2009340888
 11
210.676262921
 21
143.2009340888
  0
LINE
  5
75F
100
AcDbEntity
  8
0
100
AcDbLine
 62
7
  6
CONTINUOUS
 10
209.876262921
 20
143.2009340888
 11
209.676262921
 21
143.2009340888
  0
LINE
  5
760
100
AcDbEntity
  8
0
100
AcDbLine
 62
7
  6
CONTINUOUS
 10
208.876262921
 20
143.2009340888
 11
208.676262921
 21
143.2009340888
  0
LINE
  5
761
100
AcDbEntity
  8
0
100
AcDbLine
 62
7
  6
CONTINUOUS
 10
207.876262921
 20
143.2009340888
 11
207.676262921
 21
143.2009340888
  0
LINE
  5
762
100
AcDbEntity
  8
0
100
AcDbLine
 62
7
  6
CONTINUOUS
 10
206.876262921
 20
143.2009340888
 11
206.676262921
 21
143.2009340888
  0
LINE
  5
763
100
AcDbEntity
  8
0
100
AcDbLine
 62
7
  6
CONTINUOUS
 10
204.976262921
 20
143.2509340888
 11
205.576262921
 21
143.2509340888
  0
LINE
  5
764
100
AcDbEntity
  8
RUNDUNGEN
100
AcDbLine
 62
7
  6
CONTINUOUS
 10
206.976262921
 20
143.8509340888
 11
218.676262921
 21
143.8509340888
  0
LINE
  5
765
100
AcDbEntity
  8
0
100
AcDbLine
 62
7
  6
CONTINUOUS
 10
212.3931024811
 20
142.6022644592
 11
212.1661851289
 21
142.6037390295
  0
LINE
  5
766
100
AcDbEntity
  8
0
100
AcDbLine
 62
7
  6
CONTINUOUS
 10
213.3896129473
 20
142.5957997213
 11
213.1692530456
 21
142.5972278127
  0
LINE
  5
767
100
AcDbEntity
  8
0
100
AcDbLine
 62
7
  6
CONTINUOUS
 10
214.3861475157
 20
142.589352157
 11
214.1723136887
 21
142.5907342408
  0
LINE
  5
768
100
AcDbEntity
  8
0
100
AcDbLine
 62
7
  6
CONTINUOUS
 10
215.3827053795
 20
142.5829215629
 11
215.1753636466
 21
142.5842581328
  0
LINE
  5
769
100
AcDbEntity
  8
0
100
AcDbLine
 62
7
  6
CONTINUOUS
 10
216.379285404
 20
142.576507691
 11
216.1784063575
 21
142.5777992138
  0
LINE
  5
76A
100
AcDbEntity
  8
0
100
AcDbLine
 62
7
  6
CONTINUOUS
 10
217.3758866086
 20
142.5701102541
 11
217.1814424314
 21
142.5713571866
  0
LINE
  5
76B
100
AcDbEntity
  8
0
100
AcDbLine
 62
7
  6
CONTINUOUS
 10
218.3725081516
 20
142.5637289331
 11
218.1844727463
 21
142.5649317188
  0
LINE
  5
76C
100
AcDbEntity
  8
0
100
AcDbLine
 62
7
  6
CONTINUOUS
 10
219.3691493189
 20
142.5573633846
 11
219.1874918863
 21
142.5585224933
  0
LINE
  5
76D
100
AcDbEntity
  8
0
100
AcDbLine
 62
7
  6
CONTINUOUS
 10
220.3658095138
 20
142.5510132474
 11
220.190503561
 21
142.5521291156
  0
LINE
  5
76E
100
AcDbEntity
  8
0
100
AcDbLine
 62
7
  6
CONTINUOUS
 10
207.4108935242
 20
142.6348492332
 11
207.1507240004
 21
142.6365628522
  0
LINE
  5
76F
100
AcDbEntity
  8
0
100
AcDbLine
 62
7
  6
CONTINUOUS
 10
208.4072894315
 20
142.6282974723
 11
208.1538329893
 21
142.629962443
  0
LINE
  5
770
100
AcDbEntity
  8
0
100
AcDbLine
 62
7
  6
CONTINUOUS
 10
209.4037083266
 20
142.6217630413
 11
209.1569338293
 21
142.6233797623
  0
LINE
  5
771
100
AcDbEntity
  8
0
100
AcDbLine
 62
7
  6
CONTINUOUS
 10
210.4001501748
 20
142.6152460508
 11
210.1600267616
 21
142.6168149403
  0
LINE
  5
772
100
AcDbEntity
  8
0
100
AcDbLine
 62
7
  6
CONTINUOUS
 10
211.3966149194
 20
142.6087465354
 11
211.1631094256
 21
142.610268044
  0
LINE
  5
773
100
AcDbEntity
  8
0
100
AcDbLine
 62
7
  6
CONTINUOUS
 10
186.676262921
 20
144.5043904656
 11
181.9236470494
 21
144.9168816544
  0
LINE
  5
774
100
AcDbEntity
  8
0
100
AcDbLine
 62
7
  6
CONTINUOUS
 10
220.2110342852
 20
142.5085751278
 11
219.8945948623
 21
143.1813867129
  0
LINE
  5
775
100
AcDbEntity
  8
0
100
AcDbLine
 62
7
  6
CONTINUOUS
 10
220.976262921
 20
143.0074942857
 11
220.8945948623
 21
143.1813867129
  0
LINE
  5
776
100
AcDbEntity
  8
RUNDUNGEN
100
AcDbLine
 62
9
  6
CONTINUOUS
 10
224.1937153275
 20
163.3345794717
 11
224.1937153275
 21
163.1816233457
  0
LINE
  5
777
100
AcDbEntity
  8
RUNDUNGEN
100
AcDbLine
 62
7
  6
CONTINUOUS
 10
225.176262921
 20
163.4671497772
 11
225.176262921
 21
163.2012085267
  0
LINE
  5
778
100
AcDbEntity
  8
RUNDUNGEN
100
AcDbLine
 62
7
  6
CONTINUOUS
 10
226.976262921
 20
163.2849602269
 11
226.976262921
 21
163.4319795518
  0
LINE
  5
779
100
AcDbEntity
  8
RUNDUNGEN
100
AcDbLine
 62
9
  6
CONTINUOUS
 10
206.976262921
 20
145.0809340888
 11
218.076262921
 21
145.0809340888
  0
LINE
  5
77A
100
AcDbEntity
  8
RUNDUNGEN
100
AcDbLine
 62
9
  6
CONTINUOUS
 10
205.276262921
 20
145.1956282149
 11
205.576262921
 21
145.1956282149
  0
LINE
  5
77B
100
AcDbEntity
  8
RUNDUNGEN
100
AcDbLine
 62
7
  6
CONTINUOUS
 10
219.476262921
 20
145.7509340888
 11
220.976262921
 21
145.7509340888
  0
LINE
  5
77C
100
AcDbEntity
  8
BEZUGSACHSEN
100
AcDbLine
 62
7
  6
CONTINUOUS
 10
201.4942758997
 20
146.0509340888
 11
204.576262921
 21
146.0509340888
  0
LINE
  5
77D
100
AcDbEntity
  8
RUNDUNGEN
100
AcDbLine
 62
9
  6
CONTINUOUS
 10
219.476262921
 20
147.0759340888
 11
220.976262921
 21
147.0759340888
  0
LINE
  5
77E
100
AcDbEntity
  8
0
100
AcDbLine
 62
7
  6
CONTINUOUS
 10
186.676262921
 20
146.7974777121
 11
181.9236470494
 21
146.3849865232
  0
LINE
  5
77F
100
AcDbEntity
  8
0
100
AcDbLine
 62
9
  6
CONTINUOUS
 10
205.5051967865
 20
121.4711797823
 11
205.576262921
 21
121.4995046515
  0
LINE
  5
780
100
AcDbEntity
  8
0
100
AcDbLine
 62
7
  6
CONTINUOUS
 10
186.676262921
 20
147.8975980127
 11
181.8288787927
 21
147.4768816544
  0
LINE
  5
781
100
AcDbEntity
  8
RUNDUNGEN
100
AcDbLine
 62
9
  6
CONTINUOUS
 10
205.276262921
 20
150.3509340888
 11
205.576262921
 21
150.3509340869
  0
LINE
  5
782
100
AcDbEntity
  8
BEZUGSACHSEN
100
AcDbLine
 62
9
  6
CONTINUOUS
 10
205.576262921
 20
153.2509340864
 11
187.076262921
 21
153.2509340888
  0
LINE
  5
783
100
AcDbEntity
  8
RUNDUNGEN
100
AcDbLine
 62
9
  6
CONTINUOUS
 10
186.676262921
 20
153.2509340888
 11
187.076262921
 21
153.2509340862
  0
LINE
  5
784
100
AcDbEntity
  8
0
100
AcDbLine
 62
9
  6
CONTINUOUS
 10
179.676262921
 20
154.0509340888
 11
186.676262921
 21
154.0509340888
  0
LINE
  5
785
100
AcDbEntity
  8
0
100
AcDbLine
 62
7
  6
CONTINUOUS
 10
179.676262921
 20
155.2509340888
 11
186.676262921
 21
155.2509340888
  0
LINE
  5
786
100
AcDbEntity
  8
RUNDUNGEN
100
AcDbLine
 62
7
  6
CONTINUOUS
 10
179.676262921
 20
155.2509340888
 11
186.676262921
 21
155.2509340888
  0
LINE
  5
787
100
AcDbEntity
  8
BEZUGSACHSEN
100
AcDbLine
 62
7
  6
CONTINUOUS
 10
187.076262921
 20
157.2509340888
 11
205.576262921
 21
157.2509340888
  0
LINE
  5
788
100
AcDbEntity
  8
RUNDUNGEN
100
AcDbLine
 62
9
  6
CONTINUOUS
 10
254.976262921
 20
159.2509340888
 11
250.976262921
 21
159.2509340888
  0
LINE
  5
789
100
AcDbEntity
  8
RUNDUNGEN
100
AcDbLine
 62
7
  6
CONTINUOUS
 10
221.3692819584
 20
163.1253237436
 11
226.5832438836
 21
163.2292539638
  0
LINE
  5
78A
100
AcDbEntity
  8
RUNDUNGEN
100
AcDbLine
 62
7
  6
CONTINUOUS
 10
220.976262921
 20
161.0939675979
 11
220.376262921
 21
161.0939675979
  0
LINE
  5
78B
100
AcDbEntity
  8
BEZUGSACHSEN
100
AcDbLine
 62
7
  6
CONTINUOUS
 10
220.376262921
 20
161.2509340888
 11
206.976262921
 21
161.2509340888
  0
LINE
  5
78C
100
AcDbEntity
  8
AUSFORMSCHRAEGEN
100
AcDbLine
 62
7
  6
CONTINUOUS
 10
226.976262921
 20
163.4320125306
 11
250.5832438822
 21
163.844073916
  0
LINE
  5
78D
100
AcDbEntity
  8
0
100
AcDbLine
 62
7
  6
CONTINUOUS
 10
206.576262921
 20
163.2509340888
 11
205.576262921
 21
163.2509340888
  0
LINE
  5
78E
100
AcDbEntity
  8
BEZUGSACHSEN
100
AcDbLine
 62
7
  6
CONTINUOUS
 10
255.176262921
 20
163.8509340888
 11
259.976262921
 21
163.8509340888
  0
LINE
  5
78F
100
AcDbEntity
  8
RUNDUNGEN
100
AcDbLine
 62
7
  6
CONTINUOUS
 10
253.976262921
 20
166.2509340888
 11
250.976262921
 21
166.2509340888
  0
LINE
  5
790
100
AcDbEntity
  8
RUNDUNGEN
100
AcDbLine
 62
7
  6
CONTINUOUS
 10
220.376262921
 20
163.3939675979
 11
224.1937153275
 21
163.3345794717
  0
LINE
  5
791
100
AcDbEntity
  8
AUSFORMSCHRAEGEN
100
AcDbLine
 62
7
  6
CONTINUOUS
 10
220.376262921
 20
163.5509340888
 11
225.176262921
 21
163.4671497772
  0
LINE
  5
792
100
AcDbEntity
  8
RUNDUNGEN
100
AcDbLine
 62
9
  6
CONTINUOUS
 10
250.5832438822
 20
116.6577942617
 11
250.5832438822
 21
163.844073916
  0
LINE
  5
793
100
AcDbEntity
  8
BEZUGSACHSEN
100
AcDbLine
 62
7
  6
CONTINUOUS
 10
250.976262921
 20
114.2509340888
 11
250.976262921
 21
166.2509340888
  0
LINE
  5
794
100
AcDbEntity
  8
RUNDUNGEN
100
AcDbLine
 62
9
  6
CONTINUOUS
 10
253.976262921
 20
166.2509340888
 11
253.976262921
 21
114.2509340888
  0
LINE
  5
795
100
AcDbEntity
  8
RUNDUNGEN
100
AcDbLine
 62
7
  6
CONTINUOUS
 10
254.976262921
 20
165.2509340888
 11
254.976262921
 21
115.2509340888
  0
LINE
  5
796
100
AcDbEntity
  8
RUNDUNGEN
100
AcDbLine
 62
9
  6
CONTINUOUS
 10
255.176262921
 20
116.6509340888
 11
255.176262921
 21
163.8509340888
  0
LINE
  5
797
100
AcDbEntity
  8
BEZUGSACHSEN
100
AcDbLine
 62
9
  6
CONTINUOUS
 10
259.976262921
 20
116.6509340888
 11
259.976262921
 21
163.8509340888
  0
LINE
  5
798
100
AcDbEntity
  8
BEZUGSACHSEN
100
AcDbLine
 62
7
  6
CONTINUOUS
 10
260.976262921
 20
162.8509340888
 11
260.976262921
 21
117.6509340888
  0
CIRCLE
  5
799
100
AcDbEntity
  8
0
100
AcDbCircle
 62
7
  6
CONTINUOUS
 10
83.9395859595
 20
53.0129941587
 40
23.6
  0
CIRCLE
  5
79A
100
AcDbEntity
  8
0
100
AcDbCircle
 62
7
  6
CONTINUOUS
 10
102.9402502157
 20
77.013819572
 40
3.1
  0
CIRCLE
  5
79B
100
AcDbEntity
  8
0
100
AcDbCircle
 62
7
  6
CONTINUOUS
 10
64.9397440174
 20
29.0132420926
 40
3.1
  0
ARC
  5
79C
100
AcDbEntity
  8
RUNDUNGEN
100
AcDbCircle
 62
9
  6
CONTINUOUS
 10
325.8174734852
 20
92.0905547765
 40
22.8047314496
100
AcDbArc
 50
35.0799521577
 51
35.5384308066
  0
ARC
  5
79D
100
AcDbEntity
  8
RUNDUNGEN
100
AcDbCircle
 62
9
  6
CONTINUOUS
 10
326.2803792297
 20
92.4245795871
 40
22.2338970635
100
AcDbArc
 50
35.6413805135
 51
38.2603410144
  0
ARC
  5
79E
100
AcDbEntity
  8
RUNDUNGEN
100
AcDbCircle
 62
9
  6
CONTINUOUS
 10
344.0651021685
 20
83.6773679157
 40
10.5827144593
100
AcDbArc
 50
277.9289957315
 51
288.0439473294
  0
ARC
  5
79F
100
AcDbEntity
  8
RUNDUNGEN
100
AcDbCircle
 62
7
  6
CONTINUOUS
 10
339.6327389609
 20
86.4847821357
 40
8.3721315081
100
AcDbArc
 50
278.2014754943
 51
288.1842260189
  0
ARC
  5
7A0
100
AcDbEntity
  8
RUNDUNGEN
100
AcDbCircle
 62
7
  6
CONTINUOUS
 10
354.288622224
 20
65.9020125362
 40
2.6901109062
100
AcDbArc
 50
295.269149643
 51
298.6319407548
  0
ARC
  5
7A1
100
AcDbEntity
  8
FASEN
100
AcDbCircle
 62
7
  6
CONTINUOUS
 10
352.4340226346
 20
72.2677474271
 40
2.686775492
100
AcDbArc
 50
115.3111805026
 51
118.1907725378
  0
ARC
  5
7A2
100
AcDbEntity
  8
FASEN
100
AcDbCircle
 62
7
  6
CONTINUOUS
 10
354.5803736454
 20
65.9889927034
 40
2.67791669
100
AcDbArc
 50
281.1309226142
 51
282.4575836688
  0
ARC
  5
7A3
100
AcDbEntity
  8
RUNDUNGEN
100
AcDbCircle
 62
7
  6
CONTINUOUS
 10
352.1430743219
 20
72.1799459631
 40
2.6756223105
100
AcDbArc
 50
102.4759180561
 51
104.0170680097
  0
ARC
  5
7A4
100
AcDbEntity
  8
RUNDUNGEN
100
AcDbCircle
 62
7
  6
CONTINUOUS
 10
354.2997882462
 20
65.8784993349
 40
2.6640811733
100
AcDbArc
 50
288.890603988
 51
295.2678491322
  0
ARC
  5
7A5
100
AcDbEntity
  8
RUNDUNGEN
100
AcDbCircle
 62
7
  6
CONTINUOUS
 10
352.1389862528
 20
72.1960466269
 40
2.659010892
100
AcDbArc
 50
104.0156332625
 51
108.8838394952
  0
ARC
  5
7A6
100
AcDbEntity
  8
BEZUGSACHSEN
100
AcDbCircle
 62
7
  6
CONTINUOUS
 10
327.2542903996
 20
75.5834930487
 40
2.20806201
100
AcDbArc
 50
288.8889083512
 51
293.0366084143
  0
ARC
  5
7A7
100
AcDbEntity
  8
RUNDUNGEN
100
AcDbCircle
 62
7
  6
CONTINUOUS
 10
340.6842301804
 20
79.1881113429
 40
1.0000972538
100
AcDbArc
 50
196.6299630696
 51
278.2357752314
  0
ARC
  5
7A8
100
AcDbEntity
  8
RUNDUNGEN
100
AcDbCircle
 62
7
  6
CONTINUOUS
 10
332.6645152907
 20
81.9308399794
 40
0.9999459328
100
AcDbArc
 50
230.3654547405
 51
288.4589354099
  0
ARC
  5
7A9
100
AcDbEntity
  8
0
100
AcDbCircle
 62
7
  6
CONTINUOUS
 10
313.2337136792
 20
118.8214575493
 40
25.0437920388
100
AcDbArc
 50
349.6848535585
 51
349.8655155414
  0
ARC
  5
7AA
100
AcDbEntity
  8
0
100
AcDbCircle
 62
9
  6
CONTINUOUS
 10
329.8958953977
 20
99.7280492596
 40
16.7198593158
100
AcDbArc
 50
61.1712489038
 51
61.4499358927
  0
ARC
  5
7AB
100
AcDbEntity
  8
RUNDUNGEN
100
AcDbCircle
 62
7
  6
CONTINUOUS
 10
330.4410573321
 20
100.5806692051
 40
15.8213936111
100
AcDbArc
 50
63.2896007319
 51
64.0369301108
  0
ARC
  5
7AC
100
AcDbEntity
  8
0
100
AcDbCircle
 62
7
  6
CONTINUOUS
 10
351.1645816175
 20
107.3667028012
 40
15.0378438581
100
AcDbArc
 50
153.2959824784
 51
153.5704930279
  0
ARC
  5
7AD
100
AcDbEntity
  8
0
100
AcDbCircle
 62
7
  6
CONTINUOUS
 10
351.0864169693
 20
107.4060232476
 40
14.950346374
100
AcDbArc
 50
153.0179606823
 51
153.2959854102
  0
ARC
  5
7AE
100
AcDbEntity
  8
0
100
AcDbCircle
 62
7
  6
CONTINUOUS
 10
350.986917104
 20
107.4567376099
 40
14.8386675164
100
AcDbArc
 50
152.5852515794
 51
153.0181531365
  0
ARC
  5
7AF
100
AcDbEntity
  8
RUNDUNGEN
100
AcDbCircle
 62
9
  6
CONTINUOUS
 10
335.5312170391
 20
108.6441687702
 40
10.6323706343
100
AcDbArc
 50
109.7108060314
 51
119.6028215528
  0
ARC
  5
7B0
100
AcDbEntity
  8
0
100
AcDbCircle
 62
7
  6
CONTINUOUS
 10
327.4701777144
 20
116.1094185221
 40
10.5516208962
100
AcDbArc
 50
349.2021081248
 51
349.5397402486
  0
ARC
  5
7B1
100
AcDbEntity
  8
RUNDUNGEN
100
AcDbCircle
 62
9
  6
CONTINUOUS
 10
333.5296269981
 20
104.2797827959
 40
7.8126360027
100
AcDbArc
 50
98.2000369863
 51
109.5121450049
  0
ARC
  5
7B2
100
AcDbEntity
  8
FASEN
100
AcDbCircle
 62
7
  6
CONTINUOUS
 10
325.5639447525
 20
126.5631332291
 40
2.6867315561
100
AcDbArc
 50
115.2983522954
 51
118.1907860549
  0
ARC
  5
7B3
100
AcDbEntity
  8
FASEN
100
AcDbCircle
 62
7
  6
CONTINUOUS
 10
327.7103237947
 20
120.2843011247
 40
2.6778775421
100
AcDbArc
 50
281.1309165781
 51
282.4700083935
  0
ARC
  5
7B4
100
AcDbEntity
  8
RUNDUNGEN
100
AcDbCircle
 62
7
  6
CONTINUOUS
 10
325.272836059
 20
126.4767442918
 40
2.6741915456
100
AcDbArc
 50
101.7757097614
 51
102.4312029517
  0
ARC
  5
7B5
100
AcDbEntity
  8
RUNDUNGEN
100
AcDbCircle
 62
7
  6
CONTINUOUS
 10
325.2701400951
 20
126.4887624425
 40
2.661874806
100
AcDbArc
 50
102.4302204807
 51
108.8775007848
  0
ARC
  5
7B6
100
AcDbEntity
  8
RUNDUNGEN
100
AcDbCircle
 62
7
  6
CONTINUOUS
 10
327.4301858128
 20
120.1715571848
 40
2.6618247949
100
AcDbArc
 50
293.0387577668
 51
295.2540867077
  0
ARC
  5
7B7
100
AcDbEntity
  8
RUNDUNGEN
100
AcDbCircle
 62
7
  6
CONTINUOUS
 10
327.4350323811
 20
120.1604148104
 40
2.649674412
100
AcDbArc
 50
288.8889083512
 51
293.0366084142
  0
ARC
  5
7B8
100
AcDbEntity
  8
0
100
AcDbCircle
 62
7
  6
CONTINUOUS
 10
352.8398061889
 20
113.3008380949
 40
2.6270655659
100
AcDbArc
 50
342.8050607715
 51
344.4705237686
  0
ARC
  5
7B9
100
AcDbEntity
  8
BEZUGSACHSEN
100
AcDbCircle
 62
7
  6
CONTINUOUS
 10
352.6148938111
 20
116.8456062232
 40
2.2443447594
100
AcDbArc
 50
116.2434214436
 51
116.5233633113
  0
ARC
  5
7BA
100
AcDbEntity
  8
BEZUGSACHSEN
100
AcDbCircle
 62
7
  6
CONTINUOUS
 10
352.3236815254
 20
116.7567256346
 40
2.2341128301
100
AcDbArc
 50
101.2288319503
 51
104.015503751
  0
ARC
  5
7BB
100
AcDbEntity
  8
BEZUGSACHSEN
100
AcDbCircle
 62
7
  6
CONTINUOUS
 10
352.3192615735
 20
116.7744533615
 40
2.21584241
100
AcDbArc
 50
104.0156332624
 51
108.8838394952
  0
ARC
  5
7BC
100
AcDbEntity
  8
BEZUGSACHSEN
100
AcDbCircle
 62
7
  6
CONTINUOUS
 10
354.1243480846
 20
111.4986378658
 40
2.20806201
100
AcDbArc
 50
288.8889083512
 51
293.0366084142
  0
ARC
  5
7BD
100
AcDbEntity
  8
FASEN
100
AcDbCircle
 62
7
  6
CONTINUOUS
 10
328.6333921776
 20
122.9193762805
 40
2.1770756847
100
AcDbArc
 50
328.723095209
 51
334.0640327774
  0
ARC
  5
7BE
100
AcDbEntity
  8
BEZUGSACHSEN
100
AcDbCircle
 62
7
  6
CONTINUOUS
 10
328.7228063555
 20
125.812601012
 40
1.6281116764
100
AcDbArc
 50
131.0077737002
 51
134.630411693
  0
ARC
  5
7BF
100
AcDbEntity
  8
BEZUGSACHSEN
100
AcDbCircle
 62
7
  6
CONTINUOUS
 10
329.7445754554
 20
122.6855657933
 40
1.4928183599
100
AcDbArc
 50
270.7704365294
 51
277.0761829452
  0
ARC
  5
7C0
100
AcDbEntity
  8
0
100
AcDbCircle
 62
7
  6
CONTINUOUS
 10
352.9721966852
 20
115.7951115299
 40
1.3527946712
100
AcDbArc
 50
115.2820664615
 51
120.4835147664
  0
ARC
  5
7C1
100
AcDbEntity
  8
0
100
AcDbCircle
 62
7
  6
CONTINUOUS
 10
352.8297859762
 20
115.7485248332
 40
1.3507568792
100
AcDbArc
 50
114.1799849339
 51
120.4857001902
  0
ARC
  5
7C2
100
AcDbEntity
  8
0
100
AcDbCircle
 62
7
  6
CONTINUOUS
 10
352.8211469023
 20
115.7654740231
 40
1.3318191097
100
AcDbArc
 50
101.4656454505
 51
107.814841931
  0
ARC
  5
7C3
100
AcDbEntity
  8
0
100
AcDbCircle
 62
7
  6
CONTINUOUS
 10
352.8211099606
 20
115.7672438955
 40
1.3301264555
100
AcDbArc
 50
108.8893515506
 51
114.1693280525
  0
ARC
  5
7C4
100
AcDbEntity
  8
0
100
AcDbCircle
 62
7
  6
CONTINUOUS
 10
352.8187334121
 20
115.7737918573
 40
1.3231617494
100
AcDbArc
 50
107.8255380231
 51
108.8837779891
  0
ARC
  5
7C5
100
AcDbEntity
  8
0
100
AcDbCircle
 62
7
  6
CONTINUOUS
 10
328.9382223557
 20
101.3539012158
 40
1.0403111509
100
AcDbArc
 50
303.9144640678
 51
306.950492591
  0
ARC
  5
7C6
100
AcDbEntity
  8
RUNDUNGEN
100
AcDbCircle
 62
7
  6
CONTINUOUS
 10
340.6841376681
 20
108.3062720121
 40
0.9999493338
100
AcDbArc
 50
109.2995353899
 51
159.4199246748
  0
ARC
  5
7C7
100
AcDbEntity
  8
RUNDUNGEN
100
AcDbCircle
 62
7
  6
CONTINUOUS
 10
337.0919835681
 20
114.1465606964
 40
0.7373995636
100
AcDbArc
 50
6.0882895906
 51
11.8691632024
  0
ARC
  5
7C8
100
AcDbEntity
  8
RUNDUNGEN
100
AcDbCircle
 62
9
  6
CONTINUOUS
 10
329.5025754863
 20
102.9934742768
 40
0.4406973808
100
AcDbArc
 50
249.2120461572
 51
251.0890917218
  0
ARC
  5
7C9
100
AcDbEntity
  8
0
100
AcDbCircle
 62
7
  6
CONTINUOUS
 10
378.1573478831
 20
95.7585886887
 40
10.1810124856
100
AcDbArc
 50
288.8824135149
 51
293.0737485906
  0
ARC
  5
7CA
100
AcDbEntity
  8
FASEN
100
AcDbCircle
 62
7
  6
CONTINUOUS
 10
355.5036303121
 20
68.6239244212
 40
2.1768669049
100
AcDbArc
 50
328.7229932074
 51
334.0528615239
  0
ARC
  5
7CB
100
AcDbEntity
  8
BEZUGSACHSEN
100
AcDbCircle
 62
7
  6
CONTINUOUS
 10
355.5928640406
 20
71.5172542336
 40
1.6281116764
100
AcDbArc
 50
131.0077737002
 51
134.6304116929
  0
ARC
  5
7CC
100
AcDbEntity
  8
BEZUGSACHSEN
100
AcDbCircle
 62
7
  6
CONTINUOUS
 10
356.6146331405
 20
68.390219015
 40
1.4928183599
100
AcDbArc
 50
270.7704365294
 51
277.0761829452
  0
ARC
  5
7CD
100
AcDbEntity
  8
RUNDUNGEN
100
AcDbCircle
 62
9
  6
CONTINUOUS
 10
359.4996836387
 20
108.2172349223
 40
17.8520410229
100
AcDbArc
 50
55.2924991885
 51
56.7295098167
  0
ARC
  5
7CE
100
AcDbEntity
  8
RUNDUNGEN
100
AcDbCircle
 62
9
  6
CONTINUOUS
 10
367.4626984812
 20
111.0747964053
 40
17.6447161071
100
AcDbArc
 50
56.3108435868
 51
56.7310350641
  0
ARC
  5
7CF
100
AcDbEntity
  8
RUNDUNGEN
100
AcDbCircle
 62
7
  6
CONTINUOUS
 10
370.0947234949
 20
117.6954611834
 40
10.4842710845
100
AcDbArc
 50
88.3990387015
 51
88.8174248472
  0
ARC
  5
7D0
100
AcDbEntity
  8
0
100
AcDbCircle
 62
7
  6
CONTINUOUS
 10
369.8570254527
 20
120.029391144
 40
10.1680771625
100
AcDbArc
 50
104.8357853909
 51
108.8788669474
  0
ARC
  5
7D1
100
AcDbEntity
  8
RUNDUNGEN
100
AcDbCircle
 62
9
  6
CONTINUOUS
 10
369.9638653673
 20
118.7538555491
 40
9.4102439877
100
AcDbArc
 50
100.5743845019
 51
100.88438406
  0
ARC
  5
7D2
100
AcDbEntity
  8
RUNDUNGEN
100
AcDbCircle
 62
9
  6
CONTINUOUS
 10
369.9505338337
 20
118.8200811773
 40
9.3426923986
100
AcDbArc
 50
100.8807874719
 51
106.6606399187
  0
ARC
  5
7D3
100
AcDbEntity
  8
RUNDUNGEN
100
AcDbCircle
 62
9
  6
CONTINUOUS
 10
369.9338164233
 20
118.8806831306
 40
9.2798417118
100
AcDbArc
 50
106.6690314315
 51
108.8811113263
  0
ARC
  5
7D4
100
AcDbEntity
  8
RUNDUNGEN
100
AcDbCircle
 62
9
  6
CONTINUOUS
 10
369.242747913
 20
121.6506566927
 40
1.4933432475
100
AcDbArc
 50
88.0648611132
 51
96.5878891872
  0
ARC
  5
7D5
100
AcDbEntity
  8
0
100
AcDbCircle
 62
7
  6
CONTINUOUS
 10
370.9617082562
 20
123.6585270295
 40
3.6355323069
100
AcDbArc
 50
23.4936501329
 51
30.078365756
  0
ARC
  5
7D6
100
AcDbEntity
  8
0
100
AcDbCircle
 62
7
  6
CONTINUOUS
 10
371.7391594697
 20
123.9347799376
 40
3.5661563525
100
AcDbArc
 50
23.4255901748
 51
33.3255952936
  0
ARC
  5
7D7
100
AcDbEntity
  8
0
100
AcDbCircle
 62
7
  6
CONTINUOUS
 10
368.1416170984
 20
124.4382601993
 40
1.4846003678
100
AcDbArc
 50
101.0892609948
 51
103.0617707938
  0
ARC
  5
7D8
100
AcDbEntity
  8
0
100
AcDbCircle
 62
7
  6
CONTINUOUS
 10
371.6768221165
 20
125.6490967076
 40
1.4829539056
100
AcDbArc
 50
101.7710267949
 51
103.0606284356
  0
ARC
  5
7D9
100
AcDbEntity
  8
0
100
AcDbCircle
 62
7
  6
CONTINUOUS
 10
369.5556982795
 20
124.9287409388
 40
1.4780588377
100
AcDbArc
 50
108.8982061225
 51
120.7045932885
  0
ARC
  5
7DA
100
AcDbEntity
  8
0
100
AcDbCircle
 62
7
  6
CONTINUOUS
 10
366.7260234771
 20
123.9611437906
 40
1.4778844223
100
AcDbArc
 50
103.0961899245
 51
104.0629976749
  0
ARC
  5
7DB
100
AcDbEntity
  8
0
100
AcDbCircle
 62
7
  6
CONTINUOUS
 10
370.2614012446
 20
125.1710871755
 40
1.4771485091
100
AcDbArc
 50
103.0960662408
 51
104.4604513934
  0
ARC
  5
7DC
100
AcDbEntity
  8
0
100
AcDbCircle
 62
7
  6
CONTINUOUS
 10
368.1409751107
 20
124.4463194431
 40
1.4766981136
100
AcDbArc
 50
108.8954333826
 51
120.5383897122
  0
ARC
  5
7DD
100
AcDbEntity
  8
0
100
AcDbCircle
 62
7
  6
CONTINUOUS
 10
370.9693465131
 20
125.4136797937
 40
1.4766881187
100
AcDbArc
 50
108.8931536594
 51
120.4179146748
  0
ARC
  5
7DE
100
AcDbEntity
  8
0
100
AcDbCircle
 62
7
  6
CONTINUOUS
 10
367.4337345487
 20
124.2046228301
 40
1.4765045115
100
AcDbArc
 50
108.892384182
 51
120.4437616609
  0
ARC
  5
7DF
100
AcDbEntity
  8
0
100
AcDbCircle
 62
7
  6
CONTINUOUS
 10
371.6762687508
 20
125.6560578733
 40
1.4761329613
100
AcDbArc
 50
108.8930785556
 51
120.5253170957
  0
ARC
  5
7E0
100
AcDbEntity
  8
0
100
AcDbCircle
 62
7
  6
CONTINUOUS
 10
368.8475581687
 20
124.6890229691
 40
1.4757009315
100
AcDbArc
 50
108.8869941751
 51
120.6275428472
  0
ARC
  5
7E1
100
AcDbEntity
  8
0
100
AcDbCircle
 62
7
  6
CONTINUOUS
 10
370.2614348624
 20
125.1736811827
 40
1.4746853317
100
AcDbArc
 50
108.88679122
 51
120.6436467617
  0
ARC
  5
7E2
100
AcDbEntity
  8
0
100
AcDbCircle
 62
7
  6
CONTINUOUS
 10
366.7258933512
 20
123.9645109284
 40
1.4746330478
100
AcDbArc
 50
108.8871852747
 51
120.5572360309
  0
ARC
  5
7E3
100
AcDbEntity
  8
0
100
AcDbCircle
 62
7
  6
CONTINUOUS
 10
367.4323580136
 20
124.2063184473
 40
1.4744765746
100
AcDbArc
 50
102.5744213354
 51
103.0616041833
  0
ARC
  5
7E4
100
AcDbEntity
  8
0
100
AcDbCircle
 62
7
  6
CONTINUOUS
 10
368.846217149
 20
124.6919432316
 40
1.4725038432
100
AcDbArc
 50
103.08250552
 51
108.8744058324
  0
ARC
  5
7E5
100
AcDbEntity
  8
0
100
AcDbCircle
 62
7
  6
CONTINUOUS
 10
371.6739096947
 20
125.6612518742
 40
1.4704550231
100
AcDbArc
 50
103.0571125264
 51
108.8716430432
  0
ARC
  5
7E6
100
AcDbEntity
  8
0
100
AcDbCircle
 62
7
  6
CONTINUOUS
 10
366.7241182393
 20
123.9685647608
 40
1.4702229146
100
AcDbArc
 50
104.0612469109
 51
108.8728718087
  0
ARC
  5
7E7
100
AcDbEntity
  8
0
100
AcDbCircle
 62
7
  6
CONTINUOUS
 10
367.4313664042
 20
124.2105679949
 40
1.4701128707
100
AcDbArc
 50
103.0613873948
 51
108.8800850889
  0
ARC
  5
7E8
100
AcDbEntity
  8
0
100
AcDbCircle
 62
7
  6
CONTINUOUS
 10
370.2595418345
 20
125.1781831898
 40
1.4698129788
100
AcDbArc
 50
104.459338592
 51
108.8737787156
  0
ARC
  5
7E9
100
AcDbEntity
  8
0
100
AcDbCircle
 62
7
  6
CONTINUOUS
 10
370.9668094412
 20
125.4200978955
 40
1.4697943185
100
AcDbArc
 50
102.970945836
 51
108.8805945601
  0
ARC
  5
7EA
100
AcDbEntity
  8
0
100
AcDbCircle
 62
7
  6
CONTINUOUS
 10
368.1381645491
 20
124.4527914562
 40
1.4696647996
100
AcDbArc
 50
103.0586855863
 51
108.8734769184
  0
ARC
  5
7EB
100
AcDbEntity
  8
0
100
AcDbCircle
 62
7
  6
CONTINUOUS
 10
369.5519913084
 20
124.9381776839
 40
1.467930202
100
AcDbArc
 50
103.0812487411
 51
108.8806144645
  0
ARC
  5
7EC
100
AcDbEntity
  8
RUNDUNGEN
100
AcDbCircle
 62
9
  6
CONTINUOUS
 10
369.811700903
 20
126.9458097278
 40
1.369628152
100
AcDbArc
 50
4.4076631265
 51
6.2641841477
  0
ARC
  5
7ED
100
AcDbEntity
  8
RUNDUNGEN
100
AcDbCircle
 62
7
  6
CONTINUOUS
 10
370.1263706391
 20
127.0479249637
 40
1.1719454876
100
AcDbArc
 50
1.8495771869
 51
2.4319547874
  0
ARC
  5
7EE
100
AcDbEntity
  8
RUNDUNGEN
100
AcDbCircle
 62
7
  6
CONTINUOUS
 10
370.3667613808
 20
127.4600750158
 40
0.7158691341
100
AcDbArc
 50
77.5833134175
 51
88.3289193731
  0
ARC
  5
7EF
100
AcDbEntity
  8
0
100
AcDbCircle
 62
7
  6
CONTINUOUS
 10
373.8141147693
 20
126.3508738323
 40
1.5109931107
100
AcDbArc
 50
120.0693737033
 51
120.6412956788
  0
ARC
  5
7F0
100
AcDbEntity
  8
0
100
AcDbCircle
 62
7
  6
CONTINUOUS
 10
373.8113159235
 20
126.3557070574
 40
1.5054079874
100
AcDbArc
 50
119.5143409522
 51
120.0693548055
  0
ARC
  5
7F1
100
AcDbEntity
  8
0
100
AcDbCircle
 62
7
  6
CONTINUOUS
 10
373.8091258498
 20
126.3595705569
 40
1.5009669239
100
AcDbArc
 50
119.1474034334
 51
119.5142434829
  0
ARC
  5
7F2
100
AcDbEntity
  8
0
100
AcDbCircle
 62
7
  6
CONTINUOUS
 10
372.3835023178
 20
125.897459753
 40
1.4765833068
100
AcDbArc
 50
108.8921692999
 51
120.5955117407
  0
ARC
  5
7F3
100
AcDbEntity
  8
0
100
AcDbCircle
 62
7
  6
CONTINUOUS
 10
372.3822824655
 20
125.8985241087
 40
1.4752057761
100
AcDbArc
 50
102.3525761359
 51
103.06280946
  0
ARC
  5
7F4
100
AcDbEntity
  8
0
100
AcDbCircle
 62
7
  6
CONTINUOUS
 10
373.7972362709
 20
126.3825162532
 40
1.4751361479
100
AcDbArc
 50
108.8917360702
 51
119.1781613052
  0
ARC
  5
7F5
100
AcDbEntity
  8
0
100
AcDbCircle
 62
7
  6
CONTINUOUS
 10
373.0900472649
 20
126.1407526985
 40
1.4750394858
100
AcDbArc
 50
108.8897340235
 51
120.4186883548
  0
ARC
  5
7F6
100
AcDbEntity
  8
0
100
AcDbCircle
 62
7
  6
CONTINUOUS
 10
373.0883736952
 20
126.1441187451
 40
1.4713129913
100
AcDbArc
 50
103.0554671608
 51
108.8705089173
  0
ARC
  5
7F7
100
AcDbEntity
  8
0
100
AcDbCircle
 62
7
  6
CONTINUOUS
 10
372.3811760642
 20
125.903260885
 40
1.4703415061
100
AcDbArc
 50
103.0625300966
 51
108.8795983361
  0
ARC
  5
7F8
100
AcDbEntity
  8
0
100
AcDbCircle
 62
7
  6
CONTINUOUS
 10
373.7945658822
 20
126.389740917
 40
1.4674360527
100
AcDbArc
 50
105.145221574
 51
108.8844217326
  0
ARC
  5
7F9
100
AcDbEntity
  8
0
100
AcDbCircle
 62
7
  6
CONTINUOUS
 10
373.4921577145
 20
126.3644289576
 40
1.4562596952
100
AcDbArc
 50
124.3387712586
 51
125.482548042
  0
ARC
  5
7FA
100
AcDbEntity
  8
0
100
AcDbCircle
 62
7
  6
CONTINUOUS
 10
373.4601191954
 20
126.379742619
 40
1.4305572273
100
AcDbArc
 50
95.6793312091
 51
96.3330106552
  0
ARC
  5
7FB
100
AcDbEntity
  8
0
100
AcDbCircle
 62
7
  6
CONTINUOUS
 10
373.4706985676
 20
126.3966439094
 40
1.4175545601
100
AcDbArc
 50
115.1425342564
 51
124.3570725112
  0
ARC
  5
7FC
100
AcDbEntity
  8
0
100
AcDbCircle
 62
7
  6
CONTINUOUS
 10
373.9195099842
 20
126.5729623067
 40
1.3852430035
100
AcDbArc
 50
118.652128645
 51
126.8837769045
  0
ARC
  5
7FD
100
AcDbEntity
  8
0
100
AcDbCircle
 62
7
  6
CONTINUOUS
 10
373.4519455854
 20
126.4340187419
 40
1.3757536851
100
AcDbArc
 50
108.8835040103
 51
115.0968601015
  0
ARC
  5
7FE
100
AcDbEntity
  8
0
100
AcDbCircle
 62
7
  6
CONTINUOUS
 10
373.9026328054
 20
126.6028693204
 40
1.3509058262
100
AcDbArc
 50
117.9572385919
 51
118.6321780042
  0
ARC
  5
7FF
100
AcDbEntity
  8
RUNDUNGEN
100
AcDbCircle
 62
7
  6
CONTINUOUS
 10
376.8676247359
 20
125.2085777964
 40
0.7427194035
100
AcDbArc
 50
73.4209079808
 51
82.049641949
  0
ARC
  5
800
100
AcDbEntity
  8
RUNDUNGEN
100
AcDbCircle
 62
9
  6
CONTINUOUS
 10
377.2251125932
 20
125.7097726277
 40
0.1300342612
100
AcDbArc
 50
56.7413524594
 51
61.7575017345
  0
ARC
  5
801
100
AcDbEntity
  8
RUNDUNGEN
100
AcDbCircle
 62
7
  6
CONTINUOUS
 10
395.1153313701
 20
105.0653394325
 40
4.8208009764
100
AcDbArc
 50
358.7801053579
 51
0.0016068754
  0
ARC
  5
802
100
AcDbEntity
  8
RUNDUNGEN
100
AcDbCircle
 62
9
  6
CONTINUOUS
 10
396.0939259496
 20
114.1496695108
 40
2.7437527412
100
AcDbArc
 50
63.755361589
 51
68.487308815
  0
ARC
  5
803
100
AcDbEntity
  8
RUNDUNGEN
100
AcDbCircle
 62
9
  6
CONTINUOUS
 10
396.1611344045
 20
114.3192097329
 40
2.5613775004
100
AcDbArc
 50
68.4952460766
 51
71.1061770639
  0
ARC
  5
804
100
AcDbEntity
  8
RUNDUNGEN
100
AcDbCircle
 62
7
  6
CONTINUOUS
 10
73.180908194
 20
202.0383245819
 40
7.0
100
AcDbArc
 50
180.0
 51
270.0
  0
ARC
  5
805
100
AcDbEntity
  8
RUNDUNGEN
100
AcDbCircle
 62
9
  6
CONTINUOUS
 10
73.180908194
 20
202.0383245819
 40
5.9999988669
100
AcDbArc
 50
180.0
 51
270.0
  0
CIRCLE
  5
806
100
AcDbEntity
  8
BEZUGSACHSEN
100
AcDbCircle
 62
7
  6
CONTINUOUS
 10
73.180908194
 20
202.0383245819
 40
5.0
  0
ARC
  5
807
100
AcDbEntity
  8
RUNDUNGEN
100
AcDbCircle
 62
9
  6
CONTINUOUS
 10
78.580908194
 20
221.8883245819
 40
2.249470172
100
AcDbArc
 50
180.0
 51
270.0
  0
ARC
  5
808
100
AcDbEntity
  8
RUNDUNGEN
100
AcDbCircle
 62
9
  6
CONTINUOUS
 10
78.580908194
 20
227.1810074873
 40
2.249470172
100
AcDbArc
 50
102.0158233914
 51
180.0
  0
ARC
  5
809
100
AcDbEntity
  8
RUNDUNGEN
100
AcDbCircle
 62
9
  6
CONTINUOUS
 10
78.580908194
 20
227.1810074873
 40
1.343162385
100
AcDbArc
 50
102.0158233914
 51
180.0
  0
ARC
  5
80A
100
AcDbEntity
  8
RUNDUNGEN
100
AcDbCircle
 62
9
  6
CONTINUOUS
 10
78.580908194
 20
221.8883245819
 40
1.343162385
100
AcDbArc
 50
180.0
 51
270.0
  0
ARC
  5
80B
100
AcDbEntity
  8
0
100
AcDbCircle
 62
7
  6
CONTINUOUS
 10
78.580908194
 20
221.8883245819
 40
0.4
100
AcDbArc
 50
180.0
 51
270.0
  0
ARC
  5
80C
100
AcDbEntity
  8
0
100
AcDbCircle
 62
7
  6
CONTINUOUS
 10
78.580908194
 20
227.1810074873
 40
0.4
100
AcDbArc
 50
102.0158233914
 51
180.0
  0
ARC
  5
80D
100
AcDbEntity
  8
0
100
AcDbCircle
 62
7
  6
CONTINUOUS
 10
78.380908194
 20
227.0874779563
 40
0.2
100
AcDbArc
 50
100.3411615043
 51
180.0
  0
ARC
  5
80E
100
AcDbEntity
  8
RUNDUNGEN
100
AcDbCircle
 62
9
  6
CONTINUOUS
 10
89.693604152
 20
209.5301151045
 40
3.8520914059
100
AcDbArc
 50
225.2300086679
 51
227.0025577941
  0
ARC
  5
80F
100
AcDbEntity
  8
RUNDUNGEN
100
AcDbCircle
 62
9
  6
CONTINUOUS
 10
86.510160787
 20
210.5449124657
 40
1.0000343463
100
AcDbArc
 50
249.8983444919
 51
336.1503289725
  0
ARC
  5
810
100
AcDbEntity
  8
RUNDUNGEN
100
AcDbCircle
 62
7
  6
CONTINUOUS
 10
86.580908194
 20
207.7777112297
 40
0.4
100
AcDbArc
 50
252.9507436873
 51
360.0
  0
ARC
  5
811
100
AcDbEntity
  8
RUNDUNGEN
100
AcDbCircle
 62
7
  6
CONTINUOUS
 10
88.7660817252
 20
213.5653092392
 40
7.0599308746
100
AcDbArc
 50
256.0606629436
 51
256.5958923499
  0
ARC
  5
812
100
AcDbEntity
  8
RUNDUNGEN
100
AcDbCircle
 62
9
  6
CONTINUOUS
 10
92.180908194
 20
208.0383245819
 40
6.2
100
AcDbArc
 50
23.8457971555
 51
156.1542028445
  0
ARC
  5
813
100
AcDbEntity
  8
RUNDUNGEN
100
AcDbCircle
 62
9
  6
CONTINUOUS
 10
92.180908194
 20
208.0383245819
 40
5.6
100
AcDbArc
 50
178.3883436793
 51
180.0
  0
ARC
  5
814
100
AcDbEntity
  8
RUNDUNGEN
100
AcDbCircle
 62
9
  6
CONTINUOUS
 10
92.180908194
 20
208.0383245819
 40
5.6
100
AcDbArc
 50
0.0
 51
1.6116563207
  0
ARC
  5
815
100
AcDbEntity
  8
RUNDUNGEN
100
AcDbCircle
 62
7
  6
CONTINUOUS
 10
92.180908194
 20
208.0383245819
 40
5.2
100
AcDbArc
 50
0.0
 51
180.0
  0
ARC
  5
816
100
AcDbEntity
  8
RUNDUNGEN
100
AcDbCircle
 62
7
  6
CONTINUOUS
 10
92.180908194
 20
207.9383245819
 40
5.1
100
AcDbArc
 50
345.529807434
 51
49.5353029006
  0
ARC
  5
817
100
AcDbEntity
  8
RUNDUNGEN
100
AcDbCircle
 62
7
  6
CONTINUOUS
 10
92.180908194
 20
207.9383245819
 40
5.1
100
AcDbArc
 50
130.4646970994
 51
194.470192566
  0
ARC
  5
818
100
AcDbEntity
  8
RUNDUNGEN
100
AcDbCircle
 62
9
  6
CONTINUOUS
 10
92.180908194
 20
208.0383245819
 40
5.0999986141
100
AcDbArc
 50
0.5087021596
 51
179.6062808614
  0
ARC
  5
819
100
AcDbEntity
  8
RUNDUNGEN
100
AcDbCircle
 62
9
  6
CONTINUOUS
 10
92.180908194
 20
208.0383245819
 40
3.9999967667
100
AcDbArc
 50
70.9627214509
 51
109.0307161831
  0
ARC
  5
81A
100
AcDbEntity
  8
RUNDUNGEN
100
AcDbCircle
 62
9
  6
CONTINUOUS
 10
94.6685184447
 20
209.529791562
 40
3.8516460946
100
AcDbArc
 50
312.9973880728
 51
314.7701607997
  0
ARC
  5
81B
100
AcDbEntity
  8
RUNDUNGEN
100
AcDbCircle
 62
7
  6
CONTINUOUS
 10
90.1435264906
 20
218.999224463
 40
12.6657934873
100
AcDbArc
 50
253.7457439003
 51
255.5421608399
  0
ARC
  5
81C
100
AcDbEntity
  8
RUNDUNGEN
100
AcDbCircle
 62
7
  6
CONTINUOUS
 10
89.3552353096
 20
215.9512060244
 40
9.5174904323
100
AcDbArc
 50
255.5562239381
 51
256.0783949132
  0
ARC
  5
81D
100
AcDbEntity
  8
RUNDUNGEN
100
AcDbCircle
 62
7
  6
CONTINUOUS
 10
94.0857169534
 20
219.4819737105
 40
13.1663563456
100
AcDbArc
 50
284.491988562
 51
286.2201050053
  0
ARC
  5
81E
100
AcDbEntity
  8
RUNDUNGEN
100
AcDbCircle
 62
7
  6
CONTINUOUS
 10
94.9267098444
 20
216.2672566706
 40
9.8434740065
100
AcDbArc
 50
283.930189228
 51
284.4351260099
  0
CIRCLE
  5
81F
100
AcDbEntity
  8
RUNDUNGEN
100
AcDbCircle
 62
9
  6
CONTINUOUS
 10
92.180908194
 20
226.0383245819
 40
23.7999998653
  0
CIRCLE
  5
820
100
AcDbEntity
  8
BEZUGSACHSEN
100
AcDbCircle
 62
7
  6
CONTINUOUS
 10
92.180908194
 20
226.0383245819
 40
23.6
  0
ARC
  5
821
100
AcDbEntity
  8
RUNDUNGEN
100
AcDbCircle
 62
7
  6
CONTINUOUS
 10
92.180908194
 20
226.0383245819
 40
23.6
100
AcDbArc
 50
274.1004804581
 51
85.899492272
  0
CIRCLE
  5
822
100
AcDbEntity
  8
BEZUGSACHSEN
100
AcDbCircle
 62
9
  6
CONTINUOUS
 10
92.180908194
 20
226.0383245819
 40
22.6
  0
ARC
  5
823
100
AcDbEntity
  8
RUNDUNGEN
100
AcDbCircle
 62
9
  6
CONTINUOUS
 10
92.180908194
 20
226.0383245819
 40
22.3986068894
100
AcDbArc
 50
83.0865218202
 51
96.9134781798
  0
ARC
  5
824
100
AcDbEntity
  8
0
100
AcDbCircle
 62
9
  6
CONTINUOUS
 10
92.180908194
 20
226.0383245819
 40
22.0500000466
100
AcDbArc
 50
98.6456392361
 51
81.3543607639
  0
ARC
  5
825
100
AcDbEntity
  8
RUNDUNGEN
100
AcDbCircle
 62
7
  6
CONTINUOUS
 10
92.180908194
 20
226.0383245819
 40
21.9986086048
100
AcDbArc
 50
83.0865218202
 51
96.9134781798
  0
ARC
  5
826
100
AcDbEntity
  8
0
100
AcDbCircle
 62
7
  6
CONTINUOUS
 10
92.180908194
 20
226.0383245819
 40
21.9190151312
100
AcDbArc
 50
83.0865218202
 51
96.9134781798
  0
ARC
  5
827
100
AcDbEntity
  8
0
100
AcDbCircle
 62
7
  6
CONTINUOUS
 10
92.180908194
 20
226.0383245819
 40
21.83
100
AcDbArc
 50
97.5639962778
 51
97.5889703305
  0
ARC
  5
828
100
AcDbEntity
  8
0
100
AcDbCircle
 62
7
  6
CONTINUOUS
 10
92.180908194
 20
226.0383245819
 40
21.83
100
AcDbArc
 50
82.4110296695
 51
82.4360037222
  0
ARC
  5
829
100
AcDbEntity
  8
0
100
AcDbCircle
 62
7
  6
CONTINUOUS
 10
92.180908194
 20
226.0383245819
 40
21.05
100
AcDbArc
 50
98.045767049
 51
81.954232951
  0
CIRCLE
  5
82A
100
AcDbEntity
  8
BEZUGSACHSEN
100
AcDbCircle
 62
7
  6
CONTINUOUS
 10
92.180908194
 20
226.0383245819
 40
21.0
  0
ARC
  5
82B
100
AcDbEntity
  8
0
100
AcDbCircle
 62
9
  6
CONTINUOUS
 10
92.180908194
 20
226.0383245819
 40
20.65
100
AcDbArc
 50
98.0833166102
 51
81.9166833898
  0
ARC
  5
82C
100
AcDbEntity
  8
0
100
AcDbCircle
 62
7
  6
CONTINUOUS
 10
92.180908194
 20
226.0383245819
 40
20.018240208
100
AcDbArc
 50
98.3402084098
 51
81.6597915902
  0
ARC
  5
82D
100
AcDbEntity
  8
RUNDUNGEN
100
AcDbCircle
 62
7
  6
CONTINUOUS
 10
92.180908194
 20
226.0383245819
 40
19.9938031171
100
AcDbArc
 50
106.2132746696
 51
253.7867253304
  0
ARC
  5
82E
100
AcDbEntity
  8
RUNDUNGEN
100
AcDbCircle
 62
7
  6
CONTINUOUS
 10
92.180908194
 20
226.0383245819
 40
19.9938031171
100
AcDbArc
 50
286.2132746696
 51
73.7867253304
  0
ARC
  5
82F
100
AcDbEntity
  8
RUNDUNGEN
100
AcDbCircle
 62
7
  6
CONTINUOUS
 10
92.180908194
 20
226.0383245819
 40
19.9938031171
100
AcDbArc
 50
97.1834677436
 51
98.3376335059
  0
ARC
  5
830
100
AcDbEntity
  8
RUNDUNGEN
100
AcDbCircle
 62
7
  6
CONTINUOUS
 10
92.180908194
 20
226.0383245819
 40
19.9938031171
100
AcDbArc
 50
98.3696729368
 51
104.2993108857
  0
ARC
  5
831
100
AcDbEntity
  8
RUNDUNGEN
100
AcDbCircle
 62
7
  6
CONTINUOUS
 10
92.180908194
 20
226.0383245819
 40
19.9938031171
100
AcDbArc
 50
255.7006891143
 51
284.2993108857
  0
ARC
  5
832
100
AcDbEntity
  8
RUNDUNGEN
100
AcDbCircle
 62
7
  6
CONTINUOUS
 10
92.180908194
 20
226.0383245819
 40
19.9938031171
100
AcDbArc
 50
75.7006891143
 51
81.6303270632
  0
ARC
  5
833
100
AcDbEntity
  8
RUNDUNGEN
100
AcDbCircle
 62
7
  6
CONTINUOUS
 10
92.180908194
 20
226.0383245819
 40
19.9938031171
100
AcDbArc
 50
81.6623664941
 51
82.8165322564
  0
ARC
  5
834
100
AcDbEntity
  8
RUNDUNGEN
100
AcDbCircle
 62
7
  6
CONTINUOUS
 10
92.180908194
 20
226.0383245819
 40
19.5
100
AcDbArc
 50
107.0492563127
 51
252.9507436866
  0
ARC
  5
835
100
AcDbEntity
  8
RUNDUNGEN
100
AcDbCircle
 62
7
  6
CONTINUOUS
 10
92.180908194
 20
226.0383245819
 40
19.5
100
AcDbArc
 50
287.0492563127
 51
72.9507436866
  0
ARC
  5
836
100
AcDbEntity
  8
RUNDUNGEN
100
AcDbCircle
 62
9
  6
CONTINUOUS
 10
92.180908194
 20
226.0383245819
 40
19.1
100
AcDbArc
 50
107.0492563127
 51
252.9507436873
  0
ARC
  5
837
100
AcDbEntity
  8
RUNDUNGEN
100
AcDbCircle
 62
9
  6
CONTINUOUS
 10
92.180908194
 20
226.0383245819
 40
19.1
100
AcDbArc
 50
287.0492563127
 51
72.9507436873
  0
ARC
  5
838
100
AcDbEntity
  8
0
100
AcDbCircle
 62
7
  6
CONTINUOUS
 10
92.180908194
 20
226.0383245819
 40
18.7
100
AcDbArc
 50
106.1449089481
 51
253.8550910519
  0
ARC
  5
839
100
AcDbEntity
  8
0
100
AcDbCircle
 62
7
  6
CONTINUOUS
 10
92.180908194
 20
226.0383245819
 40
18.7
100
AcDbArc
 50
286.1449089481
 51
73.8550910519
  0
ARC
  5
83A
100
AcDbEntity
  8
RUNDUNGEN
100
AcDbCircle
 62
7
  6
CONTINUOUS
 10
92.180908194
 20
226.0383245819
 40
18.246887624
100
AcDbArc
 50
153.0084493019
 51
206.9915506981
  0
ARC
  5
83B
100
AcDbEntity
  8
RUNDUNGEN
100
AcDbCircle
 62
7
  6
CONTINUOUS
 10
92.180908194
 20
226.0383245819
 40
18.246887624
100
AcDbArc
 50
333.0084493019
 51
26.9915506981
  0
ARC
  5
83C
100
AcDbEntity
  8
RUNDUNGEN
100
AcDbCircle
 62
7
  6
CONTINUOUS
 10
92.180908194
 20
226.0383245819
 40
18.0
100
AcDbArc
 50
331.8671290568
 51
28.1861762111
  0
ARC
  5
83D
100
AcDbEntity
  8
RUNDUNGEN
100
AcDbCircle
 62
7
  6
CONTINUOUS
 10
92.180908194
 20
226.0383245819
 40
18.0
100
AcDbArc
 50
151.8138237889
 51
208.1328709432
  0
ARC
  5
83E
100
AcDbEntity
  8
RUNDUNGEN
100
AcDbCircle
 62
7
  6
CONTINUOUS
 10
92.180908194
 20
226.0383245819
 40
17.7
100
AcDbArc
 50
28.7001627307
 51
69.8630165807
  0
ARC
  5
83F
100
AcDbEntity
  8
RUNDUNGEN
100
AcDbCircle
 62
7
  6
CONTINUOUS
 10
92.180908194
 20
226.0383245819
 40
17.7
100
AcDbArc
 50
290.1369834193
 51
331.2998372693
  0
ARC
  5
840
100
AcDbEntity
  8
RUNDUNGEN
100
AcDbCircle
 62
7
  6
CONTINUOUS
 10
92.180908194
 20
226.0383245819
 40
17.7
100
AcDbArc
 50
208.7001627307
 51
249.8630165807
  0
ARC
  5
841
100
AcDbEntity
  8
RUNDUNGEN
100
AcDbCircle
 62
7
  6
CONTINUOUS
 10
92.180908194
 20
226.0383245819
 40
17.7
100
AcDbArc
 50
110.1369834193
 51
151.2998372693
  0
ARC
  5
842
100
AcDbEntity
  8
RUNDUNGEN
100
AcDbCircle
 62
7
  6
CONTINUOUS
 10
92.180908194
 20
226.0383245819
 40
17.6348281947
100
AcDbArc
 50
152.656870074
 51
207.343129926
  0
ARC
  5
843
100
AcDbEntity
  8
RUNDUNGEN
100
AcDbCircle
 62
7
  6
CONTINUOUS
 10
92.180908194
 20
226.0383245819
 40
17.6348281947
100
AcDbArc
 50
332.656870074
 51
27.343129926
  0
ARC
  5
844
100
AcDbEntity
  8
RUNDUNGEN
100
AcDbCircle
 62
9
  6
CONTINUOUS
 10
92.180908194
 20
226.0383245819
 40
17.4986129019
100
AcDbArc
 50
110.1030579342
 51
249.8969420658
  0
ARC
  5
845
100
AcDbEntity
  8
RUNDUNGEN
100
AcDbCircle
 62
9
  6
CONTINUOUS
 10
92.180908194
 20
226.0383245819
 40
17.4986129019
100
AcDbArc
 50
290.1030579342
 51
69.8969420658
  0
ARC
  5
846
100
AcDbEntity
  8
RUNDUNGEN
100
AcDbCircle
 62
9
  6
CONTINUOUS
 10
92.180908194
 20
226.0383245819
 40
16.4986509788
100
AcDbArc
 50
110.1030579339
 51
249.8969420661
  0
ARC
  5
847
100
AcDbEntity
  8
RUNDUNGEN
100
AcDbCircle
 62
9
  6
CONTINUOUS
 10
92.180908194
 20
226.0383245819
 40
16.4986509788
100
AcDbArc
 50
290.1030579339
 51
69.8969420661
  0
ARC
  5
848
100
AcDbEntity
  8
0
100
AcDbCircle
 62
7
  6
CONTINUOUS
 10
-5.3289623507
 20
246.4961084484
 40
94.6062139969
100
AcDbArc
 50
359.9921577884
 51
0.1286547045
  0
ARC
  5
849
100
AcDbEntity
  8
0
100
AcDbCircle
 62
7
  6
CONTINUOUS
 10
22.4647407836
 20
247.3013471313
 40
66.7718481028
100
AcDbArc
 50
359.7377510241
 51
359.9213673597
  0
ARC
  5
84A
100
AcDbEntity
  8
RUNDUNGEN
100
AcDbCircle
 62
7
  6
CONTINUOUS
 10
90.2760994344
 20
232.5946754538
 40
13.166356345
100
AcDbArc
 50
104.4919885619
 51
106.2201050054
  0
ARC
  5
84B
100
AcDbEntity
  8
RUNDUNGEN
100
AcDbCircle
 62
7
  6
CONTINUOUS
 10
94.2182898976
 20
233.0774247017
 40
12.6657934865
100
AcDbArc
 50
73.7457439003
 51
75.54216084
  0
ARC
  5
84C
100
AcDbEntity
  8
RUNDUNGEN
100
AcDbCircle
 62
7
  6
CONTINUOUS
 10
89.4351065433
 20
235.8093924943
 40
9.8434740054
100
AcDbArc
 50
103.930189228
 51
104.4351260099
  0
ARC
  5
84D
100
AcDbEntity
  8
RUNDUNGEN
100
AcDbCircle
 62
7
  6
CONTINUOUS
 10
95.0065810797
 20
236.1254431451
 40
9.5174904266
100
AcDbArc
 50
75.5562239379
 51
76.0783949133
  0
ARC
  5
84E
100
AcDbEntity
  8
RUNDUNGEN
100
AcDbCircle
 62
7
  6
CONTINUOUS
 10
95.595734663
 20
238.5113399257
 40
7.0599308736
100
AcDbArc
 50
76.0606629435
 51
76.5958923499
  0
ARC
  5
84F
100
AcDbEntity
  8
0
100
AcDbCircle
 62
7
  6
CONTINUOUS
 10
78.726908194
 20
229.8703245819
 40
2.2
100
AcDbArc
 50
282.0158233914
 51
320.0
  0
ARC
  5
850
100
AcDbEntity
  8
0
100
AcDbCircle
 62
7
  6
CONTINUOUS
 10
78.7398036723
 20
229.5925952165
 40
2.2
100
AcDbArc
 50
280.3411615043
 51
320.0
  0
ARC
  5
851
100
AcDbEntity
  8
RUNDUNGEN
100
AcDbCircle
 62
9
  6
CONTINUOUS
 10
82.2941697256
 20
230.3878841435
 40
2.049470172
100
AcDbArc
 50
90.0
 51
140.0
  0
ARC
  5
852
100
AcDbEntity
  8
RUNDUNGEN
100
AcDbCircle
 62
9
  6
CONTINUOUS
 10
78.726908194
 20
229.8703245819
 40
1.256837615
100
AcDbArc
 50
282.0158233914
 51
320.0
  0
ARC
  5
853
100
AcDbEntity
  8
RUNDUNGEN
100
AcDbCircle
 62
9
  6
CONTINUOUS
 10
82.2941697256
 20
230.3878841435
 40
1.143162385
100
AcDbArc
 50
90.0
 51
140.0
  0
ARC
  5
854
100
AcDbEntity
  8
RUNDUNGEN
100
AcDbCircle
 62
9
  6
CONTINUOUS
 10
78.726908194
 20
229.8703245819
 40
0.350529828
100
AcDbArc
 50
282.0158233914
 51
320.0
  0
ARC
  5
855
100
AcDbEntity
  8
0
100
AcDbCircle
 62
7
  6
CONTINUOUS
 10
82.2941697256
 20
230.3878841435
 40
0.2
100
AcDbArc
 50
90.0
 51
140.0
  0
ARC
  5
856
100
AcDbEntity
  8
0
100
AcDbCircle
 62
7
  6
CONTINUOUS
 10
82.5404773838
 20
230.3883245819
 40
0.2
100
AcDbArc
 50
106.6666666667
 51
140.0
  0
ARC
  5
857
100
AcDbEntity
  8
0
100
AcDbCircle
 62
7
  6
CONTINUOUS
 10
58.115700995
 20
246.6551979498
 40
31.1613578055
100
AcDbArc
 50
0.0980820152
 51
0.3290915325
  0
ARC
  5
858
100
AcDbEntity
  8
RUNDUNGEN
100
AcDbCircle
 62
7
  6
CONTINUOUS
 10
73.180908194
 20
250.0383245819
 40
7.0
100
AcDbArc
 50
90.0
 51
180.0
  0
CIRCLE
  5
859
100
AcDbEntity
  8
RUNDUNGEN
100
AcDbCircle
 62
7
  6
CONTINUOUS
 10
73.180908194
 20
250.0383245819
 40
6.0
  0
CIRCLE
  5
85A
100
AcDbEntity
  8
FASEN
100
AcDbCircle
 62
7
  6
CONTINUOUS
 10
73.180908194
 20
250.0383245819
 40
3.2
  0
ARC
  5
85B
100
AcDbEntity
  8
RUNDUNGEN
100
AcDbCircle
 62
9
  6
CONTINUOUS
 10
92.180908194
 20
244.0383245819
 40
6.2
100
AcDbArc
 50
203.8457971555
 51
336.1542028445
  0
ARC
  5
85C
100
AcDbEntity
  8
RUNDUNGEN
100
AcDbCircle
 62
9
  6
CONTINUOUS
 10
92.180908194
 20
244.0383245819
 40
5.6
100
AcDbArc
 50
180.0
 51
181.6116563207
  0
ARC
  5
85D
100
AcDbEntity
  8
RUNDUNGEN
100
AcDbCircle
 62
9
  6
CONTINUOUS
 10
92.180908194
 20
244.0383245819
 40
5.6
100
AcDbArc
 50
358.3883436793
 51
360.0
  0
ARC
  5
85E
100
AcDbEntity
  8
RUNDUNGEN
100
AcDbCircle
 62
7
  6
CONTINUOUS
 10
92.180908194
 20
244.0383245819
 40
5.2
100
AcDbArc
 50
180.0
 51
360.0
  0
ARC
  5
85F
100
AcDbEntity
  8
RUNDUNGEN
100
AcDbCircle
 62
7
  6
CONTINUOUS
 10
92.180908194
 20
244.1383245819
 40
5.1
100
AcDbArc
 50
165.529807434
 51
229.5353029006
  0
ARC
  5
860
100
AcDbEntity
  8
RUNDUNGEN
100
AcDbCircle
 62
7
  6
CONTINUOUS
 10
92.180908194
 20
244.1383245819
 40
5.1
100
AcDbArc
 50
310.4646970994
 51
14.470192566
  0
ARC
  5
861
100
AcDbEntity
  8
RUNDUNGEN
100
AcDbCircle
 62
9
  6
CONTINUOUS
 10
92.180908194
 20
244.0383245819
 40
5.0999986141
100
AcDbArc
 50
180.5087021596
 51
359.6062808614
  0
ARC
  5
862
100
AcDbEntity
  8
RUNDUNGEN
100
AcDbCircle
 62
9
  6
CONTINUOUS
 10
92.180908194
 20
244.0383245819
 40
3.9999967667
100
AcDbArc
 50
250.9627214509
 51
289.0307161831
  0
ARC
  5
863
100
AcDbEntity
  8
RUNDUNGEN
100
AcDbCircle
 62
9
  6
CONTINUOUS
 10
94.668212236
 20
242.5465340595
 40
3.8520914058
100
AcDbArc
 50
45.2300086678
 51
47.0025577941
  0
ARC
  5
864
100
AcDbEntity
  8
RUNDUNGEN
100
AcDbCircle
 62
9
  6
CONTINUOUS
 10
89.6932979432
 20
242.5468576019
 40
3.8516460946
100
AcDbArc
 50
132.9973880728
 51
134.7701607997
  0
ARC
  5
865
100
AcDbEntity
  8
RUNDUNGEN
100
AcDbCircle
 62
9
  6
CONTINUOUS
 10
86.5101607841
 20
241.5317367001
 40
1.0000343449
100
AcDbArc
 50
23.8496712307
 51
110.1016559446
  0
ARC
  5
866
100
AcDbEntity
  8
RUNDUNGEN
100
AcDbCircle
 62
7
  6
CONTINUOUS
 10
86.580908194
 20
244.2989379342
 40
0.4
100
AcDbArc
 50
0.0
 51
107.0492563127
  0
ARC
  5
867
100
AcDbEntity
  8
0
100
AcDbCircle
 62
9
  6
CONTINUOUS
 10
94.780908194
 20
247.4812721405
 40
0.7986061679
100
AcDbArc
 50
26.5129042762
 51
83.0865218202
  0
ARC
  5
868
100
AcDbEntity
  8
0
100
AcDbCircle
 62
9
  6
CONTINUOUS
 10
89.580908194
 20
247.4812721405
 40
0.7986061679
100
AcDbArc
 50
96.9134781798
 51
153.4870957238
  0
ARC
  5
869
100
AcDbEntity
  8
RUNDUNGEN
100
AcDbCircle
 62
7
  6
CONTINUOUS
 10
89.580908194
 20
247.4812721405
 40
0.3986086046
100
AcDbArc
 50
96.9134781798
 51
180.0
  0
ARC
  5
86A
100
AcDbEntity
  8
RUNDUNGEN
100
AcDbCircle
 62
7
  6
CONTINUOUS
 10
94.780908194
 20
247.4812721405
 40
0.3986086046
100
AcDbArc
 50
0.0
 51
83.0865218202
  0
ARC
  5
86B
100
AcDbEntity
  8
0
100
AcDbCircle
 62
7
  6
CONTINUOUS
 10
94.7689031358
 20
247.4759851335
 40
0.3571945015
100
AcDbArc
 50
17.8563399775
 51
25.9356298453
  0
ARC
  5
86C
100
AcDbEntity
  8
0
100
AcDbCircle
 62
7
  6
CONTINUOUS
 10
94.7822394953
 20
247.4825299368
 40
0.3423388622
100
AcDbArc
 50
25.9267854143
 51
34.6387012513
  0
ARC
  5
86D
100
AcDbEntity
  8
0
100
AcDbCircle
 62
7
  6
CONTINUOUS
 10
89.5802748944
 20
247.4862886504
 40
0.3337420845
100
AcDbArc
 50
144.8627051008
 51
179.9350472854
  0
ARC
  5
86E
100
AcDbEntity
  8
0
100
AcDbCircle
 62
7
  6
CONTINUOUS
 10
89.5816174516
 20
247.4789290178
 40
0.3214268679
100
AcDbArc
 50
96.9887119499
 51
116.8631149065
  0
ARC
  5
86F
100
AcDbEntity
  8
0
100
AcDbCircle
 62
7
  6
CONTINUOUS
 10
94.7805618831
 20
247.4799273563
 40
0.3203918748
100
AcDbArc
 50
68.1176368606
 51
83.0539888817
  0
ARC
  5
870
100
AcDbEntity
  8
0
100
AcDbCircle
 62
7
  6
CONTINUOUS
 10
89.580908194
 20
247.4812721405
 40
0.3190163938
100
AcDbArc
 50
116.9396330088
 51
180.0
  0
ARC
  5
871
100
AcDbEntity
  8
0
100
AcDbCircle
 62
7
  6
CONTINUOUS
 10
94.780908194
 20
247.4812721405
 40
0.3190163938
100
AcDbArc
 50
0.0
 51
68.0874850278
  0
ARC
  5
872
100
AcDbEntity
  8
RUNDUNGEN
100
AcDbCircle
 62
7
  6
CONTINUOUS
 10
111.180908194
 20
202.0383245819
 40
7.0
100
AcDbArc
 50
270.0
 51
360.0
  0
CIRCLE
  5
873
100
AcDbEntity
  8
RUNDUNGEN
100
AcDbCircle
 62
7
  6
CONTINUOUS
 10
111.180908194
 20
202.0383245819
 40
6.0
  0
CIRCLE
  5
874
100
AcDbEntity
  8
FASEN
100
AcDbCircle
 62
7
  6
CONTINUOUS
 10
111.180908194
 20
202.0383245819
 40
3.2
  0
ARC
  5
875
100
AcDbEntity
  8
RUNDUNGEN
100
AcDbCircle
 62
9
  6
CONTINUOUS
 10
105.780908194
 20
221.8883245819
 40
2.249470172
100
AcDbArc
 50
270.0
 51
360.0
  0
ARC
  5
876
100
AcDbEntity
  8
RUNDUNGEN
100
AcDbCircle
 62
9
  6
CONTINUOUS
 10
105.780908194
 20
227.1810074873
 40
2.249470172
100
AcDbArc
 50
0.0
 51
77.9841766086
  0
ARC
  5
877
100
AcDbEntity
  8
RUNDUNGEN
100
AcDbCircle
 62
9
  6
CONTINUOUS
 10
105.780908194
 20
221.8883245819
 40
1.343162385
100
AcDbArc
 50
270.0
 51
360.0
  0
ARC
  5
878
100
AcDbEntity
  8
RUNDUNGEN
100
AcDbCircle
 62
9
  6
CONTINUOUS
 10
105.780908194
 20
227.1810074873
 40
1.343162385
100
AcDbArc
 50
0.0
 51
77.9841766086
  0
ARC
  5
879
100
AcDbEntity
  8
RUNDUNGEN
100
AcDbCircle
 62
9
  6
CONTINUOUS
 10
97.8516555992
 20
210.544912464
 40
1.0000343446
100
AcDbArc
 50
203.8496713504
 51
290.1016561871
  0
ARC
  5
87A
100
AcDbEntity
  8
0
100
AcDbCircle
 62
7
  6
CONTINUOUS
 10
105.780908194
 20
227.1810074873
 40
0.4
100
AcDbArc
 50
0.0
 51
77.9841766086
  0
ARC
  5
87B
100
AcDbEntity
  8
0
100
AcDbCircle
 62
7
  6
CONTINUOUS
 10
105.780908194
 20
221.8883245819
 40
0.4
100
AcDbArc
 50
270.0
 51
360.0
  0
ARC
  5
87C
100
AcDbEntity
  8
RUNDUNGEN
100
AcDbCircle
 62
7
  6
CONTINUOUS
 10
97.780908194
 20
207.7777112297
 40
0.4
100
AcDbArc
 50
180.0
 51
287.0492563127
  0
ARC
  5
87D
100
AcDbEntity
  8
0
100
AcDbCircle
 62
7
  6
CONTINUOUS
 10
105.980908194
 20
227.0874779563
 40
0.2
100
AcDbArc
 50
13.6238082207
 51
79.6588384957
  0
ARC
  5
87E
100
AcDbEntity
  8
0
100
AcDbCircle
 62
7
  6
CONTINUOUS
 10
199.3398111544
 20
246.4859355866
 40
104.2552455634
100
AcDbArc
 50
179.8776618295
 51
180.0015256776
  0
ARC
  5
87F
100
AcDbEntity
  8
0
100
AcDbCircle
 62
7
  6
CONTINUOUS
 10
135.3723111758
 20
246.6212393532
 40
40.2876025211
100
AcDbArc
 50
179.6975122061
 51
179.8758413223
  0
ARC
  5
880
100
AcDbEntity
  8
RUNDUNGEN
100
AcDbCircle
 62
7
  6
CONTINUOUS
 10
111.180908194
 20
250.0383245819
 40
7.0
100
AcDbArc
 50
0.0
 51
90.0
  0
ARC
  5
881
100
AcDbEntity
  8
RUNDUNGEN
100
AcDbCircle
 62
9
  6
CONTINUOUS
 10
111.180908194
 20
250.0383245819
 40
5.9999988669
100
AcDbArc
 50
0.0
 51
90.0
  0
CIRCLE
  5
882
100
AcDbEntity
  8
BEZUGSACHSEN
100
AcDbCircle
 62
7
  6
CONTINUOUS
 10
111.180908194
 20
250.0383245819
 40
5.0
  0
ARC
  5
883
100
AcDbEntity
  8
0
100
AcDbCircle
 62
7
  6
CONTINUOUS
 10
111.1797702679
 20
250.0364542355
 40
4.0
100
AcDbArc
 50
150.0
 51
215.0
  0
ARC
  5
884
100
AcDbEntity
  8
0
100
AcDbCircle
 62
7
  6
CONTINUOUS
 10
111.1797702679
 20
250.0364542355
 40
4.0
100
AcDbArc
 50
330.0
 51
35.0
  0
ARC
  5
885
100
AcDbEntity
  8
0
100
AcDbCircle
 62
7
  6
CONTINUOUS
 10
111.1797702679
 20
250.0364542355
 40
4.0
100
AcDbArc
 50
60.0
 51
125.0
  0
ARC
  5
886
100
AcDbEntity
  8
0
100
AcDbCircle
 62
7
  6
CONTINUOUS
 10
111.1797702679
 20
250.0364542355
 40
3.0
100
AcDbArc
 50
159.5940682269
 51
215.0
  0
ARC
  5
887
100
AcDbEntity
  8
0
100
AcDbCircle
 62
7
  6
CONTINUOUS
 10
111.1797702679
 20
250.0364542355
 40
3.0
100
AcDbArc
 50
339.5940682269
 51
35.0
  0
ARC
  5
888
100
AcDbEntity
  8
0
100
AcDbCircle
 62
7
  6
CONTINUOUS
 10
111.1797702679
 20
250.0364542355
 40
3.0
100
AcDbArc
 50
60.0
 51
80.4059317731
  0
ARC
  5
889
100
AcDbEntity
  8
0
100
AcDbCircle
 62
7
  6
CONTINUOUS
 10
111.1797702679
 20
250.0364542355
 40
3.0
100
AcDbArc
 50
99.5940682269
 51
125.0
  0
ARC
  5
88A
100
AcDbEntity
  8
0
100
AcDbCircle
 62
7
  6
CONTINUOUS
 10
97.8013537608
 20
245.9563237529
 40
2.8872721953
100
AcDbArc
 50
148.1186257688
 51
149.851776498
  0
ARC
  5
88B
100
AcDbEntity
  8
0
100
AcDbCircle
 62
7
  6
CONTINUOUS
 10
105.634908194
 20
229.8703245819
 40
2.2
100
AcDbArc
 50
220.0
 51
257.9841766086
  0
ARC
  5
88C
100
AcDbEntity
  8
0
100
AcDbCircle
 62
7
  6
CONTINUOUS
 10
105.6220127156
 20
229.5925952165
 40
2.2
100
AcDbArc
 50
220.0
 51
259.6588384957
  0
ARC
  5
88D
100
AcDbEntity
  8
RUNDUNGEN
100
AcDbCircle
 62
9
  6
CONTINUOUS
 10
102.0676466623
 20
230.3878841435
 40
2.049470172
100
AcDbArc
 50
40.0
 51
90.0
  0
ARC
  5
88E
100
AcDbEntity
  8
RUNDUNGEN
100
AcDbCircle
 62
9
  6
CONTINUOUS
 10
105.634908194
 20
229.8703245819
 40
1.256837615
100
AcDbArc
 50
220.0
 51
257.9841766086
  0
ARC
  5
88F
100
AcDbEntity
  8
RUNDUNGEN
100
AcDbCircle
 62
9
  6
CONTINUOUS
 10
102.0676466623
 20
230.3878841435
 40
1.143162385
100
AcDbArc
 50
40.0
 51
90.0
  0
ARC
  5
890
100
AcDbEntity
  8
RUNDUNGEN
100
AcDbCircle
 62
9
  6
CONTINUOUS
 10
97.8516556131
 20
241.5317366987
 40
1.0000343474
100
AcDbArc
 50
69.8983451345
 51
156.1503292861
  0
ARC
  5
891
100
AcDbEntity
  8
0
100
AcDbCircle
 62
7
  6
CONTINUOUS
 10
108.3127381129
 20
248.0289367082
 40
0.5
100
AcDbArc
 50
215.0
 51
35.0
  0
ARC
  5
892
100
AcDbEntity
  8
0
100
AcDbCircle
 62
7
  6
CONTINUOUS
 10
109.6681622904
 20
250.9091815082
 40
0.5
100
AcDbArc
 50
240.0
 51
60.0
  0
ARC
  5
893
100
AcDbEntity
  8
0
100
AcDbCircle
 62
7
  6
CONTINUOUS
 10
108.1486813547
 20
251.7864542355
 40
0.5
100
AcDbArc
 50
60.0
 51
150.0
  0
ARC
  5
894
100
AcDbEntity
  8
0
100
AcDbCircle
 62
7
  6
CONTINUOUS
 10
112.6953462991
 20
249.1614360059
 40
0.5
100
AcDbArc
 50
60.0
 51
240.0
  0
ARC
  5
895
100
AcDbEntity
  8
0
100
AcDbCircle
 62
7
  6
CONTINUOUS
 10
114.2108591812
 20
248.2864542355
 40
0.5
100
AcDbArc
 50
240.0
 51
330.0
  0
ARC
  5
896
100
AcDbEntity
  8
0
100
AcDbCircle
 62
7
  6
CONTINUOUS
 10
114.0468024229
 20
252.0439717627
 40
0.5
100
AcDbArc
 50
35.0
 51
215.0
  0
ARC
  5
897
100
AcDbEntity
  8
0
100
AcDbCircle
 62
7
  6
CONTINUOUS
 10
112.9297702679
 20
253.0675431487
 40
0.5
100
AcDbArc
 50
240.0
 51
60.0
  0
ARC
  5
898
100
AcDbEntity
  8
0
100
AcDbCircle
 62
7
  6
CONTINUOUS
 10
109.1722527407
 20
252.9034863905
 40
0.5
100
AcDbArc
 50
125.0
 51
305.0
  0
ARC
  5
899
100
AcDbEntity
  8
0
100
AcDbCircle
 62
7
  6
CONTINUOUS
 10
111.1797702679
 20
246.5364542355
 40
0.5
100
AcDbArc
 50
180.0
 51
360.0
  0
ARC
  5
89A
100
AcDbEntity
  8
RUNDUNGEN
100
AcDbCircle
 62
7
  6
CONTINUOUS
 10
97.780908194
 20
244.2989379342
 40
0.4
100
AcDbArc
 50
72.9507436873
 51
180.0
  0
ARC
  5
89B
100
AcDbEntity
  8
RUNDUNGEN
100
AcDbCircle
 62
9
  6
CONTINUOUS
 10
105.634908194
 20
229.8703245819
 40
0.350529828
100
AcDbArc
 50
220.0
 51
257.9841766086
  0
ARC
  5
89C
100
AcDbEntity
  8
0
100
AcDbCircle
 62
7
  6
CONTINUOUS
 10
102.0676466623
 20
230.3878841435
 40
0.2
100
AcDbArc
 50
40.0
 51
90.0
  0
ARC
  5
89D
100
AcDbEntity
  8
0
100
AcDbCircle
 62
7
  6
CONTINUOUS
 10
101.8213390042
 20
230.3883245819
 40
0.2
100
AcDbArc
 50
40.0
 51
73.3333333333
  0
ARC
  5
89E
100
AcDbEntity
  8
BEZUGSACHSEN
100
AcDbCircle
 62
7
  6
CONTINUOUS
 10
201.4942758997
 20
202.5383245819
 40
0.4
100
AcDbArc
 50
203.3944396226
 51
270.0
  0
ARC
  5
89F
100
AcDbEntity
  8
BEZUGSACHSEN
100
AcDbCircle
 62
7
  6
CONTINUOUS
 10
201.4942758997
 20
213.3383245819
 40
0.4
100
AcDbArc
 50
90.0
 51
156.6055603774
  0
ARC
  5
8A0
100
AcDbEntity
  8
RUNDUNGEN
100
AcDbCircle
 62
7
  6
CONTINUOUS
 10
187.076262921
 20
218.6883245819
 40
0.4
100
AcDbArc
 50
180.0
 51
270.0
  0
ARC
  5
8A1
100
AcDbEntity
  8
0
100
AcDbCircle
 62
7
  6
CONTINUOUS
 10
216.075627798
 20
207.9382839018
 40
15.7048784653
100
AcDbArc
 50
177.08026164
 51
182.91973836
  0
ARC
  5
8A2
100
AcDbEntity
  8
BEZUGSACHSEN
100
AcDbCircle
 62
7
  6
CONTINUOUS
 10
213.976262921
 20
207.9383245819
 40
14.0
100
AcDbArc
 50
156.6055603774
 51
166.3268341646
  0
ARC
  5
8A3
100
AcDbEntity
  8
BEZUGSACHSEN
100
AcDbCircle
 62
7
  6
CONTINUOUS
 10
213.976262921
 20
207.9383245819
 40
14.0
100
AcDbArc
 50
193.6731658354
 51
203.3944396226
  0
ARC
  5
8A4
100
AcDbEntity
  8
0
100
AcDbCircle
 62
7
  6
CONTINUOUS
 10
213.976262921
 20
207.9383245819
 40
13.9771241677
100
AcDbArc
 50
166.3983788607
 51
171.9398769641
  0
ARC
  5
8A5
100
AcDbEntity
  8
0
100
AcDbCircle
 62
7
  6
CONTINUOUS
 10
213.976262921
 20
207.9383245819
 40
13.9771241677
100
AcDbArc
 50
188.0601230359
 51
193.6016211393
  0
ARC
  5
8A6
100
AcDbEntity
  8
0
100
AcDbCircle
 62
7
  6
CONTINUOUS
 10
207.261039779
 20
206.5584432184
 40
7.1473900443
100
AcDbArc
 50
175.3463694258
 51
184.6536305742
  0
ARC
  5
8A7
100
AcDbEntity
  8
0
100
AcDbCircle
 62
7
  6
CONTINUOUS
 10
207.1885230574
 20
209.3182059455
 40
7.0751148295
100
AcDbArc
 50
175.2987242405
 51
184.7012757595
  0
ARC
  5
8A8
100
AcDbEntity
  8
RUNDUNGEN
100
AcDbCircle
 62
9
  6
CONTINUOUS
 10
219.4760917596
 20
202.3297850437
 40
3.8485452067
100
AcDbArc
 50
89.9974518094
 51
92.5528909751
  0
ARC
  5
8A9
100
AcDbEntity
  8
RUNDUNGEN
100
AcDbCircle
 62
9
  6
CONTINUOUS
 10
218.2193902872
 20
206.6002713833
 40
1.0091514049
100
AcDbArc
 50
261.8462788038
 51
269.6715990929
  0
ARC
  5
8AA
100
AcDbEntity
  8
RUNDUNGEN
100
AcDbCircle
 62
9
  6
CONTINUOUS
 10
218.2191917706
 20
206.5444881282
 40
0.953367936
100
AcDbArc
 50
269.6643141904
 51
278.17988957
  0
ARC
  5
8AB
100
AcDbEntity
  8
RUNDUNGEN
100
AcDbCircle
 62
9
  6
CONTINUOUS
 10
218.2396110456
 20
206.420356759
 40
0.8330289895
100
AcDbArc
 50
329.8155604605
 51
336.1723684477
  0
ARC
  5
8AC
100
AcDbEntity
  8
RUNDUNGEN
100
AcDbCircle
 62
9
  6
CONTINUOUS
 10
206.9765819533
 20
206.0125642404
 40
0.4112429873
100
AcDbArc
 50
259.0176834068
 51
269.9555513224
  0
ARC
  5
8AD
100
AcDbEntity
  8
RUNDUNGEN
100
AcDbCircle
 62
9
  6
CONTINUOUS
 10
206.9751299535
 20
206.0077771646
 40
0.4062672916
100
AcDbArc
 50
237.0303786316
 51
259.0900939168
  0
ARC
  5
8AE
100
AcDbEntity
  8
BEZUGSACHSEN
100
AcDbCircle
 62
7
  6
CONTINUOUS
 10
204.576262921
 20
202.5383245819
 40
0.4
100
AcDbArc
 50
270.0
 51
360.0
  0
ARC
  5
8AF
100
AcDbEntity
  8
RUNDUNGEN
100
AcDbCircle
 62
7
  6
CONTINUOUS
 10
206.976262921
 20
205.9745120058
 40
0.4
100
AcDbArc
 50
191.25
 51
270.0
  0
ARC
  5
8B0
100
AcDbEntity
  8
RUNDUNGEN
100
AcDbCircle
 62
9
  6
CONTINUOUS
 10
206.9695129634
 20
205.9987404262
 40
0.3956291559
100
AcDbArc
 50
214.5562273803
 51
237.0006443936
  0
ARC
  5
8B1
100
AcDbEntity
  8
RUNDUNGEN
100
AcDbCircle
 62
9
  6
CONTINUOUS
 10
206.9589048457
 20
205.9912778203
 40
0.3826597507
100
AcDbArc
 50
182.2851759471
 51
214.5369275201
  0
ARC
  5
8B2
100
AcDbEntity
  8
BEZUGSACHSEN
100
AcDbCircle
 62
7
  6
CONTINUOUS
 10
204.576262921
 20
213.3383245819
 40
0.4
100
AcDbArc
 50
0.0
 51
90.0
  0
ARC
  5
8B3
100
AcDbEntity
  8
RUNDUNGEN
100
AcDbCircle
 62
7
  6
CONTINUOUS
 10
205.676262921
 20
213.4383245819
 40
0.4
100
AcDbArc
 50
180.0
 51
255.4570545599
  0
ARC
  5
8B4
100
AcDbEntity
  8
0
100
AcDbCircle
 62
7
  6
CONTINUOUS
 10
216.075627798
 20
244.1382839018
 40
15.7048784653
100
AcDbArc
 50
177.08026164
 51
182.91973836
  0
ARC
  5
8B5
100
AcDbEntity
  8
BEZUGSACHSEN
100
AcDbCircle
 62
7
  6
CONTINUOUS
 10
213.976262921
 20
244.1383245819
 40
14.0
100
AcDbArc
 50
156.6055603774
 51
166.3268341646
  0
ARC
  5
8B6
100
AcDbEntity
  8
BEZUGSACHSEN
100
AcDbCircle
 62
7
  6
CONTINUOUS
 10
213.976262921
 20
244.1383245819
 40
14.0
100
AcDbArc
 50
193.6731658354
 51
203.3944396226
  0
ARC
  5
8B7
100
AcDbEntity
  8
0
100
AcDbCircle
 62
7
  6
CONTINUOUS
 10
213.976262921
 20
244.1383245819
 40
13.9771241677
100
AcDbArc
 50
166.3983788607
 51
171.9398769641
  0
ARC
  5
8B8
100
AcDbEntity
  8
0
100
AcDbCircle
 62
7
  6
CONTINUOUS
 10
213.976262921
 20
244.1383245819
 40
13.9771241677
100
AcDbArc
 50
188.0601230359
 51
193.6016211393
  0
ARC
  5
8B9
100
AcDbEntity
  8
0
100
AcDbCircle
 62
7
  6
CONTINUOUS
 10
207.261039779
 20
242.7584432184
 40
7.1473900443
100
AcDbArc
 50
175.3463694258
 51
184.6536305742
  0
ARC
  5
8BA
100
AcDbEntity
  8
0
100
AcDbCircle
 62
7
  6
CONTINUOUS
 10
207.1885230574
 20
245.5182059455
 40
7.0751148295
100
AcDbArc
 50
175.2987242405
 51
184.7012757595
  0
ARC
  5
8BB
100
AcDbEntity
  8
0
100
AcDbCircle
 62
7
  6
CONTINUOUS
 10
213.0601738425
 20
245.0734895819
 40
6.5379634429
100
AcDbArc
 50
7.7472294531
 51
8.275566957
  0
ARC
  5
8BC
100
AcDbEntity
  8
RUNDUNGEN
100
AcDbCircle
 62
9
  6
CONTINUOUS
 10
219.4760143184
 20
249.7447205825
 40
3.8464016732
100
AcDbArc
 50
267.4560018124
 51
270.0037031707
  0
ARC
  5
8BD
100
AcDbEntity
  8
RUNDUNGEN
100
AcDbCircle
 62
9
  6
CONTINUOUS
 10
218.219322996
 20
245.4769950982
 40
1.0085307841
100
AcDbArc
 50
90.0906447849
 51
98.1549109818
  0
ARC
  5
8BE
100
AcDbEntity
  8
RUNDUNGEN
100
AcDbCircle
 62
9
  6
CONTINUOUS
 10
218.2192818247
 20
245.5330933187
 40
0.9524325698
100
AcDbArc
 50
81.817523585
 51
90.093507002
  0
ARC
  5
8BF
100
AcDbEntity
  8
RUNDUNGEN
100
AcDbCircle
 62
9
  6
CONTINUOUS
 10
218.2396148285
 20
245.6562945208
 40
0.8330246557
100
AcDbArc
 50
23.8302343889
 51
30.1844445351
  0
ARC
  5
8C0
100
AcDbEntity
  8
RUNDUNGEN
100
AcDbCircle
 62
9
  6
CONTINUOUS
 10
206.976581958
 20
246.0640849177
 40
0.4112429929
100
AcDbArc
 50
90.0444493308
 51
100.9823654802
  0
ARC
  5
8C1
100
AcDbEntity
  8
RUNDUNGEN
100
AcDbCircle
 62
9
  6
CONTINUOUS
 10
206.975129946
 20
246.0688720083
 40
0.40626728
100
AcDbArc
 50
100.9099542767
 51
122.9696739456
  0
ARC
  5
8C2
100
AcDbEntity
  8
BEZUGSACHSEN
100
AcDbCircle
 62
7
  6
CONTINUOUS
 10
204.576262921
 20
249.5383245819
 40
0.4
100
AcDbArc
 50
0.0
 51
90.0
  0
ARC
  5
8C3
100
AcDbEntity
  8
BEZUGSACHSEN
100
AcDbCircle
 62
7
  6
CONTINUOUS
 10
201.4942758997
 20
249.5383245819
 40
0.4
100
AcDbArc
 50
90.0
 51
156.6055603774
  0
ARC
  5
8C4
100
AcDbEntity
  8
BEZUGSACHSEN
100
AcDbCircle
 62
7
  6
CONTINUOUS
 10
204.576262921
 20
238.7383245819
 40
0.4
100
AcDbArc
 50
270.0
 51
360.0
  0
ARC
  5
8C5
100
AcDbEntity
  8
BEZUGSACHSEN
100
AcDbCircle
 62
7
  6
CONTINUOUS
 10
201.4942758997
 20
238.7383245819
 40
0.4
100
AcDbArc
 50
203.3944396226
 51
270.0
  0
ARC
  5
8C6
100
AcDbEntity
  8
RUNDUNGEN
100
AcDbCircle
 62
7
  6
CONTINUOUS
 10
205.676262921
 20
238.6383245819
 40
0.4
100
AcDbArc
 50
104.5429454384
 51
180.0
  0
ARC
  5
8C7
100
AcDbEntity
  8
RUNDUNGEN
100
AcDbCircle
 62
7
  6
CONTINUOUS
 10
206.976262921
 20
246.1021371581
 40
0.4
100
AcDbArc
 50
90.0
 51
180.0
  0
ARC
  5
8C8
100
AcDbEntity
  8
RUNDUNGEN
100
AcDbCircle
 62
7
  6
CONTINUOUS
 10
187.076262921
 20
233.3883245819
 40
0.4
100
AcDbArc
 50
90.0
 51
180.0
  0
ARC
  5
8C9
100
AcDbEntity
  8
RUNDUNGEN
100
AcDbCircle
 62
9
  6
CONTINUOUS
 10
206.9695129687
 20
246.0779087299
 40
0.3956291655
100
AcDbArc
 50
122.9994098239
 51
145.4437519339
  0
ARC
  5
8CA
100
AcDbEntity
  8
RUNDUNGEN
100
AcDbCircle
 62
9
  6
CONTINUOUS
 10
206.9589074511
 20
246.0853688306
 40
0.3826633225
100
AcDbArc
 50
145.4629628119
 51
177.5084862642
  0
ARC
  5
8CB
100
AcDbEntity
  8
0
100
AcDbCircle
 62
7
  6
CONTINUOUS
 10
211.0259635961
 20
247.0132346319
 40
0.1309895179
100
AcDbArc
 50
22.5183775876
 51
25.0879840542
  0
ARC
  5
8CC
100
AcDbEntity
  8
0
100
AcDbCircle
 62
7
  6
CONTINUOUS
 10
216.0317312695
 20
247.0158566792
 40
0.1246544268
100
AcDbArc
 50
23.3404993252
 51
25.1209551943
  0
ARC
  5
8CD
100
AcDbEntity
  8
BEZUGSACHSEN
100
AcDbCircle
 62
7
  6
CONTINUOUS
 10
259.976262921
 20
203.4383245819
 40
1.0
100
AcDbArc
 50
270.0
 51
360.0
  0
ARC
  5
8CE
100
AcDbEntity
  8
RUNDUNGEN
100
AcDbCircle
 62
7
  6
CONTINUOUS
 10
253.976262921
 20
196.0383245819
 40
1.0
100
AcDbArc
 50
270.0
 51
360.0
  0
ARC
  5
8CF
100
AcDbEntity
  8
RUNDUNGEN
100
AcDbCircle
 62
7
  6
CONTINUOUS
 10
250.576262921
 20
202.0452456767
 40
0.4
100
AcDbArc
 50
0.000000001
 51
88.9999999992
  0
ARC
  5
8D0
100
AcDbEntity
  8
RUNDUNGEN
100
AcDbCircle
 62
7
  6
CONTINUOUS
 10
255.176262921
 20
202.2383245819
 40
0.2
100
AcDbArc
 50
90.0
 51
179.9999999994
  0
ARC
  5
8D1
100
AcDbEntity
  8
BEZUGSACHSEN
100
AcDbCircle
 62
7
  6
CONTINUOUS
 10
259.976262921
 20
248.6383245819
 40
1.0
100
AcDbArc
 50
0.0
 51
90.0
  0
ARC
  5
8D2
100
AcDbEntity
  8
RUNDUNGEN
100
AcDbCircle
 62
7
  6
CONTINUOUS
 10
253.976262921
 20
256.0383245819
 40
1.0
100
AcDbArc
 50
0.0
 51
90.0
  0
ARC
  5
8D3
100
AcDbEntity
  8
RUNDUNGEN
100
AcDbCircle
 62
7
  6
CONTINUOUS
 10
250.576262921
 20
250.0314034872
 40
0.4
100
AcDbArc
 50
271.0000000003
 51
359.9999999996
  0
ARC
  5
8D4
100
AcDbEntity
  8
RUNDUNGEN
100
AcDbCircle
 62
7
  6
CONTINUOUS
 10
255.176262921
 20
249.8383245819
 40
0.2
100
AcDbArc
 50
180.0000000008
 51
270.0
  0
ARC
  5
8D5
100
AcDbEntity
  8
0
100
AcDbCircle
 62
7
  6
CONTINUOUS
 10
278.0503649666
 20
152.5465978699
 40
80.2913662343
100
AcDbArc
 50
44.4147849517
 51
45.5852150483
  0
ARC
  5
8D6
100
AcDbEntity
  8
0
100
AcDbCircle
 62
7
  6
CONTINUOUS
 10
278.0503649672
 20
188.7465978705
 40
80.2913662335
100
AcDbArc
 50
44.4147849517
 51
45.5852150483
  0
ARC
  5
8D7
100
AcDbEntity
  8
0
100
AcDbCircle
 62
7
  6
CONTINUOUS
 10
312.1346273815
 20
207.9382472338
 40
24.6074642972
100
AcDbArc
 50
358.1371397238
 51
0.0001800967
  0
ARC
  5
8D8
100
AcDbEntity
  8
0
100
AcDbCircle
 62
7
  6
CONTINUOUS
 10
312.1505931578
 20
207.9386614759
 40
24.5914985231
100
AcDbArc
 50
359.9992150702
 51
1.8634651093
  0
ARC
  5
8D9
100
AcDbEntity
  8
BEZUGSACHSEN
100
AcDbCircle
 62
7
  6
CONTINUOUS
 10
314.4420916786
 20
202.0383245819
 40
7.0
100
AcDbArc
 50
180.0
 51
270.0
  0
ARC
  5
8DA
100
AcDbEntity
  8
RUNDUNGEN
100
AcDbCircle
 62
7
  6
CONTINUOUS
 10
320.4420916786
 20
222.2883245819
 40
4.0
100
AcDbArc
 50
180.0
 51
270.0
  0
ARC
  5
8DB
100
AcDbEntity
  8
RUNDUNGEN
100
AcDbCircle
 62
9
  6
CONTINUOUS
 10
320.4420916786
 20
222.2883245819
 40
3.6
100
AcDbArc
 50
180.0
 51
270.0
  0
CIRCLE
  5
8DC
100
AcDbEntity
  8
BEZUGSACHSEN
100
AcDbCircle
 62
7
  6
CONTINUOUS
 10
314.4420916786
 20
202.0383245819
 40
3.2
  0
ARC
  5
8DD
100
AcDbEntity
  8
RUNDUNGEN
100
AcDbCircle
 62
7
  6
CONTINUOUS
 10
328.4973975526
 20
215.4383245819
 40
2.4
100
AcDbArc
 50
270.0
 51
303.7509217769
  0
ARC
  5
8DE
100
AcDbEntity
  8
RUNDUNGEN
100
AcDbCircle
 62
7
  6
CONTINUOUS
 10
323.3420916786
 20
215.4383245819
 40
2.4
100
AcDbArc
 50
180.0
 51
270.0
  0
ARC
  5
8DF
100
AcDbEntity
  8
RUNDUNGEN
100
AcDbCircle
 62
3
  6
CONTINUOUS
 10
321.0420916786
 20
214.1383245819
 40
2.4
100
AcDbArc
 50
180.0
 51
270.0
  0
ARC
  5
8E0
100
AcDbEntity
  8
0
100
AcDbCircle
 62
7
  6
CONTINUOUS
 10
320.000987157
 20
222.4840539473
 40
2.2
100
AcDbArc
 50
40.0
 51
79.6588384957
  0
ARC
  5
8E1
100
AcDbEntity
  8
RUNDUNGEN
100
AcDbCircle
 62
9
  6
CONTINUOUS
 10
323.3420916786
 20
215.4383245819
 40
2.0
100
AcDbArc
 50
180.0
 51
270.0
  0
ARC
  5
8E2
100
AcDbEntity
  8
RUNDUNGEN
100
AcDbCircle
 62
9
  6
CONTINUOUS
 10
328.4973975526
 20
215.4383245819
 40
2.0
100
AcDbArc
 50
270.0
 51
303.750921777
  0
ARC
  5
8E3
100
AcDbEntity
  8
RUNDUNGEN
100
AcDbCircle
 62
7
  6
CONTINUOUS
 10
323.8016608684
 20
221.6883245819
 40
1.2
100
AcDbArc
 50
220.0
 51
270.0
  0
ARC
  5
8E4
100
AcDbEntity
  8
RUNDUNGEN
100
AcDbCircle
 62
7
  6
CONTINUOUS
 10
319.6420916786
 20
224.9891712076
 40
1.2
100
AcDbArc
 50
180.0
 51
259.6588384957
  0
ARC
  5
8E5
100
AcDbEntity
  8
RUNDUNGEN
100
AcDbCircle
 62
7
  6
CONTINUOUS
 10
320.000987157
 20
222.4840539473
 40
1.2
100
AcDbArc
 50
40.0
 51
79.6588384957
  0
ARC
  5
8E6
100
AcDbEntity
  8
RUNDUNGEN
100
AcDbCircle
 62
3
  6
CONTINUOUS
 10
316.7420916786
 20
218.0383245819
 40
0.4
100
AcDbArc
 50
0.0
 51
90.0
  0
ARC
  5
8E7
100
AcDbEntity
  8
RUNDUNGEN
100
AcDbCircle
 62
3
  6
CONTINUOUS
 10
318.2420916786
 20
216.3383245819
 40
0.4
100
AcDbArc
 50
0.0
 51
90.0
  0
ARC
  5
8E8
100
AcDbEntity
  8
RUNDUNGEN
100
AcDbCircle
 62
3
  6
CONTINUOUS
 10
317.5420916786
 20
217.1383245819
 40
0.4
100
AcDbArc
 50
180.0
 51
270.0
  0
ARC
  5
8E9
100
AcDbEntity
  8
RUNDUNGEN
100
AcDbCircle
 62
3
  6
CONTINUOUS
 10
316.6920916786
 20
218.8383245819
 40
0.4
100
AcDbArc
 50
180.0
 51
270.0
  0
ARC
  5
8EA
100
AcDbEntity
  8
0
100
AcDbCircle
 62
7
  6
CONTINUOUS
 10
319.6420916786
 20
224.9891712076
 40
0.2
100
AcDbArc
 50
180.0
 51
259.6588384957
  0
ARC
  5
8EB
100
AcDbEntity
  8
0
100
AcDbCircle
 62
7
  6
CONTINUOUS
 10
323.8016608684
 20
221.6883245819
 40
0.2
100
AcDbArc
 50
220.0
 51
270.0
  0
ARC
  5
8EC
100
AcDbEntity
  8
0
100
AcDbCircle
 62
7
  6
CONTINUOUS
 10
278.0503615198
 20
299.5300547407
 40
80.2913711085
100
AcDbArc
 50
314.4147849873
 51
315.5852150127
  0
ARC
  5
8ED
100
AcDbEntity
  8
0
100
AcDbCircle
 62
7
  6
CONTINUOUS
 10
278.0503615205
 20
263.3300547401
 40
80.2913711076
100
AcDbArc
 50
314.4147849873
 51
315.5852150127
  0
ARC
  5
8EE
100
AcDbEntity
  8
0
100
AcDbCircle
 62
7
  6
CONTINUOUS
 10
312.1346273815
 20
244.1382472338
 40
24.6074642972
100
AcDbArc
 50
358.1371397238
 51
0.0001800967
  0
ARC
  5
8EF
100
AcDbEntity
  8
0
100
AcDbCircle
 62
7
  6
CONTINUOUS
 10
312.1505931578
 20
244.1386614759
 40
24.5914985231
100
AcDbArc
 50
359.9992150702
 51
1.8634651093
  0
ARC
  5
8F0
100
AcDbEntity
  8
RUNDUNGEN
100
AcDbCircle
 62
7
  6
CONTINUOUS
 10
320.880884282
 20
227.4682813022
 40
10.5387077542
100
AcDbArc
 50
172.601632404
 51
173.0767783081
  0
ARC
  5
8F1
100
AcDbEntity
  8
BEZUGSACHSEN
100
AcDbCircle
 62
7
  6
CONTINUOUS
 10
314.4420916786
 20
250.0383245819
 40
7.0
100
AcDbArc
 50
90.0
 51
180.0
  0
ARC
  5
8F2
100
AcDbEntity
  8
RUNDUNGEN
100
AcDbCircle
 62
7
  6
CONTINUOUS
 10
320.4420916786
 20
229.7883245819
 40
4.0
100
AcDbArc
 50
90.0
 51
180.0
  0
ARC
  5
8F3
100
AcDbEntity
  8
RUNDUNGEN
100
AcDbCircle
 62
9
  6
CONTINUOUS
 10
320.4420916786
 20
229.7883245819
 40
3.6
100
AcDbArc
 50
90.0
 51
180.0
  0
ARC
  5
8F4
100
AcDbEntity
  8
RUNDUNGEN
100
AcDbCircle
 62
7
  6
CONTINUOUS
 10
328.4973975526
 20
236.6383245819
 40
2.4
100
AcDbArc
 50
56.2490782231
 51
90.0
  0
ARC
  5
8F5
100
AcDbEntity
  8
RUNDUNGEN
100
AcDbCircle
 62
7
  6
CONTINUOUS
 10
323.3420916786
 20
236.6383245819
 40
2.4
100
AcDbArc
 50
90.0
 51
180.0
  0
ARC
  5
8F6
100
AcDbEntity
  8
RUNDUNGEN
100
AcDbCircle
 62
3
  6
CONTINUOUS
 10
321.0420916786
 20
237.9383245819
 40
2.4
100
AcDbArc
 50
90.0
 51
180.0
  0
ARC
  5
8F7
100
AcDbEntity
  8
RUNDUNGEN
100
AcDbCircle
 62
9
  6
CONTINUOUS
 10
328.4973975526
 20
236.6383245819
 40
2.0
100
AcDbArc
 50
56.249078223
 51
90.0
  0
ARC
  5
8F8
100
AcDbEntity
  8
RUNDUNGEN
100
AcDbCircle
 62
9
  6
CONTINUOUS
 10
323.3420916786
 20
236.6383245819
 40
2.0
100
AcDbArc
 50
90.0
 51
180.0
  0
ARC
  5
8F9
100
AcDbEntity
  8
RUNDUNGEN
100
AcDbCircle
 62
7
  6
CONTINUOUS
 10
319.6420916786
 20
230.3883245819
 40
1.2
100
AcDbArc
 50
90.0
 51
180.0
  0
ARC
  5
8FA
100
AcDbEntity
  8
RUNDUNGEN
100
AcDbCircle
 62
3
  6
CONTINUOUS
 10
318.2420916786
 20
235.7383245819
 40
0.4
100
AcDbArc
 50
270.0
 51
360.0
  0
ARC
  5
8FB
100
AcDbEntity
  8
RUNDUNGEN
100
AcDbCircle
 62
3
  6
CONTINUOUS
 10
316.7420916786
 20
234.0383245819
 40
0.4
100
AcDbArc
 50
270.0
 51
360.0
  0
ARC
  5
8FC
100
AcDbEntity
  8
RUNDUNGEN
100
AcDbCircle
 62
3
  6
CONTINUOUS
 10
317.5420916786
 20
234.9383245819
 40
0.4
100
AcDbArc
 50
90.0
 51
180.0
  0
ARC
  5
8FD
100
AcDbEntity
  8
RUNDUNGEN
100
AcDbCircle
 62
3
  6
CONTINUOUS
 10
316.6920916786
 20
233.2383245819
 40
0.4
100
AcDbArc
 50
90.0
 51
180.0
  0
ARC
  5
8FE
100
AcDbEntity
  8
0
100
AcDbCircle
 62
7
  6
CONTINUOUS
 10
319.6420916786
 20
230.3883245819
 40
0.2
100
AcDbArc
 50
90.0
 51
180.0
  0
ARC
  5
8FF
100
AcDbEntity
  8
0
100
AcDbCircle
 62
7
  6
CONTINUOUS
 10
333.4420916786
 20
186.6298650954
 40
24.6084614752
100
AcDbArc
 50
88.1370350521
 51
91.8629649479
  0
ARC
  5
900
100
AcDbEntity
  8
RUNDUNGEN
100
AcDbCircle
 62
9
  6
CONTINUOUS
 10
333.4420916786
 20
208.0383245819
 40
6.9
100
AcDbArc
 50
56.2490782231
 51
123.7509217769
  0
ARC
  5
901
100
AcDbEntity
  8
RUNDUNGEN
100
AcDbCircle
 62
7
  6
CONTINUOUS
 10
333.4420916786
 20
208.0383245819
 40
6.5
100
AcDbArc
 50
56.2490782231
 51
123.7509217769
  0
CIRCLE
  5
902
100
AcDbEntity
  8
BEZUGSACHSEN
100
AcDbCircle
 62
7
  6
CONTINUOUS
 10
333.4420916786
 20
207.9383245819
 40
5.8
  0
CIRCLE
  5
903
100
AcDbEntity
  8
BEZUGSACHSEN
100
AcDbCircle
 62
9
  6
CONTINUOUS
 10
333.4420916786
 20
207.9383245819
 40
5.5588235294
  0
ARC
  5
904
100
AcDbEntity
  8
0
100
AcDbCircle
 62
7
  6
CONTINUOUS
 10
333.4420916786
 20
222.8298650955
 40
24.6084614751
100
AcDbArc
 50
88.1370350521
 51
91.8629649479
  0
ARC
  5
905
100
AcDbEntity
  8
RUNDUNGEN
100
AcDbCircle
 62
7
  6
CONTINUOUS
 10
338.3867858046
 20
215.4383245819
 40
2.4
100
AcDbArc
 50
236.2490782231
 51
270.0
  0
ARC
  5
906
100
AcDbEntity
  8
RUNDUNGEN
100
AcDbCircle
 62
7
  6
CONTINUOUS
 10
343.5420916786
 20
215.4383245819
 40
2.4
100
AcDbArc
 50
270.0
 51
360.0
  0
ARC
  5
907
100
AcDbEntity
  8
RUNDUNGEN
100
AcDbCircle
 62
9
  6
CONTINUOUS
 10
338.3867858046
 20
215.4383245819
 40
2.0
100
AcDbArc
 50
236.2490782231
 51
270.0
  0
ARC
  5
908
100
AcDbEntity
  8
RUNDUNGEN
100
AcDbCircle
 62
9
  6
CONTINUOUS
 10
343.5420916786
 20
215.4383245819
 40
2.0
100
AcDbArc
 50
270.0
 51
360.0
  0
ARC
  5
909
100
AcDbEntity
  8
RUNDUNGEN
100
AcDbCircle
 62
7
  6
CONTINUOUS
 10
343.0825224888
 20
221.6883245819
 40
1.2
100
AcDbArc
 50
270.0
 51
320.0
  0
ARC
  5
90A
100
AcDbEntity
  8
0
100
AcDbCircle
 62
7
  6
CONTINUOUS
 10
343.0825224888
 20
221.6883245819
 40
0.2
100
AcDbArc
 50
270.0
 51
320.0
  0
ARC
  5
90B
100
AcDbEntity
  8
0
100
AcDbCircle
 62
7
  6
CONTINUOUS
 10
354.7495559757
 20
207.9384019301
 40
24.6074642972
100
AcDbArc
 50
178.1371397238
 51
180.0001800967
  0
ARC
  5
90C
100
AcDbEntity
  8
0
100
AcDbCircle
 62
7
  6
CONTINUOUS
 10
354.7335901989
 20
207.937987688
 40
24.5914985226
100
AcDbArc
 50
179.9992150702
 51
181.8634651093
  0
ARC
  5
90D
100
AcDbEntity
  8
BEZUGSACHSEN
100
AcDbCircle
 62
7
  6
CONTINUOUS
 10
352.4420916786
 20
202.0383245819
 40
7.0
100
AcDbArc
 50
270.0
 51
360.0
  0
ARC
  5
90E
100
AcDbEntity
  8
RUNDUNGEN
100
AcDbCircle
 62
7
  6
CONTINUOUS
 10
346.4420916786
 20
222.2883245819
 40
4.0
100
AcDbArc
 50
270.0
 51
360.0
  0
ARC
  5
90F
100
AcDbEntity
  8
RUNDUNGEN
100
AcDbCircle
 62
9
  6
CONTINUOUS
 10
346.4420916786
 20
222.2883245819
 40
3.6
100
AcDbArc
 50
270.0
 51
360.0
  0
ARC
  5
910
100
AcDbEntity
  8
RUNDUNGEN
100
AcDbCircle
 62
3
  6
CONTINUOUS
 10
345.8420916786
 20
214.1383245819
 40
2.4
100
AcDbArc
 50
270.0
 51
360.0
  0
ARC
  5
911
100
AcDbEntity
  8
0
100
AcDbCircle
 62
7
  6
CONTINUOUS
 10
346.8831962002
 20
222.4840539473
 40
2.2
100
AcDbArc
 50
100.3411615043
 51
140.0
  0
ARC
  5
912
100
AcDbEntity
  8
RUNDUNGEN
100
AcDbCircle
 62
7
  6
CONTINUOUS
 10
347.2420916786
 20
224.9891712076
 40
1.2
100
AcDbArc
 50
280.3411615043
 51
360.0
  0
ARC
  5
913
100
AcDbEntity
  8
RUNDUNGEN
100
AcDbCircle
 62
7
  6
CONTINUOUS
 10
346.8831962002
 20
222.4840539473
 40
1.2
100
AcDbArc
 50
100.3411615043
 51
140.0
  0
ARC
  5
914
100
AcDbEntity
  8
0
100
AcDbCircle
 62
7
  6
CONTINUOUS
 10
351.8564635569
 20
222.0329905058
 40
1.0046650764
100
AcDbArc
 50
73.051168429
 51
78.5558333406
  0
ARC
  5
915
100
AcDbEntity
  8
0
100
AcDbCircle
 62
3
  6
CONTINUOUS
 10
352.0920916786
 20
222.5383245819
 40
0.5
100
AcDbArc
 50
270.0
 51
360.0
  0
ARC
  5
916
100
AcDbEntity
  8
RUNDUNGEN
100
AcDbCircle
 62
3
  6
CONTINUOUS
 10
348.6420916786
 20
216.3383245819
 40
0.4
100
AcDbArc
 50
90.0
 51
180.0
  0
ARC
  5
917
100
AcDbEntity
  8
RUNDUNGEN
100
AcDbCircle
 62
3
  6
CONTINUOUS
 10
350.1420916786
 20
218.0383245819
 40
0.4
100
AcDbArc
 50
90.0
 51
180.0
  0
ARC
  5
918
100
AcDbEntity
  8
RUNDUNGEN
100
AcDbCircle
 62
3
  6
CONTINUOUS
 10
350.9920916786
 20
221.6383245819
 40
0.4
100
AcDbArc
 50
90.0
 51
180.0
  0
ARC
  5
919
100
AcDbEntity
  8
RUNDUNGEN
100
AcDbCircle
 62
3
  6
CONTINUOUS
 10
350.1920916786
 20
218.8383245819
 40
0.4
100
AcDbArc
 50
270.0
 51
360.0
  0
ARC
  5
91A
100
AcDbEntity
  8
RUNDUNGEN
100
AcDbCircle
 62
3
  6
CONTINUOUS
 10
349.3420916786
 20
217.1383245819
 40
0.4
100
AcDbArc
 50
270.0
 51
360.0
  0
ARC
  5
91B
100
AcDbEntity
  8
0
100
AcDbCircle
 62
7
  6
CONTINUOUS
 10
347.2420916786
 20
224.9891712076
 40
0.2
100
AcDbArc
 50
280.3411615043
 51
360.0
  0
ARC
  5
91C
100
AcDbEntity
  8
0
100
AcDbCircle
 62
7
  6
CONTINUOUS
 10
388.8338218386
 20
188.746594422
 40
80.2913711102
100
AcDbArc
 50
134.4147849873
 51
135.5852150127
  0
ARC
  5
91D
100
AcDbEntity
  8
0
100
AcDbCircle
 62
7
  6
CONTINUOUS
 10
388.8338218386
 20
152.546594422
 40
80.2913711102
100
AcDbArc
 50
134.4147849873
 51
135.5852150127
  0
ARC
  5
91E
100
AcDbEntity
  8
0
100
AcDbCircle
 62
7
  6
CONTINUOUS
 10
333.4420916786
 20
229.2467840685
 40
24.6084614752
100
AcDbArc
 50
268.1370350521
 51
271.8629649479
  0
CIRCLE
  5
91F
100
AcDbEntity
  8
RUNDUNGEN
100
AcDbCircle
 62
9
  6
CONTINUOUS
 10
333.4420916786
 20
226.0383245819
 40
23.9930785501
  0
ARC
  5
920
100
AcDbEntity
  8
RUNDUNGEN
100
AcDbCircle
 62
9
  6
CONTINUOUS
 10
333.4420916786
 20
226.0383245819
 40
23.5931398271
100
AcDbArc
 50
275.2212022933
 51
84.7788038779
  0
ARC
  5
921
100
AcDbEntity
  8
RUNDUNGEN
100
AcDbCircle
 62
9
  6
CONTINUOUS
 10
333.4420916786
 20
226.0383245819
 40
23.5931398271
100
AcDbArc
 50
95.2212022933
 51
264.7788038779
  0
ARC
  5
922
100
AcDbEntity
  8
AUSFORMSCHRAEGEN
100
AcDbCircle
 62
7
  6
CONTINUOUS
 10
333.4420916786
 20
226.0383245819
 40
23.3
100
AcDbArc
 50
173.3456252106
 51
186.6543747894
  0
ARC
  5
923
100
AcDbEntity
  8
AUSFORMSCHRAEGEN
100
AcDbCircle
 62
7
  6
CONTINUOUS
 10
333.4420916786
 20
226.0383245819
 40
23.0763480522
100
AcDbArc
 50
278.3483284858
 51
81.6516715142
  0
ARC
  5
924
100
AcDbEntity
  8
RUNDUNGEN
100
AcDbCircle
 62
7
  6
CONTINUOUS
 10
333.4420916786
 20
226.0383245819
 40
23.0763480522
100
AcDbArc
 50
98.3467762377
 51
171.2817591106
  0
ARC
  5
925
100
AcDbEntity
  8
RUNDUNGEN
100
AcDbCircle
 62
7
  6
CONTINUOUS
 10
333.4420916786
 20
226.0383245819
 40
23.0763480522
100
AcDbArc
 50
188.7182408894
 51
261.6532237623
  0
ARC
  5
926
100
AcDbEntity
  8
0
100
AcDbCircle
 62
3
  6
CONTINUOUS
 10
333.4420916786
 20
226.0383245819
 40
23.0
100
AcDbArc
 50
278.7384968201
 51
81.2615031799
  0
ARC
  5
927
100
AcDbEntity
  8
0
100
AcDbCircle
 62
3
  6
CONTINUOUS
 10
333.4420916786
 20
226.0383245819
 40
23.0
100
AcDbArc
 50
98.7384968201
 51
261.2615031799
  0
ARC
  5
928
100
AcDbEntity
  8
RUNDUNGEN
100
AcDbCircle
 62
7
  6
CONTINUOUS
 10
338.3867858046
 20
236.6383245819
 40
2.4
100
AcDbArc
 50
90.0
 51
123.7509217769
  0
ARC
  5
929
100
AcDbEntity
  8
RUNDUNGEN
100
AcDbCircle
 62
7
  6
CONTINUOUS
 10
343.5420916786
 20
236.6383245819
 40
2.4
100
AcDbArc
 50
0.0
 51
90.0
  0
ARC
  5
92A
100
AcDbEntity
  8
RUNDUNGEN
100
AcDbCircle
 62
9
  6
CONTINUOUS
 10
343.5420916786
 20
236.6383245819
 40
2.0
100
AcDbArc
 50
0.0
 51
90.0
  0
ARC
  5
92B
100
AcDbEntity
  8
RUNDUNGEN
100
AcDbCircle
 62
9
  6
CONTINUOUS
 10
338.3867858046
 20
236.6383245819
 40
2.0
100
AcDbArc
 50
90.0
 51
123.750921777
  0
ARC
  5
92C
100
AcDbEntity
  8
RUNDUNGEN
100
AcDbCircle
 62
9
  6
CONTINUOUS
 10
333.4420916786
 20
244.0383245819
 40
6.9
100
AcDbArc
 50
236.2490782231
 51
303.7509217769
  0
ARC
  5
92D
100
AcDbEntity
  8
RUNDUNGEN
100
AcDbCircle
 62
7
  6
CONTINUOUS
 10
333.4420916786
 20
244.0383245819
 40
6.5
100
AcDbArc
 50
236.2490782231
 51
303.7509217769
  0
CIRCLE
  5
92E
100
AcDbEntity
  8
BEZUGSACHSEN
100
AcDbCircle
 62
7
  6
CONTINUOUS
 10
333.4420916786
 20
244.1383245819
 40
5.8
  0
CIRCLE
  5
92F
100
AcDbEntity
  8
BEZUGSACHSEN
100
AcDbCircle
 62
9
  6
CONTINUOUS
 10
333.4420916786
 20
244.1383245819
 40
5.5588235294
  0
ARC
  5
930
100
AcDbEntity
  8
RUNDUNGEN
100
AcDbCircle
 62
7
  6
CONTINUOUS
 10
346.4420916786
 20
229.7883245819
 40
4.0
100
AcDbArc
 50
0.0
 51
90.0
  0
ARC
  5
931
100
AcDbEntity
  8
RUNDUNGEN
100
AcDbCircle
 62
9
  6
CONTINUOUS
 10
346.4420916786
 20
229.7883245819
 40
3.6
100
AcDbArc
 50
0.0
 51
90.0
  0
ARC
  5
932
100
AcDbEntity
  8
RUNDUNGEN
100
AcDbCircle
 62
3
  6
CONTINUOUS
 10
345.8420916786
 20
237.9383245819
 40
2.4
100
AcDbArc
 50
0.0
 51
90.0
  0
ARC
  5
933
100
AcDbEntity
  8
RUNDUNGEN
100
AcDbCircle
 62
7
  6
CONTINUOUS
 10
347.2420916786
 20
230.3883245819
 40
1.2
100
AcDbArc
 50
0.0
 51
90.0
  0
ARC
  5
934
100
AcDbEntity
  8
0
100
AcDbCircle
 62
7
  6
CONTINUOUS
 10
351.8565279815
 20
230.0433848743
 40
1.0043839532
100
AcDbArc
 50
281.4436634319
 51
286.9968970672
  0
ARC
  5
935
100
AcDbEntity
  8
0
100
AcDbCircle
 62
3
  6
CONTINUOUS
 10
352.0920916786
 20
229.5383245819
 40
0.5
100
AcDbArc
 50
0.0
 51
90.0
  0
ARC
  5
936
100
AcDbEntity
  8
RUNDUNGEN
100
AcDbCircle
 62
3
  6
CONTINUOUS
 10
350.9920916786
 20
230.4383245819
 40
0.4
100
AcDbArc
 50
180.0
 51
270.0
  0
ARC
  5
937
100
AcDbEntity
  8
RUNDUNGEN
100
AcDbCircle
 62
3
  6
CONTINUOUS
 10
350.1420916786
 20
234.0383245819
 40
0.4
100
AcDbArc
 50
180.0
 51
270.0
  0
ARC
  5
938
100
AcDbEntity
  8
RUNDUNGEN
100
AcDbCircle
 62
3
  6
CONTINUOUS
 10
348.6420916786
 20
235.7383245819
 40
0.4
100
AcDbArc
 50
180.0
 51
270.0
  0
ARC
  5
939
100
AcDbEntity
  8
RUNDUNGEN
100
AcDbCircle
 62
3
  6
CONTINUOUS
 10
349.3420916786
 20
234.9383245819
 40
0.4
100
AcDbArc
 50
0.0
 51
90.0
  0
ARC
  5
93A
100
AcDbEntity
  8
RUNDUNGEN
100
AcDbCircle
 62
3
  6
CONTINUOUS
 10
350.1920916786
 20
233.2383245819
 40
0.4
100
AcDbArc
 50
0.0
 51
90.0
  0
ARC
  5
93B
100
AcDbEntity
  8
0
100
AcDbCircle
 62
7
  6
CONTINUOUS
 10
347.2420916786
 20
230.3883245819
 40
0.2
100
AcDbArc
 50
0.0
 51
90.0
  0
ARC
  5
93C
100
AcDbEntity
  8
0
100
AcDbCircle
 62
7
  6
CONTINUOUS
 10
354.7495559757
 20
244.1384019301
 40
24.6074642972
100
AcDbArc
 50
178.1371397238
 51
180.0001800967
  0
ARC
  5
93D
100
AcDbEntity
  8
0
100
AcDbCircle
 62
7
  6
CONTINUOUS
 10
354.7335901989
 20
244.137987688
 40
24.5914985226
100
AcDbArc
 50
179.9992150702
 51
181.8634651093
  0
ARC
  5
93E
100
AcDbEntity
  8
BEZUGSACHSEN
100
AcDbCircle
 62
7
  6
CONTINUOUS
 10
352.4420916786
 20
250.0383245819
 40
7.0
100
AcDbArc
 50
0.0
 51
90.0
  0
CIRCLE
  5
93F
100
AcDbEntity
  8
BEZUGSACHSEN
100
AcDbCircle
 62
7
  6
CONTINUOUS
 10
352.4420916786
 20
250.0383245819
 40
3.2
  0
ARC
  5
940
100
AcDbEntity
  8
0
100
AcDbCircle
 62
7
  6
CONTINUOUS
 10
333.4420916786
 20
265.4467840687
 40
24.6084614753
100
AcDbArc
 50
268.1370350521
 51
271.8629649479
  0
ARC
  5
941
100
AcDbEntity
  8
0
100
AcDbCircle
 62
7
  6
CONTINUOUS
 10
388.83381839
 20
263.3300512934
 40
80.2913662335
100
AcDbArc
 50
224.4147849517
 51
225.5852150483
  0
ARC
  5
942
100
AcDbEntity
  8
0
100
AcDbCircle
 62
7
  6
CONTINUOUS
 10
388.8338183894
 20
299.5300512928
 40
80.2913662326
100
AcDbArc
 50
224.4147849517
 51
225.5852150483
  0
ARC
  5
943
100
AcDbEntity
  8
0
100
AcDbCircle
 62
7
  6
CONTINUOUS
 10
183.714750324
 20
123.2682749536
 40
2.0
100
AcDbArc
 50
97.1701482327
 51
142.0
  0
ARC
  5
944
100
AcDbEntity
  8
0
100
AcDbCircle
 62
7
  6
CONTINUOUS
 10
183.714750324
 20
123.2682749536
 40
2.0
100
AcDbArc
 50
37.0
 51
82.8299818297
  0
ARC
  5
945
100
AcDbEntity
  8
0
100
AcDbCircle
 62
3
  6
CONTINUOUS
 10
188.3299164645
 20
122.1286630493
 40
2.0
100
AcDbArc
 50
217.0
 51
277.0
  0
ARC
  5
946
100
AcDbEntity
  8
0
100
AcDbCircle
 62
7
  6
CONTINUOUS
 10
188.3299164645
 20
122.1286630493
 40
1.0
100
AcDbArc
 50
217.0
 51
277.0
  0
ARC
  5
947
100
AcDbEntity
  8
0
100
AcDbCircle
 62
3
  6
CONTINUOUS
 10
183.714750324
 20
123.2682749536
 40
1.0
100
AcDbArc
 50
37.0
 51
142.0
  0
ARC
  5
948
100
AcDbEntity
  8
RUNDUNGEN
100
AcDbCircle
 62
7
  6
CONTINUOUS
 10
187.076262921
 20
123.6509340888
 40
0.4
100
AcDbArc
 50
180.0
 51
270.0
  0
ARC
  5
949
100
AcDbEntity
  8
0
100
AcDbCircle
 62
7
  6
CONTINUOUS
 10
135.8356833093
 20
135.7740113053
 40
70.972789075
100
AcDbArc
 50
4.1015166252
 51
4.6362853138
  0
ARC
  5
94A
100
AcDbEntity
  8
0
100
AcDbCircle
 62
7
  6
CONTINUOUS
 10
181.876262921
 20
136.1309340888
 40
0.548
100
AcDbArc
 50
94.9604106876
 51
274.9604106876
  0
ARC
  5
94B
100
AcDbEntity
  8
0
100
AcDbCircle
 62
7
  6
CONTINUOUS
 10
181.876262921
 20
133.5709340888
 40
0.548
100
AcDbArc
 50
85.0395893124
 51
265.0395893124
  0
ARC
  5
94C
100
AcDbEntity
  8
0
100
AcDbCircle
 62
7
  6
CONTINUOUS
 10
204.576262921
 20
121.1009340888
 40
2.0
100
AcDbArc
 50
59.9785489455
 51
97.0
  0
ARC
  5
94D
100
AcDbEntity
  8
BEZUGSACHSEN
100
AcDbCircle
 62
7
  6
CONTINUOUS
 10
259.976262921
 20
117.6509340888
 40
1.0
100
AcDbArc
 50
270.0
 51
360.0
  0
ARC
  5
94E
100
AcDbEntity
  8
RUNDUNGEN
100
AcDbCircle
 62
7
  6
CONTINUOUS
 10
253.976262921
 20
115.2509340888
 40
1.0
100
AcDbArc
 50
270.0
 51
360.0
  0
ARC
  5
94F
100
AcDbEntity
  8
0
100
AcDbCircle
 62
3
  6
CONTINUOUS
 10
204.576262921
 20
121.1009340888
 40
1.0
100
AcDbArc
 50
0.0
 51
97.0
  0
ARC
  5
950
100
AcDbEntity
  8
RUNDUNGEN
100
AcDbCircle
 62
7
  6
CONTINUOUS
 10
250.576262921
 20
116.2578551836
 40
0.4
100
AcDbArc
 50
0.0000116487
 51
89.0000002066
  0
ARC
  5
951
100
AcDbEntity
  8
RUNDUNGEN
100
AcDbCircle
 62
7
  6
CONTINUOUS
 10
206.976262921
 20
119.6509340888
 40
0.4
100
AcDbArc
 50
180.0
 51
270.0
  0
ARC
  5
952
100
AcDbEntity
  8
RUNDUNGEN
100
AcDbCircle
 62
7
  6
CONTINUOUS
 10
255.176262921
 20
116.4509340888
 40
0.2
100
AcDbArc
 50
90.0
 51
179.9999990215
  0
ARC
  5
953
100
AcDbEntity
  8
0
100
AcDbCircle
 62
7
  6
CONTINUOUS
 10
207.2610391716
 20
138.8710527253
 40
7.1473894389
100
AcDbArc
 50
175.3463690307
 51
184.6536309693
  0
ARC
  5
954
100
AcDbEntity
  8
BEZUGSACHSEN
100
AcDbCircle
 62
7
  6
CONTINUOUS
 10
204.576262921
 20
134.8509340888
 40
0.4
100
AcDbArc
 50
270.0
 51
360.0
  0
ARC
  5
955
100
AcDbEntity
  8
BEZUGSACHSEN
100
AcDbCircle
 62
7
  6
CONTINUOUS
 10
201.4942758997
 20
134.8509340888
 40
0.4
100
AcDbArc
 50
203.3944396226
 51
270.0
  0
ARC
  5
956
100
AcDbEntity
  8
RUNDUNGEN
100
AcDbCircle
 62
7
  6
CONTINUOUS
 10
205.676262921
 20
128.1509340888
 40
0.4
100
AcDbArc
 50
180.0
 51
255.4570545599
  0
ARC
  5
957
100
AcDbEntity
  8
RUNDUNGEN
100
AcDbCircle
 62
7
  6
CONTINUOUS
 10
206.976262921
 20
136.2509340888
 40
0.4
100
AcDbArc
 50
90.0
 51
168.7500243325
  0
ARC
  5
958
100
AcDbEntity
  8
RUNDUNGEN
100
AcDbCircle
 62
7
  6
CONTINUOUS
 10
218.676262921
 20
136.2509340888
 40
0.4
100
AcDbArc
 50
0.0
 51
90.0
  0
ARC
  5
959
100
AcDbEntity
  8
RUNDUNGEN
100
AcDbCircle
 62
7
  6
CONTINUOUS
 10
219.476262921
 20
135.1509340888
 40
0.4
100
AcDbArc
 50
180.0
 51
270.0
  0
ARC
  5
95A
100
AcDbEntity
  8
RUNDUNGEN
100
AcDbCircle
 62
9
  6
CONTINUOUS
 10
218.6821975786
 20
136.2297523094
 40
0.3961307284
100
AcDbArc
 50
34.4576590704
 51
56.9114718937
  0
ARC
  5
95B
100
AcDbEntity
  8
0
100
AcDbCircle
 62
7
  6
CONTINUOUS
 10
216.0832788684
 20
140.2509340888
 40
15.7125216796
100
AcDbArc
 50
177.0815346174
 51
182.9184653826
  0
ARC
  5
95C
100
AcDbEntity
  8
BEZUGSACHSEN
100
AcDbCircle
 62
7
  6
CONTINUOUS
 10
213.976262921
 20
140.2509340888
 40
14.0
100
AcDbArc
 50
193.6337312016
 51
203.3944396226
  0
ARC
  5
95D
100
AcDbEntity
  8
BEZUGSACHSEN
100
AcDbCircle
 62
7
  6
CONTINUOUS
 10
213.976262921
 20
140.2509340888
 40
14.0
100
AcDbArc
 50
156.6055603774
 51
166.3662687984
  0
ARC
  5
95E
100
AcDbEntity
  8
0
100
AcDbCircle
 62
7
  6
CONTINUOUS
 10
213.976262921
 20
140.2509340888
 40
13.9771241677
100
AcDbArc
 50
166.3983788607
 51
171.9398769641
  0
ARC
  5
95F
100
AcDbEntity
  8
0
100
AcDbCircle
 62
7
  6
CONTINUOUS
 10
213.976262921
 20
140.2509340888
 40
13.9771241677
100
AcDbArc
 50
188.0601230359
 51
193.6016211393
  0
ARC
  5
960
100
AcDbEntity
  8
0
100
AcDbCircle
 62
7
  6
CONTINUOUS
 10
207.1885233625
 20
141.6308154524
 40
7.0751151336
100
AcDbArc
 50
175.298724443
 51
184.701275557
  0
ARC
  5
961
100
AcDbEntity
  8
0
100
AcDbCircle
 62
7
  6
CONTINUOUS
 10
181.876262921
 20
146.9309340888
 40
0.548
100
AcDbArc
 50
94.9604106876
 51
274.9604106876
  0
ARC
  5
962
100
AcDbEntity
  8
0
100
AcDbCircle
 62
7
  6
CONTINUOUS
 10
181.876262921
 20
144.3709340888
 40
0.548
100
AcDbArc
 50
85.0395893124
 51
265.0395893124
  0
ARC
  5
963
100
AcDbEntity
  8
BEZUGSACHSEN
100
AcDbCircle
 62
7
  6
CONTINUOUS
 10
204.576262921
 20
145.6509340888
 40
0.4
100
AcDbArc
 50
0.0
 51
90.0
  0
ARC
  5
964
100
AcDbEntity
  8
BEZUGSACHSEN
100
AcDbCircle
 62
7
  6
CONTINUOUS
 10
201.4942758997
 20
145.6509340888
 40
0.4
100
AcDbArc
 50
90.0
 51
156.6055603774
  0
ARC
  5
965
100
AcDbEntity
  8
RUNDUNGEN
100
AcDbCircle
 62
7
  6
CONTINUOUS
 10
205.676262921
 20
152.3509340888
 40
0.4
100
AcDbArc
 50
104.5429454401
 51
180.0
  0
ARC
  5
966
100
AcDbEntity
  8
RUNDUNGEN
100
AcDbCircle
 62
7
  6
CONTINUOUS
 10
206.976262921
 20
144.2509340888
 40
0.4
100
AcDbArc
 50
180.0
 51
270.0
  0
ARC
  5
967
100
AcDbEntity
  8
RUNDUNGEN
100
AcDbCircle
 62
7
  6
CONTINUOUS
 10
218.676262921
 20
144.2509340888
 40
0.4
100
AcDbArc
 50
270.0
 51
360.0
  0
ARC
  5
968
100
AcDbEntity
  8
RUNDUNGEN
100
AcDbCircle
 62
7
  6
CONTINUOUS
 10
219.476262921
 20
145.3509340888
 40
0.4
100
AcDbArc
 50
90.0
 51
180.0
  0
ARC
  5
969
100
AcDbEntity
  8
RUNDUNGEN
100
AcDbCircle
 62
9
  6
CONTINUOUS
 10
218.6822002734
 20
144.2721123466
 40
0.3961268439
100
AcDbArc
 50
303.0930385755
 51
325.5467654303
  0
ARC
  5
96A
100
AcDbEntity
  8
0
100
AcDbCircle
 62
7
  6
CONTINUOUS
 10
209.7739267432
 20
143.1249376149
 40
0.1332146319
100
AcDbArc
 50
22.3190987538
 51
25.0659674984
  0
ARC
  5
96B
100
AcDbEntity
  8
0
100
AcDbCircle
 62
7
  6
CONTINUOUS
 10
207.7741306221
 20
143.1250292262
 40
0.1329912098
100
AcDbArc
 50
22.3463923065
 51
25.067317908
  0
ARC
  5
96C
100
AcDbEntity
  8
0
100
AcDbCircle
 62
7
  6
CONTINUOUS
 10
214.7797602171
 20
143.1275711703
 40
0.12681471
100
AcDbArc
 50
23.1310786615
 51
25.1048515709
  0
ARC
  5
96D
100
AcDbEntity
  8
RUNDUNGEN
100
AcDbCircle
 62
7
  6
CONTINUOUS
 10
206.976262921
 20
160.8509340888
 40
0.4
100
AcDbArc
 50
90.0
 51
180.0
  0
ARC
  5
96E
100
AcDbEntity
  8
RUNDUNGEN
100
AcDbCircle
 62
7
  6
CONTINUOUS
 10
187.076262921
 20
156.8509340888
 40
0.4
100
AcDbArc
 50
90.0
 51
180.0
  0
ARC
  5
96F
100
AcDbEntity
  8
0
100
AcDbCircle
 62
7
  6
CONTINUOUS
 10
263.5429921936
 20
141.111688502
 40
42.88724248
100
AcDbArc
 50
181.7024951852
 51
182.1102685782
  0
ARC
  5
970
100
AcDbEntity
  8
BEZUGSACHSEN
100
AcDbCircle
 62
7
  6
CONTINUOUS
 10
259.976262921
 20
162.8509340888
 40
1.0
100
AcDbArc
 50
0.0
 51
90.0
  0
ARC
  5
971
100
AcDbEntity
  8
RUNDUNGEN
100
AcDbCircle
 62
7
  6
CONTINUOUS
 10
253.976262921
 20
165.2509340888
 40
1.0
100
AcDbArc
 50
0.0
 51
90.0
  0
ARC
  5
972
100
AcDbEntity
  8
RUNDUNGEN
100
AcDbCircle
 62
7
  6
CONTINUOUS
 10
250.576262921
 20
164.2440129941
 40
0.4
100
AcDbArc
 50
270.9999997934
 51
359.9999883513
  0
ARC
  5
973
100
AcDbEntity
  8
RUNDUNGEN
100
AcDbCircle
 62
7
  6
CONTINUOUS
 10
255.176262921
 20
164.0509340888
 40
0.2
100
AcDbArc
 50
180.0000009785
 51
270.0
  0
ARC
  5
974
100
AcDbEntity
  8
0
100
AcDbCircle
 62
7
  6
CONTINUOUS
 10
586.5023191968
 20
159.8372874069
 40
366.1003467797
100
AcDbArc
 50
183.077565358
 51
183.2096683967
  0
ARC
  5
975
100
AcDbEntity
  8
0
100
AcDbCircle
 62
7
  6
CONTINUOUS
 10
371.6106914075
 20
155.3594216391
 40
154.9615351327
100
AcDbArc
 50
185.7646824502
 51
186.0990452917
  0
SPLINE
  5
976
100
AcDbEntity
  8
BEZUGSACHSEN
100
AcDbSpline
 62
7
  6
CONTINUOUS
 70
0
 71
3
 72
9
 73
5
 74
0
 42
0.0000001
 43
0.0000001
 44
0.0000000001
 40
0.0
 40
0.0
 40
0.0
 40
0.0
 40
0.4962334017
 40
1.0
 40
1.0
 40
1.0
 40
1.0
 10
373.5468207589
 20
130.8679922713
 30
0.0
 10
373.3665410273
 20
130.8063329716
 30
0.0
 10
373.0151851634
 20
130.6440595194
 30
0.0
 10
372.7039172488
 20
130.4146138596
 30
0.0
 10
372.5595470794
 20
130.2858875052
 30
0.0
  0
SPLINE
  5
977
100
AcDbEntity
  8
BEZUGSACHSEN
100
AcDbSpline
 62
7
  6
CONTINUOUS
 70
0
 71
3
 72
20
 73
16
 74
0
 42
0.0000001
 43
0.0000001
 44
0.0000000001
 40
0.0
 40
0.0
 40
0.0
 40
0.0
 40
0.1376091118
 40
0.20782752
 40
0.2782309723
 40
0.4172426328
 40
0.4849396045
 40
0.5507936075
 40
0.6755771477
 40
0.7344068318
 40
0.7908656133
 40
0.845202334
 40
0.8978170522
 40
0.9492158331
 40
1.0
 40
1.0
 40
1.0
 40
1.0
 10
381.8145054835
 20
125.1365937768
 30
0.0
 10
381.7943856835
 20
125.5984433211
 30
0.0
 10
381.6992245649
 20
126.2947975811
 30
0.0
 10
381.4579934509
 20
127.1985735048
 30
0.0
 10
381.1410120046
 20
128.0838100555
 30
0.0
 10
380.7189874994
 20
128.9195681871
 30
0.0
 10
380.2010721006
 20
129.6760860401
 30
0.0
 10
379.6459859299
 20
130.3442204593
 30
0.0
 10
379.0165893966
 20
130.9094952766
 30
0.0
 10
378.3281496277
 20
131.3331194818
 30
0.0
 10
377.8062999028
 20
131.5665773157
 30
0.0
 10
377.2760708862
 20
131.7166589889
 30
0.0
 10
376.745245136
 20
131.778774702
 30
0.0
 10
376.2234218879
 20
131.7497730419
 30
0.0
 10
375.8875397949
 20
131.6685653314
 30
0.0
 10
375.7261146812
 20
131.6133546909
 30
0.0
  0
SPLINE
  5
978
100
AcDbEntity
  8
0
100
AcDbSpline
 62
7
  6
CONTINUOUS
 70
0
 71
3
 72
10
 73
6
 74
0
 42
0.0000001
 43
0.0000001
 44
0.0000000001
 40
0.0
 40
0.0
 40
0.0
 40
0.0
 40
0.2582878933
 40
0.5132952444
 40
1.0
 40
1.0
 40
1.0
 40
1.0
 10
375.6999640528
 20
125.5880680432
 30
0.0
 10
375.6400812132
 20
125.7321069321
 30
0.0
 10
375.5058756455
 20
126.0124326027
 30
0.0
 10
375.1881614092
 20
126.5266411714
 30
0.0
 10
374.8895932816
 20
126.8683783354
 30
0.0
 10
374.6678406047
 20
127.0613221034
 30
0.0
  0
SPLINE
  5
979
100
AcDbEntity
  8
0
100
AcDbSpline
 62
7
  6
CONTINUOUS
 70
0
 71
3
 72
14
 73
10
 74
0
 42
0.0000001
 43
0.0000001
 44
0.0000000001
 40
0.0
 40
0.0
 40
0.0
 40
0.0
 40
0.2781063162
 40
0.4092086162
 40
0.5350262579
 40
0.6560505947
 40
0.7730991874
 40
0.8872964651
 40
1.0
 40
1.0
 40
1.0
 40
1.0
 10
374.6678406047
 20
127.0613221034
 30
0.0
 10
374.5226425971
 20
127.1876567708
 30
0.0
 10
374.2909237754
 20
127.3550797128
 30
0.0
 10
373.9579510007
 20
127.5185506777
 30
0.0
 10
373.7102708214
 20
127.6048568257
 30
0.0
 10
373.4628537413
 20
127.6558431677
 30
0.0
 10
373.218614685
 20
127.6706495596
 30
0.0
 10
372.9806594182
 20
127.6489243008
 30
0.0
 10
372.8277309333
 20
127.6099523919
 30
0.0
 10
372.7539304335
 20
127.584712432
 30
0.0
  0
SPLINE
  5
97A
100
AcDbEntity
  8
0
100
AcDbSpline
 62
7
  6
CONTINUOUS
 70
0
 71
3
 72
9
 73
5
 74
0
 42
0.0000001
 43
0.0000001
 44
0.0000000001
 40
0.0
 40
0.0
 40
0.0
 40
0.0
 40
0.5131577898
 40
1.0
 40
1.0
 40
1.0
 40
1.0
 10
374.9928300457
 20
125.3462962545
 30
0.0
 10
374.8729650611
 20
125.6345599887
 30
0.0
 10
374.5802426351
 20
126.1736062671
 30
0.0
 10
374.1738706802
 20
126.6358275852
 30
0.0
 10
373.9495131099
 20
126.8291857961
 30
0.0
  0
SPLINE
  5
97B
100
AcDbEntity
  8
0
100
AcDbSpline
 62
7
  6
CONTINUOUS
 70
0
 71
3
 72
14
 73
10
 74
0
 42
0.0000001
 43
0.0000001
 44
0.0000000001
 40
0.0
 40
0.0
 40
0.0
 40
0.0
 40
0.2779139155
 40
0.4089573176
 40
0.5347546217
 40
0.6557971099
 40
0.772905897
 40
0.8871910927
 40
1.0
 40
1.0
 40
1.0
 40
1.0
 10
373.9495131099
 20
126.8291857961
 30
0.0
 10
373.8048605506
 20
126.9538517927
 30
0.0
 10
373.5742065174
 20
127.1189390605
 30
0.0
 10
373.2431404789
 20
127.2798492402
 30
0.0
 10
372.9969686944
 20
127.3646558202
 30
0.0
 10
372.7511296771
 20
127.4145212941
 30
0.0
 10
372.5084941369
 20
127.4287058257
 30
0.0
 10
372.272109656
 20
127.4067266823
 30
0.0
 10
372.1201623303
 20
127.3679628306
 30
0.0
 10
372.0468220172
 20
127.3428723599
 30
0.0
  0
SPLINE
  5
97C
100
AcDbEntity
  8
0
100
AcDbSpline
 62
7
  6
CONTINUOUS
 70
0
 71
3
 72
10
 73
6
 74
0
 42
0.0000001
 43
0.0000001
 44
0.0000000001
 40
0.0
 40
0.0
 40
0.0
 40
0.0
 40
0.2585028865
 40
0.5136341784
 40
1.0
 40
1.0
 40
1.0
 40
1.0
 10
374.2857571007
 20
125.1043798503
 30
0.0
 10
374.2251114183
 20
125.2502564317
 30
0.0
 10
374.0890153687
 20
125.5340377172
 30
0.0
 10
373.7664249563
 20
126.0537015655
 30
0.0
 10
373.462796403
 20
126.3982746159
 30
0.0
 10
373.2372057393
 20
126.5918156026
 30
0.0
  0
SPLINE
  5
97D
100
AcDbEntity
  8
0
100
AcDbSpline
 62
7
  6
CONTINUOUS
 70
0
 71
3
 72
13
 73
9
 74
0
 42
0.0000001
 43
0.0000001
 44
0.0000000001
 40
0.0
 40
0.0
 40
0.0
 40
0.0
 40
0.2779533957
 40
0.5344087062
 40
0.6555186702
 40
0.7727090531
 40
0.887088629
 40
1.0
 40
1.0
 40
1.0
 40
1.0
 10
373.2372057393
 20
126.5918156026
 30
0.0
 10
373.0928023719
 20
126.7157035764
 30
0.0
 10
372.7927505901
 20
126.9297220055
 30
0.0
 10
372.3748565715
 20
127.1058499046
 30
0.0
 10
372.0418981894
 20
127.1729335497
 30
0.0
 10
371.7999918969
 20
127.1867929699
 30
0.0
 10
371.5643334591
 20
127.1647341112
 30
0.0
 10
371.41284597
 20
127.1260405148
 30
0.0
 10
371.3397137565
 20
127.1010320201
 30
0.0
  0
SPLINE
  5
97E
100
AcDbEntity
  8
0
100
AcDbSpline
 62
7
  6
CONTINUOUS
 70
0
 71
3
 72
17
 73
13
 74
0
 42
0.0000001
 43
0.0000001
 44
0.0000000001
 40
0.0
 40
0.0
 40
0.0
 40
0.0
 40
0.1451979865
 40
0.287688287
 40
0.4249051584
 40
0.554879472
 40
0.6765290151
 40
0.7899537213
 40
0.8440968019
 40
0.8968715825
 40
0.9486848315
 40
1.0
 40
1.0
 40
1.0
 40
1.0
 10
373.5786477344
 20
124.8625231807
 30
0.0
 10
373.5063912215
 20
125.0363174919
 30
0.0
 10
373.3412544677
 20
125.3720259674
 30
0.0
 10
373.0352057469
 20
125.8318600344
 30
0.0
 10
372.6812813998
 20
126.2303274611
 30
0.0
 10
372.2908847317
 20
126.55275712
 30
0.0
 10
371.8766539303
 20
126.7870571981
 30
0.0
 10
371.5163933303
 20
126.9024976123
 30
0.0
 10
371.2325642912
 20
126.9397495998
 30
0.0
 10
371.026222669
 20
126.9408167334
 30
0.0
 10
370.8251643049
 20
126.9153752745
 30
0.0
 10
370.6955478371
 20
126.8807085453
 30
0.0
 10
370.6326098078
 20
126.8591789006
 30
0.0
  0
SPLINE
  5
97F
100
AcDbEntity
  8
0
100
AcDbSpline
 62
7
  6
CONTINUOUS
 70
0
 71
3
 72
17
 73
13
 74
0
 42
0.0000001
 43
0.0000001
 44
0.0000000001
 40
0.0
 40
0.0
 40
0.0
 40
0.0
 40
0.145198399
 40
0.2876888339
 40
0.4249056647
 40
0.5548798698
 40
0.6765293336
 40
0.7899540598
 40
0.8440960711
 40
0.8968717089
 40
0.9486843259
 40
1.0
 40
1.0
 40
1.0
 40
1.0
 10
372.8715220123
 20
124.6207388025
 30
0.0
 10
372.7992711484
 20
124.7945330141
 30
0.0
 10
372.6341213196
 20
125.1302304088
 30
0.0
 10
372.3280752023
 20
125.5900562087
 30
0.0
 10
371.9741503434
 20
125.9885125923
 30
0.0
 10
371.5837565689
 20
126.3109347417
 30
0.0
 10
371.1695291628
 20
126.5452212439
 30
0.0
 10
370.8092758185
 20
126.6606725889
 30
0.0
 10
370.5254482434
 20
126.6978909471
 30
0.0
 10
370.3191108346
 20
126.6989853873
 30
0.0
 10
370.1180565532
 20
126.6735188298
 30
0.0
 10
369.9884422142
 20
126.6388594977
 30
0.0
 10
369.9255016058
 20
126.6173384213
 30
0.0
  0
SPLINE
  5
980
100
AcDbEntity
  8
0
100
AcDbSpline
 62
7
  6
CONTINUOUS
 70
0
 71
3
 72
16
 73
12
 74
0
 42
0.0000001
 43
0.0000001
 44
0.0000000001
 40
0.0
 40
0.0
 40
0.0
 40
0.0
 40
0.1452286075
 40
0.287748639
 40
0.4249939642
 40
0.5549951904
 40
0.6766700057
 40
0.7901184476
 40
0.8968500816
 40
0.9486739685
 40
1.0
 40
1.0
 40
1.0
 40
1.0
 10
372.1644018883
 20
124.3789180899
 30
0.0
 10
372.0921381936
 20
124.5527053735
 30
0.0
 10
371.9270051068
 20
124.8884066989
 30
0.0
 10
371.6209567611
 20
125.3482248247
 30
0.0
 10
371.267019536
 20
125.7466760456
 30
0.0
 10
370.8766804893
 20
126.0690984772
 30
0.0
 10
370.4622755534
 20
126.3033673102
 30
0.0
 10
370.0371536857
 20
126.439850957
 30
0.0
 10
369.6814764828
 20
126.4659961695
 30
0.0
 10
369.4109647221
 20
126.4316590771
 30
0.0
 10
369.2813305602
 20
126.3970259486
 30
0.0
 10
369.2183944149
 20
126.3754947062
 30
0.0
  0
SPLINE
  5
981
100
AcDbEntity
  8
0
100
AcDbSpline
 62
7
  6
CONTINUOUS
 70
0
 71
3
 72
17
 73
13
 74
0
 42
0.0000001
 43
0.0000001
 44
0.0000000001
 40
0.0
 40
0.0
 40
0.0
 40
0.0
 40
0.1451980194
 40
0.2876880337
 40
0.4249044532
 40
0.5548782939
 40
0.6765274616
 40
0.7899520355
 40
0.8440946588
 40
0.8968694672
 40
0.9486831406
 40
1.0
 40
1.0
 40
1.0
 40
1.0
 10
371.4572980115
 20
124.1370639085
 30
0.0
 10
371.3850466245
 20
124.3108562205
 30
0.0
 10
371.2198976155
 20
124.6465504832
 30
0.0
 10
370.913852465
 20
125.1063711813
 30
0.0
 10
370.5599298913
 20
125.5048239576
 30
0.0
 10
370.1695385729
 20
125.8272407091
 30
0.0
 10
369.7553151363
 20
126.0615317609
 30
0.0
 10
369.3950618275
 20
126.1769644918
 30
0.0
 10
369.111239331
 20
126.2142158074
 30
0.0
 10
368.9049023316
 20
126.2152835576
 30
0.0
 10
368.7038438266
 20
126.1898449135
 30
0.0
 10
368.5742319722
 20
126.1551636729
 30
0.0
 10
368.5112912173
 20
126.1336394355
 30
0.0
  0
SPLINE
  5
982
100
AcDbEntity
  8
0
100
AcDbSpline
 62
7
  6
CONTINUOUS
 70
0
 71
3
 72
16
 73
12
 74
0
 42
0.0000001
 43
0.0000001
 44
0.0000000001
 40
0.0
 40
0.0
 40
0.0
 40
0.0
 40
0.1452285173
 40
0.2877486556
 40
0.424994187
 40
0.5549956238
 40
0.6766705733
 40
0.7901190225
 40
0.8968505318
 40
0.9486738583
 40
1.0
 40
1.0
 40
1.0
 40
1.0
 10
370.7502133518
 20
123.8951785969
 30
0.0
 10
370.6779526247
 20
124.0689701801
 30
0.0
 10
370.5128181139
 20
124.4046775995
 30
0.0
 10
370.2067707681
 20
124.8645068638
 30
0.0
 10
369.8528311399
 20
125.2629682647
 30
0.0
 10
369.4624883883
 20
125.5853994829
 30
0.0
 10
369.0480782715
 20
125.819676363
 30
0.0
 10
368.6229508961
 20
125.9561620315
 30
0.0
 10
368.2672680371
 20
125.9823173757
 30
0.0
 10
367.9967546263
 20
125.9479641444
 30
0.0
 10
367.8671186998
 20
125.9133351832
 30
0.0
 10
367.8041795791
 20
125.8918089798
 30
0.0
  0
SPLINE
  5
983
100
AcDbEntity
  8
0
100
AcDbSpline
 62
7
  6
CONTINUOUS
 70
0
 71
3
 72
17
 73
13
 74
0
 42
0.0000001
 43
0.0000001
 44
0.0000000001
 40
0.0
 40
0.0
 40
0.0
 40
0.0
 40
0.1451979125
 40
0.2876882226
 40
0.4249051488
 40
0.5548795246
 40
0.6765291045
 40
0.789953801
 40
0.8440968943
 40
0.8968716353
 40
0.9486848523
 40
1.0
 40
1.0
 40
1.0
 40
1.0
 10
370.043122582
 20
123.65327813
 30
0.0
 10
369.9708674696
 20
123.8270741128
 30
0.0
 10
369.8057300807
 20
124.1627847366
 30
0.0
 10
369.4996820899
 20
124.6226230277
 30
0.0
 10
369.1457570337
 20
125.0210943332
 30
0.0
 10
368.7553591369
 20
125.3435273191
 30
0.0
 10
368.3411266136
 20
125.5778307463
 30
0.0
 10
367.9808640409
 20
125.693271335
 30
0.0
 10
367.6970336768
 20
125.7305270408
 30
0.0
 10
367.4906910104
 20
125.7315916117
 30
0.0
 10
367.289631036
 20
125.7061536823
 30
0.0
 10
367.1600146311
 20
125.6714838149
 30
0.0
 10
367.0970760572
 20
125.6499546424
 30
0.0
  0
SPLINE
  5
984
100
AcDbEntity
  8
0
100
AcDbSpline
 62
7
  6
CONTINUOUS
 70
0
 71
3
 72
16
 73
12
 74
0
 42
0.0000001
 43
0.0000001
 44
0.0000000001
 40
0.0
 40
0.0
 40
0.0
 40
0.0
 40
0.1452286273
 40
0.2877487783
 40
0.4249942551
 40
0.5549956026
 40
0.6766704595
 40
0.7901188372
 40
0.8968503073
 40
0.9486736596
 40
1.0
 40
1.0
 40
1.0
 40
1.0
 10
369.3359936444
 20
123.411502891
 30
0.0
 10
369.2637423934
 20
123.5852976279
 30
0.0
 10
369.098592891
 20
123.9209970098
 30
0.0
 10
368.7925509307
 20
124.3808255178
 30
0.0
 10
368.438610281
 20
124.779283045
 30
0.0
 10
368.0482688075
 20
125.1017118174
 30
0.0
 10
367.6338603183
 20
125.3359849008
 30
0.0
 10
367.208734014
 20
125.472472822
 30
0.0
 10
366.8530551495
 20
125.498615236
 30
0.0
 10
366.5825383386
 20
125.4642851594
 30
0.0
 10
366.452908214
 20
125.4296365817
 30
0.0
 10
366.389967423
 20
125.4081154151
 30
0.0
  0
SPLINE
  5
985
100
AcDbEntity
  8
0
100
AcDbSpline
 62
7
  6
CONTINUOUS
 70
0
 71
3
 72
14
 73
10
 74
0
 42
0.0000001
 43
0.0000001
 44
0.0000000001
 40
0.0
 40
0.0
 40
0.0
 40
0.0
 40
0.2848988501
 40
0.4201167378
 40
0.5488339459
 40
0.6705730235
 40
0.7855498346
 40
0.894764485
 40
1.0
 40
1.0
 40
1.0
 40
1.0
 10
368.3809805378
 20
123.6730363013
 30
0.0
 10
368.232431088
 20
123.9312578922
 30
0.0
 10
367.9725669628
 20
124.2916658646
 30
0.0
 10
367.5568607943
 20
124.689046305
 30
0.0
 10
367.2297674375
 20
124.9273083557
 30
0.0
 10
366.889468292
 20
125.1045508261
 30
0.0
 10
366.5432571379
 20
125.2159522218
 30
0.0
 10
366.1991617144
 20
125.2579186952
 30
0.0
 10
365.9737368312
 20
125.2378627784
 30
0.0
 10
365.8659045021
 20
125.2159391627
 30
0.0
  0
SPLINE
  5
986
100
AcDbEntity
  8
0
100
AcDbSpline
 62
7
  6
CONTINUOUS
 70
0
 71
3
 72
16
 73
12
 74
0
 42
0.0000001
 43
0.0000001
 44
0.0000000001
 40
0.0
 40
0.0
 40
0.0
 40
0.0
 40
0.1439571138
 40
0.2854823279
 40
0.4222388001
 40
0.5523772834
 40
0.6747709984
 40
0.7892585333
 40
0.8968517746
 40
0.9488206291
 40
1.0
 40
1.0
 40
1.0
 40
1.0
 10
375.5585444915
 20
125.5397115568
 30
0.0
 10
375.4897196721
 20
125.7052629242
 30
0.0
 10
375.333264951
 20
126.0256942744
 30
0.0
 10
375.0452801886
 20
126.4673088736
 30
0.0
 10
374.7129230964
 20
126.8545003973
 30
0.0
 10
374.3460593321
 20
127.1743409142
 30
0.0
 10
373.9553122065
 20
127.416006322
 30
0.0
 10
373.5521907268
 20
127.5707867748
 30
0.0
 10
373.2113611244
 20
127.6221707422
 30
0.0
 10
372.9484869928
 20
127.6130529413
 30
0.0
 10
372.8212650598
 20
127.592390917
 30
0.0
 10
372.7591423312
 20
127.5781233712
 30
0.0
  0
LINE
  5
987
100
AcDbEntity
  8
0
100
AcDbLine
 62
7
  6
CONTINUOUS
 10
372.7591423312
 20
127.5781233712
 11
372.7560125926
 21
127.5774009978
  0
SPLINE
  5
988
100
AcDbEntity
  8
BEZUGSACHSEN
100
AcDbSpline
 62
9
  6
CONTINUOUS
 70
0
 71
3
 72
17
 73
13
 74
0
 42
0.0000001
 43
0.0000001
 44
0.0000000001
 40
0.0
 40
0.0
 40
0.0
 40
0.0
 40
0.1493477115
 40
0.293417515
 40
0.4304435019
 40
0.5592380039
 40
0.6793988359
 40
0.7915164035
 40
0.8451421567
 40
0.8975008899
 40
0.9489773912
 40
1.0
 40
1.0
 40
1.0
 40
1.0
 10
378.5700506425
 20
127.8001298845
 30
0.0
 10
378.4240704078
 20
128.0820489376
 30
0.0
 10
378.1055717788
 20
128.6202887489
 30
0.0
 10
377.5464422584
 20
129.3475205946
 30
0.0
 10
376.9271371671
 20
129.9644291255
 30
0.0
 10
376.2641458507
 20
130.4536009105
 30
0.0
 10
375.5751500481
 20
130.8009017798
 30
0.0
 10
374.9848103
 20
130.9650391891
 30
0.0
 10
374.5226459468
 20
131.011983435
 30
0.0
 10
374.1871334383
 20
131.0064017268
 30
0.0
 10
373.8603440489
 20
130.9605226931
 30
0.0
 10
373.6494464819
 20
130.9030855897
 30
0.0
 10
373.546824006
 20
130.8679827777
 30
0.0
  0
SPLINE
  5
989
100
AcDbEntity
  8
0
100
AcDbSpline
 62
7
  6
CONTINUOUS
 70
0
 71
3
 72
15
 73
11
 74
0
 42
0.0000001
 43
0.0000001
 44
0.0000000001
 40
0.0
 40
0.0
 40
0.0
 40
0.0
 40
0.1438557253
 40
0.2853058011
 40
0.422035131
 40
0.5522063951
 40
0.6746900003
 40
0.7893022202
 40
0.8970107924
 40
1.0
 40
1.0
 40
1.0
 40
1.0
 10
374.8514430869
 20
125.2978364058
 30
0.0
 10
374.7829518331
 20
125.4625760599
 30
0.0
 10
374.6273570224
 20
125.7815069113
 30
0.0
 10
374.3411307501
 20
126.2213102836
 30
0.0
 10
374.010885207
 20
126.6073511671
 30
0.0
 10
373.6463035789
 20
126.9268564135
 30
0.0
 10
373.2579392572
 20
127.1691498515
 30
0.0
 10
372.856827046
 20
127.3255266756
 30
0.0
 10
372.4550839423
 20
127.3893766195
 30
0.0
 10
372.1914668217
 20
127.3669029027
 30
0.0
 10
372.0666963267
 20
127.3395784
 30
0.0
  0
SPLINE
  5
98A
100
AcDbEntity
  8
0
100
AcDbSpline
 62
7
  6
CONTINUOUS
 70
0
 71
3
 72
16
 73
12
 74
0
 42
0.0000001
 43
0.0000001
 44
0.0000000001
 40
0.0
 40
0.0
 40
0.0
 40
0.0
 40
0.14369722
 40
0.2850153771
 40
0.4216618373
 40
0.5518120608
 40
0.6743345886
 40
0.7890243088
 40
0.8968054754
 40
0.9488225331
 40
1.0
 40
1.0
 40
1.0
 40
1.0
 10
374.1443501915
 20
125.0559767839
 30
0.0
 10
374.0761965594
 20
125.2199073077
 30
0.0
 10
373.921450635
 20
125.5373338494
 30
0.0
 10
373.6369810689
 20
125.9753217093
 30
0.0
 10
373.3088303886
 20
126.3601953932
 30
0.0
 10
372.9465582265
 20
126.6793516028
 30
0.0
 10
372.560470885
 20
126.9222150556
 30
0.0
 10
372.1617364321
 20
127.0802475195
 30
0.0
 10
371.8239873411
 20
127.136238469
 30
0.0
 10
371.5628230348
 20
127.1317995387
 30
0.0
 10
371.4361964205
 20
127.1137641738
 30
0.0
 10
371.3742979861
 20
127.1008650901
 30
0.0
  0
SPLINE
  5
98B
100
AcDbEntity
  8
BEZUGSACHSEN
100
AcDbSpline
 62
9
  6
CONTINUOUS
 70
0
 71
3
 72
19
 73
15
 74
0
 42
0.0000001
 43
0.0000001
 44
0.0000000001
 40
0.0
 40
0.0
 40
0.0
 40
0.0
 40
0.1410946098
 40
0.2847423597
 40
0.4262569463
 40
0.4948780284
 40
0.5613840804
 40
0.6253887476
 40
0.6866147824
 40
0.8000922534
 40
0.8528177197
 40
0.9032734236
 40
0.9520741021
 40
1.0
 40
1.0
 40
1.0
 40
1.0
 10
381.6842591436
 20
125.2675819068
 30
0.0
 10
381.6507985098
 20
125.7274369807
 30
0.0
 10
381.500820717
 20
126.6510378629
 30
0.0
 10
381.0580780514
 20
127.9773815239
 30
0.0
 10
380.5187391726
 20
129.0066845984
 30
0.0
 10
379.9981767093
 20
129.7470360832
 30
0.0
 10
379.5763438909
 20
130.2437598384
 30
0.0
 10
379.1251303309
 20
130.6802863114
 30
0.0
 10
378.5096138343
 20
131.1607424884
 30
0.0
 10
377.8458630491
 20
131.5168879996
 30
0.0
 10
377.161810115
 20
131.7085775608
 30
0.0
 10
376.6661378174
 20
131.7659510303
 30
0.0
 10
376.1835617442
 20
131.738826724
 30
0.0
 10
375.8743015512
 20
131.6640325522
 30
0.0
 10
375.7261179283
 20
131.6133451974
 30
0.0
  0
SPLINE
  5
98C
100
AcDbEntity
  8
0
100
AcDbSpline
 62
7
  6
CONTINUOUS
 70
0
 71
3
 72
15
 73
11
 74
0
 42
0.0000001
 43
0.0000001
 44
0.0000000001
 40
0.0
 40
0.0
 40
0.0
 40
0.0
 40
0.1439938145
 40
0.285553899
 40
0.4223415645
 40
0.5525063644
 40
0.6749213459
 40
0.7894263365
 40
0.8970361134
 40
1.0
 40
1.0
 40
1.0
 40
1.0
 10
373.4372263781
 20
124.8141542281
 30
0.0
 10
373.3683764369
 20
124.9797549144
 30
0.0
 10
373.2118779469
 20
125.3002854556
 30
0.0
 10
372.9237812977
 20
125.7420157711
 30
0.0
 10
372.5912992484
 20
126.1292862633
 30
0.0
 10
372.224275805
 20
126.4491490231
 30
0.0
 10
371.8334356838
 20
126.6907969932
 30
0.0
 10
371.4299915354
 20
126.8454285878
 30
0.0
 10
371.0262704575
 20
126.9063753136
 30
0.0
 10
370.7618722563
 20
126.8811736661
 30
0.0
 10
370.6369039187
 20
126.8523889571
 30
0.0
  0
SPLINE
  5
98D
100
AcDbEntity
  8
0
100
AcDbSpline
 62
7
  6
CONTINUOUS
 70
0
 71
3
 72
16
 73
12
 74
0
 42
0.0000001
 43
0.0000001
 44
0.0000000001
 40
0.0
 40
0.0
 40
0.0
 40
0.0
 40
0.1439925839
 40
0.2855458345
 40
0.4223169064
 40
0.5524532669
 40
0.6748289372
 40
0.7892887194
 40
0.8968567708
 40
0.9488197017
 40
1.0
 40
1.0
 40
1.0
 40
1.0
 10
372.7301006561
 20
124.57236985
 30
0.0
 10
372.661184774
 20
124.7381420047
 30
0.0
 10
372.504492147
 20
125.0589796547
 30
0.0
 10
372.2160254556
 20
125.5010840929
 30
0.0
 10
371.8830916689
 20
125.888584371
 30
0.0
 10
371.5156001461
 20
126.2085087601
 30
0.0
 10
371.1242173864
 20
126.4499993754
 30
0.0
 10
370.7204995283
 20
126.6043220368
 30
0.0
 10
370.3792542166
 20
126.6550660951
 30
0.0
 10
370.1161534959
 20
126.6452969076
 30
0.0
 10
369.9888530919
 20
126.6242761323
 30
0.0
 10
369.9267023819
 20
126.6098173063
 30
0.0
  0
SPLINE
  5
98E
100
AcDbEntity
  8
0
100
AcDbSpline
 62
7
  6
CONTINUOUS
 70
0
 71
3
 72
15
 73
11
 74
0
 42
0.0000001
 43
0.0000001
 44
0.0000000001
 40
0.0
 40
0.0
 40
0.0
 40
0.0
 40
0.1440202825
 40
0.2856012496
 40
0.4223998062
 40
0.5525630945
 40
0.6749647593
 40
0.789449236
 40
0.8970404038
 40
1.0
 40
1.0
 40
1.0
 40
1.0
 10
372.0229805321
 20
124.3305491374
 30
0.0
 10
371.9540560443
 20
124.4963059472
 30
0.0
 10
371.7973917674
 20
124.8171325449
 30
0.0
 10
371.5089373248
 20
125.2592112755
 30
0.0
 10
371.1760343692
 20
125.6466994362
 30
0.0
 10
370.8085527156
 20
125.9666143456
 30
0.0
 10
370.4172502813
 20
126.2081260974
 30
0.0
 10
370.0133737829
 20
126.3624118381
 30
0.0
 10
369.6092876376
 20
126.4228046943
 30
0.0
 10
369.3447547542
 20
126.3970662984
 30
0.0
 10
369.2197509357
 20
126.3680152316
 30
0.0
  0
SPLINE
  5
98F
100
AcDbEntity
  8
0
100
AcDbSpline
 62
7
  6
CONTINUOUS
 70
0
 71
3
 72
15
 73
11
 74
0
 42
0.0000001
 43
0.0000001
 44
0.0000000001
 40
0.0
 40
0.0
 40
0.0
 40
0.0
 40
0.1440179509
 40
0.2855968623
 40
0.4223941306
 40
0.5525572356
 40
0.6749598913
 40
0.789446227
 40
0.8970389766
 40
1.0
 40
1.0
 40
1.0
 40
1.0
 10
371.3158766553
 20
124.088694956
 30
0.0
 10
371.246969949
 20
124.2544420274
 30
0.0
 10
371.0903029848
 20
124.5752336893
 30
0.0
 10
370.8018867936
 20
125.0172816323
 30
0.0
 10
370.4690204675
 20
125.4047472123
 30
0.0
 10
370.1015814163
 20
125.7246559904
 30
0.0
 10
369.7103227016
 20
125.9661792396
 30
0.0
 10
369.3064856142
 20
126.12049986
 30
0.0
 10
368.9024362423
 20
126.1809356812
 30
0.0
 10
368.6379064648
 20
126.1552788636
 30
0.0
 10
368.5129101515
 20
126.1262284242
 30
0.0
  0
SPLINE
  5
990
100
AcDbEntity
  8
0
100
AcDbSpline
 62
7
  6
CONTINUOUS
 70
0
 71
3
 72
16
 73
12
 74
0
 42
0.0000001
 43
0.0000001
 44
0.0000000001
 40
0.0
 40
0.0
 40
0.0
 40
0.0
 40
0.1435436892
 40
0.2847387892
 40
0.4213185572
 40
0.5514732097
 40
0.6740692386
 40
0.7888771164
 40
0.8967712774
 40
0.9488195956
 40
1.0
 40
1.0
 40
1.0
 40
1.0
 10
370.6087919956
 20
123.8468096444
 30
0.0
 10
370.5410291882
 20
124.0097834483
 30
0.0
 10
370.3872846646
 20
124.3254360411
 30
0.0
 10
370.104871234
 20
124.7612724818
 30
0.0
 10
369.7791852452
 20
125.1447546409
 30
0.0
 10
369.4196080729
 20
125.4634681744
 30
0.0
 10
369.0362625499
 20
125.7069832576
 30
0.0
 10
368.6401192839
 20
125.8668631867
 30
0.0
 10
368.3042084203
 20
125.9254967911
 30
0.0
 10
368.0440838479
 20
125.9237599853
 30
0.0
 10
367.917827713
 20
125.9072463623
 30
0.0
 10
367.8560719757
 20
125.8951411948
 30
0.0
  0
SPLINE
  5
991
100
AcDbEntity
  8
BEZUGSACHSEN
100
AcDbSpline
 62
9
  6
CONTINUOUS
 70
0
 71
3
 72
18
 73
14
 74
0
 42
0.0000001
 43
0.0000001
 44
0.0000000001
 40
0.0
 40
0.0
 40
0.0
 40
0.0
 40
0.1502293494
 40
0.2932340617
 40
0.4279927087
 40
0.5541951892
 40
0.6724137209
 40
0.7290623113
 40
0.7843906716
 40
0.8387460557
 40
0.8925190129
 40
0.9461281391
 40
1.0
 40
1.0
 40
1.0
 40
1.0
 10
377.5053290932
 20
128.4591864086
 30
0.0
 10
377.3498001933
 20
128.6753552033
 30
0.0
 10
377.0217936866
 20
129.0805188727
 30
0.0
 10
376.4722233304
 20
129.6066788461
 30
0.0
 10
375.8881902162
 20
130.0257611216
 30
0.0
 10
375.2837097107
 20
130.326844183
 30
0.0
 10
374.7668081222
 20
130.4743328957
 30
0.0
 10
374.3609492055
 20
130.522949125
 30
0.0
 10
374.0654758644
 20
130.5256758757
 30
0.0
 10
373.7766824653
 20
130.4951268634
 30
0.0
 10
373.496454402
 20
130.4313544125
 30
0.0
 10
373.2266755512
 20
130.3349031775
 30
0.0
 10
373.0557591668
 20
130.2495241015
 30
0.0
 10
372.9729588909
 20
130.2019464303
 30
0.0
  0
SPLINE
  5
992
100
AcDbEntity
  8
0
100
AcDbSpline
 62
7
  6
CONTINUOUS
 70
0
 71
3
 72
15
 73
11
 74
0
 42
0.0000001
 43
0.0000001
 44
0.0000000001
 40
0.0
 40
0.0
 40
0.0
 40
0.0
 40
0.1439053059
 40
0.2853949615
 40
0.4221453951
 40
0.5523145445
 40
0.6747737006
 40
0.7893474899
 40
0.8970204101
 40
1.0
 40
1.0
 40
1.0
 40
1.0
 10
369.9017012258
 20
123.6049091775
 30
0.0
 10
369.8330822803
 20
123.7699590495
 30
0.0
 10
369.6771627352
 20
124.0894655898
 30
0.0
 10
369.3902662131
 20
124.5299641003
 30
0.0
 10
369.059218048
 20
124.9164502511
 30
0.0
 10
368.693759624
 20
125.2360884128
 30
0.0
 10
368.3045055454
 20
125.4781553003
 30
0.0
 10
367.9025543466
 20
125.6339113028
 30
0.0
 10
367.5000981305
 20
125.6967251111
 30
0.0
 10
367.2361968446
 20
125.6732756973
 30
0.0
 10
367.1113533468
 20
125.6454283017
 30
0.0
  0
SPLINE
  5
993
100
AcDbEntity
  8
0
100
AcDbSpline
 62
7
  6
CONTINUOUS
 70
0
 71
3
 72
16
 73
12
 74
0
 42
0.0000001
 43
0.0000001
 44
0.0000000001
 40
0.0
 40
0.0
 40
0.0
 40
0.0
 40
0.1439926892
 40
0.28554607
 40
0.4223172448
 40
0.5524536427
 40
0.674829268
 40
0.7892889351
 40
0.8968568452
 40
0.9488197092
 40
1.0
 40
1.0
 40
1.0
 40
1.0
 10
369.1945722881
 20
123.3631339385
 30
0.0
 10
369.1256557063
 20
123.5289073896
 30
0.0
 10
368.9689636199
 20
123.8497485329
 30
0.0
 10
368.6804949094
 20
124.2918569638
 30
0.0
 10
368.3475587698
 20
124.6793606539
 30
0.0
 10
367.9800642007
 20
124.999287346
 30
0.0
 10
367.5886781458
 20
125.2407787903
 30
0.0
 10
367.1849569232
 20
125.3951012404
 30
0.0
 10
366.8437091927
 20
125.4458423644
 30
0.0
 10
366.5806066303
 20
125.4360729662
 30
0.0
 10
366.4533059329
 20
125.4150488627
 30
0.0
 10
366.3911547606
 20
125.4005899717
 30
0.0
  0
SPLINE
  5
994
100
AcDbEntity
  8
0
100
AcDbSpline
 62
7
  6
CONTINUOUS
 70
0
 71
3
 72
13
 73
9
 74
0
 42
0.0000001
 43
0.0000001
 44
0.0000000001
 40
0.0
 40
0.0
 40
0.0
 40
0.0
 40
0.2813211538
 40
0.5428910236
 40
0.6651444917
 40
0.7815957795
 40
0.8928514821
 40
1.0
 40
1.0
 40
1.0
 40
1.0
 10
368.0838110956
 20
123.8748330049
 30
0.0
 10
367.9449471877
 20
124.0812507911
 30
0.0
 10
367.6402061192
 20
124.4565552678
 30
0.0
 10
367.1780608795
 20
124.8296658808
 30
0.0
 10
366.785695418
 20
125.03670579
 30
0.0
 10
366.4932847976
 20
125.1415944983
 30
0.0
 10
366.2011775117
 20
125.1972493854
 30
0.0
 10
366.0068665922
 20
125.200651453
 30
0.0
 10
365.9123788038
 20
125.1935487734
 30
0.0
  0
SPLINE
  5
995
100
AcDbEntity
  8
0
100
AcDbSpline
 62
7
  6
CONTINUOUS
 70
0
 71
3
 72
9
 73
5
 74
0
 42
0.0000001
 43
0.0000001
 44
0.0000000001
 40
0.0
 40
0.0
 40
0.0
 40
0.0
 40
0.247310732
 40
1.0
 40
1.0
 40
1.0
 40
1.0
 10
375.3393897256
 20
126.2753058542
 30
0.0
 10
375.3774802769
 20
126.2233113889
 30
0.0
 10
375.5253599882
 20
126.0086251416
 30
0.0
 10
375.6487496618
 20
125.7772093194
 30
0.0
 10
375.7268940009
 20
125.5972806296
 30
0.0
  0
SPLINE
  5
996
100
AcDbEntity
  8
0
100
AcDbSpline
 62
7
  6
CONTINUOUS
 70
0
 71
3
 72
9
 73
5
 74
0
 42
0.0000001
 43
0.0000001
 44
0.0000000001
 40
0.0
 40
0.0
 40
0.0
 40
0.0
 40
0.249130726
 40
1.0
 40
1.0
 40
1.0
 40
1.0
 10
373.0066897593
 20
127.735727408
 30
0.0
 10
373.0305159004
 20
127.7438731836
 30
0.0
 10
373.127038687
 20
127.7739320714
 30
0.0
 10
373.226890128
 20
127.7931982654
 30
0.0
 10
373.3023187792
 20
127.8015699676
 30
0.0
  0
SPLINE
  5
997
100
AcDbEntity
  8
0
100
AcDbSpline
 62
7
  6
CONTINUOUS
 70
0
 71
3
 72
14
 73
10
 74
0
 42
0.0000001
 43
0.0000001
 44
0.0000000001
 40
0.0
 40
0.0
 40
0.0
 40
0.0
 40
0.1008047027
 40
0.2074808671
 40
0.3217781514
 40
0.444343823
 40
0.5748553194
 40
0.7122217562
 40
1.0
 40
1.0
 40
1.0
 40
1.0
 10
373.3185501242
 20
127.8032777182
 30
0.0
 10
373.4379648585
 20
127.8151538687
 30
0.0
 10
373.6876587082
 20
127.8082729294
 30
0.0
 10
374.060978469
 20
127.7110509607
 30
0.0
 10
374.4309001645
 20
127.5312065529
 30
0.0
 10
374.7873588559
 20
127.2746826257
 30
0.0
 10
375.1211650695
 20
126.9489219907
 30
0.0
 10
375.5298841523
 20
126.4271049085
 30
0.0
 10
375.7665716395
 20
125.9728591635
 30
0.0
 10
375.8910289573
 20
125.6536773942
 30
0.0
  0
SPLINE
  5
998
100
AcDbEntity
  8
0
100
AcDbSpline
 62
7
  6
CONTINUOUS
 70
0
 71
3
 72
11
 73
7
 74
0
 42
0.0000001
 43
0.0000001
 44
0.0000000001
 40
0.0
 40
0.0
 40
0.0
 40
0.0
 40
0.2442194039
 40
0.4908346142
 40
0.7420987855
 40
1.0
 40
1.0
 40
1.0
 40
1.0
 10
381.452198508
 20
86.125470056
 30
0.0
 10
381.0244706206
 20
85.9791916549
 30
0.0
 10
380.1439921429
 20
85.7425934018
 30
0.0
 10
378.7781919875
 20
85.5642193017
 30
0.0
 10
377.3756378503
 20
85.5627131985
 30
0.0
 10
376.4375616517
 20
85.6775738482
 30
0.0
 10
375.9678089383
 20
85.7625358248
 30
0.0
  0
SPLINE
  5
999
100
AcDbEntity
  8
0
100
AcDbSpline
 62
7
  6
CONTINUOUS
 70
0
 71
3
 72
11
 73
7
 74
0
 42
0.0000001
 43
0.0000001
 44
0.0000000001
 40
0.0
 40
0.0
 40
0.0
 40
0.0
 40
0.2579219196
 40
0.5091875019
 40
0.75579434
 40
1.0
 40
1.0
 40
1.0
 40
1.0
 10
362.0027785608
 20
126.5725962309
 30
0.0
 10
362.3224457524
 20
126.9282148634
 30
0.0
 10
362.9943776439
 20
127.5950259236
 30
0.0
 10
364.1056220278
 20
128.4544948878
 30
0.0
 10
365.2962682087
 20
129.1513329424
 30
0.0
 10
366.1385693296
 20
129.5039703466
 30
0.0
 10
366.5669565796
 20
129.6504742427
 30
0.0
  0
LINE
  5
99A
100
AcDbEntity
  8
0
100
AcDbLine
 62
7
  6
CONTINUOUS
 10
367.2534937717
 20
129.8585017837
 11
367.2795618793
 21
129.8653697853
  0
SPLINE
  5
99B
100
AcDbEntity
  8
0
100
AcDbSpline
 62
7
  6
CONTINUOUS
 70
0
 71
3
 72
23
 73
19
 74
0
 42
0.0000001
 43
0.0000001
 44
0.0000000001
 40
0.0
 40
0.0
 40
0.0
 40
0.0
 40
0.0476592024
 40
0.0965595649
 40
0.147443994
 40
0.2008580386
 40
0.2571287279
 40
0.3163721897
 40
0.3785168484
 40
0.4433324576
 40
0.5104596941
 40
0.5794382306
 40
0.6497331385
 40
0.7207588026
 40
0.7919043236
 40
0.8625494094
 40
0.9321045571
 40
1.0
 40
1.0
 40
1.0
 40
1.0
 10
367.2795618793
 20
129.8653697853
 30
0.0
 10
367.899116342
 20
130.0277232239
 30
0.0
 10
369.1885620866
 20
130.2379542137
 30
0.0
 10
371.1793486919
 20
130.1965697182
 30
0.0
 10
373.2098780776
 20
129.8047612007
 30
0.0
 10
375.2474251947
 20
129.0712138988
 30
0.0
 10
377.2614900833
 20
128.0094653678
 30
0.0
 10
379.2220462967
 20
126.6371168844
 30
0.0
 10
381.0999347387
 20
124.9758959981
 30
0.0
 10
382.8670078775
 20
123.0515725334
 30
0.0
 10
384.4965781865
 20
120.89378446
 30
0.0
 10
385.9638848456
 20
118.5357099429
 30
0.0
 10
387.2465093074
 20
116.0136060538
 30
0.0
 10
388.3248288242
 20
113.3662573645
 30
0.0
 10
389.1822058352
 20
110.6344357204
 30
0.0
 10
389.805577339
 20
107.8600206816
 30
0.0
 10
390.1851180938
 20
105.0860591101
 30
0.0
 10
390.2730335111
 20
103.2379631554
 30
0.0
 10
390.2730335111
 20
102.3255426085
 30
0.0
  0
SPLINE
  5
99C
100
AcDbEntity
  8
0
100
AcDbSpline
 62
7
  6
CONTINUOUS
 70
0
 71
3
 72
17
 73
13
 74
0
 42
0.0000001
 43
0.0000001
 44
0.0000000001
 40
0.0
 40
0.0
 40
0.0
 40
0.0
 40
0.1468076628
 40
0.2876222286
 40
0.421755244
 40
0.5489334954
 40
0.6693321782
 40
0.783666554
 40
0.8389929446
 40
0.8933269679
 40
0.9469087322
 40
1.0
 40
1.0
 40
1.0
 40
1.0
 10
390.2730335111
 20
102.3255426085
 30
0.0
 10
390.2730335111
 20
101.4002913041
 30
0.0
 10
390.1855756885
 20
99.5860021603
 30
0.0
 10
389.7773642639
 20
96.954174974
 30
0.0
 10
389.1005799842
 20
94.5053073661
 30
0.0
 10
388.1653547241
 20
92.2807601634
 30
0.0
 10
386.9859267041
 20
90.3186042849
 30
0.0
 10
385.8000188981
 20
88.9147667395
 30
0.0
 10
384.7521281267
 20
87.966286582
 30
0.0
 10
383.9280303887
 20
87.3477714119
 30
0.0
 10
383.0612257958
 20
86.8173587375
 30
0.0
 10
382.455286025
 20
86.5231781729
 30
0.0
 10
382.1474458826
 20
86.3920453996
 30
0.0
  0
SPLINE
  5
99D
100
AcDbEntity
  8
0
100
AcDbSpline
 62
7
  6
CONTINUOUS
 70
0
 71
3
 72
9
 73
5
 74
0
 42
0.0000001
 43
0.0000001
 44
0.0000000001
 40
0.0
 40
0.0
 40
0.0
 40
0.0
 40
0.5051174507
 40
1.0
 40
1.0
 40
1.0
 40
1.0
 10
328.6161506188
 20
100.2274079595
 30
0.0
 10
328.6822603151
 20
100.2234966072
 30
0.0
 10
328.81418723
 20
100.2276975997
 30
0.0
 10
328.9428597379
 20
100.2575845558
 30
0.0
 10
329.0042532906
 20
100.2785771619
 30
0.0
  0
SPLINE
  5
99E
100
AcDbEntity
  8
0
100
AcDbSpline
 62
7
  6
CONTINUOUS
 70
0
 71
3
 72
11
 73
7
 74
0
 42
0.0000001
 43
0.0000001
 44
0.0000000001
 40
0.0
 40
0.0
 40
0.0
 40
0.0
 40
0.218359389
 40
0.4044127142
 40
0.6030742608
 40
1.0
 40
1.0
 40
1.0
 40
1.0
 10
328.4719008354
 20
94.6157455543
 30
0.0
 10
328.4319722771
 20
94.6294019255
 30
0.0
 10
328.364240912
 20
94.673275602
 30
0.0
 10
328.2878861064
 20
94.7622581266
 30
0.0
 10
328.2149020323
 20
94.8953110452
 30
0.0
 10
328.1890581229
 20
95.0116520436
 30
0.0
 10
328.1890581229
 20
95.0883605077
 30
0.0
  0
SPLINE
  5
99F
100
AcDbEntity
  8
0
100
AcDbSpline
 62
7
  6
CONTINUOUS
 70
0
 71
3
 72
9
 73
5
 74
0
 42
0.0000001
 43
0.0000001
 44
0.0000000001
 40
0.0
 40
0.0
 40
0.0
 40
0.0
 40
0.2702988255
 40
1.0
 40
1.0
 40
1.0
 40
1.0
 10
328.1890581229
 20
100.061855578
 30
0.0
 10
328.1890581229
 20
100.0794892768
 30
0.0
 10
328.1925074276
 20
100.144533774
 30
0.0
 10
328.2106052775
 20
100.2098933239
 30
0.0
 10
328.2346888526
 20
100.2509558518
 30
0.0
  0
SPLINE
  5
9A0
100
AcDbEntity
  8
RUNDUNGEN
100
AcDbSpline
 62
7
  6
CONTINUOUS
 70
0
 71
3
 72
9
 73
5
 74
0
 42
0.0000001
 43
0.0000001
 44
0.0000000001
 40
0.0
 40
0.0
 40
0.0
 40
0.0
 40
0.274384797
 40
1.0
 40
1.0
 40
1.0
 40
1.0
 10
329.3597441052
 20
102.5765569723
 30
0.0
 10
329.3584852653
 20
102.5769875209
 30
0.0
 10
329.3538865762
 20
102.5785246896
 30
0.0
 10
329.3492462707
 20
102.5799383823
 30
0.0
 10
329.3458568026
 20
102.5808819372
 30
0.0
  0
SPLINE
  5
9A1
100
AcDbEntity
  8
RUNDUNGEN
100
AcDbSpline
 62
7
  6
CONTINUOUS
 70
0
 71
3
 72
10
 73
6
 74
0
 42
0.0000001
 43
0.0000001
 44
0.0000000001
 40
0.0
 40
0.0
 40
0.0
 40
0.0
 40
0.1474051669
 40
0.3688495347
 40
1.0
 40
1.0
 40
1.0
 40
1.0
 10
346.7378209342
 20
86.7907882101
 30
0.0
 10
346.7560016889
 20
86.8151968953
 30
0.0
 10
346.7938859962
 20
86.8819145382
 30
0.0
 10
346.8634274071
 20
87.0770711755
 30
0.0
 10
346.881607334
 20
87.2554157952
 30
0.0
 10
346.881607334
 20
87.3857329534
 30
0.0
  0
SPLINE
  5
9A2
100
AcDbEntity
  8
RUNDUNGEN
100
AcDbSpline
 62
7
  6
CONTINUOUS
 70
0
 71
3
 72
13
 73
9
 74
0
 42
0.0000001
 43
0.0000001
 44
0.0000000001
 40
0.0
 40
0.0
 40
0.0
 40
0.0
 40
0.2650368418
 40
0.5449375755
 40
0.6792270263
 40
0.8032870983
 40
0.9119400424
 40
1.0
 40
1.0
 40
1.0
 40
1.0
 10
346.881607334
 20
92.3592280238
 30
0.0
 10
346.881607334
 20
92.5264422592
 30
0.0
 10
346.8352382197
 20
92.8708236154
 30
0.0
 10
346.6870894396
 20
93.276691613
 30
0.0
 10
346.5181866791
 20
93.5720807382
 30
0.0
 10
346.3795779636
 20
93.7583553981
 30
0.0
 10
346.2382664688
 20
93.9040386409
 30
0.0
 10
346.1393214289
 20
93.9800051653
 30
0.0
 10
346.0922058302
 20
94.0094465584
 30
0.0
  0
SPLINE
  5
9A3
100
AcDbEntity
  8
RUNDUNGEN
100
AcDbSpline
 62
7
  6
CONTINUOUS
 70
0
 71
3
 72
9
 73
5
 74
0
 42
0.0000001
 43
0.0000001
 44
0.0000000001
 40
0.0
 40
0.0
 40
0.0
 40
0.0
 40
0.4984024904
 40
1.0
 40
1.0
 40
1.0
 40
1.0
 10
345.6062306242
 20
94.3131206598
 30
0.0
 10
345.5015035079
 20
94.3785620908
 30
0.0
 10
345.3096243237
 20
94.5410390938
 30
0.0
 10
345.1676752819
 20
94.7477600314
 30
0.0
 10
345.1103997439
 20
94.8580596895
 30
0.0
  0
SPLINE
  5
9A4
100
AcDbEntity
  8
RUNDUNGEN
100
AcDbSpline
 62
7
  6
CONTINUOUS
 70
0
 71
3
 72
11
 73
7
 74
0
 42
0.0000001
 43
0.0000001
 44
0.0000000001
 40
0.0
 40
0.0
 40
0.0
 40
0.0
 40
0.3411342618
 40
0.6371998741
 40
0.8634731603
 40
1.0
 40
1.0
 40
1.0
 40
1.0
 10
343.8879854536
 20
97.2121515576
 30
0.0
 10
343.8453879819
 20
97.2941845987
 30
0.0
 10
343.7549222346
 20
97.4421209934
 30
0.0
 10
343.6025759396
 20
97.6211818082
 30
0.0
 10
343.4641880818
 20
97.7353543326
 30
0.0
 10
343.3767063221
 20
97.7824735459
 30
0.0
 10
343.3417037348
 20
97.7944451358
 30
0.0
  0
SPLINE
  5
9A5
100
AcDbEntity
  8
RUNDUNGEN
100
AcDbSpline
 62
7
  6
CONTINUOUS
 70
0
 71
3
 72
18
 73
14
 74
0
 42
0.0000001
 43
0.0000001
 44
0.0000000001
 40
0.0
 40
0.0
 40
0.0
 40
0.0
 40
0.1592749103
 40
0.3153959037
 40
0.4640530001
 40
0.6012351551
 40
0.7236328858
 40
0.7786955628
 40
0.8295344832
 40
0.8763321683
 40
0.9197830344
 40
0.9607171683
 40
1.0
 40
1.0
 40
1.0
 40
1.0
 10
339.7259781045
 20
78.9018674828
 30
0.0
 10
339.6205822407
 20
79.2547947939
 30
0.0
 10
339.3652695327
 20
79.9407153474
 30
0.0
 10
338.8592735453
 20
80.8906283416
 30
0.0
 10
338.2549719555
 20
81.7196065478
 30
0.0
 10
337.5847591627
 20
82.3901947123
 30
0.0
 10
336.9828561696
 20
82.8084732898
 30
0.0
 10
336.504497668
 20
83.0343124536
 30
0.0
 10
336.1688663717
 20
83.146931933
 30
0.0
 10
335.8478264759
 20
83.2103804377
 30
0.0
 10
335.543836602
 20
83.2269867818
 30
0.0
 10
335.2580707296
 20
83.1998946782
 30
0.0
 10
335.0774929967
 20
83.1536806494
 30
0.0
 10
334.9915384961
 20
83.1242824788
 30
0.0
  0
SPLINE
  5
9A6
100
AcDbEntity
  8
RUNDUNGEN
100
AcDbSpline
 62
7
  6
CONTINUOUS
 70
0
 71
3
 72
24
 73
20
 74
0
 42
0.0000001
 43
0.0000001
 44
0.0000000001
 40
0.0
 40
0.0
 40
0.0
 40
0.0
 40
0.0249878582
 40
0.0500941349
 40
0.1010547666
 40
0.1537532121
 40
0.2088260365
 40
0.2666796784
 40
0.3274618419
 40
0.3910692181
 40
0.4571784828
 40
0.5252884186
 40
0.5947666284
 40
0.6648954982
 40
0.7349185074
 40
0.8040854116
 40
0.8716975913
 40
0.9371546454
 40
1.0
 40
1.0
 40
1.0
 40
1.0
 10
330.9201517886
 20
111.643752512
 30
0.0
 10
330.6416678105
 20
111.5448582873
 30
0.0
 10
330.0935554382
 20
111.3163832322
 30
0.0
 10
329.0437225615
 20
110.7414712123
 30
0.0
 10
327.8303395237
 20
109.8022307069
 30
0.0
 10
326.5902908882
 20
108.3789299472
 30
0.0
 10
325.5770027908
 20
106.692013779
 30
0.0
 10
324.8037352809
 20
104.7807242288
 30
0.0
 10
324.2784923289
 20
102.683987635
 30
0.0
 10
324.0064025258
 20
100.4421935752
 30
0.0
 10
323.9894148698
 20
98.0979903003
 30
0.0
 10
324.2258680769
 20
95.6963400071
 30
0.0
 10
324.7099900212
 20
93.2838987104
 30
0.0
 10
325.4316650946
 20
90.9080420279
 30
0.0
 10
326.3764781507
 20
88.615728993
 30
0.0
 10
327.5259660492
 20
86.4524079418
 30
0.0
 10
328.8583186502
 20
84.460807984
 30
0.0
 10
330.3484203437
 20
82.6806681552
 30
0.0
 10
331.454206186
 20
81.6349700596
 30
0.0
 10
332.0265669345
 20
81.1608158593
 30
0.0
  0
SPLINE
  5
9A7
100
AcDbEntity
  8
RUNDUNGEN
100
AcDbSpline
 62
7
  6
CONTINUOUS
 70
0
 71
3
 72
11
 73
7
 74
0
 42
0.0000001
 43
0.0000001
 44
0.0000000001
 40
0.0
 40
0.0
 40
0.0
 40
0.0
 40
0.2110914808
 40
0.4410623858
 40
0.7022899026
 40
1.0
 40
1.0
 40
1.0
 40
1.0
 10
338.3571404982
 20
107.1128548843
 30
0.0
 10
338.4998557795
 20
107.1616663853
 30
0.0
 10
338.7856304819
 20
107.3039622496
 30
0.0
 10
339.1679856861
 20
107.6360116168
 30
0.0
 10
339.5029376326
 20
108.0944159135
 30
0.0
 10
339.6731824024
 20
108.4584505433
 30
0.0
 10
339.7479267034
 20
108.6576102898
 30
0.0
  0
SPLINE
  5
9A8
100
AcDbEntity
  8
0
100
AcDbSpline
 62
7
  6
CONTINUOUS
 70
0
 71
3
 72
9
 73
5
 74
0
 42
0.0000001
 43
0.0000001
 44
0.0000000001
 40
0.0
 40
0.0
 40
0.0
 40
0.0
 40
0.2477472124
 40
1.0
 40
1.0
 40
1.0
 40
1.0
 10
328.0596176284
 20
100.2468384319
 30
0.0
 10
328.0652005903
 20
100.2487418817
 30
0.0
 10
328.0881082563
 20
100.2553054161
 30
0.0
 10
328.1122965623
 20
100.2572182719
 30
0.0
 10
328.1301754128
 20
100.2561604773
 30
0.0
  0
SPLINE
  5
9A9
100
AcDbEntity
  8
0
100
AcDbSpline
 62
7
  6
CONTINUOUS
 70
0
 71
3
 72
9
 73
5
 74
0
 42
0.0000001
 43
0.0000001
 44
0.0000000001
 40
0.0
 40
0.0
 40
0.0
 40
0.0
 40
0.248746078
 40
1.0
 40
1.0
 40
1.0
 40
1.0
 10
329.2868564281
 20
100.3752331828
 30
0.0
 10
329.307205346
 20
100.382185257
 30
0.0
 10
329.3880684763
 20
100.4128372594
 30
0.0
 10
329.4647679091
 20
100.4543480088
 30
0.0
 10
329.518668773
 20
100.4905766838
 30
0.0
  0
SPLINE
  5
9AA
100
AcDbEntity
  8
0
100
AcDbSpline
 62
7
  6
CONTINUOUS
 70
0
 71
3
 72
9
 73
5
 74
0
 42
0.0000001
 43
0.0000001
 44
0.0000000001
 40
0.0
 40
0.0
 40
0.0
 40
0.0
 40
0.2450780001
 40
1.0
 40
1.0
 40
1.0
 40
1.0
 10
329.563579109
 20
100.5225311285
 30
0.0
 10
329.5821315224
 20
100.5364824612
 30
0.0
 10
329.6559485704
 20
100.5958899959
 30
0.0
 10
329.7219756924
 20
100.6648197456
 30
0.0
 10
329.7668239104
 20
100.7205092242
 30
0.0
  0
SPLINE
  5
9AB
100
AcDbEntity
  8
0
100
AcDbSpline
 62
7
  6
CONTINUOUS
 70
0
 71
3
 72
11
 73
7
 74
0
 42
0.0000001
 43
0.0000001
 44
0.0000000001
 40
0.0
 40
0.0
 40
0.0
 40
0.0
 40
0.218359389
 40
0.4044127142
 40
0.6030742608
 40
1.0
 40
1.0
 40
1.0
 40
1.0
 10
328.1890581229
 20
94.5190076492
 30
0.0
 10
328.1491295647
 20
94.5326640204
 30
0.0
 10
328.0813981996
 20
94.5765376969
 30
0.0
 10
328.0050433939
 20
94.6655202215
 30
0.0
 10
327.9320593199
 20
94.7985731401
 30
0.0
 10
327.9062154104
 20
94.9149141385
 30
0.0
 10
327.9062154104
 20
94.9916226026
 30
0.0
  0
SPLINE
  5
9AC
100
AcDbEntity
  8
0
100
AcDbSpline
 62
7
  6
CONTINUOUS
 70
0
 71
3
 72
11
 73
7
 74
0
 42
0.0000001
 43
0.0000001
 44
0.0000000001
 40
0.0
 40
0.0
 40
0.0
 40
0.0
 40
0.2893885598
 40
0.5509515599
 40
0.7843568223
 40
1.0
 40
1.0
 40
1.0
 40
1.0
 10
327.9062154104
 20
99.9651176729
 30
0.0
 10
327.9062154104
 20
99.9979728215
 30
0.0
 10
327.9123488902
 20
100.0608068239
 30
0.0
 10
327.9422270163
 20
100.1458096938
 30
0.0
 10
327.9913848334
 20
100.2116982022
 30
0.0
 10
328.0364447961
 20
100.2389379084
 30
0.0
 10
328.0596176284
 20
100.2468384319
 30
0.0
  0
LINE
  5
9AD
100
AcDbEntity
  8
RUNDUNGEN
100
AcDbLine
 62
9
  6
CONTINUOUS
 10
333.3112608387
 20
81.3297995236
 11
337.2112662608
 21
82.6366179532
  0
SPLINE
  5
9AE
100
AcDbEntity
  8
RUNDUNGEN
100
AcDbSpline
 62
9
  6
CONTINUOUS
 70
0
 71
3
 72
11
 73
7
 74
0
 42
0.0000001
 43
0.0000001
 44
0.0000000001
 40
0.0
 40
0.0
 40
0.0
 40
0.0
 40
0.2730523892
 40
0.5277331949
 40
0.7678834365
 40
1.0
 40
1.0
 40
1.0
 40
1.0
 10
333.3112608387
 20
81.3297995236
 30
0.0
 10
333.3923703635
 20
81.5459197118
 30
0.0
 10
333.5839037756
 20
81.9520235542
 30
0.0
 10
333.9727228176
 20
82.4777475933
 30
0.0
 10
334.4433781265
 20
82.8815584365
 30
0.0
 10
334.8058717699
 20
83.0607623166
 30
0.0
 10
334.9915436047
 20
83.1242675424
 30
0.0
  0
SPLINE
  5
9AF
100
AcDbEntity
  8
RUNDUNGEN
100
AcDbSpline
 62
9
  6
CONTINUOUS
 70
0
 71
3
 72
28
 73
24
 74
0
 42
0.0000001
 43
0.0000001
 44
0.0000000001
 40
0.0
 40
0.0
 40
0.0
 40
0.0
 40
0.0240992001
 40
0.0480996659
 40
0.0721591696
 40
0.0964536065
 40
0.1211495592
 40
0.1463913031
 40
0.1989238777
 40
0.2264497984
 40
0.2548695501
 40
0.2842080718
 40
0.3144679343
 40
0.3776249947
 40
0.4440241463
 40
0.5130776695
 40
0.5840301683
 40
0.6560156399
 40
0.7281108918
 40
0.7993864187
 40
0.8689588998
 40
0.9360398172
 40
1.0
 40
1.0
 40
1.0
 40
1.0
 10
331.9574081615
 20
110.8072788421
 30
0.0
 10
331.6804876302
 20
110.7672975663
 30
0.0
 10
331.1317446609
 20
110.6562917653
 30
0.0
 10
330.3332931393
 20
110.3968904123
 30
0.0
 10
329.5677799134
 20
110.046484382
 30
0.0
 10
328.840040853
 20
109.6075416949
 30
0.0
 10
328.1542903799
 20
109.0826319996
 30
0.0
 10
327.2901685614
 20
108.2622947741
 30
0.0
 10
326.5376485348
 20
107.2874712987
 30
0.0
 10
325.9065635582
 20
106.1964342396
 30
0.0
 10
325.4841586318
 20
105.2995529005
 30
0.0
 10
325.1228598163
 20
104.3426041023
 30
0.0
 10
324.7195264036
 20
102.9745215585
 30
0.0
 10
324.3851151644
 20
101.1433249095
 30
0.0
 10
324.2560567631
 20
98.8358633913
 30
0.0
 10
324.3956014428
 20
96.4386566814
 30
0.0
 10
324.8003377984
 20
94.0064337195
 30
0.0
 10
325.4608720016
 20
91.5944278675
 30
0.0
 10
326.3621172904
 20
89.2576514978
 30
0.0
 10
327.4834983433
 20
87.0494178397
 30
0.0
 10
328.7997374258
 20
85.0200029472
 30
0.0
 10
330.2806857698
 20
83.2159793237
 30
0.0
 10
331.3855640332
 20
82.1627767559
 30
0.0
 10
331.9574081615
 20
81.6890505333
 30
0.0
  0
SPLINE
  5
9B0
100
AcDbEntity
  8
RUNDUNGEN
100
AcDbSpline
 62
9
  6
CONTINUOUS
 70
0
 71
3
 72
23
 73
19
 74
0
 42
0.0000001
 43
0.0000001
 44
0.0000000001
 40
0.0
 40
0.0
 40
0.0
 40
0.0
 40
0.0609861691
 40
0.1184480972
 40
0.1728712173
 40
0.2251771849
 40
0.2765455525
 40
0.3283071664
 40
0.3817317522
 40
0.4378475724
 40
0.4671690055
 40
0.4973883297
 40
0.5605762965
 40
0.6274469053
 40
0.6977099192
 40
0.770852166
 40
0.8461803389
 40
1.0
 40
1.0
 40
1.0
 40
1.0
 10
339.9770572704
 20
108.0643973045
 30
0.0
 10
339.894405333
 20
107.8441672846
 30
0.0
 10
339.7034729986
 20
107.4268183377
 30
0.0
 10
339.3295916511
 20
106.8708328739
 30
0.0
 10
338.8832054837
 20
106.4159869131
 30
0.0
 10
338.373304822
 20
106.0733676154
 30
0.0
 10
337.8109384234
 20
105.8520533578
 30
0.0
 10
337.2097626677
 20
105.7576228308
 30
0.0
 10
336.5843557171
 20
105.79140181
 30
0.0
 10
336.0618573863
 20
105.9227323378
 30
0.0
 10
335.6461140145
 20
106.085534674
 30
0.0
 10
335.2202409295
 20
106.2932870244
 30
0.0
 10
334.6976437531
 20
106.6279138039
 30
0.0
 10
334.1072101617
 20
107.129401446
 30
0.0
 10
333.5556403454
 20
107.7264703608
 30
0.0
 10
333.0540424089
 20
108.4069494779
 30
0.0
 10
332.4616523422
 20
109.4128046202
 30
0.0
 10
332.1271774583
 20
110.2387914344
 30
0.0
 10
331.9574081615
 20
110.8072788421
 30
0.0
  0
SPLINE
  5
9B1
100
AcDbEntity
  8
RUNDUNGEN
100
AcDbSpline
 62
9
  6
CONTINUOUS
 70
0
 71
3
 72
22
 73
18
 74
0
 42
0.0000001
 43
0.0000001
 44
0.0000000001
 40
0.0
 40
0.0
 40
0.0
 40
0.0
 40
0.0497463615
 40
0.0994158681
 40
0.1497665262
 40
0.2015221182
 40
0.2552687964
 40
0.3114409781
 40
0.3703054218
 40
0.4319685174
 40
0.4963922349
 40
0.5634133111
 40
0.6327632735
 40
0.7040887006
 40
0.7769697549
 40
0.8509371727
 40
1.0
 40
1.0
 40
1.0
 40
1.0
 10
339.9770572704
 20
78.9461689957
 30
0.0
 10
340.3834643676
 20
79.0048453032
 30
0.0
 10
341.1876682729
 20
79.1896843824
 30
0.0
 10
342.3335699963
 20
79.6683956033
 30
0.0
 10
343.3975771694
 20
80.3405497297
 30
0.0
 10
344.3653341957
 20
81.195960459
 30
0.0
 10
345.2249598935
 20
82.2227413815
 30
0.0
 10
345.9663422288
 20
83.4070146302
 30
0.0
 10
346.5810508919
 20
84.7335075186
 30
0.0
 10
347.0621178789
 20
86.1855456794
 30
0.0
 10
347.4040711122
 20
87.7451054982
 30
0.0
 10
347.6029802359
 20
89.3929030661
 30
0.0
 10
347.6566024086
 20
91.1085768837
 30
0.0
 10
347.5644214063
 20
92.8708311595
 30
0.0
 10
347.327600003
 20
94.6580515994
 30
0.0
 10
346.8219933791
 20
97.0492963069
 30
0.0
 10
346.2389481966
 20
98.8050244749
 30
0.0
 10
345.7654320204
 20
99.9406682858
 30
0.0
  0
SPLINE
  5
9B2
100
AcDbEntity
  8
RUNDUNGEN
100
AcDbSpline
 62
9
  6
CONTINUOUS
 70
0
 71
3
 72
11
 73
7
 74
0
 42
0.0000001
 43
0.0000001
 44
0.0000000001
 40
0.0
 40
0.0
 40
0.0
 40
0.0
 40
0.2621826834
 40
0.5183438292
 40
0.765165057
 40
1.0
 40
1.0
 40
1.0
 40
1.0
 10
345.7654320204
 20
99.9406682858
 30
0.0
 10
345.426939157
 20
100.752482844
 30
0.0
 10
344.6713353795
 20
102.3231248283
 30
0.0
 10
343.306653518
 20
104.5036393622
 30
0.0
 10
341.7529415627
 20
106.4378978009
 30
0.0
 10
340.583735163
 20
107.5618141491
 30
0.0
 10
339.9770572704
 20
108.0643973045
 30
0.0
  0
SPLINE
  5
9B3
100
AcDbEntity
  8
RUNDUNGEN
100
AcDbSpline
 62
9
  6
CONTINUOUS
 70
0
 71
3
 72
11
 73
7
 74
0
 42
0.0000001
 43
0.0000001
 44
0.0000000001
 40
0.0
 40
0.0
 40
0.0
 40
0.0
 40
0.2546599175
 40
0.4981889212
 40
0.7425721588
 40
1.0
 40
1.0
 40
1.0
 40
1.0
 10
328.7653007068
 20
102.3969483739
 30
0.0
 10
328.7996623733
 20
102.4396163634
 30
0.0
 10
328.8780613636
 20
102.5150879963
 30
0.0
 10
329.0230561554
 20
102.588024012
 30
0.0
 10
329.1841752611
 20
102.6119780262
 30
0.0
 10
329.2924984769
 20
102.5956908488
 30
0.0
 10
329.3458573003
 20
102.5808680814
 30
0.0
  0
SPLINE
  5
9B4
100
AcDbEntity
  8
RUNDUNGEN
100
AcDbSpline
 62
9
  6
CONTINUOUS
 70
0
 71
3
 72
11
 73
7
 74
0
 42
0.0000001
 43
0.0000001
 44
0.0000000001
 40
0.0
 40
0.0
 40
0.0
 40
0.0
 40
0.2492950298
 40
0.4936849627
 40
0.7414035463
 40
1.0
 40
1.0
 40
1.0
 40
1.0
 10
327.0471036368
 20
100.6525987729
 30
0.0
 10
327.0940486098
 20
100.6498212932
 30
0.0
 10
327.1880913713
 20
100.6549016416
 30
0.0
 10
327.3229579896
 20
100.6970881063
 30
0.0
 10
327.4444724399
 20
100.7724884977
 30
0.0
 10
327.5122894988
 20
100.8410439476
 30
0.0
 10
327.5428864165
 20
100.8790371273
 30
0.0
  0
SPLINE
  5
9B5
100
AcDbEntity
  8
RUNDUNGEN
100
AcDbSpline
 62
9
  6
CONTINUOUS
 70
0
 71
3
 72
14
 73
10
 74
0
 42
0.0000001
 43
0.0000001
 44
0.0000000001
 40
0.0
 40
0.0
 40
0.0
 40
0.0
 40
0.2932774086
 40
0.4267876075
 40
0.5511374361
 40
0.6676423614
 40
0.7788334295
 40
0.888393476
 40
1.0
 40
1.0
 40
1.0
 40
1.0
 10
325.8090918036
 20
99.7040569226
 30
0.0
 10
325.8090918037
 20
99.8394945671
 30
0.0
 10
325.8327684685
 20
100.0388123958
 30
0.0
 10
325.9232905776
 20
100.2778177595
 30
0.0
 10
326.0137412249
 20
100.4265095127
 30
0.0
 10
326.1264905146
 20
100.5455445735
 30
0.0
 10
326.2588791911
 20
100.6307128466
 30
0.0
 10
326.406491985
 20
100.6784737076
 30
0.0
 10
326.5096776964
 20
100.6843953517
 30
0.0
 10
326.5611284308
 20
100.6813512907
 30
0.0
  0
SPLINE
  5
9B6
100
AcDbEntity
  8
RUNDUNGEN
100
AcDbSpline
 62
9
  6
CONTINUOUS
 70
0
 71
3
 72
12
 73
8
 74
0
 42
0.0000001
 43
0.0000001
 44
0.0000000001
 40
0.0
 40
0.0
 40
0.0
 40
0.0
 40
0.2180029195
 40
0.3402273693
 40
0.4691859174
 40
0.7369663675
 40
1.0
 40
1.0
 40
1.0
 40
1.0
 10
326.7588510343
 20
93.1435652824
 30
0.0
 10
326.6247798484
 20
93.1894203287
 30
0.0
 10
326.4328112775
 20
93.3137951214
 30
0.0
 10
326.2238331362
 20
93.5362552614
 30
0.0
 10
326.0308399931
 20
93.8144788692
 30
0.0
 10
325.8611040209
 20
94.213572154
 30
0.0
 10
325.8090918036
 20
94.559597057
 30
0.0
 10
325.8090918036
 20
94.7305618523
 30
0.0
  0
SPLINE
  5
9B7
100
AcDbEntity
  8
RUNDUNGEN
100
AcDbSpline
 62
9
  6
CONTINUOUS
 70
0
 71
3
 72
23
 73
19
 74
0
 42
0.0000001
 43
0.0000001
 44
0.0000000001
 40
0.0
 40
0.0
 40
0.0
 40
0.0
 40
0.0609861693
 40
0.1184480973
 40
0.1728712173
 40
0.2251771849
 40
0.2765455525
 40
0.3283071664
 40
0.3817317522
 40
0.4378475724
 40
0.4671690055
 40
0.4973883297
 40
0.5605762965
 40
0.6274469053
 40
0.6977099193
 40
0.7708521659
 40
0.8461803387
 40
1.0
 40
1.0
 40
1.0
 40
1.0
 10
331.9574081615
 20
81.6890505333
 30
0.0
 10
332.0400600991
 20
81.9092805536
 30
0.0
 10
332.2309924344
 20
82.3266295009
 30
0.0
 10
332.6048737813
 20
82.8826149652
 30
0.0
 10
333.0512599489
 20
83.337460925
 30
0.0
 10
333.5611606099
 20
83.6800802225
 30
0.0
 10
334.1235270084
 20
83.9013944799
 30
0.0
 10
334.7247027641
 20
83.995825007
 30
0.0
 10
335.3501097148
 20
83.9620460277
 30
0.0
 10
335.8726080456
 20
83.8307155
 30
0.0
 10
336.2883514175
 20
83.6679131638
 30
0.0
 10
336.7142245026
 20
83.4601608134
 30
0.0
 10
337.2368216789
 20
83.1255340339
 30
0.0
 10
337.8272552703
 20
82.6240463916
 30
0.0
 10
338.3788250866
 20
82.026977477
 30
0.0
 10
338.8804230225
 20
81.3464983606
 30
0.0
 10
339.4728130896
 20
80.3406432187
 30
0.0
 10
339.8072879734
 20
79.5146564042
 30
0.0
 10
339.9770572704
 20
78.9461689957
 30
0.0
  0
SPLINE
  5
9B8
100
AcDbEntity
  8
RUNDUNGEN
100
AcDbSpline
 62
9
  6
CONTINUOUS
 70
0
 71
3
 72
10
 73
6
 74
0
 42
0.0000001
 43
0.0000001
 44
0.0000000001
 40
0.0
 40
0.0
 40
0.0
 40
0.0
 40
0.4625530492
 40
0.7242647808
 40
1.0
 40
1.0
 40
1.0
 40
1.0
 10
342.9582125308
 20
98.4987890215
 30
0.0
 10
343.1872025958
 20
98.4204698063
 30
0.0
 10
343.5123317125
 20
98.1969397194
 30
0.0
 10
343.8535168608
 20
97.8000375995
 30
0.0
 10
344.0018747326
 20
97.5591859723
 30
0.0
 10
344.0683597379
 20
97.4311509751
 30
0.0
  0
SPLINE
  5
9B9
100
AcDbEntity
  8
RUNDUNGEN
100
AcDbSpline
 62
9
  6
CONTINUOUS
 70
0
 71
3
 72
11
 73
7
 74
0
 42
0.0000001
 43
0.0000001
 44
0.0000000001
 40
0.0
 40
0.0
 40
0.0
 40
0.0
 40
0.2532966189
 40
0.4953184793
 40
0.7398946712
 40
1.0
 40
1.0
 40
1.0
 40
1.0
 10
327.866105694
 20
102.9726482254
 30
0.0
 10
327.9311877629
 20
103.053462729
 30
0.0
 10
328.0808319865
 20
103.1957155978
 30
0.0
 10
328.3603270789
 20
103.3265512111
 30
0.0
 10
328.6699030932
 20
103.3583137189
 30
0.0
 10
328.8754348998
 20
103.3153826453
 30
0.0
 10
328.9762529012
 20
103.280900858
 30
0.0
  0
SPLINE
  5
9BA
100
AcDbEntity
  8
RUNDUNGEN
100
AcDbSpline
 62
9
  6
CONTINUOUS
 70
0
 71
3
 72
9
 73
5
 74
0
 42
0.0000001
 43
0.0000001
 44
0.0000000001
 40
0.0
 40
0.0
 40
0.0
 40
0.0
 40
0.4935004825
 40
1.0
 40
1.0
 40
1.0
 40
1.0
 10
326.5054184475
 20
101.391583715
 30
0.0
 10
326.5311516071
 20
101.3900612235
 30
0.0
 10
326.5851367129
 20
101.3993005003
 30
0.0
 10
326.6270969023
 20
101.4341310512
 30
0.0
 10
326.6436914037
 20
101.4547369788
 30
0.0
  0
SPLINE
  5
9BB
100
AcDbEntity
  8
RUNDUNGEN
100
AcDbSpline
 62
9
  6
CONTINUOUS
 70
0
 71
3
 72
14
 73
10
 74
0
 42
0.0000001
 43
0.0000001
 44
0.0000000001
 40
0.0
 40
0.0
 40
0.0
 40
0.0
 40
0.2932606126
 40
0.4267702129
 40
0.5511422538
 40
0.6676492908
 40
0.7788401189
 40
0.8883517578
 40
1.0
 40
1.0
 40
1.0
 40
1.0
 10
324.7599648791
 20
99.7836059648
 30
0.0
 10
324.7599648791
 20
100.0104191536
 30
0.0
 10
324.7995994944
 20
100.3442296488
 30
0.0
 10
324.9512578407
 20
100.7444751946
 30
0.0
 10
325.1026182779
 20
100.9936042927
 30
0.0
 10
325.2915778759
 20
101.1928752799
 30
0.0
 10
325.5132445153
 20
101.3354888805
 30
0.0
 10
325.7604257867
 20
101.4155999178
 30
0.0
 10
325.933243161
 20
101.4254362242
 30
0.0
 10
326.0194432416
 20
101.4203362328
 30
0.0
  0
SPLINE
  5
9BC
100
AcDbEntity
  8
RUNDUNGEN
100
AcDbSpline
 62
9
  6
CONTINUOUS
 70
0
 71
3
 72
13
 73
9
 74
0
 42
0.0000001
 43
0.0000001
 44
0.0000000001
 40
0.0
 40
0.0
 40
0.0
 40
0.0
 40
0.2178621208
 40
0.3400321199
 40
0.4689143832
 40
0.6021961971
 40
0.7371352562
 40
1.0
 40
1.0
 40
1.0
 40
1.0
 10
326.3505804918
 20
92.1522777933
 30
0.0
 10
326.1260585279
 20
92.2290688276
 30
0.0
 10
325.8045379009
 20
92.4373663022
 30
0.0
 10
325.4545902575
 20
92.8099139186
 30
0.0
 10
325.2149312719
 20
93.155246827
 30
0.0
 10
325.0185540363
 20
93.5420888552
 30
0.0
 10
324.8254038219
 20
94.0883042735
 30
0.0
 10
324.7599648791
 20
94.5238040614
 30
0.0
 10
324.7599648791
 20
94.8101108945
 30
0.0
  0
SPLINE
  5
9BD
100
AcDbEntity
  8
RUNDUNGEN
100
AcDbSpline
 62
9
  6
CONTINUOUS
 70
0
 71
3
 72
15
 73
11
 74
0
 42
0.0000001
 43
0.0000001
 44
0.0000000001
 40
0.0
 40
0.0
 40
0.0
 40
0.0
 40
0.1515996994
 40
0.2932815467
 40
0.4240803919
 40
0.5447817373
 40
0.6580360228
 40
0.7682591122
 40
0.8807204616
 40
1.0
 40
1.0
 40
1.0
 40
1.0
 10
347.1745005528
 20
87.1438881908
 30
0.0
 10
347.1745005528
 20
87.0095407484
 30
0.0
 10
347.1559154973
 20
86.7490834696
 30
0.0
 10
347.0676219435
 20
86.3818325613
 30
0.0
 10
346.922052429
 20
86.0624827014
 30
0.0
 10
346.7232677479
 20
85.803444588
 30
0.0
 10
346.477138774
 20
85.6164576369
 30
0.0
 10
346.1935813905
 20
85.5118031602
 30
0.0
 10
345.8869151578
 20
85.4950103242
 30
0.0
 10
345.6839021525
 20
85.539892348
 30
0.0
 10
345.5838849401
 20
85.5741002493
 30
0.0
  0
SPLINE
  5
9BE
100
AcDbEntity
  8
RUNDUNGEN
100
AcDbSpline
 62
9
  6
CONTINUOUS
 70
0
 71
3
 72
12
 73
8
 74
0
 42
0.0000001
 43
0.0000001
 44
0.0000000001
 40
0.0
 40
0.0
 40
0.0
 40
0.0
 40
0.2288130704
 40
0.3530615473
 40
0.4817544239
 40
0.7441744372
 40
1.0
 40
1.0
 40
1.0
 40
1.0
 10
345.9150221904
 20
94.6156474692
 30
0.0
 10
346.1027039599
 20
94.4983696902
 30
0.0
 10
346.3609512578
 20
94.2649411398
 30
0.0
 10
346.6413490637
 20
93.8922335486
 30
0.0
 10
346.8913178262
 20
93.4595516699
 30
0.0
 10
347.1089835711
 20
92.8672978902
 30
0.0
 10
347.1745005528
 20
92.3648210103
 30
0.0
 10
347.1745005528
 20
92.1173832611
 30
0.0
  0
SPLINE
  5
9BF
100
AcDbEntity
  8
RUNDUNGEN
100
AcDbSpline
 62
9
  6
CONTINUOUS
 70
0
 71
3
 72
9
 73
5
 74
0
 42
0.0000001
 43
0.0000001
 44
0.0000000001
 40
0.0
 40
0.0
 40
0.0
 40
0.0
 40
0.2678420624
 40
1.0
 40
1.0
 40
1.0
 40
1.0
 10
345.2907740282
 20
95.0770591069
 30
0.0
 10
345.2994578484
 20
95.0603360444
 30
0.0
 10
345.3352423397
 20
94.9998731511
 30
0.0
 10
345.3853650408
 20
94.946617356
 30
0.0
 10
345.4290469844
 20
94.9193215706
 30
0.0
  0
LINE
  5
9C0
100
AcDbEntity
  8
RUNDUNGEN
100
AcDbLine
 62
9
  6
CONTINUOUS
 10
333.3112608387
 20
111.2078191291
 11
339.0446305122
 21
113.231631381
  0
SPLINE
  5
9C1
100
AcDbEntity
  8
RUNDUNGEN
100
AcDbSpline
 62
9
  6
CONTINUOUS
 70
0
 71
3
 72
11
 73
7
 74
0
 42
0.0000001
 43
0.0000001
 44
0.0000000001
 40
0.0
 40
0.0
 40
0.0
 40
0.0
 40
0.232286387
 40
0.4725759563
 40
0.7274928136
 40
1.0
 40
1.0
 40
1.0
 40
1.0
 10
332.9811149221
 20
80.9823648848
 30
0.0
 10
333.0174398046
 20
80.9944699631
 30
0.0
 10
333.0884298546
 20
81.0288904037
 30
0.0
 10
333.1808728569
 20
81.106983768
 30
0.0
 10
333.2573110951
 20
81.2089884345
 30
0.0
 10
333.2952186659
 20
81.2878433173
 30
0.0
 10
333.3112608412
 20
81.3297995307
 30
0.0
  0
SPLINE
  5
9C2
100
AcDbEntity
  8
RUNDUNGEN
100
AcDbSpline
 62
9
  6
CONTINUOUS
 70
0
 71
3
 72
22
 73
18
 74
0
 42
0.0000001
 43
0.0000001
 44
0.0000000001
 40
0.0
 40
0.0
 40
0.0
 40
0.0
 40
0.0478416896
 40
0.0965347601
 40
0.1469052983
 40
0.1995936205
 40
0.2550307853
 40
0.3134297477
 40
0.3748039351
 40
0.4389940018
 40
0.5056976751
 40
0.5744986656
 40
0.6448936467
 40
0.716317334
 40
0.7881662107
 40
0.859821206
 40
1.0
 40
1.0
 40
1.0
 40
1.0
 10
342.2454510767
 20
78.5307929288
 30
0.0
 10
342.7041254292
 20
78.6816695968
 30
0.0
 10
343.6030292663
 20
79.0746460413
 30
0.0
 10
344.8349606015
 20
79.9134511831
 30
0.0
 10
345.9364495957
 20
80.9882202034
 30
0.0
 10
346.8904987162
 20
82.2800415336
 30
0.0
 10
347.6840050903
 20
83.7677113755
 30
0.0
 10
348.3060798265
 20
85.4279193836
 30
0.0
 10
348.7482592585
 20
87.2352394692
 30
0.0
 10
349.0044695492
 20
89.1622250824
 30
0.0
 10
349.0712123824
 20
91.1796487454
 30
0.0
 10
348.9477018535
 20
93.256855097
 30
0.0
 10
348.6359322198
 20
95.3622483721
 30
0.0
 10
348.1407751028
 20
97.4636095975
 30
0.0
 10
347.4696376731
 20
99.5292503321
 30
0.0
 10
346.3630092448
 20
102.1719414479
 30
0.0
 10
345.2928535463
 20
104.0390815986
 30
0.0
 10
344.4797451285
 20
105.1968659891
 30
0.0
  0
LINE
  5
9C3
100
AcDbEntity
  8
RUNDUNGEN
100
AcDbLine
 62
9
  6
CONTINUOUS
 10
344.3742725614
 20
105.345779578
 11
344.3494254646
 21
105.3804951005
  0
SPLINE
  5
9C4
100
AcDbEntity
  8
RUNDUNGEN
100
AcDbSpline
 62
9
  6
CONTINUOUS
 70
0
 71
3
 72
9
 73
5
 74
0
 42
0.0000001
 43
0.0000001
 44
0.0000000001
 40
0.0
 40
0.0
 40
0.0
 40
0.0
 40
0.2577775668
 40
1.0
 40
1.0
 40
1.0
 40
1.0
 10
343.7385503994
 20
106.1926018866
 30
0.0
 10
343.5227069118
 20
106.466147182
 30
0.0
 10
342.6600346951
 20
107.5068309185
 30
0.0
 10
341.6936357325
 20
108.4633734291
 30
0.0
 10
340.9210237456
 20
109.1034194483
 30
0.0
  0
SPLINE
  5
9C5
100
AcDbEntity
  8
RUNDUNGEN
100
AcDbSpline
 62
9
  6
CONTINUOUS
 70
0
 71
3
 72
11
 73
7
 74
0
 42
0.0000001
 43
0.0000001
 44
0.0000000001
 40
0.0
 40
0.0
 40
0.0
 40
0.0
 40
0.2550257208
 40
0.4970389597
 40
0.7407492917
 40
1.0
 40
1.0
 40
1.0
 40
1.0
 10
346.7378093118
 20
86.7908035443
 30
0.0
 10
346.6954298503
 20
86.7338970699
 30
0.0
 10
346.5970406809
 20
86.6331910975
 30
0.0
 10
346.4094878271
 20
86.5385436121
 30
0.0
 10
346.1998024043
 20
86.5135396418
 30
0.0
 10
346.0604028772
 20
86.5420457547
 30
0.0
 10
345.9921554826
 20
86.5653877384
 30
0.0
  0
SPLINE
  5
9C6
100
AcDbEntity
  8
0
100
AcDbSpline
 62
7
  6
CONTINUOUS
 70
0
 71
3
 72
9
 73
5
 74
0
 42
0.0000001
 43
0.0000001
 44
0.0000000001
 40
0.0
 40
0.0
 40
0.0
 40
0.0
 40
0.2487448283
 40
1.0
 40
1.0
 40
1.0
 40
1.0
 10
329.0042532906
 20
100.2785771619
 30
0.0
 10
329.0245805025
 20
100.2855277477
 30
0.0
 10
329.1053579262
 20
100.3161684005
 30
0.0
 10
329.1819775268
 20
100.3576452767
 30
0.0
 10
329.2358260605
 20
100.3938387788
 30
0.0
  0
SPLINE
  5
9C7
100
AcDbEntity
  8
0
100
AcDbSpline
 62
7
  6
CONTINUOUS
 70
0
 71
3
 72
9
 73
5
 74
0
 42
0.0000001
 43
0.0000001
 44
0.0000000001
 40
0.0
 40
0.0
 40
0.0
 40
0.0
 40
0.2474317971
 40
1.0
 40
1.0
 40
1.0
 40
1.0
 10
329.2358260605
 20
100.3938387788
 30
0.0
 10
329.2472457626
 20
100.401514364
 30
0.0
 10
329.2927710841
 20
100.4334619194
 30
0.0
 10
329.3357369868
 20
100.4690340048
 30
0.0
 10
329.3664365993
 20
100.4974758732
 30
0.0
  0
SPLINE
  5
9C8
100
AcDbEntity
  8
0
100
AcDbSpline
 62
7
  6
CONTINUOUS
 70
0
 71
3
 72
9
 73
5
 74
0
 42
0.0000001
 43
0.0000001
 44
0.0000000001
 40
0.0
 40
0.0
 40
0.0
 40
0.0
 40
0.2467464619
 40
1.0
 40
1.0
 40
1.0
 40
1.0
 10
329.3664365993
 20
100.4974758732
 30
0.0
 10
329.3768515239
 20
100.5071248522
 30
0.0
 10
329.4183198558
 20
100.5470238105
 30
0.0
 10
329.456796296
 20
100.5900149497
 30
0.0
 10
329.4839811979
 20
100.6237713191
 30
0.0
  0
SPLINE
  5
9C9
100
AcDbEntity
  8
RUNDUNGEN
100
AcDbSpline
 62
9
  6
CONTINUOUS
 70
0
 71
3
 72
17
 73
13
 74
0
 42
0.0000001
 43
0.0000001
 44
0.0000000001
 40
0.0
 40
0.0
 40
0.0
 40
0.0
 40
0.0491764779
 40
0.0989876369
 40
0.1500166154
 40
0.2027615157
 40
0.3146067522
 40
0.4363566104
 40
0.5678099291
 40
0.7073768319
 40
0.8524854646
 40
1.0
 40
1.0
 40
1.0
 40
1.0
 10
338.3571353778
 20
107.1128698167
 30
0.0
 10
338.2459858275
 20
107.0748534037
 30
0.0
 10
338.0159698811
 20
107.0154751303
 30
0.0
 10
337.6581519559
 20
106.9795005908
 30
0.0
 10
337.2903842921
 20
106.9963783649
 30
0.0
 10
336.7826247443
 20
107.090786577
 30
0.0
 10
336.1405977855
 20
107.3466230075
 30
0.0
 10
335.4138548991
 20
107.8381645828
 30
0.0
 10
334.7410167996
 20
108.4985115153
 30
0.0
 10
334.147975403
 20
109.3009171543
 30
0.0
 10
333.6576129421
 20
110.2130232063
 30
0.0
 10
333.4120924481
 20
110.8701756253
 30
0.0
 10
333.3112608387
 20
111.2078191291
 30
0.0
  0
SPLINE
  5
9CA
100
AcDbEntity
  8
RUNDUNGEN
100
AcDbSpline
 62
9
  6
CONTINUOUS
 70
0
 71
3
 72
11
 73
7
 74
0
 42
0.0000001
 43
0.0000001
 44
0.0000000001
 40
0.0
 40
0.0
 40
0.0
 40
0.0
 40
0.2805348654
 40
0.5378049543
 40
0.7747300944
 40
1.0
 40
1.0
 40
1.0
 40
1.0
 10
340.9210237424
 20
109.103419451
 30
0.0
 10
340.8770209818
 20
109.1399038057
 30
0.0
 10
340.7861764469
 20
109.2026492739
 30
0.0
 10
340.6387479933
 20
109.2630250487
 30
0.0
 10
340.4914811651
 20
109.2820182532
 30
0.0
 10
340.3969795669
 20
109.2651662597
 30
0.0
 10
340.3536510725
 20
109.2500181051
 30
0.0
  0
SPLINE
  5
9CB
100
AcDbEntity
  8
RUNDUNGEN
100
AcDbSpline
 62
9
  6
CONTINUOUS
 70
0
 71
3
 72
13
 73
9
 74
0
 42
0.0000001
 43
0.0000001
 44
0.0000000001
 40
0.0
 40
0.0
 40
0.0
 40
0.0
 40
0.287612724
 40
0.5573175757
 40
0.6806803264
 40
0.7949129954
 40
0.9007404709
 40
1.0
 40
1.0
 40
1.0
 40
1.0
 10
333.3112608394
 20
111.2078191265
 30
0.0
 10
333.2749383973
 20
111.326609539
 30
0.0
 10
333.1760720855
 20
111.5490454651
 30
0.0
 10
332.9899329593
 20
111.7821831227
 30
0.0
 10
332.8154280491
 20
111.9163223907
 30
0.0
 10
332.6822752051
 20
111.9839715396
 30
0.0
 10
332.5475752565
 20
112.0186914448
 30
0.0
 10
332.457743384
 20
112.0186747727
 30
0.0
 10
332.4153140606
 20
112.0125434924
 30
0.0
  0
SPLINE
  5
9CC
100
AcDbEntity
  8
RUNDUNGEN
100
AcDbSpline
 62
9
  6
CONTINUOUS
 70
0
 71
3
 72
12
 73
8
 74
0
 42
0.0000001
 43
0.0000001
 44
0.0000000001
 40
0.0
 40
0.0
 40
0.0
 40
0.0
 40
0.2450431882
 40
0.5125854166
 40
0.773204299
 40
0.8922957495
 40
1.0
 40
1.0
 40
1.0
 40
1.0
 10
339.9770572705
 20
108.0643973044
 30
0.0
 10
340.01137719
 20
108.1772700457
 30
0.0
 10
340.1179619066
 20
108.4030016515
 30
0.0
 10
340.341743048
 20
108.7026813603
 30
0.0
 10
340.5737313396
 20
108.9146814799
 30
0.0
 10
340.7722882396
 20
109.0406589796
 30
0.0
 10
340.8720938412
 20
109.0862532404
 30
0.0
 10
340.9210237424
 20
109.103419451
 30
0.0
  0
SPLINE
  5
9CD
100
AcDbEntity
  8
RUNDUNGEN
100
AcDbSpline
 62
9
  6
CONTINUOUS
 70
0
 71
3
 72
11
 73
7
 74
0
 42
0.0000001
 43
0.0000001
 44
0.0000000001
 40
0.0
 40
0.0
 40
0.0
 40
0.0
 40
0.29771265
 40
0.5605653742
 40
0.790608535
 40
1.0
 40
1.0
 40
1.0
 40
1.0
 10
339.9770572704
 20
108.0643973045
 30
0.0
 10
339.9282793702
 20
108.1097322494
 30
0.0
 10
339.8431858761
 20
108.2030543391
 30
0.0
 10
339.7542135457
 20
108.3579227546
 30
0.0
 10
339.7168683863
 20
108.5133616746
 30
0.0
 10
339.7314908063
 20
108.6137521624
 30
0.0
 10
339.747940246
 20
108.6576052082
 30
0.0
  0
SPLINE
  5
9CE
100
AcDbEntity
  8
RUNDUNGEN
100
AcDbSpline
 62
9
  6
CONTINUOUS
 70
0
 71
3
 72
11
 73
7
 74
0
 42
0.0000001
 43
0.0000001
 44
0.0000000001
 40
0.0
 40
0.0
 40
0.0
 40
0.0
 40
0.2206359303
 40
0.4880637287
 40
0.7617011171
 40
1.0
 40
1.0
 40
1.0
 40
1.0
 10
331.9574081615
 20
110.8072788421
 30
0.0
 10
332.0582748289
 20
110.8320290396
 30
0.0
 10
332.2802886952
 20
110.8912636978
 30
0.0
 10
332.6249477683
 20
110.9901421209
 30
0.0
 10
332.9758662883
 20
111.0971823704
 30
0.0
 10
333.2051238087
 20
111.1715181241
 30
0.0
 10
333.3112608394
 20
111.2078191265
 30
0.0
  0
SPLINE
  5
9CF
100
AcDbEntity
  8
RUNDUNGEN
100
AcDbSpline
 62
9
  6
CONTINUOUS
 70
0
 71
3
 72
13
 73
9
 74
0
 42
0.0000001
 43
0.0000001
 44
0.0000000001
 40
0.0
 40
0.0
 40
0.0
 40
0.0
 40
0.276992357
 40
0.542229273
 40
0.666420104
 40
0.7836100118
 40
0.894320417
 40
1.0
 40
1.0
 40
1.0
 40
1.0
 10
331.9574081615
 20
110.8072788421
 30
0.0
 10
331.9258553722
 20
110.9326343124
 30
0.0
 10
331.8992686338
 20
111.1881915909
 30
0.0
 10
331.9581385621
 20
111.4992152899
 30
0.0
 10
332.060774619
 20
111.7135290188
 30
0.0
 10
332.1593804375
 20
111.8464290597
 30
0.0
 10
332.2778256735
 20
111.9494276404
 30
0.0
 10
332.3688377443
 20
111.9960443217
 30
0.0
 10
332.4153140638
 20
112.0125434928
 30
0.0
  0
SPLINE
  5
9D0
100
AcDbEntity
  8
RUNDUNGEN
100
AcDbSpline
 62
9
  6
CONTINUOUS
 70
0
 71
3
 72
11
 73
7
 74
0
 42
0.0000001
 43
0.0000001
 44
0.0000000001
 40
0.0
 40
0.0
 40
0.0
 40
0.0
 40
0.3070864431
 40
0.5723025531
 40
0.798479064
 40
1.0
 40
1.0
 40
1.0
 40
1.0
 10
331.9574081615
 20
81.6890505334
 30
0.0
 10
331.9406975915
 20
81.6340921342
 30
0.0
 10
331.9169644056
 20
81.5290503079
 30
0.0
 10
331.9139022749
 20
81.3783991166
 30
0.0
 10
331.9474463214
 20
81.2508355324
 30
0.0
 10
331.9975408278
 20
81.1848666174
 30
0.0
 10
332.0265755832
 20
81.1608256588
 30
0.0
  0
SPLINE
  5
9D1
100
AcDbEntity
  8
RUNDUNGEN
100
AcDbSpline
 62
9
  6
CONTINUOUS
 70
0
 71
3
 72
11
 73
7
 74
0
 42
0.0000001
 43
0.0000001
 44
0.0000000001
 40
0.0
 40
0.0
 40
0.0
 40
0.0
 40
0.2531330538
 40
0.5212667124
 40
0.7778013276
 40
1.0
 40
1.0
 40
1.0
 40
1.0
 10
331.9574081615
 20
81.6890505333
 30
0.0
 10
332.0473198126
 20
81.6054852356
 30
0.0
 10
332.2587777444
 20
81.4610931582
 30
0.0
 10
332.6127199998
 20
81.3226198246
 30
0.0
 10
332.9735471455
 20
81.2675320942
 30
0.0
 10
333.2093107675
 20
81.2949305457
 30
0.0
 10
333.3112608387
 20
81.3297995237
 30
0.0
  0
SPLINE
  5
9D2
100
AcDbEntity
  8
RUNDUNGEN
100
AcDbSpline
 62
9
  6
CONTINUOUS
 70
0
 71
3
 72
14
 73
10
 74
0
 42
0.0000001
 43
0.0000001
 44
0.0000000001
 40
0.0
 40
0.0
 40
0.0
 40
0.0
 40
0.4213445204
 40
0.5920753907
 40
0.7338225531
 40
0.8456741321
 40
0.9269529542
 40
0.9775235907
 40
1.0
 40
1.0
 40
1.0
 40
1.0
 10
339.9770572705
 20
78.9461689957
 30
0.0
 10
339.9420497815
 20
78.9375790196
 30
0.0
 10
339.8927419842
 20
78.9258695577
 30
0.0
 10
339.8314046249
 20
78.9127061333
 30
0.0
 10
339.7956541251
 20
78.9058309654
 30
0.0
 10
339.7676542426
 20
78.9011613871
 30
0.0
 10
339.7462766365
 20
78.8989131088
 30
0.0
 10
339.7342668268
 20
78.8984088363
 30
0.0
 10
339.7265426836
 20
78.9000293359
 30
0.0
 10
339.7259850799
 20
78.9018695656
 30
0.0
  0
SPLINE
  5
9D3
100
AcDbEntity
  8
RUNDUNGEN
100
AcDbSpline
 62
9
  6
CONTINUOUS
 70
0
 71
3
 72
13
 73
9
 74
0
 42
0.0000001
 43
0.0000001
 44
0.0000000001
 40
0.0
 40
0.0
 40
0.0
 40
0.0
 40
0.2824518653
 40
0.4170703765
 40
0.5454589393
 40
0.7814822998
 40
0.8920515458
 40
1.0
 40
1.0
 40
1.0
 40
1.0
 10
339.9770572704
 20
78.9461689957
 30
0.0
 10
340.0053878127
 20
78.8336151288
 30
0.0
 10
340.069292343
 20
78.6714445286
 30
0.0
 10
340.1959637071
 20
78.4855615195
 30
0.0
 10
340.3371225058
 20
78.336104069
 30
0.0
 10
340.5084799617
 20
78.230321978
 30
0.0
 10
340.6923361749
 20
78.1899930375
 30
0.0
 10
340.7831537811
 20
78.1919652444
 30
0.0
 10
340.8270568663
 20
78.1983016204
 30
0.0
  0
SPLINE
  5
9D4
100
AcDbEntity
  8
RUNDUNGEN
100
AcDbSpline
 62
9
  6
CONTINUOUS
 70
0
 71
3
 72
11
 73
7
 74
0
 42
0.0000001
 43
0.0000001
 44
0.0000000001
 40
0.0
 40
0.0
 40
0.0
 40
0.0
 40
0.2894899037
 40
0.5509062897
 40
0.7843976002
 40
1.0
 40
1.0
 40
1.0
 40
1.0
 10
342.9582125308
 20
98.4987890215
 30
0.0
 10
342.9582125308
 20
98.4166198677
 30
0.0
 10
342.9735040857
 20
98.2595308059
 30
0.0
 10
343.0482581486
 20
98.0470401508
 30
0.0
 10
343.1711121694
 20
97.8822800967
 30
0.0
 10
343.2838122483
 20
97.8142852187
 30
0.0
 10
343.3417061835
 20
97.7944522851
 30
0.0
  0
SPLINE
  5
9D5
100
AcDbEntity
  8
RUNDUNGEN
100
AcDbSpline
 62
9
  6
CONTINUOUS
 70
0
 71
3
 72
14
 73
10
 74
0
 42
0.0000001
 43
0.0000001
 44
0.0000000001
 40
0.0
 40
0.0
 40
0.0
 40
0.0
 40
0.3860113786
 40
0.5453728266
 40
0.6806031999
 40
0.7916075478
 40
0.8792655194
 40
0.9463221037
 40
1.0
 40
1.0
 40
1.0
 40
1.0
 10
344.0683597379
 20
97.4311509751
 30
0.0
 10
344.0383593445
 20
97.4079582345
 30
0.0
 10
343.9968071621
 20
97.3740101852
 30
0.0
 10
343.948419783
 20
97.3278207889
 30
0.0
 10
343.9215023812
 20
97.2983928331
 30
0.0
 10
343.9016910541
 20
97.2721548008
 30
0.0
 10
343.8890649438
 20
97.2491769999
 30
0.0
 10
343.8834701222
 20
97.2291403671
 30
0.0
 10
343.8855629718
 20
97.2168352463
 30
0.0
 10
343.887989973
 20
97.2121539043
 30
0.0
  0
SPLINE
  5
9D6
100
AcDbEntity
  8
RUNDUNGEN
100
AcDbSpline
 62
9
  6
CONTINUOUS
 70
0
 71
3
 72
14
 73
10
 74
0
 42
0.0000001
 43
0.0000001
 44
0.0000000001
 40
0.0
 40
0.0
 40
0.0
 40
0.0
 40
0.3860113761
 40
0.5453728225
 40
0.6806031951
 40
0.7916075435
 40
0.8792655163
 40
0.9463221023
 40
1.0
 40
1.0
 40
1.0
 40
1.0
 10
345.2907740282
 20
95.0770591069
 30
0.0
 10
345.2607736349
 20
95.0538663665
 30
0.0
 10
345.2192214527
 20
95.0199183173
 30
0.0
 10
345.1708340738
 20
94.9737289213
 30
0.0
 10
345.143916672
 20
94.9443009656
 30
0.0
 10
345.1241053446
 20
94.9180629334
 30
0.0
 10
345.111479234
 20
94.8950851321
 30
0.0
 10
345.1058844128
 20
94.8750484987
 30
0.0
 10
345.1079772626
 20
94.8627433776
 30
0.0
 10
345.1104042639
 20
94.8580620355
 30
0.0
  0
SPLINE
  5
9D7
100
AcDbEntity
  8
RUNDUNGEN
100
AcDbSpline
 62
9
  6
CONTINUOUS
 70
0
 71
3
 72
12
 73
8
 74
0
 42
0.0000001
 43
0.0000001
 44
0.0000000001
 40
0.0
 40
0.0
 40
0.0
 40
0.0
 40
0.2976392093
 40
0.5603170967
 40
0.7899208653
 40
0.8963358787
 40
1.0
 40
1.0
 40
1.0
 40
1.0
 10
345.4290469844
 20
94.9193215706
 30
0.0
 10
345.4179904858
 20
94.8540704703
 30
0.0
 10
345.4073216123
 20
94.7290245287
 30
0.0
 10
345.4303959137
 20
94.5532640208
 30
0.0
 10
345.4857570494
 20
94.4291567443
 30
0.0
 10
345.5495344108
 20
94.3543033863
 30
0.0
 10
345.5866962834
 20
94.3253565853
 30
0.0
 10
345.606248202
 20
94.3131487973
 30
0.0
  0
SPLINE
  5
9D8
100
AcDbEntity
  8
RUNDUNGEN
100
AcDbSpline
 62
9
  6
CONTINUOUS
 70
0
 71
3
 72
12
 73
8
 74
0
 42
0.0000001
 43
0.0000001
 44
0.0000000001
 40
0.0
 40
0.0
 40
0.0
 40
0.0
 40
0.2976392078
 40
0.5603170953
 40
0.7899208645
 40
0.896335878
 40
1.0
 40
1.0
 40
1.0
 40
1.0
 10
345.9150221904
 20
94.6156474692
 30
0.0
 10
345.9039656918
 20
94.5503963691
 30
0.0
 10
345.8932968179
 20
94.4253504278
 30
0.0
 10
345.9163711198
 20
94.24958992
 30
0.0
 10
345.9717322552
 20
94.125482643
 30
0.0
 10
346.035509617
 20
94.0506292847
 30
0.0
 10
346.0726714897
 20
94.0216824835
 30
0.0
 10
346.0922234084
 20
94.0094746955
 30
0.0
  0
SPLINE
  5
9D9
100
AcDbEntity
  8
RUNDUNGEN
100
AcDbSpline
 62
9
  6
CONTINUOUS
 70
0
 71
3
 72
13
 73
9
 74
0
 42
0.0000001
 43
0.0000001
 44
0.0000000001
 40
0.0
 40
0.0
 40
0.0
 40
0.0
 40
0.336149953
 40
0.6102737937
 40
0.7244233051
 40
0.8251335908
 40
0.9154428792
 40
1.0
 40
1.0
 40
1.0
 40
1.0
 10
347.1745005528
 20
92.1173832611
 30
0.0
 10
347.1320307602
 20
92.1319087857
 30
0.0
 10
347.0562627519
 20
92.1624330297
 30
0.0
 10
346.9727748848
 20
92.2129751582
 30
0.0
 10
346.9249349018
 20
92.2577705324
 30
0.0
 10
346.9002984741
 20
92.2905634485
 30
0.0
 10
346.8851124484
 20
92.3244751679
 30
0.0
 10
346.8816105197
 20
92.3479373589
 30
0.0
 10
346.8816068524
 20
92.3592280237
 30
0.0
  0
SPLINE
  5
9DA
100
AcDbEntity
  8
RUNDUNGEN
100
AcDbSpline
 62
9
  6
CONTINUOUS
 70
0
 71
3
 72
13
 73
9
 74
0
 42
0.0000001
 43
0.0000001
 44
0.0000000001
 40
0.0
 40
0.0
 40
0.0
 40
0.0
 40
0.3361499518
 40
0.6102737913
 40
0.7244233034
 40
0.8251335899
 40
0.9154428791
 40
1.0
 40
1.0
 40
1.0
 40
1.0
 10
347.1745005528
 20
87.1438881908
 30
0.0
 10
347.1320307604
 20
87.1584137153
 30
0.0
 10
347.0562627522
 20
87.188937959
 30
0.0
 10
346.9727748854
 20
87.2394800876
 30
0.0
 10
346.9249349021
 20
87.2842754617
 30
0.0
 10
346.9002984742
 20
87.317068378
 30
0.0
 10
346.8851124485
 20
87.3509800977
 30
0.0
 10
346.8816105198
 20
87.3744422888
 30
0.0
 10
346.8816068524
 20
87.3857329536
 30
0.0
  0
SPLINE
  5
9DB
100
AcDbEntity
  8
RUNDUNGEN
100
AcDbSpline
 62
9
  6
CONTINUOUS
 70
0
 71
3
 72
11
 73
7
 74
0
 42
0.0000001
 43
0.0000001
 44
0.0000000001
 40
0.0
 40
0.0
 40
0.0
 40
0.0
 40
0.2497035013
 40
0.5070554465
 40
0.7607014472
 40
1.0
 40
1.0
 40
1.0
 40
1.0
 10
345.5838849401
 20
85.5741002493
 30
0.0
 10
345.5838849401
 20
85.6654584828
 30
0.0
 10
345.604088204
 20
85.8513469886
 30
0.0
 10
345.6860552673
 20
86.118916083
 30
0.0
 10
345.8141926797
 20
86.3634444788
 30
0.0
 10
345.9290508954
 20
86.5046995182
 30
0.0
 10
345.9921554826
 20
86.5653877384
 30
0.0
  0
SPLINE
  5
9DC
100
AcDbEntity
  8
RUNDUNGEN
100
AcDbSpline
 62
9
  6
CONTINUOUS
 70
0
 71
3
 72
11
 73
7
 74
0
 42
0.0000001
 43
0.0000001
 44
0.0000000001
 40
0.0
 40
0.0
 40
0.0
 40
0.0
 40
0.2497035004
 40
0.5070554465
 40
0.7607014481
 40
1.0
 40
1.0
 40
1.0
 40
1.0
 10
326.3505804918
 20
92.1522777933
 30
0.0
 10
326.3505804918
 20
92.2436360265
 30
0.0
 10
326.3707837556
 20
92.4295245321
 30
0.0
 10
326.4527508187
 20
92.6970936268
 30
0.0
 10
326.5808882318
 20
92.9416220223
 30
0.0
 10
326.6957464459
 20
93.0828770628
 30
0.0
 10
326.7588510328
 20
93.1435652827
 30
0.0
  0
SPLINE
  5
9DD
100
AcDbEntity
  8
RUNDUNGEN
100
AcDbSpline
 62
9
  6
CONTINUOUS
 70
0
 71
3
 72
11
 73
7
 74
0
 42
0.0000001
 43
0.0000001
 44
0.0000000001
 40
0.0
 40
0.0
 40
0.0
 40
0.0
 40
0.2203433316
 40
0.4721093398
 40
0.7382292743
 40
1.0
 40
1.0
 40
1.0
 40
1.0
 10
324.7599648791
 20
94.8101108945
 30
0.0
 10
324.8335914325
 20
94.7849291301
 30
0.0
 10
324.9962433855
 20
94.7453018298
 30
0.0
 10
325.2553553316
 20
94.7131862498
 30
0.0
 10
325.5310133223
 20
94.7062269
 30
0.0
 10
325.717356041
 20
94.719142112
 30
0.0
 10
325.8090918036
 20
94.7305618523
 30
0.0
  0
SPLINE
  5
9DE
100
AcDbEntity
  8
RUNDUNGEN
100
AcDbSpline
 62
9
  6
CONTINUOUS
 70
0
 71
3
 72
11
 73
7
 74
0
 42
0.0000001
 43
0.0000001
 44
0.0000000001
 40
0.0
 40
0.0
 40
0.0
 40
0.0
 40
0.2203433305
 40
0.4721093396
 40
0.7382292749
 40
1.0
 40
1.0
 40
1.0
 40
1.0
 10
324.7599648791
 20
99.7836059648
 30
0.0
 10
324.8335914322
 20
99.7584242006
 30
0.0
 10
324.996243385
 20
99.7187969002
 30
0.0
 10
325.2553553313
 20
99.6866813203
 30
0.0
 10
325.5310133224
 20
99.6797219694
 30
0.0
 10
325.7173560409
 20
99.6926371841
 30
0.0
 10
325.8090918034
 20
99.7040569244
 30
0.0
  0
SPLINE
  5
9DF
100
AcDbEntity
  8
RUNDUNGEN
100
AcDbSpline
 62
9
  6
CONTINUOUS
 70
0
 71
3
 72
11
 73
7
 74
0
 42
0.0000001
 43
0.0000001
 44
0.0000000001
 40
0.0
 40
0.0
 40
0.0
 40
0.0
 40
0.2807641698
 40
0.5421635593
 40
0.7806848399
 40
1.0
 40
1.0
 40
1.0
 40
1.0
 10
326.0194432416
 20
101.4203362328
 30
0.0
 10
326.0329883849
 20
101.3311327082
 30
0.0
 10
326.0770027455
 20
101.1608485507
 30
0.0
 10
326.1957398877
 20
100.9368624003
 30
0.0
 10
326.3580517112
 20
100.7674820601
 30
0.0
 10
326.4931030039
 20
100.6997852745
 30
0.0
 10
326.5611284308
 20
100.6813512907
 30
0.0
  0
SPLINE
  5
9E0
100
AcDbEntity
  8
RUNDUNGEN
100
AcDbSpline
 62
9
  6
CONTINUOUS
 70
0
 71
3
 72
11
 73
7
 74
0
 42
0.0000001
 43
0.0000001
 44
0.0000000001
 40
0.0
 40
0.0
 40
0.0
 40
0.0
 40
0.2807641698
 40
0.5421635618
 40
0.7806848449
 40
1.0
 40
1.0
 40
1.0
 40
1.0
 10
326.5054184475
 20
101.391583715
 30
0.0
 10
326.5189635908
 20
101.3023801907
 30
0.0
 10
326.5629779513
 20
101.1320960333
 30
0.0
 10
326.6817150935
 20
100.9081098821
 30
0.0
 10
326.8440269168
 20
100.7387295437
 30
0.0
 10
326.979078207
 20
100.6710327566
 30
0.0
 10
327.0471036321
 20
100.6525987733
 30
0.0
  0
SPLINE
  5
9E1
100
AcDbEntity
  8
RUNDUNGEN
100
AcDbSpline
 62
9
  6
CONTINUOUS
 70
0
 71
3
 72
10
 73
6
 74
0
 42
0.0000001
 43
0.0000001
 44
0.0000000001
 40
0.0
 40
0.0
 40
0.0
 40
0.0
 40
0.2536505665
 40
0.6389547553
 40
1.0
 40
1.0
 40
1.0
 40
1.0
 10
326.6436914037
 20
101.4547369788
 30
0.0
 10
326.6960112441
 20
101.3785006144
 30
0.0
 10
326.8488973573
 20
101.2004499689
 30
0.0
 10
327.1489608358
 20
100.9853196516
 30
0.0
 10
327.4123988583
 20
100.8961970375
 30
0.0
 10
327.5428864165
 20
100.8790371273
 30
0.0
  0
SPLINE
  5
9E2
100
AcDbEntity
  8
RUNDUNGEN
100
AcDbSpline
 62
9
  6
CONTINUOUS
 70
0
 71
3
 72
10
 73
6
 74
0
 42
0.0000001
 43
0.0000001
 44
0.0000000001
 40
0.0
 40
0.0
 40
0.0
 40
0.0
 40
0.2536505655
 40
0.6389547552
 40
1.0
 40
1.0
 40
1.0
 40
1.0
 10
327.866105694
 20
102.9726482254
 30
0.0
 10
327.9184255342
 20
102.8964118612
 30
0.0
 10
328.0713116474
 20
102.7183612158
 30
0.0
 10
328.3713751256
 20
102.5032308972
 30
0.0
 10
328.6348131494
 20
102.4141082854
 30
0.0
 10
328.7653007077
 20
102.3969483751
 30
0.0
  0
SPLINE
  5
9E3
100
AcDbEntity
  8
RUNDUNGEN
100
AcDbSpline
 62
9
  6
CONTINUOUS
 70
0
 71
3
 72
11
 73
7
 74
0
 42
0.0000001
 43
0.0000001
 44
0.0000000001
 40
0.0
 40
0.0
 40
0.0
 40
0.0
 40
0.288834799
 40
0.550322296
 40
0.7843071521
 40
1.0
 40
1.0
 40
1.0
 40
1.0
 10
328.9762529012
 20
103.280900858
 30
0.0
 10
328.9762529012
 20
103.2002854532
 30
0.0
 10
328.9909955944
 20
103.0460135049
 30
0.0
 10
329.0629181193
 20
102.836682501
 30
0.0
 10
329.181049012
 20
102.6727838352
 30
0.0
 10
329.2898851384
 20
102.6028314816
 30
0.0
 10
329.3461673973
 20
102.5814661566
 30
0.0
  0
SPLINE
  5
9E4
100
AcDbEntity
  8
RUNDUNGEN
100
AcDbSpline
 62
7
  6
CONTINUOUS
 70
0
 71
3
 72
11
 73
7
 74
0
 42
0.0000001
 43
0.0000001
 44
0.0000000001
 40
0.0
 40
0.0
 40
0.0
 40
0.0
 40
0.2491810692
 40
0.5061555718
 40
0.7598437275
 40
1.0
 40
1.0
 40
1.0
 40
1.0
 10
328.6840328697
 20
95.5534028427
 30
0.0
 10
328.6840328697
 20
95.445925464
 30
0.0
 10
328.707379259
 20
95.227188885
 30
0.0
 10
328.8021416747
 20
94.9116354177
 30
0.0
 10
328.9507795071
 20
94.62193326
 30
0.0
 10
329.0839803882
 20
94.4532932867
 30
0.0
 10
329.1573236766
 20
94.3801457027
 30
0.0
  0
SPLINE
  5
9E5
100
AcDbEntity
  8
0
100
AcDbSpline
 62
7
  6
CONTINUOUS
 70
0
 71
3
 72
11
 73
7
 74
0
 42
0.0000001
 43
0.0000001
 44
0.0000000001
 40
0.0
 40
0.0
 40
0.0
 40
0.0
 40
0.3295167901
 40
0.60119816
 40
0.8182683659
 40
1.0
 40
1.0
 40
1.0
 40
1.0
 10
396.6181372017
 20
117.3407338615
 30
0.0
 10
396.6369557019
 20
117.3483935977
 30
0.0
 10
396.6705870822
 20
117.3643182773
 30
0.0
 10
396.7122329556
 20
117.3933531706
 30
0.0
 10
396.7395271541
 20
117.4253667714
 30
0.0
 10
396.7465955379
 20
117.4501008363
 30
0.0
 10
396.7465882508
 20
117.4613062188
 30
0.0
  0
SPLINE
  5
9E6
100
AcDbEntity
  8
0
100
AcDbSpline
 62
7
  6
CONTINUOUS
 70
0
 71
3
 72
11
 73
7
 74
0
 42
0.0000001
 43
0.0000001
 44
0.0000000001
 40
0.0
 40
0.0
 40
0.0
 40
0.0
 40
0.3421985047
 40
0.6205420941
 40
0.8334237646
 40
1.0
 40
1.0
 40
1.0
 40
1.0
 10
394.7409325649
 20
117.9369372473
 30
0.0
 10
394.7689317843
 20
117.9449839969
 30
0.0
 10
394.8190754233
 20
117.9622464168
 30
0.0
 10
394.8819313852
 20
117.995877305
 30
0.0
 10
394.9243756018
 20
118.0339795863
 30
0.0
 10
394.9363631156
 20
118.0662488541
 30
0.0
 10
394.936364769
 20
118.0804300771
 30
0.0
  0
SPLINE
  5
9E7
100
AcDbEntity
  8
0
100
AcDbSpline
 62
7
  6
CONTINUOUS
 70
0
 71
3
 72
11
 73
7
 74
0
 42
0.0000001
 43
0.0000001
 44
0.0000000001
 40
0.0
 40
0.0
 40
0.0
 40
0.0
 40
0.3295167901
 40
0.60119816
 40
0.8182683659
 40
1.0
 40
1.0
 40
1.0
 40
1.0
 10
388.9813839649
 20
119.9526572981
 30
0.0
 10
389.0002024651
 20
119.9603170343
 30
0.0
 10
389.0338338454
 20
119.9762417139
 30
0.0
 10
389.0754797188
 20
120.0052766072
 30
0.0
 10
389.1027739173
 20
120.037290208
 30
0.0
 10
389.1098423011
 20
120.0620242729
 30
0.0
 10
389.109835014
 20
120.0732296554
 30
0.0
  0
SPLINE
  5
9E8
100
AcDbEntity
  8
0
100
AcDbSpline
 62
7
  6
CONTINUOUS
 70
0
 71
3
 72
11
 73
7
 74
0
 42
0.0000001
 43
0.0000001
 44
0.0000000001
 40
0.0
 40
0.0
 40
0.0
 40
0.0
 40
0.3421985047
 40
0.6205420941
 40
0.8334237646
 40
1.0
 40
1.0
 40
1.0
 40
1.0
 10
387.1041793281
 20
120.5488606839
 30
0.0
 10
387.1321785474
 20
120.5569074335
 30
0.0
 10
387.1823221864
 20
120.5741698534
 30
0.0
 10
387.2451781484
 20
120.6078007416
 30
0.0
 10
387.287622365
 20
120.6459030229
 30
0.0
 10
387.2996098788
 20
120.6781722907
 30
0.0
 10
387.2996115322
 20
120.6923535137
 30
0.0
  0
SPLINE
  5
9E9
100
AcDbEntity
  8
RUNDUNGEN
100
AcDbSpline
 62
7
  6
CONTINUOUS
 70
0
 71
3
 72
25
 73
21
 74
0
 42
0.0000001
 43
0.0000001
 44
0.0000000001
 40
0.0
 40
0.0
 40
0.0
 40
0.0
 40
0.0606293181
 40
0.1245390965
 40
0.1913032177
 40
0.260294033
 40
0.3307403806
 40
0.4017832486
 40
0.4725287633
 40
0.5421002885
 40
0.6096911816
 40
0.6746191128
 40
0.7363836804
 40
0.7947260333
 40
0.8496870209
 40
0.9016520802
 40
0.9267630084
 40
0.9514312539
 40
0.9757967007
 40
1.0
 40
1.0
 40
1.0
 40
1.0
 10
377.2964326897
 20
125.818518052
 30
0.0
 10
378.0522207954
 20
125.3226505874
 30
0.0
 10
379.5282827917
 20
124.1842013451
 30
0.0
 10
381.5426722818
 20
122.1552509926
 30
0.0
 10
383.3778607781
 20
119.8029602993
 30
0.0
 10
384.9936225488
 20
117.1806471617
 30
0.0
 10
386.3547957655
 20
114.3470091952
 30
0.0
 10
387.4311292027
 20
111.3657338641
 30
0.0
 10
388.1985103579
 20
108.3037793983
 30
0.0
 10
388.6394896741
 20
105.2297807122
 30
0.0
 10
388.7436360311
 20
102.2123176408
 30
0.0
 10
388.5074926534
 20
99.3182328096
 30
0.0
 10
387.9343141947
 20
96.6112688233
 30
0.0
 10
387.0330840203
 20
94.1509270948
 30
0.0
 10
385.8191402244
 20
91.993248324
 30
0.0
 10
384.5475235787
 20
90.4723467904
 30
0.0
 10
383.4036816241
 20
89.4722494601
 30
0.0
 10
382.4965673928
 20
88.8364689129
 30
0.0
 10
381.5364338606
 20
88.3119163656
 30
0.0
 10
380.8640963547
 20
88.0380500729
 30
0.0
 10
380.5226619508
 20
87.9212726292
 30
0.0
  0
SPLINE
  5
9EA
100
AcDbEntity
  8
RUNDUNGEN
100
AcDbSpline
 62
7
  6
CONTINUOUS
 70
0
 71
3
 72
9
 73
5
 74
0
 42
0.0000001
 43
0.0000001
 44
0.0000000001
 40
0.0
 40
0.0
 40
0.0
 40
0.0
 40
0.4961048095
 40
1.0
 40
1.0
 40
1.0
 40
1.0
 10
366.9308077118
 20
127.6611958594
 30
0.0
 10
367.4679274776
 20
127.8449016387
 30
0.0
 10
368.586256422
 20
128.1179895563
 30
0.0
 10
369.734643685
 20
128.1893975471
 30
0.0
 10
370.3111017048
 20
128.1774991839
 30
0.0
  0
SPLINE
  5
9EB
100
AcDbEntity
  8
RUNDUNGEN
100
AcDbSpline
 62
7
  6
CONTINUOUS
 70
0
 71
3
 72
12
 73
8
 74
0
 42
0.0000001
 43
0.0000001
 44
0.0000000001
 40
0.0
 40
0.0
 40
0.0
 40
0.0
 40
0.1187635636
 40
0.2391231527
 40
0.4866425728
 40
0.743217378
 40
1.0
 40
1.0
 40
1.0
 40
1.0
 10
370.5206873902
 20
128.1591997548
 30
0.0
 10
370.574930048
 20
128.1473033353
 30
0.0
 10
370.6817453949
 20
128.1108566921
 30
0.0
 10
370.8786523704
 20
127.9943715043
 30
0.0
 10
371.0842257234
 20
127.7786915702
 30
0.0
 10
371.2455805295
 20
127.4570175274
 30
0.0
 10
371.2921666232
 20
127.217613204
 30
0.0
 10
371.2972605788
 20
127.0976539792
 30
0.0
  0
SPLINE
  5
9EC
100
AcDbEntity
  8
RUNDUNGEN
100
AcDbSpline
 62
7
  6
CONTINUOUS
 70
0
 71
3
 72
9
 73
5
 74
0
 42
0.0000001
 43
0.0000001
 44
0.0000000001
 40
0.0
 40
0.0
 40
0.0
 40
0.0
 40
0.25240093
 40
1.0
 40
1.0
 40
1.0
 40
1.0
 10
377.2964326897
 20
125.818518052
 30
0.0
 10
377.279543263
 20
125.8295990906
 30
0.0
 10
377.21119952
 20
125.8712568374
 30
0.0
 10
377.1369028193
 20
125.9033724653
 30
0.0
 10
377.0795512833
 20
125.9204199495
 30
0.0
  0
SPLINE
  5
9ED
100
AcDbEntity
  8
RUNDUNGEN
100
AcDbSpline
 62
7
  6
CONTINUOUS
 70
0
 71
3
 72
9
 73
5
 74
0
 42
0.0000001
 43
0.0000001
 44
0.0000000001
 40
0.0
 40
0.0
 40
0.0
 40
0.0
 40
0.4997566738
 40
1.0
 40
1.0
 40
1.0
 40
1.0
 10
376.9703540187
 20
125.9441583881
 30
0.0
 10
376.9178695829
 20
125.9514536623
 30
0.0
 10
376.8108358164
 20
125.9544340471
 30
0.0
 10
376.7059968868
 20
125.9321028078
 30
0.0
 10
376.6558104477
 20
125.9149380346
 30
0.0
  0
SPLINE
  5
9EE
100
AcDbEntity
  8
RUNDUNGEN
100
AcDbSpline
 62
7
  6
CONTINUOUS
 70
0
 71
3
 72
14
 73
10
 74
0
 42
0.0000001
 43
0.0000001
 44
0.0000000001
 40
0.0
 40
0.0
 40
0.0
 40
0.0
 40
0.2770647219
 40
0.4079230941
 40
0.5336003063
 40
0.6546468432
 40
0.7719540748
 40
0.8865753506
 40
1.0
 40
1.0
 40
1.0
 40
1.0
 10
399.9350397189
 20
104.9627066552
 30
0.0
 10
399.9282144951
 20
104.6426201424
 30
0.0
 10
399.8711556469
 20
104.1692995746
 30
0.0
 10
399.6844171622
 20
103.5801989133
 30
0.0
 10
399.496638886
 20
103.1846329201
 30
0.0
 10
399.2598273209
 20
102.8348253946
 30
0.0
 10
398.9762738862
 20
102.5386508721
 30
0.0
 10
398.6505069563
 20
102.3042267273
 30
0.0
 10
398.4090240454
 20
102.1937764045
 30
0.0
 10
398.2850102408
 20
102.1513611853
 30
0.0
  0
SPLINE
  5
9EF
100
AcDbEntity
  8
RUNDUNGEN
100
AcDbSpline
 62
7
  6
CONTINUOUS
 70
0
 71
3
 72
14
 73
10
 74
0
 42
0.0000001
 43
0.0000001
 44
0.0000000001
 40
0.0
 40
0.0
 40
0.0
 40
0.0
 40
0.1091400777
 40
0.2248770192
 40
0.3471714019
 40
0.4750480661
 40
0.6066951347
 40
0.7397989443
 40
1.0
 40
1.0
 40
1.0
 40
1.0
 10
397.1199941632
 20
116.7451793287
 30
0.0
 10
397.3172547013
 20
116.6777122512
 30
0.0
 10
397.7081265272
 20
116.4903898324
 30
0.0
 10
398.2415984988
 20
116.0908406657
 30
0.0
 10
398.7248110847
 20
115.5816786
 30
0.0
 10
399.1439529972
 20
114.9818797339
 30
0.0
 10
399.4863922278
 20
114.3118305499
 30
0.0
 10
399.8227719535
 20
113.3654985077
 30
0.0
 10
399.9361323446
 20
112.6102046368
 30
0.0
 10
399.9361323446
 20
112.113169289
 30
0.0
  0
SPLINE
  5
9F0
100
AcDbEntity
  8
RUNDUNGEN
100
AcDbSpline
 62
7
  6
CONTINUOUS
 70
0
 71
3
 72
9
 73
5
 74
0
 42
0.0000001
 43
0.0000001
 44
0.0000000001
 40
0.0
 40
0.0
 40
0.0
 40
0.0
 40
0.5111014055
 40
1.0
 40
1.0
 40
1.0
 40
1.0
 10
400.4975742217
 20
107.027301731
 30
0.0
 10
400.4627990516
 20
106.9841202808
 30
0.0
 10
400.3839567567
 20
106.9075015693
 30
0.0
 10
400.2862766744
 20
106.8562513509
 30
0.0
 10
400.2361030981
 20
106.8390672976
 30
0.0
  0
SPLINE
  5
9F1
100
AcDbEntity
  8
RUNDUNGEN
100
AcDbSpline
 62
7
  6
CONTINUOUS
 70
0
 71
3
 72
11
 73
7
 74
0
 42
0.0000001
 43
0.0000001
 44
0.0000000001
 40
0.0
 40
0.0
 40
0.0
 40
0.0
 40
0.2895291301
 40
0.5509557564
 40
0.7844818849
 40
1.0
 40
1.0
 40
1.0
 40
1.0
 10
403.6373516755
 20
109.780043141
 30
0.0
 10
403.6373516755
 20
109.6814131075
 30
0.0
 10
403.6189915851
 20
109.4928664912
 30
0.0
 10
403.5292488589
 20
109.2378055036
 30
0.0
 10
403.3817345178
 20
109.0401571147
 30
0.0
 10
403.2465068618
 20
108.9585069084
 30
0.0
 10
403.1770286051
 20
108.9347807933
 30
0.0
  0
SPLINE
  5
9F2
100
AcDbEntity
  8
RUNDUNGEN
100
AcDbSpline
 62
7
  6
CONTINUOUS
 70
0
 71
3
 72
12
 73
8
 74
0
 42
0.0000001
 43
0.0000001
 44
0.0000000001
 40
0.0
 40
0.0
 40
0.0
 40
0.0
 40
0.2180115856
 40
0.3402396669
 40
0.4691924466
 40
0.7369550266
 40
1.0
 40
1.0
 40
1.0
 40
1.0
 10
402.7888235381
 20
116.2714325854
 30
0.0
 10
402.9086092128
 20
116.2304634718
 30
0.0
 10
403.0801167174
 20
116.1193401611
 30
0.0
 10
403.2668489565
 20
115.9206065976
 30
0.0
 10
403.439164308
 20
115.6719797462
 30
0.0
 10
403.5909212398
 20
115.3154933193
 30
0.0
 10
403.6373516755
 20
115.0063364468
 30
0.0
 10
403.6373516755
 20
114.8535877253
 30
0.0
  0
SPLINE
  5
9F3
100
AcDbEntity
  8
RUNDUNGEN
100
AcDbSpline
 62
7
  6
CONTINUOUS
 70
0
 71
3
 72
9
 73
5
 74
0
 42
0.0000001
 43
0.0000001
 44
0.0000000001
 40
0.0
 40
0.0
 40
0.0
 40
0.0
 40
0.4784209738
 40
1.0
 40
1.0
 40
1.0
 40
1.0
 10
377.5666678662
 20
95.5665645078
 30
0.0
 10
377.613745235
 20
95.5504553131
 30
0.0
 10
377.7190441881
 20
95.535228866
 30
0.0
 10
377.8229271609
 20
95.5540700543
 30
0.0
 10
377.8747596647
 20
95.5700701039
 30
0.0
  0
SPLINE
  5
9F4
100
AcDbEntity
  8
0
100
AcDbSpline
 62
7
  6
CONTINUOUS
 70
0
 71
3
 72
9
 73
5
 74
0
 42
0.0000001
 43
0.0000001
 44
0.0000000001
 40
0.0
 40
0.0
 40
0.0
 40
0.0
 40
0.4936882747
 40
1.0
 40
1.0
 40
1.0
 40
1.0
 10
330.4980438779
 20
100.5222622983
 30
0.0
 10
330.4299009711
 20
100.4989806278
 30
0.0
 10
330.2861250234
 20
100.4673314539
 30
0.0
 10
330.1390774591
 20
100.4674107011
 30
0.0
 10
330.0655888955
 20
100.4747247962
 30
0.0
  0
SPLINE
  5
9F5
100
AcDbEntity
  8
0
100
AcDbSpline
 62
7
  6
CONTINUOUS
 70
0
 71
3
 72
17
 73
13
 74
0
 42
0.0000001
 43
0.0000001
 44
0.0000000001
 40
0.0
 40
0.0
 40
0.0
 40
0.0
 40
0.0281173215
 40
0.0605398473
 40
0.0999163917
 40
0.1472424389
 40
0.2650424016
 40
0.4081362439
 40
0.5658519994
 40
0.7254404048
 40
0.8740242252
 40
1.0
 40
1.0
 40
1.0
 40
1.0
 10
335.5747962945
 20
93.88537697
 30
0.0
 10
335.5748026264
 20
93.8756403271
 30
0.0
 10
335.5799784564
 20
93.8545393631
 30
0.0
 10
335.6006653001
 20
93.8261191764
 30
0.0
 10
335.632844791
 20
93.7998421298
 30
0.0
 10
335.6948347641
 20
93.7651128679
 30
0.0
 10
335.7969277333
 20
93.7313813015
 30
0.0
 10
335.9398585577
 20
93.705754184
 30
0.0
 10
336.0992709489
 20
93.6953574695
 30
0.0
 10
336.260797701
 20
93.701111393
 30
0.0
 10
336.4098514916
 20
93.7225448585
 30
0.0
 10
336.5019402094
 20
93.7483533333
 30
0.0
 10
336.5423450721
 20
93.7647994149
 30
0.0
  0
SPLINE
  5
9F6
100
AcDbEntity
  8
0
100
AcDbSpline
 62
7
  6
CONTINUOUS
 70
0
 71
3
 72
15
 73
11
 74
0
 42
0.0000001
 43
0.0000001
 44
0.0000000001
 40
0.0
 40
0.0
 40
0.0
 40
0.0
 40
0.1375101486
 40
0.1904695196
 40
0.2505129817
 40
0.3886801765
 40
0.543586705
 40
0.7045239296
 40
0.8603218117
 40
1.0
 40
1.0
 40
1.0
 40
1.0
 10
337.3850197762
 20
93.2662531116
 30
0.0
 10
337.3850146325
 20
93.2221363117
 30
0.0
 10
337.4475359549
 20
93.1743239533
 30
0.0
 10
337.5186044531
 20
93.1427824374
 30
0.0
 10
337.5955888494
 20
93.1163842398
 30
0.0
 10
337.7064309966
 20
93.0930410758
 30
0.0
 10
337.851705518
 20
93.0784514652
 30
0.0
 10
338.0032303374
 20
93.0779343632
 30
0.0
 10
338.1492478536
 20
93.0914515689
 30
0.0
 10
338.2424581325
 20
93.1103799267
 30
0.0
 10
338.285527155
 20
93.122757616
 30
0.0
  0
SPLINE
  5
9F7
100
AcDbEntity
  8
0
100
AcDbSpline
 62
7
  6
CONTINUOUS
 70
0
 71
3
 72
15
 73
11
 74
0
 42
0.0000001
 43
0.0000001
 44
0.0000000001
 40
0.0
 40
0.0
 40
0.0
 40
0.0
 40
0.1375101486
 40
0.1904695196
 40
0.2505129817
 40
0.3886801765
 40
0.543586705
 40
0.7045239296
 40
0.8603218117
 40
1.0
 40
1.0
 40
1.0
 40
1.0
 10
345.021773013
 20
90.654329675
 30
0.0
 10
345.0217678693
 20
90.6102128751
 30
0.0
 10
345.0842891917
 20
90.5624005167
 30
0.0
 10
345.1553576899
 20
90.5308590008
 30
0.0
 10
345.2323420862
 20
90.5044608032
 30
0.0
 10
345.3431842334
 20
90.4811176392
 30
0.0
 10
345.4884587548
 20
90.4665280286
 30
0.0
 10
345.6399835743
 20
90.4660109266
 30
0.0
 10
345.7860010904
 20
90.4795281323
 30
0.0
 10
345.8792113693
 20
90.4984564901
 30
0.0
 10
345.9222803918
 20
90.5108341794
 30
0.0
  0
SPLINE
  5
9F8
100
AcDbEntity
  8
0
100
AcDbSpline
 62
7
  6
CONTINUOUS
 70
0
 71
3
 72
17
 73
13
 74
0
 42
0.0000001
 43
0.0000001
 44
0.0000000001
 40
0.0
 40
0.0
 40
0.0
 40
0.0
 40
0.0281173215
 40
0.0605398473
 40
0.0999163917
 40
0.1472424389
 40
0.2650424016
 40
0.4081362439
 40
0.5658519994
 40
0.7254404048
 40
0.8740242252
 40
1.0
 40
1.0
 40
1.0
 40
1.0
 10
343.2115495313
 20
91.2734535334
 30
0.0
 10
343.2115558633
 20
91.2637168905
 30
0.0
 10
343.2167316932
 20
91.2426159265
 30
0.0
 10
343.2374185369
 20
91.2141957398
 30
0.0
 10
343.2695980278
 20
91.1879186932
 30
0.0
 10
343.3315880009
 20
91.1531894313
 30
0.0
 10
343.4336809701
 20
91.1194578649
 30
0.0
 10
343.5766117945
 20
91.0938307474
 30
0.0
 10
343.7360241857
 20
91.0834340329
 30
0.0
 10
343.8975509378
 20
91.0891879564
 30
0.0
 10
344.0466047284
 20
91.1106214219
 30
0.0
 10
344.1386934462
 20
91.1364298967
 30
0.0
 10
344.1790983089
 20
91.1528759783
 30
0.0
  0
SPLINE
  5
9F9
100
AcDbEntity
  8
AUSFORMSCHRAEGEN
100
AcDbSpline
 62
7
  6
CONTINUOUS
 70
0
 71
3
 72
9
 73
5
 74
0
 42
0.0000001
 43
0.0000001
 44
0.0000000001
 40
0.0
 40
0.0
 40
0.0
 40
0.0
 40
0.2443353549
 40
1.0
 40
1.0
 40
1.0
 40
1.0
 10
380.6160998949
 20
96.4163229028
 30
0.0
 10
380.6533795443
 20
96.828220581
 30
0.0
 10
380.766243543
 20
98.517471277
 30
0.0
 10
380.7247240776
 20
100.2161862024
 30
0.0
 10
380.6160998949
 20
101.490663055
 30
0.0
  0
LINE
  5
9FA
100
AcDbEntity
  8
RUNDUNGEN
100
AcDbLine
 62
7
  6
CONTINUOUS
 10
380.6160998949
 20
96.4163229028
 11
379.0317732251
 21
95.9272402798
  0
LINE
  5
9FB
100
AcDbEntity
  8
RUNDUNGEN
100
AcDbLine
 62
7
  6
CONTINUOUS
 10
379.0317732251
 20
95.9272402798
 11
377.8747596647
 21
95.5700701039
  0
SPLINE
  5
9FC
100
AcDbEntity
  8
0
100
AcDbSpline
 62
7
  6
CONTINUOUS
 70
0
 71
3
 72
11
 73
7
 74
0
 42
0.0000001
 43
0.0000001
 44
0.0000000001
 40
0.0
 40
0.0
 40
0.0
 40
0.0
 40
0.3295167901
 40
0.60119816
 40
0.8182683659
 40
1.0
 40
1.0
 40
1.0
 40
1.0
 10
343.3400005804
 20
91.3940258906
 30
0.0
 10
343.3211820802
 20
91.3863661544
 30
0.0
 10
343.2875506998
 20
91.3704414749
 30
0.0
 10
343.2459048265
 20
91.3414065815
 30
0.0
 10
343.218610628
 20
91.3093929807
 30
0.0
 10
343.2115422442
 20
91.2846589158
 30
0.0
 10
343.2115495313
 20
91.2734535334
 30
0.0
  0
SPLINE
  5
9FD
100
AcDbEntity
  8
0
100
AcDbSpline
 62
7
  6
CONTINUOUS
 70
0
 71
3
 72
11
 73
7
 74
0
 42
0.0000001
 43
0.0000001
 44
0.0000000001
 40
0.0
 40
0.0
 40
0.0
 40
0.0
 40
0.3421985047
 40
0.6205420941
 40
0.8334237646
 40
1.0
 40
1.0
 40
1.0
 40
1.0
 10
345.2172052171
 20
90.7978225048
 30
0.0
 10
345.1892059978
 20
90.7897757552
 30
0.0
 10
345.1390623588
 20
90.7725133353
 30
0.0
 10
345.0762063969
 20
90.7388824471
 30
0.0
 10
345.0337621803
 20
90.7007801659
 30
0.0
 10
345.0217746665
 20
90.668510898
 30
0.0
 10
345.021773013
 20
90.654329675
 30
0.0
  0
SPLINE
  5
9FE
100
AcDbEntity
  8
RUNDUNGEN
100
AcDbSpline
 62
9
  6
CONTINUOUS
 70
0
 71
3
 72
9
 73
5
 74
0
 42
0.0000001
 43
0.0000001
 44
0.0000000001
 40
0.0
 40
0.0
 40
0.0
 40
0.0
 40
0.4850994403
 40
1.0
 40
1.0
 40
1.0
 40
1.0
 10
397.1199946239
 20
116.745180681
 30
0.0
 10
397.0999133151
 20
116.7520582404
 30
0.0
 10
397.0555597274
 20
116.7584528875
 30
0.0
 10
397.0118659344
 20
116.7498721051
 30
0.0
 10
396.9905479305
 20
116.7425809183
 30
0.0
  0
SPLINE
  5
9FF
100
AcDbEntity
  8
0
100
AcDbSpline
 62
7
  6
CONTINUOUS
 70
0
 71
3
 72
11
 73
7
 74
0
 42
0.0000001
 43
0.0000001
 44
0.0000000001
 40
0.0
 40
0.0
 40
0.0
 40
0.0
 40
0.3421985047
 40
0.6205420941
 40
0.8334237646
 40
1.0
 40
1.0
 40
1.0
 40
1.0
 10
337.5804519803
 20
93.4097459414
 30
0.0
 10
337.552452761
 20
93.4016991918
 30
0.0
 10
337.502309122
 20
93.3844367719
 30
0.0
 10
337.4394531601
 20
93.3508058837
 30
0.0
 10
337.3970089435
 20
93.3127036025
 30
0.0
 10
337.3850214297
 20
93.2804343346
 30
0.0
 10
337.3850197762
 20
93.2662531116
 30
0.0
  0
SPLINE
  5
A00
100
AcDbEntity
  8
RUNDUNGEN
100
AcDbSpline
 62
9
  6
CONTINUOUS
 70
0
 71
3
 72
11
 73
7
 74
0
 42
0.0000001
 43
0.0000001
 44
0.0000000001
 40
0.0
 40
0.0
 40
0.0
 40
0.0
 40
0.1736783644
 40
0.3883412249
 40
0.6636797707
 40
1.0
 40
1.0
 40
1.0
 40
1.0
 10
399.9361323446
 20
105.0654746331
 30
0.0
 10
399.9361323446
 20
105.0562207769
 30
0.0
 10
399.9293035115
 20
105.0354716498
 30
0.0
 10
399.9041225457
 20
105.0097324518
 30
0.0
 10
399.8662639633
 20
104.9867786115
 30
0.0
 10
399.8359304458
 20
104.9745358149
 30
0.0
 10
399.8189750571
 20
104.9687367305
 30
0.0
  0
SPLINE
  5
A01
100
AcDbEntity
  8
RUNDUNGEN
100
AcDbSpline
 62
9
  6
CONTINUOUS
 70
0
 71
3
 72
11
 73
7
 74
0
 42
0.0000001
 43
0.0000001
 44
0.0000000001
 40
0.0
 40
0.0
 40
0.0
 40
0.0
 40
0.1736783607
 40
0.388341221
 40
0.6636797704
 40
1.0
 40
1.0
 40
1.0
 40
1.0
 10
399.9361323446
 20
112.113169289
 30
0.0
 10
399.9361323446
 20
112.1039154329
 30
0.0
 10
399.9293035115
 20
112.0831663059
 30
0.0
 10
399.9041225455
 20
112.0574271078
 30
0.0
 10
399.8662639636
 20
112.0344732658
 30
0.0
 10
399.8359304459
 20
112.0222304684
 30
0.0
 10
399.8189750571
 20
112.0164313839
 30
0.0
  0
SPLINE
  5
A02
100
AcDbEntity
  8
0
100
AcDbSpline
 62
7
  6
CONTINUOUS
 70
0
 71
3
 72
11
 73
7
 74
0
 42
0.0000001
 43
0.0000001
 44
0.0000000001
 40
0.0
 40
0.0
 40
0.0
 40
0.0
 40
0.3295167901
 40
0.60119816
 40
0.8182683659
 40
1.0
 40
1.0
 40
1.0
 40
1.0
 10
335.7032473436
 20
94.0059493272
 30
0.0
 10
335.6844288434
 20
93.998289591
 30
0.0
 10
335.650797463
 20
93.9823649115
 30
0.0
 10
335.6091515897
 20
93.9533300181
 30
0.0
 10
335.5818573912
 20
93.9213164173
 30
0.0
 10
335.5747890074
 20
93.8965823524
 30
0.0
 10
335.5747962945
 20
93.88537697
 30
0.0
  0
SPLINE
  5
A03
100
AcDbEntity
  8
RUNDUNGEN
100
AcDbSpline
 62
9
  6
CONTINUOUS
 70
0
 71
3
 72
25
 73
21
 74
0
 42
0.0000001
 43
0.0000001
 44
0.0000000001
 40
0.0
 40
0.0
 40
0.0
 40
0.0
 40
0.023762183
 40
0.0476972255
 40
0.0719672634
 40
0.0967213375
 40
0.1481192999
 40
0.202722308
 40
0.2608995718
 40
0.3226593744
 40
0.387707744
 40
0.4555131187
 40
0.5253677115
 40
0.5964438624
 40
0.6678463308
 40
0.7386623434
 40
0.8080106576
 40
0.8750930344
 40
0.9392441818
 40
1.0
 40
1.0
 40
1.0
 40
1.0
 10
380.5226619001
 20
87.9212727774
 30
0.0
 10
380.8566011024
 20
88.0354849842
 30
0.0
 10
381.5143847383
 20
88.3033985102
 30
0.0
 10
382.4540724674
 20
88.8173060632
 30
0.0
 10
383.3431266787
 20
89.4407822937
 30
0.0
 10
384.4672895463
 20
90.4247599147
 30
0.0
 10
385.7208021308
 20
91.9259686159
 30
0.0
 10
386.9211710521
 20
94.0617864233
 30
0.0
 10
387.8160454648
 20
96.505423462
 30
0.0
 10
388.3877651272
 20
99.2011520318
 30
0.0
 10
388.6255824373
 20
102.0889189521
 30
0.0
 10
388.5250798248
 20
105.1041889151
 30
0.0
 10
388.089014782
 20
108.179375779
 30
0.0
 10
387.3274243484
 20
111.2452926201
 30
0.0
 10
386.2575788493
 20
114.2328072451
 30
0.0
 10
384.9035869886
 20
117.0744983732
 30
0.0
 10
383.2959365666
 20
119.7062250911
 30
0.0
 10
381.4703029303
 20
122.0687460478
 30
0.0
 10
379.4678559522
 20
124.1084258993
 30
0.0
 10
378.0008309388
 20
125.2557082682
 30
0.0
 10
377.2499925062
 20
125.7562432744
 30
0.0
  0
SPLINE
  5
A04
100
AcDbEntity
  8
0
100
AcDbSpline
 62
7
  6
CONTINUOUS
 70
0
 71
3
 72
17
 73
13
 74
0
 42
0.0000001
 43
0.0000001
 44
0.0000000001
 40
0.0
 40
0.0
 40
0.0
 40
0.0
 40
0.0281173215
 40
0.0605398473
 40
0.0999163917
 40
0.1472424389
 40
0.2650424016
 40
0.4081362439
 40
0.5658519994
 40
0.7254404048
 40
0.8740242252
 40
1.0
 40
1.0
 40
1.0
 40
1.0
 10
396.7465882508
 20
117.4613062188
 30
0.0
 10
396.7465819188
 20
117.4710428616
 30
0.0
 10
396.7414060889
 20
117.4921438256
 30
0.0
 10
396.7207192452
 20
117.5205640124
 30
0.0
 10
396.6885397542
 20
117.5468410589
 30
0.0
 10
396.6265497812
 20
117.5815703208
 30
0.0
 10
396.524456812
 20
117.6153018873
 30
0.0
 10
396.3815259876
 20
117.6409290048
 30
0.0
 10
396.2221135964
 20
117.6513257192
 30
0.0
 10
396.0605868443
 20
117.6455717958
 30
0.0
 10
395.9115330537
 20
117.6241383302
 30
0.0
 10
395.8194443358
 20
117.5983298554
 30
0.0
 10
395.7790394732
 20
117.5818837738
 30
0.0
  0
SPLINE
  5
A05
100
AcDbEntity
  8
0
100
AcDbSpline
 62
7
  6
CONTINUOUS
 70
0
 71
3
 72
15
 73
11
 74
0
 42
0.0000001
 43
0.0000001
 44
0.0000000001
 40
0.0
 40
0.0
 40
0.0
 40
0.0
 40
0.1375101486
 40
0.1904695196
 40
0.2505129817
 40
0.3886801765
 40
0.543586705
 40
0.7045239296
 40
0.8603218117
 40
1.0
 40
1.0
 40
1.0
 40
1.0
 10
394.936364769
 20
118.0804300771
 30
0.0
 10
394.9363699128
 20
118.124546877
 30
0.0
 10
394.8738485904
 20
118.1723592355
 30
0.0
 10
394.8027800922
 20
118.2039007514
 30
0.0
 10
394.7257956959
 20
118.230298949
 30
0.0
 10
394.6149535487
 20
118.2536421129
 30
0.0
 10
394.4696790273
 20
118.2682317236
 30
0.0
 10
394.3181542078
 20
118.2687488256
 30
0.0
 10
394.1721366917
 20
118.2552316199
 30
0.0
 10
394.0789264128
 20
118.236303262
 30
0.0
 10
394.0358573903
 20
118.2239255727
 30
0.0
  0
SPLINE
  5
A06
100
AcDbEntity
  8
0
100
AcDbSpline
 62
7
  6
CONTINUOUS
 70
0
 71
3
 72
15
 73
11
 74
0
 42
0.0000001
 43
0.0000001
 44
0.0000000001
 40
0.0
 40
0.0
 40
0.0
 40
0.0
 40
0.1375101486
 40
0.1904695196
 40
0.2505129817
 40
0.3886801765
 40
0.543586705
 40
0.7045239296
 40
0.8603218117
 40
1.0
 40
1.0
 40
1.0
 40
1.0
 10
387.2996115322
 20
120.6923535137
 30
0.0
 10
387.299616676
 20
120.7364703136
 30
0.0
 10
387.2370953536
 20
120.7842826721
 30
0.0
 10
387.1660268554
 20
120.815824188
 30
0.0
 10
387.089042459
 20
120.8422223856
 30
0.0
 10
386.9782003119
 20
120.8655655495
 30
0.0
 10
386.8329257905
 20
120.8801551602
 30
0.0
 10
386.681400971
 20
120.8806722622
 30
0.0
 10
386.5353834549
 20
120.8671550565
 30
0.0
 10
386.442173176
 20
120.8482266986
 30
0.0
 10
386.3991041534
 20
120.8358490093
 30
0.0
  0
SPLINE
  5
A07
100
AcDbEntity
  8
0
100
AcDbSpline
 62
7
  6
CONTINUOUS
 70
0
 71
3
 72
17
 73
13
 74
0
 42
0.0000001
 43
0.0000001
 44
0.0000000001
 40
0.0
 40
0.0
 40
0.0
 40
0.0
 40
0.0281173215
 40
0.0605398473
 40
0.0999163917
 40
0.1472424389
 40
0.2650424016
 40
0.4081362439
 40
0.5658519994
 40
0.7254404048
 40
0.8740242252
 40
1.0
 40
1.0
 40
1.0
 40
1.0
 10
389.109835014
 20
120.0732296554
 30
0.0
 10
389.109828682
 20
120.0829662982
 30
0.0
 10
389.104652852
 20
120.1040672622
 30
0.0
 10
389.0839660083
 20
120.132487449
 30
0.0
 10
389.0517865174
 20
120.1587644955
 30
0.0
 10
388.9897965444
 20
120.1934937574
 30
0.0
 10
388.8877035752
 20
120.2272253238
 30
0.0
 10
388.7447727508
 20
120.2528524414
 30
0.0
 10
388.5853603595
 20
120.2632491558
 30
0.0
 10
388.4238336075
 20
120.2574952324
 30
0.0
 10
388.2747798169
 20
120.2360617668
 30
0.0
 10
388.182691099
 20
120.210253292
 30
0.0
 10
388.1422862364
 20
120.1938072104
 30
0.0
  0
SPLINE
  5
A08
100
AcDbEntity
  8
0
100
AcDbSpline
 62
7
  6
CONTINUOUS
 70
0
 71
3
 72
9
 73
5
 74
0
 42
0.0000001
 43
0.0000001
 44
0.0000000001
 40
0.0
 40
0.0
 40
0.0
 40
0.0
 40
0.5113479854
 40
1.0
 40
1.0
 40
1.0
 40
1.0
 10
330.9780239186
 20
100.8675463816
 30
0.0
 10
330.9141686811
 20
100.7882552738
 30
0.0
 10
330.7695278764
 20
100.6475352973
 30
0.0
 10
330.590106743
 20
100.5537164496
 30
0.0
 10
330.4980438779
 20
100.5222622983
 30
0.0
  0
SPLINE
  5
A09
100
AcDbEntity
  8
0
100
AcDbSpline
 62
7
  6
CONTINUOUS
 70
0
 71
3
 72
8
 73
4
 74
0
 42
0.0000001
 43
0.0000001
 44
0.0000000001
 40
0.0
 40
0.0
 40
0.0
 40
0.0
 40
1.0
 40
1.0
 40
1.0
 40
1.0
 10
329.3911396509
 20
100.3851026644
 30
0.0
 10
329.3911396509
 20
100.397296102
 30
0.0
 10
329.3920629561
 20
100.4095337764
 30
0.0
 10
329.3940168359
 20
100.4215696509
 30
0.0
  0
SPLINE
  5
A0A
100
AcDbEntity
  8
0
100
AcDbSpline
 62
7
  6
CONTINUOUS
 70
0
 71
3
 72
10
 73
6
 74
0
 42
0.0000001
 43
0.0000001
 44
0.0000000001
 40
0.0
 40
0.0
 40
0.0
 40
0.0
 40
0.2188224357
 40
0.6021287076
 40
1.0
 40
1.0
 40
1.0
 40
1.0
 10
329.5325610072
 20
95.0752506033
 30
0.0
 10
329.5125990932
 20
95.08207798
 30
0.0
 10
329.4624448874
 20
95.1146949004
 30
0.0
 10
329.4080203106
 20
95.1975558481
 30
0.0
 10
329.3911396509
 20
95.2731983798
 30
0.0
 10
329.3911396509
 20
95.31155808
 30
0.0
  0
SPLINE
  5
A0B
100
AcDbEntity
  8
RUNDUNGEN
100
AcDbSpline
 62
9
  6
CONTINUOUS
 70
0
 71
3
 72
9
 73
5
 74
0
 42
0.0000001
 43
0.0000001
 44
0.0000000001
 40
0.0
 40
0.0
 40
0.0
 40
0.0
 40
0.2528774173
 40
1.0
 40
1.0
 40
1.0
 40
1.0
 10
370.3114090782
 20
128.1638455506
 30
0.0
 10
370.3175788251
 20
128.1659557283
 30
0.0
 10
370.3423256107
 20
128.1732415454
 30
0.0
 10
370.3683780074
 20
128.1761136546
 30
0.0
 10
370.3876360972
 20
128.1755937203
 30
0.0
  0
SPLINE
  5
A0C
100
AcDbEntity
  8
RUNDUNGEN
100
AcDbSpline
 62
9
  6
CONTINUOUS
 70
0
 71
3
 72
9
 73
5
 74
0
 42
0.0000001
 43
0.0000001
 44
0.0000000001
 40
0.0
 40
0.0
 40
0.0
 40
0.0
 40
0.5370509879
 40
1.0
 40
1.0
 40
1.0
 40
1.0
 10
377.1420605843
 20
125.8276251435
 30
0.0
 10
377.1670860815
 20
125.8361843677
 30
0.0
 10
377.2163775602
 20
125.8463011336
 30
0.0
 10
377.2665605755
 20
125.835116093
 30
0.0
 10
377.2866453684
 20
125.8243266615
 30
0.0
  0
SPLINE
  5
A0D
100
AcDbEntity
  8
RUNDUNGEN
100
AcDbSpline
 62
7
  6
CONTINUOUS
 70
0
 71
3
 72
9
 73
5
 74
0
 42
0.0000001
 43
0.0000001
 44
0.0000000001
 40
0.0
 40
0.0
 40
0.0
 40
0.0
 40
0.2465615389
 40
1.0
 40
1.0
 40
1.0
 40
1.0
 10
377.233048476
 20
96.2538497785
 30
0.0
 10
377.2466720674
 20
96.5058643777
 30
0.0
 10
377.2877778094
 20
97.5287107628
 30
0.0
 10
377.2731987671
 20
98.5536797671
 30
0.0
 10
377.233048476
 20
99.3238601987
 30
0.0
  0
SPLINE
  5
A0E
100
AcDbEntity
  8
RUNDUNGEN
100
AcDbSpline
 62
9
  6
CONTINUOUS
 70
0
 71
3
 72
11
 73
7
 74
0
 42
0.0000001
 43
0.0000001
 44
0.0000000001
 40
0.0
 40
0.0
 40
0.0
 40
0.0
 40
0.2932990473
 40
0.4940981825
 40
0.6779390774
 40
1.0
 40
1.0
 40
1.0
 40
1.0
 10
369.6644063734
 20
122.8928534922
 30
0.0
 10
369.7286921086
 20
122.8483360435
 30
0.0
 10
369.8321956447
 20
122.7658508868
 30
0.0
 10
369.9553128535
 20
122.6325173778
 30
0.0
 10
370.0608689448
 20
122.4763463207
 30
0.0
 10
370.1058238731
 20
122.3428727221
 30
0.0
 10
370.1094774947
 20
122.2570874241
 30
0.0
  0
SPLINE
  5
A0F
100
AcDbEntity
  8
RUNDUNGEN
100
AcDbSpline
 62
9
  6
CONTINUOUS
 70
0
 71
3
 72
9
 73
5
 74
0
 42
0.0000001
 43
0.0000001
 44
0.0000000001
 40
0.0
 40
0.0
 40
0.0
 40
0.0
 40
0.2530066997
 40
1.0
 40
1.0
 40
1.0
 40
1.0
 10
370.3114090782
 20
128.1638455506
 30
0.0
 10
370.1358274871
 20
128.1687525381
 30
0.0
 10
369.4414926899
 20
128.1703995245
 30
0.0
 10
368.746767354
 20
128.0994597331
 30
0.0
 10
368.2369737394
 20
128.0042899829
 30
0.0
  0
SPLINE
  5
A10
100
AcDbEntity
  8
RUNDUNGEN
100
AcDbSpline
 62
9
  6
CONTINUOUS
 70
0
 71
3
 72
13
 73
9
 74
0
 42
0.0000001
 43
0.0000001
 44
0.0000000001
 40
0.0
 40
0.0
 40
0.0
 40
0.0
 40
0.2237649054
 40
0.3471065726
 40
0.4758971955
 40
0.6080345926
 40
0.7411188453
 40
1.0
 40
1.0
 40
1.0
 40
1.0
 10
397.3072264756
 20
116.6105801021
 30
0.0
 10
397.6734052667
 20
116.4304949897
 30
0.0
 10
398.1848858295
 20
116.0309242942
 30
0.0
 10
398.7410081309
 20
115.3636679535
 30
0.0
 10
399.1156524702
 20
114.7687045144
 30
0.0
 10
399.4205665813
 20
114.1160054876
 30
0.0
 10
399.7187162764
 20
113.2065617406
 30
0.0
 10
399.8189750573
 20
112.4885362486
 30
0.0
 10
399.8189750571
 20
112.0164313839
 30
0.0
  0
SPLINE
  5
A11
100
AcDbEntity
  8
RUNDUNGEN
100
AcDbSpline
 62
9
  6
CONTINUOUS
 70
0
 71
3
 72
14
 73
10
 74
0
 42
0.0000001
 43
0.0000001
 44
0.0000000001
 40
0.0
 40
0.0
 40
0.0
 40
0.0
 40
0.2888018129
 40
0.4231424312
 40
0.5501381223
 40
0.6701068916
 40
0.7839342042
 40
0.8931924675
 40
1.0
 40
1.0
 40
1.0
 40
1.0
 10
399.8189750571
 20
104.968736728
 30
0.0
 10
399.8189750572
 20
104.6400004315
 30
0.0
 10
399.7717053985
 20
104.1552106705
 30
0.0
 10
399.5961384803
 20
103.5526412168
 30
0.0
 10
399.4185185195
 20
103.154908795
 30
0.0
 10
399.1949946912
 20
102.8082697273
 30
0.0
 10
398.9288706879
 20
102.5195535413
 30
0.0
 10
398.6250949357
 20
102.2948984964
 30
0.0
 10
398.4000336688
 20
102.1907370154
 30
0.0
 10
398.2850067376
 20
102.1513714253
 30
0.0
  0
SPLINE
  5
A12
100
AcDbEntity
  8
RUNDUNGEN
100
AcDbSpline
 62
9
  6
CONTINUOUS
 70
0
 71
3
 72
9
 73
5
 74
0
 42
0.0000001
 43
0.0000001
 44
0.0000000001
 40
0.0
 40
0.0
 40
0.0
 40
0.0
 40
0.2519466611
 40
1.0
 40
1.0
 40
1.0
 40
1.0
 10
369.2931753133
 20
123.143148278
 30
0.0
 10
369.2685346831
 20
123.1499464401
 30
0.0
 10
369.1701017832
 20
123.1745503633
 30
0.0
 10
369.0691667833
 20
123.1894229247
 30
0.0
 10
368.9934241699
 20
123.1942085824
 30
0.0
  0
SPLINE
  5
A13
100
AcDbEntity
  8
RUNDUNGEN
100
AcDbSpline
 62
9
  6
CONTINUOUS
 70
0
 71
3
 72
11
 73
7
 74
0
 42
0.0000001
 43
0.0000001
 44
0.0000000001
 40
0.0
 40
0.0
 40
0.0
 40
0.0
 40
0.2658798585
 40
0.5309219417
 40
0.7793345759
 40
1.0
 40
1.0
 40
1.0
 40
1.0
 10
371.1731514938
 20
127.0952539098
 30
0.0
 10
371.1610009802
 20
127.206024819
 30
0.0
 10
371.1101620735
 20
127.4249628037
 30
0.0
 10
370.9675285654
 20
127.7217654044
 30
0.0
 10
370.7721934943
 20
127.9632493518
 30
0.0
 10
370.6072535104
 20
128.0779610043
 30
0.0
 10
370.5223729627
 20
128.1146867893
 30
0.0
  0
SPLINE
  5
A14
100
AcDbEntity
  8
RUNDUNGEN
100
AcDbSpline
 62
9
  6
CONTINUOUS
 70
0
 71
3
 72
9
 73
5
 74
0
 42
0.0000001
 43
0.0000001
 44
0.0000000001
 40
0.0
 40
0.0
 40
0.0
 40
0.0
 40
0.2576502386
 40
1.0
 40
1.0
 40
1.0
 40
1.0
 10
370.5223729627
 20
128.1146867893
 30
0.0
 10
370.511011707
 20
128.1196025332
 30
0.0
 10
370.4664089267
 20
128.1374700783
 30
0.0
 10
370.419747737
 20
128.1503391889
 30
0.0
 10
370.3846029902
 20
128.1564210668
 30
0.0
  0
SPLINE
  5
A15
100
AcDbEntity
  8
RUNDUNGEN
100
AcDbSpline
 62
9
  6
CONTINUOUS
 70
0
 71
3
 72
9
 73
5
 74
0
 42
0.0000001
 43
0.0000001
 44
0.0000000001
 40
0.0
 40
0.0
 40
0.0
 40
0.0
 40
0.2536223046
 40
1.0
 40
1.0
 40
1.0
 40
1.0
 10
370.3846029902
 20
128.1564210668
 30
0.0
 10
370.3784715336
 20
128.1574821292
 30
0.0
 10
370.3542269703
 20
128.1612522576
 30
0.0
 10
370.329714207
 20
128.1633339762
 30
0.0
 10
370.3114090782
 20
128.1638455506
 30
0.0
  0
SPLINE
  5
A16
100
AcDbEntity
  8
RUNDUNGEN
100
AcDbSpline
 62
9
  6
CONTINUOUS
 70
0
 71
3
 72
11
 73
7
 74
0
 42
0.0000001
 43
0.0000001
 44
0.0000000001
 40
0.0
 40
0.0
 40
0.0
 40
0.0
 40
0.2741684563
 40
0.5295133326
 40
0.7691002154
 40
1.0
 40
1.0
 40
1.0
 40
1.0
 10
377.1420605845
 20
125.8276251434
 30
0.0
 10
377.1030385581
 20
125.853227231
 30
0.0
 10
377.0232826918
 20
125.8964859151
 30
0.0
 10
376.8971748261
 20
125.9352195865
 30
0.0
 10
376.7726727272
 20
125.9433528923
 30
0.0
 10
376.6930059244
 20
125.9276431593
 30
0.0
 10
376.6558184417
 20
125.9149146694
 30
0.0
  0
SPLINE
  5
A17
100
AcDbEntity
  8
RUNDUNGEN
100
AcDbSpline
 62
9
  6
CONTINUOUS
 70
0
 71
3
 72
9
 73
5
 74
0
 42
0.0000001
 43
0.0000001
 44
0.0000000001
 40
0.0
 40
0.0
 40
0.0
 40
0.0
 40
0.2371847484
 40
1.0
 40
1.0
 40
1.0
 40
1.0
 10
369.6644063734
 20
122.8928534922
 30
0.0
 10
369.6497772293
 20
122.8878500926
 30
0.0
 10
369.5887648558
 20
122.8648190497
 30
0.0
 10
369.5305186561
 20
122.8347620052
 30
0.0
 10
369.4879159069
 20
122.8091190033
 30
0.0
  0
SPLINE
  5
A18
100
AcDbEntity
  8
RUNDUNGEN
100
AcDbSpline
 62
7
  6
CONTINUOUS
 70
0
 71
3
 72
11
 73
7
 74
0
 42
0.0000001
 43
0.0000001
 44
0.0000000001
 40
0.0
 40
0.0
 40
0.0
 40
0.0
 40
0.294603499
 40
0.5559988619
 40
0.7863104379
 40
1.0
 40
1.0
 40
1.0
 40
1.0
 10
377.233048476
 20
96.2538497785
 30
0.0
 10
377.2287220228
 20
96.1738173298
 30
0.0
 10
377.2346555847
 20
96.0213181329
 30
0.0
 10
377.2944890096
 20
95.8132071494
 30
0.0
 10
377.4049756047
 20
95.6511068275
 30
0.0
 10
377.5116630265
 20
95.5853863683
 30
0.0
 10
377.5666678662
 20
95.5665645078
 30
0.0
  0
SPLINE
  5
A19
100
AcDbEntity
  8
RUNDUNGEN
100
AcDbSpline
 62
7
  6
CONTINUOUS
 70
0
 71
3
 72
12
 73
8
 74
0
 42
0.0000001
 43
0.0000001
 44
0.0000000001
 40
0.0
 40
0.0
 40
0.0
 40
0.0
 40
0.2186777513
 40
0.3398870802
 40
0.467671822
 40
0.734449922
 40
1.0
 40
1.0
 40
1.0
 40
1.0
 10
377.8747596647
 20
100.5191795262
 30
0.0
 10
377.7760064186
 20
100.4841844402
 30
0.0
 10
377.6357682346
 20
100.3897722125
 30
0.0
 10
377.488672778
 20
100.2203315623
 30
0.0
 10
377.3573163704
 20
100.009785413
 30
0.0
 10
377.2496871599
 20
99.7083145389
 30
0.0
 10
377.2264249724
 20
99.4509151404
 30
0.0
 10
377.233048476
 20
99.3238601987
 30
0.0
  0
SPLINE
  5
A1A
100
AcDbEntity
  8
BEZUGSACHSEN
100
AcDbSpline
 62
7
  6
CONTINUOUS
 70
0
 71
3
 72
16
 73
12
 74
0
 42
0.0000001
 43
0.0000001
 44
0.0000000001
 40
0.0
 40
0.0
 40
0.0
 40
0.0
 40
0.1367426625
 40
0.2778126267
 40
0.418626886
 40
0.5545976978
 40
0.6818719193
 40
0.7980457391
 40
0.9029995414
 40
0.9522245834
 40
1.0
 40
1.0
 40
1.0
 40
1.0
 10
356.7561720829
 20
112.9310342325
 30
0.0
 10
356.7561720829
 20
113.3239507217
 30
0.0
 10
356.6812512405
 20
114.1235156022
 30
0.0
 10
356.3723157497
 20
115.2911108549
 30
0.0
 10
355.8818343601
 20
116.3928973521
 30
0.0
 10
355.2374273269
 20
117.365624931
 30
0.0
 10
354.4741824484
 20
118.1541837348
 30
0.0
 10
353.6330371375
 20
118.7132891849
 30
0.0
 10
352.8835754575
 20
118.9620712952
 30
0.0
 10
352.3023077901
 20
119.0037917794
 30
0.0
 10
352.0232865456
 20
118.9748074177
 30
0.0
 10
351.8886373017
 20
118.9480714907
 30
0.0
  0
SPLINE
  5
A1B
100
AcDbEntity
  8
RUNDUNGEN
100
AcDbSpline
 62
7
  6
CONTINUOUS
 70
0
 71
3
 72
11
 73
7
 74
0
 42
0.0000001
 43
0.0000001
 44
0.0000000001
 40
0.0
 40
0.0
 40
0.0
 40
0.0
 40
0.2465692432
 40
0.5009411008
 40
0.7548442731
 40
1.0
 40
1.0
 40
1.0
 40
1.0
 10
357.463278864
 20
67.5839436721
 30
0.0
 10
357.463278864
 20
68.055653647
 30
0.0
 10
357.3733122771
 20
69.0155397199
 30
0.0
 10
357.0021937702
 20
70.4173218944
 30
0.0
 10
356.4134476866
 20
71.7395656457
 30
0.0
 10
355.882583839
 20
72.5401556275
 30
0.0
 10
355.5875090237
 20
72.9047064208
 30
0.0
  0
SPLINE
  5
A1C
100
AcDbEntity
  8
RUNDUNGEN
100
AcDbSpline
 62
7
  6
CONTINUOUS
 70
0
 71
3
 72
12
 73
8
 74
0
 42
0.0000001
 43
0.0000001
 44
0.0000000001
 40
0.0
 40
0.0
 40
0.0
 40
0.0
 40
0.2862104627
 40
0.5470338267
 40
0.7823452736
 40
0.8927374181
 40
1.0
 40
1.0
 40
1.0
 40
1.0
 10
355.5875090237
 20
72.9047064208
 30
0.0
 10
355.3076313811
 20
73.2504818354
 30
0.0
 10
354.7106307541
 20
73.8654319682
 30
0.0
 10
353.6853308391
 20
74.5392019621
 30
0.0
 10
352.7718915158
 20
74.8314639947
 30
0.0
 10
352.0658021197
 20
74.8704559615
 30
0.0
 10
351.7278405353
 20
74.8284054832
 30
0.0
 10
351.5650616446
 20
74.7923885162
 30
0.0
  0
SPLINE
  5
A1D
100
AcDbEntity
  8
RUNDUNGEN
100
AcDbSpline
 62
7
  6
CONTINUOUS
 70
0
 71
3
 72
13
 73
9
 74
0
 42
0.0000001
 43
0.0000001
 44
0.0000000001
 40
0.0
 40
0.0
 40
0.0
 40
0.0
 40
0.2628609397
 40
0.3978075307
 40
0.5310863801
 40
0.6599666049
 40
0.7821415964
 40
1.0
 40
1.0
 40
1.0
 40
1.0
 10
330.593221179
 20
121.8792904505
 30
0.0
 10
330.593221179
 20
122.6429452536
 30
0.0
 10
330.4186473767
 20
123.8045527115
 30
0.0
 10
329.9035345105
 20
125.2615048407
 30
0.0
 10
329.3796883106
 20
126.2933103705
 30
0.0
 10
328.7404895791
 20
127.2144473233
 30
0.0
 10
327.8070112174
 20
128.2080834093
 30
0.0
 10
326.949437425
 20
128.763693617
 30
0.0
 10
326.3505804918
 20
128.9685147511
 30
0.0
  0
SPLINE
  5
A1E
100
AcDbEntity
  8
BEZUGSACHSEN
100
AcDbSpline
 62
7
  6
CONTINUOUS
 70
0
 71
3
 72
9
 73
5
 74
0
 42
0.0000001
 43
0.0000001
 44
0.0000000001
 40
0.0
 40
0.0
 40
0.0
 40
0.0
 40
0.2545940879
 40
1.0
 40
1.0
 40
1.0
 40
1.0
 10
329.1790076166
 20
121.2907216905
 30
0.0
 10
329.2036975019
 20
121.2822772523
 30
0.0
 10
329.301313842
 20
121.2510209889
 30
0.0
 10
329.4014675312
 20
121.2275779012
 30
0.0
 10
329.4768408926
 20
121.2151033367
 30
0.0
  0
SPLINE
  5
A1F
100
AcDbEntity
  8
BEZUGSACHSEN
100
AcDbSpline
 62
7
  6
CONTINUOUS
 70
0
 71
3
 72
9
 73
5
 74
0
 42
0.0000001
 43
0.0000001
 44
0.0000000001
 40
0.0
 40
0.0
 40
0.0
 40
0.0
 40
0.2538952743
 40
1.0
 40
1.0
 40
1.0
 40
1.0
 10
329.4768408926
 20
121.2151033367
 30
0.0
 10
329.5009608161
 20
121.2111114019
 30
0.0
 10
329.5962765332
 20
121.1973926638
 30
0.0
 10
329.6928113249
 20
121.1918920847
 30
0.0
 10
329.7646482626
 20
121.1928823915
 30
0.0
  0
SPLINE
  5
A20
100
AcDbEntity
  8
BEZUGSACHSEN
100
AcDbSpline
 62
7
  6
CONTINUOUS
 70
0
 71
3
 72
9
 73
5
 74
0
 42
0.0000001
 43
0.0000001
 44
0.0000000001
 40
0.0
 40
0.0
 40
0.0
 40
0.0
 40
0.2545940879
 40
1.0
 40
1.0
 40
1.0
 40
1.0
 10
356.0490653017
 20
66.9953749121
 30
0.0
 10
356.073755187
 20
66.986930474
 30
0.0
 10
356.1713715271
 20
66.9556742105
 30
0.0
 10
356.2715252163
 20
66.9322311229
 30
0.0
 10
356.3468985777
 20
66.9197565584
 30
0.0
  0
SPLINE
  5
A21
100
AcDbEntity
  8
BEZUGSACHSEN
100
AcDbSpline
 62
7
  6
CONTINUOUS
 70
0
 71
3
 72
9
 73
5
 74
0
 42
0.0000001
 43
0.0000001
 44
0.0000000001
 40
0.0
 40
0.0
 40
0.0
 40
0.0
 40
0.2538952743
 40
1.0
 40
1.0
 40
1.0
 40
1.0
 10
356.3468985777
 20
66.9197565584
 30
0.0
 10
356.3710185012
 20
66.9157646236
 30
0.0
 10
356.4663342183
 20
66.9020458855
 30
0.0
 10
356.56286901
 20
66.8965453064
 30
0.0
 10
356.6347059477
 20
66.8975356131
 30
0.0
  0
SPLINE
  5
A22
100
AcDbEntity
  8
BEZUGSACHSEN
100
AcDbSpline
 62
7
  6
CONTINUOUS
 70
0
 71
3
 72
14
 73
10
 74
0
 42
0.0000001
 43
0.0000001
 44
0.0000000001
 40
0.0
 40
0.0
 40
0.0
 40
0.0
 40
0.1296520593
 40
0.2633195667
 40
0.398174004
 40
0.5313728988
 40
0.6601749193
 40
0.7822685469
 40
1.0
 40
1.0
 40
1.0
 40
1.0
 10
360.99881277
 20
113.4147237578
 30
0.0
 10
360.99881277
 20
113.8544300833
 30
0.0
 10
360.9316201903
 20
114.748467559
 30
0.0
 10
360.6494667539
 20
116.0727708514
 30
0.0
 10
360.1940025291
 20
117.3609850264
 30
0.0
 10
359.5830592713
 20
118.5643110864
 30
0.0
 10
358.8372457251
 20
119.6390342637
 30
0.0
 10
357.7482824876
 20
120.798316912
 30
0.0
 10
356.747751555
 20
121.4465206694
 30
0.0
 10
356.0490653017
 20
121.6854854419
 30
0.0
  0
SPLINE
  5
A23
100
AcDbEntity
  8
BEZUGSACHSEN
100
AcDbSpline
 62
7
  6
CONTINUOUS
 70
0
 71
3
 72
10
 73
6
 74
0
 42
0.0000001
 43
0.0000001
 44
0.0000000001
 40
0.0
 40
0.0
 40
0.0
 40
0.0
 40
0.5147601214
 40
0.7595069857
 40
1.0
 40
1.0
 40
1.0
 40
1.0
 10
329.1790076166
 20
130.8755864225
 30
0.0
 10
328.8054120661
 20
131.0033636262
 30
0.0
 10
328.2213675196
 20
131.1180416762
 30
0.0
 10
327.4528987651
 20
131.0696725613
 30
0.0
 10
327.0889093537
 20
130.9809566967
 30
0.0
 10
326.9143653093
 20
130.9212666893
 30
0.0
  0
SPLINE
  5
A24
100
AcDbEntity
  8
0
100
AcDbSpline
 62
7
  6
CONTINUOUS
 70
0
 71
3
 72
9
 73
5
 74
0
 42
0.0000001
 43
0.0000001
 44
0.0000000001
 40
0.0
 40
0.0
 40
0.0
 40
0.0
 40
0.2424851062
 40
1.0
 40
1.0
 40
1.0
 40
1.0
 10
347.568003991
 20
78.3977774628
 30
0.0
 10
347.3453885893
 20
78.4547964325
 30
0.0
 10
346.4341579115
 20
78.7162770538
 30
0.0
 10
345.5532313377
 20
79.07988738
 30
0.0
 10
344.9107184207
 20
79.4001157671
 30
0.0
  0
SPLINE
  5
A25
100
AcDbEntity
  8
0
100
AcDbSpline
 62
7
  6
CONTINUOUS
 70
0
 71
3
 72
9
 73
5
 74
0
 42
0.0000001
 43
0.0000001
 44
0.0000000001
 40
0.0
 40
0.0
 40
0.0
 40
0.0
 40
0.5130124613
 40
1.0
 40
1.0
 40
1.0
 40
1.0
 10
333.5598662914
 20
112.5893615136
 30
0.0
 10
333.8246478935
 20
113.1383662648
 30
0.0
 10
334.4059298884
 20
114.1787769019
 30
0.0
 10
335.124392635
 20
115.130942679
 30
0.0
 10
335.5071712207
 20
115.5648303208
 30
0.0
  0
SPLINE
  5
A26
100
AcDbEntity
  8
0
100
AcDbSpline
 62
7
  6
CONTINUOUS
 70
0
 71
3
 72
9
 73
5
 74
0
 42
0.0000001
 43
0.0000001
 44
0.0000000001
 40
0.0
 40
0.0
 40
0.0
 40
0.0
 40
0.241269169
 40
1.0
 40
1.0
 40
1.0
 40
1.0
 10
333.8864588971
 20
115.2522065409
 30
0.0
 10
333.9061325664
 20
115.2492284172
 30
0.0
 10
333.9884777491
 20
115.242214265
 30
0.0
 10
334.0719859232
 20
115.2570798148
 30
0.0
 10
334.1312233632
 20
115.2772386421
 30
0.0
  0
SPLINE
  5
A27
100
AcDbEntity
  8
0
100
AcDbSpline
 62
7
  6
CONTINUOUS
 70
0
 71
3
 72
10
 73
6
 74
0
 42
0.0000001
 43
0.0000001
 44
0.0000000001
 40
0.0
 40
0.0
 40
0.0
 40
0.0
 40
0.2440496357
 40
0.4906574037
 40
1.0
 40
1.0
 40
1.0
 40
1.0
 10
329.435452489
 20
114.8898583863
 30
0.0
 10
329.7674106606
 20
115.0035174217
 30
0.0
 10
330.4494461021
 20
115.1918946647
 30
0.0
 10
331.8734611176
 20
115.4067386583
 30
0.0
 10
332.972092773
 20
115.3756741412
 30
0.0
 10
333.6979829257
 20
115.2790262486
 30
0.0
  0
SPLINE
  5
A28
100
AcDbEntity
  8
0
100
AcDbSpline
 62
7
  6
CONTINUOUS
 70
0
 71
3
 72
25
 73
21
 74
0
 42
0.0000001
 43
0.0000001
 44
0.0000000001
 40
0.0
 40
0.0
 40
0.0
 40
0.0
 40
0.0583416913
 40
0.1208527441
 40
0.187070579
 40
0.256281045
 40
0.3275994064
 40
0.4000299321
 40
0.4725221338
 40
0.5440223474
 40
0.6135260288
 40
0.6801318272
 40
0.7431033648
 40
0.8019426429
 40
0.8564825002
 40
0.9069988873
 40
0.9310187468
 40
0.9543932516
 40
0.9773135812
 40
1.0
 40
1.0
 40
1.0
 40
1.0
 10
337.9845279086
 20
113.8489055861
 30
0.0
 10
338.7778290141
 20
113.4270453584
 30
0.0
 10
340.3473682361
 20
112.409914527
 30
0.0
 10
342.5180907606
 20
110.5030476397
 30
0.0
 10
344.5346275404
 20
108.206438047
 30
0.0
 10
346.3433026733
 20
105.5777682838
 30
0.0
 10
347.8977626187
 20
102.6826915408
 30
0.0
 10
349.1582475996
 20
99.5937053425
 30
0.0
 10
350.0929781272
 20
96.3881535213
 30
0.0
 10
350.6786890217
 20
93.1464289157
 30
0.0
 10
350.9012631153
 20
89.9501068682
 30
0.0
 10
350.7561662214
 20
86.8799741852
 30
0.0
 10
350.2488547743
 20
84.0140116625
 30
0.0
 10
349.3943628327
 20
81.4247450727
 30
0.0
 10
348.2179517143
 20
79.1775722295
 30
0.0
 10
346.973318412
 20
77.6084662737
 30
0.0
 10
345.8554306631
 20
76.5925041777
 30
0.0
 10
344.9757263272
 20
75.9568432181
 30
0.0
 10
344.0461754139
 20
75.4377190446
 30
0.0
 10
343.3946777746
 20
75.1699922717
 30
0.0
 10
343.0641204238
 20
75.0568521091
 30
0.0
  0
SPLINE
  5
A29
100
AcDbEntity
  8
FASEN
100
AcDbSpline
 62
7
  6
CONTINUOUS
 70
0
 71
3
 72
9
 73
5
 74
0
 42
0.0000001
 43
0.0000001
 44
0.0000000001
 40
0.0
 40
0.0
 40
0.0
 40
0.0
 40
0.5157568137
 40
1.0
 40
1.0
 40
1.0
 40
1.0
 10
328.6133221916
 20
127.1112786534
 30
0.0
 10
328.4425630085
 20
127.1696817331
 30
0.0
 10
328.0931717054
 20
127.2390375975
 30
0.0
 10
327.7386265806
 20
127.1870008781
 30
0.0
 10
327.5782802823
 20
127.1322271641
 30
0.0
  0
SPLINE
  5
A2A
100
AcDbEntity
  8
FASEN
100
AcDbSpline
 62
7
  6
CONTINUOUS
 70
0
 71
3
 72
9
 73
5
 74
0
 42
0.0000001
 43
0.0000001
 44
0.0000000001
 40
0.0
 40
0.0
 40
0.0
 40
0.0
 40
0.5157568137
 40
1.0
 40
1.0
 40
1.0
 40
1.0
 10
355.4833798767
 20
72.815931875
 30
0.0
 10
355.3126206936
 20
72.8743349548
 30
0.0
 10
354.9632293905
 20
72.9436908192
 30
0.0
 10
354.6086842657
 20
72.8916540998
 30
0.0
 10
354.4483379674
 20
72.8368803857
 30
0.0
  0
SPLINE
  5
A2B
100
AcDbEntity
  8
RUNDUNGEN
100
AcDbSpline
 62
7
  6
CONTINUOUS
 70
0
 71
3
 72
9
 73
5
 74
0
 42
0.0000001
 43
0.0000001
 44
0.0000000001
 40
0.0
 40
0.0
 40
0.0
 40
0.0
 40
0.5147776813
 40
1.0
 40
1.0
 40
1.0
 40
1.0
 10
326.3505804918
 20
128.9685147511
 30
0.0
 10
326.0837879682
 20
129.0597631683
 30
0.0
 10
325.5427493565
 20
129.1796318977
 30
0.0
 10
324.9872673772
 20
129.1488951581
 30
0.0
 10
324.7270842461
 20
129.0946547909
 30
0.0
  0
SPLINE
  5
A2C
100
AcDbEntity
  8
RUNDUNGEN
100
AcDbSpline
 62
7
  6
CONTINUOUS
 70
0
 71
3
 72
14
 73
10
 74
0
 42
0.0000001
 43
0.0000001
 44
0.0000000001
 40
0.0
 40
0.0
 40
0.0
 40
0.0
 40
0.1151326408
 40
0.2312326806
 40
0.3494865398
 40
0.470868923
 40
0.59628063
 40
0.7262837752
 40
1.0
 40
1.0
 40
1.0
 40
1.0
 10
324.7923782332
 20
130.1955243274
 30
0.0
 10
324.5613730683
 20
130.1165159078
 30
0.0
 10
324.1121897989
 20
129.9103493437
 30
0.0
 10
323.5092136724
 20
129.4720015867
 30
0.0
 10
322.9888400457
 20
128.9202152762
 30
0.0
 10
322.5598855439
 20
128.2717663098
 30
0.0
 10
322.2256310052
 20
127.5427715282
 30
0.0
 10
321.9026467033
 20
126.4654932901
 30
0.0
 10
321.8150465859
 20
125.6036972607
 30
0.0
 10
321.8150465859
 20
125.0232723649
 30
0.0
  0
SPLINE
  5
A2D
100
AcDbEntity
  8
RUNDUNGEN
100
AcDbSpline
 62
7
  6
CONTINUOUS
 70
0
 71
3
 72
14
 73
10
 74
0
 42
0.0000001
 43
0.0000001
 44
0.0000000001
 40
0.0
 40
0.0
 40
0.0
 40
0.0
 40
0.2592370951
 40
0.3916652208
 40
0.5227078104
 40
0.6502394132
 40
0.772659412
 40
0.8891773357
 40
1.0
 40
1.0
 40
1.0
 40
1.0
 10
321.8150465859
 20
79.9180265591
 30
0.0
 10
321.8150465867
 20
79.0570091269
 30
0.0
 10
322.0113329521
 20
77.7491214991
 30
0.0
 10
322.595041003
 20
76.1111469729
 30
0.0
 10
323.1896215333
 20
74.9517315692
 30
0.0
 10
323.9186792544
 20
73.912337808
 30
0.0
 10
324.7622225258
 20
73.0276298761
 30
0.0
 10
325.698243147
 20
72.3297900834
 30
0.0
 10
326.385797644
 20
72.0017303594
 30
0.0
 10
326.7340716958
 20
71.8826136183
 30
0.0
  0
SPLINE
  5
A2E
100
AcDbEntity
  8
RUNDUNGEN
100
AcDbSpline
 62
7
  6
CONTINUOUS
 70
0
 71
3
 72
11
 73
7
 74
0
 42
0.0000001
 43
0.0000001
 44
0.0000000001
 40
0.0
 40
0.0
 40
0.0
 40
0.0
 40
0.2561166697
 40
0.5069875123
 40
0.754281716
 40
1.0
 40
1.0
 40
1.0
 40
1.0
 10
353.6041293861
 20
62.6925126359
 30
0.0
 10
353.8169297048
 20
62.6197306406
 30
0.0
 10
354.249170069
 20
62.5052416648
 30
0.0
 10
354.9108947557
 20
62.4374103709
 30
0.0
 10
355.5658304012
 20
62.4799019813
 30
0.0
 10
355.9888934129
 20
62.5837094397
 30
0.0
 10
356.1930539979
 20
62.6535364723
 30
0.0
  0
LINE
  5
A2F
100
AcDbEntity
  8
RUNDUNGEN
100
AcDbLine
 62
7
  6
CONTINUOUS
 10
333.8481619285
 20
115.9815545643
 11
333.846424617
 21
115.9818113353
  0
SPLINE
  5
A30
100
AcDbEntity
  8
RUNDUNGEN
100
AcDbSpline
 62
7
  6
CONTINUOUS
 70
0
 71
3
 72
9
 73
5
 74
0
 42
0.0000001
 43
0.0000001
 44
0.0000000001
 40
0.0
 40
0.0
 40
0.0
 40
0.0
 40
0.512390757
 40
1.0
 40
1.0
 40
1.0
 40
1.0
 10
337.3675327109
 20
114.8053110151
 30
0.0
 10
336.7977757053
 20
115.0827342896
 30
0.0
 10
335.651697113
 20
115.557648599
 30
0.0
 10
334.450534861
 20
115.8721152028
 30
0.0
 10
333.8571888046
 20
115.9799181196
 30
0.0
  0
LINE
  5
A31
100
AcDbEntity
  8
RUNDUNGEN
100
AcDbLine
 62
7
  6
CONTINUOUS
 10
333.8571888046
 20
115.9799181196
 11
333.8481619285
 21
115.9815545644
  0
SPLINE
  5
A32
100
AcDbEntity
  8
RUNDUNGEN
100
AcDbSpline
 62
7
  6
CONTINUOUS
 70
0
 71
3
 72
9
 73
5
 74
0
 42
0.0000001
 43
0.0000001
 44
0.0000000001
 40
0.0
 40
0.0
 40
0.0
 40
0.0
 40
0.2413794784
 40
1.0
 40
1.0
 40
1.0
 40
1.0
 10
337.8289888276
 20
114.1561994531
 30
0.0
 10
337.8289888276
 20
114.1617263911
 30
0.0
 10
337.8286579029
 20
114.1846230273
 30
0.0
 10
337.8270605589
 20
114.2074969227
 30
0.0
 10
337.8252239343
 20
114.2247699144
 30
0.0
  0
SPLINE
  5
A33
100
AcDbEntity
  8
RUNDUNGEN
100
AcDbSpline
 62
7
  6
CONTINUOUS
 70
0
 71
3
 72
9
 73
5
 74
0
 42
0.0000001
 43
0.0000001
 44
0.0000000001
 40
0.0
 40
0.0
 40
0.0
 40
0.0
 40
0.2552540255
 40
1.0
 40
1.0
 40
1.0
 40
1.0
 10
337.8136173986
 20
114.2982272087
 30
0.0
 10
337.8082894453
 20
114.3236428399
 30
0.0
 10
337.7822981554
 20
114.4220212833
 30
0.0
 10
337.7379105086
 20
114.51592875
 30
0.0
 10
337.6944936412
 20
114.578021357
 30
0.0
  0
SPLINE
  5
A34
100
AcDbEntity
  8
RUNDUNGEN
100
AcDbSpline
 62
7
  6
CONTINUOUS
 70
0
 71
3
 72
9
 73
5
 74
0
 42
0.0000001
 43
0.0000001
 44
0.0000000001
 40
0.0
 40
0.0
 40
0.0
 40
0.0
 40
0.5993981283
 40
1.0
 40
1.0
 40
1.0
 40
1.0
 10
337.6944936412
 20
114.578021357
 30
0.0
 10
337.6718480225
 20
114.610407975
 30
0.0
 10
337.6291863531
 20
114.6612686479
 30
0.0
 10
337.5760689819
 20
114.70188783
 30
0.0
 10
337.5524753588
 20
114.7137590812
 30
0.0
  0
SPLINE
  5
A35
100
AcDbEntity
  8
RUNDUNGEN
100
AcDbSpline
 62
7
  6
CONTINUOUS
 70
0
 71
3
 72
9
 73
5
 74
0
 42
0.0000001
 43
0.0000001
 44
0.0000000001
 40
0.0
 40
0.0
 40
0.0
 40
0.0
 40
0.4847448191
 40
1.0
 40
1.0
 40
1.0
 40
1.0
 10
375.9923697405
 20
94.6635751425
 30
0.0
 10
375.9743174804
 20
94.6697529393
 30
0.0
 10
375.9393186334
 20
94.6902068709
 30
0.0
 10
375.9147683388
 20
94.7220978744
 30
0.0
 10
375.9048254018
 20
94.7397743218
 30
0.0
  0
SPLINE
  5
A36
100
AcDbEntity
  8
RUNDUNGEN
100
AcDbSpline
 62
7
  6
CONTINUOUS
 70
0
 71
3
 72
9
 73
5
 74
0
 42
0.0000001
 43
0.0000001
 44
0.0000000001
 40
0.0
 40
0.0
 40
0.0
 40
0.0
 40
0.2227354817
 40
1.0
 40
1.0
 40
1.0
 40
1.0
 10
375.9048254018
 20
94.7397743218
 30
0.0
 10
375.8975938701
 20
94.7526304616
 30
0.0
 10
375.8712729343
 20
94.8138299234
 30
0.0
 10
375.8676173337
 20
94.8826992194
 30
0.0
 10
375.8721152878
 20
94.9339758915
 30
0.0
  0
SPLINE
  5
A37
100
AcDbEntity
  8
AUSFORMSCHRAEGEN
100
AcDbSpline
 62
7
  6
CONTINUOUS
 70
0
 71
3
 72
11
 73
7
 74
0
 42
0.0000001
 43
0.0000001
 44
0.0000000001
 40
0.0
 40
0.0
 40
0.0
 40
0.0
 40
0.2629989519
 40
0.5154236228
 40
0.7599139088
 40
1.0
 40
1.0
 40
1.0
 40
1.0
 10
363.8272398947
 20
126.0900815465
 30
0.0
 10
363.2165528566
 20
126.2989488148
 30
0.0
 10
361.9902345431
 20
126.6288231577
 30
0.0
 10
360.1299175585
 20
126.8400977519
 30
0.0
 10
358.3153902346
 20
126.7519568536
 30
0.0
 10
357.1478035955
 20
126.4921233764
 30
0.0
 10
356.586012195
 20
126.314547995
 30
0.0
  0
SPLINE
  5
A38
100
AcDbEntity
  8
RUNDUNGEN
100
AcDbSpline
 62
7
  6
CONTINUOUS
 70
0
 71
3
 72
15
 73
11
 74
0
 42
0.0000001
 43
0.0000001
 44
0.0000000001
 40
0.0
 40
0.0
 40
0.0
 40
0.0
 40
0.1048274015
 40
0.2176335651
 40
0.3381318224
 40
0.4651984532
 40
0.5971169392
 40
0.7317762368
 40
0.8668496748
 40
1.0
 40
1.0
 40
1.0
 40
1.0
 10
363.8272398947
 20
126.0900815465
 30
0.0
 10
364.8266143009
 20
125.7482753689
 30
0.0
 10
366.8272973786
 20
124.8102146994
 30
0.0
 10
369.6128412238
 20
122.8231127745
 30
0.0
 10
372.2135872888
 20
120.2701131628
 30
0.0
 10
374.5513517499
 20
117.230482222
 30
0.0
 10
376.5570083163
 20
113.7971610966
 30
0.0
 10
378.1696933466
 20
110.0750589664
 30
0.0
 10
379.340320626
 20
106.1790069149
 30
0.0
 10
379.8081241798
 20
103.5092559561
 30
0.0
 10
379.9561451515
 20
102.1758626629
 30
0.0
  0
SPLINE
  5
A39
100
AcDbEntity
  8
RUNDUNGEN
100
AcDbSpline
 62
7
  6
CONTINUOUS
 70
0
 71
3
 72
10
 73
6
 74
0
 42
0.0000001
 43
0.0000001
 44
0.0000000001
 40
0.0
 40
0.0
 40
0.0
 40
0.0
 40
0.458143833
 40
0.7279792764
 40
1.0
 40
1.0
 40
1.0
 40
1.0
 10
379.7239695086
 20
101.6893524175
 30
0.0
 10
379.8050449872
 20
101.720131433
 30
0.0
 10
379.9041265177
 20
101.8394018747
 30
0.0
 10
379.9580802094
 20
102.0202576415
 30
0.0
 10
379.9618262352
 20
102.124686678
 30
0.0
 10
379.9561451515
 20
102.1758626629
 30
0.0
  0
SPLINE
  5
A3A
100
AcDbEntity
  8
RUNDUNGEN
100
AcDbSpline
 62
7
  6
CONTINUOUS
 70
0
 71
3
 72
9
 73
5
 74
0
 42
0.0000001
 43
0.0000001
 44
0.0000000001
 40
0.0
 40
0.0
 40
0.0
 40
0.0
 40
0.2553650043
 40
1.0
 40
1.0
 40
1.0
 40
1.0
 10
375.8721152878
 20
99.8333849229
 30
0.0
 10
375.906532745
 20
99.4174830194
 30
0.0
 10
376.0086984012
 20
97.7863925452
 30
0.0
 10
375.9784525985
 20
96.1462211246
 30
0.0
 10
375.8721152878
 20
94.9339758915
 30
0.0
  0
SPLINE
  5
A3B
100
AcDbEntity
  8
RUNDUNGEN
100
AcDbSpline
 62
7
  6
CONTINUOUS
 70
0
 71
3
 72
11
 73
7
 74
0
 42
0.0000001
 43
0.0000001
 44
0.0000000001
 40
0.0
 40
0.0
 40
0.0
 40
0.0
 40
0.2988915433
 40
0.5609619183
 40
0.7891206006
 40
1.0
 40
1.0
 40
1.0
 40
1.0
 10
379.9561451515
 20
95.6021314964
 30
0.0
 10
379.9598725428
 20
95.6331586649
 30
0.0
 10
379.9614175875
 20
95.6923331798
 30
0.0
 10
379.9429951253
 20
95.7738760711
 30
0.0
 10
379.9032747354
 20
95.8376611322
 30
0.0
 10
379.8628801019
 20
95.8632977003
 30
0.0
 10
379.8420192979
 20
95.8704357821
 30
0.0
  0
SPLINE
  5
A3C
100
AcDbEntity
  8
RUNDUNGEN
100
AcDbSpline
 62
7
  6
CONTINUOUS
 70
0
 71
3
 72
14
 73
10
 74
0
 42
0.0000001
 43
0.0000001
 44
0.0000000001
 40
0.0
 40
0.0
 40
0.0
 40
0.0
 40
0.2836259263
 40
0.4161619392
 40
0.5424189988
 40
0.6628597596
 40
0.7783656107
 40
0.8902106469
 40
1.0
 40
1.0
 40
1.0
 40
1.0
 10
379.9561451515
 20
95.6021314964
 30
0.0
 10
379.7729853457
 20
94.0774914331
 30
0.0
 10
379.2989412135
 20
91.8523747768
 30
0.0
 10
378.2008317399
 20
89.1226230546
 30
0.0
 10
377.2009261108
 20
87.3223301454
 30
0.0
 10
376.018767889
 20
85.7492826688
 30
0.0
 10
374.6686700154
 20
84.4254107624
 30
0.0
 10
373.1687809569
 20
83.3708863683
 30
0.0
 10
372.0770168648
 20
82.8558808832
 30
0.0
 10
371.5192283058
 20
82.6504385917
 30
0.0
  0
SPLINE
  5
A3D
100
AcDbEntity
  8
FASEN
100
AcDbSpline
 62
7
  6
CONTINUOUS
 70
0
 71
3
 72
9
 73
5
 74
0
 42
0.0000001
 43
0.0000001
 44
0.0000000001
 40
0.0
 40
0.0
 40
0.0
 40
0.0
 40
0.2546967404
 40
1.0
 40
1.0
 40
1.0
 40
1.0
 10
355.740634658
 20
72.7083962744
 30
0.0
 10
355.7194047687
 20
72.7188886846
 30
0.0
 10
355.635429271
 20
72.758807364
 30
0.0
 10
355.5489477249
 20
72.7935063503
 30
0.0
 10
355.4833798767
 20
72.815931875
 30
0.0
  0
SPLINE
  5
A3E
100
AcDbEntity
  8
0
100
AcDbSpline
 62
7
  6
CONTINUOUS
 70
0
 71
3
 72
13
 73
9
 74
0
 42
0.0000001
 43
0.0000001
 44
0.0000000001
 40
0.0
 40
0.0
 40
0.0
 40
0.0
 40
0.280787394
 40
0.558612648
 40
0.6854499681
 40
0.8002750919
 40
0.9037052714
 40
1.0
 40
1.0
 40
1.0
 40
1.0
 10
353.0077015073
 20
111.0191428575
 30
0.0
 10
353.0077015073
 20
110.9359632152
 30
0.0
 10
353.0399290348
 20
110.7698732511
 30
0.0
 10
353.1417838055
 20
110.5891128498
 30
0.0
 10
353.2538128084
 20
110.4820155767
 30
0.0
 10
353.3432015376
 20
110.4299869258
 30
0.0
 10
353.4353905027
 20
110.4080246428
 30
0.0
 10
353.4957531089
 20
110.4158214502
 30
0.0
 10
353.5227488132
 20
110.425039295
 30
0.0
  0
SPLINE
  5
A3F
100
AcDbEntity
  8
0
100
AcDbSpline
 62
7
  6
CONTINUOUS
 70
0
 71
3
 72
13
 73
9
 74
0
 42
0.0000001
 43
0.0000001
 44
0.0000000001
 40
0.0
 40
0.0
 40
0.0
 40
0.0
 40
0.0972574776
 40
0.203871125
 40
0.321731749
 40
0.4503606588
 40
0.7265758851
 40
1.0
 40
1.0
 40
1.0
 40
1.0
 10
351.7389357472
 20
117.8210150027
 30
0.0
 10
351.7146530602
 20
117.8067245468
 30
0.0
 10
351.6692747021
 20
117.7668111998
 30
0.0
 10
351.6211702893
 20
117.6856234505
 30
0.0
 10
351.592707204
 20
117.5863920598
 30
0.0
 10
351.5820749272
 20
117.434476538
 30
0.0
 10
351.62155488
 20
117.2382232235
 30
0.0
 10
351.7007624519
 20
117.096098057
 30
0.0
 10
351.7517615428
 20
117.0354883975
 30
0.0
  0
SPLINE
  5
A40
100
AcDbEntity
  8
0
100
AcDbSpline
 62
7
  6
CONTINUOUS
 70
0
 71
3
 72
11
 73
7
 74
0
 42
0.0000001
 43
0.0000001
 44
0.0000000001
 40
0.0
 40
0.0
 40
0.0
 40
0.0
 40
0.2877670774
 40
0.5481015864
 40
0.7822828536
 40
1.0
 40
1.0
 40
1.0
 40
1.0
 10
351.7517615428
 20
117.0354883975
 30
0.0
 10
351.7764704776
 20
117.0061231657
 30
0.0
 10
351.8291043504
 20
116.9544633915
 30
0.0
 10
351.919525358
 20
116.9001407501
 30
0.0
 10
352.0132677883
 20
116.8764701045
 30
0.0
 10
352.0748232331
 20
116.8841370074
 30
0.0
 10
352.1023590732
 20
116.8933480084
 30
0.0
  0
SPLINE
  5
A41
100
AcDbEntity
  8
0
100
AcDbSpline
 62
7
  6
CONTINUOUS
 70
0
 71
3
 72
11
 73
7
 74
0
 42
0.0000001
 43
0.0000001
 44
0.0000000001
 40
0.0
 40
0.0
 40
0.0
 40
0.0
 40
0.2861975915
 40
0.5463401337
 40
0.7809273642
 40
1.0
 40
1.0
 40
1.0
 40
1.0
 10
354.4219150697
 20
116.265770549
 30
0.0
 10
354.4462803299
 20
116.2387427518
 30
0.0
 10
354.4979063692
 20
116.1913742888
 30
0.0
 10
354.5854476764
 20
116.1422615823
 30
0.0
 10
354.6755067802
 20
116.1220471324
 30
0.0
 10
354.7342007342
 20
116.1301627608
 30
0.0
 10
354.7605558276
 20
116.1391780873
 30
0.0
  0
SPLINE
  5
A42
100
AcDbEntity
  8
0
100
AcDbSpline
 62
7
  6
CONTINUOUS
 70
0
 71
3
 72
9
 73
5
 74
0
 42
0.0000001
 43
0.0000001
 44
0.0000000001
 40
0.0
 40
0.0
 40
0.0
 40
0.0
 40
0.2454252846
 40
1.0
 40
1.0
 40
1.0
 40
1.0
 10
353.7148082885
 20
116.8458705257
 30
0.0
 10
353.7356214541
 20
116.8340767529
 30
0.0
 10
353.8196787904
 20
116.7847111378
 30
0.0
 10
353.9007300643
 20
116.7302626083
 30
0.0
 10
353.9600511176
 20
116.6867799977
 30
0.0
  0
SPLINE
  5
A43
100
AcDbEntity
  8
0
100
AcDbSpline
 62
7
  6
CONTINUOUS
 70
0
 71
3
 72
9
 73
5
 74
0
 42
0.0000001
 43
0.0000001
 44
0.0000000001
 40
0.0
 40
0.0
 40
0.0
 40
0.0
 40
0.242173501
 40
1.0
 40
1.0
 40
1.0
 40
1.0
 10
353.9600511176
 20
116.6867799977
 30
0.0
 10
354.0007805168
 20
116.6569251569
 30
0.0
 10
354.1654714009
 20
116.5289112863
 30
0.0
 10
354.3161044017
 20
116.3831437789
 30
0.0
 10
354.4219150697
 20
116.265770549
 30
0.0
  0
SPLINE
  5
A44
100
AcDbEntity
  8
0
100
AcDbSpline
 62
7
  6
CONTINUOUS
 70
0
 71
3
 72
11
 73
7
 74
0
 42
0.0000001
 43
0.0000001
 44
0.0000000001
 40
0.0
 40
0.0
 40
0.0
 40
0.0
 40
0.2619955801
 40
0.5209088763
 40
0.7688773839
 40
1.0
 40
1.0
 40
1.0
 40
1.0
 10
355.098938794
 20
115.2097783879
 30
0.0
 10
355.1941142852
 20
114.9965925939
 30
0.0
 10
355.350166824
 20
114.5571241138
 30
0.0
 10
355.4785535388
 20
113.8812753405
 30
0.0
 10
355.4941948787
 20
113.2208057194
 30
0.0
 10
355.4261279593
 20
112.7959134763
 30
0.0
 10
355.3709650596
 20
112.597483093
 30
0.0
  0
SPLINE
  5
A45
100
AcDbEntity
  8
0
100
AcDbSpline
 62
7
  6
CONTINUOUS
 70
0
 71
3
 72
11
 73
7
 74
0
 42
0.0000001
 43
0.0000001
 44
0.0000000001
 40
0.0
 40
0.0
 40
0.0
 40
0.0
 40
0.286222331
 40
0.5463823798
 40
0.7809837818
 40
1.0
 40
1.0
 40
1.0
 40
1.0
 10
355.3277817276
 20
111.4631919338
 30
0.0
 10
355.3521492666
 20
111.4361616087
 30
0.0
 10
355.4037757275
 20
111.3887850554
 30
0.0
 10
355.4913349591
 20
111.3396794944
 30
0.0
 10
355.5813885165
 20
111.3194882214
 30
0.0
 10
355.6400832664
 20
111.3275592794
 30
0.0
 10
355.666432035
 20
111.3365715424
 30
0.0
  0
SPLINE
  5
A46
100
AcDbEntity
  8
0
100
AcDbSpline
 62
7
  6
CONTINUOUS
 70
0
 71
3
 72
11
 73
7
 74
0
 42
0.0000001
 43
0.0000001
 44
0.0000000001
 40
0.0
 40
0.0
 40
0.0
 40
0.0
 40
0.2220377114
 40
0.4680190386
 40
0.7309045328
 40
1.0
 40
1.0
 40
1.0
 40
1.0
 10
350.9117651551
 20
116.9043047234
 30
0.0
 10
350.7704208117
 20
116.627305529
 30
0.0
 10
350.5676338015
 20
115.9933984195
 30
0.0
 10
350.4998727101
 20
114.9644218814
 30
0.0
 10
350.6507244904
 20
113.8785393564
 30
0.0
 10
350.8907014272
 20
113.1677784072
 30
0.0
 10
351.0443430366
 20
112.8236329971
 30
0.0
  0
SPLINE
  5
A47
100
AcDbEntity
  8
0
100
AcDbSpline
 62
7
  6
CONTINUOUS
 70
0
 71
3
 72
11
 73
7
 74
0
 42
0.0000001
 43
0.0000001
 44
0.0000000001
 40
0.0
 40
0.0
 40
0.0
 40
0.0
 40
0.2861975915
 40
0.5463401337
 40
0.7809273642
 40
1.0
 40
1.0
 40
1.0
 40
1.0
 10
352.1156099512
 20
115.0263768496
 30
0.0
 10
352.1399752114
 20
114.9993490524
 30
0.0
 10
352.1916012508
 20
114.9519805894
 30
0.0
 10
352.2791425579
 20
114.9028678829
 30
0.0
 10
352.3692016618
 20
114.882653433
 30
0.0
 10
352.4278956157
 20
114.8907690614
 30
0.0
 10
352.4542507091
 20
114.8997843879
 30
0.0
  0
SPLINE
  5
A48
100
AcDbEntity
  8
0
100
AcDbSpline
 62
7
  6
CONTINUOUS
 70
0
 71
3
 72
11
 73
7
 74
0
 42
0.0000001
 43
0.0000001
 44
0.0000000001
 40
0.0
 40
0.0
 40
0.0
 40
0.0
 40
0.2945864277
 40
0.5625658026
 40
0.7947758015
 40
1.0
 40
1.0
 40
1.0
 40
1.0
 10
351.0443430366
 20
112.8236329971
 30
0.0
 10
351.0679407123
 20
112.770776015
 30
0.0
 10
351.1249647444
 20
112.6745232018
 30
0.0
 10
351.2384089705
 20
112.5641329965
 30
0.0
 10
351.3673551149
 20
112.5040092691
 30
0.0
 10
351.4578335274
 20
112.5080059283
 30
0.0
 10
351.4959819783
 20
112.521077872
 30
0.0
  0
SPLINE
  5
A49
100
AcDbEntity
  8
FASEN
100
AcDbSpline
 62
7
  6
CONTINUOUS
 70
0
 71
3
 72
9
 73
5
 74
0
 42
0.0000001
 43
0.0000001
 44
0.0000000001
 40
0.0
 40
0.0
 40
0.0
 40
0.0
 40
0.2545673469
 40
1.0
 40
1.0
 40
1.0
 40
1.0
 10
328.8635446133
 20
127.0072038808
 30
0.0
 10
328.8428869065
 20
127.0173267875
 30
0.0
 10
328.7611529419
 20
127.0558795399
 30
0.0
 10
328.6770602969
 20
127.0894789376
 30
0.0
 10
328.6133221916
 20
127.1112786534
 30
0.0
  0
SPLINE
  5
A4A
100
AcDbEntity
  8
0
100
AcDbSpline
 62
7
  6
CONTINUOUS
 70
0
 71
3
 72
9
 73
5
 74
0
 42
0.0000001
 43
0.0000001
 44
0.0000000001
 40
0.0
 40
0.0
 40
0.0
 40
0.0
 40
0.4789500203
 40
1.0
 40
1.0
 40
1.0
 40
1.0
 10
351.0560777609
 20
117.0377177555
 30
0.0
 10
351.0258221123
 20
117.0273691937
 30
0.0
 10
350.9671087841
 20
116.9909981999
 30
0.0
 10
350.9275765501
 20
116.9352910618
 30
0.0
 10
350.9117651551
 20
116.9043047234
 30
0.0
  0
SPLINE
  5
A4B
100
AcDbEntity
  8
0
100
AcDbSpline
 62
7
  6
CONTINUOUS
 70
0
 71
3
 72
13
 73
9
 74
0
 42
0.0000001
 43
0.0000001
 44
0.0000000001
 40
0.0
 40
0.0
 40
0.0
 40
0.0
 40
0.098183888
 40
0.201618605
 40
0.3139374173
 40
0.4366319419
 40
0.7086855533
 40
1.0
 40
1.0
 40
1.0
 40
1.0
 10
355.2265278176
 20
115.8532114259
 30
0.0
 10
355.2040760636
 20
115.8455181105
 30
0.0
 10
355.1603163091
 20
115.8219169443
 30
0.0
 10
355.1069736711
 20
115.7665533228
 30
0.0
 10
355.0671241502
 20
115.6941838876
 30
0.0
 10
355.0325638388
 20
115.5757773351
 30
0.0
 10
355.0319102931
 20
115.406755062
 30
0.0
 10
355.0702322951
 20
115.2740787416
 30
0.0
 10
355.098938794
 20
115.2097783879
 30
0.0
  0
SPLINE
  5
A4C
100
AcDbEntity
  8
0
100
AcDbSpline
 62
7
  6
CONTINUOUS
 70
0
 71
3
 72
13
 73
9
 74
0
 42
0.0000001
 43
0.0000001
 44
0.0000000001
 40
0.0
 40
0.0
 40
0.0
 40
0.0
 40
0.0961272739
 40
0.1999862236
 40
0.3159330635
 40
0.444243426
 40
0.7235614866
 40
1.0
 40
1.0
 40
1.0
 40
1.0
 10
354.2710649243
 20
113.4713924618
 30
0.0
 10
354.2427751999
 20
113.4617153531
 30
0.0
 10
354.1876923872
 20
113.4288362987
 30
0.0
 10
354.1268774996
 20
113.3493599697
 30
0.0
 10
354.0889567356
 20
113.2465490945
 30
0.0
 10
354.0703134713
 20
113.0835634505
 30
0.0
 10
354.1104196108
 20
112.8697192295
 30
0.0
 10
354.1985805601
 20
112.7157876376
 30
0.0
 10
354.2561522916
 20
112.6519247001
 30
0.0
  0
SPLINE
  5
A4D
100
AcDbEntity
  8
0
100
AcDbSpline
 62
7
  6
CONTINUOUS
 70
0
 71
3
 72
9
 73
5
 74
0
 42
0.0000001
 43
0.0000001
 44
0.0000000001
 40
0.0
 40
0.0
 40
0.0
 40
0.0
 40
0.2460103567
 40
1.0
 40
1.0
 40
1.0
 40
1.0
 10
352.5564074525
 20
117.0707154431
 30
0.0
 10
352.592788834
 20
117.078098382
 30
0.0
 10
352.7418819275
 20
117.1020003488
 30
0.0
 10
352.8947004838
 20
117.1009805511
 30
0.0
 10
353.0077015073
 20
117.0877152884
 30
0.0
  0
SPLINE
  5
A4E
100
AcDbEntity
  8
RUNDUNGEN
100
AcDbSpline
 62
7
  6
CONTINUOUS
 70
0
 71
3
 72
10
 73
6
 74
0
 42
0.0000001
 43
0.0000001
 44
0.0000000001
 40
0.0
 40
0.0
 40
0.0
 40
0.0
 40
0.2711595405
 40
0.5413147018
 40
1.0
 40
1.0
 40
1.0
 40
1.0
 10
375.8721152878
 20
99.8333849229
 30
0.0
 10
375.8678875095
 20
99.8844735624
 30
0.0
 10
375.8741698919
 20
99.9884475285
 30
0.0
 10
375.9305323775
 20
100.1681443968
 30
0.0
 10
376.029559664
 20
100.2869543719
 30
0.0
 10
376.110631438
 20
100.3177265871
 30
0.0
  0
SPLINE
  5
A4F
100
AcDbEntity
  8
0
100
AcDbSpline
 62
7
  6
CONTINUOUS
 70
0
 71
3
 72
9
 73
5
 74
0
 42
0.0000001
 43
0.0000001
 44
0.0000000001
 40
0.0
 40
0.0
 40
0.0
 40
0.0
 40
0.2822953082
 40
1.0
 40
1.0
 40
1.0
 40
1.0
 10
337.945160533
 20
113.8724746365
 30
0.0
 10
337.933537629
 20
113.8802491398
 30
0.0
 10
337.8938367406
 20
113.9097348421
 30
0.0
 10
337.8610751321
 20
113.949867997
 30
0.0
 10
337.8468895786
 20
113.9824664211
 30
0.0
  0
SPLINE
  5
A50
100
AcDbEntity
  8
0
100
AcDbSpline
 62
7
  6
CONTINUOUS
 70
0
 71
3
 72
9
 73
5
 74
0
 42
0.0000001
 43
0.0000001
 44
0.0000000001
 40
0.0
 40
0.0
 40
0.0
 40
0.0
 40
0.7457141824
 40
1.0
 40
1.0
 40
1.0
 40
1.0
 10
337.8468895786
 20
113.9824664211
 30
0.0
 10
337.8377375973
 20
114.0034976882
 30
0.0
 10
337.8303276991
 20
114.0340770024
 30
0.0
 10
337.8289968328
 20
114.0648047749
 30
0.0
 10
337.8289903179
 20
114.0726259602
 30
0.0
  0
SPLINE
  5
A51
100
AcDbEntity
  8
BEZUGSACHSEN
100
AcDbSpline
 62
7
  6
CONTINUOUS
 70
0
 71
3
 72
11
 73
7
 74
0
 42
0.0000001
 43
0.0000001
 44
0.0000000001
 40
0.0
 40
0.0
 40
0.0
 40
0.0
 40
0.2209172216
 40
0.4571741533
 40
0.7162613747
 40
1.0
 40
1.0
 40
1.0
 40
1.0
 10
328.1183474448
 20
73.5515129153
 30
0.0
 10
328.3524428487
 20
73.6510595332
 30
0.0
 10
328.8032658953
 20
73.9445673049
 30
0.0
 10
329.3264450846
 20
74.5963365608
 30
0.0
 10
329.6910325488
 20
75.4250831603
 30
0.0
 10
329.8149655642
 20
76.0425602207
 30
0.0
 10
329.8509568602
 20
76.3672913973
 30
0.0
  0
SPLINE
  5
A52
100
AcDbEntity
  8
RUNDUNGEN
100
AcDbSpline
 62
7
  6
CONTINUOUS
 70
0
 71
3
 72
12
 73
8
 74
0
 42
0.0000001
 43
0.0000001
 44
0.0000000001
 40
0.0
 40
0.0
 40
0.0
 40
0.0
 40
0.1068027468
 40
0.2171688485
 40
0.4531109965
 40
0.7143397358
 40
1.0
 40
1.0
 40
1.0
 40
1.0
 10
355.5776728873
 20
63.5408592004
 30
0.0
 10
355.7234494677
 20
63.6204361927
 30
0.0
 10
356.0054633578
 20
63.8101020061
 30
0.0
 10
356.5156633908
 20
64.3002817728
 30
0.0
 10
357.0256891845
 20
65.1134664946
 30
0.0
 10
357.3880034169
 20
66.2861512592
 30
0.0
 10
357.463278864
 20
67.1397313571
 30
0.0
 10
357.463278864
 20
67.5839436721
 30
0.0
  0
SPLINE
  5
A53
100
AcDbEntity
  8
BEZUGSACHSEN
100
AcDbSpline
 62
7
  6
CONTINUOUS
 70
0
 71
3
 72
12
 73
8
 74
0
 42
0.0000001
 43
0.0000001
 44
0.0000000001
 40
0.0
 40
0.0
 40
0.0
 40
0.0
 40
0.106756849
 40
0.2165099019
 40
0.4509428563
 40
0.7121973269
 40
1.0
 40
1.0
 40
1.0
 40
1.0
 10
354.9884051299
 20
109.4666577324
 30
0.0
 10
355.1227940856
 20
109.5238052278
 30
0.0
 10
355.3844326501
 20
109.6673051056
 30
0.0
 10
355.8618123264
 20
110.0629044921
 30
0.0
 10
356.3437179575
 20
110.7562117268
 30
0.0
 10
356.685501554
 20
111.7830637051
 30
0.0
 10
356.7561720829
 20
112.5373426793
 30
0.0
 10
356.7561720829
 20
112.9310342325
 30
0.0
  0
SPLINE
  5
A54
100
AcDbEntity
  8
RUNDUNGEN
100
AcDbSpline
 62
7
  6
CONTINUOUS
 70
0
 71
3
 72
12
 73
8
 74
0
 42
0.0000001
 43
0.0000001
 44
0.0000000001
 40
0.0
 40
0.0
 40
0.0
 40
0.0
 40
0.1067310286
 40
0.2167054666
 40
0.4517406671
 40
0.7130132907
 40
1.0
 40
1.0
 40
1.0
 40
1.0
 10
328.5658087772
 20
117.7641370466
 30
0.0
 10
328.7209884795
 20
117.837333323
 30
0.0
 10
329.0223753391
 20
118.0169204366
 30
0.0
 10
329.5703038273
 20
118.4987020811
 30
0.0
 10
330.1212336629
 20
119.3239402278
 30
0.0
 10
330.5122231155
 20
120.5330197773
 30
0.0
 10
330.593221179
 20
121.4179426567
 30
0.0
 10
330.593221179
 20
121.8792904505
 30
0.0
  0
SPLINE
  5
A55
100
AcDbEntity
  8
BEZUGSACHSEN
100
AcDbSpline
 62
7
  6
CONTINUOUS
 70
0
 71
3
 72
14
 73
10
 74
0
 42
0.0000001
 43
0.0000001
 44
0.0000000001
 40
0.0
 40
0.0
 40
0.0
 40
0.0
 40
0.1068084379
 40
0.2160657632
 40
0.3298913187
 40
0.4498584332
 40
0.5768532641
 40
0.711194145
 40
1.0
 40
1.0
 40
1.0
 40
1.0
 10
358.3137076089
 20
63.3788626863
 30
0.0
 10
358.5150454004
 20
63.4477155325
 30
0.0
 10
358.9089879207
 20
63.6299363941
 30
0.0
 10
359.4407246824
 20
64.0230338785
 30
0.0
 10
359.9065591461
 20
64.5282778581
 30
0.0
 10
360.2978273031
 20
65.1349219122
 30
0.0
 10
360.6087443028
 20
65.8310101814
 30
0.0
 10
360.9160697493
 20
66.8856234384
 30
0.0
 10
360.99881277
 20
67.7341145646
 30
0.0
 10
360.99881277
 20
68.3094779601
 30
0.0
  0
SPLINE
  5
A56
100
AcDbEntity
  8
BEZUGSACHSEN
100
AcDbSpline
 62
7
  6
CONTINUOUS
 70
0
 71
3
 72
9
 73
5
 74
0
 42
0.0000001
 43
0.0000001
 44
0.0000000001
 40
0.0
 40
0.0
 40
0.0
 40
0.0
 40
0.2474943465
 40
1.0
 40
1.0
 40
1.0
 40
1.0
 10
354.7451328314
 20
72.9058348575
 30
0.0
 10
354.7258026925
 20
72.8943279669
 30
0.0
 10
354.6487732064
 20
72.8460476838
 30
0.0
 10
354.576184195
 20
72.7907305573
 30
0.0
 10
354.524559972
 20
72.7458607809
 30
0.0
  0
SPLINE
  5
A57
100
AcDbEntity
  8
BEZUGSACHSEN
100
AcDbSpline
 62
7
  6
CONTINUOUS
 70
0
 71
3
 72
16
 73
12
 74
0
 42
0.0000001
 43
0.0000001
 44
0.0000000001
 40
0.0
 40
0.0
 40
0.0
 40
0.0
 40
0.1040649599
 40
0.1612579308
 40
0.2218802136
 40
0.3519601356
 40
0.4901817316
 40
0.6302886352
 40
0.6990407391
 40
0.7658259647
 40
1.0
 40
1.0
 40
1.0
 40
1.0
 10
354.4490653017
 20
72.675905206
 30
0.0
 10
354.2837692881
 20
72.5127904823
 30
0.0
 10
354.0800020792
 20
72.2043223702
 30
0.0
 10
353.9077943635
 20
71.7394030473
 30
0.0
 10
353.7882361707
 20
71.1974841645
 30
0.0
 10
353.7675445225
 20
70.4568107387
 30
0.0
 10
353.9308629877
 20
69.5545187204
 30
0.0
 10
354.2136759851
 20
68.8280184163
 30
0.0
 10
354.5208054141
 20
68.2931311264
 30
0.0
 10
355.001830891
 20
67.6261061906
 30
0.0
 10
355.5546135938
 20
67.1644873561
 30
0.0
 10
356.0490653017
 20
66.9953749121
 30
0.0
  0
SPLINE
  5
A58
100
AcDbEntity
  8
FASEN
100
AcDbSpline
 62
7
  6
CONTINUOUS
 70
0
 71
3
 72
10
 73
6
 74
0
 42
0.0000001
 43
0.0000001
 44
0.0000000001
 40
0.0
 40
0.0
 40
0.0
 40
0.0
 40
0.2394303589
 40
0.4835902514
 40
1.0
 40
1.0
 40
1.0
 40
1.0
 10
356.518399764
 20
66.7809430593
 30
0.0
 10
356.6034189666
 20
66.8099853064
 30
0.0
 10
356.7699512331
 20
66.8853853081
 30
0.0
 10
357.0782345248
 20
67.1021893003
 30
0.0
 10
357.2634534407
 20
67.3281763875
 30
0.0
 10
357.3641271592
 20
67.4937469998
 30
0.0
  0
SPLINE
  5
A59
100
AcDbEntity
  8
BEZUGSACHSEN
100
AcDbSpline
 62
7
  6
CONTINUOUS
 70
0
 71
3
 72
9
 73
5
 74
0
 42
0.0000001
 43
0.0000001
 44
0.0000000001
 40
0.0
 40
0.0
 40
0.0
 40
0.0
 40
0.2474943465
 40
1.0
 40
1.0
 40
1.0
 40
1.0
 10
327.8750751463
 20
127.2011816358
 30
0.0
 10
327.8557450074
 20
127.1896747453
 30
0.0
 10
327.7787155213
 20
127.1413944622
 30
0.0
 10
327.7061265099
 20
127.0860773356
 30
0.0
 10
327.6545022869
 20
127.0412075592
 30
0.0
  0
SPLINE
  5
A5A
100
AcDbEntity
  8
BEZUGSACHSEN
100
AcDbSpline
 62
7
  6
CONTINUOUS
 70
0
 71
3
 72
16
 73
12
 74
0
 42
0.0000001
 43
0.0000001
 44
0.0000000001
 40
0.0
 40
0.0
 40
0.0
 40
0.0
 40
0.1040649599
 40
0.1612579308
 40
0.2218802136
 40
0.3519601356
 40
0.4901817316
 40
0.6302886352
 40
0.6990407391
 40
0.7658259647
 40
1.0
 40
1.0
 40
1.0
 40
1.0
 10
327.5790076166
 20
126.9712519843
 30
0.0
 10
327.413711603
 20
126.8081372606
 30
0.0
 10
327.2099443941
 20
126.4996691485
 30
0.0
 10
327.0377366784
 20
126.0347498256
 30
0.0
 10
326.9181784857
 20
125.4928309428
 30
0.0
 10
326.8974868374
 20
124.752157517
 30
0.0
 10
327.0608053026
 20
123.8498654988
 30
0.0
 10
327.3436183
 20
123.1233651946
 30
0.0
 10
327.6507477291
 20
122.5884779047
 30
0.0
 10
328.1317732059
 20
121.9214529689
 30
0.0
 10
328.6845559088
 20
121.4598341344
 30
0.0
 10
329.1790076166
 20
121.2907216905
 30
0.0
  0
SPLINE
  5
A5B
100
AcDbEntity
  8
FASEN
100
AcDbSpline
 62
7
  6
CONTINUOUS
 70
0
 71
3
 72
10
 73
6
 74
0
 42
0.0000001
 43
0.0000001
 44
0.0000000001
 40
0.0
 40
0.0
 40
0.0
 40
0.0
 40
0.2394303589
 40
0.4835902514
 40
1.0
 40
1.0
 40
1.0
 40
1.0
 10
329.6483420789
 20
121.0762898377
 30
0.0
 10
329.7333612815
 20
121.1053320848
 30
0.0
 10
329.899893548
 20
121.1807320865
 30
0.0
 10
330.2081768398
 20
121.3975360786
 30
0.0
 10
330.3933957556
 20
121.6235231658
 30
0.0
 10
330.4940694741
 20
121.7890937781
 30
0.0
  0
SPLINE
  5
A5C
100
AcDbEntity
  8
BEZUGSACHSEN
100
AcDbSpline
 62
7
  6
CONTINUOUS
 70
0
 71
3
 72
11
 73
7
 74
0
 42
0.0000001
 43
0.0000001
 44
0.0000000001
 40
0.0
 40
0.0
 40
0.0
 40
0.0
 40
0.2606926529
 40
0.512456941
 40
0.7578753023
 40
1.0
 40
1.0
 40
1.0
 40
1.0
 10
335.9264598513
 20
72.7902199459
 30
0.0
 10
336.5925710321
 20
72.5623965043
 30
0.0
 10
337.9356272216
 20
72.2049490925
 30
0.0
 10
339.9797871192
 20
71.990548776
 30
0.0
 10
341.9818025826
 20
72.1171383977
 30
0.0
 10
343.2687359455
 20
72.4318131119
 30
0.0
 10
343.8874030484
 20
72.6434097232
 30
0.0
  0
SPLINE
  5
A5D
100
AcDbEntity
  8
BEZUGSACHSEN
100
AcDbSpline
 62
7
  6
CONTINUOUS
 70
0
 71
3
 72
25
 73
21
 74
0
 42
0.0000001
 43
0.0000001
 44
0.0000000001
 40
0.0
 40
0.0
 40
0.0
 40
0.0
 40
0.0249341417
 40
0.0500314961
 40
0.0754547021
 40
0.1013504723
 40
0.1549895251
 40
0.2118081531
 40
0.2721640572
 40
0.3360002448
 40
0.4028998198
 40
0.4721648203
 40
0.5428992935
 40
0.614092325
 40
0.684698059
 40
0.7537155472
 40
0.8202686598
 40
0.883690663
 40
0.9436017296
 40
1.0
 40
1.0
 40
1.0
 40
1.0
 10
328.6127478085
 20
117.3035139248
 30
0.0
 10
328.1827703045
 20
117.1564529572
 30
0.0
 10
327.3374894709
 20
116.8071568411
 30
0.0
 10
326.1380015913
 20
116.1279974093
 30
0.0
 10
325.0146686458
 20
115.2990454226
 30
0.0
 10
323.6141187945
 20
113.9908027484
 30
0.0
 10
322.0934805474
 20
112.0001996529
 30
0.0
 10
320.7095492017
 20
109.1934794709
 30
0.0
 10
319.763311367
 20
106.0187370495
 30
0.0
 10
319.2694422478
 20
102.5599170186
 30
0.0
 10
319.2337247431
 20
98.9053681373
 30
0.0
 10
319.6534606652
 20
95.1493305873
 30
0.0
 10
320.5156920449
 20
91.3898226744
 30
0.0
 10
321.7968453203
 20
87.7259686076
 30
0.0
 10
323.4630073755
 20
84.2548426691
 30
0.0
 10
325.4711104344
 20
81.0684621325
 30
0.0
 10
327.7703524749
 20
78.2511755749
 30
0.0
 10
330.305264734
 20
75.8778909367
 30
0.0
 10
333.0146611589
 20
74.0140200848
 30
0.0
 10
334.953898301
 20
73.1228555867
 30
0.0
 10
335.9264598513
 20
72.7902199459
 30
0.0
  0
SPLINE
  5
A5E
100
AcDbEntity
  8
0
100
AcDbSpline
 62
9
  6
CONTINUOUS
 70
0
 71
3
 72
11
 73
7
 74
0
 42
0.0000001
 43
0.0000001
 44
0.0000000001
 40
0.0
 40
0.0
 40
0.0
 40
0.0
 40
0.2705708454
 40
0.5177070071
 40
0.7549896806
 40
1.0
 40
1.0
 40
1.0
 40
1.0
 10
333.1991784898
 20
116.0180179616
 30
0.0
 10
333.2188256687
 20
116.0636365596
 30
0.0
 10
333.2673625576
 20
116.1470635828
 30
0.0
 10
333.3730172015
 20
116.2409791803
 30
0.0
 10
333.5015844744
 20
116.2885467903
 30
0.0
 10
333.5922587684
 20
116.286434915
 30
0.0
 10
333.6365178877
 20
116.2784290945
 30
0.0
  0
SPLINE
  5
A5F
100
AcDbEntity
  8
0
100
AcDbSpline
 62
7
  6
CONTINUOUS
 70
0
 71
3
 72
9
 73
5
 74
0
 42
0.0000001
 43
0.0000001
 44
0.0000000001
 40
0.0
 40
0.0
 40
0.0
 40
0.0
 40
0.2448897202
 40
1.0
 40
1.0
 40
1.0
 40
1.0
 10
347.8261733654
 20
78.7319608394
 30
0.0
 10
347.6541314889
 20
78.7973984951
 30
0.0
 10
346.956832339
 20
79.0782445658
 30
0.0
 10
346.2811366521
 20
79.4120615267
 30
0.0
 10
345.7856862414
 20
79.6889325592
 30
0.0
  0
SPLINE
  5
A60
100
AcDbEntity
  8
0
100
AcDbSpline
 62
7
  6
CONTINUOUS
 70
0
 71
3
 72
9
 73
5
 74
0
 42
0.0000001
 43
0.0000001
 44
0.0000000001
 40
0.0
 40
0.0
 40
0.0
 40
0.0
 40
0.2570186818
 40
1.0
 40
1.0
 40
1.0
 40
1.0
 10
334.4256795783
 20
112.890406629
 30
0.0
 10
334.5236419254
 20
113.120983447
 30
0.0
 10
334.9247029287
 20
114.0094119827
 30
0.0
 10
335.4080747556
 20
114.8614744577
 30
0.0
 10
335.8147092286
 20
115.4607439169
 30
0.0
  0
SPLINE
  5
A61
100
AcDbEntity
  8
RUNDUNGEN
100
AcDbSpline
 62
9
  6
CONTINUOUS
 70
0
 71
3
 72
25
 73
21
 74
0
 42
0.0000001
 43
0.0000001
 44
0.0000000001
 40
0.0
 40
0.0
 40
0.0
 40
0.0
 40
0.0557524966
 40
0.1154972674
 40
0.1791389963
 40
0.2461987321
 40
0.3159192553
 40
0.3873469648
 40
0.4594121934
 40
0.5310035181
 40
0.6010405999
 40
0.6685479543
 40
0.7327331939
 40
0.7930725566
 40
0.8494039144
 40
0.9020191158
 40
0.9272060359
 40
0.9518105189
 40
0.9760095044
 40
1.0
 40
1.0
 40
1.0
 40
1.0
 10
339.6441879781
 20
118.3110625352
 30
0.0
 10
340.602572486
 20
117.9832757285
 30
0.0
 10
342.5214277176
 20
117.099293803
 30
0.0
 10
345.2114031431
 20
115.2446710166
 30
0.0
 10
347.7438867357
 20
112.8700000561
 30
0.0
 10
350.0513341509
 20
110.0407421867
 30
0.0
 10
352.0733253329
 20
106.8335556627
 30
0.0
 10
353.7555883614
 20
103.3353462135
 30
0.0
 10
355.0527794746
 20
99.6410008531
 30
0.0
 10
355.9297112075
 20
95.8507663266
 30
0.0
 10
356.3624455188
 20
92.067343904
 30
0.0
 10
356.3387576178
 20
88.3928765236
 30
0.0
 10
355.8582527322
 20
84.9261524733
 30
0.0
 10
354.9311593292
 20
81.7597362588
 30
0.0
 10
353.578941481
 20
78.9796489628
 30
0.0
 10
352.0981555052
 20
77.0196203191
 30
0.0
 10
350.7412249004
 20
75.7415161462
 30
0.0
 10
349.6594956318
 20
74.9379661998
 30
0.0
 10
348.5074044498
 20
74.2821640444
 30
0.0
 10
347.6960183747
 20
73.9461618317
 30
0.0
 10
347.2836565852
 20
73.8050133598
 30
0.0
  0
SPLINE
  5
A62
100
AcDbEntity
  8
BEZUGSACHSEN
100
AcDbSpline
 62
9
  6
CONTINUOUS
 70
0
 71
3
 72
25
 73
21
 74
0
 42
0.0000001
 43
0.0000001
 44
0.0000000001
 40
0.0
 40
0.0
 40
0.0
 40
0.0
 40
0.055752905
 40
0.1154985536
 40
0.1791415911
 40
0.2462028454
 40
0.3159248522
 40
0.3873538309
 40
0.4594200137
 40
0.5310118845
 40
0.601048956
 40
0.6685556793
 40
0.7327397193
 40
0.7930774081
 40
0.8494068247
 40
0.9020202309
 40
0.9272064782
 40
0.9518105146
 40
0.9760093399
 40
1.0
 40
1.0
 40
1.0
 40
1.0
 10
336.2500754284
 20
117.1502076745
 30
0.0
 10
337.2085066704
 20
116.8224048838
 30
0.0
 10
339.1274594707
 20
115.9383662593
 30
0.0
 10
341.817563429
 20
114.0836061941
 30
0.0
 10
344.3501588269
 20
111.708744079
 30
0.0
 10
346.657686319
 20
108.8792539957
 30
0.0
 10
348.6797133004
 20
105.6718115344
 30
0.0
 10
350.3619609469
 20
102.1733405277
 30
0.0
 10
351.6590820222
 20
98.4787443039
 30
0.0
 10
352.5358876538
 20
94.6882862228
 30
0.0
 10
352.9684401287
 20
90.9046845319
 30
0.0
 10
352.9445178966
 20
87.2300980545
 30
0.0
 10
352.4637318282
 20
83.7633284152
 30
0.0
 10
351.5363177893
 20
80.5969513166
 30
0.0
 10
350.1837489596
 20
77.8169967207
 30
0.0
 10
348.7026507055
 20
75.8571703233
 30
0.0
 10
347.3454777233
 20
74.5792867881
 30
0.0
 10
346.263568756
 20
73.7759229558
 30
0.0
 10
345.1113029101
 20
73.1203315627
 30
0.0
 10
344.2998103937
 20
72.7844900782
 30
0.0
 10
343.8873979334
 20
72.643424678
 30
0.0
  0
SPLINE
  5
A63
100
AcDbEntity
  8
0
100
AcDbSpline
 62
9
  6
CONTINUOUS
 70
0
 71
3
 72
9
 73
5
 74
0
 42
0.0000001
 43
0.0000001
 44
0.0000000001
 40
0.0
 40
0.0
 40
0.0
 40
0.0
 40
0.2432185623
 40
1.0
 40
1.0
 40
1.0
 40
1.0
 10
347.5244584833
 20
78.3553305479
 30
0.0
 10
347.2951467069
 20
78.4113409977
 30
0.0
 10
346.3591172616
 20
78.669080614
 30
0.0
 10
345.4534888215
 20
79.0334694884
 30
0.0
 10
344.7937156464
 20
79.3562214786
 30
0.0
  0
SPLINE
  5
A64
100
AcDbEntity
  8
0
100
AcDbSpline
 62
9
  6
CONTINUOUS
 70
0
 71
3
 72
9
 73
5
 74
0
 42
0.0000001
 43
0.0000001
 44
0.0000000001
 40
0.0
 40
0.0
 40
0.0
 40
0.0
 40
0.5117439622
 40
1.0
 40
1.0
 40
1.0
 40
1.0
 10
333.4385810384
 20
112.5485338377
 30
0.0
 10
333.7130917542
 20
113.1075804177
 30
0.0
 10
334.317478853
 20
114.1683974611
 30
0.0
 10
335.0637692759
 20
115.1360382266
 30
0.0
 10
335.4620696406
 20
115.5770106015
 30
0.0
  0
SPLINE
  5
A65
100
AcDbEntity
  8
0
100
AcDbSpline
 62
9
  6
CONTINUOUS
 70
0
 71
3
 72
9
 73
5
 74
0
 42
0.0000001
 43
0.0000001
 44
0.0000000001
 40
0.0
 40
0.0
 40
0.0
 40
0.0
 40
0.4999800933
 40
1.0
 40
1.0
 40
1.0
 40
1.0
 10
343.062180446
 20
75.0561991989
 30
0.0
 10
335.0917736784
 20
72.3298069304
 30
0.0
 10
317.7540098005
 20
88.6464268653
 30
0.0
 10
321.4651127255
 20
112.1606156226
 30
0.0
 10
329.435277028
 20
114.8897879246
 30
0.0
  0
SPLINE
  5
A66
100
AcDbEntity
  8
RUNDUNGEN
100
AcDbSpline
 62
9
  6
CONTINUOUS
 70
0
 71
3
 72
9
 73
5
 74
0
 42
0.0000001
 43
0.0000001
 44
0.0000000001
 40
0.0
 40
0.0
 40
0.0
 40
0.0
 40
0.258259359
 40
1.0
 40
1.0
 40
1.0
 40
1.0
 10
333.7044875758
 20
115.7029946631
 30
0.0
 10
333.7044875759
 20
115.7119354589
 30
0.0
 10
333.7054342711
 20
115.7465414508
 30
0.0
 10
333.7101894869
 20
115.7810973085
 30
0.0
 10
333.7162501881
 20
115.8060504838
 30
0.0
  0
SPLINE
  5
A67
100
AcDbEntity
  8
RUNDUNGEN
100
AcDbSpline
 62
9
  6
CONTINUOUS
 70
0
 71
3
 72
9
 73
5
 74
0
 42
0.0000001
 43
0.0000001
 44
0.0000000001
 40
0.0
 40
0.0
 40
0.0
 40
0.0
 40
0.5358413709
 40
1.0
 40
1.0
 40
1.0
 40
1.0
 10
333.7162501881
 20
115.8060504838
 30
0.0
 10
333.7257500689
 20
115.8451634808
 30
0.0
 10
333.7550596323
 20
115.9168255114
 30
0.0
 10
333.8162607126
 20
115.9674845223
 30
0.0
 10
333.8486052288
 20
115.9805016329
 30
0.0
  0
SPLINE
  5
A68
100
AcDbEntity
  8
RUNDUNGEN
100
AcDbSpline
 62
7
  6
CONTINUOUS
 70
0
 71
3
 72
9
 73
5
 74
0
 42
0.0000001
 43
0.0000001
 44
0.0000000001
 40
0.0
 40
0.0
 40
0.0
 40
0.0
 40
0.2346216954
 40
1.0
 40
1.0
 40
1.0
 40
1.0
 10
379.8420192979
 20
95.8704357821
 30
0.0
 10
379.8331881543
 20
95.873457594
 30
0.0
 10
379.7942885007
 20
95.8827727375
 30
0.0
 10
379.7528646178
 20
95.8768625625
 30
0.0
 10
379.7239695086
 20
95.8672608518
 30
0.0
  0
SPLINE
  5
A69
100
AcDbEntity
  8
RUNDUNGEN
100
AcDbSpline
 62
9
  6
CONTINUOUS
 70
0
 71
3
 72
9
 73
5
 74
0
 42
0.0000001
 43
0.0000001
 44
0.0000000001
 40
0.0
 40
0.0
 40
0.0
 40
0.0
 40
0.4877730017
 40
1.0
 40
1.0
 40
1.0
 40
1.0
 10
333.6365178877
 20
116.2784290945
 30
0.0
 10
334.282919654
 20
116.1615045693
 30
0.0
 10
335.5902604524
 20
115.8145072787
 30
0.0
 10
336.8332015344
 20
115.2843931156
 30
0.0
 10
337.4494194068
 20
114.9743399704
 30
0.0
  0
SPLINE
  5
A6A
100
AcDbEntity
  8
BEZUGSACHSEN
100
AcDbSpline
 62
7
  6
CONTINUOUS
 70
0
 71
3
 72
17
 73
13
 74
0
 42
0.0000001
 43
0.0000001
 44
0.0000000001
 40
0.0
 40
0.0
 40
0.0
 40
0.0
 40
0.1383293156
 40
0.2810144615
 40
0.4229770653
 40
0.5592077855
 40
0.6856531453
 40
0.8001061545
 40
0.8530626024
 40
0.9035636337
 40
0.9522610951
 40
1.0
 40
1.0
 40
1.0
 40
1.0
 10
349.685104271
 20
115.349481859
 30
0.0
 10
349.685104271
 20
114.9383032295
 30
0.0
 10
349.7671010932
 20
114.1015407164
 30
0.0
 10
350.1036703824
 20
112.8843726485
 30
0.0
 10
350.6357873567
 20
111.7453843383
 30
0.0
 10
351.3313631087
 20
110.7556557016
 30
0.0
 10
352.1482512251
 20
109.976385088
 30
0.0
 10
352.9137534379
 20
109.5321731202
 30
0.0
 10
353.534876331
 20
109.3399516714
 30
0.0
 10
353.9852226452
 20
109.2782673574
 30
0.0
 10
354.4239628141
 20
109.2968987105
 30
0.0
 10
354.7049123545
 20
109.3635477407
 30
0.0
 10
354.8391734131
 20
109.4094843076
 30
0.0
  0
SPLINE
  5
A6B
100
AcDbEntity
  8
RUNDUNGEN
100
AcDbSpline
 62
7
  6
CONTINUOUS
 70
0
 71
3
 72
13
 73
9
 74
0
 42
0.0000001
 43
0.0000001
 44
0.0000000001
 40
0.0
 40
0.0
 40
0.0
 40
0.0
 40
0.2628609397
 40
0.3978075307
 40
0.5310863801
 40
0.6599666049
 40
0.7821415964
 40
1.0
 40
1.0
 40
1.0
 40
1.0
 10
348.9779974898
 20
70.4860808239
 30
0.0
 10
348.9779974898
 20
69.7224260208
 30
0.0
 10
349.152571292
 20
68.5608185629
 30
0.0
 10
349.6676841582
 20
67.1038664337
 30
0.0
 10
350.1915303581
 20
66.0720609039
 30
0.0
 10
350.8307290896
 20
65.1509239511
 30
0.0
 10
351.7642074514
 20
64.1572878651
 30
0.0
 10
352.6217812438
 20
63.6016776574
 30
0.0
 10
353.2206381769
 20
63.3968565233
 30
0.0
  0
SPLINE
  5
A6C
100
AcDbEntity
  8
FASEN
100
AcDbSpline
 62
7
  6
CONTINUOUS
 70
0
 71
3
 72
9
 73
5
 74
0
 42
0.0000001
 43
0.0000001
 44
0.0000000001
 40
0.0
 40
0.0
 40
0.0
 40
0.0
 40
0.5156587136
 40
1.0
 40
1.0
 40
1.0
 40
1.0
 10
328.6133221916
 20
121.0972458803
 30
0.0
 10
328.7840474163
 20
121.038854414
 30
0.0
 10
329.1334213694
 20
120.9694085209
 30
0.0
 10
329.4879646836
 20
121.021505509
 30
0.0
 10
329.6483420789
 20
121.0762898377
 30
0.0
  0
SPLINE
  5
A6D
100
AcDbEntity
  8
FASEN
100
AcDbSpline
 62
7
  6
CONTINUOUS
 70
0
 71
3
 72
9
 73
5
 74
0
 42
0.0000001
 43
0.0000001
 44
0.0000000001
 40
0.0
 40
0.0
 40
0.0
 40
0.0
 40
0.5156587136
 40
1.0
 40
1.0
 40
1.0
 40
1.0
 10
355.4833798767
 20
66.801899102
 30
0.0
 10
355.6541051014
 20
66.7435076357
 30
0.0
 10
356.0034790545
 20
66.6740617426
 30
0.0
 10
356.3580223687
 20
66.7261587306
 30
0.0
 10
356.518399764
 20
66.7809430593
 30
0.0
  0
SPLINE
  5
A6E
100
AcDbEntity
  8
RUNDUNGEN
100
AcDbSpline
 62
9
  6
CONTINUOUS
 70
0
 71
3
 72
13
 73
9
 74
0
 42
0.0000001
 43
0.0000001
 44
0.0000000001
 40
0.0
 40
0.0
 40
0.0
 40
0.0
 40
0.2628572881
 40
0.3978066017
 40
0.5310857677
 40
0.6599665959
 40
0.7821435926
 40
1.0
 40
1.0
 40
1.0
 40
1.0
 10
322.1079398047
 20
79.6761818045
 30
0.0
 10
322.1079398047
 20
78.9125384989
 30
0.0
 10
322.2825306814
 20
77.7509396922
 30
0.0
 10
322.7976207352
 20
76.293982885
 30
0.0
 10
323.3214838778
 20
75.2621758942
 30
0.0
 10
323.9606739311
 20
74.3410233504
 30
0.0
 10
324.8941730291
 20
73.3474073932
 30
0.0
 10
325.7517297431
 20
72.7917765229
 30
0.0
 10
326.3505804918
 20
72.5869575039
 30
0.0
  0
SPLINE
  5
A6F
100
AcDbEntity
  8
RUNDUNGEN
100
AcDbSpline
 62
7
  6
CONTINUOUS
 70
0
 71
3
 72
18
 73
14
 74
0
 42
0.0000001
 43
0.0000001
 44
0.0000000001
 40
0.0
 40
0.0
 40
0.0
 40
0.0
 40
0.1382943941
 40
0.2809435189
 40
0.422870284
 40
0.5590666125
 40
0.6854800509
 40
0.7443450325
 40
0.8001566181
 40
0.853099697
 40
0.9035879792
 40
0.9522731469
 40
1.0
 40
1.0
 40
1.0
 40
1.0
 10
322.1079398047
 20
124.7814276023
 30
0.0
 10
322.1079398047
 20
124.2880132468
 30
0.0
 10
322.2063464541
 20
123.2838917535
 30
0.0
 10
322.6101813644
 20
121.8233199364
 30
0.0
 10
323.2488965006
 20
120.4564257621
 30
0.0
 10
324.0829769504
 20
119.2691293423
 30
0.0
 10
324.9205291274
 20
118.4707278044
 30
0.0
 10
325.6418236081
 20
117.9982630227
 30
0.0
 10
326.1827560154
 20
117.738626955
 30
0.0
 10
326.7276895297
 20
117.5699841897
 30
0.0
 10
327.2680759587
 20
117.4959720225
 30
0.0
 10
327.7945716795
 20
117.5183273223
 30
0.0
 10
328.1317095049
 20
117.5983066604
 30
0.0
 10
328.2928227752
 20
117.6534305406
 30
0.0
  0
SPLINE
  5
A70
100
AcDbEntity
  8
RUNDUNGEN
100
AcDbSpline
 62
9
  6
CONTINUOUS
 70
0
 71
3
 72
10
 73
6
 74
0
 42
0.0000001
 43
0.0000001
 44
0.0000000001
 40
0.0
 40
0.0
 40
0.0
 40
0.0
 40
0.5147603762
 40
0.7594654303
 40
1.0
 40
1.0
 40
1.0
 40
1.0
 10
327.057687273
 20
130.1500521345
 30
0.0
 10
326.6839925053
 20
130.2778632726
 30
0.0
 10
326.0998161627
 20
130.3925195569
 30
0.0
 10
325.3311365464
 20
130.3441023661
 30
0.0
 10
324.9670846655
 20
130.2552399854
 30
0.0
 10
324.7924600602
 20
130.1955359026
 30
0.0
  0
SPLINE
  5
A71
100
AcDbEntity
  8
BEZUGSACHSEN
100
AcDbSpline
 62
7
  6
CONTINUOUS
 70
0
 71
3
 72
17
 73
13
 74
0
 42
0.0000001
 43
0.0000001
 44
0.0000000001
 40
0.0
 40
0.0
 40
0.0
 40
0.0
 40
0.1383293156
 40
0.2810144615
 40
0.4229770653
 40
0.5592077855
 40
0.6856531453
 40
0.8001061545
 40
0.8530626024
 40
0.9035636337
 40
0.9522610951
 40
1.0
 40
1.0
 40
1.0
 40
1.0
 10
322.8150465859
 20
79.4343370419
 30
0.0
 10
322.8150465859
 20
79.0231584124
 30
0.0
 10
322.8970434081
 20
78.1863958993
 30
0.0
 10
323.2336126973
 20
76.9692278314
 30
0.0
 10
323.7657296717
 20
75.8302395212
 30
0.0
 10
324.4613054236
 20
74.8405108845
 30
0.0
 10
325.27819354
 20
74.0612402709
 30
0.0
 10
326.0436957528
 20
73.6170283031
 30
0.0
 10
326.6648186459
 20
73.4248068543
 30
0.0
 10
327.1151649601
 20
73.3631225403
 30
0.0
 10
327.5539051291
 20
73.3817538934
 30
0.0
 10
327.8348546694
 20
73.4484029236
 30
0.0
 10
327.969115728
 20
73.4943394905
 30
0.0
  0
SPLINE
  5
A72
100
AcDbEntity
  8
RUNDUNGEN
100
AcDbSpline
 62
9
  6
CONTINUOUS
 70
0
 71
3
 72
14
 73
10
 74
0
 42
0.0000001
 43
0.0000001
 44
0.0000000001
 40
0.0
 40
0.0
 40
0.0
 40
0.0
 40
0.129665443
 40
0.2633092016
 40
0.3981757585
 40
0.5313731511
 40
0.6601748526
 40
0.782277274
 40
1.0
 40
1.0
 40
1.0
 40
1.0
 10
358.8774924264
 20
112.6891894699
 30
0.0
 10
358.8774924265
 20
113.1289416091
 30
0.0
 10
358.8103538033
 20
114.0229529883
 30
0.0
 10
358.5280914094
 20
115.3472367713
 30
0.0
 10
358.0727554713
 20
116.6354508602
 30
0.0
 10
357.461720352
 20
117.8387715122
 30
0.0
 10
356.7159598272
 20
118.9135625001
 30
0.0
 10
355.6268997852
 20
120.0727592756
 30
0.0
 10
354.6264038799
 20
120.7209957295
 30
0.0
 10
353.9277449581
 20
120.9599511539
 30
0.0
  0
SPLINE
  5
A73
100
AcDbEntity
  8
0
100
AcDbSpline
 62
7
  6
CONTINUOUS
 70
0
 71
3
 72
12
 73
8
 74
0
 42
0.0000001
 43
0.0000001
 44
0.0000000001
 40
0.0
 40
0.0
 40
0.0
 40
0.0
 40
0.2861776064
 40
0.5456642383
 40
0.7800310619
 40
0.8910435375
 40
1.0
 40
1.0
 40
1.0
 40
1.0
 10
354.7754684603
 20
116.9586458491
 30
0.0
 10
354.5806487621
 20
117.1747546559
 30
0.0
 10
354.1686308238
 20
117.5535523917
 30
0.0
 10
353.4698905504
 20
117.9456991539
 30
0.0
 10
352.8581035772
 20
118.0827007259
 30
0.0
 10
352.3944356817
 20
118.060707877
 30
0.0
 10
352.1753319628
 20
118.0085986214
 30
0.0
 10
352.0704345497
 20
117.9729877187
 30
0.0
  0
SPLINE
  5
A74
100
AcDbEntity
  8
BEZUGSACHSEN
100
AcDbSpline
 62
7
  6
CONTINUOUS
 70
0
 71
3
 72
16
 73
12
 74
0
 42
0.0000001
 43
0.0000001
 44
0.0000000001
 40
0.0
 40
0.0
 40
0.0
 40
0.0
 40
0.1376624328
 40
0.2796734208
 40
0.4211736686
 40
0.5573391866
 40
0.6842015074
 40
0.7994522994
 40
0.9033771511
 40
0.9522834429
 40
1.0
 40
1.0
 40
1.0
 40
1.0
 10
349.9679469835
 20
115.4462197641
 30
0.0
 10
349.9679469835
 20
115.0431245109
 30
0.0
 10
350.0467752105
 20
114.2228149463
 30
0.0
 10
350.3709811495
 20
113.0274901623
 30
0.0
 10
350.884576316
 20
111.9047177385
 30
0.0
 10
351.5572836258
 20
110.9220876019
 30
0.0
 10
352.3508997329
 20
110.1380064618
 30
0.0
 10
353.2213090318
 20
109.5998736562
 30
0.0
 10
353.9915451988
 20
109.3854364044
 30
0.0
 10
354.5815372948
 20
109.3805238947
 30
0.0
 10
354.8620858261
 20
109.4301311955
 30
0.0
 10
354.9967319014
 20
109.4674455573
 30
0.0
  0
SPLINE
  5
A75
100
AcDbEntity
  8
0
100
AcDbSpline
 62
7
  6
CONTINUOUS
 70
0
 71
3
 72
11
 73
7
 74
0
 42
0.0000001
 43
0.0000001
 44
0.0000000001
 40
0.0
 40
0.0
 40
0.0
 40
0.0
 40
0.2945864277
 40
0.5625658026
 40
0.7947758015
 40
1.0
 40
1.0
 40
1.0
 40
1.0
 10
355.6781667593
 20
115.5506563008
 30
0.0
 10
355.6545690836
 20
115.6035132829
 30
0.0
 10
355.5975450515
 20
115.6997660961
 30
0.0
 10
355.4841008254
 20
115.8101563014
 30
0.0
 10
355.3551546809
 20
115.8702800288
 30
0.0
 10
355.2646762685
 20
115.8662833696
 30
0.0
 10
355.2265278176
 20
115.8532114259
 30
0.0
  0
SPLINE
  5
A76
100
AcDbEntity
  8
0
100
AcDbSpline
 62
7
  6
CONTINUOUS
 70
0
 71
3
 72
11
 73
7
 74
0
 42
0.0000001
 43
0.0000001
 44
0.0000000001
 40
0.0
 40
0.0
 40
0.0
 40
0.0
 40
0.2220377114
 40
0.4680190386
 40
0.7309045328
 40
1.0
 40
1.0
 40
1.0
 40
1.0
 10
355.8107446407
 20
111.4699845745
 30
0.0
 10
355.9520889842
 20
111.7469837689
 30
0.0
 10
356.1548759944
 20
112.3808908784
 30
0.0
 10
356.2226370857
 20
113.4098674165
 30
0.0
 10
356.0717853055
 20
114.4957499415
 30
0.0
 10
355.8318083687
 20
115.2065108907
 30
0.0
 10
355.6781667593
 20
115.5506563008
 30
0.0
  0
SPLINE
  5
A77
100
AcDbEntity
  8
BEZUGSACHSEN
100
AcDbSpline
 62
7
  6
CONTINUOUS
 70
0
 71
3
 72
16
 73
12
 74
0
 42
0.0000001
 43
0.0000001
 44
0.0000000001
 40
0.0
 40
0.0
 40
0.0
 40
0.0
 40
0.1376624328
 40
0.2796734208
 40
0.4211736686
 40
0.5573391866
 40
0.6842015074
 40
0.7994522994
 40
0.9033771511
 40
0.9522834429
 40
1.0
 40
1.0
 40
1.0
 40
1.0
 10
323.0978892984
 20
79.531074947
 30
0.0
 10
323.0978892984
 20
79.1279796938
 30
0.0
 10
323.1767175254
 20
78.3076701292
 30
0.0
 10
323.5009234644
 20
77.1123453452
 30
0.0
 10
324.0145186309
 20
75.9895729214
 30
0.0
 10
324.6872259407
 20
75.0069427848
 30
0.0
 10
325.4808420478
 20
74.2228616447
 30
0.0
 10
326.3512513467
 20
73.6847288391
 30
0.0
 10
327.1214875137
 20
73.4702915873
 30
0.0
 10
327.7114796097
 20
73.4653790776
 30
0.0
 10
327.992028141
 20
73.5149863784
 30
0.0
 10
328.1266742163
 20
73.5523007402
 30
0.0
  0
SPLINE
  5
A78
100
AcDbEntity
  8
0
100
AcDbSpline
 62
7
  6
CONTINUOUS
 70
0
 71
3
 72
11
 73
7
 74
0
 42
0.0000001
 43
0.0000001
 44
0.0000000001
 40
0.0
 40
0.0
 40
0.0
 40
0.0
 40
0.2861975915
 40
0.5463401337
 40
0.7809273642
 40
1.0
 40
1.0
 40
1.0
 40
1.0
 10
354.6097056822
 20
113.3448000001
 30
0.0
 10
354.5853404221
 20
113.3718277973
 30
0.0
 10
354.5337143827
 20
113.4191962603
 30
0.0
 10
354.4461730756
 20
113.4683089668
 30
0.0
 10
354.3561139717
 20
113.4885234167
 30
0.0
 10
354.2974200178
 20
113.4804077883
 30
0.0
 10
354.2710649243
 20
113.4713924618
 30
0.0
  0
SPLINE
  5
A79
100
AcDbEntity
  8
RUNDUNGEN
100
AcDbSpline
 62
9
  6
CONTINUOUS
 70
0
 71
3
 72
11
 73
7
 74
0
 42
0.0000001
 43
0.0000001
 44
0.0000000001
 40
0.0
 40
0.0
 40
0.0
 40
0.0
 40
0.2402269333
 40
0.4844692477
 40
0.7367021606
 40
1.0
 40
1.0
 40
1.0
 40
1.0
 10
331.9452074699
 20
118.6535563976
 30
0.0
 10
332.5472026875
 20
118.868889042
 30
0.0
 10
333.8041324491
 20
119.192149282
 30
0.0
 10
335.7696790134
 20
119.3316820618
 30
0.0
 10
337.7905014142
 20
119.1275064019
 30
0.0
 10
339.1225675149
 20
118.77414367
 30
0.0
 10
339.7856093344
 20
118.5473700119
 30
0.0
  0
SPLINE
  5
A7A
100
AcDbEntity
  8
0
100
AcDbSpline
 62
7
  6
CONTINUOUS
 70
0
 71
3
 72
11
 73
7
 74
0
 42
0.0000001
 43
0.0000001
 44
0.0000000001
 40
0.0
 40
0.0
 40
0.0
 40
0.0
 40
0.286222331
 40
0.5463823798
 40
0.7809837818
 40
1.0
 40
1.0
 40
1.0
 40
1.0
 10
351.3947280683
 20
116.9110973641
 30
0.0
 10
351.3703605293
 20
116.9381276892
 30
0.0
 10
351.3187340683
 20
116.9855042425
 30
0.0
 10
351.2311748368
 20
117.0346098035
 30
0.0
 10
351.1411212794
 20
117.0548010765
 30
0.0
 10
351.0824265295
 20
117.0467300185
 30
0.0
 10
351.0560777609
 20
117.0377177555
 30
0.0
  0
SPLINE
  5
A7B
100
AcDbEntity
  8
0
100
AcDbSpline
 62
7
  6
CONTINUOUS
 70
0
 71
3
 72
11
 73
7
 74
0
 42
0.0000001
 43
0.0000001
 44
0.0000000001
 40
0.0
 40
0.0
 40
0.0
 40
0.0
 40
0.2630260988
 40
0.5225450942
 40
0.7703171873
 40
1.0
 40
1.0
 40
1.0
 40
1.0
 10
351.6235710019
 20
113.16451091
 30
0.0
 10
351.5253056036
 20
113.3846178585
 30
0.0
 10
351.365384588
 20
113.8385257202
 30
0.0
 10
351.2383096277
 20
114.5360751362
 30
0.0
 10
351.2315962332
 20
115.214749595
 30
0.0
 10
351.3108083039
 20
115.6489997233
 30
0.0
 10
351.3730561094
 20
115.8500739719
 30
0.0
  0
SPLINE
  5
A7C
100
AcDbEntity
  8
0
100
AcDbSpline
 62
7
  6
CONTINUOUS
 70
0
 71
3
 72
12
 73
8
 74
0
 42
0.0000001
 43
0.0000001
 44
0.0000000001
 40
0.0
 40
0.0
 40
0.0
 40
0.0
 40
0.286274464
 40
0.5456910813
 40
0.7801159088
 40
0.8910735572
 40
1.0
 40
1.0
 40
1.0
 40
1.0
 10
354.9168898165
 20
117.0070148016
 30
0.0
 10
354.7218722547
 20
117.2233430939
 30
0.0
 10
354.3095578861
 20
117.6024496127
 30
0.0
 10
353.6100802088
 20
117.9945805297
 30
0.0
 10
352.9978295136
 20
118.1313242759
 30
0.0
 10
352.533905618
 20
118.1088146643
 30
0.0
 10
352.3147679907
 20
118.0565415938
 30
0.0
 10
352.2098780424
 20
118.0207707675
 30
0.0
  0
SPLINE
  5
A7D
100
AcDbEntity
  8
RUNDUNGEN
100
AcDbSpline
 62
9
  6
CONTINUOUS
 70
0
 71
3
 72
23
 73
19
 74
0
 42
0.0000001
 43
0.0000001
 44
0.0000000001
 40
0.0
 40
0.0
 40
0.0
 40
0.0
 40
0.0531343361
 40
0.109409367
 40
0.1688301838
 40
0.2311871126
 40
0.296090522
 40
0.3630149173
 40
0.4313351044
 40
0.5003614616
 40
0.5693728599
 40
0.6376488903
 40
0.7045019676
 40
0.7693103419
 40
0.83155305
 40
0.8908476117
 40
0.94699065
 40
1.0
 40
1.0
 40
1.0
 40
1.0
 10
339.7856093344
 20
118.5473700119
 30
0.0
 10
340.5772703496
 20
118.276605998
 30
0.0
 10
342.1625185966
 20
117.5813279464
 30
0.0
 10
344.4233586468
 20
116.1680460397
 30
0.0
 10
346.5945898238
 20
114.3828210452
 30
0.0
 10
348.6363718943
 20
112.2596459416
 30
0.0
 10
350.5120200168
 20
109.8378961747
 30
0.0
 10
352.1872118194
 20
107.1625133696
 30
0.0
 10
353.6311614153
 20
104.2830746441
 30
0.0
 10
354.817195163
 20
101.2529976914
 30
0.0
 10
355.7233364891
 20
98.128506528
 30
0.0
 10
356.3327443769
 20
94.9675559627
 30
0.0
 10
356.6340262154
 20
91.8287100207
 30
0.0
 10
356.6213776652
 20
88.7699742017
 30
0.0
 10
356.294660288
 20
85.8478002167
 30
0.0
 10
355.6589493419
 20
83.1156814954
 30
0.0
 10
354.7251573704
 20
80.6247105104
 30
0.0
 10
353.8900588243
 20
79.113006188
 30
0.0
 10
353.4264236003
 20
78.4188929375
 30
0.0
  0
SPLINE
  5
A7E
100
AcDbEntity
  8
RUNDUNGEN
100
AcDbSpline
 62
9
  6
CONTINUOUS
 70
0
 71
3
 72
11
 73
7
 74
0
 42
0.0000001
 43
0.0000001
 44
0.0000000001
 40
0.0
 40
0.0
 40
0.0
 40
0.0
 40
0.2630496184
 40
0.5152056203
 40
0.7595681747
 40
1.0
 40
1.0
 40
1.0
 40
1.0
 10
353.4264236003
 20
78.4188929375
 30
0.0
 10
353.0421448016
 20
77.8435850398
 30
0.0
 10
352.2091447557
 20
76.7673182613
 30
0.0
 10
350.7474297671
 20
75.3927646051
 30
0.0
 10
349.1233435099
 20
74.3175414199
 30
0.0
 10
347.9442893593
 20
73.8110778655
 30
0.0
 10
347.3430597485
 20
73.6151196862
 30
0.0
  0
SPLINE
  5
A7F
100
AcDbEntity
  8
0
100
AcDbSpline
 62
7
  6
CONTINUOUS
 70
0
 71
3
 72
13
 73
9
 74
0
 42
0.0000001
 43
0.0000001
 44
0.0000000001
 40
0.0
 40
0.0
 40
0.0
 40
0.0
 40
0.0961272739
 40
0.1999862236
 40
0.3159330635
 40
0.444243426
 40
0.7235614866
 40
1.0
 40
1.0
 40
1.0
 40
1.0
 10
352.4542507091
 20
114.8997843879
 30
0.0
 10
352.4825404336
 20
114.9094614966
 30
0.0
 10
352.5376232463
 20
114.942340551
 30
0.0
 10
352.5984381339
 20
115.02181688
 30
0.0
 10
352.6363588979
 20
115.1246277552
 30
0.0
 10
352.6550021621
 20
115.2876133992
 30
0.0
 10
352.6148960227
 20
115.5014576202
 30
0.0
 10
352.5267350734
 20
115.6553892121
 30
0.0
 10
352.4691633418
 20
115.7192521496
 30
0.0
  0
SPLINE
  5
A80
100
AcDbEntity
  8
0
100
AcDbSpline
 62
7
  6
CONTINUOUS
 70
0
 71
3
 72
13
 73
9
 74
0
 42
0.0000001
 43
0.0000001
 44
0.0000000001
 40
0.0
 40
0.0
 40
0.0
 40
0.0
 40
0.0961350409
 40
0.1999963602
 40
0.3159364573
 40
0.4442575849
 40
0.7235926356
 40
1.0
 40
1.0
 40
1.0
 40
1.0
 10
352.5958061122
 20
114.9481614107
 30
0.0
 10
352.6240922178
 20
114.957845147
 30
0.0
 10
352.6791243978
 20
114.9908104545
 30
0.0
 10
352.7398870987
 20
115.0702902684
 30
0.0
 10
352.7778276159
 20
115.1730834527
 30
0.0
 10
352.7964326624
 20
115.3360637296
 30
0.0
 10
352.7562880321
 20
115.5498666721
 30
0.0
 10
352.668142831
 20
115.7037732493
 30
0.0
 10
352.6105846981
 20
115.7676211022
 30
0.0
  0
SPLINE
  5
A81
100
AcDbEntity
  8
0
100
AcDbSpline
 62
7
  6
CONTINUOUS
 70
0
 71
3
 72
11
 73
7
 74
0
 42
0.0000001
 43
0.0000001
 44
0.0000000001
 40
0.0
 40
0.0
 40
0.0
 40
0.0
 40
0.2863762626
 40
0.5463249009
 40
0.7808765923
 40
1.0
 40
1.0
 40
1.0
 40
1.0
 10
354.7511270385
 20
113.3931689526
 30
0.0
 10
354.726737965
 20
113.4202231654
 30
0.0
 10
354.6751193588
 20
113.4676381521
 30
0.0
 10
354.5875093481
 20
113.5167017046
 30
0.0
 10
354.497442055
 20
113.5368713392
 30
0.0
 10
354.4387204902
 20
113.5287805056
 30
0.0
 10
354.4123522337
 20
113.5197533441
 30
0.0
  0
SPLINE
  5
A82
100
AcDbEntity
  8
0
100
AcDbSpline
 62
7
  6
CONTINUOUS
 70
0
 71
3
 72
13
 73
9
 74
0
 42
0.0000001
 43
0.0000001
 44
0.0000000001
 40
0.0
 40
0.0
 40
0.0
 40
0.0
 40
0.098183888
 40
0.201618605
 40
0.3139374173
 40
0.4366319419
 40
0.7086855533
 40
1.0
 40
1.0
 40
1.0
 40
1.0
 10
351.4959819783
 20
112.521077872
 30
0.0
 10
351.5184337323
 20
112.5287711874
 30
0.0
 10
351.5621934868
 20
112.5523723536
 30
0.0
 10
351.6155361248
 20
112.6077359751
 30
0.0
 10
351.6553856457
 20
112.6801054103
 30
0.0
 10
351.689945957
 20
112.7985119628
 30
0.0
 10
351.6905995028
 20
112.9675342359
 30
0.0
 10
351.6522775008
 20
113.1002105563
 30
0.0
 10
351.6235710019
 20
113.16451091
 30
0.0
  0
SPLINE
  5
A83
100
AcDbEntity
  8
0
100
AcDbSpline
 62
7
  6
CONTINUOUS
 70
0
 71
3
 72
13
 73
9
 74
0
 42
0.0000001
 43
0.0000001
 44
0.0000000001
 40
0.0
 40
0.0
 40
0.0
 40
0.0
 40
0.0981983438
 40
0.2016015038
 40
0.31389452
 40
0.4365890754
 40
0.7086345535
 40
1.0
 40
1.0
 40
1.0
 40
1.0
 10
351.6370129675
 20
112.5692912316
 30
0.0
 10
351.6594882344
 20
112.5769690225
 30
0.0
 10
351.7033104363
 20
112.6005016064
 30
0.0
 10
351.7567496324
 20
112.6558212891
 30
0.0
 10
351.7967287687
 20
112.7281626184
 30
0.0
 10
351.8313098971
 20
112.8466349569
 30
0.0
 10
351.8320673318
 20
113.0157566825
 30
0.0
 10
351.7937204866
 20
113.1485310603
 30
0.0
 10
351.7649923582
 20
113.2128798626
 30
0.0
  0
SPLINE
  5
A84
100
AcDbEntity
  8
0
100
AcDbSpline
 62
7
  6
CONTINUOUS
 70
0
 71
3
 72
11
 73
7
 74
0
 42
0.0000001
 43
0.0000001
 44
0.0000000001
 40
0.0
 40
0.0
 40
0.0
 40
0.0
 40
0.2220523616
 40
0.4680217496
 40
0.7308869267
 40
1.0
 40
1.0
 40
1.0
 40
1.0
 10
355.952165997
 20
111.518353527
 30
0.0
 10
356.0935195029
 20
111.7953706776
 30
0.0
 10
356.2963296549
 20
112.4292800959
 30
0.0
 10
356.3639844417
 20
113.4582342008
 30
0.0
 10
356.213241539
 20
114.5441035154
 30
0.0
 10
355.9732395996
 20
115.2548577248
 30
0.0
 10
355.8195881155
 20
115.5990252534
 30
0.0
  0
SPLINE
  5
A85
100
AcDbEntity
  8
0
100
AcDbSpline
 62
7
  6
CONTINUOUS
 70
0
 71
3
 72
9
 73
5
 74
0
 42
0.0000001
 43
0.0000001
 44
0.0000000001
 40
0.0
 40
0.0
 40
0.0
 40
0.0
 40
0.4789500203
 40
1.0
 40
1.0
 40
1.0
 40
1.0
 10
355.666432035
 20
111.3365715424
 30
0.0
 10
355.6966876835
 20
111.3469201042
 30
0.0
 10
355.7554010118
 20
111.383291098
 30
0.0
 10
355.7949332458
 20
111.4389982361
 30
0.0
 10
355.8107446407
 20
111.4699845745
 30
0.0
  0
SPLINE
  5
A86
100
AcDbEntity
  8
0
100
AcDbSpline
 62
7
  6
CONTINUOUS
 70
0
 71
3
 72
9
 73
5
 74
0
 42
0.0000001
 43
0.0000001
 44
0.0000000001
 40
0.0
 40
0.0
 40
0.0
 40
0.0
 40
0.4785265382
 40
1.0
 40
1.0
 40
1.0
 40
1.0
 10
355.8076342735
 20
111.3848494761
 30
0.0
 10
355.8379085204
 20
111.3951800441
 30
0.0
 10
355.896774503
 20
111.4314780027
 30
0.0
 10
355.9363219114
 20
111.4873031233
 30
0.0
 10
355.952165997
 20
111.518353527
 30
0.0
  0
SPLINE
  5
A87
100
AcDbEntity
  8
0
100
AcDbSpline
 62
7
  6
CONTINUOUS
 70
0
 71
3
 72
11
 73
7
 74
0
 42
0.0000001
 43
0.0000001
 44
0.0000000001
 40
0.0
 40
0.0
 40
0.0
 40
0.0
 40
0.2945967843
 40
0.5624779958
 40
0.794764867
 40
1.0
 40
1.0
 40
1.0
 40
1.0
 10
355.8195881155
 20
115.5990252534
 30
0.0
 10
355.7960052501
 20
115.6518490616
 30
0.0
 10
355.7390562518
 20
115.7480407781
 30
0.0
 10
355.625696841
 20
115.8583598415
 30
0.0
 10
355.4969302176
 20
115.9185676465
 30
0.0
 10
355.4064769939
 20
115.9147641322
 30
0.0
 10
355.3683395408
 20
115.9017359714
 30
0.0
  0
SPLINE
  5
A88
100
AcDbEntity
  8
RUNDUNGEN
100
AcDbSpline
 62
9
  6
CONTINUOUS
 70
0
 71
3
 72
13
 73
9
 74
0
 42
0.0000001
 43
0.0000001
 44
0.0000000001
 40
0.0
 40
0.0
 40
0.0
 40
0.0
 40
0.2628572881
 40
0.3978066017
 40
0.5310857677
 40
0.6599665959
 40
0.7821435926
 40
1.0
 40
1.0
 40
1.0
 40
1.0
 10
357.463278864
 20
112.6891894699
 30
0.0
 10
357.463278864
 20
113.4528327756
 30
0.0
 10
357.2886879873
 20
114.6144315822
 30
0.0
 10
356.7735979336
 20
116.0713883894
 30
0.0
 10
356.249734791
 20
117.1031953802
 30
0.0
 10
355.6105447377
 20
118.024347924
 30
0.0
 10
354.6770456396
 20
119.0179638812
 30
0.0
 10
353.8194889257
 20
119.5735947516
 30
0.0
 10
353.2206381769
 20
119.7784137705
 30
0.0
  0
SPLINE
  5
A89
100
AcDbEntity
  8
0
100
AcDbSpline
 62
7
  6
CONTINUOUS
 70
0
 71
3
 72
10
 73
6
 74
0
 42
0.0000001
 43
0.0000001
 44
0.0000000001
 40
0.0
 40
0.0
 40
0.0
 40
0.0
 40
0.4798510422
 40
0.7384733506
 40
1.0
 40
1.0
 40
1.0
 40
1.0
 10
351.4707859529
 20
115.7402579246
 30
0.0
 10
351.372796698
 20
115.3392009192
 30
0.0
 10
351.3537735211
 20
114.6866563788
 30
0.0
 10
351.5214274528
 20
113.8418184271
 30
0.0
 10
351.6732632862
 20
113.4183459417
 30
0.0
 10
351.7649923582
 20
113.2128798626
 30
0.0
  0
LINE
  5
A8A
100
AcDbEntity
  8
RUNDUNGEN
100
AcDbLine
 62
9
  6
CONTINUOUS
 10
377.2363217309
 20
95.6795480837
 11
375.8961786823
 21
95.2652718362
  0
SPLINE
  5
A8B
100
AcDbEntity
  8
0
100
AcDbSpline
 62
7
  6
CONTINUOUS
 70
0
 71
3
 72
11
 73
7
 74
0
 42
0.0000001
 43
0.0000001
 44
0.0000000001
 40
0.0
 40
0.0
 40
0.0
 40
0.0
 40
0.2864542868
 40
0.5462923598
 40
0.7808930355
 40
1.0
 40
1.0
 40
1.0
 40
1.0
 10
351.5361494245
 20
116.9594663167
 30
0.0
 10
351.5117766941
 20
116.9865024005
 30
0.0
 10
351.4602288531
 20
117.0338883599
 30
0.0
 10
351.3727045558
 20
117.0829240703
 30
0.0
 10
351.2827589255
 20
117.1031098152
 30
0.0
 10
351.2240686716
 20
117.0951693619
 30
0.0
 10
351.1977182348
 20
117.0861777269
 30
0.0
  0
SPLINE
  5
A8C
100
AcDbEntity
  8
0
100
AcDbSpline
 62
7
  6
CONTINUOUS
 70
0
 71
3
 72
13
 73
9
 74
0
 42
0.0000001
 43
0.0000001
 44
0.0000000001
 40
0.0
 40
0.0
 40
0.0
 40
0.0
 40
0.0961272739
 40
0.1999862236
 40
0.3159330635
 40
0.444243426
 40
0.7235614866
 40
1.0
 40
1.0
 40
1.0
 40
1.0
 10
354.7605558276
 20
116.1391780873
 30
0.0
 10
354.7888455521
 20
116.148855196
 30
0.0
 10
354.8439283647
 20
116.1817342504
 30
0.0
 10
354.9047432524
 20
116.2612105794
 30
0.0
 10
354.9426640164
 20
116.3640214547
 30
0.0
 10
354.9613072806
 20
116.5270070986
 30
0.0
 10
354.9212011412
 20
116.7408513196
 30
0.0
 10
354.8330401918
 20
116.8947829116
 30
0.0
 10
354.7754684603
 20
116.9586458491
 30
0.0
  0
SPLINE
  5
A8D
100
AcDbEntity
  8
BEZUGSACHSEN
100
AcDbSpline
 62
9
  6
CONTINUOUS
 70
0
 71
3
 72
11
 73
7
 74
0
 42
0.0000001
 43
0.0000001
 44
0.0000000001
 40
0.0
 40
0.0
 40
0.0
 40
0.0
 40
0.2631952174
 40
0.5154999743
 40
0.7598353518
 40
1.0
 40
1.0
 40
1.0
 40
1.0
 10
336.2500754284
 20
117.1502076745
 30
0.0
 10
335.6048815958
 20
117.3708769616
 30
0.0
 10
334.3089194736
 20
117.7164643279
 30
0.0
 10
332.342879852
 20
117.9243074857
 30
0.0
 10
330.4285770139
 20
117.8044853951
 30
0.0
 10
329.2014846155
 20
117.5048742428
 30
0.0
 10
328.6127529235
 20
117.3034989699
 30
0.0
  0
SPLINE
  5
A8E
100
AcDbEntity
  8
0
100
AcDbSpline
 62
7
  6
CONTINUOUS
 70
0
 71
3
 72
13
 73
9
 74
0
 42
0.0000001
 43
0.0000001
 44
0.0000000001
 40
0.0
 40
0.0
 40
0.0
 40
0.0
 40
0.0961350409
 40
0.1999963602
 40
0.3159364573
 40
0.4442575849
 40
0.7235926356
 40
1.0
 40
1.0
 40
1.0
 40
1.0
 10
354.9021112307
 20
116.1875551101
 30
0.0
 10
354.9303973362
 20
116.1972388464
 30
0.0
 10
354.9854295162
 20
116.2302041539
 30
0.0
 10
355.0461922172
 20
116.3096839678
 30
0.0
 10
355.0841327343
 20
116.4124771522
 30
0.0
 10
355.1027377808
 20
116.5754574291
 30
0.0
 10
355.0625931506
 20
116.7892603715
 30
0.0
 10
354.9744479495
 20
116.9431669487
 30
0.0
 10
354.9168898165
 20
117.0070148016
 30
0.0
  0
SPLINE
  5
A8F
100
AcDbEntity
  8
RUNDUNGEN
100
AcDbSpline
 62
7
  6
CONTINUOUS
 70
0
 71
3
 72
9
 73
5
 74
0
 42
0.0000001
 43
0.0000001
 44
0.0000000001
 40
0.0
 40
0.0
 40
0.0
 40
0.0
 40
0.2711477956
 40
1.0
 40
1.0
 40
1.0
 40
1.0
 10
376.110631438
 20
94.6666779548
 30
0.0
 10
376.1003869873
 20
94.6632744083
 30
0.0
 10
376.061965683
 20
94.6530632582
 30
0.0
 10
376.0198239642
 20
94.6541798305
 30
0.0
 10
375.9923697405
 20
94.6635751425
 30
0.0
  0
SPLINE
  5
A90
100
AcDbEntity
  8
0
100
AcDbSpline
 62
7
  6
CONTINUOUS
 70
0
 71
3
 72
11
 73
7
 74
0
 42
0.0000001
 43
0.0000001
 44
0.0000000001
 40
0.0
 40
0.0
 40
0.0
 40
0.0
 40
0.2155378205
 40
0.4489537094
 40
0.7107286485
 40
1.0
 40
1.0
 40
1.0
 40
1.0
 10
353.5227488132
 20
110.425039295
 30
0.0
 10
353.551717576
 20
110.4349308525
 30
0.0
 10
353.608143462
 20
110.4688434622
 30
0.0
 10
353.6697382847
 20
110.5512527464
 30
0.0
 10
353.7070761842
 20
110.657609135
 30
0.0
 10
353.7148082885
 20
110.736215376
 30
0.0
 10
353.7148082885
 20
110.7772980949
 30
0.0
  0
LINE
  5
A91
100
AcDbEntity
  8
0
100
AcDbLine
 62
7
  6
CONTINUOUS
 10
337.8464419539
 20
114.19373484
 11
337.8591058708
 21
114.262506788
  0
LINE
  5
A92
100
AcDbEntity
  8
0
100
AcDbLine
 62
7
  6
CONTINUOUS
 10
337.8591058708
 20
114.262506788
 11
337.8727413457
 21
114.3370584443
  0
SPLINE
  5
A93
100
AcDbEntity
  8
RUNDUNGEN
100
AcDbSpline
 62
9
  6
CONTINUOUS
 70
0
 71
3
 72
11
 73
7
 74
0
 42
0.0000001
 43
0.0000001
 44
0.0000000001
 40
0.0
 40
0.0
 40
0.0
 40
0.0
 40
0.29348395
 40
0.5559880746
 40
0.7876376416
 40
1.0
 40
1.0
 40
1.0
 40
1.0
 10
337.4494194109
 20
114.9743399669
 30
0.0
 10
337.4467019071
 20
114.945485472
 30
0.0
 10
337.4464498191
 20
114.8901459461
 30
0.0
 10
337.4636294359
 20
114.8134387984
 30
0.0
 10
337.4985056801
 20
114.7515538241
 30
0.0
 10
337.5337498186
 20
114.7232008744
 30
0.0
 10
337.5524795553
 20
114.7137674183
 30
0.0
  0
SPLINE
  5
A94
100
AcDbEntity
  8
RUNDUNGEN
100
AcDbSpline
 62
9
  6
CONTINUOUS
 70
0
 71
3
 72
11
 73
7
 74
0
 42
0.0000001
 43
0.0000001
 44
0.0000000001
 40
0.0
 40
0.0
 40
0.0
 40
0.0
 40
0.2862755652
 40
0.5478957789
 40
0.7826381849
 40
1.0
 40
1.0
 40
1.0
 40
1.0
 10
333.6365178877
 20
116.2784290945
 30
0.0
 10
333.6397935687
 20
116.2414071666
 30
0.0
 10
333.6537684366
 20
116.1708761154
 30
0.0
 10
333.6986799511
 20
116.0782444927
 30
0.0
 10
333.7644489019
 20
116.0102914282
 30
0.0
 10
333.8203880853
 20
115.9865506713
 30
0.0
 10
333.8481630665
 20
115.9815608769
 30
0.0
  0
SPLINE
  5
A95
100
AcDbEntity
  8
0
100
AcDbSpline
 62
7
  6
CONTINUOUS
 70
0
 71
3
 72
9
 73
5
 74
0
 42
0.0000001
 43
0.0000001
 44
0.0000000001
 40
0.0
 40
0.0
 40
0.0
 40
0.0
 40
0.4996346774
 40
1.0
 40
1.0
 40
1.0
 40
1.0
 10
333.1991784898
 20
116.0180179616
 30
0.0
 10
333.2093340073
 20
115.9542015772
 30
0.0
 10
333.2473170181
 20
115.8287965789
 30
0.0
 10
333.3145838561
 20
115.7168609964
 30
0.0
 10
333.3537017867
 20
115.6653083578
 30
0.0
  0
SPLINE
  5
A96
100
AcDbEntity
  8
0
100
AcDbSpline
 62
9
  6
CONTINUOUS
 70
0
 71
3
 72
9
 73
5
 74
0
 42
0.0000001
 43
0.0000001
 44
0.0000000001
 40
0.0
 40
0.0
 40
0.0
 40
0.0
 40
0.5331085446
 40
1.0
 40
1.0
 40
1.0
 40
1.0
 10
333.3537017867
 20
115.6653083578
 30
0.0
 10
333.416540774
 20
115.6615483483
 30
0.0
 10
333.5349965766
 20
115.6640748928
 30
0.0
 10
333.6522841734
 20
115.6852642663
 30
0.0
 10
333.7044875758
 20
115.7029946659
 30
0.0
  0
SPLINE
  5
A97
100
AcDbEntity
  8
0
100
AcDbSpline
 62
7
  6
CONTINUOUS
 70
0
 71
3
 72
9
 73
5
 74
0
 42
0.0000001
 43
0.0000001
 44
0.0000000001
 40
0.0
 40
0.0
 40
0.0
 40
0.0
 40
0.5402002061
 40
1.0
 40
1.0
 40
1.0
 40
1.0
 10
333.3537017867
 20
115.6653083578
 30
0.0
 10
333.4072326506
 20
115.5947612397
 30
0.0
 10
333.5156874821
 20
115.4710467391
 30
0.0
 10
333.6417686488
 20
115.3646799623
 30
0.0
 10
333.7044875758
 20
115.3228702091
 30
0.0
  0
SPLINE
  5
A98
100
AcDbEntity
  8
0
100
AcDbSpline
 62
7
  6
CONTINUOUS
 70
0
 71
3
 72
11
 73
7
 74
0
 42
0.0000001
 43
0.0000001
 44
0.0000000001
 40
0.0
 40
0.0
 40
0.0
 40
0.0
 40
0.2155474849
 40
0.449012354
 40
0.7106245898
 40
1.0
 40
1.0
 40
1.0
 40
1.0
 10
353.6646756396
 20
110.4735636698
 30
0.0
 10
353.6936003319
 20
110.4834736474
 30
0.0
 10
353.7498420168
 20
110.517564729
 30
0.0
 10
353.8112728019
 20
110.5998756272
 30
0.0
 10
353.8485552234
 20
110.7061141886
 30
0.0
 10
353.8562296448
 20
110.7846193707
 30
0.0
 10
353.8562296448
 20
110.8256670474
 30
0.0
  0
SPLINE
  5
A99
100
AcDbEntity
  8
FASEN
100
AcDbSpline
 62
7
  6
CONTINUOUS
 70
0
 71
3
 72
13
 73
9
 74
0
 42
0.0000001
 43
0.0000001
 44
0.0000000001
 40
0.0
 40
0.0
 40
0.0
 40
0.0
 40
0.2628608384
 40
0.3978089819
 40
0.5310895795
 40
0.659974009
 40
0.7821534631
 40
1.0
 40
1.0
 40
1.0
 40
1.0
 10
322.3907660587
 20
124.8781598782
 30
0.0
 10
322.3907660587
 20
124.1145060127
 30
0.0
 10
322.5653537282
 20
122.9528980515
 30
0.0
 10
323.0804604169
 20
121.4959350278
 30
0.0
 10
323.6043285532
 20
120.4641172869
 30
0.0
 10
324.2435415561
 20
119.5429539045
 30
0.0
 10
325.1770345505
 20
118.5493454238
 30
0.0
 10
326.0345829431
 20
117.9937453793
 30
0.0
 10
326.6334067522
 20
117.7889355754
 30
0.0
  0
SPLINE
  5
A9A
100
AcDbEntity
  8
FASEN
100
AcDbSpline
 62
7
  6
CONTINUOUS
 70
0
 71
3
 72
9
 73
5
 74
0
 42
0.0000001
 43
0.0000001
 44
0.0000000001
 40
0.0
 40
0.0
 40
0.0
 40
0.0
 40
0.5146249981
 40
1.0
 40
1.0
 40
1.0
 40
1.0
 10
326.6334067522
 20
117.7889355754
 30
0.0
 10
326.8952636947
 20
117.6993752264
 30
0.0
 10
327.4259520016
 20
117.5806621652
 30
0.0
 10
327.9711828962
 20
117.6064063352
 30
0.0
 10
328.2272919108
 20
117.656798109
 30
0.0
  0
SPLINE
  5
A9B
100
AcDbEntity
  8
BEZUGSACHSEN
100
AcDbSpline
 62
7
  6
CONTINUOUS
 70
0
 71
3
 72
12
 73
8
 74
0
 42
0.0000001
 43
0.0000001
 44
0.0000000001
 40
0.0
 40
0.0
 40
0.0
 40
0.0
 40
0.1067820227
 40
0.2170857504
 40
0.4528909227
 40
0.7141308944
 40
1.0
 40
1.0
 40
1.0
 40
1.0
 10
324.4043180848
 20
82.8132396455
 30
0.0
 10
324.2816428386
 20
82.7476823736
 30
0.0
 10
324.0441255291
 20
82.5908798623
 30
0.0
 10
323.6142257426
 20
82.1832574071
 30
0.0
 10
323.1840309716
 20
81.5039853057
 30
0.0
 10
322.8784967078
 20
80.5220395782
 30
0.0
 10
322.8150465859
 20
79.8067078099
 30
0.0
 10
322.8150465859
 20
79.4343370419
 30
0.0
  0
SPLINE
  5
A9C
100
AcDbEntity
  8
BEZUGSACHSEN
100
AcDbSpline
 62
7
  6
CONTINUOUS
 70
0
 71
3
 72
11
 73
7
 74
0
 42
0.0000001
 43
0.0000001
 44
0.0000000001
 40
0.0
 40
0.0
 40
0.0
 40
0.0
 40
0.2181794109
 40
0.4560326154
 40
0.7170961684
 40
1.0
 40
1.0
 40
1.0
 40
1.0
 10
324.4380467898
 20
82.7556189973
 30
0.0
 10
324.2237664628
 20
82.6033360522
 30
0.0
 10
323.8282604041
 20
82.20740373
 30
0.0
 10
323.4075467985
 20
81.4427638129
 30
0.0
 10
323.1512165484
 20
80.5292488188
 30
0.0
 10
323.0978892984
 20
79.8719407445
 30
0.0
 10
323.0978892984
 20
79.531074947
 30
0.0
  0
SPLINE
  5
A9D
100
AcDbEntity
  8
RUNDUNGEN
100
AcDbSpline
 62
7
  6
CONTINUOUS
 70
0
 71
3
 72
14
 73
10
 74
0
 42
0.0000001
 43
0.0000001
 44
0.0000000001
 40
0.0
 40
0.0
 40
0.0
 40
0.0
 40
0.106805672
 40
0.2160631696
 40
0.3298939233
 40
0.4498611276
 40
0.576866577
 40
0.7112029662
 40
1.0
 40
1.0
 40
1.0
 40
1.0
 10
351.2783958935
 20
74.7119407338
 30
0.0
 10
351.105873419
 20
74.652913267
 30
0.0
 10
350.7683849414
 20
74.4965469215
 30
0.0
 10
350.3127937689
 20
74.1595828763
 30
0.0
 10
349.9137682099
 20
73.7264464272
 30
0.0
 10
349.5784925951
 20
73.206546951
 30
0.0
 10
349.312175658
 20
72.6099660562
 30
0.0
 10
349.0488834114
 20
71.7062099894
 30
0.0
 10
348.9779974898
 20
70.9791215354
 30
0.0
 10
348.9779974898
 20
70.4860808239
 30
0.0
  0
SPLINE
  5
A9E
100
AcDbEntity
  8
RUNDUNGEN
100
AcDbSpline
 62
7
  6
CONTINUOUS
 70
0
 71
3
 72
10
 73
6
 74
0
 42
0.0000001
 43
0.0000001
 44
0.0000000001
 40
0.0
 40
0.0
 40
0.0
 40
0.0
 40
0.5147709574
 40
0.7594837875
 40
1.0
 40
1.0
 40
1.0
 40
1.0
 10
353.2206381769
 20
63.3968565233
 30
0.0
 10
353.5409650875
 20
63.2872982675
 30
0.0
 10
354.0417173299
 20
63.1890143955
 30
0.0
 10
354.7006064214
 20
63.2305316897
 30
0.0
 10
355.0126527446
 20
63.3067156863
 30
0.0
 10
355.1623171985
 20
63.3579096609
 30
0.0
  0
SPLINE
  5
A9F
100
AcDbEntity
  8
FASEN
100
AcDbSpline
 62
7
  6
CONTINUOUS
 70
0
 71
3
 72
12
 73
8
 74
0
 42
0.0000001
 43
0.0000001
 44
0.0000000001
 40
0.0
 40
0.0
 40
0.0
 40
0.0
 40
0.106789778
 40
0.2171039803
 40
0.4529283053
 40
0.714162742
 40
1.0
 40
1.0
 40
1.0
 40
1.0
 10
351.1647661809
 20
74.6358163871
 30
0.0
 10
351.0177518925
 20
74.5570244746
 30
0.0
 10
350.7332080628
 20
74.3685657143
 30
0.0
 10
350.2181098456
 20
73.879320135
 30
0.0
 10
349.7028365819
 20
73.0644364965
 30
0.0
 10
349.3368367039
 20
71.8869529436
 30
0.0
 10
349.2608237438
 20
71.0292688101
 30
0.0
 10
349.2608237438
 20
70.5828130998
 30
0.0
  0
SPLINE
  5
AA0
100
AcDbEntity
  8
RUNDUNGEN
100
AcDbSpline
 62
9
  6
CONTINUOUS
 70
0
 71
3
 72
11
 73
7
 74
0
 42
0.0000001
 43
0.0000001
 44
0.0000000001
 40
0.0
 40
0.0
 40
0.0
 40
0.0
 40
0.2323059689
 40
0.5
 40
0.7676940311
 40
1.0
 40
1.0
 40
1.0
 40
1.0
 10
357.463278864
 20
67.5839436721
 30
0.0
 10
357.568251201
 20
67.5480410184
 30
0.0
 10
357.8036595567
 20
67.499044746
 30
0.0
 10
358.1703856452
 20
67.4756138568
 30
0.0
 10
358.5371117338
 20
67.499044746
 30
0.0
 10
358.7725200895
 20
67.5480410184
 30
0.0
 10
358.8774924264
 20
67.5839436721
 30
0.0
  0
SPLINE
  5
AA1
100
AcDbEntity
  8
RUNDUNGEN
100
AcDbSpline
 62
9
  6
CONTINUOUS
 70
0
 71
3
 72
11
 73
7
 74
0
 42
0.0000001
 43
0.0000001
 44
0.0000000001
 40
0.0
 40
0.0
 40
0.0
 40
0.0
 40
0.2894851536
 40
0.5509965345
 40
0.7844993956
 40
1.0
 40
1.0
 40
1.0
 40
1.0
 10
353.2206381769
 20
63.3968565233
 30
0.0
 10
353.2206381783
 20
63.3146902706
 30
0.0
 10
353.2359644058
 20
63.157591289
 30
0.0
 10
353.310670325
 20
62.9450346134
 30
0.0
 10
353.4336428031
 20
62.7803914598
 30
0.0
 10
353.5462541411
 20
62.7123075867
 30
0.0
 10
353.6041287326
 20
62.6925109289
 30
0.0
  0
SPLINE
  5
AA2
100
AcDbEntity
  8
RUNDUNGEN
100
AcDbSpline
 62
9
  6
CONTINUOUS
 70
0
 71
3
 72
11
 73
7
 74
0
 42
0.0000001
 43
0.0000001
 44
0.0000000001
 40
0.0
 40
0.0
 40
0.0
 40
0.0
 40
0.2894851636
 40
0.5509965511
 40
0.7844994022
 40
1.0
 40
1.0
 40
1.0
 40
1.0
 10
326.3505804918
 20
72.5869575039
 30
0.0
 10
326.3505804918
 20
72.5047912424
 30
0.0
 10
326.3659067233
 20
72.3476922448
 30
0.0
 10
326.4406126533
 20
72.1351355524
 30
0.0
 10
326.5635851564
 20
71.970492401
 30
0.0
 10
326.6761965078
 20
71.9024085396
 30
0.0
 10
326.7340711048
 20
71.88261189
 30
0.0
  0
SPLINE
  5
AA3
100
AcDbEntity
  8
RUNDUNGEN
100
AcDbSpline
 62
9
  6
CONTINUOUS
 70
0
 71
3
 72
11
 73
7
 74
0
 42
0.0000001
 43
0.0000001
 44
0.0000000001
 40
0.0
 40
0.0
 40
0.0
 40
0.0
 40
0.3368052556
 40
0.6117323705
 40
0.8262900181
 40
1.0
 40
1.0
 40
1.0
 40
1.0
 10
322.1079398047
 20
79.6761818045
 30
0.0
 10
322.0654892084
 20
79.6907007623
 30
0.0
 10
321.989601427
 20
79.7212404571
 30
0.0
 10
321.8950503382
 20
79.7787405885
 30
0.0
 10
321.8320499681
 20
79.8429842529
 30
0.0
 10
321.8150930552
 20
79.8948871156
 30
0.0
 10
321.815093044
 20
79.9180265092
 30
0.0
  0
SPLINE
  5
AA4
100
AcDbEntity
  8
RUNDUNGEN
100
AcDbSpline
 62
9
  6
CONTINUOUS
 70
0
 71
3
 72
11
 73
7
 74
0
 42
0.0000001
 43
0.0000001
 44
0.0000000001
 40
0.0
 40
0.0
 40
0.0
 40
0.0
 40
0.3368052689
 40
0.6117323998
 40
0.8262900316
 40
1.0
 40
1.0
 40
1.0
 40
1.0
 10
322.1079398047
 20
124.7814276023
 30
0.0
 10
322.0654892015
 20
124.7959465637
 30
0.0
 10
321.9896014085
 20
124.8264862689
 30
0.0
 10
321.895050307
 20
124.8839864122
 30
0.0
 10
321.8320499408
 20
124.9482300965
 30
0.0
 10
321.8150930439
 20
125.0001329701
 30
0.0
 10
321.8150930439
 20
125.0232723649
 30
0.0
  0
SPLINE
  5
AA5
100
AcDbEntity
  8
RUNDUNGEN
100
AcDbSpline
 62
9
  6
CONTINUOUS
 70
0
 71
3
 72
12
 73
8
 74
0
 42
0.0000001
 43
0.0000001
 44
0.0000000001
 40
0.0
 40
0.0
 40
0.0
 40
0.0
 40
0.1299703808
 40
0.2641698951
 40
0.4664352047
 40
0.6618637668
 40
1.0
 40
1.0
 40
1.0
 40
1.0
 10
326.3505804918
 20
128.9685147511
 30
0.0
 10
326.3505804908
 20
129.0312863867
 30
0.0
 10
326.3602520246
 20
129.1590327322
 30
0.0
 10
326.4071396382
 20
129.3798488177
 30
0.0
 10
326.501506492
 20
129.6211940203
 30
0.0
 10
326.6919612022
 20
129.9209806291
 30
0.0
 10
326.9031659221
 20
130.0972027216
 30
0.0
 10
327.0576872742
 20
130.1500521341
 30
0.0
  0
SPLINE
  5
AA6
100
AcDbEntity
  8
RUNDUNGEN
100
AcDbSpline
 62
9
  6
CONTINUOUS
 70
0
 71
3
 72
12
 73
8
 74
0
 42
0.0000001
 43
0.0000001
 44
0.0000000001
 40
0.0
 40
0.0
 40
0.0
 40
0.0
 40
0.1299703864
 40
0.264169912
 40
0.4664352256
 40
0.6618637853
 40
1.0
 40
1.0
 40
1.0
 40
1.0
 10
353.2206381769
 20
119.7784137705
 30
0.0
 10
353.2206381769
 20
119.8411854086
 30
0.0
 10
353.2303097167
 20
119.9689317614
 30
0.0
 10
353.2771973322
 20
120.189747856
 30
0.0
 10
353.3715641943
 20
120.4310930617
 30
0.0
 10
353.5620189063
 20
120.7308796582
 30
0.0
 10
353.7732236156
 20
120.9071017422
 30
0.0
 10
353.9277449581
 20
120.9599511539
 30
0.0
  0
SPLINE
  5
AA7
100
AcDbEntity
  8
RUNDUNGEN
100
AcDbSpline
 62
9
  6
CONTINUOUS
 70
0
 71
3
 72
11
 73
7
 74
0
 42
0.0000001
 43
0.0000001
 44
0.0000000001
 40
0.0
 40
0.0
 40
0.0
 40
0.0
 40
0.2323059527
 40
0.4999999802
 40
0.7676940193
 40
1.0
 40
1.0
 40
1.0
 40
1.0
 10
357.463278864
 20
112.6891894699
 30
0.0
 10
357.5682511944
 20
112.6532868215
 30
0.0
 10
357.8036595403
 20
112.6042905537
 30
0.0
 10
358.1703856222
 20
112.5808596631
 30
0.0
 10
358.5371117179
 20
112.6042905471
 30
0.0
 10
358.7725200834
 20
112.6532868158
 30
0.0
 10
358.8774924264
 20
112.6891894683
 30
0.0
  0
SPLINE
  5
AA8
100
AcDbEntity
  8
BEZUGSACHSEN
100
AcDbSpline
 62
7
  6
CONTINUOUS
 70
0
 71
3
 72
14
 73
10
 74
0
 42
0.0000001
 43
0.0000001
 44
0.0000000001
 40
0.0
 40
0.0
 40
0.0
 40
0.0
 40
0.106805672
 40
0.2160631696
 40
0.3298939233
 40
0.4498611276
 40
0.576866577
 40
0.7112029662
 40
1.0
 40
1.0
 40
1.0
 40
1.0
 10
351.6021029408
 20
118.8710317839
 30
0.0
 10
351.458334212
 20
118.8218422283
 30
0.0
 10
351.1770938139
 20
118.6915369403
 30
0.0
 10
350.7974345036
 20
118.4107335693
 30
0.0
 10
350.4649132044
 20
118.0497865284
 30
0.0
 10
350.1855168587
 20
117.6165369649
 30
0.0
 10
349.9635860778
 20
117.1193862192
 30
0.0
 10
349.7441758723
 20
116.3662561636
 30
0.0
 10
349.685104271
 20
115.7603491185
 30
0.0
 10
349.685104271
 20
115.349481859
 30
0.0
  0
SPLINE
  5
AA9
100
AcDbEntity
  8
BEZUGSACHSEN
100
AcDbSpline
 62
7
  6
CONTINUOUS
 70
0
 71
3
 72
12
 73
8
 74
0
 42
0.0000001
 43
0.0000001
 44
0.0000000001
 40
0.0
 40
0.0
 40
0.0
 40
0.0
 40
0.1067397708
 40
0.216856846
 40
0.4522366643
 40
0.7135042913
 40
1.0
 40
1.0
 40
1.0
 40
1.0
 10
351.6126531546
 20
118.8537389543
 30
0.0
 10
351.4862809321
 20
118.7906678033
 30
0.0
 10
351.2411758853
 20
118.6377364113
 30
0.0
 10
350.7965247961
 20
118.2332783094
 30
0.0
 10
350.3503545005
 20
117.5491916072
 30
0.0
 10
350.0336339036
 20
116.5529364515
 30
0.0
 10
349.9679469835
 20
115.8253082042
 30
0.0
 10
349.9679469835
 20
115.4462197641
 30
0.0
  0
SPLINE
  5
AAA
100
AcDbEntity
  8
FASEN
100
AcDbSpline
 62
7
  6
CONTINUOUS
 70
0
 71
3
 72
13
 73
9
 74
0
 42
0.0000001
 43
0.0000001
 44
0.0000000001
 40
0.0
 40
0.0
 40
0.0
 40
0.0
 40
0.2628608384
 40
0.3978089819
 40
0.5310895795
 40
0.659974009
 40
0.7821534631
 40
1.0
 40
1.0
 40
1.0
 40
1.0
 10
349.2608237438
 20
70.5828130998
 30
0.0
 10
349.2608237438
 20
69.8191592344
 30
0.0
 10
349.4354114133
 20
68.6575512731
 30
0.0
 10
349.950518102
 20
67.2005882495
 30
0.0
 10
350.4743862383
 20
66.1687705086
 30
0.0
 10
351.1135992412
 20
65.2476071261
 30
0.0
 10
352.0470922356
 20
64.2539986454
 30
0.0
 10
352.9046406282
 20
63.698398601
 30
0.0
 10
353.5034644373
 20
63.493588797
 30
0.0
  0
SPLINE
  5
AAB
100
AcDbEntity
  8
FASEN
100
AcDbSpline
 62
7
  6
CONTINUOUS
 70
0
 71
3
 72
9
 73
5
 74
0
 42
0.0000001
 43
0.0000001
 44
0.0000000001
 40
0.0
 40
0.0
 40
0.0
 40
0.0
 40
0.5146249981
 40
1.0
 40
1.0
 40
1.0
 40
1.0
 10
353.5034644373
 20
63.493588797
 30
0.0
 10
353.7653213798
 20
63.4040284481
 30
0.0
 10
354.2960096867
 20
63.2853153869
 30
0.0
 10
354.8412405812
 20
63.3110595568
 30
0.0
 10
355.0973495958
 20
63.3614513307
 30
0.0
  0
SPLINE
  5
AAC
100
AcDbEntity
  8
RUNDUNGEN
100
AcDbSpline
 62
7
  6
CONTINUOUS
 70
0
 71
3
 72
14
 73
10
 74
0
 42
0.0000001
 43
0.0000001
 44
0.0000000001
 40
0.0
 40
0.0
 40
0.0
 40
0.0
 40
0.1068089617
 40
0.2160669622
 40
0.3298945223
 40
0.4498568805
 40
0.5768675464
 40
0.7112028005
 40
1.0
 40
1.0
 40
1.0
 40
1.0
 10
324.4089014703
 20
129.0074616135
 30
0.0
 10
324.2363493273
 20
128.9484387139
 30
0.0
 10
323.8987353448
 20
128.7922283502
 30
0.0
 10
323.4430820142
 20
128.4552142809
 30
0.0
 10
323.0439602171
 20
128.0221055124
 30
0.0
 10
322.7085532422
 20
127.5022043672
 30
0.0
 10
322.4422213154
 20
126.9055473226
 30
0.0
 10
322.1788337137
 20
126.0017015255
 30
0.0
 10
322.1079398047
 20
125.2745253149
 30
0.0
 10
322.1079398047
 20
124.7814276023
 30
0.0
  0
SPLINE
  5
AAD
100
AcDbEntity
  8
FASEN
100
AcDbSpline
 62
7
  6
CONTINUOUS
 70
0
 71
3
 72
12
 73
8
 74
0
 42
0.0000001
 43
0.0000001
 44
0.0000000001
 40
0.0
 40
0.0
 40
0.0
 40
0.0
 40
0.106789778
 40
0.2171039803
 40
0.4529283053
 40
0.714162742
 40
1.0
 40
1.0
 40
1.0
 40
1.0
 10
324.2947084958
 20
128.9311631655
 30
0.0
 10
324.1476942074
 20
128.852371253
 30
0.0
 10
323.8631503777
 20
128.6639124927
 30
0.0
 10
323.3480521605
 20
128.1746669134
 30
0.0
 10
322.8327788969
 20
127.3597832748
 30
0.0
 10
322.4667790188
 20
126.182299722
 30
0.0
 10
322.3907660587
 20
125.3246155884
 30
0.0
 10
322.3907660587
 20
124.8781598782
 30
0.0
  0
SPLINE
  5
AAE
100
AcDbEntity
  8
FASEN
100
AcDbSpline
 62
7
  6
CONTINUOUS
 70
0
 71
3
 72
18
 73
14
 74
0
 42
0.0000001
 43
0.0000001
 44
0.0000000001
 40
0.0
 40
0.0
 40
0.0
 40
0.0
 40
0.0481805181
 40
0.0979652968
 40
0.1506638043
 40
0.2070838442
 40
0.3314641977
 40
0.4689822739
 40
0.6126576988
 40
0.7538155019
 40
0.8209943235
 40
0.8847415749
 40
1.0
 40
1.0
 40
1.0
 40
1.0
 10
354.4483379674
 20
72.8368803857
 30
0.0
 10
354.3361953701
 20
72.7985728811
 30
0.0
 10
354.1171973955
 20
72.6911228035
 30
0.0
 10
353.831764366
 20
72.4497518731
 30
0.0
 10
353.5943527319
 20
72.1356612157
 30
0.0
 10
353.3417331583
 20
71.6165963665
 30
0.0
 10
353.1868632395
 20
70.8359173897
 30
0.0
 10
353.2487591741
 20
69.8317001651
 30
0.0
 10
353.5416270751
 20
68.826614104
 30
0.0
 10
353.960931395
 20
68.0597847832
 30
0.0
 10
354.385208838
 20
67.5396783171
 30
0.0
 10
354.8270757852
 20
67.1248010486
 30
0.0
 10
355.2151448427
 20
66.8936408871
 30
0.0
 10
355.4833798767
 20
66.801899102
 30
0.0
  0
SPLINE
  5
AAF
100
AcDbEntity
  8
BEZUGSACHSEN
100
AcDbSpline
 62
9
  6
CONTINUOUS
 70
0
 71
3
 72
29
 73
25
 74
0
 42
0.0000001
 43
0.0000001
 44
0.0000000001
 40
0.0
 40
0.0
 40
0.0
 40
0.0
 40
0.0272496224
 40
0.0535395305
 40
0.0790487554
 40
0.1040288418
 40
0.1287585478
 40
0.1535353405
 40
0.1786543549
 40
0.2043855803
 40
0.2309578736
 40
0.258548919
 40
0.2872804456
 40
0.3172188359
 40
0.3806685185
 40
0.4485781722
 40
0.5200005247
 40
0.5936182571
 40
0.6679051118
 40
0.7412738941
 40
0.8122214349
 40
0.8794778225
 40
0.9421678113
 40
1.0
 40
1.0
 40
1.0
 40
1.0
 10
335.5429686473
 20
115.9686702911
 30
0.0
 10
335.0304426131
 20
116.1439645128
 30
0.0
 10
334.0024297087
 20
116.4309996836
 30
0.0
 10
332.4435723172
 20
116.6604750851
 30
0.0
 10
330.9124610756
 20
116.6772312411
 30
0.0
 10
329.424956567
 20
116.4804246927
 30
0.0
 10
327.9962163688
 20
116.0715529883
 30
0.0
 10
326.6411829898
 20
115.4547315355
 30
0.0
 10
325.3738246348
 20
114.6365753934
 30
0.0
 10
324.2067531988
 20
113.6259847857
 30
0.0
 10
323.1510460421
 20
112.4337068296
 30
0.0
 10
322.2164791154
 20
111.0719041008
 30
0.0
 10
321.4114260367
 20
109.5539934544
 30
0.0
 10
320.5030267151
 20
107.2988373914
 30
0.0
 10
319.74876496
 20
104.1628127015
 30
0.0
 10
319.4609291576
 20
100.1269131944
 30
0.0
 10
319.7791335906
 20
95.8917521502
 30
0.0
 10
320.6904408495
 20
91.6153755533
 30
0.0
 10
322.1603015049
 20
87.4566552242
 30
0.0
 10
324.1340209915
 20
83.570971141
 30
0.0
 10
326.5383061611
 20
80.1032758575
 30
0.0
 10
329.2865945499
 20
77.182666506
 30
0.0
 10
332.2783994266
 20
74.9193194991
 30
0.0
 10
334.455228728
 20
73.8665928074
 30
0.0
 10
335.5429686473
 20
73.4945638316
 30
0.0
  0
SPLINE
  5
AB0
100
AcDbEntity
  8
BEZUGSACHSEN
100
AcDbSpline
 62
9
  6
CONTINUOUS
 70
0
 71
3
 72
29
 73
25
 74
0
 42
0.0000001
 43
0.0000001
 44
0.0000000001
 40
0.0
 40
0.0
 40
0.0
 40
0.0
 40
0.0578321887
 40
0.1205221775
 40
0.1877785651
 40
0.2587261059
 40
0.3320948882
 40
0.4063817429
 40
0.4799994753
 40
0.5514218278
 40
0.6193314815
 40
0.6827811641
 40
0.7127195544
 40
0.741451081
 40
0.7690421264
 40
0.7956144197
 40
0.8213456451
 40
0.8464646595
 40
0.8712414522
 40
0.8959711582
 40
0.9209512446
 40
0.9464604695
 40
0.9727503776
 40
1.0
 40
1.0
 40
1.0
 40
1.0
 10
335.5429686473
 20
115.9686702911
 30
0.0
 10
336.6307085666
 20
115.5966413153
 30
0.0
 10
338.8075378679
 20
114.5439146235
 30
0.0
 10
341.7993427446
 20
112.2805676166
 30
0.0
 10
344.5476311334
 20
109.3599582651
 30
0.0
 10
346.951916303
 20
105.8922629817
 30
0.0
 10
348.9256357896
 20
102.0065788984
 30
0.0
 10
350.3954964451
 20
97.8478585693
 30
0.0
 10
351.3068037039
 20
93.5714819724
 30
0.0
 10
351.625008137
 20
89.3363209282
 30
0.0
 10
351.3371723345
 20
85.3004214212
 30
0.0
 10
350.5829105794
 20
82.1643967312
 30
0.0
 10
349.6745112578
 20
79.9092406683
 30
0.0
 10
348.8694581791
 20
78.3913300218
 30
0.0
 10
347.9348912525
 20
77.029527293
 30
0.0
 10
346.8791840957
 20
75.8372493369
 30
0.0
 10
345.7121126597
 20
74.8266587293
 30
0.0
 10
344.4447543048
 20
74.0085025871
 30
0.0
 10
343.0897209257
 20
73.3916811343
 30
0.0
 10
341.6609807275
 20
72.9828094299
 30
0.0
 10
340.1734762189
 20
72.7860028815
 30
0.0
 10
338.6423649773
 20
72.8027590376
 30
0.0
 10
337.0835075858
 20
73.032234439
 30
0.0
 10
336.0554946815
 20
73.3192696099
 30
0.0
 10
335.5429686473
 20
73.4945638316
 30
0.0
  0
SPLINE
  5
AB1
100
AcDbEntity
  8
FASEN
100
AcDbSpline
 62
7
  6
CONTINUOUS
 70
0
 71
3
 72
18
 73
14
 74
0
 42
0.0000001
 43
0.0000001
 44
0.0000000001
 40
0.0
 40
0.0
 40
0.0
 40
0.0
 40
0.0481805181
 40
0.0979652968
 40
0.1506638043
 40
0.2070838442
 40
0.3314641977
 40
0.4689822739
 40
0.6126576988
 40
0.7538155019
 40
0.8209943235
 40
0.8847415749
 40
1.0
 40
1.0
 40
1.0
 40
1.0
 10
327.5782802823
 20
127.1322271641
 30
0.0
 10
327.466137685
 20
127.0939196594
 30
0.0
 10
327.2471397104
 20
126.9864695819
 30
0.0
 10
326.9617066809
 20
126.7450986515
 30
0.0
 10
326.7242950468
 20
126.431007994
 30
0.0
 10
326.4716754732
 20
125.9119431448
 30
0.0
 10
326.3168055545
 20
125.131264168
 30
0.0
 10
326.378701489
 20
124.1270469435
 30
0.0
 10
326.67156939
 20
123.1219608824
 30
0.0
 10
327.0908737099
 20
122.3551315615
 30
0.0
 10
327.5151511529
 20
121.8350250954
 30
0.0
 10
327.9570181002
 20
121.4201478269
 30
0.0
 10
328.3450871576
 20
121.1889876654
 30
0.0
 10
328.6133221916
 20
121.0972458803
 30
0.0
  0
SPLINE
  5
AB2
100
AcDbEntity
  8
0
100
AcDbSpline
 62
9
  6
CONTINUOUS
 70
0
 71
3
 72
9
 73
5
 74
0
 42
0.0000001
 43
0.0000001
 44
0.0000000001
 40
0.0
 40
0.0
 40
0.0
 40
0.0
 40
0.2404757034
 40
1.0
 40
1.0
 40
1.0
 40
1.0
 10
337.4494194068
 20
114.9743399704
 30
0.0
 10
337.4611220908
 20
114.9684517056
 30
0.0
 10
337.5089487222
 20
114.9423122319
 30
0.0
 10
337.5533284381
 20
114.9100459527
 30
0.0
 10
337.5847817513
 20
114.8831618734
 30
0.0
  0
SPLINE
  5
AB3
100
AcDbEntity
  8
0
100
AcDbSpline
 62
9
  6
CONTINUOUS
 70
0
 71
3
 72
9
 73
5
 74
0
 42
0.0000001
 43
0.0000001
 44
0.0000000001
 40
0.0
 40
0.0
 40
0.0
 40
0.0
 40
0.2400044308
 40
1.0
 40
1.0
 40
1.0
 40
1.0
 10
337.5847817513
 20
114.8831618734
 30
0.0
 10
337.6012975564
 20
114.8690453251
 30
0.0
 10
337.6676503452
 20
114.8073671634
 30
0.0
 10
337.7242184294
 20
114.7354876024
 30
0.0
 10
337.7614964889
 20
114.6776627258
 30
0.0
  0
SPLINE
  5
AB4
100
AcDbEntity
  8
0
100
AcDbSpline
 62
9
  6
CONTINUOUS
 70
0
 71
3
 72
9
 73
5
 74
0
 42
0.0000001
 43
0.0000001
 44
0.0000000001
 40
0.0
 40
0.0
 40
0.0
 40
0.0
 40
0.2463642486
 40
1.0
 40
1.0
 40
1.0
 40
1.0
 10
337.7614964889
 20
114.6776627258
 30
0.0
 10
337.7744734712
 20
114.6575331266
 30
0.0
 10
337.8244273323
 20
114.5740966103
 30
0.0
 10
337.8636319086
 20
114.4842889194
 30
0.0
 10
337.8867588047
 20
114.4147710705
 30
0.0
  0
SPLINE
  5
AB5
100
AcDbEntity
  8
0
100
AcDbSpline
 62
9
  6
CONTINUOUS
 70
0
 71
3
 72
13
 73
9
 74
0
 42
0.0000001
 43
0.0000001
 44
0.0000000001
 40
0.0
 40
0.0
 40
0.0
 40
0.0
 40
0.2246220872
 40
0.346430583
 40
0.4731656496
 40
0.6035016704
 40
0.7359075096
 40
1.0
 40
1.0
 40
1.0
 40
1.0
 10
337.9581002934
 20
114.3757298869
 30
0.0
 10
339.5919681756
 20
113.4764410163
 30
0.0
 10
341.8912244909
 20
111.6684599343
 30
0.0
 10
344.4980152224
 20
108.7249575876
 30
0.0
 10
346.3092077867
 20
106.1438534444
 30
0.0
 10
347.8791960051
 20
103.3099954161
 30
0.0
 10
349.6034471461
 20
99.2847529217
 30
0.0
 10
350.4469994716
 20
96.072170944
 30
0.0
 10
350.7814619452
 20
93.9051069028
 30
0.0
  0
SPLINE
  5
AB6
100
AcDbEntity
  8
0
100
AcDbSpline
 62
9
  6
CONTINUOUS
 70
0
 71
3
 72
22
 73
18
 74
0
 42
0.0000001
 43
0.0000001
 44
0.0000000001
 40
0.0
 40
0.0
 40
0.0
 40
0.0
 40
0.1535768599
 40
0.2268398532
 40
0.2971028964
 40
0.3640917905
 40
0.4277115653
 40
0.4880801112
 40
0.5455557933
 40
0.6007477169
 40
0.6544931289
 40
0.7077903054
 40
0.7616903552
 40
0.8171737157
 40
0.8750468263
 40
0.9358817853
 40
1.0
 40
1.0
 40
1.0
 40
1.0
 10
350.7814619452
 20
93.9051069028
 30
0.0
 10
351.0507475356
 20
92.1603398031
 30
0.0
 10
351.2332848714
 20
89.5398551316
 30
0.0
 10
350.9740730103
 20
86.130056177
 30
0.0
 10
350.5411810107
 20
83.7440940467
 30
0.0
 10
349.8729562545
 20
81.5281632425
 30
0.0
 10
348.9786512134
 20
79.5162108726
 30
0.0
 10
347.8706145161
 20
77.7399689329
 30
0.0
 10
346.5642885362
 20
76.2283224447
 30
0.0
 10
345.0786863538
 20
75.0073356517
 30
0.0
 10
343.4371395798
 20
74.0995286969
 30
0.0
 10
341.66764299
 20
73.5222006398
 30
0.0
 10
339.8017229009
 20
73.2855040642
 30
0.0
 10
337.8721603599
 20
73.3917796407
 30
0.0
 10
335.9109456187
 20
73.8366663673
 30
0.0
 10
333.9492290264
 20
74.6102436797
 30
0.0
 10
332.6935562863
 20
75.3174422917
 30
0.0
 10
332.074234967
 20
75.7170721032
 30
0.0
  0
SPLINE
  5
AB7
100
AcDbEntity
  8
RUNDUNGEN
100
AcDbSpline
 62
9
  6
CONTINUOUS
 70
0
 71
3
 72
14
 73
10
 74
0
 42
0.0000001
 43
0.0000001
 44
0.0000000001
 40
0.0
 40
0.0
 40
0.0
 40
0.0
 40
0.1068083562
 40
0.2160658069
 40
0.3298942578
 40
0.4498562223
 40
0.576871467
 40
0.7112113478
 40
1.0
 40
1.0
 40
1.0
 40
1.0
 10
356.1930489758
 20
62.6535511578
 30
0.0
 10
356.3943665921
 20
62.7223874723
 30
0.0
 10
356.788214707
 20
62.904712379
 30
0.0
 10
357.3198227451
 20
63.2978591557
 30
0.0
 10
357.7854911654
 20
63.8031342513
 30
0.0
 10
358.1767955728
 20
64.4097021853
 30
0.0
 10
358.4874854441
 20
65.1058335379
 30
0.0
 10
358.7947965863
 20
66.1603124026
 30
0.0
 10
358.8774924265
 20
67.0086801864
 30
0.0
 10
358.8774924264
 20
67.5839436721
 30
0.0
  0
SPLINE
  5
AB8
100
AcDbEntity
  8
0
100
AcDbSpline
 62
7
  6
CONTINUOUS
 70
0
 71
3
 72
9
 73
5
 74
0
 42
0.0000001
 43
0.0000001
 44
0.0000000001
 40
0.0
 40
0.0
 40
0.0
 40
0.0
 40
0.2522240737
 40
1.0
 40
1.0
 40
1.0
 40
1.0
 10
333.7044875758
 20
115.3228702091
 30
0.0
 10
333.7182055767
 20
115.3137255018
 30
0.0
 10
333.7744571302
 20
115.280337564
 30
0.0
 10
333.8381310643
 20
115.2595222207
 30
0.0
 10
333.8864588971
 20
115.2522065409
 30
0.0
  0
SPLINE
  5
AB9
100
AcDbEntity
  8
RUNDUNGEN
100
AcDbSpline
 62
9
  6
CONTINUOUS
 70
0
 71
3
 72
11
 73
7
 74
0
 42
0.0000001
 43
0.0000001
 44
0.0000000001
 40
0.0
 40
0.0
 40
0.0
 40
0.0
 40
0.2401638026
 40
0.4844983696
 40
0.7368040655
 40
1.0
 40
1.0
 40
1.0
 40
1.0
 10
332.0066983383
 20
118.464297174
 30
0.0
 10
332.5954377793
 20
118.6656864831
 30
0.0
 10
333.8225497988
 20
118.9653207413
 30
0.0
 10
335.7368931104
 20
119.085168041
 30
0.0
 10
337.7029809074
 20
118.8773295651
 30
0.0
 10
338.9989778025
 20
118.531737412
 30
0.0
 10
339.6441879781
 20
118.3110625352
 30
0.0
  0
SPLINE
  5
ABA
100
AcDbEntity
  8
0
100
AcDbSpline
 62
9
  6
CONTINUOUS
 70
0
 71
3
 72
27
 73
23
 74
0
 42
0.0000001
 43
0.0000001
 44
0.0000000001
 40
0.0
 40
0.0
 40
0.0
 40
0.0
 40
0.0622960489
 40
0.128552931
 40
0.1981130356
 40
0.2700406514
 40
0.3432200642
 40
0.4164460436
 40
0.488510159
 40
0.558286869
 40
0.6248233616
 40
0.6874369593
 40
0.7458223135
 40
0.8001624386
 40
0.8260723385
 40
0.8513054636
 40
0.8760464272
 40
0.9005049683
 40
0.9249051179
 40
0.949478705
 40
0.9744510568
 40
1.0
 40
1.0
 40
1.0
 40
1.0
 10
332.074234967
 20
75.7170721032
 30
0.0
 10
331.1685730915
 20
76.3014690444
 30
0.0
 10
329.4035491729
 20
77.6733617947
 30
0.0
 10
327.0306305109
 20
80.1612029801
 30
0.0
 10
324.9093475137
 20
83.0750970934
 30
0.0
 10
323.1014398256
 20
86.3294581204
 30
0.0
 10
321.6587294782
 20
89.829681359
 30
0.0
 10
320.6232464869
 20
93.4736319032
 30
0.0
 10
320.0252393586
 20
97.155125686
 30
0.0
 10
319.8825272945
 20
100.7671951984
 30
0.0
 10
320.2001004252
 20
104.2053302244
 30
0.0
 10
320.971199432
 20
107.3708948664
 30
0.0
 10
322.176763487
 20
110.1718793984
 30
0.0
 10
323.5446052616
 20
112.1661598065
 30
0.0
 10
324.8199500847
 20
113.4768048486
 30
0.0
 10
325.8432293109
 20
114.3047146178
 30
0.0
 10
326.9401996793
 20
114.9859131407
 30
0.0
 10
328.1025864403
 20
115.5146907964
 30
0.0
 10
329.3211089398
 20
115.8869416674
 30
0.0
 10
330.5863408427
 20
116.0996432581
 30
0.0
 10
331.8878288784
 20
116.1511461552
 30
0.0
 10
332.7613991951
 20
116.079287831
 30
0.0
 10
333.1991784898
 20
116.0180179616
 30
0.0
  0
LINE
  5
ABB
100
AcDbEntity
  8
KURVEN
100
AcDbLine
 62
4
  6
CONTINUOUS
 10
379.5078797235
 20
96.0714766162
 11
379.4983595979
 21
95.9873040646
  0
SPLINE
  5
ABC
100
AcDbEntity
  8
0
100
AcDbSpline
 62
3
  6
CONTINUOUS
 70
0
 71
3
 72
17
 73
13
 74
0
 42
0.0000001
 43
0.0000001
 44
0.0000000001
 40
0.0
 40
0.0
 40
0.0
 40
0.0
 40
0.1476939443
 40
0.2890277629
 40
0.42328105
 40
0.5502005096
 40
0.6700747047
 40
0.7838206719
 40
0.8389233069
 40
0.8931301058
 40
0.9467215787
 40
1.0
 40
1.0
 40
1.0
 40
1.0
 10
390.9801402923
 20
102.5673873711
 30
0.0
 10
390.9801402923
 20
101.5999891161
 30
0.0
 10
390.8846709386
 20
99.705051818
 30
0.0
 10
390.4382481457
 20
96.9626425073
 30
0.0
 10
389.6986150892
 20
94.4244650073
 30
0.0
 10
388.6776070241
 20
92.1374150653
 30
0.0
 10
387.3920844196
 20
90.1445287633
 30
0.0
 10
386.1025077281
 20
88.7456816442
 30
0.0
 10
384.9674010692
 20
87.8226932494
 30
0.0
 10
384.0761240153
 20
87.2327394635
 30
0.0
 10
383.1406503344
 20
86.7411330694
 30
0.0
 10
382.4895043097
 20
86.4802393817
 30
0.0
 10
382.1593052892
 20
86.3673148187
 30
0.0
  0
SPLINE
  5
ABD
100
AcDbEntity
  8
0
100
AcDbSpline
 62
3
  6
CONTINUOUS
 70
0
 71
3
 72
25
 73
21
 74
0
 42
0.0000001
 43
0.0000001
 44
0.0000000001
 40
0.0
 40
0.0
 40
0.0
 40
0.0
 40
0.0238090442
 40
0.0477404952
 40
0.0719125311
 40
0.0964365536
 40
0.1468841662
 40
0.1997833909
 40
0.2555499328
 40
0.3143668465
 40
0.3762065909
 40
0.4408621832
 40
0.5079801991
 40
0.577092355
 40
0.6476450118
 40
0.7190259757
 40
0.7905923087
 40
0.8616898114
 40
0.9316923787
 40
1.0
 40
1.0
 40
1.0
 40
1.0
 10
367.2740633608
 20
129.8923190054
 30
0.0
 10
367.5824156584
 20
129.9977722208
 30
0.0
 10
368.2113268352
 20
130.1795133775
 30
0.0
 10
369.1801621734
 20
130.3611038235
 30
0.0
 10
370.1716462233
 20
130.4514947321
 30
0.0
 10
371.5302958854
 20
130.4497869284
 30
0.0
 10
373.2736984028
 20
130.2106453351
 30
0.0
 10
375.3622263678
 20
129.5639948727
 30
0.0
 10
377.4355310849
 20
128.5684498685
 30
0.0
 10
379.4607238149
 20
127.2417004825
 30
0.0
 10
381.406433995
 20
125.606029278
 30
0.0
 10
383.2421388825
 20
123.688144717
 30
0.0
 10
384.9388574902
 20
121.5190631588
 30
0.0
 10
386.4695957062
 20
119.1337591235
 30
0.0
 10
387.8098545673
 20
116.5706860798
 30
0.0
 10
388.9381369609
 20
113.8711736995
 30
0.0
 10
389.8362079342
 20
111.0788149008
 30
0.0
 10
390.4896869192
 20
108.2385178305
 30
0.0
 10
390.8878237917
 20
105.3964815895
 30
0.0
 10
390.9801402923
 20
103.5023463715
 30
0.0
 10
390.9801402923
 20
102.5673873711
 30
0.0
  0
SPLINE
  5
ABE
100
AcDbEntity
  8
RUNDUNGEN
100
AcDbSpline
 62
7
  6
CONTINUOUS
 70
0
 71
3
 72
14
 73
10
 74
0
 42
0.0000001
 43
0.0000001
 44
0.0000000001
 40
0.0
 40
0.0
 40
0.0
 40
0.0
 40
0.0148939612
 40
0.0622255374
 40
0.1417720256
 40
0.2529856716
 40
0.3952862325
 40
0.5680301056
 40
1.0
 40
1.0
 40
1.0
 40
1.0
 10
76.7258024003
 20
234.5383245819
 30
0.0
 10
76.7260276033
 20
234.5383245819
 30
0.0
 10
76.7251900149
 20
234.5368353554
 30
0.0
 10
76.724815236
 20
234.5354854286
 30
0.0
 10
76.7229502395
 20
234.531897814
 30
0.0
 10
76.7208214357
 20
234.5275504594
 30
0.0
 10
76.7178358531
 20
234.5217532284
 30
0.0
 10
76.7126632714
 20
234.51175278
 30
0.0
 10
76.7084035077
 20
234.5036436432
 30
0.0
 10
76.705361697
 20
234.4978636116
 30
0.0
  0
SPLINE
  5
ABF
100
AcDbEntity
  8
RUNDUNGEN
100
AcDbSpline
 62
7
  6
CONTINUOUS
 70
0
 71
3
 72
9
 73
5
 74
0
 42
0.0000001
 43
0.0000001
 44
0.0000000001
 40
0.0
 40
0.0
 40
0.0
 40
0.0
 40
0.4245027549
 40
1.0
 40
1.0
 40
1.0
 40
1.0
 10
76.705361697
 20
234.4978636116
 30
0.0
 10
76.678595305
 20
234.4470022635
 30
0.0
 10
76.6148809896
 20
234.3275375624
 30
0.0
 10
76.5521780451
 20
234.2075369434
 30
0.0
 10
76.5163888762
 20
234.1383245819
 30
0.0
  0
SPLINE
  5
AC0
100
AcDbEntity
  8
RUNDUNGEN
100
AcDbSpline
 62
7
  6
CONTINUOUS
 70
0
 71
3
 72
10
 73
6
 74
0
 42
0.0000001
 43
0.0000001
 44
0.0000000001
 40
0.0
 40
0.0
 40
0.0
 40
0.0
 40
0.4136954687
 40
0.6764989471
 40
1.0
 40
1.0
 40
1.0
 40
1.0
 10
76.2856225252
 20
217.5383245819
 30
0.0
 10
76.2243947564
 20
217.5383245819
 30
0.0
 10
76.1225088384
 20
217.5608756
 30
0.0
 10
75.9978994322
 20
217.6435318779
 30
0.0
 10
75.9433210729
 20
217.714145053
 30
0.0
 10
75.9215908383
 20
217.756808592
 30
0.0
  0
SPLINE
  5
AC1
100
AcDbEntity
  8
RUNDUNGEN
100
AcDbSpline
 62
7
  6
CONTINUOUS
 70
0
 71
3
 72
10
 73
6
 74
0
 42
0.0000001
 43
0.0000001
 44
0.0000000001
 40
0.0
 40
0.0
 40
0.0
 40
0.0
 40
0.413664176
 40
0.67642237
 40
1.0
 40
1.0
 40
1.0
 40
1.0
 10
108.0761938628
 20
234.5383245819
 30
0.0
 10
108.1374171616
 20
234.5383245819
 30
0.0
 10
108.2392891215
 20
234.5157737142
 30
0.0
 10
108.3639108399
 20
234.4331357314
 30
0.0
 10
108.4184901139
 20
234.3625143225
 30
0.0
 10
108.4402255496
 20
234.3198405719
 30
0.0
  0
SPLINE
  5
AC2
100
AcDbEntity
  8
RUNDUNGEN
100
AcDbSpline
 62
7
  6
CONTINUOUS
 70
0
 71
3
 72
10
 73
6
 74
0
 42
0.0000001
 43
0.0000001
 44
0.0000000001
 40
0.0
 40
0.0
 40
0.0
 40
0.0
 40
0.3235010533
 40
0.5863045309
 40
1.0
 40
1.0
 40
1.0
 40
1.0
 10
75.9215908383
 20
234.3198405719
 30
0.0
 10
75.943321073
 20
234.3625041109
 30
0.0
 10
75.9978994321
 20
234.433117286
 30
0.0
 10
76.1225088386
 20
234.5157735635
 30
0.0
 10
76.2243947564
 20
234.5383245819
 30
0.0
 10
76.2856225252
 20
234.5383245819
 30
0.0
  0
SPLINE
  5
AC3
100
AcDbEntity
  8
RUNDUNGEN
100
AcDbSpline
 62
7
  6
CONTINUOUS
 70
0
 71
3
 72
10
 73
6
 74
0
 42
0.0000001
 43
0.0000001
 44
0.0000000001
 40
0.0
 40
0.0
 40
0.0
 40
0.0
 40
0.32357763
 40
0.586335824
 40
1.0
 40
1.0
 40
1.0
 40
1.0
 10
108.4402255496
 20
217.756808592
 30
0.0
 10
108.4184901139
 20
217.7141348414
 30
0.0
 10
108.3639108399
 20
217.6435134325
 30
0.0
 10
108.2392891215
 20
217.5608754497
 30
0.0
 10
108.1374171616
 20
217.5383245819
 30
0.0
 10
108.0761938628
 20
217.5383245819
 30
0.0
  0
SPLINE
  5
AC4
100
AcDbEntity
  8
RUNDUNGEN
100
AcDbSpline
 62
7
  6
CONTINUOUS
 70
0
 71
3
 72
22
 73
18
 74
0
 42
0.0000001
 43
0.0000001
 44
0.0000000001
 40
0.0
 40
0.0
 40
0.0
 40
0.0
 40
0.1842459873
 40
0.3637906719
 40
0.5327498313
 40
0.6854537259
 40
0.7537327495
 40
0.8154326324
 40
0.8696529449
 40
0.9155140536
 40
0.9521435039
 40
0.9667284576
 40
0.9787265319
 40
0.9880923922
 40
0.9947817346
 40
0.9987535495
 40
1.0
 40
1.0
 40
1.0
 40
1.0
 10
107.8454275118
 20
234.1383245819
 30
0.0
 10
107.8326899082
 20
234.1629577223
 30
0.0
 10
107.8074573453
 20
234.2115529045
 30
0.0
 10
107.7702848383
 20
234.2826024259
 30
0.0
 10
107.7351206236
 20
234.3493443591
 30
0.0
 10
107.7076534044
 20
234.401211842
 30
0.0
 10
107.687713849
 20
234.4387983342
 30
0.0
 10
107.6747242122
 20
234.4632905223
 30
0.0
 10
107.6633292176
 20
234.4848132173
 30
0.0
 10
107.6537391672
 20
234.5030095873
 30
0.0
 10
107.6469571087
 20
234.5159729029
 30
0.0
 10
107.642616978
 20
234.5244066026
 30
0.0
 10
107.6401266333
 20
234.5292804853
 30
0.0
 10
107.6383472268
 20
234.5329309649
 30
0.0
 10
107.6368159567
 20
234.5359434418
 30
0.0
 10
107.6364842963
 20
234.5370740709
 30
0.0
 10
107.6358263799
 20
234.5383245819
 30
0.0
 10
107.6360139877
 20
234.5383245819
 30
0.0
  0
SPLINE
  5
AC5
100
AcDbEntity
  8
RUNDUNGEN
100
AcDbSpline
 62
7
  6
CONTINUOUS
 70
0
 71
3
 72
11
 73
7
 74
0
 42
0.0000001
 43
0.0000001
 44
0.0000000001
 40
0.0
 40
0.0
 40
0.0
 40
0.0
 40
0.3360469355
 40
0.6401908161
 40
0.8756131222
 40
1.0
 40
1.0
 40
1.0
 40
1.0
 10
76.5163888762
 20
217.9383245819
 30
0.0
 10
76.5393720603
 20
217.8938776027
 30
0.0
 10
76.5833768286
 20
217.8093181984
 30
0.0
 10
76.6443534894
 20
217.6940699081
 30
0.0
 10
76.6904329254
 20
217.6066177525
 30
0.0
 10
76.7158867923
 20
217.5594497527
 30
0.0
 10
76.7239455511
 20
217.5427735935
 30
0.0
  0
SPLINE
  5
AC6
100
AcDbEntity
  8
RUNDUNGEN
100
AcDbSpline
 62
7
  6
CONTINUOUS
 70
0
 71
3
 72
9
 73
5
 74
0
 42
0.0000001
 43
0.0000001
 44
0.0000000001
 40
0.0
 40
0.0
 40
0.0
 40
0.0
 40
0.7586369052
 40
1.0
 40
1.0
 40
1.0
 40
1.0
 10
76.7239455511
 20
217.5427735935
 30
0.0
 10
76.7244771399
 20
217.5416735655
 30
0.0
 10
76.7245250574
 20
217.5408528116
 30
0.0
 10
76.7261911013
 20
217.5383245819
 30
0.0
 10
76.7258024003
 20
217.5383245819
 30
0.0
  0
SPLINE
  5
AC7
100
AcDbEntity
  8
RUNDUNGEN
100
AcDbSpline
 62
7
  6
CONTINUOUS
 70
0
 71
3
 72
22
 73
18
 74
0
 42
0.0000001
 43
0.0000001
 44
0.0000000001
 40
0.0
 40
0.0
 40
0.0
 40
0.0
 40
0.0012463986
 40
0.0052180888
 40
0.0119072944
 40
0.0212730649
 40
0.0332711555
 40
0.0478562876
 40
0.084486471
 40
0.1303486843
 40
0.1845703836
 40
0.2462719028
 40
0.3145526097
 40
0.4672579557
 40
0.6362125525
 40
0.8157542614
 40
1.0
 40
1.0
 40
1.0
 40
1.0
 10
107.6360139877
 20
217.5383245819
 30
0.0
 10
107.6358263877
 20
217.5383245819
 30
0.0
 10
107.636484262
 20
217.5395750531
 30
0.0
 10
107.6368159244
 20
217.5407056526
 30
0.0
 10
107.6383471574
 20
217.5437180801
 30
0.0
 10
107.6401265527
 20
217.5473685312
 30
0.0
 10
107.6426169049
 20
217.5522424284
 30
0.0
 10
107.6469571053
 20
217.5606762485
 30
0.0
 10
107.6537393108
 20
217.5736398304
 30
0.0
 10
107.6633295895
 20
217.5918366284
 30
0.0
 10
107.6747248691
 20
217.6133598758
 30
0.0
 10
107.6877148249
 20
217.6378526966
 30
0.0
 10
107.7076547058
 20
217.6754398292
 30
0.0
 10
107.7351218781
 20
217.727307094
 30
0.0
 10
107.7702856162
 20
217.7940482431
 30
0.0
 10
107.8074575913
 20
217.8650967203
 30
0.0
 10
107.8326899254
 20
217.9136914748
 30
0.0
 10
107.8454275118
 20
217.9383245819
 30
0.0
  0
SPLINE
  5
AC8
100
AcDbEntity
  8
RUNDUNGEN
100
AcDbSpline
 62
7
  6
CONTINUOUS
 70
0
 71
3
 72
13
 73
9
 74
0
 42
0.0000001
 43
0.0000001
 44
0.0000000001
 40
0.0
 40
0.0
 40
0.0
 40
0.0
 40
0.1832710857
 40
0.3413740459
 40
0.4763142143
 40
0.5956721578
 40
0.8066328772
 40
1.0
 40
1.0
 40
1.0
 40
1.0
 10
86.0874036792
 20
242.6563630562
 30
0.0
 10
86.1759100629
 20
242.6888165884
 30
0.0
 10
86.3506072763
 20
242.7256643508
 30
0.0
 10
86.5974795191
 20
242.7107668448
 30
0.0
 10
86.8024526695
 20
242.6502453701
 30
0.0
 10
87.0154987341
 20
242.5387318076
 30
0.0
 10
87.2191913172
 20
242.3550593167
 30
0.0
 10
87.3260571378
 20
242.172764641
 30
0.0
 10
87.363502707
 20
242.0806207295
 30
0.0
  0
SPLINE
  5
AC9
100
AcDbEntity
  8
RUNDUNGEN
100
AcDbSpline
 62
7
  6
CONTINUOUS
 70
0
 71
3
 72
13
 73
9
 74
0
 42
0.0000001
 43
0.0000001
 44
0.0000000001
 40
0.0
 40
0.0
 40
0.0
 40
0.0
 40
0.1933674445
 40
0.4043284974
 40
0.5236869706
 40
0.658626939
 40
0.8167312687
 40
1.0
 40
1.0
 40
1.0
 40
1.0
 10
96.998313681
 20
242.0806207295
 30
0.0
 10
97.035759309
 20
242.1727647857
 30
0.0
 10
97.1426253413
 20
242.3550596984
 30
0.0
 10
97.3463184463
 20
242.5387325951
 30
0.0
 10
97.5593650992
 20
242.6502456942
 30
0.0
 10
97.7643390983
 20
242.7107674307
 30
0.0
 10
98.0112108218
 20
242.7256633415
 30
0.0
 10
98.1859074703
 20
242.6888161685
 30
0.0
 10
98.2744127088
 20
242.6563630562
 30
0.0
  0
SPLINE
  5
ACA
100
AcDbEntity
  8
RUNDUNGEN
100
AcDbSpline
 62
7
  6
CONTINUOUS
 70
0
 71
3
 72
13
 73
9
 74
0
 42
0.0000001
 43
0.0000001
 44
0.0000000001
 40
0.0
 40
0.0
 40
0.0
 40
0.0
 40
0.1933674922
 40
0.4043285418
 40
0.5236867322
 40
0.6586279671
 40
0.8167337799
 40
1.0
 40
1.0
 40
1.0
 40
1.0
 10
87.363502707
 20
209.9960284344
 30
0.0
 10
87.3260570703
 20
209.9038843569
 30
0.0
 10
87.2191910552
 20
209.7215893832
 30
0.0
 10
87.0154978831
 20
209.5379167822
 30
0.0
 10
86.802451036
 20
209.4264030994
 30
0.0
 10
86.5974757527
 20
209.3658807059
 30
0.0
 10
86.3506037764
 20
209.3509870686
 30
0.0
 10
86.1759077035
 20
209.3878334406
 30
0.0
 10
86.0874036792
 20
209.4202861077
 30
0.0
  0
SPLINE
  5
ACB
100
AcDbEntity
  8
RUNDUNGEN
100
AcDbSpline
 62
7
  6
CONTINUOUS
 70
0
 71
3
 72
13
 73
9
 74
0
 42
0.0000001
 43
0.0000001
 44
0.0000000001
 40
0.0
 40
0.0
 40
0.0
 40
0.0
 40
0.1832710857
 40
0.3413740459
 40
0.4763142143
 40
0.5956721578
 40
0.8066328772
 40
1.0
 40
1.0
 40
1.0
 40
1.0
 10
98.2744127088
 20
209.4202861077
 30
0.0
 10
98.1859063251
 20
209.3878325754
 30
0.0
 10
98.0112091117
 20
209.3509848131
 30
0.0
 10
97.7643368689
 20
209.3658823191
 30
0.0
 10
97.5593637185
 20
209.4264037938
 30
0.0
 10
97.3463176539
 20
209.5379173562
 30
0.0
 10
97.1426250707
 20
209.7215898472
 30
0.0
 10
97.0357592502
 20
209.9038845229
 30
0.0
 10
96.998313681
 20
209.9960284344
 30
0.0
  0
SPLINE
  5
ACC
100
AcDbEntity
  8
RUNDUNGEN
100
AcDbSpline
 62
7
  6
CONTINUOUS
 70
0
 71
3
 72
9
 73
5
 74
0
 42
0.0000001
 43
0.0000001
 44
0.0000000001
 40
0.0
 40
0.0
 40
0.0
 40
0.0
 40
0.3719414209
 40
1.0
 40
1.0
 40
1.0
 40
1.0
 10
87.2409299128
 20
206.6732739257
 30
0.0
 10
87.2269663585
 20
206.675554296
 30
0.0
 10
87.1897729317
 20
206.6836562688
 30
0.0
 10
87.1527064227
 20
206.6921614913
 30
0.0
 10
87.1294651889
 20
206.6976960973
 30
0.0
  0
SPLINE
  5
ACD
100
AcDbEntity
  8
RUNDUNGEN
100
AcDbSpline
 62
7
  6
CONTINUOUS
 70
0
 71
3
 72
9
 73
5
 74
0
 42
0.0000001
 43
0.0000001
 44
0.0000000001
 40
0.0
 40
0.0
 40
0.0
 40
0.0
 40
0.6390531093
 40
1.0
 40
1.0
 40
1.0
 40
1.0
 10
87.0653937199
 20
245.3633676686
 30
0.0
 10
87.1026228288
 20
245.3725922121
 30
0.0
 10
87.1610085111
 20
245.386388751
 30
0.0
 10
87.2195498101
 20
245.3998836916
 30
0.0
 10
87.2409300176
 20
245.4033752563
 30
0.0
  0
SPLINE
  5
ACE
100
AcDbEntity
  8
RUNDUNGEN
100
AcDbSpline
 62
7
  6
CONTINUOUS
 70
0
 71
3
 72
9
 73
5
 74
0
 42
0.0000001
 43
0.0000001
 44
0.0000000001
 40
0.0
 40
0.0
 40
0.0
 40
0.0
 40
0.3719414209
 40
1.0
 40
1.0
 40
1.0
 40
1.0
 10
97.1208864751
 20
245.4033752381
 30
0.0
 10
97.1348500294
 20
245.4010948678
 30
0.0
 10
97.1720434562
 20
245.3929928951
 30
0.0
 10
97.2091099652
 20
245.3844876726
 30
0.0
 10
97.2323511991
 20
245.3789530666
 30
0.0
  0
SPLINE
  5
ACF
100
AcDbEntity
  8
RUNDUNGEN
100
AcDbSpline
 62
7
  6
CONTINUOUS
 70
0
 71
3
 72
9
 73
5
 74
0
 42
0.0000001
 43
0.0000001
 44
0.0000000001
 40
0.0
 40
0.0
 40
0.0
 40
0.0
 40
0.6390531093
 40
1.0
 40
1.0
 40
1.0
 40
1.0
 10
97.296422668
 20
206.7132814953
 30
0.0
 10
97.2591935591
 20
206.7040569518
 30
0.0
 10
97.2008078769
 20
206.6902604128
 30
0.0
 10
97.1422665779
 20
206.6767654722
 30
0.0
 10
97.1208863703
 20
206.6732739076
 30
0.0
  0
SPLINE
  5
AD0
100
AcDbEntity
  8
0
100
AcDbSpline
 62
7
  6
CONTINUOUS
 70
0
 71
3
 72
15
 73
11
 74
0
 42
0.0000001
 43
0.0000001
 44
0.0000000001
 40
0.0
 40
0.0
 40
0.0
 40
0.0
 40
0.016496081
 40
0.036819431
 40
0.0651292977
 40
0.1454967791
 40
0.2571696895
 40
0.3995851156
 40
0.5716652405
 40
1.0
 40
1.0
 40
1.0
 40
1.0
 10
89.2346645533
 20
246.8811206614
 30
0.0
 10
89.235288607
 20
246.8812088748
 30
0.0
 10
89.2345444078
 20
246.8834553947
 30
0.0
 10
89.2350430195
 20
246.8855125778
 30
0.0
 10
89.2349260423
 20
246.8906822633
 30
0.0
 10
89.2352351373
 20
246.8989210344
 30
0.0
 10
89.2353044388
 20
246.9117840818
 30
0.0
 10
89.2354853533
 20
246.9280330288
 30
0.0
 10
89.2356802819
 20
246.9564287882
 30
0.0
 10
89.2358110654
 20
246.9793612467
 30
0.0
 10
89.2358894552
 20
246.9957262323
 30
0.0
  0
LINE
  5
AD1
100
AcDbEntity
  8
0
100
AcDbLine
 62
7
  6
CONTINUOUS
 10
89.2365260047
 20
247.2097095777
 11
89.2366536912
 21
247.2975892267
  0
LINE
  5
AD2
100
AcDbEntity
  8
0
100
AcDbLine
 62
7
  6
CONTINUOUS
 10
89.2366536912
 20
247.2975892267
 11
89.2367588564
 21
247.4812721405
  0
LINE
  5
AD3
100
AcDbEntity
  8
0
100
AcDbLine
 62
7
  6
CONTINUOUS
 10
95.1250575316
 20
247.4812721405
 11
95.12508506
 21
247.3875922915
  0
LINE
  5
AD4
100
AcDbEntity
  8
0
100
AcDbLine
 62
7
  6
CONTINUOUS
 10
95.12508506
 20
247.3875922915
 11
95.1251626967
 21
247.2975892267
  0
LINE
  5
AD5
100
AcDbEntity
  8
0
100
AcDbLine
 62
7
  6
CONTINUOUS
 10
95.1251626967
 20
247.2975892267
 11
95.1252903832
 21
247.2097095777
  0
SPLINE
  5
AD6
100
AcDbEntity
  8
0
100
AcDbSpline
 62
7
  6
CONTINUOUS
 70
0
 71
3
 72
18
 73
14
 74
0
 42
0.0000001
 43
0.0000001
 44
0.0000000001
 40
0.0
 40
0.0
 40
0.0
 40
0.0
 40
0.2148855282
 40
0.4103450379
 40
0.5827841654
 40
0.7287719199
 40
0.8454865875
 40
0.8921484795
 40
0.9306390568
 40
0.9607717497
 40
0.9824417994
 40
0.9955483055
 40
1.0
 40
1.0
 40
1.0
 40
1.0
 10
95.1252903832
 20
247.2097095777
 30
0.0
 10
95.1253322682
 20
247.1861721828
 30
0.0
 10
95.1254244482
 20
247.1412249085
 30
0.0
 10
95.1256016667
 20
247.077391332
 30
0.0
 10
95.1258010132
 20
247.0210993281
 30
0.0
 10
95.1260379677
 20
246.9734481623
 30
0.0
 10
95.1262273658
 20
246.9395355988
 30
0.0
 10
95.126455965
 20
246.9174671609
 30
0.0
 10
95.126504885
 20
246.904750033
 30
0.0
 10
95.126859613
 20
246.8950954174
 30
0.0
 10
95.1264887423
 20
246.8874508685
 30
0.0
 10
95.1275015902
 20
246.8841051437
 30
0.0
 10
95.1266690192
 20
246.88118891
 30
0.0
 10
95.1271518347
 20
246.8811206614
 30
0.0
  0
SPLINE
  5
AD7
100
AcDbEntity
  8
0
100
AcDbSpline
 62
7
  6
CONTINUOUS
 70
0
 71
3
 72
8
 73
4
 74
0
 42
0.0000001
 43
0.0000001
 44
0.0000000001
 40
0.0
 40
0.0
 40
0.0
 40
0.0
 40
1.0
 40
1.0
 40
1.0
 40
1.0
 10
89.297916696
 20
247.6771152141
 30
0.0
 10
89.2600758053
 20
247.6224354639
 30
0.0
 10
89.2368105627
 20
247.5537110929
 30
0.0
 10
89.2368105627
 20
247.4872144156
 30
0.0
  0
SPLINE
  5
AD8
100
AcDbEntity
  8
0
100
AcDbSpline
 62
7
  6
CONTINUOUS
 70
0
 71
3
 72
8
 73
4
 74
0
 42
0.0000001
 43
0.0000001
 44
0.0000000001
 40
0.0
 40
0.0
 40
0.0
 40
0.0
 40
1.0
 40
1.0
 40
1.0
 40
1.0
 10
95.1250058252
 20
247.4872144156
 30
0.0
 10
95.1250058252
 20
247.5204177279
 30
0.0
 10
95.1190803085
 20
247.5539109567
 30
0.0
 10
95.1088909841
 20
247.5855121847
 30
0.0
  0
SPLINE
  5
AD9
100
AcDbEntity
  8
0
100
AcDbSpline
 62
7
  6
CONTINUOUS
 70
0
 71
3
 72
17
 73
13
 74
0
 42
0.0000001
 43
0.0000001
 44
0.0000000001
 40
0.0
 40
0.0
 40
0.0
 40
0.0
 40
0.2275792122
 40
0.4283920673
 40
0.6007474566
 40
0.7432654414
 40
0.8550957637
 40
0.9354615961
 40
0.9636753673
 40
0.983855877
 40
0.9959669256
 40
1.0
 40
1.0
 40
1.0
 40
1.0
 10
89.1822995892
 20
247.0767521458
 30
0.0
 10
89.1823702725
 20
247.0613659536
 30
0.0
 10
89.1825144028
 20
247.0324042901
 30
0.0
 10
89.1827516934
 20
246.9917850998
 30
0.0
 10
89.1830079447
 20
246.9569329349
 30
0.0
 10
89.1832441161
 20
246.9280518357
 30
0.0
 10
89.1835555189
 20
246.9055100646
 30
0.0
 10
89.1836820442
 20
246.8904297421
 30
0.0
 10
89.1840281325
 20
246.8819701202
 30
0.0
 10
89.1839243763
 20
246.8774803636
 30
0.0
 10
89.1844583175
 20
246.8757358114
 30
0.0
 10
89.1841289722
 20
246.8739146713
 30
0.0
 10
89.1843988667
 20
246.8739534866
 30
0.0
  0
SPLINE
  5
ADA
100
AcDbEntity
  8
0
100
AcDbSpline
 62
7
  6
CONTINUOUS
 70
0
 71
3
 72
17
 73
13
 74
0
 42
0.0000001
 43
0.0000001
 44
0.0000000001
 40
0.0
 40
0.0
 40
0.0
 40
0.0
 40
0.0040330498
 40
0.0161440335
 40
0.036324453
 40
0.0645381233
 40
0.1449037517
 40
0.256733759
 40
0.3992517133
 40
0.5716075554
 40
0.7724206997
 40
1.0
 40
1.0
 40
1.0
 40
1.0
 10
95.1774175213
 20
246.8739534866
 30
0.0
 10
95.1776874141
 20
246.8739146715
 30
0.0
 10
95.1773580726
 20
246.8757358011
 30
0.0
 10
95.1778920103
 20
246.8774803449
 30
0.0
 10
95.1777882555
 20
246.8819700825
 30
0.0
 10
95.1781343427
 20
246.8904296784
 30
0.0
 10
95.1782608676
 20
246.9055099586
 30
0.0
 10
95.1785722705
 20
246.9280516927
 30
0.0
 10
95.1788084421
 20
246.9569327992
 30
0.0
 10
95.1790646936
 20
246.9917850122
 30
0.0
 10
95.1793019849
 20
247.0324042586
 30
0.0
 10
95.1794461155
 20
247.0613659476
 30
0.0
 10
95.1795167988
 20
247.0767521458
 30
0.0
  0
LINE
  5
ADB
100
AcDbEntity
  8
0
100
AcDbLine
 62
7
  6
CONTINUOUS
 10
89.2555337186
 20
246.8840599774
 11
89.2540470065
 21
246.9831402905
  0
SPLINE
  5
ADC
100
AcDbEntity
  8
0
100
AcDbSpline
 62
7
  6
CONTINUOUS
 70
0
 71
3
 72
9
 73
5
 74
0
 42
0.0000001
 43
0.0000001
 44
0.0000000001
 40
0.0
 40
0.0
 40
0.0
 40
0.0
 40
0.2535447006
 40
1.0
 40
1.0
 40
1.0
 40
1.0
 10
89.0121708342
 20
247.4812721446
 30
0.0
 10
89.0164140485
 20
247.4744345913
 30
0.0
 10
89.0330582143
 20
247.4474103891
 30
0.0
 10
89.0493016473
 20
247.4201373794
 30
0.0
 10
89.0611101191
 20
247.3995984557
 30
0.0
  0
SPLINE
  5
ADD
100
AcDbEntity
  8
0
100
AcDbSpline
 62
7
  6
CONTINUOUS
 70
0
 71
3
 72
10
 73
6
 74
0
 42
0.0000001
 43
0.0000001
 44
0.0000000001
 40
0.0
 40
0.0
 40
0.0
 40
0.0
 40
0.5498321835
 40
0.7892564494
 40
1.0
 40
1.0
 40
1.0
 40
1.0
 10
89.0611101191
 20
247.3995984557
 30
0.0
 10
89.0928814847
 20
247.3443373124
 30
0.0
 10
89.136061349
 20
247.2631134628
 30
0.0
 10
89.1738468256
 20
247.1532922889
 30
0.0
 10
89.1821873511
 20
247.1011838849
 30
0.0
 10
89.1822995892
 20
247.0767521458
 30
0.0
  0
SPLINE
  5
ADE
100
AcDbEntity
  8
0
100
AcDbSpline
 62
7
  6
CONTINUOUS
 70
0
 71
3
 72
9
 73
5
 74
0
 42
0.0000001
 43
0.0000001
 44
0.0000000001
 40
0.0
 40
0.0
 40
0.0
 40
0.0
 40
0.2555208798
 40
1.0
 40
1.0
 40
1.0
 40
1.0
 10
88.8662883659
 20
247.8377694234
 30
0.0
 10
88.8734680181
 20
247.8056677719
 30
0.0
 10
88.9072531851
 20
247.6813712463
 30
0.0
 10
88.9616344601
 20
247.5627069093
 30
0.0
 10
89.0121708342
 20
247.4812721446
 30
0.0
  0
SPLINE
  5
ADF
100
AcDbEntity
  8
0
100
AcDbSpline
 62
7
  6
CONTINUOUS
 70
0
 71
3
 72
9
 73
5
 74
0
 42
0.0000001
 43
0.0000001
 44
0.0000000001
 40
0.0
 40
0.0
 40
0.0
 40
0.0
 40
0.24320769
 40
1.0
 40
1.0
 40
1.0
 40
1.0
 10
95.3496455512
 20
247.4812721405
 30
0.0
 10
95.3661531828
 20
247.5078726853
 30
0.0
 10
95.4293994492
 20
247.6200342725
 30
0.0
 10
95.4742657521
 20
247.7427015899
 30
0.0
 10
95.4955280221
 20
247.8377694234
 30
0.0
  0
SPLINE
  5
AE0
100
AcDbEntity
  8
0
100
AcDbSpline
 62
7
  6
CONTINUOUS
 70
0
 71
3
 72
10
 73
6
 74
0
 42
0.0000001
 43
0.0000001
 44
0.0000000001
 40
0.0
 40
0.0
 40
0.0
 40
0.0
 40
0.2103084649
 40
0.4497086402
 40
1.0
 40
1.0
 40
1.0
 40
1.0
 10
95.1795167988
 20
247.0767521458
 30
0.0
 10
95.179631339
 20
247.1016850269
 30
0.0
 10
95.1883113983
 20
247.1549099669
 30
0.0
 10
95.2274272314
 20
247.2670468806
 30
0.0
 10
95.2719376289
 20
247.3499752733
 30
0.0
 10
95.3046457244
 20
247.4064236498
 30
0.0
  0
LINE
  5
AE1
100
AcDbEntity
  8
0
100
AcDbLine
 62
7
  6
CONTINUOUS
 10
95.1122466166
 20
247.2814779793
 11
95.1062826694
 21
246.8840599774
  0
SPLINE
  5
AE2
100
AcDbEntity
  8
0
100
AcDbSpline
 62
7
  6
CONTINUOUS
 70
0
 71
3
 72
9
 73
5
 74
0
 42
0.0000001
 43
0.0000001
 44
0.0000000001
 40
0.0
 40
0.0
 40
0.0
 40
0.0
 40
0.2437253402
 40
1.0
 40
1.0
 40
1.0
 40
1.0
 10
95.1152455064
 20
247.4812721405
 30
0.0
 10
95.1153676099
 20
247.4894064527
 30
0.0
 10
95.1146747373
 20
247.5227906027
 30
0.0
 10
95.1088344152
 20
247.5560514648
 30
0.0
 10
95.1017713916
 20
247.5802866707
 30
0.0
  0
SPLINE
  5
AE3
100
AcDbEntity
  8
0
100
AcDbSpline
 62
7
  6
CONTINUOUS
 70
0
 71
3
 72
9
 73
5
 74
0
 42
0.0000001
 43
0.0000001
 44
0.0000000001
 40
0.0
 40
0.0
 40
0.0
 40
0.0
 40
0.2429214731
 40
1.0
 40
1.0
 40
1.0
 40
1.0
 10
95.1017713916
 20
247.5802866707
 30
0.0
 10
95.1005803644
 20
247.5843734175
 30
0.0
 10
95.0953737106
 20
247.6011061118
 30
0.0
 10
95.0888410778
 20
247.6174313305
 30
0.0
 10
95.0831490499
 20
247.6294146295
 30
0.0
  0
SPLINE
  5
AE4
100
AcDbEntity
  8
0
100
AcDbSpline
 62
7
  6
CONTINUOUS
 70
0
 71
3
 72
9
 73
5
 74
0
 42
0.0000001
 43
0.0000001
 44
0.0000000001
 40
0.0
 40
0.0
 40
0.0
 40
0.0
 40
0.2392399139
 40
1.0
 40
1.0
 40
1.0
 40
1.0
 10
95.0831490499
 20
247.6294146295
 30
0.0
 10
95.0812064054
 20
247.6335044356
 30
0.0
 10
95.0727258865
 20
247.6504265546
 30
0.0
 10
95.0627536682
 20
247.6665954476
 30
0.0
 10
95.0544675143
 20
247.6783697952
 30
0.0
  0
SPLINE
  5
AE5
100
AcDbEntity
  8
RUNDUNGEN
100
AcDbSpline
 62
7
  6
CONTINUOUS
 70
0
 71
3
 72
18
 73
14
 74
0
 42
0.0000001
 43
0.0000001
 44
0.0000000001
 40
0.0
 40
0.0
 40
0.0
 40
0.0
 40
0.1938307039
 40
0.3807819734
 40
0.5532124869
 40
0.7047318162
 40
0.8295277498
 40
0.8802639541
 40
0.9225579733
 40
0.9559519918
 40
0.9800726439
 40
0.9947582204
 40
1.0
 40
1.0
 40
1.0
 40
1.0
 10
89.6807438696
 20
245.8751928185
 30
0.0
 10
89.654913799
 20
245.8719372935
 30
0.0
 10
89.6041721346
 20
245.8655256422
 30
0.0
 10
89.5304578765
 20
245.8561863358
 30
0.0
 10
89.4623745111
 20
245.8475721307
 30
0.0
 10
89.4025786002
 20
245.8401061477
 30
0.0
 10
89.3589407784
 20
245.8347882075
 30
0.0
 10
89.3299228647
 20
245.8314785233
 30
0.0
 10
89.3129362841
 20
245.8295777437
 30
0.0
 10
89.2998712054
 20
245.828442321
 30
0.0
 10
89.2895686441
 20
245.8272463292
 30
0.0
 10
89.2847970985
 20
245.8277088298
 30
0.0
 10
89.2808868862
 20
245.8270129823
 30
0.0
 10
89.2807463066
 20
245.8277028555
 30
0.0
  0
SPLINE
  5
AE6
100
AcDbEntity
  8
RUNDUNGEN
100
AcDbSpline
 62
7
  6
CONTINUOUS
 70
0
 71
3
 72
18
 73
14
 74
0
 42
0.0000001
 43
0.0000001
 44
0.0000000001
 40
0.0
 40
0.0
 40
0.0
 40
0.0
 40
0.0052417796
 40
0.0199273561
 40
0.0440480082
 40
0.0774420267
 40
0.1197360459
 40
0.1704722502
 40
0.2952681838
 40
0.4467875131
 40
0.6192180266
 40
0.8061692961
 40
1.0
 40
1.0
 40
1.0
 40
1.0
 10
95.0810700814
 20
245.8277028555
 30
0.0
 10
95.0809295018
 20
245.8270129823
 30
0.0
 10
95.0770192894
 20
245.8277088298
 30
0.0
 10
95.0722477439
 20
245.8272463292
 30
0.0
 10
95.0619451825
 20
245.828442321
 30
0.0
 10
95.0488801039
 20
245.8295777437
 30
0.0
 10
95.0318935233
 20
245.8314785233
 30
0.0
 10
95.0028756096
 20
245.8347882075
 30
0.0
 10
94.9592377877
 20
245.8401061477
 30
0.0
 10
94.8994418769
 20
245.8475721307
 30
0.0
 10
94.8313585115
 20
245.8561863358
 30
0.0
 10
94.7576442534
 20
245.8655256422
 30
0.0
 10
94.706902589
 20
245.8719372935
 30
0.0
 10
94.6810725183
 20
245.8751928185
 30
0.0
  0
SPLINE
  5
AE7
100
AcDbEntity
  8
0
100
AcDbSpline
 62
7
  6
CONTINUOUS
 70
0
 71
3
 72
10
 73
6
 74
0
 42
0.0000001
 43
0.0000001
 44
0.0000000001
 40
0.0
 40
0.0
 40
0.0
 40
0.0
 40
0.3497459343
 40
0.6252799039
 40
1.0
 40
1.0
 40
1.0
 40
1.0
 10
206.9079303484
 20
247.0687654533
 30
0.0
 10
206.909304285
 20
247.0716921142
 30
0.0
 10
206.9120278974
 20
247.0768561865
 30
0.0
 10
206.9172135827
 20
247.0843205898
 30
0.0
 10
206.9227989529
 20
247.0883259703
 30
0.0
 10
206.9262629352
 20
247.0883239853
 30
0.0
  0
SPLINE
  5
AE8
100
AcDbEntity
  8
0
100
AcDbSpline
 62
7
  6
CONTINUOUS
 70
0
 71
3
 72
10
 73
6
 74
0
 42
0.0000001
 43
0.0000001
 44
0.0000000001
 40
0.0
 40
0.0
 40
0.0
 40
0.0
 40
0.3496957459
 40
0.6251409254
 40
1.0
 40
1.0
 40
1.0
 40
1.0
 10
207.9079303711
 20
247.0687727391
 30
0.0
 10
207.9093040366
 20
247.0716976855
 30
0.0
 10
207.9120269994
 20
247.0768578567
 30
0.0
 10
207.9172164512
 20
247.0843175893
 30
0.0
 10
207.922798911
 20
247.0883153791
 30
0.0
 10
207.926262887
 20
247.0883190208
 30
0.0
  0
SPLINE
  5
AE9
100
AcDbEntity
  8
0
100
AcDbSpline
 62
7
  6
CONTINUOUS
 70
0
 71
3
 72
10
 73
6
 74
0
 42
0.0000001
 43
0.0000001
 44
0.0000000001
 40
0.0
 40
0.0
 40
0.0
 40
0.0
 40
0.3499176202
 40
0.6253494739
 40
1.0
 40
1.0
 40
1.0
 40
1.0
 10
208.9079303135
 20
247.0687734484
 30
0.0
 10
208.909303826
 20
247.0717007535
 30
0.0
 10
208.9120255943
 20
247.0768636974
 30
0.0
 10
208.9172139615
 20
247.0843250135
 30
0.0
 10
208.9228008589
 20
247.0883148621
 30
0.0
 10
208.9262629308
 20
247.0883140984
 30
0.0
  0
SPLINE
  5
AEA
100
AcDbEntity
  8
0
100
AcDbSpline
 62
7
  6
CONTINUOUS
 70
0
 71
3
 72
10
 73
6
 74
0
 42
0.0000001
 43
0.0000001
 44
0.0000000001
 40
0.0
 40
0.0
 40
0.0
 40
0.0
 40
0.374770606
 40
0.6501877997
 40
1.0
 40
1.0
 40
1.0
 40
1.0
 10
207.1262629374
 20
247.0883143736
 30
0.0
 10
207.1297256673
 20
247.0883128188
 30
0.0
 10
207.135310217
 20
247.0843212732
 30
0.0
 10
207.1404997514
 20
247.0768622849
 30
0.0
 10
207.1432221144
 20
247.0717017498
 30
0.0
 10
207.1445954591
 20
247.0687759075
 30
0.0
  0
SPLINE
  5
AEB
100
AcDbEntity
  8
0
100
AcDbSpline
 62
7
  6
CONTINUOUS
 70
0
 71
3
 72
10
 73
6
 74
0
 42
0.0000001
 43
0.0000001
 44
0.0000000001
 40
0.0
 40
0.0
 40
0.0
 40
0.0
 40
0.3747371283
 40
0.6502659467
 40
1.0
 40
1.0
 40
1.0
 40
1.0
 10
208.1262629106
 20
247.0883242671
 30
0.0
 10
208.1297270311
 20
247.0883257781
 30
0.0
 10
208.1353119305
 20
247.0843199782
 30
0.0
 10
208.1404979235
 20
247.0768558571
 30
0.0
 10
208.1432215131
 20
247.0716919805
 30
0.0
 10
208.1445954451
 20
247.0687654589
 30
0.0
  0
SPLINE
  5
AEC
100
AcDbEntity
  8
0
100
AcDbSpline
 62
7
  6
CONTINUOUS
 70
0
 71
3
 72
10
 73
6
 74
0
 42
0.0000001
 43
0.0000001
 44
0.0000000001
 40
0.0
 40
0.0
 40
0.0
 40
0.0
 40
0.374699151
 40
0.6501175516
 40
1.0
 40
1.0
 40
1.0
 40
1.0
 10
209.1262629245
 20
247.0883137556
 30
0.0
 10
209.1297251926
 20
247.088313604
 30
0.0
 10
209.1353110949
 20
247.0843235211
 30
0.0
 10
209.1405001647
 20
247.0768634768
 30
0.0
 10
209.1432220819
 20
247.071701588
 30
0.0
 10
209.1445954744
 20
247.0687748466
 30
0.0
  0
SPLINE
  5
AED
100
AcDbEntity
  8
0
100
AcDbSpline
 62
7
  6
CONTINUOUS
 70
0
 71
3
 72
10
 73
6
 74
0
 42
0.0000001
 43
0.0000001
 44
0.0000000001
 40
0.0
 40
0.0
 40
0.0
 40
0.0
 40
0.3496807901
 40
0.6251701893
 40
1.0
 40
1.0
 40
1.0
 40
1.0
 10
209.9079305449
 20
247.0687677021
 30
0.0
 10
209.9093044012
 20
247.0716932609
 30
0.0
 10
209.9120277583
 20
247.0768552864
 30
0.0
 10
209.9172157107
 20
247.0843175681
 30
0.0
 10
209.9227983676
 20
247.0883213806
 30
0.0
 10
209.9262629035
 20
247.0883237201
 30
0.0
  0
SPLINE
  5
AEE
100
AcDbEntity
  8
0
100
AcDbSpline
 62
7
  6
CONTINUOUS
 70
0
 71
3
 72
10
 73
6
 74
0
 42
0.0000001
 43
0.0000001
 44
0.0000000001
 40
0.0
 40
0.0
 40
0.0
 40
0.0
 40
0.3499250292
 40
0.6254388108
 40
1.0
 40
1.0
 40
1.0
 40
1.0
 10
210.9079304794
 20
247.0687696125
 30
0.0
 10
210.909304232
 20
247.0716975328
 30
0.0
 10
210.912026831
 20
247.0768621272
 30
0.0
 10
210.9172117232
 20
247.0843273917
 30
0.0
 10
210.9228010744
 20
247.0883190076
 30
0.0
 10
210.9262629515
 20
247.0883160355
 30
0.0
  0
SPLINE
  5
AEF
100
AcDbEntity
  8
0
100
AcDbSpline
 62
7
  6
CONTINUOUS
 70
0
 71
3
 72
10
 73
6
 74
0
 42
0.0000001
 43
0.0000001
 44
0.0000000001
 40
0.0
 40
0.0
 40
0.0
 40
0.0
 40
0.3497025754
 40
0.6251414583
 40
1.0
 40
1.0
 40
1.0
 40
1.0
 10
211.9079305432
 20
247.0687736902
 30
0.0
 10
211.9093041586
 20
247.0716985415
 30
0.0
 10
211.9120270246
 20
247.0768583997
 30
0.0
 10
211.9172165834
 20
247.0843176297
 30
0.0
 10
211.9227990976
 20
247.0883143067
 30
0.0
 10
211.9262628859
 20
247.088317907
 30
0.0
  0
SPLINE
  5
AF0
100
AcDbEntity
  8
0
100
AcDbSpline
 62
7
  6
CONTINUOUS
 70
0
 71
3
 72
10
 73
6
 74
0
 42
0.0000001
 43
0.0000001
 44
0.0000000001
 40
0.0
 40
0.0
 40
0.0
 40
0.0
 40
0.3498035537
 40
0.6253579974
 40
1.0
 40
1.0
 40
1.0
 40
1.0
 10
212.9079304995
 20
247.0687656802
 30
0.0
 10
212.9093044205
 20
247.0716929042
 30
0.0
 10
212.9120280269
 20
247.0768576278
 30
0.0
 10
212.9172122857
 20
247.0843232826
 30
0.0
 10
212.9227997266
 20
247.0883254483
 30
0.0
 10
212.9262629541
 20
247.0883219026
 30
0.0
  0
SPLINE
  5
AF1
100
AcDbEntity
  8
0
100
AcDbSpline
 62
7
  6
CONTINUOUS
 70
0
 71
3
 72
10
 73
6
 74
0
 42
0.0000001
 43
0.0000001
 44
0.0000000001
 40
0.0
 40
0.0
 40
0.0
 40
0.0
 40
0.3747065651
 40
0.6502455984
 40
1.0
 40
1.0
 40
1.0
 40
1.0
 10
210.1262629035
 20
247.0883237201
 30
0.0
 10
210.1297267469
 20
247.0883260591
 30
0.0
 10
210.1353124063
 20
247.0843209631
 30
0.0
 10
210.1404977496
 20
247.0768563709
 30
0.0
 10
210.1432213533
 20
247.0716921845
 30
0.0
 10
210.1445952808
 20
247.0687654469
 30
0.0
  0
SPLINE
  5
AF2
100
AcDbEntity
  8
0
100
AcDbSpline
 62
7
  6
CONTINUOUS
 70
0
 71
3
 72
10
 73
6
 74
0
 42
0.0000001
 43
0.0000001
 44
0.0000000001
 40
0.0
 40
0.0
 40
0.0
 40
0.0
 40
0.3748352133
 40
0.6502623926
 40
1.0
 40
1.0
 40
1.0
 40
1.0
 10
211.1262629515
 20
247.0883160355
 30
0.0
 10
211.1297262833
 20
247.0883130621
 30
0.0
 10
211.1353094313
 20
247.0843188301
 30
0.0
 10
211.1404991046
 20
247.0768601665
 30
0.0
 10
211.1432217648
 20
247.071700445
 30
0.0
 10
211.144595267
 20
247.0687754319
 30
0.0
  0
SPLINE
  5
AF3
100
AcDbEntity
  8
0
100
AcDbSpline
 62
7
  6
CONTINUOUS
 70
0
 71
3
 72
10
 73
6
 74
0
 42
0.0000001
 43
0.0000001
 44
0.0000000001
 40
0.0
 40
0.0
 40
0.0
 40
0.0
 40
0.3745605884
 40
0.6501071372
 40
1.0
 40
1.0
 40
1.0
 40
1.0
 10
212.1262628859
 20
247.088317907
 30
0.0
 10
212.1297250411
 20
247.0883215056
 30
0.0
 10
212.1353145631
 20
247.0843269749
 30
0.0
 10
212.1404983374
 20
247.0768606054
 30
0.0
 10
212.1432214815
 20
247.0716956869
 30
0.0
 10
212.1445953152
 20
247.0687678398
 30
0.0
  0
SPLINE
  5
AF4
100
AcDbEntity
  8
0
100
AcDbSpline
 62
7
  6
CONTINUOUS
 70
0
 71
3
 72
10
 73
6
 74
0
 42
0.0000001
 43
0.0000001
 44
0.0000000001
 40
0.0
 40
0.0
 40
0.0
 40
0.0
 40
0.3748600558
 40
0.6503307779
 40
1.0
 40
1.0
 40
1.0
 40
1.0
 10
213.1262629541
 20
247.0883219026
 30
0.0
 10
213.1297274389
 20
247.0883183556
 30
0.0
 10
213.1353095344
 20
247.0843165163
 30
0.0
 10
213.1404982505
 20
247.0768553198
 30
0.0
 10
213.1432214674
 20
247.0716942503
 30
0.0
 10
213.1445952622
 20
247.0687691205
 30
0.0
  0
SPLINE
  5
AF5
100
AcDbEntity
  8
0
100
AcDbSpline
 62
7
  6
CONTINUOUS
 70
0
 71
3
 72
10
 73
6
 74
0
 42
0.0000001
 43
0.0000001
 44
0.0000000001
 40
0.0
 40
0.0
 40
0.0
 40
0.0
 40
0.3496866788
 40
0.625183825
 40
1.0
 40
1.0
 40
1.0
 40
1.0
 10
214.9079307352
 20
247.0687674885
 30
0.0
 10
214.909304598
 20
247.0716931704
 30
0.0
 10
214.9120279802
 20
247.076855485
 30
0.0
 10
214.917215532
 20
247.0843180363
 30
0.0
 10
214.9227984348
 20
247.0883224804
 30
0.0
 10
214.926262909
 20
247.0883241777
 30
0.0
  0
SPLINE
  5
AF6
100
AcDbEntity
  8
0
100
AcDbSpline
 62
7
  6
CONTINUOUS
 70
0
 71
3
 72
10
 73
6
 74
0
 42
0.0000001
 43
0.0000001
 44
0.0000000001
 40
0.0
 40
0.0
 40
0.0
 40
0.0
 40
0.3499320435
 40
0.6254276917
 40
1.0
 40
1.0
 40
1.0
 40
1.0
 10
215.9079306724
 20
247.0687708488
 30
0.0
 10
215.9093043694
 20
247.0716986687
 30
0.0
 10
215.9120266844
 20
247.0768629283
 30
0.0
 10
215.9172122197
 20
247.0843273044
 30
0.0
 10
215.92280116
 20
247.0883180271
 30
0.0
 10
215.9262629483
 20
247.0883154031
 30
0.0
  0
SPLINE
  5
AF7
100
AcDbEntity
  8
0
100
AcDbSpline
 62
7
  6
CONTINUOUS
 70
0
 71
3
 72
10
 73
6
 74
0
 42
0.0000001
 43
0.0000001
 44
0.0000000001
 40
0.0
 40
0.0
 40
0.0
 40
0.0
 40
0.3496983477
 40
0.6251464142
 40
1.0
 40
1.0
 40
1.0
 40
1.0
 10
216.9079307264
 20
247.0687739281
 30
0.0
 10
216.9093043624
 20
247.0716988942
 30
0.0
 10
216.9120272719
 20
247.0768591272
 30
0.0
 10
216.917216442
 20
247.0843189056
 30
0.0
 10
216.9227989529
 20
247.0883168911
 30
0.0
 10
216.9262628583
 20
247.0883202476
 30
0.0
  0
SPLINE
  5
AF8
100
AcDbEntity
  8
0
100
AcDbSpline
 62
7
  6
CONTINUOUS
 70
0
 71
3
 72
10
 73
6
 74
0
 42
0.0000001
 43
0.0000001
 44
0.0000000001
 40
0.0
 40
0.0
 40
0.0
 40
0.0
 40
0.3746497354
 40
0.6500807159
 40
1.0
 40
1.0
 40
1.0
 40
1.0
 10
214.1262629117
 20
247.088313793
 30
0.0
 10
214.1297248476
 20
247.0883146591
 30
0.0
 10
214.135311693
 20
247.0843251947
 30
0.0
 10
214.1404999488
 20
247.0768641873
 30
0.0
 10
214.1432216429
 20
247.0717014451
 30
0.0
 10
214.1445951226
 20
247.0687742403
 30
0.0
  0
SPLINE
  5
AF9
100
AcDbEntity
  8
0
100
AcDbSpline
 62
7
  6
CONTINUOUS
 70
0
 71
3
 72
10
 73
6
 74
0
 42
0.0000001
 43
0.0000001
 44
0.0000000001
 40
0.0
 40
0.0
 40
0.0
 40
0.0
 40
0.3747328163
 40
0.6502636574
 40
1.0
 40
1.0
 40
1.0
 40
1.0
 10
215.126262909
 20
247.0883241777
 30
0.0
 10
215.1297269118
 20
247.0883258748
 30
0.0
 10
215.1353118458
 20
247.0843202658
 30
0.0
 10
215.1404976245
 20
247.0768562565
 30
0.0
 10
215.1432211752
 20
247.071692463
 30
0.0
 10
215.1445950851
 20
247.0687659879
 30
0.0
  0
SPLINE
  5
AFA
100
AcDbEntity
  8
0
100
AcDbSpline
 62
7
  6
CONTINUOUS
 70
0
 71
3
 72
10
 73
6
 74
0
 42
0.0000001
 43
0.0000001
 44
0.0000000001
 40
0.0
 40
0.0
 40
0.0
 40
0.0
 40
0.3748222331
 40
0.650245358
 40
1.0
 40
1.0
 40
1.0
 40
1.0
 10
216.1262629483
 20
247.0883154031
 30
0.0
 10
216.1297260502
 20
247.0883127781
 30
0.0
 10
216.135309467
 20
247.0843195388
 30
0.0
 10
216.1404990929
 20
247.0768610976
 30
0.0
 10
216.143221641
 20
247.0717013992
 30
0.0
 10
216.144595082
 20
247.0687762971
 30
0.0
  0
SPLINE
  5
AFB
100
AcDbEntity
  8
0
100
AcDbSpline
 62
7
  6
CONTINUOUS
 70
0
 71
3
 72
10
 73
6
 74
0
 42
0.0000001
 43
0.0000001
 44
0.0000000001
 40
0.0
 40
0.0
 40
0.0
 40
0.0
 40
0.3745535709
 40
0.6501198267
 40
1.0
 40
1.0
 40
1.0
 40
1.0
 10
217.1262628583
 20
247.0883202476
 30
0.0
 10
217.1297254523
 20
247.0883236029
 30
0.0
 10
217.1353146045
 20
247.084325838
 30
0.0
 10
217.1404978968
 20
247.0768579691
 30
0.0
 10
217.1432212736
 20
247.0716920748
 30
0.0
 10
217.1445951768
 20
247.0687638704
 30
0.0
  0
SPLINE
  5
AFC
100
AcDbEntity
  8
0
100
AcDbSpline
 62
7
  6
CONTINUOUS
 70
0
 71
3
 72
10
 73
6
 74
0
 42
0.0000001
 43
0.0000001
 44
0.0000000001
 40
0.0
 40
0.0
 40
0.0
 40
0.0
 40
0.3498192057
 40
0.625376049
 40
1.0
 40
1.0
 40
1.0
 40
1.0
 10
217.9079309303
 20
247.0687666732
 30
0.0
 10
217.9093048144
 20
247.0716939328
 30
0.0
 10
217.9120283267
 20
247.0768585701
 30
0.0
 10
217.9172122141
 20
247.0843243072
 30
0.0
 10
217.9228000294
 20
247.0883249001
 30
0.0
 10
217.9262629526
 20
247.088321272
 30
0.0
  0
SPLINE
  5
AFD
100
AcDbEntity
  8
0
100
AcDbSpline
 62
7
  6
CONTINUOUS
 70
0
 71
3
 72
10
 73
6
 74
0
 42
0.0000001
 43
0.0000001
 44
0.0000000001
 40
0.0
 40
0.0
 40
0.0
 40
0.0
 40
0.3498202412
 40
0.6252353897
 40
1.0
 40
1.0
 40
1.0
 40
1.0
 10
218.907930939
 20
247.0687770331
 30
0.0
 10
218.9093042317
 20
247.0717028158
 30
0.0
 10
218.9120264561
 20
247.0768631748
 30
0.0
 10
218.9172158384
 20
247.0843218038
 30
0.0
 10
218.9228003932
 20
247.0883126976
 30
0.0
 10
218.9262629067
 20
247.0883140429
 30
0.0
  0
SPLINE
  5
AFE
100
AcDbEntity
  8
0
100
AcDbSpline
 62
7
  6
CONTINUOUS
 70
0
 71
3
 72
10
 73
6
 74
0
 42
0.0000001
 43
0.0000001
 44
0.0000000001
 40
0.0
 40
0.0
 40
0.0
 40
0.0
 40
0.34969468
 40
0.625199724
 40
1.0
 40
1.0
 40
1.0
 40
1.0
 10
219.9079309682
 20
247.068767451
 30
0.0
 10
219.9093048314
 20
247.0716932529
 30
0.0
 10
219.9120282294
 20
247.0768558371
 30
0.0
 10
219.9172153361
 20
247.0843185952
 30
0.0
 10
219.9227985499
 20
247.0883235555
 30
0.0
 10
219.9262629149
 20
247.0883244755
 30
0.0
  0
SPLINE
  5
AFF
100
AcDbEntity
  8
0
100
AcDbSpline
 62
7
  6
CONTINUOUS
 70
0
 71
3
 72
10
 73
6
 74
0
 42
0.0000001
 43
0.0000001
 44
0.0000000001
 40
0.0
 40
0.0
 40
0.0
 40
0.0
 40
0.3499198808
 40
0.6254148248
 40
1.0
 40
1.0
 40
1.0
 40
1.0
 10
220.9079309565
 20
247.0687684525
 30
0.0
 10
220.9093047465
 20
247.0716969536
 30
0.0
 10
220.9120271033
 20
247.076862703
 30
0.0
 10
220.9172131336
 20
247.0843290005
 30
0.0
 10
220.9228001246
 20
247.0883246726
 30
0.0
 10
220.9262628555
 20
247.0883243144
 30
0.0
  0
SPLINE
  5
B00
100
AcDbEntity
  8
0
100
AcDbSpline
 62
7
  6
CONTINUOUS
 70
0
 71
3
 72
10
 73
6
 74
0
 42
0.0000001
 43
0.0000001
 44
0.0000000001
 40
0.0
 40
0.0
 40
0.0
 40
0.0
 40
0.3748644794
 40
0.6503270597
 40
1.0
 40
1.0
 40
1.0
 40
1.0
 10
218.1262629526
 20
247.088321272
 30
0.0
 10
218.1297271909
 20
247.0883176425
 30
0.0
 10
218.1353091791
 20
247.0843171849
 30
0.0
 10
218.1404980158
 20
247.0768567877
 30
0.0
 10
218.1432210981
 20
247.0716962714
 30
0.0
 10
218.1445948267
 20
247.0687713686
 30
0.0
  0
SPLINE
  5
B01
100
AcDbEntity
  8
0
100
AcDbSpline
 62
7
  6
CONTINUOUS
 70
0
 71
3
 72
10
 73
6
 74
0
 42
0.0000001
 43
0.0000001
 44
0.0000000001
 40
0.0
 40
0.0
 40
0.0
 40
0.0
 40
0.3746277117
 40
0.6500707104
 40
1.0
 40
1.0
 40
1.0
 40
1.0
 10
219.1262629067
 20
247.0883140429
 30
0.0
 10
219.1297247061
 20
247.0883153879
 30
0.0
 10
219.1353120274
 20
247.0843259997
 30
0.0
 10
219.1404996671
 20
247.0768643837
 30
0.0
 10
219.14322137
 20
247.0717013023
 30
0.0
 10
219.1445948938
 20
247.0687739467
 30
0.0
  0
SPLINE
  5
B02
100
AcDbEntity
  8
0
100
AcDbSpline
 62
7
  6
CONTINUOUS
 70
0
 71
3
 72
10
 73
6
 74
0
 42
0.0000001
 43
0.0000001
 44
0.0000000001
 40
0.0
 40
0.0
 40
0.0
 40
0.0
 40
0.3747583102
 40
0.6502803644
 40
1.0
 40
1.0
 40
1.0
 40
1.0
 10
220.1262629149
 20
247.0883244755
 30
0.0
 10
220.1297270385
 20
247.0883253954
 30
0.0
 10
220.135311273
 20
247.0843196858
 30
0.0
 10
220.1404974806
 20
247.0768562585
 30
0.0
 10
220.1432209623
 20
247.0716929233
 30
0.0
 10
220.1445948481
 20
247.0687667261
 30
0.0
  0
SPLINE
  5
B03
100
AcDbEntity
  8
0
100
AcDbSpline
 62
7
  6
CONTINUOUS
 70
0
 71
3
 72
17
 73
13
 74
0
 42
0.0000001
 43
0.0000001
 44
0.0000000001
 40
0.0
 40
0.0
 40
0.0
 40
0.0
 40
0.0264436149
 40
0.0488026646
 40
0.0782714579
 40
0.1150930007
 40
0.1593659557
 40
0.2111151185
 40
0.2702956199
 40
0.4106538103
 40
0.5797625502
 40
1.0
 40
1.0
 40
1.0
 40
1.0
 10
207.926262887
 20
247.0883190208
 30
0.0
 10
207.931549279
 20
247.0883245782
 30
0.0
 10
207.9394380646
 20
247.0794828028
 30
0.0
 10
207.9461077425
 20
247.06602132
 30
0.0
 10
207.9524794456
 20
247.0492172561
 30
0.0
 10
207.9586742694
 20
247.0280736475
 30
0.0
 10
207.9649791625
 20
247.0022395259
 30
0.0
 10
207.9712754666
 20
246.9718632784
 30
0.0
 10
207.9802182799
 20
246.9224221822
 30
0.0
 10
207.9911228714
 20
246.8495239164
 30
0.0
 10
208.0091736016
 20
246.7047602557
 30
0.0
 10
208.0206304627
 20
246.5874811893
 30
0.0
 10
208.0281848779
 20
246.5038110409
 30
0.0
  0
SPLINE
  5
B04
100
AcDbEntity
  8
0
100
AcDbSpline
 62
7
  6
CONTINUOUS
 70
0
 71
3
 72
17
 73
13
 74
0
 42
0.0000001
 43
0.0000001
 44
0.0000000001
 40
0.0
 40
0.0
 40
0.0
 40
0.0
 40
0.026449604
 40
0.0488008242
 40
0.0782791092
 40
0.1151140657
 40
0.1593872158
 40
0.2111169846
 40
0.2702885072
 40
0.4106661273
 40
0.579750094
 40
1.0
 40
1.0
 40
1.0
 40
1.0
 10
208.9262629308
 20
247.0883140984
 30
0.0
 10
208.9315418076
 20
247.0883129339
 30
0.0
 10
208.939424267
 20
247.0795067661
 30
0.0
 10
208.9460932708
 20
247.0660648678
 30
0.0
 10
208.9524561721
 20
247.049287578
 30
0.0
 10
208.958644915
 20
247.0281746687
 30
0.0
 10
208.9649440326
 20
247.0023856907
 30
0.0
 10
208.9712372074
 20
246.972066681
 30
0.0
 10
208.9801726861
 20
246.9227102062
 30
0.0
 10
208.9910636354
 20
246.8499356079
 30
0.0
 10
209.0091050908
 20
246.7054117181
 30
0.0
 10
209.0205470938
 20
246.5883286885
 30
0.0
 10
209.028095813
 20
246.5047945632
 30
0.0
  0
SPLINE
  5
B05
100
AcDbEntity
  8
0
100
AcDbSpline
 62
7
  6
CONTINUOUS
 70
0
 71
3
 72
14
 73
10
 74
0
 42
0.0000001
 43
0.0000001
 44
0.0000000001
 40
0.0
 40
0.0
 40
0.0
 40
0.0
 40
0.0531439938
 40
0.1271917676
 40
0.2222598141
 40
0.3381077919
 40
0.474389521
 40
0.6305750336
 40
1.0
 40
1.0
 40
1.0
 40
1.0
 10
210.1445952808
 20
247.0687654469
 30
0.0
 10
210.1488953879
 20
247.0596053675
 30
0.0
 10
210.1566546809
 20
247.0365499766
 30
0.0
 10
210.1667342986
 20
246.9954529671
 30
0.0
 10
210.1769101841
 20
246.9421271837
 30
0.0
 10
210.1871763073
 20
246.8768161291
 30
0.0
 10
210.1974811949
 20
246.7997477789
 30
0.0
 10
210.2120936654
 20
246.6745631672
 30
0.0
 10
210.2217575509
 20
246.5749389197
 30
0.0
 10
210.2280878743
 20
246.5048818506
 30
0.0
  0
SPLINE
  5
B06
100
AcDbEntity
  8
0
100
AcDbSpline
 62
7
  6
CONTINUOUS
 70
0
 71
3
 72
13
 73
9
 74
0
 42
0.0000001
 43
0.0000001
 44
0.0000000001
 40
0.0
 40
0.0
 40
0.0
 40
0.0
 40
0.056509999
 40
0.1330002168
 40
0.2295039581
 40
0.3458407997
 40
0.6362559945
 40
1.0
 40
1.0
 40
1.0
 40
1.0
 10
211.146966046
 20
247.0634009643
 30
0.0
 10
211.1510602649
 20
247.053557232
 30
0.0
 10
211.1585659466
 20
247.0295357535
 30
0.0
 10
211.1684082675
 20
246.9873690954
 30
0.0
 10
211.1783366244
 20
246.9336735816
 30
0.0
 10
211.1927433087
 20
246.8398223376
 30
0.0
 10
211.2100357385
 20
246.6954589775
 30
0.0
 10
211.2219687503
 20
246.5726203761
 30
0.0
 10
211.2281423884
 20
246.5042743902
 30
0.0
  0
SPLINE
  5
B07
100
AcDbEntity
  8
0
100
AcDbSpline
 62
7
  6
CONTINUOUS
 70
0
 71
3
 72
9
 73
5
 74
0
 42
0.0000001
 43
0.0000001
 44
0.0000000001
 40
0.0
 40
0.0
 40
0.0
 40
0.0
 40
0.2299757705
 40
1.0
 40
1.0
 40
1.0
 40
1.0
 10
212.1445953152
 20
247.0687678398
 30
0.0
 10
212.145050059
 20
247.067798712
 30
0.0
 10
212.1469672717
 20
247.0635564466
 30
0.0
 10
212.1486677245
 20
247.0592185205
 30
0.0
 10
212.1498957335
 20
247.0558510563
 30
0.0
  0
SPLINE
  5
B08
100
AcDbEntity
  8
0
100
AcDbSpline
 62
7
  6
CONTINUOUS
 70
0
 71
3
 72
12
 73
8
 74
0
 42
0.0000001
 43
0.0000001
 44
0.0000000001
 40
0.0
 40
0.0
 40
0.0
 40
0.0
 40
0.0604654128
 40
0.1398430158
 40
0.3549401591
 40
0.6430024658
 40
1.0
 40
1.0
 40
1.0
 40
1.0
 10
212.1498957335
 20
247.0558510563
 30
0.0
 10
212.1537571958
 20
247.045262099
 30
0.0
 10
212.1609707463
 20
247.0201615678
 30
0.0
 10
212.1751586321
 20
246.955527094
 30
0.0
 10
212.1917464975
 20
246.8481282605
 30
0.0
 10
212.2107260763
 20
246.6889225917
 30
0.0
 10
212.2222827981
 20
246.5692226954
 30
0.0
 10
212.2282630404
 20
246.5029457671
 30
0.0
  0
SPLINE
  5
B09
100
AcDbEntity
  8
0
100
AcDbSpline
 62
7
  6
CONTINUOUS
 70
0
 71
3
 72
14
 73
10
 74
0
 42
0.0000001
 43
0.0000001
 44
0.0000000001
 40
0.0
 40
0.0
 40
0.0
 40
0.0
 40
0.0531069324
 40
0.1271415229
 40
0.2221825993
 40
0.3380458002
 40
0.4743644881
 40
0.6305579905
 40
1.0
 40
1.0
 40
1.0
 40
1.0
 10
213.1445952622
 20
247.0687691205
 30
0.0
 10
213.1489063338
 20
247.0595898433
 30
0.0
 10
213.1566776193
 20
247.0364741053
 30
0.0
 10
213.1667728959
 20
246.9952712942
 30
0.0
 10
213.1769706606
 20
246.9417953734
 30
0.0
 10
213.1872531315
 20
246.8762894656
 30
0.0
 10
213.197575142
 20
246.7989861388
 30
0.0
 10
213.2122159797
 20
246.6734278442
 30
0.0
 10
213.2218942112
 20
246.5735108516
 30
0.0
 10
213.2282356404
 20
246.5032483052
 30
0.0
  0
SPLINE
  5
B0A
100
AcDbEntity
  8
0
100
AcDbSpline
 62
7
  6
CONTINUOUS
 70
0
 71
3
 72
9
 73
5
 74
0
 42
0.0000001
 43
0.0000001
 44
0.0000000001
 40
0.0
 40
0.0
 40
0.0
 40
0.0
 40
0.2174276441
 40
1.0
 40
1.0
 40
1.0
 40
1.0
 10
218.6789407418
 20
246.4524069222
 30
0.0
 10
218.6797850178
 20
246.4460193821
 30
0.0
 10
218.6834962558
 20
246.4166188933
 30
0.0
 10
218.6866895235
 20
246.3871555549
 30
0.0
 10
218.6890749132
 20
246.3640883766
 30
0.0
  0
SPLINE
  5
B0B
100
AcDbEntity
  8
0
100
AcDbSpline
 62
7
  6
CONTINUOUS
 70
0
 71
3
 72
17
 73
13
 74
0
 42
0.0000001
 43
0.0000001
 44
0.0000000001
 40
0.0
 40
0.0
 40
0.0
 40
0.0
 40
0.026466613
 40
0.0488224919
 40
0.0782841462
 40
0.1151041468
 40
0.1593862456
 40
0.211134953
 40
0.2703058174
 40
0.4106512538
 40
0.579764082
 40
1.0
 40
1.0
 40
1.0
 40
1.0
 10
209.9262629035
 20
247.0883237201
 30
0.0
 10
209.9315444322
 20
247.0883272866
 30
0.0
 10
209.9394199254
 20
247.0794983471
 30
0.0
 10
209.9460895892
 20
247.066063676
 30
0.0
 10
209.9524548818
 20
247.0492940572
 30
0.0
 10
209.9586444252
 20
247.0281898228
 30
0.0
 10
209.9649413518
 20
247.0024012124
 30
0.0
 10
209.9712322294
 20
246.9720807265
 30
0.0
 10
209.9801674429
 20
246.922734185
 30
0.0
 10
209.991061902
 20
246.8499713441
 30
0.0
 10
210.0090939749
 20
246.7054703264
 30
0.0
 10
210.0205410767
 20
246.5884015201
 30
0.0
 10
210.0280878743
 20
246.5048818506
 30
0.0
  0
SPLINE
  5
B0C
100
AcDbEntity
  8
0
100
AcDbSpline
 62
7
  6
CONTINUOUS
 70
0
 71
3
 72
10
 73
6
 74
0
 42
0.0000001
 43
0.0000001
 44
0.0000000001
 40
0.0
 40
0.0
 40
0.0
 40
0.0
 40
0.1701749652
 40
0.3956633062
 40
1.0
 40
1.0
 40
1.0
 40
1.0
 10
219.6767956058
 20
246.4521054655
 30
0.0
 10
219.6802297173
 20
246.4239916727
 30
0.0
 10
219.6870171714
 20
246.358483518
 30
0.0
 10
219.7021375472
 20
246.1927401147
 30
0.0
 10
219.7134182104
 20
246.0550878606
 30
0.0
 10
219.7216040928
 20
245.954839861
 30
0.0
  0
SPLINE
  5
B0D
100
AcDbEntity
  8
0
100
AcDbSpline
 62
7
  6
CONTINUOUS
 70
0
 71
3
 72
17
 73
13
 74
0
 42
0.0000001
 43
0.0000001
 44
0.0000000001
 40
0.0
 40
0.0
 40
0.0
 40
0.0
 40
0.0264492518
 40
0.0487918719
 40
0.0782639548
 40
0.1151035821
 40
0.1593844132
 40
0.2111164884
 40
0.2702785236
 40
0.4106585226
 40
0.5797514449
 40
1.0
 40
1.0
 40
1.0
 40
1.0
 10
210.9262629515
 20
247.0883160355
 30
0.0
 10
210.931546355
 20
247.0883114995
 30
0.0
 10
210.9394273681
 20
247.0794943831
 30
0.0
 10
210.9461036125
 20
247.0660450655
 30
0.0
 10
210.9524690724
 20
247.0492539089
 30
0.0
 10
210.9586597825
 20
247.0281204431
 30
0.0
 10
210.9649612764
 20
247.0023051947
 30
0.0
 10
210.9712569906
 20
246.9719590944
 30
0.0
 10
210.9801986348
 20
246.922560301
 30
0.0
 10
210.9910930025
 20
246.8497209875
 30
0.0
 10
211.0091423693
 20
246.7050682556
 30
0.0
 10
211.0205902429
 20
246.5878813033
 30
0.0
 10
211.0281423884
 20
246.5042743902
 30
0.0
  0
SPLINE
  5
B0E
100
AcDbEntity
  8
0
100
AcDbSpline
 62
7
  6
CONTINUOUS
 70
0
 71
3
 72
11
 73
7
 74
0
 42
0.0000001
 43
0.0000001
 44
0.0000000001
 40
0.0
 40
0.0
 40
0.0
 40
0.0
 40
0.319732343
 40
0.5943736494
 40
0.8217363616
 40
1.0
 40
1.0
 40
1.0
 40
1.0
 10
219.5300591584
 20
246.0145262337
 30
0.0
 10
219.5231639463
 20
246.0618694775
 30
0.0
 10
219.5093081435
 20
246.1497332144
 30
0.0
 10
219.4860839546
 20
246.2705216689
 30
0.0
 10
219.4620707415
 20
246.3694674389
 30
0.0
 10
219.443595011
 20
246.4274176198
 30
0.0
 10
219.4336756512
 20
246.4521789132
 30
0.0
  0
SPLINE
  5
B0F
100
AcDbEntity
  8
0
100
AcDbSpline
 62
7
  6
CONTINUOUS
 70
0
 71
3
 72
17
 73
13
 74
0
 42
0.0000001
 43
0.0000001
 44
0.0000000001
 40
0.0
 40
0.0
 40
0.0
 40
0.0
 40
0.0264308988
 40
0.0487887312
 40
0.0782588407
 40
0.1150819064
 40
0.1593543036
 40
0.2111034636
 40
0.2702876652
 40
0.4106540818
 40
0.5797627248
 40
1.0
 40
1.0
 40
1.0
 40
1.0
 10
211.9262628859
 20
247.088317907
 30
0.0
 10
211.9315543775
 20
247.0883234071
 30
0.0
 10
211.9394500923
 20
247.0794676226
 30
0.0
 10
211.9461230012
 20
247.0659869474
 30
0.0
 10
211.9524995962
 20
247.0491563941
 30
0.0
 10
211.9586988983
 20
247.0279805297
 30
0.0
 10
211.9650089278
 20
247.0021078625
 30
0.0
 10
211.9713102054
 20
246.9716861948
 30
0.0
 10
211.9802595718
 20
246.9221700147
 30
0.0
 10
211.9911721735
 20
246.8491627996
 30
0.0
 10
212.009237439
 20
246.704186738
 30
0.0
 10
212.0207024341
 20
246.5867373148
 30
0.0
 10
212.0282630404
 20
246.5029457671
 30
0.0
  0
SPLINE
  5
B10
100
AcDbEntity
  8
0
100
AcDbSpline
 62
7
  6
CONTINUOUS
 70
0
 71
3
 72
17
 73
13
 74
0
 42
0.0000001
 43
0.0000001
 44
0.0000000001
 40
0.0
 40
0.0
 40
0.0
 40
0.0
 40
0.026447906
 40
0.0487907648
 40
0.078250177
 40
0.1150857126
 40
0.1593759895
 40
0.2111209623
 40
0.2702889766
 40
0.4106742149
 40
0.5798043282
 40
1.0
 40
1.0
 40
1.0
 40
1.0
 10
212.9262629541
 20
247.0883219026
 30
0.0
 10
212.9315551776
 20
247.0883164844
 30
0.0
 10
212.9394387495
 20
247.079469349
 30
0.0
 10
212.9461208528
 20
247.0660002695
 30
0.0
 10
212.9524949504
 20
247.0491819818
 30
0.0
 10
212.9586908914
 20
247.0280123674
 30
0.0
 10
212.9649973411
 20
247.0021473972
 30
0.0
 10
212.9712982938
 20
246.9717421981
 30
0.0
 10
212.9802486044
 20
246.9222523017
 30
0.0
 10
212.9911554321
 20
246.8492769511
 30
0.0
 10
213.0092154872
 20
246.7043749115
 30
0.0
 10
213.0206777549
 20
246.5869890926
 30
0.0
 10
213.0282356404
 20
246.5032483052
 30
0.0
  0
SPLINE
  5
B11
100
AcDbEntity
  8
0
100
AcDbSpline
 62
7
  6
CONTINUOUS
 70
0
 71
3
 72
9
 73
5
 74
0
 42
0.0000001
 43
0.0000001
 44
0.0000000001
 40
0.0
 40
0.0
 40
0.0
 40
0.0
 40
0.4366577794
 40
1.0
 40
1.0
 40
1.0
 40
1.0
 10
220.6848353944
 20
246.3495610854
 30
0.0
 10
220.6900781043
 20
246.2920944085
 30
0.0
 10
220.7010892971
 20
246.1603994045
 30
0.0
 10
220.7116873432
 20
246.0286733885
 30
0.0
 10
220.7176207879
 20
245.9544632451
 30
0.0
  0
SPLINE
  5
B12
100
AcDbEntity
  8
0
100
AcDbSpline
 62
7
  6
CONTINUOUS
 70
0
 71
3
 72
11
 73
7
 74
0
 42
0.0000001
 43
0.0000001
 44
0.0000000001
 40
0.0
 40
0.0
 40
0.0
 40
0.0
 40
0.3228885614
 40
0.5988023309
 40
0.8251429759
 40
1.0
 40
1.0
 40
1.0
 40
1.0
 10
220.5411800263
 20
245.9548259661
 30
0.0
 10
220.5336425467
 20
246.0091337129
 30
0.0
 10
220.5184616311
 20
246.1096867664
 30
0.0
 10
220.4927879316
 20
246.2474821131
 30
0.0
 10
220.4661013044
 20
246.3593477485
 30
0.0
 10
220.4453295355
 20
246.4244118944
 30
0.0
 10
220.4340475585
 20
246.4518766962
 30
0.0
  0
SPLINE
  5
B13
100
AcDbEntity
  8
0
100
AcDbSpline
 62
7
  6
CONTINUOUS
 70
0
 71
3
 72
9
 73
5
 74
0
 42
0.0000001
 43
0.0000001
 44
0.0000000001
 40
0.0
 40
0.0
 40
0.0
 40
0.0
 40
0.214541091
 40
1.0
 40
1.0
 40
1.0
 40
1.0
 10
220.6746815479
 20
246.4518039996
 30
0.0
 10
220.6755008379
 20
246.444502003
 30
0.0
 10
220.6791669303
 20
246.4104494508
 30
0.0
 10
220.6823913385
 20
246.3763510033
 30
0.0
 10
220.6848353944
 20
246.3495610854
 30
0.0
  0
SPLINE
  5
B14
100
AcDbEntity
  8
0
100
AcDbSpline
 62
7
  6
CONTINUOUS
 70
0
 71
3
 72
14
 73
10
 74
0
 42
0.0000001
 43
0.0000001
 44
0.0000000001
 40
0.0
 40
0.0
 40
0.0
 40
0.0
 40
0.0531610636
 40
0.127188344
 40
0.2222390953
 40
0.3381127417
 40
0.4743803501
 40
0.6305576049
 40
1.0
 40
1.0
 40
1.0
 40
1.0
 10
214.1445951226
 20
247.0687742403
 30
0.0
 10
214.1488977478
 20
247.0596043448
 30
0.0
 10
214.1566548987
 20
247.0365319867
 30
0.0
 10
214.1667446604
 20
246.9954129955
 30
0.0
 10
214.1769252352
 20
246.9420535741
 30
0.0
 10
214.1871908374
 20
246.8766992994
 30
0.0
 10
214.1975030458
 20
246.7995793464
 30
0.0
 10
214.2121214586
 20
246.6743122835
 30
0.0
 10
214.2217872809
 20
246.5746198722
 30
0.0
 10
214.2281212992
 20
246.5045130134
 30
0.0
  0
SPLINE
  5
B15
100
AcDbEntity
  8
0
100
AcDbSpline
 62
7
  6
CONTINUOUS
 70
0
 71
3
 72
14
 73
10
 74
0
 42
0.0000001
 43
0.0000001
 44
0.0000000001
 40
0.0
 40
0.0
 40
0.0
 40
0.0
 40
0.0531433793
 40
0.1271939877
 40
0.2222603232
 40
0.3381072082
 40
0.4743910982
 40
0.63057453
 40
1.0
 40
1.0
 40
1.0
 40
1.0
 10
215.1445950851
 20
247.0687659879
 30
0.0
 10
215.1488951903
 20
247.0596066164
 30
0.0
 10
215.1566543792
 20
247.0365520257
 30
0.0
 10
215.1667330004
 20
246.9954569505
 30
0.0
 10
215.1769091262
 20
246.9421340827
 30
0.0
 10
215.1871749303
 20
246.8768265594
 30
0.0
 10
215.197479154
 20
246.7997623859
 30
0.0
 10
215.2120916312
 20
246.6745842424
 30
0.0
 10
215.2217549387
 20
246.5749654497
 30
0.0
 10
215.2280850951
 20
246.504911931
 30
0.0
  0
SPLINE
  5
B16
100
AcDbEntity
  8
0
100
AcDbSpline
 62
7
  6
CONTINUOUS
 70
0
 71
3
 72
13
 73
9
 74
0
 42
0.0000001
 43
0.0000001
 44
0.0000000001
 40
0.0
 40
0.0
 40
0.0
 40
0.0
 40
0.0554209292
 40
0.1311158072
 40
0.2271448534
 40
0.3433324088
 40
0.634402397
 40
1.0
 40
1.0
 40
1.0
 40
1.0
 10
216.146184796
 20
247.0652440905
 30
0.0
 10
216.1503453656
 20
247.0556163
 30
0.0
 10
216.1579321728
 20
247.0319027821
 30
0.0
 10
216.1678543074
 20
246.9900771046
 30
0.0
 10
216.1778664957
 20
246.936495269
 30
0.0
 10
216.192420259
 20
246.8423619413
 30
0.0
 10
216.2098701322
 20
246.6971101003
 30
0.0
 10
216.2218955987
 20
246.573417712
 30
0.0
 10
216.228121172
 20
246.5045096745
 30
0.0
  0
SPLINE
  5
B17
100
AcDbEntity
  8
0
100
AcDbSpline
 62
7
  6
CONTINUOUS
 70
0
 71
3
 72
13
 73
9
 74
0
 42
0.0000001
 43
0.0000001
 44
0.0000000001
 40
0.0
 40
0.0
 40
0.0
 40
0.0
 40
0.053667687
 40
0.1280151866
 40
0.2232169626
 40
0.3390726234
 40
0.6313200785
 40
1.0
 40
1.0
 40
1.0
 40
1.0
 10
217.1445951768
 20
247.0687638704
 30
0.0
 10
217.1487828386
 20
247.0598386932
 30
0.0
 10
217.1563670321
 20
247.0374723626
 30
0.0
 10
217.1662379279
 20
246.9976770223
 30
0.0
 10
217.1761976699
 20
246.9461758448
 30
0.0
 10
217.1907362283
 20
246.8548636455
 30
0.0
 10
217.208114294
 20
246.7131918791
 30
0.0
 10
217.2200725467
 20
246.5923678086
 30
0.0
 10
217.226262921
 20
246.5249247153
 30
0.0
  0
SPLINE
  5
B18
100
AcDbEntity
  8
0
100
AcDbSpline
 62
7
  6
CONTINUOUS
 70
0
 71
3
 72
17
 73
13
 74
0
 42
0.0000001
 43
0.0000001
 44
0.0000000001
 40
0.0
 40
0.0
 40
0.0
 40
0.0
 40
0.0264440102
 40
0.0488003544
 40
0.0782786196
 40
0.1151100913
 40
0.159380386
 40
0.2111122177
 40
0.270289072
 40
0.4106631621
 40
0.5797490995
 40
1.0
 40
1.0
 40
1.0
 40
1.0
 10
213.9262629117
 20
247.088313793
 30
0.0
 10
213.9315431626
 20
247.088315114
 30
0.0
 10
213.9394300319
 20
247.0795018455
 30
0.0
 10
213.9460968599
 20
247.06605229
 30
0.0
 10
213.952462686
 20
247.0492664923
 30
0.0
 10
213.9586530149
 20
247.0281446096
 30
0.0
 10
213.9649540553
 20
247.0023440644
 30
0.0
 10
213.9712485531
 20
246.9720094787
 30
0.0
 10
213.9801853194
 20
246.9226284063
 30
0.0
 10
213.9910802389
 20
246.8498185557
 30
0.0
 10
214.009125301
 20
246.7052259458
 30
0.0
 10
214.0205705615
 20
246.5880868958
 30
0.0
 10
214.0281212992
 20
246.5045130134
 30
0.0
  0
SPLINE
  5
B19
100
AcDbEntity
  8
0
100
AcDbSpline
 62
7
  6
CONTINUOUS
 70
0
 71
3
 72
17
 73
13
 74
0
 42
0.0000001
 43
0.0000001
 44
0.0000000001
 40
0.0
 40
0.0
 40
0.0
 40
0.0
 40
0.0264680338
 40
0.0488227213
 40
0.078283421
 40
0.1151042491
 40
0.1593879774
 40
0.2111360695
 40
0.2703054134
 40
0.4106509353
 40
0.579764101
 40
1.0
 40
1.0
 40
1.0
 40
1.0
 10
214.926262909
 20
247.0883241777
 30
0.0
 10
214.9315444567
 20
247.0883267653
 30
0.0
 10
214.9394189113
 20
247.0794987372
 30
0.0
 10
214.9460892597
 20
247.066065085
 30
0.0
 10
214.9524543141
 20
247.0492966947
 30
0.0
 10
214.9586435944
 20
247.0281931906
 30
0.0
 10
214.9649401086
 20
247.0024054846
 30
0.0
 10
214.9712309811
 20
246.9720866893
 30
0.0
 10
214.9801661366
 20
246.9227431093
 30
0.0
 10
214.9910600975
 20
246.849984145
 30
0.0
 10
215.0090917246
 20
246.7054903609
 30
0.0
 10
215.0205384948
 20
246.5884273877
 30
0.0
 10
215.0280850951
 20
246.504911931
 30
0.0
  0
SPLINE
  5
B1A
100
AcDbEntity
  8
0
100
AcDbSpline
 62
7
  6
CONTINUOUS
 70
0
 71
3
 72
17
 73
13
 74
0
 42
0.0000001
 43
0.0000001
 44
0.0000000001
 40
0.0
 40
0.0
 40
0.0
 40
0.0
 40
0.0264507574
 40
0.0487946906
 40
0.0782686786
 40
0.1151077617
 40
0.1593869142
 40
0.211117688
 40
0.2702803292
 40
0.410659932
 40
0.5797499932
 40
1.0
 40
1.0
 40
1.0
 40
1.0
 10
215.9262629483
 20
247.0883154031
 30
0.0
 10
215.9315445713
 20
247.0883113996
 30
0.0
 10
215.9394248879
 20
247.0794994022
 30
0.0
 10
215.9460994286
 20
247.0660544719
 30
0.0
 10
215.95246333
 20
247.0492698426
 30
0.0
 10
215.9586529974
 20
247.0281451339
 30
0.0
 10
215.9649532523
 20
247.0023410961
 30
0.0
 10
215.9712477509
 20
246.9720076892
 30
0.0
 10
215.9801872753
 20
246.9226288327
 30
0.0
 10
215.9910794258
 20
246.8498190628
 30
0.0
 10
216.0091253997
 20
246.7052241431
 30
0.0
 10
216.0205705738
 20
246.5880838095
 30
0.0
 10
216.028121172
 20
246.5045096745
 30
0.0
  0
SPLINE
  5
B1B
100
AcDbEntity
  8
0
100
AcDbSpline
 62
7
  6
CONTINUOUS
 70
0
 71
3
 72
17
 73
13
 74
0
 42
0.0000001
 43
0.0000001
 44
0.0000000001
 40
0.0
 40
0.0
 40
0.0
 40
0.0
 40
0.0267194832
 40
0.0491347057
 40
0.078622134
 40
0.1154308045
 40
0.1596618314
 40
0.2113468646
 40
0.2704554848
 40
0.4106909977
 40
0.5797816067
 40
1.0
 40
1.0
 40
1.0
 40
1.0
 10
216.9262628583
 20
247.0883202476
 30
0.0
 10
216.9314157924
 20
247.0883252408
 30
0.0
 10
216.9391607057
 20
247.0798720435
 30
0.0
 10
216.9457313957
 20
247.066853505
 30
0.0
 10
216.9519820411
 20
247.0506782393
 30
0.0
 10
216.9580622939
 20
247.0303153944
 30
0.0
 10
216.9642482905
 20
247.0054436775
 30
0.0
 10
216.970426119
 20
246.9761962015
 30
0.0
 10
216.9792005222
 20
246.9285784933
 30
0.0
 10
216.98990221
 20
246.8583225407
 30
0.0
 10
217.0076163428
 20
246.7187391259
 30
0.0
 10
217.0188556289
 20
246.6056259241
 30
0.0
 10
217.026262921
 20
246.5249247153
 30
0.0
  0
SPLINE
  5
B1C
100
AcDbEntity
  8
0
100
AcDbSpline
 62
7
  6
CONTINUOUS
 70
0
 71
3
 72
14
 73
10
 74
0
 42
0.0000001
 43
0.0000001
 44
0.0000000001
 40
0.0
 40
0.0
 40
0.0
 40
0.0
 40
0.0530881237
 40
0.1271085314
 40
0.2221369415
 40
0.3379903353
 40
0.4742959319
 40
0.6304877968
 40
1.0
 40
1.0
 40
1.0
 40
1.0
 10
218.1445948267
 20
247.0687713686
 30
0.0
 10
218.1489105992
 20
247.0595823517
 30
0.0
 10
218.156687859
 20
247.0364385573
 30
0.0
 10
218.1667917822
 20
246.9951849406
 30
0.0
 10
218.1769980955
 20
246.9416389761
 30
0.0
 10
218.1872886218
 20
246.8760458657
 30
0.0
 10
218.1976195091
 20
246.7986366483
 30
0.0
 10
218.2122740334
 20
246.6728884198
 30
0.0
 10
218.2219601775
 20
246.5728157099
 30
0.0
 10
218.2283079326
 20
246.5024395977
 30
0.0
  0
SPLINE
  5
B1D
100
AcDbEntity
  8
0
100
AcDbSpline
 62
7
  6
CONTINUOUS
 70
0
 71
3
 72
16
 73
12
 74
0
 42
0.0000001
 43
0.0000001
 44
0.0000000001
 40
0.0
 40
0.0
 40
0.0
 40
0.0
 40
0.0194959363
 40
0.0450035683
 40
0.1142607044
 40
0.2076102035
 40
0.3243022368
 40
0.4633018243
 40
0.6232961584
 40
0.802772273
 40
1.0
 40
1.0
 40
1.0
 40
1.0
 10
219.1445948938
 20
247.0687739467
 30
0.0
 10
219.1476746403
 20
247.0622101636
 30
0.0
 10
219.1534613512
 20
247.046453575
 30
0.0
 10
219.1648547912
 20
247.0055044563
 30
0.0
 10
219.178182701
 20
246.936738569
 30
0.0
 10
219.1934040724
 20
246.833994282
 30
0.0
 10
219.208730793
 20
246.7050765185
 30
0.0
 10
219.224179431
 20
246.5512576471
 30
0.0
 10
219.2396810637
 20
246.3739903115
 30
0.0
 10
219.2552228294
 20
246.1750008457
 30
0.0
 10
219.2651664947
 20
246.0352599349
 30
0.0
 10
219.2701889982
 20
245.9620846563
 30
0.0
  0
SPLINE
  5
B1E
100
AcDbEntity
  8
0
100
AcDbSpline
 62
7
  6
CONTINUOUS
 70
0
 71
3
 72
16
 73
12
 74
0
 42
0.0000001
 43
0.0000001
 44
0.0000000001
 40
0.0
 40
0.0
 40
0.0
 40
0.0
 40
0.0194446204
 40
0.0449209158
 40
0.1141565399
 40
0.2074921508
 40
0.3242151591
 40
0.4632394083
 40
0.6232772798
 40
0.8027697255
 40
1.0
 40
1.0
 40
1.0
 40
1.0
 10
220.1445948481
 20
247.0687667261
 30
0.0
 10
220.147689268
 20
247.0621760162
 30
0.0
 10
220.1535040739
 20
247.0463394959
 30
0.0
 10
220.1649442364
 20
247.0051405877
 30
0.0
 10
220.178322678
 20
246.9359198517
 30
0.0
 10
220.1936123191
 20
246.8324659222
 30
0.0
 10
220.2089967718
 20
246.7026408094
 30
0.0
 10
220.2245133989
 20
246.5477238256
 30
0.0
 10
220.2400761188
 20
246.3692025507
 30
0.0
 10
220.255684958
 20
246.1688191104
 30
0.0
 10
220.2656691286
 20
246.0281088306
 30
0.0
 10
220.2707136053
 20
245.9544288718
 30
0.0
  0
SPLINE
  5
B1F
100
AcDbEntity
  8
0
100
AcDbSpline
 62
7
  6
CONTINUOUS
 70
0
 71
3
 72
17
 73
13
 74
0
 42
0.0000001
 43
0.0000001
 44
0.0000000001
 40
0.0
 40
0.0
 40
0.0
 40
0.0
 40
0.0264392164
 40
0.0487791929
 40
0.0782386553
 40
0.1150758472
 40
0.1593658233
 40
0.211108929
 40
0.270274008
 40
0.4106489861
 40
0.5797624495
 40
1.0
 40
1.0
 40
1.0
 40
1.0
 10
217.9262629526
 20
247.088321272
 30
0.0
 10
217.9315578668
 20
247.0883157245
 30
0.0
 10
217.9394450938
 20
247.079461653
 30
0.0
 10
217.9461294628
 20
247.0659823993
 30
0.0
 10
217.9525060612
 20
247.049149106
 30
0.0
 10
217.9587043102
 20
247.0279606952
 30
0.0
 10
217.9650136165
 20
247.0020735806
 30
0.0
 10
217.9713172673
 20
246.9716434404
 30
0.0
 10
217.9802712164
 20
246.9221144771
 30
0.0
 10
217.9911820837
 20
246.8490833246
 30
0.0
 10
218.0092518264
 20
246.7040562652
 30
0.0
 10
218.0207181199
 20
246.5865665386
 30
0.0
 10
218.0282802003
 20
246.5027470232
 30
0.0
  0
SPLINE
  5
B20
100
AcDbEntity
  8
0
100
AcDbSpline
 62
7
  6
CONTINUOUS
 70
0
 71
3
 72
20
 73
16
 74
0
 42
0.0000001
 43
0.0000001
 44
0.0000000001
 40
0.0
 40
0.0
 40
0.0
 40
0.0
 40
0.0089333217
 40
0.0154228989
 40
0.0236349668
 40
0.0456240638
 40
0.0753123075
 40
0.1127880915
 40
0.1580343098
 40
0.210940563
 40
0.2713658746
 40
0.4141110672
 40
0.5845623783
 40
0.7806726888
 40
1.0
 40
1.0
 40
1.0
 40
1.0
 10
218.9262629067
 20
247.0883140429
 30
0.0
 10
218.9296053129
 20
247.0883153415
 30
0.0
 10
218.935012954
 20
247.0845972305
 30
0.0
 10
218.9400952858
 20
247.0775160556
 30
0.0
 10
218.9466523287
 20
247.065347851
 30
0.0
 10
218.9542242367
 20
247.0442141943
 30
0.0
 10
218.9629037699
 20
247.0119847185
 30
0.0
 10
218.9716070663
 20
246.9708224177
 30
0.0
 10
218.9803816768
 20
246.920835164
 30
0.0
 10
218.9891853104
 20
246.8621552622
 30
0.0
 10
219.0016602634
 20
246.7671557843
 30
0.0
 10
219.0168514158
 20
246.6281789423
 30
0.0
 10
219.0343566262
 20
246.4384229577
 30
0.0
 10
219.051919023
 20
246.2199129816
 30
0.0
 10
219.0630879513
 20
246.0648772891
 30
0.0
 10
219.0687475121
 20
245.9830112676
 30
0.0
  0
SPLINE
  5
B21
100
AcDbEntity
  8
0
100
AcDbSpline
 62
7
  6
CONTINUOUS
 70
0
 71
3
 72
20
 73
16
 74
0
 42
0.0000001
 43
0.0000001
 44
0.0000000001
 40
0.0
 40
0.0
 40
0.0
 40
0.0
 40
0.0088630494
 40
0.0153382916
 40
0.0235404291
 40
0.0455247995
 40
0.0752476733
 40
0.1127854828
 40
0.1580841811
 40
0.2110513135
 40
0.2715596997
 40
0.4144149499
 40
0.5849303564
 40
0.7809450356
 40
1.0
 40
1.0
 40
1.0
 40
1.0
 10
219.9262629149
 20
247.0883244755
 30
0.0
 10
219.9296636495
 20
247.0883253785
 30
0.0
 10
219.9351522802
 20
247.0844650515
 30
0.0
 10
219.9402864996
 20
247.0772021235
 30
0.0
 10
219.9469389186
 20
247.0646946408
 30
0.0
 10
219.9546154649
 20
247.0429859204
 30
0.0
 10
219.9634113082
 20
247.0098683637
 30
0.0
 10
219.9722297935
 20
246.9675757328
 30
0.0
 10
219.981128867
 20
246.9162272781
 30
0.0
 10
219.990054774
 20
246.8559586452
 30
0.0
 10
220.002694961
 20
246.7584168058
 30
0.0
 10
220.018099483
 20
246.6157758108
 30
0.0
 10
220.0358391852
 20
246.4211280057
 30
0.0
 10
220.0536472643
 20
246.1971430553
 30
0.0
 10
220.0649725207
 20
246.038283532
 30
0.0
 10
220.0707136053
 20
245.9544288718
 30
0.0
  0
SPLINE
  5
B22
100
AcDbEntity
  8
0
100
AcDbSpline
 62
7
  6
CONTINUOUS
 70
0
 71
3
 72
13
 73
9
 74
0
 42
0.0000001
 43
0.0000001
 44
0.0000000001
 40
0.0
 40
0.0
 40
0.0
 40
0.0
 40
0.0987658871
 40
0.1816235549
 40
0.2907688432
 40
0.427052876
 40
0.5907137372
 40
1.0
 40
1.0
 40
1.0
 40
1.0
 10
220.9262628555
 20
247.0883243144
 30
0.0
 10
220.9314145754
 20
247.0883237814
 30
0.0
 10
220.9391591847
 20
247.0798833359
 30
0.0
 10
220.9457366362
 20
247.0668598949
 30
0.0
 10
220.9519854997
 20
247.050667994
 30
0.0
 10
220.9580683685
 20
247.0302812289
 30
0.0
 10
220.9669946001
 20
246.9943348383
 30
0.0
 10
220.9725912128
 20
246.9649719412
 30
0.0
 10
220.976262921
 20
246.943941305
 30
0.0
  0
SPLINE
  5
B23
100
AcDbEntity
  8
0
100
AcDbSpline
 62
7
  6
CONTINUOUS
 70
0
 71
3
 72
10
 73
6
 74
0
 42
0.0000001
 43
0.0000001
 44
0.0000000001
 40
0.0
 40
0.0
 40
0.0
 40
0.0
 40
0.3051600325
 40
0.5989263102
 40
1.0
 40
1.0
 40
1.0
 40
1.0
 10
220.6545048085
 20
246.5055392319
 30
0.0
 10
220.6605303544
 20
246.505526103
 30
0.0
 10
220.6676777497
 20
246.4914785829
 30
0.0
 10
220.6717031423
 20
246.4736812231
 30
0.0
 10
220.6737985221
 20
246.4596740468
 30
0.0
 10
220.6746815479
 20
246.4518039996
 30
0.0
  0
SPLINE
  5
B24
100
AcDbEntity
  8
0
100
AcDbSpline
 62
7
  6
CONTINUOUS
 70
0
 71
3
 72
10
 73
6
 74
0
 42
0.0000001
 43
0.0000001
 44
0.0000000001
 40
0.0
 40
0.0
 40
0.0
 40
0.0
 40
0.3057061229
 40
0.5995813387
 40
1.0
 40
1.0
 40
1.0
 40
1.0
 10
219.6554785551
 20
246.5076273751
 30
0.0
 10
219.6617292931
 20
246.5076164136
 30
0.0
 10
219.6691648348
 20
246.4930967306
 30
0.0
 10
219.6735069682
 20
246.4747044891
 30
0.0
 10
219.675802899
 20
246.4602323873
 30
0.0
 10
219.6767956058
 20
246.4521054655
 30
0.0
  0
SPLINE
  5
B25
100
AcDbEntity
  8
0
100
AcDbSpline
 62
7
  6
CONTINUOUS
 70
0
 71
3
 72
10
 73
6
 74
0
 42
0.0000001
 43
0.0000001
 44
0.0000000001
 40
0.0
 40
0.0
 40
0.0
 40
0.0
 40
0.3062930897
 40
0.6002534139
 40
1.0
 40
1.0
 40
1.0
 40
1.0
 10
218.656454055
 20
246.5097195161
 30
0.0
 10
218.6629328659
 20
246.50970512
 30
0.0
 10
218.6706513715
 20
246.4947116604
 30
0.0
 10
218.6753277473
 20
246.4757250504
 30
0.0
 10
218.6778327569
 20
246.4607896055
 30
0.0
 10
218.6789407418
 20
246.4524069222
 30
0.0
  0
SPLINE
  5
B26
100
AcDbEntity
  8
0
100
AcDbSpline
 62
7
  6
CONTINUOUS
 70
0
 71
3
 72
14
 73
10
 74
0
 42
0.0000001
 43
0.0000001
 44
0.0000000001
 40
0.0
 40
0.0
 40
0.0
 40
0.0
 40
0.0531707926
 40
0.1272130487
 40
0.2222552286
 40
0.3381295546
 40
0.4744022074
 40
0.6305635773
 40
1.0
 40
1.0
 40
1.0
 40
1.0
 10
207.1445954591
 20
247.0687759075
 30
0.0
 10
207.1488974538
 20
247.0596107223
 30
0.0
 10
207.1566499966
 20
247.0365477473
 30
0.0
 10
207.1667345046
 20
246.995452036
 30
0.0
 10
207.1769136532
 20
246.9421257716
 30
0.0
 10
207.1871743113
 20
246.8768134588
 30
0.0
 10
207.1974814887
 20
246.7997442785
 30
0.0
 10
207.212096259
 20
246.6745600461
 30
0.0
 10
207.2217568372
 20
246.574934713
 30
0.0
 10
207.228088474
 20
246.5048733314
 30
0.0
  0
SPLINE
  5
B27
100
AcDbEntity
  8
0
100
AcDbSpline
 62
7
  6
CONTINUOUS
 70
0
 71
3
 72
14
 73
10
 74
0
 42
0.0000001
 43
0.0000001
 44
0.0000000001
 40
0.0
 40
0.0
 40
0.0
 40
0.0
 40
0.0531428206
 40
0.1271940954
 40
0.2222593066
 40
0.3381059982
 40
0.4743911464
 40
0.6305733749
 40
1.0
 40
1.0
 40
1.0
 40
1.0
 10
208.1445954451
 20
247.0687654589
 30
0.0
 10
208.1488957869
 20
247.0596055858
 30
0.0
 10
208.15665526
 20
247.0365493755
 30
0.0
 10
208.1667340092
 20
246.9954516981
 30
0.0
 10
208.1769107455
 20
246.9421254655
 30
0.0
 10
208.1871768843
 20
246.8768136306
 30
0.0
 10
208.197481305
 20
246.7997443884
 30
0.0
 10
208.2120946005
 20
246.6745578203
 30
0.0
 10
208.2217580428
 20
246.5749324795
 30
0.0
 10
208.2280884702
 20
246.5048741509
 30
0.0
  0
SPLINE
  5
B28
100
AcDbEntity
  8
0
100
AcDbSpline
 62
7
  6
CONTINUOUS
 70
0
 71
3
 72
10
 73
6
 74
0
 42
0.0000001
 43
0.0000001
 44
0.0000000001
 40
0.0
 40
0.0
 40
0.0
 40
0.0
 40
0.1862833364
 40
0.5257569611
 40
1.0
 40
1.0
 40
1.0
 40
1.0
 10
215.6594153009
 20
246.5160680124
 30
0.0
 10
215.6606747336
 20
246.5160652985
 30
0.0
 10
215.664258809
 20
246.5151284947
 30
0.0
 10
215.6691864466
 20
246.5101199996
 30
0.0
 10
215.6717693155
 20
246.505252653
 30
0.0
 10
215.6730917877
 20
246.5023318025
 30
0.0
  0
SPLINE
  5
B29
100
AcDbEntity
  8
0
100
AcDbSpline
 62
7
  6
CONTINUOUS
 70
0
 71
3
 72
9
 73
5
 74
0
 42
0.0000001
 43
0.0000001
 44
0.0000000001
 40
0.0
 40
0.0
 40
0.0
 40
0.0
 40
0.2287470296
 40
1.0
 40
1.0
 40
1.0
 40
1.0
 10
206.7070455182
 20
246.4560236875
 30
0.0
 10
206.7079664657
 20
246.4522383448
 30
0.0
 10
206.7118554991
 20
246.4356568363
 30
0.0
 10
206.7152673707
 20
246.4189661727
 30
0.0
 10
206.7177348774
 20
246.4060649083
 30
0.0
  0
SPLINE
  5
B2A
100
AcDbEntity
  8
0
100
AcDbSpline
 62
7
  6
CONTINUOUS
 70
0
 71
3
 72
14
 73
10
 74
0
 42
0.0000001
 43
0.0000001
 44
0.0000000001
 40
0.0
 40
0.0
 40
0.0
 40
0.0
 40
0.0531684835
 40
0.1272033531
 40
0.2222520307
 40
0.3381280042
 40
0.4743968824
 40
0.6305649439
 40
1.0
 40
1.0
 40
1.0
 40
1.0
 10
209.1445954744
 20
247.0687748466
 30
0.0
 10
209.1488972186
 20
247.0596076983
 30
0.0
 10
209.1566517055
 20
247.0365421896
 30
0.0
 10
209.1667384669
 20
246.9954384027
 30
0.0
 10
209.1769174822
 20
246.9421004824
 30
0.0
 10
209.1871798861
 20
246.8767736602
 30
0.0
 10
209.1974891059
 20
246.799687517
 30
0.0
 10
209.2121045005
 20
246.674476608
 30
0.0
 10
209.2217671967
 20
246.5748295115
 30
0.0
 10
209.2280995319
 20
246.5047537303
 30
0.0
  0
SPLINE
  5
B2B
100
AcDbEntity
  8
0
100
AcDbSpline
 62
7
  6
CONTINUOUS
 70
0
 71
3
 72
10
 73
6
 74
0
 42
0.0000001
 43
0.0000001
 44
0.0000000001
 40
0.0
 40
0.0
 40
0.0
 40
0.0
 40
0.1808872079
 40
0.5185237746
 40
1.0
 40
1.0
 40
1.0
 40
1.0
 10
213.6613368288
 20
246.5201909395
 30
0.0
 10
213.6627487241
 20
246.5201879847
 30
0.0
 10
213.6668267758
 20
246.5190752045
 30
0.0
 10
213.6723859074
 20
246.5131548995
 30
0.0
 10
213.6752817548
 20
246.5074540993
 30
0.0
 10
213.6767905088
 20
246.5040121356
 30
0.0
  0
SPLINE
  5
B2C
100
AcDbEntity
  8
0
100
AcDbSpline
 62
7
  6
CONTINUOUS
 70
0
 71
3
 72
10
 73
6
 74
0
 42
0.0000001
 43
0.0000001
 44
0.0000000001
 40
0.0
 40
0.0
 40
0.0
 40
0.0
 40
0.3766177278
 40
0.6507154501
 40
1.0
 40
1.0
 40
1.0
 40
1.0
 10
212.6623268952
 20
246.5223119459
 30
0.0
 10
212.6657792106
 20
246.522304449
 30
0.0
 10
212.6713058639
 20
246.5182054594
 30
0.0
 10
212.6761173883
 20
246.5105799702
 30
0.0
 10
212.6785400769
 20
246.5053387421
 30
0.0
 10
212.6797333254
 20
246.5023676333
 30
0.0
  0
SPLINE
  5
B2D
100
AcDbEntity
  8
0
100
AcDbSpline
 62
7
  6
CONTINUOUS
 70
0
 71
3
 72
10
 73
6
 74
0
 42
0.0000001
 43
0.0000001
 44
0.0000000001
 40
0.0
 40
0.0
 40
0.0
 40
0.0
 40
0.3720600644
 40
0.6473525852
 40
1.0
 40
1.0
 40
1.0
 40
1.0
 10
211.6632974267
 20
246.5243932571
 30
0.0
 10
211.6670085095
 20
246.524385185
 30
0.0
 10
211.6729192467
 20
246.5197920542
 30
0.0
 10
211.6780464675
 20
246.5114543643
 30
0.0
 10
211.6806512168
 20
246.5056812479
 30
0.0
 10
211.6819377682
 20
246.5024075162
 30
0.0
  0
SPLINE
  5
B2E
100
AcDbEntity
  8
0
100
AcDbSpline
 62
7
  6
CONTINUOUS
 70
0
 71
3
 72
10
 73
6
 74
0
 42
0.0000001
 43
0.0000001
 44
0.0000000001
 40
0.0
 40
0.0
 40
0.0
 40
0.0
 40
0.3679269247
 40
0.6443240517
 40
1.0
 40
1.0
 40
1.0
 40
1.0
 10
210.6642679582
 20
246.5264745685
 30
0.0
 10
210.6682428927
 20
246.5264659121
 30
0.0
 10
210.6745399366
 20
246.521360504
 30
0.0
 10
210.6799947681
 20
246.5122979454
 30
0.0
 10
210.6827894679
 20
246.5059780935
 30
0.0
 10
210.6841747148
 20
246.5023938807
 30
0.0
  0
SPLINE
  5
B2F
100
AcDbEntity
  8
0
100
AcDbSpline
 62
7
  6
CONTINUOUS
 70
0
 71
3
 72
11
 73
7
 74
0
 42
0.0000001
 43
0.0000001
 44
0.0000000001
 40
0.0
 40
0.0
 40
0.0
 40
0.0
 40
0.1644230637
 40
0.3712619212
 40
0.6460779382
 40
1.0
 40
1.0
 40
1.0
 40
1.0
 10
209.6652384572
 20
246.528555825
 30
0.0
 10
209.6671300197
 20
246.5285519205
 30
0.0
 10
209.67141055
 20
246.5271142751
 30
0.0
 10
209.6767425179
 20
246.5217484095
 30
0.0
 10
209.6818004505
 20
246.5135306324
 30
0.0
 10
209.6846844267
 20
246.5068751316
 30
0.0
 10
209.6861587225
 20
246.5030798073
 30
0.0
  0
SPLINE
  5
B30
100
AcDbEntity
  8
0
100
AcDbSpline
 62
7
  6
CONTINUOUS
 70
0
 71
3
 72
10
 73
6
 74
0
 42
0.0000001
 43
0.0000001
 44
0.0000000001
 40
0.0
 40
0.0
 40
0.0
 40
0.0
 40
0.3621676868
 40
0.64051597
 40
1.0
 40
1.0
 40
1.0
 40
1.0
 10
208.6662090122
 20
246.5306371823
 30
0.0
 10
208.6706398564
 20
246.5306281344
 30
0.0
 10
208.6776634027
 20
246.5247382782
 30
0.0
 10
208.6836805936
 20
246.5144080809
 30
0.0
 10
208.6868530982
 20
246.5071751878
 30
0.0
 10
208.6884354981
 20
246.5030717017
 30
0.0
  0
SPLINE
  5
B31
100
AcDbEntity
  8
0
100
AcDbSpline
 62
7
  6
CONTINUOUS
 70
0
 71
3
 72
10
 73
6
 74
0
 42
0.0000001
 43
0.0000001
 44
0.0000000001
 40
0.0
 40
0.0
 40
0.0
 40
0.0
 40
0.3578993309
 40
0.6371395594
 40
1.0
 40
1.0
 40
1.0
 40
1.0
 10
207.6671795528
 20
246.5327185031
 30
0.0
 10
207.6719659509
 20
246.5327080922
 30
0.0
 10
207.6794233384
 20
246.5259935043
 30
0.0
 10
207.6859310006
 20
246.5147248756
 30
0.0
 10
207.689347586
 20
246.5067161399
 30
0.0
 10
207.6910620837
 20
246.5021763434
 30
0.0
  0
SPLINE
  5
B32
100
AcDbEntity
  8
0
100
AcDbSpline
 62
7
  6
CONTINUOUS
 70
0
 71
3
 72
12
 73
8
 74
0
 42
0.0000001
 43
0.0000001
 44
0.0000000001
 40
0.0
 40
0.0
 40
0.0
 40
0.0
 40
0.1222804918
 40
0.2090068512
 40
0.3179300052
 40
0.609137385
 40
1.0
 40
1.0
 40
1.0
 40
1.0
 10
206.6681500844
 20
246.5347998151
 30
0.0
 10
206.6718594578
 20
246.5347917793
 30
0.0
 10
206.6778207176
 20
246.5307998494
 30
0.0
 10
206.6835278335
 20
246.5231851935
 30
0.0
 10
206.6907345211
 20
246.5101742486
 30
0.0
 10
206.6988207859
 20
246.4875219395
 30
0.0
 10
206.7042425965
 20
246.4675444515
 30
0.0
 10
206.7070455182
 20
246.4560236875
 30
0.0
  0
SPLINE
  5
B33
100
AcDbEntity
  8
0
100
AcDbSpline
 62
7
  6
CONTINUOUS
 70
0
 71
3
 72
17
 73
13
 74
0
 42
0.0000001
 43
0.0000001
 44
0.0000000001
 40
0.0
 40
0.0
 40
0.0
 40
0.0
 40
0.0264567119
 40
0.0488032802
 40
0.0782614503
 40
0.1150910284
 40
0.1593799373
 40
0.2111250236
 40
0.2702902347
 40
0.4106498378
 40
0.5797632353
 40
1.0
 40
1.0
 40
1.0
 40
1.0
 10
206.9262629352
 20
247.0883239853
 30
0.0
 10
206.931550898
 20
247.0883209552
 30
0.0
 10
206.9394299175
 20
247.0794820168
 30
0.0
 10
206.9461076313
 20
247.0660279319
 30
0.0
 10
206.9524780874
 20
247.0492307987
 30
0.0
 10
206.9586711181
 20
247.0280882739
 30
0.0
 10
206.9649731512
 20
247.0022548564
 30
0.0
 10
206.9712700066
 20
246.9718857318
 30
0.0
 10
206.9802139991
 20
246.9224586069
 30
0.0
 10
206.9911152201
 20
246.8495764416
 30
0.0
 10
207.0091643221
 20
246.7048407106
 30
0.0
 10
207.0206197712
 20
246.5875841752
 30
0.0
 10
207.0281734498
 20
246.5039308354
 30
0.0
  0
SPLINE
  5
B34
100
AcDbEntity
  8
0
100
AcDbSpline
 62
7
  6
CONTINUOUS
 70
0
 71
3
 72
10
 73
6
 74
0
 42
0.0000001
 43
0.0000001
 44
0.0000000001
 40
0.0
 40
0.0
 40
0.0
 40
0.0
 40
0.3499335117
 40
0.6253908497
 40
1.0
 40
1.0
 40
1.0
 40
1.0
 10
207.407930309
 20
205.0078771887
 30
0.0
 10
207.4093039301
 20
205.0049495133
 30
0.0
 10
207.4120258461
 20
204.9997857622
 30
0.0
 10
207.4172130807
 20
204.992322953
 30
0.0
 10
207.4228009977
 20
204.9883328944
 30
0.0
 10
207.426262938
 20
204.9883345171
 30
0.0
  0
SPLINE
  5
B35
100
AcDbEntity
  8
0
100
AcDbSpline
 62
7
  6
CONTINUOUS
 70
0
 71
3
 72
10
 73
6
 74
0
 42
0.0000001
 43
0.0000001
 44
0.0000000001
 40
0.0
 40
0.0
 40
0.0
 40
0.0
 40
0.3497791473
 40
0.6253262192
 40
1.0
 40
1.0
 40
1.0
 40
1.0
 10
208.4079303388
 20
205.0078838076
 30
0.0
 10
208.4093042774
 20
205.0049567835
 30
0.0
 10
208.4120279162
 20
204.9997922504
 30
0.0
 10
208.417212762
 20
204.9923270155
 30
0.0
 10
208.4227993664
 20
204.9883232896
 30
0.0
 10
208.4262629441
 20
204.9883262287
 30
0.0
  0
SPLINE
  5
B36
100
AcDbEntity
  8
0
100
AcDbSpline
 62
7
  6
CONTINUOUS
 70
0
 71
3
 72
10
 73
6
 74
0
 42
0.0000001
 43
0.0000001
 44
0.0000000001
 40
0.0
 40
0.0
 40
0.0
 40
0.0
 40
0.3748564873
 40
0.6503240436
 40
1.0
 40
1.0
 40
1.0
 40
1.0
 10
206.6262629503
 20
204.9883273593
 30
0.0
 10
206.6297273644
 20
204.9883308212
 30
0.0
 10
206.6353096135
 20
204.9923321001
 30
0.0
 10
206.6404984337
 20
204.9997931818
 30
0.0
 10
206.6432216342
 20
205.0049542156
 30
0.0
 10
206.6445954209
 20
205.0078793791
 30
0.0
  0
SPLINE
  5
B37
100
AcDbEntity
  8
0
100
AcDbSpline
 62
7
  6
CONTINUOUS
 70
0
 71
3
 72
10
 73
6
 74
0
 42
0.0000001
 43
0.0000001
 44
0.0000000001
 40
0.0
 40
0.0
 40
0.0
 40
0.0
 40
0.3745585526
 40
0.6500830143
 40
1.0
 40
1.0
 40
1.0
 40
1.0
 10
207.6262628896
 20
204.9883325677
 30
0.0
 10
207.6297248627
 20
204.9883294441
 30
0.0
 10
207.6353143656
 20
204.9923218157
 30
0.0
 10
207.6404989148
 20
204.9997875687
 30
0.0
 10
207.6432217018
 20
205.0049523296
 30
0.0
 10
207.6445954894
 20
205.0078802756
 30
0.0
  0
SPLINE
  5
B38
100
AcDbEntity
  8
0
100
AcDbSpline
 62
7
  6
CONTINUOUS
 70
0
 71
3
 72
10
 73
6
 74
0
 42
0.0000001
 43
0.0000001
 44
0.0000000001
 40
0.0
 40
0.0
 40
0.0
 40
0.0
 40
0.3748626406
 40
0.6503110233
 40
1.0
 40
1.0
 40
1.0
 40
1.0
 10
208.6262629557
 20
204.9883297858
 30
0.0
 10
208.6297270217
 20
204.9883335181
 30
0.0
 10
208.6353093521
 20
204.9923318969
 30
0.0
 10
208.6404987339
 20
204.9997917817
 30
0.0
 10
208.6432217363
 20
205.004952013
 30
0.0
 10
208.6445954233
 20
205.0078769391
 30
0.0
  0
SPLINE
  5
B39
100
AcDbEntity
  8
0
100
AcDbSpline
 62
7
  6
CONTINUOUS
 70
0
 71
3
 72
10
 73
6
 74
0
 42
0.0000001
 43
0.0000001
 44
0.0000000001
 40
0.0
 40
0.0
 40
0.0
 40
0.0
 40
0.3497085298
 40
0.6251448402
 40
1.0
 40
1.0
 40
1.0
 40
1.0
 10
209.4079305415
 20
205.0078750992
 30
0.0
 10
209.4093041358
 20
205.0049502335
 30
0.0
 10
209.4120269633
 20
204.9997904308
 30
0.0
 10
209.4172165628
 20
204.9923313404
 30
0.0
 10
209.4227991838
 20
204.9883351636
 30
0.0
 10
209.4262628864
 20
204.9883316572
 30
0.0
  0
SPLINE
  5
B3A
100
AcDbEntity
  8
0
100
AcDbSpline
 62
7
  6
CONTINUOUS
 70
0
 71
3
 72
10
 73
6
 74
0
 42
0.0000001
 43
0.0000001
 44
0.0000000001
 40
0.0
 40
0.0
 40
0.0
 40
0.0
 40
0.3497920112
 40
0.6253439123
 40
1.0
 40
1.0
 40
1.0
 40
1.0
 10
210.4079305077
 20
205.0078837446
 30
0.0
 10
210.4093044352
 20
205.0049566086
 30
0.0
 10
210.4120280535
 20
204.9997919526
 30
0.0
 10
210.4172125368
 20
204.9923264509
 30
0.0
 10
210.4227995577
 20
204.988323475
 30
0.0
 10
210.4262629477
 20
204.9883267218
 30
0.0
  0
SPLINE
  5
B3B
100
AcDbEntity
  8
0
100
AcDbSpline
 62
7
  6
CONTINUOUS
 70
0
 71
3
 72
10
 73
6
 74
0
 42
0.0000001
 43
0.0000001
 44
0.0000000001
 40
0.0
 40
0.0
 40
0.0
 40
0.0
 40
0.3498595517
 40
0.6252750519
 40
1.0
 40
1.0
 40
1.0
 40
1.0
 10
211.4079305
 20
205.0078735439
 30
0.0
 10
211.4093038381
 20
205.0049471526
 30
0.0
 10
211.4120258882
 20
204.9997858629
 30
0.0
 10
211.4172151544
 20
204.992326403
 30
0.0
 10
211.4228005453
 20
204.9883360759
 30
0.0
 10
211.4262629143
 20
204.9883354548
 30
0.0
  0
SPLINE
  5
B3C
100
AcDbEntity
  8
0
100
AcDbSpline
 62
7
  6
CONTINUOUS
 70
0
 71
3
 72
10
 73
6
 74
0
 42
0.0000001
 43
0.0000001
 44
0.0000000001
 40
0.0
 40
0.0
 40
0.0
 40
0.0
 40
0.3496838956
 40
0.6251772968
 40
1.0
 40
1.0
 40
1.0
 40
1.0
 10
212.4079305434
 20
205.0078817844
 30
0.0
 10
212.4093044103
 20
205.0049561354
 30
0.0
 10
212.4120277941
 20
204.9997939133
 30
0.0
 10
212.4172155714
 20
204.9923314221
 30
0.0
 10
212.4227983743
 20
204.9883272317
 30
0.0
 10
212.4262629062
 20
204.9883251969
 30
0.0
  0
SPLINE
  5
B3D
100
AcDbEntity
  8
0
100
AcDbSpline
 62
7
  6
CONTINUOUS
 70
0
 71
3
 72
10
 73
6
 74
0
 42
0.0000001
 43
0.0000001
 44
0.0000000001
 40
0.0
 40
0.0
 40
0.0
 40
0.0
 40
0.3745578912
 40
0.6500996469
 40
1.0
 40
1.0
 40
1.0
 40
1.0
 10
209.6262628864
 20
204.9883316572
 30
0.0
 10
209.6297249639
 20
204.9883281524
 30
0.0
 10
209.6353145351
 20
204.9923219912
 30
0.0
 10
209.6404984448
 20
204.9997882318
 30
0.0
 10
209.6432214974
 20
205.0049531054
 30
0.0
 10
209.6445953165
 20
205.0078809812
 30
0.0
  0
SPLINE
  5
B3E
100
AcDbEntity
  8
0
100
AcDbSpline
 62
7
  6
CONTINUOUS
 70
0
 71
3
 72
10
 73
6
 74
0
 42
0.0000001
 43
0.0000001
 44
0.0000000001
 40
0.0
 40
0.0
 40
0.0
 40
0.0
 40
0.3748521001
 40
0.6503260838
 40
1.0
 40
1.0
 40
1.0
 40
1.0
 10
210.6262629477
 20
204.9883267218
 30
0.0
 10
210.6297274077
 20
204.9883299697
 30
0.0
 10
210.6353096532
 20
204.9923320664
 30
0.0
 10
210.6404982102
 20
204.9997934392
 30
0.0
 10
210.6432214466
 20
205.0049546902
 30
0.0
 10
210.6445952501
 20
205.0078799139
 30
0.0
  0
SPLINE
  5
B3F
100
AcDbEntity
  8
0
100
AcDbSpline
 62
7
  6
CONTINUOUS
 70
0
 71
3
 72
10
 73
6
 74
0
 42
0.0000001
 43
0.0000001
 44
0.0000000001
 40
0.0
 40
0.0
 40
0.0
 40
0.0
 40
0.3746609119
 40
0.6500875107
 40
1.0
 40
1.0
 40
1.0
 40
1.0
 10
211.6262629143
 20
204.9883354548
 30
0.0
 10
211.6297249447
 20
204.9883348337
 30
0.0
 10
211.6353115853
 20
204.9923244342
 30
0.0
 10
211.6405001124
 20
204.9997852309
 30
0.0
 10
211.6432218493
 20
205.0049478234
 30
0.0
 10
211.6445953112
 20
205.007874958
 30
0.0
  0
SPLINE
  5
B40
100
AcDbEntity
  8
0
100
AcDbSpline
 62
7
  6
CONTINUOUS
 70
0
 71
3
 72
10
 73
6
 74
0
 42
0.0000001
 43
0.0000001
 44
0.0000000001
 40
0.0
 40
0.0
 40
0.0
 40
0.0
 40
0.3747191734
 40
0.6502543539
 40
1.0
 40
1.0
 40
1.0
 40
1.0
 10
212.6262629062
 20
204.9883251969
 30
0.0
 10
212.6297268544
 20
204.9883231623
 30
0.0
 10
212.6353121799
 20
204.9923286103
 30
0.0
 10
212.6404977599
 20
204.9997929791
 30
0.0
 10
212.6432213521
 20
205.0049570266
 30
0.0
 10
212.6445952781
 20
205.0078836632
 30
0.0
  0
SPLINE
  5
B41
100
AcDbEntity
  8
0
100
AcDbSpline
 62
7
  6
CONTINUOUS
 70
0
 71
3
 72
10
 73
6
 74
0
 42
0.0000001
 43
0.0000001
 44
0.0000000001
 40
0.0
 40
0.0
 40
0.0
 40
0.0
 40
0.3499285158
 40
0.6254332474
 40
1.0
 40
1.0
 40
1.0
 40
1.0
 10
213.4079306725
 20
205.0078787309
 30
0.0
 10
213.4093043909
 20
205.004950886
 30
0.0
 10
213.4120268338
 20
204.9997865052
 30
0.0
 10
213.4172120161
 20
204.9923217418
 30
0.0
 10
213.4228011444
 20
204.9883306503
 30
0.0
 10
213.42626295
 20
204.9883334544
 30
0.0
  0
SPLINE
  5
B42
100
AcDbEntity
  8
0
100
AcDbSpline
 62
7
  6
CONTINUOUS
 70
0
 71
3
 72
10
 73
6
 74
0
 42
0.0000001
 43
0.0000001
 44
0.0000000001
 40
0.0
 40
0.0
 40
0.0
 40
0.0
 40
0.3496962823
 40
0.625137538
 40
1.0
 40
1.0
 40
1.0
 40
1.0
 10
214.4079307383
 20
205.0078754513
 30
0.0
 10
214.4093043602
 20
205.0049506649
 30
0.0
 10
214.4120272365
 20
204.9997908423
 30
0.0
 10
214.4172167046
 20
204.9923316017
 30
0.0
 10
214.4227990589
 20
204.9883345225
 30
0.0
 10
214.4262628855
 20
204.9883308464
 30
0.0
  0
SPLINE
  5
B43
100
AcDbEntity
  8
0
100
AcDbSpline
 62
7
  6
CONTINUOUS
 70
0
 71
3
 72
10
 73
6
 74
0
 42
0.0000001
 43
0.0000001
 44
0.0000000001
 40
0.0
 40
0.0
 40
0.0
 40
0.0
 40
0.3498105647
 40
0.6253663763
 40
1.0
 40
1.0
 40
1.0
 40
1.0
 10
215.407930696
 20
205.0078831347
 30
0.0
 10
215.4093046022
 20
205.0049558834
 30
0.0
 10
215.4120281689
 20
204.9997911773
 30
0.0
 10
215.417212256
 20
204.9923254332
 30
0.0
 10
215.4227998508
 20
204.9883239603
 30
0.0
 10
215.4262629512
 20
204.988327488
 30
0.0
  0
SPLINE
  5
B44
100
AcDbEntity
  8
0
100
AcDbSpline
 62
7
  6
CONTINUOUS
 70
0
 71
3
 72
10
 73
6
 74
0
 42
0.0000001
 43
0.0000001
 44
0.0000000001
 40
0.0
 40
0.0
 40
0.0
 40
0.0
 40
0.3498338219
 40
0.6252488332
 40
1.0
 40
1.0
 40
1.0
 40
1.0
 10
216.4079306991
 20
205.0078727583
 30
0.0
 10
216.4093040061
 20
205.0049467462
 30
0.0
 10
216.41202619
 20
204.9997860436
 30
0.0
 10
216.4172155658
 20
204.992327094
 30
0.0
 10
216.4228004252
 20
204.9883363674
 30
0.0
 10
216.4262629092
 20
204.9883352594
 30
0.0
  0
SPLINE
  5
B45
100
AcDbEntity
  8
0
100
AcDbSpline
 62
7
  6
CONTINUOUS
 70
0
 71
3
 72
10
 73
6
 74
0
 42
0.0000001
 43
0.0000001
 44
0.0000000001
 40
0.0
 40
0.0
 40
0.0
 40
0.0
 40
0.3748296643
 40
0.6502545925
 40
1.0
 40
1.0
 40
1.0
 40
1.0
 10
213.62626295
 20
204.9883334544
 30
0.0
 10
213.629726145
 20
204.9883362596
 30
0.0
 10
213.6353093902
 20
204.9923299377
 30
0.0
 10
213.6404990233
 20
204.9997884088
 30
0.0
 10
213.6432216142
 20
205.0049480568
 30
0.0
 10
213.6445950792
 20
205.0078730787
 30
0.0
  0
SPLINE
  5
B46
100
AcDbEntity
  8
0
100
AcDbSpline
 62
7
  6
CONTINUOUS
 70
0
 71
3
 72
10
 73
6
 74
0
 42
0.0000001
 43
0.0000001
 44
0.0000000001
 40
0.0
 40
0.0
 40
0.0
 40
0.0
 40
0.3745657924
 40
0.65011596
 40
1.0
 40
1.0
 40
1.0
 40
1.0
 10
214.6262628855
 20
204.9883308464
 30
0.0
 10
214.6297250834
 20
204.988327172
 30
0.0
 10
214.6353144517
 20
204.9923223328
 30
0.0
 10
214.6404980909
 20
204.9997886448
 30
0.0
 10
214.6432212897
 20
205.0049534918
 30
0.0
 10
214.6445951232
 20
205.0078812434
 30
0.0
  0
SPLINE
  5
B47
100
AcDbEntity
  8
0
100
AcDbSpline
 62
7
  6
CONTINUOUS
 70
0
 71
3
 72
10
 73
6
 74
0
 42
0.0000001
 43
0.0000001
 44
0.0000000001
 40
0.0
 40
0.0
 40
0.0
 40
0.0
 40
0.3748604309
 40
0.6503268782
 40
1.0
 40
1.0
 40
1.0
 40
1.0
 10
215.6262629512
 20
204.988327488
 30
0.0
 10
215.6297272907
 20
204.9883310169
 30
0.0
 10
215.635309379
 20
204.9923320798
 30
0.0
 10
215.6404981505
 20
204.9997928676
 30
0.0
 10
215.643221298
 20
205.0049536713
 30
0.0
 10
215.6445950587
 20
205.0078787037
 30
0.0
  0
SPLINE
  5
B48
100
AcDbEntity
  8
0
100
AcDbSpline
 62
7
  6
CONTINUOUS
 70
0
 71
3
 72
10
 73
6
 74
0
 42
0.0000001
 43
0.0000001
 44
0.0000000001
 40
0.0
 40
0.0
 40
0.0
 40
0.0
 40
0.3746377468
 40
0.6500744234
 40
1.0
 40
1.0
 40
1.0
 40
1.0
 10
216.6262629092
 20
204.9883352594
 30
0.0
 10
216.6297248004
 20
204.9883341517
 30
0.0
 10
216.6353119211
 20
204.9923236195
 30
0.0
 10
216.6404999113
 20
204.9997850048
 30
0.0
 10
216.6432216136
 20
205.0049479882
 30
0.0
 10
216.6445951242
 20
205.007875311
 30
0.0
  0
SPLINE
  5
B49
100
AcDbEntity
  8
0
100
AcDbSpline
 62
7
  6
CONTINUOUS
 70
0
 71
3
 72
10
 73
6
 74
0
 42
0.0000001
 43
0.0000001
 44
0.0000000001
 40
0.0
 40
0.0
 40
0.0
 40
0.0
 40
0.3496898386
 40
0.6251907142
 40
1.0
 40
1.0
 40
1.0
 40
1.0
 10
217.4079309702
 20
205.007881453
 30
0.0
 10
217.4093048251
 20
205.0049557491
 30
0.0
 10
217.4120281987
 20
204.9997933647
 30
0.0
 10
217.4172155068
 20
204.9923307931
 30
0.0
 10
217.4227985147
 20
204.9883261414
 30
0.0
 10
217.4262629119
 20
204.9883248154
 30
0.0
  0
SPLINE
  5
B4A
100
AcDbEntity
  8
0
100
AcDbSpline
 62
7
  6
CONTINUOUS
 70
0
 71
3
 72
10
 73
6
 74
0
 42
0.0000001
 43
0.0000001
 44
0.0000000001
 40
0.0
 40
0.0
 40
0.0
 40
0.0
 40
0.3499335279
 40
0.6254195225
 40
1.0
 40
1.0
 40
1.0
 40
1.0
 10
218.4079309094
 20
205.0078773895
 30
0.0
 10
218.4093045668
 20
205.0049496787
 30
0.0
 10
218.4120267241
 20
204.9997856839
 30
0.0
 10
218.4172125756
 20
204.992321893
 30
0.0
 10
218.422801221
 20
204.9883316133
 30
0.0
 10
218.4262629464
 20
204.9883340462
 30
0.0
  0
SPLINE
  5
B4B
100
AcDbEntity
  8
0
100
AcDbSpline
 62
7
  6
CONTINUOUS
 70
0
 71
3
 72
10
 73
6
 74
0
 42
0.0000001
 43
0.0000001
 44
0.0000000001
 40
0.0
 40
0.0
 40
0.0
 40
0.0
 40
0.3496860666
 40
0.6251326463
 40
1.0
 40
1.0
 40
1.0
 40
1.0
 10
219.4079309778
 20
205.0078757605
 30
0.0
 10
219.4093046217
 20
205.0049510303
 30
0.0
 10
219.4120275378
 20
204.9997911549
 30
0.0
 10
219.4172168324
 20
204.9923317457
 30
0.0
 10
219.422798957
 20
204.9883337758
 30
0.0
 10
219.4262628855
 20
204.9883300051
 30
0.0
  0
SPLINE
  5
B4C
100
AcDbEntity
  8
0
100
AcDbSpline
 62
7
  6
CONTINUOUS
 70
0
 71
3
 72
10
 73
6
 74
0
 42
0.0000001
 43
0.0000001
 44
0.0000000001
 40
0.0
 40
0.0
 40
0.0
 40
0.0
 40
0.3498288919
 40
0.625386636
 40
1.0
 40
1.0
 40
1.0
 40
1.0
 10
220.4079309279
 20
205.007882325
 30
0.0
 10
220.4093048059
 20
205.0049549877
 30
0.0
 10
220.4120282914
 20
204.9997903008
 30
0.0
 10
220.417212052
 20
204.9923244159
 30
0.0
 10
220.4228001519
 20
204.9883246024
 30
0.0
 10
220.4262629539
 20
204.9883283056
 30
0.0
  0
SPLINE
  5
B4D
100
AcDbEntity
  8
0
100
AcDbSpline
 62
7
  6
CONTINUOUS
 70
0
 71
3
 72
10
 73
6
 74
0
 42
0.0000001
 43
0.0000001
 44
0.0000000001
 40
0.0
 40
0.0
 40
0.0
 40
0.0
 40
0.374746465
 40
0.6502727673
 40
1.0
 40
1.0
 40
1.0
 40
1.0
 10
217.6262629119
 20
204.9883248154
 30
0.0
 10
217.6297269524
 20
204.9883234895
 30
0.0
 10
217.6353114909
 20
204.9923291401
 30
0.0
 10
217.64049746
 20
204.9997927671
 30
0.0
 10
217.6432209607
 20
205.0049562732
 30
0.0
 10
217.6445948506
 20
205.0078825734
 30
0.0
  0
SPLINE
  5
B4E
100
AcDbEntity
  8
0
100
AcDbSpline
 62
7
  6
CONTINUOUS
 70
0
 71
3
 72
10
 73
6
 74
0
 42
0.0000001
 43
0.0000001
 44
0.0000000001
 40
0.0
 40
0.0
 40
0.0
 40
0.0
 40
0.3748155825
 40
0.6502366661
 40
1.0
 40
1.0
 40
1.0
 40
1.0
 10
218.6262629464
 20
204.9883340462
 30
0.0
 10
218.6297259018
 20
204.9883364799
 30
0.0
 10
218.6353094206
 20
204.9923291736
 30
0.0
 10
218.6404989816
 20
204.9997874358
 30
0.0
 10
218.6432214532
 20
205.0049470781
 30
0.0
 10
218.644594853
 20
205.0078722004
 30
0.0
  0
SPLINE
  5
B4F
100
AcDbEntity
  8
0
100
AcDbSpline
 62
7
  6
CONTINUOUS
 70
0
 71
3
 72
10
 73
6
 74
0
 42
0.0000001
 43
0.0000001
 44
0.0000000001
 40
0.0
 40
0.0
 40
0.0
 40
0.0
 40
0.3745788119
 40
0.6501340507
 40
1.0
 40
1.0
 40
1.0
 40
1.0
 10
219.6262628855
 20
204.9883300051
 30
0.0
 10
219.6297252254
 20
204.9883262361
 30
0.0
 10
219.6353142301
 20
204.9923228214
 30
0.0
 10
219.6404977445
 20
204.9997890044
 30
0.0
 10
219.6432210473
 20
205.0049537541
 30
0.0
 10
219.6445948879
 20
205.0078813401
 30
0.0
  0
SPLINE
  5
B50
100
AcDbEntity
  8
0
100
AcDbSpline
 62
7
  6
CONTINUOUS
 70
0
 71
3
 72
10
 73
6
 74
0
 42
0.0000001
 43
0.0000001
 44
0.0000000001
 40
0.0
 40
0.0
 40
0.0
 40
0.0
 40
0.3748664148
 40
0.6503255943
 40
1.0
 40
1.0
 40
1.0
 40
1.0
 10
220.6262629539
 20
204.9883283056
 30
0.0
 10
220.6297271385
 20
204.9883320103
 30
0.0
 10
220.6353091215
 20
204.9923319771
 30
0.0
 10
220.6404980648
 20
204.999792159
 30
0.0
 10
220.6432211144
 20
205.0049525233
 30
0.0
 10
220.6445948268
 20
205.0078773751
 30
0.0
  0
SPLINE
  5
B51
100
AcDbEntity
  8
0
100
AcDbSpline
 62
7
  6
CONTINUOUS
 70
0
 71
3
 72
14
 73
10
 74
0
 42
0.0000001
 43
0.0000001
 44
0.0000000001
 40
0.0
 40
0.0
 40
0.0
 40
0.0
 40
0.3694263239
 40
0.5256128263
 40
0.6618931975
 40
0.7777424504
 40
0.8728110937
 40
0.9468554187
 40
1.0
 40
1.0
 40
1.0
 40
1.0
 10
208.324432364
 20
205.571829061
 30
0.0
 10
208.3307631117
 20
205.5017641264
 30
0.0
 10
208.3404276825
 20
205.4021286151
 30
0.0
 10
208.3550408959
 20
205.2769301669
 30
0.0
 10
208.3653466833
 20
205.1998532696
 30
0.0
 10
208.3756134124
 20
205.1345349803
 30
0.0
 10
208.3857894778
 20
205.0812035393
 30
0.0
 10
208.3958705109
 20
205.0401025986
 30
0.0
 10
208.403630035
 20
205.0170451281
 30
0.0
 10
208.4079303388
 20
205.0078838076
 30
0.0
  0
SPLINE
  5
B52
100
AcDbEntity
  8
0
100
AcDbSpline
 62
7
  6
CONTINUOUS
 70
0
 71
3
 72
17
 73
13
 74
0
 42
0.0000001
 43
0.0000001
 44
0.0000000001
 40
0.0
 40
0.0
 40
0.0
 40
0.0
 40
0.4202361225
 40
0.5893478332
 40
0.7296954652
 40
0.7888696955
 40
0.8406193669
 40
0.8848980037
 40
0.9217173639
 40
0.9511811731
 40
0.9735388782
 40
1.0
 40
1.0
 40
1.0
 40
1.0
 10
210.5244173665
 20
205.5719939964
 30
0.0
 10
210.5319657538
 20
205.4884425068
 30
0.0
 10
210.5434149898
 20
205.3713292918
 30
0.0
 10
210.5614509327
 20
205.2267728605
 30
0.0
 10
210.5723477534
 20
205.1539812841
 30
0.0
 10
210.5812844421
 20
205.1046143706
 30
0.0
 10
210.5875762643
 20
205.074281907
 30
0.0
 10
210.5938751112
 20
205.0484840422
 30
0.0
 10
210.6000658724
 20
205.0273719254
 30
0.0
 10
210.6064326044
 20
205.0105947802
 30
0.0
 10
210.6131015999
 20
204.9971542059
 30
0.0
 10
210.620980514
 20
204.9883217697
 30
0.0
 10
210.6262629477
 20
204.9883267218
 30
0.0
  0
SPLINE
  5
B53
100
AcDbEntity
  8
0
100
AcDbSpline
 62
7
  6
CONTINUOUS
 70
0
 71
3
 72
17
 73
13
 74
0
 42
0.0000001
 43
0.0000001
 44
0.0000000001
 40
0.0
 40
0.0
 40
0.0
 40
0.0
 40
0.4202530725
 40
0.589336362
 40
0.729712702
 40
0.7888828038
 40
0.8406115948
 40
0.8848843478
 40
0.9217193498
 40
0.9511979914
 40
0.9735496427
 40
1.0
 40
1.0
 40
1.0
 40
1.0
 10
211.5244395506
 20
205.5717508114
 30
0.0
 10
211.5319876755
 20
205.4882306733
 30
0.0
 10
211.5434284121
 20
205.3711676117
 30
0.0
 10
211.5614683993
 20
205.2266688733
 30
0.0
 10
211.5723581818
 20
205.153907742
 30
0.0
 10
211.5812929084
 20
205.1045607594
 30
0.0
 10
211.5875854939
 20
205.0742477052
 30
0.0
 10
211.5938840183
 20
205.0484636248
 30
0.0
 10
211.6000721706
 20
205.0273545153
 30
0.0
 10
211.6064344984
 20
205.01058022
 30
0.0
 10
211.6131027701
 20
204.9971404157
 30
0.0
 10
211.620984807
 20
204.9883364016
 30
0.0
 10
211.6262629143
 20
204.9883354548
 30
0.0
  0
SPLINE
  5
B54
100
AcDbEntity
  8
0
100
AcDbSpline
 62
7
  6
CONTINUOUS
 70
0
 71
3
 72
17
 73
13
 74
0
 42
0.0000001
 43
0.0000001
 44
0.0000000001
 40
0.0
 40
0.0
 40
0.0
 40
0.0
 40
0.4202366394
 40
0.5893498231
 40
0.7297053612
 40
0.7888700649
 40
0.8406150584
 40
0.8849035987
 40
0.9217322298
 40
0.9511903649
 40
0.9735379799
 40
1.0
 40
1.0
 40
1.0
 40
1.0
 10
212.5243880329
 20
205.5723234258
 30
0.0
 10
212.5319388858
 20
205.4887255811
 30
0.0
 10
212.5433906618
 20
205.3715469638
 30
0.0
 10
212.561433043
 20
205.2269083941
 30
0.0
 10
212.5723308397
 20
205.154075907
 30
0.0
 10
212.5812715947
 20
205.1046828737
 30
0.0
 10
212.5875662209
 20
205.0743344046
 30
0.0
 10
212.593865972
 20
205.0485188202
 30
0.0
 10
212.6000570205
 20
205.0273910899
 30
0.0
 10
212.6064252335
 20
205.0106059479
 30
0.0
 10
212.613101139
 20
204.9971601851
 30
0.0
 10
212.6209773772
 20
204.9883283013
 30
0.0
 10
212.6262629062
 20
204.9883251969
 30
0.0
  0
SPLINE
  5
B55
100
AcDbEntity
  8
0
100
AcDbSpline
 62
7
  6
CONTINUOUS
 70
0
 71
3
 72
14
 73
10
 74
0
 42
0.0000001
 43
0.0000001
 44
0.0000000001
 40
0.0
 40
0.0
 40
0.0
 40
0.0
 40
0.3694302829
 40
0.5256213325
 40
0.6618995861
 40
0.7777504194
 40
0.8728196777
 40
0.9468586289
 40
1.0
 40
1.0
 40
1.0
 40
1.0
 10
210.3244173665
 20
205.5719939964
 30
0.0
 10
210.3307492328
 20
205.5019079185
 30
0.0
 10
210.3404159269
 20
205.4022418238
 30
0.0
 10
210.3550311401
 20
205.2770055764
 30
0.0
 10
210.3653392987
 20
205.1999054667
 30
0.0
 10
210.3756077688
 20
205.134568041
 30
0.0
 10
210.3857850849
 20
205.0812214034
 30
0.0
 10
210.3958686276
 20
205.0401100054
 30
0.0
 10
210.4036293803
 20
205.0170472455
 30
0.0
 10
210.4079305077
 20
205.0078837446
 30
0.0
  0
SPLINE
  5
B56
100
AcDbEntity
  8
0
100
AcDbSpline
 62
7
  6
CONTINUOUS
 70
0
 71
3
 72
14
 73
10
 74
0
 42
0.0000001
 43
0.0000001
 44
0.0000000001
 40
0.0
 40
0.0
 40
0.0
 40
0.0
 40
0.3694342762
 40
0.5255987452
 40
0.6618682217
 40
0.7777432863
 40
0.872788944
 40
0.9468277282
 40
1.0
 40
1.0
 40
1.0
 40
1.0
 10
211.3244395506
 20
205.5717508114
 30
0.0
 10
211.3307710224
 20
205.5016929616
 30
0.0
 10
211.3404317666
 20
205.4020719346
 30
0.0
 10
211.3550454809
 20
205.2768936371
 30
0.0
 10
211.3653528446
 20
205.199827836
 30
0.0
 10
211.3756133854
 20
205.1345182775
 30
0.0
 10
211.3857914889
 20
205.081194151
 30
0.0
 10
211.3958763724
 20
205.0401000553
 30
0.0
 10
211.4036292548
 20
205.0170388953
 30
0.0
 10
211.4079305
 20
205.0078735439
 30
0.0
  0
SPLINE
  5
B57
100
AcDbEntity
  8
0
100
AcDbSpline
 62
7
  6
CONTINUOUS
 70
0
 71
3
 72
14
 73
10
 74
0
 42
0.0000001
 43
0.0000001
 44
0.0000000001
 40
0.0
 40
0.0
 40
0.0
 40
0.0
 40
0.3694482496
 40
0.5256279524
 40
0.661922498
 40
0.7777691438
 40
0.872821192
 40
0.9468713264
 40
1.0
 40
1.0
 40
1.0
 40
1.0
 10
212.3243880329
 20
205.5723234258
 30
0.0
 10
212.3307224598
 20
205.5021930132
 30
0.0
 10
212.3403903105
 20
205.4024671822
 30
0.0
 10
212.3550139223
 20
205.2771536339
 30
0.0
 10
212.3653236088
 20
205.200007932
 30
0.0
 10
212.3755950364
 20
205.134632927
 30
0.0
 10
212.3857797863
 20
205.0812575218
 30
0.0
 10
212.395862737
 20
205.0401245398
 30
0.0
 10
212.4036263043
 20
205.01704766
 30
0.0
 10
212.4079305434
 20
205.0078817844
 30
0.0
  0
SPLINE
  5
B58
100
AcDbEntity
  8
0
100
AcDbSpline
 62
7
  6
CONTINUOUS
 70
0
 71
3
 72
17
 73
13
 74
0
 42
0.0000001
 43
0.0000001
 44
0.0000000001
 40
0.0
 40
0.0
 40
0.0
 40
0.0
 40
0.4202429987
 40
0.5893466575
 40
0.7297273418
 40
0.7888902558
 40
0.8406276851
 40
0.8849137249
 40
0.9217538505
 40
0.9512194161
 40
0.9735589833
 40
1.0
 40
1.0
 40
1.0
 40
1.0
 10
214.5242920041
 20
205.5733883948
 30
0.0
 10
214.5318508769
 20
205.4896401268
 30
0.0
 10
214.5433102969
 20
205.3722524984
 30
0.0
 10
214.5613741819
 20
205.2273510392
 30
0.0
 10
214.572278749
 20
205.1543843711
 30
0.0
 10
214.5812287904
 20
205.1048990949
 30
0.0
 10
214.5875298628
 20
205.074498075
 30
0.0
 10
214.5938367705
 20
205.0486353839
 30
0.0
 10
214.6000323104
 20
205.0274647448
 30
0.0
 10
214.6064046519
 20
205.0106450018
 30
0.0
 10
214.6130866253
 20
204.9971756816
 30
0.0
 10
214.6209721623
 20
204.9883364614
 30
0.0
 10
214.6262628855
 20
204.9883308464
 30
0.0
  0
SPLINE
  5
B59
100
AcDbEntity
  8
0
100
AcDbSpline
 62
7
  6
CONTINUOUS
 70
0
 71
3
 72
17
 73
13
 74
0
 42
0.0000001
 43
0.0000001
 44
0.0000000001
 40
0.0
 40
0.0
 40
0.0
 40
0.0
 40
0.4202362904
 40
0.5893473282
 40
0.729697118
 40
0.7888731401
 40
0.8406231126
 40
0.8849000807
 40
0.9217195757
 40
0.9511845394
 40
0.9735428424
 40
1.0
 40
1.0
 40
1.0
 40
1.0
 10
215.5243997383
 20
205.5721885123
 30
0.0
 10
215.5319495052
 20
205.4886097084
 30
0.0
 10
215.5434005356
 20
205.3714583082
 30
0.0
 10
215.5614398397
 20
205.2268542019
 30
0.0
 10
215.5723385203
 20
205.154038037
 30
0.0
 10
215.5812766006
 20
205.1046539288
 30
0.0
 10
215.5875693776
 20
205.0743112788
 30
0.0
 10
215.5938696752
 20
205.0485051296
 30
0.0
 10
215.6000614062
 20
205.0273859341
 30
0.0
 10
215.6064293146
 20
205.0106025669
 30
0.0
 10
215.6130983582
 20
204.9971572026
 30
0.0
 10
215.6209795909
 20
204.9883221061
 30
0.0
 10
215.6262629512
 20
204.988327488
 30
0.0
  0
SPLINE
  5
B5A
100
AcDbEntity
  8
0
100
AcDbSpline
 62
7
  6
CONTINUOUS
 70
0
 71
3
 72
17
 73
13
 74
0
 42
0.0000001
 43
0.0000001
 44
0.0000000001
 40
0.0
 40
0.0
 40
0.0
 40
0.0
 40
0.4202529653
 40
0.5893367664
 40
0.7297139419
 40
0.788881916
 40
0.8406105316
 40
0.8848844821
 40
0.9217205672
 40
0.9511987568
 40
0.9735485757
 40
1.0
 40
1.0
 40
1.0
 40
1.0
 10
216.5244406232
 20
205.5717396129
 30
0.0
 10
216.5319886484
 20
205.4882210765
 30
0.0
 10
216.5434292427
 20
205.371160144
 30
0.0
 10
216.5614691976
 20
205.2266639319
 30
0.0
 10
216.5723584459
 20
205.1539042732
 30
0.0
 10
216.581293494
 20
205.1045586068
 30
0.0
 10
216.587586006
 20
205.0742463637
 30
0.0
 10
216.5938843546
 20
205.0484623229
 30
0.0
 10
216.6000723796
 20
205.0273532328
 30
0.0
 10
216.6064343013
 20
205.0105794106
 30
0.0
 10
216.6131036701
 20
204.9971405332
 30
0.0
 10
216.6209846887
 20
204.9883369484
 30
0.0
 10
216.6262629092
 20
204.9883352594
 30
0.0
  0
SPLINE
  5
B5B
100
AcDbEntity
  8
0
100
AcDbSpline
 62
7
  6
CONTINUOUS
 70
0
 71
3
 72
12
 73
8
 74
0
 42
0.0000001
 43
0.0000001
 44
0.0000000001
 40
0.0
 40
0.0
 40
0.0
 40
0.0
 40
0.3583352116
 40
0.6468413735
 40
0.8614786016
 40
0.9402930359
 40
1.0
 40
1.0
 40
1.0
 40
1.0
 10
214.3242920041
 20
205.5733883948
 30
0.0
 10
214.3303112175
 20
205.5066987296
 30
0.0
 10
214.3419315075
 20
205.3863708586
 30
0.0
 10
214.361040266
 20
205.2265341357
 30
0.0
 10
214.3777313948
 20
205.1189836388
 30
0.0
 10
214.3920402482
 20
205.0545500754
 30
0.0
 10
214.3993087791
 20
205.0296509627
 30
0.0
 10
214.403216046
 20
205.019200282
 30
0.0
  0
SPLINE
  5
B5C
100
AcDbEntity
  8
0
100
AcDbSpline
 62
7
  6
CONTINUOUS
 70
0
 71
3
 72
9
 73
5
 74
0
 42
0.0000001
 43
0.0000001
 44
0.0000000001
 40
0.0
 40
0.0
 40
0.0
 40
0.0
 40
0.2682083893
 40
1.0
 40
1.0
 40
1.0
 40
1.0
 10
214.403216046
 20
205.019200282
 30
0.0
 10
214.4036001696
 20
205.018172875
 30
0.0
 10
214.4050638084
 20
205.0143543009
 30
0.0
 10
214.4066585232
 20
205.0105843172
 30
0.0
 10
214.4079307383
 20
205.0078754513
 30
0.0
  0
SPLINE
  5
B5D
100
AcDbEntity
  8
0
100
AcDbSpline
 62
7
  6
CONTINUOUS
 70
0
 71
3
 72
14
 73
10
 74
0
 42
0.0000001
 43
0.0000001
 44
0.0000000001
 40
0.0
 40
0.0
 40
0.0
 40
0.0
 40
0.3694361771
 40
0.5256306185
 40
0.6619076897
 40
0.7777601902
 40
0.8728288615
 40
0.9468619569
 40
1.0
 40
1.0
 40
1.0
 40
1.0
 10
215.3243997383
 20
205.5721885123
 30
0.0
 10
215.3307329711
 20
205.5020772061
 30
0.0
 10
215.3404018656
 20
205.4023750629
 30
0.0
 10
215.3550198242
 20
205.2770940609
 30
0.0
 10
215.3653305508
 20
205.1999666411
 30
0.0
 10
215.3756010354
 20
205.1346066157
 30
0.0
 10
215.3857800328
 20
205.0812422453
 30
0.0
 10
215.3958664396
 20
205.0401185392
 30
0.0
 10
215.4036285566
 20
205.0170492938
 30
0.0
 10
215.407930696
 20
205.0078831347
 30
0.0
  0
SPLINE
  5
B5E
100
AcDbEntity
  8
0
100
AcDbSpline
 62
7
  6
CONTINUOUS
 70
0
 71
3
 72
14
 73
10
 74
0
 42
0.0000001
 43
0.0000001
 44
0.0000000001
 40
0.0
 40
0.0
 40
0.0
 40
0.0
 40
0.3694356538
 40
0.5255978174
 40
0.6618690276
 40
0.7777438333
 40
0.8727872585
 40
0.9468280086
 40
1.0
 40
1.0
 40
1.0
 40
1.0
 10
216.3244406232
 20
205.5717396129
 30
0.0
 10
216.3307720404
 20
205.501682785
 30
0.0
 10
216.3404323986
 20
205.4020637301
 30
0.0
 10
216.3550464192
 20
205.2768876325
 30
0.0
 10
216.3653534238
 20
205.1998233777
 30
0.0
 10
216.375613735
 20
205.1345151492
 30
0.0
 10
216.385792224
 20
205.0811921929
 30
0.0
 10
216.3958766741
 20
205.0400989568
 30
0.0
 10
216.4036291783
 20
205.0170377171
 30
0.0
 10
216.4079306991
 20
205.0078727583
 30
0.0
  0
SPLINE
  5
B5F
100
AcDbEntity
  8
0
100
AcDbSpline
 62
7
  6
CONTINUOUS
 70
0
 71
3
 72
17
 73
13
 74
0
 42
0.0000001
 43
0.0000001
 44
0.0000000001
 40
0.0
 40
0.0
 40
0.0
 40
0.0
 40
0.4200671252
 40
0.5894102738
 40
0.7300745334
 40
0.7893983256
 40
0.8412627795
 40
0.8856196133
 40
0.9224847281
 40
0.9519355522
 40
0.9741858135
 40
1.0
 40
1.0
 40
1.0
 40
1.0
 10
218.5195683263
 20
205.6267511515
 30
0.0
 10
218.5274877956
 20
205.5355482525
 30
0.0
 10
218.5394902952
 20
205.4076392026
 30
0.0
 10
218.5583713433
 20
205.2496485195
 30
0.0
 10
218.569782567
 20
205.1699605668
 30
0.0
 10
218.5791420263
 20
205.1158688297
 30
0.0
 10
218.585732414
 20
205.0826244317
 30
0.0
 10
218.5923326695
 20
205.0543392371
 30
0.0
 10
218.5988112301
 20
205.0311969965
 30
0.0
 10
218.6054825708
 20
205.0127723126
 30
0.0
 10
218.6123968925
 20
204.9981759631
 30
0.0
 10
218.6206372092
 20
204.9883300925
 30
0.0
 10
218.6262629464
 20
204.9883340462
 30
0.0
  0
SPLINE
  5
B60
100
AcDbEntity
  8
0
100
AcDbSpline
 62
7
  6
CONTINUOUS
 70
0
 71
3
 72
20
 73
16
 74
0
 42
0.0000001
 43
0.0000001
 44
0.0000000001
 40
0.0
 40
0.0
 40
0.0
 40
0.0
 40
0.2190381517
 40
0.4150585284
 40
0.5855735211
 40
0.7284324477
 40
0.7889404987
 40
0.8419213149
 40
0.887218807
 40
0.9247505032
 40
0.9544819101
 40
0.9764709637
 40
0.9846691522
 40
0.9911398258
 40
1.0
 40
1.0
 40
1.0
 40
1.0
 10
219.4817460589
 20
206.123182161
 30
0.0
 10
219.4874896705
 20
206.0392638572
 30
0.0
 10
219.4988216174
 20
205.8802758887
 30
0.0
 10
219.5166357765
 20
205.6561078029
 30
0.0
 10
219.5343850311
 20
205.4612936973
 30
0.0
 10
219.549794848
 20
205.3185317198
 30
0.0
 10
219.5624434833
 20
205.2209016667
 30
0.0
 10
219.5713703812
 20
205.1605770866
 30
0.0
 10
219.5802739184
 20
205.109182781
 30
0.0
 10
219.5890997463
 20
205.0668542954
 30
0.0
 10
219.5978978182
 20
205.0337054276
 30
0.0
 10
219.605574628
 20
205.0119719883
 30
0.0
 10
219.6122320806
 20
204.9994558582
 30
0.0
 10
219.6173710964
 20
204.9921909474
 30
0.0
 10
219.6228604197
 20
204.9883337089
 30
0.0
 10
219.6262628855
 20
204.9883300051
 30
0.0
  0
SPLINE
  5
B61
100
AcDbEntity
  8
0
100
AcDbSpline
 62
7
  6
CONTINUOUS
 70
0
 71
3
 72
20
 73
16
 74
0
 42
0.0000001
 43
0.0000001
 44
0.0000000001
 40
0.0
 40
0.0
 40
0.0
 40
0.0
 40
0.2190381594
 40
0.4150500158
 40
0.5855629524
 40
0.7284326418
 40
0.788939586
 40
0.8419098369
 40
0.8872177995
 40
0.9247578815
 40
0.9544765201
 40
0.9764657282
 40
0.9846699183
 40
0.9911448324
 40
1.0
 40
1.0
 40
1.0
 40
1.0
 10
220.48169562
 20
206.1239249861
 30
0.0
 10
220.4874413181
 20
206.0399520864
 30
0.0
 10
220.4987766044
 20
205.8808638942
 30
0.0
 10
220.5165977565
 20
205.6565539864
 30
0.0
 10
220.5343539298
 20
205.4616129204
 30
0.0
 10
220.5497679442
 20
205.3187547305
 30
0.0
 10
220.5624199373
 20
205.2210609892
 30
0.0
 10
220.5713534821
 20
205.1606978423
 30
0.0
 10
220.5802585108
 20
205.109266274
 30
0.0
 10
220.5890829979
 20
205.0669064243
 30
0.0
 10
220.5978896103
 20
205.0337380922
 30
0.0
 10
220.6055702348
 20
205.0119936168
 30
0.0
 10
220.6122278202
 20
204.9994624275
 30
0.0
 10
220.617362888
 20
204.9921865627
 30
0.0
 10
220.6228602029
 20
204.9883246666
 30
0.0
 10
220.6262629539
 20
204.9883283056
 30
0.0
  0
SPLINE
  5
B62
100
AcDbEntity
  8
0
100
AcDbSpline
 62
7
  6
CONTINUOUS
 70
0
 71
3
 72
14
 73
10
 74
0
 42
0.0000001
 43
0.0000001
 44
0.0000000001
 40
0.0
 40
0.0
 40
0.0
 40
0.0
 40
0.3697796023
 40
0.5260934572
 40
0.662428604
 40
0.7782960656
 40
0.8732739548
 40
0.9471206083
 40
1.0
 40
1.0
 40
1.0
 40
1.0
 10
218.3233850497
 20
205.5834670596
 30
0.0
 10
218.3297961089
 20
205.5118950818
 30
0.0
 10
218.3395804536
 20
205.4101196131
 30
0.0
 10
218.3543751504
 20
205.2822409766
 30
0.0
 10
218.3648121668
 20
205.2035370316
 30
0.0
 10
218.3752031986
 20
205.1368725827
 30
0.0
 10
218.385502546
 20
205.0824866262
 30
0.0
 10
218.3957115765
 20
205.0406374978
 30
0.0
 10
218.4035660811
 20
205.0171802587
 30
0.0
 10
218.4079309094
 20
205.0078773895
 30
0.0
  0
SPLINE
  5
B63
100
AcDbEntity
  8
0
100
AcDbSpline
 62
7
  6
CONTINUOUS
 70
0
 71
3
 72
14
 73
10
 74
0
 42
0.0000001
 43
0.0000001
 44
0.0000000001
 40
0.0
 40
0.0
 40
0.0
 40
0.0
 40
0.3665387305
 40
0.5237035561
 40
0.6615974639
 40
0.7790036863
 40
0.8749763175
 40
0.9487518899
 40
1.0
 40
1.0
 40
1.0
 40
1.0
 10
219.2822108675
 20
206.1163987338
 30
0.0
 10
219.2914337321
 20
205.9819542308
 30
0.0
 10
219.3054201374
 20
205.7899107537
 30
0.0
 10
219.3263258501
 20
205.5475676487
 30
0.0
 10
219.3411332495
 20
205.3966386895
 30
0.0
 10
219.3558854548
 20
205.2683372493
 30
0.0
 10
219.370457456
 20
205.1637329962
 30
0.0
 10
219.3849098368
 20
205.0838045016
 30
0.0
 10
219.3960259901
 20
205.0390433349
 30
0.0
 10
219.402434796
 20
205.0213250514
 30
0.0
  0
SPLINE
  5
B64
100
AcDbEntity
  8
0
100
AcDbSpline
 62
7
  6
CONTINUOUS
 70
0
 71
3
 72
9
 73
5
 74
0
 42
0.0000001
 43
0.0000001
 44
0.0000000001
 40
0.0
 40
0.0
 40
0.0
 40
0.0
 40
0.2709441232
 40
1.0
 40
1.0
 40
1.0
 40
1.0
 10
219.402434796
 20
205.0213250514
 30
0.0
 10
219.4028812023
 20
205.0200908819
 30
0.0
 10
219.404569881
 20
205.0155511677
 30
0.0
 10
219.406429707
 20
205.0110722307
 30
0.0
 10
219.4079309778
 20
205.0078757605
 30
0.0
  0
SPLINE
  5
B65
100
AcDbEntity
  8
0
100
AcDbSpline
 62
7
  6
CONTINUOUS
 70
0
 71
3
 72
16
 73
12
 74
0
 42
0.0000001
 43
0.0000001
 44
0.0000000001
 40
0.0
 40
0.0
 40
0.0
 40
0.0
 40
0.1972310024
 40
0.3767262605
 40
0.5367734429
 40
0.6758034286
 40
0.7925319974
 40
0.8858661842
 40
0.9550945095
 40
0.9805600175
 40
1.0
 40
1.0
 40
1.0
 40
1.0
 10
220.28169562
 20
206.1239249861
 30
0.0
 10
220.2867447424
 20
206.0501324827
 30
0.0
 10
220.2967381925
 20
205.9092064377
 30
0.0
 10
220.3123618817
 20
205.7085127076
 30
0.0
 10
220.3279382325
 20
205.5297123019
 30
0.0
 10
220.3434698024
 20
205.3745511073
 30
0.0
 10
220.3588672373
 20
205.2445234938
 30
0.0
 10
220.3741723933
 20
205.1409124838
 30
0.0
 10
220.387559556
 20
205.0715914152
 30
0.0
 10
220.3990144989
 20
205.0303380152
 30
0.0
 10
220.4048335441
 20
205.0144819556
 30
0.0
 10
220.4079309279
 20
205.007882325
 30
0.0
  0
SPLINE
  5
B66
100
AcDbEntity
  8
0
100
AcDbSpline
 62
7
  6
CONTINUOUS
 70
0
 71
3
 72
12
 73
8
 74
0
 42
0.0000001
 43
0.0000001
 44
0.0000000001
 40
0.0
 40
0.0
 40
0.0
 40
0.0
 40
0.357201871
 40
0.6447261703
 40
0.8594858704
 40
0.9389969266
 40
1.0
 40
1.0
 40
1.0
 40
1.0
 10
219.0297327692
 20
206.089567174
 30
0.0
 10
219.033311702
 20
206.0407552326
 30
0.0
 10
219.0406035085
 20
205.9526964589
 30
0.0
 10
219.0542041961
 20
205.8357225037
 30
0.0
 10
219.0674437101
 20
205.756987648
 30
0.0
 10
219.0797547745
 20
205.7098724297
 30
0.0
 10
219.0863026724
 20
205.6916940673
 30
0.0
 10
219.0898686331
 20
205.6841344087
 30
0.0
  0
SPLINE
  5
B67
100
AcDbEntity
  8
0
100
AcDbSpline
 62
7
  6
CONTINUOUS
 70
0
 71
3
 72
12
 73
8
 74
0
 42
0.0000001
 43
0.0000001
 44
0.0000000001
 40
0.0
 40
0.0
 40
0.0
 40
0.0
 40
0.3587511672
 40
0.6469116659
 40
0.8612050481
 40
0.9400170438
 40
1.0
 40
1.0
 40
1.0
 40
1.0
 10
220.025053709
 20
206.1227905995
 30
0.0
 10
220.0285409865
 20
206.0708150436
 30
0.0
 10
220.0356893282
 20
205.9771299496
 30
0.0
 10
220.0492713088
 20
205.8528241435
 30
0.0
 10
220.0626831654
 20
205.7693574489
 30
0.0
 10
220.0753369936
 20
205.7196549836
 30
0.0
 10
220.0821077794
 20
205.7005903601
 30
0.0
 10
220.0858238663
 20
205.6927130759
 30
0.0
  0
SPLINE
  5
B68
100
AcDbEntity
  8
0
100
AcDbSpline
 62
7
  6
CONTINUOUS
 70
0
 71
3
 72
14
 73
10
 74
0
 42
0.0000001
 43
0.0000001
 44
0.0000000001
 40
0.0
 40
0.0
 40
0.0
 40
0.0
 40
0.3694769973
 40
0.5256488085
 40
0.6619404285
 40
0.777804939
 40
0.8728357927
 40
0.9468700618
 40
1.0
 40
1.0
 40
1.0
 40
1.0
 10
209.32432703
 20
205.5730002164
 30
0.0
 10
209.3306668326
 20
205.5027800051
 30
0.0
 10
209.3403396369
 20
205.4029299617
 30
0.0
 10
209.3549752206
 20
205.2774620474
 30
0.0
 10
209.3652939675
 20
205.2002220564
 30
0.0
 10
209.3755692464
 20
205.1347686307
 30
0.0
 10
209.3857628397
 20
205.0813320117
 30
0.0
 10
209.3958570047
 20
205.0401570841
 30
0.0
 10
209.4036207937
 20
205.0170520686
 30
0.0
 10
209.4079305415
 20
205.0078750992
 30
0.0
  0
SPLINE
  5
B69
100
AcDbEntity
  8
0
100
AcDbSpline
 62
7
  6
CONTINUOUS
 70
0
 71
3
 72
10
 73
6
 74
0
 42
0.0000001
 43
0.0000001
 44
0.0000000001
 40
0.0
 40
0.0
 40
0.0
 40
0.0
 40
0.351669197
 40
0.633449413
 40
1.0
 40
1.0
 40
1.0
 40
1.0
 10
206.8904953298
 20
205.5549753311
 30
0.0
 10
206.8848665121
 20
205.5549262872
 30
0.0
 10
206.8760468784
 20
205.5630933721
 30
0.0
 10
206.868367609
 20
205.5765840603
 30
0.0
 10
206.8641377436
 20
205.5862253904
 30
0.0
 10
206.8620040313
 20
205.5916908897
 30
0.0
  0
SPLINE
  5
B6A
100
AcDbEntity
  8
0
100
AcDbSpline
 62
7
  6
CONTINUOUS
 70
0
 71
3
 72
9
 73
5
 74
0
 42
0.0000001
 43
0.0000001
 44
0.0000000001
 40
0.0
 40
0.0
 40
0.0
 40
0.0
 40
0.2034504438
 40
1.0
 40
1.0
 40
1.0
 40
1.0
 10
207.8945746911
 20
205.5637236932
 30
0.0
 10
207.8932870495
 20
205.5637126956
 30
0.0
 10
207.886910618
 20
205.5648722683
 30
0.0
 10
207.8822459347
 20
205.5701164283
 30
0.0
 10
207.879271866
 20
205.574187331
 30
0.0
  0
SPLINE
  5
B6B
100
AcDbEntity
  8
0
100
AcDbSpline
 62
7
  6
CONTINUOUS
 70
0
 71
3
 72
17
 73
13
 74
0
 42
0.0000001
 43
0.0000001
 44
0.0000000001
 40
0.0
 40
0.0
 40
0.0
 40
0.0
 40
0.4202450974
 40
0.5893448436
 40
0.7297252909
 40
0.7888874802
 40
0.8406229028
 40
0.8849071976
 40
0.921747365
 40
0.9512151529
 40
0.9735556071
 40
1.0
 40
1.0
 40
1.0
 40
1.0
 10
209.52432703
 20
205.5730002164
 30
0.0
 10
209.5318833196
 20
205.4893060877
 30
0.0
 10
209.5433383347
 20
205.3719952793
 30
0.0
 10
209.5613966593
 20
205.2271890377
 30
0.0
 10
209.5722972578
 20
205.1542711651
 30
0.0
 10
209.5812441626
 20
205.104819089
 30
0.0
 10
209.5875431676
 20
205.0744391186
 30
0.0
 10
209.5938479985
 20
205.0485944896
 30
0.0
 10
209.6000416298
 20
205.0274380239
 30
0.0
 10
209.6064113457
 20
205.0106293031
 30
0.0
 10
209.6130912975
 20
204.997167771
 30
0.0
 10
209.6209749214
 20
204.9883370104
 30
0.0
 10
209.6262628864
 20
204.9883316572
 30
0.0
  0
SPLINE
  5
B6C
100
AcDbEntity
  8
0
100
AcDbSpline
 62
7
  6
CONTINUOUS
 70
0
 71
3
 72
14
 73
10
 74
0
 42
0.0000001
 43
0.0000001
 44
0.0000000001
 40
0.0
 40
0.0
 40
0.0
 40
0.0
 40
0.3694861619
 40
0.5256940138
 40
0.661969445
 40
0.7778365567
 40
0.8728877793
 40
0.9468856242
 40
1.0
 40
1.0
 40
1.0
 40
1.0
 10
213.3242573442
 20
205.5737640508
 30
0.0
 10
213.330602089
 20
205.5034481138
 30
0.0
 10
213.3402864988
 20
205.4034561588
 30
0.0
 10
213.3549288026
 20
205.2778138373
 30
0.0
 10
213.3652590582
 20
205.2004661678
 30
0.0
 10
213.3755443904
 20
205.1349236397
 30
0.0
 10
213.38574006
 20
205.0814162446
 30
0.0
 10
213.3958471086
 20
205.0401919555
 30
0.0
 10
213.4036197197
 20
205.0170667866
 30
0.0
 10
213.4079306725
 20
205.0078787309
 30
0.0
  0
SPLINE
  5
B6D
100
AcDbEntity
  8
0
100
AcDbSpline
 62
7
  6
CONTINUOUS
 70
0
 71
3
 72
17
 73
13
 74
0
 42
0.0000001
 43
0.0000001
 44
0.0000000001
 40
0.0
 40
0.0
 40
0.0
 40
0.0
 40
0.4202412872
 40
0.589343015
 40
0.7297166344
 40
0.7889016507
 40
0.8406452129
 40
0.8849162211
 40
0.9217426853
 40
0.9512164437
 40
0.9735739566
 40
1.0
 40
1.0
 40
1.0
 40
1.0
 10
213.5242573442
 20
205.5737640508
 30
0.0
 10
213.5318188487
 20
205.489963317
 30
0.0
 10
213.5432828758
 20
205.3725024895
 30
0.0
 10
213.561350943
 20
205.2275111678
 30
0.0
 10
213.5722633144
 20
205.1544962333
 30
0.0
 10
213.5812127299
 20
205.104974445
 30
0.0
 10
213.5875150967
 20
205.07455106
 30
0.0
 10
213.5938256315
 20
205.0486765894
 30
0.0
 10
213.6000249447
 20
205.0274970923
 30
0.0
 10
213.6064015228
 20
205.0106636187
 30
0.0
 10
213.6130738758
 20
204.997179921
 30
0.0
 10
213.6209718993
 20
204.9883291686
 30
0.0
 10
213.62626295
 20
204.9883334544
 30
0.0
  0
SPLINE
  5
B6E
100
AcDbEntity
  8
0
100
AcDbSpline
 62
7
  6
CONTINUOUS
 70
0
 71
3
 72
13
 73
9
 74
0
 42
0.0000001
 43
0.0000001
 44
0.0000000001
 40
0.0
 40
0.0
 40
0.0
 40
0.0
 40
0.1009595473
 40
0.1848536421
 40
0.2946314019
 40
0.4311074534
 40
0.5943421871
 40
1.0
 40
1.0
 40
1.0
 40
1.0
 10
218.9394151185
 20
205.6598816371
 30
0.0
 10
218.9320638809
 20
205.6598176997
 30
0.0
 10
218.9208297983
 20
205.671394251
 30
0.0
 10
218.9106770995
 20
205.6894003423
 30
0.0
 10
218.9009109609
 20
205.711710622
 30
0.0
 10
218.8910989579
 20
205.7397766429
 30
0.0
 10
218.8763790718
 20
205.7890460585
 30
0.0
 10
218.8666552743
 20
205.8293207139
 30
0.0
 10
218.8601507581
 20
205.8581342156
 30
0.0
  0
SPLINE
  5
B6F
100
AcDbEntity
  8
0
100
AcDbSpline
 62
7
  6
CONTINUOUS
 70
0
 71
3
 72
14
 73
10
 74
0
 42
0.0000001
 43
0.0000001
 44
0.0000000001
 40
0.0
 40
0.0
 40
0.0
 40
0.0
 40
0.369440796
 40
0.5256205355
 40
0.6619128088
 40
0.7777586769
 40
0.8728146052
 40
0.9468667239
 40
1.0
 40
1.0
 40
1.0
 40
1.0
 10
217.3244092505
 20
205.5720880195
 30
0.0
 10
217.3307420156
 20
205.5019880491
 30
0.0
 10
217.3404078176
 20
205.4023049646
 30
0.0
 10
217.3550274092
 20
205.277045204
 30
0.0
 10
217.3653346487
 20
205.1999321433
 30
0.0
 10
217.3756038282
 20
205.1345842568
 30
0.0
 10
217.3857856248
 20
205.0812301415
 30
0.0
 10
217.3958662939
 20
205.0401124638
 30
0.0
 10
217.4036282307
 20
205.0170443866
 30
0.0
 10
217.4079309702
 20
205.007881453
 30
0.0
  0
SPLINE
  5
B70
100
AcDbEntity
  8
0
100
AcDbSpline
 62
7
  6
CONTINUOUS
 70
0
 71
3
 72
17
 73
13
 74
0
 42
0.0000001
 43
0.0000001
 44
0.0000000001
 40
0.0
 40
0.0
 40
0.0
 40
0.0
 40
0.0326939686
 40
0.056989714
 40
0.0878157934
 40
0.1255498719
 40
0.1703704228
 40
0.2813600396
 40
0.4205367131
 40
0.587274475
 40
0.7807387354
 40
1.0
 40
1.0
 40
1.0
 40
1.0
 10
219.9434911343
 20
205.6686226813
 30
0.0
 10
219.9382610132
 20
205.6685772561
 30
0.0
 10
219.929800488
 20
205.6746307911
 30
0.0
 10
219.9216260598
 20
205.6857462342
 30
0.0
 10
219.9142556927
 20
205.6987820857
 30
0.0
 10
219.9068248439
 20
205.7153106125
 30
0.0
 10
219.8958097806
 20
205.7442764411
 30
0.0
 10
219.8820603499
 20
205.7894556773
 30
0.0
 10
219.8656681773
 20
205.8541183257
 30
0.0
 10
219.8485259061
 20
205.9321578308
 30
0.0
 10
219.830666537
 20
206.0231277257
 30
0.0
 10
219.8190382066
 20
206.0881256714
 30
0.0
 10
219.8130734541
 20
206.1226918019
 30
0.0
  0
SPLINE
  5
B71
100
AcDbEntity
  8
0
100
AcDbSpline
 62
7
  6
CONTINUOUS
 70
0
 71
3
 72
17
 73
13
 74
0
 42
0.0000001
 43
0.0000001
 44
0.0000000001
 40
0.0
 40
0.0
 40
0.0
 40
0.0
 40
0.0333716112
 40
0.057862201
 40
0.088800848
 40
0.1265793373
 40
0.1713892448
 40
0.2822507829
 40
0.4212075109
 40
0.5876845439
 40
0.7809081088
 40
1.0
 40
1.0
 40
1.0
 40
1.0
 10
220.9475671534
 20
205.6773637338
 30
0.0
 10
220.9424717128
 20
205.6773191924
 30
0.0
 10
220.9342023616
 20
205.6829883369
 30
0.0
 10
220.9261099314
 20
205.6935928569
 30
0.0
 10
220.9188589741
 20
205.705966431
 30
0.0
 10
220.9115347793
 20
205.721664109
 30
0.0
 10
220.9006797928
 20
205.7491627861
 30
0.0
 10
220.8871096249
 20
205.7920920275
 30
0.0
 10
220.8709176452
 20
205.8535735814
 30
0.0
 10
220.8539715144
 20
205.9278167471
 30
0.0
 10
220.8363035881
 20
206.0144158653
 30
0.0
 10
220.8247989093
 20
206.0763168143
 30
0.0
 10
220.8188969899
 20
206.1092460481
 30
0.0
  0
LINE
  5
B72
100
AcDbEntity
  8
0
100
AcDbLine
 62
7
  6
CONTINUOUS
 10
220.8188969899
 20
206.1092460481
 11
220.81641812
 21
206.1231492896
  0
SPLINE
  5
B73
100
AcDbEntity
  8
0
100
AcDbSpline
 62
7
  6
CONTINUOUS
 70
0
 71
3
 72
17
 73
13
 74
0
 42
0.0000001
 43
0.0000001
 44
0.0000000001
 40
0.0
 40
0.0
 40
0.0
 40
0.0
 40
0.4202363755
 40
0.5893496526
 40
0.7297017208
 40
0.7888670717
 40
0.8406127357
 40
0.8849005609
 40
0.9217270415
 40
0.9511854412
 40
0.9735348209
 40
1.0
 40
1.0
 40
1.0
 40
1.0
 10
217.5244092505
 20
205.5720880195
 30
0.0
 10
217.5319584131
 20
205.4885232469
 30
0.0
 10
217.5434081047
 20
205.3713910211
 30
0.0
 10
217.5614462774
 20
205.2268104614
 30
0.0
 10
217.5723423017
 20
205.1540075672
 30
0.0
 10
217.5812809741
 20
205.1046346698
 30
0.0
 10
217.5875742134
 20
205.0742982523
 30
0.0
 10
217.5938725294
 20
205.0484935145
 30
0.0
 10
217.6000627042
 20
205.027375115
 30
0.0
 10
217.6064296201
 20
205.010596998
 30
0.0
 10
217.6131039526
 20
204.9971562044
 30
0.0
 10
217.620978832
 20
204.9883268379
 30
0.0
 10
217.6262629119
 20
204.9883248154
 30
0.0
  0
SPLINE
  5
B74
100
AcDbEntity
  8
0
100
AcDbSpline
 62
7
  6
CONTINUOUS
 70
0
 71
3
 72
13
 73
9
 74
0
 42
0.0000001
 43
0.0000001
 44
0.0000000001
 40
0.0
 40
0.0
 40
0.0
 40
0.0
 40
0.40970737
 40
0.573287302
 40
0.7093714607
 40
0.8183618198
 40
0.9012079605
 40
1.0
 40
1.0
 40
1.0
 40
1.0
 10
206.5762619893
 20
205.1327233828
 30
0.0
 10
206.57993759
 20
205.1116695705
 30
0.0
 10
206.5855321561
 20
205.0822861028
 30
0.0
 10
206.5944611544
 20
205.0463298111
 30
0.0
 10
206.6005436057
 20
205.0259652216
 30
0.0
 10
206.6067939809
 20
205.0097922184
 30
0.0
 10
206.6133674378
 20
204.9967779087
 30
0.0
 10
206.6211094987
 20
204.9883222097
 30
0.0
 10
206.6262629503
 20
204.9883273593
 30
0.0
  0
SPLINE
  5
B75
100
AcDbEntity
  8
0
100
AcDbSpline
 62
7
  6
CONTINUOUS
 70
0
 71
3
 72
17
 73
13
 74
0
 42
0.0000001
 43
0.0000001
 44
0.0000000001
 40
0.0
 40
0.0
 40
0.0
 40
0.0
 40
0.4202480435
 40
0.5893417275
 40
0.7297213393
 40
0.7888832288
 40
0.8406158544
 40
0.8848972875
 40
0.9217369366
 40
0.9512080082
 40
0.9735503602
 40
1.0
 40
1.0
 40
1.0
 40
1.0
 10
207.5243798709
 20
205.572414341
 30
0.0
 10
207.5319322741
 20
205.4888019382
 30
0.0
 10
207.5433806562
 20
205.3716071067
 30
0.0
 10
207.5614305066
 20
205.2269446762
 30
0.0
 10
207.572325296
 20
205.1541004176
 30
0.0
 10
207.5812673173
 20
205.1046982907
 30
0.0
 10
207.587563212
 20
205.0743499159
 30
0.0
 10
207.5938648961
 20
205.048532647
 30
0.0
 10
207.6000557151
 20
205.0273977749
 30
0.0
 10
207.6064215633
 20
205.0106057149
 30
0.0
 10
207.6130982403
 20
204.9971558093
 30
0.0
 10
207.6209790567
 20
204.9883373351
 30
0.0
 10
207.6262628896
 20
204.9883325677
 30
0.0
  0
SPLINE
  5
B76
100
AcDbEntity
  8
0
100
AcDbSpline
 62
7
  6
CONTINUOUS
 70
0
 71
3
 72
17
 73
13
 74
0
 42
0.0000001
 43
0.0000001
 44
0.0000000001
 40
0.0
 40
0.0
 40
0.0
 40
0.0
 40
0.4202370965
 40
0.5893462496
 40
0.7297039771
 40
0.7888844269
 40
0.8406340773
 40
0.8849074422
 40
0.9217285995
 40
0.9511968327
 40
0.9735557346
 40
1.0
 40
1.0
 40
1.0
 40
1.0
 10
208.5243397662
 20
205.5728513676
 30
0.0
 10
208.531894269
 20
205.4891794215
 30
0.0
 10
208.5433513305
 20
205.371897731
 30
0.0
 10
208.5614021623
 20
205.2271308927
 30
0.0
 10
208.5723069331
 20
205.1542310169
 30
0.0
 10
208.581249882
 20
205.1047888134
 30
0.0
 10
208.5875462349
 20
205.0744117045
 30
0.0
 10
208.5938511179
 20
205.0485768517
 30
0.0
 10
208.6000460718
 20
205.0274329148
 30
0.0
 10
208.6064178569
 20
205.0106285984
 30
0.0
 10
208.6130878622
 20
204.9971671742
 30
0.0
 10
208.6209763162
 20
204.98832409
 30
0.0
 10
208.6262629557
 20
204.9883297858
 30
0.0
  0
SPLINE
  5
B77
100
AcDbEntity
  8
0
100
AcDbSpline
 62
7
  6
CONTINUOUS
 70
0
 71
3
 72
14
 73
10
 74
0
 42
0.0000001
 43
0.0000001
 44
0.0000000001
 40
0.0
 40
0.0
 40
0.0
 40
0.0
 40
0.3694654236
 40
0.525659945
 40
0.6619315012
 40
0.7778020288
 40
0.8728525758
 40
0.946863693
 40
1.0
 40
1.0
 40
1.0
 40
1.0
 10
207.3243214561
 20
205.5730543427
 30
0.0
 10
207.3306615049
 20
205.502829907
 30
0.0
 10
207.340337836
 20
205.4029689136
 30
0.0
 10
207.3549695636
 20
205.277490641
 30
0.0
 10
207.365292017
 20
205.2002422721
 30
0.0
 10
207.3755685727
 20
205.1347818887
 30
0.0
 10
207.3857577184
 20
205.081338922
 30
0.0
 10
207.3958573364
 20
205.0401602828
 30
0.0
 10
207.4036229726
 20
205.0170576554
 30
0.0
 10
207.407930309
 20
205.0078771887
 30
0.0
  0
SPLINE
  5
B78
100
AcDbEntity
  8
RUNDUNGEN
100
AcDbSpline
 62
7
  6
CONTINUOUS
 70
0
 71
3
 72
13
 73
9
 74
0
 42
0.0000001
 43
0.0000001
 44
0.0000000001
 40
0.0
 40
0.0
 40
0.0
 40
0.0
 40
0.3005034776
 40
0.5738455968
 40
0.6950133564
 40
0.8048515539
 40
0.9052786324
 40
1.0
 40
1.0
 40
1.0
 40
1.0
 10
180.4246835871
 20
228.6383245819
 30
0.0
 10
180.4246835871
 20
228.6897361984
 30
0.0
 10
180.4361209825
 20
228.7882618459
 30
0.0
 10
180.4798721446
 20
228.9009239641
 30
0.0
 10
180.5312457178
 20
228.9708622839
 30
0.0
 10
180.574017939
 20
229.0088851147
 30
0.0
 10
180.6211559174
 20
229.0327508266
 30
0.0
 10
180.6547427786
 20
229.0383245819
 30
0.0
 10
180.6709481772
 20
229.0383245819
 30
0.0
  0
SPLINE
  5
B79
100
AcDbEntity
  8
RUNDUNGEN
100
AcDbSpline
 62
7
  6
CONTINUOUS
 70
0
 71
3
 72
13
 73
9
 74
0
 42
0.0000001
 43
0.0000001
 44
0.0000000001
 40
0.0
 40
0.0
 40
0.0
 40
0.0
 40
0.0947213676
 40
0.1951484461
 40
0.3049866436
 40
0.4261544032
 40
0.6994965224
 40
1.0
 40
1.0
 40
1.0
 40
1.0
 10
180.6709481772
 20
223.0383245819
 30
0.0
 10
180.6547427786
 20
223.0383245819
 30
0.0
 10
180.6211559174
 20
223.0438983373
 30
0.0
 10
180.574017939
 20
223.0677640492
 30
0.0
 10
180.5312457178
 20
223.1057868799
 30
0.0
 10
180.4798721446
 20
223.1757251998
 30
0.0
 10
180.4361209825
 20
223.2883873179
 30
0.0
 10
180.4246835871
 20
223.3869129655
 30
0.0
 10
180.4246835871
 20
223.4383245819
 30
0.0
  0
SPLINE
  5
B7A
100
AcDbEntity
  8
RUNDUNGEN
100
AcDbSpline
 62
9
  6
CONTINUOUS
 70
0
 71
3
 72
11
 73
7
 74
0
 42
0.0000001
 43
0.0000001
 44
0.0000000001
 40
0.0
 40
0.0
 40
0.0
 40
0.0
 40
0.2585921394
 40
0.5088976211
 40
0.7546874336
 40
1.0
 40
1.0
 40
1.0
 40
1.0
 10
218.9596907848
 20
206.0015221059
 30
0.0
 10
218.9271926019
 20
205.9456920766
 30
0.0
 10
218.8498603186
 20
205.8429685183
 30
0.0
 10
218.7028577395
 20
205.7223120469
 30
0.0
 10
218.5355516517
 20
205.6394640039
 30
0.0
 10
218.415489047
 20
205.609595736
 30
0.0
 10
218.3548384098
 20
205.6008195366
 30
0.0
  0
SPLINE
  5
B7B
100
AcDbEntity
  8
RUNDUNGEN
100
AcDbSpline
 62
9
  6
CONTINUOUS
 70
0
 71
3
 72
9
 73
5
 74
0
 42
0.0000001
 43
0.0000001
 44
0.0000000001
 40
0.0
 40
0.0
 40
0.0
 40
0.0
 40
0.242342858
 40
1.0
 40
1.0
 40
1.0
 40
1.0
 10
218.2119094225
 20
246.5020970885
 30
0.0
 10
218.2007043403
 20
246.5020670689
 30
0.0
 10
218.1544761982
 20
246.4996011857
 30
0.0
 10
218.1089702812
 20
246.487875164
 30
0.0
 10
218.076262921
 20
246.4753277869
 30
0.0
  0
SPLINE
  5
B7C
100
AcDbEntity
  8
RUNDUNGEN
100
AcDbSpline
 62
9
  6
CONTINUOUS
 70
0
 71
3
 72
11
 73
7
 74
0
 42
0.0000001
 43
0.0000001
 44
0.0000000001
 40
0.0
 40
0.0
 40
0.0
 40
0.0
 40
0.2453131583
 40
0.4911026893
 40
0.741408125
 40
1.0
 40
1.0
 40
1.0
 40
1.0
 10
218.3548379423
 20
246.475829941
 30
0.0
 10
218.4154888244
 20
246.4670540746
 30
0.0
 10
218.5355516435
 20
246.4371855591
 30
0.0
 10
218.7028575802
 20
246.3543368944
 30
0.0
 10
218.8498603722
 20
246.2336807199
 30
0.0
 10
218.9271926204
 20
246.1309570784
 30
0.0
 10
218.9596907849
 20
246.0751270577
 30
0.0
  0
SPLINE
  5
B7D
100
AcDbEntity
  8
RUNDUNGEN
100
AcDbSpline
 62
9
  6
CONTINUOUS
 70
0
 71
3
 72
9
 73
5
 74
0
 42
0.0000001
 43
0.0000001
 44
0.0000000001
 40
0.0
 40
0.0
 40
0.0
 40
0.0
 40
0.5024496467
 40
1.0
 40
1.0
 40
1.0
 40
1.0
 10
218.076262921
 20
246.3440866952
 30
0.0
 10
218.2114787026
 20
246.3440866952
 30
0.0
 10
218.48338307
 20
246.2904549045
 30
0.0
 10
218.7128078815
 20
246.1343557304
 30
0.0
 10
218.8059987492
 20
246.0382102477
 30
0.0
  0
SPLINE
  5
B7E
100
AcDbEntity
  8
RUNDUNGEN
100
AcDbSpline
 62
9
  6
CONTINUOUS
 70
0
 71
3
 72
9
 73
5
 74
0
 42
0.0000001
 43
0.0000001
 44
0.0000000001
 40
0.0
 40
0.0
 40
0.0
 40
0.0
 40
0.2602838535
 40
1.0
 40
1.0
 40
1.0
 40
1.0
 10
218.076262921
 20
205.601321377
 30
0.0
 10
218.0874970892
 20
205.5970102934
 30
0.0
 10
218.1312578528
 20
205.5821198607
 30
0.0
 10
218.1777213779
 20
205.5746408564
 30
0.0
 10
218.2119184268
 20
205.5745513161
 30
0.0
  0
SPLINE
  5
B7F
100
AcDbEntity
  8
RUNDUNGEN
100
AcDbSpline
 62
9
  6
CONTINUOUS
 70
0
 71
3
 72
9
 73
5
 74
0
 42
0.0000001
 43
0.0000001
 44
0.0000000001
 40
0.0
 40
0.0
 40
0.0
 40
0.0
 40
0.5024502372
 40
1.0
 40
1.0
 40
1.0
 40
1.0
 10
218.076262921
 20
205.7325624687
 30
0.0
 10
218.2114998065
 20
205.7325623217
 30
0.0
 10
218.4834473236
 20
205.7862108912
 30
0.0
 10
218.7128949199
 20
205.9423579665
 30
0.0
 10
218.8060876492
 20
206.0385303064
 30
0.0
  0
SPLINE
  5
B80
100
AcDbEntity
  8
RUNDUNGEN
100
AcDbSpline
 62
9
  6
CONTINUOUS
 70
0
 71
3
 72
9
 73
5
 74
0
 42
0.0000001
 43
0.0000001
 44
0.0000000001
 40
0.0
 40
0.0
 40
0.0
 40
0.0
 40
0.2558977217
 40
1.0
 40
1.0
 40
1.0
 40
1.0
 10
219.3052857921
 20
245.9021098031
 30
0.0
 10
219.2767021089
 20
245.9033779394
 30
0.0
 10
219.1650622124
 20
245.9095719227
 30
0.0
 10
219.0536876505
 20
245.9207401901
 30
0.0
 10
218.9712634222
 20
245.9320586007
 30
0.0
  0
SPLINE
  5
B81
100
AcDbEntity
  8
RUNDUNGEN
100
AcDbSpline
 62
9
  6
CONTINUOUS
 70
0
 71
3
 72
15
 73
11
 74
0
 42
0.0000001
 43
0.0000001
 44
0.0000000001
 40
0.0
 40
0.0
 40
0.0
 40
0.0
 40
0.19378997
 40
0.3708592204
 40
0.5283712928
 40
0.6644516938
 40
0.7782356584
 40
0.8700348053
 40
0.9420024862
 40
1.0
 40
1.0
 40
1.0
 40
1.0
 10
218.9712634222
 20
245.9320586007
 30
0.0
 10
218.9052904162
 20
245.9411179463
 30
0.0
 10
218.7794972908
 20
245.962137158
 30
0.0
 10
218.6026157555
 20
246.0036998629
 30
0.0
 10
218.4481055554
 20
246.0520648718
 30
0.0
 10
218.3184385862
 20
246.1053648839
 30
0.0
 10
218.2150719128
 20
246.161711846
 30
0.0
 10
218.1388984318
 20
246.2199403051
 30
0.0
 10
218.0896986661
 20
246.2794698315
 30
0.0
 10
218.0762640019
 20
246.3241569905
 30
0.0
 10
218.076262921
 20
246.3440866952
 30
0.0
  0
SPLINE
  5
B82
100
AcDbEntity
  8
RUNDUNGEN
100
AcDbSpline
 62
9
  6
CONTINUOUS
 70
0
 71
3
 72
14
 73
10
 74
0
 42
0.0000001
 43
0.0000001
 44
0.0000000001
 40
0.0
 40
0.0
 40
0.0
 40
0.0
 40
0.0614350651
 40
0.1354613386
 40
0.2277860573
 40
0.3408228115
 40
0.4753328426
 40
0.6309142744
 40
1.0
 40
1.0
 40
1.0
 40
1.0
 10
218.076262921
 20
205.7325624687
 30
0.0
 10
218.0762638859
 20
205.7503458351
 30
0.0
 10
218.0867136651
 20
205.7896709772
 30
0.0
 10
218.1263517111
 20
205.8434393793
 30
0.0
 10
218.1882504382
 20
205.8961898114
 30
0.0
 10
218.2723898706
 20
205.9477047447
 30
0.0
 10
218.3782544302
 20
205.9972336758
 30
0.0
 10
218.5576476861
 20
206.0627374045
 30
0.0
 10
218.7058209369
 20
206.098616121
 30
0.0
 10
218.8107940938
 20
206.1184894754
 30
0.0
  0
SPLINE
  5
B83
100
AcDbEntity
  8
RUNDUNGEN
100
AcDbSpline
 62
9
  6
CONTINUOUS
 70
0
 71
3
 72
9
 73
5
 74
0
 42
0.0000001
 43
0.0000001
 44
0.0000000001
 40
0.0
 40
0.0
 40
0.0
 40
0.0
 40
0.2370535689
 40
1.0
 40
1.0
 40
1.0
 40
1.0
 10
218.8107940938
 20
206.1184894754
 30
0.0
 10
218.8494022611
 20
206.1257987134
 30
0.0
 10
219.0128652486
 20
206.1534332237
 30
0.0
 10
219.1783306282
 20
206.168885672
 30
0.0
 10
219.3046713534
 20
206.1745106844
 30
0.0
  0
SPLINE
  5
B84
100
AcDbEntity
  8
0
100
AcDbSpline
 62
3
  6
CONTINUOUS
 70
0
 71
3
 72
17
 73
13
 74
0
 42
0.0000001
 43
0.0000001
 44
0.0000000001
 40
0.0
 40
0.0
 40
0.0
 40
0.0
 40
0.0253308885
 40
0.0514564601
 40
0.0813279513
 40
0.1168643426
 40
0.2082355385
 40
0.3274163601
 40
0.4717520099
 40
0.636130834
 40
0.8145059901
 40
1.0
 40
1.0
 40
1.0
 40
1.0
 10
205.5051967865
 20
229.0383245819
 30
0.0
 10
205.5096369167
 20
229.0383245819
 30
0.0
 10
205.5187729437
 20
229.039966442
 30
0.0
 10
205.5310126725
 20
229.0478359475
 30
0.0
 10
205.5413158432
 20
229.0603732008
 30
0.0
 10
205.5538031091
 20
229.0850141761
 30
0.0
 10
205.5640831767
 20
229.1273074586
 30
0.0
 10
205.5712529361
 20
229.1890885901
 30
0.0
 10
205.5747726954
 20
229.2640692839
 30
0.0
 10
205.5760457312
 20
229.3494325798
 30
0.0
 10
205.5763344146
 20
229.4420301722
 30
0.0
 10
205.576262921
 20
229.5058102248
 30
0.0
 10
205.576262921
 20
229.5383245819
 30
0.0
  0
SPLINE
  5
B85
100
AcDbEntity
  8
RUNDUNGEN
100
AcDbSpline
 62
3
  6
CONTINUOUS
 70
0
 71
3
 72
13
 73
9
 74
0
 42
0.0000001
 43
0.0000001
 44
0.0000000001
 40
0.0
 40
0.0
 40
0.0
 40
0.0
 40
0.3005034776
 40
0.5738455968
 40
0.6950133564
 40
0.8048515539
 40
0.9052786324
 40
1.0
 40
1.0
 40
1.0
 40
1.0
 10
181.2126943407
 20
223.4383245819
 30
0.0
 10
181.2126943407
 20
223.3869129655
 30
0.0
 10
181.2241317361
 20
223.2883873179
 30
0.0
 10
181.2678828983
 20
223.1757251998
 30
0.0
 10
181.3192564714
 20
223.1057868799
 30
0.0
 10
181.3620286926
 20
223.0677640492
 30
0.0
 10
181.409166671
 20
223.0438983373
 30
0.0
 10
181.4427535322
 20
223.0383245819
 30
0.0
 10
181.4589589308
 20
223.0383245819
 30
0.0
  0
SPLINE
  5
B86
100
AcDbEntity
  8
RUNDUNGEN
100
AcDbSpline
 62
3
  6
CONTINUOUS
 70
0
 71
3
 72
13
 73
9
 74
0
 42
0.0000001
 43
0.0000001
 44
0.0000000001
 40
0.0
 40
0.0
 40
0.0
 40
0.0
 40
0.0947213676
 40
0.1951484461
 40
0.3049866436
 40
0.4261544032
 40
0.6994965224
 40
1.0
 40
1.0
 40
1.0
 40
1.0
 10
181.4589589308
 20
229.0383245819
 30
0.0
 10
181.4427535322
 20
229.0383245819
 30
0.0
 10
181.409166671
 20
229.0327508266
 30
0.0
 10
181.3620286926
 20
229.0088851147
 30
0.0
 10
181.3192564714
 20
228.9708622839
 30
0.0
 10
181.2678828983
 20
228.9009239641
 30
0.0
 10
181.2241317361
 20
228.7882618459
 30
0.0
 10
181.2126943407
 20
228.6897361984
 30
0.0
 10
181.2126943407
 20
228.6383245819
 30
0.0
  0
SPLINE
  5
B87
100
AcDbEntity
  8
0
100
AcDbSpline
 62
7
  6
CONTINUOUS
 70
0
 71
3
 72
12
 73
8
 74
0
 42
0.0000001
 43
0.0000001
 44
0.0000000001
 40
0.0
 40
0.0
 40
0.0
 40
0.0
 40
0.1257974833
 40
0.2517875756
 40
0.502400278
 40
0.7524725134
 40
1.0
 40
1.0
 40
1.0
 40
1.0
 10
352.5920916786
 20
222.5383245819
 30
0.0
 10
352.5920916786
 20
222.5667231689
 30
0.0
 10
352.5844375751
 20
222.6237966544
 30
0.0
 10
352.542398032
 20
222.7301205788
 30
0.0
 10
352.449531415
 20
222.8413586162
 30
0.0
 10
352.3077654388
 20
222.9356475873
 30
0.0
 10
352.2027839617
 20
222.977699334
 30
0.0
 10
352.1493410616
 20
222.9940184362
 30
0.0
  0
SPLINE
  5
B88
100
AcDbEntity
  8
0
100
AcDbSpline
 62
7
  6
CONTINUOUS
 70
0
 71
3
 72
12
 73
8
 74
0
 42
0.0000001
 43
0.0000001
 44
0.0000000001
 40
0.0
 40
0.0
 40
0.0
 40
0.0
 40
0.2475374734
 40
0.4976091217
 40
0.7482176977
 40
0.8742056605
 40
1.0
 40
1.0
 40
1.0
 40
1.0
 10
352.1501294126
 20
229.0828718212
 30
0.0
 10
352.2034959235
 20
229.099217153
 30
0.0
 10
352.3083185653
 20
229.1413014692
 30
0.0
 10
352.4498416666
 20
229.235585652
 30
0.0
 10
352.5425168236
 20
229.3467480943
 30
0.0
 10
352.5844562719
 20
229.4529584604
 30
0.0
 10
352.5920916786
 20
229.5099610748
 30
0.0
 10
352.5920916786
 20
229.5383245819
 30
0.0
  0
SPLINE
  5
B89
100
AcDbEntity
  8
RUNDUNGEN
100
AcDbSpline
 62
7
  6
CONTINUOUS
 70
0
 71
3
 72
11
 73
7
 74
0
 42
0.0000001
 43
0.0000001
 44
0.0000000001
 40
0.0
 40
0.0
 40
0.0
 40
0.0
 40
0.2766771973
 40
0.5384888765
 40
0.7778489252
 40
1.0
 40
1.0
 40
1.0
 40
1.0
 10
351.3873057122
 20
228.6383245819
 30
0.0
 10
351.3873057122
 20
228.6899780584
 30
0.0
 10
351.3719733411
 20
228.7912686567
 30
0.0
 10
351.3047321174
 20
228.9230875634
 30
0.0
 10
351.2008627441
 20
229.0153191271
 30
0.0
 10
351.1135752851
 20
229.0383245819
 30
0.0
 10
351.0721014108
 20
229.0383245819
 30
0.0
  0
SPLINE
  5
B8A
100
AcDbEntity
  8
RUNDUNGEN
100
AcDbSpline
 62
7
  6
CONTINUOUS
 70
0
 71
3
 72
11
 73
7
 74
0
 42
0.0000001
 43
0.0000001
 44
0.0000000001
 40
0.0
 40
0.0
 40
0.0
 40
0.0
 40
0.2221510748
 40
0.4615111235
 40
0.7233228027
 40
1.0
 40
1.0
 40
1.0
 40
1.0
 10
351.0721014108
 20
223.0383245819
 30
0.0
 10
351.1135752851
 20
223.0383245819
 30
0.0
 10
351.2008627441
 20
223.0613300368
 30
0.0
 10
351.3047321174
 20
223.1535616005
 30
0.0
 10
351.3719733411
 20
223.2853805071
 30
0.0
 10
351.3873057122
 20
223.3866711055
 30
0.0
 10
351.3873057122
 20
223.4383245819
 30
0.0
  0
SPLINE
  5
B8B
100
AcDbEntity
  8
RUNDUNGEN
100
AcDbSpline
 62
7
  6
CONTINUOUS
 70
0
 71
3
 72
14
 73
10
 74
0
 42
0.0000001
 43
0.0000001
 44
0.0000000001
 40
0.0
 40
0.0
 40
0.0
 40
0.0
 40
0.4034073982
 40
0.5738366439
 40
0.7189830215
 40
0.8361294557
 40
0.9230291888
 40
0.9779151064
 40
1.0
 40
1.0
 40
1.0
 40
1.0
 10
310.4299130458
 20
228.8253226983
 30
0.0
 10
310.4337706084
 20
228.8550011776
 30
0.0
 10
310.4394313024
 20
228.8972062393
 30
0.0
 10
310.4470567047
 20
228.9499761677
 30
0.0
 10
310.4517783036
 20
228.9817804813
 30
0.0
 10
310.4560650241
 20
229.0071962875
 30
0.0
 10
310.4589017108
 20
229.0265159575
 30
0.0
 10
310.4621184524
 20
229.0377018504
 30
0.0
 10
310.4625403807
 20
229.0441039731
 30
0.0
 10
310.4637718036
 20
229.0451847548
 30
0.0
  0
SPLINE
  5
B8C
100
AcDbEntity
  8
RUNDUNGEN
100
AcDbSpline
 62
7
  6
CONTINUOUS
 70
0
 71
3
 72
16
 73
12
 74
0
 42
0.0000001
 43
0.0000001
 44
0.0000000001
 40
0.0
 40
0.0
 40
0.0
 40
0.0
 40
0.0068322467
 40
0.0223488358
 40
0.0465128628
 40
0.0792030974
 40
0.1692010119
 40
0.2896712307
 40
0.4373196895
 40
0.607987103
 40
1.0
 40
1.0
 40
1.0
 40
1.0
 10
310.4637718036
 20
223.0314644091
 30
0.0
 10
310.4632412337
 20
223.0319300739
 30
0.0
 10
310.4627687563
 20
223.0344028173
 30
0.0
 10
310.461452008
 20
223.0388578219
 30
0.0
 10
310.4600636137
 20
223.0462994465
 30
0.0
 10
310.4572656158
 20
223.0611593295
 30
0.0
 10
310.4532274901
 20
223.0859976831
 30
0.0
 10
310.4476189
 20
223.1225544389
 30
0.0
 10
310.4411681261
 20
223.16743772
 30
0.0
 10
310.4312200752
 20
223.2401521352
 30
0.0
 10
310.4239031643
 20
223.2978316656
 30
0.0
 10
310.4190187825
 20
223.3380405809
 30
0.0
  0
SPLINE
  5
B8D
100
AcDbEntity
  8
RUNDUNGEN
100
AcDbSpline
 62
7
  6
CONTINUOUS
 70
0
 71
3
 72
18
 73
14
 74
0
 42
0.0000001
 43
0.0000001
 44
0.0000000001
 40
0.0
 40
0.0
 40
0.0
 40
0.0
 40
0.0068874464
 40
0.0230613736
 40
0.0484321968
 40
0.0828115893
 40
0.1258215187
 40
0.1770091505
 40
0.3019424903
 40
0.4526868292
 40
0.6235985034
 40
0.8084924951
 40
1.0
 40
1.0
 40
1.0
 40
1.0
 10
310.5677020238
 20
229.1361947987
 30
0.0
 10
310.5684026416
 20
229.1368069279
 30
0.0
 10
310.5689122659
 20
229.1401979938
 30
0.0
 10
310.5707020281
 20
229.1462410271
 30
0.0
 10
310.572523611
 20
229.1564773915
 30
0.0
 10
310.5750794025
 20
229.1700607158
 30
0.0
 10
310.5780019802
 20
229.1872043385
 30
0.0
 10
310.582865648
 20
229.2163919864
 30
0.0
 10
310.5898199035
 20
229.2600008201
 30
0.0
 10
310.5991194886
 20
229.3196025147
 30
0.0
 10
310.6095387282
 20
229.3872304334
 30
0.0
 10
310.6207503489
 20
229.4603063576
 30
0.0
 10
310.6284540262
 20
229.5105638721
 30
0.0
 10
310.6323751183
 20
229.5361338768
 30
0.0
  0
SPLINE
  5
B8E
100
AcDbEntity
  8
RUNDUNGEN
100
AcDbSpline
 62
7
  6
CONTINUOUS
 70
0
 71
3
 72
18
 73
14
 74
0
 42
0.0000001
 43
0.0000001
 44
0.0000000001
 40
0.0
 40
0.0
 40
0.0
 40
0.0
 40
0.1915075049
 40
0.3764014966
 40
0.5473131708
 40
0.6980575097
 40
0.8229908495
 40
0.8741784813
 40
0.9171884107
 40
0.9515678032
 40
0.9769386264
 40
0.9931125536
 40
1.0
 40
1.0
 40
1.0
 40
1.0
 10
310.6323751183
 20
222.5405152871
 30
0.0
 10
310.6284540262
 20
222.5660852918
 30
0.0
 10
310.6207503489
 20
222.6163428062
 30
0.0
 10
310.6095387282
 20
222.6894187305
 30
0.0
 10
310.5991194886
 20
222.7570466492
 30
0.0
 10
310.5898199035
 20
222.8166483437
 30
0.0
 10
310.582865648
 20
222.8602571774
 30
0.0
 10
310.5780019802
 20
222.8894448254
 30
0.0
 10
310.5750794025
 20
222.9065884481
 30
0.0
 10
310.572523611
 20
222.9201717724
 30
0.0
 10
310.5707020281
 20
222.9304081368
 30
0.0
 10
310.5689122659
 20
222.9364511701
 30
0.0
 10
310.5684026416
 20
222.939842236
 30
0.0
 10
310.5677020238
 20
222.9404543652
 30
0.0
  0
SPLINE
  5
B8F
100
AcDbEntity
  8
RUNDUNGEN
100
AcDbSpline
 62
3
  6
CONTINUOUS
 70
0
 71
3
 72
11
 73
7
 74
0
 42
0.0000001
 43
0.0000001
 44
0.0000000001
 40
0.0
 40
0.0
 40
0.0
 40
0.0
 40
0.2221510748
 40
0.4615111235
 40
0.7233228027
 40
1.0
 40
1.0
 40
1.0
 40
1.0
 10
351.6877628861
 20
229.0383245819
 30
0.0
 10
351.7292367604
 20
229.0383245819
 30
0.0
 10
351.8165242194
 20
229.0153191271
 30
0.0
 10
351.9203935927
 20
228.9230875634
 30
0.0
 10
351.9876348165
 20
228.7912686567
 30
0.0
 10
352.0029671876
 20
228.6899780584
 30
0.0
 10
352.0029671876
 20
228.6383245819
 30
0.0
  0
SPLINE
  5
B90
100
AcDbEntity
  8
RUNDUNGEN
100
AcDbSpline
 62
3
  6
CONTINUOUS
 70
0
 71
3
 72
11
 73
7
 74
0
 42
0.0000001
 43
0.0000001
 44
0.0000000001
 40
0.0
 40
0.0
 40
0.0
 40
0.0
 40
0.2766771973
 40
0.5384888765
 40
0.7778489252
 40
1.0
 40
1.0
 40
1.0
 40
1.0
 10
352.0029671876
 20
223.4383245819
 30
0.0
 10
352.0029671876
 20
223.3866711055
 30
0.0
 10
351.9876348165
 20
223.2853805071
 30
0.0
 10
351.9203935927
 20
223.1535616005
 30
0.0
 10
351.8165242194
 20
223.0613300368
 30
0.0
 10
351.7292367604
 20
223.0383245819
 30
0.0
 10
351.6877628861
 20
223.0383245819
 30
0.0
  0
SPLINE
  5
B91
100
AcDbEntity
  8
0
100
AcDbSpline
 62
3
  6
CONTINUOUS
 70
0
 71
3
 72
9
 73
5
 74
0
 42
0.0000001
 43
0.0000001
 44
0.0000000001
 40
0.0
 40
0.0
 40
0.0
 40
0.0
 40
0.5240604112
 40
1.0
 40
1.0
 40
1.0
 40
1.0
 10
352.5920916786
 20
222.5383245819
 30
0.0
 10
352.5920916786
 20
222.6186015809
 30
0.0
 10
352.5646154598
 20
222.7732366792
 30
0.0
 10
352.4776326359
 20
222.9067869494
 30
0.0
 10
352.4230649411
 20
222.955135794
 30
0.0
  0
SPLINE
  5
B92
100
AcDbEntity
  8
0
100
AcDbSpline
 62
3
  6
CONTINUOUS
 70
0
 71
3
 72
9
 73
5
 74
0
 42
0.0000001
 43
0.0000001
 44
0.0000000001
 40
0.0
 40
0.0
 40
0.0
 40
0.0
 40
0.2598378402
 40
1.0
 40
1.0
 40
1.0
 40
1.0
 10
352.4230649411
 20
222.955135794
 30
0.0
 10
352.4153984744
 20
222.9619285458
 30
0.0
 10
352.3849205514
 20
222.986929455
 30
0.0
 10
352.3503205574
 20
223.0070782857
 30
0.0
 10
352.3232505004
 20
223.0179654035
 30
0.0
  0
SPLINE
  5
B93
100
AcDbEntity
  8
0
100
AcDbSpline
 62
3
  6
CONTINUOUS
 70
0
 71
3
 72
9
 73
5
 74
0
 42
0.0000001
 43
0.0000001
 44
0.0000000001
 40
0.0
 40
0.0
 40
0.0
 40
0.0
 40
0.2413031246
 40
1.0
 40
1.0
 40
1.0
 40
1.0
 10
352.3232505004
 20
229.0586837603
 30
0.0
 10
352.3320768825
 20
229.0622335815
 30
0.0
 10
352.367962735
 20
229.0786516835
 30
0.0
 10
352.4006767691
 20
229.1016766834
 30
0.0
 10
352.4230649411
 20
229.1215133699
 30
0.0
  0
SPLINE
  5
B94
100
AcDbEntity
  8
0
100
AcDbSpline
 62
3
  6
CONTINUOUS
 70
0
 71
3
 72
9
 73
5
 74
0
 42
0.0000001
 43
0.0000001
 44
0.0000000001
 40
0.0
 40
0.0
 40
0.0
 40
0.0
 40
0.4759395888
 40
1.0
 40
1.0
 40
1.0
 40
1.0
 10
352.4230649411
 20
229.1215133699
 30
0.0
 10
352.4776326359
 20
229.1698622145
 30
0.0
 10
352.5646154598
 20
229.3034124846
 30
0.0
 10
352.5920916786
 20
229.458047583
 30
0.0
 10
352.5920916786
 20
229.5383245819
 30
0.0
  0
SPLINE
  5
B95
100
AcDbEntity
  8
0
100
AcDbSpline
 62
7
  6
CONTINUOUS
 70
0
 71
3
 72
10
 73
6
 74
0
 42
0.0000001
 43
0.0000001
 44
0.0000000001
 40
0.0
 40
0.0
 40
0.0
 40
0.0
 40
0.374832735
 40
0.6503213744
 40
1.0
 40
1.0
 40
1.0
 40
1.0
 10
220.3762629385
 20
137.3009349507
 30
0.0
 10
220.379727367
 20
137.3009372901
 30
0.0
 10
220.3853098662
 20
137.3049408559
 30
0.0
 10
220.3904977183
 20
137.3124027936
 30
0.0
 10
220.3932210091
 20
137.3175645644
 30
0.0
 10
220.394594832
 20
137.3204899783
 30
0.0
  0
SPLINE
  5
B96
100
AcDbEntity
  8
0
100
AcDbSpline
 62
7
  6
CONTINUOUS
 70
0
 71
3
 72
10
 73
6
 74
0
 42
0.0000001
 43
0.0000001
 44
0.0000000001
 40
0.0
 40
0.0
 40
0.0
 40
0.0
 40
0.3745641223
 40
0.6500771351
 40
1.0
 40
1.0
 40
1.0
 40
1.0
 10
219.3762628906
 20
137.3009426353
 30
0.0
 10
219.3797246604
 20
137.3009396633
 30
0.0
 10
219.3853138533
 20
137.3049310324
 30
0.0
 10
219.3904986458
 20
137.3123959524
 30
0.0
 10
219.3932211784
 20
137.3175602918
 30
0.0
 10
219.3945948975
 20
137.3204880669
 30
0.0
  0
SPLINE
  5
B97
100
AcDbEntity
  8
0
100
AcDbSpline
 62
7
  6
CONTINUOUS
 70
0
 71
3
 72
10
 73
6
 74
0
 42
0.0000001
 43
0.0000001
 44
0.0000000001
 40
0.0
 40
0.0
 40
0.0
 40
0.0
 40
0.374861473
 40
0.6502995965
 40
1.0
 40
1.0
 40
1.0
 40
1.0
 10
218.3762629562
 20
137.3009407638
 30
0.0
 10
218.3797266372
 20
137.300944364
 30
0.0
 10
218.3853089934
 20
137.3049407947
 30
0.0
 10
218.3904984519
 20
137.3123996806
 30
0.0
 10
218.3932212517
 20
137.3175592839
 30
0.0
 10
218.3945948337
 20
137.3204839902
 30
0.0
  0
SPLINE
  5
B98
100
AcDbEntity
  8
0
100
AcDbSpline
 62
7
  6
CONTINUOUS
 70
0
 71
3
 72
10
 73
6
 74
0
 42
0.0000001
 43
0.0000001
 44
0.0000000001
 40
0.0
 40
0.0
 40
0.0
 40
0.0
 40
0.3746449258
 40
0.6501986068
 40
1.0
 40
1.0
 40
1.0
 40
1.0
 10
217.3762628879
 20
137.3009367682
 30
0.0
 10
217.379726008
 20
137.3009332226
 30
0.0
 10
217.385313291
 20
137.3049351412
 30
0.0
 10
217.3904974498
 20
137.3124004519
 30
0.0
 10
217.3932209898
 20
137.3175649206
 30
0.0
 10
217.3945948774
 20
137.3204919996
 30
0.0
  0
SPLINE
  5
B99
100
AcDbEntity
  8
0
100
AcDbSpline
 62
7
  6
CONTINUOUS
 70
0
 71
3
 72
10
 73
6
 74
0
 42
0.0000001
 43
0.0000001
 44
0.0000000001
 40
0.0
 40
0.0
 40
0.0
 40
0.0
 40
0.3748580917
 40
0.6502936427
 40
1.0
 40
1.0
 40
1.0
 40
1.0
 10
220.8762629556
 20
143.2009270136
 30
0.0
 10
220.8797265509
 20
143.2009235073
 30
0.0
 10
220.8853090139
 20
143.1969275768
 30
0.0
 10
220.8904985132
 20
143.1894688306
 30
0.0
 10
220.8932212744
 20
143.1843092827
 30
0.0
 10
220.8945948355
 20
143.181384562
 30
0.0
  0
SPLINE
  5
B9A
100
AcDbEntity
  8
0
100
AcDbSpline
 62
7
  6
CONTINUOUS
 70
0
 71
3
 72
10
 73
6
 74
0
 42
0.0000001
 43
0.0000001
 44
0.0000000001
 40
0.0
 40
0.0
 40
0.0
 40
0.0
 40
0.3746590105
 40
0.6502101493
 40
1.0
 40
1.0
 40
1.0
 40
1.0
 10
219.8762628943
 20
143.2009319489
 30
0.0
 10
219.8797261769
 20
143.2009351957
 30
0.0
 10
219.88531304
 20
143.1969324669
 30
0.0
 10
219.8904974232
 20
143.1894673093
 30
0.0
 10
219.8932209752
 20
143.1843029082
 30
0.0
 10
219.8945948692
 20
143.1813759171
 30
0.0
  0
SPLINE
  5
B9B
100
AcDbEntity
  8
0
100
AcDbSpline
 62
7
  6
CONTINUOUS
 70
0
 71
3
 72
10
 73
6
 74
0
 42
0.0000001
 43
0.0000001
 44
0.0000000001
 40
0.0
 40
0.0
 40
0.0
 40
0.0
 40
0.3747278886
 40
0.6501426275
 40
1.0
 40
1.0
 40
1.0
 40
1.0
 10
218.8762629277
 20
143.200923216
 30
0.0
 10
218.8797251894
 20
143.2009225949
 30
0.0
 10
218.8853104222
 20
143.1969325141
 30
0.0
 10
218.8904995883
 20
143.1894733986
 30
0.0
 10
218.8932215722
 20
143.1843123641
 30
0.0
 10
218.8945948769
 20
143.181386118
 30
0.0
  0
SPLINE
  5
B9C
100
AcDbEntity
  8
0
100
AcDbSpline
 62
7
  6
CONTINUOUS
 70
0
 71
3
 72
10
 73
6
 74
0
 42
0.0000001
 43
0.0000001
 44
0.0000000001
 40
0.0
 40
0.0
 40
0.0
 40
0.0
 40
0.3748256272
 40
0.6503182684
 40
1.0
 40
1.0
 40
1.0
 40
1.0
 10
217.8762629358
 20
143.2009334739
 30
0.0
 10
217.8797273604
 20
143.2009314391
 30
0.0
 10
217.8853100055
 20
143.1969274955
 30
0.0
 10
217.8904976825
 20
143.1894653482
 30
0.0
 10
217.893221
 20
143.1843033809
 30
0.0
 10
217.8945948335
 20
143.1813778769
 30
0.0
  0
SPLINE
  5
B9D
100
AcDbEntity
  8
0
100
AcDbSpline
 62
7
  6
CONTINUOUS
 70
0
 71
3
 72
10
 73
6
 74
0
 42
0.0000001
 43
0.0000001
 44
0.0000000001
 40
0.0
 40
0.0
 40
0.0
 40
0.0
 40
0.3497526014
 40
0.6252910004
 40
1.0
 40
1.0
 40
1.0
 40
1.0
 10
220.1579309487
 20
137.3204923985
 30
0.0
 10
220.1593048484
 20
137.3175657816
 30
0.0
 10
220.1620283968
 20
137.3124018076
 30
0.0
 10
220.1672136567
 20
137.304937502
 30
0.0
 10
220.1727991846
 20
137.3009326117
 30
0.0
 10
220.1762629385
 20
137.3009349507
 30
0.0
  0
SPLINE
  5
B9E
100
AcDbEntity
  8
0
100
AcDbSpline
 62
7
  6
CONTINUOUS
 70
0
 71
3
 72
10
 73
6
 74
0
 42
0.0000001
 43
0.0000001
 44
0.0000000001
 40
0.0
 40
0.0
 40
0.0
 40
0.0
 40
0.3497357957
 40
0.6251623421
 40
1.0
 40
1.0
 40
1.0
 40
1.0
 10
219.1579309626
 20
137.3204824137
 30
0.0
 10
219.159304437
 20
137.3175575214
 30
0.0
 10
219.1620270419
 20
137.3123980123
 30
0.0
 10
219.1672166318
 20
137.3049396354
 30
0.0
 10
219.1727996481
 20
137.3009456087
 30
0.0
 10
219.1762628906
 20
137.3009426353
 30
0.0
  0
SPLINE
  5
B9F
100
AcDbEntity
  8
0
100
AcDbSpline
 62
7
  6
CONTINUOUS
 70
0
 71
3
 72
10
 73
6
 74
0
 42
0.0000001
 43
0.0000001
 44
0.0000000001
 40
0.0
 40
0.0
 40
0.0
 40
0.0
 40
0.3498910618
 40
0.6254369721
 40
1.0
 40
1.0
 40
1.0
 40
1.0
 10
218.1579309143
 20
137.3204900052
 30
0.0
 10
218.1593047202
 20
137.3175622789
 30
0.0
 10
218.1620278089
 20
137.3123975729
 30
0.0
 10
218.1672115001
 20
137.3049314902
 30
0.0
 10
218.1728008903
 20
137.3009371652
 30
0.0
 10
218.1762629562
 20
137.3009407638
 30
0.0
  0
SPLINE
  5
BA0
100
AcDbEntity
  8
0
100
AcDbSpline
 62
7
  6
CONTINUOUS
 70
0
 71
3
 72
10
 73
6
 74
0
 42
0.0000001
 43
0.0000001
 44
0.0000000001
 40
0.0
 40
0.0
 40
0.0
 40
0.0
 40
0.3496674173
 40
0.6251375068
 40
1.0
 40
1.0
 40
1.0
 40
1.0
 10
217.1579309673
 20
137.3204887253
 30
0.0
 10
217.1593047344
 20
137.3175637162
 30
0.0
 10
217.162027896
 20
137.312402859
 30
0.0
 10
217.1672165286
 20
137.304941949
 30
0.0
 10
217.1727984926
 20
137.3009403151
 30
0.0
 10
217.1762628879
 20
137.3009367682
 30
0.0
  0
SPLINE
  5
BA1
100
AcDbEntity
  8
0
100
AcDbSpline
 62
7
  6
CONTINUOUS
 70
0
 71
3
 72
10
 73
6
 74
0
 42
0.0000001
 43
0.0000001
 44
0.0000000001
 40
0.0
 40
0.0
 40
0.0
 40
0.0
 40
0.3498985518
 40
0.6254396685
 40
1.0
 40
1.0
 40
1.0
 40
1.0
 10
220.6579309131
 20
143.1813785154
 30
0.0
 10
220.6593047043
 20
143.1843062703
 30
0.0
 10
220.6620277015
 20
143.1894709315
 30
0.0
 10
220.6672115282
 20
143.1969368852
 30
0.0
 10
220.6728009676
 20
143.2009305183
 30
0.0
 10
220.6762629556
 20
143.2009270136
 30
0.0
  0
SPLINE
  5
BA2
100
AcDbEntity
  8
0
100
AcDbSpline
 62
7
  6
CONTINUOUS
 70
0
 71
3
 72
10
 73
6
 74
0
 42
0.0000001
 43
0.0000001
 44
0.0000000001
 40
0.0
 40
0.0
 40
0.0
 40
0.0
 40
0.3496721116
 40
0.6251454626
 40
1.0
 40
1.0
 40
1.0
 40
1.0
 10
219.6579309795
 20
143.1813795819
 30
0.0
 10
219.6593047551
 20
143.1843046848
 30
0.0
 10
219.6620279363
 20
143.1894657236
 30
0.0
 10
219.6672164097
 20
143.1969268099
 30
0.0
 10
219.6727985238
 20
143.2009287012
 30
0.0
 10
219.6762628943
 20
143.2009319489
 30
0.0
  0
SPLINE
  5
BA3
100
AcDbEntity
  8
0
100
AcDbSpline
 62
7
  6
CONTINUOUS
 70
0
 71
3
 72
10
 73
6
 74
0
 42
0.0000001
 43
0.0000001
 44
0.0000000001
 40
0.0
 40
0.0
 40
0.0
 40
0.0
 40
0.3499106769
 40
0.6253366388
 40
1.0
 40
1.0
 40
1.0
 40
1.0
 10
218.6579309183
 20
143.1813845386
 30
0.0
 10
218.6593043524
 20
143.1843115522
 30
0.0
 10
218.6620260341
 20
143.1894739322
 30
0.0
 10
218.667214478
 20
143.1969344418
 30
0.0
 10
218.6728009867
 20
143.200923837
 30
0.0
 10
218.6762629277
 20
143.200923216
 30
0.0
  0
SPLINE
  5
BA4
100
AcDbEntity
  8
0
100
AcDbSpline
 62
7
  6
CONTINUOUS
 70
0
 71
3
 72
10
 73
6
 74
0
 42
0.0000001
 43
0.0000001
 44
0.0000000001
 40
0.0
 40
0.0
 40
0.0
 40
0.0
 40
0.3497438457
 40
0.6252783921
 40
1.0
 40
1.0
 40
1.0
 40
1.0
 10
217.6579309514
 20
143.181375833
 30
0.0
 10
217.6593048496
 20
143.1843023488
 30
0.0
 10
217.6620283865
 20
143.189466184
 30
0.0
 10
217.6672138831
 20
143.1969302662
 30
0.0
 10
217.6727990771
 20
143.2009355084
 30
0.0
 10
217.6762629358
 20
143.2009334739
 30
0.0
  0
SPLINE
  5
BA5
100
AcDbEntity
  8
0
100
AcDbSpline
 62
7
  6
CONTINUOUS
 70
0
 71
3
 72
10
 73
6
 74
0
 42
0.0000001
 43
0.0000001
 44
0.0000000001
 40
0.0
 40
0.0
 40
0.0
 40
0.0
 40
0.3748164255
 40
0.6503135066
 40
1.0
 40
1.0
 40
1.0
 40
1.0
 10
215.376262933
 20
137.300934493
 30
0.0
 10
215.3797273981
 20
137.3009361904
 30
0.0
 10
215.3853102873
 20
137.3049406133
 30
0.0
 10
215.3904978305
 20
137.3124031352
 30
0.0
 10
215.3932212071
 20
137.317565428
 30
0.0
 10
215.394595067
 20
137.3204910974
 30
0.0
  0
SPLINE
  5
BA6
100
AcDbEntity
  8
0
100
AcDbSpline
 62
7
  6
CONTINUOUS
 70
0
 71
3
 72
10
 73
6
 74
0
 42
0.0000001
 43
0.0000001
 44
0.0000000001
 40
0.0
 40
0.0
 40
0.0
 40
0.0
 40
0.3745725597
 40
0.650068142
 40
1.0
 40
1.0
 40
1.0
 40
1.0
 10
214.3762628938
 20
137.3009432677
 30
0.0
 10
214.3797246728
 20
137.3009406437
 30
0.0
 10
214.3853135996
 20
137.3049313452
 30
0.0
 10
214.3904991263
 20
137.3123956918
 30
0.0
 10
214.3932214357
 20
137.3175599296
 30
0.0
 10
214.3945951298
 20
137.3204877371
 30
0.0
  0
SPLINE
  5
BA7
100
AcDbEntity
  8
0
100
AcDbSpline
 62
7
  6
CONTINUOUS
 70
0
 71
3
 72
10
 73
6
 74
0
 42
0.0000001
 43
0.0000001
 44
0.0000000001
 40
0.0
 40
0.0
 40
0.0
 40
0.0
 40
0.3748538368
 40
0.6503018382
 40
1.0
 40
1.0
 40
1.0
 40
1.0
 10
213.3762629838
 20
137.3009384232
 30
0.0
 10
213.3797268799
 20
137.3009417797
 30
0.0
 10
213.3853093773
 20
137.3049397441
 30
0.0
 10
213.3904985388
 20
137.312399493
 30
0.0
 10
213.3932214427
 20
137.3175597042
 30
0.0
 10
213.3945950758
 20
137.3204846579
 30
0.0
  0
SPLINE
  5
BA8
100
AcDbEntity
  8
0
100
AcDbSpline
 62
7
  6
CONTINUOUS
 70
0
 71
3
 72
10
 73
6
 74
0
 42
0.0000001
 43
0.0000001
 44
0.0000000001
 40
0.0
 40
0.0
 40
0.0
 40
0.0
 40
0.374567004
 40
0.6500716696
 40
1.0
 40
1.0
 40
1.0
 40
1.0
 10
216.8762628921
 20
143.2009252164
 30
0.0
 10
216.8797246885
 20
143.2009280205
 30
0.0
 10
216.8853138032
 20
143.1969369501
 30
0.0
 10
216.890498977
 20
143.1894722162
 30
0.0
 10
216.8932214142
 20
143.1843078573
 30
0.0
 10
216.8945951297
 20
143.1813800248
 30
0.0
  0
SPLINE
  5
BA9
100
AcDbEntity
  8
0
100
AcDbSpline
 62
7
  6
CONTINUOUS
 70
0
 71
3
 72
10
 73
6
 74
0
 42
0.0000001
 43
0.0000001
 44
0.0000000001
 40
0.0
 40
0.0
 40
0.0
 40
0.0
 40
0.3748627131
 40
0.6503039037
 40
1.0
 40
1.0
 40
1.0
 40
1.0
 10
215.8762629565
 20
143.2009278244
 30
0.0
 10
215.879726774
 20
143.2009241483
 30
0.0
 10
215.8853091148
 20
143.1969270902
 30
0.0
 10
215.8904985742
 20
143.1894678791
 30
0.0
 10
215.8932214449
 20
143.1843080783
 30
0.0
 10
215.8945950639
 20
143.1813833044
 30
0.0
  0
SPLINE
  5
BAA
100
AcDbEntity
  8
0
100
AcDbSpline
 62
7
  6
CONTINUOUS
 70
0
 71
3
 72
10
 73
6
 74
0
 42
0.0000001
 43
0.0000001
 44
0.0000000001
 40
0.0
 40
0.0
 40
0.0
 40
0.0
 40
0.3746338741
 40
0.6501896204
 40
1.0
 40
1.0
 40
1.0
 40
1.0
 10
214.8762628908
 20
143.2009311828
 30
0.0
 10
214.8797259821
 20
143.2009347104
 30
0.0
 10
214.8853135633
 20
143.1969332587
 30
0.0
 10
214.8904976419
 20
143.1894675441
 30
0.0
 10
214.8932212029
 20
143.1843028599
 30
0.0
 10
214.8945951062
 20
143.181375621
 30
0.0
  0
SPLINE
  5
BAB
100
AcDbEntity
  8
0
100
AcDbSpline
 62
7
  6
CONTINUOUS
 70
0
 71
3
 72
10
 73
6
 74
0
 42
0.0000001
 43
0.0000001
 44
0.0000000001
 40
0.0
 40
0.0
 40
0.0
 40
0.0
 40
0.3747514187
 40
0.6501663648
 40
1.0
 40
1.0
 40
1.0
 40
1.0
 10
213.8762629329
 20
143.2009234113
 30
0.0
 10
213.8797254076
 20
143.2009223034
 30
0.0
 10
213.8853102535
 20
143.1969315979
 30
0.0
 10
213.8904996207
 20
143.1894726778
 30
0.0
 10
213.8932217989
 20
143.184311997
 30
0.0
 10
213.8945951031
 20
143.1813859973
 30
0.0
  0
SPLINE
  5
BAC
100
AcDbEntity
  8
0
100
AcDbSpline
 62
7
  6
CONTINUOUS
 70
0
 71
3
 72
10
 73
6
 74
0
 42
0.0000001
 43
0.0000001
 44
0.0000000001
 40
0.0
 40
0.0
 40
0.0
 40
0.0
 40
0.3499194703
 40
0.6253505164
 40
1.0
 40
1.0
 40
1.0
 40
1.0
 10
216.1579306796
 20
137.3204845154
 30
0.0
 10
216.1593041621
 20
137.3175572982
 30
0.0
 10
216.1620258619
 20
137.3123945341
 30
0.0
 10
216.1672141263
 20
137.3049334972
 30
0.0
 10
216.1728009853
 20
137.3009440117
 30
0.0
 10
216.1762629303
 20
137.3009448777
 30
0.0
  0
SPLINE
  5
BAD
100
AcDbEntity
  8
0
100
AcDbSpline
 62
7
  6
CONTINUOUS
 70
0
 71
3
 72
10
 73
6
 74
0
 42
0.0000001
 43
0.0000001
 44
0.0000000001
 40
0.0
 40
0.0
 40
0.0
 40
0.0
 40
0.3497365277
 40
0.625267434
 40
1.0
 40
1.0
 40
1.0
 40
1.0
 10
215.1579307171
 20
137.3204927678
 30
0.0
 10
215.1593046299
 20
137.3175662802
 30
0.0
 10
215.1620281863
 20
137.3124024649
 30
0.0
 10
215.1672139735
 20
137.3049384262
 30
0.0
 10
215.1727989211
 20
137.3009327959
 30
0.0
 10
215.176262933
 20
137.300934493
 30
0.0
  0
SPLINE
  5
BAE
100
AcDbEntity
  8
0
100
AcDbSpline
 62
7
  6
CONTINUOUS
 70
0
 71
3
 72
10
 73
6
 74
0
 42
0.0000001
 43
0.0000001
 44
0.0000000001
 40
0.0
 40
0.0
 40
0.0
 40
0.0
 40
0.3497548284
 40
0.6251780184
 40
1.0
 40
1.0
 40
1.0
 40
1.0
 10
214.1579307202
 20
137.3204824586
 30
0.0
 10
214.159304164
 20
137.317557344
 30
0.0
 10
214.1620267179
 20
137.3123976237
 30
0.0
 10
214.1672163524
 20
137.3049391531
 30
0.0
 10
214.1727997827
 20
137.3009458927
 30
0.0
 10
214.1762628938
 20
137.3009432677
 30
0.0
  0
SPLINE
  5
BAF
100
AcDbEntity
  8
0
100
AcDbSpline
 62
7
  6
CONTINUOUS
 70
0
 71
3
 72
10
 73
6
 74
0
 42
0.0000001
 43
0.0000001
 44
0.0000000001
 40
0.0
 40
0.0
 40
0.0
 40
0.0
 40
0.3498803583
 40
0.6254466797
 40
1.0
 40
1.0
 40
1.0
 40
1.0
 10
213.1579306254
 20
137.3204948853
 30
0.0
 10
213.1593045314
 20
137.3175666685
 30
0.0
 10
213.162027914
 20
137.3124007523
 30
0.0
 10
213.1672112148
 20
137.304932854
 30
0.0
 10
213.1728003805
 20
137.3009350679
 30
0.0
 10
213.1762629838
 20
137.3009384232
 30
0.0
  0
SPLINE
  5
BB0
100
AcDbEntity
  8
0
100
AcDbSpline
 62
7
  6
CONTINUOUS
 70
0
 71
3
 72
10
 73
6
 74
0
 42
0.0000001
 43
0.0000001
 44
0.0000000001
 40
0.0
 40
0.0
 40
0.0
 40
0.0
 40
0.3497455939
 40
0.6251705871
 40
1.0
 40
1.0
 40
1.0
 40
1.0
 10
216.657930723
 20
143.1813855072
 30
0.0
 10
216.6593041909
 20
143.1843105416
 30
0.0
 10
216.6620267875
 20
143.1894702113
 30
0.0
 10
216.6672164291
 20
143.196928712
 30
0.0
 10
216.6727996878
 20
143.2009224112
 30
0.0
 10
216.6762628921
 20
143.2009252164
 30
0.0
  0
SPLINE
  5
BB1
100
AcDbEntity
  8
0
100
AcDbSpline
 62
7
  6
CONTINUOUS
 70
0
 71
3
 72
10
 73
6
 74
0
 42
0.0000001
 43
0.0000001
 44
0.0000000001
 40
0.0
 40
0.0
 40
0.0
 40
0.0
 40
0.3498842251
 40
0.6254344584
 40
1.0
 40
1.0
 40
1.0
 40
1.0
 10
215.657930679
 20
143.1813773425
 30
0.0
 10
215.6593045153
 20
143.1843051065
 30
0.0
 10
215.6620277199
 20
143.1894699753
 30
0.0
 10
215.6672113676
 20
143.1969363168
 30
0.0
 10
215.6728007494
 20
143.2009314988
 30
0.0
 10
215.6762629565
 20
143.2009278244
 30
0.0
  0
SPLINE
  5
BB2
100
AcDbEntity
  8
0
100
AcDbSpline
 62
7
  6
CONTINUOUS
 70
0
 71
3
 72
10
 73
6
 74
0
 42
0.0000001
 43
0.0000001
 44
0.0000000001
 40
0.0
 40
0.0
 40
0.0
 40
0.0
 40
0.3496733074
 40
0.6251398198
 40
1.0
 40
1.0
 40
1.0
 40
1.0
 10
214.6579307435
 20
143.1813798822
 30
0.0
 10
214.6593045071
 20
143.184304927
 30
0.0
 10
214.6620276602
 20
143.1894657526
 30
0.0
 10
214.6672164403
 20
143.1969265698
 30
0.0
 10
214.6727985421
 20
143.2009276538
 30
0.0
 10
214.6762628908
 20
143.2009311828
 30
0.0
  0
SPLINE
  5
BB3
100
AcDbEntity
  8
0
100
AcDbSpline
 62
7
  6
CONTINUOUS
 70
0
 71
3
 72
10
 73
6
 74
0
 42
0.0000001
 43
0.0000001
 44
0.0000000001
 40
0.0
 40
0.0
 40
0.0
 40
0.0
 40
0.3499257627
 40
0.625362505
 40
1.0
 40
1.0
 40
1.0
 40
1.0
 10
213.657930678
 20
143.1813832749
 30
0.0
 10
213.6593041915
 20
143.1843106101
 30
0.0
 10
213.6620258994
 20
143.1894736153
 30
0.0
 10
213.6672138982
 20
143.1969350302
 30
0.0
 10
213.6728010325
 20
143.2009245191
 30
0.0
 10
213.6762629329
 20
143.2009234113
 30
0.0
  0
SPLINE
  5
BB4
100
AcDbEntity
  8
0
100
AcDbSpline
 62
7
  6
CONTINUOUS
 70
0
 71
3
 72
10
 73
6
 74
0
 42
0.0000001
 43
0.0000001
 44
0.0000000001
 40
0.0
 40
0.0
 40
0.0
 40
0.0
 40
0.3746215153
 40
0.6501789945
 40
1.0
 40
1.0
 40
1.0
 40
1.0
 10
212.3762628894
 20
137.3009373987
 30
0.0
 10
212.3797259021
 20
137.3009337705
 30
0.0
 10
212.385313849
 20
137.3049345693
 30
0.0
 10
212.3904978197
 20
137.3124005931
 30
0.0
 10
212.3932213873
 20
137.3175654428
 30
0.0
 10
212.3945952992
 20
137.3204928231
 30
0.0
  0
SPLINE
  5
BB5
100
AcDbEntity
  8
0
100
AcDbSpline
 62
7
  6
CONTINUOUS
 70
0
 71
3
 72
10
 73
6
 74
0
 42
0.0000001
 43
0.0000001
 44
0.0000000001
 40
0.0
 40
0.0
 40
0.0
 40
0.0
 40
0.3747621615
 40
0.6501779432
 40
1.0
 40
1.0
 40
1.0
 40
1.0
 10
211.3762629354
 20
137.3009446279
 30
0.0
 10
211.3797255383
 20
137.3009459733
 30
0.0
 10
211.3853102247
 20
137.3049370721
 30
0.0
 10
211.3904996904
 20
137.312395988
 30
0.0
 10
211.39322197
 20
137.3175565595
 30
0.0
 10
211.3945952905
 20
137.3204824632
 30
0.0
  0
SPLINE
  5
BB6
100
AcDbEntity
  8
0
100
AcDbSpline
 62
7
  6
CONTINUOUS
 70
0
 71
3
 72
10
 73
6
 74
0
 42
0.0000001
 43
0.0000001
 44
0.0000000001
 40
0.0
 40
0.0
 40
0.0
 40
0.0
 40
0.3747978408
 40
0.6503035181
 40
1.0
 40
1.0
 40
1.0
 40
1.0
 10
210.3762629271
 20
137.3009341953
 30
0.0
 10
210.3797273816
 20
137.3009351153
 30
0.0
 10
210.3853107269
 20
137.3049402813
 30
0.0
 10
210.3904979171
 20
137.3124033259
 30
0.0
 10
210.3932213703
 20
137.3175661223
 30
0.0
 10
210.3945952613
 20
137.320492045
 30
0.0
  0
SPLINE
  5
BB7
100
AcDbEntity
  8
0
100
AcDbSpline
 62
7
  6
CONTINUOUS
 70
0
 71
3
 72
10
 73
6
 74
0
 42
0.0000001
 43
0.0000001
 44
0.0000000001
 40
0.0
 40
0.0
 40
0.0
 40
0.0
 40
0.3745827317
 40
0.6500783156
 40
1.0
 40
1.0
 40
1.0
 40
1.0
 10
209.3762629865
 20
137.3009343564
 30
0.0
 10
209.3797258068
 20
137.3009339982
 30
0.0
 10
209.3853129296
 20
137.3049298758
 30
0.0
 10
209.3904990431
 20
137.3123964604
 30
0.0
 10
209.3932214552
 20
137.3175624223
 30
0.0
 10
209.3945952731
 20
137.3204910442
 30
0.0
  0
SPLINE
  5
BB8
100
AcDbEntity
  8
0
100
AcDbSpline
 62
7
  6
CONTINUOUS
 70
0
 71
3
 72
10
 73
6
 74
0
 42
0.0000001
 43
0.0000001
 44
0.0000000001
 40
0.0
 40
0.0
 40
0.0
 40
0.0
 40
0.3748068504
 40
0.6503083593
 40
1.0
 40
1.0
 40
1.0
 40
1.0
 10
212.8762629301
 20
143.2009338554
 30
0.0
 10
212.8797274168
 20
143.2009325294
 30
0.0
 10
212.8853105561
 20
143.1969276721
 30
0.0
 10
212.8904979478
 20
143.1894648139
 30
0.0
 10
212.8932213766
 20
143.1843022173
 30
0.0
 10
212.8945952593
 20
143.1813763926
 30
0.0
  0
SPLINE
  5
BB9
100
AcDbEntity
  8
0
100
AcDbSpline
 62
7
  6
CONTINUOUS
 70
0
 71
3
 72
10
 73
6
 74
0
 42
0.0000001
 43
0.0000001
 44
0.0000000001
 40
0.0
 40
0.0
 40
0.0
 40
0.0
 40
0.3745780319
 40
0.6500646673
 40
1.0
 40
1.0
 40
1.0
 40
1.0
 10
211.8762628956
 20
143.2009246246
 30
0.0
 10
211.8797247104
 20
143.2009270575
 30
0.0
 10
211.8853134877
 20
143.1969365724
 30
0.0
 10
211.8904994223
 20
143.1894724944
 30
0.0
 10
211.8932216349
 20
143.1843082871
 30
0.0
 10
211.8945953201
 20
143.1813804555
 30
0.0
  0
SPLINE
  5
BBA
100
AcDbEntity
  8
0
100
AcDbSpline
 62
7
  6
CONTINUOUS
 70
0
 71
3
 72
10
 73
6
 74
0
 42
0.0000001
 43
0.0000001
 44
0.0000000001
 40
0.0
 40
0.0
 40
0.0
 40
0.0
 40
0.3748649132
 40
0.6503121255
 40
1.0
 40
1.0
 40
1.0
 40
1.0
 10
210.8762629565
 20
143.2009286657
 30
0.0
 10
210.8797269745
 20
143.2009248949
 30
0.0
 10
210.8853092305
 20
143.1969267197
 30
0.0
 10
210.8904986087
 20
143.1894670239
 30
0.0
 10
210.89322158
 20
143.1843069363
 30
0.0
 10
210.8945952517
 20
143.1813820853
 30
0.0
  0
SPLINE
  5
BBB
100
AcDbEntity
  8
0
100
AcDbSpline
 62
7
  6
CONTINUOUS
 70
0
 71
3
 72
10
 73
6
 74
0
 42
0.0000001
 43
0.0000001
 44
0.0000000001
 40
0.0
 40
0.0
 40
0.0
 40
0.0
 40
0.374610928
 40
0.6501693083
 40
1.0
 40
1.0
 40
1.0
 40
1.0
 10
209.8762628882
 20
143.2009303652
 30
0.0
 10
209.8797257796
 20
143.2009340685
 30
0.0
 10
209.8853140111
 20
143.1969340492
 30
0.0
 10
209.890497855
 20
143.1894678775
 30
0.0
 10
209.8932213958
 20
143.1843029783
 30
0.0
 10
209.8945953016
 20
143.1813755202
 30
0.0
  0
SPLINE
  5
BBC
100
AcDbEntity
  8
0
100
AcDbSpline
 62
7
  6
CONTINUOUS
 70
0
 71
3
 72
10
 73
6
 74
0
 42
0.0000001
 43
0.0000001
 44
0.0000000001
 40
0.0
 40
0.0
 40
0.0
 40
0.0
 40
0.3496751079
 40
0.6251384477
 40
1.0
 40
1.0
 40
1.0
 40
1.0
 10
212.1579305502
 20
137.3204882925
 30
0.0
 10
212.1593043122
 20
137.3175632448
 30
0.0
 10
212.1620274608
 20
137.3124024737
 30
0.0
 10
212.1672163977
 20
137.3049417325
 30
0.0
 10
212.1727985438
 20
137.3009410283
 30
0.0
 10
212.1762628894
 20
137.3009373987
 30
0.0
  0
SPLINE
  5
BBD
100
AcDbEntity
  8
0
100
AcDbSpline
 62
7
  6
CONTINUOUS
 70
0
 71
3
 72
10
 73
6
 74
0
 42
0.0000001
 43
0.0000001
 44
0.0000000001
 40
0.0
 40
0.0
 40
0.0
 40
0.0
 40
0.3499314613
 40
0.6253752273
 40
1.0
 40
1.0
 40
1.0
 40
1.0
 10
211.1579304831
 20
137.3204857154
 30
0.0
 10
211.1593040404
 20
137.3175582147
 30
0.0
 10
211.1620258096
 20
137.3123948781
 30
0.0
 10
211.1672135491
 20
137.3049329175
 30
0.0
 10
211.1728010286
 20
137.3009432829
 30
0.0
 10
211.1762629354
 20
137.3009446279
 30
0.0
  0
SPLINE
  5
BBE
100
AcDbEntity
  8
0
100
AcDbSpline
 62
7
  6
CONTINUOUS
 70
0
 71
3
 72
10
 73
6
 74
0
 42
0.0000001
 43
0.0000001
 44
0.0000000001
 40
0.0
 40
0.0
 40
0.0
 40
0.0
 40
0.3497217974
 40
0.6252446123
 40
1.0
 40
1.0
 40
1.0
 40
1.0
 10
210.1579305288
 20
137.3204929354
 30
0.0
 10
210.159304448
 20
137.3175665932
 30
0.0
 10
210.1620279961
 20
137.3124030032
 30
0.0
 10
210.1672143039
 20
137.304939232
 30
0.0
 10
210.1727986961
 20
137.3009332754
 30
0.0
 10
210.1762629271
 20
137.3009341953
 30
0.0
  0
SPLINE
  5
BBF
100
AcDbEntity
  8
0
100
AcDbSpline
 62
7
  6
CONTINUOUS
 70
0
 71
3
 72
10
 73
6
 74
0
 42
0.0000001
 43
0.0000001
 44
0.0000000001
 40
0.0
 40
0.0
 40
0.0
 40
0.0
 40
0.3499240307
 40
0.6253629939
 40
1.0
 40
1.0
 40
1.0
 40
1.0
 10
209.1579305288
 20
137.3204813998
 30
0.0
 10
209.1593041488
 20
137.3175536587
 30
0.0
 10
209.1620268525
 20
137.3123901711
 30
0.0
 10
209.1672154959
 20
137.304928271
 30
0.0
 10
209.1728006316
 20
137.3009347146
 30
0.0
 10
209.1762629865
 20
137.3009343564
 30
0.0
  0
SPLINE
  5
BC0
100
AcDbEntity
  8
0
100
AcDbSpline
 62
7
  6
CONTINUOUS
 70
0
 71
3
 72
10
 73
6
 74
0
 42
0.0000001
 43
0.0000001
 44
0.0000000001
 40
0.0
 40
0.0
 40
0.0
 40
0.0
 40
0.3497293943
 40
0.6252564575
 40
1.0
 40
1.0
 40
1.0
 40
1.0
 10
212.6579305263
 20
143.1813751067
 30
0.0
 10
212.6593044497
 20
143.1843015518
 30
0.0
 10
212.6620280167
 20
143.1894653127
 30
0.0
 10
212.6672140859
 20
143.1969292837
 30
0.0
 10
212.6727987822
 20
143.2009351813
 30
0.0
 10
212.6762629301
 20
143.2009338554
 30
0.0
  0
SPLINE
  5
BC1
100
AcDbEntity
  8
0
100
AcDbSpline
 62
7
  6
CONTINUOUS
 70
0
 71
3
 72
10
 73
6
 74
0
 42
0.0000001
 43
0.0000001
 44
0.0000000001
 40
0.0
 40
0.0
 40
0.0
 40
0.0
 40
0.3497655105
 40
0.6251873538
 40
1.0
 40
1.0
 40
1.0
 40
1.0
 10
211.6579305239
 20
143.1813854797
 30
0.0
 10
211.659303957
 20
143.1843107471
 30
0.0
 10
211.662026495
 20
143.1894706444
 30
0.0
 10
211.6672161561
 20
143.1969292508
 30
0.0
 10
211.6727998329
 20
143.2009221908
 30
0.0
 10
211.6762628956
 20
143.2009246246
 30
0.0
  0
SPLINE
  5
BC2
100
AcDbEntity
  8
0
100
AcDbSpline
 62
7
  6
CONTINUOUS
 70
0
 71
3
 72
10
 73
6
 74
0
 42
0.0000001
 43
0.0000001
 44
0.0000000001
 40
0.0
 40
0.0
 40
0.0
 40
0.0
 40
0.3498681105
 40
0.6254241143
 40
1.0
 40
1.0
 40
1.0
 40
1.0
 10
210.657930489
 20
143.1813763395
 30
0.0
 10
210.659304363
 20
143.1843040705
 30
0.0
 10
210.6620277322
 20
143.1894690752
 30
0.0
 10
210.6672113465
 20
143.1969356025
 30
0.0
 10
210.6728005093
 20
143.2009324348
 30
0.0
 10
210.6762629565
 20
143.2009286657
 30
0.0
  0
SPLINE
  5
BC3
100
AcDbEntity
  8
0
100
AcDbSpline
 62
7
  6
CONTINUOUS
 70
0
 71
3
 72
10
 73
6
 74
0
 42
0.0000001
 43
0.0000001
 44
0.0000000001
 40
0.0
 40
0.0
 40
0.0
 40
0.0
 40
0.3496765738
 40
0.6251365127
 40
1.0
 40
1.0
 40
1.0
 40
1.0
 10
209.6579305501
 20
143.1813803054
 30
0.0
 10
209.6593042959
 20
143.1843053022
 30
0.0
 10
209.6620274117
 20
143.1894659211
 30
0.0
 10
209.6672164554
 20
143.1969264471
 30
0.0
 10
209.6727985962
 20
143.2009266604
 30
0.0
 10
209.6762628882
 20
143.2009303652
 30
0.0
  0
SPLINE
  5
BC4
100
AcDbEntity
  8
0
100
AcDbSpline
 62
7
  6
CONTINUOUS
 70
0
 71
3
 72
10
 73
6
 74
0
 42
0.0000001
 43
0.0000001
 44
0.0000000001
 40
0.0
 40
0.0
 40
0.0
 40
0.0
 40
0.3748353657
 40
0.6503203726
 40
1.0
 40
1.0
 40
1.0
 40
1.0
 10
208.3762629408
 20
137.3009352333
 30
0.0
 10
208.3797274827
 20
137.3009378325
 30
0.0
 10
208.3853100721
 20
137.3049411933
 30
0.0
 10
208.3904982336
 20
137.3124033028
 30
0.0
 10
208.3932215742
 20
137.3175651732
 30
0.0
 10
208.3945954243
 20
137.3204906764
 30
0.0
  0
SPLINE
  5
BC5
100
AcDbEntity
  8
0
100
AcDbSpline
 62
7
  6
CONTINUOUS
 70
0
 71
3
 72
10
 73
6
 74
0
 42
0.0000001
 43
0.0000001
 44
0.0000000001
 40
0.0
 40
0.0
 40
0.0
 40
0.0
 40
0.3746395607
 40
0.6500756236
 40
1.0
 40
1.0
 40
1.0
 40
1.0
 10
207.3762629103
 20
137.300944637
 30
0.0
 10
207.3797249148
 20
137.3009436314
 30
0.0
 10
207.3853120566
 20
137.3049333712
 30
0.0
 10
207.3905001959
 20
137.312394948
 30
0.0
 10
207.3932219531
 20
137.3175580717
 30
0.0
 10
207.3945954849
 20
137.3204854718
 30
0.0
  0
SPLINE
  5
BC6
100
AcDbEntity
  8
0
100
AcDbSpline
 62
7
  6
CONTINUOUS
 70
0
 71
3
 72
10
 73
6
 74
0
 42
0.0000001
 43
0.0000001
 44
0.0000000001
 40
0.0
 40
0.0
 40
0.0
 40
0.0
 40
0.374815784
 40
0.6502392132
 40
1.0
 40
1.0
 40
1.0
 40
1.0
 10
208.8762629472
 20
143.200924973
 30
0.0
 10
208.8797261011
 20
143.2009224353
 30
0.0
 10
208.8853097213
 20
143.1969291168
 30
0.0
 10
208.8904994042
 20
143.1894703639
 30
0.0
 10
208.8932219876
 20
143.184310401
 30
0.0
 10
208.8945954451
 20
143.181385129
 30
0.0
  0
SPLINE
  5
BC7
100
AcDbEntity
  8
0
100
AcDbSpline
 62
7
  6
CONTINUOUS
 70
0
 71
3
 72
10
 73
6
 74
0
 42
0.0000001
 43
0.0000001
 44
0.0000000001
 40
0.0
 40
0.0
 40
0.0
 40
0.0
 40
0.3746105559
 40
0.6501686058
 40
1.0
 40
1.0
 40
1.0
 40
1.0
 10
207.8762628887
 20
143.2009303642
 30
0.0
 10
207.8797258116
 20
143.2009340313
 30
0.0
 10
207.885314094
 20
143.1969340279
 30
0.0
 10
207.8904979962
 20
143.1894677681
 30
0.0
 10
207.8932215559
 20
143.1843028116
 30
0.0
 10
207.8945954722
 20
143.1813753154
 30
0.0
  0
SPLINE
  5
BC8
100
AcDbEntity
  8
0
100
AcDbSpline
 62
7
  6
CONTINUOUS
 70
0
 71
3
 72
10
 73
6
 74
0
 42
0.0000001
 43
0.0000001
 44
0.0000000001
 40
0.0
 40
0.0
 40
0.0
 40
0.0
 40
0.3748511044
 40
0.6502867076
 40
1.0
 40
1.0
 40
1.0
 40
1.0
 10
206.8762629547
 20
143.200926972
 30
0.0
 10
206.8797266414
 20
143.2009235502
 30
0.0
 10
206.8853093855
 20
143.1969275246
 30
0.0
 10
206.8904990123
 20
143.1894683666
 30
0.0
 10
206.8932218382
 20
143.1843084804
 30
0.0
 10
206.8945954306
 20
143.1813835429
 30
0.0
  0
SPLINE
  5
BC9
100
AcDbEntity
  8
0
100
AcDbSpline
 62
7
  6
CONTINUOUS
 70
0
 71
3
 72
10
 73
6
 74
0
 42
0.0000001
 43
0.0000001
 44
0.0000000001
 40
0.0
 40
0.0
 40
0.0
 40
0.0
 40
0.3496783502
 40
0.6251565606
 40
1.0
 40
1.0
 40
1.0
 40
1.0
 10
206.6579303736
 20
143.1813782494
 30
0.0
 10
206.6593042022
 20
143.1843036326
 30
0.0
 10
206.6620274943
 20
143.1894651978
 30
0.0
 10
206.6672159253
 20
143.196926936
 30
0.0
 10
206.6727983954
 20
143.2009295021
 30
0.0
 10
206.6762628979
 20
143.2009324421
 30
0.0
  0
SPLINE
  5
BCA
100
AcDbEntity
  8
0
100
AcDbSpline
 62
7
  6
CONTINUOUS
 70
0
 71
3
 72
10
 73
6
 74
0
 42
0.0000001
 43
0.0000001
 44
0.0000000001
 40
0.0
 40
0.0
 40
0.0
 40
0.0
 40
0.3498092347
 40
0.6252272734
 40
1.0
 40
1.0
 40
1.0
 40
1.0
 10
207.6579303383
 20
143.1813853284
 30
0.0
 10
207.6593036931
 20
143.1843111654
 30
0.0
 10
207.6620260809
 20
143.1894717219
 30
0.0
 10
207.6672156232
 20
143.1969307763
 30
0.0
 10
207.6728001259
 20
143.2009225306
 30
0.0
 10
207.6762629041
 20
143.2009241537
 30
0.0
  0
SPLINE
  5
BCB
100
AcDbEntity
  8
0
100
AcDbSpline
 62
7
  6
CONTINUOUS
 70
0
 71
3
 72
10
 73
6
 74
0
 42
0.0000001
 43
0.0000001
 44
0.0000000001
 40
0.0
 40
0.0
 40
0.0
 40
0.0
 40
0.3499007598
 40
0.6254398386
 40
1.0
 40
1.0
 40
1.0
 40
1.0
 10
208.6579303105
 20
143.1813775677
 30
0.0
 10
208.6593041396
 20
143.184305474
 30
0.0
 10
208.6620271881
 20
143.1894703776
 30
0.0
 10
208.6672112718
 20
143.1969366412
 30
0.0
 10
208.672800825
 20
143.2009304001
 30
0.0
 10
208.6762629537
 20
143.2009270485
 30
0.0
  0
SPLINE
  5
BCC
100
AcDbEntity
  8
0
100
AcDbSpline
 62
7
  6
CONTINUOUS
 70
0
 71
3
 72
10
 73
6
 74
0
 42
0.0000001
 43
0.0000001
 44
0.0000000001
 40
0.0
 40
0.0
 40
0.0
 40
0.0
 40
0.349871701
 40
0.625425281
 40
1.0
 40
1.0
 40
1.0
 40
1.0
 10
207.157930316
 20
137.3204917709
 30
0.0
 10
207.1593041943
 20
137.317564001
 30
0.0
 10
207.1620275454
 20
137.3123989855
 30
0.0
 10
207.167211277
 20
137.3049324234
 30
0.0
 10
207.1728005144
 20
137.30093601
 30
0.0
 10
207.1762629551
 20
137.30093965
 30
0.0
  0
SPLINE
  5
BCD
100
AcDbEntity
  8
0
100
AcDbSpline
 62
7
  6
CONTINUOUS
 70
0
 71
3
 72
10
 73
6
 74
0
 42
0.0000001
 43
0.0000001
 44
0.0000000001
 40
0.0
 40
0.0
 40
0.0
 40
0.0
 40
0.3496863275
 40
0.6251789862
 40
1.0
 40
1.0
 40
1.0
 40
1.0
 10
208.1579303693
 20
137.3204912116
 30
0.0
 10
208.1593042419
 20
137.3175655231
 30
0.0
 10
208.1620276384
 20
137.3124032597
 30
0.0
 10
208.1672154705
 20
137.3049407351
 30
0.0
 10
208.1727983737
 20
137.3009366707
 30
0.0
 10
208.1762629068
 20
137.3009346854
 30
0.0
  0
SPLINE
  5
BCE
100
AcDbEntity
  8
0
100
AcDbSpline
 62
7
  6
CONTINUOUS
 70
0
 71
3
 72
38
 73
34
 74
0
 42
0.0000001
 43
0.0000001
 44
0.0000000001
 40
0.0
 40
0.0
 40
0.0
 40
0.0
 40
0.0035032458
 40
0.0080490233
 40
0.02030884
 40
0.0367507264
 40
0.0572649211
 40
0.081678064
 40
0.1097860961
 40
0.1413393462
 40
0.17606366
 40
0.2537634076
 40
0.3401321662
 40
0.4321020388
 40
0.5264030401
 40
0.6196812336
 40
0.7086195019
 40
0.7900571526
 40
0.8270465274
 40
0.8611050727
 40
0.8919301539
 40
0.9192529043
 40
0.9428327568
 40
0.9624725934
 40
0.9707617845
 40
0.9780115656
 40
0.9842111976
 40
0.9893533946
 40
0.9934418141
 40
0.996501228
 40
0.9976659758
 40
0.9986101887
 40
1.0
 40
1.0
 40
1.0
 40
1.0
 10
219.8945948692
 20
143.1813759171
 30
0.0
 10
219.8975287669
 20
143.1751254404
 30
0.0
 10
219.9030689548
 20
143.1602132132
 30
0.0
 10
219.9139782814
 20
143.1216873313
 30
0.0
 10
219.9267673385
 20
143.0573350664
 30
0.0
 10
219.9413800883
 20
142.961440495
 30
0.0
 10
219.9560800463
 20
142.8413610873
 30
0.0
 10
219.9709020308
 20
142.6981729729
 30
0.0
 10
219.9857662839
 20
142.5331282214
 30
0.0
 10
220.0006749313
 20
142.347693526
 30
0.0
 10
220.0213629695
 20
142.0646715393
 30
0.0
 10
220.0466659808
 20
141.6736689662
 30
0.0
 10
220.0761491635
 20
141.1698855487
 30
0.0
 10
220.1056942187
 20
140.6333329213
 30
0.0
 10
220.1352680448
 20
140.0831441509
 30
0.0
 10
220.1648282781
 20
139.5389381538
 30
0.0
 10
220.1943437268
 20
139.0201217182
 30
0.0
 10
220.219585608
 20
138.6121870404
 30
0.0
 10
220.2401771273
 20
138.3123473693
 30
0.0
 10
220.2551024796
 20
138.11211257
 30
0.0
 10
220.270002618
 20
137.9309861948
 30
0.0
 10
220.2848572647
 20
137.7705851947
 30
0.0
 10
220.299663543
 20
137.6323340218
 30
0.0
 10
220.3125239526
 20
137.5316148173
 30
0.0
 10
220.3230813427
 20
137.4630830164
 30
0.0
 10
220.3305256364
 20
137.4208834745
 30
0.0
 10
220.3379450769
 20
137.3849934398
 30
0.0
 10
220.3453120129
 20
137.3554699415
 30
0.0
 10
220.352653676
 20
137.3323715501
 30
0.0
 10
220.3590994254
 20
137.3172466899
 30
0.0
 10
220.3646050621
 20
137.3086083729
 30
0.0
 10
220.3690601865
 20
137.3034114997
 30
0.0
 10
220.3735236612
 20
137.3009331009
 30
0.0
 10
220.3762629385
 20
137.3009349507
 30
0.0
  0
SPLINE
  5
BCF
100
AcDbEntity
  8
0
100
AcDbSpline
 62
7
  6
CONTINUOUS
 70
0
 71
3
 72
38
 73
34
 74
0
 42
0.0000001
 43
0.0000001
 44
0.0000000001
 40
0.0
 40
0.0
 40
0.0
 40
0.0
 40
0.0035049035
 40
0.0080522813
 40
0.0203087569
 40
0.0367538462
 40
0.0572649523
 40
0.0816809091
 40
0.1097863366
 40
0.1413418328
 40
0.1760641682
 40
0.2537642011
 40
0.340133221
 40
0.4321032945
 40
0.5264044077
 40
0.619682607
 40
0.7086207704
 40
0.7900582147
 40
0.8270473669
 40
0.8611058482
 40
0.8919311958
 40
0.9192533455
 40
0.9428340589
 40
0.9624726935
 40
0.9707640973
 40
0.9780131529
 40
0.9842106855
 40
0.9893531998
 40
0.9934439564
 40
0.9965030441
 40
0.9976668323
 40
0.998610226
 40
1.0
 40
1.0
 40
1.0
 40
1.0
 10
218.8945948769
 20
143.181386118
 30
0.0
 10
218.8975297456
 20
143.175132482
 30
0.0
 10
218.9030679364
 20
143.1602125257
 30
0.0
 10
218.9139740037
 20
143.1216861854
 30
0.0
 10
218.9267735051
 20
143.0573330386
 30
0.0
 10
218.941375021
 20
142.9614428945
 30
0.0
 10
218.9560839589
 20
142.8413588764
 30
0.0
 10
218.9708990481
 20
142.6981755257
 30
0.0
 10
218.9857685475
 20
142.5331263276
 30
0.0
 10
219.0006732747
 20
142.3476957628
 30
0.0
 10
219.0213645561
 20
142.0646727304
 30
0.0
 10
219.0466654415
 20
141.6736725229
 30
0.0
 10
219.0761492935
 20
141.169887303
 30
0.0
 10
219.1056941432
 20
140.6333331208
 30
0.0
 10
219.13526802
 20
140.0831433105
 30
0.0
 10
219.1648282329
 20
139.5389368758
 30
0.0
 10
219.1943436819
 20
139.0201206511
 30
0.0
 10
219.2195855509
 20
138.6121867198
 30
0.0
 10
219.2401770816
 20
138.3123477935
 30
0.0
 10
219.2551026688
 20
138.1121129068
 30
0.0
 10
219.2700020275
 20
137.9309871012
 30
0.0
 10
219.2848583076
 20
137.7705851238
 30
0.0
 10
219.2996615554
 20
137.6323353231
 30
0.0
 10
219.3125268991
 20
137.5316130224
 30
0.0
 10
219.3230797611
 20
137.4630799111
 30
0.0
 10
219.3305244957
 20
137.4208815987
 30
0.0
 10
219.3379463166
 20
137.3849970592
 30
0.0
 10
219.3453146268
 20
137.3554728311
 30
0.0
 10
219.3526512113
 20
137.3323682869
 30
0.0
 10
219.3590969971
 20
137.3172403883
 30
0.0
 10
219.3646045934
 20
137.3086084123
 30
0.0
 10
219.3690629695
 20
137.3034177858
 30
0.0
 10
219.3735236851
 20
137.300944987
 30
0.0
 10
219.3762628906
 20
137.3009426353
 30
0.0
  0
SPLINE
  5
BD0
100
AcDbEntity
  8
0
100
AcDbSpline
 62
7
  6
CONTINUOUS
 70
0
 71
3
 72
18
 73
14
 74
0
 42
0.0000001
 43
0.0000001
 44
0.0000000001
 40
0.0
 40
0.0
 40
0.0
 40
0.0
 40
0.0080464337
 40
0.0142787408
 40
0.0222972278
 40
0.0440132002
 40
0.0735118012
 40
0.1560148179
 40
0.269457543
 40
0.4125780661
 40
0.5836395478
 40
0.7804426274
 40
1.0
 40
1.0
 40
1.0
 40
1.0
 10
217.6776559312
 20
137.9336723737
 30
0.0
 10
217.675031228
 20
137.9336543068
 30
0.0
 10
217.6708431799
 20
137.937060819
 30
0.0
 10
217.6668980062
 20
137.9429686662
 30
0.0
 10
217.6614895362
 20
137.953495289
 30
0.0
 10
217.6549934562
 20
137.9716919041
 30
0.0
 10
217.643235883
 20
138.0137355113
 30
0.0
 10
217.6286281784
 20
138.0858657626
 30
0.0
 10
217.6106791523
 20
138.1950058711
 30
0.0
 10
217.5913800936
 20
138.3331699529
 30
0.0
 10
217.5707054529
 20
138.4985688348
 30
0.0
 10
217.5487416689
 20
138.6889267558
 30
0.0
 10
217.5339621325
 20
138.8239382591
 30
0.0
 10
217.5262827815
 20
138.8951454913
 30
0.0
  0
SPLINE
  5
BD1
100
AcDbEntity
  8
0
100
AcDbSpline
 62
7
  6
CONTINUOUS
 70
0
 71
3
 72
38
 73
34
 74
0
 42
0.0000001
 43
0.0000001
 44
0.0000000001
 40
0.0
 40
0.0
 40
0.0
 40
0.0
 40
0.0035025982
 40
0.0080496897
 40
0.0203089797
 40
0.0367511543
 40
0.0572651888
 40
0.0816782629
 40
0.1097864714
 40
0.1413393618
 40
0.1760641062
 40
0.2537638762
 40
0.3401326025
 40
0.4321023875
 40
0.5264032505
 40
0.6196812655
 40
0.7086193298
 40
0.7900567694
 40
0.8270473069
 40
0.8611044911
 40
0.891931057
 40
0.9192521571
 40
0.9428337262
 40
0.9624717327
 40
0.9707617234
 40
0.9780125323
 40
0.9842116224
 40
0.9893525047
 40
0.9934415861
 40
0.9965020557
 40
0.9976669308
 40
0.9986108083
 40
1.0
 40
1.0
 40
1.0
 40
1.0
 10
217.8945948335
 20
143.1813778769
 30
0.0
 10
217.8975293054
 20
143.1751290778
 30
0.0
 10
217.9030708793
 20
143.1602157832
 30
0.0
 10
217.9139747176
 20
143.121688075
 30
0.0
 10
217.9267693493
 20
143.0573350686
 30
0.0
 10
217.9413791301
 20
142.9614405504
 30
0.0
 10
217.9560803448
 20
142.8413612779
 30
0.0
 10
217.9709020019
 20
142.6981731404
 30
0.0
 10
217.9857660906
 20
142.5331288486
 30
0.0
 10
218.0006751547
 20
142.3476936417
 30
0.0
 10
218.0213626805
 20
142.0646713584
 30
0.0
 10
218.0466660346
 20
141.6736678734
 30
0.0
 10
218.0761491134
 20
141.1698845059
 30
0.0
 10
218.1056942115
 20
140.6333322472
 30
0.0
 10
218.1352680054
 20
140.0831441253
 30
0.0
 10
218.1648283461
 20
139.5389390178
 30
0.0
 10
218.1943434503
 20
139.0201235897
 30
0.0
 10
218.2195864647
 20
138.6121874075
 30
0.0
 10
218.2401762392
 20
138.3123483367
 30
0.0
 10
218.2551036557
 20
138.1121111053
 30
0.0
 10
218.2700011589
 20
137.9309874674
 30
0.0
 10
218.2848590546
 20
137.7705836788
 30
0.0
 10
218.2996614833
 20
137.6323355266
 30
0.0
 10
218.3125253015
 20
137.531615372
 30
0.0
 10
218.3230816143
 20
137.4630834097
 30
0.0
 10
218.3305248295
 20
137.4208810949
 30
0.0
 10
218.3379440706
 20
137.3849926358
 30
0.0
 10
218.3453137632
 20
137.3554722096
 30
0.0
 10
218.3526545933
 20
137.3323729738
 30
0.0
 10
218.3590988721
 20
137.3172432806
 30
0.0
 10
218.3646041849
 20
137.3086030971
 30
0.0
 10
218.3690596586
 20
137.3034073125
 30
0.0
 10
218.3735249002
 20
137.3009379178
 30
0.0
 10
218.3762629562
 20
137.3009407638
 30
0.0
  0
SPLINE
  5
BD2
100
AcDbEntity
  8
0
100
AcDbSpline
 62
7
  6
CONTINUOUS
 70
0
 71
3
 72
13
 73
9
 74
0
 42
0.0000001
 43
0.0000001
 44
0.0000000001
 40
0.0
 40
0.0
 40
0.0
 40
0.0
 40
0.3686798224
 40
0.6609272428
 40
0.7767829118
 40
0.8719847133
 40
0.9463322554
 40
1.0
 40
1.0
 40
1.0
 40
1.0
 10
213.076262921
 20
137.8643339554
 30
0.0
 10
213.0824532926
 20
137.7968908918
 30
0.0
 10
213.0944115405
 20
137.6760668662
 30
0.0
 10
213.111789598
 20
137.5343951466
 30
0.0
 10
213.1263281487
 20
137.443082962
 30
0.0
 10
213.1362878863
 20
137.3915817787
 30
0.0
 10
213.1461587779
 20
137.3517864206
 30
0.0
 10
213.1537429672
 20
137.329420074
 30
0.0
 10
213.1579306254
 20
137.3204948853
 30
0.0
  0
SPLINE
  5
BD3
100
AcDbEntity
  8
0
100
AcDbSpline
 62
7
  6
CONTINUOUS
 70
0
 71
3
 72
22
 73
18
 74
0
 42
0.0000001
 43
0.0000001
 44
0.0000000001
 40
0.0
 40
0.0
 40
0.0
 40
0.0
 40
0.0028916328
 40
0.0072020485
 40
0.0134111099
 40
0.0216712998
 40
0.03203516
 40
0.0445202137
 40
0.075860302
 40
0.1156289077
 40
0.1636009589
 40
0.2195017708
 40
0.2829556519
 40
0.4306858627
 40
0.6025874232
 40
0.7940330036
 40
1.0
 40
1.0
 40
1.0
 40
1.0
 10
216.6742407427
 20
137.9272361389
 30
0.0
 10
216.6724322869
 20
137.9272235071
 30
0.0
 10
216.6680811972
 20
137.9294970497
 30
0.0
 10
216.6631493046
 20
137.9363364019
 30
0.0
 10
216.65784864
 20
137.9468576272
 30
0.0
 10
216.6524158088
 20
137.9614254892
 30
0.0
 10
216.6467218384
 20
137.9800372167
 30
0.0
 10
216.6382200887
 20
138.0128527667
 30
0.0
 10
216.6274934114
 20
138.0640446253
 30
0.0
 10
216.61464651
 20
138.1374097086
 30
0.0
 10
216.6011138531
 20
138.22622776
 30
0.0
 10
216.5869487187
 20
138.329917527
 30
0.0
 10
216.5661732661
 20
138.4956647392
 30
0.0
 10
216.5392684841
 20
138.7337472218
 30
0.0
 10
216.5057763518
 20
139.0516286792
 30
0.0
 10
216.4696887047
 20
139.4058590472
 30
0.0
 10
216.4449401163
 20
139.6531759607
 30
0.0
 10
216.4323482734
 20
139.7813759987
 30
0.0
  0
SPLINE
  5
BD4
100
AcDbEntity
  8
0
100
AcDbSpline
 62
7
  6
CONTINUOUS
 70
0
 71
3
 72
21
 73
17
 74
0
 42
0.0000001
 43
0.0000001
 44
0.0000000001
 40
0.0
 40
0.0
 40
0.0
 40
0.0
 40
0.0071229142
 40
0.0133616292
 40
0.0216410988
 40
0.0320177775
 40
0.0445112283
 40
0.0758590443
 40
0.1156275963
 40
0.1635953111
 40
0.2194904088
 40
0.2829388595
 40
0.4306567097
 40
0.6025523598
 40
0.7940038323
 40
1.0
 40
1.0
 40
1.0
 40
1.0
 10
215.6708029965
 20
137.9207819271
 30
0.0
 10
215.6663651662
 20
137.9207515329
 30
0.0
 10
215.6599016516
 20
137.9286775533
 30
0.0
 10
215.6541476738
 20
137.9401659499
 30
0.0
 10
215.6484642195
 20
137.9548667008
 30
0.0
 10
215.6427535998
 20
137.973334487
 30
0.0
 10
215.6341384767
 20
138.0060462656
 30
0.0
 10
215.6233699185
 20
138.0570134425
 30
0.0
 10
215.6105057676
 20
138.1301011989
 30
0.0
 10
215.5970277824
 20
138.2185729855
 30
0.0
 10
215.5829766412
 20
138.3218689073
 30
0.0
 10
215.5624510441
 20
138.4869930664
 30
0.0
 10
215.5360096246
 20
138.7241980982
 30
0.0
 10
215.5032620345
 20
139.040929243
 30
0.0
 10
215.4680915808
 20
139.3939115195
 30
0.0
 10
215.4440297769
 20
139.6403700234
 30
0.0
 10
215.4318354958
 20
139.7681354061
 30
0.0
  0
SPLINE
  5
BD5
100
AcDbEntity
  8
0
100
AcDbSpline
 62
7
  6
CONTINUOUS
 70
0
 71
3
 72
21
 73
17
 74
0
 42
0.0000001
 43
0.0000001
 44
0.0000000001
 40
0.0
 40
0.0
 40
0.0
 40
0.0
 40
0.0072464479
 40
0.0135151508
 40
0.0218141319
 40
0.0322037512
 40
0.0447052164
 40
0.0760568108
 40
0.1158170077
 40
0.1637693842
 40
0.2196450435
 40
0.2830715443
 40
0.4307436096
 40
0.6025967769
 40
0.7940163503
 40
1.0
 40
1.0
 40
1.0
 40
1.0
 10
214.6673427674
 20
137.9143099856
 30
0.0
 10
214.662844201
 20
137.91428022
 30
0.0
 10
214.6562058173
 20
137.9220859213
 30
0.0
 10
214.650316447
 20
137.9336109775
 30
0.0
 10
214.6445423076
 20
137.9482442697
 30
0.0
 10
214.6387584433
 20
137.966648644
 30
0.0
 10
214.6300607371
 20
137.999226474
 30
0.0
 10
214.6192358474
 20
138.0499955909
 30
0.0
 10
214.606364588
 20
138.1227981791
 30
0.0
 10
214.5929402687
 20
138.2109262145
 30
0.0
 10
214.579003467
 20
138.3138238793
 30
0.0
 10
214.5587222634
 20
138.4783210222
 30
0.0
 10
214.5327352167
 20
138.7146445115
 30
0.0
 10
214.5007196125
 20
139.0302246492
 30
0.0
 10
214.4664612444
 20
139.3819607176
 30
0.0
 10
214.4430889626
 20
139.627563421
 30
0.0
 10
214.4312876838
 20
139.7548943498
 30
0.0
  0
SPLINE
  5
BD6
100
AcDbEntity
  8
0
100
AcDbSpline
 62
7
  6
CONTINUOUS
 70
0
 71
3
 72
17
 73
13
 74
0
 42
0.0000001
 43
0.0000001
 44
0.0000000001
 40
0.0
 40
0.0
 40
0.0
 40
0.0
 40
0.4202183933
 40
0.5893090023
 40
0.7295445152
 40
0.7886531354
 40
0.8403381686
 40
0.8845691955
 40
0.921377866
 40
0.9508652943
 40
0.9732805168
 40
1.0
 40
1.0
 40
1.0
 40
1.0
 10
213.276262921
 20
137.8643339554
 30
0.0
 10
213.2836702131
 20
137.7836327467
 30
0.0
 10
213.2949094992
 20
137.6705195449
 30
0.0
 10
213.3126236321
 20
137.53093613
 30
0.0
 10
213.3233253199
 20
137.4606801775
 30
0.0
 10
213.3320997231
 20
137.4130624693
 30
0.0
 10
213.3382775516
 20
137.3838149932
 30
0.0
 10
213.3444635482
 20
137.3589432764
 30
0.0
 10
213.3505438009
 20
137.3385804315
 30
0.0
 10
213.3567944464
 20
137.3224051658
 30
0.0
 10
213.3633651363
 20
137.3093866273
 30
0.0
 10
213.3711100497
 20
137.3009334299
 30
0.0
 10
213.3762629838
 20
137.3009384232
 30
0.0
  0
SPLINE
  5
BD7
100
AcDbEntity
  8
0
100
AcDbSpline
 62
7
  6
CONTINUOUS
 70
0
 71
3
 72
16
 73
12
 74
0
 42
0.0000001
 43
0.0000001
 44
0.0000000001
 40
0.0
 40
0.0
 40
0.0
 40
0.0
 40
0.0267525208
 40
0.0491215982
 40
0.078527083
 40
0.115225811
 40
0.1593252133
 40
0.2698162521
 40
0.4098192998
 40
0.5787958691
 40
1.0
 40
1.0
 40
1.0
 40
1.0
 10
213.6638714962
 20
137.9078518923
 30
0.0
 10
213.6596216405
 20
137.9078384272
 30
0.0
 10
213.6531557025
 20
137.9146095921
 30
0.0
 10
213.6473783377
 20
137.9251468451
 30
0.0
 10
213.6418346004
 20
137.9382633755
 30
0.0
 10
213.636297341
 20
137.9548181292
 30
0.0
 10
213.6280167174
 20
137.9840930448
 30
0.0
 10
213.6177648202
 20
138.0297650367
 30
0.0
 10
213.6056236728
 20
138.0952997243
 30
0.0
 10
213.5874799768
 20
138.209875294
 30
0.0
 10
213.5754196072
 20
138.3028694883
 30
0.0
 10
213.5673127047
 20
138.3692886074
 30
0.0
  0
SPLINE
  5
BD8
100
AcDbEntity
  8
0
100
AcDbSpline
 62
7
  6
CONTINUOUS
 70
0
 71
3
 72
20
 73
16
 74
0
 42
0.0000001
 43
0.0000001
 44
0.0000000001
 40
0.0
 40
0.0
 40
0.0
 40
0.0
 40
0.0074987605
 40
0.0138324166
 40
0.0221751664
 40
0.032594738
 40
0.0451162953
 40
0.0764863508
 40
0.116242747
 40
0.1641739366
 40
0.2833956349
 40
0.4309629932
 40
0.6027150634
 40
0.7940559584
 40
1.0
 40
1.0
 40
1.0
 40
1.0
 10
212.6603488976
 20
137.9013100997
 30
0.0
 10
212.6557271216
 20
137.9012853687
 30
0.0
 10
212.6487613929
 20
137.9088706892
 30
0.0
 10
212.6426023405
 20
137.9204684836
 30
0.0
 10
212.636655665
 20
137.9349797161
 30
0.0
 10
212.6307311968
 20
137.9532651354
 30
0.0
 10
212.6218779635
 20
137.9855899748
 30
0.0
 10
212.6109507721
 20
138.035983474
 30
0.0
 10
212.5980705422
 20
138.1082401432
 30
0.0
 10
212.57889281
 20
138.2343254364
 30
0.0
 10
212.5549405584
 20
138.4268455789
 30
0.0
 10
212.5261166083
 20
138.6955997344
 30
0.0
 10
212.495548486
 20
139.0088600294
 30
0.0
 10
212.4630982484
 20
139.3580798882
 30
0.0
 10
212.4411192606
 20
139.6019580705
 30
0.0
 10
212.4300872769
 20
139.7284108506
 30
0.0
  0
SPLINE
  5
BD9
100
AcDbEntity
  8
0
100
AcDbSpline
 62
7
  6
CONTINUOUS
 70
0
 71
3
 72
16
 73
12
 74
0
 42
0.0000001
 43
0.0000001
 44
0.0000000001
 40
0.0
 40
0.0
 40
0.0
 40
0.0
 40
0.1970309883
 40
0.3768426702
 40
0.5372358522
 40
0.6766003662
 40
0.7935393727
 40
0.8868840919
 40
0.955780973
 40
0.9809589389
 40
1.0
 40
1.0
 40
1.0
 40
1.0
 10
217.026262921
 20
138.5169675946
 30
0.0
 10
217.0315317971
 20
138.4379584217
 30
0.0
 10
217.0419670525
 20
138.2868682644
 30
0.0
 10
217.0582531353
 20
138.0715724166
 30
0.0
 10
217.0745012445
 20
137.8795199308
 30
0.0
 10
217.0906898957
 20
137.7128362162
 30
0.0
 10
217.1067444303
 20
137.5732149323
 30
0.0
 10
217.12268569
 20
137.4621589092
 30
0.0
 10
217.136641407
 20
137.3880448456
 30
0.0
 10
217.1485968321
 20
137.3441734121
 30
0.0
 10
217.1546778485
 20
137.3274152285
 30
0.0
 10
217.1579309673
 20
137.3204887253
 30
0.0
  0
SPLINE
  5
BDA
100
AcDbEntity
  8
0
100
AcDbSpline
 62
7
  6
CONTINUOUS
 70
0
 71
3
 72
20
 73
16
 74
0
 42
0.0000001
 43
0.0000001
 44
0.0000000001
 40
0.0
 40
0.0
 40
0.0
 40
0.0
 40
0.0076267808
 40
0.0139953515
 40
0.0223625426
 40
0.0327993045
 40
0.0453329
 40
0.076716091
 40
0.1164726592
 40
0.164393208
 40
0.2835689903
 40
0.4310757959
 40
0.6027705711
 40
0.7940757522
 40
1.0
 40
1.0
 40
1.0
 40
1.0
 10
211.6568151037
 20
137.8947808085
 30
0.0
 10
211.6521313357
 20
137.8947595568
 30
0.0
 10
211.6450117407
 20
137.9022448516
 30
0.0
 10
211.6387197331
 20
137.9138789452
 30
0.0
 10
211.6326909873
 20
137.9283358206
 30
0.0
 10
211.6266992035
 20
137.9465659871
 30
0.0
 10
211.6177730287
 20
137.9787709526
 30
0.0
 10
211.6067996691
 20
138.0289831652
 30
0.0
 10
211.5939203692
 20
138.1009729188
 30
0.0
 10
211.5748260189
 20
138.2265721274
 30
0.0
 10
211.5511271528
 20
138.4183483955
 30
0.0
 10
211.522788786
 20
138.6860745187
 30
0.0
 10
211.4929196407
 20
138.998169052
 30
0.0
 10
211.461370965
 20
139.3461336636
 30
0.0
 10
211.4400927843
 20
139.5891545631
 30
0.0
 10
211.4294348501
 20
139.7151684099
 30
0.0
  0
SPLINE
  5
BDB
100
AcDbEntity
  8
0
100
AcDbSpline
 62
7
  6
CONTINUOUS
 70
0
 71
3
 72
20
 73
16
 74
0
 42
0.0000001
 43
0.0000001
 44
0.0000000001
 40
0.0
 40
0.0
 40
0.0
 40
0.0
 40
0.007755768
 40
0.0141599415
 40
0.0225529383
 40
0.0330095192
 40
0.0455583888
 40
0.0769600629
 40
0.116722673
 40
0.1646378376
 40
0.2837693443
 40
0.4312069291
 40
0.6028375485
 40
0.7941007076
 40
1.0
 40
1.0
 40
1.0
 40
1.0
 10
210.6532606159
 20
137.8882381646
 30
0.0
 10
210.6485147896
 20
137.8882189861
 30
0.0
 10
210.6412435941
 20
137.8956063134
 30
0.0
 10
210.6348184959
 20
137.9072754689
 30
0.0
 10
210.6287097908
 20
137.9216819606
 30
0.0
 10
210.6226531409
 20
137.9398616641
 30
0.0
 10
210.6136580927
 20
137.9719550126
 30
0.0
 10
210.6026416917
 20
138.0219958648
 30
0.0
 10
210.5897664744
 20
138.093730317
 30
0.0
 10
210.570756442
 20
138.2188530643
 30
0.0
 10
210.5473029043
 20
138.409885858
 30
0.0
 10
210.5194422584
 20
138.6765777616
 30
0.0
 10
210.4902594683
 20
138.9874949367
 30
0.0
 10
210.459611479
 20
139.3341955476
 30
0.0
 10
210.439039496
 20
139.5763538445
 30
0.0
 10
210.4287477245
 20
139.70192551
 30
0.0
  0
SPLINE
  5
BDC
100
AcDbEntity
  8
0
100
AcDbSpline
 62
7
  6
CONTINUOUS
 70
0
 71
3
 72
13
 73
9
 74
0
 42
0.0000001
 43
0.0000001
 44
0.0000000001
 40
0.0
 40
0.0
 40
0.0
 40
0.0
 40
0.1030988979
 40
0.1865913504
 40
0.2955529976
 40
0.431074439
 40
0.5936329524
 40
1.0
 40
1.0
 40
1.0
 40
1.0
 10
209.6497046841
 20
137.8817298994
 30
0.0
 10
209.6450156975
 20
137.8817182005
 30
0.0
 10
209.6377228252
 20
137.8886407398
 30
0.0
 10
209.6312491331
 20
137.899950109
 30
0.0
 10
209.625179291
 20
137.9137630433
 30
0.0
 10
209.619175805
 20
137.9312316239
 30
0.0
 10
209.6102974118
 20
137.9620504552
 30
0.0
 10
209.6046221448
 20
137.9873068542
 30
0.0
 10
209.6008767156
 20
138.0054051837
 30
0.0
  0
SPLINE
  5
BDD
100
AcDbEntity
  8
0
100
AcDbSpline
 62
7
  6
CONTINUOUS
 70
0
 71
3
 72
20
 73
16
 74
0
 42
0.0000001
 43
0.0000001
 44
0.0000000001
 40
0.0
 40
0.0
 40
0.0
 40
0.0
 40
0.2181369943
 40
0.4140115656
 40
0.5846469343
 40
0.7278339793
 40
0.788546466
 40
0.8417285264
 40
0.887206518
 40
0.9248847447
 40
0.9547120481
 40
0.9767297651
 40
0.984911343
 40
0.9913373593
 40
1.0
 40
1.0
 40
1.0
 40
1.0
 10
217.226262921
 20
138.5169675946
 30
0.0
 10
217.2322303192
 20
138.4274837679
 30
0.0
 10
217.2440096842
 20
138.2576782069
 30
0.0
 10
217.2624927438
 20
138.0180203947
 30
0.0
 10
217.2809147098
 20
137.809275917
 30
0.0
 10
217.2969014038
 20
137.6561120051
 30
0.0
 10
217.3100237944
 20
137.5512320649
 30
0.0
 10
217.319288536
 20
137.4863630507
 30
0.0
 10
217.3285294517
 20
137.4310705039
 30
0.0
 10
217.3376862279
 20
137.3855185748
 30
0.0
 10
217.3468168646
 20
137.3498370158
 30
0.0
 10
217.3547739328
 20
137.3264423379
 30
0.0
 10
217.36169337
 20
137.3129419301
 30
0.0
 10
217.3669799972
 20
137.3051664727
 30
0.0
 10
217.3727014216
 20
137.3009404144
 30
0.0
 10
217.3762628879
 20
137.3009367682
 30
0.0
  0
SPLINE
  5
BDE
100
AcDbEntity
  8
0
100
AcDbSpline
 62
7
  6
CONTINUOUS
 70
0
 71
3
 72
20
 73
16
 74
0
 42
0.0000001
 43
0.0000001
 44
0.0000000001
 40
0.0
 40
0.0
 40
0.0
 40
0.0
 40
0.0080155535
 40
0.0144940518
 40
0.0229422663
 40
0.0334421765
 40
0.0460253668
 40
0.0774716743
 40
0.1172497998
 40
0.16515353
 40
0.2841831549
 40
0.4314692558
 40
0.6029666643
 40
0.7941551228
 40
1.0
 40
1.0
 40
1.0
 40
1.0
 10
208.6460811488
 20
137.8750988268
 30
0.0
 10
208.6412116645
 20
137.8750820171
 30
0.0
 10
208.6336499003
 20
137.8822871596
 30
0.0
 10
208.6269636762
 20
137.8940246123
 30
0.0
 10
208.6207024085
 20
137.9083403822
 30
0.0
 10
208.6145227786
 20
137.9264264842
 30
0.0
 10
208.6054004094
 20
137.9583091199
 30
0.0
 10
208.5943100421
 20
138.0080197111
 30
0.0
 10
208.5814521963
 20
138.0792538816
 30
0.0
 10
208.5626193174
 20
138.2034232426
 30
0.0
 10
208.5396413184
 20
138.3929582195
 30
0.0
 10
208.512698467
 20
138.6575686766
 30
0.0
 10
208.4848547787
 20
138.9661325685
 30
0.0
 10
208.456006366
 20
139.3103131555
 30
0.0
 10
208.436856441
 20
139.5507539234
 30
0.0
 10
208.4272697452
 20
139.6754383375
 30
0.0
  0
SPLINE
  5
BDF
100
AcDbEntity
  8
0
100
AcDbSpline
 62
7
  6
CONTINUOUS
 70
0
 71
3
 72
20
 73
16
 74
0
 42
0.0000001
 43
0.0000001
 44
0.0000000001
 40
0.0
 40
0.0
 40
0.0
 40
0.0
 40
0.0081452781
 40
0.0146525648
 40
0.023114734
 40
0.0336260805
 40
0.0462205071
 40
0.077681444
 40
0.1174412588
 40
0.1653191252
 40
0.284245948
 40
0.4314451569
 40
0.6029397582
 40
0.7941397837
 40
1.0
 40
1.0
 40
1.0
 40
1.0
 10
207.6424639494
 20
137.8685216332
 30
0.0
 10
207.6375335594
 20
137.8685350085
 30
0.0
 10
207.6298581409
 20
137.8756352472
 30
0.0
 10
207.6230167541
 20
137.887379908
 30
0.0
 10
207.6166752835
 20
137.9016251557
 30
0.0
 10
207.6104359584
 20
137.9196457901
 30
0.0
 10
207.6012591981
 20
137.951410117
 30
0.0
 10
207.5901497849
 20
138.0009348199
 30
0.0
 10
207.5773015082
 20
138.0718859566
 30
0.0
 10
207.5585756745
 20
138.1955226322
 30
0.0
 10
207.5358164932
 20
138.3842572541
 30
0.0
 10
207.5093241437
 20
138.6478291994
 30
0.0
 10
207.4821200709
 20
138.9552770219
 30
0.0
 10
207.4541437389
 20
139.2982901447
 30
0.0
 10
207.4357301538
 20
139.5379289541
 30
0.0
 10
207.4264790825
 20
139.6621940674
 30
0.0
  0
SPLINE
  5
BE0
100
AcDbEntity
  8
0
100
AcDbSpline
 62
7
  6
CONTINUOUS
 70
0
 71
3
 72
14
 73
10
 74
0
 42
0.0000001
 43
0.0000001
 44
0.0000000001
 40
0.0
 40
0.0
 40
0.0
 40
0.0
 40
0.0961652615
 40
0.1787798839
 40
0.2880483076
 40
0.4247023071
 40
0.5889566929
 40
0.7808047314
 40
1.0
 40
1.0
 40
1.0
 40
1.0
 10
206.6388094647
 20
137.8618907738
 30
0.0
 10
206.6323575449
 20
137.8618659322
 30
0.0
 10
206.6228430118
 20
137.8730328603
 30
0.0
 10
206.6147605599
 20
137.8896623917
 30
0.0
 10
206.6069532874
 20
137.9106301557
 30
0.0
 10
206.5993223821
 20
137.9369688511
 30
0.0
 10
206.5915173745
 20
137.9691426968
 30
0.0
 10
206.5836928531
 20
138.0069311578
 30
0.0
 10
206.5787631056
 20
138.0340708056
 30
0.0
 10
206.5762647302
 20
138.048563393
 30
0.0
  0
SPLINE
  5
BE1
100
AcDbEntity
  8
0
100
AcDbSpline
 62
7
  6
CONTINUOUS
 70
0
 71
3
 72
25
 73
21
 74
0
 42
0.0000001
 43
0.0000001
 44
0.0000000001
 40
0.0
 40
0.0
 40
0.0
 40
0.0
 40
0.0027536281
 40
0.0049368737
 40
0.0077706609
 40
0.0112850246
 40
0.0154933012
 40
0.0260099136
 40
0.0553779732
 40
0.0954765362
 40
0.1455975708
 40
0.2048239199
 40
0.272054052
 40
0.3460269706
 40
0.4253564902
 40
0.5085538076
 40
0.5940523945
 40
0.6802474801
 40
0.848246403
 40
1.0
 40
1.0
 40
1.0
 40
1.0
 10
216.6762628921
 20
143.2009252164
 30
0.0
 10
216.6805832974
 20
143.200928716
 30
0.0
 10
216.6873519179
 20
143.1948023183
 30
0.0
 10
216.6932826067
 20
143.1845333292
 30
0.0
 10
216.698743637
 20
143.1721569745
 30
0.0
 10
216.7040814186
 20
143.1565101916
 30
0.0
 10
216.7118909123
 20
143.1289495282
 30
0.0
 10
216.7265731486
 20
143.0613113314
 30
0.0
 10
216.7450426796
 20
142.9370929638
 30
0.0
 10
216.7661375316
 20
142.7506527455
 30
0.0
 10
216.7874117979
 20
142.517121125
 30
0.0
 10
216.8088765986
 20
142.2409041592
 30
0.0
 10
216.8304174128
 20
141.9271677553
 30
0.0
 10
216.8520186128
 20
141.5818288863
 30
0.0
 10
216.8736530318
 20
141.2113942842
 30
0.0
 10
216.8953085608
 20
140.822848399
 30
0.0
 10
216.9169753417
 20
140.4235150828
 30
0.0
 10
216.9456243146
 20
139.8913122072
 30
0.0
 10
216.9803881969
 20
139.2553360504
 30
0.0
 10
217.0104199995
 20
138.7545393464
 30
0.0
 10
217.026262921
 20
138.5169675946
 30
0.0
  0
SPLINE
  5
BE2
100
AcDbEntity
  8
0
100
AcDbSpline
 62
7
  6
CONTINUOUS
 70
0
 71
3
 72
38
 73
34
 74
0
 42
0.0000001
 43
0.0000001
 44
0.0000000001
 40
0.0
 40
0.0
 40
0.0
 40
0.0
 40
0.0013899592
 40
0.0023335286
 40
0.0034974116
 40
0.0065560351
 40
0.0106464832
 40
0.015789395
 40
0.0219873078
 40
0.0292359846
 40
0.0375269688
 40
0.0571663326
 40
0.0807463173
 40
0.1080690933
 40
0.1388938297
 40
0.1729527996
 40
0.2099414906
 40
0.2913789713
 40
0.3803171756
 40
0.4735954148
 40
0.5678965615
 40
0.6598666569
 40
0.7462356835
 40
0.8239357102
 40
0.8586580311
 40
0.8902135339
 40
0.9183191016
 40
0.9427349263
 40
0.9632463465
 40
0.9796911611
 40
0.9919481143
 40
0.9964950555
 40
1.0
 40
1.0
 40
1.0
 40
1.0
 10
215.6762629565
 20
143.2009278244
 30
0.0
 10
215.6790025257
 20
143.2009249169
 30
0.0
 10
215.6834629661
 20
143.1984498001
 30
0.0
 10
215.6879210353
 20
143.1932579751
 30
0.0
 10
215.6934280184
 20
143.1846260631
 30
0.0
 10
215.6998752353
 20
143.1695003813
 30
0.0
 10
215.7072117179
 20
143.1463964288
 30
0.0
 10
215.7145793943
 20
143.1168711426
 30
0.0
 10
215.7220008379
 20
143.0809857322
 30
0.0
 10
215.729446117
 20
143.0387883784
 30
0.0
 10
215.7399995362
 20
142.9702555018
 30
0.0
 10
215.7528633739
 20
142.8695338749
 30
0.0
 10
215.7676682141
 20
142.7312830604
 30
0.0
 10
215.7825231723
 20
142.5708824174
 30
0.0
 10
215.7974235628
 20
142.3897557685
 30
0.0
 10
215.8123483451
 20
142.1895220392
 30
0.0
 10
215.8329405277
 20
141.8896831364
 30
0.0
 10
215.8581819532
 20
141.4817500694
 30
0.0
 10
215.8876975162
 20
140.9629337971
 30
0.0
 10
215.9172576725
 20
140.4187273165
 30
0.0
 10
215.9468315409
 20
139.8685375031
 30
0.0
 10
215.9763763707
 20
139.3319833784
 30
0.0
 10
216.0058602007
 20
138.8281982827
 30
0.0
 10
216.0311610843
 20
138.437198236
 30
0.0
 10
216.0518523306
 20
138.1541753228
 30
0.0
 10
216.0667571541
 20
137.9687445705
 30
0.0
 10
216.0816263627
 20
137.8036953644
 30
0.0
 10
216.0964420003
 20
137.6605115004
 30
0.0
 10
216.1111499603
 20
137.5404275488
 30
0.0
 10
216.1257530486
 20
137.4445367056
 30
0.0
 10
216.1385504443
 20
137.380183596
 30
0.0
 10
216.1494578924
 20
137.3416574123
 30
0.0
 10
216.1549962642
 20
137.3267384508
 30
0.0
 10
216.1579306796
 20
137.3204845154
 30
0.0
  0
SPLINE
  5
BE3
100
AcDbEntity
  8
0
100
AcDbSpline
 62
7
  6
CONTINUOUS
 70
0
 71
3
 72
21
 73
17
 74
0
 42
0.0000001
 43
0.0000001
 44
0.0000000001
 40
0.0
 40
0.0
 40
0.0
 40
0.0
 40
0.0074138962
 40
0.0137485917
 40
0.0221070444
 40
0.0325518191
 40
0.0451053426
 40
0.076553582
 40
0.1163989406
 40
0.1644211613
 40
0.2203483176
 40
0.2838046217
 40
0.4314582568
 40
0.6031811607
 40
0.7943573266
 40
1.0
 40
1.0
 40
1.0
 40
1.0
 10
213.3896236309
 20
142.5958262637
 30
0.0
 10
213.3942195279
 20
142.595794167
 30
0.0
 10
213.4009877889
 20
142.5879900933
 30
0.0
 10
213.4070158394
 20
142.5763188658
 30
0.0
 10
213.412859461
 20
142.5616289166
 30
0.0
 10
213.4186963165
 20
142.5431566408
 30
0.0
 10
213.427432939
 20
142.5105104429
 30
0.0
 10
213.4382486897
 20
142.4596646507
 30
0.0
 10
213.4510369111
 20
142.3867972131
 30
0.0
 10
213.4643062628
 20
142.2986451653
 30
0.0
 10
213.4780195626
 20
142.1957733406
 30
0.0
 10
213.4978933212
 20
142.0314268142
 30
0.0
 10
213.5232334238
 20
141.7954503533
 30
0.0
 10
213.5543392942
 20
141.4804812179
 30
0.0
 10
213.58757651
 20
141.1296019618
 30
0.0
 10
213.6102618327
 20
140.8846544892
 30
0.0
 10
213.6217069865
 20
140.7576876623
 30
0.0
  0
SPLINE
  5
BE4
100
AcDbEntity
  8
0
100
AcDbSpline
 62
7
  6
CONTINUOUS
 70
0
 71
3
 72
38
 73
34
 74
0
 42
0.0000001
 43
0.0000001
 44
0.0000000001
 40
0.0
 40
0.0
 40
0.0
 40
0.0
 40
0.0013895226
 40
0.0023336989
 40
0.0034985709
 40
0.0065584428
 40
0.0106469913
 40
0.0157885097
 40
0.0219881413
 40
0.0292383869
 40
0.0375277791
 40
0.0571668923
 40
0.0807474016
 40
0.1080694523
 40
0.1388951284
 40
0.1729530524
 40
0.2099429161
 40
0.2913804195
 40
0.3803185392
 40
0.4735965968
 40
0.5678974877
 40
0.6598672865
 40
0.7462360161
 40
0.8239357843
 40
0.8586605113
 40
0.8902134199
 40
0.9183218333
 40
0.9427347151
 40
0.9632492013
 40
0.9796909584
 40
0.99195093
 40
0.9964970998
 40
1.0
 40
1.0
 40
1.0
 40
1.0
 10
214.6762628908
 20
143.2009311828
 30
0.0
 10
214.6790015983
 20
143.2009339725
 30
0.0
 10
214.6834663435
 20
143.1984592231
 30
0.0
 10
214.687920964
 20
143.1932619377
 30
0.0
 10
214.6934265243
 20
143.1846224698
 30
0.0
 10
214.6998716006
 20
143.169495694
 30
0.0
 10
214.7072131386
 20
143.146397574
 30
0.0
 10
214.7145814345
 20
143.116875504
 30
0.0
 10
214.7220003256
 20
143.0809857715
 30
0.0
 10
214.7294442917
 20
143.0387848495
 30
0.0
 10
214.7400014307
 20
142.9702531332
 30
0.0
 10
214.7528630208
 20
142.8695338176
 30
0.0
 10
214.7676678182
 20
142.7312840037
 30
0.0
 10
214.7825237554
 20
142.5708820467
 30
0.0
 10
214.7974227949
 20
142.3897570199
 30
0.0
 10
214.8123490209
 20
142.1895213852
 30
0.0
 10
214.8329397677
 20
141.8896822249
 30
0.0
 10
214.8581821305
 20
141.4817472205
 30
0.0
 10
214.8876974128
 20
140.962931651
 30
0.0
 10
214.9172576787
 20
140.4187264625
 30
0.0
 10
214.9468314696
 20
139.8685383485
 30
0.0
 10
214.976376548
 20
139.3319861702
 30
0.0
 10
215.0058596036
 20
138.8282029301
 30
0.0
 10
215.0311629595
 20
138.4371996027
 30
0.0
 10
215.0518504392
 20
138.1541774045
 30
0.0
 10
215.0667596508
 20
137.9687418689
 30
0.0
 10
215.081623298
 20
137.8036975103
 30
0.0
 10
215.0964458306
 20
137.6605086345
 30
0.0
 10
215.1111454053
 20
137.5404294135
 30
0.0
 10
215.1257580596
 20
137.4445341232
 30
0.0
 10
215.1385482708
 20
137.3801813683
 30
0.0
 10
215.1494558431
 20
137.3416545665
 30
0.0
 10
215.1549966626
 20
137.326742418
 30
0.0
 10
215.1579307171
 20
137.3204927678
 30
0.0
  0
SPLINE
  5
BE5
100
AcDbEntity
  8
0
100
AcDbSpline
 62
7
  6
CONTINUOUS
 70
0
 71
3
 72
38
 73
34
 74
0
 42
0.0000001
 43
0.0000001
 44
0.0000000001
 40
0.0
 40
0.0
 40
0.0
 40
0.0
 40
0.0013894665
 40
0.0023326951
 40
0.003496548
 40
0.0065565842
 40
0.0106472606
 40
0.0157890498
 40
0.0219863154
 40
0.029236324
 40
0.0375277831
 40
0.0571653706
 40
0.0807470882
 40
0.1080682301
 40
0.138894493
 40
0.1729520829
 40
0.2099419911
 40
0.2913792676
 40
0.3803172448
 40
0.4735952569
 40
0.5678962005
 40
0.6598661411
 40
0.7462350823
 40
0.8239351054
 40
0.8586580306
 40
0.8902130058
 40
0.9183189776
 40
0.9427345407
 40
0.9632460631
 40
0.979690959
 40
0.9919476552
 40
0.9964956192
 40
1.0
 40
1.0
 40
1.0
 40
1.0
 10
213.6762629329
 20
143.2009234113
 30
0.0
 10
213.6790015332
 20
143.200922535
 30
0.0
 10
213.6834631308
 20
143.1984529153
 30
0.0
 10
213.6879216521
 20
143.1932631938
 30
0.0
 10
213.6934296756
 20
143.1846294814
 30
0.0
 10
213.699872796
 20
143.1694983889
 30
0.0
 10
213.7072110689
 20
143.1463942958
 30
0.0
 10
213.714579824
 20
143.1168722573
 30
0.0
 10
213.7220020964
 20
143.0809879035
 30
0.0
 10
213.7294453588
 20
143.0387878325
 30
0.0
 10
213.7399987144
 20
142.9702549004
 30
0.0
 10
213.7528652194
 20
142.8695326977
 30
0.0
 10
213.7676664865
 20
142.7312847686
 30
0.0
 10
213.7825246151
 20
142.570881163
 30
0.0
 10
213.7974223693
 20
142.3897571627
 30
0.0
 10
213.8123492509
 20
142.1895208345
 30
0.0
 10
213.8329396416
 20
141.8896824215
 30
0.0
 10
213.85818223
 20
141.4817477443
 30
0.0
 10
213.8876974408
 20
140.9629325664
 30
0.0
 10
213.9172577104
 20
140.418727203
 30
0.0
 10
213.9468315437
 20
139.8685383515
 30
0.0
 10
213.9763764362
 20
139.3319849205
 30
0.0
 10
214.0058601094
 20
138.8282001199
 30
0.0
 10
214.0311615112
 20
138.4371989582
 30
0.0
 10
214.0518519751
 20
138.1541757439
 30
0.0
 10
214.0667575386
 20
137.9687440345
 30
0.0
 10
214.0816261467
 20
137.8036954871
 30
0.0
 10
214.0964420611
 20
137.6605110913
 30
0.0
 10
214.1111503885
 20
137.5404273607
 30
0.0
 10
214.1257519168
 20
137.4445362736
 30
0.0
 10
214.1385527832
 20
137.3801822357
 30
0.0
 10
214.1494567681
 20
137.3416548087
 30
0.0
 10
214.1549951155
 20
137.3267346109
 30
0.0
 10
214.1579307202
 20
137.3204824586
 30
0.0
  0
SPLINE
  5
BE6
100
AcDbEntity
  8
0
100
AcDbSpline
 62
7
  6
CONTINUOUS
 70
0
 71
3
 72
23
 73
19
 74
0
 42
0.0000001
 43
0.0000001
 44
0.0000000001
 40
0.0
 40
0.0
 40
0.0
 40
0.0
 40
0.0026815962
 40
0.0068850573
 40
0.0130474845
 40
0.0212959671
 40
0.0316709921
 40
0.0441834293
 40
0.0756119564
 40
0.1154962651
 40
0.1635938852
 40
0.2196143595
 40
0.2831711216
 40
0.3538119316
 40
0.4310425081
 40
0.6029698689
 40
0.7943174474
 40
1.0
 40
1.0
 40
1.0
 40
1.0
 10
219.369158795
 20
142.5573847291
 30
0.0
 10
219.3708578885
 20
142.5573750367
 30
0.0
 10
219.3749557299
 20
142.5548700487
 30
0.0
 10
219.3794344425
 20
142.5479312308
 30
0.0
 10
219.3844224962
 20
142.5371903291
 30
0.0
 10
219.3895565388
 20
142.522340794
 30
0.0
 10
219.3950044826
 20
142.5033713074
 30
0.0
 10
219.4032030295
 20
142.4699407023
 30
0.0
 10
219.4136842775
 20
142.41785274
 30
0.0
 10
219.4264091217
 20
142.3432652461
 30
0.0
 10
219.4399943535
 20
142.2530341014
 30
0.0
 10
219.4543956779
 20
142.1477701741
 30
0.0
 10
219.4695962129
 20
142.0282046343
 30
0.0
 10
219.4855922352
 20
141.8951966229
 30
0.0
 10
219.508803164
 20
141.6938979961
 30
0.0
 10
219.5394445979
 20
141.4164695547
 30
0.0
 10
219.5781698003
 20
141.0580510357
 30
0.0
 10
219.6049522309
 20
140.807913257
 30
0.0
 10
219.6187787112
 20
140.6783235748
 30
0.0
  0
SPLINE
  5
BE7
100
AcDbEntity
  8
0
100
AcDbSpline
 62
7
  6
CONTINUOUS
 70
0
 71
3
 72
20
 73
16
 74
0
 42
0.0000001
 43
0.0000001
 44
0.0000000001
 40
0.0
 40
0.0
 40
0.0
 40
0.0
 40
0.008058918
 40
0.0145846265
 40
0.0230864215
 40
0.0336416676
 40
0.0462819404
 40
0.0778499823
 40
0.117741093
 40
0.1657480286
 40
0.2849025521
 40
0.4321921277
 40
0.6036168788
 40
0.7944840091
 40
1.0
 40
1.0
 40
1.0
 40
1.0
 10
208.4073227343
 20
142.6283635156
 30
0.0
 10
208.4122286436
 20
142.6283064581
 30
0.0
 10
208.4197332354
 20
142.6209355959
 30
0.0
 10
208.4264026627
 20
142.6090634972
 30
0.0
 10
208.4326404419
 20
142.5945956548
 30
0.0
 10
208.438798639
 20
142.5763540876
 30
0.0
 10
208.44787841
 20
142.5442376677
 30
0.0
 10
208.45890083
 20
142.4942202747
 30
0.0
 10
208.4716692836
 20
142.4226051303
 30
0.0
 10
208.4903418332
 20
142.2979325826
 30
0.0
 10
208.5131308483
 20
142.1078261521
 30
0.0
 10
208.539887348
 20
141.8425956795
 30
0.0
 10
208.5674852359
 20
141.5335891878
 30
0.0
 10
208.59638903
 20
141.189120002
 30
0.0
 10
208.6154856208
 20
140.9485589161
 30
0.0
 10
208.6251038683
 20
140.8238117416
 30
0.0
  0
SPLINE
  5
BE8
100
AcDbEntity
  8
0
100
AcDbSpline
 62
7
  6
CONTINUOUS
 70
0
 71
3
 72
22
 73
18
 74
0
 42
0.0000001
 43
0.0000001
 44
0.0000000001
 40
0.0
 40
0.0
 40
0.0
 40
0.0
 40
0.0026062972
 40
0.0067663463
 40
0.0129039321
 40
0.0211381394
 40
0.044011448
 40
0.0754451914
 40
0.1153438243
 40
0.1634590344
 40
0.2194948958
 40
0.2830649327
 40
0.3537190228
 40
0.4309635742
 40
0.6029205087
 40
0.794302011
 40
1.0
 40
1.0
 40
1.0
 40
1.0
 10
220.3658207038
 20
142.5510376752
 30
0.0
 10
220.3674780539
 20
142.5510286914
 30
0.0
 10
220.3714843329
 20
142.5484622859
 30
0.0
 10
220.3758055736
 20
142.5415200188
 30
0.0
 10
220.3806875645
 20
142.5307351083
 30
0.0
 10
220.3882529865
 20
142.5082847608
 30
0.0
 10
220.3978739149
 20
142.4696413557
 30
0.0
 10
220.4096101339
 20
142.4108969717
 30
0.0
 10
220.4223043497
 20
142.3359950918
 30
0.0
 10
220.4359450859
 20
142.2454121014
 30
0.0
 10
220.4504653725
 20
142.1397466108
 30
0.0
 10
220.4658544891
 20
142.0197398885
 30
0.0
 10
220.4821012169
 20
141.8862488261
 30
0.0
 10
220.5057405528
 20
141.6842269095
 30
0.0
 10
220.5370599357
 20
141.40581025
 30
0.0
 10
220.5767198718
 20
141.0461334767
 30
0.0
 10
220.6041840525
 20
140.7951240415
 30
0.0
 10
220.6184136004
 20
140.6650946
 30
0.0
  0
SPLINE
  5
BE9
100
AcDbEntity
  8
0
100
AcDbSpline
 62
7
  6
CONTINUOUS
 70
0
 71
3
 72
23
 73
19
 74
0
 42
0.0000001
 43
0.0000001
 44
0.0000000001
 40
0.0
 40
0.0
 40
0.0
 40
0.0
 40
0.0064365841
 40
0.0153850175
 40
0.0268663123
 40
0.0408529439
 40
0.0572965618
 40
0.0761410522
 40
0.1207107182
 40
0.1738374661
 40
0.234632088
 40
0.3020769939
 40
0.3750387095
 40
0.4522842614
 40
0.5325113843
 40
0.6964649905
 40
0.8558592806
 40
1.0
 40
1.0
 40
1.0
 40
1.0
 10
216.8945951297
 20
143.1813800248
 30
0.0
 10
216.8988596344
 20
143.1722909849
 30
0.0
 10
216.9065608514
 20
143.1494518204
 30
0.0
 10
216.9165795907
 20
143.1087663768
 30
0.0
 10
216.9266856992
 20
143.056015716
 30
0.0
 10
216.9368789637
 20
142.9914390149
 30
0.0
 10
216.9471169786
 20
142.9152588792
 30
0.0
 10
216.961625818
 20
142.7915414337
 30
0.0
 10
216.9792794323
 20
142.6106059561
 30
0.0
 10
216.999615306
 20
142.3642262288
 30
0.0
 10
217.0200303544
 20
142.0820656915
 30
0.0
 10
217.0405053685
 20
141.7689000758
 30
0.0
 10
217.0610141287
 20
141.4300263307
 30
0.0
 10
217.0815474614
 20
141.0711824566
 30
0.0
 10
217.109141232
 20
140.5705830216
 30
0.0
 10
217.1427770577
 20
139.9419875361
 30
0.0
 10
217.1828041982
 20
139.213901039
 30
0.0
 10
217.2113029343
 20
138.7412993409
 30
0.0
 10
217.226262921
 20
138.5169675946
 30
0.0
  0
SPLINE
  5
BEA
100
AcDbEntity
  8
0
100
AcDbSpline
 62
7
  6
CONTINUOUS
 70
0
 71
3
 72
9
 73
5
 74
0
 42
0.0000001
 43
0.0000001
 44
0.0000000001
 40
0.0
 40
0.0
 40
0.0
 40
0.0
 40
0.231940371
 40
1.0
 40
1.0
 40
1.0
 40
1.0
 10
215.8945950639
 20
143.1813833044
 30
0.0
 10
215.8949983006
 20
143.1805247139
 30
0.0
 10
215.8966898563
 20
143.1768008832
 30
0.0
 10
215.898209769
 20
143.1730006069
 30
0.0
 10
215.899309796
 20
143.1700583888
 30
0.0
  0
SPLINE
  5
BEB
100
AcDbEntity
  8
0
100
AcDbSpline
 62
7
  6
CONTINUOUS
 70
0
 71
3
 72
37
 73
33
 74
0
 42
0.0000001
 43
0.0000001
 44
0.0000000001
 40
0.0
 40
0.0
 40
0.0
 40
0.0
 40
0.004118477
 40
0.0092714712
 40
0.0226812722
 40
0.0401796698
 40
0.0616311872
 40
0.0868665653
 40
0.1156672878
 40
0.1829547441
 40
0.2611677713
 40
0.3475873378
 40
0.4392029152
 40
0.5328202099
 40
0.6251742592
 40
0.713044705
 40
0.7933696853
 40
0.8298170896
 40
0.8633553262
 40
0.8936974668
 40
0.9205775638
 40
0.9437717296
 40
0.9630809481
 40
0.9712327085
 40
0.9783612265
 40
0.9844544157
 40
0.9895097618
 40
0.9935328934
 40
0.9965454099
 40
0.9976926847
 40
0.9986236611
 40
1.0
 40
1.0
 40
1.0
 40
1.0
 10
215.899309796
 20
143.1700583888
 30
0.0
 10
215.9021466271
 20
143.1624707791
 30
0.0
 10
215.9075754482
 20
143.145035888
 30
0.0
 10
215.9182836202
 20
143.1017175519
 30
0.0
 10
215.9310009771
 20
143.0318838034
 30
0.0
 10
215.9455088118
 20
142.9299211455
 30
0.0
 10
215.9601144883
 20
142.8045105076
 30
0.0
 10
215.9748067066
 20
142.6567602748
 30
0.0
 10
215.9955472275
 20
142.4190287063
 30
0.0
 10
216.0207139359
 20
142.0771106105
 30
0.0
 10
216.0498149847
 20
141.6218765024
 30
0.0
 10
216.0790199097
 20
141.1187099396
 30
0.0
 10
216.1082935748
 20
140.5852024011
 30
0.0
 10
216.1375875638
 20
140.040006537
 30
0.0
 10
216.1668668615
 20
139.5021865599
 30
0.0
 10
216.1960995564
 20
138.9905486649
 30
0.0
 10
216.2211075541
 20
138.5888128535
 30
0.0
 10
216.241504143
 20
138.2938718779
 30
0.0
 10
216.256286135
 20
138.0970912673
 30
0.0
 10
216.2710378889
 20
137.9191839997
 30
0.0
 10
216.2857519905
 20
137.7616953883
 30
0.0
 10
216.3004082495
 20
137.6260104064
 30
0.0
 10
216.3131499547
 20
137.5271809926
 30
0.0
 10
216.3236015162
 20
137.4599511219
 30
0.0
 10
216.3309713253
 20
137.4185578494
 30
0.0
 10
216.3383208806
 20
137.3833627446
 30
0.0
 10
216.3456187262
 20
137.3544111486
 30
0.0
 10
216.3528869694
 20
137.331753659
 30
0.0
 10
216.3592688576
 20
137.3169147228
 30
0.0
 10
216.3647199142
 20
137.3084497365
 30
0.0
 10
216.3691434733
 20
137.3033536626
 30
0.0
 10
216.3735558262
 20
137.3009442005
 30
0.0
 10
216.3762629303
 20
137.3009448777
 30
0.0
  0
SPLINE
  5
BEC
100
AcDbEntity
  8
0
100
AcDbSpline
 62
7
  6
CONTINUOUS
 70
0
 71
3
 72
38
 73
34
 74
0
 42
0.0000001
 43
0.0000001
 44
0.0000000001
 40
0.0
 40
0.0
 40
0.0
 40
0.0
 40
0.0037351862
 40
0.0085108995
 40
0.0212097938
 40
0.0380530744
 40
0.0589260862
 40
0.0836520607
 40
0.1120257498
 40
0.1437962146
 40
0.1786897564
 40
0.2565865129
 40
0.3429758054
 40
0.4348114791
 40
0.5288523447
 40
0.621778385
 40
0.7103094175
 40
0.7913225079
 40
0.828104526
 40
0.8619649506
 40
0.8926048436
 40
0.9197593885
 40
0.9431908702
 40
0.9627055377
 40
0.970941433
 40
0.9781444118
 40
0.9843041436
 40
0.989413688
 40
0.9934764477
 40
0.9965173336
 40
0.9976755587
 40
0.9986150574
 40
1.0
 40
1.0
 40
1.0
 40
1.0
 10
214.8963801085
 20
143.1773885528
 30
0.0
 10
214.8992745073
 20
143.1706253612
 30
0.0
 10
214.904772094
 20
143.1547533708
 30
0.0
 10
214.9156041123
 20
143.1143965125
 30
0.0
 10
214.928365312
 20
143.0479522512
 30
0.0
 10
214.9429430826
 20
142.9497334692
 30
0.0
 10
214.957605357
 20
142.8276130671
 30
0.0
 10
214.9723802313
 20
142.6826707854
 30
0.0
 10
214.9871950908
 20
142.5161713308
 30
0.0
 10
215.0020522932
 20
142.3295817777
 30
0.0
 10
215.0226503558
 20
142.0456110573
 30
0.0
 10
215.0478548446
 20
141.6541286423
 30
0.0
 10
215.0772366637
 20
141.1505477711
 30
0.0
 10
215.1066779447
 20
140.6151237323
 30
0.0
 10
215.1361462045
 20
140.0668085978
 30
0.0
 10
215.1655999862
 20
139.5250103028
 30
0.0
 10
215.1950085718
 20
139.008907242
 30
0.0
 10
215.2201614736
 20
138.6033195958
 30
0.0
 10
215.2406799399
 20
138.3053357214
 30
0.0
 10
215.2555500753
 20
138.1064118614
 30
0.0
 10
215.270395382
 20
137.926505356
 30
0.0
 10
215.2851949661
 20
137.7672110334
 30
0.0
 10
215.2999468758
 20
137.629932176
 30
0.0
 10
215.3127598279
 20
137.5299313343
 30
0.0
 10
215.3232783391
 20
137.461894197
 30
0.0
 10
215.3306951966
 20
137.4200018949
 30
0.0
 10
215.3380874205
 20
137.3843738949
 30
0.0
 10
215.3454270262
 20
137.3550660634
 30
0.0
 10
215.3527416082
 20
137.3321366842
 30
0.0
 10
215.3591646209
 20
137.3171236924
 30
0.0
 10
215.3646490709
 20
137.3085509773
 30
0.0
 10
215.3690913184
 20
137.303390122
 30
0.0
 10
215.3735352647
 20
137.3009331567
 30
0.0
 10
215.376262933
 20
137.300934493
 30
0.0
  0
SPLINE
  5
BED
100
AcDbEntity
  8
0
100
AcDbSpline
 62
7
  6
CONTINUOUS
 70
0
 71
3
 72
23
 73
19
 74
0
 42
0.0000001
 43
0.0000001
 44
0.0000000001
 40
0.0
 40
0.0
 40
0.0
 40
0.0
 40
0.0027391049
 40
0.0069586713
 40
0.0131145445
 40
0.0213430663
 40
0.0316891772
 40
0.0441662386
 40
0.0755106863
 40
0.1153020816
 40
0.1633063979
 40
0.2192405024
 40
0.2827267393
 40
0.3533174729
 40
0.4305240194
 40
0.6024931768
 40
0.7940068297
 40
1.0
 40
1.0
 40
1.0
 40
1.0
 10
218.6810509487
 20
137.9400913489
 30
0.0
 10
218.6793255094
 20
137.9400792088
 30
0.0
 10
218.6751453603
 20
137.9424650023
 30
0.0
 10
218.6705227832
 20
137.9493278997
 30
0.0
 10
218.6654328079
 20
137.9599308632
 30
0.0
 10
218.6601966012
 20
137.9746152579
 30
0.0
 10
218.6546587097
 20
137.9933832205
 30
0.0
 10
218.646339533
 20
138.0264826761
 30
0.0
 10
218.6357403001
 20
138.0780965029
 30
0.0
 10
218.6229197453
 20
138.1520495013
 30
0.0
 10
218.6092845688
 20
138.24156396
 30
0.0
 10
218.594885302
 20
138.3460466179
 30
0.0
 10
218.5797441418
 20
138.4647829467
 30
0.0
 10
218.5638648064
 20
138.5969298323
 30
0.0
 10
218.5408935706
 20
138.7970512782
 30
0.0
 10
218.5107243267
 20
139.0730179653
 30
0.0
 10
218.4727803365
 20
139.4297434258
 30
0.0
 10
218.4466648557
 20
139.6787850308
 30
0.0
 10
218.4332684228
 20
139.807855789
 30
0.0
  0
SPLINE
  5
BEE
100
AcDbEntity
  8
0
100
AcDbSpline
 62
7
  6
CONTINUOUS
 70
0
 71
3
 72
38
 73
34
 74
0
 42
0.0000001
 43
0.0000001
 44
0.0000000001
 40
0.0
 40
0.0
 40
0.0
 40
0.0
 40
0.0035048706
 40
0.008052423
 40
0.0203089034
 40
0.0367540726
 40
0.057265229
 40
0.0816812002
 40
0.1097867138
 40
0.1413421684
 40
0.1760646079
 40
0.2537646654
 40
0.3401336748
 40
0.432103708
 40
0.5264047576
 40
0.6196828781
 40
0.7086209554
 40
0.7900583146
 40
0.8270476081
 40
0.8611058713
 40
0.8919314075
 40
0.9192533064
 40
0.9428342439
 40
0.9624726117
 40
0.9707640755
 40
0.9780133141
 40
0.984210744
 40
0.9893530998
 40
0.9934438854
 40
0.9965031734
 40
0.9976669509
 40
0.9986102946
 40
1.0
 40
1.0
 40
1.0
 40
1.0
 10
213.8945951031
 20
143.1813859973
 30
0.0
 10
213.8975301456
 20
143.1751325148
 30
0.0
 10
213.9030682876
 20
143.1602122076
 30
0.0
 10
213.9139738901
 20
143.1216854642
 30
0.0
 10
213.9267738903
 20
143.0573319102
 30
0.0
 10
213.941375145
 20
142.9614414448
 30
0.0
 10
213.956084162
 20
142.8413571624
 30
0.0
 10
213.9708992613
 20
142.6981735151
 30
0.0
 10
213.9857686841
 20
142.5331242005
 30
0.0
 10
214.0006735003
 20
142.3476933548
 30
0.0
 10
214.0213646658
 20
142.0646701512
 30
0.0
 10
214.0466656077
 20
141.6736697277
 30
0.0
 10
214.0761494258
 20
141.1698845742
 30
0.0
 10
214.1056942704
 20
140.6333306353
 30
0.0
 10
214.1352681287
 20
140.0831412029
 30
0.0
 10
214.1648283435
 20
139.5389352374
 30
0.0
 10
214.1943437297
 20
139.0201195191
 30
0.0
 10
214.2195857487
 20
138.6121856715
 30
0.0
 10
214.2401770209
 20
138.3123470562
 30
0.0
 10
214.2551028932
 20
138.112111978
 30
0.0
 10
214.2700018766
 20
137.9309866997
 30
0.0
 10
214.2848585935
 20
137.7705844503
 30
0.0
 10
214.299661333
 20
137.6323351804
 30
0.0
 10
214.3125270437
 20
137.5316128922
 30
0.0
 10
214.3230798962
 20
137.4630798351
 30
0.0
 10
214.330524332
 20
137.4208811863
 30
0.0
 10
214.3379462858
 20
137.3849968362
 30
0.0
 10
214.3453147238
 20
137.3554730903
 30
0.0
 10
214.3526515822
 20
137.3323685441
 30
0.0
 10
214.3590967455
 20
137.3172398781
 30
0.0
 10
214.364604519
 20
137.308607685
 30
0.0
 10
214.3690629583
 20
137.303417377
 30
0.0
 10
214.3735238234
 20
137.3009453439
 30
0.0
 10
214.3762628938
 20
137.3009432677
 30
0.0
  0
SPLINE
  5
BEF
100
AcDbEntity
  8
0
100
AcDbSpline
 62
7
  6
CONTINUOUS
 70
0
 71
3
 72
17
 73
13
 74
0
 42
0.0000001
 43
0.0000001
 44
0.0000000001
 40
0.0
 40
0.0
 40
0.0
 40
0.0
 40
0.1865265372
 40
0.3618522744
 40
0.5222675094
 40
0.664544693
 40
0.7856265499
 40
0.882980392
 40
0.9221499521
 40
0.9547453507
 40
0.9806805415
 40
1.0
 40
1.0
 40
1.0
 40
1.0
 10
207.3470909424
 20
140.8407247175
 30
0.0
 10
207.3400469166
 20
140.9512788616
 30
0.0
 10
207.3262346924
 20
141.1657393368
 30
0.0
 10
207.3046750253
 20
141.4751670974
 30
0.0
 10
207.2825865205
 20
141.7582054566
 30
0.0
 10
207.2601333978
 20
142.0088926013
 30
0.0
 10
207.2374340276
 20
142.2219204883
 30
0.0
 10
207.2173892554
 20
142.3736380527
 30
0.0
 10
207.2005157006
 20
142.4726589647
 30
0.0
 10
207.1887924259
 20
142.5295138848
 30
0.0
 10
207.177080332
 20
142.5742461686
 30
0.0
 10
207.1680931317
 20
142.5996806974
 30
0.0
 10
207.163205378
 20
142.6100614037
 30
0.0
  0
SPLINE
  5
BF0
100
AcDbEntity
  8
0
100
AcDbSpline
 62
7
  6
CONTINUOUS
 70
0
 71
3
 72
17
 73
13
 74
0
 42
0.0000001
 43
0.0000001
 44
0.0000000001
 40
0.0
 40
0.0
 40
0.0
 40
0.0
 40
0.1861489214
 40
0.3611525979
 40
0.5213622843
 40
0.6635641446
 40
0.7846995748
 40
0.8822237253
 40
0.9215241156
 40
0.954286082
 40
0.9804274789
 40
1.0
 40
1.0
 40
1.0
 40
1.0
 10
208.3495896029
 20
140.8274578441
 30
0.0
 10
208.3427878012
 20
140.938141241
 30
0.0
 10
208.3294778259
 20
141.1528744316
 30
0.0
 10
208.3085253422
 20
141.4627546479
 30
0.0
 10
208.286824294
 20
141.7463341074
 30
0.0
 10
208.2645680544
 20
141.9976763109
 30
0.0
 10
208.241901222
 20
142.2114562187
 30
0.0
 10
208.2217716015
 20
142.3638490053
 30
0.0
 10
208.2047530393
 20
142.4634400874
 30
0.0
 10
208.1928836252
 20
142.5207524595
 30
0.0
 10
208.1809854538
 20
142.5659692059
 30
0.0
 10
208.1718405262
 20
142.5917247094
 30
0.0
 10
208.1668735904
 20
142.6022735509
 30
0.0
  0
SPLINE
  5
BF1
100
AcDbEntity
  8
0
100
AcDbSpline
 62
7
  6
CONTINUOUS
 70
0
 71
3
 72
21
 73
17
 74
0
 42
0.0000001
 43
0.0000001
 44
0.0000000001
 40
0.0
 40
0.0
 40
0.0
 40
0.0
 40
0.0072899826
 40
0.0135925874
 40
0.021929409
 40
0.0323595422
 40
0.0449033309
 40
0.0763422756
 40
0.116188616
 40
0.1642205854
 40
0.2201642732
 40
0.2836415812
 40
0.4313472596
 40
0.6031213856
 40
0.7943387501
 40
1.0
 40
1.0
 40
1.0
 40
1.0
 10
214.3861563489
 20
142.5893746841
 30
0.0
 10
214.3906918136
 20
142.5893457669
 30
0.0
 10
214.3972961731
 20
142.5814339392
 30
0.0
 10
214.4031930393
 20
142.5697997558
 30
0.0
 10
214.4089508998
 20
142.5550486479
 30
0.0
 10
214.4147182801
 20
142.5365164682
 30
0.0
 10
214.4233776067
 20
142.5037429348
 30
0.0
 10
214.4341423095
 20
142.4527084415
 30
0.0
 10
214.4469271026
 20
142.3795672328
 30
0.0
 10
214.4602499923
 20
142.2910803318
 30
0.0
 10
214.4740741191
 20
142.1878146132
 30
0.0
 10
214.4941849708
 20
142.0228371315
 30
0.0
 10
214.5199650796
 20
141.7859666787
 30
0.0
 10
214.5517854718
 20
141.4698268946
 30
0.0
 10
214.585924486
 20
141.1176826878
 30
0.0
 10
214.6092991407
 20
140.8718680085
 30
0.0
 10
214.6211315286
 20
140.7444614711
 30
0.0
  0
SPLINE
  5
BF2
100
AcDbEntity
  8
0
100
AcDbSpline
 62
7
  6
CONTINUOUS
 70
0
 71
3
 72
17
 73
13
 74
0
 42
0.0000001
 43
0.0000001
 44
0.0000000001
 40
0.0
 40
0.0
 40
0.0
 40
0.0
 40
0.1857794531
 40
0.3604758159
 40
0.5204814457
 40
0.6626028942
 40
0.7837845876
 40
0.8814749826
 40
0.9209039744
 40
0.9538316603
 40
0.9801775396
 40
1.0
 40
1.0
 40
1.0
 40
1.0
 10
209.3520586887
 20
140.8141913621
 30
0.0
 10
209.3455070306
 20
140.9250074765
 30
0.0
 10
209.3326977868
 20
141.140023328
 30
0.0
 10
209.3123504221
 20
141.4503660448
 30
0.0
 10
209.2910396399
 20
141.7344907944
 30
0.0
 10
209.2689929003
 20
141.9864816665
 30
0.0
 10
209.246367431
 20
142.2010052735
 30
0.0
 10
209.2261548353
 20
142.3540668076
 30
0.0
 10
209.2089902899
 20
142.4542253058
 30
0.0
 10
209.1969747802
 20
142.5119940833
 30
0.0
 10
209.1848905468
 20
142.5576940256
 30
0.0
 10
209.1755883773
 20
142.5837693767
 30
0.0
 10
209.1705423578
 20
142.5944853598
 30
0.0
  0
SPLINE
  5
BF3
100
AcDbEntity
  8
0
100
AcDbSpline
 62
7
  6
CONTINUOUS
 70
0
 71
3
 72
20
 73
16
 74
0
 42
0.0000001
 43
0.0000001
 44
0.0000000001
 40
0.0
 40
0.0
 40
0.0
 40
0.0
 40
0.0079225975
 40
0.0143995425
 40
0.0228611703
 40
0.0333838982
 40
0.0459963177
 40
0.0775139884
 40
0.1173734983
 40
0.1653632853
 40
0.2845599098
 40
0.4319508626
 40
0.6034309795
 40
0.7944483954
 40
1.0
 40
1.0
 40
1.0
 40
1.0
 10
209.4037241962
 20
142.6218011148
 30
0.0
 10
209.4085647296
 20
142.621754734
 30
0.0
 10
209.4159375877
 20
142.6143289294
 30
0.0
 10
209.422483245
 20
142.6025107747
 30
0.0
 10
209.428644291
 20
142.588021475
 30
0.0
 10
209.434737664
 20
142.5697528165
 30
0.0
 10
209.4437481336
 20
142.5375604021
 30
0.0
 10
209.4547329841
 20
142.4874156905
 30
0.0
 10
209.4675090734
 20
142.4155951355
 30
0.0
 10
209.4862794279
 20
142.2904794558
 30
0.0
 10
209.5092996043
 20
142.0996239577
 30
0.0
 10
209.5364902906
 20
141.833343805
 30
0.0
 10
209.5648329676
 20
141.5230859239
 30
0.0
 10
209.5944982893
 20
141.1772744381
 30
0.0
 10
209.6143888601
 20
140.9357850438
 30
0.0
 10
209.6243555329
 20
140.8105878384
 30
0.0
  0
SPLINE
  5
BF4
100
AcDbEntity
  8
0
100
AcDbSpline
 62
7
  6
CONTINUOUS
 70
0
 71
3
 72
17
 73
13
 74
0
 42
0.0000001
 43
0.0000001
 44
0.0000000001
 40
0.0
 40
0.0
 40
0.0
 40
0.0
 40
0.185413487
 40
0.3598064421
 40
0.5196093047
 40
0.6616478026
 40
0.7828699717
 40
0.880722986
 40
0.9202811769
 40
0.9533749835
 40
0.9799271663
 40
1.0
 40
1.0
 40
1.0
 40
1.0
 10
210.3544980239
 20
140.8009252738
 30
0.0
 10
210.3482040696
 20
140.9118747244
 30
0.0
 10
210.3358933461
 20
141.1271739367
 30
0.0
 10
210.3161480142
 20
141.4379797572
 30
0.0
 10
210.2952365806
 20
141.7226493322
 30
0.0
 10
210.2734089564
 20
141.9752844077
 30
0.0
 10
210.250834035
 20
142.1905459779
 30
0.0
 10
210.2305420615
 20
142.3442727632
 30
0.0
 10
210.2132320663
 20
142.4449988849
 30
0.0
 10
210.2010686411
 20
142.5032272803
 30
0.0
 10
210.1887966659
 20
142.549413808
 30
0.0
 10
210.1793371959
 20
142.5758121469
 30
0.0
 10
210.1742117441
 20
142.5866964025
 30
0.0
  0
SPLINE
  5
BF5
100
AcDbEntity
  8
0
100
AcDbSpline
 62
7
  6
CONTINUOUS
 70
0
 71
3
 72
17
 73
13
 74
0
 42
0.0000001
 43
0.0000001
 44
0.0000000001
 40
0.0
 40
0.0
 40
0.0
 40
0.0
 40
0.1869343619
 40
0.3625763427
 40
0.523214839
 40
0.6655338653
 40
0.7864906001
 40
0.8836164279
 40
0.9226401648
 40
0.9550847025
 40
0.9808623723
 40
1.0
 40
1.0
 40
1.0
 40
1.0
 10
206.7070455182
 20
139.6526732228
 30
0.0
 10
206.7142101991
 20
139.5422876004
 30
0.0
 10
206.7282750214
 20
139.3281952569
 30
0.0
 10
206.7500479848
 20
139.0193486049
 30
0.0
 10
206.772150854
 20
138.736999413
 30
0.0
 10
206.7945220746
 20
138.4871386045
 30
0.0
 10
206.8170270721
 20
138.2750571867
 30
0.0
 10
206.8368512777
 20
138.1241686736
 30
0.0
 10
206.8535214406
 20
138.0257980115
 30
0.0
 10
206.8650858781
 20
137.9693996547
 30
0.0
 10
206.8766295049
 20
137.9250975375
 30
0.0
 10
206.8854902343
 20
137.8999338505
 30
0.0
 10
206.8903170341
 20
137.8896893671
 30
0.0
  0
SPLINE
  5
BF6
100
AcDbEntity
  8
0
100
AcDbSpline
 62
7
  6
CONTINUOUS
 70
0
 71
3
 72
17
 73
13
 74
0
 42
0.0000001
 43
0.0000001
 44
0.0000000001
 40
0.0
 40
0.0
 40
0.0
 40
0.0
 40
0.1850470638
 40
0.3591359982
 40
0.5187360368
 40
0.660689289
 40
0.7819498506
 40
0.8799683859
 40
0.9196588733
 40
0.9529215244
 40
0.9796794006
 40
1.0
 40
1.0
 40
1.0
 40
1.0
 10
211.3569074338
 20
140.7876595816
 30
0.0
 10
211.3508783033
 20
140.8987404479
 30
0.0
 10
211.3390646624
 20
141.1143185341
 30
0.0
 10
211.3199174153
 20
141.4255818743
 30
0.0
 10
211.2994172587
 20
141.710792347
 30
0.0
 10
211.277817576
 20
141.9640683795
 30
0.0
 10
211.2553024861
 20
142.1800682322
 30
0.0
 10
211.2349335577
 20
142.3344641915
 30
0.0
 10
211.2174764621
 20
142.4357645717
 30
0.0
 10
211.2051644339
 20
142.4944574363
 30
0.0
 10
211.1927040208
 20
142.5411322801
 30
0.0
 10
211.1830871331
 20
142.5678532211
 30
0.0
 10
211.1778823644
 20
142.5789050681
 30
0.0
  0
SPLINE
  5
BF7
100
AcDbEntity
  8
0
100
AcDbSpline
 62
7
  6
CONTINUOUS
 70
0
 71
3
 72
17
 73
13
 74
0
 42
0.0000001
 43
0.0000001
 44
0.0000000001
 40
0.0
 40
0.0
 40
0.0
 40
0.0
 40
0.1846877685
 40
0.3584803207
 40
0.5178761733
 40
0.6597405638
 40
0.7810361588
 40
0.879217742
 40
0.9190387095
 40
0.9524690635
 40
0.9794325156
 40
1.0
 40
1.0
 40
1.0
 40
1.0
 10
212.3592867452
 20
140.7743942876
 30
0.0
 10
212.3535286892
 20
140.8856091412
 30
0.0
 10
212.3422095041
 20
141.1014711338
 30
0.0
 10
212.3236605624
 20
141.4131955012
 30
0.0
 10
212.3035780259
 20
141.6989459046
 30
0.0
 10
212.2822171031
 20
141.9528574113
 30
0.0
 10
212.259770287
 20
142.1695909569
 30
0.0
 10
212.2393276696
 20
142.3246530976
 30
0.0
 10
212.2217236929
 20
142.4265260995
 30
0.0
 10
212.2092624336
 20
142.4856832368
 30
0.0
 10
212.1966128448
 20
142.5328470527
 30
0.0
 10
212.1868386031
 20
142.5598916827
 30
0.0
 10
212.1815543561
 20
142.5711114459
 30
0.0
  0
SPLINE
  5
BF8
100
AcDbEntity
  8
0
100
AcDbSpline
 62
7
  6
CONTINUOUS
 70
0
 71
3
 72
17
 73
13
 74
0
 42
0.0000001
 43
0.0000001
 44
0.0000000001
 40
0.0
 40
0.0
 40
0.0
 40
0.0
 40
0.1865753252
 40
0.3618947519
 40
0.5223060872
 40
0.6645524465
 40
0.7855761804
 40
0.8828727442
 40
0.9220238424
 40
0.9546301358
 40
0.9806116607
 40
1.0
 40
1.0
 40
1.0
 40
1.0
 10
207.7045406073
 20
139.6658738799
 30
0.0
 10
207.7114714952
 20
139.5553469607
 30
0.0
 10
207.7250321319
 20
139.3409681878
 30
0.0
 10
207.7462049618
 20
139.0316683646
 30
0.0
 10
207.7679396109
 20
138.7487895436
 30
0.0
 10
207.7901200464
 20
138.4982775752
 30
0.0
 10
207.8125974628
 20
138.2854364108
 30
0.0
 10
207.8325072403
 20
138.1338687381
 30
0.0
 10
207.8493205773
 20
138.034934575
 30
0.0
 10
207.8610286465
 20
137.9780867737
 30
0.0
 10
207.8727553117
 20
137.9333076301
 30
0.0
 10
207.8817717473
 20
137.907826935
 30
0.0
 10
207.8866769121
 20
137.8974164796
 30
0.0
  0
SPLINE
  5
BF9
100
AcDbEntity
  8
0
100
AcDbSpline
 62
7
  6
CONTINUOUS
 70
0
 71
3
 72
17
 73
13
 74
0
 42
0.0000001
 43
0.0000001
 44
0.0000000001
 40
0.0
 40
0.0
 40
0.0
 40
0.0
 40
0.1843311963
 40
0.3578318837
 40
0.5170266705
 40
0.658797539
 40
0.780120537
 40
0.8784609697
 40
0.9184146234
 40
0.9520139902
 40
0.9791846349
 40
1.0
 40
1.0
 40
1.0
 40
1.0
 10
213.3616357862
 20
140.7611293942
 30
0.0
 10
213.356154546
 20
140.8724780438
 30
0.0
 10
213.3453282961
 20
141.0886244636
 30
0.0
 10
213.32737466
 20
141.4008112109
 30
0.0
 10
213.3077210291
 20
141.687100931
 30
0.0
 10
213.2866081249
 20
141.9416415826
 30
0.0
 10
213.2642386496
 20
142.1590998141
 30
0.0
 10
213.2437265449
 20
142.3148239065
 30
0.0
 10
213.2259766859
 20
142.4172708569
 30
0.0
 10
213.2133646547
 20
142.4768969086
 30
0.0
 10
213.2005242803
 20
142.5245538628
 30
0.0
 10
213.1905923671
 20
142.5519254339
 30
0.0
 10
213.1852281386
 20
142.5633145179
 30
0.0
  0
SPLINE
  5
BFA
100
AcDbEntity
  8
0
100
AcDbSpline
 62
7
  6
CONTINUOUS
 70
0
 71
3
 72
13
 73
9
 74
0
 42
0.0000001
 43
0.0000001
 44
0.0000000001
 40
0.0
 40
0.0
 40
0.0
 40
0.0
 40
0.3302726868
 40
0.6179979668
 40
0.7403694997
 40
0.8458360752
 40
0.932779568
 40
1.0
 40
1.0
 40
1.0
 40
1.0
 10
208.7020647194
 20
139.6790749211
 30
0.0
 10
208.7132724081
 20
139.4936368314
 30
0.0
 10
208.7345195253
 20
139.1466658178
 30
0.0
 10
208.7655818793
 20
138.7313416485
 30
0.0
 10
208.7924588847
 20
138.4425819143
 30
0.0
 10
208.8118439517
 20
138.2665656889
 30
0.0
 10
208.8314452524
 20
138.1218405001
 30
0.0
 10
208.8464114381
 20
138.036359955
 30
0.0
 10
208.854573711
 20
137.9994403554
 30
0.0
  0
SPLINE
  5
BFB
100
AcDbEntity
  8
0
100
AcDbSpline
 62
7
  6
CONTINUOUS
 70
0
 71
3
 72
17
 73
13
 74
0
 42
0.0000001
 43
0.0000001
 44
0.0000000001
 40
0.0
 40
0.0
 40
0.0
 40
0.0
 40
0.1839816463
 40
0.3572027932
 40
0.5161976236
 40
0.6578704376
 40
0.7792162829
 40
0.8777137375
 40
0.9177971647
 40
0.9515646275
 40
0.9789402532
 40
1.0
 40
1.0
 40
1.0
 40
1.0
 10
214.3639543862
 20
140.7478649037
 30
0.0
 10
214.3587548789
 20
140.859349593
 30
0.0
 10
214.3484183586
 20
141.0757880607
 30
0.0
 10
214.3310626123
 20
141.3884447696
 30
0.0
 10
214.3118432343
 20
141.6752760813
 30
0.0
 10
214.2909890389
 20
141.9304400358
 30
0.0
 10
214.2687057611
 20
142.1486170064
 30
0.0
 10
214.248126897
 20
142.3049986641
 30
0.0
 10
214.2302305772
 20
142.4080174273
 30
0.0
 10
214.217468678
 20
142.4681105497
 30
0.0
 10
214.2044381012
 20
142.5162588091
 30
0.0
 10
214.1943485962
 20
142.543955335
 30
0.0
 10
214.1889046331
 20
142.5555124751
 30
0.0
  0
SPLINE
  5
BFC
100
AcDbEntity
  8
0
100
AcDbSpline
 62
7
  6
CONTINUOUS
 70
0
 71
3
 72
9
 73
5
 74
0
 42
0.0000001
 43
0.0000001
 44
0.0000000001
 40
0.0
 40
0.0
 40
0.0
 40
0.0
 40
0.5790754918
 40
1.0
 40
1.0
 40
1.0
 40
1.0
 10
208.854573711
 20
137.9994403554
 30
0.0
 10
208.8586839381
 20
137.9808489728
 30
0.0
 10
208.8665314826
 20
137.9489251794
 30
0.0
 10
208.8771446086
 20
137.9176494568
 30
0.0
 10
208.8830433346
 20
137.9051292011
 30
0.0
  0
SPLINE
  5
BFD
100
AcDbEntity
  8
0
100
AcDbSpline
 62
7
  6
CONTINUOUS
 70
0
 71
3
 72
17
 73
13
 74
0
 42
0.0000001
 43
0.0000001
 44
0.0000000001
 40
0.0
 40
0.0
 40
0.0
 40
0.0
 40
0.1836376458
 40
0.3565837172
 40
0.5153812096
 40
0.6569557668
 40
0.7783194398
 40
0.8769677427
 40
0.9171797263
 40
0.951113556
 40
0.9786947072
 40
1.0
 40
1.0
 40
1.0
 40
1.0
 10
215.3662423762
 20
140.7346008183
 30
0.0
 10
215.3613288165
 20
140.8462229515
 30
0.0
 10
215.3514804094
 20
141.0629557875
 30
0.0
 10
215.3347216417
 20
141.3760854043
 30
0.0
 10
215.315947077
 20
141.6634599339
 30
0.0
 10
215.2953604532
 20
141.9192446243
 30
0.0
 10
215.2731714876
 20
142.138134103
 30
0.0
 10
215.2525303044
 20
142.2951672685
 30
0.0
 10
215.2344893976
 20
142.3987540665
 30
0.0
 10
215.2215766286
 20
142.4593143302
 30
0.0
 10
215.2083545667
 20
142.5079556487
 30
0.0
 10
215.1981074383
 20
142.5359798839
 30
0.0
 10
215.1925832536
 20
142.5477065948
 30
0.0
  0
SPLINE
  5
BFE
100
AcDbEntity
  8
0
100
AcDbSpline
 62
7
  6
CONTINUOUS
 70
0
 71
3
 72
17
 73
13
 74
0
 42
0.0000001
 43
0.0000001
 44
0.0000000001
 40
0.0
 40
0.0
 40
0.0
 40
0.0
 40
0.1832963263
 40
0.3559684517
 40
0.5145678699
 40
0.6560413886
 40
0.7774192568
 40
0.8762181888
 40
0.9165612547
 40
0.9506640019
 40
0.9784508445
 40
1.0
 40
1.0
 40
1.0
 40
1.0
 10
216.3684995887
 20
140.7213371402
 30
0.0
 10
216.3638754739
 20
140.8330962222
 30
0.0
 10
216.35451412
 20
141.0501218248
 30
0.0
 10
216.3383526324
 20
141.3637212669
 30
0.0
 10
216.3200336157
 20
141.6516346698
 30
0.0
 10
216.2997240444
 20
141.9080344758
 30
0.0
 10
216.2776382637
 20
142.1276329127
 30
0.0
 10
216.2569383527
 20
142.2853180323
 30
0.0
 10
216.2387527919
 20
142.3894772307
 30
0.0
 10
216.225688696
 20
142.4505094852
 30
0.0
 10
216.2122745252
 20
142.4996464644
 30
0.0
 10
216.2018694122
 20
142.527998943
 30
0.0
 10
216.1962649046
 20
142.5398949916
 30
0.0
  0
SPLINE
  5
BFF
100
AcDbEntity
  8
0
100
AcDbSpline
 62
7
  6
CONTINUOUS
 70
0
 71
3
 72
17
 73
13
 74
0
 42
0.0000001
 43
0.0000001
 44
0.0000000001
 40
0.0
 40
0.0
 40
0.0
 40
0.0
 40
0.1829584163
 40
0.355357467
 40
0.5137572391
 40
0.655127804
 40
0.7765214552
 40
0.8754729559
 40
0.9159455797
 40
0.9502160471
 40
0.9782079481
 40
1.0
 40
1.0
 40
1.0
 40
1.0
 10
217.370725858
 20
140.7080738715
 30
0.0
 10
217.3663938071
 20
140.8199697511
 30
0.0
 10
217.3575186148
 20
141.037286731
 30
0.0
 10
217.3419559999
 20
141.3513526162
 30
0.0
 10
217.32410242
 20
141.6398001387
 30
0.0
 10
217.304079726
 20
141.8968124886
 30
0.0
 10
217.2821046945
 20
142.1171210979
 30
0.0
 10
217.2613499207
 20
142.2754606117
 30
0.0
 10
217.2430201089
 20
142.380193134
 30
0.0
 10
217.2298046398
 20
142.441696929
 30
0.0
 10
217.2161980731
 20
142.4913298
 30
0.0
 10
217.2056348107
 20
142.5200110308
 30
0.0
 10
217.199949847
 20
142.5320766346
 30
0.0
  0
SPLINE
  5
C00
100
AcDbEntity
  8
0
100
AcDbSpline
 62
7
  6
CONTINUOUS
 70
0
 71
3
 72
13
 73
9
 74
0
 42
0.0000001
 43
0.0000001
 44
0.0000000001
 40
0.0
 40
0.0
 40
0.0
 40
0.0
 40
0.0672481811
 40
0.1542689121
 40
0.2598204809
 40
0.3822552029
 40
0.6699590999
 40
1.0
 40
1.0
 40
1.0
 40
1.0
 10
209.6008767156
 20
138.0054051837
 30
0.0
 10
209.5931873241
 20
138.0425611765
 30
0.0
 10
209.5785961269
 20
138.1284163793
 30
0.0
 10
209.5587964627
 20
138.2736768736
 30
0.0
 10
209.5384201717
 20
138.4502518509
 30
0.0
 10
209.5088090047
 20
138.7397118018
 30
0.0
 10
209.4717785803
 20
139.1557084701
 30
0.0
 10
209.4427642336
 20
139.5030479792
 30
0.0
 10
209.4280259915
 20
139.6886821521
 30
0.0
  0
SPLINE
  5
C01
100
AcDbEntity
  8
0
100
AcDbSpline
 62
7
  6
CONTINUOUS
 70
0
 71
3
 72
17
 73
13
 74
0
 42
0.0000001
 43
0.0000001
 44
0.0000000001
 40
0.0
 40
0.0
 40
0.0
 40
0.0
 40
0.1826280564
 40
0.3547618949
 40
0.5129634967
 40
0.6542297745
 40
0.7756317249
 40
0.8747283378
 40
0.9153297909
 40
0.9497677291
 40
0.9779649039
 40
1.0
 40
1.0
 40
1.0
 40
1.0
 10
218.3729210198
 20
140.6948110146
 30
0.0
 10
218.3688826454
 20
140.806845963
 30
0.0
 10
218.3604923263
 20
141.0244596173
 30
0.0
 10
218.345531732
 20
141.3389971279
 30
0.0
 10
218.3281515647
 20
141.6279801601
 30
0.0
 10
218.3084255262
 20
141.8855988708
 30
0.0
 10
218.2865699825
 20
142.1066077884
 30
0.0
 10
218.2657647976
 20
142.2655931291
 30
0.0
 10
218.2472927571
 20
142.3708953171
 30
0.0
 10
218.2339258303
 20
142.4328717617
 30
0.0
 10
218.2201261243
 20
142.4830024162
 30
0.0
 10
218.2094044673
 20
142.5120141236
 30
0.0
 10
218.2036387528
 20
142.5242501614
 30
0.0
  0
SPLINE
  5
C02
100
AcDbEntity
  8
0
100
AcDbSpline
 62
7
  6
CONTINUOUS
 70
0
 71
3
 72
17
 73
13
 74
0
 42
0.0000001
 43
0.0000001
 44
0.0000000001
 40
0.0
 40
0.0
 40
0.0
 40
0.0
 40
0.1857786817
 40
0.360449292
 40
0.5204125175
 40
0.6624869276
 40
0.7836297324
 40
0.8813052684
 40
0.9207435544
 40
0.9536989851
 40
0.9800955389
 40
1.0
 40
1.0
 40
1.0
 40
1.0
 10
209.6996180327
 20
139.6922763487
 30
0.0
 10
209.7060535964
 20
139.5815182309
 30
0.0
 10
209.7186143941
 20
139.3666284678
 30
0.0
 10
209.7385857669
 20
139.0564828941
 30
0.0
 10
209.7595573998
 20
138.7725671627
 30
0.0
 10
209.7813128233
 20
138.5207746789
 30
0.0
 10
209.8037111143
 20
138.3064131151
 30
0.0
 10
209.8237866342
 20
138.1534498721
 30
0.0
 10
209.8408899249
 20
138.0533268329
 30
0.0
 10
209.8528920324
 20
137.9955365392
 30
0.0
 10
209.8649940938
 20
137.9497697305
 30
0.0
 10
209.8743279261
 20
137.9236385341
 30
0.0
 10
209.8793919391
 20
137.9128844714
 30
0.0
  0
SPLINE
  5
C03
100
AcDbEntity
  8
0
100
AcDbSpline
 62
7
  6
CONTINUOUS
 70
0
 71
3
 72
22
 73
18
 74
0
 42
0.0000001
 43
0.0000001
 44
0.0000000001
 40
0.0
 40
0.0
 40
0.0
 40
0.0
 40
0.0029824263
 40
0.0073674463
 40
0.0136383087
 40
0.0219532628
 40
0.0323678072
 40
0.0449005372
 40
0.0763278311
 40
0.1161729054
 40
0.1642092558
 40
0.2201592187
 40
0.283643944
 40
0.4313665922
 40
0.6031519525
 40
0.7943665641
 40
1.0
 40
1.0
 40
1.0
 40
1.0
 10
215.3827131851
 20
142.5829414445
 30
0.0
 10
215.3845757962
 20
142.5829301508
 30
0.0
 10
215.3890126398
 20
142.5806390176
 30
0.0
 10
215.3940951309
 20
142.5737378827
 30
0.0
 10
215.3994965358
 20
142.5631527536
 30
0.0
 10
215.4050143895
 20
142.5485273352
 30
0.0
 10
215.4107666749
 20
142.529861938
 30
0.0
 10
215.4193195947
 20
142.4969890406
 30
0.0
 10
215.4300470209
 20
142.4457367963
 30
0.0
 10
215.4428186794
 20
142.3723207177
 30
0.0
 10
215.4561975173
 20
142.2834876143
 30
0.0
 10
215.4701339136
 20
142.1798251921
 30
0.0
 10
215.4904864428
 20
142.0142179341
 30
0.0
 10
215.5167149769
 20
141.7764591954
 30
0.0
 10
215.5492617292
 20
141.4591569066
 30
0.0
 10
215.5843060571
 20
141.1057552992
 30
0.0
 10
215.6083662278
 20
140.8590780343
 30
0.0
 10
215.620590924
 20
140.7312348188
 30
0.0
  0
SPLINE
  5
C04
100
AcDbEntity
  8
0
100
AcDbSpline
 62
7
  6
CONTINUOUS
 70
0
 71
3
 72
17
 73
13
 74
0
 42
0.0000001
 43
0.0000001
 44
0.0000000001
 40
0.0
 40
0.0
 40
0.0
 40
0.0
 40
0.18230196
 40
0.3541770963
 40
0.5121841558
 40
0.6533408904
 40
0.7747472831
 40
0.8739872286
 40
0.9147166997
 40
0.9493214494
 40
0.9777232102
 40
1.0
 40
1.0
 40
1.0
 40
1.0
 10
219.3750849118
 20
140.6815485714
 30
0.0
 10
219.3713409291
 20
140.7937229678
 30
0.0
 10
219.3634356607
 20
141.0116361416
 30
0.0
 10
219.3490790105
 20
141.3266493164
 30
0.0
 10
219.3321819361
 20
141.616167761
 30
0.0
 10
219.3127620062
 20
141.8743880134
 30
0.0
 10
219.2910339677
 20
142.0960907688
 30
0.0
 10
219.2701826705
 20
142.2557191912
 30
0.0
 10
219.2515693286
 20
142.3615905187
 30
0.0
 10
219.2380509009
 20
142.4240399129
 30
0.0
 10
219.2240578627
 20
142.4746686616
 30
0.0
 10
219.2131777391
 20
142.5040111167
 30
0.0
 10
219.2073311157
 20
142.5164175285
 30
0.0
  0
SPLINE
  5
C05
100
AcDbEntity
  8
0
100
AcDbSpline
 62
7
  6
CONTINUOUS
 70
0
 71
3
 72
17
 73
13
 74
0
 42
0.0000001
 43
0.0000001
 44
0.0000000001
 40
0.0
 40
0.0
 40
0.0
 40
0.0
 40
0.1854144049
 40
0.3597857929
 40
0.5195507002
 40
0.6615460612
 40
0.7827296795
 40
0.8805675991
 40
0.9201330592
 40
0.9532528824
 40
0.9798512598
 40
1.0
 40
1.0
 40
1.0
 40
1.0
 10
210.6972007244
 20
139.7054781651
 30
0.0
 10
210.7033784991
 20
139.5945863691
 30
0.0
 10
210.7154470144
 20
139.3794114895
 30
0.0
 10
210.7348256138
 20
139.0687992568
 30
0.0
 10
210.7554016474
 20
138.7843333291
 30
0.0
 10
210.7769378567
 20
138.5318930884
 30
0.0
 10
210.7992822603
 20
138.3167922036
 30
0.0
 10
210.8194354201
 20
138.1631655494
 30
0.0
 10
210.8366833281
 20
138.0624777743
 30
0.0
 10
210.8488306105
 20
138.0042326266
 30
0.0
 10
210.861117278
 20
137.9579861828
 30
0.0
 10
210.8706061715
 20
137.9315379724
 30
0.0
 10
210.8757482466
 20
137.920619022
 30
0.0
  0
SPLINE
  5
C06
100
AcDbEntity
  8
0
100
AcDbSpline
 62
7
  6
CONTINUOUS
 70
0
 71
3
 72
28
 73
24
 74
0
 42
0.0000001
 43
0.0000001
 44
0.0000000001
 40
0.0
 40
0.0
 40
0.0
 40
0.0
 40
0.0028843415
 40
0.0053015214
 40
0.0084820083
 40
0.0124546845
 40
0.0172305715
 40
0.0228098979
 40
0.0291889204
 40
0.0443216901
 40
0.0625607611
 40
0.1079134489
 40
0.1641802048
 40
0.2300000434
 40
0.3037660293
 40
0.3836709507
 40
0.4677553758
 40
0.5539563836
 40
0.6401577263
 40
0.7242421141
 40
0.877908141
 40
0.9437378499
 40
1.0
 40
1.0
 40
1.0
 40
1.0
 10
212.6762629301
 20
143.2009338554
 30
0.0
 10
212.681417623
 20
143.2009318824
 30
0.0
 10
212.689154047
 20
143.1924797865
 30
0.0
 10
212.6957328766
 20
143.1794683392
 30
0.0
 10
212.7019830541
 20
143.1632982351
 30
0.0
 10
212.7080632173
 20
143.1429318566
 30
0.0
 10
212.7142469972
 20
143.1180498856
 30
0.0
 10
212.7204261444
 20
143.0887932767
 30
0.0
 10
212.7292023084
 20
143.0411722312
 30
0.0
 10
212.7399024232
 20
142.9709300982
 30
0.0
 10
212.7576133919
 20
142.8313496899
 30
0.0
 10
212.778836539
 20
142.618170626
 30
0.0
 10
212.8031815432
 20
142.3199226188
 30
0.0
 10
212.8276576281
 20
141.9707588728
 30
0.0
 10
212.8522473028
 20
141.57927035
 30
0.0
 10
212.8768914732
 20
141.1550848298
 30
0.0
 10
212.9015694256
 20
140.7086434287
 30
0.0
 10
212.926264678
 20
140.2509340183
 30
0.0
 10
212.9509497488
 20
139.7932236083
 30
0.0
 10
212.9829403609
 20
139.2151657759
 30
0.0
 10
213.0148965493
 20
138.6735581402
 30
0.0
 10
213.0493548261
 20
138.1819448038
 30
0.0
 10
213.0670726112
 20
137.9644608439
 30
0.0
 10
213.076262921
 20
137.8643339554
 30
0.0
  0
SPLINE
  5
C07
100
AcDbEntity
  8
0
100
AcDbSpline
 62
7
  6
CONTINUOUS
 70
0
 71
3
 72
17
 73
13
 74
0
 42
0.0000001
 43
0.0000001
 44
0.0000000001
 40
0.0
 40
0.0
 40
0.0
 40
0.0
 40
0.1819848163
 40
0.3536074926
 40
0.5114204467
 40
0.6524675474
 40
0.7738745891
 40
0.8732515851
 40
0.9141066737
 40
0.9488755988
 40
0.9774808562
 40
1.0
 40
1.0
 40
1.0
 40
1.0
 10
220.3772173732
 20
140.6682865442
 30
0.0
 10
220.3737673742
 20
140.7806034694
 30
0.0
 10
220.3663474431
 20
140.9988214407
 30
0.0
 10
220.3525987172
 20
141.3143147408
 30
0.0
 10
220.336192587
 20
141.6043689648
 30
0.0
 10
220.3170886318
 20
141.8631867377
 30
0.0
 10
220.2954958968
 20
142.0855768674
 30
0.0
 10
220.2746028723
 20
142.2458415571
 30
0.0
 10
220.2558508172
 20
142.3522765313
 30
0.0
 10
220.2421812861
 20
142.4151966612
 30
0.0
 10
220.2279943426
 20
142.4663233501
 30
0.0
 10
220.2169559629
 20
142.4959978935
 30
0.0
 10
220.2110280911
 20
142.5085758722
 30
0.0
  0
SPLINE
  5
C08
100
AcDbEntity
  8
0
100
AcDbSpline
 62
7
  6
CONTINUOUS
 70
0
 71
3
 72
38
 73
34
 74
0
 42
0.0000001
 43
0.0000001
 44
0.0000000001
 40
0.0
 40
0.0
 40
0.0
 40
0.0
 40
0.0013891357
 40
0.0023325924
 40
0.0034972058
 40
0.0065579385
 40
0.0106476416
 40
0.0157885187
 40
0.0219867158
 40
0.0292376874
 40
0.0375282938
 40
0.0571655433
 40
0.0807477011
 40
0.1080682303
 40
0.1388951712
 40
0.1729519866
 40
0.209942688
 40
0.2913799321
 40
0.3803178278
 40
0.4735957163
 40
0.5678965066
 40
0.6598662811
 40
0.7462350628
 40
0.8239349534
 40
0.8586592699
 40
0.8902127685
 40
0.9183203718
 40
0.9427342822
 40
0.9632475594
 40
0.979690758
 40
0.9919491891
 40
0.9964970991
 40
1.0
 40
1.0
 40
1.0
 40
1.0
 10
211.6762628956
 20
143.2009246246
 30
0.0
 10
211.6790008421
 20
143.2009265488
 30
0.0
 10
211.6834647809
 20
143.198458995
 30
0.0
 10
211.6879223086
 20
143.1932665819
 30
0.0
 10
211.6934277979
 20
143.1846273672
 30
0.0
 10
211.6998713032
 20
143.1694959349
 30
0.0
 10
211.7072114309
 20
143.1463947218
 30
0.0
 10
211.7145811568
 20
143.116874885
 30
0.0
 10
211.7220018124
 20
143.0809881936
 30
0.0
 10
211.7294442925
 20
143.0387859551
 30
0.0
 10
211.7399996403
 20
142.9702538146
 30
0.0
 10
211.7528651887
 20
142.8695329924
 30
0.0
 10
211.7676660469
 20
142.7312861154
 30
0.0
 10
211.7825250625
 20
142.5708816566
 30
0.0
 10
211.7974217538
 20
142.3897590531
 30
0.0
 10
211.8123496871
 20
142.189521518
 30
0.0
 10
211.8329390471
 20
141.8896831924
 30
0.0
 10
211.8581822932
 20
141.4817474024
 30
0.0
 10
211.887697291
 20
140.96293291
 30
0.0
 10
211.9172576229
 20
140.4187285018
 30
0.0
 10
211.9468313965
 20
139.868540766
 30
0.0
 10
211.9763764198
 20
139.3319885305
 30
0.0
 10
212.005859638
 20
138.8282048238
 30
0.0
 10
212.0311624443
 20
138.4372017741
 30
0.0
 10
212.0518507457
 20
138.1541789458
 30
0.0
 10
212.066758799
 20
137.9687444777
 30
0.0
 10
212.081624274
 20
137.8036986636
 30
0.0
 10
212.0964439867
 20
137.6605113173
 30
0.0
 10
212.1111478675
 20
137.5404302557
 30
0.0
 10
212.125753997
 20
137.4445362433
 30
0.0
 10
212.1385526762
 20
137.3801821366
 30
0.0
 10
212.1494543229
 20
137.3416533814
 30
0.0
 10
212.1549955747
 20
137.3267375146
 30
0.0
 10
212.1579305502
 20
137.3204882925
 30
0.0
  0
SPLINE
  5
C09
100
AcDbEntity
  8
0
100
AcDbSpline
 62
7
  6
CONTINUOUS
 70
0
 71
3
 72
17
 73
13
 74
0
 42
0.0000001
 43
0.0000001
 44
0.0000000001
 40
0.0
 40
0.0
 40
0.0
 40
0.0
 40
0.1850527865
 40
0.3591250976
 40
0.5186903333
 40
0.6605993436
 40
0.781820215
 40
0.8798205399
 40
0.9195170181
 40
0.9528030522
 40
0.9796058596
 40
1.0
 40
1.0
 40
1.0
 40
1.0
 10
211.6948129705
 20
139.7186803727
 30
0.0
 10
211.700726224
 20
139.6076547686
 30
0.0
 10
211.712303827
 20
139.3921964866
 30
0.0
 10
211.7310943324
 20
139.0811210422
 30
0.0
 10
211.7512616932
 20
138.7961115552
 30
0.0
 10
211.772570127
 20
138.5430310353
 30
0.0
 10
211.7948520642
 20
138.327195858
 30
0.0
 10
211.8150785765
 20
138.1729036003
 30
0.0
 10
211.8324705836
 20
138.0716457499
 30
0.0
 10
211.8447655777
 20
138.0129392935
 30
0.0
 10
211.8572389648
 20
137.9662081534
 30
0.0
 10
211.8668830423
 20
137.9394388452
 30
0.0
 10
211.8721037994
 20
137.9283535591
 30
0.0
  0
SPLINE
  5
C0A
100
AcDbEntity
  8
0
100
AcDbSpline
 62
7
  6
CONTINUOUS
 70
0
 71
3
 72
20
 73
16
 74
0
 42
0.0000001
 43
0.0000001
 44
0.0000000001
 40
0.0
 40
0.0
 40
0.0
 40
0.0
 40
0.0076666314
 40
0.0140701626
 40
0.0224773478
 40
0.0329577804
 40
0.045537217
 40
0.0770135556
 40
0.1168608614
 40
0.1648642068
 40
0.2841593876
 40
0.43169536
 40
0.6033055436
 40
0.7943993843
 40
1.0
 40
1.0
 40
1.0
 40
1.0
 10
211.3966283753
 20
142.6087795496
 30
0.0
 10
211.4013466138
 20
142.6087393974
 30
0.0
 10
211.4084259576
 20
142.6011338033
 30
0.0
 10
211.4147152478
 20
142.5893881399
 30
0.0
 10
211.4207224651
 20
142.5748062488
 30
0.0
 10
211.4266918914
 20
142.5564421028
 30
0.0
 10
211.435572282
 20
142.524033347
 30
0.0
 10
211.4464793009
 20
142.4735496297
 30
0.0
 10
211.4592685162
 20
142.4012175537
 30
0.0
 10
211.4782116582
 20
142.2751372891
 30
0.0
 10
211.5017134698
 20
142.0827756238
 30
0.0
 10
211.5298347011
 20
141.8144054708
 30
0.0
 10
211.5595275689
 20
141.5017824286
 30
0.0
 10
211.5909777203
 20
141.1534378391
 30
0.0
 10
211.612271962
 20
140.9102226808
 30
0.0
 10
211.6229621045
 20
140.7841386655
 30
0.0
  0
SPLINE
  5
C0B
100
AcDbEntity
  8
0
100
AcDbSpline
 62
7
  6
CONTINUOUS
 70
0
 71
3
 72
38
 73
34
 74
0
 42
0.0000001
 43
0.0000001
 44
0.0000000001
 40
0.0
 40
0.0
 40
0.0
 40
0.0
 40
0.0013900109
 40
0.0023336445
 40
0.0034975768
 40
0.0065561127
 40
0.0106463858
 40
0.0157893993
 40
0.0219874586
 40
0.0292360793
 40
0.037526861
 40
0.0571664424
 40
0.0807462003
 40
0.1080691484
 40
0.1388937029
 40
0.1729527921
 40
0.2099413532
 40
0.2913788226
 40
0.3803170149
 40
0.4735952413
 40
0.5678963746
 40
0.6598664563
 40
0.7462354731
 40
0.823935501
 40
0.8586578964
 40
0.8902133427
 40
0.9183190477
 40
0.9427347741
 40
0.9632463937
 40
0.9796910719
 40
0.9919482761
 40
0.9964950813
 40
1.0
 40
1.0
 40
1.0
 40
1.0
 10
210.6762629565
 20
143.2009286657
 30
0.0
 10
210.6790026271
 20
143.2009256834
 30
0.0
 10
210.6834630426
 20
143.1984498202
 30
0.0
 10
210.6879209723
 20
143.1932575385
 30
0.0
 10
210.693427766
 20
143.1846254397
 30
0.0
 10
210.699875232
 20
143.1695003832
 30
0.0
 10
210.7072119771
 20
143.1463968081
 30
0.0
 10
210.7145793518
 20
143.1168713055
 30
0.0
 10
210.7220006958
 20
143.0809854965
 30
0.0
 10
210.7294460294
 20
143.0387883859
 30
0.0
 10
210.7399998004
 20
142.9702556543
 30
0.0
 10
210.7528630429
 20
142.8695343838
 30
0.0
 10
210.7676684055
 20
142.7312833303
 30
0.0
 10
210.7825229569
 20
142.5708831395
 30
0.0
 10
210.7974236419
 20
142.3897563295
 30
0.0
 10
210.812348199
 20
142.1895229945
 30
0.0
 10
210.8329405503
 20
141.8896841949
 30
0.0
 10
210.8581818518
 20
141.4817514862
 30
0.0
 10
210.8876974377
 20
140.9629353689
 30
0.0
 10
210.9172575722
 20
140.4187290485
 30
0.0
 10
210.9468314294
 20
139.8685394004
 30
0.0
 10
210.976376254
 20
139.3319854331
 30
0.0
 10
211.0058600501
 20
138.8282004586
 30
0.0
 10
211.0311609963
 20
138.437200349
 30
0.0
 10
211.0518521206
 20
138.1541774329
 30
0.0
 10
211.0667570912
 20
137.9687464168
 30
0.0
 10
211.0816260578
 20
137.8036972454
 30
0.0
 10
211.0964420429
 20
137.6605129765
 30
0.0
 10
211.1111494819
 20
137.5404290347
 30
0.0
 10
211.1257532998
 20
137.4445377144
 30
0.0
 10
211.1385498554
 20
137.3801844793
 30
0.0
 10
211.1494577428
 20
137.3416582181
 30
0.0
 10
211.1549961918
 20
137.3267396516
 30
0.0
 10
211.1579304831
 20
137.3204857154
 30
0.0
  0
SPLINE
  5
C0C
100
AcDbEntity
  8
0
100
AcDbSpline
 62
7
  6
CONTINUOUS
 70
0
 71
3
 72
11
 73
7
 74
0
 42
0.0000001
 43
0.0000001
 44
0.0000000001
 40
0.0
 40
0.0
 40
0.0
 40
0.0
 40
0.2907423626
 40
0.5592409035
 40
0.7980615756
 40
1.0
 40
1.0
 40
1.0
 40
1.0
 10
212.692454946
 20
139.7318829736
 30
0.0
 10
212.6991937195
 20
139.5991293174
 30
0.0
 10
212.7123934155
 20
139.3437898584
 30
0.0
 10
212.7345766303
 20
138.979588531
 30
0.0
 10
212.7589652672
 20
138.6562315266
 30
0.0
 10
212.7780073597
 20
138.4555943545
 30
0.0
 10
212.7883473554
 20
138.3638509191
 30
0.0
  0
SPLINE
  5
C0D
100
AcDbEntity
  8
0
100
AcDbSpline
 62
7
  6
CONTINUOUS
 70
0
 71
3
 72
38
 73
34
 74
0
 42
0.0000001
 43
0.0000001
 44
0.0000000001
 40
0.0
 40
0.0
 40
0.0
 40
0.0
 40
0.0013894299
 40
0.0023335669
 40
0.0034984606
 40
0.0065584785
 40
0.0106471138
 40
0.0157884302
 40
0.021987998
 40
0.0292383838
 40
0.037527879
 40
0.0571667228
 40
0.080747456
 40
0.1080692564
 40
0.1388951213
 40
0.172952831
 40
0.2099428371
 40
0.2913802647
 40
0.3803183113
 40
0.4735963053
 40
0.5678971481
 40
0.6598669195
 40
0.7462356461
 40
0.8239354381
 40
0.8586602565
 40
0.890213125
 40
0.9183216031
 40
0.9427344976
 40
0.9632490071
 40
0.979690841
 40
0.9919507906
 40
0.9964971718
 40
1.0
 40
1.0
 40
1.0
 40
1.0
 10
209.6762628882
 20
143.2009303652
 30
0.0
 10
209.6790014127
 20
143.2009332939
 30
0.0
 10
209.683466461
 20
143.198459907
 30
0.0
 10
209.687921065
 20
143.1932626835
 30
0.0
 10
209.6934265898
 20
143.1846229528
 30
0.0
 10
209.6998714601
 20
143.1694955001
 30
0.0
 10
209.70721287
 20
143.146397318
 30
0.0
 10
209.7145815879
 20
143.1168757116
 30
0.0
 10
209.7220004033
 20
143.080986212
 30
0.0
 10
209.7294442331
 20
143.0387849095
 30
0.0
 10
209.7400012175
 20
142.9702532265
 30
0.0
 10
209.7528632778
 20
142.8695338617
 30
0.0
 10
209.7676675308
 20
142.7312845777
 30
0.0
 10
209.7825239177
 20
142.570882351
 30
0.0
 10
209.7974225805
 20
142.3897578436
 30
0.0
 10
209.812349092
 20
142.1895220086
 30
0.0
 10
209.8329395839
 20
141.8896831334
 30
0.0
 10
209.8581820975
 20
141.481748169
 30
0.0
 10
209.8876973195
 20
140.9629330356
 30
0.0
 10
209.9172575891
 20
140.4187282342
 30
0.0
 10
209.9468313637
 20
139.8685404163
 30
0.0
 10
209.9763764381
 20
139.3319884146
 30
0.0
 10
210.0058594643
 20
138.8282052059
 30
0.0
 10
210.0311628698
 20
138.4372016762
 30
0.0
 10
210.0518502494
 20
138.1541793337
 30
0.0
 10
210.0667595335
 20
137.9687435811
 30
0.0
 10
210.081623131
 20
137.8036991537
 30
0.0
 10
210.0964456334
 20
137.6605100733
 30
0.0
 10
210.1111453626
 20
137.5404306713
 30
0.0
 10
210.125757608
 20
137.4445351282
 30
0.0
 10
210.1385486041
 20
137.3801820474
 30
0.0
 10
210.1494553751
 20
137.3416547817
 30
0.0
 10
210.1549964039
 20
137.3267423956
 30
0.0
 10
210.1579305288
 20
137.3204929354
 30
0.0
  0
SPLINE
  5
C0E
100
AcDbEntity
  8
0
100
AcDbSpline
 62
7
  6
CONTINUOUS
 70
0
 71
3
 72
12
 73
8
 74
0
 42
0.0000001
 43
0.0000001
 44
0.0000000001
 40
0.0
 40
0.0
 40
0.0
 40
0.0
 40
0.3488750929
 40
0.6333673241
 40
0.8506117841
 40
0.9337230568
 40
1.0
 40
1.0
 40
1.0
 40
1.0
 10
212.7883473554
 20
138.3638509191
 30
0.0
 10
212.794030299
 20
138.313428
 30
0.0
 10
212.80523266
 20
138.2219720991
 30
0.0
 10
212.824236456
 20
138.0997185472
 30
0.0
 10
212.8414984339
 20
138.0163113836
 30
0.0
 10
212.8565607841
 20
137.9651342055
 30
0.0
 10
212.8643530527
 20
137.9447959151
 30
0.0
 10
212.8684622519
 20
137.936075972
 30
0.0
  0
SPLINE
  5
C0F
100
AcDbEntity
  8
0
100
AcDbSpline
 62
7
  6
CONTINUOUS
 70
0
 71
3
 72
11
 73
7
 74
0
 42
0.0000001
 43
0.0000001
 44
0.0000000001
 40
0.0
 40
0.0
 40
0.0
 40
0.0
 40
0.2019209521
 40
0.4407905811
 40
0.7093162064
 40
1.0
 40
1.0
 40
1.0
 40
1.0
 10
213.5673127047
 20
138.3692886074
 30
0.0
 10
213.5560657981
 20
138.4614334962
 30
0.0
 10
213.5337650983
 20
138.6628571
 30
0.0
 10
213.5012805483
 20
138.9873281215
 30
0.0
 10
213.4663746654
 20
139.3525642273
 30
0.0
 10
213.4426765412
 20
139.6085546426
 30
0.0
 10
213.4307049166
 20
139.741652831
 30
0.0
  0
SPLINE
  5
C10
100
AcDbEntity
  8
0
100
AcDbSpline
 62
7
  6
CONTINUOUS
 70
0
 71
3
 72
17
 73
13
 74
0
 42
0.0000001
 43
0.0000001
 44
0.0000000001
 40
0.0
 40
0.0
 40
0.0
 40
0.0
 40
0.1843474799
 40
0.3578503084
 40
0.5170212327
 40
0.6587493003
 40
0.7800261186
 40
0.8783391904
 40
0.918293137
 40
0.9519100074
 40
0.9791191767
 40
1.0
 40
1.0
 40
1.0
 40
1.0
 10
213.6901268245
 20
139.7450859703
 30
0.0
 10
213.6954936157
 20
139.6337874198
 30
0.0
 10
213.7060972491
 20
139.4177460441
 30
0.0
 10
213.7237097059
 20
139.10572707
 30
0.0
 10
213.7430412132
 20
138.8196233926
 30
0.0
 10
213.7638627471
 20
138.5652775703
 30
0.0
 10
213.7859935821
 20
138.3479945223
 30
0.0
 10
213.8063577397
 20
138.1923880617
 30
0.0
 10
213.8240373567
 20
138.0899965269
 30
0.0
 10
213.8366277971
 20
138.0303675518
 30
0.0
 10
213.8494757895
 20
137.9826659826
 30
0.0
 10
213.8594304571
 20
137.9552538446
 30
0.0
 10
213.8648086415
 20
137.943835769
 30
0.0
  0
SPLINE
  5
C11
100
AcDbEntity
  8
0
100
AcDbSpline
 62
7
  6
CONTINUOUS
 70
0
 71
3
 72
24
 73
20
 74
0
 42
0.0000001
 43
0.0000001
 44
0.0000000001
 40
0.0
 40
0.0
 40
0.0
 40
0.0
 40
0.0066843921
 40
0.0162995229
 40
0.0288453009
 40
0.0442805276
 40
0.0625329926
 40
0.0835040875
 40
0.1331487403
 40
0.1921268175
 40
0.2591310733
 40
0.3326707527
 40
0.4111054846
 40
0.4926817772
 40
0.5755763186
 40
0.737920759
 40
0.8837015402
 40
0.9462626967
 40
1.0
 40
1.0
 40
1.0
 40
1.0
 10
212.8945952593
 20
143.1813763926
 30
0.0
 10
212.899646763
 20
143.1706186959
 30
0.0
 10
212.9085207656
 20
143.1428678929
 30
0.0
 10
212.9199865719
 20
143.0929030952
 30
0.0
 10
212.931576768
 20
143.0270302605
 30
0.0
 10
212.9432866909
 20
142.9456665898
 30
0.0
 10
212.95504823
 20
142.8491906409
 30
0.0
 10
212.9717394157
 20
142.6920659948
 30
0.0
 10
212.9920008471
 20
142.4625282777
 30
0.0
 10
213.0153613136
 20
142.1511394227
 30
0.0
 10
213.0388120411
 20
141.7971665452
 30
0.0
 10
213.0623335655
 20
141.4085379516
 30
0.0
 10
213.0858917749
 20
140.9939587212
 30
0.0
 10
213.109472501
 20
140.5627227846
 30
0.0
 10
213.1407044989
 20
139.9824929389
 30
0.0
 10
213.1784306023
 20
139.2882957462
 30
0.0
 10
213.2177366203
 20
138.6303832261
 30
0.0
 10
213.2506435086
 20
138.1655719556
 30
0.0
 10
213.2675300049
 20
137.9594776161
 30
0.0
 10
213.276262921
 20
137.8643339554
 30
0.0
  0
SPLINE
  5
C12
100
AcDbEntity
  8
0
100
AcDbSpline
 62
7
  6
CONTINUOUS
 70
0
 71
3
 72
22
 73
18
 74
0
 42
0.0000001
 43
0.0000001
 44
0.0000000001
 40
0.0
 40
0.0
 40
0.0
 40
0.0
 40
0.0029070937
 40
0.0072452119
 40
0.0134871693
 40
0.021783546
 40
0.0321860375
 40
0.0447115242
 40
0.0761357717
 40
0.1159885358
 40
0.1640397153
 40
0.2200100575
 40
0.2835175949
 40
0.4312855649
 40
0.6031112133
 40
0.7943563249
 40
1.0
 40
1.0
 40
1.0
 40
1.0
 10
216.3792929693
 20
142.5765264852
 30
0.0
 10
216.3811151008
 20
142.5765156734
 30
0.0
 10
216.3854707741
 20
142.57417623
 30
0.0
 10
216.3904063484
 20
142.5672635765
 30
0.0
 10
216.3957066678
 20
142.5566436076
 30
0.0
 10
216.4011321802
 20
142.5419655958
 30
0.0
 10
216.4068115503
 20
142.5232289352
 30
0.0
 10
216.4152806824
 20
142.4902226358
 30
0.0
 10
216.4259508346
 20
142.4387680605
 30
0.0
 10
216.4387141607
 20
142.3650650247
 30
0.0
 10
216.4521458876
 20
142.2758845488
 30
0.0
 10
216.466196678
 20
142.171819336
 30
0.0
 10
216.4867962136
 20
142.0055788208
 30
0.0
 10
216.5134832934
 20
141.7669327738
 30
0.0
 10
216.5467672897
 20
141.4484739923
 30
0.0
 10
216.5827216851
 20
141.0938217723
 30
0.0
 10
216.6074640987
 20
140.8462855691
 30
0.0
 10
216.6200852587
 20
140.7180077041
 30
0.0
  0
SPLINE
  5
C13
100
AcDbEntity
  8
0
100
AcDbSpline
 62
7
  6
CONTINUOUS
 70
0
 71
3
 72
9
 73
5
 74
0
 42
0.0000001
 43
0.0000001
 44
0.0000000001
 40
0.0
 40
0.0
 40
0.0
 40
0.0
 40
0.5000055331
 40
1.0
 40
1.0
 40
1.0
 40
1.0
 10
206.6267032671
 20
140.8502581887
 30
0.0
 10
206.6411263607
 20
140.6507300148
 30
0.0
 10
206.6686113802
 20
140.2515789106
 30
0.0
 10
206.6940887172
 20
139.8522975392
 30
0.0
 10
206.7070455182
 20
139.6526732228
 30
0.0
  0
SPLINE
  5
C14
100
AcDbEntity
  8
0
100
AcDbSpline
 62
7
  6
CONTINUOUS
 70
0
 71
3
 72
9
 73
5
 74
0
 42
0.0000001
 43
0.0000001
 44
0.0000000001
 40
0.0
 40
0.0
 40
0.0
 40
0.0
 40
0.5000059673
 40
1.0
 40
1.0
 40
1.0
 40
1.0
 10
207.6258864815
 20
140.8370351913
 30
0.0
 10
207.6404520701
 20
140.6419415241
 30
0.0
 10
207.6678985866
 20
140.2516307535
 30
0.0
 10
207.6922970271
 20
139.8611223447
 30
0.0
 10
207.7045406073
 20
139.6658738799
 30
0.0
  0
SPLINE
  5
C15
100
AcDbEntity
  8
0
100
AcDbSpline
 62
7
  6
CONTINUOUS
 70
0
 71
3
 72
9
 73
5
 74
0
 42
0.0000001
 43
0.0000001
 44
0.0000000001
 40
0.0
 40
0.0
 40
0.0
 40
0.0
 40
0.4999964636
 40
1.0
 40
1.0
 40
1.0
 40
1.0
 10
207.4264790825
 20
139.6621940674
 30
0.0
 10
207.4118635646
 20
139.8585171654
 30
0.0
 10
207.3843539823
 20
140.2512960386
 30
0.0
 10
207.3596091989
 20
140.6442539516
 30
0.0
 10
207.3470909424
 20
140.8407247175
 30
0.0
  0
SPLINE
  5
C16
100
AcDbEntity
  8
0
100
AcDbSpline
 62
7
  6
CONTINUOUS
 70
0
 71
3
 72
9
 73
5
 74
0
 42
0.0000001
 43
0.0000001
 44
0.0000000001
 40
0.0
 40
0.0
 40
0.0
 40
0.0
 40
0.5000047358
 40
1.0
 40
1.0
 40
1.0
 40
1.0
 10
208.6251038683
 20
140.8238117416
 30
0.0
 10
208.6398039711
 20
140.633153694
 30
0.0
 10
208.6671612257
 20
140.2516795647
 30
0.0
 10
208.6905286113
 20
139.8699469123
 30
0.0
 10
208.7020647194
 20
139.6790749211
 30
0.0
  0
SPLINE
  5
C17
100
AcDbEntity
  8
0
100
AcDbSpline
 62
7
  6
CONTINUOUS
 70
0
 71
3
 72
9
 73
5
 74
0
 42
0.0000001
 43
0.0000001
 44
0.0000000001
 40
0.0
 40
0.0
 40
0.0
 40
0.0
 40
0.4999968453
 40
1.0
 40
1.0
 40
1.0
 40
1.0
 10
208.4272697452
 20
139.6754383375
 30
0.0
 10
208.4125170435
 20
139.8673117415
 30
0.0
 10
208.3850874103
 20
140.2512240671
 30
0.0
 10
208.3613934393
 20
140.6353780445
 30
0.0
 10
208.3495896029
 20
140.8274578441
 30
0.0
  0
SPLINE
  5
C18
100
AcDbEntity
  8
0
100
AcDbSpline
 62
7
  6
CONTINUOUS
 70
0
 71
3
 72
9
 73
5
 74
0
 42
0.0000001
 43
0.0000001
 44
0.0000000001
 40
0.0
 40
0.0
 40
0.0
 40
0.0
 40
0.4999985695
 40
1.0
 40
1.0
 40
1.0
 40
1.0
 10
209.4280259915
 20
139.6886821521
 30
0.0
 10
209.4131456391
 20
139.8761062623
 30
0.0
 10
209.3858442431
 20
140.2511561838
 30
0.0
 10
209.3631551124
 20
140.6265041333
 30
0.0
 10
209.3520586887
 20
140.8141913621
 30
0.0
  0
SPLINE
  5
C19
100
AcDbEntity
  8
0
100
AcDbSpline
 62
7
  6
CONTINUOUS
 70
0
 71
3
 72
9
 73
5
 74
0
 42
0.0000001
 43
0.0000001
 44
0.0000000001
 40
0.0
 40
0.0
 40
0.0
 40
0.0
 40
0.5000032129
 40
1.0
 40
1.0
 40
1.0
 40
1.0
 10
209.6243555329
 20
140.8105878384
 30
0.0
 10
209.6391802536
 20
140.6243658512
 30
0.0
 10
209.6664010683
 20
140.2517248848
 30
0.0
 10
209.68878185
 20
139.8787705336
 30
0.0
 10
209.6996180327
 20
139.6922763487
 30
0.0
  0
SPLINE
  5
C1A
100
AcDbEntity
  8
0
100
AcDbSpline
 62
7
  6
CONTINUOUS
 70
0
 71
3
 72
9
 73
5
 74
0
 42
0.0000001
 43
0.0000001
 44
0.0000000001
 40
0.0
 40
0.0
 40
0.0
 40
0.0
 40
0.500007279
 40
1.0
 40
1.0
 40
1.0
 40
1.0
 10
210.6236415782
 20
140.7973634801
 30
0.0
 10
210.6385792904
 20
140.6155757197
 30
0.0
 10
210.6656201122
 20
140.2517646724
 30
0.0
 10
210.6870552345
 20
139.8875909235
 30
0.0
 10
210.6972007244
 20
139.7054781651
 30
0.0
  0
SPLINE
  5
C1B
100
AcDbEntity
  8
0
100
AcDbSpline
 62
7
  6
CONTINUOUS
 70
0
 71
3
 72
9
 73
5
 74
0
 42
0.0000001
 43
0.0000001
 44
0.0000000001
 40
0.0
 40
0.0
 40
0.0
 40
0.0
 40
0.500000799
 40
1.0
 40
1.0
 40
1.0
 40
1.0
 10
210.4287477245
 20
139.70192551
 30
0.0
 10
210.4137512131
 20
139.8849005135
 30
0.0
 10
210.386622778
 20
140.2510919471
 30
0.0
 10
210.3648959063
 20
140.6176320229
 30
0.0
 10
210.3544980239
 20
140.8009252738
 30
0.0
  0
SPLINE
  5
C1C
100
AcDbEntity
  8
0
100
AcDbSpline
 62
7
  6
CONTINUOUS
 70
0
 71
3
 72
9
 73
5
 74
0
 42
0.0000001
 43
0.0000001
 44
0.0000000001
 40
0.0
 40
0.0
 40
0.0
 40
0.0
 40
0.5000077157
 40
1.0
 40
1.0
 40
1.0
 40
1.0
 10
211.6229621045
 20
140.7841386655
 30
0.0
 10
211.637999055
 20
140.6067865755
 30
0.0
 10
211.6648196496
 20
140.2518024356
 30
0.0
 10
211.6853469691
 20
139.8964113861
 30
0.0
 10
211.6948129705
 20
139.7186803727
 30
0.0
  0
SPLINE
  5
C1D
100
AcDbEntity
  8
0
100
AcDbSpline
 62
7
  6
CONTINUOUS
 70
0
 71
3
 72
9
 73
5
 74
0
 42
0.0000001
 43
0.0000001
 44
0.0000000001
 40
0.0
 40
0.0
 40
0.0
 40
0.0
 40
0.4999979797
 40
1.0
 40
1.0
 40
1.0
 40
1.0
 10
211.4294348501
 20
139.7151684099
 30
0.0
 10
211.4143357197
 20
139.8936926396
 30
0.0
 10
211.3874213192
 20
140.2510292501
 30
0.0
 10
211.3666175658
 20
140.608759843
 30
0.0
 10
211.3569074338
 20
140.7876595816
 30
0.0
  0
SPLINE
  5
C1E
100
AcDbEntity
  8
0
100
AcDbSpline
 62
7
  6
CONTINUOUS
 70
0
 71
3
 72
9
 73
5
 74
0
 42
0.0000001
 43
0.0000001
 44
0.0000000001
 40
0.0
 40
0.0
 40
0.0
 40
0.0
 40
0.5000081529
 40
1.0
 40
1.0
 40
1.0
 40
1.0
 10
212.622317209
 20
140.7709133933
 30
0.0
 10
212.6374379568
 20
140.5979969112
 30
0.0
 10
212.6640014611
 20
140.2518369195
 30
0.0
 10
212.683655569
 20
139.905230465
 30
0.0
 10
212.692454946
 20
139.7318829736
 30
0.0
  0
SPLINE
  5
C1F
100
AcDbEntity
  8
0
100
AcDbSpline
 62
7
  6
CONTINUOUS
 70
0
 71
3
 72
9
 73
5
 74
0
 42
0.0000001
 43
0.0000001
 44
0.0000000001
 40
0.0
 40
0.0
 40
0.0
 40
0.0
 40
0.4999983583
 40
1.0
 40
1.0
 40
1.0
 40
1.0
 10
212.4300872769
 20
139.7284108506
 30
0.0
 10
212.4149006436
 20
139.9024858001
 30
0.0
 10
212.3882381216
 20
140.2509710129
 30
0.0
 10
212.3683215216
 20
140.5998907183
 30
0.0
 10
212.3592867452
 20
140.7743942876
 30
0.0
  0
SPLINE
  5
C20
100
AcDbEntity
  8
0
100
AcDbSpline
 62
7
  6
CONTINUOUS
 70
0
 71
3
 72
9
 73
5
 74
0
 42
0.0000001
 43
0.0000001
 44
0.0000000001
 40
0.0
 40
0.0
 40
0.0
 40
0.0
 40
0.4999987393
 40
1.0
 40
1.0
 40
1.0
 40
1.0
 10
213.4307049166
 20
139.741652831
 30
0.0
 10
213.4154477539
 20
139.9112789918
 30
0.0
 10
213.3890715992
 20
140.2509159657
 30
0.0
 10
213.3700094025
 20
140.5910235727
 30
0.0
 10
213.3616357862
 20
140.7611293942
 30
0.0
  0
SPLINE
  5
C21
100
AcDbEntity
  8
0
100
AcDbSpline
 62
7
  6
CONTINUOUS
 70
0
 71
3
 72
9
 73
5
 74
0
 42
0.0000001
 43
0.0000001
 44
0.0000000001
 40
0.0
 40
0.0
 40
0.0
 40
0.0
 40
0.5000086607
 40
1.0
 40
1.0
 40
1.0
 40
1.0
 10
213.6217069865
 20
140.7576876623
 30
0.0
 10
213.6368943521
 20
140.5892066045
 30
0.0
 10
213.6631280684
 20
140.2518655537
 30
0.0
 10
213.6819795141
 20
139.9140479826
 30
0.0
 10
213.6901268245
 20
139.7450859703
 30
0.0
  0
SPLINE
  5
C22
100
AcDbEntity
  8
0
100
AcDbSpline
 62
7
  6
CONTINUOUS
 70
0
 71
3
 72
9
 73
5
 74
0
 42
0.0000001
 43
0.0000001
 44
0.0000000001
 40
0.0
 40
0.0
 40
0.0
 40
0.0
 40
0.2478829449
 40
1.0
 40
1.0
 40
1.0
 40
1.0
 10
214.6211315286
 20
140.7444614711
 30
0.0
 10
214.6286843456
 20
140.663135683
 30
0.0
 10
214.6568968753
 20
140.3348444828
 30
0.0
 10
214.6765297368
 20
140.0058491304
 30
0.0
 10
214.6878287782
 20
139.758289365
 30
0.0
  0
SPLINE
  5
C23
100
AcDbEntity
  8
0
100
AcDbSpline
 62
7
  6
CONTINUOUS
 70
0
 71
3
 72
9
 73
5
 74
0
 42
0.0000001
 43
0.0000001
 44
0.0000000001
 40
0.0
 40
0.0
 40
0.0
 40
0.0
 40
0.2478704231
 40
1.0
 40
1.0
 40
1.0
 40
1.0
 10
214.4312876838
 20
139.7548943498
 30
0.0
 10
214.4236984663
 20
139.8367788744
 30
0.0
 10
214.3953570443
 20
140.1673426485
 30
0.0
 10
214.3755796348
 20
140.4986033556
 30
0.0
 10
214.3639543862
 20
140.7478649037
 30
0.0
  0
SPLINE
  5
C24
100
AcDbEntity
  8
0
100
AcDbSpline
 62
7
  6
CONTINUOUS
 70
0
 71
3
 72
9
 73
5
 74
0
 42
0.0000001
 43
0.0000001
 44
0.0000000001
 40
0.0
 40
0.0
 40
0.0
 40
0.0
 40
0.2479202247
 40
1.0
 40
1.0
 40
1.0
 40
1.0
 10
215.620590924
 20
140.7312348188
 30
0.0
 10
215.6281583988
 20
140.6520958129
 30
0.0
 10
215.6561889096
 20
140.3326467516
 30
0.0
 10
215.6751921382
 20
140.0124378025
 30
0.0
 10
215.685560978
 20
139.77149316
 30
0.0
  0
SPLINE
  5
C25
100
AcDbEntity
  8
0
100
AcDbSpline
 62
7
  6
CONTINUOUS
 70
0
 71
3
 72
9
 73
5
 74
0
 42
0.0000001
 43
0.0000001
 44
0.0000000001
 40
0.0
 40
0.0
 40
0.0
 40
0.0
 40
0.2478777288
 40
1.0
 40
1.0
 40
1.0
 40
1.0
 10
215.4318354958
 20
139.7681354061
 30
0.0
 10
215.4242304366
 20
139.8478172916
 30
0.0
 10
215.3960658414
 20
140.1695134345
 30
0.0
 10
215.3769232111
 20
140.4919625557
 30
0.0
 10
215.3662423762
 20
140.7346008183
 30
0.0
  0
SPLINE
  5
C26
100
AcDbEntity
  8
0
100
AcDbSpline
 62
7
  6
CONTINUOUS
 70
0
 71
3
 72
9
 73
5
 74
0
 42
0.0000001
 43
0.0000001
 44
0.0000000001
 40
0.0
 40
0.0
 40
0.0
 40
0.0
 40
0.2479116808
 40
1.0
 40
1.0
 40
1.0
 40
1.0
 10
216.4323482734
 20
139.7813759987
 30
0.0
 10
216.4247373858
 20
139.8588639482
 30
0.0
 10
216.3967996953
 20
140.1716960912
 30
0.0
 10
216.3782644304
 20
140.4853331083
 30
0.0
 10
216.3684995887
 20
140.7213371402
 30
0.0
  0
SPLINE
  5
C27
100
AcDbEntity
  8
0
100
AcDbSpline
 62
7
  6
CONTINUOUS
 70
0
 71
3
 72
9
 73
5
 74
0
 42
0.0000001
 43
0.0000001
 44
0.0000000001
 40
0.0
 40
0.0
 40
0.0
 40
0.0
 40
0.2479271961
 40
1.0
 40
1.0
 40
1.0
 40
1.0
 10
216.6200852587
 20
140.7180077041
 30
0.0
 10
216.6276555743
 20
140.641065179
 30
0.0
 10
216.6554507909
 20
140.3304549383
 30
0.0
 10
216.6738553513
 20
140.0190338434
 30
0.0
 10
216.6833235935
 20
139.7846973575
 30
0.0
  0
SPLINE
  5
C28
100
AcDbEntity
  8
0
100
AcDbSpline
 62
7
  6
CONTINUOUS
 70
0
 71
3
 72
9
 73
5
 74
0
 42
0.0000001
 43
0.0000001
 44
0.0000000001
 40
0.0
 40
0.0
 40
0.0
 40
0.0
 40
0.5000103927
 40
1.0
 40
1.0
 40
1.0
 40
1.0
 10
217.6196146154
 20
140.7047801259
 30
0.0
 10
217.6348644488
 20
140.5540345258
 30
0.0
 10
217.659698137
 20
140.2519632796
 30
0.0
 10
217.6753998163
 20
139.9493027555
 30
0.0
 10
217.6811167926
 20
139.7979019598
 30
0.0
  0
SPLINE
  5
C29
100
AcDbEntity
  8
0
100
AcDbSpline
 62
7
  6
CONTINUOUS
 70
0
 71
3
 72
9
 73
5
 74
0
 42
0.0000001
 43
0.0000001
 44
0.0000000001
 40
0.0
 40
0.0
 40
0.0
 40
0.0
 40
0.5000003152
 40
1.0
 40
1.0
 40
1.0
 40
1.0
 10
217.4328259402
 20
139.7946161266
 30
0.0
 10
217.4174892079
 20
139.9464557982
 30
0.0
 10
217.3925418088
 20
140.2507258646
 30
0.0
 10
217.3766298138
 20
140.5555760493
 30
0.0
 10
217.370725858
 20
140.7080738715
 30
0.0
  0
SPLINE
  5
C2A
100
AcDbEntity
  8
0
100
AcDbSpline
 62
7
  6
CONTINUOUS
 70
0
 71
3
 72
9
 73
5
 74
0
 42
0.0000001
 43
0.0000001
 44
0.0000000001
 40
0.0
 40
0.0
 40
0.0
 40
0.0
 40
0.5000125033
 40
1.0
 40
1.0
 40
1.0
 40
1.0
 10
218.619179074
 20
140.6915520831
 30
0.0
 10
218.6343861443
 20
140.5452376408
 30
0.0
 10
218.6587055897
 20
140.2519726969
 30
0.0
 10
218.6737793199
 20
139.9581116164
 30
0.0
 10
218.6789407418
 20
139.8111069689
 30
0.0
  0
SPLINE
  5
C2B
100
AcDbEntity
  8
0
100
AcDbSpline
 62
7
  6
CONTINUOUS
 70
0
 71
3
 72
9
 73
5
 74
0
 42
0.0000001
 43
0.0000001
 44
0.0000000001
 40
0.0
 40
0.0
 40
0.0
 40
0.0
 40
0.5000006763
 40
1.0
 40
1.0
 40
1.0
 40
1.0
 10
218.4332684228
 20
139.807855789
 30
0.0
 10
218.4179699921
 20
139.9552517463
 30
0.0
 10
218.3935329143
 20
140.2506919927
 30
0.0
 10
218.378259065
 20
140.5467198377
 30
0.0
 10
218.3729210198
 20
140.6948110146
 30
0.0
  0
SPLINE
  5
C2C
100
AcDbEntity
  8
0
100
AcDbSpline
 62
7
  6
CONTINUOUS
 70
0
 71
3
 72
9
 73
5
 74
0
 42
0.0000001
 43
0.0000001
 44
0.0000000001
 40
0.0
 40
0.0
 40
0.0
 40
0.0
 40
0.4999998918
 40
1.0
 40
1.0
 40
1.0
 40
1.0
 10
219.6187787112
 20
140.6783235748
 30
0.0
 10
219.6339165768
 20
140.5364428396
 30
0.0
 10
219.6577941576
 20
140.2519896946
 30
0.0
 10
219.6721659654
 20
139.9669233337
 30
0.0
 10
219.6767956058
 20
139.8243123872
 30
0.0
  0
SPLINE
  5
C2D
100
AcDbEntity
  8
0
100
AcDbSpline
 62
7
  6
CONTINUOUS
 70
0
 71
3
 72
9
 73
5
 74
0
 42
0.0000001
 43
0.0000001
 44
0.0000000001
 40
0.0
 40
0.0
 40
0.0
 40
0.0
 40
0.5000003722
 40
1.0
 40
1.0
 40
1.0
 40
1.0
 10
219.4336756512
 20
139.8210949848
 30
0.0
 10
219.4184414976
 20
139.9640489596
 30
0.0
 10
219.3944456796
 20
140.2506547299
 30
0.0
 10
219.379880546
 20
140.5378653827
 30
0.0
 10
219.3750849118
 20
140.6815485714
 30
0.0
  0
SPLINE
  5
C2E
100
AcDbEntity
  8
0
100
AcDbSpline
 62
7
  6
CONTINUOUS
 70
0
 71
3
 72
9
 73
5
 74
0
 42
0.0000001
 43
0.0000001
 44
0.0000000001
 40
0.0
 40
0.0
 40
0.0
 40
0.0
 40
0.5000112748
 40
1.0
 40
1.0
 40
1.0
 40
1.0
 10
220.6184136004
 20
140.6650946
 30
0.0
 10
220.633455808
 20
140.5276390843
 30
0.0
 10
220.6568798974
 20
140.2519974334
 30
0.0
 10
220.6705590215
 20
139.9757266357
 30
0.0
 10
220.6746815479
 20
139.8375182168
 30
0.0
  0
SPLINE
  5
C2F
100
AcDbEntity
  8
0
100
AcDbSpline
 62
7
  6
CONTINUOUS
 70
0
 71
3
 72
9
 73
5
 74
0
 42
0.0000001
 43
0.0000001
 44
0.0000000001
 40
0.0
 40
0.0
 40
0.0
 40
0.0
 40
0.5000134056
 40
1.0
 40
1.0
 40
1.0
 40
1.0
 10
220.4340475585
 20
139.8343337131
 30
0.0
 10
220.4189044434
 20
139.972851345
 30
0.0
 10
220.3953636516
 20
140.250623701
 30
0.0
 10
220.3814952728
 20
140.5290167857
 30
0.0
 10
220.3772173732
 20
140.6682865442
 30
0.0
  0
SPLINE
  5
C30
100
AcDbEntity
  8
0
100
AcDbSpline
 62
7
  6
CONTINUOUS
 70
0
 71
3
 72
38
 73
34
 74
0
 42
0.0000001
 43
0.0000001
 44
0.0000000001
 40
0.0
 40
0.0
 40
0.0
 40
0.0
 40
0.0035046941
 40
0.0080511083
 40
0.0203089037
 40
0.0367530211
 40
0.0572651467
 40
0.0816804185
 40
0.1097865126
 40
0.1413416322
 40
0.1760642864
 40
0.2537642526
 40
0.3401332234
 40
0.4321032842
 40
0.5264044297
 40
0.6196827037
 40
0.7086209716
 40
0.7900585326
 40
0.8270469372
 40
0.8611062782
 40
0.8919305415
 40
0.9192538686
 40
0.942833203
 40
0.962473278
 40
0.9707635128
 40
0.9780121436
 40
0.9842106041
 40
0.9893537936
 40
0.9934435415
 40
0.9965020059
 40
0.9976660916
 40
0.9986098904
 40
1.0
 40
1.0
 40
1.0
 40
1.0
 10
211.8945953201
 20
143.1813804555
 30
0.0
 10
211.8975293749
 20
143.1751268985
 30
0.0
 10
211.903068072
 20
143.1602097613
 30
0.0
 10
211.9139769694
 20
143.1216837816
 30
0.0
 10
211.9267713113
 20
143.0573308122
 30
0.0
 10
211.9413772382
 20
142.9614388182
 30
0.0
 10
211.956083103
 20
142.8413556721
 30
0.0
 10
211.970900231
 20
142.698170697
 30
0.0
 10
211.9857683764
 20
142.5331222433
 30
0.0
 10
212.0006739283
 20
142.3476906763
 30
0.0
 10
212.0213645947
 20
142.0646680263
 30
0.0
 10
212.0466658442
 20
141.6736677078
 30
0.0
 10
212.076149548
 20
141.169883064
 30
0.0
 10
212.1056944031
 20
140.6333292974
 30
0.0
 10
212.1352682601
 20
140.0831396648
 30
0.0
 10
212.1648283814
 20
139.5389331674
 30
0.0
 10
212.1943440283
 20
139.0201167179
 30
0.0
 10
212.2195851379
 20
138.6121840426
 30
0.0
 10
212.2401777904
 20
138.3123449469
 30
0.0
 10
212.2551019558
 20
138.1121120005
 30
0.0
 10
212.27000322
 20
137.9309846029
 30
0.0
 10
212.2848569486
 20
137.7705850166
 30
0.0
 10
212.2996634845
 20
137.6323332393
 30
0.0
 10
212.3125252468
 20
137.5316127279
 30
0.0
 10
212.3230801059
 20
137.4630802599
 30
0.0
 10
212.3305253794
 20
137.4208834215
 30
0.0
 10
212.3379465057
 20
137.3849964047
 30
0.0
 10
212.3453130745
 20
137.3554705867
 30
0.0
 10
212.3526509547
 20
137.332368165
 30
0.0
 10
212.359098603
 20
137.3172442963
 30
0.0
 10
212.3646049903
 20
137.3086113295
 30
0.0
 10
212.3690624994
 20
137.3034178486
 30
0.0
 10
212.3735230247
 20
137.3009402693
 30
0.0
 10
212.3762628894
 20
137.3009373987
 30
0.0
  0
SPLINE
  5
C31
100
AcDbEntity
  8
0
100
AcDbSpline
 62
7
  6
CONTINUOUS
 70
0
 71
3
 72
17
 73
13
 74
0
 42
0.0000001
 43
0.0000001
 44
0.0000000001
 40
0.0
 40
0.0
 40
0.0
 40
0.0
 40
0.1839989035
 40
0.3572200582
 40
0.5161928858
 40
0.6578261371
 40
0.7791270517
 40
0.8775969568
 40
0.9176815937
 40
0.9514659734
 40
0.9788781545
 40
1.0
 40
1.0
 40
1.0
 40
1.0
 10
214.6878287782
 20
139.758289365
 30
0.0
 10
214.6929148419
 20
139.6468547117
 30
0.0
 10
214.7030339193
 20
139.4305231423
 30
0.0
 10
214.7200585785
 20
139.1180357022
 30
0.0
 10
214.7389565405
 20
138.831390007
 30
0.0
 10
214.759520716
 20
138.5764183691
 30
0.0
 10
214.7815632739
 20
138.3584148587
 30
0.0
 10
214.8019912631
 20
138.2021499927
 30
0.0
 10
214.8198150813
 20
138.0991866506
 30
0.0
 10
214.8325539982
 20
138.0390915655
 30
0.0
 10
214.8455902519
 20
137.9909020696
 30
0.0
 10
214.8557005808
 20
137.9631677635
 30
0.0
 10
214.8611576147
 20
137.9515834747
 30
0.0
  0
SPLINE
  5
C32
100
AcDbEntity
  8
0
100
AcDbSpline
 62
7
  6
CONTINUOUS
 70
0
 71
3
 72
9
 73
5
 74
0
 42
0.0000001
 43
0.0000001
 44
0.0000000001
 40
0.0
 40
0.0
 40
0.0
 40
0.0
 40
0.2292467904
 40
1.0
 40
1.0
 40
1.0
 40
1.0
 10
210.8945952517
 20
143.1813820853
 30
0.0
 10
210.8950672889
 20
143.1803770136
 30
0.0
 10
210.897061224
 20
143.1759621797
 30
0.0
 10
210.8988212086
 20
143.1714443109
 30
0.0
 10
210.900091046
 20
143.1679336194
 30
0.0
  0
SPLINE
  5
C33
100
AcDbEntity
  8
0
100
AcDbSpline
 62
7
  6
CONTINUOUS
 70
0
 71
3
 72
36
 73
32
 74
0
 42
0.0000001
 43
0.0000001
 44
0.0000000001
 40
0.0
 40
0.0
 40
0.0
 40
0.0
 40
0.0094686215
 40
0.0230676829
 40
0.0407385135
 40
0.062343737
 40
0.0877129135
 40
0.1166269838
 40
0.184078817
 40
0.2623749396
 40
0.3488021547
 40
0.440359427
 40
0.5338648899
 40
0.6260681242
 40
0.7137645417
 40
0.7939083549
 40
0.8302674832
 40
0.8637211564
 40
0.8939845491
 40
0.9207928795
 40
0.9439240044
 40
0.9631798403
 40
0.971308825
 40
0.9784176011
 40
0.9844939642
 40
0.9895352332
 40
0.9935473235
 40
0.9965521021
 40
0.9976967537
 40
0.9986257794
 40
1.0
 40
1.0
 40
1.0
 40
1.0
 10
210.900091046
 20
143.1679336194
 30
0.0
 10
210.9064232461
 20
143.1504271263
 30
0.0
 10
210.9174316803
 20
143.1062738943
 30
0.0
 10
210.9317461811
 20
143.0274912531
 30
0.0
 10
210.9461797277
 20
142.9244995945
 30
0.0
 10
210.9607885975
 20
142.7982420759
 30
0.0
 10
210.9754526982
 20
142.6497502849
 30
0.0
 10
210.9961542394
 20
142.4112981053
 30
0.0
 10
211.0212767793
 20
142.0687977303
 30
0.0
 10
211.0503358484
 20
141.6132359531
 30
0.0
 10
211.0794962779
 20
141.1101984621
 30
0.0
 10
211.1087243689
 20
140.5772157847
 30
0.0
 10
211.1379720836
 20
140.0328612412
 30
0.0
 10
211.1672047486
 20
139.4961075758
 30
0.0
 10
211.1963906032
 20
138.9856624056
 30
0.0
 10
211.2213597164
 20
138.5849540449
 30
0.0
 10
211.2417241167
 20
138.2908233611
 30
0.0
 10
211.256482143
 20
138.0946136775
 30
0.0
 10
211.271209668
 20
137.9172375908
 30
0.0
 10
211.2858999105
 20
137.7602300116
 30
0.0
 10
211.3005321752
 20
137.6249677868
 30
0.0
 10
211.3132531006
 20
137.5264505643
 30
0.0
 10
211.3236878819
 20
137.4594355823
 30
0.0
 10
211.3310455731
 20
137.4181752174
 30
0.0
 10
211.3383829019
 20
137.3830935084
 30
0.0
 10
211.3456690791
 20
137.3542359503
 30
0.0
 10
211.3529256795
 20
137.3316522428
 30
0.0
 10
211.3592977303
 20
137.3168616983
 30
0.0
 10
211.3647390572
 20
137.3084241557
 30
0.0
 10
211.3691567245
 20
137.3033432248
 30
0.0
 10
211.3735610451
 20
137.3009435781
 30
0.0
 10
211.3762629354
 20
137.3009446279
 30
0.0
  0
SPLINE
  5
C34
100
AcDbEntity
  8
0
100
AcDbSpline
 62
7
  6
CONTINUOUS
 70
0
 71
3
 72
37
 73
33
 74
0
 42
0.0000001
 43
0.0000001
 44
0.0000000001
 40
0.0
 40
0.0
 40
0.0
 40
0.0
 40
0.0038369254
 40
0.0087129809
 40
0.021603114
 40
0.038621095
 40
0.0596500352
 40
0.0845119967
 40
0.1130009424
 40
0.1798321081
 40
0.2578140352
 40
0.3442118155
 40
0.4359888058
 40
0.5299163676
 40
0.6226892366
 40
0.711043273
 40
0.7918719279
 40
0.8285637908
 40
0.8623382841
 40
0.892897664
 40
0.9199792887
 40
0.9433462609
 40
0.9628066911
 40
0.9710194595
 40
0.9782020369
 40
0.9843444049
 40
0.989439895
 40
0.9934915525
 40
0.996524322
 40
0.9976796821
 40
0.9986171225
 40
1.0
 40
1.0
 40
1.0
 40
1.0
 10
209.8971613585
 20
143.1755278089
 30
0.0
 10
209.9000393753
 20
143.1685432089
 30
0.0
 10
209.9055187273
 20
143.1522540151
 30
0.0
 10
209.9163180327
 20
143.1111023318
 30
0.0
 10
209.9290657177
 20
143.0437489817
 30
0.0
 10
209.9436279115
 20
142.9445226787
 30
0.0
 10
209.9582729792
 20
142.8215182437
 30
0.0
 10
209.9730288919
 20
142.6758181283
 30
0.0
 10
209.9938800068
 20
142.440113366
 30
0.0
 10
210.0191666272
 20
142.0998340069
 30
0.0
 10
210.0483834223
 20
141.6455514312
 30
0.0
 10
210.0777102848
 20
141.1420698879
 30
0.0
 10
210.1071092139
 20
140.6071496427
 30
0.0
 10
210.1365303867
 20
140.0596607763
 30
0.0
 10
210.1659377867
 20
139.5189199529
 30
0.0
 10
210.1952995638
 20
139.0040058385
 30
0.0
 10
210.2204134318
 20
138.5994456018
 30
0.0
 10
210.2409000507
 20
138.3022732636
 30
0.0
 10
210.2557458704
 20
138.1039225056
 30
0.0
 10
210.2705673577
 20
137.9245487601
 30
0.0
 10
210.28534265
 20
137.7657379847
 30
0.0
 10
210.3000709622
 20
137.6288835443
 30
0.0
 10
210.3128630337
 20
137.5291963412
 30
0.0
 10
210.3233644926
 20
137.4613751279
 30
0.0
 10
210.3307693945
 20
137.4196172102
 30
0.0
 10
210.3381498502
 20
137.3841036634
 30
0.0
 10
210.345477311
 20
137.3548897263
 30
0.0
 10
210.3527799398
 20
137.3320339375
 30
0.0
 10
210.3591931339
 20
137.3170700015
 30
0.0
 10
210.364668335
 20
137.3085262433
 30
0.0
 10
210.3691051046
 20
137.3033812761
 30
0.0
 10
210.3735402558
 20
137.3009334723
 30
0.0
 10
210.3762629271
 20
137.3009341953
 30
0.0
  0
SPLINE
  5
C35
100
AcDbEntity
  8
0
100
AcDbSpline
 62
7
  6
CONTINUOUS
 70
0
 71
3
 72
17
 73
13
 74
0
 42
0.0000001
 43
0.0000001
 44
0.0000000001
 40
0.0
 40
0.0
 40
0.0
 40
0.0
 40
0.1836567104
 40
0.3566036601
 40
0.5153816491
 40
0.6569201679
 40
0.7782397949
 40
0.8768598498
 40
0.9170724093
 40
0.9510219764
 40
0.9786368556
 40
1.0
 40
1.0
 40
1.0
 40
1.0
 10
215.685560978
 20
139.77149316
 30
0.0
 10
215.6903624069
 20
139.6599205468
 30
0.0
 10
215.6999989007
 20
139.443294215
 30
0.0
 10
215.7164349706
 20
139.1303326239
 30
0.0
 10
215.7348910039
 20
138.843141143
 30
0.0
 10
215.7551885869
 20
138.5875459774
 30
0.0
 10
215.7771348436
 20
138.3688286792
 30
0.0
 10
215.7976225915
 20
138.211913051
 30
0.0
 10
215.8155888806
 20
138.1083833877
 30
0.0
 10
215.8284765039
 20
138.047823867
 30
0.0
 10
215.8417016908
 20
137.9991460195
 30
0.0
 10
215.8519676812
 20
137.9710879459
 30
0.0
 10
215.8575038793
 20
137.9593364654
 30
0.0
  0
SPLINE
  5
C36
100
AcDbEntity
  8
0
100
AcDbSpline
 62
7
  6
CONTINUOUS
 70
0
 71
3
 72
20
 73
16
 74
0
 42
0.0000001
 43
0.0000001
 44
0.0000000001
 40
0.0
 40
0.0
 40
0.0
 40
0.0
 40
0.0081800268
 40
0.0147337691
 40
0.0232542929
 40
0.0338243556
 40
0.04647551
 40
0.0780485894
 40
0.1179353796
 40
0.1659224694
 40
0.2850216215
 40
0.4322500702
 40
0.6035848933
 40
0.7945142444
 40
1.0
 40
1.0
 40
1.0
 40
1.0
 10
207.4109104243
 20
142.6348889754
 30
0.0
 10
207.4158721257
 20
142.6348404575
 30
0.0
 10
207.4235251121
 20
142.6275800678
 30
0.0
 10
207.4303205308
 20
142.6156922574
 30
0.0
 10
207.4366262582
 20
142.6012832649
 30
0.0
 10
207.4428348825
 20
142.5830999522
 30
0.0
 10
207.4519622009
 20
142.5511044684
 30
0.0
 10
207.4630100382
 20
142.5012730576
 30
0.0
 10
207.4757604278
 20
142.4299341702
 30
0.0
 10
207.4943503544
 20
142.3057589535
 30
0.0
 10
207.5169147474
 20
142.1164058318
 30
0.0
 10
207.543219549
 20
141.8522258284
 30
0.0
 10
207.5702555647
 20
141.5443508494
 30
0.0
 10
207.5981362798
 20
141.2010881223
 30
0.0
 10
207.6166063053
 20
140.9613352562
 30
0.0
 10
207.6258864815
 20
140.8370351913
 30
0.0
  0
SPLINE
  5
C37
100
AcDbEntity
  8
0
100
AcDbSpline
 62
7
  6
CONTINUOUS
 70
0
 71
3
 72
9
 73
5
 74
0
 42
0.0000001
 43
0.0000001
 44
0.0000000001
 40
0.0
 40
0.0
 40
0.0
 40
0.0
 40
0.2673925114
 40
1.0
 40
1.0
 40
1.0
 40
1.0
 10
216.6833235935
 20
139.7846973575
 30
0.0
 10
216.6865413132
 20
139.7050596479
 30
0.0
 10
216.6989869092
 20
139.4072499287
 30
0.0
 10
216.7141605099
 20
139.1095227419
 30
0.0
 10
216.7290104364
 20
138.8916571877
 30
0.0
  0
SPLINE
  5
C38
100
AcDbEntity
  8
0
100
AcDbSpline
 62
7
  6
CONTINUOUS
 70
0
 71
3
 72
14
 73
10
 74
0
 42
0.0000001
 43
0.0000001
 44
0.0000000001
 40
0.0
 40
0.0
 40
0.0
 40
0.0
 40
0.3584653085
 40
0.513424585
 40
0.6503081138
 40
0.7680323576
 40
0.8658102899
 40
0.9431212914
 40
1.0
 40
1.0
 40
1.0
 40
1.0
 10
216.7290104364
 20
138.8916571877
 30
0.0
 10
216.7366109677
 20
138.7801486239
 30
0.0
 10
216.7488582205
 20
138.6205130762
 30
0.0
 10
216.7688953016
 20
138.4187364296
 30
0.0
 10
216.7839118889
 20
138.291909211
 30
0.0
 10
216.7996043831
 20
138.1831555178
 30
0.0
 10
216.8159018401
 20
138.0932738896
 30
0.0
 10
216.8327937389
 20
138.0229448824
 30
0.0
 10
216.8462876247
 20
137.9831379578
 30
0.0
 10
216.8538467107
 20
137.967095191
 30
0.0
  0
SPLINE
  5
C39
100
AcDbEntity
  8
0
100
AcDbSpline
 62
7
  6
CONTINUOUS
 70
0
 71
3
 72
17
 73
13
 74
0
 42
0.0000001
 43
0.0000001
 44
0.0000000001
 40
0.0
 40
0.0
 40
0.0
 40
0.0
 40
0.182988631
 40
0.3554054835
 40
0.5137959929
 40
0.6551319308
 40
0.7764758144
 40
0.8753888711
 40
0.9158571681
 40
0.9501372013
 40
0.9781567034
 40
1.0
 40
1.0
 40
1.0
 40
1.0
 10
217.6811167926
 20
139.7979019598
 30
0.0
 10
217.6853403886
 20
139.6860498615
 30
0.0
 10
217.6940157553
 20
139.4688244293
 30
0.0
 10
217.7092703063
 20
139.1549063988
 30
0.0
 10
217.7268147707
 20
138.866627596
 30
0.0
 10
217.7465506972
 20
138.6098037622
 30
0.0
 10
217.7682793859
 20
138.3896780595
 30
0.0
 10
217.7888748141
 20
138.2314696748
 30
0.0
 10
217.8071235155
 20
138.1268073414
 30
0.0
 10
217.8203091902
 20
138.065314567
 30
0.0
 10
217.8339136174
 20
138.0156561495
 30
0.0
 10
217.8444911994
 20
137.9869478694
 30
0.0
 10
217.8501863028
 20
137.9748611317
 30
0.0
  0
SPLINE
  5
C3A
100
AcDbEntity
  8
0
100
AcDbSpline
 62
7
  6
CONTINUOUS
 70
0
 71
3
 72
23
 73
19
 74
0
 42
0.0000001
 43
0.0000001
 44
0.0000000001
 40
0.0
 40
0.0
 40
0.0
 40
0.0
 40
0.0028318446
 40
0.0071241509
 40
0.0133386113
 40
0.0216180051
 40
0.0320101642
 40
0.0445301199
 40
0.0759541223
 40
0.1158164942
 40
0.1638827045
 40
0.2198701652
 40
0.2833952019
 40
0.3540042192
 40
0.4312031968
 40
0.6030660224
 40
0.7943439075
 40
1.0
 40
1.0
 40
1.0
 40
1.0
 10
217.3758944408
 20
142.5701291201
 30
0.0
 10
217.3776758269
 20
142.5701186414
 30
0.0
 10
217.381948042
 20
142.5677273066
 30
0.0
 10
217.3867338505
 20
142.5608039832
 30
0.0
 10
217.391931584
 20
142.5501460841
 30
0.0
 10
217.39726242
 20
142.5354126364
 30
0.0
 10
217.40286684
 20
142.5166010246
 30
0.0
 10
217.4112490609
 20
142.4834565949
 30
0.0
 10
217.4218591279
 20
142.4317944438
 30
0.0
 10
217.43461173
 20
142.357799888
 30
0.0
 10
217.4480954131
 20
142.2682712465
 30
0.0
 10
217.4622606971
 20
142.1638069846
 30
0.0
 10
217.4770943662
 20
142.0451298458
 30
0.0
 10
217.4926020808
 20
141.9130941857
 30
0.0
 10
217.5149797312
 20
141.7132484525
 30
0.0
 10
217.5442959062
 20
141.4378000766
 30
0.0
 10
217.5811716486
 20
141.0818947829
 30
0.0
 10
217.606593529
 20
140.8334944175
 30
0.0
 10
217.6196146154
 20
140.7047801259
 30
0.0
  0
SPLINE
  5
C3B
100
AcDbEntity
  8
0
100
AcDbSpline
 62
7
  6
CONTINUOUS
 70
0
 71
3
 72
17
 73
13
 74
0
 42
0.0000001
 43
0.0000001
 44
0.0000000001
 40
0.0
 40
0.0
 40
0.0
 40
0.0
 40
0.1826625289
 40
0.3548205792
 40
0.5130180423
 40
0.6542507262
 40
0.7756036703
 40
0.874659642
 40
0.9152533176
 40
0.9496965542
 40
0.9779174144
 40
1.0
 40
1.0
 40
1.0
 40
1.0
 10
218.6789407418
 20
139.8111069689
 30
0.0
 10
218.6828728965
 20
139.699113604
 30
0.0
 10
218.6910685939
 20
139.4815857242
 30
0.0
 10
218.7057290325
 20
139.1671876261
 30
0.0
 10
218.7228039856
 20
138.8783667869
 30
0.0
 10
218.7422448864
 20
138.6209334152
 30
0.0
 10
218.7638533806
 20
138.4001084897
 30
0.0
 10
218.7844964466
 20
138.2412575752
 30
0.0
 10
218.8028844491
 20
138.1360316568
 30
0.0
 10
218.8162190419
 20
138.074073214
 30
0.0
 10
218.8300137346
 20
138.0239240156
 30
0.0
 10
218.8407473328
 20
137.9948894723
 30
0.0
 10
218.8465221921
 20
137.982634404
 30
0.0
  0
SPLINE
  5
C3C
100
AcDbEntity
  8
0
100
AcDbSpline
 62
7
  6
CONTINUOUS
 70
0
 71
3
 72
17
 73
13
 74
0
 42
0.0000001
 43
0.0000001
 44
0.0000000001
 40
0.0
 40
0.0
 40
0.0
 40
0.0
 40
0.1823378299
 40
0.3542351653
 40
0.5122385222
 40
0.6533657227
 40
0.774726079
 40
0.8739265075
 40
0.9146478799
 40
0.9492570223
 40
0.9776799088
 40
1.0
 40
1.0
 40
1.0
 40
1.0
 10
219.6767956058
 20
139.8243123872
 30
0.0
 10
219.6804358361
 20
139.7121791246
 30
0.0
 10
219.6881514162
 20
139.4943528448
 30
0.0
 10
219.7022143348
 20
139.1794803398
 30
0.0
 10
219.7188104553
 20
138.8901237596
 30
0.0
 10
219.7379464582
 20
138.6320853009
 30
0.0
 10
219.759426157
 20
138.4105622888
 30
0.0
 10
219.7801131349
 20
138.2510663134
 30
0.0
 10
219.7986402639
 20
138.1452713843
 30
0.0
 10
219.8121240813
 20
138.0828421434
 30
0.0
 10
219.826109448
 20
138.0321991989
 30
0.0
 10
219.8369996259
 20
138.0028377181
 30
0.0
 10
219.8428543757
 20
137.9904146785
 30
0.0
  0
SPLINE
  5
C3D
100
AcDbEntity
  8
0
100
AcDbSpline
 62
7
  6
CONTINUOUS
 70
0
 71
3
 72
20
 73
16
 74
0
 42
0.0000001
 43
0.0000001
 44
0.0000000001
 40
0.0
 40
0.0
 40
0.0
 40
0.0
 40
0.0075398336
 40
0.0139083904
 40
0.0222908615
 40
0.0327535286
 40
0.0453202115
 40
0.0767821438
 40
0.116628477
 40
0.1646419576
 40
0.2839809303
 40
0.4315785674
 40
0.6032479533
 40
0.7943794779
 40
1.0
 40
1.0
 40
1.0
 40
1.0
 10
212.3931138581
 20
142.6022932974
 30
0.0
 10
212.3977709145
 20
142.6022575006
 30
0.0
 10
212.4046980604
 20
142.5945557563
 30
0.0
 10
212.4108575961
 20
142.5828468677
 30
0.0
 10
212.4167845091
 20
142.568212151
 30
0.0
 10
212.4226887164
 20
142.5497940017
 30
0.0
 10
212.4314988467
 20
142.5172670867
 30
0.0
 10
212.4423621766
 20
142.4666030384
 30
0.0
 10
212.4551534599
 20
142.394004006
 30
0.0
 10
212.47417947
 20
142.267436608
 30
0.0
 10
212.4979314334
 20
142.0743271458
 30
0.0
 10
212.5265328478
 20
141.8049221491
 30
0.0
 10
212.5569184532
 20
141.4911238817
 30
0.0
 10
212.5892629654
 20
141.1415154581
 30
0.0
 10
212.6112532195
 20
140.8974379661
 30
0.0
 10
212.622317209
 20
140.7709133933
 30
0.0
  0
SPLINE
  5
C3E
100
AcDbEntity
  8
0
100
AcDbSpline
 62
7
  6
CONTINUOUS
 70
0
 71
3
 72
15
 73
11
 74
0
 42
0.0000001
 43
0.0000001
 44
0.0000000001
 40
0.0
 40
0.0
 40
0.0
 40
0.0
 40
0.3561248444
 40
0.5130634088
 40
0.6526193152
 40
0.7725778229
 40
0.8711476436
 40
0.9470803012
 40
0.9763969867
 40
1.0
 40
1.0
 40
1.0
 40
1.0
 10
220.6848353944
 20
139.5324597958
 30
0.0
 10
220.691651185
 20
139.3490557029
 30
0.0
 10
220.7033782065
 20
139.0848766186
 30
0.0
 10
220.7254932411
 20
138.7492592623
 30
0.0
 10
220.7434564632
 20
138.5353804759
 30
0.0
 10
220.7633155791
 20
138.351874353
 30
0.0
 10
220.785002078
 20
138.2016671435
 30
0.0
 10
220.8056273909
 20
138.0985178398
 30
0.0
 10
220.8242099821
 20
138.0347319553
 30
0.0
 10
220.8339951564
 20
138.0092031889
 30
0.0
 10
220.8391830469
 20
137.9982010541
 30
0.0
  0
SPLINE
  5
C3F
100
AcDbEntity
  8
0
100
AcDbSpline
 62
7
  6
CONTINUOUS
 70
0
 71
3
 72
31
 73
27
 74
0
 42
0.0000001
 43
0.0000001
 44
0.0000000001
 40
0.0
 40
0.0
 40
0.0
 40
0.0
 40
0.0031418763
 40
0.0059062139
 40
0.0095840455
 40
0.0141983078
 40
0.0197541365
 40
0.0262498738
 40
0.0336803338
 40
0.0512963312
 40
0.0724784855
 40
0.0970775058
 40
0.1249020324
 40
0.1893636357
 40
0.2638794068
 40
0.3461430838
 40
0.4336032773
 40
0.5235449586
 40
0.6131750917
 40
0.6997105443
 40
0.7804652107
 40
0.8529360969
 40
0.9148802784
 40
0.9643985613
 40
0.9840183526
 40
1.0
 40
1.0
 40
1.0
 40
1.0
 10
208.6762629537
 20
143.2009270485
 30
0.0
 10
208.6823197599
 20
143.2009211852
 30
0.0
 10
208.6909566974
 20
143.1897711462
 30
0.0
 10
208.6981862998
 20
143.1737517822
 30
0.0
 10
208.7052168288
 20
143.1532546442
 30
0.0
 10
208.7120408393
 20
143.1275602452
 30
0.0
 10
208.7189984637
 20
143.0961440576
 30
0.0
 10
208.7259480694
 20
143.059245712
 30
0.0
 10
208.735815847
 20
142.999235578
 30
0.0
 10
208.7478367828
 20
142.9109210702
 30
0.0
 10
208.7616745986
 20
142.7894856438
 30
0.0
 10
208.7755563076
 20
142.6482674542
 30
0.0
 10
208.7950936194
 20
142.4237852733
 30
0.0
 10
208.8188627073
 20
142.1030987463
 30
0.0
 10
208.8463783233
 20
141.6774833808
 30
0.0
 10
208.8739835142
 20
141.2074539579
 30
0.0
 10
208.9016504687
 20
140.7076438637
 30
0.0
 10
208.9293397424
 20
140.1936132332
 30
0.0
 10
208.9570269942
 20
139.6813678767
 30
0.0
 10
208.9846820143
 20
139.1868569988
 30
0.0
 10
209.0122774009
 20
138.7254769441
 30
0.0
 10
209.0397320742
 20
138.3115817002
 30
0.0
 10
209.0670280921
 20
137.9580506522
 30
0.0
 10
209.090822376
 20
137.7064386667
 30
0.0
 10
209.1108081972
 20
137.543561029
 30
0.0
 10
209.1209641876
 20
137.4756671997
 30
0.0
 10
209.126262921
 20
137.4453173658
 30
0.0
  0
SPLINE
  5
C40
100
AcDbEntity
  8
0
100
AcDbSpline
 62
7
  6
CONTINUOUS
 70
0
 71
3
 72
23
 73
19
 74
0
 42
0.0000001
 43
0.0000001
 44
0.0000000001
 40
0.0
 40
0.0
 40
0.0
 40
0.0
 40
0.0027566766
 40
0.0070040732
 40
0.013191934
 40
0.0214551475
 40
0.0318378385
 40
0.0443531825
 40
0.0757788373
 40
0.1156526582
 40
0.1637352978
 40
0.2197405341
 40
0.2832829548
 40
0.3539087871
 40
0.431124046
 40
0.6030204828
 40
0.7943327242
 40
1.0
 40
1.0
 40
1.0
 40
1.0
 10
218.3725165297
 20
142.5637484778
 30
0.0
 10
218.374256901
 20
142.563738304
 30
0.0
 10
218.3784431646
 20
142.561291761
 30
0.0
 10
218.3830766269
 20
142.5543596695
 30
0.0
 10
218.3881702788
 20
142.5436617261
 30
0.0
 10
218.3934040048
 20
142.5288715083
 30
0.0
 10
218.3989312667
 20
142.5099828113
 30
0.0
 10
218.4072233183
 20
142.4766971843
 30
0.0
 10
218.4177702108
 20
142.4248233057
 30
0.0
 10
218.4305100194
 20
142.3505326236
 30
0.0
 10
218.4440451606
 20
142.2606519607
 30
0.0
 10
218.4583279491
 20
142.1557863467
 30
0.0
 10
218.4733434428
 20
142.036663283
 30
0.0
 10
218.4890930999
 20
141.9041401884
 30
0.0
 10
218.5118835036
 20
141.7035670277
 30
0.0
 10
218.5418569687
 20
141.4271286729
 30
0.0
 10
218.5796540938
 20
141.0699688511
 30
0.0
 10
218.6057559386
 20
140.8207024413
 30
0.0
 10
218.619179074
 20
140.6915520831
 30
0.0
  0
SPLINE
  5
C41
100
AcDbEntity
  8
0
100
AcDbSpline
 62
7
  6
CONTINUOUS
 70
0
 71
3
 72
38
 73
34
 74
0
 42
0.0000001
 43
0.0000001
 44
0.0000000001
 40
0.0
 40
0.0
 40
0.0
 40
0.0
 40
0.0013891868
 40
0.0023325301
 40
0.0034969523
 40
0.0065576539
 40
0.0106475847
 40
0.0157885932
 40
0.021986523
 40
0.0292374287
 40
0.0375281961
 40
0.0571654029
 40
0.0807475751
 40
0.1080681221
 40
0.1388950316
 40
0.1729518893
 40
0.2099425495
 40
0.2913798071
 40
0.3803177245
 40
0.473595638
 40
0.5678964518
 40
0.659866244
 40
0.7462350353
 40
0.823934927
 40
0.8586595732
 40
0.8902127375
 40
0.9183208529
 40
0.9427342456
 40
0.9632482292
 40
0.9796907238
 40
0.9919500382
 40
0.9964972844
 40
1.0
 40
1.0
 40
1.0
 40
1.0
 10
207.6762629041
 20
143.2009241537
 30
0.0
 10
207.6790009502
 20
143.2009254371
 30
0.0
 10
207.683464241
 20
143.1984577896
 30
0.0
 10
207.6879222791
 20
143.1932664631
 30
0.0
 10
207.6934283803
 20
143.1846283929
 30
0.0
 10
207.6998713952
 20
143.1694966309
 30
0.0
 10
207.7072113229
 20
143.146394756
 30
0.0
 10
207.7145808436
 20
143.1168746858
 30
0.0
 10
207.7220020033
 20
143.080988537
 30
0.0
 10
207.7294443721
 20
143.0387866369
 30
0.0
 10
207.7399994422
 20
142.9702543929
 30
0.0
 10
207.7528652514
 20
142.8695333992
 30
0.0
 10
207.7676659969
 20
142.7312866059
 30
0.0
 10
207.782525019
 20
142.5708822375
 30
0.0
 10
207.7974217382
 20
142.3897596802
 30
0.0
 10
207.8123496162
 20
142.189522313
 30
0.0
 10
207.832939022
 20
141.8896841292
 30
0.0
 10
207.8581822231
 20
141.4817485759
 30
0.0
 10
207.8876972187
 20
140.962934254
 30
0.0
 10
207.9172575376
 20
140.4187300099
 30
0.0
 10
207.9468312908
 20
139.8685424489
 30
0.0
 10
207.9763763346
 20
139.3319904145
 30
0.0
 10
208.0058594302
 20
138.8282069227
 30
0.0
 10
208.0311625727
 20
138.4372034461
 30
0.0
 10
208.0518503328
 20
138.154180738
 30
0.0
 10
208.0667590717
 20
137.9687454339
 30
0.0
 10
208.0816235204
 20
137.8037002746
 30
0.0
 10
208.096444713
 20
137.6605118098
 30
0.0
 10
208.1111464306
 20
137.5404315058
 30
0.0
 10
208.1257556233
 20
137.4445363475
 30
0.0
 10
208.1385507629
 20
137.380182487
 30
0.0
 10
208.1494543373
 20
137.3416541259
 30
0.0
 10
208.1549958838
 20
137.3267402561
 30
0.0
 10
208.1579303693
 20
137.3204912116
 30
0.0
  0
SPLINE
  5
C42
100
AcDbEntity
  8
0
100
AcDbSpline
 62
7
  6
CONTINUOUS
 70
0
 71
3
 72
20
 73
16
 74
0
 42
0.0000001
 43
0.0000001
 44
0.0000000001
 40
0.0
 40
0.0
 40
0.0
 40
0.0
 40
0.0077943387
 40
0.0142341832
 40
0.0226680299
 40
0.0331688391
 40
0.0457639155
 40
0.0772595829
 40
0.1171126627
 40
0.1651093046
 40
0.2843558276
 40
0.431821577
 40
0.6033696994
 40
0.7944247357
 40
1.0
 40
1.0
 40
1.0
 40
1.0
 10
210.4001654297
 20
142.6152827139
 30
0.0
 10
210.4049448998
 20
142.6152388819
 30
0.0
 10
210.4121725442
 20
142.6077247548
 30
0.0
 10
210.4185905367
 20
142.5959423532
 30
0.0
 10
210.4246757854
 20
142.5814083608
 30
0.0
 10
210.4307083488
 20
142.5630934215
 30
0.0
 10
210.4396556575
 20
142.5307952343
 30
0.0
 10
210.4506036396
 20
142.4804831243
 30
0.0
 10
210.4633877736
 20
142.4084084308
 30
0.0
 10
210.482245679
 20
142.2828112091
 30
0.0
 10
210.5055041061
 20
142.0912017544
 30
0.0
 10
210.5331536995
 20
141.8238740123
 30
0.0
 10
210.5621668991
 20
141.5124318916
 30
0.0
 10
210.5927237667
 20
141.1653542015
 30
0.0
 10
210.6133175834
 20
140.9230035966
 30
0.0
 10
210.6236415782
 20
140.7973634801
 30
0.0
  0
SPLINE
  5
C43
100
AcDbEntity
  8
0
100
AcDbSpline
 62
7
  6
CONTINUOUS
 70
0
 71
3
 72
37
 73
33
 74
0
 42
0.0000001
 43
0.0000001
 44
0.0000000001
 40
0.0
 40
0.0
 40
0.0
 40
0.0
 40
0.0013780414
 40
0.0023111701
 40
0.0034607387
 40
0.0064770376
 40
0.0105050393
 40
0.0155695257
 40
0.0216752122
 40
0.0288151758
 40
0.0369788786
 40
0.0563229813
 40
0.079553631
 40
0.106479198
 40
0.1368680822
 40
0.1704589222
 40
0.2069595561
 40
0.2873954062
 40
0.375372288
 40
0.4678185111
 40
0.5615040914
 40
0.6531552084
 40
0.7395700217
 40
0.8177322646
 40
0.8849194143
 40
0.9136535506
 40
0.9388048612
 40
0.9601658627
 40
0.9775561797
 40
0.9908542966
 40
0.995944894
 40
1.0
 40
1.0
 40
1.0
 40
1.0
 10
206.6762628979
 20
143.2009324421
 30
0.0
 10
206.6789739623
 20
143.2009347426
 30
0.0
 10
206.683392734
 20
143.1985106367
 30
0.0
 10
206.6878163746
 20
143.1933984094
 30
0.0
 10
206.6932716109
 20
143.1849139325
 30
0.0
 10
206.6996625173
 20
143.1700520973
 30
0.0
 10
206.7069399807
 20
143.1473547097
 30
0.0
 10
206.7142434412
 20
143.1183438255
 30
0.0
 10
206.7215974825
 20
143.0830748748
 30
0.0
 10
206.7289762975
 20
143.0416019001
 30
0.0
 10
206.7394412119
 20
142.9742424854
 30
0.0
 10
206.7521898942
 20
142.8752259919
 30
0.0
 10
206.7668657134
 20
142.7392809584
 30
0.0
 10
206.7815906726
 20
142.5815031313
 30
0.0
 10
206.7963596532
 20
142.4032709538
 30
0.0
 10
206.8111545232
 20
142.2061455634
 30
0.0
 10
206.8315718673
 20
141.9107117153
 30
0.0
 10
206.856602661
 20
141.5083529181
 30
0.0
 10
206.8858640227
 20
140.9959908246
 30
0.0
 10
206.9151715363
 20
140.4575246317
 30
0.0
 10
206.944493637
 20
139.9118205602
 30
0.0
 10
206.973794872
 20
139.3779983907
 30
0.0
 10
207.0030270163
 20
138.8747587066
 30
0.0
 10
207.0321527509
 20
138.4197300259
 30
0.0
 10
207.0573485709
 20
138.0781657116
 30
0.0
 10
207.0781095664
 20
137.8408772191
 30
0.0
 10
207.0928205462
 20
137.6935720563
 30
0.0
 10
207.107428767
 20
137.5686922636
 30
0.0
 10
207.121956725
 20
137.4673260808
 30
0.0
 10
207.1346734828
 20
137.398038064
 30
0.0
 10
207.1454041726
 20
137.3551958601
 30
0.0
 10
207.1508453959
 20
137.3380185584
 30
0.0
 10
207.1536901055
 20
137.3305652383
 30
0.0
  0
SPLINE
  5
C44
100
AcDbEntity
  8
0
100
AcDbSpline
 62
7
  6
CONTINUOUS
 70
0
 71
3
 72
9
 73
5
 74
0
 42
0.0000001
 43
0.0000001
 44
0.0000000001
 40
0.0
 40
0.0
 40
0.0
 40
0.0
 40
0.2664454452
 40
1.0
 40
1.0
 40
1.0
 40
1.0
 10
207.1536901055
 20
137.3305652383
 30
0.0
 10
207.1540362827
 20
137.3296582319
 30
0.0
 10
207.1553614997
 20
137.3262642526
 30
0.0
 10
207.1567948871
 20
137.322911399
 30
0.0
 10
207.157930316
 20
137.3204917709
 30
0.0
  0
SPLINE
  5
C45
100
AcDbEntity
  8
0
100
AcDbSpline
 62
7
  6
CONTINUOUS
 70
0
 71
3
 72
25
 73
21
 74
0
 42
0.0000001
 43
0.0000001
 44
0.0000000001
 40
0.0
 40
0.0
 40
0.0
 40
0.0
 40
0.0028893267
 40
0.0048797051
 40
0.0073492711
 40
0.0138698795
 40
0.0226128618
 40
0.0336158105
 40
0.0468814594
 40
0.0623989387
 40
0.0801447342
 40
0.1221542749
 40
0.1725465773
 40
0.2308522514
 40
0.2965260637
 40
0.3689401617
 40
0.4474069041
 40
0.619431957
 40
0.8060207805
 40
1.0
 40
1.0
 40
1.0
 40
1.0
 10
220.6762629556
 20
143.2009270136
 30
0.0
 10
220.6791263338
 20
143.2009241149
 30
0.0
 10
220.6837858022
 20
143.1982108786
 30
0.0
 10
220.6883799788
 20
143.1926406077
 30
0.0
 10
220.6941088707
 20
143.1833144498
 30
0.0
 10
220.7007943436
 20
143.1670014342
 30
0.0
 10
220.708412473
 20
143.1420952583
 30
0.0
 10
220.7160622835
 20
143.1102707799
 30
0.0
 10
220.7237703258
 20
143.071597167
 30
0.0
 10
220.7315019062
 20
143.0261338517
 30
0.0
 10
220.7424600184
 20
142.9523424294
 30
0.0
 10
220.7558187724
 20
142.8439900909
 30
0.0
 10
220.7711909322
 20
142.6954244879
 30
0.0
 10
220.7866203368
 20
142.5233044471
 30
0.0
 10
220.8020922417
 20
142.3292884024
 30
0.0
 10
220.8175935833
 20
142.1152375603
 30
0.0
 10
220.8389448581
 20
141.7959433628
 30
0.0
 10
220.8651113885
 20
141.3635754046
 30
0.0
 10
220.8957391366
 20
140.8168014415
 30
0.0
 10
220.9160519799
 20
140.4401982918
 30
0.0
 10
220.9264081907
 20
140.2482402176
 30
0.0
  0
LINE
  5
C46
100
AcDbEntity
  8
0
100
AcDbLine
 62
7
  6
CONTINUOUS
 10
220.9264081907
 20
140.2482402176
 11
220.929973763
 21
140.1821566207
  0
SPLINE
  5
C47
100
AcDbEntity
  8
0
100
AcDbSpline
 62
7
  6
CONTINUOUS
 70
0
 71
3
 72
38
 73
34
 74
0
 42
0.0000001
 43
0.0000001
 44
0.0000000001
 40
0.0
 40
0.0
 40
0.0
 40
0.0
 40
0.0013896197
 40
0.0023338213
 40
0.0034986613
 40
0.0065583831
 40
0.0106468663
 40
0.015788606
 40
0.0219882702
 40
0.029238369
 40
0.0375276772
 40
0.057167056
 40
0.0807473486
 40
0.1080696533
 40
0.1388951429
 40
0.1729532909
 40
0.2099430107
 40
0.2913805996
 40
0.3803188027
 40
0.4735969339
 40
0.5678978814
 40
0.6598677136
 40
0.7462364484
 40
0.8239361907
 40
0.858660791
 40
0.890213768
 40
0.9183220676
 40
0.9427349734
 40
0.9632493781
 40
0.9796910988
 40
0.9919510339
 40
0.9964970168
 40
1.0
 40
1.0
 40
1.0
 40
1.0
 10
219.6762628943
 20
143.2009319489
 30
0.0
 10
219.6790017935
 20
143.2009345166
 30
0.0
 10
219.6834661623
 20
143.198458431
 30
0.0
 10
219.6879208868
 20
143.1932611977
 30
0.0
 10
219.6934264763
 20
143.184622051
 30
0.0
 10
219.6998717703
 20
143.1694959397
 30
0.0
 10
219.7072134013
 20
143.1463977929
 30
0.0
 10
219.7145812463
 20
143.1168752342
 30
0.0
 10
219.7220002776
 20
143.0809853189
 30
0.0
 10
219.7294443655
 20
143.0387848108
 30
0.0
 10
219.7400016299
 20
142.9702530379
 30
0.0
 10
219.7528627827
 20
142.8695337288
 30
0.0
 10
219.76766811
 20
142.7312833654
 30
0.0
 10
219.7825236037
 20
142.5708816489
 30
0.0
 10
219.7974230228
 20
142.389756067
 30
0.0
 10
219.8123489593
 20
142.1895206064
 30
0.0
 10
219.8329399697
 20
141.8896811184
 30
0.0
 10
219.8581821793
 20
141.4817460266
 30
0.0
 10
219.8876975258
 20
140.9629299486
 30
0.0
 10
219.9172577898
 20
140.4187243024
 30
0.0
 10
219.9468316005
 20
139.8685358307
 30
0.0
 10
219.9763766823
 20
139.3319834292
 30
0.0
 10
220.00585978
 20
138.8282001339
 30
0.0
 10
220.0311630559
 20
138.4371970659
 30
0.0
 10
220.0518506882
 20
138.1541750269
 30
0.0
 10
220.066759767
 20
137.9687398088
 30
0.0
 10
220.0816235485
 20
137.803695492
 30
0.0
 10
220.0964460019
 20
137.6605069435
 30
0.0
 10
220.1111455681
 20
137.5404278847
 30
0.0
 10
220.1257584487
 20
137.4445329634
 30
0.0
 10
220.1385480612
 20
137.3801805605
 30
0.0
 10
220.1494563477
 20
137.3416542473
 30
0.0
 10
220.1549969535
 20
137.3267422578
 30
0.0
 10
220.1579309487
 20
137.3204923985
 30
0.0
  0
SPLINE
  5
C48
100
AcDbEntity
  8
0
100
AcDbSpline
 62
7
  6
CONTINUOUS
 70
0
 71
3
 72
28
 73
24
 74
0
 42
0.0000001
 43
0.0000001
 44
0.0000000001
 40
0.0
 40
0.0
 40
0.0
 40
0.0
 40
0.0031771322
 40
0.0072135458
 40
0.0178931852
 40
0.03204096
 40
0.0495814982
 40
0.0704026099
 40
0.0943661352
 40
0.1510228011
 40
0.2179561038
 40
0.2932638535
 40
0.3747988022
 40
0.4602325386
 40
0.5471233658
 40
0.6329874095
 40
0.7153709174
 40
0.7919207535
 40
0.8604544908
 40
0.9190199686
 40
0.9659692383
 40
0.9846692329
 40
1.0
 40
1.0
 40
1.0
 40
1.0
 10
208.8945954451
 20
143.181385129
 30
0.0
 10
208.8971862052
 20
143.1758671732
 30
0.0
 10
208.9021254465
 20
143.1629032732
 30
0.0
 10
208.9118603488
 20
143.1299684359
 30
0.0
 10
208.9233663645
 20
143.0757287236
 30
0.0
 10
208.936481671
 20
142.9955008814
 30
0.0
 10
208.9496842467
 20
142.8956051371
 30
0.0
 10
208.9629806025
 20
142.7767614438
 30
0.0
 10
208.9818269035
 20
142.5830372431
 30
0.0
 10
209.0046848207
 20
142.3008398126
 30
0.0
 10
209.0310510008
 20
141.9201277631
 30
0.0
 10
209.0575225957
 20
141.4915878358
 30
0.0
 10
209.0840707556
 20
141.0274956897
 30
0.0
 10
209.1106539928
 20
140.5411470565
 30
0.0
 10
209.1372502709
 20
140.0464810672
 30
0.0
 10
209.1638380231
 20
139.5576754927
 30
0.0
 10
209.1903921404
 20
139.0887386797
 30
0.0
 10
209.2168877369
 20
138.6531067248
 30
0.0
 10
209.2432533117
 20
138.2632533621
 30
0.0
 10
209.2694689289
 20
137.9303382147
 30
0.0
 10
209.2923238968
 20
137.6930727924
 30
0.0
 10
209.3114780997
 20
137.5388755975
 30
0.0
 10
209.3212039589
 20
137.4742938493
 30
0.0
 10
209.326262921
 20
137.4453173658
 30
0.0
  0
SPLINE
  5
C49
100
AcDbEntity
  8
0
100
AcDbSpline
 62
7
  6
CONTINUOUS
 70
0
 71
3
 72
38
 73
34
 74
0
 42
0.0000001
 43
0.0000001
 44
0.0000000001
 40
0.0
 40
0.0
 40
0.0
 40
0.0
 40
0.0013894033
 40
0.0023326206
 40
0.0034965323
 40
0.0065567637
 40
0.0106473597
 40
0.015788995
 40
0.0219862814
 40
0.0292365141
 40
0.0375279215
 40
0.0571653532
 40
0.0807472729
 40
0.108068255
 40
0.1388947281
 40
0.1729521706
 40
0.2099422764
 40
0.2913795983
 40
0.3803176125
 40
0.4735956491
 40
0.5678966024
 40
0.6598665357
 40
0.7462354515
 40
0.8239354307
 40
0.8586585095
 40
0.8902132695
 40
0.918319393
 40
0.9427347263
 40
0.9632463806
 40
0.9796910526
 40
0.9919478436
 40
0.9964958541
 40
1.0
 40
1.0
 40
1.0
 40
1.0
 10
218.6762629277
 20
143.200923216
 30
0.0
 10
218.6790014038
 20
143.2009227248
 30
0.0
 10
218.6834632625
 20
143.1984536732
 30
0.0
 10
218.6879217677
 20
143.1932639328
 30
0.0
 10
218.6934296965
 20
143.1846295865
 30
0.0
 10
218.6998724165
 20
143.1694979784
 30
0.0
 10
218.7072111143
 20
143.1463941192
 30
0.0
 10
218.7145799588
 20
143.116872519
 30
0.0
 10
218.7220022356
 20
143.0809879804
 30
0.0
 10
218.7294451948
 20
143.0387874657
 30
0.0
 10
218.7399988
 20
142.9702545383
 30
0.0
 10
218.7528653937
 20
142.8695323436
 30
0.0
 10
218.7676663606
 20
142.7312846001
 30
0.0
 10
218.782524825
 20
142.5708805148
 30
0.0
 10
218.7974222839
 20
142.3897566684
 30
0.0
 10
218.8123494326
 20
142.1895198324
 30
0.0
 10
218.832939601
 20
141.8896811934
 30
0.0
 10
218.858182352
 20
141.4817459465
 30
0.0
 10
218.8876975313
 20
140.9629305187
 30
0.0
 10
218.9172578305
 20
140.4187249787
 30
0.0
 10
218.9468316705
 20
139.8685360358
 30
0.0
 10
218.9763765951
 20
139.3319826152
 30
0.0
 10
219.0058602269
 20
138.8281979272
 30
0.0
 10
219.0311618178
 20
138.4371965858
 30
0.0
 10
219.0518520265
 20
138.15417354
 30
0.0
 10
219.0667578959
 20
137.9687416656
 30
0.0
 10
219.0816261571
 20
137.8036936541
 30
0.0
 10
219.0964424766
 20
137.6605091842
 30
0.0
 10
219.1111503934
 20
137.5404260379
 30
0.0
 10
219.1257522649
 20
137.4445349713
 30
0.0
 10
219.1385532007
 20
137.3801811469
 30
0.0
 10
219.1494566641
 20
137.3416537466
 30
0.0
 10
219.154995318
 20
137.3267340366
 30
0.0
 10
219.1579309626
 20
137.3204824137
 30
0.0
  0
SPLINE
  5
C4A
100
AcDbEntity
  8
0
100
AcDbSpline
 62
7
  6
CONTINUOUS
 70
0
 71
3
 72
10
 73
6
 74
0
 42
0.0000001
 43
0.0000001
 44
0.0000000001
 40
0.0
 40
0.0
 40
0.0
 40
0.0
 40
0.6062709126
 40
0.8296041118
 40
1.0
 40
1.0
 40
1.0
 40
1.0
 10
209.126262921
 20
137.4453173658
 30
0.0
 10
209.1307479374
 20
137.4196283014
 30
0.0
 10
209.1374848273
 20
137.3845270224
 30
0.0
 10
209.148978644
 20
137.3430678192
 30
0.0
 10
209.1548174323
 20
137.3271166708
 30
0.0
 10
209.1579305288
 20
137.3204813998
 30
0.0
  0
SPLINE
  5
C4B
100
AcDbEntity
  8
0
100
AcDbSpline
 62
7
  6
CONTINUOUS
 70
0
 71
3
 72
37
 73
33
 74
0
 42
0.0000001
 43
0.0000001
 44
0.0000000001
 40
0.0
 40
0.0
 40
0.0
 40
0.0
 40
0.0038334305
 40
0.0087060564
 40
0.0215895963
 40
0.0386015863
 40
0.059625174
 40
0.084482445
 40
0.1129674707
 40
0.1797928993
 40
0.257771914
 40
0.3441694042
 40
0.4359483964
 40
0.5298798193
 40
0.6226579029
 40
0.7110179604
 40
0.7918528866
 40
0.8285481458
 40
0.8623252307
 40
0.8928877504
 40
0.9199714583
 40
0.9433410641
 40
0.9628029155
 40
0.9710165389
 40
0.9782001727
 40
0.9843432479
 40
0.9894387066
 40
0.9934907275
 40
0.9965241344
 40
0.9976797277
 40
0.9986172647
 40
1.0
 40
1.0
 40
1.0
 40
1.0
 10
207.8971344807
 20
143.1755931725
 30
0.0
 10
207.900013057
 20
143.168616148
 30
0.0
 10
207.9054930366
 20
143.1523412219
 30
0.0
 10
207.9162933997
 20
143.1112167933
 30
0.0
 10
207.9290416514
 20
143.0438946534
 30
0.0
 10
207.943604331
 20
142.9447029202
 30
0.0
 10
207.9582499914
 20
142.821728817
 30
0.0
 10
207.9730066502
 20
142.6760546396
 30
0.0
 10
207.9938591703
 20
142.4403754942
 30
0.0
 10
208.0191472777
 20
142.1001169351
 30
0.0
 10
208.048365522
 20
141.6458465977
 30
0.0
 10
208.0776939066
 20
141.1423614294
 30
0.0
 10
208.1070944049
 20
140.6074238241
 30
0.0
 10
208.1365171611
 20
140.0599065929
 30
0.0
 10
208.1659261924
 20
139.5191295647
 30
0.0
 10
208.1952894882
 20
139.0041747939
 30
0.0
 10
208.2204049959
 20
138.5995788266
 30
0.0
 10
208.2408922559
 20
138.3023787432
 30
0.0
 10
208.2557394441
 20
138.104007668
 30
0.0
 10
208.270561086
 20
137.9246163201
 30
0.0
 10
208.2853380063
 20
137.7657882377
 30
0.0
 10
208.3000662499
 20
137.6289199655
 30
0.0
 10
208.3128596717
 20
137.5292219688
 30
0.0
 10
208.3233617114
 20
137.4613933719
 30
0.0
 10
208.3307668152
 20
137.4196297433
 30
0.0
 10
208.3381471292
 20
137.3841122253
 30
0.0
 10
208.3454759452
 20
137.3548961205
 30
0.0
 10
208.3527791777
 20
137.3320382865
 30
0.0
 10
208.3591921447
 20
137.3170713811
 30
0.0
 10
208.3646676014
 20
137.3085254421
 30
0.0
 10
208.369103928
 20
137.3033793525
 30
0.0
 10
208.3735405175
 20
137.3009331909
 30
0.0
 10
208.3762629408
 20
137.3009352333
 30
0.0
  0
SPLINE
  5
C4C
100
AcDbEntity
  8
0
100
AcDbSpline
 62
7
  6
CONTINUOUS
 70
0
 71
3
 72
36
 73
32
 74
0
 42
0.0000001
 43
0.0000001
 44
0.0000000001
 40
0.0
 40
0.0
 40
0.0
 40
0.0
 40
0.0013756608
 40
0.0023059354
 40
0.0034513684
 40
0.0064561471
 40
0.0104696537
 40
0.0155163459
 40
0.0215985165
 40
0.0287105407
 40
0.0368434782
 40
0.0561160033
 40
0.0792598513
 40
0.1060889364
 40
0.1363696564
 40
0.1698465407
 40
0.2062261978
 40
0.2864158398
 40
0.3741562454
 40
0.4663975599
 40
0.5599312233
 40
0.6515031734
 40
0.7379284522
 40
0.8162036857
 40
0.8836142672
 40
0.9125023119
 40
0.9378355859
 40
0.9594054183
 40
0.9770300354
 40
0.9905852809
 40
1.0
 40
1.0
 40
1.0
 40
1.0
 10
217.6762629358
 20
143.2009334739
 30
0.0
 10
217.678967915
 20
143.2009318852
 30
0.0
 10
217.683372636
 20
143.1985180866
 30
0.0
 10
217.6877901449
 20
143.193428691
 30
0.0
 10
217.6932330736
 20
143.184986134
 30
0.0
 10
217.6996118794
 20
143.1701925248
 30
0.0
 10
217.706872055
 20
143.1475929646
 30
0.0
 10
217.7141576551
 20
143.118706774
 30
0.0
 10
217.7214968132
 20
143.083592914
 30
0.0
 10
217.7288598977
 20
143.0423035008
 30
0.0
 10
217.7393012832
 20
142.9752354194
 30
0.0
 10
217.7520208301
 20
142.876642321
 30
0.0
 10
217.7666661059
 20
142.7412692991
 30
0.0
 10
217.7813566609
 20
142.5841462814
 30
0.0
 10
217.7960945947
 20
142.4066331395
 30
0.0
 10
217.8108554137
 20
142.210284434
 30
0.0
 10
217.8312304398
 20
141.9159498038
 30
0.0
 10
217.8562075995
 20
141.514986213
 30
0.0
 10
217.8854056787
 20
141.0042410689
 30
0.0
 10
217.914649843
 20
140.4672195971
 30
0.0
 10
217.9439091902
 20
139.9226542517
 30
0.0
 10
217.9731485803
 20
139.3895406338
 30
0.0
 10
218.0023204293
 20
138.8864717675
 30
0.0
 10
218.0313890756
 20
138.4309932341
 30
0.0
 10
218.0565254139
 20
138.0886348818
 30
0.0
 10
218.0772327104
 20
137.8503638964
 30
0.0
 10
218.091907829
 20
137.7020511972
 30
0.0
 10
218.1065132931
 20
137.5760136655
 30
0.0
 10
218.1209610075
 20
137.473262582
 30
0.0
 10
218.1352643115
 20
137.3947585903
 30
0.0
 10
218.1462878076
 20
137.3507995633
 30
0.0
 10
218.1526301085
 20
137.3334076145
 30
0.0
  0
SPLINE
  5
C4D
100
AcDbEntity
  8
0
100
AcDbSpline
 62
7
  6
CONTINUOUS
 70
0
 71
3
 72
9
 73
5
 74
0
 42
0.0000001
 43
0.0000001
 44
0.0000000001
 40
0.0
 40
0.0
 40
0.0
 40
0.0
 40
0.2701925565
 40
1.0
 40
1.0
 40
1.0
 40
1.0
 10
218.1526301085
 20
137.3334076145
 30
0.0
 10
218.1530610222
 20
137.3322259568
 30
0.0
 10
218.1546942915
 20
137.3278670164
 30
0.0
 10
218.1564877354
 20
137.3235655731
 30
0.0
 10
218.1579309143
 20
137.3204900052
 30
0.0
  0
SPLINE
  5
C4E
100
AcDbEntity
  8
0
100
AcDbSpline
 62
7
  6
CONTINUOUS
 70
0
 71
3
 72
23
 73
19
 74
0
 42
0.0000001
 43
0.0000001
 44
0.0000000001
 40
0.0
 40
0.0
 40
0.0
 40
0.0
 40
0.0025861783
 40
0.0067178991
 40
0.0128241048
 40
0.0210244715
 40
0.031356029
 40
0.0438282126
 40
0.0751837075
 40
0.1150028491
 40
0.16304177
 40
0.2190106935
 40
0.2825283603
 40
0.353147846
 40
0.4303819907
 40
0.602406499
 40
0.7939806877
 40
1.0
 40
1.0
 40
1.0
 40
1.0
 10
220.6877789519
 20
137.9528770676
 30
0.0
 10
220.6861380801
 20
137.9528649766
 30
0.0
 10
220.6821405164
 20
137.9553761894
 30
0.0
 10
220.6778379756
 20
137.9622518482
 30
0.0
 10
220.6729648799
 20
137.9729452643
 30
0.0
 10
220.6679349167
 20
137.9877508615
 30
0.0
 10
220.6625615493
 20
138.0066832192
 30
0.0
 10
220.6544375691
 20
138.0400775962
 30
0.0
 10
220.6439784723
 20
138.0921278811
 30
0.0
 10
220.6311924358
 20
138.1666833408
 30
0.0
 10
220.6174559142
 20
138.2569056115
 30
0.0
 10
220.6028149877
 20
138.362188218
 30
0.0
 10
220.587295474
 20
138.4818082461
 30
0.0
 10
220.570911764
 20
138.6149183722
 30
0.0
 10
220.5470817535
 20
138.8164760653
 30
0.0
 10
220.5155559378
 20
139.0944008865
 30
0.0
 10
220.475735598
 20
139.4536201237
 30
0.0
 10
220.4482533769
 20
139.7043897537
 30
0.0
 10
220.4340475585
 20
139.8343337131
 30
0.0
  0
LINE
  5
C4F
100
AcDbEntity
  8
0
100
AcDbLine
 62
7
  6
CONTINUOUS
 10
206.8945954306
 20
143.1813835429
 11
206.8982812696
 21
143.1727484129
  0
SPLINE
  5
C50
100
AcDbEntity
  8
0
100
AcDbSpline
 62
7
  6
CONTINUOUS
 70
0
 71
3
 72
37
 73
33
 74
0
 42
0.0000001
 43
0.0000001
 44
0.0000000001
 40
0.0
 40
0.0
 40
0.0
 40
0.0
 40
0.0039844481
 40
0.009005893
 40
0.0221657931
 40
0.0394363319
 40
0.060684668
 40
0.0857431623
 40
0.1143939504
 40
0.1814639792
 40
0.259567107
 40
0.3459766537
 40
0.4376695736
 40
0.5314351463
 40
0.623989158
 40
0.7120903569
 40
0.7926555709
 40
0.8292197059
 40
0.862870413
 40
0.8933165906
 40
0.9202922499
 40
0.9435696016
 40
0.9629500198
 40
0.9711321064
 40
0.9782862971
 40
0.9844017868
 40
0.9894761797
 40
0.9935141578
 40
0.9965364752
 40
0.9976870802
 40
0.9986206804
 40
1.0
 40
1.0
 40
1.0
 40
1.0
 10
206.8982812696
 20
143.1727484129
 30
0.0
 10
206.9011379228
 20
143.1654465377
 30
0.0
 10
206.9065897217
 20
143.1485545887
 30
0.0
 10
206.9173393596
 20
143.1062695174
 30
0.0
 10
206.9300767921
 20
143.0376186567
 30
0.0
 10
206.9446055904
 20
142.9369627124
 30
0.0
 10
206.9592344634
 20
142.8126963441
 30
0.0
 10
206.9739541729
 20
142.6659243325
 30
0.0
 10
206.9947501141
 20
142.4291557379
 30
0.0
 10
207.0199725456
 20
142.0880156221
 30
0.0
 10
207.0491296647
 20
141.633227514
 30
0.0
 10
207.0783928175
 20
141.1299021906
 30
0.0
 10
207.1077265267
 20
140.5957122856
 30
0.0
 10
207.1370813954
 20
140.0494145774
 30
0.0
 10
207.1664220484
 20
139.5101940532
 30
0.0
 10
207.1957164854
 20
138.9969871046
 30
0.0
 10
207.2207753628
 20
138.5938991915
 30
0.0
 10
207.2412147707
 20
138.2978908009
 30
0.0
 10
207.2560277896
 20
138.1003584893
 30
0.0
 10
207.2708120788
 20
137.9217504307
 30
0.0
 10
207.2855568679
 20
137.7636283852
 30
0.0
 10
207.3002454204
 20
137.6273852859
 30
0.0
 10
207.3130142721
 20
137.5281439588
 30
0.0
 10
207.3234873713
 20
137.4606305677
 30
0.0
 10
207.3308738655
 20
137.4190629518
 30
0.0
 10
207.3382394902
 20
137.3837185903
 30
0.0
 10
207.345552503
 20
137.3546418149
 30
0.0
 10
207.3528350812
 20
137.3318864308
 30
0.0
 10
207.3592308156
 20
137.3169848719
 30
0.0
 10
207.3646950108
 20
137.3084852893
 30
0.0
 10
207.3691263322
 20
137.3033692766
 30
0.0
 10
207.3735486216
 20
137.3009454254
 30
0.0
 10
207.3762629103
 20
137.300944637
 30
0.0
  0
SPLINE
  5
C51
100
AcDbEntity
  8
0
100
AcDbSpline
 62
7
  6
CONTINUOUS
 70
0
 71
3
 72
23
 73
19
 74
0
 42
0.0000001
 43
0.0000001
 44
0.0000000001
 40
0.0
 40
0.0
 40
0.0
 40
0.0
 40
0.0026627417
 40
0.006838157
 40
0.0129690203
 40
0.0211834208
 40
0.0315223427
 40
0.0439969637
 40
0.0753458113
 40
0.1151488892
 40
0.1631688081
 40
0.2191194607
 40
0.2826209862
 40
0.3532267272
 40
0.4304480056
 40
0.6024463707
 40
0.7939927068
 40
1.0
 40
1.0
 40
1.0
 40
1.0
 10
219.6844248816
 20
137.9464923808
 30
0.0
 10
219.6827414992
 20
137.9464803321
 30
0.0
 10
219.6786509537
 20
137.9489273027
 30
0.0
 10
219.6741871853
 20
137.9557985397
 30
0.0
 10
219.6692049005
 20
137.9664461602
 30
0.0
 10
219.6640707053
 20
137.9811914247
 30
0.0
 10
219.6586140136
 20
138.0000413889
 30
0.0
 10
219.6503909369
 20
138.0332873379
 30
0.0
 10
219.639860087
 20
138.0851165914
 30
0.0
 10
219.627055891
 20
138.1593669161
 30
0.0
 10
219.6133704537
 20
138.2492315859
 30
0.0
 10
219.5988516489
 20
138.354111697
 30
0.0
 10
219.5835229582
 20
138.4732888404
 30
0.0
 10
219.5673939979
 20
138.6059175439
 30
0.0
 10
219.5439973816
 20
138.806758388
 30
0.0
 10
219.5131542979
 20
139.0837063197
 30
0.0
 10
219.4742756625
 20
139.441680601
 30
0.0
 10
219.4474768697
 20
139.6915873607
 30
0.0
 10
219.4336756512
 20
139.8210949848
 30
0.0
  0
SPLINE
  5
C52
100
AcDbEntity
  8
0
100
AcDbSpline
 62
7
  6
CONTINUOUS
 70
0
 71
3
 72
13
 73
9
 74
0
 42
0.0000001
 43
0.0000001
 44
0.0000000001
 40
0.0
 40
0.0
 40
0.0
 40
0.0
 40
0.4092862628
 40
0.572947124
 40
0.7092311568
 40
0.8183764451
 40
0.9012341129
 40
1.0
 40
1.0
 40
1.0
 40
1.0
 10
209.326262921
 20
137.4453173658
 30
0.0
 10
209.3299346292
 20
137.4242867296
 30
0.0
 10
209.335531242
 20
137.3949238325
 30
0.0
 10
209.3444574736
 20
137.3589774419
 30
0.0
 10
209.3505403423
 20
137.3385906768
 30
0.0
 10
209.3567892058
 20
137.3223987759
 30
0.0
 10
209.3633666573
 20
137.3093753349
 30
0.0
 10
209.3711112667
 20
137.3009348894
 30
0.0
 10
209.3762629865
 20
137.3009343564
 30
0.0
  0
SPLINE
  5
C53
100
AcDbEntity
  8
0
100
AcDbSpline
 62
7
  6
CONTINUOUS
 70
0
 71
3
 72
14
 73
10
 74
0
 42
0.0000001
 43
0.0000001
 44
0.0000000001
 40
0.0
 40
0.0
 40
0.0
 40
0.0
 40
0.0536677464
 40
0.1280493639
 40
0.2232462591
 40
0.3391120972
 40
0.475272713
 40
0.631203025
 40
1.0
 40
1.0
 40
1.0
 40
1.0
 10
220.8945948355
 20
143.181384562
 30
0.0
 10
220.8987858605
 20
143.1724606209
 30
0.0
 10
220.9063670983
 20
143.1500850648
 30
0.0
 10
220.9162350269
 20
143.1102828006
 30
0.0
 10
220.9261986665
 20
143.0587732325
 30
0.0
 10
220.9362393033
 20
142.9957783718
 30
0.0
 10
220.9463208546
 20
142.9215091003
 30
0.0
 10
220.9606181296
 20
142.8009416911
 30
0.0
 10
220.9700695051
 20
142.7050007504
 30
0.0
 10
220.9762621055
 20
142.6375342024
 30
0.0
  0
SPLINE
  5
C54
100
AcDbEntity
  8
RUNDUNGEN
100
AcDbSpline
 62
7
  6
CONTINUOUS
 70
0
 71
3
 72
12
 73
8
 74
0
 42
0.0000001
 43
0.0000001
 44
0.0000000001
 40
0.0
 40
0.0
 40
0.0
 40
0.0
 40
0.3743626126
 40
0.6905176643
 40
0.9044956523
 40
0.9656785498
 40
1.0
 40
1.0
 40
1.0
 40
1.0
 10
221.3692819584
 20
163.1253237436
 30
0.0
 10
221.3186821907
 20
163.124312844
 30
0.0
 10
221.2252288458
 20
163.1200742564
 30
0.0
 10
221.1040137138
 20
163.107733851
 30
0.0
 10
221.0244225465
 20
163.0916400946
 30
0.0
 10
220.9863127778
 20
163.0763355248
 30
0.0
 10
220.976262921
 20
163.0652905461
 30
0.0
 10
220.976262921
 20
163.0606506491
 30
0.0
  0
SPLINE
  5
C55
100
AcDbEntity
  8
RUNDUNGEN
100
AcDbSpline
 62
7
  6
CONTINUOUS
 70
0
 71
3
 72
13
 73
9
 74
0
 42
0.0000001
 43
0.0000001
 44
0.0000000001
 40
0.0
 40
0.0
 40
0.0
 40
0.0
 40
0.0290936587
 40
0.088780368
 40
0.1811799071
 40
0.3039037105
 40
0.6226568438
 40
1.0
 40
1.0
 40
1.0
 40
1.0
 10
226.976262921
 20
163.2849602269
 30
0.0
 10
226.976262921
 20
163.2810646214
 30
0.0
 10
226.964674692
 20
163.2724838482
 30
0.0
 10
226.9430150233
 20
163.265398442
 30
0.0
 10
226.9065107341
 20
163.2564552411
 30
0.0
 10
226.8362971794
 20
163.2451030461
 30
0.0
 10
226.7268351809
 20
163.2343279855
 30
0.0
 10
226.6337596831
 20
163.2302586211
 30
0.0
 10
226.5832438836
 20
163.2292539638
 30
0.0
  0
SPLINE
  5
C56
100
AcDbEntity
  8
RUNDUNGEN
100
AcDbSpline
 62
9
  6
CONTINUOUS
 70
0
 71
3
 72
13
 73
9
 74
0
 42
0.0000001
 43
0.0000001
 44
0.0000000001
 40
0.0
 40
0.0
 40
0.0
 40
0.0
 40
0.3622177149
 40
0.5269850438
 40
0.6727305746
 40
0.7947723762
 40
0.8899710415
 40
1.0
 40
1.0
 40
1.0
 40
1.0
 10
206.976262921
 20
135.4209340889
 30
0.0
 10
206.925185093
 20
135.4209340889
 30
0.0
 10
206.8508312206
 20
135.4240249603
 30
0.0
 10
206.7565005333
 20
135.4354125592
 30
0.0
 10
206.6967083856
 20
135.4462561147
 30
0.0
 10
206.6464796321
 20
135.4600686758
 30
0.0
 10
206.6056912671
 20
135.4759836605
 30
0.0
 10
206.576262921
 20
135.4974184473
 30
0.0
 10
206.576262921
 20
135.5129340888
 30
0.0
  0
SPLINE
  5
C57
100
AcDbEntity
  8
RUNDUNGEN
100
AcDbSpline
 62
9
  6
CONTINUOUS
 70
0
 71
3
 72
13
 73
9
 74
0
 42
0.0000001
 43
0.0000001
 44
0.0000000001
 40
0.0
 40
0.0
 40
0.0
 40
0.0
 40
0.3622177028
 40
0.5269850326
 40
0.6727305711
 40
0.7947723775
 40
0.8899710455
 40
1.0
 40
1.0
 40
1.0
 40
1.0
 10
206.976262921
 20
145.0809340885
 30
0.0
 10
206.9251850947
 20
145.0809340885
 30
0.0
 10
206.8508312238
 20
145.0778432179
 30
0.0
 10
206.7565005371
 20
145.0664556188
 30
0.0
 10
206.6967083873
 20
145.0556120637
 30
0.0
 10
206.6464796319
 20
145.0417995013
 30
0.0
 10
206.605691266
 20
145.0258845171
 30
0.0
 10
206.576262921
 20
145.0044497298
 30
0.0
 10
206.576262921
 20
144.9889340888
 30
0.0
  0
SPLINE
  5
C58
100
AcDbEntity
  8
RUNDUNGEN
100
AcDbSpline
 62
9
  6
CONTINUOUS
 70
0
 71
3
 72
13
 73
9
 74
0
 42
0.0000001
 43
0.0000001
 44
0.0000000001
 40
0.0
 40
0.0
 40
0.0
 40
0.0
 40
0.1279520278
 40
0.2553267172
 40
0.381615481
 40
0.5068361579
 40
0.7537421364
 40
1.0
 40
1.0
 40
1.0
 40
1.0
 10
219.476262921
 20
133.4259340888
 30
0.0
 10
219.3804681383
 20
133.42593449
 30
0.0
 10
219.1886782044
 20
133.4467565741
 30
0.0
 10
218.9157506896
 20
133.5379056316
 30
0.0
 10
218.669451869
 20
133.6827821714
 30
0.0
 10
218.3905408821
 20
133.9338840625
 30
0.0
 10
218.1433495391
 20
134.3390226758
 30
0.0
 10
218.0762655579
 20
134.7115664086
 30
0.0
 10
218.076262921
 20
134.8959340888
 30
0.0
  0
SPLINE
  5
C59
100
AcDbEntity
  8
RUNDUNGEN
100
AcDbSpline
 62
9
  6
CONTINUOUS
 70
0
 71
3
 72
13
 73
9
 74
0
 42
0.0000001
 43
0.0000001
 44
0.0000000001
 40
0.0
 40
0.0
 40
0.0
 40
0.0
 40
0.2462575386
 40
0.4931626809
 40
0.6183838816
 40
0.7446718999
 40
0.8720463004
 40
1.0
 40
1.0
 40
1.0
 40
1.0
 10
218.076262921
 20
145.6059340888
 30
0.0
 10
218.076265559
 20
145.7903015092
 30
0.0
 10
218.1433499348
 20
146.1628439365
 30
0.0
 10
218.3905393467
 20
146.5679835336
 30
0.0
 10
218.6694510689
 20
146.8190830425
 30
0.0
 10
218.9157473028
 20
146.9639631648
 30
0.0
 10
219.1886762733
 20
147.0551102238
 30
0.0
 10
219.3804668953
 20
147.0759328222
 30
0.0
 10
219.476262921
 20
147.0759340888
 30
0.0
  0
SPLINE
  5
C5A
100
AcDbEntity
  8
RUNDUNGEN
100
AcDbSpline
 62
9
  6
CONTINUOUS
 70
0
 71
3
 72
9
 73
5
 74
0
 42
0.0000001
 43
0.0000001
 44
0.0000000001
 40
0.0
 40
0.0
 40
0.0
 40
0.0
 40
0.4125013128
 40
1.0
 40
1.0
 40
1.0
 40
1.0
 10
219.076262921
 20
144.2650154056
 30
0.0
 10
219.0762711276
 20
144.2751680208
 30
0.0
 10
219.0684298284
 20
144.2993787324
 30
0.0
 10
219.0555419994
 20
144.3202909879
 30
0.0
 10
219.0473256341
 20
144.3321895005
 30
0.0
  0
SPLINE
  5
C5B
100
AcDbEntity
  8
RUNDUNGEN
100
AcDbSpline
 62
9
  6
CONTINUOUS
 70
0
 71
3
 72
13
 73
9
 74
0
 42
0.0000001
 43
0.0000001
 44
0.0000000001
 40
0.0
 40
0.0
 40
0.0
 40
0.0
 40
0.0745108998
 40
0.1717944759
 40
0.2875545561
 40
0.4172331001
 40
0.7023426744
 40
1.0
 40
1.0
 40
1.0
 40
1.0
 10
219.0473256341
 20
144.3321895005
 30
0.0
 10
219.0299505921
 20
144.357351132
 30
0.0
 10
218.9834830329
 20
144.4107888203
 30
0.0
 10
218.8984833752
 20
144.4926550377
 30
0.0
 10
218.7915899355
 20
144.5841945743
 30
0.0
 10
218.6204933463
 20
144.718886369
 30
0.0
 10
218.3824328911
 20
144.8889437858
 30
0.0
 10
218.1805676987
 20
145.0173592678
 30
0.0
 10
218.076262921
 20
145.0809340888
 30
0.0
  0
SPLINE
  5
C5C
100
AcDbEntity
  8
RUNDUNGEN
100
AcDbSpline
 62
9
  6
CONTINUOUS
 70
0
 71
3
 72
9
 73
5
 74
0
 42
0.0000001
 43
0.0000001
 44
0.0000000001
 40
0.0
 40
0.0
 40
0.0
 40
0.0
 40
0.4986171645
 40
1.0
 40
1.0
 40
1.0
 40
1.0
 10
219.076262921
 20
144.2650154056
 30
0.0
 10
219.076262921
 20
144.2268190117
 30
0.0
 10
219.0645404031
 20
144.149788909
 30
0.0
 10
219.030535253
 20
144.0797054084
 30
0.0
 10
219.0088418029
 20
144.0480101653
 30
0.0
  0
SPLINE
  5
C5D
100
AcDbEntity
  8
RUNDUNGEN
100
AcDbSpline
 62
9
  6
CONTINUOUS
 70
0
 71
3
 72
9
 73
5
 74
0
 42
0.0000001
 43
0.0000001
 44
0.0000000001
 40
0.0
 40
0.0
 40
0.0
 40
0.0
 40
0.4994711029
 40
1.0
 40
1.0
 40
1.0
 40
1.0
 10
218.8984855992
 20
143.9402431942
 30
0.0
 10
218.8658332246
 20
143.9189310271
 30
0.0
 10
218.7938017414
 20
143.8857437968
 30
0.0
 10
218.7153376275
 20
143.8744029571
 30
0.0
 10
218.676262921
 20
143.8744029501
 30
0.0
  0
SPLINE
  5
C5E
100
AcDbEntity
  8
RUNDUNGEN
100
AcDbSpline
 62
9
  6
CONTINUOUS
 70
0
 71
3
 72
15
 73
11
 74
0
 42
0.0000001
 43
0.0000001
 44
0.0000000001
 40
0.0
 40
0.0
 40
0.0
 40
0.0
 40
0.3158647549
 40
0.4710165802
 40
0.6180667549
 40
0.7512081629
 40
0.8637074988
 40
0.9485240487
 40
0.9786393635
 40
1.0
 40
1.0
 40
1.0
 40
1.0
 10
218.076262921
 20
145.0809340888
 30
0.0
 10
218.150625708
 20
144.9595515271
 30
0.0
 10
218.2567619931
 20
144.7756310375
 30
0.0
 10
218.3905313035
 20
144.5313033889
 30
0.0
 10
218.4810056819
 20
144.3572030723
 30
0.0
 10
218.5587915504
 20
144.1981834736
 30
0.0
 10
218.6194342955
 20
144.0622035316
 30
0.0
 10
218.656470394
 20
143.9663725924
 30
0.0
 10
218.672598526
 20
143.9071274268
 30
0.0
 10
218.6762654038
 20
143.8840295025
 30
0.0
 10
218.676262921
 20
143.8744029501
 30
0.0
  0
SPLINE
  5
C5F
100
AcDbEntity
  8
RUNDUNGEN
100
AcDbSpline
 62
9
  6
CONTINUOUS
 70
0
 71
3
 72
15
 73
11
 74
0
 42
0.0000001
 43
0.0000001
 44
0.0000000001
 40
0.0
 40
0.0
 40
0.0
 40
0.0
 40
0.0213606381
 40
0.0514759454
 40
0.1362925054
 40
0.248791855
 40
0.3819332576
 40
0.5289834406
 40
0.6841353071
 40
1.0
 40
1.0
 40
1.0
 40
1.0
 10
218.676262921
 20
136.6274652275
 30
0.0
 10
218.6762654009
 20
136.6178386744
 30
0.0
 10
218.6725985574
 20
136.5947407505
 30
0.0
 10
218.6564704841
 20
136.5354955623
 30
0.0
 10
218.6194342987
 20
136.4396646442
 30
0.0
 10
218.558791444
 20
136.3036847431
 30
0.0
 10
218.4810056947
 20
136.1446650904
 30
0.0
 10
218.3905316366
 20
135.9705645388
 30
0.0
 10
218.2567597171
 20
135.7262384851
 30
0.0
 10
218.1506349716
 20
135.5423109427
 30
0.0
 10
218.076262921
 20
135.4209340888
 30
0.0
  0
SPLINE
  5
C60
100
AcDbEntity
  8
RUNDUNGEN
100
AcDbSpline
 62
9
  6
CONTINUOUS
 70
0
 71
3
 72
16
 73
12
 74
0
 42
0.0000001
 43
0.0000001
 44
0.0000000001
 40
0.0
 40
0.0
 40
0.0
 40
0.0
 40
0.1636135664
 40
0.3265226609
 40
0.4841218457
 40
0.6316180363
 40
0.763147765
 40
0.87208823
 40
0.9519828202
 40
0.9798010277
 40
1.0
 40
1.0
 40
1.0
 40
1.0
 10
218.076262921
 20
135.4209340888
 30
0.0
 10
218.1370336682
 20
135.4579813426
 30
0.0
 10
218.2575225245
 20
135.5332315471
 30
0.0
 10
218.432914836
 20
135.6498573422
 30
0.0
 10
218.59870497
 20
135.7680886562
 30
0.0
 10
218.7496355516
 20
135.8834118203
 30
0.0
 10
218.8793944833
 20
135.9915774535
 30
0.0
 10
218.9804634227
 20
136.0873681597
 30
0.0
 10
219.0428897515
 20
136.1589631386
 30
0.0
 10
219.0703765066
 20
136.2074089205
 30
0.0
 10
219.076270054
 20
136.2280660978
 30
0.0
 10
219.076262921
 20
136.2368527721
 30
0.0
  0
SPLINE
  5
C61
100
AcDbEntity
  8
RUNDUNGEN
100
AcDbSpline
 62
9
  6
CONTINUOUS
 70
0
 71
3
 72
9
 73
5
 74
0
 42
0.0000001
 43
0.0000001
 44
0.0000000001
 40
0.0
 40
0.0
 40
0.0
 40
0.0
 40
0.498616559
 40
1.0
 40
1.0
 40
1.0
 40
1.0
 10
219.076262921
 20
136.2368527721
 30
0.0
 10
219.076262921
 20
136.2750539037
 30
0.0
 10
219.064537298
 20
136.3520937552
 30
0.0
 10
219.0305236374
 20
136.4221843304
 30
0.0
 10
219.0088250044
 20
136.4538819119
 30
0.0
  0
SPLINE
  5
C62
100
AcDbEntity
  8
RUNDUNGEN
100
AcDbSpline
 62
9
  6
CONTINUOUS
 70
0
 71
3
 72
9
 73
5
 74
0
 42
0.0000001
 43
0.0000001
 44
0.0000000001
 40
0.0
 40
0.0
 40
0.0
 40
0.0
 40
0.4994715264
 40
1.0
 40
1.0
 40
1.0
 40
1.0
 10
218.8984588988
 20
136.5616417418
 30
0.0
 10
218.8658091955
 20
136.5829485055
 30
0.0
 10
218.7937858108
 20
136.6161270673
 30
0.0
 10
218.7153323601
 20
136.6274650522
 30
0.0
 10
218.676262921
 20
136.6274652244
 30
0.0
  0
SPLINE
  5
C63
100
AcDbEntity
  8
RUNDUNGEN
100
AcDbSpline
 62
9
  6
CONTINUOUS
 70
0
 71
3
 72
15
 73
11
 74
0
 42
0.0000001
 43
0.0000001
 44
0.0000000001
 40
0.0
 40
0.0
 40
0.0
 40
0.0
 40
0.1823855557
 40
0.3585735277
 40
0.5217520183
 40
0.6665256855
 40
0.7883607753
 40
0.8396289643
 40
0.8842222929
 40
1.0
 40
1.0
 40
1.0
 40
1.0
 10
218.076262921
 20
134.8959340888
 30
0.0
 10
218.141258724
 20
134.8959340889
 30
0.0
 10
218.2690632113
 20
134.8991081029
 30
0.0
 10
218.4545585017
 20
134.9131578006
 30
0.0
 10
218.6256604066
 20
134.9359301602
 30
0.0
 10
218.775964831
 20
134.96665471
 30
0.0
 10
218.8845038588
 20
134.9988233631
 30
0.0
 10
218.9566298726
 20
135.0292213417
 30
0.0
 10
219.0215328098
 20
135.0631327751
 30
0.0
 10
219.076262921
 20
135.1096749825
 30
0.0
 10
219.076262921
 20
135.1509340888
 30
0.0
  0
SPLINE
  5
C64
100
AcDbEntity
  8
RUNDUNGEN
100
AcDbSpline
 62
9
  6
CONTINUOUS
 70
0
 71
3
 72
11
 73
7
 74
0
 42
0.0000001
 43
0.0000001
 44
0.0000000001
 40
0.0
 40
0.0
 40
0.0
 40
0.0
 40
0.1893569922
 40
0.4150227166
 40
0.6879814475
 40
1.0
 40
1.0
 40
1.0
 40
1.0
 10
205.276262921
 20
144.0844609955
 30
0.0
 10
205.276262921
 20
144.0594738042
 30
0.0
 10
205.2947000401
 20
144.0043504851
 30
0.0
 10
205.3623829541
 20
143.9406168783
 30
0.0
 10
205.4593800558
 20
143.8931267355
 30
0.0
 10
205.535121208
 20
143.875225324
 30
0.0
 10
205.5758758271
 20
143.8693680048
 30
0.0
  0
SPLINE
  5
C65
100
AcDbEntity
  8
RUNDUNGEN
100
AcDbSpline
 62
9
  6
CONTINUOUS
 70
0
 71
3
 72
15
 73
11
 74
0
 42
0.0000001
 43
0.0000001
 44
0.0000000001
 40
0.0
 40
0.0
 40
0.0
 40
0.0
 40
0.1823856814
 40
0.3585737699
 40
0.5217523879
 40
0.6665261617
 40
0.788361293
 40
0.8396294715
 40
0.8842227654
 40
1.0
 40
1.0
 40
1.0
 40
1.0
 10
218.076262921
 20
145.6059340888
 30
0.0
 10
218.1412587237
 20
145.6059338209
 30
0.0
 10
218.2690631943
 20
145.6027593595
 30
0.0
 10
218.4545584506
 20
145.5887092248
 30
0.0
 10
218.6256603301
 20
145.5659366783
 30
0.0
 10
218.7759647483
 20
145.535212147
 30
0.0
 10
218.8845037807
 20
145.5030436606
 30
0.0
 10
218.9566298308
 20
145.47264589
 30
0.0
 10
219.021532639
 20
145.4387347851
 30
0.0
 10
219.076262921
 20
145.3921929982
 30
0.0
 10
219.076262921
 20
145.3509340889
 30
0.0
  0
SPLINE
  5
C66
100
AcDbEntity
  8
RUNDUNGEN
100
AcDbSpline
 62
9
  6
CONTINUOUS
 70
0
 71
3
 72
11
 73
7
 74
0
 42
0.0000001
 43
0.0000001
 44
0.0000000001
 40
0.0
 40
0.0
 40
0.0
 40
0.0
 40
0.1893569938
 40
0.4150227172
 40
0.6879814473
 40
1.0
 40
1.0
 40
1.0
 40
1.0
 10
205.276262921
 20
136.4174071821
 30
0.0
 10
205.276262921
 20
136.4423943737
 30
0.0
 10
205.2947000405
 20
136.4975176929
 30
0.0
 10
205.3623829546
 20
136.5612512992
 30
0.0
 10
205.4593800553
 20
136.6087414438
 30
0.0
 10
205.5351212083
 20
136.6266428533
 30
0.0
 10
205.5758758277
 20
136.6325001704
 30
0.0
  0
SPLINE
  5
C67
100
AcDbEntity
  8
RUNDUNGEN
100
AcDbSpline
 62
7
  6
CONTINUOUS
 70
0
 71
3
 72
17
 73
13
 74
0
 42
0.0000001
 43
0.0000001
 44
0.0000000001
 40
0.0
 40
0.0
 40
0.0
 40
0.0
 40
0.1943588
 40
0.3808863562
 40
0.5523136185
 40
0.7024354659
 40
0.8257163378
 40
0.9177750172
 40
0.9511140384
 40
0.9756668668
 40
0.9915431904
 40
1.0
 40
1.0
 40
1.0
 40
1.0
 10
224.1937153275
 20
163.3345794717
 30
0.0
 10
224.257981024
 20
163.3335784038
 30
0.0
 10
224.3839486401
 20
163.3329986569
 30
0.0
 10
224.566584749
 20
163.3362275588
 30
0.0
 10
224.7344705763
 20
163.3431630211
 30
0.0
 10
224.8812781632
 20
163.3530974102
 30
0.0
 10
225.001506979
 20
163.3650988707
 30
0.0
 10
225.0830538282
 20
163.3769365219
 30
0.0
 10
225.1314536341
 20
163.3871591445
 30
0.0
 10
225.155081968
 20
163.3943717088
 30
0.0
 10
225.1695824757
 20
163.4002022759
 30
0.0
 10
225.176262921
 20
163.406813774
 30
0.0
 10
225.176262921
 20
163.4096103991
 30
0.0
  0
ELLIPSE
  5
C68
100
AcDbEntity
  8
0
100
AcDbEllipse
 62
7
  6
CONTINUOUS
 10
943.254013783
 20
302.5810358192
 30
0.0
 11
4278.9861914498
 21
1453.3456611079
 31
0.0
 40
0.004144597
 41
1.7119686997
 42
1.7122258239
  0
ENDSEC
  0
SECTION
  2
OBJECTS
  0
DICTIONARY
  5
C
100
AcDbDictionary
280
0
281
1
  3
ACAD_GROUP
350
D
  3
ACAD_MLINESTYLE
350
17
  3
ACAD_LAYOUT
350
1A
  3
ACAD_PLOTSETTINGS
350
19
  3
ACAD_PLOTSTYLENAME
350
E
  3
ACAD_TABLESTYLE
350
       C69
  0
DICTIONARY
  5
D
102
{ACAD_REACTORS
330
C
102
}
100
AcDbDictionary
280
0
281
1
  0
ACDBDICTIONARYWDFLT
  5
E
102
{ACAD_REACTORS
330
C
102
}
100
AcDbDictionary
281
1
  3
Normal
350
F
100
AcDbDictionaryWithDefault
340
F
  0
DICTIONARY
  5
17
102
{ACAD_REACTORS
330
C
102
}
100
AcDbDictionary
280
0
281
1
  3
Standard
350
18
  0
DICTIONARY
  5
C69
330
C
100
AcDbDictionary
281
1
  3
Standard
350
       C6C
  3
Standard1
350
       C6D
  0
DICTIONARY
  5
19
102
{ACAD_REACTORS
330
C
102
}
100
AcDbDictionary
281
1
  0
DICTIONARY
  5
1A
102
{ACAD_REACTORS
330
C
102
}
100
AcDbDictionary
281
1
  3
Model
350
C6A
  3
Layout1
350
C6B
  0
ACDBPLACEHOLDER
  5
F
102
{ACAD_REACTORS
330
E
102
}
  0
MLINESTYLE
  5
18
102
{ACAD_REACTORS
330
17
102
}
100
AcDbMlineStyle
  2
STANDARD
 70
0
  3

 62
256
 51
90.0
 52
90.0
 71
2
 49
0.5
 62
256
  6
BYLAYER
 49
-0.5
 62
256
  6
BYLAYER
  0
LAYOUT
  5
C6A
102
{ACAD_REACTORS
330
1A
102
}
100
AcDbPlotSettings
  1

  2
none_device
  4
ISO_A3_(420.00_x_297.00_MM)
  6

 40
0.0
 41
0.0
 42
0.0
 43
0.0
 44
420.0
 45
297.0
 46
0.0
 47
0.0
 48
0.0
 49
0.0
140
0.0
141
0.0
142
1.0
143
1.0
 70
1024
 72
1
 73
0
 74
0
  7

 75
0
147
1.0
148
0.0
149
0.0
100
AcDbLayout
  1
Model
 70
0
 71
0
 10
0.0
 20
0.0
 11
420.0
 21
297.0
 12
0.0
 22
0.0
 32
0.0
 14
0.0
 24
0.0
 34
0.0
 15
0.0
 25
0.0
 35
0.0
146
0.0
 13
0.0
 23
0.0
 33
0.0
 16
1.0
 26
0.0
 36
0.0
 17
0.0
 27
1.0
 37
0.0
 76
0
330
210
345
0
346
0
  0
LAYOUT
  5
C6B
102
{ACAD_REACTORS
330
1A
102
}
100
AcDbPlotSettings
  1

  2
none_device
  4
ISO_A3_(420.00_x_297.00_MM)
  6

 40
0.0
 41
0.0
 42
0.0
 43
0.0
 44
420.0
 45
297.0
 46
0.0
 47
0.0
 48
0.0
 49
0.0
140
0.0
141
0.0
142
1.0
143
1.0
 70
0
 72
1
 73
0
 74
0
  7

 75
0
147
1.0
148
0.0
149
0.0
100
AcDbLayout
  1
Layout1
 70
0
 71
1
 10
0.0
 20
0.0
 11
420.0
 21
297.0
 12
0.0
 22
0.0
 32
0.0
 14
0.0
 24
0.0
 34
0.0
 15
0.0
 25
0.0
 35
0.0
146
0.0
 13
0.0
 23
0.0
 33
0.0
 16
1.0
 26
0.0
 36
0.0
 17
0.0
 27
1.0
 37
0.0
 76
0
330
211
345
0
346
0
  0
TABLESTYLE
  5
C6C
102
{ACAD_REACTORS
330
C69
330
3BB
102
}
330
C69
100
AcDbTableStyle
  3
Standard
 70
0
 71
0
 40
0.06
 41
0.06
280
1
281
1
  7
Standard
140
0.18
170
1
 62
0
 63
7
283
0
  7
Standard
140
0.18
170
1
 62
0
 63
7
283
0
  7
Standard
140
0.18
170
1
 62
0
 63
7
283
0
  0
TABLESTYLE
  5
C6D
102
{ACAD_REACTORS
330
C69
102
}
330
C69
100
AcDbTableStyle
  3
Standard1
 70
1
 71
0
 40
0.06
 41
0.06
280
1
281
1
  7
Standard
140
0.18
170
1
 62
0
 63
7
283
0
  7
Standard
140
0.18
170
1
 62
0
 63
7
283
0
  7
Standard
140
0.18
170
1
 62
0
 63
7
283
0
  0
ENDSEC
  0
EOF
