ISO-10303-21;
HEADER;
FILE_DESCRIPTION((''),'2;1');
FILE_NAME('D-NAUSB-W','2017-07-19T',('bej'),(''),
'CREO PARAMETRIC BY PTC INC, 2017020','CREO PARAMETRIC BY PTC INC, 2017020','');
FILE_SCHEMA(('CONFIG_CONTROL_DESIGN'));
ENDSEC;
DATA;
#1=CARTESIAN_POINT('',(-9.5E0,1.2E1,0.E0));
#2=DIRECTION('',(0.E0,0.E0,-1.E0));
#3=DIRECTION('',(1.E0,0.E0,0.E0));
#4=AXIS2_PLACEMENT_3D('',#1,#2,#3);
#6=CARTESIAN_POINT('',(-9.5E0,1.2E1,0.E0));
#7=DIRECTION('',(0.E0,0.E0,-1.E0));
#8=DIRECTION('',(-1.E0,0.E0,0.E0));
#9=AXIS2_PLACEMENT_3D('',#6,#7,#8);
#11=CARTESIAN_POINT('',(9.5E0,-1.2E1,0.E0));
#12=DIRECTION('',(0.E0,0.E0,-1.E0));
#13=DIRECTION('',(1.E0,0.E0,0.E0));
#14=AXIS2_PLACEMENT_3D('',#11,#12,#13);
#16=CARTESIAN_POINT('',(9.5E0,-1.2E1,0.E0));
#17=DIRECTION('',(0.E0,0.E0,-1.E0));
#18=DIRECTION('',(-1.E0,0.E0,0.E0));
#19=AXIS2_PLACEMENT_3D('',#16,#17,#18);
#21=CARTESIAN_POINT('',(-9.5E0,1.2E1,0.E0));
#22=DIRECTION('',(0.E0,0.E0,1.E0));
#23=DIRECTION('',(0.E0,1.E0,0.E0));
#24=AXIS2_PLACEMENT_3D('',#21,#22,#23);
#26=DIRECTION('',(0.E0,-1.E0,0.E0));
#27=VECTOR('',#26,2.4E1);
#28=CARTESIAN_POINT('',(-1.3E1,1.2E1,0.E0));
#29=LINE('',#28,#27);
#30=CARTESIAN_POINT('',(-9.5E0,-1.2E1,0.E0));
#31=DIRECTION('',(0.E0,0.E0,1.E0));
#32=DIRECTION('',(-1.E0,0.E0,0.E0));
#33=AXIS2_PLACEMENT_3D('',#30,#31,#32);
#35=DIRECTION('',(1.E0,0.E0,0.E0));
#36=VECTOR('',#35,1.9E1);
#37=CARTESIAN_POINT('',(-9.5E0,-1.55E1,0.E0));
#38=LINE('',#37,#36);
#39=CARTESIAN_POINT('',(9.5E0,-1.2E1,0.E0));
#40=DIRECTION('',(0.E0,0.E0,1.E0));
#41=DIRECTION('',(0.E0,-1.E0,0.E0));
#42=AXIS2_PLACEMENT_3D('',#39,#40,#41);
#44=DIRECTION('',(0.E0,1.E0,0.E0));
#45=VECTOR('',#44,2.4E1);
#46=CARTESIAN_POINT('',(1.3E1,-1.2E1,0.E0));
#47=LINE('',#46,#45);
#48=CARTESIAN_POINT('',(9.5E0,1.2E1,0.E0));
#49=DIRECTION('',(0.E0,0.E0,1.E0));
#50=DIRECTION('',(1.E0,0.E0,0.E0));
#51=AXIS2_PLACEMENT_3D('',#48,#49,#50);
#53=DIRECTION('',(-1.E0,0.E0,0.E0));
#54=VECTOR('',#53,1.9E1);
#55=CARTESIAN_POINT('',(9.5E0,1.55E1,0.E0));
#56=LINE('',#55,#54);
#57=CARTESIAN_POINT('',(0.E0,0.E0,0.E0));
#58=DIRECTION('',(0.E0,0.E0,-1.E0));
#59=DIRECTION('',(0.E0,1.E0,0.E0));
#60=AXIS2_PLACEMENT_3D('',#57,#58,#59);
#62=CARTESIAN_POINT('',(0.E0,0.E0,0.E0));
#63=DIRECTION('',(0.E0,0.E0,-1.E0));
#64=DIRECTION('',(0.E0,-1.E0,0.E0));
#65=AXIS2_PLACEMENT_3D('',#62,#63,#64);
#67=CARTESIAN_POINT('',(-9.5E0,1.2E1,4.000040395269E-1));
#68=DIRECTION('',(0.E0,0.E0,1.E0));
#69=DIRECTION('',(-1.E0,0.E0,0.E0));
#70=AXIS2_PLACEMENT_3D('',#67,#68,#69);
#72=DIRECTION('',(-2.698305636246E-6,2.385503138298E-9,9.999999999964E-1));
#73=VECTOR('',#72,4.000010780722E-1);
#74=CARTESIAN_POINT('',(-7.9E0,1.2E1,0.E0));
#75=LINE('',#74,#73);
#76=DIRECTION('',(-7.071063044647E-1,-4.217026102840E-10,7.071072579080E-1));
#77=VECTOR('',#76,1.979898986547E0);
#78=CARTESIAN_POINT('',(-1.109999892067E1,1.199999999905E1,4.000010780707E-1));
#79=LINE('',#78,#77);
#80=DIRECTION('',(7.071063044647E-1,4.217026102840E-10,7.071072579080E-1));
#81=VECTOR('',#80,1.979898986547E0);
#82=CARTESIAN_POINT('',(-7.900001079325E0,1.200000000095E1,4.000010780707E-1));
#83=LINE('',#82,#81);
#84=CARTESIAN_POINT('',(-9.5E0,1.2E1,4.000040395269E-1));
#85=DIRECTION('',(0.E0,0.E0,1.E0));
#86=DIRECTION('',(1.E0,0.E0,0.E0));
#87=AXIS2_PLACEMENT_3D('',#84,#85,#86);
#89=DIRECTION('',(2.698305611821E-6,-2.385507579178E-9,9.999999999964E-1));
#90=VECTOR('',#89,4.000010780722E-1);
#91=CARTESIAN_POINT('',(-1.11E1,1.2E1,0.E0));
#92=LINE('',#91,#90);
#93=CARTESIAN_POINT('',(-9.5E0,1.2E1,1.800008090246E0));
#94=DIRECTION('',(0.E0,0.E0,1.E0));
#95=DIRECTION('',(1.E0,0.E0,0.E0));
#96=AXIS2_PLACEMENT_3D('',#93,#94,#95);
#98=DIRECTION('',(-1.011877562161E-5,8.945761284305E-9,-9.999999999488E-1));
#99=VECTOR('',#98,1.999979786276E-1);
#100=CARTESIAN_POINT('',(-6.5E0,1.2E1,2.E0));
#101=LINE('',#100,#99);
#102=CARTESIAN_POINT('',(-9.5E0,1.2E1,1.800008090246E0));
#103=DIRECTION('',(0.E0,0.E0,1.E0));
#104=DIRECTION('',(-1.E0,0.E0,0.E0));
#105=AXIS2_PLACEMENT_3D('',#102,#103,#104);
#107=DIRECTION('',(1.011877560829E-5,-8.945761284305E-9,-9.999999999488E-1));
#108=VECTOR('',#107,1.999979786276E-1);
#109=CARTESIAN_POINT('',(-1.25E1,1.2E1,2.E0));
#110=LINE('',#109,#108);
#111=CARTESIAN_POINT('',(-9.5E0,1.2E1,2.E0));
#112=DIRECTION('',(0.E0,0.E0,1.E0));
#113=DIRECTION('',(0.E0,1.E0,0.E0));
#114=AXIS2_PLACEMENT_3D('',#111,#112,#113);
#116=DIRECTION('',(-1.E0,0.E0,0.E0));
#117=VECTOR('',#116,1.9E1);
#118=CARTESIAN_POINT('',(9.5E0,1.55E1,2.E0));
#119=LINE('',#118,#117);
#120=CARTESIAN_POINT('',(9.5E0,1.2E1,2.E0));
#121=DIRECTION('',(0.E0,0.E0,1.E0));
#122=DIRECTION('',(1.E0,0.E0,0.E0));
#123=AXIS2_PLACEMENT_3D('',#120,#121,#122);
#125=DIRECTION('',(0.E0,1.E0,0.E0));
#126=VECTOR('',#125,2.4E1);
#127=CARTESIAN_POINT('',(1.3E1,-1.2E1,2.E0));
#128=LINE('',#127,#126);
#129=CARTESIAN_POINT('',(9.5E0,-1.2E1,2.E0));
#130=DIRECTION('',(0.E0,0.E0,1.E0));
#131=DIRECTION('',(0.E0,-1.E0,0.E0));
#132=AXIS2_PLACEMENT_3D('',#129,#130,#131);
#134=DIRECTION('',(1.E0,0.E0,0.E0));
#135=VECTOR('',#134,1.9E1);
#136=CARTESIAN_POINT('',(-9.5E0,-1.55E1,2.E0));
#137=LINE('',#136,#135);
#138=CARTESIAN_POINT('',(-9.5E0,-1.2E1,2.E0));
#139=DIRECTION('',(0.E0,0.E0,1.E0));
#140=DIRECTION('',(-1.E0,0.E0,0.E0));
#141=AXIS2_PLACEMENT_3D('',#138,#139,#140);
#143=DIRECTION('',(0.E0,-1.E0,0.E0));
#144=VECTOR('',#143,2.4E1);
#145=CARTESIAN_POINT('',(-1.3E1,1.2E1,2.E0));
#146=LINE('',#145,#144);
#147=CARTESIAN_POINT('',(-9.5E0,1.2E1,2.E0));
#148=DIRECTION('',(0.E0,0.E0,1.E0));
#149=DIRECTION('',(1.E0,0.E0,0.E0));
#150=AXIS2_PLACEMENT_3D('',#147,#148,#149);
#152=CARTESIAN_POINT('',(-9.5E0,1.2E1,2.E0));
#153=DIRECTION('',(0.E0,0.E0,1.E0));
#154=DIRECTION('',(-1.E0,0.E0,0.E0));
#155=AXIS2_PLACEMENT_3D('',#152,#153,#154);
#157=CARTESIAN_POINT('',(9.5E0,-1.2E1,2.E0));
#158=DIRECTION('',(0.E0,0.E0,1.E0));
#159=DIRECTION('',(1.E0,0.E0,0.E0));
#160=AXIS2_PLACEMENT_3D('',#157,#158,#159);
#162=CARTESIAN_POINT('',(9.5E0,-1.2E1,2.E0));
#163=DIRECTION('',(0.E0,0.E0,1.E0));
#164=DIRECTION('',(-1.E0,0.E0,0.E0));
#165=AXIS2_PLACEMENT_3D('',#162,#163,#164);
#167=CARTESIAN_POINT('',(0.E0,0.E0,2.E0));
#168=DIRECTION('',(0.E0,0.E0,1.E0));
#169=DIRECTION('',(0.E0,-1.E0,0.E0));
#170=AXIS2_PLACEMENT_3D('',#167,#168,#169);
#172=CARTESIAN_POINT('',(0.E0,0.E0,2.E0));
#173=DIRECTION('',(0.E0,0.E0,1.E0));
#174=DIRECTION('',(0.E0,1.E0,0.E0));
#175=AXIS2_PLACEMENT_3D('',#172,#173,#174);
#177=DIRECTION('',(0.E0,0.E0,1.E0));
#178=VECTOR('',#177,2.E0);
#179=CARTESIAN_POINT('',(-9.5E0,1.55E1,0.E0));
#180=LINE('',#179,#178);
#181=DIRECTION('',(0.E0,0.E0,1.E0));
#182=VECTOR('',#181,2.E0);
#183=CARTESIAN_POINT('',(9.5E0,1.55E1,0.E0));
#184=LINE('',#183,#182);
#185=DIRECTION('',(0.E0,0.E0,1.E0));
#186=VECTOR('',#185,2.E0);
#187=CARTESIAN_POINT('',(1.3E1,1.2E1,0.E0));
#188=LINE('',#187,#186);
#189=DIRECTION('',(0.E0,0.E0,1.E0));
#190=VECTOR('',#189,2.E0);
#191=CARTESIAN_POINT('',(1.3E1,-1.2E1,0.E0));
#192=LINE('',#191,#190);
#193=DIRECTION('',(0.E0,0.E0,1.E0));
#194=VECTOR('',#193,2.E0);
#195=CARTESIAN_POINT('',(9.5E0,-1.55E1,0.E0));
#196=LINE('',#195,#194);
#197=DIRECTION('',(0.E0,0.E0,1.E0));
#198=VECTOR('',#197,2.E0);
#199=CARTESIAN_POINT('',(-9.5E0,-1.55E1,0.E0));
#200=LINE('',#199,#198);
#201=DIRECTION('',(0.E0,0.E0,1.E0));
#202=VECTOR('',#201,2.E0);
#203=CARTESIAN_POINT('',(-1.3E1,-1.2E1,0.E0));
#204=LINE('',#203,#202);
#205=DIRECTION('',(0.E0,0.E0,1.E0));
#206=VECTOR('',#205,2.E0);
#207=CARTESIAN_POINT('',(-1.3E1,1.2E1,0.E0));
#208=LINE('',#207,#206);
#209=CARTESIAN_POINT('',(9.5E0,-1.2E1,1.800008090246E0));
#210=DIRECTION('',(0.E0,0.E0,1.E0));
#211=DIRECTION('',(1.E0,0.E0,0.E0));
#212=AXIS2_PLACEMENT_3D('',#209,#210,#211);
#214=DIRECTION('',(-1.011877563494E-5,8.945743520557E-9,-9.999999999488E-1));
#215=VECTOR('',#214,1.999979786276E-1);
#216=CARTESIAN_POINT('',(1.25E1,-1.2E1,2.E0));
#217=LINE('',#216,#215);
#218=DIRECTION('',(7.071063044647E-1,4.217008158926E-10,7.071072579080E-1));
#219=VECTOR('',#218,1.979898986547E0);
#220=CARTESIAN_POINT('',(1.109999892067E1,-1.199999999905E1,4.000010780707E-1));
#221=LINE('',#220,#219);
#222=CARTESIAN_POINT('',(9.5E0,-1.2E1,4.000040395269E-1));
#223=DIRECTION('',(0.E0,0.E0,1.E0));
#224=DIRECTION('',(1.E0,0.E0,0.E0));
#225=AXIS2_PLACEMENT_3D('',#222,#223,#224);
#227=DIRECTION('',(2.698305614042E-6,-2.385507579178E-9,9.999999999964E-1));
#228=VECTOR('',#227,4.000010780722E-1);
#229=CARTESIAN_POINT('',(7.9E0,-1.2E1,0.E0));
#230=LINE('',#229,#228);
#231=CARTESIAN_POINT('',(9.5E0,-1.2E1,4.000040395269E-1));
#232=DIRECTION('',(0.E0,0.E0,1.E0));
#233=DIRECTION('',(-1.E0,0.E0,0.E0));
#234=AXIS2_PLACEMENT_3D('',#231,#232,#233);
#236=DIRECTION('',(-2.698305620703E-6,2.385507579178E-9,9.999999999964E-1));
#237=VECTOR('',#236,4.000010780722E-1);
#238=CARTESIAN_POINT('',(1.11E1,-1.2E1,0.E0));
#239=LINE('',#238,#237);
#240=DIRECTION('',(-7.071063044647E-1,-4.217026102840E-10,7.071072579080E-1));
#241=VECTOR('',#240,1.979898986547E0);
#242=CARTESIAN_POINT('',(7.900001079325E0,-1.200000000095E1,4.000010780707E-1));
#243=LINE('',#242,#241);
#244=CARTESIAN_POINT('',(9.5E0,-1.2E1,1.800008090246E0));
#245=DIRECTION('',(0.E0,0.E0,1.E0));
#246=DIRECTION('',(-1.E0,0.E0,0.E0));
#247=AXIS2_PLACEMENT_3D('',#244,#245,#246);
#249=DIRECTION('',(1.011877561717E-5,-8.945761284305E-9,-9.999999999488E-1));
#250=VECTOR('',#249,1.999979786276E-1);
#251=CARTESIAN_POINT('',(6.5E0,-1.2E1,2.E0));
#252=LINE('',#251,#250);
#253=CARTESIAN_POINT('',(0.E0,0.E0,-2.55E1));
#254=DIRECTION('',(0.E0,0.E0,-1.E0));
#255=DIRECTION('',(0.E0,1.E0,0.E0));
#256=AXIS2_PLACEMENT_3D('',#253,#254,#255);
#258=DIRECTION('',(0.E0,0.E0,1.E0));
#259=VECTOR('',#258,2.55E1);
#260=CARTESIAN_POINT('',(0.E0,-1.18E1,-2.55E1));
#261=LINE('',#260,#259);
#262=CARTESIAN_POINT('',(0.E0,0.E0,-2.55E1));
#263=DIRECTION('',(0.E0,0.E0,1.E0));
#264=DIRECTION('',(0.E0,1.E0,0.E0));
#265=AXIS2_PLACEMENT_3D('',#262,#263,#264);
#267=DIRECTION('',(0.E0,0.E0,1.E0));
#268=VECTOR('',#267,2.55E1);
#269=CARTESIAN_POINT('',(0.E0,1.18E1,-2.55E1));
#270=LINE('',#269,#268);
#271=DIRECTION('',(0.E0,0.E0,1.E0));
#272=VECTOR('',#271,3.E0);
#273=CARTESIAN_POINT('',(0.E0,1.18E1,2.E0));
#274=LINE('',#273,#272);
#275=DIRECTION('',(0.E0,0.E0,1.E0));
#276=VECTOR('',#275,3.E0);
#277=CARTESIAN_POINT('',(0.E0,-1.18E1,2.E0));
#278=LINE('',#277,#276);
#279=DIRECTION('',(-1.E0,0.E0,0.E0));
#280=VECTOR('',#279,3.E0);
#281=CARTESIAN_POINT('',(-6.1E0,-1.5E0,-2.55E1));
#282=LINE('',#281,#280);
#283=DIRECTION('',(0.E0,1.E0,0.E0));
#284=VECTOR('',#283,3.E0);
#285=CARTESIAN_POINT('',(-9.1E0,-1.5E0,-2.55E1));
#286=LINE('',#285,#284);
#287=DIRECTION('',(1.E0,0.E0,0.E0));
#288=VECTOR('',#287,3.E0);
#289=CARTESIAN_POINT('',(-9.1E0,1.5E0,-2.55E1));
#290=LINE('',#289,#288);
#291=DIRECTION('',(0.E0,1.E0,0.E0));
#292=VECTOR('',#291,4.15E0);
#293=CARTESIAN_POINT('',(-6.1E0,1.5E0,-2.55E1));
#294=LINE('',#293,#292);
#295=DIRECTION('',(1.E0,0.E0,0.E0));
#296=VECTOR('',#295,1.22E1);
#297=CARTESIAN_POINT('',(-6.1E0,5.65E0,-2.55E1));
#298=LINE('',#297,#296);
#299=DIRECTION('',(0.E0,-1.E0,0.E0));
#300=VECTOR('',#299,4.15E0);
#301=CARTESIAN_POINT('',(6.1E0,5.65E0,-2.55E1));
#302=LINE('',#301,#300);
#303=DIRECTION('',(1.E0,0.E0,0.E0));
#304=VECTOR('',#303,3.E0);
#305=CARTESIAN_POINT('',(6.1E0,1.5E0,-2.55E1));
#306=LINE('',#305,#304);
#307=DIRECTION('',(0.E0,-1.E0,0.E0));
#308=VECTOR('',#307,3.E0);
#309=CARTESIAN_POINT('',(9.1E0,1.5E0,-2.55E1));
#310=LINE('',#309,#308);
#311=DIRECTION('',(-1.E0,0.E0,0.E0));
#312=VECTOR('',#311,3.E0);
#313=CARTESIAN_POINT('',(9.1E0,-1.5E0,-2.55E1));
#314=LINE('',#313,#312);
#315=DIRECTION('',(0.E0,-1.E0,0.E0));
#316=VECTOR('',#315,4.15E0);
#317=CARTESIAN_POINT('',(6.1E0,-1.5E0,-2.55E1));
#318=LINE('',#317,#316);
#319=DIRECTION('',(-1.E0,0.E0,0.E0));
#320=VECTOR('',#319,1.22E1);
#321=CARTESIAN_POINT('',(6.1E0,-5.65E0,-2.55E1));
#322=LINE('',#321,#320);
#323=DIRECTION('',(0.E0,1.E0,0.E0));
#324=VECTOR('',#323,4.15E0);
#325=CARTESIAN_POINT('',(-6.1E0,-5.65E0,-2.55E1));
#326=LINE('',#325,#324);
#327=DIRECTION('',(0.E0,1.E0,0.E0));
#328=VECTOR('',#327,3.E0);
#329=CARTESIAN_POINT('',(-6.1E0,-1.5E0,-3.525E1));
#330=LINE('',#329,#328);
#331=DIRECTION('',(0.E0,0.E0,-1.E0));
#332=VECTOR('',#331,9.75E0);
#333=CARTESIAN_POINT('',(-6.1E0,-1.5E0,-2.55E1));
#334=LINE('',#333,#332);
#335=DIRECTION('',(0.E0,0.E0,-1.E0));
#336=VECTOR('',#335,1.005E1);
#337=CARTESIAN_POINT('',(-6.1E0,-5.65E0,-2.55E1));
#338=LINE('',#337,#336);
#339=DIRECTION('',(0.E0,0.E0,-1.E0));
#340=VECTOR('',#339,9.75E0);
#341=CARTESIAN_POINT('',(-6.1E0,1.5E0,-2.55E1));
#342=LINE('',#341,#340);
#343=DIRECTION('',(1.E0,0.E0,0.E0));
#344=VECTOR('',#343,3.E0);
#345=CARTESIAN_POINT('',(-9.1E0,1.5E0,-3.525E1));
#346=LINE('',#345,#344);
#347=DIRECTION('',(0.E0,1.E0,0.E0));
#348=VECTOR('',#347,3.E0);
#349=CARTESIAN_POINT('',(-9.1E0,-1.5E0,-3.525E1));
#350=LINE('',#349,#348);
#351=DIRECTION('',(-1.E0,0.E0,0.E0));
#352=VECTOR('',#351,3.E0);
#353=CARTESIAN_POINT('',(-6.1E0,-1.5E0,-3.525E1));
#354=LINE('',#353,#352);
#355=DIRECTION('',(-1.E0,0.E0,0.E0));
#356=VECTOR('',#355,3.E0);
#357=CARTESIAN_POINT('',(9.1E0,-1.5E0,-3.525E1));
#358=LINE('',#357,#356);
#359=DIRECTION('',(0.E0,-1.E0,0.E0));
#360=VECTOR('',#359,3.E0);
#361=CARTESIAN_POINT('',(9.1E0,1.5E0,-3.525E1));
#362=LINE('',#361,#360);
#363=DIRECTION('',(1.E0,0.E0,0.E0));
#364=VECTOR('',#363,3.E0);
#365=CARTESIAN_POINT('',(6.1E0,1.5E0,-3.525E1));
#366=LINE('',#365,#364);
#367=DIRECTION('',(0.E0,0.E0,-1.E0));
#368=VECTOR('',#367,9.75E0);
#369=CARTESIAN_POINT('',(-9.1E0,1.5E0,-2.55E1));
#370=LINE('',#369,#368);
#371=DIRECTION('',(0.E0,0.E0,-1.E0));
#372=VECTOR('',#371,9.75E0);
#373=CARTESIAN_POINT('',(-9.1E0,-1.5E0,-2.55E1));
#374=LINE('',#373,#372);
#375=DIRECTION('',(0.E0,1.E0,0.E0));
#376=VECTOR('',#375,3.E0);
#377=CARTESIAN_POINT('',(6.1E0,-1.5E0,-3.525E1));
#378=LINE('',#377,#376);
#379=DIRECTION('',(0.E0,0.E0,-1.E0));
#380=VECTOR('',#379,9.75E0);
#381=CARTESIAN_POINT('',(6.1E0,1.5E0,-2.55E1));
#382=LINE('',#381,#380);
#383=DIRECTION('',(0.E0,0.E0,-1.E0));
#384=VECTOR('',#383,1.005E1);
#385=CARTESIAN_POINT('',(6.1E0,5.65E0,-2.55E1));
#386=LINE('',#385,#384);
#387=DIRECTION('',(0.E0,0.E0,-1.E0));
#388=VECTOR('',#387,9.75E0);
#389=CARTESIAN_POINT('',(6.1E0,-1.5E0,-2.55E1));
#390=LINE('',#389,#388);
#391=DIRECTION('',(0.E0,0.E0,-1.E0));
#392=VECTOR('',#391,9.75E0);
#393=CARTESIAN_POINT('',(9.1E0,1.5E0,-2.55E1));
#394=LINE('',#393,#392);
#395=DIRECTION('',(0.E0,0.E0,-1.E0));
#396=VECTOR('',#395,9.75E0);
#397=CARTESIAN_POINT('',(9.1E0,-1.5E0,-2.55E1));
#398=LINE('',#397,#396);
#399=DIRECTION('',(0.E0,0.E0,-1.E0));
#400=VECTOR('',#399,1.005E1);
#401=CARTESIAN_POINT('',(-6.1E0,5.65E0,-2.55E1));
#402=LINE('',#401,#400);
#403=DIRECTION('',(0.E0,-1.E0,0.E0));
#404=VECTOR('',#403,1.13E1);
#405=CARTESIAN_POINT('',(6.1E0,5.65E0,-3.555E1));
#406=LINE('',#405,#404);
#407=DIRECTION('',(1.E0,0.E0,0.E0));
#408=VECTOR('',#407,1.22E1);
#409=CARTESIAN_POINT('',(-6.1E0,5.65E0,-3.555E1));
#410=LINE('',#409,#408);
#411=DIRECTION('',(0.E0,1.E0,0.E0));
#412=VECTOR('',#411,1.13E1);
#413=CARTESIAN_POINT('',(-6.1E0,-5.65E0,-3.555E1));
#414=LINE('',#413,#412);
#415=DIRECTION('',(-1.E0,0.E0,0.E0));
#416=VECTOR('',#415,1.22E1);
#417=CARTESIAN_POINT('',(6.1E0,-5.65E0,-3.555E1));
#418=LINE('',#417,#416);
#419=DIRECTION('',(-1.E0,0.E0,0.E0));
#420=VECTOR('',#419,8.E0);
#421=CARTESIAN_POINT('',(4.E0,-3.5E0,-3.555E1));
#422=LINE('',#421,#420);
#423=DIRECTION('',(0.E0,1.E0,0.E0));
#424=VECTOR('',#423,5.7E0);
#425=CARTESIAN_POINT('',(-4.E0,-3.5E0,-3.555E1));
#426=LINE('',#425,#424);
#427=DIRECTION('',(7.071067811865E-1,7.071067811865E-1,0.E0));
#428=VECTOR('',#427,2.828427124746E0);
#429=CARTESIAN_POINT('',(-4.E0,2.2E0,-3.555E1));
#430=LINE('',#429,#428);
#431=DIRECTION('',(1.E0,0.E0,0.E0));
#432=VECTOR('',#431,4.E0);
#433=CARTESIAN_POINT('',(-2.E0,4.2E0,-3.555E1));
#434=LINE('',#433,#432);
#435=DIRECTION('',(7.071067811865E-1,-7.071067811865E-1,0.E0));
#436=VECTOR('',#435,2.828427124746E0);
#437=CARTESIAN_POINT('',(2.E0,4.2E0,-3.555E1));
#438=LINE('',#437,#436);
#439=DIRECTION('',(0.E0,-1.E0,0.E0));
#440=VECTOR('',#439,5.7E0);
#441=CARTESIAN_POINT('',(4.E0,2.2E0,-3.555E1));
#442=LINE('',#441,#440);
#443=DIRECTION('',(-1.E0,0.E0,0.E0));
#444=VECTOR('',#443,5.5E0);
#445=CARTESIAN_POINT('',(2.75E0,1.9E0,-3.555E1));
#446=LINE('',#445,#444);
#447=DIRECTION('',(0.E0,-1.E0,0.E0));
#448=VECTOR('',#447,3.1E0);
#449=CARTESIAN_POINT('',(-2.75E0,1.9E0,-3.555E1));
#450=LINE('',#449,#448);
#451=DIRECTION('',(1.E0,0.E0,0.E0));
#452=VECTOR('',#451,5.5E0);
#453=CARTESIAN_POINT('',(-2.75E0,-1.2E0,-3.555E1));
#454=LINE('',#453,#452);
#455=DIRECTION('',(0.E0,1.E0,0.E0));
#456=VECTOR('',#455,3.1E0);
#457=CARTESIAN_POINT('',(2.75E0,-1.2E0,-3.555E1));
#458=LINE('',#457,#456);
#459=DIRECTION('',(0.E0,0.E0,-1.E0));
#460=VECTOR('',#459,1.005E1);
#461=CARTESIAN_POINT('',(6.1E0,-5.65E0,-2.55E1));
#462=LINE('',#461,#460);
#463=DIRECTION('',(0.E0,0.E0,1.E0));
#464=VECTOR('',#463,9.E0);
#465=CARTESIAN_POINT('',(4.E0,-3.5E0,-3.555E1));
#466=LINE('',#465,#464);
#467=DIRECTION('',(0.E0,0.E0,1.E0));
#468=VECTOR('',#467,9.E0);
#469=CARTESIAN_POINT('',(4.E0,2.2E0,-3.555E1));
#470=LINE('',#469,#468);
#471=DIRECTION('',(0.E0,0.E0,1.E0));
#472=VECTOR('',#471,9.E0);
#473=CARTESIAN_POINT('',(2.E0,4.2E0,-3.555E1));
#474=LINE('',#473,#472);
#475=DIRECTION('',(0.E0,0.E0,1.E0));
#476=VECTOR('',#475,9.E0);
#477=CARTESIAN_POINT('',(-2.E0,4.2E0,-3.555E1));
#478=LINE('',#477,#476);
#479=DIRECTION('',(0.E0,0.E0,1.E0));
#480=VECTOR('',#479,9.E0);
#481=CARTESIAN_POINT('',(-4.E0,2.2E0,-3.555E1));
#482=LINE('',#481,#480);
#483=DIRECTION('',(0.E0,0.E0,1.E0));
#484=VECTOR('',#483,9.E0);
#485=CARTESIAN_POINT('',(-4.E0,-3.5E0,-3.555E1));
#486=LINE('',#485,#484);
#487=DIRECTION('',(-1.E0,0.E0,0.E0));
#488=VECTOR('',#487,8.E0);
#489=CARTESIAN_POINT('',(4.E0,-3.5E0,-2.655E1));
#490=LINE('',#489,#488);
#491=DIRECTION('',(0.E0,-1.E0,0.E0));
#492=VECTOR('',#491,5.7E0);
#493=CARTESIAN_POINT('',(4.E0,2.2E0,-2.655E1));
#494=LINE('',#493,#492);
#495=DIRECTION('',(7.071067811865E-1,-7.071067811865E-1,0.E0));
#496=VECTOR('',#495,2.828427124746E0);
#497=CARTESIAN_POINT('',(2.E0,4.2E0,-2.655E1));
#498=LINE('',#497,#496);
#499=DIRECTION('',(1.E0,0.E0,0.E0));
#500=VECTOR('',#499,4.E0);
#501=CARTESIAN_POINT('',(-2.E0,4.2E0,-2.655E1));
#502=LINE('',#501,#500);
#503=DIRECTION('',(7.071067811865E-1,7.071067811865E-1,0.E0));
#504=VECTOR('',#503,2.828427124746E0);
#505=CARTESIAN_POINT('',(-4.E0,2.2E0,-2.655E1));
#506=LINE('',#505,#504);
#507=DIRECTION('',(0.E0,1.E0,0.E0));
#508=VECTOR('',#507,5.7E0);
#509=CARTESIAN_POINT('',(-4.E0,-3.5E0,-2.655E1));
#510=LINE('',#509,#508);
#511=DIRECTION('',(-1.E0,0.E0,0.E0));
#512=VECTOR('',#511,5.5E0);
#513=CARTESIAN_POINT('',(2.75E0,1.9E0,-2.655E1));
#514=LINE('',#513,#512);
#515=DIRECTION('',(0.E0,1.E0,0.E0));
#516=VECTOR('',#515,3.1E0);
#517=CARTESIAN_POINT('',(2.75E0,-1.2E0,-2.655E1));
#518=LINE('',#517,#516);
#519=DIRECTION('',(1.E0,0.E0,0.E0));
#520=VECTOR('',#519,5.5E0);
#521=CARTESIAN_POINT('',(-2.75E0,-1.2E0,-2.655E1));
#522=LINE('',#521,#520);
#523=DIRECTION('',(0.E0,-1.E0,0.E0));
#524=VECTOR('',#523,3.1E0);
#525=CARTESIAN_POINT('',(-2.75E0,1.9E0,-2.655E1));
#526=LINE('',#525,#524);
#527=DIRECTION('',(0.E0,0.E0,1.E0));
#528=VECTOR('',#527,9.E0);
#529=CARTESIAN_POINT('',(2.75E0,1.9E0,-3.555E1));
#530=LINE('',#529,#528);
#531=DIRECTION('',(0.E0,0.E0,1.E0));
#532=VECTOR('',#531,9.E0);
#533=CARTESIAN_POINT('',(2.75E0,-1.2E0,-3.555E1));
#534=LINE('',#533,#532);
#535=DIRECTION('',(0.E0,0.E0,1.E0));
#536=VECTOR('',#535,9.E0);
#537=CARTESIAN_POINT('',(-2.75E0,-1.2E0,-3.555E1));
#538=LINE('',#537,#536);
#539=DIRECTION('',(0.E0,0.E0,1.E0));
#540=VECTOR('',#539,9.E0);
#541=CARTESIAN_POINT('',(-2.75E0,1.9E0,-3.555E1));
#542=LINE('',#541,#540);
#543=CARTESIAN_POINT('',(0.E0,0.E0,5.E0));
#544=DIRECTION('',(0.E0,0.E0,1.E0));
#545=DIRECTION('',(0.E0,1.E0,0.E0));
#546=AXIS2_PLACEMENT_3D('',#543,#544,#545);
#548=CARTESIAN_POINT('',(0.E0,0.E0,5.E0));
#549=DIRECTION('',(0.E0,0.E0,-1.E0));
#550=DIRECTION('',(0.E0,1.E0,0.E0));
#551=AXIS2_PLACEMENT_3D('',#548,#549,#550);
#553=CARTESIAN_POINT('',(0.E0,0.E0,5.E0));
#554=DIRECTION('',(0.E0,0.E0,1.E0));
#555=DIRECTION('',(1.409090909091E-1,9.900225391875E-1,0.E0));
#556=AXIS2_PLACEMENT_3D('',#553,#554,#555);
#558=DIRECTION('',(0.E0,-1.E0,0.E0));
#559=VECTOR('',#558,7.581208098697E-1);
#560=CARTESIAN_POINT('',(-1.55E0,1.089024793106E1,5.E0));
#561=LINE('',#560,#559);
#562=DIRECTION('',(0.E0,1.E0,0.E0));
#563=VECTOR('',#562,7.581208098697E-1);
#564=CARTESIAN_POINT('',(1.55E0,1.013212712119E1,5.E0));
#565=LINE('',#564,#563);
#566=DIRECTION('',(0.E0,0.E0,-1.E0));
#567=VECTOR('',#566,1.4E1);
#568=CARTESIAN_POINT('',(1.55E0,1.089024793106E1,5.E0));
#569=LINE('',#568,#567);
#570=CARTESIAN_POINT('',(0.E0,0.E0,5.E0));
#571=DIRECTION('',(0.E0,0.E0,-1.E0));
#572=DIRECTION('',(1.512195121951E-1,9.885002069456E-1,0.E0));
#573=AXIS2_PLACEMENT_3D('',#570,#571,#572);
#575=DIRECTION('',(0.E0,0.E0,-1.E0));
#576=VECTOR('',#575,1.4E1);
#577=CARTESIAN_POINT('',(-1.55E0,1.013212712119E1,5.E0));
#578=LINE('',#577,#576);
#579=CARTESIAN_POINT('',(0.E0,0.E0,-9.E0));
#580=DIRECTION('',(0.E0,0.E0,1.E0));
#581=DIRECTION('',(-1.512195121951E-1,9.885002069456E-1,0.E0));
#582=AXIS2_PLACEMENT_3D('',#579,#580,#581);
#584=DIRECTION('',(0.E0,0.E0,-1.E0));
#585=VECTOR('',#584,1.4E1);
#586=CARTESIAN_POINT('',(1.55E0,1.013212712119E1,5.E0));
#587=LINE('',#586,#585);
#588=DIRECTION('',(0.E0,0.E0,-1.E0));
#589=VECTOR('',#588,1.4E1);
#590=CARTESIAN_POINT('',(-1.55E0,1.089024793106E1,5.E0));
#591=LINE('',#590,#589);
#592=DIRECTION('',(0.E0,-1.E0,0.E0));
#593=VECTOR('',#592,9.E0);
#594=CARTESIAN_POINT('',(-8.E0,4.5E0,-9.E0));
#595=LINE('',#594,#593);
#596=DIRECTION('',(1.E0,0.E0,0.E0));
#597=VECTOR('',#596,1.6E1);
#598=CARTESIAN_POINT('',(-8.E0,-4.5E0,-9.E0));
#599=LINE('',#598,#597);
#600=DIRECTION('',(0.E0,1.E0,0.E0));
#601=VECTOR('',#600,9.E0);
#602=CARTESIAN_POINT('',(8.E0,-4.5E0,-9.E0));
#603=LINE('',#602,#601);
#604=DIRECTION('',(-1.E0,0.E0,0.E0));
#605=VECTOR('',#604,1.6E1);
#606=CARTESIAN_POINT('',(8.E0,4.5E0,-9.E0));
#607=LINE('',#606,#605);
#608=DIRECTION('',(0.E0,-1.E0,0.E0));
#609=VECTOR('',#608,7.581208098697E-1);
#610=CARTESIAN_POINT('',(-1.55E0,1.089024793106E1,-9.E0));
#611=LINE('',#610,#609);
#612=CARTESIAN_POINT('',(0.E0,0.E0,-9.E0));
#613=DIRECTION('',(0.E0,0.E0,1.E0));
#614=DIRECTION('',(1.409090909091E-1,9.900225391875E-1,0.E0));
#615=AXIS2_PLACEMENT_3D('',#612,#613,#614);
#617=DIRECTION('',(0.E0,1.E0,0.E0));
#618=VECTOR('',#617,7.581208098697E-1);
#619=CARTESIAN_POINT('',(1.55E0,1.013212712119E1,-9.E0));
#620=LINE('',#619,#618);
#621=DIRECTION('',(0.E0,-1.E0,0.E0));
#622=VECTOR('',#621,7.632575659723E0);
#623=CARTESIAN_POINT('',(-8.E0,3.816287829862E0,-7.8E0));
#624=LINE('',#623,#622);
#625=DIRECTION('',(0.E0,0.E0,1.E0));
#626=VECTOR('',#625,1.2E0);
#627=CARTESIAN_POINT('',(-8.E0,4.5E0,-9.E0));
#628=LINE('',#627,#626);
#629=CARTESIAN_POINT('',(-6.1E0,2.35E0,-7.8E0));
#630=DIRECTION('',(0.E0,0.E0,1.E0));
#631=DIRECTION('',(-7.916666666667E-1,6.109532624423E-1,0.E0));
#632=AXIS2_PLACEMENT_3D('',#629,#630,#631);
#634=DIRECTION('',(0.E0,-1.E0,0.E0));
#635=VECTOR('',#634,4.7E0);
#636=CARTESIAN_POINT('',(-8.5E0,2.35E0,-7.8E0));
#637=LINE('',#636,#635);
#638=CARTESIAN_POINT('',(-6.1E0,-2.35E0,-7.8E0));
#639=DIRECTION('',(0.E0,0.E0,1.E0));
#640=DIRECTION('',(-1.E0,0.E0,0.E0));
#641=AXIS2_PLACEMENT_3D('',#638,#639,#640);
#643=CARTESIAN_POINT('',(-6.1E0,-2.35E0,-7.8E0));
#644=DIRECTION('',(0.E0,0.E0,1.E0));
#645=DIRECTION('',(-4.443901876604E-1,-8.958333333333E-1,0.E0));
#646=AXIS2_PLACEMENT_3D('',#643,#644,#645);
#648=DIRECTION('',(1.E0,0.E0,0.E0));
#649=VECTOR('',#648,1.22E1);
#650=CARTESIAN_POINT('',(-6.1E0,-4.75E0,-7.8E0));
#651=LINE('',#650,#649);
#652=CARTESIAN_POINT('',(6.1E0,-2.35E0,-7.8E0));
#653=DIRECTION('',(0.E0,0.E0,1.E0));
#654=DIRECTION('',(0.E0,-1.E0,0.E0));
#655=AXIS2_PLACEMENT_3D('',#652,#653,#654);
#657=CARTESIAN_POINT('',(6.1E0,-2.35E0,-7.8E0));
#658=DIRECTION('',(0.E0,0.E0,1.E0));
#659=DIRECTION('',(7.916666666667E-1,-6.109532624423E-1,0.E0));
#660=AXIS2_PLACEMENT_3D('',#657,#658,#659);
#662=DIRECTION('',(0.E0,1.E0,0.E0));
#663=VECTOR('',#662,4.7E0);
#664=CARTESIAN_POINT('',(8.5E0,-2.35E0,-7.8E0));
#665=LINE('',#664,#663);
#666=CARTESIAN_POINT('',(6.1E0,2.35E0,-7.8E0));
#667=DIRECTION('',(0.E0,0.E0,1.E0));
#668=DIRECTION('',(1.E0,0.E0,0.E0));
#669=AXIS2_PLACEMENT_3D('',#666,#667,#668);
#671=CARTESIAN_POINT('',(6.1E0,2.35E0,-7.8E0));
#672=DIRECTION('',(0.E0,0.E0,1.E0));
#673=DIRECTION('',(4.443901876604E-1,8.958333333333E-1,0.E0));
#674=AXIS2_PLACEMENT_3D('',#671,#672,#673);
#676=DIRECTION('',(-1.E0,0.E0,0.E0));
#677=VECTOR('',#676,1.22E1);
#678=CARTESIAN_POINT('',(6.1E0,4.75E0,-7.8E0));
#679=LINE('',#678,#677);
#680=CARTESIAN_POINT('',(-6.1E0,2.35E0,-7.8E0));
#681=DIRECTION('',(0.E0,0.E0,1.E0));
#682=DIRECTION('',(0.E0,1.E0,0.E0));
#683=AXIS2_PLACEMENT_3D('',#680,#681,#682);
#685=DIRECTION('',(0.E0,0.E0,-1.E0));
#686=VECTOR('',#685,1.115E1);
#687=CARTESIAN_POINT('',(-6.1E0,4.75E0,3.35E0));
#688=LINE('',#687,#686);
#689=DIRECTION('',(0.E0,-1.E0,0.E0));
#690=VECTOR('',#689,7.3E0);
#691=CARTESIAN_POINT('',(-7.4E0,3.65E0,-7.8E0));
#692=LINE('',#691,#690);
#693=DIRECTION('',(1.E0,0.E0,0.E0));
#694=VECTOR('',#693,1.48E1);
#695=CARTESIAN_POINT('',(-7.4E0,-3.65E0,-7.8E0));
#696=LINE('',#695,#694);
#697=DIRECTION('',(0.E0,1.E0,0.E0));
#698=VECTOR('',#697,7.3E0);
#699=CARTESIAN_POINT('',(7.4E0,-3.65E0,-7.8E0));
#700=LINE('',#699,#698);
#701=DIRECTION('',(-1.E0,0.E0,0.E0));
#702=VECTOR('',#701,1.48E1);
#703=CARTESIAN_POINT('',(7.4E0,3.65E0,-7.8E0));
#704=LINE('',#703,#702);
#705=CARTESIAN_POINT('',(-6.1E0,2.35E0,-7.8E0));
#706=DIRECTION('',(0.E0,0.E0,1.E0));
#707=DIRECTION('',(-4.443901876604E-1,8.958333333333E-1,0.E0));
#708=AXIS2_PLACEMENT_3D('',#705,#706,#707);
#710=DIRECTION('',(0.E0,-1.E0,0.E0));
#711=VECTOR('',#710,6.837121701385E-1);
#712=CARTESIAN_POINT('',(-8.E0,4.5E0,-7.8E0));
#713=LINE('',#712,#711);
#714=DIRECTION('',(-1.E0,0.E0,0.E0));
#715=VECTOR('',#714,8.334635496149E-1);
#716=CARTESIAN_POINT('',(-7.166536450385E0,4.5E0,-7.8E0));
#717=LINE('',#716,#715);
#718=CARTESIAN_POINT('',(-6.1E0,-2.35E0,-7.8E0));
#719=DIRECTION('',(0.E0,0.E0,1.E0));
#720=DIRECTION('',(-7.916666666667E-1,-6.109532624423E-1,0.E0));
#721=AXIS2_PLACEMENT_3D('',#718,#719,#720);
#723=DIRECTION('',(1.E0,0.E0,0.E0));
#724=VECTOR('',#723,8.334635496149E-1);
#725=CARTESIAN_POINT('',(-8.E0,-4.5E0,-7.8E0));
#726=LINE('',#725,#724);
#727=DIRECTION('',(0.E0,-1.E0,0.E0));
#728=VECTOR('',#727,6.837121701385E-1);
#729=CARTESIAN_POINT('',(-8.E0,-3.816287829862E0,-7.8E0));
#730=LINE('',#729,#728);
#731=CARTESIAN_POINT('',(6.1E0,-2.35E0,-7.8E0));
#732=DIRECTION('',(0.E0,0.E0,1.E0));
#733=DIRECTION('',(4.443901876604E-1,-8.958333333333E-1,0.E0));
#734=AXIS2_PLACEMENT_3D('',#731,#732,#733);
#736=DIRECTION('',(0.E0,1.E0,0.E0));
#737=VECTOR('',#736,6.837121701385E-1);
#738=CARTESIAN_POINT('',(8.E0,-4.5E0,-7.8E0));
#739=LINE('',#738,#737);
#740=DIRECTION('',(1.E0,0.E0,0.E0));
#741=VECTOR('',#740,8.334635496149E-1);
#742=CARTESIAN_POINT('',(7.166536450385E0,-4.5E0,-7.8E0));
#743=LINE('',#742,#741);
#744=CARTESIAN_POINT('',(6.1E0,2.35E0,-7.8E0));
#745=DIRECTION('',(0.E0,0.E0,1.E0));
#746=DIRECTION('',(7.916666666667E-1,6.109532624423E-1,0.E0));
#747=AXIS2_PLACEMENT_3D('',#744,#745,#746);
#749=DIRECTION('',(-1.E0,0.E0,0.E0));
#750=VECTOR('',#749,8.334635496149E-1);
#751=CARTESIAN_POINT('',(8.E0,4.5E0,-7.8E0));
#752=LINE('',#751,#750);
#753=DIRECTION('',(0.E0,1.E0,0.E0));
#754=VECTOR('',#753,6.837121701385E-1);
#755=CARTESIAN_POINT('',(8.E0,3.816287829862E0,-7.8E0));
#756=LINE('',#755,#754);
#757=DIRECTION('',(1.E0,0.E0,0.E0));
#758=VECTOR('',#757,1.51E1);
#759=CARTESIAN_POINT('',(-7.55E0,3.8E0,-7.8E0));
#760=LINE('',#759,#758);
#761=DIRECTION('',(0.E0,-1.E0,0.E0));
#762=VECTOR('',#761,7.6E0);
#763=CARTESIAN_POINT('',(7.55E0,3.8E0,-7.8E0));
#764=LINE('',#763,#762);
#765=DIRECTION('',(-1.E0,0.E0,0.E0));
#766=VECTOR('',#765,1.51E1);
#767=CARTESIAN_POINT('',(7.55E0,-3.8E0,-7.8E0));
#768=LINE('',#767,#766);
#769=DIRECTION('',(0.E0,1.E0,0.E0));
#770=VECTOR('',#769,7.6E0);
#771=CARTESIAN_POINT('',(-7.55E0,-3.8E0,-7.8E0));
#772=LINE('',#771,#770);
#773=DIRECTION('',(0.E0,0.E0,1.E0));
#774=VECTOR('',#773,1.115E1);
#775=CARTESIAN_POINT('',(-7.4E0,3.65E0,-7.8E0));
#776=LINE('',#775,#774);
#777=DIRECTION('',(0.E0,0.E0,1.E0));
#778=VECTOR('',#777,1.115E1);
#779=CARTESIAN_POINT('',(7.4E0,3.65E0,-7.8E0));
#780=LINE('',#779,#778);
#781=DIRECTION('',(0.E0,0.E0,1.E0));
#782=VECTOR('',#781,1.115E1);
#783=CARTESIAN_POINT('',(7.4E0,-3.65E0,-7.8E0));
#784=LINE('',#783,#782);
#785=DIRECTION('',(0.E0,0.E0,1.E0));
#786=VECTOR('',#785,1.115E1);
#787=CARTESIAN_POINT('',(-7.4E0,-3.65E0,-7.8E0));
#788=LINE('',#787,#786);
#789=DIRECTION('',(0.E0,-1.E0,0.E0));
#790=VECTOR('',#789,7.3E0);
#791=CARTESIAN_POINT('',(-7.4E0,3.65E0,3.35E0));
#792=LINE('',#791,#790);
#793=DIRECTION('',(-1.E0,0.E0,0.E0));
#794=VECTOR('',#793,1.48E1);
#795=CARTESIAN_POINT('',(7.4E0,3.65E0,3.35E0));
#796=LINE('',#795,#794);
#797=DIRECTION('',(0.E0,1.E0,0.E0));
#798=VECTOR('',#797,7.3E0);
#799=CARTESIAN_POINT('',(7.4E0,-3.65E0,3.35E0));
#800=LINE('',#799,#798);
#801=DIRECTION('',(1.E0,0.E0,0.E0));
#802=VECTOR('',#801,1.48E1);
#803=CARTESIAN_POINT('',(-7.4E0,-3.65E0,3.35E0));
#804=LINE('',#803,#802);
#805=DIRECTION('',(0.E0,-1.E0,0.E0));
#806=VECTOR('',#805,5.3E0);
#807=CARTESIAN_POINT('',(-6.35E0,2.65E0,3.35E0));
#808=LINE('',#807,#806);
#809=DIRECTION('',(1.E0,0.E0,0.E0));
#810=VECTOR('',#809,1.27E1);
#811=CARTESIAN_POINT('',(-6.35E0,-2.65E0,3.35E0));
#812=LINE('',#811,#810);
#813=DIRECTION('',(0.E0,1.E0,0.E0));
#814=VECTOR('',#813,5.3E0);
#815=CARTESIAN_POINT('',(6.35E0,-2.65E0,3.35E0));
#816=LINE('',#815,#814);
#817=DIRECTION('',(-1.E0,0.E0,0.E0));
#818=VECTOR('',#817,1.27E1);
#819=CARTESIAN_POINT('',(6.35E0,2.65E0,3.35E0));
#820=LINE('',#819,#818);
#821=DIRECTION('',(1.E0,0.E0,0.E0));
#822=VECTOR('',#821,1.1E1);
#823=CARTESIAN_POINT('',(-5.5E0,1.75E0,3.35E0));
#824=LINE('',#823,#822);
#825=DIRECTION('',(0.E0,-1.E0,0.E0));
#826=VECTOR('',#825,1.5E0);
#827=CARTESIAN_POINT('',(5.5E0,1.75E0,3.35E0));
#828=LINE('',#827,#826);
#829=DIRECTION('',(-1.E0,0.E0,0.E0));
#830=VECTOR('',#829,1.1E1);
#831=CARTESIAN_POINT('',(5.5E0,2.5E-1,3.35E0));
#832=LINE('',#831,#830);
#833=DIRECTION('',(0.E0,1.E0,0.E0));
#834=VECTOR('',#833,1.5E0);
#835=CARTESIAN_POINT('',(-5.5E0,2.5E-1,3.35E0));
#836=LINE('',#835,#834);
#837=DIRECTION('',(0.E0,0.E0,-1.E0));
#838=VECTOR('',#837,9.E0);
#839=CARTESIAN_POINT('',(-6.35E0,2.65E0,3.35E0));
#840=LINE('',#839,#838);
#841=DIRECTION('',(0.E0,0.E0,-1.E0));
#842=VECTOR('',#841,9.E0);
#843=CARTESIAN_POINT('',(6.35E0,2.65E0,3.35E0));
#844=LINE('',#843,#842);
#845=DIRECTION('',(0.E0,0.E0,-1.E0));
#846=VECTOR('',#845,9.E0);
#847=CARTESIAN_POINT('',(6.35E0,-2.65E0,3.35E0));
#848=LINE('',#847,#846);
#849=DIRECTION('',(0.E0,0.E0,-1.E0));
#850=VECTOR('',#849,9.E0);
#851=CARTESIAN_POINT('',(-6.35E0,-2.65E0,3.35E0));
#852=LINE('',#851,#850);
#853=DIRECTION('',(0.E0,-1.E0,0.E0));
#854=VECTOR('',#853,5.3E0);
#855=CARTESIAN_POINT('',(-6.35E0,2.65E0,-5.65E0));
#856=LINE('',#855,#854);
#857=DIRECTION('',(-1.E0,0.E0,0.E0));
#858=VECTOR('',#857,1.27E1);
#859=CARTESIAN_POINT('',(6.35E0,2.65E0,-5.65E0));
#860=LINE('',#859,#858);
#861=DIRECTION('',(0.E0,1.E0,0.E0));
#862=VECTOR('',#861,5.3E0);
#863=CARTESIAN_POINT('',(6.35E0,-2.65E0,-5.65E0));
#864=LINE('',#863,#862);
#865=DIRECTION('',(1.E0,0.E0,0.E0));
#866=VECTOR('',#865,1.27E1);
#867=CARTESIAN_POINT('',(-6.35E0,-2.65E0,-5.65E0));
#868=LINE('',#867,#866);
#869=DIRECTION('',(1.E0,0.E0,0.E0));
#870=VECTOR('',#869,1.1E1);
#871=CARTESIAN_POINT('',(-5.5E0,1.75E0,-5.65E0));
#872=LINE('',#871,#870);
#873=DIRECTION('',(0.E0,1.E0,0.E0));
#874=VECTOR('',#873,1.5E0);
#875=CARTESIAN_POINT('',(-5.5E0,2.5E-1,-5.65E0));
#876=LINE('',#875,#874);
#877=DIRECTION('',(-1.E0,0.E0,0.E0));
#878=VECTOR('',#877,1.1E1);
#879=CARTESIAN_POINT('',(5.5E0,2.5E-1,-5.65E0));
#880=LINE('',#879,#878);
#881=DIRECTION('',(0.E0,-1.E0,0.E0));
#882=VECTOR('',#881,1.5E0);
#883=CARTESIAN_POINT('',(5.5E0,1.75E0,-5.65E0));
#884=LINE('',#883,#882);
#885=DIRECTION('',(0.E0,0.E0,-1.E0));
#886=VECTOR('',#885,9.E0);
#887=CARTESIAN_POINT('',(-5.5E0,1.75E0,3.35E0));
#888=LINE('',#887,#886);
#889=DIRECTION('',(0.E0,0.E0,-1.E0));
#890=VECTOR('',#889,9.E0);
#891=CARTESIAN_POINT('',(-5.5E0,2.5E-1,3.35E0));
#892=LINE('',#891,#890);
#893=DIRECTION('',(0.E0,0.E0,-1.E0));
#894=VECTOR('',#893,9.E0);
#895=CARTESIAN_POINT('',(5.5E0,2.5E-1,3.35E0));
#896=LINE('',#895,#894);
#897=DIRECTION('',(0.E0,0.E0,-1.E0));
#898=VECTOR('',#897,9.E0);
#899=CARTESIAN_POINT('',(5.5E0,1.75E0,3.35E0));
#900=LINE('',#899,#898);
#901=DIRECTION('',(-1.E0,0.E0,0.E0));
#902=VECTOR('',#901,1.433307290077E1);
#903=CARTESIAN_POINT('',(7.166536450385E0,4.5E0,-7.8E0));
#904=LINE('',#903,#902);
#905=DIRECTION('',(0.E0,0.E0,1.E0));
#906=VECTOR('',#905,1.2E0);
#907=CARTESIAN_POINT('',(8.E0,4.5E0,-9.E0));
#908=LINE('',#907,#906);
#909=DIRECTION('',(0.E0,1.E0,0.E0));
#910=VECTOR('',#909,7.632575659723E0);
#911=CARTESIAN_POINT('',(8.E0,-3.816287829862E0,-7.8E0));
#912=LINE('',#911,#910);
#913=DIRECTION('',(0.E0,0.E0,1.E0));
#914=VECTOR('',#913,1.2E0);
#915=CARTESIAN_POINT('',(8.E0,-4.5E0,-9.E0));
#916=LINE('',#915,#914);
#917=DIRECTION('',(1.E0,0.E0,0.E0));
#918=VECTOR('',#917,1.433307290077E1);
#919=CARTESIAN_POINT('',(-7.166536450385E0,-4.5E0,-7.8E0));
#920=LINE('',#919,#918);
#921=DIRECTION('',(0.E0,0.E0,1.E0));
#922=VECTOR('',#921,1.2E0);
#923=CARTESIAN_POINT('',(-8.E0,-4.5E0,-9.E0));
#924=LINE('',#923,#922);
#925=DIRECTION('',(0.E0,0.E0,-1.E0));
#926=VECTOR('',#925,1.115E1);
#927=CARTESIAN_POINT('',(-8.5E0,-2.35E0,3.35E0));
#928=LINE('',#927,#926);
#929=DIRECTION('',(0.E0,0.E0,-1.E0));
#930=VECTOR('',#929,1.115E1);
#931=CARTESIAN_POINT('',(-8.5E0,2.35E0,3.35E0));
#932=LINE('',#931,#930);
#933=CARTESIAN_POINT('',(-6.1E0,2.35E0,3.35E0));
#934=DIRECTION('',(0.E0,0.E0,1.E0));
#935=DIRECTION('',(0.E0,1.E0,0.E0));
#936=AXIS2_PLACEMENT_3D('',#933,#934,#935);
#938=DIRECTION('',(-1.E0,0.E0,0.E0));
#939=VECTOR('',#938,1.22E1);
#940=CARTESIAN_POINT('',(6.1E0,4.75E0,3.35E0));
#941=LINE('',#940,#939);
#942=CARTESIAN_POINT('',(6.1E0,2.35E0,3.35E0));
#943=DIRECTION('',(0.E0,0.E0,1.E0));
#944=DIRECTION('',(1.E0,0.E0,0.E0));
#945=AXIS2_PLACEMENT_3D('',#942,#943,#944);
#947=DIRECTION('',(0.E0,1.E0,0.E0));
#948=VECTOR('',#947,4.7E0);
#949=CARTESIAN_POINT('',(8.5E0,-2.35E0,3.35E0));
#950=LINE('',#949,#948);
#951=CARTESIAN_POINT('',(6.1E0,-2.35E0,3.35E0));
#952=DIRECTION('',(0.E0,0.E0,1.E0));
#953=DIRECTION('',(0.E0,-1.E0,0.E0));
#954=AXIS2_PLACEMENT_3D('',#951,#952,#953);
#956=DIRECTION('',(1.E0,0.E0,0.E0));
#957=VECTOR('',#956,1.22E1);
#958=CARTESIAN_POINT('',(-6.1E0,-4.75E0,3.35E0));
#959=LINE('',#958,#957);
#960=CARTESIAN_POINT('',(-6.1E0,-2.35E0,3.35E0));
#961=DIRECTION('',(0.E0,0.E0,1.E0));
#962=DIRECTION('',(-1.E0,0.E0,0.E0));
#963=AXIS2_PLACEMENT_3D('',#960,#961,#962);
#965=DIRECTION('',(0.E0,-1.E0,0.E0));
#966=VECTOR('',#965,4.7E0);
#967=CARTESIAN_POINT('',(-8.5E0,2.35E0,3.35E0));
#968=LINE('',#967,#966);
#969=DIRECTION('',(1.E0,0.E0,0.E0));
#970=VECTOR('',#969,1.51E1);
#971=CARTESIAN_POINT('',(-7.55E0,3.8E0,3.35E0));
#972=LINE('',#971,#970);
#973=DIRECTION('',(0.E0,1.E0,0.E0));
#974=VECTOR('',#973,7.6E0);
#975=CARTESIAN_POINT('',(-7.55E0,-3.8E0,3.35E0));
#976=LINE('',#975,#974);
#977=DIRECTION('',(-1.E0,0.E0,0.E0));
#978=VECTOR('',#977,1.51E1);
#979=CARTESIAN_POINT('',(7.55E0,-3.8E0,3.35E0));
#980=LINE('',#979,#978);
#981=DIRECTION('',(0.E0,-1.E0,0.E0));
#982=VECTOR('',#981,7.6E0);
#983=CARTESIAN_POINT('',(7.55E0,3.8E0,3.35E0));
#984=LINE('',#983,#982);
#985=DIRECTION('',(0.E0,0.E0,-1.E0));
#986=VECTOR('',#985,1.115E1);
#987=CARTESIAN_POINT('',(6.1E0,4.75E0,3.35E0));
#988=LINE('',#987,#986);
#989=DIRECTION('',(0.E0,0.E0,-1.E0));
#990=VECTOR('',#989,1.115E1);
#991=CARTESIAN_POINT('',(8.5E0,2.35E0,3.35E0));
#992=LINE('',#991,#990);
#993=DIRECTION('',(0.E0,0.E0,-1.E0));
#994=VECTOR('',#993,1.115E1);
#995=CARTESIAN_POINT('',(8.5E0,-2.35E0,3.35E0));
#996=LINE('',#995,#994);
#997=DIRECTION('',(0.E0,0.E0,-1.E0));
#998=VECTOR('',#997,1.115E1);
#999=CARTESIAN_POINT('',(6.1E0,-4.75E0,3.35E0));
#1000=LINE('',#999,#998);
#1001=DIRECTION('',(0.E0,0.E0,-1.E0));
#1002=VECTOR('',#1001,1.115E1);
#1003=CARTESIAN_POINT('',(-6.1E0,-4.75E0,3.35E0));
#1004=LINE('',#1003,#1002);
#1005=DIRECTION('',(0.E0,0.E0,-1.E0));
#1006=VECTOR('',#1005,1.115E1);
#1007=CARTESIAN_POINT('',(-7.55E0,3.8E0,3.35E0));
#1008=LINE('',#1007,#1006);
#1009=DIRECTION('',(0.E0,0.E0,-1.E0));
#1010=VECTOR('',#1009,1.115E1);
#1011=CARTESIAN_POINT('',(-7.55E0,-3.8E0,3.35E0));
#1012=LINE('',#1011,#1010);
#1013=DIRECTION('',(0.E0,0.E0,-1.E0));
#1014=VECTOR('',#1013,1.115E1);
#1015=CARTESIAN_POINT('',(7.55E0,-3.8E0,3.35E0));
#1016=LINE('',#1015,#1014);
#1017=DIRECTION('',(0.E0,0.E0,-1.E0));
#1018=VECTOR('',#1017,1.115E1);
#1019=CARTESIAN_POINT('',(7.55E0,3.8E0,3.35E0));
#1020=LINE('',#1019,#1018);
#1021=CARTESIAN_POINT('',(-7.9E0,1.2E1,0.E0));
#1022=CARTESIAN_POINT('',(-1.11E1,1.2E1,0.E0));
#1023=VERTEX_POINT('',#1021);
#1024=VERTEX_POINT('',#1022);
#1025=CARTESIAN_POINT('',(1.11E1,-1.2E1,0.E0));
#1026=CARTESIAN_POINT('',(7.9E0,-1.2E1,0.E0));
#1027=VERTEX_POINT('',#1025);
#1028=VERTEX_POINT('',#1026);
#1029=CARTESIAN_POINT('',(-9.5E0,1.55E1,0.E0));
#1030=CARTESIAN_POINT('',(-1.3E1,1.2E1,0.E0));
#1031=VERTEX_POINT('',#1029);
#1032=VERTEX_POINT('',#1030);
#1033=CARTESIAN_POINT('',(-1.3E1,-1.2E1,0.E0));
#1034=VERTEX_POINT('',#1033);
#1035=CARTESIAN_POINT('',(-9.5E0,-1.55E1,0.E0));
#1036=VERTEX_POINT('',#1035);
#1037=CARTESIAN_POINT('',(9.5E0,-1.55E1,0.E0));
#1038=VERTEX_POINT('',#1037);
#1039=CARTESIAN_POINT('',(1.3E1,-1.2E1,0.E0));
#1040=VERTEX_POINT('',#1039);
#1041=CARTESIAN_POINT('',(1.3E1,1.2E1,0.E0));
#1042=VERTEX_POINT('',#1041);
#1043=CARTESIAN_POINT('',(9.5E0,1.55E1,0.E0));
#1044=VERTEX_POINT('',#1043);
#1045=CARTESIAN_POINT('',(-9.5E0,1.55E1,2.E0));
#1046=CARTESIAN_POINT('',(-1.3E1,1.2E1,2.E0));
#1047=VERTEX_POINT('',#1045);
#1048=VERTEX_POINT('',#1046);
#1049=CARTESIAN_POINT('',(-1.3E1,-1.2E1,2.E0));
#1050=VERTEX_POINT('',#1049);
#1051=CARTESIAN_POINT('',(-9.5E0,-1.55E1,2.E0));
#1052=VERTEX_POINT('',#1051);
#1053=CARTESIAN_POINT('',(9.5E0,-1.55E1,2.E0));
#1054=VERTEX_POINT('',#1053);
#1055=CARTESIAN_POINT('',(1.3E1,-1.2E1,2.E0));
#1056=VERTEX_POINT('',#1055);
#1057=CARTESIAN_POINT('',(1.3E1,1.2E1,2.E0));
#1058=VERTEX_POINT('',#1057);
#1059=CARTESIAN_POINT('',(9.5E0,1.55E1,2.E0));
#1060=VERTEX_POINT('',#1059);
#1061=CARTESIAN_POINT('',(-6.5E0,1.2E1,2.E0));
#1062=CARTESIAN_POINT('',(-1.25E1,1.2E1,2.E0));
#1063=VERTEX_POINT('',#1061);
#1064=VERTEX_POINT('',#1062);
#1065=CARTESIAN_POINT('',(1.25E1,-1.2E1,2.E0));
#1066=CARTESIAN_POINT('',(6.5E0,-1.2E1,2.E0));
#1067=VERTEX_POINT('',#1065);
#1068=VERTEX_POINT('',#1066);
#1069=CARTESIAN_POINT('',(-7.9E0,1.2E1,4.000040395269E-1));
#1070=CARTESIAN_POINT('',(-1.11E1,1.2E1,4.000040395269E-1));
#1071=VERTEX_POINT('',#1069);
#1072=VERTEX_POINT('',#1070);
#1073=CARTESIAN_POINT('',(-6.5E0,1.2E1,1.800008090246E0));
#1074=CARTESIAN_POINT('',(-1.25E1,1.2E1,1.800008090246E0));
#1075=VERTEX_POINT('',#1073);
#1076=VERTEX_POINT('',#1074);
#1077=CARTESIAN_POINT('',(1.11E1,-1.2E1,4.000040395269E-1));
#1078=CARTESIAN_POINT('',(7.9E0,-1.2E1,4.000040395269E-1));
#1079=VERTEX_POINT('',#1077);
#1080=VERTEX_POINT('',#1078);
#1081=CARTESIAN_POINT('',(1.25E1,-1.2E1,1.800008090246E0));
#1082=CARTESIAN_POINT('',(6.5E0,-1.2E1,1.800008090246E0));
#1083=VERTEX_POINT('',#1081);
#1084=VERTEX_POINT('',#1082);
#1085=CARTESIAN_POINT('',(0.E0,1.18E1,5.E0));
#1086=CARTESIAN_POINT('',(0.E0,-1.18E1,5.E0));
#1087=VERTEX_POINT('',#1085);
#1088=VERTEX_POINT('',#1086);
#1089=CARTESIAN_POINT('',(0.E0,1.18E1,-2.55E1));
#1090=CARTESIAN_POINT('',(0.E0,-1.18E1,-2.55E1));
#1091=VERTEX_POINT('',#1089);
#1092=VERTEX_POINT('',#1090);
#1093=CARTESIAN_POINT('',(0.E0,1.18E1,0.E0));
#1094=CARTESIAN_POINT('',(0.E0,-1.18E1,0.E0));
#1095=VERTEX_POINT('',#1093);
#1096=VERTEX_POINT('',#1094);
#1097=CARTESIAN_POINT('',(0.E0,-1.18E1,2.E0));
#1098=CARTESIAN_POINT('',(0.E0,1.18E1,2.E0));
#1099=VERTEX_POINT('',#1097);
#1100=VERTEX_POINT('',#1098);
#1101=CARTESIAN_POINT('',(6.1E0,5.65E0,-3.555E1));
#1102=CARTESIAN_POINT('',(6.1E0,-5.65E0,-3.555E1));
#1103=VERTEX_POINT('',#1101);
#1104=VERTEX_POINT('',#1102);
#1105=CARTESIAN_POINT('',(-6.1E0,-5.65E0,-3.555E1));
#1106=VERTEX_POINT('',#1105);
#1107=CARTESIAN_POINT('',(-6.1E0,5.65E0,-3.555E1));
#1108=VERTEX_POINT('',#1107);
#1109=CARTESIAN_POINT('',(6.1E0,-5.65E0,-2.55E1));
#1110=CARTESIAN_POINT('',(-6.1E0,-5.65E0,-2.55E1));
#1111=VERTEX_POINT('',#1109);
#1112=VERTEX_POINT('',#1110);
#1113=CARTESIAN_POINT('',(-6.1E0,5.65E0,-2.55E1));
#1114=CARTESIAN_POINT('',(6.1E0,5.65E0,-2.55E1));
#1115=VERTEX_POINT('',#1113);
#1116=VERTEX_POINT('',#1114);
#1117=CARTESIAN_POINT('',(-8.E0,4.5E0,-9.E0));
#1118=CARTESIAN_POINT('',(-8.E0,-4.5E0,-9.E0));
#1119=VERTEX_POINT('',#1117);
#1120=VERTEX_POINT('',#1118);
#1121=CARTESIAN_POINT('',(8.E0,-4.5E0,-9.E0));
#1122=VERTEX_POINT('',#1121);
#1123=CARTESIAN_POINT('',(8.E0,4.5E0,-9.E0));
#1124=VERTEX_POINT('',#1123);
#1125=CARTESIAN_POINT('',(-8.E0,4.5E0,-7.8E0));
#1126=VERTEX_POINT('',#1125);
#1127=CARTESIAN_POINT('',(-8.E0,-4.5E0,-7.8E0));
#1128=VERTEX_POINT('',#1127);
#1129=CARTESIAN_POINT('',(8.E0,-4.5E0,-7.8E0));
#1130=VERTEX_POINT('',#1129);
#1131=CARTESIAN_POINT('',(8.E0,4.5E0,-7.8E0));
#1132=VERTEX_POINT('',#1131);
#1133=CARTESIAN_POINT('',(-7.4E0,3.65E0,3.35E0));
#1134=CARTESIAN_POINT('',(-7.4E0,-3.65E0,3.35E0));
#1135=VERTEX_POINT('',#1133);
#1136=VERTEX_POINT('',#1134);
#1137=CARTESIAN_POINT('',(7.4E0,-3.65E0,3.35E0));
#1138=VERTEX_POINT('',#1137);
#1139=CARTESIAN_POINT('',(7.4E0,3.65E0,3.35E0));
#1140=VERTEX_POINT('',#1139);
#1141=CARTESIAN_POINT('',(-7.4E0,3.65E0,-7.8E0));
#1142=CARTESIAN_POINT('',(-7.4E0,-3.65E0,-7.8E0));
#1143=VERTEX_POINT('',#1141);
#1144=VERTEX_POINT('',#1142);
#1145=CARTESIAN_POINT('',(7.4E0,-3.65E0,-7.8E0));
#1146=VERTEX_POINT('',#1145);
#1147=CARTESIAN_POINT('',(7.4E0,3.65E0,-7.8E0));
#1148=VERTEX_POINT('',#1147);
#1149=CARTESIAN_POINT('',(4.E0,-3.5E0,-2.655E1));
#1150=CARTESIAN_POINT('',(-4.E0,-3.5E0,-2.655E1));
#1151=VERTEX_POINT('',#1149);
#1152=VERTEX_POINT('',#1150);
#1153=CARTESIAN_POINT('',(-4.E0,2.2E0,-2.655E1));
#1154=VERTEX_POINT('',#1153);
#1155=CARTESIAN_POINT('',(-2.E0,4.2E0,-2.655E1));
#1156=VERTEX_POINT('',#1155);
#1157=CARTESIAN_POINT('',(2.E0,4.2E0,-2.655E1));
#1158=VERTEX_POINT('',#1157);
#1159=CARTESIAN_POINT('',(4.E0,2.2E0,-2.655E1));
#1160=VERTEX_POINT('',#1159);
#1161=CARTESIAN_POINT('',(2.75E0,1.9E0,-2.655E1));
#1162=CARTESIAN_POINT('',(-2.75E0,1.9E0,-2.655E1));
#1163=VERTEX_POINT('',#1161);
#1164=VERTEX_POINT('',#1162);
#1165=CARTESIAN_POINT('',(-2.75E0,-1.2E0,-2.655E1));
#1166=VERTEX_POINT('',#1165);
#1167=CARTESIAN_POINT('',(2.75E0,-1.2E0,-2.655E1));
#1168=VERTEX_POINT('',#1167);
#1169=CARTESIAN_POINT('',(4.E0,-3.5E0,-3.555E1));
#1170=CARTESIAN_POINT('',(-4.E0,-3.5E0,-3.555E1));
#1171=VERTEX_POINT('',#1169);
#1172=VERTEX_POINT('',#1170);
#1173=CARTESIAN_POINT('',(-4.E0,2.2E0,-3.555E1));
#1174=VERTEX_POINT('',#1173);
#1175=CARTESIAN_POINT('',(-2.E0,4.2E0,-3.555E1));
#1176=VERTEX_POINT('',#1175);
#1177=CARTESIAN_POINT('',(2.E0,4.2E0,-3.555E1));
#1178=VERTEX_POINT('',#1177);
#1179=CARTESIAN_POINT('',(4.E0,2.2E0,-3.555E1));
#1180=VERTEX_POINT('',#1179);
#1181=CARTESIAN_POINT('',(2.75E0,1.9E0,-3.555E1));
#1182=CARTESIAN_POINT('',(-2.75E0,1.9E0,-3.555E1));
#1183=VERTEX_POINT('',#1181);
#1184=VERTEX_POINT('',#1182);
#1185=CARTESIAN_POINT('',(-2.75E0,-1.2E0,-3.555E1));
#1186=VERTEX_POINT('',#1185);
#1187=CARTESIAN_POINT('',(2.75E0,-1.2E0,-3.555E1));
#1188=VERTEX_POINT('',#1187);
#1189=CARTESIAN_POINT('',(-6.35E0,2.65E0,-5.65E0));
#1190=CARTESIAN_POINT('',(-6.35E0,-2.65E0,-5.65E0));
#1191=VERTEX_POINT('',#1189);
#1192=VERTEX_POINT('',#1190);
#1193=CARTESIAN_POINT('',(6.35E0,-2.65E0,-5.65E0));
#1194=VERTEX_POINT('',#1193);
#1195=CARTESIAN_POINT('',(6.35E0,2.65E0,-5.65E0));
#1196=VERTEX_POINT('',#1195);
#1197=CARTESIAN_POINT('',(-5.5E0,1.75E0,-5.65E0));
#1198=CARTESIAN_POINT('',(5.5E0,1.75E0,-5.65E0));
#1199=VERTEX_POINT('',#1197);
#1200=VERTEX_POINT('',#1198);
#1201=CARTESIAN_POINT('',(5.5E0,2.5E-1,-5.65E0));
#1202=VERTEX_POINT('',#1201);
#1203=CARTESIAN_POINT('',(-5.5E0,2.5E-1,-5.65E0));
#1204=VERTEX_POINT('',#1203);
#1205=CARTESIAN_POINT('',(-6.35E0,2.65E0,3.35E0));
#1206=CARTESIAN_POINT('',(-6.35E0,-2.65E0,3.35E0));
#1207=VERTEX_POINT('',#1205);
#1208=VERTEX_POINT('',#1206);
#1209=CARTESIAN_POINT('',(6.35E0,-2.65E0,3.35E0));
#1210=VERTEX_POINT('',#1209);
#1211=CARTESIAN_POINT('',(6.35E0,2.65E0,3.35E0));
#1212=VERTEX_POINT('',#1211);
#1213=CARTESIAN_POINT('',(-5.5E0,1.75E0,3.35E0));
#1214=CARTESIAN_POINT('',(5.5E0,1.75E0,3.35E0));
#1215=VERTEX_POINT('',#1213);
#1216=VERTEX_POINT('',#1214);
#1217=CARTESIAN_POINT('',(5.5E0,2.5E-1,3.35E0));
#1218=VERTEX_POINT('',#1217);
#1219=CARTESIAN_POINT('',(-5.5E0,2.5E-1,3.35E0));
#1220=VERTEX_POINT('',#1219);
#1221=CARTESIAN_POINT('',(1.55E0,1.089024793106E1,-9.E0));
#1222=CARTESIAN_POINT('',(-1.55E0,1.089024793106E1,-9.E0));
#1223=VERTEX_POINT('',#1221);
#1224=VERTEX_POINT('',#1222);
#1225=CARTESIAN_POINT('',(1.55E0,1.089024793106E1,5.E0));
#1226=CARTESIAN_POINT('',(-1.55E0,1.089024793106E1,5.E0));
#1227=VERTEX_POINT('',#1225);
#1228=VERTEX_POINT('',#1226);
#1229=CARTESIAN_POINT('',(-1.55E0,1.013212712119E1,5.E0));
#1230=VERTEX_POINT('',#1229);
#1231=CARTESIAN_POINT('',(1.55E0,1.013212712119E1,5.E0));
#1232=VERTEX_POINT('',#1231);
#1233=CARTESIAN_POINT('',(1.55E0,1.013212712119E1,-9.E0));
#1234=VERTEX_POINT('',#1233);
#1235=CARTESIAN_POINT('',(-1.55E0,1.013212712119E1,-9.E0));
#1236=VERTEX_POINT('',#1235);
#1237=CARTESIAN_POINT('',(-9.1E0,-1.5E0,-3.525E1));
#1238=CARTESIAN_POINT('',(-9.1E0,1.5E0,-3.525E1));
#1239=VERTEX_POINT('',#1237);
#1240=VERTEX_POINT('',#1238);
#1241=CARTESIAN_POINT('',(-6.1E0,-1.5E0,-2.55E1));
#1242=CARTESIAN_POINT('',(-9.1E0,-1.5E0,-2.55E1));
#1243=VERTEX_POINT('',#1241);
#1244=VERTEX_POINT('',#1242);
#1245=CARTESIAN_POINT('',(-9.1E0,1.5E0,-2.55E1));
#1246=VERTEX_POINT('',#1245);
#1247=CARTESIAN_POINT('',(-6.1E0,1.5E0,-2.55E1));
#1248=VERTEX_POINT('',#1247);
#1249=CARTESIAN_POINT('',(-6.1E0,-1.5E0,-3.525E1));
#1250=CARTESIAN_POINT('',(-6.1E0,1.5E0,-3.525E1));
#1251=VERTEX_POINT('',#1249);
#1252=VERTEX_POINT('',#1250);
#1253=CARTESIAN_POINT('',(9.1E0,1.5E0,-3.525E1));
#1254=CARTESIAN_POINT('',(9.1E0,-1.5E0,-3.525E1));
#1255=VERTEX_POINT('',#1253);
#1256=VERTEX_POINT('',#1254);
#1257=CARTESIAN_POINT('',(6.1E0,1.5E0,-2.55E1));
#1258=CARTESIAN_POINT('',(9.1E0,1.5E0,-2.55E1));
#1259=VERTEX_POINT('',#1257);
#1260=VERTEX_POINT('',#1258);
#1261=CARTESIAN_POINT('',(9.1E0,-1.5E0,-2.55E1));
#1262=VERTEX_POINT('',#1261);
#1263=CARTESIAN_POINT('',(6.1E0,-1.5E0,-2.55E1));
#1264=VERTEX_POINT('',#1263);
#1265=CARTESIAN_POINT('',(6.1E0,-1.5E0,-3.525E1));
#1266=CARTESIAN_POINT('',(6.1E0,1.5E0,-3.525E1));
#1267=VERTEX_POINT('',#1265);
#1268=VERTEX_POINT('',#1266);
#1269=CARTESIAN_POINT('',(-6.1E0,4.75E0,3.35E0));
#1270=CARTESIAN_POINT('',(-8.5E0,2.35E0,3.35E0));
#1271=VERTEX_POINT('',#1269);
#1272=VERTEX_POINT('',#1270);
#1273=CARTESIAN_POINT('',(-8.5E0,-2.35E0,3.35E0));
#1274=VERTEX_POINT('',#1273);
#1275=CARTESIAN_POINT('',(-6.1E0,-4.75E0,3.35E0));
#1276=VERTEX_POINT('',#1275);
#1277=CARTESIAN_POINT('',(6.1E0,-4.75E0,3.35E0));
#1278=VERTEX_POINT('',#1277);
#1279=CARTESIAN_POINT('',(8.5E0,-2.35E0,3.35E0));
#1280=VERTEX_POINT('',#1279);
#1281=CARTESIAN_POINT('',(8.5E0,2.35E0,3.35E0));
#1282=VERTEX_POINT('',#1281);
#1283=CARTESIAN_POINT('',(6.1E0,4.75E0,3.35E0));
#1284=VERTEX_POINT('',#1283);
#1285=CARTESIAN_POINT('',(-7.55E0,3.8E0,3.35E0));
#1286=CARTESIAN_POINT('',(7.55E0,3.8E0,3.35E0));
#1287=VERTEX_POINT('',#1285);
#1288=VERTEX_POINT('',#1286);
#1289=CARTESIAN_POINT('',(7.55E0,-3.8E0,3.35E0));
#1290=VERTEX_POINT('',#1289);
#1291=CARTESIAN_POINT('',(-7.55E0,-3.8E0,3.35E0));
#1292=VERTEX_POINT('',#1291);
#1293=CARTESIAN_POINT('',(-8.5E0,2.35E0,-7.8E0));
#1294=CARTESIAN_POINT('',(-8.5E0,-2.35E0,-7.8E0));
#1295=VERTEX_POINT('',#1293);
#1296=VERTEX_POINT('',#1294);
#1297=CARTESIAN_POINT('',(-6.1E0,-4.75E0,-7.8E0));
#1298=CARTESIAN_POINT('',(6.1E0,-4.75E0,-7.8E0));
#1299=VERTEX_POINT('',#1297);
#1300=VERTEX_POINT('',#1298);
#1301=CARTESIAN_POINT('',(8.5E0,-2.35E0,-7.8E0));
#1302=CARTESIAN_POINT('',(8.5E0,2.35E0,-7.8E0));
#1303=VERTEX_POINT('',#1301);
#1304=VERTEX_POINT('',#1302);
#1305=CARTESIAN_POINT('',(6.1E0,4.75E0,-7.8E0));
#1306=CARTESIAN_POINT('',(-6.1E0,4.75E0,-7.8E0));
#1307=VERTEX_POINT('',#1305);
#1308=VERTEX_POINT('',#1306);
#1309=CARTESIAN_POINT('',(-7.166536450385E0,4.5E0,-7.8E0));
#1310=CARTESIAN_POINT('',(-8.E0,3.816287829862E0,-7.8E0));
#1311=VERTEX_POINT('',#1309);
#1312=VERTEX_POINT('',#1310);
#1313=CARTESIAN_POINT('',(-8.E0,-3.816287829862E0,-7.8E0));
#1314=CARTESIAN_POINT('',(-7.166536450385E0,-4.5E0,-7.8E0));
#1315=VERTEX_POINT('',#1313);
#1316=VERTEX_POINT('',#1314);
#1317=CARTESIAN_POINT('',(7.166536450385E0,-4.5E0,-7.8E0));
#1318=CARTESIAN_POINT('',(8.E0,-3.816287829862E0,-7.8E0));
#1319=VERTEX_POINT('',#1317);
#1320=VERTEX_POINT('',#1318);
#1321=CARTESIAN_POINT('',(8.E0,3.816287829862E0,-7.8E0));
#1322=CARTESIAN_POINT('',(7.166536450385E0,4.5E0,-7.8E0));
#1323=VERTEX_POINT('',#1321);
#1324=VERTEX_POINT('',#1322);
#1325=CARTESIAN_POINT('',(-7.55E0,3.8E0,-7.8E0));
#1326=CARTESIAN_POINT('',(7.55E0,3.8E0,-7.8E0));
#1327=VERTEX_POINT('',#1325);
#1328=VERTEX_POINT('',#1326);
#1329=CARTESIAN_POINT('',(7.55E0,-3.8E0,-7.8E0));
#1330=VERTEX_POINT('',#1329);
#1331=CARTESIAN_POINT('',(-7.55E0,-3.8E0,-7.8E0));
#1332=VERTEX_POINT('',#1331);
#1333=CARTESIAN_POINT('',(0.E0,0.E0,0.E0));
#1334=DIRECTION('',(0.E0,0.E0,1.E0));
#1335=DIRECTION('',(1.E0,0.E0,0.E0));
#1336=AXIS2_PLACEMENT_3D('',#1333,#1334,#1335);
#1337=PLANE('',#1336);
#1339=ORIENTED_EDGE('',*,*,#1338,.T.);
#1341=ORIENTED_EDGE('',*,*,#1340,.T.);
#1343=ORIENTED_EDGE('',*,*,#1342,.T.);
#1345=ORIENTED_EDGE('',*,*,#1344,.T.);
#1347=ORIENTED_EDGE('',*,*,#1346,.T.);
#1349=ORIENTED_EDGE('',*,*,#1348,.T.);
#1351=ORIENTED_EDGE('',*,*,#1350,.T.);
#1353=ORIENTED_EDGE('',*,*,#1352,.T.);
#1354=EDGE_LOOP('',(#1339,#1341,#1343,#1345,#1347,#1349,#1351,#1353));
#1355=FACE_OUTER_BOUND('',#1354,.F.);
#1357=ORIENTED_EDGE('',*,*,#1356,.T.);
#1359=ORIENTED_EDGE('',*,*,#1358,.T.);
#1360=EDGE_LOOP('',(#1357,#1359));
#1361=FACE_BOUND('',#1360,.F.);
#1363=ORIENTED_EDGE('',*,*,#1362,.T.);
#1365=ORIENTED_EDGE('',*,*,#1364,.T.);
#1366=EDGE_LOOP('',(#1363,#1365));
#1367=FACE_BOUND('',#1366,.F.);
#1369=ORIENTED_EDGE('',*,*,#1368,.T.);
#1371=ORIENTED_EDGE('',*,*,#1370,.T.);
#1372=EDGE_LOOP('',(#1369,#1371));
#1373=FACE_BOUND('',#1372,.F.);
#1374=ADVANCED_FACE('',(#1355,#1361,#1367,#1373),#1337,.F.);
#1375=CARTESIAN_POINT('',(-9.5E0,1.2E1,0.E0));
#1376=DIRECTION('',(0.E0,0.E0,1.E0));
#1377=DIRECTION('',(1.E0,0.E0,0.E0));
#1378=AXIS2_PLACEMENT_3D('',#1375,#1376,#1377);
#1379=CYLINDRICAL_SURFACE('',#1378,1.6E0);
#1381=ORIENTED_EDGE('',*,*,#1380,.F.);
#1383=ORIENTED_EDGE('',*,*,#1382,.F.);
#1384=ORIENTED_EDGE('',*,*,#1362,.F.);
#1386=ORIENTED_EDGE('',*,*,#1385,.T.);
#1387=EDGE_LOOP('',(#1381,#1383,#1384,#1386));
#1388=FACE_OUTER_BOUND('',#1387,.F.);
#1389=ADVANCED_FACE('',(#1388),#1379,.F.);
#1390=CARTESIAN_POINT('',(-9.5E0,1.2E1,1.100004318894E0));
#1391=DIRECTION('',(0.E0,0.E0,1.E0));
#1392=DIRECTION('',(0.E0,-1.E0,0.E0));
#1393=AXIS2_PLACEMENT_3D('',#1390,#1391,#1392);
#1394=CONICAL_SURFACE('',#1393,2.299998116377E0,4.499992274395E1);
#1395=ORIENTED_EDGE('',*,*,#1380,.T.);
#1397=ORIENTED_EDGE('',*,*,#1396,.T.);
#1399=ORIENTED_EDGE('',*,*,#1398,.F.);
#1401=ORIENTED_EDGE('',*,*,#1400,.F.);
#1402=EDGE_LOOP('',(#1395,#1397,#1399,#1401));
#1403=FACE_OUTER_BOUND('',#1402,.F.);
#1404=ADVANCED_FACE('',(#1403),#1394,.F.);
#1405=CARTESIAN_POINT('',(-9.5E0,1.2E1,1.100004318894E0));
#1406=DIRECTION('',(0.E0,0.E0,1.E0));
#1407=DIRECTION('',(0.E0,-1.E0,0.E0));
#1408=AXIS2_PLACEMENT_3D('',#1405,#1406,#1407);
#1409=CONICAL_SURFACE('',#1408,2.299998116377E0,4.499992274395E1);
#1411=ORIENTED_EDGE('',*,*,#1410,.T.);
#1412=ORIENTED_EDGE('',*,*,#1400,.T.);
#1414=ORIENTED_EDGE('',*,*,#1413,.F.);
#1415=ORIENTED_EDGE('',*,*,#1396,.F.);
#1416=EDGE_LOOP('',(#1411,#1412,#1414,#1415));
#1417=FACE_OUTER_BOUND('',#1416,.F.);
#1418=ADVANCED_FACE('',(#1417),#1409,.F.);
#1419=CARTESIAN_POINT('',(-9.5E0,1.2E1,0.E0));
#1420=DIRECTION('',(0.E0,0.E0,1.E0));
#1421=DIRECTION('',(1.E0,0.E0,0.E0));
#1422=AXIS2_PLACEMENT_3D('',#1419,#1420,#1421);
#1423=CYLINDRICAL_SURFACE('',#1422,1.6E0);
#1424=ORIENTED_EDGE('',*,*,#1410,.F.);
#1425=ORIENTED_EDGE('',*,*,#1385,.F.);
#1426=ORIENTED_EDGE('',*,*,#1364,.F.);
#1427=ORIENTED_EDGE('',*,*,#1382,.T.);
#1428=EDGE_LOOP('',(#1424,#1425,#1426,#1427));
#1429=FACE_OUTER_BOUND('',#1428,.F.);
#1430=ADVANCED_FACE('',(#1429),#1423,.F.);
#1431=CARTESIAN_POINT('',(-9.5E0,1.2E1,2.E0));
#1432=DIRECTION('',(0.E0,0.E0,1.E0));
#1433=DIRECTION('',(1.E0,0.E0,0.E0));
#1434=AXIS2_PLACEMENT_3D('',#1431,#1432,#1433);
#1435=CYLINDRICAL_SURFACE('',#1434,3.E0);
#1436=ORIENTED_EDGE('',*,*,#1413,.T.);
#1438=ORIENTED_EDGE('',*,*,#1437,.F.);
#1440=ORIENTED_EDGE('',*,*,#1439,.F.);
#1442=ORIENTED_EDGE('',*,*,#1441,.T.);
#1443=EDGE_LOOP('',(#1436,#1438,#1440,#1442));
#1444=FACE_OUTER_BOUND('',#1443,.F.);
#1445=ADVANCED_FACE('',(#1444),#1435,.F.);
#1446=CARTESIAN_POINT('',(-9.5E0,1.2E1,2.E0));
#1447=DIRECTION('',(0.E0,0.E0,1.E0));
#1448=DIRECTION('',(1.E0,0.E0,0.E0));
#1449=AXIS2_PLACEMENT_3D('',#1446,#1447,#1448);
#1450=CYLINDRICAL_SURFACE('',#1449,3.E0);
#1451=ORIENTED_EDGE('',*,*,#1398,.T.);
#1452=ORIENTED_EDGE('',*,*,#1441,.F.);
#1454=ORIENTED_EDGE('',*,*,#1453,.F.);
#1455=ORIENTED_EDGE('',*,*,#1437,.T.);
#1456=EDGE_LOOP('',(#1451,#1452,#1454,#1455));
#1457=FACE_OUTER_BOUND('',#1456,.F.);
#1458=ADVANCED_FACE('',(#1457),#1450,.F.);
#1459=CARTESIAN_POINT('',(0.E0,0.E0,2.E0));
#1460=DIRECTION('',(0.E0,0.E0,1.E0));
#1461=DIRECTION('',(1.E0,0.E0,0.E0));
#1462=AXIS2_PLACEMENT_3D('',#1459,#1460,#1461);
#1463=PLANE('',#1462);
#1465=ORIENTED_EDGE('',*,*,#1464,.F.);
#1467=ORIENTED_EDGE('',*,*,#1466,.F.);
#1469=ORIENTED_EDGE('',*,*,#1468,.F.);
#1471=ORIENTED_EDGE('',*,*,#1470,.F.);
#1473=ORIENTED_EDGE('',*,*,#1472,.F.);
#1475=ORIENTED_EDGE('',*,*,#1474,.F.);
#1477=ORIENTED_EDGE('',*,*,#1476,.F.);
#1479=ORIENTED_EDGE('',*,*,#1478,.F.);
#1480=EDGE_LOOP('',(#1465,#1467,#1469,#1471,#1473,#1475,#1477,#1479));
#1481=FACE_OUTER_BOUND('',#1480,.F.);
#1482=ORIENTED_EDGE('',*,*,#1439,.T.);
#1483=ORIENTED_EDGE('',*,*,#1453,.T.);
#1484=EDGE_LOOP('',(#1482,#1483));
#1485=FACE_BOUND('',#1484,.F.);
#1487=ORIENTED_EDGE('',*,*,#1486,.T.);
#1489=ORIENTED_EDGE('',*,*,#1488,.T.);
#1490=EDGE_LOOP('',(#1487,#1489));
#1491=FACE_BOUND('',#1490,.F.);
#1493=ORIENTED_EDGE('',*,*,#1492,.T.);
#1495=ORIENTED_EDGE('',*,*,#1494,.T.);
#1496=EDGE_LOOP('',(#1493,#1495));
#1497=FACE_BOUND('',#1496,.F.);
#1498=ADVANCED_FACE('',(#1481,#1485,#1491,#1497),#1463,.T.);
#1499=CARTESIAN_POINT('',(-9.5E0,1.2E1,0.E0));
#1500=DIRECTION('',(0.E0,0.E0,1.E0));
#1501=DIRECTION('',(1.E0,0.E0,0.E0));
#1502=AXIS2_PLACEMENT_3D('',#1499,#1500,#1501);
#1503=CYLINDRICAL_SURFACE('',#1502,3.5E0);
#1504=ORIENTED_EDGE('',*,*,#1338,.F.);
#1506=ORIENTED_EDGE('',*,*,#1505,.T.);
#1507=ORIENTED_EDGE('',*,*,#1464,.T.);
#1509=ORIENTED_EDGE('',*,*,#1508,.F.);
#1510=EDGE_LOOP('',(#1504,#1506,#1507,#1509));
#1511=FACE_OUTER_BOUND('',#1510,.F.);
#1512=ADVANCED_FACE('',(#1511),#1503,.T.);
#1513=CARTESIAN_POINT('',(9.5E0,1.55E1,0.E0));
#1514=DIRECTION('',(0.E0,1.E0,0.E0));
#1515=DIRECTION('',(-1.E0,0.E0,0.E0));
#1516=AXIS2_PLACEMENT_3D('',#1513,#1514,#1515);
#1517=PLANE('',#1516);
#1518=ORIENTED_EDGE('',*,*,#1352,.F.);
#1520=ORIENTED_EDGE('',*,*,#1519,.T.);
#1521=ORIENTED_EDGE('',*,*,#1466,.T.);
#1522=ORIENTED_EDGE('',*,*,#1505,.F.);
#1523=EDGE_LOOP('',(#1518,#1520,#1521,#1522));
#1524=FACE_OUTER_BOUND('',#1523,.F.);
#1525=ADVANCED_FACE('',(#1524),#1517,.T.);
#1526=CARTESIAN_POINT('',(9.5E0,1.2E1,0.E0));
#1527=DIRECTION('',(0.E0,0.E0,1.E0));
#1528=DIRECTION('',(1.E0,0.E0,0.E0));
#1529=AXIS2_PLACEMENT_3D('',#1526,#1527,#1528);
#1530=CYLINDRICAL_SURFACE('',#1529,3.5E0);
#1531=ORIENTED_EDGE('',*,*,#1350,.F.);
#1533=ORIENTED_EDGE('',*,*,#1532,.T.);
#1534=ORIENTED_EDGE('',*,*,#1468,.T.);
#1535=ORIENTED_EDGE('',*,*,#1519,.F.);
#1536=EDGE_LOOP('',(#1531,#1533,#1534,#1535));
#1537=FACE_OUTER_BOUND('',#1536,.F.);
#1538=ADVANCED_FACE('',(#1537),#1530,.T.);
#1539=CARTESIAN_POINT('',(1.3E1,-1.2E1,0.E0));
#1540=DIRECTION('',(1.E0,0.E0,0.E0));
#1541=DIRECTION('',(0.E0,1.E0,0.E0));
#1542=AXIS2_PLACEMENT_3D('',#1539,#1540,#1541);
#1543=PLANE('',#1542);
#1544=ORIENTED_EDGE('',*,*,#1348,.F.);
#1546=ORIENTED_EDGE('',*,*,#1545,.T.);
#1547=ORIENTED_EDGE('',*,*,#1470,.T.);
#1548=ORIENTED_EDGE('',*,*,#1532,.F.);
#1549=EDGE_LOOP('',(#1544,#1546,#1547,#1548));
#1550=FACE_OUTER_BOUND('',#1549,.F.);
#1551=ADVANCED_FACE('',(#1550),#1543,.T.);
#1552=CARTESIAN_POINT('',(9.5E0,-1.2E1,0.E0));
#1553=DIRECTION('',(0.E0,0.E0,1.E0));
#1554=DIRECTION('',(1.E0,0.E0,0.E0));
#1555=AXIS2_PLACEMENT_3D('',#1552,#1553,#1554);
#1556=CYLINDRICAL_SURFACE('',#1555,3.5E0);
#1557=ORIENTED_EDGE('',*,*,#1346,.F.);
#1559=ORIENTED_EDGE('',*,*,#1558,.T.);
#1560=ORIENTED_EDGE('',*,*,#1472,.T.);
#1561=ORIENTED_EDGE('',*,*,#1545,.F.);
#1562=EDGE_LOOP('',(#1557,#1559,#1560,#1561));
#1563=FACE_OUTER_BOUND('',#1562,.F.);
#1564=ADVANCED_FACE('',(#1563),#1556,.T.);
#1565=CARTESIAN_POINT('',(-9.5E0,-1.55E1,0.E0));
#1566=DIRECTION('',(0.E0,-1.E0,0.E0));
#1567=DIRECTION('',(1.E0,0.E0,0.E0));
#1568=AXIS2_PLACEMENT_3D('',#1565,#1566,#1567);
#1569=PLANE('',#1568);
#1570=ORIENTED_EDGE('',*,*,#1344,.F.);
#1572=ORIENTED_EDGE('',*,*,#1571,.T.);
#1573=ORIENTED_EDGE('',*,*,#1474,.T.);
#1574=ORIENTED_EDGE('',*,*,#1558,.F.);
#1575=EDGE_LOOP('',(#1570,#1572,#1573,#1574));
#1576=FACE_OUTER_BOUND('',#1575,.F.);
#1577=ADVANCED_FACE('',(#1576),#1569,.T.);
#1578=CARTESIAN_POINT('',(-9.5E0,-1.2E1,0.E0));
#1579=DIRECTION('',(0.E0,0.E0,1.E0));
#1580=DIRECTION('',(1.E0,0.E0,0.E0));
#1581=AXIS2_PLACEMENT_3D('',#1578,#1579,#1580);
#1582=CYLINDRICAL_SURFACE('',#1581,3.5E0);
#1583=ORIENTED_EDGE('',*,*,#1342,.F.);
#1585=ORIENTED_EDGE('',*,*,#1584,.T.);
#1586=ORIENTED_EDGE('',*,*,#1476,.T.);
#1587=ORIENTED_EDGE('',*,*,#1571,.F.);
#1588=EDGE_LOOP('',(#1583,#1585,#1586,#1587));
#1589=FACE_OUTER_BOUND('',#1588,.F.);
#1590=ADVANCED_FACE('',(#1589),#1582,.T.);
#1591=CARTESIAN_POINT('',(-1.3E1,1.2E1,0.E0));
#1592=DIRECTION('',(-1.E0,0.E0,0.E0));
#1593=DIRECTION('',(0.E0,-1.E0,0.E0));
#1594=AXIS2_PLACEMENT_3D('',#1591,#1592,#1593);
#1595=PLANE('',#1594);
#1596=ORIENTED_EDGE('',*,*,#1340,.F.);
#1597=ORIENTED_EDGE('',*,*,#1508,.T.);
#1598=ORIENTED_EDGE('',*,*,#1478,.T.);
#1599=ORIENTED_EDGE('',*,*,#1584,.F.);
#1600=EDGE_LOOP('',(#1596,#1597,#1598,#1599));
#1601=FACE_OUTER_BOUND('',#1600,.F.);
#1602=ADVANCED_FACE('',(#1601),#1595,.T.);
#1603=CARTESIAN_POINT('',(9.5E0,-1.2E1,2.E0));
#1604=DIRECTION('',(0.E0,0.E0,1.E0));
#1605=DIRECTION('',(1.E0,0.E0,0.E0));
#1606=AXIS2_PLACEMENT_3D('',#1603,#1604,#1605);
#1607=CYLINDRICAL_SURFACE('',#1606,3.E0);
#1609=ORIENTED_EDGE('',*,*,#1608,.T.);
#1611=ORIENTED_EDGE('',*,*,#1610,.F.);
#1612=ORIENTED_EDGE('',*,*,#1486,.F.);
#1614=ORIENTED_EDGE('',*,*,#1613,.T.);
#1615=EDGE_LOOP('',(#1609,#1611,#1612,#1614));
#1616=FACE_OUTER_BOUND('',#1615,.F.);
#1617=ADVANCED_FACE('',(#1616),#1607,.F.);
#1618=CARTESIAN_POINT('',(9.5E0,-1.2E1,1.100004318894E0));
#1619=DIRECTION('',(0.E0,0.E0,1.E0));
#1620=DIRECTION('',(0.E0,-1.E0,0.E0));
#1621=AXIS2_PLACEMENT_3D('',#1618,#1619,#1620);
#1622=CONICAL_SURFACE('',#1621,2.299998116377E0,4.499992274395E1);
#1624=ORIENTED_EDGE('',*,*,#1623,.T.);
#1626=ORIENTED_EDGE('',*,*,#1625,.T.);
#1627=ORIENTED_EDGE('',*,*,#1608,.F.);
#1629=ORIENTED_EDGE('',*,*,#1628,.F.);
#1630=EDGE_LOOP('',(#1624,#1626,#1627,#1629));
#1631=FACE_OUTER_BOUND('',#1630,.F.);
#1632=ADVANCED_FACE('',(#1631),#1622,.F.);
#1633=CARTESIAN_POINT('',(9.5E0,-1.2E1,0.E0));
#1634=DIRECTION('',(0.E0,0.E0,1.E0));
#1635=DIRECTION('',(1.E0,0.E0,0.E0));
#1636=AXIS2_PLACEMENT_3D('',#1633,#1634,#1635);
#1637=CYLINDRICAL_SURFACE('',#1636,1.6E0);
#1638=ORIENTED_EDGE('',*,*,#1623,.F.);
#1640=ORIENTED_EDGE('',*,*,#1639,.F.);
#1641=ORIENTED_EDGE('',*,*,#1358,.F.);
#1643=ORIENTED_EDGE('',*,*,#1642,.T.);
#1644=EDGE_LOOP('',(#1638,#1640,#1641,#1643));
#1645=FACE_OUTER_BOUND('',#1644,.F.);
#1646=ADVANCED_FACE('',(#1645),#1637,.F.);
#1647=CARTESIAN_POINT('',(9.5E0,-1.2E1,0.E0));
#1648=DIRECTION('',(0.E0,0.E0,1.E0));
#1649=DIRECTION('',(1.E0,0.E0,0.E0));
#1650=AXIS2_PLACEMENT_3D('',#1647,#1648,#1649);
#1651=CYLINDRICAL_SURFACE('',#1650,1.6E0);
#1653=ORIENTED_EDGE('',*,*,#1652,.F.);
#1654=ORIENTED_EDGE('',*,*,#1642,.F.);
#1655=ORIENTED_EDGE('',*,*,#1356,.F.);
#1656=ORIENTED_EDGE('',*,*,#1639,.T.);
#1657=EDGE_LOOP('',(#1653,#1654,#1655,#1656));
#1658=FACE_OUTER_BOUND('',#1657,.F.);
#1659=ADVANCED_FACE('',(#1658),#1651,.F.);
#1660=CARTESIAN_POINT('',(9.5E0,-1.2E1,1.100004318894E0));
#1661=DIRECTION('',(0.E0,0.E0,1.E0));
#1662=DIRECTION('',(0.E0,-1.E0,0.E0));
#1663=AXIS2_PLACEMENT_3D('',#1660,#1661,#1662);
#1664=CONICAL_SURFACE('',#1663,2.299998116377E0,4.499992274395E1);
#1665=ORIENTED_EDGE('',*,*,#1652,.T.);
#1666=ORIENTED_EDGE('',*,*,#1628,.T.);
#1668=ORIENTED_EDGE('',*,*,#1667,.F.);
#1669=ORIENTED_EDGE('',*,*,#1625,.F.);
#1670=EDGE_LOOP('',(#1665,#1666,#1668,#1669));
#1671=FACE_OUTER_BOUND('',#1670,.F.);
#1672=ADVANCED_FACE('',(#1671),#1664,.F.);
#1673=CARTESIAN_POINT('',(9.5E0,-1.2E1,2.E0));
#1674=DIRECTION('',(0.E0,0.E0,1.E0));
#1675=DIRECTION('',(1.E0,0.E0,0.E0));
#1676=AXIS2_PLACEMENT_3D('',#1673,#1674,#1675);
#1677=CYLINDRICAL_SURFACE('',#1676,3.E0);
#1678=ORIENTED_EDGE('',*,*,#1667,.T.);
#1679=ORIENTED_EDGE('',*,*,#1613,.F.);
#1680=ORIENTED_EDGE('',*,*,#1488,.F.);
#1681=ORIENTED_EDGE('',*,*,#1610,.T.);
#1682=EDGE_LOOP('',(#1678,#1679,#1680,#1681));
#1683=FACE_OUTER_BOUND('',#1682,.F.);
#1684=ADVANCED_FACE('',(#1683),#1677,.F.);
#1685=CARTESIAN_POINT('',(0.E0,0.E0,6.525E0));
#1686=DIRECTION('',(0.E0,0.E0,-1.E0));
#1687=DIRECTION('',(0.E0,-1.E0,0.E0));
#1688=AXIS2_PLACEMENT_3D('',#1685,#1686,#1687);
#1689=CYLINDRICAL_SURFACE('',#1688,1.18E1);
#1690=ORIENTED_EDGE('',*,*,#1368,.F.);
#1692=ORIENTED_EDGE('',*,*,#1691,.F.);
#1694=ORIENTED_EDGE('',*,*,#1693,.T.);
#1696=ORIENTED_EDGE('',*,*,#1695,.T.);
#1697=EDGE_LOOP('',(#1690,#1692,#1694,#1696));
#1698=FACE_OUTER_BOUND('',#1697,.F.);
#1699=ADVANCED_FACE('',(#1698),#1689,.T.);
#1700=CARTESIAN_POINT('',(0.E0,0.E0,6.525E0));
#1701=DIRECTION('',(0.E0,0.E0,-1.E0));
#1702=DIRECTION('',(0.E0,-1.E0,0.E0));
#1703=AXIS2_PLACEMENT_3D('',#1700,#1701,#1702);
#1704=CYLINDRICAL_SURFACE('',#1703,1.18E1);
#1705=ORIENTED_EDGE('',*,*,#1492,.F.);
#1707=ORIENTED_EDGE('',*,*,#1706,.T.);
#1709=ORIENTED_EDGE('',*,*,#1708,.F.);
#1711=ORIENTED_EDGE('',*,*,#1710,.F.);
#1712=EDGE_LOOP('',(#1705,#1707,#1709,#1711));
#1713=FACE_OUTER_BOUND('',#1712,.F.);
#1714=ADVANCED_FACE('',(#1713),#1704,.T.);
#1715=CARTESIAN_POINT('',(0.E0,0.E0,6.525E0));
#1716=DIRECTION('',(0.E0,0.E0,-1.E0));
#1717=DIRECTION('',(0.E0,-1.E0,0.E0));
#1718=AXIS2_PLACEMENT_3D('',#1715,#1716,#1717);
#1719=CYLINDRICAL_SURFACE('',#1718,1.18E1);
#1720=ORIENTED_EDGE('',*,*,#1370,.F.);
#1721=ORIENTED_EDGE('',*,*,#1695,.F.);
#1723=ORIENTED_EDGE('',*,*,#1722,.F.);
#1724=ORIENTED_EDGE('',*,*,#1691,.T.);
#1725=EDGE_LOOP('',(#1720,#1721,#1723,#1724));
#1726=FACE_OUTER_BOUND('',#1725,.F.);
#1727=ADVANCED_FACE('',(#1726),#1719,.T.);
#1728=CARTESIAN_POINT('',(0.E0,0.E0,6.525E0));
#1729=DIRECTION('',(0.E0,0.E0,-1.E0));
#1730=DIRECTION('',(0.E0,-1.E0,0.E0));
#1731=AXIS2_PLACEMENT_3D('',#1728,#1729,#1730);
#1732=CYLINDRICAL_SURFACE('',#1731,1.18E1);
#1733=ORIENTED_EDGE('',*,*,#1494,.F.);
#1734=ORIENTED_EDGE('',*,*,#1710,.T.);
#1736=ORIENTED_EDGE('',*,*,#1735,.T.);
#1737=ORIENTED_EDGE('',*,*,#1706,.F.);
#1738=EDGE_LOOP('',(#1733,#1734,#1736,#1737));
#1739=FACE_OUTER_BOUND('',#1738,.F.);
#1740=ADVANCED_FACE('',(#1739),#1732,.T.);
#1741=CARTESIAN_POINT('',(0.E0,0.E0,-2.55E1));
#1742=DIRECTION('',(0.E0,0.E0,-1.E0));
#1743=DIRECTION('',(0.E0,-1.E0,0.E0));
#1744=AXIS2_PLACEMENT_3D('',#1741,#1742,#1743);
#1745=PLANE('',#1744);
#1746=ORIENTED_EDGE('',*,*,#1722,.T.);
#1747=ORIENTED_EDGE('',*,*,#1693,.F.);
#1748=EDGE_LOOP('',(#1746,#1747));
#1749=FACE_OUTER_BOUND('',#1748,.F.);
#1751=ORIENTED_EDGE('',*,*,#1750,.T.);
#1753=ORIENTED_EDGE('',*,*,#1752,.T.);
#1755=ORIENTED_EDGE('',*,*,#1754,.T.);
#1757=ORIENTED_EDGE('',*,*,#1756,.T.);
#1759=ORIENTED_EDGE('',*,*,#1758,.T.);
#1761=ORIENTED_EDGE('',*,*,#1760,.T.);
#1763=ORIENTED_EDGE('',*,*,#1762,.T.);
#1765=ORIENTED_EDGE('',*,*,#1764,.T.);
#1767=ORIENTED_EDGE('',*,*,#1766,.T.);
#1769=ORIENTED_EDGE('',*,*,#1768,.T.);
#1771=ORIENTED_EDGE('',*,*,#1770,.T.);
#1773=ORIENTED_EDGE('',*,*,#1772,.T.);
#1774=EDGE_LOOP('',(#1751,#1753,#1755,#1757,#1759,#1761,#1763,#1765,#1767,#1769,
#1771,#1773));
#1775=FACE_BOUND('',#1774,.F.);
#1776=ADVANCED_FACE('',(#1749,#1775),#1745,.T.);
#1777=CARTESIAN_POINT('',(-6.1E0,-1.5E0,-2.55E1));
#1778=DIRECTION('',(0.E0,-1.E0,0.E0));
#1779=DIRECTION('',(-1.E0,0.E0,0.E0));
#1780=AXIS2_PLACEMENT_3D('',#1777,#1778,#1779);
#1781=PLANE('',#1780);
#1782=ORIENTED_EDGE('',*,*,#1750,.F.);
#1784=ORIENTED_EDGE('',*,*,#1783,.T.);
#1786=ORIENTED_EDGE('',*,*,#1785,.T.);
#1788=ORIENTED_EDGE('',*,*,#1787,.F.);
#1789=EDGE_LOOP('',(#1782,#1784,#1786,#1788));
#1790=FACE_OUTER_BOUND('',#1789,.F.);
#1791=ADVANCED_FACE('',(#1790),#1781,.T.);
#1792=CARTESIAN_POINT('',(-6.1E0,-5.65E0,-2.55E1));
#1793=DIRECTION('',(-1.E0,0.E0,0.E0));
#1794=DIRECTION('',(0.E0,1.E0,0.E0));
#1795=AXIS2_PLACEMENT_3D('',#1792,#1793,#1794);
#1796=PLANE('',#1795);
#1798=ORIENTED_EDGE('',*,*,#1797,.F.);
#1799=ORIENTED_EDGE('',*,*,#1783,.F.);
#1800=ORIENTED_EDGE('',*,*,#1772,.F.);
#1802=ORIENTED_EDGE('',*,*,#1801,.T.);
#1804=ORIENTED_EDGE('',*,*,#1803,.T.);
#1806=ORIENTED_EDGE('',*,*,#1805,.F.);
#1807=ORIENTED_EDGE('',*,*,#1756,.F.);
#1809=ORIENTED_EDGE('',*,*,#1808,.T.);
#1810=EDGE_LOOP('',(#1798,#1799,#1800,#1802,#1804,#1806,#1807,#1809));
#1811=FACE_OUTER_BOUND('',#1810,.F.);
#1812=ADVANCED_FACE('',(#1811),#1796,.T.);
#1813=CARTESIAN_POINT('',(0.E0,0.E0,-3.525E1));
#1814=DIRECTION('',(0.E0,0.E0,-1.E0));
#1815=DIRECTION('',(-1.E0,0.E0,0.E0));
#1816=AXIS2_PLACEMENT_3D('',#1813,#1814,#1815);
#1817=PLANE('',#1816);
#1818=ORIENTED_EDGE('',*,*,#1797,.T.);
#1820=ORIENTED_EDGE('',*,*,#1819,.F.);
#1822=ORIENTED_EDGE('',*,*,#1821,.F.);
#1823=ORIENTED_EDGE('',*,*,#1785,.F.);
#1824=EDGE_LOOP('',(#1818,#1820,#1822,#1823));
#1825=FACE_OUTER_BOUND('',#1824,.F.);
#1826=ADVANCED_FACE('',(#1825),#1817,.T.);
#1827=CARTESIAN_POINT('',(0.E0,0.E0,-3.525E1));
#1828=DIRECTION('',(0.E0,0.E0,-1.E0));
#1829=DIRECTION('',(-1.E0,0.E0,0.E0));
#1830=AXIS2_PLACEMENT_3D('',#1827,#1828,#1829);
#1831=PLANE('',#1830);
#1833=ORIENTED_EDGE('',*,*,#1832,.F.);
#1835=ORIENTED_EDGE('',*,*,#1834,.F.);
#1837=ORIENTED_EDGE('',*,*,#1836,.F.);
#1839=ORIENTED_EDGE('',*,*,#1838,.F.);
#1840=EDGE_LOOP('',(#1833,#1835,#1837,#1839));
#1841=FACE_OUTER_BOUND('',#1840,.F.);
#1842=ADVANCED_FACE('',(#1841),#1831,.T.);
#1843=CARTESIAN_POINT('',(-9.1E0,1.5E0,-2.55E1));
#1844=DIRECTION('',(0.E0,1.E0,0.E0));
#1845=DIRECTION('',(1.E0,0.E0,0.E0));
#1846=AXIS2_PLACEMENT_3D('',#1843,#1844,#1845);
#1847=PLANE('',#1846);
#1848=ORIENTED_EDGE('',*,*,#1754,.F.);
#1850=ORIENTED_EDGE('',*,*,#1849,.T.);
#1851=ORIENTED_EDGE('',*,*,#1819,.T.);
#1852=ORIENTED_EDGE('',*,*,#1808,.F.);
#1853=EDGE_LOOP('',(#1848,#1850,#1851,#1852));
#1854=FACE_OUTER_BOUND('',#1853,.F.);
#1855=ADVANCED_FACE('',(#1854),#1847,.T.);
#1856=CARTESIAN_POINT('',(-9.1E0,-1.5E0,-2.55E1));
#1857=DIRECTION('',(-1.E0,0.E0,0.E0));
#1858=DIRECTION('',(0.E0,1.E0,0.E0));
#1859=AXIS2_PLACEMENT_3D('',#1856,#1857,#1858);
#1860=PLANE('',#1859);
#1861=ORIENTED_EDGE('',*,*,#1752,.F.);
#1862=ORIENTED_EDGE('',*,*,#1787,.T.);
#1863=ORIENTED_EDGE('',*,*,#1821,.T.);
#1864=ORIENTED_EDGE('',*,*,#1849,.F.);
#1865=EDGE_LOOP('',(#1861,#1862,#1863,#1864));
#1866=FACE_OUTER_BOUND('',#1865,.F.);
#1867=ADVANCED_FACE('',(#1866),#1860,.T.);
#1868=CARTESIAN_POINT('',(6.1E0,5.65E0,-2.55E1));
#1869=DIRECTION('',(1.E0,0.E0,0.E0));
#1870=DIRECTION('',(0.E0,-1.E0,0.E0));
#1871=AXIS2_PLACEMENT_3D('',#1868,#1869,#1870);
#1872=PLANE('',#1871);
#1873=ORIENTED_EDGE('',*,*,#1832,.T.);
#1875=ORIENTED_EDGE('',*,*,#1874,.F.);
#1876=ORIENTED_EDGE('',*,*,#1760,.F.);
#1878=ORIENTED_EDGE('',*,*,#1877,.T.);
#1880=ORIENTED_EDGE('',*,*,#1879,.T.);
#1882=ORIENTED_EDGE('',*,*,#1881,.F.);
#1883=ORIENTED_EDGE('',*,*,#1768,.F.);
#1885=ORIENTED_EDGE('',*,*,#1884,.T.);
#1886=EDGE_LOOP('',(#1873,#1875,#1876,#1878,#1880,#1882,#1883,#1885));
#1887=FACE_OUTER_BOUND('',#1886,.F.);
#1888=ADVANCED_FACE('',(#1887),#1872,.T.);
#1889=CARTESIAN_POINT('',(6.1E0,1.5E0,-2.55E1));
#1890=DIRECTION('',(0.E0,1.E0,0.E0));
#1891=DIRECTION('',(1.E0,0.E0,0.E0));
#1892=AXIS2_PLACEMENT_3D('',#1889,#1890,#1891);
#1893=PLANE('',#1892);
#1894=ORIENTED_EDGE('',*,*,#1762,.F.);
#1895=ORIENTED_EDGE('',*,*,#1874,.T.);
#1896=ORIENTED_EDGE('',*,*,#1838,.T.);
#1898=ORIENTED_EDGE('',*,*,#1897,.F.);
#1899=EDGE_LOOP('',(#1894,#1895,#1896,#1898));
#1900=FACE_OUTER_BOUND('',#1899,.F.);
#1901=ADVANCED_FACE('',(#1900),#1893,.T.);
#1902=CARTESIAN_POINT('',(9.1E0,1.5E0,-2.55E1));
#1903=DIRECTION('',(1.E0,0.E0,0.E0));
#1904=DIRECTION('',(0.E0,-1.E0,0.E0));
#1905=AXIS2_PLACEMENT_3D('',#1902,#1903,#1904);
#1906=PLANE('',#1905);
#1907=ORIENTED_EDGE('',*,*,#1764,.F.);
#1908=ORIENTED_EDGE('',*,*,#1897,.T.);
#1909=ORIENTED_EDGE('',*,*,#1836,.T.);
#1911=ORIENTED_EDGE('',*,*,#1910,.F.);
#1912=EDGE_LOOP('',(#1907,#1908,#1909,#1911));
#1913=FACE_OUTER_BOUND('',#1912,.F.);
#1914=ADVANCED_FACE('',(#1913),#1906,.T.);
#1915=CARTESIAN_POINT('',(9.1E0,-1.5E0,-2.55E1));
#1916=DIRECTION('',(0.E0,-1.E0,0.E0));
#1917=DIRECTION('',(-1.E0,0.E0,0.E0));
#1918=AXIS2_PLACEMENT_3D('',#1915,#1916,#1917);
#1919=PLANE('',#1918);
#1920=ORIENTED_EDGE('',*,*,#1766,.F.);
#1921=ORIENTED_EDGE('',*,*,#1910,.T.);
#1922=ORIENTED_EDGE('',*,*,#1834,.T.);
#1923=ORIENTED_EDGE('',*,*,#1884,.F.);
#1924=EDGE_LOOP('',(#1920,#1921,#1922,#1923));
#1925=FACE_OUTER_BOUND('',#1924,.F.);
#1926=ADVANCED_FACE('',(#1925),#1919,.T.);
#1927=CARTESIAN_POINT('',(-6.1E0,5.65E0,-2.55E1));
#1928=DIRECTION('',(0.E0,1.E0,0.E0));
#1929=DIRECTION('',(1.E0,0.E0,0.E0));
#1930=AXIS2_PLACEMENT_3D('',#1927,#1928,#1929);
#1931=PLANE('',#1930);
#1932=ORIENTED_EDGE('',*,*,#1758,.F.);
#1933=ORIENTED_EDGE('',*,*,#1805,.T.);
#1935=ORIENTED_EDGE('',*,*,#1934,.T.);
#1936=ORIENTED_EDGE('',*,*,#1877,.F.);
#1937=EDGE_LOOP('',(#1932,#1933,#1935,#1936));
#1938=FACE_OUTER_BOUND('',#1937,.F.);
#1939=ADVANCED_FACE('',(#1938),#1931,.T.);
#1940=CARTESIAN_POINT('',(0.E0,0.E0,-3.555E1));
#1941=DIRECTION('',(0.E0,0.E0,-1.E0));
#1942=DIRECTION('',(-1.E0,0.E0,0.E0));
#1943=AXIS2_PLACEMENT_3D('',#1940,#1941,#1942);
#1944=PLANE('',#1943);
#1945=ORIENTED_EDGE('',*,*,#1879,.F.);
#1946=ORIENTED_EDGE('',*,*,#1934,.F.);
#1947=ORIENTED_EDGE('',*,*,#1803,.F.);
#1949=ORIENTED_EDGE('',*,*,#1948,.F.);
#1950=EDGE_LOOP('',(#1945,#1946,#1947,#1949));
#1951=FACE_OUTER_BOUND('',#1950,.F.);
#1953=ORIENTED_EDGE('',*,*,#1952,.T.);
#1955=ORIENTED_EDGE('',*,*,#1954,.T.);
#1957=ORIENTED_EDGE('',*,*,#1956,.T.);
#1959=ORIENTED_EDGE('',*,*,#1958,.T.);
#1961=ORIENTED_EDGE('',*,*,#1960,.T.);
#1963=ORIENTED_EDGE('',*,*,#1962,.T.);
#1964=EDGE_LOOP('',(#1953,#1955,#1957,#1959,#1961,#1963));
#1965=FACE_BOUND('',#1964,.F.);
#1966=ADVANCED_FACE('',(#1951,#1965),#1944,.T.);
#1967=CARTESIAN_POINT('',(0.E0,0.E0,-3.555E1));
#1968=DIRECTION('',(0.E0,0.E0,-1.E0));
#1969=DIRECTION('',(-1.E0,0.E0,0.E0));
#1970=AXIS2_PLACEMENT_3D('',#1967,#1968,#1969);
#1971=PLANE('',#1970);
#1973=ORIENTED_EDGE('',*,*,#1972,.T.);
#1975=ORIENTED_EDGE('',*,*,#1974,.T.);
#1977=ORIENTED_EDGE('',*,*,#1976,.T.);
#1979=ORIENTED_EDGE('',*,*,#1978,.T.);
#1980=EDGE_LOOP('',(#1973,#1975,#1977,#1979));
#1981=FACE_OUTER_BOUND('',#1980,.F.);
#1982=ADVANCED_FACE('',(#1981),#1971,.T.);
#1983=CARTESIAN_POINT('',(6.1E0,-5.65E0,-2.55E1));
#1984=DIRECTION('',(0.E0,-1.E0,0.E0));
#1985=DIRECTION('',(-1.E0,0.E0,0.E0));
#1986=AXIS2_PLACEMENT_3D('',#1983,#1984,#1985);
#1987=PLANE('',#1986);
#1988=ORIENTED_EDGE('',*,*,#1770,.F.);
#1989=ORIENTED_EDGE('',*,*,#1881,.T.);
#1990=ORIENTED_EDGE('',*,*,#1948,.T.);
#1991=ORIENTED_EDGE('',*,*,#1801,.F.);
#1992=EDGE_LOOP('',(#1988,#1989,#1990,#1991));
#1993=FACE_OUTER_BOUND('',#1992,.F.);
#1994=ADVANCED_FACE('',(#1993),#1987,.T.);
#1995=CARTESIAN_POINT('',(4.E0,-3.5E0,-3.555E1));
#1996=DIRECTION('',(0.E0,-1.E0,0.E0));
#1997=DIRECTION('',(-1.E0,0.E0,0.E0));
#1998=AXIS2_PLACEMENT_3D('',#1995,#1996,#1997);
#1999=PLANE('',#1998);
#2000=ORIENTED_EDGE('',*,*,#1952,.F.);
#2002=ORIENTED_EDGE('',*,*,#2001,.T.);
#2004=ORIENTED_EDGE('',*,*,#2003,.T.);
#2006=ORIENTED_EDGE('',*,*,#2005,.F.);
#2007=EDGE_LOOP('',(#2000,#2002,#2004,#2006));
#2008=FACE_OUTER_BOUND('',#2007,.F.);
#2009=ADVANCED_FACE('',(#2008),#1999,.F.);
#2010=CARTESIAN_POINT('',(4.E0,2.2E0,-3.555E1));
#2011=DIRECTION('',(1.E0,0.E0,0.E0));
#2012=DIRECTION('',(0.E0,-1.E0,0.E0));
#2013=AXIS2_PLACEMENT_3D('',#2010,#2011,#2012);
#2014=PLANE('',#2013);
#2015=ORIENTED_EDGE('',*,*,#1962,.F.);
#2017=ORIENTED_EDGE('',*,*,#2016,.T.);
#2019=ORIENTED_EDGE('',*,*,#2018,.T.);
#2020=ORIENTED_EDGE('',*,*,#2001,.F.);
#2021=EDGE_LOOP('',(#2015,#2017,#2019,#2020));
#2022=FACE_OUTER_BOUND('',#2021,.F.);
#2023=ADVANCED_FACE('',(#2022),#2014,.F.);
#2024=CARTESIAN_POINT('',(2.E0,4.2E0,-3.555E1));
#2025=DIRECTION('',(7.071067811865E-1,7.071067811865E-1,0.E0));
#2026=DIRECTION('',(7.071067811865E-1,-7.071067811865E-1,0.E0));
#2027=AXIS2_PLACEMENT_3D('',#2024,#2025,#2026);
#2028=PLANE('',#2027);
#2029=ORIENTED_EDGE('',*,*,#1960,.F.);
#2031=ORIENTED_EDGE('',*,*,#2030,.T.);
#2033=ORIENTED_EDGE('',*,*,#2032,.T.);
#2034=ORIENTED_EDGE('',*,*,#2016,.F.);
#2035=EDGE_LOOP('',(#2029,#2031,#2033,#2034));
#2036=FACE_OUTER_BOUND('',#2035,.F.);
#2037=ADVANCED_FACE('',(#2036),#2028,.F.);
#2038=CARTESIAN_POINT('',(-2.E0,4.2E0,-3.555E1));
#2039=DIRECTION('',(0.E0,1.E0,0.E0));
#2040=DIRECTION('',(1.E0,0.E0,0.E0));
#2041=AXIS2_PLACEMENT_3D('',#2038,#2039,#2040);
#2042=PLANE('',#2041);
#2043=ORIENTED_EDGE('',*,*,#1958,.F.);
#2045=ORIENTED_EDGE('',*,*,#2044,.T.);
#2047=ORIENTED_EDGE('',*,*,#2046,.T.);
#2048=ORIENTED_EDGE('',*,*,#2030,.F.);
#2049=EDGE_LOOP('',(#2043,#2045,#2047,#2048));
#2050=FACE_OUTER_BOUND('',#2049,.F.);
#2051=ADVANCED_FACE('',(#2050),#2042,.F.);
#2052=CARTESIAN_POINT('',(-4.E0,2.2E0,-3.555E1));
#2053=DIRECTION('',(-7.071067811865E-1,7.071067811865E-1,0.E0));
#2054=DIRECTION('',(7.071067811865E-1,7.071067811865E-1,0.E0));
#2055=AXIS2_PLACEMENT_3D('',#2052,#2053,#2054);
#2056=PLANE('',#2055);
#2057=ORIENTED_EDGE('',*,*,#1956,.F.);
#2059=ORIENTED_EDGE('',*,*,#2058,.T.);
#2061=ORIENTED_EDGE('',*,*,#2060,.T.);
#2062=ORIENTED_EDGE('',*,*,#2044,.F.);
#2063=EDGE_LOOP('',(#2057,#2059,#2061,#2062));
#2064=FACE_OUTER_BOUND('',#2063,.F.);
#2065=ADVANCED_FACE('',(#2064),#2056,.F.);
#2066=CARTESIAN_POINT('',(-4.E0,-3.5E0,-3.555E1));
#2067=DIRECTION('',(-1.E0,0.E0,0.E0));
#2068=DIRECTION('',(0.E0,1.E0,0.E0));
#2069=AXIS2_PLACEMENT_3D('',#2066,#2067,#2068);
#2070=PLANE('',#2069);
#2071=ORIENTED_EDGE('',*,*,#1954,.F.);
#2072=ORIENTED_EDGE('',*,*,#2005,.T.);
#2074=ORIENTED_EDGE('',*,*,#2073,.T.);
#2075=ORIENTED_EDGE('',*,*,#2058,.F.);
#2076=EDGE_LOOP('',(#2071,#2072,#2074,#2075));
#2077=FACE_OUTER_BOUND('',#2076,.F.);
#2078=ADVANCED_FACE('',(#2077),#2070,.F.);
#2079=CARTESIAN_POINT('',(0.E0,0.E0,-2.655E1));
#2080=DIRECTION('',(0.E0,0.E0,-1.E0));
#2081=DIRECTION('',(-1.E0,0.E0,0.E0));
#2082=AXIS2_PLACEMENT_3D('',#2079,#2080,#2081);
#2083=PLANE('',#2082);
#2084=ORIENTED_EDGE('',*,*,#2003,.F.);
#2085=ORIENTED_EDGE('',*,*,#2018,.F.);
#2086=ORIENTED_EDGE('',*,*,#2032,.F.);
#2087=ORIENTED_EDGE('',*,*,#2046,.F.);
#2088=ORIENTED_EDGE('',*,*,#2060,.F.);
#2089=ORIENTED_EDGE('',*,*,#2073,.F.);
#2090=EDGE_LOOP('',(#2084,#2085,#2086,#2087,#2088,#2089));
#2091=FACE_OUTER_BOUND('',#2090,.F.);
#2093=ORIENTED_EDGE('',*,*,#2092,.F.);
#2095=ORIENTED_EDGE('',*,*,#2094,.F.);
#2097=ORIENTED_EDGE('',*,*,#2096,.F.);
#2099=ORIENTED_EDGE('',*,*,#2098,.F.);
#2100=EDGE_LOOP('',(#2093,#2095,#2097,#2099));
#2101=FACE_BOUND('',#2100,.F.);
#2102=ADVANCED_FACE('',(#2091,#2101),#2083,.T.);
#2103=CARTESIAN_POINT('',(2.75E0,1.9E0,-3.555E1));
#2104=DIRECTION('',(0.E0,-1.E0,0.E0));
#2105=DIRECTION('',(-1.E0,0.E0,0.E0));
#2106=AXIS2_PLACEMENT_3D('',#2103,#2104,#2105);
#2107=PLANE('',#2106);
#2108=ORIENTED_EDGE('',*,*,#1972,.F.);
#2110=ORIENTED_EDGE('',*,*,#2109,.T.);
#2111=ORIENTED_EDGE('',*,*,#2092,.T.);
#2113=ORIENTED_EDGE('',*,*,#2112,.F.);
#2114=EDGE_LOOP('',(#2108,#2110,#2111,#2113));
#2115=FACE_OUTER_BOUND('',#2114,.F.);
#2116=ADVANCED_FACE('',(#2115),#2107,.F.);
#2117=CARTESIAN_POINT('',(2.75E0,-1.2E0,-3.555E1));
#2118=DIRECTION('',(-1.E0,0.E0,0.E0));
#2119=DIRECTION('',(0.E0,1.E0,0.E0));
#2120=AXIS2_PLACEMENT_3D('',#2117,#2118,#2119);
#2121=PLANE('',#2120);
#2122=ORIENTED_EDGE('',*,*,#1978,.F.);
#2124=ORIENTED_EDGE('',*,*,#2123,.T.);
#2125=ORIENTED_EDGE('',*,*,#2094,.T.);
#2126=ORIENTED_EDGE('',*,*,#2109,.F.);
#2127=EDGE_LOOP('',(#2122,#2124,#2125,#2126));
#2128=FACE_OUTER_BOUND('',#2127,.F.);
#2129=ADVANCED_FACE('',(#2128),#2121,.F.);
#2130=CARTESIAN_POINT('',(-2.75E0,-1.2E0,-3.555E1));
#2131=DIRECTION('',(0.E0,1.E0,0.E0));
#2132=DIRECTION('',(1.E0,0.E0,0.E0));
#2133=AXIS2_PLACEMENT_3D('',#2130,#2131,#2132);
#2134=PLANE('',#2133);
#2135=ORIENTED_EDGE('',*,*,#1976,.F.);
#2137=ORIENTED_EDGE('',*,*,#2136,.T.);
#2138=ORIENTED_EDGE('',*,*,#2096,.T.);
#2139=ORIENTED_EDGE('',*,*,#2123,.F.);
#2140=EDGE_LOOP('',(#2135,#2137,#2138,#2139));
#2141=FACE_OUTER_BOUND('',#2140,.F.);
#2142=ADVANCED_FACE('',(#2141),#2134,.F.);
#2143=CARTESIAN_POINT('',(-2.75E0,1.9E0,-3.555E1));
#2144=DIRECTION('',(1.E0,0.E0,0.E0));
#2145=DIRECTION('',(0.E0,-1.E0,0.E0));
#2146=AXIS2_PLACEMENT_3D('',#2143,#2144,#2145);
#2147=PLANE('',#2146);
#2148=ORIENTED_EDGE('',*,*,#1974,.F.);
#2149=ORIENTED_EDGE('',*,*,#2112,.T.);
#2150=ORIENTED_EDGE('',*,*,#2098,.T.);
#2151=ORIENTED_EDGE('',*,*,#2136,.F.);
#2152=EDGE_LOOP('',(#2148,#2149,#2150,#2151));
#2153=FACE_OUTER_BOUND('',#2152,.F.);
#2154=ADVANCED_FACE('',(#2153),#2147,.F.);
#2155=CARTESIAN_POINT('',(0.E0,0.E0,5.E0));
#2156=DIRECTION('',(0.E0,0.E0,-1.E0));
#2157=DIRECTION('',(0.E0,-1.E0,0.E0));
#2158=AXIS2_PLACEMENT_3D('',#2155,#2156,#2157);
#2159=PLANE('',#2158);
#2160=ORIENTED_EDGE('',*,*,#1735,.F.);
#2161=ORIENTED_EDGE('',*,*,#1708,.T.);
#2162=EDGE_LOOP('',(#2160,#2161));
#2163=FACE_OUTER_BOUND('',#2162,.F.);
#2165=ORIENTED_EDGE('',*,*,#2164,.T.);
#2167=ORIENTED_EDGE('',*,*,#2166,.T.);
#2169=ORIENTED_EDGE('',*,*,#2168,.F.);
#2171=ORIENTED_EDGE('',*,*,#2170,.T.);
#2172=EDGE_LOOP('',(#2165,#2167,#2169,#2171));
#2173=FACE_BOUND('',#2172,.F.);
#2174=ADVANCED_FACE('',(#2163,#2173),#2159,.F.);
#2175=CARTESIAN_POINT('',(0.E0,0.E0,5.E0));
#2176=DIRECTION('',(0.E0,0.E0,1.E0));
#2177=DIRECTION('',(1.E0,0.E0,0.E0));
#2178=AXIS2_PLACEMENT_3D('',#2175,#2176,#2177);
#2179=CYLINDRICAL_SURFACE('',#2178,1.1E1);
#2180=ORIENTED_EDGE('',*,*,#2164,.F.);
#2182=ORIENTED_EDGE('',*,*,#2181,.T.);
#2184=ORIENTED_EDGE('',*,*,#2183,.T.);
#2186=ORIENTED_EDGE('',*,*,#2185,.F.);
#2187=EDGE_LOOP('',(#2180,#2182,#2184,#2186));
#2188=FACE_OUTER_BOUND('',#2187,.F.);
#2189=ADVANCED_FACE('',(#2188),#2179,.F.);
#2190=CARTESIAN_POINT('',(1.55E0,1.013212712119E1,5.E0));
#2191=DIRECTION('',(1.E0,0.E0,0.E0));
#2192=DIRECTION('',(0.E0,1.E0,0.E0));
#2193=AXIS2_PLACEMENT_3D('',#2190,#2191,#2192);
#2194=PLANE('',#2193);
#2195=ORIENTED_EDGE('',*,*,#2170,.F.);
#2197=ORIENTED_EDGE('',*,*,#2196,.T.);
#2199=ORIENTED_EDGE('',*,*,#2198,.T.);
#2200=ORIENTED_EDGE('',*,*,#2181,.F.);
#2201=EDGE_LOOP('',(#2195,#2197,#2199,#2200));
#2202=FACE_OUTER_BOUND('',#2201,.F.);
#2203=ADVANCED_FACE('',(#2202),#2194,.F.);
#2204=CARTESIAN_POINT('',(0.E0,0.E0,6.525E0));
#2205=DIRECTION('',(0.E0,0.E0,-1.E0));
#2206=DIRECTION('',(0.E0,-1.E0,0.E0));
#2207=AXIS2_PLACEMENT_3D('',#2204,#2205,#2206);
#2208=CYLINDRICAL_SURFACE('',#2207,1.025E1);
#2209=ORIENTED_EDGE('',*,*,#2168,.T.);
#2211=ORIENTED_EDGE('',*,*,#2210,.T.);
#2213=ORIENTED_EDGE('',*,*,#2212,.T.);
#2214=ORIENTED_EDGE('',*,*,#2196,.F.);
#2215=EDGE_LOOP('',(#2209,#2211,#2213,#2214));
#2216=FACE_OUTER_BOUND('',#2215,.F.);
#2217=ADVANCED_FACE('',(#2216),#2208,.F.);
#2218=CARTESIAN_POINT('',(-1.55E0,1.089024793106E1,5.E0));
#2219=DIRECTION('',(-1.E0,0.E0,0.E0));
#2220=DIRECTION('',(0.E0,-1.E0,0.E0));
#2221=AXIS2_PLACEMENT_3D('',#2218,#2219,#2220);
#2222=PLANE('',#2221);
#2223=ORIENTED_EDGE('',*,*,#2166,.F.);
#2224=ORIENTED_EDGE('',*,*,#2185,.T.);
#2226=ORIENTED_EDGE('',*,*,#2225,.T.);
#2227=ORIENTED_EDGE('',*,*,#2210,.F.);
#2228=EDGE_LOOP('',(#2223,#2224,#2226,#2227));
#2229=FACE_OUTER_BOUND('',#2228,.F.);
#2230=ADVANCED_FACE('',(#2229),#2222,.F.);
#2231=CARTESIAN_POINT('',(0.E0,0.E0,-9.E0));
#2232=DIRECTION('',(0.E0,0.E0,-1.E0));
#2233=DIRECTION('',(0.E0,-1.E0,0.E0));
#2234=AXIS2_PLACEMENT_3D('',#2231,#2232,#2233);
#2235=PLANE('',#2234);
#2236=ORIENTED_EDGE('',*,*,#2212,.F.);
#2237=ORIENTED_EDGE('',*,*,#2225,.F.);
#2238=ORIENTED_EDGE('',*,*,#2183,.F.);
#2239=ORIENTED_EDGE('',*,*,#2198,.F.);
#2240=EDGE_LOOP('',(#2236,#2237,#2238,#2239));
#2241=FACE_OUTER_BOUND('',#2240,.F.);
#2243=ORIENTED_EDGE('',*,*,#2242,.T.);
#2245=ORIENTED_EDGE('',*,*,#2244,.T.);
#2247=ORIENTED_EDGE('',*,*,#2246,.T.);
#2249=ORIENTED_EDGE('',*,*,#2248,.T.);
#2250=EDGE_LOOP('',(#2243,#2245,#2247,#2249));
#2251=FACE_BOUND('',#2250,.F.);
#2252=ADVANCED_FACE('',(#2241,#2251),#2235,.F.);
#2253=CARTESIAN_POINT('',(-8.E0,4.5E0,-9.E0));
#2254=DIRECTION('',(-1.E0,0.E0,0.E0));
#2255=DIRECTION('',(0.E0,-1.E0,0.E0));
#2256=AXIS2_PLACEMENT_3D('',#2253,#2254,#2255);
#2257=PLANE('',#2256);
#2259=ORIENTED_EDGE('',*,*,#2258,.T.);
#2261=ORIENTED_EDGE('',*,*,#2260,.T.);
#2263=ORIENTED_EDGE('',*,*,#2262,.F.);
#2264=ORIENTED_EDGE('',*,*,#2242,.F.);
#2266=ORIENTED_EDGE('',*,*,#2265,.T.);
#2268=ORIENTED_EDGE('',*,*,#2267,.T.);
#2269=EDGE_LOOP('',(#2259,#2261,#2263,#2264,#2266,#2268));
#2270=FACE_OUTER_BOUND('',#2269,.F.);
#2271=ADVANCED_FACE('',(#2270),#2257,.T.);
#2272=CARTESIAN_POINT('',(0.E0,0.E0,-7.8E0));
#2273=DIRECTION('',(0.E0,0.E0,1.E0));
#2274=DIRECTION('',(1.E0,0.E0,0.E0));
#2275=AXIS2_PLACEMENT_3D('',#2272,#2273,#2274);
#2276=PLANE('',#2275);
#2277=ORIENTED_EDGE('',*,*,#2258,.F.);
#2279=ORIENTED_EDGE('',*,*,#2278,.T.);
#2281=ORIENTED_EDGE('',*,*,#2280,.T.);
#2283=ORIENTED_EDGE('',*,*,#2282,.T.);
#2284=EDGE_LOOP('',(#2277,#2279,#2281,#2283));
#2285=FACE_OUTER_BOUND('',#2284,.F.);
#2286=ADVANCED_FACE('',(#2285),#2276,.F.);
#2287=CARTESIAN_POINT('',(0.E0,0.E0,-7.8E0));
#2288=DIRECTION('',(0.E0,0.E0,1.E0));
#2289=DIRECTION('',(1.E0,0.E0,0.E0));
#2290=AXIS2_PLACEMENT_3D('',#2287,#2288,#2289);
#2291=PLANE('',#2290);
#2293=ORIENTED_EDGE('',*,*,#2292,.F.);
#2295=ORIENTED_EDGE('',*,*,#2294,.T.);
#2297=ORIENTED_EDGE('',*,*,#2296,.T.);
#2299=ORIENTED_EDGE('',*,*,#2298,.T.);
#2300=EDGE_LOOP('',(#2293,#2295,#2297,#2299));
#2301=FACE_OUTER_BOUND('',#2300,.F.);
#2302=ADVANCED_FACE('',(#2301),#2291,.F.);
#2303=CARTESIAN_POINT('',(0.E0,0.E0,-7.8E0));
#2304=DIRECTION('',(0.E0,0.E0,1.E0));
#2305=DIRECTION('',(1.E0,0.E0,0.E0));
#2306=AXIS2_PLACEMENT_3D('',#2303,#2304,#2305);
#2307=PLANE('',#2306);
#2309=ORIENTED_EDGE('',*,*,#2308,.F.);
#2311=ORIENTED_EDGE('',*,*,#2310,.T.);
#2313=ORIENTED_EDGE('',*,*,#2312,.T.);
#2315=ORIENTED_EDGE('',*,*,#2314,.T.);
#2316=EDGE_LOOP('',(#2309,#2311,#2313,#2315));
#2317=FACE_OUTER_BOUND('',#2316,.F.);
#2318=ADVANCED_FACE('',(#2317),#2307,.F.);
#2319=CARTESIAN_POINT('',(0.E0,0.E0,-7.8E0));
#2320=DIRECTION('',(0.E0,0.E0,1.E0));
#2321=DIRECTION('',(1.E0,0.E0,0.E0));
#2322=AXIS2_PLACEMENT_3D('',#2319,#2320,#2321);
#2323=PLANE('',#2322);
#2325=ORIENTED_EDGE('',*,*,#2324,.F.);
#2327=ORIENTED_EDGE('',*,*,#2326,.T.);
#2329=ORIENTED_EDGE('',*,*,#2328,.T.);
#2331=ORIENTED_EDGE('',*,*,#2330,.T.);
#2332=EDGE_LOOP('',(#2325,#2327,#2329,#2331));
#2333=FACE_OUTER_BOUND('',#2332,.F.);
#2334=ADVANCED_FACE('',(#2333),#2323,.F.);
#2335=CARTESIAN_POINT('',(-6.1E0,2.35E0,3.35E0));
#2336=DIRECTION('',(0.E0,0.E0,1.E0));
#2337=DIRECTION('',(1.E0,0.E0,0.E0));
#2338=AXIS2_PLACEMENT_3D('',#2335,#2336,#2337);
#2339=CYLINDRICAL_SURFACE('',#2338,2.4E0);
#2341=ORIENTED_EDGE('',*,*,#2340,.F.);
#2342=ORIENTED_EDGE('',*,*,#2330,.F.);
#2344=ORIENTED_EDGE('',*,*,#2343,.F.);
#2346=ORIENTED_EDGE('',*,*,#2345,.T.);
#2348=ORIENTED_EDGE('',*,*,#2347,.T.);
#2349=ORIENTED_EDGE('',*,*,#2278,.F.);
#2350=EDGE_LOOP('',(#2341,#2342,#2344,#2346,#2348,#2349));
#2351=FACE_OUTER_BOUND('',#2350,.F.);
#2352=ADVANCED_FACE('',(#2351),#2339,.T.);
#2353=CARTESIAN_POINT('',(0.E0,0.E0,-7.8E0));
#2354=DIRECTION('',(0.E0,0.E0,1.E0));
#2355=DIRECTION('',(1.E0,0.E0,0.E0));
#2356=AXIS2_PLACEMENT_3D('',#2353,#2354,#2355);
#2357=PLANE('',#2356);
#2358=ORIENTED_EDGE('',*,*,#2340,.T.);
#2359=ORIENTED_EDGE('',*,*,#2267,.F.);
#2361=ORIENTED_EDGE('',*,*,#2360,.F.);
#2362=EDGE_LOOP('',(#2358,#2359,#2361));
#2363=FACE_OUTER_BOUND('',#2362,.F.);
#2364=ADVANCED_FACE('',(#2363),#2357,.T.);
#2365=CARTESIAN_POINT('',(0.E0,0.E0,-7.8E0));
#2366=DIRECTION('',(0.E0,0.E0,1.E0));
#2367=DIRECTION('',(1.E0,0.E0,0.E0));
#2368=AXIS2_PLACEMENT_3D('',#2365,#2366,#2367);
#2369=PLANE('',#2368);
#2371=ORIENTED_EDGE('',*,*,#2370,.T.);
#2373=ORIENTED_EDGE('',*,*,#2372,.F.);
#2374=ORIENTED_EDGE('',*,*,#2260,.F.);
#2375=EDGE_LOOP('',(#2371,#2373,#2374));
#2376=FACE_OUTER_BOUND('',#2375,.F.);
#2377=ADVANCED_FACE('',(#2376),#2369,.T.);
#2378=CARTESIAN_POINT('',(0.E0,0.E0,-7.8E0));
#2379=DIRECTION('',(0.E0,0.E0,1.E0));
#2380=DIRECTION('',(1.E0,0.E0,0.E0));
#2381=AXIS2_PLACEMENT_3D('',#2378,#2379,#2380);
#2382=PLANE('',#2381);
#2384=ORIENTED_EDGE('',*,*,#2383,.T.);
#2386=ORIENTED_EDGE('',*,*,#2385,.F.);
#2388=ORIENTED_EDGE('',*,*,#2387,.F.);
#2389=EDGE_LOOP('',(#2384,#2386,#2388));
#2390=FACE_OUTER_BOUND('',#2389,.F.);
#2391=ADVANCED_FACE('',(#2390),#2382,.T.);
#2392=CARTESIAN_POINT('',(0.E0,0.E0,-7.8E0));
#2393=DIRECTION('',(0.E0,0.E0,1.E0));
#2394=DIRECTION('',(1.E0,0.E0,0.E0));
#2395=AXIS2_PLACEMENT_3D('',#2392,#2393,#2394);
#2396=PLANE('',#2395);
#2398=ORIENTED_EDGE('',*,*,#2397,.T.);
#2400=ORIENTED_EDGE('',*,*,#2399,.F.);
#2402=ORIENTED_EDGE('',*,*,#2401,.F.);
#2403=EDGE_LOOP('',(#2398,#2400,#2402));
#2404=FACE_OUTER_BOUND('',#2403,.F.);
#2405=ADVANCED_FACE('',(#2404),#2396,.T.);
#2406=CARTESIAN_POINT('',(0.E0,0.E0,-7.8E0));
#2407=DIRECTION('',(0.E0,0.E0,1.E0));
#2408=DIRECTION('',(1.E0,0.E0,0.E0));
#2409=AXIS2_PLACEMENT_3D('',#2406,#2407,#2408);
#2410=PLANE('',#2409);
#2412=ORIENTED_EDGE('',*,*,#2411,.T.);
#2414=ORIENTED_EDGE('',*,*,#2413,.T.);
#2416=ORIENTED_EDGE('',*,*,#2415,.T.);
#2418=ORIENTED_EDGE('',*,*,#2417,.T.);
#2419=EDGE_LOOP('',(#2412,#2414,#2416,#2418));
#2420=FACE_OUTER_BOUND('',#2419,.F.);
#2422=ORIENTED_EDGE('',*,*,#2421,.T.);
#2424=ORIENTED_EDGE('',*,*,#2423,.T.);
#2426=ORIENTED_EDGE('',*,*,#2425,.T.);
#2428=ORIENTED_EDGE('',*,*,#2427,.T.);
#2429=EDGE_LOOP('',(#2422,#2424,#2426,#2428));
#2430=FACE_BOUND('',#2429,.F.);
#2431=ADVANCED_FACE('',(#2420,#2430),#2410,.T.);
#2432=CARTESIAN_POINT('',(-7.4E0,3.65E0,-7.8E0));
#2433=DIRECTION('',(-1.E0,0.E0,0.E0));
#2434=DIRECTION('',(0.E0,-1.E0,0.E0));
#2435=AXIS2_PLACEMENT_3D('',#2432,#2433,#2434);
#2436=PLANE('',#2435);
#2437=ORIENTED_EDGE('',*,*,#2421,.F.);
#2439=ORIENTED_EDGE('',*,*,#2438,.T.);
#2441=ORIENTED_EDGE('',*,*,#2440,.T.);
#2443=ORIENTED_EDGE('',*,*,#2442,.F.);
#2444=EDGE_LOOP('',(#2437,#2439,#2441,#2443));
#2445=FACE_OUTER_BOUND('',#2444,.F.);
#2446=ADVANCED_FACE('',(#2445),#2436,.T.);
#2447=CARTESIAN_POINT('',(7.4E0,3.65E0,-7.8E0));
#2448=DIRECTION('',(0.E0,1.E0,0.E0));
#2449=DIRECTION('',(-1.E0,0.E0,0.E0));
#2450=AXIS2_PLACEMENT_3D('',#2447,#2448,#2449);
#2451=PLANE('',#2450);
#2452=ORIENTED_EDGE('',*,*,#2427,.F.);
#2454=ORIENTED_EDGE('',*,*,#2453,.T.);
#2456=ORIENTED_EDGE('',*,*,#2455,.T.);
#2457=ORIENTED_EDGE('',*,*,#2438,.F.);
#2458=EDGE_LOOP('',(#2452,#2454,#2456,#2457));
#2459=FACE_OUTER_BOUND('',#2458,.F.);
#2460=ADVANCED_FACE('',(#2459),#2451,.T.);
#2461=CARTESIAN_POINT('',(7.4E0,-3.65E0,-7.8E0));
#2462=DIRECTION('',(1.E0,0.E0,0.E0));
#2463=DIRECTION('',(0.E0,1.E0,0.E0));
#2464=AXIS2_PLACEMENT_3D('',#2461,#2462,#2463);
#2465=PLANE('',#2464);
#2466=ORIENTED_EDGE('',*,*,#2425,.F.);
#2468=ORIENTED_EDGE('',*,*,#2467,.T.);
#2470=ORIENTED_EDGE('',*,*,#2469,.T.);
#2471=ORIENTED_EDGE('',*,*,#2453,.F.);
#2472=EDGE_LOOP('',(#2466,#2468,#2470,#2471));
#2473=FACE_OUTER_BOUND('',#2472,.F.);
#2474=ADVANCED_FACE('',(#2473),#2465,.T.);
#2475=CARTESIAN_POINT('',(-7.4E0,-3.65E0,-7.8E0));
#2476=DIRECTION('',(0.E0,-1.E0,0.E0));
#2477=DIRECTION('',(1.E0,0.E0,0.E0));
#2478=AXIS2_PLACEMENT_3D('',#2475,#2476,#2477);
#2479=PLANE('',#2478);
#2480=ORIENTED_EDGE('',*,*,#2423,.F.);
#2481=ORIENTED_EDGE('',*,*,#2442,.T.);
#2483=ORIENTED_EDGE('',*,*,#2482,.T.);
#2484=ORIENTED_EDGE('',*,*,#2467,.F.);
#2485=EDGE_LOOP('',(#2480,#2481,#2483,#2484));
#2486=FACE_OUTER_BOUND('',#2485,.F.);
#2487=ADVANCED_FACE('',(#2486),#2479,.T.);
#2488=CARTESIAN_POINT('',(0.E0,0.E0,3.35E0));
#2489=DIRECTION('',(0.E0,0.E0,1.E0));
#2490=DIRECTION('',(1.E0,0.E0,0.E0));
#2491=AXIS2_PLACEMENT_3D('',#2488,#2489,#2490);
#2492=PLANE('',#2491);
#2493=ORIENTED_EDGE('',*,*,#2440,.F.);
#2494=ORIENTED_EDGE('',*,*,#2455,.F.);
#2495=ORIENTED_EDGE('',*,*,#2469,.F.);
#2496=ORIENTED_EDGE('',*,*,#2482,.F.);
#2497=EDGE_LOOP('',(#2493,#2494,#2495,#2496));
#2498=FACE_OUTER_BOUND('',#2497,.F.);
#2500=ORIENTED_EDGE('',*,*,#2499,.T.);
#2502=ORIENTED_EDGE('',*,*,#2501,.T.);
#2504=ORIENTED_EDGE('',*,*,#2503,.T.);
#2506=ORIENTED_EDGE('',*,*,#2505,.T.);
#2507=EDGE_LOOP('',(#2500,#2502,#2504,#2506));
#2508=FACE_BOUND('',#2507,.F.);
#2509=ADVANCED_FACE('',(#2498,#2508),#2492,.T.);
#2510=CARTESIAN_POINT('',(0.E0,0.E0,3.35E0));
#2511=DIRECTION('',(0.E0,0.E0,1.E0));
#2512=DIRECTION('',(1.E0,0.E0,0.E0));
#2513=AXIS2_PLACEMENT_3D('',#2510,#2511,#2512);
#2514=PLANE('',#2513);
#2516=ORIENTED_EDGE('',*,*,#2515,.T.);
#2518=ORIENTED_EDGE('',*,*,#2517,.T.);
#2520=ORIENTED_EDGE('',*,*,#2519,.T.);
#2522=ORIENTED_EDGE('',*,*,#2521,.T.);
#2523=EDGE_LOOP('',(#2516,#2518,#2520,#2522));
#2524=FACE_OUTER_BOUND('',#2523,.F.);
#2525=ADVANCED_FACE('',(#2524),#2514,.T.);
#2526=CARTESIAN_POINT('',(-6.35E0,2.65E0,3.35E0));
#2527=DIRECTION('',(-1.E0,0.E0,0.E0));
#2528=DIRECTION('',(0.E0,-1.E0,0.E0));
#2529=AXIS2_PLACEMENT_3D('',#2526,#2527,#2528);
#2530=PLANE('',#2529);
#2531=ORIENTED_EDGE('',*,*,#2499,.F.);
#2533=ORIENTED_EDGE('',*,*,#2532,.T.);
#2535=ORIENTED_EDGE('',*,*,#2534,.T.);
#2537=ORIENTED_EDGE('',*,*,#2536,.F.);
#2538=EDGE_LOOP('',(#2531,#2533,#2535,#2537));
#2539=FACE_OUTER_BOUND('',#2538,.F.);
#2540=ADVANCED_FACE('',(#2539),#2530,.F.);
#2541=CARTESIAN_POINT('',(6.35E0,2.65E0,3.35E0));
#2542=DIRECTION('',(0.E0,1.E0,0.E0));
#2543=DIRECTION('',(-1.E0,0.E0,0.E0));
#2544=AXIS2_PLACEMENT_3D('',#2541,#2542,#2543);
#2545=PLANE('',#2544);
#2546=ORIENTED_EDGE('',*,*,#2505,.F.);
#2548=ORIENTED_EDGE('',*,*,#2547,.T.);
#2550=ORIENTED_EDGE('',*,*,#2549,.T.);
#2551=ORIENTED_EDGE('',*,*,#2532,.F.);
#2552=EDGE_LOOP('',(#2546,#2548,#2550,#2551));
#2553=FACE_OUTER_BOUND('',#2552,.F.);
#2554=ADVANCED_FACE('',(#2553),#2545,.F.);
#2555=CARTESIAN_POINT('',(6.35E0,-2.65E0,3.35E0));
#2556=DIRECTION('',(1.E0,0.E0,0.E0));
#2557=DIRECTION('',(0.E0,1.E0,0.E0));
#2558=AXIS2_PLACEMENT_3D('',#2555,#2556,#2557);
#2559=PLANE('',#2558);
#2560=ORIENTED_EDGE('',*,*,#2503,.F.);
#2562=ORIENTED_EDGE('',*,*,#2561,.T.);
#2564=ORIENTED_EDGE('',*,*,#2563,.T.);
#2565=ORIENTED_EDGE('',*,*,#2547,.F.);
#2566=EDGE_LOOP('',(#2560,#2562,#2564,#2565));
#2567=FACE_OUTER_BOUND('',#2566,.F.);
#2568=ADVANCED_FACE('',(#2567),#2559,.F.);
#2569=CARTESIAN_POINT('',(-6.35E0,-2.65E0,3.35E0));
#2570=DIRECTION('',(0.E0,-1.E0,0.E0));
#2571=DIRECTION('',(1.E0,0.E0,0.E0));
#2572=AXIS2_PLACEMENT_3D('',#2569,#2570,#2571);
#2573=PLANE('',#2572);
#2574=ORIENTED_EDGE('',*,*,#2501,.F.);
#2575=ORIENTED_EDGE('',*,*,#2536,.T.);
#2577=ORIENTED_EDGE('',*,*,#2576,.T.);
#2578=ORIENTED_EDGE('',*,*,#2561,.F.);
#2579=EDGE_LOOP('',(#2574,#2575,#2577,#2578));
#2580=FACE_OUTER_BOUND('',#2579,.F.);
#2581=ADVANCED_FACE('',(#2580),#2573,.F.);
#2582=CARTESIAN_POINT('',(0.E0,0.E0,-5.65E0));
#2583=DIRECTION('',(0.E0,0.E0,1.E0));
#2584=DIRECTION('',(1.E0,0.E0,0.E0));
#2585=AXIS2_PLACEMENT_3D('',#2582,#2583,#2584);
#2586=PLANE('',#2585);
#2587=ORIENTED_EDGE('',*,*,#2534,.F.);
#2588=ORIENTED_EDGE('',*,*,#2549,.F.);
#2589=ORIENTED_EDGE('',*,*,#2563,.F.);
#2590=ORIENTED_EDGE('',*,*,#2576,.F.);
#2591=EDGE_LOOP('',(#2587,#2588,#2589,#2590));
#2592=FACE_OUTER_BOUND('',#2591,.F.);
#2594=ORIENTED_EDGE('',*,*,#2593,.F.);
#2596=ORIENTED_EDGE('',*,*,#2595,.F.);
#2598=ORIENTED_EDGE('',*,*,#2597,.F.);
#2600=ORIENTED_EDGE('',*,*,#2599,.F.);
#2601=EDGE_LOOP('',(#2594,#2596,#2598,#2600));
#2602=FACE_BOUND('',#2601,.F.);
#2603=ADVANCED_FACE('',(#2592,#2602),#2586,.T.);
#2604=CARTESIAN_POINT('',(-5.5E0,1.75E0,3.35E0));
#2605=DIRECTION('',(0.E0,-1.E0,0.E0));
#2606=DIRECTION('',(1.E0,0.E0,0.E0));
#2607=AXIS2_PLACEMENT_3D('',#2604,#2605,#2606);
#2608=PLANE('',#2607);
#2609=ORIENTED_EDGE('',*,*,#2515,.F.);
#2611=ORIENTED_EDGE('',*,*,#2610,.T.);
#2612=ORIENTED_EDGE('',*,*,#2593,.T.);
#2614=ORIENTED_EDGE('',*,*,#2613,.F.);
#2615=EDGE_LOOP('',(#2609,#2611,#2612,#2614));
#2616=FACE_OUTER_BOUND('',#2615,.F.);
#2617=ADVANCED_FACE('',(#2616),#2608,.F.);
#2618=CARTESIAN_POINT('',(-5.5E0,2.5E-1,3.35E0));
#2619=DIRECTION('',(1.E0,0.E0,0.E0));
#2620=DIRECTION('',(0.E0,1.E0,0.E0));
#2621=AXIS2_PLACEMENT_3D('',#2618,#2619,#2620);
#2622=PLANE('',#2621);
#2623=ORIENTED_EDGE('',*,*,#2521,.F.);
#2625=ORIENTED_EDGE('',*,*,#2624,.T.);
#2626=ORIENTED_EDGE('',*,*,#2595,.T.);
#2627=ORIENTED_EDGE('',*,*,#2610,.F.);
#2628=EDGE_LOOP('',(#2623,#2625,#2626,#2627));
#2629=FACE_OUTER_BOUND('',#2628,.F.);
#2630=ADVANCED_FACE('',(#2629),#2622,.F.);
#2631=CARTESIAN_POINT('',(5.5E0,2.5E-1,3.35E0));
#2632=DIRECTION('',(0.E0,1.E0,0.E0));
#2633=DIRECTION('',(-1.E0,0.E0,0.E0));
#2634=AXIS2_PLACEMENT_3D('',#2631,#2632,#2633);
#2635=PLANE('',#2634);
#2636=ORIENTED_EDGE('',*,*,#2519,.F.);
#2638=ORIENTED_EDGE('',*,*,#2637,.T.);
#2639=ORIENTED_EDGE('',*,*,#2597,.T.);
#2640=ORIENTED_EDGE('',*,*,#2624,.F.);
#2641=EDGE_LOOP('',(#2636,#2638,#2639,#2640));
#2642=FACE_OUTER_BOUND('',#2641,.F.);
#2643=ADVANCED_FACE('',(#2642),#2635,.F.);
#2644=CARTESIAN_POINT('',(5.5E0,1.75E0,3.35E0));
#2645=DIRECTION('',(-1.E0,0.E0,0.E0));
#2646=DIRECTION('',(0.E0,-1.E0,0.E0));
#2647=AXIS2_PLACEMENT_3D('',#2644,#2645,#2646);
#2648=PLANE('',#2647);
#2649=ORIENTED_EDGE('',*,*,#2517,.F.);
#2650=ORIENTED_EDGE('',*,*,#2613,.T.);
#2651=ORIENTED_EDGE('',*,*,#2599,.T.);
#2652=ORIENTED_EDGE('',*,*,#2637,.F.);
#2653=EDGE_LOOP('',(#2649,#2650,#2651,#2652));
#2654=FACE_OUTER_BOUND('',#2653,.F.);
#2655=ADVANCED_FACE('',(#2654),#2648,.F.);
#2656=CARTESIAN_POINT('',(8.E0,4.5E0,-9.E0));
#2657=DIRECTION('',(0.E0,1.E0,0.E0));
#2658=DIRECTION('',(-1.E0,0.E0,0.E0));
#2659=AXIS2_PLACEMENT_3D('',#2656,#2657,#2658);
#2660=PLANE('',#2659);
#2661=ORIENTED_EDGE('',*,*,#2324,.T.);
#2662=ORIENTED_EDGE('',*,*,#2360,.T.);
#2663=ORIENTED_EDGE('',*,*,#2265,.F.);
#2664=ORIENTED_EDGE('',*,*,#2248,.F.);
#2666=ORIENTED_EDGE('',*,*,#2665,.T.);
#2667=ORIENTED_EDGE('',*,*,#2399,.T.);
#2668=EDGE_LOOP('',(#2661,#2662,#2663,#2664,#2666,#2667));
#2669=FACE_OUTER_BOUND('',#2668,.F.);
#2670=ADVANCED_FACE('',(#2669),#2660,.T.);
#2671=CARTESIAN_POINT('',(8.E0,-4.5E0,-9.E0));
#2672=DIRECTION('',(1.E0,0.E0,0.E0));
#2673=DIRECTION('',(0.E0,1.E0,0.E0));
#2674=AXIS2_PLACEMENT_3D('',#2671,#2672,#2673);
#2675=PLANE('',#2674);
#2676=ORIENTED_EDGE('',*,*,#2308,.T.);
#2677=ORIENTED_EDGE('',*,*,#2401,.T.);
#2678=ORIENTED_EDGE('',*,*,#2665,.F.);
#2679=ORIENTED_EDGE('',*,*,#2246,.F.);
#2681=ORIENTED_EDGE('',*,*,#2680,.T.);
#2682=ORIENTED_EDGE('',*,*,#2385,.T.);
#2683=EDGE_LOOP('',(#2676,#2677,#2678,#2679,#2681,#2682));
#2684=FACE_OUTER_BOUND('',#2683,.F.);
#2685=ADVANCED_FACE('',(#2684),#2675,.T.);
#2686=CARTESIAN_POINT('',(-8.E0,-4.5E0,-9.E0));
#2687=DIRECTION('',(0.E0,-1.E0,0.E0));
#2688=DIRECTION('',(1.E0,0.E0,0.E0));
#2689=AXIS2_PLACEMENT_3D('',#2686,#2687,#2688);
#2690=PLANE('',#2689);
#2691=ORIENTED_EDGE('',*,*,#2292,.T.);
#2692=ORIENTED_EDGE('',*,*,#2387,.T.);
#2693=ORIENTED_EDGE('',*,*,#2680,.F.);
#2694=ORIENTED_EDGE('',*,*,#2244,.F.);
#2695=ORIENTED_EDGE('',*,*,#2262,.T.);
#2696=ORIENTED_EDGE('',*,*,#2372,.T.);
#2697=EDGE_LOOP('',(#2691,#2692,#2693,#2694,#2695,#2696));
#2698=FACE_OUTER_BOUND('',#2697,.F.);
#2699=ADVANCED_FACE('',(#2698),#2690,.T.);
#2700=CARTESIAN_POINT('',(-6.1E0,-2.35E0,3.35E0));
#2701=DIRECTION('',(0.E0,0.E0,1.E0));
#2702=DIRECTION('',(1.E0,0.E0,0.E0));
#2703=AXIS2_PLACEMENT_3D('',#2700,#2701,#2702);
#2704=CYLINDRICAL_SURFACE('',#2703,2.4E0);
#2705=ORIENTED_EDGE('',*,*,#2370,.F.);
#2706=ORIENTED_EDGE('',*,*,#2282,.F.);
#2708=ORIENTED_EDGE('',*,*,#2707,.F.);
#2710=ORIENTED_EDGE('',*,*,#2709,.T.);
#2712=ORIENTED_EDGE('',*,*,#2711,.T.);
#2713=ORIENTED_EDGE('',*,*,#2294,.F.);
#2714=EDGE_LOOP('',(#2705,#2706,#2708,#2710,#2712,#2713));
#2715=FACE_OUTER_BOUND('',#2714,.F.);
#2716=ADVANCED_FACE('',(#2715),#2704,.T.);
#2717=CARTESIAN_POINT('',(-8.5E0,2.35E0,3.35E0));
#2718=DIRECTION('',(-1.E0,0.E0,0.E0));
#2719=DIRECTION('',(0.E0,-1.E0,0.E0));
#2720=AXIS2_PLACEMENT_3D('',#2717,#2718,#2719);
#2721=PLANE('',#2720);
#2723=ORIENTED_EDGE('',*,*,#2722,.T.);
#2724=ORIENTED_EDGE('',*,*,#2707,.T.);
#2725=ORIENTED_EDGE('',*,*,#2280,.F.);
#2726=ORIENTED_EDGE('',*,*,#2347,.F.);
#2727=EDGE_LOOP('',(#2723,#2724,#2725,#2726));
#2728=FACE_OUTER_BOUND('',#2727,.F.);
#2729=ADVANCED_FACE('',(#2728),#2721,.T.);
#2730=CARTESIAN_POINT('',(0.E0,0.E0,3.35E0));
#2731=DIRECTION('',(0.E0,0.E0,1.E0));
#2732=DIRECTION('',(1.E0,0.E0,0.E0));
#2733=AXIS2_PLACEMENT_3D('',#2730,#2731,#2732);
#2734=PLANE('',#2733);
#2735=ORIENTED_EDGE('',*,*,#2345,.F.);
#2737=ORIENTED_EDGE('',*,*,#2736,.F.);
#2739=ORIENTED_EDGE('',*,*,#2738,.F.);
#2741=ORIENTED_EDGE('',*,*,#2740,.F.);
#2743=ORIENTED_EDGE('',*,*,#2742,.F.);
#2745=ORIENTED_EDGE('',*,*,#2744,.F.);
#2746=ORIENTED_EDGE('',*,*,#2709,.F.);
#2747=ORIENTED_EDGE('',*,*,#2722,.F.);
#2748=EDGE_LOOP('',(#2735,#2737,#2739,#2741,#2743,#2745,#2746,#2747));
#2749=FACE_OUTER_BOUND('',#2748,.F.);
#2751=ORIENTED_EDGE('',*,*,#2750,.F.);
#2753=ORIENTED_EDGE('',*,*,#2752,.F.);
#2755=ORIENTED_EDGE('',*,*,#2754,.F.);
#2757=ORIENTED_EDGE('',*,*,#2756,.F.);
#2758=EDGE_LOOP('',(#2751,#2753,#2755,#2757));
#2759=FACE_BOUND('',#2758,.F.);
#2760=ADVANCED_FACE('',(#2749,#2759),#2734,.T.);
#2761=CARTESIAN_POINT('',(6.1E0,4.75E0,3.35E0));
#2762=DIRECTION('',(0.E0,1.E0,0.E0));
#2763=DIRECTION('',(-1.E0,0.E0,0.E0));
#2764=AXIS2_PLACEMENT_3D('',#2761,#2762,#2763);
#2765=PLANE('',#2764);
#2766=ORIENTED_EDGE('',*,*,#2736,.T.);
#2767=ORIENTED_EDGE('',*,*,#2343,.T.);
#2768=ORIENTED_EDGE('',*,*,#2328,.F.);
#2770=ORIENTED_EDGE('',*,*,#2769,.F.);
#2771=EDGE_LOOP('',(#2766,#2767,#2768,#2770));
#2772=FACE_OUTER_BOUND('',#2771,.F.);
#2773=ADVANCED_FACE('',(#2772),#2765,.T.);
#2774=CARTESIAN_POINT('',(6.1E0,2.35E0,3.35E0));
#2775=DIRECTION('',(0.E0,0.E0,1.E0));
#2776=DIRECTION('',(1.E0,0.E0,0.E0));
#2777=AXIS2_PLACEMENT_3D('',#2774,#2775,#2776);
#2778=CYLINDRICAL_SURFACE('',#2777,2.4E0);
#2779=ORIENTED_EDGE('',*,*,#2397,.F.);
#2780=ORIENTED_EDGE('',*,*,#2314,.F.);
#2782=ORIENTED_EDGE('',*,*,#2781,.F.);
#2783=ORIENTED_EDGE('',*,*,#2738,.T.);
#2784=ORIENTED_EDGE('',*,*,#2769,.T.);
#2785=ORIENTED_EDGE('',*,*,#2326,.F.);
#2786=EDGE_LOOP('',(#2779,#2780,#2782,#2783,#2784,#2785));
#2787=FACE_OUTER_BOUND('',#2786,.F.);
#2788=ADVANCED_FACE('',(#2787),#2778,.T.);
#2789=CARTESIAN_POINT('',(8.5E0,-2.35E0,3.35E0));
#2790=DIRECTION('',(1.E0,0.E0,0.E0));
#2791=DIRECTION('',(0.E0,1.E0,0.E0));
#2792=AXIS2_PLACEMENT_3D('',#2789,#2790,#2791);
#2793=PLANE('',#2792);
#2794=ORIENTED_EDGE('',*,*,#2740,.T.);
#2795=ORIENTED_EDGE('',*,*,#2781,.T.);
#2796=ORIENTED_EDGE('',*,*,#2312,.F.);
#2798=ORIENTED_EDGE('',*,*,#2797,.F.);
#2799=EDGE_LOOP('',(#2794,#2795,#2796,#2798));
#2800=FACE_OUTER_BOUND('',#2799,.F.);
#2801=ADVANCED_FACE('',(#2800),#2793,.T.);
#2802=CARTESIAN_POINT('',(6.1E0,-2.35E0,3.35E0));
#2803=DIRECTION('',(0.E0,0.E0,1.E0));
#2804=DIRECTION('',(1.E0,0.E0,0.E0));
#2805=AXIS2_PLACEMENT_3D('',#2802,#2803,#2804);
#2806=CYLINDRICAL_SURFACE('',#2805,2.4E0);
#2807=ORIENTED_EDGE('',*,*,#2383,.F.);
#2808=ORIENTED_EDGE('',*,*,#2298,.F.);
#2810=ORIENTED_EDGE('',*,*,#2809,.F.);
#2811=ORIENTED_EDGE('',*,*,#2742,.T.);
#2812=ORIENTED_EDGE('',*,*,#2797,.T.);
#2813=ORIENTED_EDGE('',*,*,#2310,.F.);
#2814=EDGE_LOOP('',(#2807,#2808,#2810,#2811,#2812,#2813));
#2815=FACE_OUTER_BOUND('',#2814,.F.);
#2816=ADVANCED_FACE('',(#2815),#2806,.T.);
#2817=CARTESIAN_POINT('',(-6.1E0,-4.75E0,3.35E0));
#2818=DIRECTION('',(0.E0,-1.E0,0.E0));
#2819=DIRECTION('',(1.E0,0.E0,0.E0));
#2820=AXIS2_PLACEMENT_3D('',#2817,#2818,#2819);
#2821=PLANE('',#2820);
#2822=ORIENTED_EDGE('',*,*,#2744,.T.);
#2823=ORIENTED_EDGE('',*,*,#2809,.T.);
#2824=ORIENTED_EDGE('',*,*,#2296,.F.);
#2825=ORIENTED_EDGE('',*,*,#2711,.F.);
#2826=EDGE_LOOP('',(#2822,#2823,#2824,#2825));
#2827=FACE_OUTER_BOUND('',#2826,.F.);
#2828=ADVANCED_FACE('',(#2827),#2821,.T.);
#2829=CARTESIAN_POINT('',(-7.55E0,3.8E0,3.35E0));
#2830=DIRECTION('',(0.E0,-1.E0,0.E0));
#2831=DIRECTION('',(1.E0,0.E0,0.E0));
#2832=AXIS2_PLACEMENT_3D('',#2829,#2830,#2831);
#2833=PLANE('',#2832);
#2834=ORIENTED_EDGE('',*,*,#2411,.F.);
#2836=ORIENTED_EDGE('',*,*,#2835,.F.);
#2837=ORIENTED_EDGE('',*,*,#2750,.T.);
#2839=ORIENTED_EDGE('',*,*,#2838,.T.);
#2840=EDGE_LOOP('',(#2834,#2836,#2837,#2839));
#2841=FACE_OUTER_BOUND('',#2840,.F.);
#2842=ADVANCED_FACE('',(#2841),#2833,.T.);
#2843=CARTESIAN_POINT('',(-7.55E0,-3.8E0,3.35E0));
#2844=DIRECTION('',(1.E0,0.E0,0.E0));
#2845=DIRECTION('',(0.E0,1.E0,0.E0));
#2846=AXIS2_PLACEMENT_3D('',#2843,#2844,#2845);
#2847=PLANE('',#2846);
#2848=ORIENTED_EDGE('',*,*,#2417,.F.);
#2850=ORIENTED_EDGE('',*,*,#2849,.F.);
#2851=ORIENTED_EDGE('',*,*,#2752,.T.);
#2852=ORIENTED_EDGE('',*,*,#2835,.T.);
#2853=EDGE_LOOP('',(#2848,#2850,#2851,#2852));
#2854=FACE_OUTER_BOUND('',#2853,.F.);
#2855=ADVANCED_FACE('',(#2854),#2847,.T.);
#2856=CARTESIAN_POINT('',(7.55E0,-3.8E0,3.35E0));
#2857=DIRECTION('',(0.E0,1.E0,0.E0));
#2858=DIRECTION('',(-1.E0,0.E0,0.E0));
#2859=AXIS2_PLACEMENT_3D('',#2856,#2857,#2858);
#2860=PLANE('',#2859);
#2861=ORIENTED_EDGE('',*,*,#2415,.F.);
#2863=ORIENTED_EDGE('',*,*,#2862,.F.);
#2864=ORIENTED_EDGE('',*,*,#2754,.T.);
#2865=ORIENTED_EDGE('',*,*,#2849,.T.);
#2866=EDGE_LOOP('',(#2861,#2863,#2864,#2865));
#2867=FACE_OUTER_BOUND('',#2866,.F.);
#2868=ADVANCED_FACE('',(#2867),#2860,.T.);
#2869=CARTESIAN_POINT('',(7.55E0,3.8E0,3.35E0));
#2870=DIRECTION('',(-1.E0,0.E0,0.E0));
#2871=DIRECTION('',(0.E0,-1.E0,0.E0));
#2872=AXIS2_PLACEMENT_3D('',#2869,#2870,#2871);
#2873=PLANE('',#2872);
#2874=ORIENTED_EDGE('',*,*,#2413,.F.);
#2875=ORIENTED_EDGE('',*,*,#2838,.F.);
#2876=ORIENTED_EDGE('',*,*,#2756,.T.);
#2877=ORIENTED_EDGE('',*,*,#2862,.T.);
#2878=EDGE_LOOP('',(#2874,#2875,#2876,#2877));
#2879=FACE_OUTER_BOUND('',#2878,.F.);
#2880=ADVANCED_FACE('',(#2879),#2873,.T.);
#2881=CLOSED_SHELL('',(#1374,#1389,#1404,#1418,#1430,#1445,#1458,#1498,#1512,
#1525,#1538,#1551,#1564,#1577,#1590,#1602,#1617,#1632,#1646,#1659,#1672,#1684,
#1699,#1714,#1727,#1740,#1776,#1791,#1812,#1826,#1842,#1855,#1867,#1888,#1901,
#1914,#1926,#1939,#1966,#1982,#1994,#2009,#2023,#2037,#2051,#2065,#2078,#2102,
#2116,#2129,#2142,#2154,#2174,#2189,#2203,#2217,#2230,#2252,#2271,#2286,#2302,
#2318,#2334,#2352,#2364,#2377,#2391,#2405,#2431,#2446,#2460,#2474,#2487,#2509,
#2525,#2540,#2554,#2568,#2581,#2603,#2617,#2630,#2643,#2655,#2670,#2685,#2699,
#2716,#2729,#2760,#2773,#2788,#2801,#2816,#2828,#2842,#2855,#2868,#2880));
#2882=MANIFOLD_SOLID_BREP('',#2881);
#2884=DIMENSIONAL_EXPONENTS(0.E0,0.E0,0.E0,0.E0,0.E0,0.E0,0.E0);
#2886=PLANE_ANGLE_MEASURE_WITH_UNIT(PLANE_ANGLE_MEASURE(1.745329251994E-2),
#2885);
#2887=(CONVERSION_BASED_UNIT('DEGREE',#2886)NAMED_UNIT(*)PLANE_ANGLE_UNIT());
#2889=UNCERTAINTY_MEASURE_WITH_UNIT(LENGTH_MEASURE(5.728036313651E-3),#2883,
'closure',
'Maximum model space distance between geometric entities at asserted connectivities');
#2890=(GEOMETRIC_REPRESENTATION_CONTEXT(3)GLOBAL_UNCERTAINTY_ASSIGNED_CONTEXT((
#2889))GLOBAL_UNIT_ASSIGNED_CONTEXT((#2883,#2887,#2888))REPRESENTATION_CONTEXT(
'ID1','3'));
#2892=APPLICATION_CONTEXT(
'CONFIGURATION CONTROLLED 3D DESIGNS OF MECHANICAL PARTS AND ASSEMBLIES');
#2893=APPLICATION_PROTOCOL_DEFINITION('international standard',
'config_control_design',1994,#2892);
#2894=DESIGN_CONTEXT('',#2892,'design');
#2895=MECHANICAL_CONTEXT('',#2892,'mechanical');
#2896=PRODUCT('D-NAUSB-W','D-NAUSB-W','NOT SPECIFIED',(#2895));
#2897=PRODUCT_DEFINITION_FORMATION_WITH_SPECIFIED_SOURCE('1','LAST_VERSION',
#2896,.MADE.);
#2901=PRODUCT_CATEGORY('part','');
#2902=PRODUCT_RELATED_PRODUCT_CATEGORY('detail','',(#2896));
#2903=PRODUCT_CATEGORY_RELATIONSHIP('','',#2901,#2902);
#2904=SECURITY_CLASSIFICATION_LEVEL('unclassified');
#2905=SECURITY_CLASSIFICATION('','',#2904);
#2906=CC_DESIGN_SECURITY_CLASSIFICATION(#2905,(#2897));
#2907=APPROVAL_STATUS('approved');
#2908=APPROVAL(#2907,'');
#2909=CC_DESIGN_APPROVAL(#2908,(#2905,#2897,#2898));
#2910=CALENDAR_DATE(117,19,7);
#2911=COORDINATED_UNIVERSAL_TIME_OFFSET(2,0,.AHEAD.);
#2912=LOCAL_TIME(13,17,5.E0,#2911);
#2913=DATE_AND_TIME(#2910,#2912);
#2914=APPROVAL_DATE_TIME(#2913,#2908);
#2915=DATE_TIME_ROLE('creation_date');
#2916=CC_DESIGN_DATE_AND_TIME_ASSIGNMENT(#2913,#2915,(#2898));
#2917=DATE_TIME_ROLE('classification_date');
#2918=CC_DESIGN_DATE_AND_TIME_ASSIGNMENT(#2913,#2917,(#2905));
#2919=PERSON('UNSPECIFIED','UNSPECIFIED',$,$,$,$);
#2920=ORGANIZATION('UNSPECIFIED','UNSPECIFIED','UNSPECIFIED');
#2921=PERSON_AND_ORGANIZATION(#2919,#2920);
#2922=APPROVAL_ROLE('approver');
#2923=APPROVAL_PERSON_ORGANIZATION(#2921,#2908,#2922);
#2924=PERSON_AND_ORGANIZATION_ROLE('creator');
#2925=CC_DESIGN_PERSON_AND_ORGANIZATION_ASSIGNMENT(#2921,#2924,(#2897,#2898));
#2926=PERSON_AND_ORGANIZATION_ROLE('design_supplier');
#2927=CC_DESIGN_PERSON_AND_ORGANIZATION_ASSIGNMENT(#2921,#2926,(#2897));
#2928=PERSON_AND_ORGANIZATION_ROLE('classification_officer');
#2929=CC_DESIGN_PERSON_AND_ORGANIZATION_ASSIGNMENT(#2921,#2928,(#2905));
#2930=PERSON_AND_ORGANIZATION_ROLE('design_owner');
#2931=CC_DESIGN_PERSON_AND_ORGANIZATION_ASSIGNMENT(#2921,#2930,(#2896));
#5=CIRCLE('',#4,1.6E0);
#10=CIRCLE('',#9,1.6E0);
#15=CIRCLE('',#14,1.6E0);
#20=CIRCLE('',#19,1.6E0);
#25=CIRCLE('',#24,3.5E0);
#34=CIRCLE('',#33,3.5E0);
#43=CIRCLE('',#42,3.5E0);
#52=CIRCLE('',#51,3.5E0);
#61=CIRCLE('',#60,1.18E1);
#66=CIRCLE('',#65,1.18E1);
#71=CIRCLE('',#70,1.6E0);
#88=CIRCLE('',#87,1.6E0);
#97=CIRCLE('',#96,3.E0);
#106=CIRCLE('',#105,3.E0);
#115=CIRCLE('',#114,3.5E0);
#124=CIRCLE('',#123,3.5E0);
#133=CIRCLE('',#132,3.5E0);
#142=CIRCLE('',#141,3.5E0);
#151=CIRCLE('',#150,3.E0);
#156=CIRCLE('',#155,3.E0);
#161=CIRCLE('',#160,3.E0);
#166=CIRCLE('',#165,3.E0);
#171=CIRCLE('',#170,1.18E1);
#176=CIRCLE('',#175,1.18E1);
#213=CIRCLE('',#212,3.E0);
#226=CIRCLE('',#225,1.6E0);
#235=CIRCLE('',#234,1.6E0);
#248=CIRCLE('',#247,3.E0);
#257=CIRCLE('',#256,1.18E1);
#266=CIRCLE('',#265,1.18E1);
#547=CIRCLE('',#546,1.18E1);
#552=CIRCLE('',#551,1.18E1);
#557=CIRCLE('',#556,1.1E1);
#574=CIRCLE('',#573,1.025E1);
#583=CIRCLE('',#582,1.025E1);
#616=CIRCLE('',#615,1.1E1);
#633=CIRCLE('',#632,2.4E0);
#642=CIRCLE('',#641,2.4E0);
#647=CIRCLE('',#646,2.4E0);
#656=CIRCLE('',#655,2.4E0);
#661=CIRCLE('',#660,2.4E0);
#670=CIRCLE('',#669,2.4E0);
#675=CIRCLE('',#674,2.4E0);
#684=CIRCLE('',#683,2.4E0);
#709=CIRCLE('',#708,2.4E0);
#722=CIRCLE('',#721,2.4E0);
#735=CIRCLE('',#734,2.4E0);
#748=CIRCLE('',#747,2.4E0);
#937=CIRCLE('',#936,2.4E0);
#946=CIRCLE('',#945,2.4E0);
#955=CIRCLE('',#954,2.4E0);
#964=CIRCLE('',#963,2.4E0);
#1338=EDGE_CURVE('',#1031,#1032,#25,.T.);
#1340=EDGE_CURVE('',#1032,#1034,#29,.T.);
#1342=EDGE_CURVE('',#1034,#1036,#34,.T.);
#1344=EDGE_CURVE('',#1036,#1038,#38,.T.);
#1346=EDGE_CURVE('',#1038,#1040,#43,.T.);
#1348=EDGE_CURVE('',#1040,#1042,#47,.T.);
#1350=EDGE_CURVE('',#1042,#1044,#52,.T.);
#1352=EDGE_CURVE('',#1044,#1031,#56,.T.);
#1356=EDGE_CURVE('',#1027,#1028,#15,.T.);
#1358=EDGE_CURVE('',#1028,#1027,#20,.T.);
#1362=EDGE_CURVE('',#1023,#1024,#5,.T.);
#1364=EDGE_CURVE('',#1024,#1023,#10,.T.);
#1368=EDGE_CURVE('',#1095,#1096,#61,.T.);
#1370=EDGE_CURVE('',#1096,#1095,#66,.T.);
#1380=EDGE_CURVE('',#1072,#1071,#71,.T.);
#1382=EDGE_CURVE('',#1024,#1072,#92,.T.);
#1385=EDGE_CURVE('',#1023,#1071,#75,.T.);
#1396=EDGE_CURVE('',#1071,#1075,#83,.T.);
#1398=EDGE_CURVE('',#1076,#1075,#106,.T.);
#1400=EDGE_CURVE('',#1072,#1076,#79,.T.);
#1410=EDGE_CURVE('',#1071,#1072,#88,.T.);
#1413=EDGE_CURVE('',#1075,#1076,#97,.T.);
#1437=EDGE_CURVE('',#1064,#1076,#110,.T.);
#1439=EDGE_CURVE('',#1063,#1064,#151,.T.);
#1441=EDGE_CURVE('',#1063,#1075,#101,.T.);
#1453=EDGE_CURVE('',#1064,#1063,#156,.T.);
#1464=EDGE_CURVE('',#1047,#1048,#115,.T.);
#1466=EDGE_CURVE('',#1060,#1047,#119,.T.);
#1468=EDGE_CURVE('',#1058,#1060,#124,.T.);
#1470=EDGE_CURVE('',#1056,#1058,#128,.T.);
#1472=EDGE_CURVE('',#1054,#1056,#133,.T.);
#1474=EDGE_CURVE('',#1052,#1054,#137,.T.);
#1476=EDGE_CURVE('',#1050,#1052,#142,.T.);
#1478=EDGE_CURVE('',#1048,#1050,#146,.T.);
#1486=EDGE_CURVE('',#1067,#1068,#161,.T.);
#1488=EDGE_CURVE('',#1068,#1067,#166,.T.);
#1492=EDGE_CURVE('',#1099,#1100,#171,.T.);
#1494=EDGE_CURVE('',#1100,#1099,#176,.T.);
#1505=EDGE_CURVE('',#1031,#1047,#180,.T.);
#1508=EDGE_CURVE('',#1032,#1048,#208,.T.);
#1519=EDGE_CURVE('',#1044,#1060,#184,.T.);
#1532=EDGE_CURVE('',#1042,#1058,#188,.T.);
#1545=EDGE_CURVE('',#1040,#1056,#192,.T.);
#1558=EDGE_CURVE('',#1038,#1054,#196,.T.);
#1571=EDGE_CURVE('',#1036,#1052,#200,.T.);
#1584=EDGE_CURVE('',#1034,#1050,#204,.T.);
#1608=EDGE_CURVE('',#1083,#1084,#213,.T.);
#1610=EDGE_CURVE('',#1068,#1084,#252,.T.);
#1613=EDGE_CURVE('',#1067,#1083,#217,.T.);
#1623=EDGE_CURVE('',#1079,#1080,#226,.T.);
#1625=EDGE_CURVE('',#1080,#1084,#243,.T.);
#1628=EDGE_CURVE('',#1079,#1083,#221,.T.);
#1639=EDGE_CURVE('',#1027,#1079,#239,.T.);
#1642=EDGE_CURVE('',#1028,#1080,#230,.T.);
#1652=EDGE_CURVE('',#1080,#1079,#235,.T.);
#1667=EDGE_CURVE('',#1084,#1083,#248,.T.);
#1691=EDGE_CURVE('',#1091,#1095,#270,.T.);
#1693=EDGE_CURVE('',#1091,#1092,#257,.T.);
#1695=EDGE_CURVE('',#1092,#1096,#261,.T.);
#1706=EDGE_CURVE('',#1099,#1088,#278,.T.);
#1708=EDGE_CURVE('',#1087,#1088,#552,.T.);
#1710=EDGE_CURVE('',#1100,#1087,#274,.T.);
#1722=EDGE_CURVE('',#1091,#1092,#266,.T.);
#1735=EDGE_CURVE('',#1087,#1088,#547,.T.);
#1750=EDGE_CURVE('',#1243,#1244,#282,.T.);
#1752=EDGE_CURVE('',#1244,#1246,#286,.T.);
#1754=EDGE_CURVE('',#1246,#1248,#290,.T.);
#1756=EDGE_CURVE('',#1248,#1115,#294,.T.);
#1758=EDGE_CURVE('',#1115,#1116,#298,.T.);
#1760=EDGE_CURVE('',#1116,#1259,#302,.T.);
#1762=EDGE_CURVE('',#1259,#1260,#306,.T.);
#1764=EDGE_CURVE('',#1260,#1262,#310,.T.);
#1766=EDGE_CURVE('',#1262,#1264,#314,.T.);
#1768=EDGE_CURVE('',#1264,#1111,#318,.T.);
#1770=EDGE_CURVE('',#1111,#1112,#322,.T.);
#1772=EDGE_CURVE('',#1112,#1243,#326,.T.);
#1783=EDGE_CURVE('',#1243,#1251,#334,.T.);
#1785=EDGE_CURVE('',#1251,#1239,#354,.T.);
#1787=EDGE_CURVE('',#1244,#1239,#374,.T.);
#1797=EDGE_CURVE('',#1251,#1252,#330,.T.);
#1801=EDGE_CURVE('',#1112,#1106,#338,.T.);
#1803=EDGE_CURVE('',#1106,#1108,#414,.T.);
#1805=EDGE_CURVE('',#1115,#1108,#402,.T.);
#1808=EDGE_CURVE('',#1248,#1252,#342,.T.);
#1819=EDGE_CURVE('',#1240,#1252,#346,.T.);
#1821=EDGE_CURVE('',#1239,#1240,#350,.T.);
#1832=EDGE_CURVE('',#1267,#1268,#378,.T.);
#1834=EDGE_CURVE('',#1256,#1267,#358,.T.);
#1836=EDGE_CURVE('',#1255,#1256,#362,.T.);
#1838=EDGE_CURVE('',#1268,#1255,#366,.T.);
#1849=EDGE_CURVE('',#1246,#1240,#370,.T.);
#1874=EDGE_CURVE('',#1259,#1268,#382,.T.);
#1877=EDGE_CURVE('',#1116,#1103,#386,.T.);
#1879=EDGE_CURVE('',#1103,#1104,#406,.T.);
#1881=EDGE_CURVE('',#1111,#1104,#462,.T.);
#1884=EDGE_CURVE('',#1264,#1267,#390,.T.);
#1897=EDGE_CURVE('',#1260,#1255,#394,.T.);
#1910=EDGE_CURVE('',#1262,#1256,#398,.T.);
#1934=EDGE_CURVE('',#1108,#1103,#410,.T.);
#1948=EDGE_CURVE('',#1104,#1106,#418,.T.);
#1952=EDGE_CURVE('',#1171,#1172,#422,.T.);
#1954=EDGE_CURVE('',#1172,#1174,#426,.T.);
#1956=EDGE_CURVE('',#1174,#1176,#430,.T.);
#1958=EDGE_CURVE('',#1176,#1178,#434,.T.);
#1960=EDGE_CURVE('',#1178,#1180,#438,.T.);
#1962=EDGE_CURVE('',#1180,#1171,#442,.T.);
#1972=EDGE_CURVE('',#1183,#1184,#446,.T.);
#1974=EDGE_CURVE('',#1184,#1186,#450,.T.);
#1976=EDGE_CURVE('',#1186,#1188,#454,.T.);
#1978=EDGE_CURVE('',#1188,#1183,#458,.T.);
#2001=EDGE_CURVE('',#1171,#1151,#466,.T.);
#2003=EDGE_CURVE('',#1151,#1152,#490,.T.);
#2005=EDGE_CURVE('',#1172,#1152,#486,.T.);
#2016=EDGE_CURVE('',#1180,#1160,#470,.T.);
#2018=EDGE_CURVE('',#1160,#1151,#494,.T.);
#2030=EDGE_CURVE('',#1178,#1158,#474,.T.);
#2032=EDGE_CURVE('',#1158,#1160,#498,.T.);
#2044=EDGE_CURVE('',#1176,#1156,#478,.T.);
#2046=EDGE_CURVE('',#1156,#1158,#502,.T.);
#2058=EDGE_CURVE('',#1174,#1154,#482,.T.);
#2060=EDGE_CURVE('',#1154,#1156,#506,.T.);
#2073=EDGE_CURVE('',#1152,#1154,#510,.T.);
#2092=EDGE_CURVE('',#1163,#1164,#514,.T.);
#2094=EDGE_CURVE('',#1168,#1163,#518,.T.);
#2096=EDGE_CURVE('',#1166,#1168,#522,.T.);
#2098=EDGE_CURVE('',#1164,#1166,#526,.T.);
#2109=EDGE_CURVE('',#1183,#1163,#530,.T.);
#2112=EDGE_CURVE('',#1184,#1164,#542,.T.);
#2123=EDGE_CURVE('',#1188,#1168,#534,.T.);
#2136=EDGE_CURVE('',#1186,#1166,#538,.T.);
#2164=EDGE_CURVE('',#1227,#1228,#557,.T.);
#2166=EDGE_CURVE('',#1228,#1230,#561,.T.);
#2168=EDGE_CURVE('',#1232,#1230,#574,.T.);
#2170=EDGE_CURVE('',#1232,#1227,#565,.T.);
#2181=EDGE_CURVE('',#1227,#1223,#569,.T.);
#2183=EDGE_CURVE('',#1223,#1224,#616,.T.);
#2185=EDGE_CURVE('',#1228,#1224,#591,.T.);
#2196=EDGE_CURVE('',#1232,#1234,#587,.T.);
#2198=EDGE_CURVE('',#1234,#1223,#620,.T.);
#2210=EDGE_CURVE('',#1230,#1236,#578,.T.);
#2212=EDGE_CURVE('',#1236,#1234,#583,.T.);
#2225=EDGE_CURVE('',#1224,#1236,#611,.T.);
#2242=EDGE_CURVE('',#1119,#1120,#595,.T.);
#2244=EDGE_CURVE('',#1120,#1122,#599,.T.);
#2246=EDGE_CURVE('',#1122,#1124,#603,.T.);
#2248=EDGE_CURVE('',#1124,#1119,#607,.T.);
#2258=EDGE_CURVE('',#1312,#1315,#624,.T.);
#2260=EDGE_CURVE('',#1315,#1128,#730,.T.);
#2262=EDGE_CURVE('',#1120,#1128,#924,.T.);
#2265=EDGE_CURVE('',#1119,#1126,#628,.T.);
#2267=EDGE_CURVE('',#1126,#1312,#713,.T.);
#2278=EDGE_CURVE('',#1312,#1295,#633,.T.);
#2280=EDGE_CURVE('',#1295,#1296,#637,.T.);
#2282=EDGE_CURVE('',#1296,#1315,#642,.T.);
#2292=EDGE_CURVE('',#1316,#1319,#920,.T.);
#2294=EDGE_CURVE('',#1316,#1299,#647,.T.);
#2296=EDGE_CURVE('',#1299,#1300,#651,.T.);
#2298=EDGE_CURVE('',#1300,#1319,#656,.T.);
#2308=EDGE_CURVE('',#1320,#1323,#912,.T.);
#2310=EDGE_CURVE('',#1320,#1303,#661,.T.);
#2312=EDGE_CURVE('',#1303,#1304,#665,.T.);
#2314=EDGE_CURVE('',#1304,#1323,#670,.T.);
#2324=EDGE_CURVE('',#1324,#1311,#904,.T.);
#2326=EDGE_CURVE('',#1324,#1307,#675,.T.);
#2328=EDGE_CURVE('',#1307,#1308,#679,.T.);
#2330=EDGE_CURVE('',#1308,#1311,#684,.T.);
#2340=EDGE_CURVE('',#1311,#1312,#709,.T.);
#2343=EDGE_CURVE('',#1271,#1308,#688,.T.);
#2345=EDGE_CURVE('',#1271,#1272,#937,.T.);
#2347=EDGE_CURVE('',#1272,#1295,#932,.T.);
#2360=EDGE_CURVE('',#1311,#1126,#717,.T.);
#2370=EDGE_CURVE('',#1315,#1316,#722,.T.);
#2372=EDGE_CURVE('',#1128,#1316,#726,.T.);
#2383=EDGE_CURVE('',#1319,#1320,#735,.T.);
#2385=EDGE_CURVE('',#1130,#1320,#739,.T.);
#2387=EDGE_CURVE('',#1319,#1130,#743,.T.);
#2397=EDGE_CURVE('',#1323,#1324,#748,.T.);
#2399=EDGE_CURVE('',#1132,#1324,#752,.T.);
#2401=EDGE_CURVE('',#1323,#1132,#756,.T.);
#2411=EDGE_CURVE('',#1327,#1328,#760,.T.);
#2413=EDGE_CURVE('',#1328,#1330,#764,.T.);
#2415=EDGE_CURVE('',#1330,#1332,#768,.T.);
#2417=EDGE_CURVE('',#1332,#1327,#772,.T.);
#2421=EDGE_CURVE('',#1143,#1144,#692,.T.);
#2423=EDGE_CURVE('',#1144,#1146,#696,.T.);
#2425=EDGE_CURVE('',#1146,#1148,#700,.T.);
#2427=EDGE_CURVE('',#1148,#1143,#704,.T.);
#2438=EDGE_CURVE('',#1143,#1135,#776,.T.);
#2440=EDGE_CURVE('',#1135,#1136,#792,.T.);
#2442=EDGE_CURVE('',#1144,#1136,#788,.T.);
#2453=EDGE_CURVE('',#1148,#1140,#780,.T.);
#2455=EDGE_CURVE('',#1140,#1135,#796,.T.);
#2467=EDGE_CURVE('',#1146,#1138,#784,.T.);
#2469=EDGE_CURVE('',#1138,#1140,#800,.T.);
#2482=EDGE_CURVE('',#1136,#1138,#804,.T.);
#2499=EDGE_CURVE('',#1207,#1208,#808,.T.);
#2501=EDGE_CURVE('',#1208,#1210,#812,.T.);
#2503=EDGE_CURVE('',#1210,#1212,#816,.T.);
#2505=EDGE_CURVE('',#1212,#1207,#820,.T.);
#2515=EDGE_CURVE('',#1215,#1216,#824,.T.);
#2517=EDGE_CURVE('',#1216,#1218,#828,.T.);
#2519=EDGE_CURVE('',#1218,#1220,#832,.T.);
#2521=EDGE_CURVE('',#1220,#1215,#836,.T.);
#2532=EDGE_CURVE('',#1207,#1191,#840,.T.);
#2534=EDGE_CURVE('',#1191,#1192,#856,.T.);
#2536=EDGE_CURVE('',#1208,#1192,#852,.T.);
#2547=EDGE_CURVE('',#1212,#1196,#844,.T.);
#2549=EDGE_CURVE('',#1196,#1191,#860,.T.);
#2561=EDGE_CURVE('',#1210,#1194,#848,.T.);
#2563=EDGE_CURVE('',#1194,#1196,#864,.T.);
#2576=EDGE_CURVE('',#1192,#1194,#868,.T.);
#2593=EDGE_CURVE('',#1199,#1200,#872,.T.);
#2595=EDGE_CURVE('',#1204,#1199,#876,.T.);
#2597=EDGE_CURVE('',#1202,#1204,#880,.T.);
#2599=EDGE_CURVE('',#1200,#1202,#884,.T.);
#2610=EDGE_CURVE('',#1215,#1199,#888,.T.);
#2613=EDGE_CURVE('',#1216,#1200,#900,.T.);
#2624=EDGE_CURVE('',#1220,#1204,#892,.T.);
#2637=EDGE_CURVE('',#1218,#1202,#896,.T.);
#2665=EDGE_CURVE('',#1124,#1132,#908,.T.);
#2680=EDGE_CURVE('',#1122,#1130,#916,.T.);
#2707=EDGE_CURVE('',#1274,#1296,#928,.T.);
#2709=EDGE_CURVE('',#1274,#1276,#964,.T.);
#2711=EDGE_CURVE('',#1276,#1299,#1004,.T.);
#2722=EDGE_CURVE('',#1272,#1274,#968,.T.);
#2736=EDGE_CURVE('',#1284,#1271,#941,.T.);
#2738=EDGE_CURVE('',#1282,#1284,#946,.T.);
#2740=EDGE_CURVE('',#1280,#1282,#950,.T.);
#2742=EDGE_CURVE('',#1278,#1280,#955,.T.);
#2744=EDGE_CURVE('',#1276,#1278,#959,.T.);
#2750=EDGE_CURVE('',#1287,#1288,#972,.T.);
#2752=EDGE_CURVE('',#1292,#1287,#976,.T.);
#2754=EDGE_CURVE('',#1290,#1292,#980,.T.);
#2756=EDGE_CURVE('',#1288,#1290,#984,.T.);
#2769=EDGE_CURVE('',#1284,#1307,#988,.T.);
#2781=EDGE_CURVE('',#1282,#1304,#992,.T.);
#2797=EDGE_CURVE('',#1280,#1303,#996,.T.);
#2809=EDGE_CURVE('',#1278,#1300,#1000,.T.);
#2835=EDGE_CURVE('',#1287,#1327,#1008,.T.);
#2838=EDGE_CURVE('',#1288,#1328,#1020,.T.);
#2849=EDGE_CURVE('',#1292,#1332,#1012,.T.);
#2862=EDGE_CURVE('',#1290,#1330,#1016,.T.);
#2883=(LENGTH_UNIT()NAMED_UNIT(*)SI_UNIT(.MILLI.,.METRE.));
#2885=(NAMED_UNIT(*)PLANE_ANGLE_UNIT()SI_UNIT($,.RADIAN.));
#2888=(NAMED_UNIT(*)SI_UNIT($,.STERADIAN.)SOLID_ANGLE_UNIT());
#2891=ADVANCED_BREP_SHAPE_REPRESENTATION('',(#2882),#2890);
#2898=PRODUCT_DEFINITION('design','',#2897,#2894);
#2899=PRODUCT_DEFINITION_SHAPE('','SHAPE FOR D-NAUSB-W.',#2898);
#2900=SHAPE_DEFINITION_REPRESENTATION(#2899,#2891);
ENDSEC;
END-ISO-10303-21;
