999
DXF file: st-nausb-w.dxf
999
Pro/ENGINEER 2011310 by Parametric Technology Corporation
  0
SECTION
  2
HEADER
  9
$ACADVER
  1
AC1018
  9
$DWGCODEPAGE
  3
ANSI_1252
  9
$EXTMAX
 10
420.0
 20
297.0
 30
0.0
  9
$EXTMIN
 10
0.0
 20
0.0
 30
0.0
  9
$LIMMIN
 10
0.0
 20
0.0
  9
$LIMMAX
 10
420.0
 20
297.0
  9
$VIEWCTR
 10
210.0
 20
148.5
  9
$VIEWSIZE
 40
297.0
  9
$CLAYER
  8
0
  9
$LTSCALE
 40
23.1
  9
$CELTYPE
  6
BYLAYER
  9
$DIMSCALE
 40
1.0
  9
$DIMASZ
 40
3.5
  9
$DIMEXO
 40
2.625
  9
$DIMDLI
 40
15.96
  9
$DIMEXE
 40
7.56
  9
$DIMCEN
 40
3.78
  9
$DIMLFAC
 40
1.0
  9
$DIMBLK
  1
_FILLED
  9
$DIMTXT
 40
3.5
  9
$DIMTOL
 70
1
  9
$DIMLIM
 70
0
  9
$DIMTFAC
 40
1.0
  9
$DIMTP
 40
0.005
  9
$DIMTM
 40
0.005
  9
$PDMODE
 70
3
  9
$PDSIZE
 40
0.3125
  9
$HANDSEED
  5
CB5
  9
$TILEMODE
 70
1
  9
$MEASUREMENT
 70
1
  9
$INSUNITS
 70
4
  0
ENDSEC
  0
SECTION
  2
CLASSES
  0
CLASS
  1
ACDBDICTIONARYWDFLT
  2
AcDbDictionaryWithDefault
  3
AutoCAD 2000
 90
0
 91
1
280
0
281
0
  0
CLASS
  1
ACDBPLACEHOLDER
  2
AcDbPlaceHolder
  3
AutoCAD 2000
 90
0
 91
1
280
0
281
0
  0
CLASS
  1
LAYOUT
  2
AcDbLayout
  3
AutoCAD 2000
 90
0
 91
0
280
0
281
0
  0
CLASS
  1
TABLESTYLE
  2
AcDbTableStyle
  3
ObjectDBX Classes
 90
2047
 91
1
280
0
281
0
  0
CLASS
  1
ACAD_TABLE
  2
AcDbTable
  3
ObjectDBX Classes
 90
1025
 91
1
280
0
281
1
  0
ENDSEC
  0
SECTION
  2
TABLES
  0
TABLE
  2
VPORT
  5
8
100
AcDbSymbolTable
 70
2
  0
VPORT
  5
1F4
100
AcDbSymbolTableRecord
100
AcDbViewportTableRecord
  2
*ACTIVE
 70
0
 10
0.0
 20
0.0
 11
1.0
 21
1.0
 12
210.0
 22
148.5
 13
0.0
 23
0.0
 14
1.0
 24
1.0
 15
0.0
 25
0.0
 16
0.0
 26
0.0
 36
1.0
 17
0.0
 27
0.0
 37
0.0
 40
297.0
 41
1.4141414141
 42
50.0
 43
0.0
 44
0.0
 50
0.0
 51
0.0
 71
0
 72
100
 73
1
 74
1
 75
0
 76
0
 77
0
 78
0
  0
ENDTAB
  0
TABLE
  2
LTYPE
  5
5
100
AcDbSymbolTable
 70
6
  0
LTYPE
  5
14
100
AcDbSymbolTableRecord
100
AcDbLinetypeTableRecord
  2
BYBLOCK
 70
0
  3

 72
65
 73
0
 40
0.0
  0
LTYPE
  5
15
100
AcDbSymbolTableRecord
100
AcDbLinetypeTableRecord
  2
BYLAYER
 70
0
  3

 72
65
 73
0
 40
0.0
  0
LTYPE
  5
16
100
AcDbSymbolTableRecord
100
AcDbLinetypeTableRecord
  2
CONTINUOUS
 70
64
  3
Solid line
 72
65
 73
0
 40
0.0
  0
LTYPE
  5
1F5
100
AcDbSymbolTableRecord
100
AcDbLinetypeTableRecord
  2
CENTER
 70
64
  3
____ _ ____ _ ____ _ ____ _ ____ _ ____ _ ____
 72
65
 73
4
 40
0.6
 49
0.375
 74
0
 49
-0.075
 74
0
 49
0.075
 74
0
 49
-0.075
 74
0
  0
LTYPE
  5
1F6
100
AcDbSymbolTableRecord
100
AcDbLinetypeTableRecord
  2
HIDDEN
 70
64
  3
- - - - - - - - - - - - - - - - - - - -
 72
65
 73
2
 40
0.2
 49
0.1
 74
0
 49
-0.1
 74
0
  0
LTYPE
  5
1F7
100
AcDbSymbolTableRecord
100
AcDbLinetypeTableRecord
  2
PHANTOM
 70
64
  3
_____ _ _ _____ _ _ _____ _ _ _____
 72
65
 73
6
 40
0.8
 49
0.45
 74
0
 49
-0.05
 74
0
 49
0.1
 74
0
 49
-0.05
 74
0
 49
0.1
 74
0
 49
-0.05
 74
0
  0
LTYPE
  5
1F8
100
AcDbSymbolTableRecord
100
AcDbLinetypeTableRecord
  2
DOT
 70
64
  3
. . . . . . . . . . . . . . . . . . . .
 72
65
 73
2
 40
0.2
 49
0.1
 74
0
 49
-0.1
 74
0
  0
LTYPE
  5
1F9
100
AcDbSymbolTableRecord
100
AcDbLinetypeTableRecord
  2
DASHED
 70
64
  3
- - - - - - - - - - - - - - - - - - - -
 72
65
 73
2
 40
0.2
 49
0.1
 74
0
 49
-0.1
 74
0
  0
ENDTAB
  0
TABLE
  2
LAYER
  5
2
100
AcDbSymbolTable
 70
36
  0
LAYER
  5
10
100
AcDbSymbolTableRecord
100
AcDbLayerTableRecord
  2
0
 70
0
 62
7
  6
CONTINUOUS
370
-3
390
F
  0
LAYER
  5
1FA
100
AcDbSymbolTableRecord
100
AcDbLayerTableRecord
  2
DEFAULT_1
 70
0
 62
7
  6
CENTER
370
-3
390
F
  0
LAYER
  5
1FB
100
AcDbSymbolTableRecord
100
AcDbLayerTableRecord
  2
DEFAULT_2
 70
0
 62
8
  6
HIDDEN
370
-3
390
F
  0
LAYER
  5
1FC
100
AcDbSymbolTableRecord
100
AcDbLayerTableRecord
  2
DEFAULT_3
 70
0
 62
7
  6
PHANTOM
370
-3
390
F
  0
LAYER
  5
1FD
100
AcDbSymbolTableRecord
100
AcDbLayerTableRecord
  2
AUSFORMSCHRAEGEN
 70
0
 62
7
  6
CONTINUOUS
370
-3
390
F
  0
LAYER
  5
1FE
100
AcDbSymbolTableRecord
100
AcDbLayerTableRecord
  2
BEZUGSACHSEN
 70
0
 62
7
  6
CONTINUOUS
370
-3
390
F
  0
LAYER
  5
1FF
100
AcDbSymbolTableRecord
100
AcDbLayerTableRecord
  2
BEZUGSEBENEN
 70
0
 62
7
  6
CONTINUOUS
370
-3
390
F
  0
LAYER
  5
200
100
AcDbSymbolTableRecord
100
AcDbLayerTableRecord
  2
BG_STARTBEZUEGE
 70
0
 62
7
  6
CONTINUOUS
370
-3
390
F
  0
LAYER
  5
201
100
AcDbSymbolTableRecord
100
AcDbLayerTableRecord
  2
FASEN
 70
0
 62
7
  6
CONTINUOUS
370
-3
390
F
  0
LAYER
  5
202
100
AcDbSymbolTableRecord
100
AcDbLayerTableRecord
  2
FLAECHEN
 70
0
 62
7
  6
CONTINUOUS
370
-3
390
F
  0
LAYER
  5
203
100
AcDbSymbolTableRecord
100
AcDbLayerTableRecord
  2
GEWINDE
 70
0
 62
7
  6
CONTINUOUS
370
-3
390
F
  0
LAYER
  5
204
100
AcDbSymbolTableRecord
100
AcDbLayerTableRecord
  2
HILFEN
 70
0
 62
7
  6
CONTINUOUS
370
-3
390
F
  0
LAYER
  5
205
100
AcDbSymbolTableRecord
100
AcDbLayerTableRecord
  2
KURVEN
 70
0
 62
7
  6
CONTINUOUS
370
-3
390
F
  0
LAYER
  5
206
100
AcDbSymbolTableRecord
100
AcDbLayerTableRecord
  2
PLAZIERUNG
 70
0
 62
7
  6
CONTINUOUS
370
-3
390
F
  0
LAYER
  5
207
100
AcDbSymbolTableRecord
100
AcDbLayerTableRecord
  2
RUNDUNGEN
 70
0
 62
7
  6
CONTINUOUS
370
-3
390
F
  0
LAYER
  5
208
100
AcDbSymbolTableRecord
100
AcDbLayerTableRecord
  2
TEIL_STARTBEZUEGE
 70
0
 62
7
  6
CONTINUOUS
370
-3
390
F
  0
LAYER
  5
209
100
AcDbSymbolTableRecord
100
AcDbLayerTableRecord
  2
ZEICHNUNGSBEMASSUNGEN
 70
0
 62
7
  6
CONTINUOUS
370
-3
390
F
  0
ENDTAB
  0
TABLE
  2
STYLE
  5
3
100
AcDbSymbolTable
 70
1
  0
STYLE
  5
11
100
AcDbSymbolTableRecord
100
AcDbTextStyleTableRecord
  2
STANDARD
 70
0
 40
0.0
 41
0.7
 50
0.0
 71
0
 42
0.2
  3
txt
  4

  0
STYLE
  5
20A
100
AcDbSymbolTableRecord
100
AcDbTextStyleTableRecord
  2
TEXTSTYLE_1
 70
0
 40
0.0
 41
0.8
 50
0.0
 71
0
 42
0.2
  3
gdt
  4

  0
STYLE
  5
20B
100
AcDbSymbolTableRecord
100
AcDbTextStyleTableRecord
  2
TEXTSTYLE_2
 70
0
 40
0.0
 41
0.6162074671
 50
0.0
 71
0
 42
0.2
  3
txt
  4

  0
STYLE
  5
20C
100
AcDbSymbolTableRecord
100
AcDbTextStyleTableRecord
  2
TEXTSTYLE_3
 70
0
 40
0.0
 41
0.6
 50
0.0
 71
0
 42
0.2
  3
txt
  4

  0
STYLE
  5
20D
100
AcDbSymbolTableRecord
100
AcDbTextStyleTableRecord
  2
TEXTSTYLE_4
 70
0
 40
0.0
 41
0.7
 50
0.0
 71
0
 42
0.2
  3
gdt
  4

  0
STYLE
  5
20E
100
AcDbSymbolTableRecord
100
AcDbTextStyleTableRecord
  2
TEXTSTYLE_5
 70
0
 40
0.0
 41
0.8
 50
0.0
 71
0
 42
0.2
  3
txt
  4

  0
ENDTAB
  0
TABLE
  2
VIEW
  5
6
100
AcDbSymbolTable
 70
0
  0
ENDTAB
  0
TABLE
  2
UCS
  5
7
100
AcDbSymbolTable
 70
0
  0
ENDTAB
  0
TABLE
  2
APPID
  5
9
100
AcDbSymbolTable
 70
1
  0
APPID
  5
20F
100
AcDbSymbolTableRecord
100
AcDbRegAppTableRecord
  2
ACAD
 70
0
  0
ENDTAB
  0
TABLE
  2
BLOCK_RECORD
  5
1
100
AcDbSymbolTable
 70
0
  0
BLOCK_RECORD
  5
210
100
AcDbSymbolTableRecord
100
AcDbBlockTableRecord
  2
*Model_Space
  0
BLOCK_RECORD
  5
211
100
AcDbSymbolTableRecord
100
AcDbBlockTableRecord
  2
*Paper_Space
  0
BLOCK_RECORD
  5
212
100
AcDbSymbolTableRecord
100
AcDbBlockTableRecord
  2
_FILLED
  0
BLOCK_RECORD
  5
213
100
AcDbSymbolTableRecord
100
AcDbBlockTableRecord
  2
*D0
  0
BLOCK_RECORD
  5
214
100
AcDbSymbolTableRecord
100
AcDbBlockTableRecord
  2
*D1
  0
BLOCK_RECORD
  5
215
100
AcDbSymbolTableRecord
100
AcDbBlockTableRecord
  2
*D2
  0
BLOCK_RECORD
  5
216
100
AcDbSymbolTableRecord
100
AcDbBlockTableRecord
  2
*D3
  0
BLOCK_RECORD
  5
217
100
AcDbSymbolTableRecord
100
AcDbBlockTableRecord
  2
*D4
  0
BLOCK_RECORD
  5
218
100
AcDbSymbolTableRecord
100
AcDbBlockTableRecord
  2
*D5
  0
BLOCK_RECORD
  5
219
100
AcDbSymbolTableRecord
100
AcDbBlockTableRecord
  2
*D6
  0
BLOCK_RECORD
  5
21A
100
AcDbSymbolTableRecord
100
AcDbBlockTableRecord
  2
*D7
  0
BLOCK_RECORD
  5
21B
100
AcDbSymbolTableRecord
100
AcDbBlockTableRecord
  2
*D8
  0
BLOCK_RECORD
  5
21C
100
AcDbSymbolTableRecord
100
AcDbBlockTableRecord
  2
*D9
  0
BLOCK_RECORD
  5
21D
100
AcDbSymbolTableRecord
100
AcDbBlockTableRecord
  2
*D10
  0
BLOCK_RECORD
  5
21E
100
AcDbSymbolTableRecord
100
AcDbBlockTableRecord
  2
*D11
  0
BLOCK_RECORD
  5
21F
100
AcDbSymbolTableRecord
100
AcDbBlockTableRecord
  2
*T1
  0
ENDTAB
  0
TABLE
  2
DIMSTYLE
  5
A
100
AcDbSymbolTable
 70
1
100
AcDbDimStyleTable
 71
0
  0
DIMSTYLE
105
220
100
AcDbSymbolTableRecord
100
AcDbDimStyleTableRecord
  2
STANDARD
 70
0
  3

  4

 40
1.0
 41
3.5
 42
0.0625
 43
0.38
 44
0.18
 45
0.0
 46
0.0
 47
0.005
 48
0.005
140
3.5
141
0.09
142
0.0
143
25.4
144
1.0
145
0.0
146
1.0
147
0.09
 71
1.0
 72
0.0
 73
0
 74
0
 75
0
 76
0
 77
1
 78
8
170
0
171
2
172
0
173
0
174
0
175
0
176
0
177
0
178
5
270
2
271
3
272
3
273
2
274
2
275
0
280
0
281
0
282
0
283
1
284
8
285
0
286
0
287
3
288
0
340
11
341
212
342
212
343
212
344
212
  0
DIMSTYLE
105
221
100
AcDbSymbolTableRecord
100
AcDbDimStyleTableRecord
  2
DIMSTYLE_1
 70
0
  3

  4

 40
1.0
 41
3.5
 42
0.0625
 43
0.38
 44
0.18
 45
0.0
 46
0.0
 47
0.3
 48
0.3
140
3.5
141
0.09
142
0.0
143
25.4
144
0.5
145
0.0
146
1.0
147
0.09
 71
0.0
 72
0.0
 73
0
 74
0
 75
0
 76
0
 77
1
 78
8
170
0
171
2
172
0
173
0
174
0
175
0
176
0
177
0
178
5
270
2
271
3
272
3
273
2
274
2
275
0
280
0
281
0
282
0
283
1
284
8
285
0
286
0
287
3
288
0
340
11
341
212
342
212
343
212
344
212
  0
DIMSTYLE
105
222
100
AcDbSymbolTableRecord
100
AcDbDimStyleTableRecord
  2
DIMSTYLE_2
 70
0
  3

  4

 40
1.0
 41
3.5
 42
0.0625
 43
0.38
 44
0.18
 45
0.0
 46
0.0
 47
0.1
 48
0.0
140
3.5
141
0.09
142
0.0
143
25.4
144
0.5
145
0.0
146
0.6
147
0.09
 71
1.0
 72
0.0
 73
0
 74
0
 75
0
 76
0
 77
1
 78
8
170
0
171
2
172
0
173
0
174
0
175
0
176
0
177
0
178
5
270
2
271
3
272
3
273
2
274
2
275
0
280
0
281
0
282
0
283
1
284
8
285
0
286
0
287
3
288
0
340
11
341
212
342
212
343
212
344
212
  0
DIMSTYLE
105
223
100
AcDbSymbolTableRecord
100
AcDbDimStyleTableRecord
  2
DIMSTYLE_3
 70
0
  3

  4

 40
1.0
 41
3.5
 42
0.0625
 43
0.38
 44
0.18
 45
0.0
 46
0.0
 47
0.1
 48
0.1
140
3.5
141
0.09
142
0.0
143
25.4
144
0.5
145
0.0
146
1.0
147
0.09
 71
1.0
 72
0.0
 73
0
 74
0
 75
0
 76
0
 77
1
 78
8
170
0
171
2
172
0
173
0
174
0
175
0
176
0
177
0
178
5
270
2
271
3
272
3
273
2
274
2
275
0
280
0
281
0
282
0
283
1
284
8
285
0
286
0
287
3
288
0
340
11
341
212
342
212
343
212
344
212
  0
DIMSTYLE
105
224
100
AcDbSymbolTableRecord
100
AcDbDimStyleTableRecord
  2
DIMSTYLE_4
 70
0
  3

  4

 40
1.0
 41
3.5
 42
0.0625
 43
0.38
 44
0.18
 45
0.0
 46
0.0
 47
0.1
 48
0.1
140
3.5
141
0.09
142
0.0
143
25.4
144
0.5
145
0.0
146
1.0
147
0.09
 71
0.0
 72
0.0
 73
0
 74
0
 75
0
 76
0
 77
1
 78
8
170
0
171
2
172
0
173
0
174
0
175
0
176
0
177
0
178
5
270
2
271
3
272
3
273
2
274
2
275
0
280
0
281
0
282
0
283
1
284
8
285
0
286
0
287
3
288
0
340
11
341
212
342
212
343
212
344
212
  0
DIMSTYLE
105
225
100
AcDbSymbolTableRecord
100
AcDbDimStyleTableRecord
  2
DIMSTYLE_5
 70
0
  3

  4

 40
1.0
 41
3.5
 42
0.0625
 43
0.38
 44
0.18
 45
0.0
 46
0.0
 47
0.2
 48
0.2
140
3.5
141
0.09
142
0.0
143
25.4
144
1.0
145
0.0
146
1.0
147
0.09
 71
0.0
 72
0.0
 73
0
 74
0
 75
0
 76
0
 77
1
 78
8
170
0
171
2
172
0
173
0
174
0
175
0
176
0
177
0
178
5
270
2
271
3
272
3
273
2
274
2
275
0
280
0
281
0
282
0
283
1
284
8
285
0
286
0
287
3
288
0
340
11
341
212
342
212
343
212
344
212
  0
DIMSTYLE
105
226
100
AcDbSymbolTableRecord
100
AcDbDimStyleTableRecord
  2
DIMSTYLE_6
 70
0
  3

  4

 40
1.0
 41
3.5
 42
0.0625
 43
0.38
 44
0.18
 45
0.0
 46
0.0
 47
0.1
 48
0.1
140
3.5
141
0.09
142
0.0
143
25.4
144
1.0
145
0.0
146
1.0
147
0.09
 71
1.0
 72
0.0
 73
0
 74
0
 75
0
 76
0
 77
1
 78
8
170
0
171
2
172
0
173
0
174
0
175
0
176
0
177
0
178
5
270
2
271
3
272
3
273
2
274
2
275
0
280
0
281
0
282
0
283
1
284
8
285
0
286
0
287
3
288
0
340
11
341
212
342
212
343
212
344
212
  0
DIMSTYLE
105
227
100
AcDbSymbolTableRecord
100
AcDbDimStyleTableRecord
  2
DIMSTYLE_7
 70
0
  3

  4

 40
1.0
 41
3.5
 42
0.0625
 43
0.38
 44
0.18
 45
0.0
 46
0.0
 47
0.1
 48
0.1
140
3.5
141
0.09
142
0.0
143
25.4
144
1.0
145
0.0
146
1.0
147
0.09
 71
0.0
 72
0.0
 73
0
 74
0
 75
0
 76
0
 77
1
 78
8
170
0
171
2
172
0
173
0
174
0
175
0
176
0
177
0
178
5
270
2
271
3
272
3
273
2
274
2
275
0
280
0
281
0
282
0
283
1
284
8
285
0
286
0
287
3
288
0
340
11
341
212
342
212
343
212
344
212
  0
DIMSTYLE
105
228
100
AcDbSymbolTableRecord
100
AcDbDimStyleTableRecord
  2
DIMSTYLE_8
 70
0
  3

  4

 40
1.0
 41
3.5
 42
0.0625
 43
0.38
 44
0.18
 45
0.0
 46
0.0
 47
0.1
 48
0.1
140
3.5
141
0.09
142
0.0
143
25.4
144
0.5
145
0.0
146
1.0
147
0.09
 71
1.0
 72
0.0
 73
0
 74
0
 75
0
 76
0
 77
1
 78
8
170
0
171
2
172
0
173
0
174
0
175
0
176
0
177
0
178
5
270
2
271
4
272
4
273
2
274
2
275
0
280
0
281
0
282
0
283
1
284
8
285
0
286
0
287
3
288
0
340
11
341
212
342
212
343
212
344
212
  0
ENDTAB
  0
ENDSEC
  0
SECTION
  2
BLOCKS
  0
BLOCK
  5
20
100
AcDbEntity
  8
0
100
AcDbBlockBegin
  2
*Model_Space
 70
0
 10
0.0
 20
0.0
 30
0.0
  3
*Model_Space
  1

  0
ENDBLK
  5
21
100
AcDbEntity
  8
0
100
AcDbBlockEnd
  0
BLOCK
  5
1C
100
AcDbEntity
  8
0
100
AcDbBlockBegin
  2
*Paper_Space
 70
0
 10
0.0
 20
0.0
 30
0.0
  3
*Paper_Space
  1

  0
ENDBLK
  5
1D
100
AcDbEntity
  8
0
100
AcDbBlockEnd
  0
BLOCK
  5
229
100
AcDbEntity
  8
0
100
AcDbBlockBegin
  2
_FILLED
 70
64
 10
0.0
 20
0.0
  3
_FILLED
  1

  0
SOLID
  5
22A
100
AcDbEntity
  8
0
  6
BYBLOCK
 62
0
100
AcDbTrace
 10
0.0
 20
0.0
 11
-1.0
 21
0.125
 12
-1.0
 22
-0.125
 13
-1.0
 23
-0.125
  0
ENDBLK
  5
22B
100
AcDbEntity
  8
0
  6
BYBLOCK
 62
0
100
AcDbBlockEnd
  0
BLOCK
  5
22C
100
AcDbEntity
  8
ZEICHNUNGSBEMASSUNGEN
100
AcDbBlockBegin
 62
2
  6
CONTINUOUS
  2
*D0
 70
65
 10
0.0
 20
0.0
  3
*D0
  1

  0
MTEXT
  5
22D
100
AcDbEntity
  8
ZEICHNUNGSBEMASSUNGEN
100
AcDbMText
 62
5
  6
CONTINUOUS
  7
STANDARD
 71
2
 72
1
 10
255.7355465187
 20
109.844159969
 30
0.0
 11
0.0
 21
1.0
 31
0.0
 44
0.9
  1
\Q15.0;40,55{\Ftxt.shx;\W1.000000;\H3.500000; }[1.596]
 40
3.5
 41
31.0
  0
LINE
  5
22E
100
AcDbEntity
  8
ZEICHNUNGSBEMASSUNGEN
100
AcDbLine
 62
2
  6
CONTINUOUS
 10
206.1774143537
 20
150.394159969
 11
261.6414131765
 21
150.394159969
  0
LINE
  5
22F
100
AcDbEntity
  8
ZEICHNUNGSBEMASSUNGEN
100
AcDbLine
 62
2
  6
CONTINUOUS
 10
239.9882010063
 20
69.294159969
 11
261.6414131765
 21
69.294159969
  0
LINE
  5
230
100
AcDbEntity
  8
ZEICHNUNGSBEMASSUNGEN
100
AcDbLine
 62
2
  6
CONTINUOUS
 10
260.1414131765
 20
150.394159969
 11
260.1414131765
 21
109.844159969
  0
LINE
  5
231
100
AcDbEntity
  8
ZEICHNUNGSBEMASSUNGEN
100
AcDbLine
 62
2
  6
CONTINUOUS
 10
260.1414131765
 20
69.294159969
 11
260.1414131765
 21
109.844159969
  0
INSERT
  5
232
100
AcDbEntity
  8
ZEICHNUNGSBEMASSUNGEN
100
AcDbBlockReference
 62
2
  6
CONTINUOUS
  2
_FILLED
 10
260.1414131765
 20
150.394159969
 41
3.5
 42
3.5
 43
3.5
 50
90.0
  0
INSERT
  5
233
100
AcDbEntity
  8
ZEICHNUNGSBEMASSUNGEN
100
AcDbBlockReference
 62
2
  6
CONTINUOUS
  2
_FILLED
 10
260.1414131765
 20
69.294159969
 41
3.5
 42
3.5
 43
3.5
 50
270.0
  0
ENDBLK
  5
234
100
AcDbEntity
  8
0
  6
BYBLOCK
 62
0
100
AcDbBlockEnd
  0
BLOCK
  5
235
100
AcDbEntity
  8
ZEICHNUNGSBEMASSUNGEN
100
AcDbBlockBegin
 62
2
  6
CONTINUOUS
  2
*D1
 70
65
 10
0.0
 20
0.0
  3
*D1
  1

  0
TEXT
  5
236
100
AcDbEntity
  8
ZEICHNUNGSBEMASSUNGEN
100
AcDbText
 62
5
  6
CONTINUOUS
 10
78.8731689932
 20
50.9812363762
  7
STANDARD
 40
3.5
  1
31
 41
0.6428571429
 51
15.0
 72
1
 11
81.1231689932
 21
50.9812363762
100
AcDbText
  0
TEXT
  5
237
100
AcDbEntity
  8
ZEICHNUNGSBEMASSUNGEN
100
AcDbText
 62
5
  6
CONTINUOUS
 10
83.3731689932
 20
53.1553163551
  7
TEXTSTYLE_3
 40
2.1
  1
+0,1
 41
0.6607142857
 51
15.0
 72
1
 11
86.1481689932
 21
53.1553163551
100
AcDbText
  0
TEXT
  5
238
100
AcDbEntity
  8
ZEICHNUNGSBEMASSUNGEN
100
AcDbText
 62
5
  6
CONTINUOUS
 10
83.3731689932
 20
50.25654305
  7
TEXTSTYLE_3
 40
2.1
  1
 0
 41
0.7857142857
 51
15.0
 72
1
 11
85.0231689932
 21
50.25654305
100
AcDbText
  0
TEXT
  5
239
100
AcDbEntity
  8
ZEICHNUNGSBEMASSUNGEN
100
AcDbText
 62
5
  6
CONTINUOUS
 10
92.4231689932
 20
50.25654305
  7
STANDARD
 40
4.9987733051
  1
[
 41
0.4285714286
 51
15.0
 72
1
 11
93.4943347014
 21
50.25654305
100
AcDbText
  0
TEXT
  5
23A
100
AcDbEntity
  8
ZEICHNUNGSBEMASSUNGEN
100
AcDbText
 62
5
  6
CONTINUOUS
 10
94.5655004097
 20
50.9812363762
  7
STANDARD
 40
3.5
  1
1.220
 41
0.7
 51
15.0
 72
1
 11
100.6905004097
 21
50.9812363762
100
AcDbText
  0
TEXT
  5
23B
100
AcDbEntity
  8
ZEICHNUNGSBEMASSUNGEN
100
AcDbText
 62
5
  6
CONTINUOUS
 10
106.8155004097
 20
53.1553163551
  7
TEXTSTYLE_3
 40
2.1
  1
+.003
 41
0.7142857143
 51
15.0
 72
1
 11
110.5655004097
 21
53.1553163551
100
AcDbText
  0
TEXT
  5
23C
100
AcDbEntity
  8
ZEICHNUNGSBEMASSUNGEN
100
AcDbText
 62
5
  6
CONTINUOUS
 10
106.8155004097
 20
50.25654305
  7
TEXTSTYLE_3
 40
2.1
  1
-.000
 41
0.7285714286
 51
15.0
 72
1
 11
110.6405004097
 21
50.25654305
100
AcDbText
  0
TEXT
  5
23D
100
AcDbEntity
  8
ZEICHNUNGSBEMASSUNGEN
100
AcDbText
 62
5
  6
CONTINUOUS
 10
114.4655004097
 20
50.25654305
  7
STANDARD
 40
4.9987733051
  1
]
 41
0.4285714286
 51
15.0
 72
1
 11
115.5366661179
 21
50.25654305
100
AcDbText
  0
LINE
  5
23E
100
AcDbEntity
  8
ZEICHNUNGSBEMASSUNGEN
100
AcDbLine
 62
2
  6
CONTINUOUS
 10
66.7405004097
 20
76.294159969
 11
66.7405004097
 21
47.6695030605
  0
LINE
  5
23F
100
AcDbEntity
  8
ZEICHNUNGSBEMASSUNGEN
100
AcDbLine
 62
2
  6
CONTINUOUS
 10
128.7405004097
 20
76.294159969
 11
128.7405004097
 21
47.6695030605
  0
LINE
  5
240
100
AcDbEntity
  8
ZEICHNUNGSBEMASSUNGEN
100
AcDbLine
 62
2
  6
CONTINUOUS
 10
66.7405004097
 20
49.1695030605
 11
97.7405004097
 21
49.1695030605
  0
LINE
  5
241
100
AcDbEntity
  8
ZEICHNUNGSBEMASSUNGEN
100
AcDbLine
 62
2
  6
CONTINUOUS
 10
128.7405004097
 20
49.1695030605
 11
97.7405004097
 21
49.1695030605
  0
INSERT
  5
242
100
AcDbEntity
  8
ZEICHNUNGSBEMASSUNGEN
100
AcDbBlockReference
 62
2
  6
CONTINUOUS
  2
_FILLED
 10
66.7405004097
 20
49.1695030605
 41
3.5
 42
3.5
 43
3.5
 50
180.0
  0
INSERT
  5
243
100
AcDbEntity
  8
ZEICHNUNGSBEMASSUNGEN
100
AcDbBlockReference
 62
2
  6
CONTINUOUS
  2
_FILLED
 10
128.7405004097
 20
49.1695030605
 41
3.5
 42
3.5
 43
3.5
  0
ENDBLK
  5
244
100
AcDbEntity
  8
0
  6
BYBLOCK
 62
0
100
AcDbBlockEnd
  0
BLOCK
  5
245
100
AcDbEntity
  8
ZEICHNUNGSBEMASSUNGEN
100
AcDbBlockBegin
 62
2
  6
CONTINUOUS
  2
*D2
 70
65
 10
0.0
 20
0.0
  3
*D2
  1

  0
TEXT
  5
246
100
AcDbEntity
  8
ZEICHNUNGSBEMASSUNGEN
100
AcDbText
 62
5
  6
CONTINUOUS
 10
78.0196670763
 20
180.0342122126
  7
STANDARD
 40
3.5
  1
24
 41
0.7857142857
 51
15.0
 72
1
 11
80.7696670763
 21
180.0342122126
100
AcDbText
  0
TEXT
  5
247
100
AcDbEntity
  8
ZEICHNUNGSBEMASSUNGEN
100
AcDbText
 62
5
  6
CONTINUOUS
 10
83.5196670763
 20
180.5592122126
  7
TEXTSTYLE_4
 40
2.45
  1
`
 41
1.0
 51
15.0
 72
1
 11
84.948833743
 21
180.5592122126
100
AcDbText
  0
TEXT
  5
248
100
AcDbEntity
  8
ZEICHNUNGSBEMASSUNGEN
100
AcDbText
 62
5
  6
CONTINUOUS
 10
86.3780004097
 20
180.5592122126
  7
STANDARD
 40
2.45
  1
0,1
 41
0.6428571429
 51
15.0
 72
1
 11
88.7405004097
 21
180.5592122126
100
AcDbText
  0
TEXT
  5
249
100
AcDbEntity
  8
ZEICHNUNGSBEMASSUNGEN
100
AcDbText
 62
5
  6
CONTINUOUS
 10
94.6030004097
 20
180.0342122126
  7
STANDARD
 40
3.5
  1
[
 41
0.4285714286
 51
15.0
 72
1
 11
95.3530004097
 21
180.0342122126
100
AcDbText
  0
TEXT
  5
24A
100
AcDbEntity
  8
ZEICHNUNGSBEMASSUNGEN
100
AcDbText
 62
5
  6
CONTINUOUS
 10
96.1030004097
 20
180.0342122126
  7
STANDARD
 40
3.5
  1
.945
 41
0.7142857143
 51
15.0
 72
1
 11
101.1030004097
 21
180.0342122126
100
AcDbText
  0
TEXT
  5
24B
100
AcDbEntity
  8
ZEICHNUNGSBEMASSUNGEN
100
AcDbText
 62
5
  6
CONTINUOUS
 10
106.1030004097
 20
180.5592122126
  7
TEXTSTYLE_4
 40
2.45
  1
`
 41
1.0
 51
15.0
 72
1
 11
107.5321670763
 21
180.5592122126
100
AcDbText
  0
TEXT
  5
24C
100
AcDbEntity
  8
ZEICHNUNGSBEMASSUNGEN
100
AcDbText
 62
5
  6
CONTINUOUS
 10
108.961333743
 20
180.5592122126
  7
STANDARD
 40
2.45
  1
.003
 41
0.7142857143
 51
15.0
 72
1
 11
112.461333743
 21
180.5592122126
100
AcDbText
  0
TEXT
  5
24D
100
AcDbEntity
  8
ZEICHNUNGSBEMASSUNGEN
100
AcDbText
 62
5
  6
CONTINUOUS
 10
115.961333743
 20
180.0342122126
  7
STANDARD
 40
3.5
  1
]
 41
0.4285714286
 51
15.0
 72
1
 11
116.711333743
 21
180.0342122126
100
AcDbText
  0
LINE
  5
24E
100
AcDbEntity
  8
ZEICHNUNGSBEMASSUNGEN
100
AcDbLine
 62
2
  6
CONTINUOUS
 10
73.7405004097
 20
190.2781305886
 11
73.7405004097
 21
177.6283455547
  0
LINE
  5
24F
100
AcDbEntity
  8
ZEICHNUNGSBEMASSUNGEN
100
AcDbLine
 62
2
  6
CONTINUOUS
 10
121.7405004097
 20
228.2781305886
 11
121.7405004097
 21
177.6283455547
  0
LINE
  5
250
100
AcDbEntity
  8
ZEICHNUNGSBEMASSUNGEN
100
AcDbLine
 62
2
  6
CONTINUOUS
 10
73.7405004097
 20
179.1283455547
 11
97.7405004097
 21
179.1283455547
  0
LINE
  5
251
100
AcDbEntity
  8
ZEICHNUNGSBEMASSUNGEN
100
AcDbLine
 62
2
  6
CONTINUOUS
 10
121.7405004097
 20
179.1283455547
 11
97.7405004097
 21
179.1283455547
  0
INSERT
  5
252
100
AcDbEntity
  8
ZEICHNUNGSBEMASSUNGEN
100
AcDbBlockReference
 62
2
  6
CONTINUOUS
  2
_FILLED
 10
73.7405004097
 20
179.1283455547
 41
3.5
 42
3.5
 43
3.5
 50
180.0
  0
INSERT
  5
253
100
AcDbEntity
  8
ZEICHNUNGSBEMASSUNGEN
100
AcDbBlockReference
 62
2
  6
CONTINUOUS
  2
_FILLED
 10
121.7405004097
 20
179.1283455547
 41
3.5
 42
3.5
 43
3.5
  0
ENDBLK
  5
254
100
AcDbEntity
  8
0
  6
BYBLOCK
 62
0
100
AcDbBlockEnd
  0
BLOCK
  5
255
100
AcDbEntity
  8
ZEICHNUNGSBEMASSUNGEN
100
AcDbBlockBegin
 62
2
  6
CONTINUOUS
  2
*D3
 70
65
 10
0.0
 20
0.0
  3
*D3
  1

  0
TEXT
  5
256
100
AcDbEntity
  8
ZEICHNUNGSBEMASSUNGEN
100
AcDbText
 62
5
  6
CONTINUOUS
 10
49.0374316088
 20
198.8072972553
  7
STANDARD
 40
3.5
  1
19
 50
90.0
 41
0.6785714286
 51
15.0
 72
1
 11
49.0374316088
 21
201.1822972553
100
AcDbText
  0
TEXT
  5
257
100
AcDbEntity
  8
ZEICHNUNGSBEMASSUNGEN
100
AcDbText
 62
5
  6
CONTINUOUS
 10
48.5124316088
 20
203.5572972553
  7
TEXTSTYLE_4
 40
2.45
  1
`
 50
90.0
 41
1.0
 51
15.0
 72
1
 11
48.5124316088
 21
204.986463922
100
AcDbText
  0
TEXT
  5
258
100
AcDbEntity
  8
ZEICHNUNGSBEMASSUNGEN
100
AcDbText
 62
5
  6
CONTINUOUS
 10
48.5124316088
 20
206.4156305886
  7
STANDARD
 40
2.45
  1
0,1
 50
90.0
 41
0.6428571429
 51
15.0
 72
1
 11
48.5124316088
 21
208.7781305886
100
AcDbText
  0
TEXT
  5
259
100
AcDbEntity
  8
ZEICHNUNGSBEMASSUNGEN
100
AcDbText
 62
5
  6
CONTINUOUS
 10
49.0374316088
 20
214.6406305886
  7
STANDARD
 40
3.5
  1
[
 50
90.0
 41
0.4285714286
 51
15.0
 72
1
 11
49.0374316088
 21
215.3906305886
100
AcDbText
  0
TEXT
  5
25A
100
AcDbEntity
  8
ZEICHNUNGSBEMASSUNGEN
100
AcDbText
 62
5
  6
CONTINUOUS
 10
49.0374316088
 20
216.1406305886
  7
STANDARD
 40
3.5
  1
.748
 50
90.0
 41
0.7321428571
 51
15.0
 72
1
 11
49.0374316088
 21
221.2656305886
100
AcDbText
  0
TEXT
  5
25B
100
AcDbEntity
  8
ZEICHNUNGSBEMASSUNGEN
100
AcDbText
 62
5
  6
CONTINUOUS
 10
48.5124316088
 20
226.3906305886
  7
TEXTSTYLE_4
 40
2.45
  1
`
 50
90.0
 41
1.0
 51
15.0
 72
1
 11
48.5124316088
 21
227.8197972553
100
AcDbText
  0
TEXT
  5
25C
100
AcDbEntity
  8
ZEICHNUNGSBEMASSUNGEN
100
AcDbText
 62
5
  6
CONTINUOUS
 10
48.5124316088
 20
229.248963922
  7
STANDARD
 40
2.45
  1
.003
 50
90.0
 41
0.7142857143
 51
15.0
 72
1
 11
48.5124316088
 21
232.748963922
100
AcDbText
  0
TEXT
  5
25D
100
AcDbEntity
  8
ZEICHNUNGSBEMASSUNGEN
100
AcDbText
 62
5
  6
CONTINUOUS
 10
49.0374316088
 20
236.248963922
  7
STANDARD
 40
3.5
  1
]
 50
90.0
 41
0.4285714286
 51
15.0
 72
1
 11
49.0374316088
 21
236.998963922
100
AcDbText
  0
LINE
  5
25E
100
AcDbEntity
  8
ZEICHNUNGSBEMASSUNGEN
100
AcDbLine
 62
2
  6
CONTINUOUS
 10
112.7405004097
 20
237.2781305886
 11
48.4432982667
 21
237.2781305886
  0
LINE
  5
25F
100
AcDbEntity
  8
ZEICHNUNGSBEMASSUNGEN
100
AcDbLine
 62
2
  6
CONTINUOUS
 10
64.7405004097
 20
199.2781305886
 11
48.4432982667
 21
199.2781305886
  0
LINE
  5
260
100
AcDbEntity
  8
ZEICHNUNGSBEMASSUNGEN
100
AcDbLine
 62
2
  6
CONTINUOUS
 10
49.9432982667
 20
237.2781305886
 11
49.9432982667
 21
218.2781305886
  0
LINE
  5
261
100
AcDbEntity
  8
ZEICHNUNGSBEMASSUNGEN
100
AcDbLine
 62
2
  6
CONTINUOUS
 10
49.9432982667
 20
199.2781305886
 11
49.9432982667
 21
218.2781305886
  0
INSERT
  5
262
100
AcDbEntity
  8
ZEICHNUNGSBEMASSUNGEN
100
AcDbBlockReference
 62
2
  6
CONTINUOUS
  2
_FILLED
 10
49.9432982667
 20
237.2781305886
 41
3.5
 42
3.5
 43
3.5
 50
90.0
  0
INSERT
  5
263
100
AcDbEntity
  8
ZEICHNUNGSBEMASSUNGEN
100
AcDbBlockReference
 62
2
  6
CONTINUOUS
  2
_FILLED
 10
49.9432982667
 20
199.2781305886
 41
3.5
 42
3.5
 43
3.5
 50
270.0
  0
ENDBLK
  5
264
100
AcDbEntity
  8
0
  6
BYBLOCK
 62
0
100
AcDbBlockEnd
  0
BLOCK
  5
265
100
AcDbEntity
  8
ZEICHNUNGSBEMASSUNGEN
100
AcDbBlockBegin
 62
2
  6
CONTINUOUS
  2
*D4
 70
65
 10
0.0
 20
0.0
  3
*D4
  1

  0
TEXT
  5
266
100
AcDbEntity
  8
ZEICHNUNGSBEMASSUNGEN
100
AcDbText
 62
5
  6
CONTINUOUS
 10
36.9535883195
 20
198.9107991722
  7
STANDARD
 40
3.5
  1
26
 50
90.0
 41
0.7857142857
 51
15.0
 72
1
 11
36.9535883195
 21
201.6607991722
100
AcDbText
  0
TEXT
  5
267
100
AcDbEntity
  8
ZEICHNUNGSBEMASSUNGEN
100
AcDbText
 62
5
  6
CONTINUOUS
 10
34.7795083406
 20
204.4107991722
  7
TEXTSTYLE_3
 40
2.1
  1
+0,1
 50
90.0
 41
0.6607142857
 51
15.0
 72
1
 11
34.7795083406
 21
207.1857991722
100
AcDbText
  0
TEXT
  5
268
100
AcDbEntity
  8
ZEICHNUNGSBEMASSUNGEN
100
AcDbText
 62
5
  6
CONTINUOUS
 10
37.6782816458
 20
204.4107991722
  7
TEXTSTYLE_3
 40
2.1
  1
 0
 50
90.0
 41
0.7857142857
 51
15.0
 72
1
 11
37.6782816458
 21
206.0607991722
100
AcDbText
  0
TEXT
  5
269
100
AcDbEntity
  8
ZEICHNUNGSBEMASSUNGEN
100
AcDbText
 62
5
  6
CONTINUOUS
 10
37.6782816458
 20
213.4607991722
  7
STANDARD
 40
4.9987733051
  1
[
 50
90.0
 41
0.4285714286
 51
15.0
 72
1
 11
37.6782816458
 21
214.5319648804
100
AcDbText
  0
TEXT
  5
26A
100
AcDbEntity
  8
ZEICHNUNGSBEMASSUNGEN
100
AcDbText
 62
5
  6
CONTINUOUS
 10
36.9535883195
 20
215.6031305886
  7
STANDARD
 40
3.5
  1
1.024
 50
90.0
 41
0.7
 51
15.0
 72
1
 11
36.9535883195
 21
221.7281305886
100
AcDbText
  0
TEXT
  5
26B
100
AcDbEntity
  8
ZEICHNUNGSBEMASSUNGEN
100
AcDbText
 62
5
  6
CONTINUOUS
 10
34.7795083406
 20
227.8531305886
  7
TEXTSTYLE_3
 40
2.1
  1
+.003
 50
90.0
 41
0.7142857143
 51
15.0
 72
1
 11
34.7795083406
 21
231.6031305886
100
AcDbText
  0
TEXT
  5
26C
100
AcDbEntity
  8
ZEICHNUNGSBEMASSUNGEN
100
AcDbText
 62
5
  6
CONTINUOUS
 10
37.6782816458
 20
227.8531305886
  7
TEXTSTYLE_3
 40
2.1
  1
-.000
 50
90.0
 41
0.7285714286
 51
15.0
 72
1
 11
37.6782816458
 21
231.6781305886
100
AcDbText
  0
TEXT
  5
26D
100
AcDbEntity
  8
ZEICHNUNGSBEMASSUNGEN
100
AcDbText
 62
5
  6
CONTINUOUS
 10
37.6782816458
 20
235.5031305886
  7
STANDARD
 40
4.9987733051
  1
]
 50
90.0
 41
0.4285714286
 51
15.0
 72
1
 11
37.6782816458
 21
236.5742962969
100
AcDbText
  0
LINE
  5
26E
100
AcDbEntity
  8
ZEICHNUNGSBEMASSUNGEN
100
AcDbLine
 62
2
  6
CONTINUOUS
 10
73.7405004097
 20
192.2781305886
 11
37.2653216352
 21
192.2781305886
  0
LINE
  5
26F
100
AcDbEntity
  8
ZEICHNUNGSBEMASSUNGEN
100
AcDbLine
 62
2
  6
CONTINUOUS
 10
73.7405004114
 20
244.2781305886
 11
37.2653216352
 21
244.2781305886
  0
LINE
  5
270
100
AcDbEntity
  8
ZEICHNUNGSBEMASSUNGEN
100
AcDbLine
 62
2
  6
CONTINUOUS
 10
38.7653216352
 20
192.2781305886
 11
38.7653216352
 21
218.2781305886
  0
LINE
  5
271
100
AcDbEntity
  8
ZEICHNUNGSBEMASSUNGEN
100
AcDbLine
 62
2
  6
CONTINUOUS
 10
38.7653216352
 20
244.2781305886
 11
38.7653216352
 21
218.2781305886
  0
INSERT
  5
272
100
AcDbEntity
  8
ZEICHNUNGSBEMASSUNGEN
100
AcDbBlockReference
 62
2
  6
CONTINUOUS
  2
_FILLED
 10
38.7653216352
 20
192.2781305886
 41
3.5
 42
3.5
 43
3.5
 50
270.0
  0
INSERT
  5
273
100
AcDbEntity
  8
ZEICHNUNGSBEMASSUNGEN
100
AcDbBlockReference
 62
2
  6
CONTINUOUS
  2
_FILLED
 10
38.7653216352
 20
244.2781305886
 41
3.5
 42
3.5
 43
3.5
 50
90.0
  0
ENDBLK
  5
274
100
AcDbEntity
  8
0
  6
BYBLOCK
 62
0
100
AcDbBlockEnd
  0
BLOCK
  5
275
100
AcDbEntity
  8
ZEICHNUNGSBEMASSUNGEN
100
AcDbBlockBegin
 62
2
  6
CONTINUOUS
  2
*D5
 70
65
 10
0.0
 20
0.0
  3
*D5
  1

  0
MTEXT
  5
276
100
AcDbEntity
  8
ZEICHNUNGSBEMASSUNGEN
100
AcDbMText
 62
5
  6
CONTINUOUS
  7
STANDARD
 71
1
 72
1
 10
176.2768073068
 20
85.419201969
 30
0.0
 11
0.0
 21
1.0
 31
0.0
 44
0.9
  1
\Q15.0;2{\Ftxt.shx;\W1.000000;\H3.500000; }[.079]
 40
3.5
 41
19.5
  0
LINE
  5
277
100
AcDbEntity
  8
ZEICHNUNGSBEMASSUNGEN
100
AcDbLine
 62
2
  6
CONTINUOUS
 10
191.3882010063
 20
79.294159969
 11
179.1826739646
 21
79.294159969
  0
LINE
  5
278
100
AcDbEntity
  8
ZEICHNUNGSBEMASSUNGEN
100
AcDbLine
 62
2
  6
CONTINUOUS
 10
192.3882010063
 20
75.294159969
 11
179.1826739646
 21
75.294159969
  0
LINE
  5
279
100
AcDbEntity
  8
ZEICHNUNGSBEMASSUNGEN
100
AcDbLine
 62
2
  6
CONTINUOUS
 10
180.6826739646
 20
79.294159969
 11
180.6826739646
 21
104.919201969
  0
LINE
  5
27A
100
AcDbEntity
  8
ZEICHNUNGSBEMASSUNGEN
100
AcDbLine
 62
2
  6
CONTINUOUS
 10
180.6826739646
 20
104.919201969
 11
180.6826739646
 21
77.294159969
  0
LINE
  5
27B
100
AcDbEntity
  8
ZEICHNUNGSBEMASSUNGEN
100
AcDbLine
 62
2
  6
CONTINUOUS
 10
180.6826739646
 20
75.294159969
 11
180.6826739646
 21
69.294159969
  0
LINE
  5
27C
100
AcDbEntity
  8
ZEICHNUNGSBEMASSUNGEN
100
AcDbLine
 62
2
  6
CONTINUOUS
 10
180.6826739646
 20
69.294159969
 11
180.6826739646
 21
77.294159969
  0
INSERT
  5
27D
100
AcDbEntity
  8
ZEICHNUNGSBEMASSUNGEN
100
AcDbBlockReference
 62
2
  6
CONTINUOUS
  2
_FILLED
 10
180.6826739646
 20
79.294159969
 41
3.5
 42
3.5
 43
3.5
 50
270.0
  0
INSERT
  5
27E
100
AcDbEntity
  8
ZEICHNUNGSBEMASSUNGEN
100
AcDbBlockReference
 62
2
  6
CONTINUOUS
  2
_FILLED
 10
180.6826739646
 20
75.294159969
 41
3.5
 42
3.5
 43
3.5
 50
90.0
  0
ENDBLK
  5
27F
100
AcDbEntity
  8
0
  6
BYBLOCK
 62
0
100
AcDbBlockEnd
  0
BLOCK
  5
280
100
AcDbEntity
  8
ZEICHNUNGSBEMASSUNGEN
100
AcDbBlockBegin
 62
2
  6
CONTINUOUS
  2
*D6
 70
65
 10
0.0
 20
0.0
  3
*D6
  1

  0
MTEXT
  5
281
100
AcDbEntity
  8
ZEICHNUNGSBEMASSUNGEN
100
AcDbMText
 62
5
  6
CONTINUOUS
  7
STANDARD
 71
1
 72
1
 10
167.8316870234
 20
81.5442078358
 30
0.0
 11
0.0
 21
1.0
 31
0.0
 44
0.9
  1
\Q15.0;5{\Ftxt.shx;\W1.000000;\H3.500000; }[.197]
 40
3.5
 41
18.5
  0
LINE
  5
282
100
AcDbEntity
  8
ZEICHNUNGSBEMASSUNGEN
100
AcDbLine
 62
2
  6
CONTINUOUS
 10
191.3882010063
 20
79.294159969
 11
170.7375536813
 21
79.294159969
  0
LINE
  5
283
100
AcDbEntity
  8
ZEICHNUNGSBEMASSUNGEN
100
AcDbLine
 62
2
  6
CONTINUOUS
 10
194.7882010063
 20
69.294159969
 11
170.7375536813
 21
69.294159969
  0
LINE
  5
284
100
AcDbEntity
  8
ZEICHNUNGSBEMASSUNGEN
100
AcDbLine
 62
2
  6
CONTINUOUS
 10
172.2375536813
 20
79.294159969
 11
172.2375536813
 21
74.294159969
  0
LINE
  5
285
100
AcDbEntity
  8
ZEICHNUNGSBEMASSUNGEN
100
AcDbLine
 62
2
  6
CONTINUOUS
 10
172.2375536813
 20
74.294159969
 11
172.2375536813
 21
100.0442078358
  0
LINE
  5
286
100
AcDbEntity
  8
ZEICHNUNGSBEMASSUNGEN
100
AcDbLine
 62
2
  6
CONTINUOUS
 10
172.2375536813
 20
69.294159969
 11
172.2375536813
 21
74.294159969
  0
INSERT
  5
287
100
AcDbEntity
  8
ZEICHNUNGSBEMASSUNGEN
100
AcDbBlockReference
 62
2
  6
CONTINUOUS
  2
_FILLED
 10
172.2375536813
 20
79.294159969
 41
3.5
 42
3.5
 43
3.5
 50
90.0
  0
INSERT
  5
288
100
AcDbEntity
  8
ZEICHNUNGSBEMASSUNGEN
100
AcDbBlockReference
 62
2
  6
CONTINUOUS
  2
_FILLED
 10
172.2375536813
 20
69.294159969
 41
3.5
 42
3.5
 43
3.5
 50
270.0
  0
ENDBLK
  5
289
100
AcDbEntity
  8
0
  6
BYBLOCK
 62
0
100
AcDbBlockEnd
  0
BLOCK
  5
28A
100
AcDbEntity
  8
ZEICHNUNGSBEMASSUNGEN
100
AcDbBlockBegin
 62
2
  6
CONTINUOUS
  2
*D7
 70
65
 10
0.0
 20
0.0
  3
*D7
  1

  0
MTEXT
  5
28B
100
AcDbEntity
  8
ZEICHNUNGSBEMASSUNGEN
100
AcDbMText
 62
5
  6
CONTINUOUS
  7
STANDARD
 71
2
 72
1
 10
336.7497510326
 20
218.7217749023
 30
0.0
 11
1.0
 21
0.0
 31
0.0
 44
0.9
  1
\Q15.0;>= \Fgdt;{\Fgdt;n}\Ftxt;23,6{\Ftxt.shx;\W1.000000;\H3.500000; }[.929]
 40
3.5
 41
38.6666666667
  0
LINE
  5
28C
100
AcDbEntity
  8
ZEICHNUNGSBEMASSUNGEN
100
AcDbLine
 62
2
  6
CONTINUOUS
 10
313.1497510326
 20
171.1468543688
 11
313.1497510326
 21
217.1492519949
  0
LINE
  5
28D
100
AcDbEntity
  8
ZEICHNUNGSBEMASSUNGEN
100
AcDbLine
 62
2
  6
CONTINUOUS
 10
360.3497510326
 20
171.1468543688
 11
360.3497510326
 21
217.1492519949
  0
LINE
  5
28E
100
AcDbEntity
  8
ZEICHNUNGSBEMASSUNGEN
100
AcDbLine
 62
2
  6
CONTINUOUS
 10
313.1497510326
 20
215.6492519949
 11
336.7497510326
 21
215.6492519949
  0
LINE
  5
28F
100
AcDbEntity
  8
ZEICHNUNGSBEMASSUNGEN
100
AcDbLine
 62
2
  6
CONTINUOUS
 10
360.3497510326
 20
215.6492519949
 11
336.7497510326
 21
215.6492519949
  0
INSERT
  5
290
100
AcDbEntity
  8
ZEICHNUNGSBEMASSUNGEN
100
AcDbBlockReference
 62
2
  6
CONTINUOUS
  2
_FILLED
 10
313.1497510326
 20
215.6492519949
 41
3.5
 42
3.5
 43
3.5
 50
180.0
  0
INSERT
  5
291
100
AcDbEntity
  8
ZEICHNUNGSBEMASSUNGEN
100
AcDbBlockReference
 62
2
  6
CONTINUOUS
  2
_FILLED
 10
360.3497510326
 20
215.6492519949
 41
3.5
 42
3.5
 43
3.5
  0
ENDBLK
  5
292
100
AcDbEntity
  8
0
  6
BYBLOCK
 62
0
100
AcDbBlockEnd
  0
BLOCK
  5
293
100
AcDbEntity
  8
ZEICHNUNGSBEMASSUNGEN
100
AcDbBlockBegin
 62
2
  6
CONTINUOUS
  2
*D8
 70
65
 10
0.0
 20
0.0
  3
*D8
  1

  0
TEXT
  5
294
100
AcDbEntity
  8
ZEICHNUNGSBEMASSUNGEN
100
AcDbText
 62
5
  6
CONTINUOUS
 10
317.2793288563
 20
206.1623245487
  7
STANDARD
 40
3.5
  1
19
 41
0.6785714286
 51
15.0
 72
1
 11
319.6543288563
 21
206.1623245487
100
AcDbText
  0
TEXT
  5
295
100
AcDbEntity
  8
ZEICHNUNGSBEMASSUNGEN
100
AcDbText
 62
5
  6
CONTINUOUS
 10
322.0293288563
 20
206.6873245487
  7
TEXTSTYLE_4
 40
2.45
  1
`
 41
1.0
 51
15.0
 72
1
 11
323.458495523
 21
206.6873245487
100
AcDbText
  0
TEXT
  5
296
100
AcDbEntity
  8
ZEICHNUNGSBEMASSUNGEN
100
AcDbText
 62
5
  6
CONTINUOUS
 10
324.8876621896
 20
206.6873245487
  7
STANDARD
 40
2.45
  1
0,1
 41
0.6428571429
 51
15.0
 72
1
 11
327.2501621896
 21
206.6873245487
100
AcDbText
  0
TEXT
  5
297
100
AcDbEntity
  8
ZEICHNUNGSBEMASSUNGEN
100
AcDbText
 62
5
  6
CONTINUOUS
 10
333.1126621896
 20
206.1623245487
  7
STANDARD
 40
3.5
  1
[
 41
0.4285714286
 51
15.0
 72
1
 11
333.8626621896
 21
206.1623245487
100
AcDbText
  0
TEXT
  5
298
100
AcDbEntity
  8
ZEICHNUNGSBEMASSUNGEN
100
AcDbText
 62
5
  6
CONTINUOUS
 10
334.6126621896
 20
206.1623245487
  7
STANDARD
 40
3.5
  1
.748
 41
0.7321428571
 51
15.0
 72
1
 11
339.7376621896
 21
206.1623245487
100
AcDbText
  0
TEXT
  5
299
100
AcDbEntity
  8
ZEICHNUNGSBEMASSUNGEN
100
AcDbText
 62
5
  6
CONTINUOUS
 10
344.8626621896
 20
206.6873245487
  7
TEXTSTYLE_4
 40
2.45
  1
`
 41
1.0
 51
15.0
 72
1
 11
346.2918288563
 21
206.6873245487
100
AcDbText
  0
TEXT
  5
29A
100
AcDbEntity
  8
ZEICHNUNGSBEMASSUNGEN
100
AcDbText
 62
5
  6
CONTINUOUS
 10
347.720995523
 20
206.6873245487
  7
STANDARD
 40
2.45
  1
.003
 41
0.7142857143
 51
15.0
 72
1
 11
351.220995523
 21
206.6873245487
100
AcDbText
  0
TEXT
  5
29B
100
AcDbEntity
  8
ZEICHNUNGSBEMASSUNGEN
100
AcDbText
 62
5
  6
CONTINUOUS
 10
354.720995523
 20
206.1623245487
  7
STANDARD
 40
3.5
  1
]
 41
0.4285714286
 51
15.0
 72
1
 11
355.470995523
 21
206.1623245487
100
AcDbText
  0
LINE
  5
29C
100
AcDbEntity
  8
ZEICHNUNGSBEMASSUNGEN
100
AcDbLine
 62
2
  6
CONTINUOUS
 10
317.7499090904
 20
152.6739801627
 11
317.7499090904
 21
206.7564578908
  0
LINE
  5
29D
100
AcDbEntity
  8
ZEICHNUNGSBEMASSUNGEN
100
AcDbLine
 62
2
  6
CONTINUOUS
 10
355.7504152888
 20
200.674557642
 11
355.7504152888
 21
206.7564578908
  0
LINE
  5
29E
100
AcDbEntity
  8
ZEICHNUNGSBEMASSUNGEN
100
AcDbLine
 62
2
  6
CONTINUOUS
 10
317.7499090904
 20
205.2564578908
 11
336.7501621896
 21
205.2564578908
  0
LINE
  5
29F
100
AcDbEntity
  8
ZEICHNUNGSBEMASSUNGEN
100
AcDbLine
 62
2
  6
CONTINUOUS
 10
355.7504152888
 20
205.2564578908
 11
336.7501621896
 21
205.2564578908
  0
INSERT
  5
2A0
100
AcDbEntity
  8
ZEICHNUNGSBEMASSUNGEN
100
AcDbBlockReference
 62
2
  6
CONTINUOUS
  2
_FILLED
 10
317.7499090904
 20
205.2564578908
 41
3.5
 42
3.5
 43
3.5
 50
180.0
  0
INSERT
  5
2A1
100
AcDbEntity
  8
ZEICHNUNGSBEMASSUNGEN
100
AcDbBlockReference
 62
2
  6
CONTINUOUS
  2
_FILLED
 10
355.7504152888
 20
205.2564578908
 41
3.5
 42
3.5
 43
3.5
  0
ENDBLK
  5
2A2
100
AcDbEntity
  8
0
  6
BYBLOCK
 62
0
100
AcDbBlockEnd
  0
BLOCK
  5
2A3
100
AcDbEntity
  8
ZEICHNUNGSBEMASSUNGEN
100
AcDbBlockBegin
 62
2
  6
CONTINUOUS
  2
*D9
 70
65
 10
0.0
 20
0.0
  3
*D9
  1

  0
TEXT
  5
2A4
100
AcDbEntity
  8
ZEICHNUNGSBEMASSUNGEN
100
AcDbText
 62
5
  6
CONTINUOUS
 10
376.7738179053
 20
151.426557709
  7
STANDARD
 40
3.5
  1
24
 50
90.0
 41
0.7857142857
 51
15.0
 72
1
 11
376.7738179053
 21
154.176557709
100
AcDbText
  0
TEXT
  5
2A5
100
AcDbEntity
  8
ZEICHNUNGSBEMASSUNGEN
100
AcDbText
 62
5
  6
CONTINUOUS
 10
376.2488179053
 20
156.926557709
  7
TEXTSTYLE_4
 40
2.45
  1
`
 50
90.0
 41
1.0
 51
15.0
 72
1
 11
376.2488179053
 21
158.3557243757
100
AcDbText
  0
TEXT
  5
2A6
100
AcDbEntity
  8
ZEICHNUNGSBEMASSUNGEN
100
AcDbText
 62
5
  6
CONTINUOUS
 10
376.2488179053
 20
159.7848910423
  7
STANDARD
 40
2.45
  1
0,1
 50
90.0
 41
0.6428571429
 51
15.0
 72
1
 11
376.2488179053
 21
162.1473910423
100
AcDbText
  0
TEXT
  5
2A7
100
AcDbEntity
  8
ZEICHNUNGSBEMASSUNGEN
100
AcDbText
 62
5
  6
CONTINUOUS
 10
376.7738179053
 20
168.0098910423
  7
STANDARD
 40
3.5
  1
[
 50
90.0
 41
0.4285714286
 51
15.0
 72
1
 11
376.7738179053
 21
168.7598910423
100
AcDbText
  0
TEXT
  5
2A8
100
AcDbEntity
  8
ZEICHNUNGSBEMASSUNGEN
100
AcDbText
 62
5
  6
CONTINUOUS
 10
376.7738179053
 20
169.5098910423
  7
STANDARD
 40
3.5
  1
.945
 50
90.0
 41
0.7142857143
 51
15.0
 72
1
 11
376.7738179053
 21
174.5098910423
100
AcDbText
  0
TEXT
  5
2A9
100
AcDbEntity
  8
ZEICHNUNGSBEMASSUNGEN
100
AcDbText
 62
5
  6
CONTINUOUS
 10
376.2488179053
 20
179.5098910423
  7
TEXTSTYLE_4
 40
2.45
  1
`
 50
90.0
 41
1.0
 51
15.0
 72
1
 11
376.2488179053
 21
180.939057709
100
AcDbText
  0
TEXT
  5
2AA
100
AcDbEntity
  8
ZEICHNUNGSBEMASSUNGEN
100
AcDbText
 62
5
  6
CONTINUOUS
 10
376.2488179053
 20
182.3682243757
  7
STANDARD
 40
2.45
  1
.003
 50
90.0
 41
0.7142857143
 51
15.0
 72
1
 11
376.2488179053
 21
185.8682243757
100
AcDbText
  0
TEXT
  5
2AB
100
AcDbEntity
  8
ZEICHNUNGSBEMASSUNGEN
100
AcDbText
 62
5
  6
CONTINUOUS
 10
376.7738179053
 20
189.3682243757
  7
STANDARD
 40
3.5
  1
]
 50
90.0
 41
0.4285714286
 51
15.0
 72
1
 11
376.7738179053
 21
190.1182243757
100
AcDbText
  0
LINE
  5
2AC
100
AcDbEntity
  8
ZEICHNUNGSBEMASSUNGEN
100
AcDbLine
 62
2
  6
CONTINUOUS
 10
323.2767869504
 20
147.1471023027
 11
379.1796845632
 21
147.1471023027
  0
LINE
  5
2AD
100
AcDbEntity
  8
ZEICHNUNGSBEMASSUNGEN
100
AcDbLine
 62
2
  6
CONTINUOUS
 10
361.2772931488
 20
195.147679782
 11
379.1796845632
 21
195.147679782
  0
LINE
  5
2AE
100
AcDbEntity
  8
ZEICHNUNGSBEMASSUNGEN
100
AcDbLine
 62
2
  6
CONTINUOUS
 10
377.6796845632
 20
147.1471023027
 11
377.6796845632
 21
171.1473910423
  0
LINE
  5
2AF
100
AcDbEntity
  8
ZEICHNUNGSBEMASSUNGEN
100
AcDbLine
 62
2
  6
CONTINUOUS
 10
377.6796845632
 20
195.147679782
 11
377.6796845632
 21
171.1473910423
  0
INSERT
  5
2B0
100
AcDbEntity
  8
ZEICHNUNGSBEMASSUNGEN
100
AcDbBlockReference
 62
2
  6
CONTINUOUS
  2
_FILLED
 10
377.6796845632
 20
147.1471023027
 41
3.5
 42
3.5
 43
3.5
 50
270.0
  0
INSERT
  5
2B1
100
AcDbEntity
  8
ZEICHNUNGSBEMASSUNGEN
100
AcDbBlockReference
 62
2
  6
CONTINUOUS
  2
_FILLED
 10
377.6796845632
 20
195.147679782
 41
3.5
 42
3.5
 43
3.5
 50
90.0
  0
ENDBLK
  5
2B2
100
AcDbEntity
  8
0
  6
BYBLOCK
 62
0
100
AcDbBlockEnd
  0
BLOCK
  5
2B3
100
AcDbEntity
  8
ZEICHNUNGSBEMASSUNGEN
100
AcDbBlockBegin
 62
2
  6
CONTINUOUS
  2
*D10
 70
65
 10
0.0
 20
0.0
  3
*D10
  1

  0
MTEXT
  5
2B4
100
AcDbEntity
  8
ZEICHNUNGSBEMASSUNGEN
100
AcDbMText
 62
5
  6
CONTINUOUS
  7
TEXTSTYLE_4
 71
3
 72
1
 10
309.8279952007
 20
140.3426586914
 30
0.0
 11
1.0
 21
0.0
 31
0.0
 44
0.9
  1
\Q15.0;{\Fgdt;n}\Ftxt;3,1{\Ftxt.shx;\W1.000000;\H3.500000; }[.122]
 40
3.5
 41
27.1666666667
  0
LINE
  5
2B5
100
AcDbEntity
  8
ZEICHNUNGSBEMASSUNGEN
100
AcDbLine
 62
2
  6
CONTINUOUS
 10
314.6499090904
 20
147.1471023027
 11
314.6499090904
 21
133.5617934137
  0
LINE
  5
2B6
100
AcDbEntity
  8
ZEICHNUNGSBEMASSUNGEN
100
AcDbLine
 62
2
  6
CONTINUOUS
 10
320.8499090904
 20
147.1471023027
 11
320.8499090904
 21
133.5617934137
  0
LINE
  5
2B7
100
AcDbEntity
  8
ZEICHNUNGSBEMASSUNGEN
100
AcDbLine
 62
2
  6
CONTINUOUS
 10
314.6499090904
 20
135.0617934137
 11
282.6613285341
 21
135.0617934137
  0
LINE
  5
2B8
100
AcDbEntity
  8
ZEICHNUNGSBEMASSUNGEN
100
AcDbLine
 62
2
  6
CONTINUOUS
 10
282.6613285341
 20
135.0617934137
 11
317.7499090904
 21
135.0617934137
  0
LINE
  5
2B9
100
AcDbEntity
  8
ZEICHNUNGSBEMASSUNGEN
100
AcDbLine
 62
2
  6
CONTINUOUS
 10
320.8499090904
 20
135.0617934137
 11
326.8499090904
 21
135.0617934137
  0
LINE
  5
2BA
100
AcDbEntity
  8
ZEICHNUNGSBEMASSUNGEN
100
AcDbLine
 62
2
  6
CONTINUOUS
 10
326.8499090904
 20
135.0617934137
 11
317.7499090904
 21
135.0617934137
  0
INSERT
  5
2BB
100
AcDbEntity
  8
ZEICHNUNGSBEMASSUNGEN
100
AcDbBlockReference
 62
2
  6
CONTINUOUS
  2
_FILLED
 10
314.6499090904
 20
135.0617934137
 41
3.5
 42
3.5
 43
3.5
  0
INSERT
  5
2BC
100
AcDbEntity
  8
ZEICHNUNGSBEMASSUNGEN
100
AcDbBlockReference
 62
2
  6
CONTINUOUS
  2
_FILLED
 10
320.8499090904
 20
135.0617934137
 41
3.5
 42
3.5
 43
3.5
 50
180.0
  0
ENDBLK
  5
2BD
100
AcDbEntity
  8
0
  6
BYBLOCK
 62
0
100
AcDbBlockEnd
  0
BLOCK
  5
2BE
100
AcDbEntity
  8
ZEICHNUNGSBEMASSUNGEN
100
AcDbBlockBegin
 62
2
  6
CONTINUOUS
  2
*D11
 70
65
 10
0.0
 20
0.0
  3
*D11
  1

  0
TEXT
  5
2BF
100
AcDbEntity
  8
ZEICHNUNGSBEMASSUNGEN
100
AcDbText
 62
5
  6
CONTINUOUS
 10
140.7787597789
 20
69.4483266357
  7
STANDARD
 40
3.5
  1
20
 50
90.0
 41
0.7857142857
 51
15.0
 72
1
 11
140.7787597789
 21
72.1983266357
100
AcDbText
  0
TEXT
  5
2C0
100
AcDbEntity
  8
ZEICHNUNGSBEMASSUNGEN
100
AcDbText
 62
5
  6
CONTINUOUS
 10
140.2537597789
 20
74.9483266357
  7
TEXTSTYLE_4
 40
2.45
  1
`
 50
90.0
 41
1.0
 51
15.0
 72
1
 11
140.2537597789
 21
76.3774933023
100
AcDbText
  0
TEXT
  5
2C1
100
AcDbEntity
  8
ZEICHNUNGSBEMASSUNGEN
100
AcDbText
 62
5
  6
CONTINUOUS
 10
140.2537597789
 20
77.806659969
  7
STANDARD
 40
2.45
  1
0,1
 50
90.0
 41
0.6428571429
 51
15.0
 72
1
 11
140.2537597789
 21
80.169159969
100
AcDbText
  0
TEXT
  5
2C2
100
AcDbEntity
  8
ZEICHNUNGSBEMASSUNGEN
100
AcDbText
 62
5
  6
CONTINUOUS
 10
140.7787597789
 20
86.031659969
  7
STANDARD
 40
3.5
  1
[
 50
90.0
 41
0.4285714286
 51
15.0
 72
1
 11
140.7787597789
 21
86.781659969
100
AcDbText
  0
TEXT
  5
2C3
100
AcDbEntity
  8
ZEICHNUNGSBEMASSUNGEN
100
AcDbText
 62
5
  6
CONTINUOUS
 10
140.7787597789
 20
87.531659969
  7
STANDARD
 40
3.5
  1
.787
 50
90.0
 41
0.7321428571
 51
15.0
 72
1
 11
140.7787597789
 21
92.656659969
100
AcDbText
  0
TEXT
  5
2C4
100
AcDbEntity
  8
ZEICHNUNGSBEMASSUNGEN
100
AcDbText
 62
5
  6
CONTINUOUS
 10
140.2537597789
 20
97.781659969
  7
TEXTSTYLE_4
 40
2.45
  1
`
 50
90.0
 41
1.0
 51
15.0
 72
1
 11
140.2537597789
 21
99.2108266357
100
AcDbText
  0
TEXT
  5
2C5
100
AcDbEntity
  8
ZEICHNUNGSBEMASSUNGEN
100
AcDbText
 62
5
  6
CONTINUOUS
 10
140.2537597789
 20
100.6399933023
  7
STANDARD
 40
2.45
  1
.003
 50
90.0
 41
0.7142857143
 51
15.0
 72
1
 11
140.2537597789
 21
104.1399933023
100
AcDbText
  0
TEXT
  5
2C6
100
AcDbEntity
  8
ZEICHNUNGSBEMASSUNGEN
100
AcDbText
 62
5
  6
CONTINUOUS
 10
140.7787597789
 20
107.6399933023
  7
STANDARD
 40
3.5
  1
]
 50
90.0
 41
0.4285714286
 51
15.0
 72
1
 11
140.7787597789
 21
108.3899933023
100
AcDbText
  0
LINE
  5
2C7
100
AcDbEntity
  8
ZEICHNUNGSBEMASSUNGEN
100
AcDbLine
 62
2
  6
CONTINUOUS
 10
119.5950904482
 20
69.294159969
 11
143.1846264368
 21
69.294159969
  0
LINE
  5
2C8
100
AcDbEntity
  8
ZEICHNUNGSBEMASSUNGEN
100
AcDbLine
 62
2
  6
CONTINUOUS
 10
120.8168484618
 20
109.294159969
 11
143.1846264368
 21
109.294159969
  0
LINE
  5
2C9
100
AcDbEntity
  8
ZEICHNUNGSBEMASSUNGEN
100
AcDbLine
 62
2
  6
CONTINUOUS
 10
141.6846264368
 20
69.294159969
 11
141.6846264368
 21
89.294159969
  0
LINE
  5
2CA
100
AcDbEntity
  8
ZEICHNUNGSBEMASSUNGEN
100
AcDbLine
 62
2
  6
CONTINUOUS
 10
141.6846264368
 20
109.294159969
 11
141.6846264368
 21
89.294159969
  0
INSERT
  5
2CB
100
AcDbEntity
  8
ZEICHNUNGSBEMASSUNGEN
100
AcDbBlockReference
 62
2
  6
CONTINUOUS
  2
_FILLED
 10
141.6846264368
 20
69.294159969
 41
3.5
 42
3.5
 43
3.5
 50
270.0
  0
INSERT
  5
2CC
100
AcDbEntity
  8
ZEICHNUNGSBEMASSUNGEN
100
AcDbBlockReference
 62
2
  6
CONTINUOUS
  2
_FILLED
 10
141.6846264368
 20
109.294159969
 41
3.5
 42
3.5
 43
3.5
 50
90.0
  0
ENDBLK
  5
2CD
100
AcDbEntity
  8
0
  6
BYBLOCK
 62
0
100
AcDbBlockEnd
  0
BLOCK
  5
2CE
100
AcDbEntity
  8
0
100
AcDbBlockBegin
  2
*T1
 70
1
 10
0.0
 20
0.0
  3
*T1
  1

  0
LINE
  5
2CF
100
AcDbEntity
  8
0
100
AcDbLine
 62
7
  6
CONTINUOUS
 10
0.0
 20
0.0
 11
133.0
 21
0.0
  0
LINE
  5
2D0
100
AcDbEntity
  8
0
100
AcDbLine
 62
7
  6
CONTINUOUS
 10
0.0
 20
0.0
 11
0.0
 21
-46.0
  0
LINE
  5
2D1
100
AcDbEntity
  8
0
100
AcDbLine
 62
7
  6
CONTINUOUS
 10
82.0
 20
-5.0
 11
133.0
 21
-5.0
  0
LINE
  5
2D2
100
AcDbEntity
  8
0
100
AcDbLine
 62
7
  6
CONTINUOUS
 10
0.0
 20
-10.0
 11
41.0
 21
-10.0
  0
LINE
  5
2D3
100
AcDbEntity
  8
0
100
AcDbLine
 62
7
  6
CONTINUOUS
 10
82.0
 20
-10.0
 11
133.0
 21
-10.0
  0
LINE
  5
2D4
100
AcDbEntity
  8
0
100
AcDbLine
 62
7
  6
CONTINUOUS
 10
82.0
 20
-15.0
 11
133.0
 21
-15.0
  0
LINE
  5
2D5
100
AcDbEntity
  8
0
100
AcDbLine
 62
7
  6
CONTINUOUS
 10
0.0
 20
-20.0
 11
133.0
 21
-20.0
  0
LINE
  5
2D6
100
AcDbEntity
  8
0
100
AcDbLine
 62
7
  6
CONTINUOUS
 10
82.0
 20
-28.0
 11
133.0
 21
-28.0
  0
LINE
  5
2D7
100
AcDbEntity
  8
0
100
AcDbLine
 62
7
  6
CONTINUOUS
 10
0.0
 20
-37.0
 11
133.0
 21
-37.0
  0
LINE
  5
2D8
100
AcDbEntity
  8
0
100
AcDbLine
 62
7
  6
CONTINUOUS
 10
0.0
 20
-46.0
 11
133.0
 21
-46.0
  0
LINE
  5
2D9
100
AcDbEntity
  8
0
100
AcDbLine
 62
7
  6
CONTINUOUS
 10
41.0
 20
0.0
 11
41.0
 21
-20.0
  0
LINE
  5
2DA
100
AcDbEntity
  8
0
100
AcDbLine
 62
7
  6
CONTINUOUS
 10
64.0
 20
0.0
 11
64.0
 21
-20.0
  0
LINE
  5
2DB
100
AcDbEntity
  8
0
100
AcDbLine
 62
7
  6
CONTINUOUS
 10
82.0
 20
0.0
 11
82.0
 21
-46.0
  0
LINE
  5
2DC
100
AcDbEntity
  8
0
100
AcDbLine
 62
7
  6
CONTINUOUS
 10
101.0
 20
0.0
 11
101.0
 21
-20.0
  0
LINE
  5
2DD
100
AcDbEntity
  8
0
100
AcDbLine
 62
7
  6
CONTINUOUS
 10
116.0
 20
0.0
 11
116.0
 21
-37.0
  0
LINE
  5
2DE
100
AcDbEntity
  8
0
100
AcDbLine
 62
7
  6
CONTINUOUS
 10
133.0
 20
0.0
 11
133.0
 21
-46.0
  0
MTEXT
  5
2DF
100
AcDbEntity
  8
0
100
AcDbMText
 62
5
  6
CONTINUOUS
  7
TEXTSTYLE_5
 71
1
 72
1
 10
0.0625
 20
-2.7341257188
 30
0.0
 11
1.0
 21
0.0
 31
0.0
 44
0.9
  1
\Q15.0; Allgemeintoleranzen\P ISO 2768-m
 40
1.8
 41
49.2
  0
MTEXT
  5
2E0
100
AcDbEntity
  8
0
100
AcDbMText
 62
5
  6
CONTINUOUS
  7
TEXTSTYLE_5
 71
2
 72
1
 10
52.5
 20
-1.5352761804
 30
0.0
 11
1.0
 21
0.0
 31
0.0
 44
0.9
  1
\Q15.0;Werkstoff
 40
2.0
 41
26.2857142857
  0
MTEXT
  5
2E1
100
AcDbEntity
  8
0
100
AcDbMText
 62
5
  6
CONTINUOUS
  7
TEXTSTYLE_5
 71
2
 72
1
 10
73.0
 20
-1.5352761804
 30
0.0
 11
1.0
 21
0.0
 31
0.0
 44
0.9
  1
\Q15.0;Massstab:
 40
2.0
 41
24.2857142857
  0
MTEXT
  5
2E2
100
AcDbEntity
  8
0
100
AcDbMText
 62
5
  6
CONTINUOUS
  7
TEXTSTYLE_5
 71
2
 72
1
 10
108.5
 20
-1.5352761804
 30
0.0
 11
1.0
 21
0.0
 31
0.0
 44
0.9
  1
\Q15.0;Datum
 40
2.0
 41
15.3333333333
  0
MTEXT
  5
2E3
100
AcDbEntity
  8
0
100
AcDbMText
 62
5
  6
CONTINUOUS
  7
TEXTSTYLE_5
 71
2
 72
1
 10
124.5
 20
-1.5352761804
 30
0.0
 11
1.0
 21
0.0
 31
0.0
 44
0.9
  1
\Q15.0;Name
 40
2.0
 41
12.5714285714
  0
MTEXT
  5
2E4
100
AcDbEntity
  8
0
100
AcDbMText
 62
5
  6
CONTINUOUS
  7
TEXTSTYLE_5
 71
1
 72
1
 10
82.0625
 20
-6.5352761804
 30
0.0
 11
1.0
 21
0.0
 31
0.0
 44
0.9
  1
\Q15.0; Gezeichnet
 40
2.0
 41
30.380952381
  0
MTEXT
  5
2E5
100
AcDbEntity
  8
0
100
AcDbMText
 62
5
  6
CONTINUOUS
  7
TEXTSTYLE_5
 71
2
 72
1
 10
108.5
 20
-6.5352761804
 30
0.0
 11
1.0
 21
0.0
 31
0.0
 44
0.9
  1
\Q15.0;05.05.09
 40
2.0
 41
22.8571428571
  0
MTEXT
  5
2E6
100
AcDbEntity
  8
0
100
AcDbMText
 62
5
  6
CONTINUOUS
  7
TEXTSTYLE_5
 71
2
 72
1
 10
124.5
 20
-6.5352761804
 30
0.0
 11
1.0
 21
0.0
 31
0.0
 44
0.9
  1
\Q15.0;Mijatovic
 40
2.0
 41
23.0476190476
  0
MTEXT
  5
2E7
100
AcDbEntity
  8
0
100
AcDbMText
 62
5
  6
CONTINUOUS
  7
TEXTSTYLE_5
 71
1
 72
1
 10
0.0625
 20
-12.7341257188
 30
0.0
 11
1.0
 21
0.0
 31
0.0
 44
0.9
  1
\Q15.0; Zeichnung urheberrechtlich\P geschuetzt (DIN 34) (C)
 40
1.8
 41
66.0
  0
MTEXT
  5
2E8
100
AcDbEntity
  8
0
100
AcDbMText
 62
5
  6
CONTINUOUS
  7
TEXTSTYLE_5
 71
2
 72
1
 10
52.5
 20
-12.8209921265
 30
0.0
 11
1.0
 21
0.0
 31
0.0
 44
0.9
  1
\Q15.0;-
 40
2.0
 41
2.8571428571
  0
MTEXT
  5
2E9
100
AcDbEntity
  8
0
100
AcDbMText
 62
5
  6
CONTINUOUS
  7
TEXTSTYLE_5
 71
2
 72
1
 10
73.0
 20
-10.2015916314
 30
0.0
 11
1.0
 21
0.0
 31
0.0
 44
0.9
  1
\Q15.0;2:1
 40
3.5
 41
12.0
  0
MTEXT
  5
2EA
100
AcDbEntity
  8
0
100
AcDbMText
 62
5
  6
CONTINUOUS
  7
TEXTSTYLE_5
 71
1
 72
1
 10
82.0625
 20
-11.5352761804
 30
0.0
 11
1.0
 21
0.0
 31
0.0
 44
0.9
  1
\Q15.0; Freigegeben
 40
2.0
 41
33.5238095238
  0
MTEXT
  5
2EB
100
AcDbEntity
  8
0
100
AcDbMText
 62
5
  6
CONTINUOUS
  7
TEXTSTYLE_5
 71
2
 72
1
 10
52.5
 20
-17.8209890747
 30
0.0
 11
1.0
 21
0.0
 31
0.0
 44
0.9
  1
\Q15.0;-
 40
2.0
 41
2.8571428571
  0
MTEXT
  5
2EC
100
AcDbEntity
  8
0
100
AcDbMText
 62
5
  6
CONTINUOUS
  7
TEXTSTYLE_5
 71
2
 72
1
 10
73.0
 20
-16.5352761804
 30
0.0
 11
1.0
 21
0.0
 31
0.0
 44
0.9
  1
\Q15.0;(A3)
 40
2.0
 41
9.7142857143
  0
MTEXT
  5
2ED
100
AcDbEntity
  8
0
100
AcDbMText
 62
5
  6
CONTINUOUS
  7
TEXTSTYLE_5
 71
1
 72
1
 10
82.0625
 20
-16.5352761804
 30
0.0
 11
1.0
 21
0.0
 31
0.0
 44
0.9
  1
\Q15.0; Geaendert
 40
2.0
 41
28.2857142857
  0
MTEXT
  5
2EE
100
AcDbEntity
  8
0
100
AcDbMText
 62
5
  6
CONTINUOUS
  7
TEXTSTYLE_5
 71
2
 72
1
 10
108.5
 20
-16.5352761804
 30
0.0
 11
1.0
 21
0.0
 31
0.0
 44
0.9
  1
\Q15.0;21.09.10
 40
2.0
 41
21.7142857143
  0
MTEXT
  5
2EF
100
AcDbEntity
  8
0
100
AcDbMText
 62
5
  6
CONTINUOUS
  7
TEXTSTYLE_5
 71
2
 72
1
 10
124.5
 20
-16.5352761804
 30
0.0
 11
1.0
 21
0.0
 31
0.0
 44
0.9
  1
\Q15.0;jutz b
 40
2.0
 41
16.0
  0
MTEXT
  5
2F0
100
AcDbEntity
  8
0
100
AcDbMText
 62
5
  6
CONTINUOUS
  7
TEXTSTYLE_5
 71
1
 72
1
 10
0.0625
 20
-20.921875
 30
0.0
 11
1.0
 21
0.0
 31
0.0
 44
0.9
  1
\Q15.0; Benennung
 40
2.0
 41
29.1428571429
  0
MTEXT
  5
2F1
100
AcDbEntity
  8
0
100
AcDbMText
 62
5
  6
CONTINUOUS
  7
TEXTSTYLE_5
 71
1
 72
1
 10
82.0625
 20
-20.9647238196
 30
0.0
 11
1.0
 21
0.0
 31
0.0
 44
1.2
  1
\Q15.0; Aend.-Nr.\P -
 40
2.0
 41
28.2857142857
  0
MTEXT
  5
2F2
100
AcDbEntity
  8
0
100
AcDbMText
 62
5
  6
CONTINUOUS
  7
TEXTSTYLE_5
 71
2
 72
1
 10
124.5
 20
-20.835314297
 30
0.0
 11
1.0
 21
0.0
 31
0.0
 44
0.9
  1
\Q15.0;Aend.-Index\P\H3.0;A
 40
2.0
 41
31.1428571429
  0
MTEXT
  5
2F3
100
AcDbEntity
  8
0
100
AcDbMText
 62
5
  6
CONTINUOUS
  7
TEXTSTYLE_5
 71
2
 72
1
 10
41.0
 20
-23.8117333157
 30
0.0
 11
1.0
 21
0.0
 31
0.0
 44
0.9
  1
\Q15.0;NAUSB-W
 40
3.5
 41
42.5
  0
MTEXT
  5
2F4
100
AcDbEntity
  8
0
100
AcDbMText
 62
5
  6
CONTINUOUS
  7
TEXTSTYLE_5
 71
2
 72
1
 10
40.25
 20
-30.088190451
 30
0.0
 11
1.0
 21
0.0
 31
0.0
 44
0.9
  1
\Q15.0;NAUSB-W
 40
5.0
 41
60.7142857143
  0
MTEXT
  5
2F5
100
AcDbEntity
  8
0
100
AcDbMText
 62
5
  6
CONTINUOUS
  7
TEXTSTYLE_5
 71
1
 72
1
 10
82.0625
 20
-31.5352761804
 30
0.0
 11
1.0
 21
0.0
 31
0.0
 44
0.9
  1
\Q15.0; Ersatz fuer:
 40
2.0
 41
34.5714285714
  0
MTEXT
  5
2F6
100
AcDbEntity
  8
0
100
AcDbMText
 62
5
  6
CONTINUOUS
  7
TEXTSTYLE_5
 71
2
 72
1
 10
124.5
 20
-29.4647238196
 30
0.0
 11
1.0
 21
0.0
 31
0.0
 44
1.2
  1
\Q15.0;Blatt 1\Pvon 1 Bl.
 40
2.0
 41
24.5714285714
  0
MTEXT
  5
2F7
100
AcDbEntity
  8
0
100
AcDbMText
 62
5
  6
CONTINUOUS
  7
TEXTSTYLE_5
 71
1
 72
1
 10
82.0625
 20
-37.5352761804
 30
0.0
 11
1.0
 21
0.0
 31
0.0
 44
0.9
  1
\Q15.0; Zeichn. Nr.
 40
2.0
 41
32.9523809524
  0
MTEXT
  5
2F8
100
AcDbEntity
  8
0
100
AcDbMText
 62
5
  6
CONTINUOUS
  7
TEXTSTYLE_5
 71
2
 72
1
 10
108.5
 20
-41.3117333157
 30
0.0
 11
1.0
 21
0.0
 31
0.0
 44
0.9
  1
\Q15.0;ST-NAUSB-W
 40
3.5
 41
59.0
  0
ENDBLK
  5
2F9
100
AcDbEntity
  8
0
  6
BYBLOCK
 62
0
100
AcDbBlockEnd
  0
ENDSEC
  0
SECTION
  2
ENTITIES
  0
MTEXT
  5
2FA
100
AcDbEntity
  8
0
100
AcDbMText
 62
4
  6
CONTINUOUS
  7
TEXTSTYLE_2
 71
1
 72
1
 10
330.914129497
 20
15.9780474456
 30
0.0
 11
1.0
 21
0.0
 31
0.0
 44
0.9
  1
\Q15.0;FL-9494 SCHAAN
 40
2.4236218182
 41
26.4290188745
  0
DIMENSION
  5
2FB
100
AcDbEntity
  8
ZEICHNUNGSBEMASSUNGEN
100
AcDbDimension
 62
2
  6
CONTINUOUS
  2
*D0
 10
260.1414131765
 20
69.294159969
 11
259.0538041751
 21
106.7151716464
 70
160
 71
2
 42
40.55
  3
DIMSTYLE_1
100
AcDbAlignedDimension
 13
206.1774143537
 23
150.394159969
 14
239.9882010063
 24
69.294159969
 50
270.0
100
AcDbRotatedDimension
  0
DIMENSION
  5
2FC
100
AcDbEntity
  8
ZEICHNUNGSBEMASSUNGEN
100
AcDbDimension
 62
2
  6
CONTINUOUS
  2
*D1
 10
128.7405004097
 20
49.1695030605
 11
96.0799175555
 21
52.7559297025
 70
160
 71
2
 42
31.0
  3
DIMSTYLE_2
100
AcDbAlignedDimension
 13
66.7405004097
 23
76.294159969
 14
128.7405004097
 24
76.294159969
100
AcDbRotatedDimension
  0
DIMENSION
  5
2FD
100
AcDbEntity
  8
ZEICHNUNGSBEMASSUNGEN
100
AcDbDimension
 62
2
  6
CONTINUOUS
  2
*D2
 10
121.7405004097
 20
179.1283455547
 11
95.9905004097
 21
181.7842122126
 70
160
 71
2
 42
24.0
  3
DIMSTYLE_3
100
AcDbAlignedDimension
 13
73.7405004097
 23
190.2781305886
 14
121.7405004097
 24
228.2781305886
100
AcDbRotatedDimension
  0
DIMENSION
  5
2FE
100
AcDbEntity
  8
ZEICHNUNGSBEMASSUNGEN
100
AcDbDimension
 62
2
  6
CONTINUOUS
  2
*D3
 10
49.9432982667
 20
199.2781305886
 11
48.6036478562
 21
216.8812608018
 70
160
 71
2
 42
19.0
  3
DIMSTYLE_3
100
AcDbAlignedDimension
 13
112.7405004097
 23
237.2781305886
 14
64.7405004097
 24
199.2781305886
 50
270.0
100
AcDbRotatedDimension
  0
DIMENSION
  5
2FF
100
AcDbEntity
  8
ZEICHNUNGSBEMASSUNGEN
100
AcDbDimension
 62
2
  6
CONTINUOUS
  2
*D4
 10
38.7653216352
 20
244.2781305886
 11
36.4287543256
 21
216.5700758915
 70
160
 71
2
 42
26.0
  3
DIMSTYLE_2
100
AcDbAlignedDimension
 13
73.7405004097
 23
192.2781305886
 14
73.7405004114
 24
244.2781305886
 50
90.0
100
AcDbRotatedDimension
  0
DIMENSION
  5
300
100
AcDbEntity
  8
ZEICHNUNGSBEMASSUNGEN
100
AcDbDimension
 62
2
  6
CONTINUOUS
  2
*D5
 10
180.6826739646
 20
75.294159969
 11
178.0268073068
 21
95.169201969
 70
160
 71
1
 42
2.0
  3
DIMSTYLE_4
100
AcDbAlignedDimension
 13
191.3882010063
 23
79.294159969
 14
192.3882010063
 24
75.294159969
 50
270.0
100
AcDbRotatedDimension
  0
DIMENSION
  5
301
100
AcDbEntity
  8
ZEICHNUNGSBEMASSUNGEN
100
AcDbDimension
 62
2
  6
CONTINUOUS
  2
*D6
 10
172.2375536813
 20
69.294159969
 11
169.5816870234
 21
90.7942078358
 70
160
 71
1
 42
5.0
  3
DIMSTYLE_4
100
AcDbAlignedDimension
 13
191.3882010063
 23
79.294159969
 14
194.7882010063
 24
69.294159969
 50
270.0
100
AcDbRotatedDimension
  0
DIMENSION
  5
302
100
AcDbEntity
  8
ZEICHNUNGSBEMASSUNGEN
100
AcDbDimension
 62
2
  6
CONTINUOUS
  2
*D7
 10
360.3497510326
 20
215.6492519949
 11
334.5622510326
 21
218.3051186527
 70
160
 71
2
 42
23.6
  1
>= %%c<>
  3
DIMSTYLE_5
100
AcDbAlignedDimension
 13
313.1497510326
 23
171.1468543688
 14
360.3497510326
 24
171.1468543688
100
AcDbRotatedDimension
  0
DIMENSION
  5
303
100
AcDbEntity
  8
ZEICHNUNGSBEMASSUNGEN
100
AcDbDimension
 62
2
  6
CONTINUOUS
  2
*D8
 10
355.7504152888
 20
205.2564578908
 11
335.1876621896
 21
207.9123245487
 70
160
 71
2
 42
19.0002530992
  3
DIMSTYLE_6
100
AcDbAlignedDimension
 13
317.7499090904
 23
152.6739801627
 14
355.7504152888
 24
200.674557642
100
AcDbRotatedDimension
  0
DIMENSION
  5
304
100
AcDbEntity
  8
ZEICHNUNGSBEMASSUNGEN
100
AcDbDimension
 62
2
  6
CONTINUOUS
  2
*D9
 10
377.6796845632
 20
195.147679782
 11
376.3120295517
 21
169.582896881
 70
160
 71
2
 42
24.0002887397
  3
DIMSTYLE_6
100
AcDbAlignedDimension
 13
323.2767869504
 23
147.1471023027
 14
361.2772931488
 24
195.147679782
 50
90.0
100
AcDbRotatedDimension
  0
DIMENSION
  5
305
100
AcDbEntity
  8
ZEICHNUNGSBEMASSUNGEN
100
AcDbDimension
 62
2
  6
CONTINUOUS
  2
*D10
 10
320.8499090904
 20
135.0617934137
 11
293.1613285341
 21
137.7176600716
 70
160
 71
3
 42
3.1
  1
%%c<>
  3
DIMSTYLE_7
100
AcDbAlignedDimension
 13
314.6499090904
 23
147.1471023027
 14
320.8499090904
 24
147.1471023027
100
AcDbRotatedDimension
  0
DIMENSION
  5
306
100
AcDbEntity
  8
ZEICHNUNGSBEMASSUNGEN
100
AcDbDimension
 62
2
  6
CONTINUOUS
  2
*D11
 10
141.6846264368
 20
109.294159969
 11
140.3449760263
 21
87.7296658077
 70
160
 71
2
 42
20.0
  3
DIMSTYLE_8
100
AcDbAlignedDimension
 13
119.5950904482
 23
69.294159969
 14
120.8168484618
 24
109.294159969
 50
90.0
100
AcDbRotatedDimension
  0
ACAD_TABLE
  5
307
100
AcDbEntity
  8
0
 62
2
  6
CONTINUOUS
100
AcDbBlockReference
  2
*T1
 10
277.0
 20
56.0
 30
0.0
100
AcDbTable
342
       CB3
343
21F
 11
1.0
 21
0.0
 31
0.0
 90
22
 91
9
 92
8
 93
0
 94
0
 95
0
 96
0
141
5.0
141
5.0
141
5.0
141
5.0
141
3.0
141
5.0
141
9.0
141
3.0
141
6.0
142
20.5
142
19.0
142
1.5
142
23.0
142
18.0
142
19.0
142
15.0
142
17.0
171
1
172
0
173
0
174
0
175
2
176
2
177
41
178
0
145
0.0
  1
\Q15.0; Allgemeintoleranzen\P ISO 2768-m
170
4
140
1.8
 64
5
171
1
172
0
173
1
174
0
175
1
176
1
177
1
178
0
145
0.0
170
1
171
1
172
0
173
0
174
0
175
1
176
2
177
1
178
0
145
0.0
170
1
171
1
172
0
173
0
174
0
175
1
176
1
177
41
178
0
145
0.0
  1
\Q15.0;Werkstoff
170
5
140
2.0
 64
5
171
1
172
0
173
0
174
0
175
1
176
1
177
41
178
0
145
0.0
  1
\Q15.0;Massstab:
170
5
140
2.0
 64
5
171
1
172
0
173
0
174
0
175
1
176
1
177
1
178
0
145
0.0
170
1
171
1
172
0
173
0
174
0
175
1
176
1
177
41
178
0
145
0.0
  1
\Q15.0;Datum
170
5
140
2.0
 64
5
171
1
172
0
173
0
174
0
175
1
176
1
177
41
178
0
145
0.0
  1
\Q15.0;Name
170
5
140
2.0
 64
5
171
1
172
0
173
1
174
0
175
1
176
1
177
1
178
0
145
0.0
170
1
171
1
172
0
173
1
174
0
175
1
176
1
177
1
178
0
145
0.0
170
1
171
1
172
0
173
1
174
0
175
1
176
1
177
1
178
0
145
0.0
170
1
171
1
172
0
173
0
174
0
175
1
176
1
177
1
178
0
145
0.0
170
1
171
1
172
0
173
0
174
0
175
1
176
1
177
1
178
0
145
0.0
170
1
171
1
172
0
173
0
174
0
175
1
176
1
177
41
178
0
145
0.0
  1
\Q15.0; Gezeichnet
170
4
140
2.0
 64
5
171
1
172
0
173
0
174
0
175
1
176
1
177
41
178
0
145
0.0
  1
\Q15.0;05.05.09
170
5
140
2.0
 64
5
171
1
172
0
173
0
174
0
175
1
176
1
177
41
178
0
145
0.0
  1
\Q15.0;Mijatovic
170
5
140
2.0
 64
5
171
1
172
0
173
0
174
0
175
2
176
2
177
41
178
0
145
0.0
  1
\Q15.0; Zeichnung urheberrechtlich\P geschuetzt (DIN 34) (C)
170
4
140
1.8
 64
5
171
1
172
0
173
1
174
0
175
1
176
1
177
1
178
0
145
0.0
170
1
171
1
172
0
173
0
174
0
175
1
176
2
177
1
178
0
145
0.0
170
1
171
1
172
0
173
0
174
0
175
1
176
1
177
41
178
0
145
0.0
  1
\Q15.0;-
170
5
140
2.0
 64
5
171
1
172
0
173
0
174
0
175
1
176
1
177
41
178
0
145
0.0
  1
\Q15.0;2:1
170
2
140
3.5
 64
5
171
1
172
0
173
0
174
0
175
1
176
1
177
41
178
0
145
0.0
  1
\Q15.0; Freigegeben
170
4
140
2.0
 64
5
171
1
172
0
173
0
174
0
175
1
176
1
177
1
178
0
145
0.0
170
1
171
1
172
0
173
0
174
0
175
1
176
1
177
1
178
0
145
0.0
170
1
171
1
172
0
173
1
174
0
175
1
176
1
177
1
178
0
145
0.0
170
1
171
1
172
0
173
1
174
0
175
1
176
1
177
1
178
0
145
0.0
170
1
171
1
172
0
173
1
174
0
175
1
176
1
177
1
178
0
145
0.0
170
1
171
1
172
0
173
0
174
0
175
1
176
1
177
41
178
0
145
0.0
  1
\Q15.0;-
170
5
140
2.0
 64
5
171
1
172
0
173
0
174
0
175
1
176
1
177
41
178
0
145
0.0
  1
\Q15.0;(A3)
170
5
140
2.0
 64
5
171
1
172
0
173
0
174
0
175
1
176
1
177
41
178
0
145
0.0
  1
\Q15.0; Geaendert
170
4
140
2.0
 64
5
171
1
172
0
173
0
174
0
175
1
176
1
177
41
178
0
145
0.0
  1
\Q15.0;21.09.10
170
5
140
2.0
 64
5
171
1
172
0
173
0
174
0
175
1
176
1
177
41
178
0
145
0.0
  1
\Q15.0;jutz b
170
5
140
2.0
 64
5
171
1
172
0
173
0
174
0
175
2
176
1
177
41
178
0
145
0.0
  1
\Q15.0; Benennung
170
7
140
2.0
 64
5
171
1
172
0
173
1
174
0
175
1
176
1
177
1
178
0
145
0.0
170
1
171
1
172
0
173
0
174
0
175
1
176
1
177
1
178
0
145
0.0
170
1
171
1
172
0
173
0
174
0
175
1
176
1
177
1
178
0
145
0.0
170
1
171
1
172
0
173
0
174
0
175
1
176
1
177
1
178
0
145
0.0
170
1
171
1
172
0
173
0
174
0
175
2
176
2
177
41
178
0
145
0.0
  1
\Q15.0; Aend.-Nr.\P -
170
4
140
2.0
 64
5
171
1
172
0
173
1
174
0
175
1
176
1
177
1
178
0
145
0.0
170
1
171
1
172
0
173
0
174
0
175
1
176
2
177
41
178
0
145
0.0
  1
\Q15.0;Aend.-Index\P\H3.0;A
170
5
140
2.0
 64
5
171
1
172
0
173
0
174
0
175
5
176
1
177
41
178
0
145
0.0
  1
\Q15.0;NAUSB-W
170
5
140
3.5
 64
5
171
1
172
0
173
1
174
0
175
1
176
1
177
1
178
0
145
0.0
170
1
171
1
172
0
173
1
174
0
175
1
176
1
177
1
178
0
145
0.0
170
1
171
1
172
0
173
1
174
0
175
1
176
1
177
1
178
0
145
0.0
170
1
171
1
172
0
173
1
174
0
175
1
176
1
177
1
178
0
145
0.0
170
1
171
1
172
0
173
1
174
0
175
1
176
1
177
1
178
0
145
0.0
170
1
171
1
172
0
173
1
174
0
175
1
176
1
177
1
178
0
145
0.0
170
1
171
1
172
0
173
1
174
0
175
1
176
1
177
1
178
0
145
0.0
170
1
171
1
172
0
173
0
174
0
175
1
176
1
177
1
178
0
145
0.0
170
1
171
1
172
0
173
0
174
0
175
1
176
1
177
1
178
0
145
0.0
170
1
171
1
172
0
173
0
174
0
175
1
176
1
177
41
178
0
145
0.0
  1
\Q15.0;NAUSB-W
170
5
140
5.0
 64
5
171
1
172
0
173
0
174
0
175
1
176
1
177
1
178
0
145
0.0
170
1
171
1
172
0
173
0
174
0
175
1
176
1
177
1
178
0
145
0.0
170
1
171
1
172
0
173
0
174
0
175
1
176
1
177
41
178
0
145
0.0
  1
\Q15.0; Ersatz fuer:
170
4
140
2.0
 64
5
171
1
172
0
173
0
174
0
175
1
176
1
177
1
178
0
145
0.0
170
1
171
1
172
0
173
0
174
0
175
1
176
1
177
41
178
0
145
0.0
  1
\Q15.0;Blatt 1\Pvon 1 Bl.
170
5
140
2.0
 64
5
171
1
172
0
173
0
174
0
175
5
176
2
177
1
178
0
145
0.0
170
1
171
1
172
0
173
1
174
0
175
1
176
1
177
1
178
0
145
0.0
170
1
171
1
172
0
173
1
174
0
175
1
176
1
177
1
178
0
145
0.0
170
1
171
1
172
0
173
1
174
0
175
1
176
1
177
1
178
0
145
0.0
170
1
171
1
172
0
173
1
174
0
175
1
176
1
177
1
178
0
145
0.0
170
1
171
1
172
0
173
0
174
0
175
1
176
1
177
41
178
0
145
0.0
  1
\Q15.0; Zeichn. Nr.
170
4
140
2.0
 64
5
171
1
172
0
173
0
174
0
175
1
176
1
177
1
178
0
145
0.0
170
1
171
1
172
0
173
0
174
0
175
1
176
1
177
1
178
0
145
0.0
170
1
171
1
172
0
173
1
174
0
175
1
176
1
177
1
178
0
145
0.0
170
1
171
1
172
0
173
1
174
0
175
1
176
1
177
1
178
0
145
0.0
170
1
171
1
172
0
173
1
174
0
175
1
176
1
177
1
178
0
145
0.0
170
1
171
1
172
0
173
1
174
0
175
1
176
1
177
1
178
0
145
0.0
170
1
171
1
172
0
173
1
174
0
175
1
176
1
177
1
178
0
145
0.0
170
1
171
1
172
0
173
0
174
0
175
1
176
1
177
1
178
0
145
0.0
170
1
171
1
172
0
173
0
174
0
175
1
176
1
177
41
178
0
145
0.0
  1
\Q15.0;ST-NAUSB-W
170
5
140
3.5
 64
5
171
1
172
0
173
0
174
0
175
1
176
1
177
1
178
0
145
0.0
170
1
  0
MTEXT
  5
308
100
AcDbEntity
  8
0
100
AcDbMText
 62
5
  6
CONTINUOUS
  7
STANDARD
 71
1
 72
1
 10
287.3193667712
 20
244.1015477935
 30
0.0
 11
1.0
 21
0.0
 31
0.0
 44
0.9
  1
\Q15.0;Frontplattenausschnitt (Rückseite)\P\H3.5;Panel cut out (rear side)
 40
5.0
 41
110.880952381
  0
LINE
  5
309
100
AcDbEntity
  8
0
100
AcDbLine
 62
7
  6
CONTINUOUS
 10
0.0
 20
297.0
 11
0.0
 21
0.0
  0
LINE
  5
30A
100
AcDbEntity
  8
0
100
AcDbLine
 62
7
  6
CONTINUOUS
 10
12.5
 20
287.0
 11
12.5
 21
10.0
  0
LINE
  5
30B
100
AcDbEntity
  8
0
100
AcDbLine
 62
7
  6
CONTINUOUS
 10
23.0
 20
0.0
 11
23.0
 21
8.0
  0
LINE
  5
30C
100
AcDbEntity
  8
0
100
AcDbLine
 62
7
  6
CONTINUOUS
 10
0.0
 20
0.0
 11
420.0
 21
0.0
  0
LINE
  5
30D
100
AcDbEntity
  8
0
100
AcDbLine
 62
7
  6
CONTINUOUS
 10
12.5
 20
10.0
 11
410.0
 21
10.0
  0
LINE
  5
30E
100
AcDbEntity
  8
0
100
AcDbLine
 62
2
  6
CONTINUOUS
 10
315.0514523849
 20
13.5001136946
 11
312.9555916756
 21
13.5001136946
  0
LINE
  5
30F
100
AcDbEntity
  8
0
100
AcDbLine
 62
2
  6
CONTINUOUS
 10
311.1950686798
 20
13.5001136946
 11
309.5183801123
 21
13.5001136946
  0
LINE
  5
310
100
AcDbEntity
  8
0
100
AcDbLine
 62
2
  6
CONTINUOUS
 10
308.1770292584
 20
13.5001136946
 11
306.5003406909
 21
13.5001136946
  0
LINE
  5
311
100
AcDbEntity
  8
0
100
AcDbLine
 62
2
  6
CONTINUOUS
 10
299.0390765658
 20
13.5001136946
 11
297.3623879983
 21
13.5001136946
  0
LINE
  5
312
100
AcDbEntity
  8
0
100
AcDbLine
 62
2
  6
CONTINUOUS
 10
289.9011238732
 20
13.5001136946
 11
285.7094024545
 21
13.5001136946
  0
LINE
  5
313
100
AcDbEntity
  8
0
100
AcDbLine
 62
2
  6
CONTINUOUS
 10
284.4518860289
 20
13.5001136946
 11
282.8590318899
 21
13.5001136946
  0
LINE
  5
314
100
AcDbEntity
  8
0
100
AcDbLine
 62
2
  6
CONTINUOUS
 10
280.0924957536
 20
13.5001136946
 11
278.4996416145
 21
13.5001136946
  0
LINE
  5
315
100
AcDbEntity
  8
0
100
AcDbLine
 62
2
  6
CONTINUOUS
 10
300.7995995616
 20
13.5001136946
 11
302.476288129
 21
13.5001136946
  0
LINE
  5
316
100
AcDbEntity
  8
0
100
AcDbLine
 62
2
  6
CONTINUOUS
 10
303.9014734114
 20
13.5001136946
 11
305.8296652639
 21
13.5001136946
  0
LINE
  5
317
100
AcDbEntity
  8
0
100
AcDbLine
 62
2
  6
CONTINUOUS
 10
317.197674182
 20
13.5001136946
 11
318.8325105456
 21
13.5001136946
  0
LINE
  5
318
100
AcDbEntity
  8
0
100
AcDbLine
 62
2
  6
CONTINUOUS
 10
320.9839136206
 20
13.5001136946
 11
322.5031962026
 21
13.5001136946
  0
LINE
  5
319
100
AcDbEntity
  8
0
100
AcDbLine
 62
2
  6
CONTINUOUS
 10
326.3171844669
 20
13.5001136946
 11
327.8319481032
 21
13.5001136946
  0
LINE
  5
31A
100
AcDbEntity
  8
0
100
AcDbLine
 62
2
  6
CONTINUOUS
 10
319.1836632433
 20
13.9683172915
 11
320.8668627214
 21
13.9683172915
  0
LINE
  5
31B
100
AcDbEntity
  8
0
100
AcDbLine
 62
2
  6
CONTINUOUS
 10
287.307115795
 20
14.0031202649
 11
289.989817503
 21
14.0031202649
  0
LINE
  5
31C
100
AcDbEntity
  8
0
100
AcDbLine
 62
2
  6
CONTINUOUS
 10
319.4566574654
 20
14.3323095877
 11
320.7758646473
 21
14.3323095877
  0
LINE
  5
31D
100
AcDbEntity
  8
0
100
AcDbLine
 62
2
  6
CONTINUOUS
 10
325.8608514835
 20
14.348381331
 11
326.466756938
 21
14.348381331
  0
LINE
  5
31E
100
AcDbEntity
  8
0
100
AcDbLine
 62
2
  6
CONTINUOUS
 10
289.5607222909
 20
14.4222924067
 11
287.3810271532
 21
14.4222924067
  0
LINE
  5
31F
100
AcDbEntity
  8
0
100
AcDbLine
 62
2
  6
CONTINUOUS
 10
325.8991566285
 20
14.5656206037
 11
328.0198257194
 21
14.5656206037
  0
LINE
  5
320
100
AcDbEntity
  8
0
100
AcDbLine
 62
2
  6
CONTINUOUS
 10
303.7739658832
 20
14.8414645486
 11
302.7128044752
 21
14.8414645486
  0
LINE
  5
321
100
AcDbEntity
  8
0
100
AcDbLine
 62
2
  6
CONTINUOUS
 10
287.469720783
 20
14.925298977
 11
289.6494159207
 21
14.925298977
  0
LINE
  5
322
100
AcDbEntity
  8
0
100
AcDbLine
 62
2
  6
CONTINUOUS
 10
326.5976279714
 20
15.2119104396
 11
328.1337840549
 21
15.2119104396
  0
LINE
  5
323
100
AcDbEntity
  8
0
100
AcDbLine
 62
2
  6
CONTINUOUS
 10
300.5231862673
 20
15.2606366904
 11
299.3495042701
 21
15.2606366904
  0
LINE
  5
324
100
AcDbEntity
  8
0
100
AcDbLine
 62
2
  6
CONTINUOUS
 10
297.6728157026
 20
15.2606366904
 11
296.4991337054
 21
15.2606366904
  0
LINE
  5
325
100
AcDbEntity
  8
0
100
AcDbLine
 62
2
  6
CONTINUOUS
 10
290.2263338491
 20
15.3444711188
 11
287.5436321412
 21
15.3444711188
  0
LINE
  5
326
100
AcDbEntity
  8
0
100
AcDbLine
 62
2
  6
CONTINUOUS
 10
302.8162803766
 20
15.4283055472
 11
304.0703942504
 21
15.4283055472
  0
LINE
  5
327
100
AcDbEntity
  8
0
100
AcDbLine
 62
2
  6
CONTINUOUS
 10
304.3153770171
 20
15.8474776891
 11
301.2135031673
 21
15.8474776891
  0
LINE
  5
328
100
AcDbEntity
  8
0
100
AcDbLine
 62
2
  6
CONTINUOUS
 10
278.9135452203
 20
15.8474776891
 11
280.5063993593
 21
15.8474776891
  0
LINE
  5
329
100
AcDbEntity
  8
0
100
AcDbLine
 62
2
  6
CONTINUOUS
 10
283.2729354956
 20
15.8474776891
 11
284.8657896347
 21
15.8474776891
  0
LINE
  5
32A
100
AcDbEntity
  8
0
100
AcDbLine
 62
2
  6
CONTINUOUS
 10
286.1233060603
 20
15.8474776891
 11
290.3150274789
 21
15.8474776891
  0
LINE
  5
32B
100
AcDbEntity
  8
0
100
AcDbLine
 62
2
  6
CONTINUOUS
 10
291.1533717626
 20
15.8474776891
 11
292.6623914733
 21
15.8474776891
  0
LINE
  5
32C
100
AcDbEntity
  8
0
100
AcDbLine
 62
2
  6
CONTINUOUS
 10
294.5067488975
 20
15.8474776891
 11
296.0157686082
 21
15.8474776891
  0
LINE
  5
32D
100
AcDbEntity
  8
0
100
AcDbLine
 62
2
  6
CONTINUOUS
 10
296.6026096069
 20
15.8474776891
 11
300.6266621687
 21
15.8474776891
  0
LINE
  5
32E
100
AcDbEntity
  8
0
100
AcDbLine
 62
2
  6
CONTINUOUS
 10
306.9142442967
 20
15.8474776891
 11
308.5909328641
 21
15.8474776891
  0
LINE
  5
32F
100
AcDbEntity
  8
0
100
AcDbLine
 62
2
  6
CONTINUOUS
 10
309.9322837181
 20
15.8474776891
 11
311.6089722855
 21
15.8474776891
  0
LINE
  5
330
100
AcDbEntity
  8
0
100
AcDbLine
 62
2
  6
CONTINUOUS
 10
313.3523118271
 20
15.8474776891
 11
315.4653559907
 21
15.8474776891
  0
LINE
  5
331
100
AcDbEntity
  8
0
100
AcDbLine
 62
2
  6
CONTINUOUS
 10
318.9581971778
 20
15.8474776891
 11
321.916355204
 21
15.8474776891
  0
LINE
  5
332
100
AcDbEntity
  8
0
100
AcDbLine
 62
2
  6
CONTINUOUS
 10
282.8590318899
 20
13.5001136946
 11
280.358576643
 21
15.0091334053
  0
LINE
  5
333
100
AcDbEntity
  8
0
100
AcDbLine
 62
2
  6
CONTINUOUS
 10
280.5063993593
 20
15.8474776891
 11
283.0068546062
 21
14.3384579783
  0
LINE
  5
334
100
AcDbEntity
  8
0
100
AcDbLine
 62
2
  6
CONTINUOUS
 10
312.9555916756
 20
13.5001136946
 11
311.3576736678
 21
14.4222924067
  0
LINE
  5
335
100
AcDbEntity
  8
0
100
AcDbLine
 62
2
  6
CONTINUOUS
 10
302.6241108454
 20
14.3384579783
 11
303.9014734114
 21
13.5001136946
  0
LINE
  5
336
100
AcDbEntity
  8
0
100
AcDbLine
 62
2
  6
CONTINUOUS
 10
305.8296652639
 20
13.5001136946
 11
304.5523026979
 21
14.3384579783
  0
LINE
  5
337
100
AcDbEntity
  8
0
100
AcDbLine
 62
2
  6
CONTINUOUS
 10
313.1601422959
 20
14.7576301202
 11
315.0514523849
 21
13.5001136946
  0
LINE
  5
338
100
AcDbEntity
  8
DEFAULT_1
100
AcDbLine
 62
7
  6
CENTER
 10
323.2767869504
 20
147.1471023027
 11
312.2230312305
 21
147.1471023027
  0
LINE
  5
339
100
AcDbEntity
  8
0
100
AcDbLine
 62
7
  6
CONTINUOUS
 10
230.0
 20
0.0
 11
230.0
 21
8.0
  0
LINE
  5
33A
100
AcDbEntity
  8
DEFAULT_1
100
AcDbLine
 62
7
  6
CENTER
 10
310.6929380161
 20
171.1468543688
 11
362.8756818177
 21
171.1468543688
  0
LINE
  5
33B
100
AcDbEntity
  8
DEFAULT_1
100
AcDbLine
 62
7
  6
CENTER
 10
361.2772931488
 20
195.147679782
 11
350.2235374288
 21
195.147679782
  0
LINE
  5
33C
100
AcDbEntity
  8
0
100
AcDbLine
 62
2
  6
CONTINUOUS
 10
320.4460628519
 20
15.6515167696
 11
320.7758646473
 21
14.3323095877
  0
LINE
  5
33D
100
AcDbEntity
  8
0
100
AcDbLine
 62
2
  6
CONTINUOUS
 10
320.8668627214
 20
13.9683172915
 11
320.9839136206
 21
13.5001136946
  0
LINE
  5
33E
100
AcDbEntity
  8
0
100
AcDbLine
 62
2
  6
CONTINUOUS
 10
321.916355204
 20
15.8474776891
 11
322.5031962026
 21
13.5001136946
  0
LINE
  5
33F
100
AcDbEntity
  8
0
100
AcDbLine
 62
2
  6
CONTINUOUS
 10
278.4996416145
 20
13.5001136946
 11
278.9135452203
 21
15.8474776891
  0
LINE
  5
340
100
AcDbEntity
  8
0
100
AcDbLine
 62
2
  6
CONTINUOUS
 10
280.358576643
 20
15.0091334053
 11
280.0924957536
 21
13.5001136946
  0
LINE
  5
341
100
AcDbEntity
  8
0
100
AcDbLine
 62
2
  6
CONTINUOUS
 10
283.0068546062
 20
14.3384579783
 11
283.2729354956
 21
15.8474776891
  0
LINE
  5
342
100
AcDbEntity
  8
0
100
AcDbLine
 62
2
  6
CONTINUOUS
 10
284.8657896347
 20
15.8474776891
 11
284.4518860289
 21
13.5001136946
  0
LINE
  5
343
100
AcDbEntity
  8
0
100
AcDbLine
 62
2
  6
CONTINUOUS
 10
285.7094024545
 20
13.5001136946
 11
286.1233060603
 21
15.8474776891
  0
LINE
  5
344
100
AcDbEntity
  8
0
100
AcDbLine
 62
2
  6
CONTINUOUS
 10
287.5436321412
 20
15.3444711188
 11
287.469720783
 21
14.925298977
  0
LINE
  5
345
100
AcDbEntity
  8
0
100
AcDbLine
 62
2
  6
CONTINUOUS
 10
287.3810271532
 20
14.4222924067
 11
287.307115795
 21
14.0031202649
  0
LINE
  5
346
100
AcDbEntity
  8
0
100
AcDbLine
 62
2
  6
CONTINUOUS
 10
289.6494159207
 20
14.925298977
 11
289.5607222909
 21
14.4222924067
  0
LINE
  5
347
100
AcDbEntity
  8
0
100
AcDbLine
 62
2
  6
CONTINUOUS
 10
290.3150274789
 20
15.8474776891
 11
290.2263338491
 21
15.3444711188
  0
LINE
  5
348
100
AcDbEntity
  8
0
100
AcDbLine
 62
2
  6
CONTINUOUS
 10
289.989817503
 20
14.0031202649
 11
289.9011238732
 21
13.5001136946
  0
LINE
  5
349
100
AcDbEntity
  8
0
100
AcDbLine
 62
2
  6
CONTINUOUS
 10
290.883552283
 20
14.3172553798
 11
291.1533717626
 21
15.8474776891
  0
LINE
  5
34A
100
AcDbEntity
  8
0
100
AcDbLine
 62
2
  6
CONTINUOUS
 10
292.6623914733
 20
15.8474776891
 11
292.4165656935
 21
14.4533304131
  0
LINE
  5
34B
100
AcDbEntity
  8
DEFAULT_1
100
AcDbLine
 62
7
  6
CENTER
 10
317.7499090904
 20
152.6739801627
 11
317.7499090904
 21
141.6202244427
  0
LINE
  5
34C
100
AcDbEntity
  8
0
100
AcDbLine
 62
2
  6
CONTINUOUS
 10
294.2469614385
 20
14.3741497955
 11
294.5067488975
 21
15.8474776891
  0
LINE
  5
34D
100
AcDbEntity
  8
0
100
AcDbLine
 62
2
  6
CONTINUOUS
 10
296.0157686082
 20
15.8474776891
 11
295.7191821908
 21
14.1654525318
  0
LINE
  5
34E
100
AcDbEntity
  8
0
100
AcDbLine
 62
2
  6
CONTINUOUS
 10
296.4991337054
 20
15.2606366904
 11
296.6026096069
 21
15.8474776891
  0
LINE
  5
34F
100
AcDbEntity
  8
0
100
AcDbLine
 62
2
  6
CONTINUOUS
 10
297.3623879983
 20
13.5001136946
 11
297.6728157026
 21
15.2606366904
  0
LINE
  5
350
100
AcDbEntity
  8
0
100
AcDbLine
 62
2
  6
CONTINUOUS
 10
299.3495042701
 20
15.2606366904
 11
299.0390765658
 21
13.5001136946
  0
LINE
  5
351
100
AcDbEntity
  8
0
100
AcDbLine
 62
2
  6
CONTINUOUS
 10
300.6266621687
 20
15.8474776891
 11
300.5231862673
 21
15.2606366904
  0
LINE
  5
352
100
AcDbEntity
  8
0
100
AcDbLine
 62
2
  6
CONTINUOUS
 10
301.2135031673
 20
15.8474776891
 11
300.7995995616
 21
13.5001136946
  0
LINE
  5
353
100
AcDbEntity
  8
0
100
AcDbLine
 62
2
  6
CONTINUOUS
 10
302.476288129
 20
13.5001136946
 11
302.6241108454
 21
14.3384579783
  0
LINE
  5
354
100
AcDbEntity
  8
0
100
AcDbLine
 62
2
  6
CONTINUOUS
 10
302.7128044752
 20
14.8414645486
 11
302.8162803766
 21
15.4283055472
  0
LINE
  5
355
100
AcDbEntity
  8
0
100
AcDbLine
 62
2
  6
CONTINUOUS
 10
306.5003406909
 20
13.5001136946
 11
306.9142442967
 21
15.8474776891
  0
LINE
  5
356
100
AcDbEntity
  8
DEFAULT_1
100
AcDbLine
 62
7
  6
CENTER
 10
336.7497510326
 20
197.2382033824
 11
336.7497510326
 21
145.0555053552
  0
LINE
  5
357
100
AcDbEntity
  8
0
100
AcDbLine
 62
2
  6
CONTINUOUS
 10
308.5909328641
 20
15.8474776891
 11
308.1770292584
 21
13.5001136946
  0
LINE
  5
358
100
AcDbEntity
  8
0
100
AcDbLine
 62
2
  6
CONTINUOUS
 10
309.5183801123
 20
13.5001136946
 11
309.9322837181
 21
15.8474776891
  0
LINE
  5
359
100
AcDbEntity
  8
0
100
AcDbLine
 62
2
  6
CONTINUOUS
 10
311.6089722855
 20
15.8474776891
 11
311.4168027543
 21
14.7576301202
  0
LINE
  5
35A
100
AcDbEntity
  8
0
100
AcDbLine
 62
2
  6
CONTINUOUS
 10
311.3576736678
 20
14.4222924067
 11
311.1950686798
 21
13.5001136946
  0
LINE
  5
35B
100
AcDbEntity
  8
DEFAULT_1
100
AcDbLine
 62
7
  6
CENTER
 10
355.7504152888
 20
200.674557642
 11
355.7504152888
 21
189.620801922
  0
LINE
  5
35C
100
AcDbEntity
  8
0
100
AcDbLine
 62
2
  6
CONTINUOUS
 10
323.1969846191
 20
13.9985227388
 11
323.4452488559
 21
15.4064991917
  0
LINE
  5
35D
100
AcDbEntity
  8
0
100
AcDbLine
 62
2
  6
CONTINUOUS
 10
324.7683933679
 20
14.3197731352
 11
324.9243496512
 21
15.2042451694
  0
LINE
  5
35E
100
AcDbEntity
  8
0
100
AcDbLine
 62
2
  6
CONTINUOUS
 10
325.8608514835
 20
14.348381331
 11
325.8991566285
 21
14.5656206037
  0
LINE
  5
35F
100
AcDbEntity
  8
0
100
AcDbLine
 62
2
  6
CONTINUOUS
 10
326.3171844669
 20
13.5001136946
 11
326.3220663248
 21
13.5278000867
  0
LINE
  5
360
100
AcDbEntity
  8
0
100
AcDbLine
 62
2
  6
CONTINUOUS
 10
326.4476982657
 20
14.2402942294
 11
326.466756938
 21
14.348381331
  0
LINE
  5
361
100
AcDbEntity
  8
0
100
AcDbLine
 62
2
  6
CONTINUOUS
 10
327.8319481032
 20
13.5001136946
 11
328.0198257194
 21
14.5656206037
  0
LINE
  5
362
100
AcDbEntity
  8
0
100
AcDbLine
 62
2
  6
CONTINUOUS
 10
328.1337840549
 20
15.2119104396
 11
328.1588094764
 21
15.3538366577
  0
LINE
  5
363
100
AcDbEntity
  8
0
100
AcDbLine
 62
7
  6
CONTINUOUS
 10
410.0
 20
287.0
 11
12.5
 21
287.0
  0
LINE
  5
364
100
AcDbEntity
  8
0
100
AcDbLine
 62
7
  6
CONTINUOUS
 10
0.0
 20
297.0
 11
420.0
 21
297.0
  0
LINE
  5
365
100
AcDbEntity
  8
0
100
AcDbLine
 62
2
  6
CONTINUOUS
 10
317.197674182
 20
13.5001136946
 11
318.9581971778
 21
15.8474776891
  0
LINE
  5
366
100
AcDbEntity
  8
0
100
AcDbLine
 62
2
  6
CONTINUOUS
 10
318.8325105456
 20
13.5001136946
 11
319.1836632433
 21
13.9683172915
  0
LINE
  5
367
100
AcDbEntity
  8
0
100
AcDbLine
 62
2
  6
CONTINUOUS
 10
319.4566574654
 20
14.3323095877
 11
320.4460628519
 21
15.6515167696
  0
LINE
  5
368
100
AcDbEntity
  8
0
100
AcDbLine
 62
2
  6
CONTINUOUS
 10
311.4168027543
 20
14.7576301202
 11
313.3523118271
 21
15.8474776891
  0
LINE
  5
369
100
AcDbEntity
  8
0
100
AcDbLine
 62
2
  6
CONTINUOUS
 10
315.4653559907
 20
15.8474776891
 11
313.1601422959
 21
14.7576301202
  0
LINE
  5
36A
100
AcDbEntity
  8
0
100
AcDbLine
 62
7
  6
CONTINUOUS
 10
410.0
 20
10.0
 11
410.0
 21
287.0
  0
LINE
  5
36B
100
AcDbEntity
  8
0
100
AcDbLine
 62
7
  6
CONTINUOUS
 10
420.0
 20
0.0
 11
420.0
 21
297.0
  0
LINE
  5
36C
100
AcDbEntity
  8
RUNDUNGEN
100
AcDbLine
 62
7
  6
CONTINUOUS
 10
66.7405004097
 20
237.2781305886
 11
66.7405004097
 21
199.2781305904
  0
LINE
  5
36D
100
AcDbEntity
  8
RUNDUNGEN
100
AcDbLine
 62
9
  6
CONTINUOUS
 10
67.7405004097
 20
237.2781305886
 11
67.7405004097
 21
199.2781305886
  0
LINE
  5
36E
100
AcDbEntity
  8
BEZUGSACHSEN
100
AcDbLine
 62
7
  6
CENTER
 10
73.7405004097
 20
199.2781305886
 11
73.7405004097
 21
190.2781305886
  0
LINE
  5
36F
100
AcDbEntity
  8
RUNDUNGEN
100
AcDbLine
 62
9
  6
CONTINUOUS
 10
73.7405004097
 20
193.2781305886
 11
73.7405004097
 21
192.2781305886
  0
LINE
  5
370
100
AcDbEntity
  8
BEZUGSACHSEN
100
AcDbLine
 62
7
  6
CENTER
 10
73.7405004097
 20
199.2781305886
 11
73.7405004097
 21
208.2781305886
  0
LINE
  5
371
100
AcDbEntity
  8
RUNDUNGEN
100
AcDbLine
 62
9
  6
CONTINUOUS
 10
73.7405004097
 20
243.2781305886
 11
73.7405004114
 21
244.2781305886
  0
LINE
  5
372
100
AcDbEntity
  8
RUNDUNGEN
100
AcDbLine
 62
7
  6
CONTINUOUS
 10
73.7405004097
 20
192.2781305886
 11
121.7405004097
 21
192.2781305886
  0
LINE
  5
373
100
AcDbEntity
  8
RUNDUNGEN
100
AcDbLine
 62
9
  6
CONTINUOUS
 10
73.7405004097
 20
193.2781305886
 11
121.7405004097
 21
193.2781305886
  0
LINE
  5
374
100
AcDbEntity
  8
RUNDUNGEN
100
AcDbLine
 62
9
  6
CONTINUOUS
 10
78.5555109717
 20
223.7782828935
 11
78.5554840929
 21
223.7781305886
  0
LINE
  5
375
100
AcDbEntity
  8
0
100
AcDbLine
 62
7
  6
CONTINUOUS
 10
118.2386300632
 20
198.7792685147
 11
124.6966699547
 21
198.7792685147
  0
LINE
  5
376
100
AcDbEntity
  8
RUNDUNGEN
100
AcDbLine
 62
9
  6
CONTINUOUS
 10
67.7405004097
 20
199.2781305886
 11
66.7405004097
 21
199.2781305904
  0
LINE
  5
377
100
AcDbEntity
  8
BEZUGSACHSEN
100
AcDbLine
 62
7
  6
CENTER
 10
73.7405004097
 20
199.2781305886
 11
64.7405004097
 21
199.2781305886
  0
LINE
  5
378
100
AcDbEntity
  8
BEZUGSACHSEN
100
AcDbLine
 62
7
  6
CENTER
 10
73.7405004097
 20
199.2781305886
 11
82.7405004097
 21
199.2781305886
  0
LINE
  5
379
100
AcDbEntity
  8
RUNDUNGEN
100
AcDbLine
 62
9
  6
CONTINUOUS
 10
127.7405004097
 20
199.2781305886
 11
128.7405004097
 21
199.2781305886
  0
LINE
  5
37A
100
AcDbEntity
  8
RUNDUNGEN
100
AcDbLine
 62
9
  6
CONTINUOUS
 10
78.5554840942
 20
212.7781305886
 11
78.5555110068
 21
212.7779782838
  0
LINE
  5
37B
100
AcDbEntity
  8
RUNDUNGEN
100
AcDbLine
 62
9
  6
CONTINUOUS
 10
79.7405004097
 20
211.7781305886
 11
79.7405004097
 21
213.1781305886
  0
LINE
  5
37C
100
AcDbEntity
  8
RUNDUNGEN
100
AcDbLine
 62
9
  6
CONTINUOUS
 10
79.7405004097
 20
223.3781305886
 11
79.7405004097
 21
224.7781305886
  0
LINE
  5
37D
100
AcDbEntity
  8
0
100
AcDbLine
 62
7
  6
CONTINUOUS
 10
124.6966699547
 20
199.7792685147
 11
118.2386300632
 21
199.7792685147
  0
LINE
  5
37E
100
AcDbEntity
  8
RUNDUNGEN
100
AcDbLine
 62
7
  6
CONTINUOUS
 10
100.6474215044
 20
201.4020825734
 11
94.8335793149
 21
201.4020825734
  0
LINE
  5
37F
100
AcDbEntity
  8
RUNDUNGEN
100
AcDbLine
 62
9
  6
CONTINUOUS
 10
89.7405004097
 20
201.8781305886
 11
105.7405004097
 21
201.8781305886
  0
LINE
  5
380
100
AcDbEntity
  8
RUNDUNGEN
100
AcDbLine
 62
9
  6
CONTINUOUS
 10
88.3405004097
 20
203.2781305886
 11
107.1405004097
 21
203.2781305886
  0
LINE
  5
381
100
AcDbEntity
  8
0
100
AcDbLine
 62
7
  6
CONTINUOUS
 10
93.8405004097
 20
203.5781305886
 11
101.6405004097
 21
203.5781305886
  0
LINE
  5
382
100
AcDbEntity
  8
RUNDUNGEN
100
AcDbLine
 62
9
  6
CONTINUOUS
 10
101.6405004097
 20
204.9781305886
 11
93.8405004097
 21
204.9781305886
  0
LINE
  5
383
100
AcDbEntity
  8
RUNDUNGEN
100
AcDbLine
 62
7
  6
CONTINUOUS
 10
93.4405004097
 20
204.9781305886
 11
93.8405004097
 21
204.9781305886
  0
LINE
  5
384
100
AcDbEntity
  8
RUNDUNGEN
100
AcDbLine
 62
7
  6
CONTINUOUS
 10
101.6405004097
 20
204.9781305886
 11
102.0405004097
 21
204.9781305886
  0
LINE
  5
385
100
AcDbEntity
  8
0
100
AcDbLine
 62
7
  6
CONTINUOUS
 10
92.8041624799
 20
231.4437262573
 11
92.8747395455
 21
231.5143033228
  0
LINE
  5
386
100
AcDbEntity
  8
RUNDUNGEN
100
AcDbLine
 62
7
  6
CONTINUOUS
 10
93.4405004097
 20
205.5781305886
 11
102.0405004097
 21
205.5781305886
  0
LINE
  5
387
100
AcDbEntity
  8
RUNDUNGEN
100
AcDbLine
 62
7
  6
CONTINUOUS
 10
90.4405004097
 20
206.9781305886
 11
92.4405004097
 21
206.9781305886
  0
LINE
  5
388
100
AcDbEntity
  8
RUNDUNGEN
100
AcDbLine
 62
7
  6
CONTINUOUS
 10
103.0405004097
 20
206.9781305886
 11
105.0405004097
 21
206.9781305886
  0
LINE
  5
389
100
AcDbEntity
  8
RUNDUNGEN
100
AcDbLine
 62
7
  6
CONTINUOUS
 10
100.6405004097
 20
207.2781305886
 11
98.8405004097
 21
207.2781305886
  0
LINE
  5
38A
100
AcDbEntity
  8
0
100
AcDbLine
 62
7
  6
CONTINUOUS
 10
92.8041794748
 20
205.1125179252
 11
92.8747395455
 21
205.0419578545
  0
LINE
  5
38B
100
AcDbEntity
  8
RUNDUNGEN
100
AcDbLine
 62
9
  6
CONTINUOUS
 10
88.3405004097
 20
233.2781305886
 11
88.3405004097
 21
203.2781305886
  0
LINE
  5
38C
100
AcDbEntity
  8
RUNDUNGEN
100
AcDbLine
 62
9
  6
CONTINUOUS
 10
89.7405004097
 20
201.8781305886
 11
89.7405004097
 21
234.6781305886
  0
LINE
  5
38D
100
AcDbEntity
  8
RUNDUNGEN
100
AcDbLine
 62
9
  6
CONTINUOUS
 10
98.2405004097
 20
207.8781305886
 11
101.2405004097
 21
207.8781305886
  0
LINE
  5
38E
100
AcDbEntity
  8
0
100
AcDbLine
 62
7
  6
CONTINUOUS
 10
90.4405004097
 20
229.5781305886
 11
90.4405004097
 21
220.7781305886
  0
LINE
  5
38F
100
AcDbEntity
  8
AUSFORMSCHRAEGEN
100
AcDbLine
 62
7
  6
CONTINUOUS
 10
90.4405004097
 20
220.7781305886
 11
90.4405004097
 21
215.7781305886
  0
LINE
  5
390
100
AcDbEntity
  8
0
100
AcDbLine
 62
7
  6
CONTINUOUS
 10
90.4405004097
 20
215.7781305886
 11
90.4405004097
 21
206.9781305886
  0
LINE
  5
391
100
AcDbEntity
  8
RUNDUNGEN
100
AcDbLine
 62
7
  6
CONTINUOUS
 10
90.4405004097
 20
206.8781153579
 11
90.4405004097
 21
206.9781305886
  0
LINE
  5
392
100
AcDbEntity
  8
RUNDUNGEN
100
AcDbLine
 62
7
  6
CONTINUOUS
 10
90.4405004097
 20
229.5781305886
 11
90.4405004097
 21
229.6781458194
  0
LINE
  5
393
100
AcDbEntity
  8
RUNDUNGEN
100
AcDbLine
 62
7
  6
CONTINUOUS
 10
91.8405004097
 20
229.9781305886
 11
91.8405004097
 21
229.5781305886
  0
LINE
  5
394
100
AcDbEntity
  8
0
100
AcDbLine
 62
7
  6
CONTINUOUS
 10
91.8405004097
 20
220.7781305886
 11
91.8405004097
 21
215.7781305886
  0
LINE
  5
395
100
AcDbEntity
  8
RUNDUNGEN
100
AcDbLine
 62
7
  6
CONTINUOUS
 10
91.8405004097
 20
206.9781305886
 11
91.8405004097
 21
206.5781305886
  0
LINE
  5
396
100
AcDbEntity
  8
RUNDUNGEN
100
AcDbLine
 62
9
  6
CONTINUOUS
 10
91.8405004097
 20
206.9781305886
 11
91.8405004097
 21
215.7781305886
  0
LINE
  5
397
100
AcDbEntity
  8
RUNDUNGEN
100
AcDbLine
 62
9
  6
CONTINUOUS
 10
91.8405004097
 20
220.7781305886
 11
91.8405004097
 21
229.5781305886
  0
LINE
  5
398
100
AcDbEntity
  8
RUNDUNGEN
100
AcDbLine
 62
7
  6
CONTINUOUS
 10
92.4405004097
 20
206.5781305886
 11
92.4405004097
 21
229.9781305886
  0
LINE
  5
399
100
AcDbEntity
  8
RUNDUNGEN
100
AcDbLine
 62
9
  6
CONTINUOUS
 10
102.3544481674
 20
231.5420935771
 11
102.3404851789
 21
231.5281305886
  0
LINE
  5
39A
100
AcDbEntity
  8
RUNDUNGEN
100
AcDbLine
 62
9
  6
CONTINUOUS
 10
102.4545014751
 20
231.5420935771
 11
102.4405384866
 21
231.5281305886
  0
LINE
  5
39B
100
AcDbEntity
  8
RUNDUNGEN
100
AcDbLine
 62
9
  6
CONTINUOUS
 10
116.6341452776
 20
211.7781305886
 11
115.7405004097
 21
211.7781305886
  0
LINE
  5
39C
100
AcDbEntity
  8
RUNDUNGEN
100
AcDbLine
 62
9
  6
CONTINUOUS
 10
79.7405004097
 20
211.7781305886
 11
78.8468554938
 21
211.7781305886
  0
LINE
  5
39D
100
AcDbEntity
  8
RUNDUNGEN
100
AcDbLine
 62
7
  6
CONTINUOUS
 10
116.9627673012
 20
212.7781305886
 11
116.9391304104
 21
212.7781305886
  0
LINE
  5
39E
100
AcDbEntity
  8
RUNDUNGEN
100
AcDbLine
 62
7
  6
CONTINUOUS
 10
116.9255164555
 20
212.7781305886
 11
115.7405004097
 21
212.7781305886
  0
LINE
  5
39F
100
AcDbEntity
  8
RUNDUNGEN
100
AcDbLine
 62
7
  6
CONTINUOUS
 10
79.7405004097
 20
212.7781305886
 11
78.5554843638
 21
212.7781305886
  0
LINE
  5
3A0
100
AcDbEntity
  8
RUNDUNGEN
100
AcDbLine
 62
7
  6
CONTINUOUS
 10
78.5418704333
 20
212.7781305886
 11
78.5182335182
 21
212.7781305886
  0
LINE
  5
3A1
100
AcDbEntity
  8
RUNDUNGEN
100
AcDbLine
 62
9
  6
CONTINUOUS
 10
117.0693201614
 20
213.1781305886
 11
115.7405004097
 21
213.1781305886
  0
LINE
  5
3A2
100
AcDbEntity
  8
RUNDUNGEN
100
AcDbLine
 62
9
  6
CONTINUOUS
 10
79.7405004097
 20
213.1781305886
 11
78.4116806579
 21
213.1781305886
  0
LINE
  5
3A3
100
AcDbEntity
  8
RUNDUNGEN
100
AcDbLine
 62
9
  6
CONTINUOUS
 10
102.3404851789
 20
205.0281305886
 11
102.3544481674
 21
205.0141676002
  0
LINE
  5
3A4
100
AcDbEntity
  8
RUNDUNGEN
100
AcDbLine
 62
9
  6
CONTINUOUS
 10
102.4545014751
 20
205.0141676002
 11
102.4405384866
 21
205.0281305886
  0
LINE
  5
3A5
100
AcDbEntity
  8
RUNDUNGEN
100
AcDbLine
 62
7
  6
CONTINUOUS
 10
93.8405004097
 20
203.5781305886
 11
93.8405004097
 21
205.5781305886
  0
LINE
  5
3A6
100
AcDbEntity
  8
RUNDUNGEN
100
AcDbLine
 62
7
  6
CONTINUOUS
 10
93.8405004097
 20
230.9781305886
 11
93.8405004097
 21
232.9781305886
  0
LINE
  5
3A7
100
AcDbEntity
  8
RUNDUNGEN
100
AcDbLine
 62
9
  6
CONTINUOUS
 10
94.8335793149
 20
201.4020825734
 11
94.8335793119
 21
201.8020673426
  0
LINE
  5
3A8
100
AcDbEntity
  8
0
100
AcDbLine
 62
7
  6
CONTINUOUS
 10
119.1834479682
 20
215.2795219838
 11
118.8294320865
 21
215.2795219838
  0
LINE
  5
3A9
100
AcDbEntity
  8
0
100
AcDbLine
 62
7
  6
CONTINUOUS
 10
117.5470325274
 20
215.3744731547
 11
118.2358358181
 21
215.3744731547
  0
LINE
  5
3AA
100
AcDbEntity
  8
RUNDUNGEN
100
AcDbLine
 62
9
  6
CONTINUOUS
 10
118.581846066
 20
215.7779662643
 11
117.5773686463
 21
215.7779662643
  0
LINE
  5
3AB
100
AcDbEntity
  8
RUNDUNGEN
100
AcDbLine
 62
7
  6
CONTINUOUS
 10
90.4405004097
 20
215.7781305886
 11
92.4405004097
 21
215.7781305886
  0
LINE
  5
3AC
100
AcDbEntity
  8
RUNDUNGEN
100
AcDbLine
 62
7
  6
CONTINUOUS
 10
103.0405004097
 20
215.7781305886
 11
105.0405004097
 21
215.7781305886
  0
LINE
  5
3AD
100
AcDbEntity
  8
BEZUGSACHSEN
100
AcDbLine
 62
7
  6
CENTER
 10
97.7405004097
 20
218.2781305886
 11
97.7405004097
 21
189.2781305886
  0
LINE
  5
3AE
100
AcDbEntity
  8
BEZUGSACHSEN
100
AcDbLine
 62
7
  6
CENTER
 10
97.7405004097
 20
218.2781305886
 11
97.7405004097
 21
247.2781305886
  0
LINE
  5
3AF
100
AcDbEntity
  8
0
100
AcDbLine
 62
7
  6
CONTINUOUS
 10
117.5470325274
 20
221.1817880226
 11
117.5298786832
 21
221.1782924761
  0
LINE
  5
3B0
100
AcDbEntity
  8
0
100
AcDbLine
 62
9
  6
CONTINUOUS
 10
119.5791583113
 20
220.926111254
 11
119.5001435575
 21
220.9165305581
  0
LINE
  5
3B1
100
AcDbEntity
  8
RUNDUNGEN
100
AcDbLine
 62
9
  6
CONTINUOUS
 10
119.9762475135
 20
220.9742591089
 11
119.5791583113
 21
220.9261112541
  0
LINE
  5
3B2
100
AcDbEntity
  8
BEZUGSACHSEN
100
AcDbLine
 62
7
  6
CENTER
 10
97.7405004097
 20
218.2781305886
 11
68.7405004097
 21
218.2781305886
  0
LINE
  5
3B3
100
AcDbEntity
  8
BEZUGSACHSEN
100
AcDbLine
 62
7
  6
CENTER
 10
97.7405004097
 20
218.2781305886
 11
126.7405004097
 21
218.2781305886
  0
LINE
  5
3B4
100
AcDbEntity
  8
0
100
AcDbLine
 62
9
  6
CONTINUOUS
 10
119.5791583113
 20
215.6301499233
 11
119.5001435575
 21
215.6397306191
  0
LINE
  5
3B5
100
AcDbEntity
  8
RUNDUNGEN
100
AcDbLine
 62
9
  6
CONTINUOUS
 10
119.9762475112
 20
215.5820020627
 11
119.5791583109
 21
215.6301499203
  0
LINE
  5
3B6
100
AcDbEntity
  8
RUNDUNGEN
100
AcDbLine
 62
7
  6
CONTINUOUS
 10
98.2405004097
 20
207.8781305886
 11
98.2405004097
 21
228.6781305886
  0
LINE
  5
3B7
100
AcDbEntity
  8
RUNDUNGEN
100
AcDbLine
 62
9
  6
CONTINUOUS
 10
98.8405004097
 20
207.2781305886
 11
98.8405004097
 21
229.2781305886
  0
LINE
  5
3B8
100
AcDbEntity
  8
RUNDUNGEN
100
AcDbLine
 62
9
  6
CONTINUOUS
 10
100.6405004097
 20
207.2781305886
 11
100.6405004097
 21
229.2781305886
  0
LINE
  5
3B9
100
AcDbEntity
  8
RUNDUNGEN
100
AcDbLine
 62
7
  6
CONTINUOUS
 10
90.4405004097
 20
220.7781305886
 11
92.4405004097
 21
220.7781305886
  0
LINE
  5
3BA
100
AcDbEntity
  8
RUNDUNGEN
100
AcDbLine
 62
7
  6
CONTINUOUS
 10
103.0405004097
 20
220.7781305886
 11
105.0405004097
 21
220.7781305886
  0
LINE
  5
3BB
100
AcDbEntity
  8
RUNDUNGEN
100
AcDbLine
 62
9
  6
CONTINUOUS
 10
117.5773686463
 20
220.778294913
 11
118.581846066
 21
220.778294913
  0
LINE
  5
3BC
100
AcDbEntity
  8
0
100
AcDbLine
 62
7
  6
CONTINUOUS
 10
117.5470325274
 20
221.1817880226
 11
118.2358358181
 21
221.1817880226
  0
LINE
  5
3BD
100
AcDbEntity
  8
0
100
AcDbLine
 62
7
  6
CONTINUOUS
 10
118.8294320865
 20
221.2767391935
 11
119.1834479682
 21
221.2767391935
  0
LINE
  5
3BE
100
AcDbEntity
  8
0
100
AcDbLine
 62
7
  6
CONTINUOUS
 10
117.5298786832
 20
215.3779687012
 11
117.5470325274
 21
215.3744731547
  0
LINE
  5
3BF
100
AcDbEntity
  8
RUNDUNGEN
100
AcDbLine
 62
7
  6
CONTINUOUS
 10
101.2405004097
 20
228.6781305886
 11
101.2405004097
 21
207.8781305886
  0
LINE
  5
3C0
100
AcDbEntity
  8
RUNDUNGEN
100
AcDbLine
 62
7
  6
CONTINUOUS
 10
101.6405004097
 20
203.5781305886
 11
101.6405004097
 21
205.5781305886
  0
LINE
  5
3C1
100
AcDbEntity
  8
RUNDUNGEN
100
AcDbLine
 62
7
  6
CONTINUOUS
 10
101.6405004097
 20
230.9781305886
 11
101.6405004097
 21
232.9781305886
  0
LINE
  5
3C2
100
AcDbEntity
  8
RUNDUNGEN
100
AcDbLine
 62
7
  6
CONTINUOUS
 10
103.0405004097
 20
206.5781305886
 11
103.0405004097
 21
229.9781305886
  0
LINE
  5
3C3
100
AcDbEntity
  8
RUNDUNGEN
100
AcDbLine
 62
9
  6
CONTINUOUS
 10
78.4116806579
 20
223.3781305886
 11
79.7405004097
 21
223.3781305886
  0
LINE
  5
3C4
100
AcDbEntity
  8
RUNDUNGEN
100
AcDbLine
 62
9
  6
CONTINUOUS
 10
115.7405004097
 20
223.3781305886
 11
117.0693201614
 21
223.3781305886
  0
LINE
  5
3C5
100
AcDbEntity
  8
RUNDUNGEN
100
AcDbLine
 62
7
  6
CONTINUOUS
 10
116.9627673012
 20
223.7781305886
 11
116.9391304104
 21
223.7781305886
  0
LINE
  5
3C6
100
AcDbEntity
  8
RUNDUNGEN
100
AcDbLine
 62
7
  6
CONTINUOUS
 10
78.5182335182
 20
223.7781305886
 11
78.5418704089
 21
223.7781305886
  0
LINE
  5
3C7
100
AcDbEntity
  8
RUNDUNGEN
100
AcDbLine
 62
7
  6
CONTINUOUS
 10
78.5554843638
 20
223.7781305886
 11
79.7405004097
 21
223.7781305886
  0
LINE
  5
3C8
100
AcDbEntity
  8
RUNDUNGEN
100
AcDbLine
 62
7
  6
CONTINUOUS
 10
115.7405004097
 20
223.7781305886
 11
116.9255164555
 21
223.7781305886
  0
LINE
  5
3C9
100
AcDbEntity
  8
RUNDUNGEN
100
AcDbLine
 62
9
  6
CONTINUOUS
 10
103.6405004097
 20
229.5781305886
 11
103.6405004097
 21
220.7781305886
  0
LINE
  5
3CA
100
AcDbEntity
  8
RUNDUNGEN
100
AcDbLine
 62
9
  6
CONTINUOUS
 10
103.6405004097
 20
215.7781305886
 11
103.6405004097
 21
206.9781305886
  0
LINE
  5
3CB
100
AcDbEntity
  8
RUNDUNGEN
100
AcDbLine
 62
7
  6
CONTINUOUS
 10
103.6405004097
 20
206.5781305886
 11
103.6405004097
 21
206.9781305886
  0
LINE
  5
3CC
100
AcDbEntity
  8
0
100
AcDbLine
 62
7
  6
CONTINUOUS
 10
103.6405004097
 20
215.7781305886
 11
103.6405004097
 21
220.7781305886
  0
LINE
  5
3CD
100
AcDbEntity
  8
RUNDUNGEN
100
AcDbLine
 62
7
  6
CONTINUOUS
 10
103.6405004097
 20
229.5781305886
 11
103.6405004097
 21
229.9781305886
  0
LINE
  5
3CE
100
AcDbEntity
  8
RUNDUNGEN
100
AcDbLine
 62
7
  6
CONTINUOUS
 10
105.0405004097
 20
229.6781458194
 11
105.0405004097
 21
229.5781305886
  0
LINE
  5
3CF
100
AcDbEntity
  8
0
100
AcDbLine
 62
7
  6
CONTINUOUS
 10
105.0405004097
 20
206.9781305886
 11
105.0405004097
 21
215.7781305886
  0
LINE
  5
3D0
100
AcDbEntity
  8
AUSFORMSCHRAEGEN
100
AcDbLine
 62
7
  6
CONTINUOUS
 10
105.0405004097
 20
215.7781305886
 11
105.0405004097
 21
220.7781305886
  0
LINE
  5
3D1
100
AcDbEntity
  8
0
100
AcDbLine
 62
7
  6
CONTINUOUS
 10
105.0405004097
 20
220.7781305886
 11
105.0405004097
 21
229.5781305886
  0
LINE
  5
3D2
100
AcDbEntity
  8
RUNDUNGEN
100
AcDbLine
 62
9
  6
CONTINUOUS
 10
105.7405004097
 20
201.8781305886
 11
105.7405004097
 21
234.6781305886
  0
LINE
  5
3D3
100
AcDbEntity
  8
RUNDUNGEN
100
AcDbLine
 62
9
  6
CONTINUOUS
 10
93.0264993443
 20
205.0141676002
 11
93.0404623327
 21
205.0281305886
  0
LINE
  5
3D4
100
AcDbEntity
  8
RUNDUNGEN
100
AcDbLine
 62
9
  6
CONTINUOUS
 10
93.126552652
 20
205.0141676002
 11
93.1405156404
 21
205.0281305886
  0
LINE
  5
3D5
100
AcDbEntity
  8
RUNDUNGEN
100
AcDbLine
 62
9
  6
CONTINUOUS
 10
78.8468554897
 20
224.7781305886
 11
79.7405004097
 21
224.7781305886
  0
LINE
  5
3D6
100
AcDbEntity
  8
RUNDUNGEN
100
AcDbLine
 62
9
  6
CONTINUOUS
 10
115.7405004097
 20
224.7781305886
 11
116.6341452778
 21
224.7781305886
  0
LINE
  5
3D7
100
AcDbEntity
  8
RUNDUNGEN
100
AcDbLine
 62
9
  6
CONTINUOUS
 10
93.0264993443
 20
231.5420935771
 11
93.0404623327
 21
231.5281305886
  0
LINE
  5
3D8
100
AcDbEntity
  8
RUNDUNGEN
100
AcDbLine
 62
9
  6
CONTINUOUS
 10
93.1405156404
 20
231.5281305886
 11
93.126552652
 21
231.5420935771
  0
LINE
  5
3D9
100
AcDbEntity
  8
RUNDUNGEN
100
AcDbLine
 62
9
  6
CONTINUOUS
 10
107.0693471835
 20
206.2492958619
 11
107.0693471835
 21
230.3069932966
  0
LINE
  5
3DA
100
AcDbEntity
  8
RUNDUNGEN
100
AcDbLine
 62
9
  6
CONTINUOUS
 10
107.1405004097
 20
203.2781305886
 11
107.1405004097
 21
233.2781305886
  0
LINE
  5
3DB
100
AcDbEntity
  8
RUNDUNGEN
100
AcDbLine
 62
9
  6
CONTINUOUS
 10
98.2405004097
 20
228.6781305886
 11
101.2405004097
 21
228.6781305886
  0
LINE
  5
3DC
100
AcDbEntity
  8
RUNDUNGEN
100
AcDbLine
 62
7
  6
CONTINUOUS
 10
98.8405004097
 20
229.2781305886
 11
100.6405004097
 21
229.2781305886
  0
LINE
  5
3DD
100
AcDbEntity
  8
0
100
AcDbLine
 62
7
  6
CONTINUOUS
 10
102.6062612738
 20
205.0419578545
 11
102.6768383394
 21
205.11253492
  0
LINE
  5
3DE
100
AcDbEntity
  8
RUNDUNGEN
100
AcDbLine
 62
7
  6
CONTINUOUS
 10
90.4405004097
 20
229.5781305886
 11
92.4405004097
 21
229.5781305886
  0
LINE
  5
3DF
100
AcDbEntity
  8
RUNDUNGEN
100
AcDbLine
 62
7
  6
CONTINUOUS
 10
103.0405004097
 20
229.5781305886
 11
105.0405004097
 21
229.5781305886
  0
LINE
  5
3E0
100
AcDbEntity
  8
RUNDUNGEN
100
AcDbLine
 62
7
  6
CONTINUOUS
 10
93.4405004097
 20
230.9781305886
 11
102.0405004097
 21
230.9781305886
  0
LINE
  5
3E1
100
AcDbEntity
  8
RUNDUNGEN
100
AcDbLine
 62
7
  6
CONTINUOUS
 10
102.0405004097
 20
231.5781305886
 11
101.6405004097
 21
231.5781305886
  0
LINE
  5
3E2
100
AcDbEntity
  8
RUNDUNGEN
100
AcDbLine
 62
7
  6
CONTINUOUS
 10
93.8405004097
 20
231.5781305886
 11
93.4405004097
 21
231.5781305886
  0
LINE
  5
3E3
100
AcDbEntity
  8
RUNDUNGEN
100
AcDbLine
 62
9
  6
CONTINUOUS
 10
93.8405004097
 20
231.5781305886
 11
101.6405004097
 21
231.5781305886
  0
LINE
  5
3E4
100
AcDbEntity
  8
0
100
AcDbLine
 62
7
  6
CONTINUOUS
 10
102.6062612738
 20
231.5143033228
 11
102.6768213445
 21
231.4437432521
  0
LINE
  5
3E5
100
AcDbEntity
  8
0
100
AcDbLine
 62
7
  6
CONTINUOUS
 10
101.6405004097
 20
232.9781305886
 11
93.8405004097
 21
232.9781305886
  0
LINE
  5
3E6
100
AcDbEntity
  8
RUNDUNGEN
100
AcDbLine
 62
9
  6
CONTINUOUS
 10
88.3405004097
 20
233.2781305886
 11
107.1405004097
 21
233.2781305886
  0
LINE
  5
3E7
100
AcDbEntity
  8
RUNDUNGEN
100
AcDbLine
 62
9
  6
CONTINUOUS
 10
105.7405004097
 20
234.6781305886
 11
89.7405004097
 21
234.6781305886
  0
LINE
  5
3E8
100
AcDbEntity
  8
RUNDUNGEN
100
AcDbLine
 62
9
  6
CONTINUOUS
 10
115.7405004097
 20
211.7781305886
 11
115.7405004097
 21
213.1781305886
  0
LINE
  5
3E9
100
AcDbEntity
  8
RUNDUNGEN
100
AcDbLine
 62
9
  6
CONTINUOUS
 10
115.7405004097
 20
223.3781305886
 11
115.7405004097
 21
224.7781305886
  0
LINE
  5
3EA
100
AcDbEntity
  8
BEZUGSACHSEN
100
AcDbLine
 62
7
  6
CENTER
 10
121.7405004097
 20
237.2781305886
 11
112.7405004097
 21
237.2781305886
  0
LINE
  5
3EB
100
AcDbEntity
  8
RUNDUNGEN
100
AcDbLine
 62
9
  6
CONTINUOUS
 10
67.7405004097
 20
237.2781305886
 11
66.7405004097
 21
237.2781305886
  0
LINE
  5
3EC
100
AcDbEntity
  8
BEZUGSACHSEN
100
AcDbLine
 62
7
  6
CENTER
 10
121.7405004097
 20
237.2781305886
 11
130.7405004097
 21
237.2781305886
  0
LINE
  5
3ED
100
AcDbEntity
  8
RUNDUNGEN
100
AcDbLine
 62
9
  6
CONTINUOUS
 10
127.7405004097
 20
237.2781305886
 11
128.7405004097
 21
237.2781305869
  0
LINE
  5
3EE
100
AcDbEntity
  8
0
100
AcDbLine
 62
9
  6
CONTINUOUS
 10
119.183447972
 20
221.4161463579
 11
119.1834479682
 21
221.2222889277
  0
LINE
  5
3EF
100
AcDbEntity
  8
0
100
AcDbLine
 62
9
  6
CONTINUOUS
 10
119.1834479682
 20
215.1401148216
 11
119.1834479682
 21
215.3339722496
  0
LINE
  5
3F0
100
AcDbEntity
  8
RUNDUNGEN
100
AcDbLine
 62
9
  6
CONTINUOUS
 10
116.9254898477
 20
212.7779782838
 11
116.9255167264
 21
212.7781305886
  0
LINE
  5
3F1
100
AcDbEntity
  8
RUNDUNGEN
100
AcDbLine
 62
9
  6
CONTINUOUS
 10
116.9255167251
 20
223.7781305886
 11
116.9254898126
 21
223.7782828935
  0
LINE
  5
3F2
100
AcDbEntity
  8
BEZUGSACHSEN
100
AcDbLine
 62
7
  6
CENTER
 10
121.7405004097
 20
237.2781305886
 11
121.7405004097
 21
228.2781305886
  0
LINE
  5
3F3
100
AcDbEntity
  8
RUNDUNGEN
100
AcDbLine
 62
9
  6
CONTINUOUS
 10
121.7405004097
 20
193.2781305886
 11
121.740500408
 21
192.2781305886
  0
LINE
  5
3F4
100
AcDbEntity
  8
RUNDUNGEN
100
AcDbLine
 62
9
  6
CONTINUOUS
 10
121.7405004097
 20
243.2781305886
 11
121.7405004097
 21
244.2781305886
  0
LINE
  5
3F5
100
AcDbEntity
  8
BEZUGSACHSEN
100
AcDbLine
 62
7
  6
CENTER
 10
121.7405004097
 20
237.2781305886
 11
121.7405004097
 21
246.2781305886
  0
LINE
  5
3F6
100
AcDbEntity
  8
RUNDUNGEN
100
AcDbLine
 62
9
  6
CONTINUOUS
 10
121.7405004097
 20
243.2781305886
 11
73.7405004097
 21
243.2781305886
  0
LINE
  5
3F7
100
AcDbEntity
  8
RUNDUNGEN
100
AcDbLine
 62
7
  6
CONTINUOUS
 10
121.7405004097
 20
244.2781305886
 11
73.7405004097
 21
244.2781305886
  0
LINE
  5
3F8
100
AcDbEntity
  8
RUNDUNGEN
100
AcDbLine
 62
9
  6
CONTINUOUS
 10
127.7405004097
 20
199.2781305886
 11
127.7405004097
 21
237.2781305886
  0
LINE
  5
3F9
100
AcDbEntity
  8
0
100
AcDbLine
 62
7
  6
CONTINUOUS
 10
122.7846373071
 20
202.0910062062
 11
122.178344634
 21
201.0408764922
  0
LINE
  5
3FA
100
AcDbEntity
  8
0
100
AcDbLine
 62
7
  6
CONTINUOUS
 10
120.4305991317
 20
198.0136924836
 11
119.5556173613
 21
196.4981796015
  0
LINE
  5
3FB
100
AcDbEntity
  8
RUNDUNGEN
100
AcDbLine
 62
7
  6
CONTINUOUS
 10
128.7405004097
 20
199.2781305886
 11
128.7405004097
 21
237.2781305869
  0
LINE
  5
3FC
100
AcDbEntity
  8
0
100
AcDbLine
 62
7
  6
CONTINUOUS
 10
120.6926228193
 20
196.4675308232
 11
121.2966245355
 21
197.5136924836
  0
LINE
  5
3FD
100
AcDbEntity
  8
0
100
AcDbLine
 62
7
  6
CONTINUOUS
 10
123.0443700378
 20
200.5408764922
 11
123.9216427651
 21
202.0603574279
  0
LINE
  5
3FE
100
AcDbEntity
  8
BEZUGSACHSEN
100
AcDbLine
 62
7
  6
CONTINUOUS
 10
120.3405004097
 20
69.294159969
 11
75.1405004097
 21
69.294159969
  0
LINE
  5
3FF
100
AcDbEntity
  8
BEZUGSACHSEN
100
AcDbLine
 62
9
  6
CONTINUOUS
 10
121.3405004097
 20
70.294159969
 11
74.1405004097
 21
70.294159969
  0
LINE
  5
400
100
AcDbEntity
  8
RUNDUNGEN
100
AcDbLine
 62
9
  6
CONTINUOUS
 10
74.1405004097
 20
75.094159969
 11
121.3405004097
 21
75.094159969
  0
LINE
  5
401
100
AcDbEntity
  8
RUNDUNGEN
100
AcDbLine
 62
7
  6
CONTINUOUS
 10
127.7405004097
 20
75.294159969
 11
67.7405004097
 21
75.294159969
  0
LINE
  5
402
100
AcDbEntity
  8
RUNDUNGEN
100
AcDbLine
 62
7
  6
CONTINUOUS
 10
66.7405004097
 20
76.294159969
 11
66.7405004097
 21
79.294159969
  0
LINE
  5
403
100
AcDbEntity
  8
RUNDUNGEN
100
AcDbLine
 62
9
  6
CONTINUOUS
 10
128.7405004097
 20
76.294159969
 11
66.7405004097
 21
76.294159969
  0
LINE
  5
404
100
AcDbEntity
  8
BEZUGSACHSEN
100
AcDbLine
 62
7
  6
CONTINUOUS
 10
66.7405004097
 20
79.294159969
 11
128.7405004097
 21
79.294159969
  0
LINE
  5
405
100
AcDbEntity
  8
RUNDUNGEN
100
AcDbLine
 62
9
  6
CONTINUOUS
 10
74.1473605825
 20
79.6871790064
 11
121.3336402368
 21
79.6871790064
  0
LINE
  5
406
100
AcDbEntity
  8
RUNDUNGEN
100
AcDbLine
 62
9
  6
CONTINUOUS
 10
73.7405004097
 20
75.294159969
 11
73.7405004097
 21
79.294159969
  0
LINE
  5
407
100
AcDbEntity
  8
BEZUGSACHSEN
100
AcDbLine
 62
7
  6
CONTINUOUS
 10
73.8405004097
 20
128.8761469903
 11
73.8405004097
 21
125.794159969
  0
LINE
  5
408
100
AcDbEntity
  8
BEZUGSACHSEN
100
AcDbLine
 62
7
  6
CONTINUOUS
 10
74.1405004097
 20
75.094159969
 11
74.1405004097
 21
70.294159969
  0
LWPOLYLINE
  5
409
100
AcDbEntity
  8
RUNDUNGEN
100
AcDbPolyline
 62
7
  6
CONTINUOUS
 90
3
 70
0
 10
76.7934842164
 20
110.9572662268
 10
76.8226725337
 20
110.2141568139
 10
76.827862515
 20
110.1183587146
  0
LINE
  5
40A
100
AcDbEntity
  8
0
100
AcDbLine
 62
7
  6
CONTINUOUS
 10
77.2492059694
 20
124.394159969
 11
77.250751026
 21
124.2166806666
  0
LINE
  5
40B
100
AcDbEntity
  8
0
100
AcDbLine
 62
7
  6
CONTINUOUS
 10
77.2571649403
 20
123.4799199587
 11
77.2594210352
 21
123.220764323
  0
LINE
  5
40C
100
AcDbEntity
  8
0
100
AcDbLine
 62
7
  6
CONTINUOUS
 10
77.265905984
 20
122.4758439431
 11
77.2680910419
 21
122.2248482699
  0
LINE
  5
40D
100
AcDbEntity
  8
0
100
AcDbLine
 62
7
  6
CONTINUOUS
 10
77.2746470277
 20
121.4717679275
 11
77.2767610576
 21
121.2289311732
  0
LINE
  5
40E
100
AcDbEntity
  8
0
100
AcDbLine
 62
7
  6
CONTINUOUS
 10
77.2833880714
 20
120.4676919119
 11
77.2854310591
 21
120.2330157085
  0
LINE
  5
40F
100
AcDbEntity
  8
0
100
AcDbLine
 62
7
  6
CONTINUOUS
 10
77.2921291151
 20
119.4636158963
 11
77.294101058
 21
119.2371005433
  0
LINE
  5
410
100
AcDbEntity
  8
0
100
AcDbLine
 62
7
  6
CONTINUOUS
 10
77.3008701588
 20
118.4595398807
 11
77.3027710543
 21
118.2411856808
  0
LINE
  5
411
100
AcDbEntity
  8
0
100
AcDbLine
 62
7
  6
CONTINUOUS
 10
77.3096112025
 20
117.4554638651
 11
77.3114410594
 21
117.2452698077
  0
LINE
  5
412
100
AcDbEntity
  8
0
100
AcDbLine
 62
7
  6
CONTINUOUS
 10
77.3183522462
 20
116.4513878494
 11
77.3201110504
 21
116.2493555591
  0
LINE
  5
413
100
AcDbEntity
  8
0
100
AcDbLine
 62
7
  6
CONTINUOUS
 10
77.3270932899
 20
115.4473118338
 11
77.3287810386
 21
115.2534416227
  0
LINE
  5
414
100
AcDbEntity
  8
0
100
AcDbLine
 62
7
  6
CONTINUOUS
 10
77.3358343336
 20
114.4432358182
 11
77.3374510241
 21
114.2575280018
  0
LINE
  5
415
100
AcDbEntity
  8
0
100
AcDbLine
 62
7
  6
CONTINUOUS
 10
77.3801252659
 20
109.3555753085
 11
77.3806599208
 21
109.294159969
  0
LINE
  5
416
100
AcDbEntity
  8
0
100
AcDbLine
 62
7
  6
CONTINUOUS
 10
74.7405004097
 20
124.394159969
 11
74.7405004097
 21
125.394159969
  0
LINE
  5
417
100
AcDbEntity
  8
0
100
AcDbLine
 62
7
  6
CONTINUOUS
 10
76.6905004097
 20
123.944159969
 11
76.6905004097
 21
123.744159969
  0
LINE
  5
418
100
AcDbEntity
  8
0
100
AcDbLine
 62
7
  6
CONTINUOUS
 10
76.6905004097
 20
122.944159969
 11
76.6905004097
 21
122.744159969
  0
LINE
  5
419
100
AcDbEntity
  8
0
100
AcDbLine
 62
7
  6
CONTINUOUS
 10
76.6905004097
 20
121.944159969
 11
76.6905004097
 21
121.744159969
  0
LINE
  5
41A
100
AcDbEntity
  8
0
100
AcDbLine
 62
7
  6
CONTINUOUS
 10
76.6905004097
 20
120.944159969
 11
76.6905004097
 21
120.744159969
  0
LINE
  5
41B
100
AcDbEntity
  8
0
100
AcDbLine
 62
7
  6
CONTINUOUS
 10
76.6905004097
 20
119.944159969
 11
76.6905004097
 21
119.744159969
  0
LINE
  5
41C
100
AcDbEntity
  8
0
100
AcDbLine
 62
7
  6
CONTINUOUS
 10
76.6905004097
 20
118.944159969
 11
76.6905004097
 21
118.744159969
  0
LINE
  5
41D
100
AcDbEntity
  8
0
100
AcDbLine
 62
7
  6
CONTINUOUS
 10
76.6905004097
 20
117.944159969
 11
76.6905004097
 21
117.744159969
  0
LINE
  5
41E
100
AcDbEntity
  8
0
100
AcDbLine
 62
7
  6
CONTINUOUS
 10
76.6905004097
 20
116.944159969
 11
76.6905004097
 21
116.744159969
  0
LINE
  5
41F
100
AcDbEntity
  8
0
100
AcDbLine
 62
7
  6
CONTINUOUS
 10
76.6905004097
 20
115.944159969
 11
76.6905004097
 21
115.744159969
  0
LINE
  5
420
100
AcDbEntity
  8
0
100
AcDbLine
 62
7
  6
CONTINUOUS
 10
76.6905004097
 20
114.944159969
 11
76.6905004097
 21
114.744159969
  0
LINE
  5
421
100
AcDbEntity
  8
0
100
AcDbLine
 62
7
  6
CONTINUOUS
 10
76.6905004097
 20
113.944159969
 11
76.6905004097
 21
113.744159969
  0
LINE
  5
422
100
AcDbEntity
  8
0
100
AcDbLine
 62
7
  6
CONTINUOUS
 10
76.6905004097
 20
112.944159969
 11
76.6905004097
 21
112.744159969
  0
LINE
  5
423
100
AcDbEntity
  8
0
100
AcDbLine
 62
7
  6
CONTINUOUS
 10
76.6905004097
 20
111.944159969
 11
76.6905004097
 21
111.744159969
  0
LINE
  5
424
100
AcDbEntity
  8
0
100
AcDbLine
 62
7
  6
CONTINUOUS
 10
76.6905004097
 20
110.944159969
 11
76.6905004097
 21
110.744159969
  0
LINE
  5
425
100
AcDbEntity
  8
0
100
AcDbLine
 62
7
  6
CONTINUOUS
 10
76.6905004097
 20
109.944159969
 11
76.6905004097
 21
109.744159969
  0
LINE
  5
426
100
AcDbEntity
  8
RUNDUNGEN
100
AcDbLine
 62
7
  6
CONTINUOUS
 10
76.7839578917
 20
111.6941591285
 11
76.7838709442
 21
111.6874334211
  0
LINE
  5
427
100
AcDbEntity
  8
AUSFORMSCHRAEGEN
100
AcDbLine
 62
7
  6
CONTINUOUS
 10
74.6641523575
 20
109.294159969
 11
74.1473605825
 21
79.6871790064
  0
LINE
  5
428
100
AcDbEntity
  8
RUNDUNGEN
100
AcDbLine
 62
7
  6
CONTINUOUS
 10
77.6458778295
 20
123.418101091
 11
77.4813215086
 21
114.4838309302
  0
LWPOLYLINE
  5
429
100
AcDbEntity
  8
RUNDUNGEN
100
AcDbPolyline
 62
7
  6
CONTINUOUS
 90
4
 70
0
 10
76.8233804192
 20
113.1875925845
 10
76.793838306
 20
112.4444983152
 10
76.7838709439
 20
111.7008848299
 10
76.7934842164
 20
110.9572662268
  0
LWPOLYLINE
  5
42A
100
AcDbEntity
  8
RUNDUNGEN
100
AcDbPolyline
 62
7
  6
CONTINUOUS
 90
4
 70
0
 10
77.4813215086
 20
114.4838309302
 10
77.4749556983
 20
114.3532114507
 10
77.463362139
 20
114.2283336504
 10
77.4476615894
 20
114.1135980044
  0
LINE
  5
42B
100
AcDbEntity
  8
RUNDUNGEN
100
AcDbLine
 62
7
  6
CONTINUOUS
 10
76.8278665423
 20
113.2700333583
 11
76.8233804192
 21
113.1875925845
  0
LINE
  5
42C
100
AcDbEntity
  8
RUNDUNGEN
100
AcDbLine
 62
7
  6
CONTINUOUS
 10
76.8497818987
 20
113.4251781718
 11
76.8278788787
 21
113.2699973753
  0
LINE
  5
42D
100
AcDbEntity
  8
RUNDUNGEN
100
AcDbLine
 62
7
  6
CONTINUOUS
 10
76.850445227
 20
113.4280414237
 11
76.8502486273
 21
113.4266644778
  0
LINE
  5
42E
100
AcDbEntity
  8
RUNDUNGEN
100
AcDbLine
 62
7
  6
CONTINUOUS
 10
77.4476615894
 20
114.1135980044
 11
77.439100347
 21
114.0637253907
  0
LWPOLYLINE
  5
42F
100
AcDbEntity
  8
RUNDUNGEN
100
AcDbPolyline
 62
7
  6
CONTINUOUS
 90
3
 70
0
 10
76.9248504542
 20
113.6249414361
 10
76.8931119802
 20
113.5619989654
 10
76.8497818987
 20
113.4251781718
  0
LINE
  5
430
100
AcDbEntity
  8
0
100
AcDbLine
 62
7
  6
CONTINUOUS
 10
82.9274953034
 20
129.9792865628
 11
82.9404937552
 21
129.9996631256
  0
LINE
  5
431
100
AcDbEntity
  8
0
100
AcDbLine
 62
7
  6
CONTINUOUS
 10
77.2745042444
 20
124.2278679276
 11
76.710049146
 21
123.9624925489
  0
LINE
  5
432
100
AcDbEntity
  8
0
100
AcDbLine
 62
7
  6
CONTINUOUS
 10
77.2831294279
 20
123.2319308672
 11
76.710049146
 21
122.9624925489
  0
LWPOLYLINE
  5
433
100
AcDbEntity
  8
RUNDUNGEN
100
AcDbPolyline
 62
7
  6
CONTINUOUS
 90
6
 70
0
 10
76.8278964648
 20
110.1178291932
 10
76.8497043914
 20
109.9634829057
 10
76.8974882322
 20
109.8158124499
 10
76.9684120382
 20
109.6825945504
 10
77.0598687589
 20
109.5661192557
 10
77.168784391
 20
109.4686749897
  0
LINE
  5
434
100
AcDbEntity
  8
0
100
AcDbLine
 62
9
  6
CONTINUOUS
 10
77.9558200827
 20
124.3283580626
 11
77.9550559999
 21
124.394159969
  0
LINE
  5
435
100
AcDbEntity
  8
0
100
AcDbLine
 62
7
  6
CONTINUOUS
 10
78.8405004097
 20
130.2332108777
 11
78.8405004097
 21
129.9792865628
  0
LINE
  5
436
100
AcDbEntity
  8
BEZUGSACHSEN
100
AcDbLine
 62
7
  6
CENTER
 10
79.6405004097
 20
112.1914097394
 11
79.6405004097
 21
133.394159969
  0
LINE
  5
437
100
AcDbEntity
  8
0
100
AcDbLine
 62
7
  6
CONTINUOUS
 10
80.4405004097
 20
130.2332108777
 11
80.4405004097
 21
129.9792865628
  0
LINE
  5
438
100
AcDbEntity
  8
RUNDUNGEN
100
AcDbLine
 62
7
  6
CONTINUOUS
 10
77.2662651779
 20
113.7984229398
 11
77.2099312501
 21
113.7050047459
  0
LWPOLYLINE
  5
439
100
AcDbEntity
  8
RUNDUNGEN
100
AcDbPolyline
 62
7
  6
CONTINUOUS
 90
3
 70
0
 10
77.2099312501
 20
113.7050047459
 10
77.2008253593
 20
113.6900737905
 10
77.1996775145
 20
113.6882160974
  0
LINE
  5
43A
100
AcDbEntity
  8
RUNDUNGEN
100
AcDbLine
 62
7
  6
CONTINUOUS
 10
77.2920783397
 20
113.8406305927
 11
77.2662651779
 21
113.7984229398
  0
LINE
  5
43B
100
AcDbEntity
  8
RUNDUNGEN
100
AcDbLine
 62
7
  6
CONTINUOUS
 10
77.3102786705
 20
113.8700402241
 11
77.2920783397
 21
113.8406305927
  0
LINE
  5
43C
100
AcDbEntity
  8
RUNDUNGEN
100
AcDbLine
 62
7
  6
CONTINUOUS
 10
77.3292654067
 20
113.9003754002
 11
77.3102786705
 21
113.8700402241
  0
LINE
  5
43D
100
AcDbEntity
  8
RUNDUNGEN
100
AcDbLine
 62
7
  6
CONTINUOUS
 10
77.3489229405
 20
113.9313579404
 11
77.3292654067
 21
113.9003754002
  0
LINE
  5
43E
100
AcDbEntity
  8
RUNDUNGEN
100
AcDbLine
 62
7
  6
CONTINUOUS
 10
77.3691392557
 20
113.9627463195
 11
77.3489229405
 21
113.9313579404
  0
LINE
  5
43F
100
AcDbEntity
  8
RUNDUNGEN
100
AcDbLine
 62
7
  6
CONTINUOUS
 10
77.3898334799
 20
113.9943761177
 11
77.3691392557
 21
113.9627463195
  0
LINE
  5
440
100
AcDbEntity
  8
RUNDUNGEN
100
AcDbLine
 62
7
  6
CONTINUOUS
 10
77.4109327385
 20
114.0261176357
 11
77.3898334799
 21
113.9943761177
  0
LWPOLYLINE
  5
441
100
AcDbEntity
  8
RUNDUNGEN
100
AcDbPolyline
 62
7
  6
CONTINUOUS
 90
3
 70
0
 10
77.4424387757
 20
114.0726166125
 10
77.4323660606
 20
114.0578625937
 10
77.4109327385
 20
114.0261176357
  0
LWPOLYLINE
  5
442
100
AcDbEntity
  8
RUNDUNGEN
100
AcDbPolyline
 62
7
  6
CONTINUOUS
 90
4
 70
0
 10
77.1173314851
 20
113.8778692297
 10
77.0273811028
 20
113.785552978
 10
76.9513660802
 20
113.6784612478
 10
76.8915000854
 20
113.5580305382
  0
LINE
  5
443
100
AcDbEntity
  8
0
100
AcDbLine
 62
7
  6
CONTINUOUS
 10
77.2917493587
 20
122.2359916257
 11
76.710049146
 21
121.9624925489
  0
LINE
  5
444
100
AcDbEntity
  8
0
100
AcDbLine
 62
7
  6
CONTINUOUS
 10
77.3003644123
 20
121.2400503823
 11
76.7100487765
 21
120.9624923754
  0
LINE
  5
445
100
AcDbEntity
  8
0
100
AcDbLine
 62
7
  6
CONTINUOUS
 10
77.3089748493
 20
120.2441072626
 11
76.7100487765
 21
119.9624923754
  0
LINE
  5
446
100
AcDbEntity
  8
0
100
AcDbLine
 62
7
  6
CONTINUOUS
 10
77.3175811637
 20
119.2481625021
 11
76.7100487765
 21
118.9624923754
  0
LINE
  5
447
100
AcDbEntity
  8
RUNDUNGEN
100
AcDbLine
 62
7
  6
CONTINUOUS
 10
77.4288475028
 20
109.3358573795
 11
77.4423688851
 21
109.3160342006
  0
LINE
  5
448
100
AcDbEntity
  8
RUNDUNGEN
100
AcDbLine
 62
7
  6
CONTINUOUS
 10
77.4102376652
 20
109.3634529219
 11
77.4288475028
 21
109.3358573795
  0
LINE
  5
449
100
AcDbEntity
  8
RUNDUNGEN
100
AcDbLine
 62
7
  6
CONTINUOUS
 10
77.3920554526
 20
109.3907817754
 11
77.4102376652
 21
109.3634529219
  0
LINE
  5
44A
100
AcDbEntity
  8
RUNDUNGEN
100
AcDbLine
 62
7
  6
CONTINUOUS
 10
77.3743105072
 20
109.4178187474
 11
77.3920554526
 21
109.3907817754
  0
LINE
  5
44B
100
AcDbEntity
  8
RUNDUNGEN
100
AcDbLine
 62
7
  6
CONTINUOUS
 10
77.1974355789
 20
109.7036972095
 11
77.1973573607
 21
109.7038179745
  0
LINE
  5
44C
100
AcDbEntity
  8
RUNDUNGEN
100
AcDbLine
 62
7
  6
CONTINUOUS
 10
77.3570153302
 20
109.4445269195
 11
77.3743105072
 21
109.4178187474
  0
LINE
  5
44D
100
AcDbEntity
  8
RUNDUNGEN
100
AcDbLine
 62
7
  6
CONTINUOUS
 10
77.3401928884
 20
109.4708444485
 11
77.3570153302
 21
109.4445269195
  0
LINE
  5
44E
100
AcDbEntity
  8
RUNDUNGEN
100
AcDbLine
 62
7
  6
CONTINUOUS
 10
77.3238877133
 20
109.4966646481
 11
77.3401928884
 21
109.4708444485
  0
LINE
  5
44F
100
AcDbEntity
  8
RUNDUNGEN
100
AcDbLine
 62
7
  6
CONTINUOUS
 10
77.1973573607
 20
109.7038179745
 11
77.1997391139
 21
109.7000015215
  0
LINE
  5
450
100
AcDbEntity
  8
RUNDUNGEN
100
AcDbLine
 62
7
  6
CONTINUOUS
 10
77.3005621308
 20
109.5340899397
 11
77.3238877133
 21
109.4966646481
  0
LINE
  5
451
100
AcDbEntity
  8
RUNDUNGEN
100
AcDbLine
 62
7
  6
CONTINUOUS
 10
77.2785301298
 20
109.5698911615
 11
77.3005621308
 21
109.5340899397
  0
LINE
  5
452
100
AcDbEntity
  8
RUNDUNGEN
100
AcDbLine
 62
7
  6
CONTINUOUS
 10
77.1997391139
 20
109.7000015215
 11
77.2066257505
 21
109.688768443
  0
LINE
  5
453
100
AcDbEntity
  8
RUNDUNGEN
100
AcDbLine
 62
7
  6
CONTINUOUS
 10
77.2512497886
 20
109.6147659917
 11
77.2785301298
 21
109.5698911615
  0
LINE
  5
454
100
AcDbEntity
  8
RUNDUNGEN
100
AcDbLine
 62
7
  6
CONTINUOUS
 10
77.2066257505
 20
109.688768443
 11
77.2512497886
 21
109.6147659917
  0
LINE
  5
455
100
AcDbEntity
  8
RUNDUNGEN
100
AcDbLine
 62
7
  6
CONTINUOUS
 10
77.2195759374
 20
113.9549263101
 11
77.1173314851
 21
113.8778692297
  0
LINE
  5
456
100
AcDbEntity
  8
0
100
AcDbLine
 62
7
  6
CONTINUOUS
 10
77.3261836934
 20
118.2522162629
 11
76.7100487765
 21
117.9624923754
  0
LINE
  5
457
100
AcDbEntity
  8
0
100
AcDbLine
 62
7
  6
CONTINUOUS
 10
77.3347828897
 20
117.2562687605
 11
76.7100483645
 21
116.962492182
  0
LINE
  5
458
100
AcDbEntity
  8
0
100
AcDbLine
 62
7
  6
CONTINUOUS
 10
77.3433786273
 20
116.2603199388
 11
76.7100483645
 21
115.962492182
  0
LINE
  5
459
100
AcDbEntity
  8
0
100
AcDbLine
 62
7
  6
CONTINUOUS
 10
77.351971454
 20
115.2643700591
 11
76.7100483645
 21
114.962492182
  0
LINE
  5
45A
100
AcDbEntity
  8
0
100
AcDbLine
 62
7
  6
CONTINUOUS
 10
84.6405004097
 20
125.394159969
 11
84.6405004097
 21
126.994159969
  0
LINE
  5
45B
100
AcDbEntity
  8
RUNDUNGEN
100
AcDbLine
 62
7
  6
CONTINUOUS
 10
84.6405004097
 20
125.394159969
 11
84.6405004097
 21
126.994159969
  0
LINE
  5
45C
100
AcDbEntity
  8
BEZUGSACHSEN
100
AcDbLine
 62
7
  6
CONTINUOUS
 10
85.4405004097
 20
128.8761469903
 11
85.4405004097
 21
127.97138915
  0
LINE
  5
45D
100
AcDbEntity
  8
0
100
AcDbLine
 62
7
  6
CONTINUOUS
 10
86.6405004097
 20
149.394159969
 11
86.6405004097
 21
127.994159969
  0
LINE
  5
45E
100
AcDbEntity
  8
RUNDUNGEN
100
AcDbLine
 62
9
  6
CONTINUOUS
 10
87.6405004097
 20
150.394159969
 11
87.6405004097
 21
149.394159969
  0
LINE
  5
45F
100
AcDbEntity
  8
0
100
AcDbLine
 62
9
  6
CONTINUOUS
 10
87.6405004097
 20
149.394159969
 11
87.6405004097
 21
127.994159969
  0
LINE
  5
460
100
AcDbEntity
  8
RUNDUNGEN
100
AcDbLine
 62
9
  6
CONTINUOUS
 10
87.6405004097
 20
125.394159969
 11
87.6405004097
 21
127.994159969
  0
LINE
  5
461
100
AcDbEntity
  8
0
100
AcDbLine
 62
7
  6
CONTINUOUS
 10
77.3605616311
 20
114.2684192477
 11
76.7100483645
 21
113.962492182
  0
LINE
  5
462
100
AcDbEntity
  8
0
100
AcDbLine
 62
7
  6
CONTINUOUS
 10
76.8164170295
 20
113.012437375
 11
76.7100478599
 21
112.9624919451
  0
LINE
  5
463
100
AcDbEntity
  8
0
100
AcDbLine
 62
7
  6
CONTINUOUS
 10
76.7929136775
 20
111.0013993116
 11
76.7100478599
 21
110.9624919451
  0
LWPOLYLINE
  5
464
100
AcDbEntity
  8
RUNDUNGEN
100
AcDbPolyline
 62
7
  6
CONTINUOUS
 90
3
 70
0
 10
77.4271566949
 20
114.050176526
 10
77.3319737362
 20
114.0157612003
 10
77.2195759374
 20
113.9549263101
  0
LINE
  5
465
100
AcDbEntity
  8
RUNDUNGEN
100
AcDbLine
 62
7
  6
CONTINUOUS
 10
77.168784391
 20
109.4686749897
 11
77.2917665705
 21
109.391907918
  0
LINE
  5
466
100
AcDbEntity
  8
0
100
AcDbLine
 62
7
  6
CONTINUOUS
 10
76.8411460194
 20
110.024055053
 11
76.7100478599
 21
109.9624919451
  0
LWPOLYLINE
  5
467
100
AcDbEntity
  8
RUNDUNGEN
100
AcDbPolyline
 62
7
  6
CONTINUOUS
 90
3
 70
0
 10
77.2917665705
 20
109.391907918
 10
77.4250579936
 20
109.3370992179
 10
77.4285571978
 20
109.3362864197
  0
LINE
  5
468
100
AcDbEntity
  8
0
100
AcDbLine
 62
7
  6
CONTINUOUS
 10
76.7100477856
 20
110.7258280277
 11
76.8043132768
 21
110.6815676789
  0
LINE
  5
469
100
AcDbEntity
  8
0
100
AcDbLine
 62
7
  6
CONTINUOUS
 10
76.7100477856
 20
111.7258280277
 11
76.783997354
 21
111.6911065867
  0
LINE
  5
46A
100
AcDbEntity
  8
0
100
AcDbLine
 62
7
  6
CONTINUOUS
 10
76.7100477856
 20
109.7258280277
 11
77.0708297504
 21
109.5563127133
  0
LINE
  5
46B
100
AcDbEntity
  8
0
100
AcDbLine
 62
7
  6
CONTINUOUS
 10
76.3405070641
 20
129.9996631256
 11
76.3535055159
 21
129.9792865628
  0
LINE
  5
46C
100
AcDbEntity
  8
RUNDUNGEN
100
AcDbLine
 62
7
  6
CONTINUOUS
 10
94.7405004097
 20
149.9815386311
 11
94.7405004097
 21
149.2806293668
  0
LINE
  5
46D
100
AcDbEntity
  8
0
100
AcDbLine
 62
3
  6
CONTINUOUS
 10
94.7405004097
 20
125.4652261035
 11
94.7405004097
 21
147.5801896894
  0
LINE
  5
46E
100
AcDbEntity
  8
RUNDUNGEN
100
AcDbLine
 62
3
  6
CONTINUOUS
 10
94.7405004097
 20
147.5801896894
 11
94.7405004097
 21
149.2806293668
  0
LINE
  5
46F
100
AcDbEntity
  8
0
100
AcDbLine
 62
7
  6
CONTINUOUS
 10
118.2128558319
 20
123.963447387
 11
118.7709517696
 21
124.2258274343
  0
LINE
  5
470
100
AcDbEntity
  8
0
100
AcDbLine
 62
7
  6
CONTINUOUS
 10
118.2102074587
 20
122.962199953
 11
118.7709517696
 21
123.2258274343
  0
LINE
  5
471
100
AcDbEntity
  8
0
100
AcDbLine
 62
7
  6
CONTINUOUS
 10
76.7100477856
 20
112.7258280277
 11
76.8032823696
 21
112.6820517193
  0
LINE
  5
472
100
AcDbEntity
  8
0
100
AcDbLine
 62
7
  6
CONTINUOUS
 10
76.7100482796
 20
113.7258277958
 11
76.9247782849
 21
113.6249753405
  0
LINE
  5
473
100
AcDbEntity
  8
0
100
AcDbLine
 62
7
  6
CONTINUOUS
 10
76.7100482796
 20
114.7258277958
 11
77.3359364456
 21
114.4315062968
  0
LINE
  5
474
100
AcDbEntity
  8
0
100
AcDbLine
 62
7
  6
CONTINUOUS
 10
76.7100482796
 20
115.7258277958
 11
77.3271950191
 21
115.435626294
  0
LINE
  5
475
100
AcDbEntity
  8
RUNDUNGEN
100
AcDbLine
 62
9
  6
CONTINUOUS
 10
95.1405004097
 20
150.2668388107
 11
95.1405004097
 21
149.5659295464
  0
LINE
  5
476
100
AcDbEntity
  8
0
100
AcDbLine
 62
9
  6
CONTINUOUS
 10
97.7405004097
 20
125.394159969
 11
97.7405004097
 21
124.394159969
  0
LINE
  5
477
100
AcDbEntity
  8
BEZUGSACHSEN
100
AcDbLine
 62
7
  6
CENTER
 10
97.7405004097
 20
66.294159969
 11
97.7405004097
 21
128.394159969
  0
LINE
  5
478
100
AcDbEntity
  8
RUNDUNGEN
100
AcDbLine
 62
7
  6
CONTINUOUS
 10
95.1083736659
 20
118.9116123754
 11
94.9582601075
 21
110.3116123754
  0
LINE
  5
479
100
AcDbEntity
  8
0
100
AcDbLine
 62
7
  6
CONTINUOUS
 10
118.2075330588
 20
121.9609402322
 11
118.7709517696
 21
122.2258274343
  0
LINE
  5
47A
100
AcDbEntity
  8
0
100
AcDbLine
 62
7
  6
CONTINUOUS
 10
118.2048320069
 20
120.9596679293
 11
118.7709517696
 21
121.2258274343
  0
LINE
  5
47B
100
AcDbEntity
  8
0
100
AcDbLine
 62
7
  6
CONTINUOUS
 10
118.202102996
 20
119.9583824276
 11
118.770952134
 21
120.2258276054
  0
LINE
  5
47C
100
AcDbEntity
  8
0
100
AcDbLine
 62
7
  6
CONTINUOUS
 10
118.5523191994
 20
119.123143468
 11
118.770952134
 21
119.2258276054
  0
LINE
  5
47D
100
AcDbEntity
  8
AUSFORMSCHRAEGEN
100
AcDbLine
 62
7
  6
CONTINUOUS
 10
120.8168484618
 20
109.294159969
 11
99.5228930167
 21
109.294159969
  0
LINE
  5
47E
100
AcDbEntity
  8
AUSFORMSCHRAEGEN
100
AcDbLine
 62
7
  6
CONTINUOUS
 10
95.9581078026
 20
109.294159969
 11
74.6641523575
 21
109.294159969
  0
LINE
  5
47F
100
AcDbEntity
  8
RUNDUNGEN
100
AcDbLine
 62
7
  6
CONTINUOUS
 10
95.9581078026
 20
109.294159969
 11
99.5228930167
 21
109.294159969
  0
LINE
  5
480
100
AcDbEntity
  8
RUNDUNGEN
100
AcDbLine
 62
9
  6
CONTINUOUS
 10
118.6380899142
 20
110.2438906692
 11
118.5091388256
 21
110.2438906692
  0
LINE
  5
481
100
AcDbEntity
  8
RUNDUNGEN
100
AcDbLine
 62
9
  6
CONTINUOUS
 10
76.9718619947
 20
110.2438906707
 11
76.8429109052
 21
110.2438906692
  0
LINE
  5
482
100
AcDbEntity
  8
0
100
AcDbLine
 62
7
  6
CONTINUOUS
 10
76.7100482796
 20
116.7258277958
 11
77.3184535953
 21
116.4397459683
  0
LINE
  5
483
100
AcDbEntity
  8
0
100
AcDbLine
 62
7
  6
CONTINUOUS
 10
76.7100486853
 20
117.7258276054
 11
77.3097121862
 21
117.4438639606
  0
LINE
  5
484
100
AcDbEntity
  8
0
100
AcDbLine
 62
7
  6
CONTINUOUS
 10
76.7100486853
 20
118.7258276054
 11
77.3009707679
 21
118.4479830001
  0
LINE
  5
485
100
AcDbEntity
  8
0
100
AcDbLine
 62
7
  6
CONTINUOUS
 10
76.7100486853
 20
119.7258276054
 11
77.2922293524
 21
119.4521017269
  0
LINE
  5
486
100
AcDbEntity
  8
RUNDUNGEN
100
AcDbLine
 62
7
  6
CONTINUOUS
 10
100.5227407118
 20
110.3116123754
 11
100.3726271535
 21
118.9116123754
  0
LINE
  5
487
100
AcDbEntity
  8
RUNDUNGEN
100
AcDbLine
 62
9
  6
CONTINUOUS
 10
100.3405004097
 20
150.2668388107
 11
100.3405004097
 21
149.5659295464
  0
LINE
  5
488
100
AcDbEntity
  8
RUNDUNGEN
100
AcDbLine
 62
7
  6
CONTINUOUS
 10
100.7405004097
 20
149.9815386311
 11
100.7405004097
 21
149.2806293668
  0
LINE
  5
489
100
AcDbEntity
  8
RUNDUNGEN
100
AcDbLine
 62
3
  6
CONTINUOUS
 10
100.7405004097
 20
149.2806293668
 11
100.7405004097
 21
147.5801896894
  0
LINE
  5
48A
100
AcDbEntity
  8
0
100
AcDbLine
 62
3
  6
CONTINUOUS
 10
100.7405004097
 20
147.5801896894
 11
100.7405004097
 21
125.4652261035
  0
LINE
  5
48B
100
AcDbEntity
  8
0
100
AcDbLine
 62
7
  6
CONTINUOUS
 10
118.1993463129
 20
118.9570838613
 11
118.5523191994
 21
119.123143468
  0
LINE
  5
48C
100
AcDbEntity
  8
0
100
AcDbLine
 62
7
  6
CONTINUOUS
 10
118.1965601946
 20
117.9557713987
 11
118.770952134
 21
118.2258276054
  0
LINE
  5
48D
100
AcDbEntity
  8
0
100
AcDbLine
 62
7
  6
CONTINUOUS
 10
118.1937431035
 20
116.9544443146
 11
118.770952134
 21
117.2258276054
  0
LINE
  5
48E
100
AcDbEntity
  8
0
100
AcDbLine
 62
7
  6
CONTINUOUS
 10
118.1908920813
 20
115.9531012142
 11
118.7709525397
 21
116.2258277958
  0
LINE
  5
48F
100
AcDbEntity
  8
0
100
AcDbLine
 62
7
  6
CONTINUOUS
 10
118.1555637155
 20
114.9385873942
 11
118.1880039039
 21
114.9519305924
  0
LINE
  5
490
100
AcDbEntity
  8
0
100
AcDbLine
 62
7
  6
CONTINUOUS
 10
118.1558659857
 20
115.9391352063
 11
118.1908894411
 21
115.9533282838
  0
LINE
  5
491
100
AcDbEntity
  8
RUNDUNGEN
100
AcDbLine
 62
9
  6
CONTINUOUS
 10
76.8429109196
 20
113.1444292688
 11
76.971861995
 21
113.1444292688
  0
LINE
  5
492
100
AcDbEntity
  8
RUNDUNGEN
100
AcDbLine
 62
9
  6
CONTINUOUS
 10
118.5091388239
 20
113.1444292688
 11
118.6380898695
 21
113.1444292688
  0
LINE
  5
493
100
AcDbEntity
  8
0
100
AcDbLine
 62
7
  6
CONTINUOUS
 10
76.7100486853
 20
120.7258276054
 11
77.2834879396
 21
120.4562201441
  0
LINE
  5
494
100
AcDbEntity
  8
0
100
AcDbLine
 62
7
  6
CONTINUOUS
 10
76.7100490497
 20
121.7258274343
 11
77.2747465414
 21
121.4603368766
  0
LINE
  5
495
100
AcDbEntity
  8
0
100
AcDbLine
 62
7
  6
CONTINUOUS
 10
76.7100490497
 20
122.7258274343
 11
77.2660051339
 21
122.4644546857
  0
LINE
  5
496
100
AcDbEntity
  8
0
100
AcDbLine
 62
7
  6
CONTINUOUS
 10
76.7100490497
 20
123.7258274343
 11
77.257263729
 21
123.4685721947
  0
LINE
  5
497
100
AcDbEntity
  8
0
100
AcDbLine
 62
7
  6
CONTINUOUS
 10
119.1274953034
 20
129.9792865628
 11
119.1404937552
 21
129.9996631256
  0
LINE
  5
498
100
AcDbEntity
  8
0
100
AcDbLine
 62
7
  6
CONTINUOUS
 10
118.1880062457
 20
114.9517416803
 11
118.7709525397
 21
115.2258277958
  0
LINE
  5
499
100
AcDbEntity
  8
0
100
AcDbLine
 62
7
  6
CONTINUOUS
 10
118.2287711495
 20
113.9709383896
 11
118.7709525397
 21
114.2258277958
  0
LINE
  5
49A
100
AcDbEntity
  8
0
100
AcDbLine
 62
7
  6
CONTINUOUS
 10
118.6583753294
 20
113.1729657967
 11
118.7709525397
 21
113.2258277959
  0
LINE
  5
49B
100
AcDbEntity
  8
0
100
AcDbLine
 62
7
  6
CONTINUOUS
 10
118.6906570936
 20
112.1881267833
 11
118.7709530337
 21
112.2258280277
  0
LINE
  5
49C
100
AcDbEntity
  8
RUNDUNGEN
100
AcDbLine
 62
9
  6
CONTINUOUS
 10
117.9990407889
 20
114.5108882257
 11
117.9528931849
 21
114.5100408662
  0
LINE
  5
49D
100
AcDbEntity
  8
RUNDUNGEN
100
AcDbLine
 62
7
  6
CONTINUOUS
 10
117.9838919036
 20
114.094159969
 11
100.456716098
 21
114.094159969
  0
LINE
  5
49E
100
AcDbEntity
  8
RUNDUNGEN
100
AcDbLine
 62
7
  6
CONTINUOUS
 10
95.0242847213
 20
114.094159969
 11
77.4970929986
 21
114.094159969
  0
LINE
  5
49F
100
AcDbEntity
  8
RUNDUNGEN
100
AcDbLine
 62
9
  6
CONTINUOUS
 10
77.5280720354
 20
114.5100415085
 11
77.4819238387
 21
114.5108888762
  0
LINE
  5
4A0
100
AcDbEntity
  8
0
100
AcDbLine
 62
9
  6
CONTINUOUS
 10
107.8405004097
 20
149.394159969
 11
107.8405004097
 21
127.994159969
  0
LINE
  5
4A1
100
AcDbEntity
  8
RUNDUNGEN
100
AcDbLine
 62
9
  6
CONTINUOUS
 10
107.8405004097
 20
125.394159969
 11
107.8405004097
 21
127.994159969
  0
LINE
  5
4A2
100
AcDbEntity
  8
RUNDUNGEN
100
AcDbLine
 62
9
  6
CONTINUOUS
 10
107.8405004097
 20
149.394159969
 11
107.8405004097
 21
150.394159969
  0
LINE
  5
4A3
100
AcDbEntity
  8
0
100
AcDbLine
 62
7
  6
CONTINUOUS
 10
118.69043577
 20
111.1880228655
 11
118.7709530337
 21
111.2258280277
  0
LINE
  5
4A4
100
AcDbEntity
  8
0
100
AcDbLine
 62
7
  6
CONTINUOUS
 10
118.6560503531
 20
110.1718742564
 11
118.7709530337
 21
110.2258280277
  0
LINE
  5
4A5
100
AcDbEntity
  8
RUNDUNGEN
100
AcDbLine
 62
7
  6
CONTINUOUS
 10
118.0438889404
 20
109.3333582633
 11
118.1782029887
 21
109.3863575501
  0
LINE
  5
4A6
100
AcDbEntity
  8
RUNDUNGEN
100
AcDbLine
 62
7
  6
CONTINUOUS
 10
99.3727794583
 20
119.894159969
 11
96.108221361
 21
119.894159969
  0
LINE
  5
4A7
100
AcDbEntity
  8
0
100
AcDbLine
 62
7
  6
CONTINUOUS
 10
118.7709529595
 20
110.4624919451
 11
118.6699130637
 21
110.5099336825
  0
LINE
  5
4A8
100
AcDbEntity
  8
0
100
AcDbLine
 62
7
  6
CONTINUOUS
 10
118.7709529595
 20
111.4624919451
 11
118.6945953126
 21
111.498343579
  0
LINE
  5
4A9
100
AcDbEntity
  8
0
100
AcDbLine
 62
7
  6
CONTINUOUS
 10
118.7709529595
 20
109.4624919451
 11
118.4557974435
 21
109.6105539159
  0
LINE
  5
4AA
100
AcDbEntity
  8
0
100
AcDbLine
 62
7
  6
CONTINUOUS
 10
108.8405004097
 20
149.394159969
 11
108.8405004097
 21
127.994159969
  0
LINE
  5
4AB
100
AcDbEntity
  8
RUNDUNGEN
100
AcDbLine
 62
7
  6
CONTINUOUS
 10
108.8405004097
 20
149.394159969
 11
108.8405004097
 21
127.994159969
  0
LINE
  5
4AC
100
AcDbEntity
  8
BEZUGSACHSEN
100
AcDbLine
 62
7
  6
CONTINUOUS
 10
110.0405004097
 20
128.8761469903
 11
110.0405004097
 21
127.97138915
  0
LINE
  5
4AD
100
AcDbEntity
  8
RUNDUNGEN
100
AcDbLine
 62
7
  6
CONTINUOUS
 10
110.8405004097
 20
125.394159969
 11
110.8405004097
 21
126.994159969
  0
LWPOLYLINE
  5
4AE
100
AcDbEntity
  8
RUNDUNGEN
100
AcDbPolyline
 62
7
  6
CONTINUOUS
 90
6
 70
0
 10
118.3025025839
 20
109.4615028095
 10
118.4129992576
 20
109.5575770606
 10
118.5062129303
 20
109.6729596907
 10
118.5790116174
 20
109.8053971348
 10
118.62872143
 20
109.952577607
 10
118.6531082881
 20
110.1179185196
  0
LINE
  5
4AF
100
AcDbEntity
  8
RUNDUNGEN
100
AcDbLine
 62
7
  6
CONTINUOUS
 10
118.1782029887
 20
109.3863575501
 11
118.3025025839
 21
109.4615028095
  0
LINE
  5
4B0
100
AcDbEntity
  8
RUNDUNGEN
100
AcDbLine
 62
9
  6
CONTINUOUS
 10
117.7884537028
 20
123.4116121256
 11
117.8352372711
 21
123.4126727877
  0
LINE
  5
4B1
100
AcDbEntity
  8
RUNDUNGEN
100
AcDbLine
 62
9
  6
CONTINUOUS
 10
77.6925456383
 20
123.4116123754
 11
117.7884551811
 21
123.4116123754
  0
LINE
  5
4B2
100
AcDbEntity
  8
RUNDUNGEN
100
AcDbLine
 62
9
  6
CONTINUOUS
 10
77.6457613073
 20
123.4125490348
 11
77.6514341608
 21
123.4125122943
  0
LINE
  5
4B3
100
AcDbEntity
  8
RUNDUNGEN
100
AcDbLine
 62
9
  6
CONTINUOUS
 10
77.6514341608
 20
123.4125122943
 11
77.6925471332
 21
123.411612093
  0
LINE
  5
4B4
100
AcDbEntity
  8
0
100
AcDbLine
 62
7
  6
CONTINUOUS
 10
118.7709529595
 20
112.4624919451
 11
118.684690874
 21
112.5029939358
  0
LINE
  5
4B5
100
AcDbEntity
  8
0
100
AcDbLine
 62
7
  6
CONTINUOUS
 10
118.7709524549
 20
113.462492182
 11
118.592957063
 21
113.5460866504
  0
LINE
  5
4B6
100
AcDbEntity
  8
0
100
AcDbLine
 62
7
  6
CONTINUOUS
 10
118.7709524549
 20
114.462492182
 11
118.2182674269
 21
114.7223282382
  0
LINE
  5
4B7
100
AcDbEntity
  8
0
100
AcDbLine
 62
7
  6
CONTINUOUS
 10
118.7709524549
 20
115.462492182
 11
118.2203487175
 21
115.7213477273
  0
LWPOLYLINE
  5
4B8
100
AcDbEntity
  8
RUNDUNGEN
100
AcDbPolyline
 62
7
  6
CONTINUOUS
 90
3
 70
0
 10
118.2539841198
 20
113.9596498692
 10
118.1401119909
 20
114.0196974995
 10
118.0545507835
 20
114.049514636
  0
LINE
  5
4B9
100
AcDbEntity
  8
0
100
AcDbLine
 62
7
  6
CONTINUOUS
 10
115.0405004097
 20
130.2332108777
 11
115.0405004097
 21
129.9792865628
  0
LINE
  5
4BA
100
AcDbEntity
  8
RUNDUNGEN
100
AcDbLine
 62
7
  6
CONTINUOUS
 10
118.138607361
 20
109.4668964746
 11
118.1566608043
 21
109.4954916945
  0
LINE
  5
4BB
100
AcDbEntity
  8
RUNDUNGEN
100
AcDbLine
 62
7
  6
CONTINUOUS
 10
118.1199357606
 20
109.4377226906
 11
118.138607361
 21
109.4668964746
  0
LINE
  5
4BC
100
AcDbEntity
  8
RUNDUNGEN
100
AcDbLine
 62
7
  6
CONTINUOUS
 10
118.1006997971
 20
109.4081001341
 11
118.1199357606
 21
109.4377226906
  0
LINE
  5
4BD
100
AcDbEntity
  8
RUNDUNGEN
100
AcDbLine
 62
7
  6
CONTINUOUS
 10
118.0809257567
 20
109.3781002181
 11
118.1006997971
 21
109.4081001341
  0
LINE
  5
4BE
100
AcDbEntity
  8
RUNDUNGEN
100
AcDbLine
 62
7
  6
CONTINUOUS
 10
118.0606296044
 20
109.3477663473
 11
118.0809257567
 21
109.3781002181
  0
LWPOLYLINE
  5
4BF
100
AcDbEntity
  8
RUNDUNGEN
100
AcDbPolyline
 62
7
  6
CONTINUOUS
 90
3
 70
0
 10
118.038466979
 20
109.3151436228
 10
118.0398243828
 20
109.3171273152
 10
118.0606296044
 20
109.3477663473
  0
LWPOLYLINE
  5
4C0
100
AcDbEntity
  8
RUNDUNGEN
100
AcDbPolyline
 62
7
  6
CONTINUOUS
 90
59
 70
0
 10
78.6745154533
 20
124.3941531707
 10
78.6632668824
 20
124.3940610238
 10
78.6495017986
 20
124.3938137132
 10
78.6351011689
 20
124.3933950295
 10
78.6202010124
 20
124.3927883587
 10
78.604811073
 20
124.3919744113
 10
78.5889492863
 20
124.3909341333
 10
78.572602085
 20
124.3896456321
 10
78.5558078138
 20
124.3880903812
 10
78.5385891997
 20
124.3862491659
 10
78.5209640474
 20
124.3841024423
 10
78.5029545461
 20
124.3816313714
 10
78.484565156
 20
124.3788146501
 10
78.4658064872
 20
124.3756313872
 10
78.4466945803
 20
124.3720614005
 10
78.4272531204
 20
124.368085541
 10
78.4074908682
 20
124.3636808856
 10
78.3874390146
 20
124.3588285466
 10
78.3670646543
 20
124.3534921151
 10
78.3463589578
 20
124.3476365663
 10
78.3253003375
 20
124.3412184636
 10
78.3038760506
 20
124.334191007
 10
78.2820786384
 20
124.3265028292
 10
78.2598709853
 20
124.3180868652
 10
78.2372997809
 20
124.3089048591
 10
78.2143691405
 20
124.2989003421
 10
78.1911591475
 20
124.2880494454
 10
78.1677253599
 20
124.2763214047
 10
78.1441345595
 20
124.2636949795
 10
78.1204548843
 20
124.2501553647
 10
78.0967279164
 20
124.2356755477
 10
78.0730264984
 20
124.2202405814
 10
78.0493923185
 20
124.2038139979
 10
78.0258777941
 20
124.1863654292
 10
78.0025395212
 20
124.1678674154
 10
77.9794345683
 20
124.1482929799
 10
77.9566241529
 20
124.1276190739
 10
77.9341714597
 20
124.1058375217
 10
77.9121325579
 20
124.0829568596
 10
77.8905731738
 20
124.0590001538
 10
77.8695323775
 20
124.0339615193
 10
77.8490568465
 20
124.0078396371
 10
77.8292065517
 20
123.9806475026
 10
77.8100412089
 20
123.9523969216
 10
77.7916218054
 20
123.9230997321
 10
77.7740120035
 20
123.8927695389
 10
77.75727874
 20
123.8614228338
 10
77.7414900292
 20
123.8290747043
 10
77.7267221172
 20
123.7957546489
 10
77.7130445897
 20
123.7615203192
 10
77.7004854771
 20
123.7263925859
 10
77.6890838271
 20
123.6904150642
 10
77.6788787688
 20
123.6536184583
 10
77.6699175897
 20
123.616042992
 10
77.6622527514
 20
123.577727616
 10
77.6559448151
 20
123.5387212454
 10
77.6510608598
 20
123.4990728078
 10
77.6476770896
 20
123.4588451926
 10
77.6458778295
 20
123.418101091
  0
LINE
  5
4C1
100
AcDbEntity
  8
0
100
AcDbLine
 62
7
  6
CONTINUOUS
 10
74.7405004097
 20
124.394159969
 11
120.7405004097
 21
124.394159969
  0
LINE
  5
4C2
100
AcDbEntity
  8
BEZUGSACHSEN
100
AcDbLine
 62
7
  6
CONTINUOUS
 10
121.2405004097
 20
125.394159969
 11
120.5801830266
 21
125.394159969
  0
LINE
  5
4C3
100
AcDbEntity
  8
BEZUGSACHSEN
100
AcDbLine
 62
7
  6
CONTINUOUS
 10
74.9008177927
 20
125.394159969
 11
74.2405004097
 21
125.394159969
  0
LINE
  5
4C4
100
AcDbEntity
  8
0
100
AcDbLine
 62
3
  6
CONTINUOUS
 10
74.8998175475
 20
125.394159969
 11
120.5801830266
 21
125.394159969
  0
LINE
  5
4C5
100
AcDbEntity
  8
BEZUGSACHSEN
100
AcDbLine
 62
9
  6
CONTINUOUS
 10
73.8405004097
 20
125.794159969
 11
84.6405004097
 21
125.794159969
  0
LINE
  5
4C6
100
AcDbEntity
  8
BEZUGSACHSEN
100
AcDbLine
 62
9
  6
CONTINUOUS
 10
110.8405004097
 20
125.794159969
 11
121.6405004097
 21
125.794159969
  0
LINE
  5
4C7
100
AcDbEntity
  8
0
100
AcDbLine
 62
9
  6
CONTINUOUS
 10
100.7405004097
 20
126.3854334335
 11
94.7405004097
 21
126.3854334335
  0
LINE
  5
4C8
100
AcDbEntity
  8
RUNDUNGEN
100
AcDbLine
 62
9
  6
CONTINUOUS
 10
84.6405004097
 20
126.994159969
 11
94.7405004097
 21
126.994159969
  0
LINE
  5
4C9
100
AcDbEntity
  8
RUNDUNGEN
100
AcDbLine
 62
9
  6
CONTINUOUS
 10
100.7405004097
 20
126.994159969
 11
110.8405004097
 21
126.994159969
  0
LINE
  5
4CA
100
AcDbEntity
  8
0
100
AcDbLine
 62
7
  6
CONTINUOUS
 10
118.7709520428
 20
117.4624923754
 11
118.2245112968
 21
117.7193857745
  0
LINE
  5
4CB
100
AcDbEntity
  8
0
100
AcDbLine
 62
7
  6
CONTINUOUS
 10
118.7709524549
 20
116.462492182
 11
118.2224300082
 21
116.7203672454
  0
LINE
  5
4CC
100
AcDbEntity
  8
0
100
AcDbLine
 62
7
  6
CONTINUOUS
 10
118.7709520428
 20
118.4624923754
 11
118.2265925921
 21
118.7184075168
  0
LINE
  5
4CD
100
AcDbEntity
  8
RUNDUNGEN
100
AcDbLine
 62
7
  6
CONTINUOUS
 10
118.3577924424
 20
113.882989244
 11
118.2539841198
 21
113.9596498692
  0
LINE
  5
4CE
100
AcDbEntity
  8
RUNDUNGEN
100
AcDbLine
 62
7
  6
CONTINUOUS
 10
118.3636693342
 20
113.8778692297
 11
118.2614248819
 21
113.9549263101
  0
LWPOLYLINE
  5
4CF
100
AcDbEntity
  8
RUNDUNGEN
100
AcDbPolyline
 62
7
  6
CONTINUOUS
 90
4
 70
0
 10
117.8352364987
 20
123.4127275031
 10
117.8351264275
 20
123.4179590564
 10
117.8337733643
 20
123.4514470674
 10
117.8313411531
 20
123.4846003214
  0
LINE
  5
4D0
100
AcDbEntity
  8
RUNDUNGEN
100
AcDbLine
 62
7
  6
CONTINUOUS
 10
117.9996856586
 20
114.4825488712
 11
117.8353288111
 21
123.4127289693
  0
LINE
  5
4D1
100
AcDbEntity
  8
BEZUGSACHSEN
100
AcDbLine
 62
7
  6
CENTER
 10
115.8405004097
 20
111.8391896803
 11
115.8405004097
 21
133.394159969
  0
LINE
  5
4D2
100
AcDbEntity
  8
0
100
AcDbLine
 62
7
  6
CONTINUOUS
 10
116.6405004097
 20
130.2332108777
 11
116.6405004097
 21
129.9792865628
  0
LINE
  5
4D3
100
AcDbEntity
  8
0
100
AcDbLine
 62
9
  6
CONTINUOUS
 10
118.1554870639
 20
114.684861912
 11
118.1555637155
 21
114.9385873942
  0
LINE
  5
4D4
100
AcDbEntity
  8
0
100
AcDbLine
 62
9
  6
CONTINUOUS
 10
118.1557884834
 20
115.6825941119
 11
118.1558659857
 21
115.9391352063
  0
LINE
  5
4D5
100
AcDbEntity
  8
0
100
AcDbLine
 62
9
  6
CONTINUOUS
 10
118.1560898938
 20
116.6802960655
 11
118.1561682664
 21
116.9397179734
  0
LINE
  5
4D6
100
AcDbEntity
  8
0
100
AcDbLine
 62
9
  6
CONTINUOUS
 10
118.1563912952
 20
117.677967944
 11
118.1564705577
 21
117.9403356131
  0
LINE
  5
4D7
100
AcDbEntity
  8
0
100
AcDbLine
 62
9
  6
CONTINUOUS
 10
118.1566926875
 20
118.6756099195
 11
118.1567728594
 21
118.9409880399
  0
LINE
  5
4D8
100
AcDbEntity
  8
0
100
AcDbLine
 62
9
  6
CONTINUOUS
 10
118.1569940708
 20
119.6732221656
 11
118.1570751717
 21
119.9416751655
  0
LINE
  5
4D9
100
AcDbEntity
  8
0
100
AcDbLine
 62
9
  6
CONTINUOUS
 10
118.1572954451
 20
120.6708048573
 11
118.1573774944
 21
120.9423968985
  0
LINE
  5
4DA
100
AcDbEntity
  8
0
100
AcDbLine
 62
9
  6
CONTINUOUS
 10
118.1575968107
 20
121.6683581706
 11
118.1576798275
 21
121.9431531449
  0
LINE
  5
4DB
100
AcDbEntity
  8
0
100
AcDbLine
 62
9
  6
CONTINUOUS
 10
118.1578981673
 20
122.6658822827
 11
118.157982171
 21
122.9439438076
  0
LINE
  5
4DC
100
AcDbEntity
  8
0
100
AcDbLine
 62
9
  6
CONTINUOUS
 10
118.1581995153
 20
123.6633773718
 11
118.1582845249
 21
123.944768787
  0
LINE
  5
4DD
100
AcDbEntity
  8
0
100
AcDbLine
 62
7
  6
CONTINUOUS
 10
118.2182438422
 20
114.7110075888
 11
118.2187755589
 21
114.9662315884
  0
LINE
  5
4DE
100
AcDbEntity
  8
0
100
AcDbLine
 62
7
  6
CONTINUOUS
 10
118.2203251536
 20
115.7100370574
 11
118.2208609389
 21
115.9672140055
  0
LINE
  5
4DF
100
AcDbEntity
  8
0
100
AcDbLine
 62
7
  6
CONTINUOUS
 10
118.222406465
 20
116.709066526
 11
118.2229463163
 21
116.9681951615
  0
LINE
  5
4E0
100
AcDbEntity
  8
0
100
AcDbLine
 62
7
  6
CONTINUOUS
 10
118.2244877764
 20
117.7080959945
 11
118.2250316963
 21
117.9691775551
  0
LINE
  5
4E1
100
AcDbEntity
  8
0
100
AcDbLine
 62
7
  6
CONTINUOUS
 10
118.2265690878
 20
118.7071254631
 11
118.2271170762
 21
118.9701599206
  0
LINE
  5
4E2
100
AcDbEntity
  8
0
100
AcDbLine
 62
7
  6
CONTINUOUS
 10
118.2286503992
 20
119.7061549316
 11
118.2292024561
 21
119.9711422587
  0
LINE
  5
4E3
100
AcDbEntity
  8
0
100
AcDbLine
 62
7
  6
CONTINUOUS
 10
118.2307317106
 20
120.7051844002
 11
118.2312878427
 21
120.9721278128
  0
LINE
  5
4E4
100
AcDbEntity
  8
0
100
AcDbLine
 62
7
  6
CONTINUOUS
 10
118.232813022
 20
121.7042138688
 11
118.2333732212
 21
121.9731095291
  0
LINE
  5
4E5
100
AcDbEntity
  8
0
100
AcDbLine
 62
7
  6
CONTINUOUS
 10
118.2348943333
 20
122.7032433373
 11
118.2354585998
 21
122.9740912454
  0
LINE
  5
4E6
100
AcDbEntity
  8
0
100
AcDbLine
 62
7
  6
CONTINUOUS
 10
118.2369756447
 20
123.7022728059
 11
118.2375439784
 21
123.9750729616
  0
LINE
  5
4E7
100
AcDbEntity
  8
RUNDUNGEN
100
AcDbLine
 62
7
  6
CONTINUOUS
 10
118.6531379557
 20
110.1183524753
 11
118.6576203469
 21
110.200726385
  0
LINE
  5
4E8
100
AcDbEntity
  8
RUNDUNGEN
100
AcDbLine
 62
7
  6
CONTINUOUS
 10
118.0367208929
 20
109.2951237195
 11
118.0418163381
 21
109.3240426022
  0
LWPOLYLINE
  5
4E9
100
AcDbEntity
  8
RUNDUNGEN
100
AcDbPolyline
 62
7
  6
CONTINUOUS
 90
3
 70
0
 10
118.6295203288
 20
109.9579940758
 10
118.631296428
 20
109.9634829057
 10
118.6531043545
 20
110.1178291932
  0
LINE
  5
4EA
100
AcDbEntity
  8
RUNDUNGEN
100
AcDbLine
 62
7
  6
CONTINUOUS
 10
118.2142082564
 20
109.5888205384
 11
118.272801771
 21
109.6860612936
  0
LWPOLYLINE
  5
4EB
100
AcDbEntity
  8
RUNDUNGEN
100
AcDbPolyline
 62
7
  6
CONTINUOUS
 90
3
 70
0
 10
118.272801771
 20
109.6860612936
 10
118.280999882
 20
109.6994920841
 10
118.2815408389
 20
109.7003676568
  0
LINE
  5
4EC
100
AcDbEntity
  8
RUNDUNGEN
100
AcDbLine
 62
7
  6
CONTINUOUS
 10
118.190602131
 20
109.5501772495
 11
118.2142082564
 21
109.5888205384
  0
LWPOLYLINE
  5
4ED
100
AcDbEntity
  8
RUNDUNGEN
100
AcDbPolyline
 62
7
  6
CONTINUOUS
 90
3
 70
0
 10
118.1566608043
 20
109.4954916945
 10
118.1654290484
 20
109.5095107719
 10
118.190602131
 20
109.5501772495
  0
LINE
  5
4EE
100
AcDbEntity
  8
RUNDUNGEN
100
AcDbLine
 62
7
  6
CONTINUOUS
 10
85.6405004097
 20
127.994159969
 11
94.7405004097
 21
127.994159969
  0
LINE
  5
4EF
100
AcDbEntity
  8
RUNDUNGEN
100
AcDbLine
 62
7
  6
CONTINUOUS
 10
100.7405004097
 20
127.994159969
 11
109.8405004097
 21
127.994159969
  0
LINE
  5
4F0
100
AcDbEntity
  8
BEZUGSACHSEN
100
AcDbLine
 62
9
  6
CONTINUOUS
 10
73.8405004097
 20
128.8761469903
 11
85.4405004097
 21
128.8761469903
  0
LINE
  5
4F1
100
AcDbEntity
  8
BEZUGSACHSEN
100
AcDbLine
 62
9
  6
CONTINUOUS
 10
110.0405004097
 20
128.8761469903
 11
121.6405004097
 21
128.8761469903
  0
LINE
  5
4F2
100
AcDbEntity
  8
BEZUGSACHSEN
100
AcDbLine
 62
9
  6
CONTINUOUS
 10
74.0816768802
 20
129.2432642556
 11
85.1993239391
 21
129.2432642556
  0
LINE
  5
4F3
100
AcDbEntity
  8
BEZUGSACHSEN
100
AcDbLine
 62
9
  6
CONTINUOUS
 10
110.2816768802
 20
129.2432642556
 11
121.3993239391
 21
129.2432642556
  0
LINE
  5
4F4
100
AcDbEntity
  8
0
100
AcDbLine
 62
7
  6
CONTINUOUS
 10
118.7709520428
 20
120.4624923754
 11
118.2307551737
 21
120.7164466855
  0
LINE
  5
4F5
100
AcDbEntity
  8
0
100
AcDbLine
 62
7
  6
CONTINUOUS
 10
118.7709520428
 20
119.4624923754
 11
118.2286738828
 21
119.7174270876
  0
LINE
  5
4F6
100
AcDbEntity
  8
0
100
AcDbLine
 62
7
  6
CONTINUOUS
 10
118.7709516733
 20
121.4624925489
 11
118.2328364564
 21
121.7154623995
  0
LINE
  5
4F7
100
AcDbEntity
  8
0
100
AcDbLine
 62
7
  6
CONTINUOUS
 10
118.7709516733
 20
122.4624925489
 11
118.2349177475
 21
122.7144821437
  0
LINE
  5
4F8
100
AcDbEntity
  8
0
100
AcDbLine
 62
7
  6
CONTINUOUS
 10
118.7709524549
 20
116.462492182
 11
118.7905004097
 21
116.444159969
  0
LINE
  5
4F9
100
AcDbEntity
  8
RUNDUNGEN
100
AcDbLine
 62
7
  6
CONTINUOUS
 10
118.0537405375
 20
114.0507147475
 11
118.0384729587
 21
114.0731317905
  0
LINE
  5
4FA
100
AcDbEntity
  8
RUNDUNGEN
100
AcDbLine
 62
7
  6
CONTINUOUS
 10
118.0726961579
 20
114.0225420026
 11
118.0537405375
 21
114.0507147475
  0
LINE
  5
4FB
100
AcDbEntity
  8
RUNDUNGEN
100
AcDbLine
 62
7
  6
CONTINUOUS
 10
118.0912053264
 20
113.9946493643
 11
118.0726961579
 21
114.0225420026
  0
LWPOLYLINE
  5
4FC
100
AcDbEntity
  8
RUNDUNGEN
100
AcDbPolyline
 62
7
  6
CONTINUOUS
 90
5
 70
0
 10
118.2829067104
 20
113.6857157209
 10
118.2832111108
 20
113.6852506753
 10
118.2841786765
 20
113.6837572133
 10
118.2832423084
 20
113.6852444674
 10
118.2809743134
 20
113.6888967341
  0
LINE
  5
4FD
100
AcDbEntity
  8
RUNDUNGEN
100
AcDbLine
 62
7
  6
CONTINUOUS
 10
118.1092579495
 20
113.9670641328
 11
118.0912053264
 21
113.9946493643
  0
LINE
  5
4FE
100
AcDbEntity
  8
RUNDUNGEN
100
AcDbLine
 62
7
  6
CONTINUOUS
 10
118.1268404171
 20
113.9398270081
 11
118.1092579495
 21
113.9670641328
  0
LINE
  5
4FF
100
AcDbEntity
  8
RUNDUNGEN
100
AcDbLine
 62
7
  6
CONTINUOUS
 10
118.1439261014
 20
113.9130085097
 11
118.1268404171
 21
113.9398270081
  0
LINE
  5
500
100
AcDbEntity
  8
RUNDUNGEN
100
AcDbLine
 62
7
  6
CONTINUOUS
 10
118.1604624123
 20
113.8867323444
 11
118.1439261014
 21
113.9130085097
  0
LINE
  5
501
100
AcDbEntity
  8
RUNDUNGEN
100
AcDbLine
 62
7
  6
CONTINUOUS
 10
118.1840809519
 20
113.8487096562
 11
118.1604624123
 21
113.8867323444
  0
LINE
  5
502
100
AcDbEntity
  8
RUNDUNGEN
100
AcDbLine
 62
7
  6
CONTINUOUS
 10
118.2063637863
 20
113.8123774659
 11
118.1840809519
 21
113.8487096562
  0
LINE
  5
503
100
AcDbEntity
  8
RUNDUNGEN
100
AcDbLine
 62
7
  6
CONTINUOUS
 10
118.2809743134
 20
113.6888967341
 11
118.2735614298
 21
113.7010277609
  0
LINE
  5
504
100
AcDbEntity
  8
RUNDUNGEN
100
AcDbLine
 62
7
  6
CONTINUOUS
 10
118.2338570092
 20
113.7670030918
 11
118.2063637863
 21
113.8123774659
  0
LINE
  5
505
100
AcDbEntity
  8
RUNDUNGEN
100
AcDbLine
 62
7
  6
CONTINUOUS
 10
118.2735614298
 20
113.7010277609
 11
118.2338570092
 21
113.7670030918
  0
LWPOLYLINE
  5
506
100
AcDbEntity
  8
RUNDUNGEN
100
AcDbPolyline
 62
7
  6
CONTINUOUS
 90
4
 70
0
 10
118.589500734
 20
113.5580305382
 10
118.5296347392
 20
113.6784612478
 10
118.4536197166
 20
113.785552978
 10
118.3636693342
 20
113.8778692297
  0
LINE
  5
507
100
AcDbEntity
  8
RUNDUNGEN
100
AcDbLine
 62
7
  6
CONTINUOUS
 10
118.041827547
 20
114.0642225984
 11
118.0334320066
 21
114.1130991517
  0
LWPOLYLINE
  5
508
100
AcDbEntity
  8
RUNDUNGEN
100
AcDbPolyline
 62
7
  6
CONTINUOUS
 90
4
 70
0
 10
118.0334320066
 20
114.1130991517
 10
118.0177041283
 20
114.2274207122
 10
118.0061747509
 20
114.3519655611
 10
117.9996856586
 20
114.4825488712
  0
LWPOLYLINE
  5
509
100
AcDbEntity
  8
RUNDUNGEN
100
AcDbPolyline
 62
7
  6
CONTINUOUS
 90
68
 70
0
 10
117.8313411531
 20
123.4846003214
 10
117.8278779904
 20
123.5173781186
 10
117.8234275938
 20
123.5497474358
 10
117.8180302282
 20
123.581675272
 10
117.811722127
 20
123.6131345964
 10
117.8045365991
 20
123.6440985219
 10
117.7965032982
 20
123.6745446498
 10
117.7876494396
 20
123.7044502219
 10
117.7779988857
 20
123.7337959298
 10
117.7675736457
 20
123.7625611657
 10
117.756390762
 20
123.7907325625
 10
117.7444737849
 20
123.8182767346
 10
117.7318483082
 20
123.8451809439
 10
117.7185591746
 20
123.8714208168
 10
117.7046507106
 20
123.8969764523
 10
117.6901591224
 20
123.9218425954
 10
117.6751207183
 20
123.9460117169
 10
117.659571473
 20
123.9694755519
 10
117.6435457139
 20
123.9922273621
 10
117.6270776757
 20
124.014259725
 10
117.6102013025
 20
124.0355651835
 10
117.5929456412
 20
124.0561418288
 10
117.5753401151
 20
124.0759862534
 10
117.5574103081
 20
124.0950984474
 10
117.5391764199
 20
124.1134825502
 10
117.5206764854
 20
124.1311242564
 10
117.5019438219
 20
124.1480177619
 10
117.4830108393
 20
124.1641716502
 10
117.4639097621
 20
124.1795994615
 10
117.4446709689
 20
124.1943163559
 10
117.4253248665
 20
124.2083374771
 10
117.4058990763
 20
124.2216799186
 10
117.3864200398
 20
124.2343612837
 10
117.3669165501
 20
124.2463974672
 10
117.3474091121
 20
124.2578086161
 10
117.327933844
 20
124.2686014483
 10
117.3085180328
 20
124.2787875884
 10
117.2891903582
 20
124.288379643
 10
117.2699813846
 20
124.2973909786
 10
117.250916816
 20
124.3058386627
 10
117.2320262989
 20
124.3137390877
 10
117.2133320414
 20
124.3211126439
 10
117.1948701532
 20
124.3279750062
 10
117.1766313942
 20
124.3343587229
 10
117.1586304113
 20
124.3402873121
 10
117.1408588197
 20
124.3457907703
 10
117.1233117718
 20
124.3508949642
 10
117.1059848655
 20
124.3556231418
 10
117.0888707164
 20
124.3599971323
 10
117.071962365
 20
124.3640365754
 10
117.0552491603
 20
124.3677600754
 10
117.0387263898
 20
124.3711831924
 10
117.0223778306
 20
124.3743222887
 10
117.0062215052
 20
124.3771860453
 10
116.9902640487
 20
124.3797851597
 10
116.9745175951
 20
124.382129268
 10
116.9589895063
 20
124.3842288494
 10
116.943686493
 20
124.3860944469
 10
116.9286164236
 20
124.3877364348
 10
116.9137849111
 20
124.3891653949
 10
116.8992143636
 20
124.3903904859
 10
116.884867139
 20
124.3914255245
 10
116.8706912115
 20
124.3922829826
 10
116.8567665532
 20
124.3929669367
 10
116.8431904302
 20
124.3934841272
 10
116.8299225423
 20
124.3938482424
 10
116.8170643144
 20
124.394068635
 10
116.8063409219
 20
124.394153485
  0
LWPOLYLINE
  5
50A
100
AcDbEntity
  8
RUNDUNGEN
100
AcDbPolyline
 62
7
  6
CONTINUOUS
 90
3
 70
0
 10
118.6875166417
 20
112.4310522414
 10
118.6583283381
 20
113.1741621561
 10
118.6531337921
 20
113.270042036
  0
LINE
  5
50B
100
AcDbEntity
  8
AUSFORMSCHRAEGEN
100
AcDbLine
 62
7
  6
CONTINUOUS
 10
120.8168484618
 20
109.294159969
 11
121.3336402368
 21
79.6871790064
  0
LINE
  5
50C
100
AcDbEntity
  8
0
100
AcDbLine
 62
7
  6
CONTINUOUS
 10
118.7905004097
 20
109.294159969
 11
118.7905004097
 21
109.444159969
  0
LINE
  5
50D
100
AcDbEntity
  8
0
100
AcDbLine
 62
7
  6
CONTINUOUS
 10
118.7905004097
 20
110.244159969
 11
118.7905004097
 21
110.444159969
  0
LINE
  5
50E
100
AcDbEntity
  8
0
100
AcDbLine
 62
7
  6
CONTINUOUS
 10
118.7905004097
 20
111.244159969
 11
118.7905004097
 21
111.444159969
  0
LINE
  5
50F
100
AcDbEntity
  8
0
100
AcDbLine
 62
7
  6
CONTINUOUS
 10
118.7905004097
 20
112.244159969
 11
118.7905004097
 21
112.444159969
  0
LINE
  5
510
100
AcDbEntity
  8
0
100
AcDbLine
 62
7
  6
CONTINUOUS
 10
118.7905004097
 20
113.244159969
 11
118.7905004097
 21
113.444159969
  0
LINE
  5
511
100
AcDbEntity
  8
0
100
AcDbLine
 62
7
  6
CONTINUOUS
 10
118.7905004097
 20
114.244159969
 11
118.7905004097
 21
114.444159969
  0
LINE
  5
512
100
AcDbEntity
  8
0
100
AcDbLine
 62
7
  6
CONTINUOUS
 10
118.7905004097
 20
115.244159969
 11
118.7905004097
 21
115.444159969
  0
LINE
  5
513
100
AcDbEntity
  8
0
100
AcDbLine
 62
7
  6
CONTINUOUS
 10
118.7905004097
 20
116.244159969
 11
118.7905004097
 21
116.444159969
  0
LINE
  5
514
100
AcDbEntity
  8
0
100
AcDbLine
 62
7
  6
CONTINUOUS
 10
118.7905004097
 20
117.244159969
 11
118.7905004097
 21
117.444159969
  0
LINE
  5
515
100
AcDbEntity
  8
0
100
AcDbLine
 62
7
  6
CONTINUOUS
 10
118.7905004097
 20
118.244159969
 11
118.7905004097
 21
118.444159969
  0
LINE
  5
516
100
AcDbEntity
  8
0
100
AcDbLine
 62
7
  6
CONTINUOUS
 10
118.7905004097
 20
119.244159969
 11
118.7905004097
 21
119.444159969
  0
LINE
  5
517
100
AcDbEntity
  8
0
100
AcDbLine
 62
7
  6
CONTINUOUS
 10
118.7905004097
 20
120.244159969
 11
118.7905004097
 21
120.444159969
  0
LINE
  5
518
100
AcDbEntity
  8
0
100
AcDbLine
 62
7
  6
CONTINUOUS
 10
118.7905004097
 20
121.244159969
 11
118.7905004097
 21
121.444159969
  0
LINE
  5
519
100
AcDbEntity
  8
0
100
AcDbLine
 62
7
  6
CONTINUOUS
 10
118.7905004097
 20
122.244159969
 11
118.7905004097
 21
122.444159969
  0
LINE
  5
51A
100
AcDbEntity
  8
0
100
AcDbLine
 62
7
  6
CONTINUOUS
 10
118.7905004097
 20
123.244159969
 11
118.7905004097
 21
123.444159969
  0
LINE
  5
51B
100
AcDbEntity
  8
0
100
AcDbLine
 62
7
  6
CONTINUOUS
 10
118.7905004097
 20
124.244159969
 11
118.7905004097
 21
124.394159969
  0
LINE
  5
51C
100
AcDbEntity
  8
0
100
AcDbLine
 62
7
  6
CONTINUOUS
 10
120.7405004097
 20
124.394159969
 11
120.7405004097
 21
125.394159969
  0
LINE
  5
51D
100
AcDbEntity
  8
BEZUGSACHSEN
100
AcDbLine
 62
7
  6
CONTINUOUS
 10
121.3405004097
 20
75.094159969
 11
121.3405004097
 21
70.294159969
  0
LINE
  5
51E
100
AcDbEntity
  8
BEZUGSACHSEN
100
AcDbLine
 62
7
  6
CONTINUOUS
 10
121.6405004097
 20
128.8761469903
 11
121.6405004097
 21
125.794159969
  0
LINE
  5
51F
100
AcDbEntity
  8
RUNDUNGEN
100
AcDbLine
 62
9
  6
CONTINUOUS
 10
121.7405004097
 20
75.294159969
 11
121.7405004097
 21
79.294159969
  0
LINE
  5
520
100
AcDbEntity
  8
RUNDUNGEN
100
AcDbLine
 62
7
  6
CONTINUOUS
 10
118.6970429276
 20
111.6941591285
 11
118.6971298754
 21
111.7008848299
  0
LWPOLYLINE
  5
521
100
AcDbEntity
  8
RUNDUNGEN
100
AcDbPolyline
 62
7
  6
CONTINUOUS
 90
4
 70
0
 10
118.6576203469
 20
110.200726385
 10
118.6871624739
 20
110.9438201552
 10
118.6971298751
 20
111.6874334211
 10
118.6875166417
 20
112.4310522414
  0
LINE
  5
522
100
AcDbEntity
  8
0
100
AcDbLine
 62
7
  6
CONTINUOUS
 10
118.7709516733
 20
123.4624925489
 11
118.2122279557
 21
123.7251682901
  0
LINE
  5
523
100
AcDbEntity
  8
0
100
AcDbLine
 62
7
  6
CONTINUOUS
 10
112.5405070641
 20
129.9996631256
 11
112.5535055159
 21
129.9792865628
  0
LWPOLYLINE
  5
524
100
AcDbEntity
  8
RUNDUNGEN
100
AcDbPolyline
 62
7
  6
CONTINUOUS
 90
6
 70
0
 10
118.6531193684
 20
113.2700091814
 10
118.6305555923
 20
113.4280414237
 10
118.5878888391
 20
113.5619989654
 10
118.5267696974
 20
113.6832079998
 10
118.4493013223
 20
113.7906878394
 10
118.3577924424
 20
113.882989244
  0
LINE
  5
525
100
AcDbEntity
  8
BEZUGSACHSEN
100
AcDbLine
 62
7
  6
CONTINUOUS
 10
128.7405004097
 20
79.294159969
 11
128.7405004097
 21
76.294159969
  0
LINE
  5
526
100
AcDbEntity
  8
RUNDUNGEN
100
AcDbLine
 62
7
  6
CONTINUOUS
 10
128.7405004097
 20
76.294159969
 11
128.7405004097
 21
79.294159969
  0
LINE
  5
527
100
AcDbEntity
  8
0
100
AcDbLine
 62
9
  6
CONTINUOUS
 10
100.7405004097
 20
142.3848242025
 11
94.7405004097
 21
142.3848242025
  0
LINE
  5
528
100
AcDbEntity
  8
0
100
AcDbLine
 62
9
  6
CONTINUOUS
 10
100.7405004097
 20
144.1080825234
 11
94.7405004097
 21
144.1080825234
  0
LINE
  5
529
100
AcDbEntity
  8
0
100
AcDbLine
 62
9
  6
CONTINUOUS
 10
100.7405004097
 20
146.0089247291
 11
94.7405004097
 21
146.0089247291
  0
LINE
  5
52A
100
AcDbEntity
  8
0
100
AcDbLine
 62
9
  6
CONTINUOUS
 10
100.7405004097
 20
147.5801896894
 11
94.7405004097
 21
147.5801896894
  0
LINE
  5
52B
100
AcDbEntity
  8
RUNDUNGEN
100
AcDbLine
 62
9
  6
CONTINUOUS
 10
86.6405004097
 20
149.394159969
 11
94.7405004097
 21
149.394159969
  0
LINE
  5
52C
100
AcDbEntity
  8
RUNDUNGEN
100
AcDbLine
 62
9
  6
CONTINUOUS
 10
100.7405004097
 20
149.394159969
 11
108.8405004097
 21
149.394159969
  0
LINE
  5
52D
100
AcDbEntity
  8
RUNDUNGEN
100
AcDbLine
 62
3
  6
CONTINUOUS
 10
95.1405004097
 20
149.5659295464
 11
100.3405004097
 21
149.5659295464
  0
LINE
  5
52E
100
AcDbEntity
  8
RUNDUNGEN
100
AcDbLine
 62
7
  6
CONTINUOUS
 10
95.1405004097
 20
150.2668388107
 11
100.3405004097
 21
150.2668388107
  0
LINE
  5
52F
100
AcDbEntity
  8
RUNDUNGEN
100
AcDbLine
 62
7
  6
CONTINUOUS
 10
87.6405004097
 20
150.394159969
 11
107.8405004097
 21
150.394159969
  0
LINE
  5
530
100
AcDbEntity
  8
BEZUGSACHSEN
100
AcDbLine
 62
7
  6
CONTINUOUS
 10
239.9882010063
 20
69.294159969
 11
194.7882010063
 21
69.294159969
  0
LINE
  5
531
100
AcDbEntity
  8
BEZUGSACHSEN
100
AcDbLine
 62
9
  6
CONTINUOUS
 10
193.7882010063
 20
70.294159969
 11
240.9882010063
 21
70.294159969
  0
LINE
  5
532
100
AcDbEntity
  8
RUNDUNGEN
100
AcDbLine
 62
9
  6
CONTINUOUS
 10
193.7882010063
 20
75.094159969
 11
240.9882010063
 21
75.094159969
  0
LINE
  5
533
100
AcDbEntity
  8
RUNDUNGEN
100
AcDbLine
 62
7
  6
CONTINUOUS
 10
242.3882010063
 20
75.294159969
 11
192.3882010063
 21
75.294159969
  0
LINE
  5
534
100
AcDbEntity
  8
RUNDUNGEN
100
AcDbLine
 62
9
  6
CONTINUOUS
 10
243.3882010063
 20
76.294159969
 11
191.3882010063
 21
76.294159969
  0
LINE
  5
535
100
AcDbEntity
  8
BEZUGSACHSEN
100
AcDbLine
 62
7
  6
CONTINUOUS
 10
191.3882010063
 20
79.294159969
 11
243.3882010063
 21
79.294159969
  0
LINE
  5
536
100
AcDbEntity
  8
RUNDUNGEN
100
AcDbLine
 62
9
  6
CONTINUOUS
 10
193.7950611792
 20
79.6871790079
 11
240.9813408335
 21
79.6871790079
  0
LINE
  5
537
100
AcDbEntity
  8
RUNDUNGEN
100
AcDbLine
 62
7
  6
CONTINUOUS
 10
191.3882010063
 20
76.294159969
 11
191.3882010063
 21
79.294159969
  0
LINE
  5
538
100
AcDbEntity
  8
BEZUGSACHSEN
100
AcDbLine
 62
7
  6
CONTINUOUS
 10
193.7882010063
 20
75.094159969
 11
193.7882010063
 21
70.294159969
  0
LINE
  5
539
100
AcDbEntity
  8
0
100
AcDbLine
 62
7
  6
CONTINUOUS
 10
194.3882010063
 20
125.394159969
 11
194.3882010063
 21
124.394159969
  0
LINE
  5
53A
100
AcDbEntity
  8
AUSFORMSCHRAEGEN
100
AcDbLine
 62
7
  6
CONTINUOUS
 10
193.9956962078
 20
103.494159969
 11
194.0882010063
 21
114.094159969
  0
LINE
  5
53B
100
AcDbEntity
  8
AUSFORMSCHRAEGEN
100
AcDbLine
 62
7
  6
CONTINUOUS
 10
194.2071225646
 20
103.294159969
 11
193.7950611792
 21
79.6871790079
  0
LINE
  5
53C
100
AcDbEntity
  8
RUNDUNGEN
100
AcDbLine
 62
7
  6
CONTINUOUS
 10
194.5138113516
 20
108.9011409316
 11
194.4098811314
 21
103.6871790064
  0
LINE
  5
53D
100
AcDbEntity
  8
RUNDUNGEN
100
AcDbLine
 62
9
  6
CONTINUOUS
 10
198.3882010063
 20
75.294159969
 11
198.3882010063
 21
79.294159969
  0
LINE
  5
53E
100
AcDbEntity
  8
AUSFORMSCHRAEGEN
100
AcDbLine
 62
7
  6
CONTINUOUS
 10
196.0882010063
 20
114.094159969
 11
196.2508377431
 21
123.4116123754
  0
LINE
  5
53F
100
AcDbEntity
  8
RUNDUNGEN
100
AcDbLine
 62
7
  6
CONTINUOUS
 10
230.0897332268
 20
148.2810989537
 11
232.0411143495
 21
150.2668388107
  0
LINE
  5
540
100
AcDbEntity
  8
RUNDUNGEN
100
AcDbLine
 62
3
  6
CONTINUOUS
 10
230.8029836759
 20
147.5801896894
 11
232.7543647987
 21
149.5659295464
  0
LINE
  5
541
100
AcDbEntity
  8
0
100
AcDbLine
 62
7
  6
CONTINUOUS
 10
203.2882010063
 20
125.394159969
 11
203.2882010063
 21
126.994159969
  0
LINE
  5
542
100
AcDbEntity
  8
RUNDUNGEN
100
AcDbLine
 62
7
  6
CONTINUOUS
 10
203.2882010063
 20
125.394159969
 11
203.2882010063
 21
126.994159969
  0
LINE
  5
543
100
AcDbEntity
  8
0
100
AcDbLine
 62
7
  6
CONTINUOUS
 10
215.0193656573
 20
123.9765305782
 11
214.4577497427
 21
123.7124925489
  0
LINE
  5
544
100
AcDbEntity
  8
0
100
AcDbLine
 62
7
  6
CONTINUOUS
 10
215.0246194923
 20
122.9790053328
 11
214.4577497427
 21
122.7124925489
  0
LINE
  5
545
100
AcDbEntity
  8
0
100
AcDbLine
 62
7
  6
CONTINUOUS
 10
205.2882010063
 20
149.394159969
 11
205.2882010063
 21
127.994159969
  0
LINE
  5
546
100
AcDbEntity
  8
RUNDUNGEN
100
AcDbLine
 62
9
  6
CONTINUOUS
 10
206.2882010063
 20
150.394159969
 11
206.2882010063
 21
149.394159969
  0
LINE
  5
547
100
AcDbEntity
  8
0
100
AcDbLine
 62
9
  6
CONTINUOUS
 10
206.2882010063
 20
149.394159969
 11
206.2882010063
 21
127.994159969
  0
LINE
  5
548
100
AcDbEntity
  8
RUNDUNGEN
100
AcDbLine
 62
9
  6
CONTINUOUS
 10
206.2882010063
 20
125.394159969
 11
206.2882010063
 21
127.994159969
  0
LINE
  5
549
100
AcDbEntity
  8
0
100
AcDbLine
 62
7
  6
CONTINUOUS
 10
215.029927341
 20
121.9815056396
 11
214.4577497427
 21
121.7124925489
  0
LINE
  5
54A
100
AcDbEntity
  8
0
100
AcDbLine
 62
7
  6
CONTINUOUS
 10
219.7556440457
 20
123.7111335399
 11
220.3186523663
 21
123.9758274343
  0
LINE
  5
54B
100
AcDbEntity
  8
0
100
AcDbLine
 62
7
  6
CONTINUOUS
 10
215.0352848181
 20
120.9840294367
 11
214.4577493732
 21
120.7124923754
  0
LINE
  5
54C
100
AcDbEntity
  8
0
100
AcDbLine
 62
7
  6
CONTINUOUS
 10
219.7503490144
 20
122.7086393511
 11
220.3186523663
 21
122.9758274343
  0
LINE
  5
54D
100
AcDbEntity
  8
0
100
AcDbLine
 62
7
  6
CONTINUOUS
 10
215.0406868335
 20
119.9865743301
 11
214.4577493732
 21
119.7124923754
  0
LINE
  5
54E
100
AcDbEntity
  8
0
100
AcDbLine
 62
7
  6
CONTINUOUS
 10
219.7450003932
 20
121.7061198076
 11
220.3186523663
 21
121.9758274343
  0
LINE
  5
54F
100
AcDbEntity
  8
0
100
AcDbLine
 62
7
  6
CONTINUOUS
 10
215.046129041
 20
118.9891382758
 11
214.4577493732
 21
118.7124923754
  0
LINE
  5
550
100
AcDbEntity
  8
0
100
AcDbLine
 62
7
  6
CONTINUOUS
 10
220.6882010063
 20
129.9996735573
 11
220.6751959001
 21
129.9792865628
  0
LINE
  5
551
100
AcDbEntity
  8
0
100
AcDbLine
 62
7
  6
CONTINUOUS
 10
219.7396025401
 20
120.7035769582
 11
220.3186527307
 21
120.9758276054
  0
LINE
  5
552
100
AcDbEntity
  8
0
100
AcDbLine
 62
7
  6
CONTINUOUS
 10
215.0516069795
 20
117.9917191754
 11
214.4577493732
 21
117.7124923754
  0
LINE
  5
553
100
AcDbEntity
  8
0
100
AcDbLine
 62
7
  6
CONTINUOUS
 10
219.7341609207
 20
119.7010133741
 11
220.3186527307
 21
119.9758276054
  0
LINE
  5
554
100
AcDbEntity
  8
0
100
AcDbLine
 62
7
  6
CONTINUOUS
 10
215.0571168014
 20
116.9943152191
 11
214.4577489611
 21
116.712492182
  0
LINE
  5
555
100
AcDbEntity
  8
0
100
AcDbLine
 62
7
  6
CONTINUOUS
 10
219.7286798019
 20
118.6984310618
 11
220.3186527307
 21
118.9758276054
  0
LINE
  5
556
100
AcDbEntity
  8
0
100
AcDbLine
 62
7
  6
CONTINUOUS
 10
215.0626538647
 20
115.9969242225
 11
214.4577489611
 21
115.712492182
  0
LINE
  5
557
100
AcDbEntity
  8
0
100
AcDbLine
 62
7
  6
CONTINUOUS
 10
219.7231636694
 20
117.6958321314
 11
220.3186527307
 21
117.9758276054
  0
LINE
  5
558
100
AcDbEntity
  8
RUNDUNGEN
100
AcDbLine
 62
7
  6
CONTINUOUS
 10
194.2071555434
 20
103.294159969
 11
194.3541748683
 21
103.294159969
  0
LINE
  5
559
100
AcDbEntity
  8
RUNDUNGEN
100
AcDbLine
 62
7
  6
CONTINUOUS
 10
193.9956962078
 20
103.494159969
 11
194.3993857985
 21
103.494159969
  0
LINE
  5
55A
100
AcDbEntity
  8
BEZUGSACHSEN
100
AcDbLine
 62
7
  6
CONTINUOUS
 10
211.5882010063
 20
128.8761469903
 11
211.5882010063
 21
125.794159969
  0
LINE
  5
55B
100
AcDbEntity
  8
RUNDUNGEN
100
AcDbLine
 62
7
  6
CONTINUOUS
 10
211.8882010063
 20
123.394159969
 11
211.8882010063
 21
114.494159969
  0
LINE
  5
55C
100
AcDbEntity
  8
RUNDUNGEN
100
AcDbLine
 62
7
  6
CONTINUOUS
 10
214.1582010063
 20
113.694159969
 11
214.1582010063
 21
109.694159969
  0
LINE
  5
55D
100
AcDbEntity
  8
0
100
AcDbLine
 62
7
  6
CONTINUOUS
 10
214.4382010063
 20
123.694159969
 11
214.4382010063
 21
123.494159969
  0
LINE
  5
55E
100
AcDbEntity
  8
0
100
AcDbLine
 62
7
  6
CONTINUOUS
 10
214.4382010063
 20
122.694159969
 11
214.4382010063
 21
122.494159969
  0
LINE
  5
55F
100
AcDbEntity
  8
0
100
AcDbLine
 62
7
  6
CONTINUOUS
 10
214.4382010063
 20
121.694159969
 11
214.4382010063
 21
121.494159969
  0
LINE
  5
560
100
AcDbEntity
  8
0
100
AcDbLine
 62
7
  6
CONTINUOUS
 10
214.4382010063
 20
120.694159969
 11
214.4382010063
 21
120.494159969
  0
LINE
  5
561
100
AcDbEntity
  8
0
100
AcDbLine
 62
7
  6
CONTINUOUS
 10
214.4382010063
 20
119.694159969
 11
214.4382010063
 21
119.494159969
  0
LINE
  5
562
100
AcDbEntity
  8
0
100
AcDbLine
 62
7
  6
CONTINUOUS
 10
214.4382010063
 20
118.694159969
 11
214.4382010063
 21
118.494159969
  0
LINE
  5
563
100
AcDbEntity
  8
0
100
AcDbLine
 62
7
  6
CONTINUOUS
 10
214.4382010063
 20
117.694159969
 11
214.4382010063
 21
117.494159969
  0
LINE
  5
564
100
AcDbEntity
  8
0
100
AcDbLine
 62
7
  6
CONTINUOUS
 10
214.4382010063
 20
116.694159969
 11
214.4382010063
 21
116.494159969
  0
LINE
  5
565
100
AcDbEntity
  8
0
100
AcDbLine
 62
7
  6
CONTINUOUS
 10
214.4382010063
 20
115.694159969
 11
214.4382010063
 21
115.494159969
  0
LINE
  5
566
100
AcDbEntity
  8
0
100
AcDbLine
 62
7
  6
CONTINUOUS
 10
214.4382010063
 20
114.694159969
 11
214.4382010063
 21
114.494159969
  0
LINE
  5
567
100
AcDbEntity
  8
0
100
AcDbLine
 62
7
  6
CONTINUOUS
 10
214.4382010063
 20
113.694159969
 11
214.4382010063
 21
113.494159969
  0
LINE
  5
568
100
AcDbEntity
  8
0
100
AcDbLine
 62
7
  6
CONTINUOUS
 10
214.4382010063
 20
112.694159969
 11
214.4382010063
 21
112.494159969
  0
LINE
  5
569
100
AcDbEntity
  8
0
100
AcDbLine
 62
7
  6
CONTINUOUS
 10
214.4382010063
 20
111.694159969
 11
214.4382010063
 21
111.494159969
  0
LINE
  5
56A
100
AcDbEntity
  8
0
100
AcDbLine
 62
7
  6
CONTINUOUS
 10
214.4382010063
 20
110.694159969
 11
214.4382010063
 21
110.494159969
  0
LINE
  5
56B
100
AcDbEntity
  8
0
100
AcDbLine
 62
7
  6
CONTINUOUS
 10
214.4382010063
 20
109.694159969
 11
214.4382010063
 21
109.494159969
  0
LINE
  5
56C
100
AcDbEntity
  8
0
100
AcDbLine
 62
9
  6
CONTINUOUS
 10
230.5313870049
 20
145.1385690332
 11
231.023810565
 21
146.0089247291
  0
LINE
  5
56D
100
AcDbEntity
  8
0
100
AcDbLine
 62
7
  6
CONTINUOUS
 10
215.06821515
 20
114.9995447658
 11
214.4577489611
 21
114.712492182
  0
LINE
  5
56E
100
AcDbEntity
  8
0
100
AcDbLine
 62
7
  6
CONTINUOUS
 10
219.7176162723
 20
116.6932183464
 11
220.3186531364
 21
116.9758277958
  0
LINE
  5
56F
100
AcDbEntity
  8
0
100
AcDbLine
 62
7
  6
CONTINUOUS
 10
215.073797714
 20
114.0021754642
 11
214.4577489611
 21
113.712492182
  0
LINE
  5
570
100
AcDbEntity
  8
0
100
AcDbLine
 62
7
  6
CONTINUOUS
 10
219.7120423793
 20
115.6905919507
 11
220.3186531364
 21
115.9758277958
  0
LINE
  5
571
100
AcDbEntity
  8
0
100
AcDbLine
 62
7
  6
CONTINUOUS
 10
215.0793996441
 20
113.004815419
 11
214.4577484565
 21
112.7124919451
  0
LINE
  5
572
100
AcDbEntity
  8
0
100
AcDbLine
 62
7
  6
CONTINUOUS
 10
219.7064448527
 20
114.6879542903
 11
220.3186531364
 21
114.9758277958
  0
LINE
  5
573
100
AcDbEntity
  8
0
100
AcDbLine
 62
7
  6
CONTINUOUS
 10
215.0850180807
 20
112.0074632845
 11
214.4577484565
 21
111.7124919451
  0
LINE
  5
574
100
AcDbEntity
  8
RUNDUNGEN
100
AcDbLine
 62
9
  6
CONTINUOUS
 10
194.4256188521
 20
104.4767075626
 11
194.152880865
 21
104.4767075626
  0
LINE
  5
575
100
AcDbEntity
  8
0
100
AcDbLine
 62
9
  6
CONTINUOUS
 10
215.1756731024
 20
110.0283734526
 11
215.1740122443
 21
110.2698287054
  0
LINE
  5
576
100
AcDbEntity
  8
0
100
AcDbLine
 62
9
  6
CONTINUOUS
 10
215.1688091818
 20
111.0262490173
 11
215.1671310715
 21
111.2702123936
  0
LINE
  5
577
100
AcDbEntity
  8
0
100
AcDbLine
 62
9
  6
CONTINUOUS
 10
215.1619454745
 20
112.0240935582
 11
215.1602496558
 21
112.270631381
  0
LINE
  5
578
100
AcDbEntity
  8
0
100
AcDbLine
 62
9
  6
CONTINUOUS
 10
215.1550819796
 20
113.0219072389
 11
215.1533679979
 21
113.2710855996
  0
LINE
  5
579
100
AcDbEntity
  8
0
100
AcDbLine
 62
9
  6
CONTINUOUS
 10
215.1482186958
 20
114.0196902249
 11
215.146486098
 21
114.2715749783
  0
LINE
  5
57A
100
AcDbEntity
  8
0
100
AcDbLine
 62
9
  6
CONTINUOUS
 10
215.141355622
 20
115.0174426831
 11
215.1396039569
 21
115.2720994427
  0
LINE
  5
57B
100
AcDbEntity
  8
0
100
AcDbLine
 62
9
  6
CONTINUOUS
 10
215.134492757
 20
116.015164782
 11
215.1327215749
 21
116.2726589154
  0
LINE
  5
57C
100
AcDbEntity
  8
0
100
AcDbLine
 62
9
  6
CONTINUOUS
 10
215.1276300996
 20
117.0128566916
 11
215.1258389527
 21
117.2732533161
  0
LINE
  5
57D
100
AcDbEntity
  8
0
100
AcDbLine
 62
9
  6
CONTINUOUS
 10
215.1207676488
 20
118.0105185832
 11
215.1189560908
 21
118.2738825611
  0
LINE
  5
57E
100
AcDbEntity
  8
0
100
AcDbLine
 62
9
  6
CONTINUOUS
 10
215.1139054032
 20
119.0081506295
 11
215.1120729898
 21
119.2745465642
  0
LINE
  5
57F
100
AcDbEntity
  8
0
100
AcDbLine
 62
9
  6
CONTINUOUS
 10
215.1070433617
 20
120.0057530047
 11
215.1051896503
 21
120.2752452358
  0
LINE
  5
580
100
AcDbEntity
  8
0
100
AcDbLine
 62
9
  6
CONTINUOUS
 10
215.1001815231
 20
121.003325884
 11
215.098306073
 21
121.2759784839
  0
LINE
  5
581
100
AcDbEntity
  8
0
100
AcDbLine
 62
9
  6
CONTINUOUS
 10
215.0933198862
 20
122.0008694438
 11
215.0914222586
 21
122.2767462133
  0
LINE
  5
582
100
AcDbEntity
  8
0
100
AcDbLine
 62
9
  6
CONTINUOUS
 10
215.0864584497
 20
122.9983838617
 11
215.0845382076
 21
123.2775483261
  0
LINE
  5
583
100
AcDbEntity
  8
0
100
AcDbLine
 62
9
  6
CONTINUOUS
 10
215.0795972125
 20
123.9958693163
 11
215.0776539208
 21
124.2783847218
  0
LINE
  5
584
100
AcDbEntity
  8
0
100
AcDbLine
 62
7
  6
CONTINUOUS
 10
215.002488934
 20
123.2323472453
 11
215.0042208623
 21
122.9693979167
  0
LINE
  5
585
100
AcDbEntity
  8
0
100
AcDbLine
 62
7
  6
CONTINUOUS
 10
214.9958751296
 20
124.2348081037
 11
214.9976482847
 21
123.9663022759
  0
LINE
  5
586
100
AcDbEntity
  8
0
100
AcDbLine
 62
7
  6
CONTINUOUS
 10
215.0676493731
 20
113.2090240338
 11
215.0689903652
 21
112.9999123874
  0
LINE
  5
587
100
AcDbEntity
  8
0
100
AcDbLine
 62
7
  6
CONTINUOUS
 10
215.0612121868
 20
114.2112555587
 11
215.0625903894
 21
113.9968946383
  0
LINE
  5
588
100
AcDbEntity
  8
0
100
AcDbLine
 62
7
  6
CONTINUOUS
 10
215.0547580241
 20
115.2135101066
 11
215.0561738648
 21
114.9938711205
  0
LINE
  5
589
100
AcDbEntity
  8
0
100
AcDbLine
 62
7
  6
CONTINUOUS
 10
215.0482865996
 20
116.2157865252
 11
215.0497405099
 21
115.9908398199
  0
LINE
  5
58A
100
AcDbEntity
  8
0
100
AcDbLine
 62
7
  6
CONTINUOUS
 10
215.0417976689
 20
117.2180836467
 11
215.0432900492
 21
116.9878037088
  0
LINE
  5
58B
100
AcDbEntity
  8
0
100
AcDbLine
 62
7
  6
CONTINUOUS
 10
215.0352910275
 20
118.2204017899
 11
215.036822329
 21
117.9847542297
  0
LINE
  5
58C
100
AcDbEntity
  8
0
100
AcDbLine
 62
7
  6
CONTINUOUS
 10
215.0287665112
 20
119.2227433113
 11
215.0303371424
 21
118.9816989948
  0
LINE
  5
58D
100
AcDbEntity
  8
0
100
AcDbLine
 62
7
  6
CONTINUOUS
 10
215.0222240291
 20
120.225108479
 11
215.0238344038
 21
119.9786356338
  0
LINE
  5
58E
100
AcDbEntity
  8
0
100
AcDbLine
 62
7
  6
CONTINUOUS
 10
215.0156635581
 20
121.2274974587
 11
215.017314072
 21
120.9755648513
  0
LINE
  5
58F
100
AcDbEntity
  8
0
100
AcDbLine
 62
7
  6
CONTINUOUS
 10
215.0090851493
 20
122.2299103624
 11
215.0107761883
 21
121.9724855679
  0
LINE
  5
590
100
AcDbEntity
  8
0
100
AcDbLine
 62
7
  6
CONTINUOUS
 10
215.0868623813
 20
110.2024790011
 11
215.0880701898
 21
110.0127289853
  0
LINE
  5
591
100
AcDbEntity
  8
0
100
AcDbLine
 62
7
  6
CONTINUOUS
 10
215.0804741168
 20
111.2046346166
 11
215.0817420667
 21
111.0059194075
  0
LINE
  5
592
100
AcDbEntity
  8
0
100
AcDbLine
 62
7
  6
CONTINUOUS
 10
215.0740699017
 20
112.2068166739
 11
215.0753741414
 21
112.0029206389
  0
LINE
  5
593
100
AcDbEntity
  8
RUNDUNGEN
100
AcDbLine
 62
7
  6
CONTINUOUS
 10
214.890201807
 20
124.2725976382
 11
214.890201807
 21
123.9157225271
  0
LINE
  5
594
100
AcDbEntity
  8
0
100
AcDbLine
 62
7
  6
CONTINUOUS
 10
216.5882010063
 20
129.9792865628
 11
216.5882010063
 21
130.2332108777
  0
LINE
  5
595
100
AcDbEntity
  8
BEZUGSACHSEN
100
AcDbLine
 62
7
  6
CENTER
 10
217.3882010063
 20
66.294159969
 11
217.3882010063
 21
133.394159969
  0
LINE
  5
596
100
AcDbEntity
  8
0
100
AcDbLine
 62
9
  6
CONTINUOUS
 10
215.5888248363
 20
109.294159969
 11
215.5890216895
 21
109.3251347491
  0
LINE
  5
597
100
AcDbEntity
  8
0
100
AcDbLine
 62
9
  6
CONTINUOUS
 10
215.5938522695
 20
110.0852248407
 11
215.5953903811
 21
110.3272461685
  0
LINE
  5
598
100
AcDbEntity
  8
0
100
AcDbLine
 62
9
  6
CONTINUOUS
 10
215.6002051474
 20
111.0848479712
 11
215.6017592732
 21
111.3293891245
  0
LINE
  5
599
100
AcDbEntity
  8
0
100
AcDbLine
 62
9
  6
CONTINUOUS
 10
215.6065578014
 20
112.0844358739
 11
215.6081283647
 21
112.3315634577
  0
LINE
  5
59A
100
AcDbEntity
  8
0
100
AcDbLine
 62
9
  6
CONTINUOUS
 10
215.612910232
 20
113.0839886232
 11
215.6144976545
 21
113.3337690068
  0
LINE
  5
59B
100
AcDbEntity
  8
0
100
AcDbLine
 62
9
  6
CONTINUOUS
 10
215.6192624397
 20
114.0835062969
 11
215.6208671417
 21
114.3360056088
  0
LINE
  5
59C
100
AcDbEntity
  8
0
100
AcDbLine
 62
9
  6
CONTINUOUS
 10
215.625614425
 20
115.0829889758
 11
215.6272368253
 21
115.3382730991
  0
LINE
  5
59D
100
AcDbEntity
  8
0
100
AcDbLine
 62
9
  6
CONTINUOUS
 10
215.6319661884
 20
116.0824367438
 11
215.633606704
 21
116.3405713111
  0
LINE
  5
59E
100
AcDbEntity
  8
0
100
AcDbLine
 62
9
  6
CONTINUOUS
 10
215.6383177305
 20
117.0818496876
 11
215.6399767769
 21
117.3429000769
  0
LINE
  5
59F
100
AcDbEntity
  8
0
100
AcDbLine
 62
9
  6
CONTINUOUS
 10
215.6446690518
 20
118.0812278971
 11
215.646347043
 21
118.345259227
  0
LINE
  5
5A0
100
AcDbEntity
  8
0
100
AcDbLine
 62
9
  6
CONTINUOUS
 10
215.651020153
 20
119.0805714649
 11
215.652717501
 21
119.3476485904
  0
LINE
  5
5A1
100
AcDbEntity
  8
0
100
AcDbLine
 62
9
  6
CONTINUOUS
 10
215.6573710346
 20
120.0798804866
 11
215.65908815
 21
120.3500679948
  0
LINE
  5
5A2
100
AcDbEntity
  8
0
100
AcDbLine
 62
9
  6
CONTINUOUS
 10
215.6637216973
 20
121.0791550604
 11
215.6654589888
 21
121.3525172663
  0
LINE
  5
5A3
100
AcDbEntity
  8
0
100
AcDbLine
 62
9
  6
CONTINUOUS
 10
215.6700721418
 20
122.0783952875
 11
215.6718300163
 21
122.3549962299
  0
LINE
  5
5A4
100
AcDbEntity
  8
0
100
AcDbLine
 62
9
  6
CONTINUOUS
 10
215.6764223686
 20
123.0776012716
 11
215.6782012313
 21
123.3575047094
  0
LINE
  5
5A5
100
AcDbEntity
  8
0
100
AcDbLine
 62
9
  6
CONTINUOUS
 10
215.6827723784
 20
124.0767731192
 11
215.6845726328
 21
124.3600425273
  0
LINE
  5
5A6
100
AcDbEntity
  8
0
100
AcDbLine
 62
9
  6
CONTINUOUS
 10
233.8911142293
 20
143.2377268275
 11
234.3835377894
 21
144.1080825234
  0
LINE
  5
5A7
100
AcDbEntity
  8
0
100
AcDbLine
 62
7
  6
CONTINUOUS
 10
220.3382010063
 20
113.994159969
 11
220.3186531364
 21
113.9758277958
  0
LINE
  5
5A8
100
AcDbEntity
  8
0
100
AcDbLine
 62
7
  6
CONTINUOUS
 10
219.7008265304
 20
113.6853067003
 11
220.3186531364
 21
113.9758277958
  0
LINE
  5
5A9
100
AcDbEntity
  8
0
100
AcDbLine
 62
7
  6
CONTINUOUS
 10
215.0906522873
 20
111.0101187159
 11
214.4577484565
 21
110.7124919451
  0
LINE
  5
5AA
100
AcDbEntity
  8
0
100
AcDbLine
 62
7
  6
CONTINUOUS
 10
219.6951891442
 20
112.6826499944
 11
220.3186536304
 21
112.9758280277
  0
LINE
  5
5AB
100
AcDbEntity
  8
0
100
AcDbLine
 62
7
  6
CONTINUOUS
 10
215.0963015531
 20
110.01278138
 11
214.4577484565
 21
109.7124919451
  0
LINE
  5
5AC
100
AcDbEntity
  8
0
100
AcDbLine
 62
7
  6
CONTINUOUS
 10
219.6895354983
 20
111.6799854918
 11
220.3186536304
 21
111.9758280277
  0
LINE
  5
5AD
100
AcDbEntity
  8
0
100
AcDbLine
 62
7
  6
CONTINUOUS
 10
219.6838661248
 20
110.6773134412
 11
220.3186536304
 21
110.9758280277
  0
LINE
  5
5AE
100
AcDbEntity
  8
AUSFORMSCHRAEGEN
100
AcDbLine
 62
7
  6
CONTINUOUS
 10
240.3933755232
 20
109.294159969
 11
217.3882010063
 21
109.294159969
  0
LINE
  5
5AF
100
AcDbEntity
  8
RUNDUNGEN
100
AcDbLine
 62
7
  6
CONTINUOUS
 10
194.578484446
 20
109.294159969
 11
217.3882010063
 21
109.294159969
  0
LINE
  5
5B0
100
AcDbEntity
  8
RUNDUNGEN
100
AcDbLine
 62
7
  6
CONTINUOUS
 10
240.3933755232
 20
109.294159969
 11
240.6882010063
 21
109.294159969
  0
LINE
  5
5B1
100
AcDbEntity
  8
RUNDUNGEN
100
AcDbLine
 62
9
  6
CONTINUOUS
 10
220.6182010063
 20
109.694159969
 11
219.7196306697
 21
109.694159969
  0
LINE
  5
5B2
100
AcDbEntity
  8
RUNDUNGEN
100
AcDbLine
 62
9
  6
CONTINUOUS
 10
214.4382010063
 20
109.694159969
 11
214.1582010063
 21
109.694159969
  0
LINE
  5
5B3
100
AcDbEntity
  8
RUNDUNGEN
100
AcDbLine
 62
9
  6
CONTINUOUS
 10
222.3945825215
 20
110.2438906707
 11
221.825649641
 21
110.2438906692
  0
LINE
  5
5B4
100
AcDbEntity
  8
RUNDUNGEN
100
AcDbLine
 62
9
  6
CONTINUOUS
 10
212.9507523718
 20
110.2438906692
 11
212.3818194954
 21
110.2438906692
  0
LINE
  5
5B5
100
AcDbEntity
  8
0
100
AcDbLine
 62
7
  6
CONTINUOUS
 10
214.4577483823
 20
109.4758280277
 11
214.844370157
 21
109.294159969
  0
LINE
  5
5B6
100
AcDbEntity
  8
0
100
AcDbLine
 62
7
  6
CONTINUOUS
 10
214.4577483823
 20
110.4758280277
 11
215.0870059795
 21
110.179919329
  0
LINE
  5
5B7
100
AcDbEntity
  8
0
100
AcDbLine
 62
7
  6
CONTINUOUS
 10
214.4577483823
 20
111.4758280277
 11
215.0806126018
 21
111.1829310037
  0
LINE
  5
5B8
100
AcDbEntity
  8
0
100
AcDbLine
 62
9
  6
CONTINUOUS
 10
219.187139007
 20
109.3631057606
 11
219.1856148846
 21
109.6029258894
  0
LINE
  5
5B9
100
AcDbEntity
  8
0
100
AcDbLine
 62
9
  6
CONTINUOUS
 10
219.1807971034
 20
110.361002098
 11
219.179257323
 21
110.6032860086
  0
LINE
  5
5BA
100
AcDbEntity
  8
0
100
AcDbLine
 62
9
  6
CONTINUOUS
 10
219.1744553976
 20
111.3588673033
 11
219.1728995367
 21
111.6036814706
  0
LINE
  5
5BB
100
AcDbEntity
  8
0
100
AcDbLine
 62
9
  6
CONTINUOUS
 10
219.1681138886
 20
112.3567015392
 11
219.1665415263
 21
112.6041122094
  0
LINE
  5
5BC
100
AcDbEntity
  8
0
100
AcDbLine
 62
9
  6
CONTINUOUS
 10
219.1617725754
 20
113.3545049699
 11
219.1601832921
 21
113.6045781561
  0
LINE
  5
5BD
100
AcDbEntity
  8
0
100
AcDbLine
 62
9
  6
CONTINUOUS
 10
219.155431457
 20
114.3522777614
 11
219.1538248346
 21
114.6050792384
  0
LINE
  5
5BE
100
AcDbEntity
  8
0
100
AcDbLine
 62
9
  6
CONTINUOUS
 10
219.1490905321
 20
115.350020081
 11
219.1474661542
 21
115.605615381
  0
LINE
  5
5BF
100
AcDbEntity
  8
0
100
AcDbLine
 62
9
  6
CONTINUOUS
 10
219.1427497999
 20
116.3477320978
 11
219.1411072516
 21
116.6061865055
  0
LINE
  5
5C0
100
AcDbEntity
  8
0
100
AcDbLine
 62
9
  6
CONTINUOUS
 10
219.1364092592
 20
117.3454139823
 11
219.1347481271
 21
117.6067925304
  0
LINE
  5
5C1
100
AcDbEntity
  8
0
100
AcDbLine
 62
9
  6
CONTINUOUS
 10
219.1300689088
 20
118.3430659062
 11
219.1283887814
 21
118.6074333712
  0
LINE
  5
5C2
100
AcDbEntity
  8
0
100
AcDbLine
 62
9
  6
CONTINUOUS
 10
219.1237287478
 20
119.3406880427
 11
219.122029215
 21
119.6081089405
  0
LINE
  5
5C3
100
AcDbEntity
  8
0
100
AcDbLine
 62
9
  6
CONTINUOUS
 10
219.117388775
 20
120.3382805664
 11
219.1156694285
 21
120.608819148
  0
LINE
  5
5C4
100
AcDbEntity
  8
0
100
AcDbLine
 62
9
  6
CONTINUOUS
 10
219.1110489893
 20
121.3358436529
 11
219.1093094224
 21
121.6095639005
  0
LINE
  5
5C5
100
AcDbEntity
  8
0
100
AcDbLine
 62
9
  6
CONTINUOUS
 10
219.1047093895
 20
122.3333774789
 11
219.1029491973
 21
122.6103431021
  0
LINE
  5
5C6
100
AcDbEntity
  8
0
100
AcDbLine
 62
9
  6
CONTINUOUS
 10
219.0983699745
 20
123.3308822225
 11
219.096588754
 21
123.6111566538
  0
LINE
  5
5C7
100
AcDbEntity
  8
0
100
AcDbLine
 62
9
  6
CONTINUOUS
 10
219.0920307433
 20
124.3283580626
 11
219.0916125542
 21
124.394159969
  0
LINE
  5
5C8
100
AcDbEntity
  8
0
100
AcDbLine
 62
7
  6
CONTINUOUS
 10
218.1882010063
 20
129.9792865628
 11
218.1882010063
 21
130.2332108777
  0
LINE
  5
5C9
100
AcDbEntity
  8
RUNDUNGEN
100
AcDbLine
 62
7
  6
CONTINUOUS
 10
219.8862002057
 20
123.4157225271
 11
219.8862002057
 21
123.7725976382
  0
LINE
  5
5CA
100
AcDbEntity
  8
0
100
AcDbLine
 62
7
  6
CONTINUOUS
 10
220.3382010063
 20
109.994159969
 11
220.3382010063
 21
110.194159969
  0
LINE
  5
5CB
100
AcDbEntity
  8
0
100
AcDbLine
 62
7
  6
CONTINUOUS
 10
220.3382010063
 20
110.994159969
 11
220.3382010063
 21
111.194159969
  0
LINE
  5
5CC
100
AcDbEntity
  8
0
100
AcDbLine
 62
7
  6
CONTINUOUS
 10
220.3382010063
 20
111.994159969
 11
220.3382010063
 21
112.194159969
  0
LINE
  5
5CD
100
AcDbEntity
  8
0
100
AcDbLine
 62
7
  6
CONTINUOUS
 10
220.3382010063
 20
112.994159969
 11
220.3382010063
 21
113.194159969
  0
LINE
  5
5CE
100
AcDbEntity
  8
0
100
AcDbLine
 62
7
  6
CONTINUOUS
 10
220.3382010063
 20
113.994159969
 11
220.3382010063
 21
114.194159969
  0
LINE
  5
5CF
100
AcDbEntity
  8
0
100
AcDbLine
 62
7
  6
CONTINUOUS
 10
220.3382010063
 20
114.994159969
 11
220.3382010063
 21
115.194159969
  0
LINE
  5
5D0
100
AcDbEntity
  8
0
100
AcDbLine
 62
7
  6
CONTINUOUS
 10
220.3382010063
 20
115.994159969
 11
220.3382010063
 21
116.194159969
  0
LINE
  5
5D1
100
AcDbEntity
  8
0
100
AcDbLine
 62
7
  6
CONTINUOUS
 10
220.3382010063
 20
116.994159969
 11
220.3382010063
 21
117.194159969
  0
LINE
  5
5D2
100
AcDbEntity
  8
0
100
AcDbLine
 62
7
  6
CONTINUOUS
 10
220.3382010063
 20
117.994159969
 11
220.3382010063
 21
118.194159969
  0
LINE
  5
5D3
100
AcDbEntity
  8
0
100
AcDbLine
 62
7
  6
CONTINUOUS
 10
220.3382010063
 20
118.994159969
 11
220.3382010063
 21
119.194159969
  0
LINE
  5
5D4
100
AcDbEntity
  8
0
100
AcDbLine
 62
7
  6
CONTINUOUS
 10
220.3382010063
 20
119.994159969
 11
220.3382010063
 21
120.194159969
  0
LINE
  5
5D5
100
AcDbEntity
  8
0
100
AcDbLine
 62
7
  6
CONTINUOUS
 10
220.3382010063
 20
120.994159969
 11
220.3382010063
 21
121.194159969
  0
LINE
  5
5D6
100
AcDbEntity
  8
0
100
AcDbLine
 62
7
  6
CONTINUOUS
 10
220.3382010063
 20
121.994159969
 11
220.3382010063
 21
122.194159969
  0
LINE
  5
5D7
100
AcDbEntity
  8
0
100
AcDbLine
 62
7
  6
CONTINUOUS
 10
220.3382010063
 20
122.994159969
 11
220.3382010063
 21
123.194159969
  0
LINE
  5
5D8
100
AcDbEntity
  8
0
100
AcDbLine
 62
7
  6
CONTINUOUS
 10
220.3382010063
 20
123.994159969
 11
220.3382010063
 21
124.194159969
  0
LINE
  5
5D9
100
AcDbEntity
  8
RUNDUNGEN
100
AcDbLine
 62
7
  6
CONTINUOUS
 10
220.6182010063
 20
113.694159969
 11
220.6182010063
 21
109.694159969
  0
LINE
  5
5DA
100
AcDbEntity
  8
0
100
AcDbLine
 62
7
  6
CONTINUOUS
 10
219.7362358032
 20
117.4696579793
 11
219.737748106
 21
117.702703092
  0
LINE
  5
5DB
100
AcDbEntity
  8
0
100
AcDbLine
 62
7
  6
CONTINUOUS
 10
219.7297721643
 20
116.4719492326
 11
219.7312457222
 21
116.6996372134
  0
LINE
  5
5DC
100
AcDbEntity
  8
0
100
AcDbLine
 62
7
  6
CONTINUOUS
 10
219.7233256642
 20
115.4742202351
 11
219.7247609099
 21
115.6965819532
  0
LINE
  5
5DD
100
AcDbEntity
  8
0
100
AcDbLine
 62
7
  6
CONTINUOUS
 10
219.7168960629
 20
114.4764700552
 11
219.7182934237
 21
114.693534701
  0
LINE
  5
5DE
100
AcDbEntity
  8
0
100
AcDbLine
 62
7
  6
CONTINUOUS
 10
219.7104830764
 20
113.4786975798
 11
219.711843005
 21
113.6904978693
  0
LINE
  5
5DF
100
AcDbEntity
  8
0
100
AcDbLine
 62
7
  6
CONTINUOUS
 10
219.7040863861
 20
112.48090171
 11
219.7054092961
 21
112.6874641602
  0
LINE
  5
5E0
100
AcDbEntity
  8
0
100
AcDbLine
 62
7
  6
CONTINUOUS
 10
219.6977056467
 20
111.4830813544
 11
219.6989919983
 21
111.6844400494
  0
LINE
  5
5E1
100
AcDbEntity
  8
0
100
AcDbLine
 62
7
  6
CONTINUOUS
 10
219.6913404926
 20
110.485235424
 11
219.6925907354
 21
110.6814233364
  0
LINE
  5
5E2
100
AcDbEntity
  8
0
100
AcDbLine
 62
7
  6
CONTINUOUS
 10
219.6849905443
 20
109.4873628482
 11
219.6861807758
 21
109.6745832445
  0
LINE
  5
5E3
100
AcDbEntity
  8
0
100
AcDbLine
 62
7
  6
CONTINUOUS
 10
219.7753833468
 20
123.4554240715
 11
219.7771365523
 21
123.7212560154
  0
LINE
  5
5E4
100
AcDbEntity
  8
0
100
AcDbLine
 62
7
  6
CONTINUOUS
 10
219.7688152419
 20
122.4578555341
 11
219.7705273564
 21
122.718143447
  0
LINE
  5
5E5
100
AcDbEntity
  8
0
100
AcDbLine
 62
7
  6
CONTINUOUS
 10
219.762264417
 20
121.4602632452
 11
219.7639357875
 21
121.715038666
  0
LINE
  5
5E6
100
AcDbEntity
  8
0
100
AcDbLine
 62
7
  6
CONTINUOUS
 10
219.7557310244
 20
120.4626472336
 11
219.7573620058
 21
120.7119393771
  0
LINE
  5
5E7
100
AcDbEntity
  8
0
100
AcDbLine
 62
7
  6
CONTINUOUS
 10
219.7492151366
 20
119.4650075843
 11
219.7508061562
 21
119.7088537353
  0
LINE
  5
5E8
100
AcDbEntity
  8
0
100
AcDbLine
 62
7
  6
CONTINUOUS
 10
219.7427167525
 20
118.4673444362
 11
219.7442682076
 21
118.705774836
  0
LINE
  5
5E9
100
AcDbEntity
  8
0
100
AcDbLine
 62
9
  6
CONTINUOUS
 10
219.5965358687
 20
109.4187898138
 11
219.5981893208
 21
109.6591683751
  0
LINE
  5
5EA
100
AcDbEntity
  8
0
100
AcDbLine
 62
9
  6
CONTINUOUS
 10
219.6034119719
 20
110.4184364695
 11
219.6050824503
 21
110.6612903243
  0
LINE
  5
5EB
100
AcDbEntity
  8
0
100
AcDbLine
 62
9
  6
CONTINUOUS
 10
219.6102878324
 20
111.4180478494
 11
219.6119757964
 21
111.6634437572
  0
LINE
  5
5EC
100
AcDbEntity
  8
0
100
AcDbLine
 62
9
  6
CONTINUOUS
 10
219.6171634507
 20
112.4176240258
 11
219.6188693579
 21
112.6656285137
  0
LINE
  5
5ED
100
AcDbEntity
  8
0
100
AcDbLine
 62
9
  6
CONTINUOUS
 10
219.6240388274
 20
113.4171650744
 11
219.6257631338
 21
113.6678444319
  0
LINE
  5
5EE
100
AcDbEntity
  8
0
100
AcDbLine
 62
9
  6
CONTINUOUS
 10
219.630913963
 20
114.4166710741
 11
219.6326571229
 21
114.6700913484
  0
LINE
  5
5EF
100
AcDbEntity
  8
0
100
AcDbLine
 62
9
  6
CONTINUOUS
 10
219.6377888581
 20
115.4161421066
 11
219.6395513241
 21
115.6723690978
  0
LINE
  5
5F0
100
AcDbEntity
  8
0
100
AcDbLine
 62
9
  6
CONTINUOUS
 10
219.6446635133
 20
116.4155782567
 11
219.6464457362
 21
116.6746775131
  0
LINE
  5
5F1
100
AcDbEntity
  8
0
100
AcDbLine
 62
9
  6
CONTINUOUS
 10
219.6515379291
 20
117.4149796123
 11
219.6533403581
 21
117.677016426
  0
LINE
  5
5F2
100
AcDbEntity
  8
0
100
AcDbLine
 62
9
  6
CONTINUOUS
 10
219.6584121062
 20
118.4143462641
 11
219.6602351886
 21
118.6793856663
  0
LINE
  5
5F3
100
AcDbEntity
  8
0
100
AcDbLine
 62
9
  6
CONTINUOUS
 10
219.6652860453
 20
119.4136783058
 11
219.6671302266
 21
119.6817850626
  0
LINE
  5
5F4
100
AcDbEntity
  8
0
100
AcDbLine
 62
9
  6
CONTINUOUS
 10
219.6721597469
 20
120.4129758338
 11
219.6740254708
 21
120.684214442
  0
LINE
  5
5F5
100
AcDbEntity
  8
0
100
AcDbLine
 62
9
  6
CONTINUOUS
 10
219.6790332118
 20
121.4122389473
 11
219.68092092
 21
121.6866736304
  0
LINE
  5
5F6
100
AcDbEntity
  8
0
100
AcDbLine
 62
9
  6
CONTINUOUS
 10
219.6859064407
 20
122.4114677484
 11
219.6878165731
 21
122.6891624523
  0
LINE
  5
5F7
100
AcDbEntity
  8
0
100
AcDbLine
 62
9
  6
CONTINUOUS
 10
219.6927794343
 20
123.4106623418
 11
219.6947124288
 21
123.691680731
  0
LINE
  5
5F8
100
AcDbEntity
  8
0
100
AcDbLine
 62
7
  6
CONTINUOUS
 10
219.6781815707
 20
109.6746340985
 11
220.3186536304
 21
109.9758280277
  0
LINE
  5
5F9
100
AcDbEntity
  8
RUNDUNGEN
100
AcDbLine
 62
9
  6
CONTINUOUS
 10
240.5304348481
 20
110.3116123754
 11
238.5731385714
 21
110.3116123754
  0
LINE
  5
5FA
100
AcDbEntity
  8
RUNDUNGEN
100
AcDbLine
 62
9
  6
CONTINUOUS
 10
194.2459671646
 20
113.0767075626
 11
196.2032634413
 21
113.0767075626
  0
LINE
  5
5FB
100
AcDbEntity
  8
RUNDUNGEN
100
AcDbLine
 62
9
  6
CONTINUOUS
 10
212.3818194886
 20
113.1444292688
 11
212.9507521611
 21
113.1444292688
  0
LINE
  5
5FC
100
AcDbEntity
  8
RUNDUNGEN
100
AcDbLine
 62
9
  6
CONTINUOUS
 10
221.8256497091
 20
113.1444292688
 11
222.3945825223
 21
113.1444292688
  0
LINE
  5
5FD
100
AcDbEntity
  8
0
100
AcDbLine
 62
7
  6
CONTINUOUS
 10
220.3186535561
 20
111.2124919451
 11
219.6978419642
 21
111.5044197651
  0
LINE
  5
5FE
100
AcDbEntity
  8
0
100
AcDbLine
 62
7
  6
CONTINUOUS
 10
220.3186535561
 20
112.2124919451
 11
219.7042177714
 21
112.5014165359
  0
LINE
  5
5FF
100
AcDbEntity
  8
0
100
AcDbLine
 62
7
  6
CONTINUOUS
 10
220.1447621701
 20
109.294159969
 11
219.6851370721
 21
109.5104112997
  0
LINE
  5
600
100
AcDbEntity
  8
0
100
AcDbLine
 62
7
  6
CONTINUOUS
 10
214.4577483823
 20
112.4758280277
 11
215.0742033764
 21
112.1859501438
  0
LINE
  5
601
100
AcDbEntity
  8
0
100
AcDbLine
 62
7
  6
CONTINUOUS
 10
214.4577488763
 20
114.4758277958
 11
215.0613358813
 21
114.1920165326
  0
LINE
  5
602
100
AcDbEntity
  8
0
100
AcDbLine
 62
7
  6
CONTINUOUS
 10
220.3186535561
 20
110.2124919451
 11
219.6914818534
 21
110.5074177386
  0
LINE
  5
603
100
AcDbEntity
  8
0
100
AcDbLine
 62
7
  6
CONTINUOUS
 10
214.4577488763
 20
113.4758277958
 11
215.0677779086
 21
113.1889804587
  0
LINE
  5
604
100
AcDbEntity
  8
RUNDUNGEN
100
AcDbLine
 62
7
  6
CONTINUOUS
 10
222.8882010063
 20
123.394159969
 11
222.8882010063
 21
114.494159969
  0
LINE
  5
605
100
AcDbEntity
  8
BEZUGSACHSEN
100
AcDbLine
 62
7
  6
CONTINUOUS
 10
223.1882010063
 20
128.8761469903
 11
223.1882010063
 21
125.794159969
  0
LINE
  5
606
100
AcDbEntity
  8
RUNDUNGEN
100
AcDbLine
 62
9
  6
CONTINUOUS
 10
220.6182010063
 20
113.694159969
 11
219.711879452
 21
113.694159969
  0
LINE
  5
607
100
AcDbEntity
  8
RUNDUNGEN
100
AcDbLine
 62
9
  6
CONTINUOUS
 10
214.4382010063
 20
113.694159969
 11
214.1582010063
 21
113.694159969
  0
LINE
  5
608
100
AcDbEntity
  8
RUNDUNGEN
100
AcDbLine
 62
7
  6
CONTINUOUS
 10
238.5143026897
 20
114.094159969
 11
224.0134901616
 21
114.094159969
  0
LINE
  5
609
100
AcDbEntity
  8
RUNDUNGEN
100
AcDbLine
 62
7
  6
CONTINUOUS
 10
194.0882010063
 20
114.094159969
 11
210.7628632171
 21
114.094159969
  0
LINE
  5
60A
100
AcDbEntity
  8
RUNDUNGEN
100
AcDbLine
 62
7
  6
CONTINUOUS
 10
212.2882010063
 20
114.094159969
 11
215.061965036
 21
114.094159969
  0
LINE
  5
60B
100
AcDbEntity
  8
RUNDUNGEN
100
AcDbLine
 62
7
  6
CONTINUOUS
 10
220.3382010063
 20
114.094159969
 11
222.4882010063
 21
114.094159969
  0
LINE
  5
60C
100
AcDbEntity
  8
RUNDUNGEN
100
AcDbLine
 62
9
  6
CONTINUOUS
 10
211.8882010063
 20
114.494159969
 11
214.4382010063
 21
114.494159969
  0
LINE
  5
60D
100
AcDbEntity
  8
RUNDUNGEN
100
AcDbLine
 62
9
  6
CONTINUOUS
 10
219.7168960629
 20
114.494159969
 11
222.8882010063
 21
114.494159969
  0
LINE
  5
60E
100
AcDbEntity
  8
0
100
AcDbLine
 62
7
  6
CONTINUOUS
 10
214.4577488763
 20
115.4758277958
 11
215.0548769624
 21
115.1950592435
  0
LINE
  5
60F
100
AcDbEntity
  8
0
100
AcDbLine
 62
7
  6
CONTINUOUS
 10
220.3186535561
 20
113.2124919451
 11
219.7106096192
 21
113.4984058289
  0
LINE
  5
610
100
AcDbEntity
  8
0
100
AcDbLine
 62
7
  6
CONTINUOUS
 10
214.4577488763
 20
116.4758277958
 11
215.0484008544
 21
116.1981092013
  0
LINE
  5
611
100
AcDbEntity
  8
0
100
AcDbLine
 62
7
  6
CONTINUOUS
 10
220.3186530515
 20
114.212492182
 11
219.7170178247
 21
114.4953844143
  0
LINE
  5
612
100
AcDbEntity
  8
0
100
AcDbLine
 62
7
  6
CONTINUOUS
 10
214.457749282
 20
117.4758276054
 11
215.0419072825
 21
117.2011698444
  0
LINE
  5
613
100
AcDbEntity
  8
0
100
AcDbLine
 62
7
  6
CONTINUOUS
 10
220.3186530515
 20
115.212492182
 11
219.7234427267
 21
115.4923566601
  0
LINE
  5
614
100
AcDbEntity
  8
0
100
AcDbLine
 62
7
  6
CONTINUOUS
 10
214.457749282
 20
118.4758276054
 11
215.0353960657
 21
118.2042377611
  0
LINE
  5
615
100
AcDbEntity
  8
RUNDUNGEN
100
AcDbLine
 62
9
  6
CONTINUOUS
 10
238.4402030659
 20
118.9116123754
 11
240.6235211477
 21
118.9116123754
  0
LINE
  5
616
100
AcDbEntity
  8
RUNDUNGEN
100
AcDbLine
 62
7
  6
CONTINUOUS
 10
238.5240264474
 20
119.894159969
 11
240.7807058049
 21
119.894159969
  0
LINE
  5
617
100
AcDbEntity
  8
0
100
AcDbLine
 62
7
  6
CONTINUOUS
 10
220.3186530515
 20
116.212492182
 11
219.7298845957
 21
116.4893216704
  0
LINE
  5
618
100
AcDbEntity
  8
0
100
AcDbLine
 62
7
  6
CONTINUOUS
 10
214.457749282
 20
119.4758276054
 11
215.0288670512
 21
119.2073134644
  0
LINE
  5
619
100
AcDbEntity
  8
0
100
AcDbLine
 62
7
  6
CONTINUOUS
 10
220.3186530515
 20
117.212492182
 11
219.7363436685
 21
117.4862799713
  0
LINE
  5
61A
100
AcDbEntity
  8
0
100
AcDbLine
 62
7
  6
CONTINUOUS
 10
214.457749282
 20
120.4758276054
 11
215.0223201548
 21
120.2103961284
  0
LINE
  5
61B
100
AcDbEntity
  8
0
100
AcDbLine
 62
7
  6
CONTINUOUS
 10
214.4577496464
 20
121.4758274343
 11
215.0157553329
 21
121.2134890607
  0
LINE
  5
61C
100
AcDbEntity
  8
0
100
AcDbLine
 62
7
  6
CONTINUOUS
 10
220.3186526395
 20
118.2124923754
 11
219.7428201064
 21
118.4832280601
  0
LINE
  5
61D
100
AcDbEntity
  8
0
100
AcDbLine
 62
7
  6
CONTINUOUS
 10
220.3186526395
 20
119.2124923754
 11
219.749314057
 21
119.4801685183
  0
LINE
  5
61E
100
AcDbEntity
  8
0
100
AcDbLine
 62
7
  6
CONTINUOUS
 10
214.1012061126
 20
129.9792865628
 11
214.0882010063
 21
129.9996735573
  0
LINE
  5
61F
100
AcDbEntity
  8
0
100
AcDbLine
 62
9
  6
CONTINUOUS
 10
228.4882010063
 20
149.394159969
 11
228.4882010063
 21
127.994159969
  0
LINE
  5
620
100
AcDbEntity
  8
RUNDUNGEN
100
AcDbLine
 62
9
  6
CONTINUOUS
 10
228.4882010063
 20
125.394159969
 11
228.4882010063
 21
127.994159969
  0
LINE
  5
621
100
AcDbEntity
  8
RUNDUNGEN
100
AcDbLine
 62
9
  6
CONTINUOUS
 10
228.4882010063
 20
149.394159969
 11
228.4882010063
 21
150.394159969
  0
LINE
  5
622
100
AcDbEntity
  8
0
100
AcDbLine
 62
7
  6
CONTINUOUS
 10
229.4882010063
 20
149.394159969
 11
229.4882010063
 21
127.994159969
  0
LINE
  5
623
100
AcDbEntity
  8
RUNDUNGEN
100
AcDbLine
 62
7
  6
CONTINUOUS
 10
229.4882010063
 20
149.394159969
 11
229.4882010063
 21
127.994159969
  0
LINE
  5
624
100
AcDbEntity
  8
0
100
AcDbLine
 62
9
  6
CONTINUOUS
 10
236.1679553129
 20
125.4652261035
 11
236.1396304436
 21
125.394159969
  0
LWPOLYLINE
  5
625
100
AcDbEntity
  8
RUNDUNGEN
100
AcDbPolyline
 62
7
  6
CONTINUOUS
 90
15
 70
0
 10
211.1394448228
 20
124.3620419944
 10
211.129176906
 20
124.3646547822
 10
211.1178840143
 20
124.3673963454
 10
211.1057014526
 20
124.3701997623
 10
211.0921916057
 20
124.373122522
 10
211.0772077683
 20
124.3761362247
 10
211.0601307539
 20
124.3792797342
 10
211.0404621179
 20
124.3825190391
 10
211.0177695677
 20
124.3857545487
 10
210.989761131
 20
124.3890147387
 10
210.961790388
 20
124.3914705404
 10
210.9389262827
 20
124.3928894829
 10
210.919446088
 20
124.3936838631
 10
210.9036383266
 20
124.394048786
 10
210.8921002135
 20
124.3941570732
  0
LINE
  5
626
100
AcDbEntity
  8
0
100
AcDbLine
 62
7
  6
CONTINUOUS
 10
220.3186526395
 20
120.2124923754
 11
219.7558255868
 21
120.4771008975
  0
LINE
  5
627
100
AcDbEntity
  8
0
100
AcDbLine
 62
7
  6
CONTINUOUS
 10
220.3186526395
 20
121.2124923754
 11
219.7623547081
 21
121.4740267776
  0
LINE
  5
628
100
AcDbEntity
  8
0
100
AcDbLine
 62
7
  6
CONTINUOUS
 10
214.6316541224
 20
124.394159969
 11
214.995954331
 21
124.2228147682
  0
LINE
  5
629
100
AcDbEntity
  8
0
100
AcDbLine
 62
7
  6
CONTINUOUS
 10
214.4577496464
 20
122.4758274343
 11
215.0091726522
 21
122.2165899007
  0
LINE
  5
62A
100
AcDbEntity
  8
0
100
AcDbLine
 62
7
  6
CONTINUOUS
 10
214.4577496464
 20
123.4758274343
 11
215.002572243
 21
123.2196988896
  0
LINE
  5
62B
100
AcDbEntity
  8
0
100
AcDbLine
 62
7
  6
CONTINUOUS
 10
220.31865227
 20
122.2124925489
 11
219.7689013281
 21
122.4709429774
  0
LINE
  5
62C
100
AcDbEntity
  8
RUNDUNGEN
100
AcDbLine
 62
7
  6
CONTINUOUS
 10
231.4882010063
 20
125.394159969
 11
231.4882010063
 21
126.994159969
  0
LINE
  5
62D
100
AcDbEntity
  8
0
100
AcDbLine
 62
9
  6
CONTINUOUS
 10
234.5382771602
 20
126.376706898
 11
235.5382390833
 21
126.3854334335
  0
LINE
  5
62E
100
AcDbEntity
  8
RUNDUNGEN
100
AcDbLine
 62
9
  6
CONTINUOUS
 10
211.8882010063
 20
123.394159969
 11
214.6316464982
 21
123.394159969
  0
LINE
  5
62F
100
AcDbEntity
  8
RUNDUNGEN
100
AcDbLine
 62
9
  6
CONTINUOUS
 10
219.9320381487
 20
123.394159969
 11
222.8882010063
 21
123.394159969
  0
LINE
  5
630
100
AcDbEntity
  8
RUNDUNGEN
100
AcDbLine
 62
9
  6
CONTINUOUS
 10
196.2508377431
 20
123.4116123754
 11
210.6898702286
 21
123.4116123754
  0
LINE
  5
631
100
AcDbEntity
  8
RUNDUNGEN
100
AcDbLine
 62
9
  6
CONTINUOUS
 10
224.0865317841
 20
123.4116123754
 11
238.5255642696
 21
123.4116123754
  0
LINE
  5
632
100
AcDbEntity
  8
0
100
AcDbLine
 62
7
  6
CONTINUOUS
 10
194.3882010063
 20
124.394159969
 11
240.3882010063
 21
124.394159969
  0
LINE
  5
633
100
AcDbEntity
  8
0
100
AcDbLine
 62
3
  6
CONTINUOUS
 10
194.3882010063
 20
125.394159969
 11
214.8114984906
 21
125.394159969
  0
LINE
  5
634
100
AcDbEntity
  8
BEZUGSACHSEN
100
AcDbLine
 62
7
  6
CONTINUOUS
 10
214.8114984906
 20
125.394159969
 11
219.9649035221
 21
125.394159969
  0
LINE
  5
635
100
AcDbEntity
  8
0
100
AcDbLine
 62
3
  6
CONTINUOUS
 10
219.9649035221
 20
125.394159969
 11
240.3882010063
 21
125.394159969
  0
LINE
  5
636
100
AcDbEntity
  8
BEZUGSACHSEN
100
AcDbLine
 62
9
  6
CONTINUOUS
 10
211.5882010063
 20
125.794159969
 11
223.1882010063
 21
125.794159969
  0
LINE
  5
637
100
AcDbEntity
  8
0
100
AcDbLine
 62
7
  6
CONTINUOUS
 10
220.31865227
 20
124.2124925489
 11
219.9320285918
 21
124.394159969
  0
LINE
  5
638
100
AcDbEntity
  8
0
100
AcDbLine
 62
7
  6
CONTINUOUS
 10
220.31865227
 20
123.2124925489
 11
219.7754653056
 21
123.4678511782
  0
LINE
  5
639
100
AcDbEntity
  8
0
100
AcDbLine
 62
7
  6
CONTINUOUS
 10
234.5382771602
 20
126.376706898
 11
234.3986525922
 21
142.376097667
  0
LINE
  5
63A
100
AcDbEntity
  8
0
100
AcDbLine
 62
3
  6
CONTINUOUS
 10
235.5382390833
 20
126.3854334335
 11
235.3986145153
 21
142.3848242025
  0
LINE
  5
63B
100
AcDbEntity
  8
RUNDUNGEN
100
AcDbLine
 62
9
  6
CONTINUOUS
 10
236.3882010063
 20
75.294159969
 11
236.3882010063
 21
79.294159969
  0
LINE
  5
63C
100
AcDbEntity
  8
RUNDUNGEN
100
AcDbLine
 62
9
  6
CONTINUOUS
 10
203.2882010063
 20
126.994159969
 11
211.5882010063
 21
126.994159969
  0
LINE
  5
63D
100
AcDbEntity
  8
RUNDUNGEN
100
AcDbLine
 62
9
  6
CONTINUOUS
 10
223.1882010063
 20
126.994159969
 11
231.4882010063
 21
126.994159969
  0
LINE
  5
63E
100
AcDbEntity
  8
RUNDUNGEN
100
AcDbLine
 62
7
  6
CONTINUOUS
 10
204.2882010063
 20
127.994159969
 11
211.5882010063
 21
127.994159969
  0
LINE
  5
63F
100
AcDbEntity
  8
RUNDUNGEN
100
AcDbLine
 62
7
  6
CONTINUOUS
 10
223.1882010063
 20
127.994159969
 11
230.4882010063
 21
127.994159969
  0
LINE
  5
640
100
AcDbEntity
  8
BEZUGSACHSEN
100
AcDbLine
 62
9
  6
CONTINUOUS
 10
211.5882010063
 20
128.8761469903
 11
223.1882010063
 21
128.8761469903
  0
LINE
  5
641
100
AcDbEntity
  8
BEZUGSACHSEN
100
AcDbLine
 62
9
  6
CONTINUOUS
 10
211.8293774769
 20
129.2432642556
 11
222.9470245358
 21
129.2432642556
  0
LINE
  5
642
100
AcDbEntity
  8
AUSFORMSCHRAEGEN
100
AcDbLine
 62
7
  6
CONTINUOUS
 10
238.5869616298
 20
119.894159969
 11
238.5255642696
 21
123.4116123754
  0
LINE
  5
643
100
AcDbEntity
  8
AUSFORMSCHRAEGEN
100
AcDbLine
 62
7
  6
CONTINUOUS
 10
240.4645490585
 20
109.294159969
 11
240.9813408335
 21
79.6871790079
  0
LINE
  5
644
100
AcDbEntity
  8
0
100
AcDbLine
 62
7
  6
CONTINUOUS
 10
240.3882010063
 20
125.394159969
 11
240.3882010063
 21
124.394159969
  0
LINE
  5
645
100
AcDbEntity
  8
BEZUGSACHSEN
100
AcDbLine
 62
7
  6
CONTINUOUS
 10
240.9882010063
 20
75.094159969
 11
240.9882010063
 21
70.294159969
  0
LINE
  5
646
100
AcDbEntity
  8
BEZUGSACHSEN
100
AcDbLine
 62
7
  6
CONTINUOUS
 10
243.3882010063
 20
79.294159969
 11
243.3882010063
 21
76.294159969
  0
LINE
  5
647
100
AcDbEntity
  8
RUNDUNGEN
100
AcDbLine
 62
7
  6
CONTINUOUS
 10
243.3882010063
 20
76.294159969
 11
243.3882010063
 21
79.294159969
  0
LINE
  5
648
100
AcDbEntity
  8
AUSFORMSCHRAEGEN
100
AcDbLine
 62
7
  6
CONTINUOUS
 10
240.7807058049
 20
119.894159969
 11
240.6882010063
 21
109.294159969
  0
LINE
  5
649
100
AcDbEntity
  8
0
100
AcDbLine
 62
9
  6
CONTINUOUS
 10
234.3986525922
 20
142.376097667
 11
235.3986145153
 21
142.3848242025
  0
LINE
  5
64A
100
AcDbEntity
  8
0
100
AcDbLine
 62
7
  6
CONTINUOUS
 10
233.8911142293
 20
143.2377268275
 11
230.5313870049
 21
145.1385690332
  0
LINE
  5
64B
100
AcDbEntity
  8
0
100
AcDbLine
 62
3
  6
CONTINUOUS
 10
234.3835377894
 20
144.1080825234
 11
231.023810565
 21
146.0089247291
  0
LINE
  5
64C
100
AcDbEntity
  8
0
100
AcDbLine
 62
9
  6
CONTINUOUS
 10
230.0897332268
 20
148.2810989537
 11
230.8029836759
 21
147.5801896894
  0
LINE
  5
64D
100
AcDbEntity
  8
RUNDUNGEN
100
AcDbLine
 62
9
  6
CONTINUOUS
 10
231.7607506438
 20
149.9815386311
 11
232.474001093
 21
149.2806293668
  0
LINE
  5
64E
100
AcDbEntity
  8
RUNDUNGEN
100
AcDbLine
 62
9
  6
CONTINUOUS
 10
205.2882010063
 20
149.394159969
 11
229.4882010063
 21
149.394159969
  0
LINE
  5
64F
100
AcDbEntity
  8
RUNDUNGEN
100
AcDbLine
 62
7
  6
CONTINUOUS
 10
206.2882010063
 20
150.394159969
 11
228.4882010063
 21
150.394159969
  0
LINE
  5
650
100
AcDbEntity
  8
RUNDUNGEN
100
AcDbLine
 62
7
  6
CONTINUOUS
 10
232.0411143495
 20
150.2668388107
 11
232.7543647987
 21
149.5659295464
  0
LINE
  5
651
100
AcDbEntity
  8
BEZUGSACHSEN
100
AcDbLine
 62
7
  6
CONTINUOUS
 10
185.0166170447
 20
248.6673654048
 11
182.8952967012
 21
247.9418311169
  0
LINE
  5
652
100
AcDbEntity
  8
RUNDUNGEN
100
AcDbLine
 62
9
  6
CONTINUOUS
 10
182.8953735041
 20
247.9418573839
 11
182.8952967012
 21
247.9418311169
  0
LINE
  5
653
100
AcDbEntity
  8
RUNDUNGEN
100
AcDbLine
 62
9
  6
CONTINUOUS
 10
185.160605741
 20
247.896358924
 11
187.2819260846
 21
248.6218932119
  0
LINE
  5
654
100
AcDbEntity
  8
RUNDUNGEN
100
AcDbLine
 62
7
  6
CONTINUOUS
 10
179.9179650539
 20
242.7695791544
 11
179.9179650539
 21
229.0503340466
  0
LINE
  5
655
100
AcDbEntity
  8
RUNDUNGEN
100
AcDbLine
 62
7
  6
CONTINUOUS
 10
179.9179650539
 20
205.6454095597
 11
179.9179650539
 21
197.6643333491
  0
LINE
  5
656
100
AcDbEntity
  8
RUNDUNGEN
100
AcDbLine
 62
9
  6
CONTINUOUS
 10
180.2108582727
 20
242.5277343917
 11
180.2108582727
 21
229.579491384
  0
LINE
  5
657
100
AcDbEntity
  8
RUNDUNGEN
100
AcDbLine
 62
9
  6
CONTINUOUS
 10
180.2108582727
 20
204.9331295749
 11
180.2108582727
 21
197.422488594
  0
LWPOLYLINE
  5
658
100
AcDbEntity
  8
RUNDUNGEN
100
AcDbPolyline
 62
7
  6
CONTINUOUS
 90
17
 70
0
 10
184.6594114966
 20
213.0901256087
 10
184.6707805066
 20
212.7293860081
 10
184.7141798366
 20
212.2924577166
 10
184.7895246882
 20
211.8551823365
 10
184.8959848774
 20
211.4212843728
 10
185.0326212369
 20
210.9942256881
 10
185.1982759013
 20
210.5777694539
 10
185.3915969914
 20
210.1755128854
 10
185.6111299587
 20
209.7909494107
 10
185.8552976728
 20
209.4273468064
 10
186.1223726076
 20
209.0879843044
 10
186.4108922473
 20
208.7755579078
 10
186.718092561
 20
208.4938226696
 10
187.0414391052
 20
208.2456546455
 10
187.3775877782
 20
208.0338825987
 10
187.7221593862
 20
207.8610293987
 10
188.0103276952
 20
207.7483955367
  0
LINE
  5
659
100
AcDbEntity
  8
RUNDUNGEN
100
AcDbLine
 62
7
  6
CONTINUOUS
 10
184.6594091129
 20
221.6018885544
 11
184.6594091129
 21
213.090097262
  0
LINE
  5
65A
100
AcDbEntity
  8
RUNDUNGEN
100
AcDbLine
 62
9
  6
CONTINUOUS
 10
185.0694596192
 20
221.2633058867
 11
185.0694596192
 21
212.7515146046
  0
LINE
  5
65B
100
AcDbEntity
  8
RUNDUNGEN
100
AcDbLine
 62
7
  6
CONTINUOUS
 10
185.3628644515
 20
213.3230926944
 11
185.3628644515
 21
220.4910270713
  0
LINE
  5
65C
100
AcDbEntity
  8
0
100
AcDbLine
 62
7
  6
CONTINUOUS
 10
185.8677125222
 20
220.5926687046
 11
185.8677125222
 21
213.2630662624
  0
LINE
  5
65D
100
AcDbEntity
  8
RUNDUNGEN
100
AcDbLine
 62
7
  6
CONTINUOUS
 10
184.8369901639
 20
189.6289204077
 11
211.7070478534
 21
180.4388194256
  0
LINE
  5
65E
100
AcDbEntity
  8
RUNDUNGEN
100
AcDbLine
 62
9
  6
CONTINUOUS
 10
184.4534989598
 20
190.3332642934
 11
211.3235566449
 21
181.1431633128
  0
LINE
  5
65F
100
AcDbEntity
  8
RUNDUNGEN
100
AcDbLine
 62
9
  6
CONTINUOUS
 10
189.4396425338
 20
217.3085677988
 11
189.4396428619
 21
217.3083330632
  0
LINE
  5
660
100
AcDbEntity
  8
RUNDUNGEN
100
AcDbLine
 62
7
  6
CONTINUOUS
 10
186.6003013186
 20
220.9135435638
 11
186.6003013186
 21
220.8195242088
  0
LINE
  5
661
100
AcDbEntity
  8
RUNDUNGEN
100
AcDbLine
 62
7
  6
CONTINUOUS
 10
186.6003013186
 20
212.1481388876
 11
186.6003013186
 21
212.0541195327
  0
LINE
  5
662
100
AcDbEntity
  8
RUNDUNGEN
100
AcDbLine
 62
9
  6
CONTINUOUS
 10
186.8576620159
 20
212.9244835947
 11
186.8576620159
 21
220.2540860368
  0
LINE
  5
663
100
AcDbEntity
  8
RUNDUNGEN
100
AcDbLine
 62
7
  6
CONTINUOUS
 10
187.2819260846
 20
220.7750699427
 11
187.2819260846
 21
220.3991928944
  0
LINE
  5
664
100
AcDbEntity
  8
RUNDUNGEN
100
AcDbLine
 62
7
  6
CONTINUOUS
 10
187.2819260846
 20
212.8644116252
 11
187.2819260846
 21
212.693713404
  0
LINE
  5
665
100
AcDbEntity
  8
RUNDUNGEN
100
AcDbLine
 62
7
  6
CONTINUOUS
 10
187.6256061513
 20
209.6361423295
 11
187.6256061513
 21
210.3879250506
  0
LINE
  5
666
100
AcDbEntity
  8
RUNDUNGEN
100
AcDbLine
 62
7
  6
CONTINUOUS
 10
187.6256061513
 20
221.8783882342
 11
187.6256061513
 21
222.6301709553
  0
LINE
  5
667
100
AcDbEntity
  8
RUNDUNGEN
100
AcDbLine
 62
7
  6
CONTINUOUS
 10
187.7061901533
 20
220.6299630852
 11
187.7061901533
 21
220.2540860368
  0
LINE
  5
668
100
AcDbEntity
  8
RUNDUNGEN
100
AcDbLine
 62
7
  6
CONTINUOUS
 10
187.7061901533
 20
212.9244835947
 11
187.7061901533
 21
212.5486065464
  0
LINE
  5
669
100
AcDbEntity
  8
RUNDUNGEN
100
AcDbLine
 62
9
  6
CONTINUOUS
 10
187.7061901533
 20
212.9244835947
 11
187.7061901533
 21
220.2540860368
  0
LINE
  5
66A
100
AcDbEntity
  8
RUNDUNGEN
100
AcDbLine
 62
7
  6
CONTINUOUS
 10
188.2718755782
 20
222.7849965293
 11
188.2718755782
 21
221.6497817531
  0
LINE
  5
66B
100
AcDbEntity
  8
RUNDUNGEN
100
AcDbLine
 62
7
  6
CONTINUOUS
 10
188.2718755782
 20
210.5614088278
 11
188.2718755782
 21
209.2458391587
  0
LINE
  5
66C
100
AcDbEntity
  8
RUNDUNGEN
100
AcDbLine
 62
7
  6
CONTINUOUS
 10
189.4396425312
 20
217.3085485072
 11
189.4396425312
 21
218.9999952246
  0
LINE
  5
66D
100
AcDbEntity
  8
RUNDUNGEN
100
AcDbLine
 62
9
  6
CONTINUOUS
 10
189.6153784625
 20
217.1634416496
 11
189.6153784625
 21
218.854888367
  0
LINE
  5
66E
100
AcDbEntity
  8
BEZUGSACHSEN
100
AcDbLine
 62
7
  6
CONTINUOUS
 10
190.1097788261
 20
236.2106755749
 11
186.7156662764
 21
235.0498207142
  0
LINE
  5
66F
100
AcDbEntity
  8
0
100
AcDbLine
 62
7
  6
CONTINUOUS
 10
225.1643124849
 20
247.5659091845
 11
225.8714192661
 21
247.8077539471
  0
LINE
  5
670
100
AcDbEntity
  8
AUSFORMSCHRAEGEN
100
AcDbLine
 62
7
  6
CONTINUOUS
 10
214.6883569696
 20
244.060674124
 11
207.3765030265
 21
241.7491431262
  0
LINE
  5
671
100
AcDbEntity
  8
0
100
AcDbLine
 62
9
  6
CONTINUOUS
 10
191.8074060438
 20
233.1166353408
 11
191.8074060438
 21
233.4493014525
  0
LINE
  5
672
100
AcDbEntity
  8
0
100
AcDbLine
 62
9
  6
CONTINUOUS
 10
187.5219854204
 20
232.6834183987
 11
187.5247052192
 21
232.6843490934
  0
LINE
  5
673
100
AcDbEntity
  8
BEZUGSACHSEN
100
AcDbLine
 62
7
  6
CONTINUOUS
 10
233.8997438273
 20
249.3838459566
 11
231.720449905
 21
248.638483537
  0
LINE
  5
674
100
AcDbEntity
  8
RUNDUNGEN
100
AcDbLine
 62
9
  6
CONTINUOUS
 10
212.0306634261
 20
238.7062579434
 11
214.1519837697
 21
239.4317922313
  0
LINE
  5
675
100
AcDbEntity
  8
0
100
AcDbLine
 62
9
  6
CONTINUOUS
 10
191.8074060438
 20
233.4493014525
 11
192.3705933315
 21
233.6405827707
  0
LINE
  5
676
100
AcDbEntity
  8
AUSFORMSCHRAEGEN
100
AcDbLine
 62
7
  6
CONTINUOUS
 10
220.7152779858
 20
244.1911351975
 11
225.2793939804
 21
245.6340107912
  0
LINE
  5
677
100
AcDbEntity
  8
RUNDUNGEN
100
AcDbLine
 62
7
  6
CONTINUOUS
 10
194.4944152527
 20
207.1176052474
 11
194.4944152527
 21
208.4331749165
  0
LINE
  5
678
100
AcDbEntity
  8
RUNDUNGEN
100
AcDbLine
 62
7
  6
CONTINUOUS
 10
194.4944152527
 20
219.5215478418
 11
194.4944152527
 21
220.656762618
  0
LINE
  5
679
100
AcDbEntity
  8
RUNDUNGEN
100
AcDbLine
 62
7
  6
CONTINUOUS
 10
194.9186793214
 20
219.6666546994
 11
194.9186793214
 21
219.1028391269
  0
LINE
  5
67A
100
AcDbEntity
  8
0
100
AcDbLine
 62
7
  6
CONTINUOUS
 10
194.9186793214
 20
207.262712105
 11
194.9186793214
 21
208.5782817741
  0
LINE
  5
67B
100
AcDbEntity
  8
RUNDUNGEN
100
AcDbLine
 62
7
  6
CONTINUOUS
 10
194.9186793214
 20
208.5782817741
 11
194.9186793214
 21
209.1420973466
  0
LINE
  5
67C
100
AcDbEntity
  8
0
100
AcDbLine
 62
7
  6
CONTINUOUS
 10
194.9186793214
 20
219.6666546994
 11
194.9186793214
 21
220.5116557604
  0
LINE
  5
67D
100
AcDbEntity
  8
RUNDUNGEN
100
AcDbLine
 62
7
  6
CONTINUOUS
 10
195.9319072956
 20
231.8921365931
 11
195.9319072956
 21
231.8681469362
  0
LINE
  5
67E
100
AcDbEntity
  8
0
100
AcDbLine
 62
7
  6
CONTINUOUS
 10
195.9319072956
 20
231.8664304336
 11
195.9330579898
 21
231.8921365931
  0
LINE
  5
67F
100
AcDbEntity
  8
0
100
AcDbLine
 62
7
  6
CONTINUOUS
 10
210.1735106643
 20
235.7188320651
 11
209.8418542152
 21
235.5673217921
  0
LINE
  5
680
100
AcDbEntity
  8
0
100
AcDbLine
 62
7
  6
CONTINUOUS
 10
210.3469674626
 20
234.6882798058
 11
210.3888553591
 21
234.7072231562
  0
LINE
  5
681
100
AcDbEntity
  8
0
100
AcDbLine
 62
7
  6
CONTINUOUS
 10
210.2051816432
 20
234.6399379333
 11
210.2474340029
 21
234.6588542037
  0
LINE
  5
682
100
AcDbEntity
  8
0
100
AcDbLine
 62
9
  6
CONTINUOUS
 10
209.6390678925
 20
234.7057731061
 11
209.4976465363
 21
234.6574041536
  0
LINE
  5
683
100
AcDbEntity
  8
0
100
AcDbLine
 62
9
  6
CONTINUOUS
 10
210.3888553591
 20
234.7072231562
 11
210.3463900681
 21
234.6926991713
  0
LINE
  5
684
100
AcDbEntity
  8
RUNDUNGEN
100
AcDbLine
 62
7
  6
CONTINUOUS
 10
236.1605677939
 20
242.90781321
 11
229.8642222275
 21
240.9082604181
  0
LINE
  5
685
100
AcDbEntity
  8
RUNDUNGEN
100
AcDbLine
 62
7
  6
CONTINUOUS
 10
198.0299491586
 20
219.4475388048
 11
198.0299491586
 21
218.3123240286
  0
LINE
  5
686
100
AcDbEntity
  8
RUNDUNGEN
100
AcDbLine
 62
7
  6
CONTINUOUS
 10
198.0299491586
 20
207.2239511033
 11
198.0299491586
 21
205.9083814342
  0
LWPOLYLINE
  5
687
100
AcDbEntity
  8
RUNDUNGEN
100
AcDbPolyline
 62
7
  6
CONTINUOUS
 90
15
 70
0
 10
186.8681400615
 20
225.3065041832
 10
186.7762015954
 20
225.2717123006
 10
186.4989912731
 20
225.1441681145
 10
186.2322891983
 20
224.9856991931
 10
185.9791214008
 20
224.7968662462
 10
185.7422717628
 20
224.5786025578
 10
185.5239874931
 20
224.3319266945
 10
185.3261767823
 20
224.0576701949
 10
185.1510962079
 20
223.7577220478
 10
185.000234333
 20
223.4331382908
 10
184.8758108039
 20
223.0876510242
 10
184.7790963954
 20
222.7246374228
 10
184.7107806358
 20
222.3477748137
 10
184.6711151972
 20
221.9618984924
 10
184.6594130216
 20
221.6018757358
  0
LINE
  5
688
100
AcDbEntity
  8
RUNDUNGEN
100
AcDbLine
 62
7
  6
CONTINUOUS
 10
199.0032763646
 20
229.6720267568
 11
186.8668721306
 21
225.3060562117
  0
LINE
  5
689
100
AcDbEntity
  8
RUNDUNGEN
100
AcDbLine
 62
9
  6
CONTINUOUS
 10
199.493503559
 20
229.2580963558
 11
188.4549597667
 21
225.2870055019
  0
LINE
  5
68A
100
AcDbEntity
  8
RUNDUNGEN
100
AcDbLine
 62
7
  6
CONTINUOUS
 10
242.11263944
 20
244.9712503225
 11
239.822109935
 21
244.1878430929
  0
LINE
  5
68B
100
AcDbEntity
  8
0
100
AcDbLine
 62
9
  6
CONTINUOUS
 10
242.4362550171
 20
244.964754295
 11
239.844256061
 21
244.0782384405
  0
LINE
  5
68C
100
AcDbEntity
  8
0
100
AcDbLine
 62
9
  6
CONTINUOUS
 10
213.0198082845
 20
234.753321591
 11
212.8783869283
 21
234.7049526385
  0
LINE
  5
68D
100
AcDbEntity
  8
0
100
AcDbLine
 62
9
  6
CONTINUOUS
 10
210.7135031661
 20
233.5139278916
 11
210.5720818098
 21
233.4655589391
  0
LINE
  5
68E
100
AcDbEntity
  8
0
100
AcDbLine
 62
9
  6
CONTINUOUS
 10
213.9225065835
 20
233.3453320428
 11
213.7810852273
 21
233.2969630903
  0
LINE
  5
68F
100
AcDbEntity
  8
0
100
AcDbLine
 62
9
  6
CONTINUOUS
 10
209.8679108261
 20
230.959186652
 11
209.7264894699
 21
230.9108176995
  0
LINE
  5
690
100
AcDbEntity
  8
0
100
AcDbLine
 62
9
  6
CONTINUOUS
 10
195.9330579898
 20
231.8921365931
 11
195.9319072956
 21
231.9025062425
  0
LINE
  5
691
100
AcDbEntity
  8
RUNDUNGEN
100
AcDbLine
 62
7
  6
CONTINUOUS
 10
204.252488833
 20
203.7801475229
 11
204.252488833
 21
205.095717192
  0
LINE
  5
692
100
AcDbEntity
  8
RUNDUNGEN
100
AcDbLine
 62
7
  6
CONTINUOUS
 10
204.252488833
 20
216.1840901173
 11
204.252488833
 21
217.2055912845
  0
LINE
  5
693
100
AcDbEntity
  8
RUNDUNGEN
100
AcDbLine
 62
9
  6
CONTINUOUS
 10
204.3231995112
 20
213.824517304
 11
204.3231995112
 21
212.1330705865
  0
LINE
  5
694
100
AcDbEntity
  8
RUNDUNGEN
100
AcDbLine
 62
7
  6
CONTINUOUS
 10
204.333072835
 20
216.9158808055
 11
204.333072835
 21
216.1640980844
  0
LINE
  5
695
100
AcDbEntity
  8
RUNDUNGEN
100
AcDbLine
 62
7
  6
CONTINUOUS
 10
204.333072835
 20
204.6736349009
 11
204.333072835
 21
203.9218521797
  0
LINE
  5
696
100
AcDbEntity
  8
0
100
AcDbLine
 62
9
  6
CONTINUOUS
 10
212.8540455065
 20
231.1394757421
 11
212.7126241502
 21
231.0911067895
  0
LINE
  5
697
100
AcDbEntity
  8
0
100
AcDbLine
 62
7
  6
CONTINUOUS
 10
186.0161729204
 20
220.6434451512
 11
185.8677125222
 21
220.5926687046
  0
LINE
  5
698
100
AcDbEntity
  8
0
100
AcDbLine
 62
9
  6
CONTINUOUS
 10
187.7061901533
 20
220.6299630852
 11
188.9771462557
 21
221.0646556735
  0
LINE
  5
699
100
AcDbEntity
  8
RUNDUNGEN
100
AcDbLine
 62
9
  6
CONTINUOUS
 10
216.9804108944
 20
230.4354962593
 11
219.101731238
 21
231.1610305473
  0
LINE
  5
69A
100
AcDbEntity
  8
0
100
AcDbLine
 62
9
  6
CONTINUOUS
 10
211.9591481128
 20
228.5719738369
 11
211.8177267565
 21
228.5236048843
  0
LINE
  5
69B
100
AcDbEntity
  8
0
100
AcDbLine
 62
9
  6
CONTINUOUS
 10
214.0550844649
 20
229.2646603165
 11
213.9136631087
 21
229.2162913639
  0
LINE
  5
69C
100
AcDbEntity
  8
RUNDUNGEN
100
AcDbLine
 62
9
  6
CONTINUOUS
 10
188.1894351791
 20
222.8131928065
 11
187.6256061513
 21
222.6301709553
  0
LINE
  5
69D
100
AcDbEntity
  8
RUNDUNGEN
100
AcDbLine
 62
9
  6
CONTINUOUS
 10
188.2718755782
 20
222.08817067
 11
187.6256061513
 21
221.8783882342
  0
LINE
  5
69E
100
AcDbEntity
  8
RUNDUNGEN
100
AcDbLine
 62
7
  6
CONTINUOUS
 10
188.2112551885
 20
221.8365328715
 11
187.4695518464
 21
221.5957720876
  0
LINE
  5
69F
100
AcDbEntity
  8
RUNDUNGEN
100
AcDbLine
 62
9
  6
CONTINUOUS
 10
186.6003013186
 20
220.9135435638
 11
187.3196526231
 21
221.1470487593
  0
LINE
  5
6A0
100
AcDbEntity
  8
RUNDUNGEN
100
AcDbLine
 62
9
  6
CONTINUOUS
 10
185.9266934793
 20
220.6740489225
 11
185.3628644515
 21
220.4910270713
  0
LINE
  5
6A1
100
AcDbEntity
  8
RUNDUNGEN
100
AcDbLine
 62
9
  6
CONTINUOUS
 10
186.6003013186
 20
220.8195242088
 11
187.3040172312
 21
221.0479540744
  0
LINE
  5
6A2
100
AcDbEntity
  8
RUNDUNGEN
100
AcDbLine
 62
7
  6
CONTINUOUS
 10
186.4442470137
 20
220.5369080623
 11
187.2720140589
 21
220.8056055743
  0
LWPOLYLINE
  5
6A3
100
AcDbEntity
  8
RUNDUNGEN
100
AcDbPolyline
 62
7
  6
CONTINUOUS
 90
9
 70
0
 10
205.0221767377
 20
201.9299983914
 10
205.2411269971
 20
201.8630813874
 10
205.529623414
 20
201.7987720843
 10
205.8177100959
 20
201.7613314569
 10
206.103205154
 20
201.7507294598
 10
206.3840296571
 20
201.7665373434
 10
206.6579621875
 20
201.8080379295
 10
206.9226802329
 20
201.874042647
 10
206.9871518775
 20
201.8941884359
  0
LINE
  5
6A4
100
AcDbEntity
  8
RUNDUNGEN
100
AcDbLine
 62
7
  6
CONTINUOUS
 10
188.0104188178
 20
207.7483590247
 11
205.0220355462
 21
201.9300434331
  0
LINE
  5
6A5
100
AcDbEntity
  8
RUNDUNGEN
100
AcDbLine
 62
9
  6
CONTINUOUS
 10
187.4735311321
 20
208.7344404647
 11
204.4851478542
 21
202.9161248752
  0
LINE
  5
6A6
100
AcDbEntity
  8
RUNDUNGEN
100
AcDbLine
 62
7
  6
CONTINUOUS
 10
204.0502408923
 20
203.6427236652
 11
187.908438094
 21
209.1635453718
  0
LINE
  5
6A7
100
AcDbEntity
  8
0
100
AcDbLine
 62
7
  6
CONTINUOUS
 10
188.2718755782
 20
209.2458391587
 11
194.4944152527
 21
207.1176052474
  0
LINE
  5
6A8
100
AcDbEntity
  8
0
100
AcDbLine
 62
7
  6
CONTINUOUS
 10
198.0299491586
 20
205.9083814342
 11
204.252488833
 21
203.7801475229
  0
LINE
  5
6A9
100
AcDbEntity
  8
RUNDUNGEN
100
AcDbLine
 62
7
  6
CONTINUOUS
 10
194.9893899995
 20
207.5287413439
 11
194.9186793214
 21
207.5529258202
  0
LINE
  5
6AA
100
AcDbEntity
  8
AUSFORMSCHRAEGEN
100
AcDbLine
 62
7
  6
CONTINUOUS
 10
194.9893899995
 20
207.5287413439
 11
198.0299491586
 21
206.4888088646
  0
LINE
  5
6AB
100
AcDbEntity
  8
0
100
AcDbLine
 62
7
  6
CONTINUOUS
 10
204.6767529018
 20
205.0238421263
 11
204.6767529018
 21
205.2408240496
  0
LINE
  5
6AC
100
AcDbEntity
  8
RUNDUNGEN
100
AcDbLine
 62
7
  6
CONTINUOUS
 10
204.6767529018
 20
205.2408240496
 11
204.6767529018
 21
205.8046396221
  0
LINE
  5
6AD
100
AcDbEntity
  8
RUNDUNGEN
100
AcDbLine
 62
9
  6
CONTINUOUS
 10
205.1717276486
 20
213.824517304
 11
205.1717276486
 21
212.1330705865
  0
LINE
  5
6AE
100
AcDbEntity
  8
RUNDUNGEN
100
AcDbLine
 62
7
  6
CONTINUOUS
 10
205.3583776677
 20
205.6384795713
 11
205.3583776677
 21
205.7324989262
  0
LINE
  5
6AF
100
AcDbEntity
  8
RUNDUNGEN
100
AcDbLine
 62
7
  6
CONTINUOUS
 10
205.3583776677
 20
214.4038842474
 11
205.3583776677
 21
214.4979036023
  0
LINE
  5
6B0
100
AcDbEntity
  8
RUNDUNGEN
100
AcDbLine
 62
7
  6
CONTINUOUS
 10
205.4909664641
 20
213.966122208
 11
205.4909664641
 21
206.6365197659
  0
LINE
  5
6B1
100
AcDbEntity
  8
RUNDUNGEN
100
AcDbLine
 62
9
  6
CONTINUOUS
 10
205.6667023954
 20
213.8210153504
 11
205.6667023954
 21
206.4914129083
  0
LINE
  5
6B2
100
AcDbEntity
  8
RUNDUNGEN
100
AcDbLine
 62
7
  6
CONTINUOUS
 10
205.6667023954
 20
206.4057495751
 11
205.6667023954
 21
206.4914129083
  0
LINE
  5
6B3
100
AcDbEntity
  8
RUNDUNGEN
100
AcDbLine
 62
7
  6
CONTINUOUS
 10
206.0909664641
 20
206.2606427176
 11
206.0909664641
 21
206.3463060507
  0
LINE
  5
6B4
100
AcDbEntity
  8
RUNDUNGEN
100
AcDbLine
 62
7
  6
CONTINUOUS
 10
206.5958145348
 20
213.2289304406
 11
206.5958145348
 21
213.2202975799
  0
LINE
  5
6B5
100
AcDbEntity
  8
RUNDUNGEN
100
AcDbLine
 62
7
  6
CONTINUOUS
 10
206.5958145348
 20
206.0696289244
 11
206.5958145348
 21
206.0609960637
  0
LINE
  5
6B6
100
AcDbEntity
  8
0
100
AcDbLine
 62
7
  6
CONTINUOUS
 10
206.6566518891
 20
206.3230250709
 11
206.6566518891
 21
213.0092493699
  0
LINE
  5
6B7
100
AcDbEntity
  8
RUNDUNGEN
100
AcDbLine
 62
9
  6
CONTINUOUS
 10
206.8892193671
 20
205.2887172483
 11
206.8892193671
 21
205.9692785616
  0
LINE
  5
6B8
100
AcDbEntity
  8
RUNDUNGEN
100
AcDbLine
 62
9
  6
CONTINUOUS
 10
206.8892193671
 20
213.1199472171
 11
206.8892193671
 21
213.8005085304
  0
LINE
  5
6B9
100
AcDbEntity
  8
0
100
AcDbLine
 62
7
  6
CONTINUOUS
 10
207.0809159578
 20
206.6191897658
 11
207.0809159578
 21
212.8262203155
  0
LINE
  5
6BA
100
AcDbEntity
  8
RUNDUNGEN
100
AcDbLine
 62
7
  6
CONTINUOUS
 10
191.5997002129
 20
220.1676893931
 11
189.8454731849
 21
219.5677084136
  0
LINE
  5
6BB
100
AcDbEntity
  8
RUNDUNGEN
100
AcDbLine
 62
9
  6
CONTINUOUS
 10
191.7024828202
 20
220.1325356711
 11
190.0396425312
 21
219.5638107971
  0
LINE
  5
6BC
100
AcDbEntity
  8
0
100
AcDbLine
 62
9
  6
CONTINUOUS
 10
258.1340255595
 20
239.5958005642
 11
245.898880441
 21
235.4111344772
  0
LINE
  5
6BD
100
AcDbEntity
  8
RUNDUNGEN
100
AcDbLine
 62
7
  6
CONTINUOUS
 10
187.3073811753
 20
210.8726271386
 11
187.3427742086
 21
210.8605220083
  0
LINE
  5
6BE
100
AcDbEntity
  8
RUNDUNGEN
100
AcDbLine
 62
7
  6
CONTINUOUS
 10
204.6159047777
 20
204.9527634153
 11
204.651297811
 21
204.940658285
  0
LINE
  5
6BF
100
AcDbEntity
  8
RUNDUNGEN
100
AcDbLine
 62
9
  6
CONTINUOUS
 10
204.252488833
 20
205.095717192
 11
198.0299491586
 21
207.2239511033
  0
LINE
  5
6C0
100
AcDbEntity
  8
RUNDUNGEN
100
AcDbLine
 62
9
  6
CONTINUOUS
 10
194.4944152527
 20
208.4331749165
 11
188.2718755782
 21
210.5614088278
  0
LINE
  5
6C1
100
AcDbEntity
  8
0
100
AcDbLine
 62
7
  6
CONTINUOUS
 10
194.9186793214
 20
208.5782817741
 11
198.0772134072
 21
207.4979994934
  0
LINE
  5
6C2
100
AcDbEntity
  8
RUNDUNGEN
100
AcDbLine
 62
7
  6
CONTINUOUS
 10
204.6767529018
 20
205.2408240496
 11
204.9595956142
 21
205.1440861445
  0
LINE
  5
6C3
100
AcDbEntity
  8
RUNDUNGEN
100
AcDbLine
 62
9
  6
CONTINUOUS
 10
204.6767529018
 20
205.8046396221
 11
198.4542132273
 21
207.9328735334
  0
LINE
  5
6C4
100
AcDbEntity
  8
RUNDUNGEN
100
AcDbLine
 62
9
  6
CONTINUOUS
 10
194.9186793214
 20
209.1420973466
 11
188.6961396469
 21
211.2703312579
  0
LINE
  5
6C5
100
AcDbEntity
  8
RUNDUNGEN
100
AcDbLine
 62
7
  6
CONTINUOUS
 10
188.4132969345
 20
211.367069163
 11
188.6961396469
 21
211.2703312579
  0
LINE
  5
6C6
100
AcDbEntity
  8
RUNDUNGEN
100
AcDbLine
 62
7
  6
CONTINUOUS
 10
194.9186793214
 20
209.1420973466
 11
198.4542132273
 21
207.9328735334
  0
LINE
  5
6C7
100
AcDbEntity
  8
RUNDUNGEN
100
AcDbLine
 62
7
  6
CONTINUOUS
 10
204.6767529018
 20
205.8046396221
 11
204.9595956142
 21
205.707901717
  0
LINE
  5
6C8
100
AcDbEntity
  8
RUNDUNGEN
100
AcDbLine
 62
7
  6
CONTINUOUS
 10
206.3129825921
 20
205.7818675492
 11
205.6412096104
 21
206.0116274407
  0
LINE
  5
6C9
100
AcDbEntity
  8
RUNDUNGEN
100
AcDbLine
 62
7
  6
CONTINUOUS
 10
186.3174693759
 20
212.6207358453
 11
185.6456963942
 21
212.8504957368
  0
LINE
  5
6CA
100
AcDbEntity
  8
RUNDUNGEN
100
AcDbLine
 62
9
  6
CONTINUOUS
 10
206.8892193671
 20
205.9692785616
 11
206.5958145348
 21
206.0696289244
  0
LINE
  5
6CB
100
AcDbEntity
  8
RUNDUNGEN
100
AcDbLine
 62
7
  6
CONTINUOUS
 10
185.8677125222
 20
213.2630662624
 11
186.8576620159
 21
212.9244835947
  0
LINE
  5
6CC
100
AcDbEntity
  8
RUNDUNGEN
100
AcDbLine
 62
7
  6
CONTINUOUS
 10
205.6667023954
 20
206.4914129083
 11
206.6060624389
 21
206.1701328516
  0
LINE
  5
6CD
100
AcDbEntity
  8
RUNDUNGEN
100
AcDbLine
 62
9
  6
CONTINUOUS
 10
207.1671257936
 20
206.4401479578
 11
206.8712957086
 21
206.5413278059
  0
LINE
  5
6CE
100
AcDbEntity
  8
0
100
AcDbLine
 62
7
  6
CONTINUOUS
 10
211.1106199753
 20
234.8340220778
 11
211.1106199753
 21
228.765449647
  0
LINE
  5
6CF
100
AcDbEntity
  8
RUNDUNGEN
100
AcDbLine
 62
9
  6
CONTINUOUS
 10
208.8604418308
 20
205.2859585544
 11
208.8605505588
 21
205.9826351038
  0
LINE
  5
6D0
100
AcDbEntity
  8
RUNDUNGEN
100
AcDbLine
 62
9
  6
CONTINUOUS
 10
185.8677125222
 20
213.4985775241
 11
185.3628644515
 21
213.3230926944
  0
LINE
  5
6D1
100
AcDbEntity
  8
RUNDUNGEN
100
AcDbLine
 62
9
  6
CONTINUOUS
 10
186.3540646502
 20
213.0967240379
 11
185.6456963942
 21
212.8504957368
  0
LINE
  5
6D2
100
AcDbEntity
  8
RUNDUNGEN
100
AcDbLine
 62
9
  6
CONTINUOUS
 10
187.0616244226
 20
212.8794036094
 11
186.3174693759
 21
212.6207358453
  0
LINE
  5
6D3
100
AcDbEntity
  8
RUNDUNGEN
100
AcDbLine
 62
9
  6
CONTINUOUS
 10
187.3057648477
 20
212.3933575078
 11
186.6003013186
 21
212.1481388876
  0
LINE
  5
6D4
100
AcDbEntity
  8
RUNDUNGEN
100
AcDbLine
 62
9
  6
CONTINUOUS
 10
186.6003013186
 20
212.0541195327
 11
187.3184906097
 21
212.3037616187
  0
LINE
  5
6D5
100
AcDbEntity
  8
RUNDUNGEN
100
AcDbLine
 62
9
  6
CONTINUOUS
 10
206.2778896681
 20
219.7508726381
 11
205.4663207625
 21
219.4687773759
  0
LINE
  5
6D6
100
AcDbEntity
  8
0
100
AcDbLine
 62
9
  6
CONTINUOUS
 10
258.8411323406
 20
238.4142631808
 11
246.4910714646
 21
234.1902935899
  0
LINE
  5
6D7
100
AcDbEntity
  8
0
100
AcDbLine
 62
9
  6
CONTINUOUS
 10
187.7061901533
 20
212.5486065464
 11
194.9044601338
 21
215.0105598768
  0
LINE
  5
6D8
100
AcDbEntity
  8
RUNDUNGEN
100
AcDbLine
 62
7
  6
CONTINUOUS
 10
204.5532942336
 20
211.7104642551
 11
189.8454731849
 21
216.7408353182
  0
LINE
  5
6D9
100
AcDbEntity
  8
RUNDUNGEN
100
AcDbLine
 62
9
  6
CONTINUOUS
 10
204.3231995112
 20
212.1330705865
 11
189.6153784625
 21
217.1634416496
  0
LINE
  5
6DA
100
AcDbEntity
  8
0
100
AcDbLine
 62
7
  6
CONTINUOUS
 10
211.8177267565
 20
228.5236048843
 11
211.8177267565
 21
234.5921773152
  0
LINE
  5
6DB
100
AcDbEntity
  8
0
100
AcDbLine
 62
7
  6
CONTINUOUS
 10
211.9591481128
 20
228.5719738369
 11
211.9591481128
 21
234.5047765435
  0
LINE
  5
6DC
100
AcDbEntity
  8
RUNDUNGEN
100
AcDbLine
 62
9
  6
CONTINUOUS
 10
187.3073811753
 20
210.8726271386
 11
187.9504950286
 21
211.0961730558
  0
LINE
  5
6DD
100
AcDbEntity
  8
RUNDUNGEN
100
AcDbLine
 62
9
  6
CONTINUOUS
 10
187.3427742086
 20
210.8605220083
 11
187.9687219976
 21
211.0781010138
  0
LINE
  5
6DE
100
AcDbEntity
  8
RUNDUNGEN
100
AcDbLine
 62
9
  6
CONTINUOUS
 10
187.6256061513
 20
210.3879250506
 11
188.2560097356
 21
210.6070528874
  0
LINE
  5
6DF
100
AcDbEntity
  8
RUNDUNGEN
100
AcDbLine
 62
9
  6
CONTINUOUS
 10
188.2718755782
 20
209.8607851219
 11
187.6256061513
 21
209.6361423295
  0
LINE
  5
6E0
100
AcDbEntity
  8
RUNDUNGEN
100
AcDbLine
 62
9
  6
CONTINUOUS
 10
188.2718755782
 20
209.2898759825
 11
187.908438094
 21
209.1635453718
  0
LINE
  5
6E1
100
AcDbEntity
  8
0
100
AcDbLine
 62
9
  6
CONTINUOUS
 10
188.4132969345
 20
211.367069163
 11
196.9853056248
 21
214.2988688038
  0
LINE
  5
6E2
100
AcDbEntity
  8
RUNDUNGEN
100
AcDbLine
 62
9
  6
CONTINUOUS
 10
205.3363464834
 20
214.7348495491
 11
204.7474635799
 21
214.533439734
  0
LINE
  5
6E3
100
AcDbEntity
  8
RUNDUNGEN
100
AcDbLine
 62
9
  6
CONTINUOUS
 10
205.4909664641
 20
213.9337034094
 11
205.1717276486
 21
213.824517304
  0
LINE
  5
6E4
100
AcDbEntity
  8
BEZUGSACHSEN
100
AcDbLine
 62
7
  6
CONTINUOUS
 10
196.7397598557
 20
207.9554355488
 11
196.0054787523
 21
207.8854366282
  0
LWPOLYLINE
  5
6E5
100
AcDbEntity
  8
RUNDUNGEN
100
AcDbPolyline
 62
7
  6
CONTINUOUS
 90
11
 70
0
 10
207.0420118063
 20
212.8384228703
 10
207.1288074584
 20
212.8111988168
 10
207.2735892489
 20
212.7751787625
 10
207.417881996
 20
212.7486531802
 10
207.5640902848
 20
212.7296467306
 10
207.7148625968
 20
212.7173219252
 10
207.8672957215
 20
212.7118264825
 10
208.0198132415
 20
212.7131392587
 10
208.1708499361
 20
212.7213135613
 10
208.3175078398
 20
212.7362711896
 10
208.4560369425
 20
212.7577659717
  0
LINE
  5
6E6
100
AcDbEntity
  8
RUNDUNGEN
100
AcDbLine
 62
7
  6
CONTINUOUS
 10
206.747858639
 20
212.939022566
 11
207.0426158552
 21
212.8382096606
  0
LINE
  5
6E7
100
AcDbEntity
  8
RUNDUNGEN
100
AcDbLine
 62
9
  6
CONTINUOUS
 10
189.6153784625
 20
218.854888367
 11
204.3231995112
 21
213.824517304
  0
LINE
  5
6E8
100
AcDbEntity
  8
RUNDUNGEN
100
AcDbLine
 62
9
  6
CONTINUOUS
 10
206.5958145348
 20
213.2202975799
 11
206.8892193671
 21
213.1199472171
  0
LINE
  5
6E9
100
AcDbEntity
  8
RUNDUNGEN
100
AcDbLine
 62
7
  6
CONTINUOUS
 10
206.5053820342
 20
213.5341700202
 11
205.6667023954
 21
213.8210153504
  0
LINE
  5
6EA
100
AcDbEntity
  8
RUNDUNGEN
100
AcDbLine
 62
7
  6
CONTINUOUS
 10
186.8576620159
 20
220.2540860368
 11
185.8677125222
 21
220.5926687046
  0
LINE
  5
6EB
100
AcDbEntity
  8
RUNDUNGEN
100
AcDbLine
 62
7
  6
CONTINUOUS
 10
185.6456963942
 20
220.7701555858
 11
186.3174693759
 21
220.5403956943
  0
LINE
  5
6EC
100
AcDbEntity
  8
RUNDUNGEN
100
AcDbLine
 62
7
  6
CONTINUOUS
 10
205.6412096104
 20
213.9312872897
 11
206.3129825921
 21
213.7015273983
  0
LINE
  5
6ED
100
AcDbEntity
  8
0
100
AcDbLine
 62
7
  6
CONTINUOUS
 10
187.2819260846
 20
220.3991928944
 11
186.6674427606
 21
220.609358569
  0
LINE
  5
6EE
100
AcDbEntity
  8
RUNDUNGEN
100
AcDbLine
 62
7
  6
CONTINUOUS
 10
187.2819260846
 20
220.3991928944
 11
187.7061901533
 21
220.2540860368
  0
LINE
  5
6EF
100
AcDbEntity
  8
RUNDUNGEN
100
AcDbLine
 62
9
  6
CONTINUOUS
 10
190.0396425312
 20
219.5638107971
 11
204.7474635799
 21
214.533439734
  0
LINE
  5
6F0
100
AcDbEntity
  8
RUNDUNGEN
100
AcDbLine
 62
7
  6
CONTINUOUS
 10
204.651297811
 20
215.6793959964
 11
204.6159047777
 21
215.6915011268
  0
LINE
  5
6F1
100
AcDbEntity
  8
RUNDUNGEN
100
AcDbLine
 62
7
  6
CONTINUOUS
 10
187.3427742086
 20
221.5992597197
 11
187.3073811753
 21
221.61136485
  0
LINE
  5
6F2
100
AcDbEntity
  8
RUNDUNGEN
100
AcDbLine
 62
7
  6
CONTINUOUS
 10
188.5019703007
 20
221.2271754217
 11
194.7245099751
 21
219.0989415104
  0
LINE
  5
6F3
100
AcDbEntity
  8
RUNDUNGEN
100
AcDbLine
 62
7
  6
CONTINUOUS
 10
198.260043881
 20
217.8897176972
 11
204.4825835555
 21
215.7614837859
  0
LINE
  5
6F4
100
AcDbEntity
  8
RUNDUNGEN
100
AcDbLine
 62
7
  6
CONTINUOUS
 10
198.1093912066
 20
218.0115513906
 11
194.9186793214
 21
219.1028391269
  0
LINE
  5
6F5
100
AcDbEntity
  8
RUNDUNGEN
100
AcDbLine
 62
9
  6
CONTINUOUS
 10
188.2718755782
 20
221.6497817531
 11
194.4944152527
 21
219.5215478418
  0
LINE
  5
6F6
100
AcDbEntity
  8
RUNDUNGEN
100
AcDbLine
 62
9
  6
CONTINUOUS
 10
198.0299491586
 20
218.3123240286
 11
204.252488833
 21
216.1840901173
  0
LINE
  5
6F7
100
AcDbEntity
  8
RUNDUNGEN
100
AcDbLine
 62
9
  6
CONTINUOUS
 10
215.566197332
 20
185.3302504616
 11
215.566197332
 21
230.4354962593
  0
LINE
  5
6F8
100
AcDbEntity
  8
RUNDUNGEN
100
AcDbLine
 62
9
  6
CONTINUOUS
 10
216.9804108944
 20
185.3302504616
 11
216.9804108944
 21
230.4354962593
  0
LINE
  5
6F9
100
AcDbEntity
  8
RUNDUNGEN
100
AcDbLine
 62
9
  6
CONTINUOUS
 10
205.4909664641
 20
212.242256692
 11
205.1717276486
 21
212.1330705865
  0
LINE
  5
6FA
100
AcDbEntity
  8
RUNDUNGEN
100
AcDbLine
 62
7
  6
CONTINUOUS
 10
205.4909664641
 20
211.8983473905
 11
204.9416329261
 21
211.7104642551
  0
LINE
  5
6FB
100
AcDbEntity
  8
0
100
AcDbLine
 62
7
  6
CONTINUOUS
 10
194.9186793214
 20
207.262712105
 11
194.4944152527
 21
207.1176052474
  0
LINE
  5
6FC
100
AcDbEntity
  8
0
100
AcDbLine
 62
7
  6
CONTINUOUS
 10
198.0299491586
 20
218.6025377438
 11
194.9186793214
 21
219.6666546994
  0
LINE
  5
6FD
100
AcDbEntity
  8
RUNDUNGEN
100
AcDbLine
 62
7
  6
CONTINUOUS
 10
187.908438094
 20
222.9092994698
 11
204.0502408923
 21
217.3884777632
  0
LINE
  5
6FE
100
AcDbEntity
  8
RUNDUNGEN
100
AcDbLine
 62
9
  6
CONTINUOUS
 10
204.4851478542
 20
217.8175826703
 11
187.4735311321
 21
223.6358982598
  0
LINE
  5
6FF
100
AcDbEntity
  8
RUNDUNGEN
100
AcDbLine
 62
9
  6
CONTINUOUS
 10
205.4663207625
 20
219.4687773759
 11
188.4549597667
 21
225.2870055019
  0
LINE
  5
700
100
AcDbEntity
  8
BEZUGSACHSEN
100
AcDbLine
 62
7
  6
CONTINUOUS
 10
219.101731238
 20
231.1610305473
 11
219.101731238
 21
186.0557847495
  0
LINE
  5
701
100
AcDbEntity
  8
RUNDUNGEN
100
AcDbLine
 62
7
  6
CONTINUOUS
 10
237.8268879766
 20
219.4356592069
 11
234.2135499059
 21
218.0640333765
  0
LINE
  5
702
100
AcDbEntity
  8
RUNDUNGEN
100
AcDbLine
 62
7
  6
CONTINUOUS
 10
207.7173120609
 20
206.8555746
 11
206.8712957086
 21
206.5413278059
  0
LINE
  5
703
100
AcDbEntity
  8
RUNDUNGEN
100
AcDbLine
 62
7
  6
CONTINUOUS
 10
205.5090951806
 20
206.0132894768
 11
206.2672274271
 21
206.2860212509
  0
LINE
  5
704
100
AcDbEntity
  8
RUNDUNGEN
100
AcDbLine
 62
9
  6
CONTINUOUS
 10
234.010272329
 20
212.4825083993
 11
234.2135499059
 21
212.4129847443
  0
LINE
  5
705
100
AcDbEntity
  8
RUNDUNGEN
100
AcDbLine
 62
7
  6
CONTINUOUS
 10
234.0061762205
 20
213.1090510053
 11
234.6544035673
 21
212.8873441952
  0
LINE
  5
706
100
AcDbEntity
  8
RUNDUNGEN
100
AcDbLine
 62
9
  6
CONTINUOUS
 10
234.0411799921
 20
213.6702611794
 11
234.3296200156
 21
213.5716088812
  0
LINE
  5
707
100
AcDbEntity
  8
0
100
AcDbLine
 62
7
  6
CONTINUOUS
 10
196.0876537326
 20
231.6427945057
 11
196.048079001
 21
231.6662397682
  0
LINE
  5
708
100
AcDbEntity
  8
RUNDUNGEN
100
AcDbLine
 62
9
  6
CONTINUOUS
 10
205.6412096104
 20
206.0116274407
 11
206.3373211568
 21
206.2620477834
  0
LINE
  5
709
100
AcDbEntity
  8
RUNDUNGEN
100
AcDbLine
 62
9
  6
CONTINUOUS
 10
206.5456265023
 20
205.8655592622
 11
206.3129825921
 21
205.7818675492
  0
LINE
  5
70A
100
AcDbEntity
  8
RUNDUNGEN
100
AcDbLine
 62
7
  6
CONTINUOUS
 10
205.2806232473
 20
205.2410794638
 11
204.4837903479
 21
204.9544254515
  0
LINE
  5
70B
100
AcDbEntity
  8
RUNDUNGEN
100
AcDbLine
 62
9
  6
CONTINUOUS
 10
205.2517592746
 20
205.1815067854
 11
204.6159047777
 21
204.9527634153
  0
LINE
  5
70C
100
AcDbEntity
  8
RUNDUNGEN
100
AcDbLine
 62
9
  6
CONTINUOUS
 10
204.651297811
 20
204.940658285
 11
205.2324084664
 21
205.1497080131
  0
LINE
  5
70D
100
AcDbEntity
  8
RUNDUNGEN
100
AcDbLine
 62
9
  6
CONTINUOUS
 10
204.2828848025
 20
203.7264153782
 11
204.0502408923
 21
203.6427236652
  0
LINE
  5
70E
100
AcDbEntity
  8
RUNDUNGEN
100
AcDbLine
 62
9
  6
CONTINUOUS
 10
208.9635128597
 20
206.5937692424
 11
208.5751418391
 21
206.4543059592
  0
LINE
  5
70F
100
AcDbEntity
  8
RUNDUNGEN
100
AcDbLine
 62
9
  6
CONTINUOUS
 10
208.9361487217
 20
206.009782258
 11
208.8605505588
 21
205.9826351038
  0
LINE
  5
710
100
AcDbEntity
  8
RUNDUNGEN
100
AcDbLine
 62
9
  6
CONTINUOUS
 10
206.0909664641
 20
206.2606427176
 11
206.2161978793
 21
206.3034743841
  0
LINE
  5
711
100
AcDbEntity
  8
0
100
AcDbLine
 62
9
  6
CONTINUOUS
 10
204.9595956142
 20
205.707901717
 11
205.3742560804
 21
205.8497239491
  0
LINE
  5
712
100
AcDbEntity
  8
0
100
AcDbLine
 62
9
  6
CONTINUOUS
 10
249.5780335071
 20
220.4829854944
 11
248.8709267259
 21
220.2411407318
  0
LINE
  5
713
100
AcDbEntity
  8
0
100
AcDbLine
 62
7
  6
CONTINUOUS
 10
204.3162590424
 20
203.801958219
 11
204.252488833
 21
203.7801475229
  0
LINE
  5
714
100
AcDbEntity
  8
RUNDUNGEN
100
AcDbLine
 62
7
  6
CONTINUOUS
 10
208.9700150106
 20
207.2831881684
 11
207.7173120609
 21
206.8555746
  0
LINE
  5
715
100
AcDbEntity
  8
RUNDUNGEN
100
AcDbLine
 62
9
  6
CONTINUOUS
 10
208.8884413987
 20
205.2950469941
 11
208.8604418308
 21
205.2859585544
  0
LINE
  5
716
100
AcDbEntity
  8
RUNDUNGEN
100
AcDbLine
 62
7
  6
CONTINUOUS
 10
234.0869424473
 20
213.0814273288
 11
234.0022687257
 21
213.0552527597
  0
LINE
  5
717
100
AcDbEntity
  8
RUNDUNGEN
100
AcDbLine
 62
9
  6
CONTINUOUS
 10
237.5018613256
 20
213.724733303
 11
237.8268879766
 21
213.6135676413
  0
LINE
  5
718
100
AcDbEntity
  8
RUNDUNGEN
100
AcDbLine
 62
7
  6
CONTINUOUS
 10
237.5670526976
 20
213.7459887995
 11
237.8402237386
 21
213.6525588009
  0
LINE
  5
719
100
AcDbEntity
  8
RUNDUNGEN
100
AcDbLine
 62
9
  6
CONTINUOUS
 10
234.3296200156
 20
216.6392900353
 11
234.032967067
 21
216.7407513193
  0
LINE
  5
71A
100
AcDbEntity
  8
0
100
AcDbLine
 62
7
  6
CONTINUOUS
 10
209.4759745774
 20
233.5963807614
 11
210.2185284192
 21
232.7726836391
  0
LINE
  5
71B
100
AcDbEntity
  8
0
100
AcDbLine
 62
7
  6
CONTINUOUS
 10
212.3590707596
 20
230.3982314895
 11
213.4307001956
 21
229.2094987232
  0
LINE
  5
71C
100
AcDbEntity
  8
0
100
AcDbLine
 62
7
  6
CONTINUOUS
 10
213.4523721545
 20
230.2705221154
 11
212.7126241502
 21
231.0911067895
  0
LINE
  5
71D
100
AcDbEntity
  8
0
100
AcDbLine
 62
7
  6
CONTINUOUS
 10
210.5720818098
 20
233.4655589391
 11
209.4976465363
 21
234.6574041536
  0
LINE
  5
71E
100
AcDbEntity
  8
0
100
AcDbLine
 62
7
  6
CONTINUOUS
 10
213.4895988998
 20
230.4344716445
 11
212.8540455065
 21
231.1394757421
  0
LINE
  5
71F
100
AcDbEntity
  8
0
100
AcDbLine
 62
7
  6
CONTINUOUS
 10
210.7135031661
 20
233.5139278916
 11
209.6390678925
 21
234.7057731061
  0
LWPOLYLINE
  5
720
100
AcDbEntity
  8
RUNDUNGEN
100
AcDbPolyline
 62
7
  6
CONTINUOUS
 90
24
 70
0
 10
228.3041548812
 20
245.1593642593
 10
228.3040961813
 20
245.1716729933
 10
228.302388894
 20
245.2264076838
 10
228.2978806163
 20
245.2837426846
 10
228.2900526222
 20
245.3422983912
 10
228.278257941
 20
245.4018023606
 10
228.2618598406
 20
245.4615705068
 10
228.2404242676
 20
245.5212650589
 10
228.2138062439
 20
245.5803432177
 10
228.1815317717
 20
245.6385863816
 10
228.1433609123
 20
245.695023038
 10
228.0990970089
 20
245.7488392757
 10
228.0487853029
 20
245.7997816118
 10
227.9932268569
 20
245.8471239276
 10
227.932591995
 20
245.8907133835
 10
227.8675288703
 20
245.9299410297
 10
227.7978880193
 20
245.9645978461
 10
227.7238065812
 20
245.9942443244
 10
227.645437988
 20
246.0184832852
 10
227.562849215
 20
246.0367758376
 10
227.4768142376
 20
246.0483841802
 10
227.3877215742
 20
246.0525993939
 10
227.2965283566
 20
246.0485871783
 10
227.2859392438
 20
246.0475613102
  0
LINE
  5
721
100
AcDbEntity
  8
RUNDUNGEN
100
AcDbLine
 62
9
  6
CONTINUOUS
 10
228.0112766809
 20
244.9198897125
 11
228.0112766809
 21
244.3577872502
  0
LINE
  5
722
100
AcDbEntity
  8
RUNDUNGEN
100
AcDbLine
 62
7
  6
CONTINUOUS
 10
228.3041698997
 20
245.1588240099
 11
228.3041698997
 21
244.4382943715
  0
LINE
  5
723
100
AcDbEntity
  8
0
100
AcDbLine
 62
9
  6
CONTINUOUS
 10
258.8411323406
 20
219.4324722409
 11
249.2243462731
 21
216.1433376917
  0
LINE
  5
724
100
AcDbEntity
  8
RUNDUNGEN
100
AcDbLine
 62
7
  6
CONTINUOUS
 10
258.4576411366
 20
218.7281283552
 11
249.1063115373
 21
215.5297852654
  0
LINE
  5
725
100
AcDbEntity
  8
RUNDUNGEN
100
AcDbLine
 62
7
  6
CONTINUOUS
 10
208.460960712
 20
202.3725805899
 11
206.9852060256
 21
201.8935429007
  0
LINE
  5
726
100
AcDbEntity
  8
RUNDUNGEN
100
AcDbLine
 62
9
  6
CONTINUOUS
 10
234.953557533
 20
217.8406883164
 11
234.2547799409
 21
218.0796843286
  0
LINE
  5
727
100
AcDbEntity
  8
RUNDUNGEN
100
AcDbLine
 62
9
  6
CONTINUOUS
 10
239.5848364275
 20
220.5574881657
 11
240.9688538976
 21
220.0841263123
  0
LINE
  5
728
100
AcDbEntity
  8
RUNDUNGEN
100
AcDbLine
 62
7
  6
CONTINUOUS
 10
239.912144584
 20
220.5713059227
 11
241.3119570634
 21
220.0925418579
  0
LINE
  5
729
100
AcDbEntity
  8
AUSFORMSCHRAEGEN
100
AcDbLine
 62
7
  6
CONTINUOUS
 10
234.4462215797
 20
203.9769859541
 11
238.9585063094
 21
205.6389619735
  0
LINE
  5
72A
100
AcDbEntity
  8
AUSFORMSCHRAEGEN
100
AcDbLine
 62
7
  6
CONTINUOUS
 10
229.6222895143
 20
200.396776438
 11
219.101731238
 21
196.5218180491
  0
LINE
  5
72B
100
AcDbEntity
  8
RUNDUNGEN
100
AcDbLine
 62
9
  6
CONTINUOUS
 10
205.3865800318
 20
191.5513055977
 11
205.3846010454
 21
191.5506284852
  0
LINE
  5
72C
100
AcDbEntity
  8
0
100
AcDbLine
 62
7
  6
CONTINUOUS
 10
240.0506290323
 20
204.0412313609
 11
240.7577358135
 21
204.2830761235
  0
LINE
  5
72D
100
AcDbEntity
  8
BEZUGSACHSEN
100
AcDbLine
 62
7
  6
CONTINUOUS
 10
205.3844340661
 20
191.5505713733
 11
201.9903215164
 21
190.3897165126
  0
LWPOLYLINE
  5
72E
100
AcDbEntity
  8
RUNDUNGEN
100
AcDbPolyline
 62
7
  6
CONTINUOUS
 90
7
 70
0
 10
229.8639708684
 20
240.9081759791
 10
229.8574117847
 20
240.9063194964
 10
229.8350951784
 20
240.9016576504
 10
229.7984077685
 20
240.8968345358
 10
229.7480091842
 20
240.8936632439
 10
229.6856458865
 20
240.8937536307
 10
229.684155615
 20
240.8938446052
  0
LINE
  5
72F
100
AcDbEntity
  8
RUNDUNGEN
100
AcDbLine
 62
9
  6
CONTINUOUS
 10
211.3235566449
 20
237.5247205599
 11
184.4534989598
 21
246.7148215405
  0
LINE
  5
730
100
AcDbEntity
  8
RUNDUNGEN
100
AcDbLine
 62
9
  6
CONTINUOUS
 10
212.0306634261
 20
238.7062579434
 11
185.160605741
 21
247.896358924
  0
LINE
  5
731
100
AcDbEntity
  8
BEZUGSACHSEN
100
AcDbLine
 62
7
  6
CONTINUOUS
 10
187.2819260846
 20
248.6218932119
 11
214.1519837697
 21
239.4317922313
  0
LWPOLYLINE
  5
732
100
AcDbEntity
  8
RUNDUNGEN
100
AcDbPolyline
 62
7
  6
CONTINUOUS
 90
4
 70
0
 10
227.6013808444
 20
241.7997303427
 10
227.377121774
 20
241.7404850022
 10
226.8406338621
 20
241.5854497497
 10
226.4308090647
 20
241.4526913194
  0
LWPOLYLINE
  5
733
100
AcDbEntity
  8
RUNDUNGEN
100
AcDbPolyline
 62
7
  6
CONTINUOUS
 90
3
 70
0
 10
236.3023776222
 20
242.9410388451
 10
236.1880582298
 20
242.9158852718
 10
236.1616233711
 20
242.9080273681
  0
LINE
  5
734
100
AcDbEntity
  8
RUNDUNGEN
100
AcDbLine
 62
9
  6
CONTINUOUS
 10
236.1616233711
 20
242.9080273681
 11
236.2494640021
 21
242.9251067258
  0
LINE
  5
735
100
AcDbEntity
  8
RUNDUNGEN
100
AcDbLine
 62
9
  6
CONTINUOUS
 10
216.9804108944
 20
185.3302504616
 11
219.101731238
 21
186.0557847495
  0
LINE
  5
736
100
AcDbEntity
  8
RUNDUNGEN
100
AcDbLine
 62
7
  6
CONTINUOUS
 10
236.4194251285
 20
242.9528447306
 11
236.3023776222
 21
242.9410388451
  0
LINE
  5
737
100
AcDbEntity
  8
RUNDUNGEN
100
AcDbLine
 62
7
  6
CONTINUOUS
 10
229.1930454377
 20
241.0866311781
 11
228.8539218662
 21
241.2142223052
  0
LINE
  5
738
100
AcDbEntity
  8
RUNDUNGEN
100
AcDbLine
 62
7
  6
CONTINUOUS
 10
228.8539218662
 20
241.2142223052
 11
228.8019824499
 21
241.2340510578
  0
LINE
  5
739
100
AcDbEntity
  8
RUNDUNGEN
100
AcDbLine
 62
7
  6
CONTINUOUS
 10
229.3173301863
 20
241.0391298797
 11
229.1930454377
 21
241.0866311781
  0
LINE
  5
73A
100
AcDbEntity
  8
RUNDUNGEN
100
AcDbLine
 62
7
  6
CONTINUOUS
 10
228.8019824499
 20
241.2340510578
 11
228.7694184872
 21
241.2466811143
  0
LINE
  5
73B
100
AcDbEntity
  8
RUNDUNGEN
100
AcDbLine
 62
7
  6
CONTINUOUS
 10
229.4188698267
 20
240.9997417697
 11
229.3173301863
 21
241.0391298797
  0
LINE
  5
73C
100
AcDbEntity
  8
RUNDUNGEN
100
AcDbLine
 62
7
  6
CONTINUOUS
 10
229.5215401296
 20
240.9592955024
 11
229.4188698267
 21
240.9997417697
  0
LWPOLYLINE
  5
73D
100
AcDbEntity
  8
RUNDUNGEN
100
AcDbPolyline
 62
7
  6
CONTINUOUS
 90
17
 70
0
 10
228.7694184872
 20
241.2466811143
 10
228.7387089589
 20
241.2588132931
 10
228.7239909828
 20
241.2647270647
 10
228.7096412736
 20
241.2705657602
 10
228.6956684007
 20
241.2763294131
 10
228.6820503276
 20
241.2820311469
 10
228.6688952477
 20
241.2876293496
 10
228.6562711583
 20
241.2930973855
 10
228.6442809527
 20
241.2983912923
 10
228.6329962496
 20
241.3034779597
 10
228.6225676444
 20
241.3082847511
 10
228.6131149489
 20
241.3127473499
 10
228.6047481386
 20
241.31680297
 10
228.5975700375
 20
241.3203849646
 10
228.5915231472
 20
241.3234983254
 10
228.5866428762
 20
241.3260940678
 10
228.5825396647
 20
241.3283500885
  0
LINE
  5
73E
100
AcDbEntity
  8
RUNDUNGEN
100
AcDbLine
 62
7
  6
CONTINUOUS
 10
229.624401771
 20
240.9180978958
 11
229.5215401296
 21
240.9592955024
  0
LINE
  5
73F
100
AcDbEntity
  8
RUNDUNGEN
100
AcDbLine
 62
7
  6
CONTINUOUS
 10
229.7263604469
 20
240.8765831769
 11
229.624401771
 21
240.9180978958
  0
LINE
  5
740
100
AcDbEntity
  8
RUNDUNGEN
100
AcDbLine
 62
7
  6
CONTINUOUS
 10
229.8384865597
 20
240.8301665293
 11
229.7263604469
 21
240.8765831769
  0
LINE
  5
741
100
AcDbEntity
  8
RUNDUNGEN
100
AcDbLine
 62
7
  6
CONTINUOUS
 10
228.5825396647
 20
241.3283500885
 11
228.5790034266
 21
241.3303614309
  0
LINE
  5
742
100
AcDbEntity
  8
RUNDUNGEN
100
AcDbLine
 62
7
  6
CONTINUOUS
 10
228.5790034266
 20
241.3303614309
 11
228.5771295026
 21
241.3314563944
  0
LWPOLYLINE
  5
743
100
AcDbEntity
  8
RUNDUNGEN
100
AcDbPolyline
 62
7
  6
CONTINUOUS
 90
6
 70
0
 10
227.911347144
 20
241.7542310256
 10
227.9025227222
 20
241.7594036567
 10
227.8329791168
 20
241.7907431941
 10
227.7558695772
 20
241.8088892596
 10
227.6738418463
 20
241.8114768785
 10
227.6013735113
 20
241.7997287691
  0
LINE
  5
744
100
AcDbEntity
  8
RUNDUNGEN
100
AcDbLine
 62
7
  6
CONTINUOUS
 10
228.5779371187
 20
241.331010277
 11
228.5770810297
 21
241.331517027
  0
LINE
  5
745
100
AcDbEntity
  8
BEZUGSACHSEN
100
AcDbLine
 62
7
  6
CONTINUOUS
 10
216.4172928095
 20
181.1253775497
 11
214.2959724659
 21
180.3998432618
  0
LINE
  5
746
100
AcDbEntity
  8
RUNDUNGEN
100
AcDbLine
 62
7
  6
CONTINUOUS
 10
227.2861270675
 20
246.0476434883
 11
227.2865842696
 21
246.0476903101
  0
LWPOLYLINE
  5
747
100
AcDbEntity
  8
RUNDUNGEN
100
AcDbPolyline
 62
7
  6
CONTINUOUS
 90
4
 70
0
 10
236.7797979597
 20
242.8964280235
 10
236.6616348882
 20
242.9319715087
 10
236.5396377003
 20
242.9504830651
 10
236.4194251285
 20
242.9528447306
  0
LWPOLYLINE
  5
748
100
AcDbEntity
  8
RUNDUNGEN
100
AcDbPolyline
 62
7
  6
CONTINUOUS
 90
3
 70
0
 10
237.0293921265
 20
242.7532653344
 10
236.9027021402
 20
242.838530411
 10
236.7797979597
 20
242.8964280235
  0
LINE
  5
749
100
AcDbEntity
  8
RUNDUNGEN
100
AcDbLine
 62
9
  6
CONTINUOUS
 10
237.0306488752
 20
242.7524476835
 11
237.0291490756
 21
242.7536187027
  0
LINE
  5
74A
100
AcDbEntity
  8
RUNDUNGEN
100
AcDbLine
 62
9
  6
CONTINUOUS
 10
242.4362550171
 20
244.964754295
 11
258.1340255595
 21
239.5958005642
  0
LINE
  5
74B
100
AcDbEntity
  8
RUNDUNGEN
100
AcDbLine
 62
7
  6
CONTINUOUS
 10
242.7598705942
 20
244.9712503225
 11
258.4576411366
 21
239.6022965918
  0
LINE
  5
74C
100
AcDbEntity
  8
RUNDUNGEN
100
AcDbLine
 62
9
  6
CONTINUOUS
 10
258.8411323406
 20
238.4142631808
 11
258.8411323406
 21
219.4324722409
  0
LINE
  5
74D
100
AcDbEntity
  8
RUNDUNGEN
100
AcDbLine
 62
7
  6
CONTINUOUS
 10
259.1340255595
 20
238.6561079434
 11
259.1340255595
 21
219.6743170035
  0
ARC
  5
74E
100
AcDbEntity
  8
0
100
AcDbCircle
 62
2
  6
CONTINUOUS
 10
303.1496938845
 20
132.1949558658
 40
117.8648438076
100
AcDbArc
 50
270.6818442175
 51
270.8360087942
  0
CIRCLE
  5
74F
100
AcDbEntity
  8
0
100
AcDbCircle
 62
7
  6
CONTINUOUS
 10
336.7497510326
 20
171.1468543688
 40
23.6
  0
ARC
  5
750
100
AcDbEntity
  8
0
100
AcDbCircle
 62
2
  6
CONTINUOUS
 10
325.9666003415
 20
2.4878224663
 40
13.3596552228
100
AcDbArc
 50
81.6598952952
 51
99.8027899403
  0
ARC
  5
751
100
AcDbEntity
  8
0
100
AcDbCircle
 62
2
  6
CONTINUOUS
 10
325.4339210076
 20
26.8579008203
 40
13.3596552228
100
AcDbArc
 50
261.4614732962
 51
273.8118151288
  0
ARC
  5
752
100
AcDbEntity
  8
0
100
AcDbCircle
 62
2
  6
CONTINUOUS
 10
304.4798218308
 20
3.6659309279
 40
12.1826566721
100
AcDbArc
 50
88.0677143922
 51
90.773417505
  0
ARC
  5
753
100
AcDbEntity
  8
0
100
AcDbCircle
 62
2
  6
CONTINUOUS
 10
293.2558715977
 20
21.8835565319
 40
8.3834428373
100
AcDbArc
 50
256.2209107837
 51
284.4612688094
  0
ARC
  5
754
100
AcDbEntity
  8
0
100
AcDbCircle
 62
2
  6
CONTINUOUS
 10
325.7614567911
 20
12.0266581658
 40
3.4740342285
100
AcDbArc
 50
80.2083390923
 51
99.7818251845
  0
ARC
  5
755
100
AcDbEntity
  8
0
100
AcDbCircle
 62
2
  6
CONTINUOUS
 10
325.5337914445
 20
17.403664657
 40
3.4740342285
100
AcDbArc
 50
261.5304677658
 51
281.1930684333
  0
CIRCLE
  5
756
100
AcDbEntity
  8
0
100
AcDbCircle
 62
7
  6
CONTINUOUS
 10
355.7504152888
 20
195.147679782
 40
3.1
  0
CIRCLE
  5
757
100
AcDbEntity
  8
0
100
AcDbCircle
 62
7
  6
CONTINUOUS
 10
317.7499090904
 20
147.1471023027
 40
3.1
  0
ARC
  5
758
100
AcDbEntity
  8
0
100
AcDbCircle
 62
2
  6
CONTINUOUS
 10
293.2593602095
 20
16.6858219728
 40
2.6827017079
100
AcDbArc
 50
257.3877507321
 51
286.2626488961
  0
ARC
  5
759
100
AcDbEntity
  8
0
100
AcDbCircle
 62
2
  6
CONTINUOUS
 10
304.8507059545
 20
15.6592307284
 40
1.3167050304
100
AcDbArc
 50
270.8139811934
 51
287.3320315922
  0
ARC
  5
75A
100
AcDbEntity
  8
0
100
AcDbCircle
 62
2
  6
CONTINUOUS
 10
304.8507059545
 20
14.5255597326
 40
1.3167050304
100
AcDbArc
 50
72.6679684078
 51
88.263722737
  0
ARC
  5
75B
100
AcDbEntity
  8
0
100
AcDbCircle
 62
2
  6
CONTINUOUS
 10
304.9375329382
 20
15.3810093063
 40
1.0252499142
100
AcDbArc
 50
287.3320315922
 51
306.9952713768
  0
ARC
  5
75C
100
AcDbEntity
  8
0
100
AcDbCircle
 62
2
  6
CONTINUOUS
 10
304.9375329382
 20
14.8037811547
 40
1.0252499141
100
AcDbArc
 50
53.0047286232
 51
72.6679684078
  0
ARC
  5
75D
100
AcDbEntity
  8
0
100
AcDbCircle
 62
2
  6
CONTINUOUS
 10
305.0705119945
 20
15.2045098331
 40
0.8042623727
100
AcDbArc
 50
306.9952713769
 51
331.1991329025
  0
ARC
  5
75E
100
AcDbEntity
  8
0
100
AcDbCircle
 62
2
  6
CONTINUOUS
 10
305.0705119945
 20
14.980280628
 40
0.8042623727
100
AcDbArc
 50
28.8008670976
 51
53.0047286232
  0
ARC
  5
75F
100
AcDbEntity
  8
0
100
AcDbCircle
 62
2
  6
CONTINUOUS
 10
303.7712673307
 20
15.6195062147
 40
0.7780463459
100
AcDbArc
 50
270.1987233532
 51
285.1919235257
  0
ARC
  5
760
100
AcDbEntity
  8
0
100
AcDbCircle
 62
2
  6
CONTINUOUS
 10
303.7739658832
 20
15.6195047211
 40
0.7773421014
100
AcDbArc
 50
285.0000000001
 51
298.8638533056
  0
ARC
  5
761
100
AcDbEntity
  8
0
100
AcDbCircle
 62
2
  6
CONTINUOUS
 10
305.274440389
 20
15.0923952305
 40
0.5715469366
100
AcDbArc
 50
331.1991329025
 51
28.8008670975
  0
ARC
  5
762
100
AcDbEntity
  8
0
100
AcDbCircle
 62
2
  6
CONTINUOUS
 10
304.0279645828
 20
14.9071588755
 40
0.5228710454
100
AcDbArc
 50
74.2117656955
 51
85.3454740534
  0
ARC
  5
763
100
AcDbEntity
  8
0
100
AcDbCircle
 62
2
  6
CONTINUOUS
 10
303.8968066897
 20
15.3966467964
 40
0.5228710454
100
AcDbArc
 50
298.8638533057
 51
315.7882343043
  0
ARC
  5
764
100
AcDbEntity
  8
0
100
AcDbCircle
 62
2
  6
CONTINUOUS
 10
295.2238174206
 20
14.252798706
 40
0.5030065702
100
AcDbArc
 50
284.4612688095
 51
350.0
  0
ARC
  5
765
100
AcDbEntity
  8
0
100
AcDbCircle
 62
2
  6
CONTINUOUS
 10
291.3789170532
 20
14.2299092055
 40
0.5030065702
100
AcDbArc
 50
170.0
 51
256.2209107839
  0
ARC
  5
766
100
AcDbEntity
  8
0
100
AcDbCircle
 62
2
  6
CONTINUOUS
 10
304.0773112935
 20
15.0816832382
 40
0.3415044249
100
AcDbArc
 50
49.8060318618
 51
74.2117656959
  0
ARC
  5
767
100
AcDbEntity
  8
0
100
AcDbCircle
 62
2
  6
CONTINUOUS
 10
304.026804376
 20
15.2701776201
 40
0.3415044249
100
AcDbArc
 50
315.7882343042
 51
340.1939681383
  0
ARC
  5
768
100
AcDbEntity
  8
0
100
AcDbCircle
 62
2
  6
CONTINUOUS
 10
292.7468088736
 20
14.3950996303
 40
0.3353377135
100
AcDbArc
 50
170.0
 51
257.3877507323
  0
ARC
  5
769
100
AcDbEntity
  8
0
100
AcDbCircle
 62
2
  6
CONTINUOUS
 10
293.9167182584
 20
14.4323805784
 40
0.3353377135
100
AcDbArc
 50
286.262648896
 51
350.0
  0
ARC
  5
76A
100
AcDbEntity
  8
0
100
AcDbCircle
 62
2
  6
CONTINUOUS
 10
323.7435990506
 20
15.3538920027
 40
0.3029527273
100
AcDbArc
 50
99.8027899404
 51
170.0
  0
ARC
  5
76B
100
AcDbEntity
  8
0
100
AcDbCircle
 62
2
  6
CONTINUOUS
 10
323.4953348137
 20
13.9459155498
 40
0.3029527273
100
AcDbArc
 50
170.0
 51
261.4614732962
  0
ARC
  5
76C
100
AcDbEntity
  8
0
100
AcDbCircle
 62
2
  6
CONTINUOUS
 10
327.8604592818
 20
15.4064438467
 40
0.3029527273
100
AcDbArc
 50
350.0
 51
81.6598952953
  0
ARC
  5
76D
100
AcDbEntity
  8
0
100
AcDbCircle
 62
2
  6
CONTINUOUS
 10
325.2226998458
 20
15.1516379804
 40
0.3029527273
100
AcDbArc
 50
99.7818251844
 51
170.0
  0
ARC
  5
76E
100
AcDbEntity
  8
0
100
AcDbCircle
 62
2
  6
CONTINUOUS
 10
326.3007501804
 20
15.1515454482
 40
0.3029527273
100
AcDbArc
 50
11.4934249692
 51
80.2083390924
  0
ARC
  5
76F
100
AcDbEntity
  8
0
100
AcDbCircle
 62
2
  6
CONTINUOUS
 10
325.0667435625
 20
14.2671659462
 40
0.3029527273
100
AcDbArc
 50
170.0
 51
261.5304677658
  0
ARC
  5
770
100
AcDbEntity
  8
0
100
AcDbCircle
 62
2
  6
CONTINUOUS
 10
326.1493480711
 20
14.2929014184
 40
0.3029527273
100
AcDbArc
 50
281.1930684334
 51
350.0
  0
ARC
  5
771
100
AcDbEntity
  8
0
100
AcDbCircle
 62
2
  6
CONTINUOUS
 10
304.1876313136
 20
15.2122572333
 40
0.17056562
100
AcDbArc
 50
340.1939681384
 51
49.8060318615
  0
ARC
  5
772
100
AcDbEntity
  8
RUNDUNGEN
100
AcDbCircle
 62
7
  6
CONTINUOUS
 10
73.7405004097
 20
199.2781305886
 40
7.0
100
AcDbArc
 50
180.0
 51
270.0
  0
CIRCLE
  5
773
100
AcDbEntity
  8
RUNDUNGEN
100
AcDbCircle
 62
7
  6
CONTINUOUS
 10
73.7405004097
 20
199.2781305886
 40
6.0
  0
CIRCLE
  5
774
100
AcDbEntity
  8
FASEN
100
AcDbCircle
 62
7
  6
CONTINUOUS
 10
73.7405004097
 20
199.2781305886
 40
3.2
  0
ARC
  5
775
100
AcDbEntity
  8
RUNDUNGEN
100
AcDbCircle
 62
9
  6
CONTINUOUS
 10
89.7405004097
 20
203.2781305886
 40
1.399998784
100
AcDbArc
 50
180.0
 51
270.0
  0
ARC
  5
776
100
AcDbEntity
  8
0
100
AcDbCircle
 62
7
  6
CONTINUOUS
 10
93.0406042949
 20
206.0298563637
 40
1.0017257851
100
AcDbArc
 50
260.4691289237
 51
269.9918801819
  0
ARC
  5
777
100
AcDbEntity
  8
RUNDUNGEN
100
AcDbCircle
 62
7
  6
CONTINUOUS
 10
89.7405004097
 20
203.2781305886
 40
1.0
100
AcDbArc
 50
180.0
 51
270.0
  0
ARC
  5
778
100
AcDbEntity
  8
0
100
AcDbCircle
 62
7
  6
CONTINUOUS
 10
93.4405004097
 20
206.5781305886
 40
1.0
100
AcDbArc
 50
180.0
 51
270.0
  0
ARC
  5
779
100
AcDbEntity
  8
0
100
AcDbCircle
 62
7
  6
CONTINUOUS
 10
93.0404185566
 20
206.0280182781
 40
0.9998816369
100
AcDbArc
 50
197.2954139761
 51
260.4621854344
  0
ARC
  5
77A
100
AcDbEntity
  8
RUNDUNGEN
100
AcDbCircle
 62
7
  6
CONTINUOUS
 10
78.5555049126
 20
211.8711714656
 40
0.9069591233
100
AcDbArc
 50
90.001298141
 51
92.3262000878
  0
ARC
  5
77B
100
AcDbEntity
  8
RUNDUNGEN
100
AcDbCircle
 62
7
  6
CONTINUOUS
 10
78.555679676
 20
211.880902455
 40
0.8970757828
100
AcDbArc
 50
90.0107707843
 51
92.359814355
  0
ARC
  5
77C
100
AcDbEntity
  8
RUNDUNGEN
100
AcDbCircle
 62
7
  6
CONTINUOUS
 10
98.8405004097
 20
207.8781305886
 40
0.6
100
AcDbArc
 50
180.0
 51
270.0
  0
ARC
  5
77D
100
AcDbEntity
  8
RUNDUNGEN
100
AcDbCircle
 62
7
  6
CONTINUOUS
 10
93.1387515538
 20
204.6257086763
 40
0.4029405556
100
AcDbArc
 50
45.0676734421
 51
63.8915440746
  0
ARC
  5
77E
100
AcDbEntity
  8
RUNDUNGEN
100
AcDbCircle
 62
7
  6
CONTINUOUS
 10
91.6401958574
 20
206.0771726239
 40
0.4009580923
100
AcDbArc
 50
58.2427535545
 51
89.9543039093
  0
ARC
  5
77F
100
AcDbEntity
  8
RUNDUNGEN
100
AcDbCircle
 62
7
  6
CONTINUOUS
 10
93.1404849784
 20
204.6281116027
 40
0.4000154327
100
AcDbArc
 50
0.0049009999
 51
45.0003600265
  0
ARC
  5
780
100
AcDbEntity
  8
RUNDUNGEN
100
AcDbCircle
 62
7
  6
CONTINUOUS
 10
85.2640959206
 20
221.6937878342
 40
7.0564414283
100
AcDbArc
 50
166.0599307153
 51
166.5975868031
  0
ARC
  5
781
100
AcDbEntity
  8
RUNDUNGEN
100
AcDbCircle
 62
9
  6
CONTINUOUS
 10
79.7405004097
 20
218.2781305886
 40
6.4999961682
100
AcDbArc
 50
270.0
 51
90.0
  0
ARC
  5
782
100
AcDbEntity
  8
RUNDUNGEN
100
AcDbCircle
 62
7
  6
CONTINUOUS
 10
79.7405004097
 20
218.2781305886
 40
5.5
100
AcDbArc
 50
270.0
 51
90.0
  0
ARC
  5
783
100
AcDbEntity
  8
RUNDUNGEN
100
AcDbCircle
 62
7
  6
CONTINUOUS
 10
79.6405004097
 20
218.2781305886
 40
5.1
100
AcDbArc
 50
255.529807434
 51
104.470192566
  0
ARC
  5
784
100
AcDbEntity
  8
RUNDUNGEN
100
AcDbCircle
 62
9
  6
CONTINUOUS
 10
79.7405004097
 20
218.2781305886
 40
5.0999984572
100
AcDbArc
 50
279.0160206652
 51
87.0074440021
  0
ARC
  5
785
100
AcDbEntity
  8
RUNDUNGEN
100
AcDbCircle
 62
7
  6
CONTINUOUS
 10
78.5555538285
 20
224.6852490407
 40
0.9071190879
100
AcDbArc
 50
267.6763490009
 51
268.8422232727
  0
ARC
  5
786
100
AcDbEntity
  8
RUNDUNGEN
100
AcDbCircle
 62
7
  6
CONTINUOUS
 10
78.555490406
 20
224.6820866425
 40
0.9039560539
100
AcDbArc
 50
268.8421922939
 51
269.9996170205
  0
ARC
  5
787
100
AcDbEntity
  8
RUNDUNGEN
100
AcDbCircle
 62
7
  6
CONTINUOUS
 10
78.5557696957
 20
224.6754942606
 40
0.897212519
100
AcDbArc
 50
267.6400684382
 51
268.8123442893
  0
ARC
  5
788
100
AcDbEntity
  8
RUNDUNGEN
100
AcDbCircle
 62
7
  6
CONTINUOUS
 10
78.5556592799
 20
224.6701456929
 40
0.8918628117
100
AcDbArc
 50
268.8123142357
 51
269.9904722602
  0
ARC
  5
789
100
AcDbEntity
  8
RUNDUNGEN
100
AcDbCircle
 62
7
  6
CONTINUOUS
 10
73.7405004097
 20
237.2781305886
 40
7.0
100
AcDbArc
 50
90.0
 51
180.0
  0
ARC
  5
78A
100
AcDbEntity
  8
RUNDUNGEN
100
AcDbCircle
 62
9
  6
CONTINUOUS
 10
73.7405004097
 20
237.2781305886
 40
5.9999988669
100
AcDbArc
 50
90.0
 51
180.0
  0
CIRCLE
  5
78B
100
AcDbEntity
  8
BEZUGSACHSEN
100
AcDbCircle
 62
7
  6
CONTINUOUS
 10
73.7405004097
 20
237.2781305886
 40
5.0
  0
CIRCLE
  5
78C
100
AcDbEntity
  8
RUNDUNGEN
100
AcDbCircle
 62
9
  6
CONTINUOUS
 10
97.7405004097
 20
218.2781305886
 40
23.7999998653
  0
CIRCLE
  5
78D
100
AcDbEntity
  8
BEZUGSACHSEN
100
AcDbCircle
 62
7
  6
CONTINUOUS
 10
97.7405004097
 20
218.2781305886
 40
23.6
  0
ARC
  5
78E
100
AcDbEntity
  8
RUNDUNGEN
100
AcDbCircle
 62
7
  6
CONTINUOUS
 10
97.7405004097
 20
218.2781305886
 40
23.6
100
AcDbArc
 50
184.1004804581
 51
360.0
  0
CIRCLE
  5
78F
100
AcDbEntity
  8
BEZUGSACHSEN
100
AcDbCircle
 62
9
  6
CONTINUOUS
 10
97.7405004097
 20
218.2781305886
 40
22.6
  0
ARC
  5
790
100
AcDbEntity
  8
RUNDUNGEN
100
AcDbCircle
 62
9
  6
CONTINUOUS
 10
97.7405004097
 20
218.2781305886
 40
22.3986068894
100
AcDbArc
 50
353.0865218202
 51
6.9134781798
  0
ARC
  5
791
100
AcDbEntity
  8
0
100
AcDbCircle
 62
9
  6
CONTINUOUS
 10
97.7405004097
 20
218.2781305886
 40
22.1
100
AcDbArc
 50
8.5465392963
 51
351.4534607037
  0
ARC
  5
792
100
AcDbEntity
  8
RUNDUNGEN
100
AcDbCircle
 62
7
  6
CONTINUOUS
 10
97.7405004097
 20
218.2781305886
 40
21.9986086048
100
AcDbArc
 50
353.0865218202
 51
6.9134781798
  0
ARC
  5
793
100
AcDbEntity
  8
0
100
AcDbCircle
 62
7
  6
CONTINUOUS
 10
97.7405004097
 20
218.2781305886
 40
21.9190151312
100
AcDbArc
 50
353.0865218202
 51
6.9134781798
  0
ARC
  5
794
100
AcDbEntity
  8
0
100
AcDbCircle
 62
7
  6
CONTINUOUS
 10
97.7405004097
 20
218.2781305886
 40
21.88
100
AcDbArc
 50
352.5591540301
 51
352.5914693875
  0
ARC
  5
795
100
AcDbEntity
  8
0
100
AcDbCircle
 62
7
  6
CONTINUOUS
 10
97.7405004097
 20
218.2781305886
 40
21.88
100
AcDbArc
 50
7.4085306125
 51
7.4408459699
  0
ARC
  5
796
100
AcDbEntity
  8
0
100
AcDbCircle
 62
7
  6
CONTINUOUS
 10
97.7405004097
 20
218.2781305886
 40
21.1
100
AcDbArc
 50
8.026575387
 51
351.973424613
  0
CIRCLE
  5
797
100
AcDbEntity
  8
BEZUGSACHSEN
100
AcDbCircle
 62
7
  6
CONTINUOUS
 10
97.7405004097
 20
218.2781305886
 40
21.0
  0
ARC
  5
798
100
AcDbEntity
  8
0
100
AcDbCircle
 62
9
  6
CONTINUOUS
 10
97.7405004097
 20
218.2781305886
 40
20.7
100
AcDbArc
 50
8.0636615902
 51
351.9363384098
  0
ARC
  5
799
100
AcDbEntity
  8
0
100
AcDbCircle
 62
7
  6
CONTINUOUS
 10
97.7405004097
 20
218.2781305886
 40
20.018240208
100
AcDbArc
 50
8.3402084098
 51
351.6597915902
  0
ARC
  5
79A
100
AcDbEntity
  8
RUNDUNGEN
100
AcDbCircle
 62
7
  6
CONTINUOUS
 10
97.7405004097
 20
218.2781305886
 40
19.9938031171
100
AcDbArc
 50
16.2132746696
 51
163.7867253304
  0
ARC
  5
79B
100
AcDbEntity
  8
RUNDUNGEN
100
AcDbCircle
 62
7
  6
CONTINUOUS
 10
97.7405004097
 20
218.2781305886
 40
19.9938031171
100
AcDbArc
 50
196.213274705
 51
343.7867253304
  0
ARC
  5
79C
100
AcDbEntity
  8
RUNDUNGEN
100
AcDbCircle
 62
7
  6
CONTINUOUS
 10
97.7405004097
 20
218.2781305886
 40
19.9938031171
100
AcDbArc
 50
7.1834677436
 51
8.3376335059
  0
ARC
  5
79D
100
AcDbEntity
  8
RUNDUNGEN
100
AcDbCircle
 62
7
  6
CONTINUOUS
 10
97.7405004097
 20
218.2781305886
 40
19.9938031171
100
AcDbArc
 50
8.3696729368
 51
14.2993108857
  0
ARC
  5
79E
100
AcDbEntity
  8
RUNDUNGEN
100
AcDbCircle
 62
7
  6
CONTINUOUS
 10
97.7405004097
 20
218.2781305886
 40
19.9938031171
100
AcDbArc
 50
165.7006891143
 51
194.2993108857
  0
ARC
  5
79F
100
AcDbEntity
  8
RUNDUNGEN
100
AcDbCircle
 62
7
  6
CONTINUOUS
 10
97.7405004097
 20
218.2781305886
 40
19.9938031171
100
AcDbArc
 50
345.7006891143
 51
351.6303270632
  0
ARC
  5
7A0
100
AcDbEntity
  8
RUNDUNGEN
100
AcDbCircle
 62
7
  6
CONTINUOUS
 10
97.7405004097
 20
218.2781305886
 40
19.9938031171
100
AcDbArc
 50
351.6623664941
 51
352.8165322564
  0
ARC
  5
7A1
100
AcDbEntity
  8
AUSFORMSCHRAEGEN
100
AcDbCircle
 62
7
  6
CONTINUOUS
 10
86.4405004097
 20
218.2781305886
 40
5.0
100
AcDbArc
 50
329.9971471862
 51
30.0028528138
  0
ARC
  5
7A2
100
AcDbEntity
  8
RUNDUNGEN
100
AcDbCircle
 62
7
  6
CONTINUOUS
 10
93.4405004097
 20
229.9781305886
 40
1.6
100
AcDbArc
 50
90.0
 51
180.0
  0
ARC
  5
7A3
100
AcDbEntity
  8
RUNDUNGEN
100
AcDbCircle
 62
9
  6
CONTINUOUS
 10
89.7405004097
 20
233.2781305886
 40
1.399998784
100
AcDbArc
 50
90.0
 51
180.0
  0
ARC
  5
7A4
100
AcDbEntity
  8
0
100
AcDbCircle
 62
7
  6
CONTINUOUS
 10
93.0406042949
 20
230.5264048136
 40
1.0017257851
100
AcDbArc
 50
90.0081198181
 51
99.5308710763
  0
ARC
  5
7A5
100
AcDbEntity
  8
RUNDUNGEN
100
AcDbCircle
 62
7
  6
CONTINUOUS
 10
89.7405004097
 20
233.2781305886
 40
1.0
100
AcDbArc
 50
90.0
 51
180.0
  0
ARC
  5
7A6
100
AcDbEntity
  8
0
100
AcDbCircle
 62
7
  6
CONTINUOUS
 10
93.4405004097
 20
229.9781305886
 40
1.0
100
AcDbArc
 50
90.0
 51
180.0
  0
ARC
  5
7A7
100
AcDbEntity
  8
0
100
AcDbCircle
 62
7
  6
CONTINUOUS
 10
93.0404460259
 20
230.5282114299
 40
0.9999204129
100
AcDbArc
 50
99.5390680265
 51
162.7072588387
  0
ARC
  5
7A8
100
AcDbEntity
  8
RUNDUNGEN
100
AcDbCircle
 62
7
  6
CONTINUOUS
 10
98.8405004097
 20
228.6781305886
 40
0.6
100
AcDbArc
 50
90.0
 51
180.0
  0
ARC
  5
7A9
100
AcDbEntity
  8
RUNDUNGEN
100
AcDbCircle
 62
7
  6
CONTINUOUS
 10
93.1387519371
 20
231.9305517259
 40
0.4029397362
100
AcDbArc
 50
296.1144970548
 51
314.9323658104
  0
ARC
  5
7AA
100
AcDbEntity
  8
RUNDUNGEN
100
AcDbCircle
 62
7
  6
CONTINUOUS
 10
93.1404849784
 20
231.9281495746
 40
0.4000154327
100
AcDbArc
 50
314.9996399735
 51
359.9950990001
  0
ARC
  5
7AB
100
AcDbEntity
  8
RUNDUNGEN
100
AcDbCircle
 62
7
  6
CONTINUOUS
 10
102.0405004097
 20
206.5781305886
 40
1.6
100
AcDbArc
 50
270.0
 51
360.0
  0
ARC
  5
7AC
100
AcDbEntity
  8
RUNDUNGEN
100
AcDbCircle
 62
9
  6
CONTINUOUS
 10
105.7405004097
 20
203.2781305886
 40
1.399998784
100
AcDbArc
 50
270.0
 51
360.0
  0
ARC
  5
7AD
100
AcDbEntity
  8
0
100
AcDbCircle
 62
7
  6
CONTINUOUS
 10
102.4403962474
 20
206.0298630573
 40
1.0017324788
100
AcDbArc
 50
270.0081356084
 51
279.5308233633
  0
ARC
  5
7AE
100
AcDbEntity
  8
RUNDUNGEN
100
AcDbCircle
 62
7
  6
CONTINUOUS
 10
105.7405004097
 20
203.2781305886
 40
1.0
100
AcDbArc
 50
270.0
 51
360.0
  0
ARC
  5
7AF
100
AcDbEntity
  8
0
100
AcDbCircle
 62
7
  6
CONTINUOUS
 10
102.0405004097
 20
206.5781305886
 40
1.0
100
AcDbArc
 50
270.0
 51
360.0
  0
ARC
  5
7B0
100
AcDbEntity
  8
0
100
AcDbCircle
 62
7
  6
CONTINUOUS
 10
102.4405822511
 20
206.0280183013
 40
0.9998816624
100
AcDbArc
 50
279.537815005
 51
342.7085116369
  0
ARC
  5
7B1
100
AcDbEntity
  8
RUNDUNGEN
100
AcDbCircle
 62
7
  6
CONTINUOUS
 10
100.6405004097
 20
207.8781305886
 40
0.6
100
AcDbArc
 50
270.0
 51
360.0
  0
ARC
  5
7B2
100
AcDbEntity
  8
RUNDUNGEN
100
AcDbCircle
 62
7
  6
CONTINUOUS
 10
102.3422488822
 20
204.6257094513
 40
0.4029397362
100
AcDbArc
 50
116.1144970549
 51
134.9323658104
  0
ARC
  5
7B3
100
AcDbEntity
  8
RUNDUNGEN
100
AcDbCircle
 62
9
  6
CONTINUOUS
 10
101.4473972552
 20
201.8089757185
 40
0.4000354697
100
AcDbArc
 50
180.0069787814
 51
269.9860217593
  0
ARC
  5
7B4
100
AcDbEntity
  8
RUNDUNGEN
100
AcDbCircle
 62
7
  6
CONTINUOUS
 10
102.3405158409
 20
204.6281116027
 40
0.4000154327
100
AcDbArc
 50
134.9996399735
 51
179.9950990001
  0
ARC
  5
7B5
100
AcDbEntity
  8
0
100
AcDbCircle
 62
7
  6
CONTINUOUS
 10
118.2386115563
 20
111.1286818151
 40
104.2457913765
100
AcDbArc
 50
89.8776578647
 51
90.0015256068
  0
ARC
  5
7B6
100
AcDbEntity
  8
RUNDUNGEN
100
AcDbCircle
 62
7
  6
CONTINUOUS
 10
121.7405004097
 20
199.2781305886
 40
7.0
100
AcDbArc
 50
270.0
 51
360.0
  0
ARC
  5
7B7
100
AcDbEntity
  8
RUNDUNGEN
100
AcDbCircle
 62
9
  6
CONTINUOUS
 10
121.7405004097
 20
199.2781305886
 40
5.9999988669
100
AcDbArc
 50
270.0
 51
360.0
  0
CIRCLE
  5
7B8
100
AcDbEntity
  8
BEZUGSACHSEN
100
AcDbCircle
 62
7
  6
CONTINUOUS
 10
121.7405004097
 20
199.2781305886
 40
5.0
  0
ARC
  5
7B9
100
AcDbEntity
  8
0
100
AcDbCircle
 62
7
  6
CONTINUOUS
 10
121.7386300632
 20
199.2792685147
 40
4.0
100
AcDbArc
 50
330.0
 51
35.0
  0
ARC
  5
7BA
100
AcDbEntity
  8
0
100
AcDbCircle
 62
7
  6
CONTINUOUS
 10
121.7386300632
 20
199.2792685147
 40
4.0
100
AcDbArc
 50
240.0
 51
305.0
  0
ARC
  5
7BB
100
AcDbEntity
  8
0
100
AcDbCircle
 62
7
  6
CONTINUOUS
 10
121.7386300632
 20
199.2792685147
 40
4.0
100
AcDbArc
 50
60.0
 51
125.0
  0
ARC
  5
7BC
100
AcDbEntity
  8
0
100
AcDbCircle
 62
7
  6
CONTINUOUS
 10
121.7386300632
 20
199.2792685147
 40
3.0
100
AcDbArc
 50
9.5940682269
 51
35.0
  0
ARC
  5
7BD
100
AcDbEntity
  8
0
100
AcDbCircle
 62
7
  6
CONTINUOUS
 10
121.7386300632
 20
199.2792685147
 40
3.0
100
AcDbArc
 50
330.0
 51
350.4059317731
  0
ARC
  5
7BE
100
AcDbEntity
  8
0
100
AcDbCircle
 62
7
  6
CONTINUOUS
 10
121.7386300632
 20
199.2792685147
 40
3.0
100
AcDbArc
 50
249.5940682269
 51
305.0
  0
ARC
  5
7BF
100
AcDbEntity
  8
0
100
AcDbCircle
 62
7
  6
CONTINUOUS
 10
121.7386300632
 20
199.2792685147
 40
3.0
100
AcDbArc
 50
69.5940682269
 51
125.0
  0
ARC
  5
7C0
100
AcDbEntity
  8
0
100
AcDbCircle
 62
7
  6
CONTINUOUS
 10
118.0008297564
 20
213.1537913445
 40
2.3117237704
100
AcDbArc
 50
59.2312573543
 51
60.9471223866
  0
ARC
  5
7C1
100
AcDbEntity
  8
RUNDUNGEN
100
AcDbCircle
 62
7
  6
CONTINUOUS
 10
116.9254469908
 20
211.871012136
 40
0.9071190885
100
AcDbArc
 50
87.6763490013
 51
88.8422232722
  0
ARC
  5
7C2
100
AcDbEntity
  8
RUNDUNGEN
100
AcDbCircle
 62
7
  6
CONTINUOUS
 10
116.9255104133
 20
211.8741745354
 40
0.9039560532
100
AcDbArc
 50
88.8421922932
 51
89.9996170208
  0
ARC
  5
7C3
100
AcDbEntity
  8
RUNDUNGEN
100
AcDbCircle
 62
7
  6
CONTINUOUS
 10
116.9252311237
 20
211.8807669175
 40
0.8972125182
100
AcDbArc
 50
87.6400684375
 51
88.8123442895
  0
ARC
  5
7C4
100
AcDbEntity
  8
RUNDUNGEN
100
AcDbCircle
 62
7
  6
CONTINUOUS
 10
116.9253415394
 20
211.886115485
 40
0.8918628111
100
AcDbArc
 50
88.812314235
 51
89.9904722605
  0
ARC
  5
7C5
100
AcDbEntity
  8
0
100
AcDbCircle
 62
7
  6
CONTINUOUS
 10
118.2386300632
 20
199.2792685147
 40
0.5
100
AcDbArc
 50
90.0
 51
270.0
  0
ARC
  5
7C6
100
AcDbEntity
  8
0
100
AcDbCircle
 62
7
  6
CONTINUOUS
 10
124.6056622182
 20
201.2867860419
 40
0.5
100
AcDbArc
 50
35.0
 51
215.0
  0
ARC
  5
7C7
100
AcDbEntity
  8
0
100
AcDbCircle
 62
7
  6
CONTINUOUS
 10
124.7697189764
 20
197.5292685147
 40
0.5
100
AcDbArc
 50
150.0
 51
330.0
  0
ARC
  5
7C8
100
AcDbEntity
  8
0
100
AcDbCircle
 62
7
  6
CONTINUOUS
 10
123.7461475904
 20
196.4122363597
 40
0.5
100
AcDbArc
 50
305.0
 51
125.0
  0
ARC
  5
7C9
100
AcDbEntity
  8
0
100
AcDbCircle
 62
7
  6
CONTINUOUS
 10
119.9886300632
 20
196.2481796015
 40
0.5
100
AcDbArc
 50
150.0
 51
240.0
  0
ARC
  5
7CA
100
AcDbEntity
  8
0
100
AcDbCircle
 62
7
  6
CONTINUOUS
 10
120.8636118336
 20
197.7636924836
 40
0.5
100
AcDbArc
 50
330.0
 51
150.0
  0
ARC
  5
7CB
100
AcDbEntity
  8
0
100
AcDbCircle
 62
7
  6
CONTINUOUS
 10
123.4886300632
 20
202.3103574279
 40
0.5
100
AcDbArc
 50
330.0
 51
60.0
  0
ARC
  5
7CC
100
AcDbEntity
  8
0
100
AcDbCircle
 62
7
  6
CONTINUOUS
 10
122.6113573359
 20
200.7908764922
 40
0.5
100
AcDbArc
 50
150.0
 51
330.0
  0
ARC
  5
7CD
100
AcDbEntity
  8
0
100
AcDbCircle
 62
7
  6
CONTINUOUS
 10
119.7311125359
 20
202.1463006697
 40
0.5
100
AcDbArc
 50
125.0
 51
305.0
  0
ARC
  5
7CE
100
AcDbEntity
  8
RUNDUNGEN
100
AcDbCircle
 62
7
  6
CONTINUOUS
 10
110.2169048946
 20
214.8624733441
 40
7.0564414326
100
AcDbArc
 50
346.0599307154
 51
346.597586803
  0
ARC
  5
7CF
100
AcDbEntity
  8
AUSFORMSCHRAEGEN
100
AcDbCircle
 62
7
  6
CONTINUOUS
 10
109.0405004097
 20
218.2781305886
 40
5.0
100
AcDbArc
 50
149.9971471862
 51
210.0028528138
  0
ARC
  5
7D0
100
AcDbEntity
  8
RUNDUNGEN
100
AcDbCircle
 62
9
  6
CONTINUOUS
 10
105.7405004097
 20
233.2781305886
 40
1.399998784
100
AcDbArc
 50
0.0
 51
90.0
  0
ARC
  5
7D1
100
AcDbEntity
  8
0
100
AcDbCircle
 62
7
  6
CONTINUOUS
 10
102.4403965245
 20
230.5264048136
 40
1.0017257851
100
AcDbArc
 50
80.4691289237
 51
89.9918801819
  0
ARC
  5
7D2
100
AcDbEntity
  8
RUNDUNGEN
100
AcDbCircle
 62
7
  6
CONTINUOUS
 10
105.7405004097
 20
233.2781305886
 40
1.0
100
AcDbArc
 50
0.0
 51
90.0
  0
ARC
  5
7D3
100
AcDbEntity
  8
0
100
AcDbCircle
 62
7
  6
CONTINUOUS
 10
102.0405004097
 20
229.9781305886
 40
1.0
100
AcDbArc
 50
0.0
 51
90.0
  0
ARC
  5
7D4
100
AcDbEntity
  8
0
100
AcDbCircle
 62
7
  6
CONTINUOUS
 10
102.4405548214
 20
230.5282114582
 40
0.9999203771
100
AcDbArc
 50
17.2966666321
 51
80.4609332867
  0
ARC
  5
7D5
100
AcDbEntity
  8
RUNDUNGEN
100
AcDbCircle
 62
7
  6
CONTINUOUS
 10
100.6405004097
 20
228.6781305886
 40
0.6
100
AcDbArc
 50
0.0
 51
90.0
  0
ARC
  5
7D6
100
AcDbEntity
  8
RUNDUNGEN
100
AcDbCircle
 62
7
  6
CONTINUOUS
 10
102.3422492655
 20
231.930552501
 40
0.4029405556
100
AcDbArc
 50
225.0676734421
 51
243.8915440746
  0
ARC
  5
7D7
100
AcDbEntity
  8
RUNDUNGEN
100
AcDbCircle
 62
7
  6
CONTINUOUS
 10
103.8408049619
 20
230.4790885534
 40
0.4009580923
100
AcDbArc
 50
238.2427535545
 51
269.9543039093
  0
ARC
  5
7D8
100
AcDbEntity
  8
RUNDUNGEN
100
AcDbCircle
 62
7
  6
CONTINUOUS
 10
102.3405158409
 20
231.9281495746
 40
0.4000154327
100
AcDbArc
 50
180.0049009999
 51
225.0003600265
  0
ARC
  5
7D9
100
AcDbEntity
  8
RUNDUNGEN
100
AcDbCircle
 62
9
  6
CONTINUOUS
 10
115.7405004097
 20
218.2781305886
 40
6.4999961682
100
AcDbArc
 50
90.0
 51
270.0
  0
ARC
  5
7DA
100
AcDbEntity
  8
RUNDUNGEN
100
AcDbCircle
 62
7
  6
CONTINUOUS
 10
115.7405004097
 20
218.2781305886
 40
5.5
100
AcDbArc
 50
90.0
 51
270.0
  0
ARC
  5
7DB
100
AcDbEntity
  8
RUNDUNGEN
100
AcDbCircle
 62
7
  6
CONTINUOUS
 10
115.8405004097
 20
218.2781305886
 40
5.1
100
AcDbArc
 50
75.529807434
 51
284.470192566
  0
ARC
  5
7DC
100
AcDbEntity
  8
RUNDUNGEN
100
AcDbCircle
 62
9
  6
CONTINUOUS
 10
115.7405004097
 20
218.2781305886
 40
5.0999984572
100
AcDbArc
 50
99.0160206652
 51
267.0074440021
  0
ARC
  5
7DD
100
AcDbEntity
  8
RUNDUNGEN
100
AcDbCircle
 62
7
  6
CONTINUOUS
 10
116.9254959067
 20
224.6850897117
 40
0.9069591233
100
AcDbArc
 50
270.001298141
 51
272.3262000878
  0
ARC
  5
7DE
100
AcDbEntity
  8
RUNDUNGEN
100
AcDbCircle
 62
7
  6
CONTINUOUS
 10
116.9253211434
 20
224.675358722
 40
0.8970757826
100
AcDbArc
 50
270.010770784
 51
272.3598143553
  0
ARC
  5
7DF
100
AcDbEntity
  8
0
100
AcDbCircle
 62
9
  6
CONTINUOUS
 10
119.1834479682
 20
215.6781305886
 40
0.7986061679
100
AcDbArc
 50
301.0276162785
 51
353.0865218202
  0
ARC
  5
7E0
100
AcDbEntity
  8
0
100
AcDbCircle
 62
9
  6
CONTINUOUS
 10
119.1834479682
 20
220.8781305886
 40
0.7986061679
100
AcDbArc
 50
6.9134781798
 51
58.9723837215
  0
ARC
  5
7E1
100
AcDbEntity
  8
RUNDUNGEN
100
AcDbCircle
 62
7
  6
CONTINUOUS
 10
119.1834479682
 20
215.6781305886
 40
0.3986086046
100
AcDbArc
 50
270.0
 51
353.0865218202
  0
ARC
  5
7E2
100
AcDbEntity
  8
RUNDUNGEN
100
AcDbCircle
 62
7
  6
CONTINUOUS
 10
119.1834479682
 20
220.8781305886
 40
0.3986086046
100
AcDbArc
 50
6.9134781798
 51
90.0
  0
ARC
  5
7E3
100
AcDbEntity
  8
0
100
AcDbCircle
 62
7
  6
CONTINUOUS
 10
119.1832878907
 20
215.6793882371
 40
0.3454160247
100
AcDbArc
 50
270.0265528228
 51
279.534056814
  0
ARC
  5
7E4
100
AcDbEntity
  8
0
100
AcDbCircle
 62
7
  6
CONTINUOUS
 10
119.1834479682
 20
215.6781305886
 40
0.3441492371
100
AcDbArc
 50
279.5424547718
 51
317.2712079747
  0
ARC
  5
7E5
100
AcDbEntity
  8
0
100
AcDbCircle
 62
7
  6
CONTINUOUS
 10
119.1834479682
 20
220.8781305886
 40
0.3441492371
100
AcDbArc
 50
42.7287920253
 51
89.9779624597
  0
ARC
  5
7E6
100
AcDbEntity
  8
0
100
AcDbCircle
 62
7
  6
CONTINUOUS
 10
119.1869529394
 20
215.6794317406
 40
0.3354328092
100
AcDbArc
 50
305.4493977568
 51
313.8763189218
  0
ARC
  5
7E7
100
AcDbEntity
  8
0
100
AcDbCircle
 62
7
  6
CONTINUOUS
 10
119.1879350563
 20
215.6778018287
 40
0.3335774649
100
AcDbArc
 50
313.9487596531
 51
318.5196585327
  0
ARC
  5
7E8
100
AcDbEntity
  8
0
100
AcDbCircle
 62
7
  6
CONTINUOUS
 10
119.1884707582
 20
220.8787882344
 40
0.3329568235
100
AcDbArc
 50
54.4372593567
 51
82.3734846104
  0
ARC
  5
7E9
100
AcDbEntity
  8
0
100
AcDbCircle
 62
7
  6
CONTINUOUS
 10
119.188724663
 20
215.677050493
 40
0.332465413
100
AcDbArc
 50
277.5012509328
 51
305.4386765875
  0
ARC
  5
7EA
100
AcDbEntity
  8
0
100
AcDbCircle
 62
7
  6
CONTINUOUS
 10
119.1897011146
 20
220.8801434107
 40
0.3311389162
100
AcDbArc
 50
41.4644405178
 51
54.4740632448
  0
ARC
  5
7EB
100
AcDbEntity
  8
0
100
AcDbCircle
 62
7
  6
CONTINUOUS
 10
119.182103184
 20
215.6784768995
 40
0.3203918748
100
AcDbArc
 50
338.1176368604
 51
353.0539888817
  0
ARC
  5
7EC
100
AcDbEntity
  8
0
100
AcDbCircle
 62
7
  6
CONTINUOUS
 10
119.1834479682
 20
215.6781305886
 40
0.3190163938
100
AcDbArc
 50
270.0
 51
338.0874850274
  0
ARC
  5
7ED
100
AcDbEntity
  8
0
100
AcDbCircle
 62
7
  6
CONTINUOUS
 10
119.1834479682
 20
220.8781305886
 40
0.3190163938
100
AcDbArc
 50
6.9227762756
 51
90.0
  0
ARC
  5
7EE
100
AcDbEntity
  8
RUNDUNGEN
100
AcDbCircle
 62
7
  6
CONTINUOUS
 10
121.7405004097
 20
237.2781305886
 40
7.0
100
AcDbArc
 50
0.0
 51
90.0
  0
CIRCLE
  5
7EF
100
AcDbEntity
  8
RUNDUNGEN
100
AcDbCircle
 62
7
  6
CONTINUOUS
 10
121.7405004097
 20
237.2781305886
 40
6.0
  0
CIRCLE
  5
7F0
100
AcDbEntity
  8
FASEN
100
AcDbCircle
 62
7
  6
CONTINUOUS
 10
121.7405004097
 20
237.2781305886
 40
3.2
  0
ARC
  5
7F1
100
AcDbEntity
  8
0
100
AcDbCircle
 62
7
  6
CONTINUOUS
 10
118.2487835963
 20
315.7796486977
 40
94.5978615612
100
AcDbArc
 50
269.9921578244
 51
270.1286587042
  0
ARC
  5
7F2
100
AcDbEntity
  8
0
100
AcDbCircle
 62
7
  6
CONTINUOUS
 10
119.0669199326
 20
289.8239200832
 40
68.6015072624
100
AcDbArc
 50
269.7236849146
 51
269.9525181211
  0
ARC
  5
7F3
100
AcDbEntity
  8
0
100
AcDbCircle
 62
7
  6
CONTINUOUS
 10
79.06426342
 20
93.9944568695
 40
20.131337124
100
AcDbArc
 50
94.6533707785
 51
94.8428341058
  0
ARC
  5
7F4
100
AcDbEntity
  8
RUNDUNGEN
100
AcDbCircle
 62
9
  6
CONTINUOUS
 10
85.5399500022
 20
108.9776908835
 40
9.532457086
100
AcDbArc
 50
147.537880246
 51
147.8784569489
  0
ARC
  5
7F5
100
AcDbEntity
  8
RUNDUNGEN
100
AcDbCircle
 62
9
  6
CONTINUOUS
 10
85.3708908646
 20
109.0835266736
 40
9.333002482
100
AcDbArc
 50
147.8768794458
 51
148.6714051536
  0
ARC
  5
7F6
100
AcDbEntity
  8
RUNDUNGEN
100
AcDbCircle
 62
9
  6
CONTINUOUS
 10
85.1184501907
 20
109.237170586
 40
9.0374813399
100
AcDbArc
 50
148.6713237249
 51
149.837813457
  0
ARC
  5
7F7
100
AcDbEntity
  8
RUNDUNGEN
100
AcDbCircle
 62
7
  6
CONTINUOUS
 10
67.7405004097
 20
76.294159969
 40
1.0
100
AcDbArc
 50
180.0
 51
270.0
  0
ARC
  5
7F8
100
AcDbEntity
  8
BEZUGSACHSEN
100
AcDbCircle
 62
7
  6
CONTINUOUS
 10
75.1405004097
 20
70.294159969
 40
1.0
100
AcDbArc
 50
180.0
 51
270.0
  0
ARC
  5
7F9
100
AcDbEntity
  8
RUNDUNGEN
100
AcDbCircle
 62
7
  6
CONTINUOUS
 10
95.9581078026
 20
110.294159969
 40
1.0
100
AcDbArc
 50
179.0
 51
270.0
  0
ARC
  5
7FA
100
AcDbEntity
  8
RUNDUNGEN
100
AcDbCircle
 62
9
  6
CONTINUOUS
 10
77.830101209
 20
110.1674807323
 40
0.9901429625
100
AcDbArc
 50
175.5740493016
 51
183.3615420752
  0
ARC
  5
7FB
100
AcDbEntity
  8
RUNDUNGEN
100
AcDbCircle
 62
9
  6
CONTINUOUS
 10
77.6870986387
 20
110.1487137081
 40
0.8522288163
100
AcDbArc
 50
240.8275085917
 51
252.1378661719
  0
ARC
  5
7FC
100
AcDbEntity
  8
RUNDUNGEN
100
AcDbCircle
 62
9
  6
CONTINUOUS
 10
77.6772175657
 20
110.1305713893
 40
0.8315713309
100
AcDbArc
 50
232.9065147539
 51
240.8126549479
  0
ARC
  5
7FD
100
AcDbEntity
  8
RUNDUNGEN
100
AcDbCircle
 62
7
  6
CONTINUOUS
 10
73.7474215044
 20
79.694159969
 40
0.4
100
AcDbArc
 50
270.000000001
 51
358.9999999992
  0
ARC
  5
7FE
100
AcDbEntity
  8
RUNDUNGEN
100
AcDbCircle
 62
7
  6
CONTINUOUS
 10
73.9405004097
 20
75.094159969
 40
0.2
100
AcDbArc
 50
0.0
 51
89.9999999994
  0
ARC
  5
7FF
100
AcDbEntity
  8
RUNDUNGEN
100
AcDbCircle
 62
9
  6
CONTINUOUS
 10
90.4497846305
 20
111.6941595342
 40
28.2255882941
100
AcDbArc
 50
357.0547685367
 51
2.9452332309
  0
ARC
  5
800
100
AcDbEntity
  8
0
100
AcDbCircle
 62
7
  6
CONTINUOUS
 10
79.6405410898
 20
114.294795092
 40
15.7048784653
100
AcDbArc
 50
87.08026164
 51
92.91973836
  0
ARC
  5
801
100
AcDbEntity
  8
BEZUGSACHSEN
100
AcDbCircle
 62
7
  6
CONTINUOUS
 10
79.6405004097
 20
116.394159969
 40
14.0
100
AcDbArc
 50
66.6055603774
 51
76.3268341646
  0
ARC
  5
802
100
AcDbEntity
  8
BEZUGSACHSEN
100
AcDbCircle
 62
7
  6
CONTINUOUS
 10
79.6405004097
 20
116.394159969
 40
14.0
100
AcDbArc
 50
103.6731658354
 51
113.3944396226
  0
ARC
  5
803
100
AcDbEntity
  8
0
100
AcDbCircle
 62
7
  6
CONTINUOUS
 10
79.6405004097
 20
116.394159969
 40
13.9771241677
100
AcDbArc
 50
98.0601230359
 51
103.6016211393
  0
ARC
  5
804
100
AcDbEntity
  8
0
100
AcDbCircle
 62
7
  6
CONTINUOUS
 10
79.6405004097
 20
116.394159969
 40
13.9771241677
100
AcDbArc
 50
76.3983788607
 51
81.9398769641
  0
ARC
  5
805
100
AcDbEntity
  8
RUNDUNGEN
100
AcDbCircle
 62
9
  6
CONTINUOUS
 10
85.5358343668
 20
114.4094285068
 40
9.5282593164
100
AcDbArc
 50
212.1267465521
 51
212.4696215845
  0
ARC
  5
806
100
AcDbEntity
  8
RUNDUNGEN
100
AcDbCircle
 62
9
  6
CONTINUOUS
 10
85.3665224972
 20
114.3034111149
 40
9.3284941297
100
AcDbArc
 50
211.3343516985
 51
212.1283169665
  0
ARC
  5
807
100
AcDbEntity
  8
RUNDUNGEN
100
AcDbCircle
 62
9
  6
CONTINUOUS
 10
85.1141019932
 20
114.1497458619
 40
9.0329791205
100
AcDbArc
 50
210.166761371
 51
211.334439357
  0
ARC
  5
808
100
AcDbEntity
  8
0
100
AcDbCircle
 62
7
  6
CONTINUOUS
 10
78.2606190461
 20
123.109383111
 40
7.1473900443
100
AcDbArc
 50
85.3463694258
 51
94.6536305742
  0
ARC
  5
809
100
AcDbEntity
  8
0
100
AcDbCircle
 62
7
  6
CONTINUOUS
 10
81.0203817732
 20
123.1818998326
 40
7.0751148295
100
AcDbArc
 50
85.2987242405
 51
94.7012757595
  0
ARC
  5
80A
100
AcDbEntity
  8
RUNDUNGEN
100
AcDbCircle
 62
9
  6
CONTINUOUS
 10
73.8146300199
 20
114.5774834304
 40
3.7140456591
100
AcDbArc
 50
352.5226667041
 51
358.9595331848
  0
ARC
  5
80B
100
AcDbEntity
  8
RUNDUNGEN
100
AcDbCircle
 62
7
  6
CONTINUOUS
 10
85.6405004097
 20
126.994159969
 40
1.0
100
AcDbArc
 50
90.0
 51
180.0
  0
ARC
  5
80C
100
AcDbEntity
  8
RUNDUNGEN
100
AcDbCircle
 62
7
  6
CONTINUOUS
 10
87.6405004097
 20
149.394159969
 40
1.0
100
AcDbArc
 50
90.0
 51
180.0
  0
ARC
  5
80D
100
AcDbEntity
  8
RUNDUNGEN
100
AcDbCircle
 62
7
  6
CONTINUOUS
 10
96.108221361
 20
118.894159969
 40
1.0
100
AcDbArc
 50
90.0
 51
179.0
  0
ARC
  5
80E
100
AcDbEntity
  8
RUNDUNGEN
100
AcDbCircle
 62
7
  6
CONTINUOUS
 10
77.8307429222
 20
113.2208084265
 40
0.9907804297
100
AcDbArc
 50
176.6059267519
 51
184.4213121266
  0
ARC
  5
80F
100
AcDbEntity
  8
RUNDUNGEN
100
AcDbCircle
 62
7
  6
CONTINUOUS
 10
77.6872735584
 20
113.2390381799
 40
0.8528091371
100
AcDbArc
 50
107.8730833258
 51
119.047786297
  0
ARC
  5
810
100
AcDbEntity
  8
RUNDUNGEN
100
AcDbCircle
 62
7
  6
CONTINUOUS
 10
77.676888984
 20
113.2582499521
 40
0.8309718392
100
AcDbArc
 50
119.0650039979
 51
127.0107548123
  0
ARC
  5
811
100
AcDbEntity
  8
BEZUGSACHSEN
100
AcDbCircle
 62
7
  6
CONTINUOUS
 10
85.0405004097
 20
128.8761469903
 40
0.4
100
AcDbArc
 50
0.0
 51
66.6055603774
  0
ARC
  5
812
100
AcDbEntity
  8
BEZUGSACHSEN
100
AcDbCircle
 62
7
  6
CONTINUOUS
 10
74.2405004097
 20
125.794159969
 40
0.4
100
AcDbArc
 50
180.0
 51
270.0
  0
ARC
  5
813
100
AcDbEntity
  8
BEZUGSACHSEN
100
AcDbCircle
 62
7
  6
CONTINUOUS
 10
74.2405004097
 20
128.8761469903
 40
0.4
100
AcDbArc
 50
113.3944396226
 51
180.0
  0
ARC
  5
814
100
AcDbEntity
  8
RUNDUNGEN
100
AcDbCircle
 62
9
  6
CONTINUOUS
 10
109.9388231895
 20
108.9787131052
 40
9.5340365522
100
AcDbArc
 50
32.1120417426
 51
32.4488017218
  0
ARC
  5
815
100
AcDbEntity
  8
RUNDUNGEN
100
AcDbCircle
 62
9
  6
CONTINUOUS
 10
110.1075185977
 20
109.0842785794
 40
9.3350336846
100
AcDbArc
 50
31.3175211982
 51
32.1136344612
  0
ARC
  5
816
100
AcDbEntity
  8
RUNDUNGEN
100
AcDbCircle
 62
9
  6
CONTINUOUS
 10
110.3600096029
 20
109.2378885343
 40
9.0394871978
100
AcDbArc
 50
30.1523806423
 51
31.3175902821
  0
ARC
  5
817
100
AcDbEntity
  8
RUNDUNGEN
100
AcDbCircle
 62
7
  6
CONTINUOUS
 10
127.7405004097
 20
76.294159969
 40
1.0
100
AcDbArc
 50
270.0
 51
360.0
  0
ARC
  5
818
100
AcDbEntity
  8
BEZUGSACHSEN
100
AcDbCircle
 62
7
  6
CONTINUOUS
 10
120.3405004097
 20
70.294159969
 40
1.0
100
AcDbArc
 50
270.0
 51
360.0
  0
ARC
  5
819
100
AcDbEntity
  8
RUNDUNGEN
100
AcDbCircle
 62
7
  6
CONTINUOUS
 10
99.5228930167
 20
110.294159969
 40
1.0
100
AcDbArc
 50
270.0
 51
1.0
  0
ARC
  5
81A
100
AcDbEntity
  8
RUNDUNGEN
100
AcDbCircle
 62
9
  6
CONTINUOUS
 10
117.6496865597
 20
110.1674406189
 40
0.9913554927
100
AcDbArc
 50
357.1126642586
 51
4.4228518197
  0
ARC
  5
81B
100
AcDbEntity
  8
RUNDUNGEN
100
AcDbCircle
 62
9
  6
CONTINUOUS
 10
117.6957921615
 20
110.1649488316
 40
0.9451829191
100
AcDbArc
 50
348.6607351033
 51
357.1227381162
  0
ARC
  5
81C
100
AcDbEntity
  8
RUNDUNGEN
100
AcDbCircle
 62
9
  6
CONTINUOUS
 10
117.7881901836
 20
110.1637771361
 40
0.8683185635
100
AcDbArc
 50
287.9531358902
 51
289.5017493605
  0
ARC
  5
81D
100
AcDbEntity
  8
RUNDUNGEN
100
AcDbCircle
 62
9
  6
CONTINUOUS
 10
117.7895822578
 20
110.1598625631
 40
0.8641638405
100
AcDbArc
 50
289.5013920736
 51
291.5195783728
  0
ARC
  5
81E
100
AcDbEntity
  8
RUNDUNGEN
100
AcDbCircle
 62
9
  6
CONTINUOUS
 10
117.7915663415
 20
110.1548313001
 40
0.8587554956
100
AcDbArc
 50
291.5195640863
 51
293.5563994867
  0
ARC
  5
81F
100
AcDbEntity
  8
RUNDUNGEN
100
AcDbCircle
 62
9
  6
CONTINUOUS
 10
117.7965707478
 20
110.1436658947
 40
0.8465205259
100
AcDbArc
 50
293.547932054
 51
299.1813186206
  0
ARC
  5
820
100
AcDbEntity
  8
RUNDUNGEN
100
AcDbCircle
 62
9
  6
CONTINUOUS
 10
117.8021423383
 20
110.133299739
 40
0.8347534845
100
AcDbArc
 50
299.1943480391
 51
300.1893666711
  0
ARC
  5
821
100
AcDbEntity
  8
RUNDUNGEN
100
AcDbCircle
 62
9
  6
CONTINUOUS
 10
117.8033060514
 20
110.1313081626
 40
0.8324468451
100
AcDbArc
 50
300.1890642819
 51
307.089096834
  0
ARC
  5
822
100
AcDbEntity
  8
RUNDUNGEN
100
AcDbCircle
 62
7
  6
CONTINUOUS
 10
121.7335793149
 20
79.694159969
 40
0.4
100
AcDbArc
 50
181.0000000003
 51
269.9999999996
  0
ARC
  5
823
100
AcDbEntity
  8
RUNDUNGEN
100
AcDbCircle
 62
7
  6
CONTINUOUS
 10
121.5405004097
 20
75.094159969
 40
0.2
100
AcDbArc
 50
90.0000000008
 51
180.0
  0
ARC
  5
824
100
AcDbEntity
  8
RUNDUNGEN
100
AcDbCircle
 62
9
  6
CONTINUOUS
 10
105.0312156066
 20
111.6941598284
 40
28.2255877277
100
AcDbArc
 50
177.054767308
 51
182.9452321205
  0
ARC
  5
825
100
AcDbEntity
  8
0
100
AcDbCircle
 62
7
  6
CONTINUOUS
 10
115.837464377
 20
150.6771555097
 40
27.4376368967
100
AcDbArc
 50
274.1951535564
 51
274.4912597908
  0
ARC
  5
826
100
AcDbEntity
  8
0
100
AcDbCircle
 62
7
  6
CONTINUOUS
 10
116.3619268833
 20
134.8606916841
 40
20.800414699
100
AcDbArc
 50
274.6092832017
 51
274.7481372258
  0
ARC
  5
827
100
AcDbEntity
  8
0
100
AcDbCircle
 62
7
  6
CONTINUOUS
 10
116.4065425036
 20
129.5208276045
 40
20.2587101825
100
AcDbArc
 50
274.6522011244
 51
274.7753873019
  0
ARC
  5
828
100
AcDbEntity
  8
0
100
AcDbCircle
 62
7
  6
CONTINUOUS
 10
115.8405410898
 20
114.294795092
 40
15.7048784653
100
AcDbArc
 50
87.08026164
 51
92.91973836
  0
ARC
  5
829
100
AcDbEntity
  8
BEZUGSACHSEN
100
AcDbCircle
 62
7
  6
CONTINUOUS
 10
115.8405004097
 20
116.394159969
 40
14.0
100
AcDbArc
 50
66.6055603774
 51
76.3268341646
  0
ARC
  5
82A
100
AcDbEntity
  8
BEZUGSACHSEN
100
AcDbCircle
 62
7
  6
CONTINUOUS
 10
115.8405004097
 20
116.394159969
 40
14.0
100
AcDbArc
 50
103.6731658354
 51
113.3944396226
  0
ARC
  5
82B
100
AcDbEntity
  8
0
100
AcDbCircle
 62
7
  6
CONTINUOUS
 10
115.8405004097
 20
116.394159969
 40
13.9771241677
100
AcDbArc
 50
98.0601230359
 51
103.6016211393
  0
ARC
  5
82C
100
AcDbEntity
  8
0
100
AcDbCircle
 62
7
  6
CONTINUOUS
 10
115.8405004097
 20
116.394159969
 40
13.9771241677
100
AcDbArc
 50
76.3983788607
 51
81.9398769641
  0
ARC
  5
82D
100
AcDbEntity
  8
RUNDUNGEN
100
AcDbCircle
 62
9
  6
CONTINUOUS
 10
109.9354202109
 20
114.4112797922
 40
9.5378078216
100
AcDbArc
 50
327.5536933725
 51
327.8899897744
  0
ARC
  5
82E
100
AcDbEntity
  8
RUNDUNGEN
100
AcDbCircle
 62
9
  6
CONTINUOUS
 10
110.1054671882
 20
114.3048779326
 40
9.337215549
100
AcDbArc
 50
327.8883794903
 51
328.6855462215
  0
ARC
  5
82F
100
AcDbEntity
  8
RUNDUNGEN
100
AcDbCircle
 62
9
  6
CONTINUOUS
 10
110.3594798188
 20
114.1503584312
 40
9.0398963724
100
AcDbArc
 50
328.6854900192
 51
329.8511889611
  0
ARC
  5
830
100
AcDbEntity
  8
0
100
AcDbCircle
 62
7
  6
CONTINUOUS
 10
114.4606190461
 20
123.109383111
 40
7.1473900443
100
AcDbArc
 50
85.3463694258
 51
94.6536305742
  0
ARC
  5
831
100
AcDbEntity
  8
0
100
AcDbCircle
 62
7
  6
CONTINUOUS
 10
117.2203817732
 20
123.1818998326
 40
7.0751148295
100
AcDbArc
 50
85.2987242405
 51
94.7012757595
  0
ARC
  5
832
100
AcDbEntity
  8
RUNDUNGEN
100
AcDbCircle
 62
7
  6
CONTINUOUS
 10
116.7472770475
 20
123.3950163147
 40
1.041308911
100
AcDbArc
 50
0.9132011547
 51
5.2615488472
  0
ARC
  5
833
100
AcDbEntity
  8
RUNDUNGEN
100
AcDbCircle
 62
7
  6
CONTINUOUS
 10
109.8405004097
 20
126.994159969
 40
1.0
100
AcDbArc
 50
0.0
 51
90.0
  0
ARC
  5
834
100
AcDbEntity
  8
RUNDUNGEN
100
AcDbCircle
 62
7
  6
CONTINUOUS
 10
107.8405004097
 20
149.394159969
 40
1.0
100
AcDbArc
 50
0.0
 51
90.0
  0
ARC
  5
835
100
AcDbEntity
  8
RUNDUNGEN
100
AcDbCircle
 62
7
  6
CONTINUOUS
 10
99.3727794583
 20
118.894159969
 40
1.0
100
AcDbArc
 50
1.0
 51
90.0
  0
ARC
  5
836
100
AcDbEntity
  8
RUNDUNGEN
100
AcDbCircle
 62
7
  6
CONTINUOUS
 10
117.6488740775
 20
113.2208518129
 40
0.9921634767
100
AcDbArc
 50
355.5823503366
 51
2.8714671017
  0
ARC
  5
837
100
AcDbEntity
  8
RUNDUNGEN
100
AcDbCircle
 62
7
  6
CONTINUOUS
 10
117.7881045652
 20
113.2244181231
 40
0.8684496749
100
AcDbArc
 50
68.5963441741
 51
72.0471899201
  0
ARC
  5
838
100
AcDbEntity
  8
RUNDUNGEN
100
AcDbCircle
 62
7
  6
CONTINUOUS
 10
117.7940348649
 20
113.2392838349
 40
0.8524450381
100
AcDbArc
 50
60.9622674758
 51
68.602814527
  0
ARC
  5
839
100
AcDbEntity
  8
RUNDUNGEN
100
AcDbCircle
 62
7
  6
CONTINUOUS
 10
117.8036316108
 20
113.2575111795
 40
0.8318508704
100
AcDbArc
 50
52.9934606256
 51
60.9308006948
  0
ARC
  5
83A
100
AcDbEntity
  8
BEZUGSACHSEN
100
AcDbCircle
 62
7
  6
CONTINUOUS
 10
121.2405004097
 20
125.794159969
 40
0.4
100
AcDbArc
 50
270.0
 51
360.0
  0
ARC
  5
83B
100
AcDbEntity
  8
BEZUGSACHSEN
100
AcDbCircle
 62
7
  6
CONTINUOUS
 10
121.2405004097
 20
128.8761469903
 40
0.4
100
AcDbArc
 50
0.0
 51
66.6055603774
  0
ARC
  5
83C
100
AcDbEntity
  8
BEZUGSACHSEN
100
AcDbCircle
 62
7
  6
CONTINUOUS
 10
110.4405004097
 20
128.8761469903
 40
0.4
100
AcDbArc
 50
113.3944396226
 51
180.0
  0
ARC
  5
83D
100
AcDbEntity
  8
0
100
AcDbCircle
 62
7
  6
CONTINUOUS
 10
118.7154104597
 20
119.3444592939
 40
0.1309895178
100
AcDbArc
 50
292.5183775875
 51
295.0879840545
  0
ARC
  5
83E
100
AcDbEntity
  8
0
100
AcDbCircle
 62
7
  6
CONTINUOUS
 10
118.718032507
 20
114.3386916204
 40
0.1246544267
100
AcDbArc
 50
293.3404993234
 51
295.1209551948
  0
ARC
  5
83F
100
AcDbEntity
  8
RUNDUNGEN
100
AcDbCircle
 62
9
  6
CONTINUOUS
 10
157.2234158544
 20
-2.6960896819
 40
130.3944788969
100
AcDbArc
 50
59.1885213281
 51
60.0132279097
  0
ARC
  5
840
100
AcDbEntity
  8
RUNDUNGEN
100
AcDbCircle
 62
7
  6
CONTINUOUS
 10
192.3882010063
 20
76.294159969
 40
1.0
100
AcDbArc
 50
180.0
 51
270.0
  0
ARC
  5
841
100
AcDbEntity
  8
BEZUGSACHSEN
100
AcDbCircle
 62
7
  6
CONTINUOUS
 10
194.7882010063
 20
70.294159969
 40
1.0
100
AcDbArc
 50
180.0
 51
270.0
  0
ARC
  5
842
100
AcDbEntity
  8
RUNDUNGEN
100
AcDbCircle
 62
7
  6
CONTINUOUS
 10
193.3951221011
 20
79.694159969
 40
0.4
100
AcDbArc
 50
270.0000116487
 51
359.0000002066
  0
ARC
  5
843
100
AcDbEntity
  8
RUNDUNGEN
100
AcDbCircle
 62
7
  6
CONTINUOUS
 10
213.7581816795
 20
109.694159969
 40
0.4
100
AcDbArc
 50
281.2522864785
 51
360.0
  0
ARC
  5
844
100
AcDbEntity
  8
RUNDUNGEN
100
AcDbCircle
 62
7
  6
CONTINUOUS
 10
193.5882010063
 20
75.094159969
 40
0.2
100
AcDbArc
 50
0.0
 51
89.9999990215
  0
ARC
  5
845
100
AcDbEntity
  8
RUNDUNGEN
100
AcDbCircle
 62
9
  6
CONTINUOUS
 10
157.2099734145
 20
226.0869864176
 40
130.4034276757
100
AcDbArc
 50
299.9913191015
 51
300.8158607795
  0
ARC
  5
846
100
AcDbEntity
  8
0
100
AcDbCircle
 62
7
  6
CONTINUOUS
 10
213.3743905731
 20
166.7142377583
 40
57.4318181428
100
AcDbArc
 50
272.2099332335
 51
273.9988323833
  0
ARC
  5
847
100
AcDbEntity
  8
RUNDUNGEN
100
AcDbCircle
 62
7
  6
CONTINUOUS
 10
210.0102395172
 20
111.759060291
 40
28.5995508329
100
AcDbArc
 50
357.0989718421
 51
4.6833062613
  0
ARC
  5
848
100
AcDbEntity
  8
0
100
AcDbCircle
 62
7
  6
CONTINUOUS
 10
217.3882010063
 20
114.2871440217
 40
15.7125216796
100
AcDbArc
 50
87.0815346174
 51
92.9184653826
  0
ARC
  5
849
100
AcDbEntity
  8
BEZUGSACHSEN
100
AcDbCircle
 62
7
  6
CONTINUOUS
 10
217.3882010063
 20
116.394159969
 40
14.0
100
AcDbArc
 50
103.6337312016
 51
113.3944396226
  0
ARC
  5
84A
100
AcDbEntity
  8
BEZUGSACHSEN
100
AcDbCircle
 62
7
  6
CONTINUOUS
 10
217.3882010063
 20
116.394159969
 40
14.0
100
AcDbArc
 50
66.6055603774
 51
76.3662687984
  0
ARC
  5
84B
100
AcDbEntity
  8
0
100
AcDbCircle
 62
7
  6
CONTINUOUS
 10
217.3882010063
 20
116.394159969
 40
13.9771241677
100
AcDbArc
 50
76.3983788607
 51
81.9398769641
  0
ARC
  5
84C
100
AcDbEntity
  8
0
100
AcDbCircle
 62
7
  6
CONTINUOUS
 10
217.3882010063
 20
116.394159969
 40
13.9771241677
100
AcDbArc
 50
98.0601230359
 51
103.6016211393
  0
ARC
  5
84D
100
AcDbEntity
  8
0
100
AcDbCircle
 62
7
  6
CONTINUOUS
 10
216.0083196428
 20
123.1093837184
 40
7.1473894389
100
AcDbArc
 50
85.3463690307
 51
94.6536309693
  0
ARC
  5
84E
100
AcDbEntity
  8
RUNDUNGEN
100
AcDbCircle
 62
9
  6
CONTINUOUS
 10
211.9529642888
 20
114.5107160628
 40
1.2608963241
100
AcDbArc
 50
180.0306452633
 51
199.2909348317
  0
ARC
  5
84F
100
AcDbEntity
  8
RUNDUNGEN
100
AcDbCircle
 62
7
  6
CONTINUOUS
 10
204.2882010063
 20
126.994159969
 40
1.0
100
AcDbArc
 50
90.0
 51
180.0
  0
ARC
  5
850
100
AcDbEntity
  8
RUNDUNGEN
100
AcDbCircle
 62
7
  6
CONTINUOUS
 10
197.2506854382
 20
123.394159969
 40
1.0
100
AcDbArc
 50
90.0
 51
179.0
  0
ARC
  5
851
100
AcDbEntity
  8
RUNDUNGEN
100
AcDbCircle
 62
7
  6
CONTINUOUS
 10
210.8882010063
 20
123.394159969
 40
1.0
100
AcDbArc
 50
0.0
 51
89.733801176
  0
ARC
  5
852
100
AcDbEntity
  8
RUNDUNGEN
100
AcDbCircle
 62
7
  6
CONTINUOUS
 10
206.2882010063
 20
149.394159969
 40
1.0
100
AcDbArc
 50
90.0
 51
180.0
  0
ARC
  5
853
100
AcDbEntity
  8
RUNDUNGEN
100
AcDbCircle
 62
9
  6
CONTINUOUS
 10
213.7126180059
 20
113.6938459947
 40
0.4131881365
100
AcDbArc
 50
1.066627976
 51
11.8209351428
  0
ARC
  5
854
100
AcDbEntity
  8
BEZUGSACHSEN
100
AcDbCircle
 62
7
  6
CONTINUOUS
 10
211.9882010063
 20
125.794159969
 40
0.4
100
AcDbArc
 50
180.0
 51
270.0
  0
ARC
  5
855
100
AcDbEntity
  8
BEZUGSACHSEN
100
AcDbCircle
 62
7
  6
CONTINUOUS
 10
211.9882010063
 20
128.8761469903
 40
0.4
100
AcDbArc
 50
113.3944396226
 51
180.0
  0
ARC
  5
856
100
AcDbEntity
  8
RUNDUNGEN
100
AcDbCircle
 62
7
  6
CONTINUOUS
 10
213.7581849215
 20
113.694159969
 40
0.4
100
AcDbArc
 50
0.0
 51
89.9976960191
  0
ARC
  5
857
100
AcDbEntity
  8
RUNDUNGEN
100
AcDbCircle
 62
7
  6
CONTINUOUS
 10
212.2882010063
 20
114.494159969
 40
0.4
100
AcDbArc
 50
180.0
 51
270.0
  0
ARC
  5
858
100
AcDbEntity
  8
RUNDUNGEN
100
AcDbCircle
 62
9
  6
CONTINUOUS
 10
277.5679891956
 20
-2.6376928136
 40
130.3514012871
100
AcDbArc
 50
120.0053087698
 51
120.8298372258
  0
ARC
  5
859
100
AcDbEntity
  8
0
100
AcDbCircle
 62
7
  6
CONTINUOUS
 10
221.5106285146
 20
49.3553119995
 40
60.0527594335
100
AcDbArc
 50
92.2173732009
 51
93.5274716188
  0
ARC
  5
85A
100
AcDbEntity
  8
0
100
AcDbCircle
 62
7
  6
CONTINUOUS
 10
223.84894433
 20
78.8914038273
 40
33.0447954075
100
AcDbArc
 50
97.3666835868
 51
98.1350153187
  0
ARC
  5
85B
100
AcDbEntity
  8
RUNDUNGEN
100
AcDbCircle
 62
7
  6
CONTINUOUS
 10
224.7661624955
 20
111.629259647
 40
28.5995508329
100
AcDbArc
 50
177.0989718421
 51
184.6833062613
  0
ARC
  5
85C
100
AcDbEntity
  8
RUNDUNGEN
100
AcDbCircle
 62
7
  6
CONTINUOUS
 10
223.1184549701
 20
105.5088308368
 40
17.9052262718
100
AcDbArc
 50
90.175423665
 51
90.4823994568
  0
ARC
  5
85D
100
AcDbEntity
  8
RUNDUNGEN
100
AcDbCircle
 62
7
  6
CONTINUOUS
 10
242.3882010063
 20
76.294159969
 40
1.0
100
AcDbArc
 50
270.0
 51
360.0
  0
ARC
  5
85E
100
AcDbEntity
  8
BEZUGSACHSEN
100
AcDbCircle
 62
7
  6
CONTINUOUS
 10
239.9882010063
 20
70.294159969
 40
1.0
100
AcDbArc
 50
270.0
 51
360.0
  0
ARC
  5
85F
100
AcDbEntity
  8
RUNDUNGEN
100
AcDbCircle
 62
7
  6
CONTINUOUS
 10
241.3812799116
 20
79.694159969
 40
0.4
100
AcDbArc
 50
180.9999997934
 51
269.9999883512
  0
ARC
  5
860
100
AcDbEntity
  8
RUNDUNGEN
100
AcDbCircle
 62
7
  6
CONTINUOUS
 10
221.0182010063
 20
109.694159969
 40
0.4
100
AcDbArc
 50
180.0
 51
258.7500000204
  0
ARC
  5
861
100
AcDbEntity
  8
RUNDUNGEN
100
AcDbCircle
 62
7
  6
CONTINUOUS
 10
241.1882010063
 20
75.094159969
 40
0.2
100
AcDbArc
 50
90.0000009785
 51
180.0
  0
ARC
  5
862
100
AcDbEntity
  8
RUNDUNGEN
100
AcDbCircle
 62
9
  6
CONTINUOUS
 10
277.5638558856
 20
226.01906768
 40
130.3433230562
100
AcDbArc
 50
239.1701556064
 51
239.9947337999
  0
ARC
  5
863
100
AcDbEntity
  8
0
100
AcDbCircle
 62
7
  6
CONTINUOUS
 10
218.7680823699
 20
123.1818995275
 40
7.0751151336
100
AcDbArc
 50
85.298724443
 51
94.701275557
  0
ARC
  5
864
100
AcDbEntity
  8
0
100
AcDbCircle
 62
7
  6
CONTINUOUS
 10
231.5162341251
 20
146.8792804251
 40
2.0
100
AcDbArc
 50
135.5
 51
240.5
  0
ARC
  5
865
100
AcDbEntity
  8
0
100
AcDbCircle
 62
7
  6
CONTINUOUS
 10
236.5382010063
 20
126.394159969
 40
2.0
100
AcDbArc
 50
180.5
 51
210.0419578406
  0
ARC
  5
866
100
AcDbEntity
  8
0
100
AcDbCircle
 62
3
  6
CONTINUOUS
 10
233.3986906692
 20
142.3673711315
 40
2.0
100
AcDbArc
 50
0.5
 51
60.5
  0
ARC
  5
867
100
AcDbEntity
  8
RUNDUNGEN
100
AcDbCircle
 62
7
  6
CONTINUOUS
 10
221.3681351169
 20
122.4175833578
 40
1.9042946348
100
AcDbArc
 50
120.2278798463
 51
122.7620081838
  0
ARC
  5
868
100
AcDbEntity
  8
RUNDUNGEN
100
AcDbCircle
 62
9
  6
CONTINUOUS
 10
222.8240899731
 20
114.5107441246
 40
1.2602440903
100
AcDbArc
 50
340.6973339211
 51
359.9680630717
  0
ARC
  5
869
100
AcDbEntity
  8
0
100
AcDbCircle
 62
7
  6
CONTINUOUS
 10
233.3986906692
 20
142.3673711315
 40
1.0
100
AcDbArc
 50
0.5
 51
60.5
  0
ARC
  5
86A
100
AcDbEntity
  8
RUNDUNGEN
100
AcDbCircle
 62
7
  6
CONTINUOUS
 10
230.4882010063
 20
126.994159969
 40
1.0
100
AcDbArc
 50
0.0
 51
90.0
  0
ARC
  5
86B
100
AcDbEntity
  8
RUNDUNGEN
100
AcDbCircle
 62
7
  6
CONTINUOUS
 10
237.5257165745
 20
123.394159969
 40
1.0
100
AcDbArc
 50
1.0
 51
90.0
  0
ARC
  5
86C
100
AcDbEntity
  8
RUNDUNGEN
100
AcDbCircle
 62
7
  6
CONTINUOUS
 10
223.8882010063
 20
123.394159969
 40
1.0
100
AcDbArc
 50
90.2661988148
 51
180.0
  0
ARC
  5
86D
100
AcDbEntity
  8
RUNDUNGEN
100
AcDbCircle
 62
7
  6
CONTINUOUS
 10
228.4882010063
 20
149.394159969
 40
1.0
100
AcDbArc
 50
0.0
 51
90.0
  0
ARC
  5
86E
100
AcDbEntity
  8
0
100
AcDbCircle
 62
3
  6
CONTINUOUS
 10
231.5162341251
 20
146.8792804251
 40
1.0
100
AcDbArc
 50
135.5
 51
240.5
  0
ARC
  5
86F
100
AcDbEntity
  8
0
100
AcDbCircle
 62
3
  6
CONTINUOUS
 10
236.5382010063
 20
126.394159969
 40
1.0
100
AcDbArc
 50
180.5
 51
270.0
  0
ARC
  5
870
100
AcDbEntity
  8
RUNDUNGEN
100
AcDbCircle
 62
9
  6
CONTINUOUS
 10
221.0638825482
 20
113.6938616869
 40
0.4133153206
100
AcDbArc
 50
168.1823880548
 51
178.9357993633
  0
ARC
  5
871
100
AcDbEntity
  8
BEZUGSACHSEN
100
AcDbCircle
 62
7
  6
CONTINUOUS
 10
222.7882010063
 20
125.794159969
 40
0.4
100
AcDbArc
 50
270.0
 51
360.0
  0
ARC
  5
872
100
AcDbEntity
  8
BEZUGSACHSEN
100
AcDbCircle
 62
7
  6
CONTINUOUS
 10
222.7882010063
 20
128.8761469903
 40
0.4
100
AcDbArc
 50
0.0
 51
66.6055603774
  0
ARC
  5
873
100
AcDbEntity
  8
RUNDUNGEN
100
AcDbCircle
 62
7
  6
CONTINUOUS
 10
221.0182010063
 20
113.694159969
 40
0.4
100
AcDbArc
 50
90.0
 51
180.0
  0
ARC
  5
874
100
AcDbEntity
  8
RUNDUNGEN
100
AcDbCircle
 62
7
  6
CONTINUOUS
 10
222.4882010063
 20
114.4940972616
 40
0.3999820836
100
AcDbArc
 50
270.0
 51
360.0
  0
ARC
  5
875
100
AcDbEntity
  8
0
100
AcDbCircle
 62
7
  6
CONTINUOUS
 10
220.2635261357
 20
118.0935593398
 40
0.1299944353
100
AcDbArc
 50
292.7201326523
 51
295.0866510478
  0
ARC
  5
876
100
AcDbEntity
  8
RUNDUNGEN
100
AcDbCircle
 62
9
  6
CONTINUOUS
 10
219.958198847
 20
215.7518408327
 40
26.9272326768
100
AcDbArc
 50
68.0837845532
 51
68.7689892465
  0
ARC
  5
877
100
AcDbEntity
  8
RUNDUNGEN
100
AcDbCircle
 62
9
  6
CONTINUOUS
 10
220.010646015
 20
215.8864096841
 40
26.7828046439
100
AcDbArc
 50
68.7693233365
 51
69.07315573
  0
ARC
  5
878
100
AcDbEntity
  8
RUNDUNGEN
100
AcDbCircle
 62
9
  6
CONTINUOUS
 10
220.1183840822
 20
216.1717512241
 40
26.4778036382
100
AcDbArc
 50
69.0703736136
 51
70.8533544682
  0
ARC
  5
879
100
AcDbEntity
  8
RUNDUNGEN
100
AcDbCircle
 62
9
  6
CONTINUOUS
 10
220.2380509023
 20
216.5129127314
 40
26.1162652864
100
AcDbArc
 50
70.8558786189
 51
71.5615244407
  0
ARC
  5
87A
100
AcDbEntity
  8
RUNDUNGEN
100
AcDbCircle
 62
9
  6
CONTINUOUS
 10
220.3025553986
 20
216.7064064254
 40
25.9123029378
100
AcDbArc
 50
71.5615105219
 51
72.2721492008
  0
ARC
  5
87B
100
AcDbEntity
  8
0
100
AcDbCircle
 62
9
  6
CONTINUOUS
 10
220.1458256002
 20
217.3667331311
 40
20.8480575481
100
AcDbArc
 50
228.4783461867
 51
232.778874347
  0
ARC
  5
87C
100
AcDbEntity
  8
0
100
AcDbCircle
 62
7
  6
CONTINUOUS
 10
219.9889362492
 20
217.2704196246
 40
19.747921669
100
AcDbArc
 50
230.5172714037
 51
233.4213157022
  0
ARC
  5
87D
100
AcDbEntity
  8
0
100
AcDbCircle
 62
9
  6
CONTINUOUS
 10
219.5480426175
 20
216.8395977671
 40
19.7237052498
100
AcDbArc
 50
229.9754635562
 51
234.3588202714
  0
ARC
  5
87E
100
AcDbEntity
  8
0
100
AcDbCircle
 62
7
  6
CONTINUOUS
 10
219.6668806932
 20
216.961811554
 40
19.6098043345
100
AcDbArc
 50
230.0980298126
 51
233.9936528246
  0
ARC
  5
87F
100
AcDbEntity
  8
RUNDUNGEN
100
AcDbCircle
 62
9
  6
CONTINUOUS
 10
202.1680206365
 20
201.4236747051
 40
10.5827144593
100
AcDbArc
 50
277.9289957315
 51
288.0439473294
  0
ARC
  5
880
100
AcDbEntity
  8
AUSFORMSCHRAEGEN
100
AcDbCircle
 62
7
  6
CONTINUOUS
 10
195.5664693643
 20
203.7470434616
 40
4.296303229
100
AcDbArc
 50
54.9682391573
 51
56.6151242868
  0
ARC
  5
881
100
AcDbEntity
  8
RUNDUNGEN
100
AcDbCircle
 62
7
  6
CONTINUOUS
 10
212.391540692
 20
183.6483193257
 40
2.6901109062
100
AcDbArc
 50
295.269149643
 51
298.6319407548
  0
ARC
  5
882
100
AcDbEntity
  8
FASEN
100
AcDbCircle
 62
7
  6
CONTINUOUS
 10
210.5369411026
 20
190.0140542165
 40
2.6867754921
100
AcDbArc
 50
115.3111805026
 51
118.1907725378
  0
ARC
  5
883
100
AcDbEntity
  8
FASEN
100
AcDbCircle
 62
7
  6
CONTINUOUS
 10
212.6832921135
 20
183.7352994926
 40
2.6779166898
100
AcDbArc
 50
281.1309226142
 51
282.4575836688
  0
ARC
  5
884
100
AcDbEntity
  8
RUNDUNGEN
100
AcDbCircle
 62
7
  6
CONTINUOUS
 10
210.2459927898
 20
189.9262527532
 40
2.6756223098
100
AcDbArc
 50
102.4759180559
 51
104.0170680098
  0
ARC
  5
885
100
AcDbEntity
  8
RUNDUNGEN
100
AcDbCircle
 62
7
  6
CONTINUOUS
 10
212.4027067142
 20
183.6248061244
 40
2.6640811733
100
AcDbArc
 50
288.890603988
 51
295.2678491322
  0
ARC
  5
886
100
AcDbEntity
  8
RUNDUNGEN
100
AcDbCircle
 62
7
  6
CONTINUOUS
 10
210.2419047208
 20
189.9423534163
 40
2.659010892
100
AcDbArc
 50
104.0156332625
 51
108.8838394951
  0
ARC
  5
887
100
AcDbEntity
  8
BEZUGSACHSEN
100
AcDbCircle
 62
7
  6
CONTINUOUS
 10
185.3572088675
 20
193.3297998381
 40
2.20806201
100
AcDbArc
 50
288.8889083512
 51
293.0366084142
  0
ARC
  5
888
100
AcDbEntity
  8
FASEN
100
AcDbCircle
 62
7
  6
CONTINUOUS
 10
213.6065487801
 20
186.3702312107
 40
2.176866905
100
AcDbArc
 50
328.7229932074
 51
334.0528615239
  0
ARC
  5
889
100
AcDbEntity
  8
RUNDUNGEN
100
AcDbCircle
 62
7
  6
CONTINUOUS
 10
204.1290437034
 20
206.2605930213
 40
1.9619227614
100
AcDbArc
 50
358.8548149222
 51
0.0014513226
  0
ARC
  5
88A
100
AcDbEntity
  8
BEZUGSACHSEN
100
AcDbCircle
 62
7
  6
CONTINUOUS
 10
213.6957825086
 20
189.2635610231
 40
1.6281116764
100
AcDbArc
 50
131.0077737002
 51
134.6304116929
  0
ARC
  5
88B
100
AcDbEntity
  8
BEZUGSACHSEN
100
AcDbCircle
 62
7
  6
CONTINUOUS
 10
214.7175516085
 20
186.1365258044
 40
1.49281836
100
AcDbArc
 50
270.7704365294
 51
277.0761829452
  0
ARC
  5
88C
100
AcDbEntity
  8
RUNDUNGEN
100
AcDbCircle
 62
7
  6
CONTINUOUS
 10
205.2771828273
 20
206.0724357223
 40
0.9811700039
100
AcDbArc
 50
251.11424765
 51
252.953891937
  0
ARC
  5
88D
100
AcDbEntity
  8
RUNDUNGEN
100
AcDbCircle
 62
7
  6
CONTINUOUS
 10
204.7474654541
 20
212.2781946832
 40
0.6000157049
100
AcDbArc
 50
251.1293798914
 51
288.8810191636
  0
ARC
  5
88E
100
AcDbEntity
  8
RUNDUNGEN
100
AcDbCircle
 62
7
  6
CONTINUOUS
 10
190.038813621
 20
217.3083318369
 40
0.599147163
100
AcDbArc
 50
179.999663876
 51
251.234443333
  0
ARC
  5
88F
100
AcDbEntity
  8
0
100
AcDbCircle
 62
7
  6
CONTINUOUS
 10
205.1383912541
 20
206.1239885421
 40
0.4467110085
100
AcDbArc
 50
288.9196018967
 51
299.6512715083
  0
ARC
  5
890
100
AcDbEntity
  8
RUNDUNGEN
100
AcDbCircle
 62
7
  6
CONTINUOUS
 10
204.5687128032
 20
216.0133646273
 40
0.2661995892
100
AcDbArc
 50
251.1182069809
 51
257.3052327376
  0
ARC
  5
891
100
AcDbEntity
  8
0
100
AcDbCircle
 62
9
  6
CONTINUOUS
 10
187.9884638882
 20
217.4903147199
 40
16.7525332364
100
AcDbArc
 50
61.1131223076
 51
61.553751221
  0
ARC
  5
892
100
AcDbEntity
  8
RUNDUNGEN
100
AcDbCircle
 62
7
  6
CONTINUOUS
 10
188.5439757996
 20
218.3269759934
 40
15.8213936123
100
AcDbArc
 50
63.2896007319
 51
64.0369301108
  0
ARC
  5
893
100
AcDbEntity
  8
RUNDUNGEN
100
AcDbCircle
 62
9
  6
CONTINUOUS
 10
193.0875180244
 20
222.2567738624
 40
14.8352397691
100
AcDbArc
 50
71.1178905973
 51
71.6590263401
  0
ARC
  5
894
100
AcDbEntity
  8
RUNDUNGEN
100
AcDbCircle
 62
9
  6
CONTINUOUS
 10
193.6341355071
 20
226.3904755597
 40
10.6323706343
100
AcDbArc
 50
109.7108060314
 51
119.6028215528
  0
ARC
  5
895
100
AcDbEntity
  8
RUNDUNGEN
100
AcDbCircle
 62
7
  6
CONTINUOUS
 10
189.2455861372
 20
220.7751087013
 40
1.9636600531
100
AcDbArc
 50
178.985833686
 51
180.0011308995
  0
ARC
  5
896
100
AcDbEntity
  8
RUNDUNGEN
100
AcDbCircle
 62
7
  6
CONTINUOUS
 10
188.3150930387
 20
221.0353896318
 40
0.984670107
100
AcDbArc
 50
144.2611619284
 51
146.3450323889
  0
ARC
  5
897
100
AcDbEntity
  8
RUNDUNGEN
100
AcDbCircle
 62
7
  6
CONTINUOUS
 10
190.0396463642
 20
218.9999939113
 40
0.6000035991
100
AcDbArc
 50
108.8831464244
 51
179.9998745837
  0
ARC
  5
898
100
AcDbEntity
  8
0
100
AcDbCircle
 62
7
  6
CONTINUOUS
 10
201.5927275855
 20
231.3911329774
 40
5.6818011717
100
AcDbArc
 50
174.2417028833
 51
174.9412658449
  0
ARC
  5
899
100
AcDbEntity
  8
FASEN
100
AcDbCircle
 62
7
  6
CONTINUOUS
 10
183.6668632205
 20
244.3094400186
 40
2.6867315561
100
AcDbArc
 50
115.2983522954
 51
118.1907860549
  0
ARC
  5
89A
100
AcDbEntity
  8
FASEN
100
AcDbCircle
 62
7
  6
CONTINUOUS
 10
185.8132422629
 20
238.0306079134
 40
2.6778775413
100
AcDbArc
 50
281.1309165779
 51
282.4700083937
  0
ARC
  5
89B
100
AcDbEntity
  8
RUNDUNGEN
100
AcDbCircle
 62
7
  6
CONTINUOUS
 10
183.3757545272
 20
244.2230510803
 40
2.6741915465
100
AcDbArc
 50
101.7757097613
 51
102.4312029514
  0
ARC
  5
89C
100
AcDbEntity
  8
RUNDUNGEN
100
AcDbCircle
 62
7
  6
CONTINUOUS
 10
183.3730585631
 20
244.2350692319
 40
2.661874806
100
AcDbArc
 50
102.4302204807
 51
108.8775007847
  0
ARC
  5
89D
100
AcDbEntity
  8
RUNDUNGEN
100
AcDbCircle
 62
7
  6
CONTINUOUS
 10
185.5331042809
 20
237.917863974
 40
2.6618247947
100
AcDbArc
 50
293.0387577667
 51
295.2540867078
  0
ARC
  5
89E
100
AcDbEntity
  8
RUNDUNGEN
100
AcDbCircle
 62
7
  6
CONTINUOUS
 10
185.5379508491
 20
237.9067215999
 40
2.649674412
100
AcDbArc
 50
288.8889083513
 51
293.0366084142
  0
ARC
  5
89F
100
AcDbEntity
  8
FASEN
100
AcDbCircle
 62
7
  6
CONTINUOUS
 10
186.7363106456
 20
240.66568307
 40
2.1770756847
100
AcDbArc
 50
328.7230952089
 51
334.0640327774
  0
ARC
  5
8A0
100
AcDbEntity
  8
BEZUGSACHSEN
100
AcDbCircle
 62
7
  6
CONTINUOUS
 10
186.8257248235
 20
243.5589078014
 40
1.6281116764
100
AcDbArc
 50
131.0077737002
 51
134.6304116929
  0
ARC
  5
8A1
100
AcDbEntity
  8
BEZUGSACHSEN
100
AcDbCircle
 62
7
  6
CONTINUOUS
 10
187.8474939234
 20
240.4318725828
 40
1.4928183599
100
AcDbArc
 50
270.7704365294
 51
277.0761829452
  0
ARC
  5
8A2
100
AcDbEntity
  8
RUNDUNGEN
100
AcDbCircle
 62
7
  6
CONTINUOUS
 10
195.1949020361
 20
231.8928674858
 40
0.7373995636
100
AcDbArc
 50
6.0882895906
 51
11.8691632024
  0
ARC
  5
8A3
100
AcDbEntity
  8
RUNDUNGEN
100
AcDbCircle
 62
7
  6
CONTINUOUS
 10
216.2659604609
 20
220.2395917418
 40
30.895263915
100
AcDbArc
 50
23.5554343477
 51
23.7567831099
  0
ARC
  5
8A4
100
AcDbEntity
  8
RUNDUNGEN
100
AcDbCircle
 62
7
  6
CONTINUOUS
 10
217.1997698585
 20
220.6841624529
 40
29.8615002198
100
AcDbArc
 50
23.6978599702
 51
31.1850096538
  0
ARC
  5
8A5
100
AcDbEntity
  8
0
100
AcDbCircle
 62
9
  6
CONTINUOUS
 10
217.7676277924
 20
224.8030060715
 40
21.0304701503
100
AcDbArc
 50
165.4245890732
 51
168.4473848286
  0
ARC
  5
8A6
100
AcDbEntity
  8
0
100
AcDbCircle
 62
9
  6
CONTINUOUS
 10
220.3324506237
 20
217.8036966897
 40
20.9664563768
100
AcDbArc
 50
229.6428818286
 51
230.0283464867
  0
ARC
  5
8A7
100
AcDbEntity
  8
0
100
AcDbCircle
 62
9
  6
CONTINUOUS
 10
217.0717791558
 20
224.821269519
 40
20.010385356
100
AcDbArc
 50
163.4541816777
 51
167.491057265
  0
ARC
  5
8A8
100
AcDbEntity
  8
0
100
AcDbCircle
 62
9
  6
CONTINUOUS
 10
217.8175233428
 20
224.9364240255
 40
19.7962311588
100
AcDbArc
 50
165.3573907333
 51
166.6080630456
  0
ARC
  5
8A9
100
AcDbEntity
  8
0
100
AcDbCircle
 62
9
  6
CONTINUOUS
 10
220.383044128
 20
217.430156451
 40
19.7942773163
100
AcDbArc
 50
230.5357098691
 51
232.4078158817
  0
ARC
  5
8AA
100
AcDbEntity
  8
0
100
AcDbCircle
 62
7
  6
CONTINUOUS
 10
217.1150155935
 20
224.8305705489
 40
19.7667232707
100
AcDbArc
 50
163.7803408734
 51
167.0247164983
  0
ARC
  5
8AB
100
AcDbEntity
  8
0
100
AcDbCircle
 62
7
  6
CONTINUOUS
 10
217.1165745207
 20
224.8965936356
 40
19.4488245224
100
AcDbArc
 50
164.3100562119
 51
166.6417890982
  0
ARC
  5
8AC
100
AcDbEntity
  8
RUNDUNGEN
100
AcDbCircle
 62
7
  6
CONTINUOUS
 10
218.5358941925
 20
226.2444538115
 40
18.123465061
100
AcDbArc
 50
56.3541212709
 51
56.916032427
  0
ARC
  5
8AD
100
AcDbEntity
  8
RUNDUNGEN
100
AcDbCircle
 62
7
  6
CONTINUOUS
 10
218.6622452303
 20
226.4385420917
 40
17.8918730951
100
AcDbArc
 50
56.9157744549
 51
57.6045502888
  0
ARC
  5
8AE
100
AcDbEntity
  8
RUNDUNGEN
100
AcDbCircle
 62
9
  6
CONTINUOUS
 10
218.4306560145
 20
226.6535936307
 40
17.6750877265
100
AcDbArc
 50
56.474473543
 51
58.0250929243
  0
ARC
  5
8AF
100
AcDbEntity
  8
RUNDUNGEN
100
AcDbCircle
 62
7
  6
CONTINUOUS
 10
218.8730527471
 20
226.7727280635
 40
17.4967541777
100
AcDbArc
 50
57.6011323855
 51
58.8975241156
  0
ARC
  5
8B0
100
AcDbEntity
  8
0
100
AcDbCircle
 62
7
  6
CONTINUOUS
 10
209.0886189702
 20
225.2219815957
 40
14.8716872272
100
AcDbArc
 50
152.5025119211
 51
153.0851372297
  0
ARC
  5
8B1
100
AcDbEntity
  8
BEZUGSACHSEN
100
AcDbCircle
 62
7
  6
CONTINUOUS
 10
212.2272665526
 20
229.2449446552
 40
2.20806201
100
AcDbArc
 50
288.8889083512
 51
293.0366084143
  0
ARC
  5
8B2
100
AcDbEntity
  8
0
100
AcDbCircle
 62
7
  6
CONTINUOUS
 10
204.3113184014
 20
231.1212441155
 40
8.4137535707
100
AcDbArc
 50
173.7251709091
 51
174.2705425766
  0
ARC
  5
8B3
100
AcDbEntity
  8
0
100
AcDbCircle
 62
7
  6
CONTINUOUS
 10
210.9427246566
 20
231.0471448844
 40
2.6270655661
100
AcDbArc
 50
342.8050607715
 51
344.4705237684
  0
ARC
  5
8B4
100
AcDbEntity
  8
BEZUGSACHSEN
100
AcDbCircle
 62
7
  6
CONTINUOUS
 10
210.7178122814
 20
234.5919130078
 40
2.2443447648
100
AcDbArc
 50
116.2434214431
 51
116.5233633102
  0
ARC
  5
8B5
100
AcDbEntity
  8
BEZUGSACHSEN
100
AcDbCircle
 62
7
  6
CONTINUOUS
 10
210.4265999934
 20
234.503032424
 40
2.2341128302
100
AcDbArc
 50
101.2288319503
 51
104.015503751
  0
ARC
  5
8B6
100
AcDbEntity
  8
BEZUGSACHSEN
100
AcDbCircle
 62
7
  6
CONTINUOUS
 10
210.4221800415
 20
234.5207601509
 40
2.21584241
100
AcDbArc
 50
104.0156332625
 51
108.8838394951
  0
ARC
  5
8B7
100
AcDbEntity
  8
0
100
AcDbCircle
 62
7
  6
CONTINUOUS
 10
211.0751151532
 20
233.5414183193
 40
1.3527946713
100
AcDbArc
 50
115.2820664616
 51
120.4835147664
  0
ARC
  5
8B8
100
AcDbEntity
  8
0
100
AcDbCircle
 62
7
  6
CONTINUOUS
 10
210.9327044442
 20
233.4948316227
 40
1.3507568792
100
AcDbArc
 50
114.1799849339
 51
120.4857001902
  0
ARC
  5
8B9
100
AcDbEntity
  8
0
100
AcDbCircle
 62
7
  6
CONTINUOUS
 10
210.9240653703
 20
233.5117808125
 40
1.3318191097
100
AcDbArc
 50
101.4656454504
 51
107.814841931
  0
ARC
  5
8BA
100
AcDbEntity
  8
0
100
AcDbCircle
 62
7
  6
CONTINUOUS
 10
210.9240284285
 20
233.5135506849
 40
1.3301264555
100
AcDbArc
 50
108.8893515505
 51
114.1693280525
  0
ARC
  5
8BB
100
AcDbEntity
  8
0
100
AcDbCircle
 62
7
  6
CONTINUOUS
 10
210.9216518799
 20
233.5200986472
 40
1.3231617488
100
AcDbArc
 50
107.825538023
 51
108.8837779894
  0
ARC
  5
8BC
100
AcDbEntity
  8
0
100
AcDbCircle
 62
7
  6
CONTINUOUS
 10
236.7434010603
 20
215.7130951739
 40
12.2305450151
100
AcDbArc
 50
258.3343243494
 51
264.0134535248
  0
ARC
  5
8BD
100
AcDbEntity
  8
0
100
AcDbCircle
 62
7
  6
CONTINUOUS
 10
236.755241098
 20
213.674186812
 40
10.1810124856
100
AcDbArc
 50
288.8824135149
 51
293.0737485906
  0
ARC
  5
8BE
100
AcDbEntity
  8
RUNDUNGEN
100
AcDbCircle
 62
9
  6
CONTINUOUS
 10
224.3563701862
 20
227.1468459794
 40
19.891231284
100
AcDbArc
 50
50.942464049
 51
51.8298109218
  0
ARC
  5
8BF
100
AcDbEntity
  8
RUNDUNGEN
100
AcDbCircle
 62
9
  6
CONTINUOUS
 10
232.3101627186
 20
225.1357861852
 40
17.1186597935
100
AcDbArc
 50
105.3088478441
 51
109.3163497795
  0
ARC
  5
8C0
100
AcDbEntity
  8
0
100
AcDbCircle
 62
7
  6
CONTINUOUS
 10
224.1711244375
 20
239.7450902584
 40
4.3800057996
100
AcDbArc
 50
25.3837848296
 51
28.2460165678
  0
ARC
  5
8C1
100
AcDbEntity
  8
0
100
AcDbCircle
 62
7
  6
CONTINUOUS
 10
224.0860538141
 20
239.7267585705
 40
4.3161498088
100
AcDbArc
 50
28.2186264623
 51
30.1299899837
  0
ARC
  5
8C2
100
AcDbEntity
  8
0
100
AcDbCircle
 62
7
  6
CONTINUOUS
 10
225.7258579459
 20
240.234627132
 40
4.0941911183
100
AcDbArc
 50
9.2756619148
 51
10.0504056353
  0
ARC
  5
8C3
100
AcDbEntity
  8
0
100
AcDbCircle
 62
7
  6
CONTINUOUS
 10
225.8739426401
 20
240.2841400828
 40
4.0874303877
100
AcDbArc
 50
8.982667764
 51
10.0509159572
  0
ARC
  5
8C4
100
AcDbEntity
  8
0
100
AcDbCircle
 62
7
  6
CONTINUOUS
 10
226.3152462445
 20
242.208751465
 40
1.4846003679
100
AcDbArc
 50
101.0892609949
 51
103.0617707938
  0
ARC
  5
8C5
100
AcDbEntity
  8
0
100
AcDbCircle
 62
7
  6
CONTINUOUS
 10
227.7293274256
 20
242.6992322045
 40
1.4780588377
100
AcDbArc
 50
108.8982061225
 51
120.7045932885
  0
ARC
  5
8C6
100
AcDbEntity
  8
0
100
AcDbCircle
 62
7
  6
CONTINUOUS
 10
224.8996526234
 20
241.7316350555
 40
1.4778844231
100
AcDbArc
 50
103.0961899248
 51
104.0629976747
  0
ARC
  5
8C7
100
AcDbEntity
  8
0
100
AcDbCircle
 62
7
  6
CONTINUOUS
 10
226.3146042568
 20
242.2168107088
 40
1.4766981136
100
AcDbArc
 50
108.8954333825
 51
120.5383897123
  0
ARC
  5
8C8
100
AcDbEntity
  8
0
100
AcDbCircle
 62
7
  6
CONTINUOUS
 10
225.6073636948
 20
241.9751140958
 40
1.4765045115
100
AcDbArc
 50
108.892384182
 51
120.4437616608
  0
ARC
  5
8C9
100
AcDbEntity
  8
0
100
AcDbCircle
 62
7
  6
CONTINUOUS
 10
227.0211873148
 20
242.4595142348
 40
1.4757009315
100
AcDbArc
 50
108.8869941751
 51
120.6275428472
  0
ARC
  5
8CA
100
AcDbEntity
  8
0
100
AcDbCircle
 62
7
  6
CONTINUOUS
 10
224.8995224973
 20
241.7350021941
 40
1.4746330478
100
AcDbArc
 50
108.8871852746
 51
120.557236031
  0
ARC
  5
8CB
100
AcDbEntity
  8
0
100
AcDbCircle
 62
7
  6
CONTINUOUS
 10
225.6059871605
 20
241.9768097094
 40
1.4744765783
100
AcDbArc
 50
102.5744213361
 51
103.0616041828
  0
ARC
  5
8CC
100
AcDbEntity
  8
0
100
AcDbCircle
 62
7
  6
CONTINUOUS
 10
227.0198462951
 20
242.4624344973
 40
1.4725038432
100
AcDbArc
 50
103.0825055201
 51
108.8744058323
  0
ARC
  5
8CD
100
AcDbEntity
  8
0
100
AcDbCircle
 62
7
  6
CONTINUOUS
 10
224.8977473853
 20
241.7390560266
 40
1.4702229145
100
AcDbArc
 50
104.0612469108
 51
108.8728718088
  0
ARC
  5
8CE
100
AcDbEntity
  8
0
100
AcDbCircle
 62
7
  6
CONTINUOUS
 10
225.6049955503
 20
241.9810592605
 40
1.4701128707
100
AcDbArc
 50
103.0613873949
 51
108.8800850888
  0
ARC
  5
8CF
100
AcDbEntity
  8
0
100
AcDbCircle
 62
7
  6
CONTINUOUS
 10
226.3117936952
 20
242.223282722
 40
1.4696647996
100
AcDbArc
 50
103.0586855863
 51
108.8734769184
  0
ARC
  5
8D0
100
AcDbEntity
  8
0
100
AcDbCircle
 62
7
  6
CONTINUOUS
 10
227.7256204545
 20
242.7086689496
 40
1.4679302021
100
AcDbArc
 50
103.0812487411
 51
108.8806144645
  0
ARC
  5
8D1
100
AcDbEntity
  8
RUNDUNGEN
100
AcDbCircle
 62
7
  6
CONTINUOUS
 10
227.2606289926
 20
251.1748509412
 40
33.0046813683
100
AcDbArc
 50
289.08420803
 51
291.92594299
  0
ARC
  5
8D2
100
AcDbEntity
  8
RUNDUNGEN
100
AcDbCircle
 62
9
  6
CONTINUOUS
 10
227.7119111569
 20
245.8042988005
 40
0.9337018539
100
AcDbArc
 50
288.7005558718
 51
289.4949523711
  0
ARC
  5
8D3
100
AcDbEntity
  8
RUNDUNGEN
100
AcDbCircle
 62
9
  6
CONTINUOUS
 10
227.3433423736
 20
245.4964728861
 40
0.5541319612
100
AcDbArc
 50
95.9258631303
 51
107.5482771414
  0
ARC
  5
8D4
100
AcDbEntity
  8
RUNDUNGEN
100
AcDbCircle
 62
7
  6
CONTINUOUS
 10
228.3280408236
 20
235.8356956095
 40
10.2649631036
100
AcDbArc
 50
95.8231166526
 51
96.4503070519
  0
ARC
  5
8D5
100
AcDbEntity
  8
RUNDUNGEN
100
AcDbCircle
 62
7
  6
CONTINUOUS
 10
228.3220265664
 20
235.8880432598
 40
10.2122711817
100
AcDbArc
 50
96.4497719551
 51
97.7456523686
  0
ARC
  5
8D6
100
AcDbEntity
  8
0
100
AcDbCircle
 62
7
  6
CONTINUOUS
 10
228.4549186676
 20
237.9449892673
 40
10.1680771625
100
AcDbArc
 50
104.8357853909
 51
108.8788669474
  0
ARC
  5
8D7
100
AcDbEntity
  8
RUNDUNGEN
100
AcDbCircle
 62
7
  6
CONTINUOUS
 10
228.2827872849
 20
236.1289158235
 40
9.9683098711
100
AcDbArc
 50
97.7087659711
 51
107.5353484831
  0
ARC
  5
8D8
100
AcDbEntity
  8
RUNDUNGEN
100
AcDbCircle
 62
9
  6
CONTINUOUS
 10
228.1249826771
 20
236.6213447523
 40
9.4512094086
100
AcDbArc
 50
95.7610572431
 51
107.5225237047
  0
ARC
  5
8D9
100
AcDbEntity
  8
0
100
AcDbCircle
 62
7
  6
CONTINUOUS
 10
231.6021850812
 20
243.1235513393
 40
2.7130739783
100
AcDbArc
 50
53.1172014888
 51
53.6462168964
  0
ARC
  5
8DA
100
AcDbEntity
  8
0
100
AcDbCircle
 62
7
  6
CONTINUOUS
 10
231.6763041219
 20
243.2256501507
 40
2.5869110635
100
AcDbArc
 50
53.62788606
 51
58.1318947509
  0
ARC
  5
8DB
100
AcDbEntity
  8
0
100
AcDbCircle
 62
7
  6
CONTINUOUS
 10
231.7903927301
 20
243.4050445704
 40
2.3743236637
100
AcDbArc
 50
58.1844397323
 51
60.9513574492
  0
ARC
  5
8DC
100
AcDbEntity
  8
0
100
AcDbCircle
 62
7
  6
CONTINUOUS
 10
229.8504512625
 20
243.4195879736
 40
1.4829539053
100
AcDbArc
 50
101.7710267948
 51
103.0606284358
  0
ARC
  5
8DD
100
AcDbEntity
  8
0
100
AcDbCircle
 62
7
  6
CONTINUOUS
 10
228.4350303908
 20
242.9415784407
 40
1.4771485096
100
AcDbArc
 50
103.0960662411
 51
104.4604513932
  0
ARC
  5
8DE
100
AcDbEntity
  8
0
100
AcDbCircle
 62
7
  6
CONTINUOUS
 10
229.1429756592
 20
243.1841710594
 40
1.4766881187
100
AcDbArc
 50
108.8931536593
 51
120.4179146747
  0
ARC
  5
8DF
100
AcDbEntity
  8
0
100
AcDbCircle
 62
7
  6
CONTINUOUS
 10
229.8498978969
 20
243.426549139
 40
1.4761329613
100
AcDbArc
 50
108.8930785556
 51
120.5253170957
  0
ARC
  5
8E0
100
AcDbEntity
  8
0
100
AcDbCircle
 62
7
  6
CONTINUOUS
 10
228.4350640085
 20
242.9441724484
 40
1.4746853317
100
AcDbArc
 50
108.8867912201
 51
120.6436467616
  0
ARC
  5
8E1
100
AcDbEntity
  8
0
100
AcDbCircle
 62
7
  6
CONTINUOUS
 10
229.8475388408
 20
243.4317431399
 40
1.470455023
100
AcDbArc
 50
103.0571125263
 51
108.8716430432
  0
ARC
  5
8E2
100
AcDbEntity
  8
0
100
AcDbCircle
 62
7
  6
CONTINUOUS
 10
228.4331709806
 20
242.9486744555
 40
1.4698129788
100
AcDbArc
 50
104.459338592
 51
108.8737787156
  0
ARC
  5
8E3
100
AcDbEntity
  8
0
100
AcDbCircle
 62
7
  6
CONTINUOUS
 10
229.1404385873
 20
243.1905891612
 40
1.4697943185
100
AcDbArc
 50
102.970945836
 51
108.8805945601
  0
ARC
  5
8E4
100
AcDbEntity
  8
RUNDUNGEN
100
AcDbCircle
 62
9
  6
CONTINUOUS
 10
228.3048790063
 20
240.8712518088
 40
0.5347304025
100
AcDbArc
 50
59.3998306634
 51
67.8688178666
  0
ARC
  5
8E5
100
AcDbEntity
  8
RUNDUNGEN
100
AcDbCircle
 62
9
  6
CONTINUOUS
 10
228.3045052587
 20
240.898105117
 40
0.5122266452
100
AcDbArc
 50
56.2587556347
 51
63.1483128323
  0
ARC
  5
8E6
100
AcDbEntity
  8
RUNDUNGEN
100
AcDbCircle
 62
9
  6
CONTINUOUS
 10
228.3172383551
 20
240.9012551324
 40
0.5022815143
100
AcDbArc
 50
67.8854326025
 51
80.0897898182
  0
ARC
  5
8E7
100
AcDbEntity
  8
0
100
AcDbCircle
 62
7
  6
CONTINUOUS
 10
231.8571004938
 20
243.5242774493
 40
2.2376993043
100
AcDbArc
 50
60.9621802719
 51
64.1752208007
  0
ARC
  5
8E8
100
AcDbEntity
  8
0
100
AcDbCircle
 62
7
  6
CONTINUOUS
 10
232.0624771329
 20
244.095734373
 40
1.6281469612
100
AcDbArc
 50
78.6444694921
 51
82.6171766916
  0
ARC
  5
8E9
100
AcDbEntity
  8
0
100
AcDbCircle
 62
7
  6
CONTINUOUS
 10
232.074025489
 20
244.1804426817
 40
1.5426570677
100
AcDbArc
 50
82.6382632394
 51
86.3275232345
  0
ARC
  5
8EA
100
AcDbEntity
  8
0
100
AcDbCircle
 62
7
  6
CONTINUOUS
 10
231.9863673133
 20
244.1237149103
 40
1.5082697899
100
AcDbArc
 50
119.5148823023
 51
120.6417977007
  0
ARC
  5
8EB
100
AcDbEntity
  8
0
100
AcDbCircle
 62
7
  6
CONTINUOUS
 10
232.1156344589
 20
244.185034159
 40
1.4916982841
100
AcDbArc
 50
95.8778700216
 51
108.163696639
  0
ARC
  5
8EC
100
AcDbEntity
  8
0
100
AcDbCircle
 62
7
  6
CONTINUOUS
 10
230.5571314639
 20
243.6679510187
 40
1.4765833068
100
AcDbArc
 50
108.8921692999
 51
120.5955117407
  0
ARC
  5
8ED
100
AcDbEntity
  8
0
100
AcDbCircle
 62
7
  6
CONTINUOUS
 10
231.9710477883
 20
244.1525273537
 40
1.475649496
100
AcDbArc
 50
108.8923992055
 51
119.5483890057
  0
ARC
  5
8EE
100
AcDbEntity
  8
0
100
AcDbCircle
 62
7
  6
CONTINUOUS
 10
230.5559116116
 20
243.6690153746
 40
1.4752057758
100
AcDbArc
 50
102.3525761358
 51
103.06280946
  0
ARC
  5
8EF
100
AcDbEntity
  8
0
100
AcDbCircle
 62
7
  6
CONTINUOUS
 10
231.263676411
 20
243.9112439643
 40
1.4750394858
100
AcDbArc
 50
108.8897340234
 51
120.4186883549
  0
ARC
  5
8F0
100
AcDbEntity
  8
0
100
AcDbCircle
 62
7
  6
CONTINUOUS
 10
231.9694070258
 20
244.1554308883
 40
1.4723881973
100
AcDbArc
 50
103.0932868471
 51
103.5172462059
  0
ARC
  5
8F1
100
AcDbEntity
  8
0
100
AcDbCircle
 62
7
  6
CONTINUOUS
 10
231.2620028413
 20
243.9146100108
 40
1.4713129913
100
AcDbArc
 50
103.0554671608
 51
108.8705089172
  0
ARC
  5
8F2
100
AcDbEntity
  8
0
100
AcDbCircle
 62
7
  6
CONTINUOUS
 10
230.5548052104
 20
243.6737521507
 40
1.4703415061
100
AcDbArc
 50
103.0625300966
 51
108.879598336
  0
ARC
  5
8F3
100
AcDbEntity
  8
0
100
AcDbCircle
 62
7
  6
CONTINUOUS
 10
231.9685363801
 20
244.1590786321
 40
1.4686379944
100
AcDbArc
 50
103.5174837156
 51
108.8824562498
  0
ARC
  5
8F4
100
AcDbEntity
  8
0
100
AcDbCircle
 62
7
  6
CONTINUOUS
 10
232.1089183717
 20
244.2096033159
 40
1.4662603452
100
AcDbArc
 50
108.21362002
 51
108.8712864187
  0
ARC
  5
8F5
100
AcDbEntity
  8
0
100
AcDbCircle
 62
7
  6
CONTINUOUS
 10
232.0792192205
 20
244.2594076656
 40
1.4635215698
100
AcDbArc
 50
86.3324218856
 51
92.9253332737
  0
ARC
  5
8F6
100
AcDbEntity
  8
0
100
AcDbCircle
 62
7
  6
CONTINUOUS
 10
232.0777019682
 20
244.3127017089
 40
1.4102200567
100
AcDbArc
 50
92.9742733294
 51
93.7925811438
  0
ARC
  5
8F7
100
AcDbEntity
  8
0
100
AcDbCircle
 62
7
  6
CONTINUOUS
 10
232.076991884
 20
244.323272943
 40
1.3996250049
100
AcDbArc
 50
93.7922005138
 51
94.9512738414
  0
ARC
  5
8F8
100
AcDbEntity
  8
0
100
AcDbCircle
 62
7
  6
CONTINUOUS
 10
232.0540088289
 20
244.3260844737
 40
1.3995524926
100
AcDbArc
 50
96.9980492303
 51
103.2298566011
  0
ARC
  5
8F9
100
AcDbEntity
  8
0
100
AcDbCircle
 62
7
  6
CONTINUOUS
 10
232.0546779671
 20
244.3391963533
 40
1.3872406629
100
AcDbArc
 50
114.8100693287
 51
116.2439671985
  0
ARC
  5
8FA
100
AcDbEntity
  8
0
100
AcDbCircle
 62
7
  6
CONTINUOUS
 10
232.0494212798
 20
244.3507748365
 40
1.374525066
100
AcDbArc
 50
108.8838042191
 51
114.8136938094
  0
ARC
  5
8FB
100
AcDbEntity
  8
0
100
AcDbCircle
 62
7
  6
CONTINUOUS
 10
232.0479760125
 20
244.3533826012
 40
1.3715982553
100
AcDbArc
 50
103.2455087515
 51
106.5887630558
  0
ARC
  5
8FC
100
AcDbEntity
  8
0
100
AcDbCircle
 62
7
  6
CONTINUOUS
 10
232.0463141065
 20
244.359262667
 40
1.3654884541
100
AcDbArc
 50
106.5923727018
 51
108.8757122746
  0
ARC
  5
8FD
100
AcDbEntity
  8
0
100
AcDbCircle
 62
7
  6
CONTINUOUS
 10
232.0716633841
 20
244.3734702009
 40
1.3491555184
100
AcDbArc
 50
94.9098181534
 51
108.8070558907
  0
ARC
  5
8FE
100
AcDbEntity
  8
0
100
AcDbCircle
 62
7
  6
CONTINUOUS
 10
232.0745247561
 20
244.3766042232
 40
1.3472264031
100
AcDbArc
 50
116.3169566114
 51
118.6334343475
  0
ARC
  5
8FF
100
AcDbEntity
  8
0
100
AcDbCircle
 62
7
  6
CONTINUOUS
 10
232.0687226449
 20
244.3884315196
 40
1.3340526568
100
AcDbArc
 50
110.2267989293
 51
116.3187913395
  0
ARC
  5
900
100
AcDbEntity
  8
0
100
AcDbCircle
 62
7
  6
CONTINUOUS
 10
232.0660677338
 20
244.395117901
 40
1.3268607259
100
AcDbArc
 50
108.8796844706
 51
110.2190497488
  0
ARC
  5
901
100
AcDbEntity
  8
RUNDUNGEN
100
AcDbCircle
 62
7
  6
CONTINUOUS
 10
258.1340193047
 20
219.674319097
 40
1.0000059985
100
AcDbArc
 50
288.8831409556
 51
359.9998800525
  0
ARC
  5
902
100
AcDbEntity
  8
RUNDUNGEN
100
AcDbCircle
 62
7
  6
CONTINUOUS
 10
242.4364604163
 20
244.0239193138
 40
1.0010145769
100
AcDbArc
 50
71.1505626669
 51
80.6697091128
  0
ARC
  5
903
100
AcDbEntity
  8
RUNDUNGEN
100
AcDbCircle
 62
7
  6
CONTINUOUS
 10
258.1340193047
 20
238.6561058499
 40
1.0000059985
100
AcDbArc
 50
0.0001199475
 51
71.1168590444
  0
ARC
  5
904
100
AcDbEntity
  8
RUNDUNGEN
100
AcDbCircle
 62
7
  6
CONTINUOUS
 10
242.4359810025
 20
244.0264487053
 40
0.9985967647
100
AcDbArc
 50
80.6190372291
 51
108.8819525204
  0
SPLINE
  5
905
100
AcDbEntity
  8
RUNDUNGEN
100
AcDbSpline
 62
7
  6
CONTINUOUS
 70
0
 71
3
 72
21
 73
17
 74
0
 42
0.0000001
 43
0.0000001
 44
0.0000000001
 40
0.0
 40
0.0
 40
0.0
 40
0.0
 40
0.1928908984
 40
0.3786738294
 40
0.5501083545
 40
0.700923084
 40
0.7667556224
 40
0.825375386
 40
0.8762223627
 40
0.9188118193
 40
0.9527732433
 40
0.9777571983
 40
0.9868074613
 40
0.9935392275
 40
0.9979373686
 40
1.0
 40
1.0
 40
1.0
 40
1.0
 10
94.8335793149
 20
201.4020825734
 30
0.0
 10
94.782142614
 20
201.402077589
 30
0.0
 10
94.6811646129
 20
201.4021657254
 30
0.0
 10
94.5344719463
 20
201.4025444916
 30
0.0
 10
94.3990002892
 20
201.4031521528
 30
0.0
 10
94.2955157714
 20
201.4038592923
 30
0.0
 10
94.2221157377
 20
201.4045456125
 30
0.0
 10
94.1753728021
 20
201.4050764412
 30
0.0
 10
94.1348297705
 20
201.4056441085
 30
0.0
 10
94.1008606615
 20
201.4062340058
 30
0.0
 10
94.0737972627
 20
201.4068562475
 30
0.0
 10
94.0556620169
 20
201.407385635
 30
0.0
 10
94.0448171662
 20
201.4078931609
 30
0.0
 10
94.0394175252
 20
201.4081616484
 30
0.0
 10
94.0359664886
 20
201.4085596298
 30
0.0
 10
94.0341896692
 20
201.4086894672
 30
0.0
 10
94.0337011588
 20
201.4089422238
 30
0.0
  0
SPLINE
  5
906
100
AcDbEntity
  8
RUNDUNGEN
100
AcDbSpline
 62
7
  6
CONTINUOUS
 70
0
 71
3
 72
21
 73
17
 74
0
 42
0.0000001
 43
0.0000001
 44
0.0000000001
 40
0.0
 40
0.0
 40
0.0
 40
0.0
 40
0.0020626388
 40
0.0064607793
 40
0.0131925403
 40
0.0222427965
 40
0.0472267437
 40
0.0811881741
 40
0.1237776415
 40
0.1746246233
 40
0.2332443844
 40
0.2990769166
 40
0.4498916358
 40
0.6213261673
 40
0.8071091054
 40
1.0
 40
1.0
 40
1.0
 40
1.0
 10
101.4472996605
 20
201.4089422238
 30
0.0
 10
101.4468111494
 20
201.4086894644
 30
0.0
 10
101.4450343278
 20
201.4085596227
 30
0.0
 10
101.4415832912
 20
201.4081616417
 30
0.0
 10
101.4361836534
 20
201.4078931549
 30
0.0
 10
101.4253388077
 20
201.4073856332
 30
0.0
 10
101.407203564
 20
201.4068562496
 30
0.0
 10
101.3801401627
 20
201.4062340077
 30
0.0
 10
101.3461710477
 20
201.4056441088
 30
0.0
 10
101.3056280125
 20
201.4050764407
 30
0.0
 10
101.2588850778
 20
201.4045456122
 30
0.0
 10
101.185485049
 20
201.4038592925
 30
0.0
 10
101.0820005339
 20
201.4031521518
 30
0.0
 10
100.9465288758
 20
201.4025444935
 30
0.0
 10
100.7998362065
 20
201.4021657242
 30
0.0
 10
100.6988582044
 20
201.4020775836
 30
0.0
 10
100.6474215044
 20
201.4020825734
 30
0.0
  0
SPLINE
  5
907
100
AcDbEntity
  8
RUNDUNGEN
100
AcDbSpline
 62
9
  6
CONTINUOUS
 70
0
 71
3
 72
11
 73
7
 74
0
 42
0.0000001
 43
0.0000001
 44
0.0000000001
 40
0.0
 40
0.0
 40
0.0
 40
0.0
 40
0.0769018218
 40
0.2712474906
 40
0.5804879452
 40
1.0
 40
1.0
 40
1.0
 40
1.0
 10
116.9254898126
 20
223.7782828935
 30
0.0
 10
116.9258400555
 20
223.7812237353
 30
0.0
 10
116.9252016863
 20
223.79171562
 30
0.0
 10
116.9266293573
 20
223.8140198724
 30
0.0
 10
116.9280344392
 20
223.8495512569
 30
0.0
 10
116.9281708461
 20
223.8776228909
 30
0.0
 10
116.9279902583
 20
223.8937780301
 30
0.0
  0
SPLINE
  5
908
100
AcDbEntity
  8
RUNDUNGEN
100
AcDbSpline
 62
9
  6
CONTINUOUS
 70
0
 71
3
 72
9
 73
5
 74
0
 42
0.0000001
 43
0.0000001
 44
0.0000000001
 40
0.0
 40
0.0
 40
0.0
 40
0.0
 40
0.6487138443
 40
1.0
 40
1.0
 40
1.0
 40
1.0
 10
78.5528730493
 20
223.8933532539
 30
0.0
 10
78.5526416797
 20
223.8699001829
 30
0.0
 10
78.5532848021
 20
223.8337343963
 30
0.0
 10
78.5553241897
 20
223.7976232669
 30
0.0
 10
78.555429006
 20
223.7849229684
 30
0.0
  0
LINE
  5
909
100
AcDbEntity
  8
RUNDUNGEN
100
AcDbLine
 62
9
  6
CONTINUOUS
 10
78.555429006
 20
223.7849229684
 11
78.5555109717
 21
223.7782828935
  0
SPLINE
  5
90A
100
AcDbEntity
  8
RUNDUNGEN
100
AcDbSpline
 62
9
  6
CONTINUOUS
 70
0
 71
3
 72
9
 73
5
 74
0
 42
0.0000001
 43
0.0000001
 44
0.0000000001
 40
0.0
 40
0.0
 40
0.0
 40
0.0
 40
0.6487138425
 40
1.0
 40
1.0
 40
1.0
 40
1.0
 10
116.9281277701
 20
212.6629079295
 30
0.0
 10
116.9283591396
 20
212.6863609991
 30
0.0
 10
116.9277160171
 20
212.7225267836
 30
0.0
 10
116.9256766297
 20
212.758637911
 30
0.0
 10
116.9255718133
 20
212.7713382089
 30
0.0
  0
LINE
  5
90B
100
AcDbEntity
  8
RUNDUNGEN
100
AcDbLine
 62
9
  6
CONTINUOUS
 10
116.9255718133
 20
212.7713382089
 11
116.9254898477
 21
212.7779782838
  0
SPLINE
  5
90C
100
AcDbEntity
  8
RUNDUNGEN
100
AcDbSpline
 62
9
  6
CONTINUOUS
 70
0
 71
3
 72
11
 73
7
 74
0
 42
0.0000001
 43
0.0000001
 44
0.0000000001
 40
0.0
 40
0.0
 40
0.0
 40
0.0
 40
0.0769018246
 40
0.271247493
 40
0.580487946
 40
1.0
 40
1.0
 40
1.0
 40
1.0
 10
78.5555110068
 20
212.7779782838
 30
0.0
 10
78.555160764
 20
212.7750374435
 30
0.0
 10
78.5557991328
 20
212.7645455645
 30
0.0
 10
78.5543714633
 20
212.7422413243
 30
0.0
 10
78.5529663814
 20
212.7067099594
 30
0.0
 10
78.5528299731
 20
212.6786383409
 30
0.0
 10
78.5530105603
 20
212.6624832107
 30
0.0
  0
SPLINE
  5
90D
100
AcDbEntity
  8
RUNDUNGEN
100
AcDbSpline
 62
7
  6
CONTINUOUS
 70
0
 71
3
 72
9
 73
5
 74
0
 42
0.0000001
 43
0.0000001
 44
0.0000000001
 40
0.0
 40
0.0
 40
0.0
 40
0.0
 40
0.2713697459
 40
1.0
 40
1.0
 40
1.0
 40
1.0
 10
116.9391304104
 20
223.8606720511
 30
0.0
 10
116.9513485903
 20
223.8186531398
 30
0.0
 10
116.9956035778
 20
223.6635921384
 30
0.0
 10
117.0372626456
 20
223.507777903
 30
0.0
 10
117.0655217282
 20
223.3937328789
 30
0.0
  0
SPLINE
  5
90E
100
AcDbEntity
  8
RUNDUNGEN
100
AcDbSpline
 62
7
  6
CONTINUOUS
 70
0
 71
3
 72
9
 73
5
 74
0
 42
0.0000001
 43
0.0000001
 44
0.0000000001
 40
0.0
 40
0.0
 40
0.0
 40
0.0
 40
0.6395870731
 40
1.0
 40
1.0
 40
1.0
 40
1.0
 10
117.0655217282
 20
223.3937328789
 30
0.0
 10
117.0747663107
 20
223.3564245681
 30
0.0
 10
117.0885747299
 20
223.297962647
 30
0.0
 10
117.1020967799
 20
223.2393465088
 30
0.0
 10
117.1055740413
 20
223.2179680938
 30
0.0
  0
SPLINE
  5
90F
100
AcDbEntity
  8
RUNDUNGEN
100
AcDbSpline
 62
7
  6
CONTINUOUS
 70
0
 71
3
 72
9
 73
5
 74
0
 42
0.0000001
 43
0.0000001
 44
0.0000000001
 40
0.0
 40
0.0
 40
0.0
 40
0.0
 40
0.3713932293
 40
1.0
 40
1.0
 40
1.0
 40
1.0
 10
78.375426778
 20
223.2179680938
 30
0.0
 10
78.3776940122
 20
223.2319071876
 30
0.0
 10
78.385794143
 20
223.2690867267
 30
0.0
 10
78.3942922015
 20
223.306139656
 30
0.0
 10
78.3998287958
 20
223.3293924536
 30
0.0
  0
SPLINE
  5
910
100
AcDbEntity
  8
RUNDUNGEN
100
AcDbSpline
 62
7
  6
CONTINUOUS
 70
0
 71
3
 72
9
 73
5
 74
0
 42
0.0000001
 43
0.0000001
 44
0.0000000001
 40
0.0
 40
0.0
 40
0.0
 40
0.0
 40
0.2190639322
 40
1.0
 40
1.0
 40
1.0
 40
1.0
 10
78.4154790912
 20
223.3937328789
 30
0.0
 10
78.4239752306
 20
223.4280207023
 30
0.0
 10
78.4637158028
 20
223.584302278
 30
0.0
 10
78.50670947
 20
223.739751882
 30
0.0
 10
78.5418704089
 20
223.8606720511
 30
0.0
  0
SPLINE
  5
911
100
AcDbEntity
  8
RUNDUNGEN
100
AcDbSpline
 62
7
  6
CONTINUOUS
 70
0
 71
3
 72
9
 73
5
 74
0
 42
0.0000001
 43
0.0000001
 44
0.0000000001
 40
0.0
 40
0.0
 40
0.0
 40
0.0
 40
0.2713697459
 40
1.0
 40
1.0
 40
1.0
 40
1.0
 10
78.5418704089
 20
212.6955891262
 30
0.0
 10
78.5296522291
 20
212.7376080375
 30
0.0
 10
78.4853972415
 20
212.8926690389
 30
0.0
 10
78.4437381737
 20
213.0484832743
 30
0.0
 10
78.4154790912
 20
213.1625282984
 30
0.0
  0
SPLINE
  5
912
100
AcDbEntity
  8
RUNDUNGEN
100
AcDbSpline
 62
7
  6
CONTINUOUS
 70
0
 71
3
 72
9
 73
5
 74
0
 42
0.0000001
 43
0.0000001
 44
0.0000000001
 40
0.0
 40
0.0
 40
0.0
 40
0.0
 40
0.6395870731
 40
1.0
 40
1.0
 40
1.0
 40
1.0
 10
78.4154790912
 20
213.1625282984
 30
0.0
 10
78.4062345087
 20
213.1998366092
 30
0.0
 10
78.3924260894
 20
213.2582985303
 30
0.0
 10
78.3789040394
 20
213.3169146685
 30
0.0
 10
78.375426778
 20
213.3382930835
 30
0.0
  0
SPLINE
  5
913
100
AcDbEntity
  8
RUNDUNGEN
100
AcDbSpline
 62
7
  6
CONTINUOUS
 70
0
 71
3
 72
9
 73
5
 74
0
 42
0.0000001
 43
0.0000001
 44
0.0000000001
 40
0.0
 40
0.0
 40
0.0
 40
0.0
 40
0.3713932293
 40
1.0
 40
1.0
 40
1.0
 40
1.0
 10
117.1055740413
 20
213.3382930835
 30
0.0
 10
117.1033068071
 20
213.3243539897
 30
0.0
 10
117.0952066763
 20
213.2871744506
 30
0.0
 10
117.0867086178
 20
213.2501215213
 30
0.0
 10
117.0811720235
 20
213.2268687237
 30
0.0
  0
SPLINE
  5
914
100
AcDbEntity
  8
RUNDUNGEN
100
AcDbSpline
 62
7
  6
CONTINUOUS
 70
0
 71
3
 72
9
 73
5
 74
0
 42
0.0000001
 43
0.0000001
 44
0.0000000001
 40
0.0
 40
0.0
 40
0.0
 40
0.0
 40
0.2190639322
 40
1.0
 40
1.0
 40
1.0
 40
1.0
 10
117.0655217282
 20
213.1625282984
 30
0.0
 10
117.0570255887
 20
213.128240475
 30
0.0
 10
117.0172850165
 20
212.9719588993
 30
0.0
 10
116.9742913493
 20
212.8165092953
 30
0.0
 10
116.9391304104
 20
212.6955891262
 30
0.0
  0
LINE
  5
915
100
AcDbEntity
  8
0
100
AcDbLine
 62
7
  6
CONTINUOUS
 10
119.1834479682
 20
215.3339722496
 11
119.0946833152
 21
215.333920214
  0
LINE
  5
916
100
AcDbEntity
  8
0
100
AcDbLine
 62
7
  6
CONTINUOUS
 10
119.0946833152
 20
215.333920214
 11
119.0104880819
 21
215.3338253935
  0
SPLINE
  5
917
100
AcDbEntity
  8
0
100
AcDbSpline
 62
7
  6
CONTINUOUS
 70
0
 71
3
 72
18
 73
14
 74
0
 42
0.0000001
 43
0.0000001
 44
0.0000000001
 40
0.0
 40
0.0
 40
0.0
 40
0.0
 40
0.2117746355
 40
0.4059344482
 40
0.57834464
 40
0.725242958
 40
0.8431689008
 40
0.8904393048
 40
0.9295187077
 40
0.960139804
 40
0.9821624224
 40
0.9954813968
 40
1.0
 40
1.0
 40
1.0
 40
1.0
 10
119.0104880819
 20
215.3338253935
 30
0.0
 10
118.9838955066
 20
215.3337878106
 30
0.0
 10
118.932921906
 20
215.333701546
 30
0.0
 10
118.8603006755
 20
215.3335278
 30
0.0
 10
118.7958201271
 20
215.3333257918
 30
0.0
 10
118.7409301229
 20
215.3330784421
 30
0.0
 10
118.7017095827
 20
215.3328816958
 30
0.0
 10
118.67610847
 20
215.3326336307
 30
0.0
 10
118.6613160214
 20
215.33259098
 30
0.0
 10
118.6500733432
 20
215.332185544
 30
0.0
 10
118.6411655566
 20
215.3326395375
 30
0.0
 10
118.6372708818
 20
215.3314518688
 30
0.0
 10
118.6338715851
 20
215.3324487916
 30
0.0
 10
118.6337923573
 20
215.3318869479
 30
0.0
  0
SPLINE
  5
918
100
AcDbEntity
  8
0
100
AcDbSpline
 62
7
  6
CONTINUOUS
 70
0
 71
3
 72
14
 73
10
 74
0
 42
0.0000001
 43
0.0000001
 44
0.0000000001
 40
0.0
 40
0.0
 40
0.0
 40
0.0
 40
0.0164411112
 40
0.064900456
 40
0.1450301402
 40
0.2564512016
 40
0.3986642141
 40
0.5707090392
 40
1.0
 40
1.0
 40
1.0
 40
1.0
 10
118.6337923573
 20
221.2243742293
 30
0.0
 10
118.6338706446
 20
221.2238190548
 30
0.0
 10
118.6372292841
 20
221.2248020228
 30
0.0
 10
118.6410778179
 20
221.2236290817
 30
0.0
 10
118.6498798484
 20
221.2240760506
 30
0.0
 10
118.6609899295
 20
221.2236748031
 30
0.0
 10
118.6756095149
 20
221.2236317459
 30
0.0
 10
118.7009153694
 20
221.2233842333
 30
0.0
 10
118.7214437502
 20
221.2232862175
 30
0.0
 10
118.7360830364
 20
221.2232105706
 30
0.0
  0
LINE
  5
919
100
AcDbEntity
  8
0
100
AcDbLine
 62
7
  6
CONTINUOUS
 10
119.0100688327
 20
221.2224363774
 11
119.0944213795
 21
221.2223411881
  0
LINE
  5
91A
100
AcDbEntity
  8
0
100
AcDbLine
 62
7
  6
CONTINUOUS
 10
119.0944213795
 20
221.2223411881
 11
119.1834479682
 21
221.2222889277
  0
LINE
  5
91B
100
AcDbEntity
  8
0
100
AcDbLine
 62
7
  6
CONTINUOUS
 10
118.4612046187
 20
215.374235543
 11
118.5385271858
 21
215.3740011587
  0
LINE
  5
91C
100
AcDbEntity
  8
0
100
AcDbLine
 62
7
  6
CONTINUOUS
 10
119.0006012775
 20
215.347295355
 11
118.6367245705
 21
215.3527561132
  0
LINE
  5
91D
100
AcDbEntity
  8
0
100
AcDbLine
 62
7
  6
CONTINUOUS
 10
118.5385271858
 20
221.1822600186
 11
118.4612046187
 21
221.1820256343
  0
SPLINE
  5
91E
100
AcDbEntity
  8
0
100
AcDbSpline
 62
7
  6
CONTINUOUS
 70
0
 71
3
 72
17
 73
13
 74
0
 42
0.0000001
 43
0.0000001
 44
0.0000000001
 40
0.0
 40
0.0
 40
0.0
 40
0.0
 40
0.0040332199
 40
0.0161442431
 40
0.0363245855
 40
0.0645380761
 40
0.1449030947
 40
0.2567323323
 40
0.3992496483
 40
0.5716052899
 40
0.7724190114
 40
1.0
 40
1.0
 40
1.0
 40
1.0
 10
118.6266425104
 20
215.2816212613
 30
0.0
 10
118.6266037874
 20
215.2813513561
 30
0.0
 10
118.6284246392
 20
215.2816807231
 30
0.0
 10
118.6301693323
 20
215.2811467699
 30
0.0
 10
118.634658726
 20
215.2812505315
 30
0.0
 10
118.643117963
 20
215.2809044421
 30
0.0
 10
118.6581974038
 20
215.2807779201
 30
0.0
 10
118.6807380199
 20
215.2804665163
 30
0.0
 10
118.7096177136
 20
215.2802303449
 30
0.0
 10
118.7444683518
 20
215.2799740922
 30
0.0
 10
118.7850859176
 20
215.2797367994
 30
0.0
 10
118.8140464632
 20
215.2795926678
 30
0.0
 10
118.8294320865
 20
215.2795219838
 30
0.0
  0
SPLINE
  5
91F
100
AcDbEntity
  8
0
100
AcDbSpline
 62
7
  6
CONTINUOUS
 70
0
 71
3
 72
9
 73
5
 74
0
 42
0.0000001
 43
0.0000001
 44
0.0000000001
 40
0.0
 40
0.0
 40
0.0
 40
0.0
 40
0.2585244289
 40
1.0
 40
1.0
 40
1.0
 40
1.0
 10
119.183447972
 20
221.4161463579
 30
0.0
 10
119.1719217416
 20
221.4092969786
 30
0.0
 10
119.1271453195
 20
221.3831345587
 30
0.0
 10
119.0814651892
 20
221.3584588686
 30
0.0
 10
119.0468624412
 20
221.3416830692
 30
0.0
  0
SPLINE
  5
920
100
AcDbEntity
  8
0
100
AcDbSpline
 62
7
  6
CONTINUOUS
 70
0
 71
3
 72
9
 73
5
 74
0
 42
0.0000001
 43
0.0000001
 44
0.0000000001
 40
0.0
 40
0.0
 40
0.0
 40
0.0
 40
0.5409168334
 40
1.0
 40
1.0
 40
1.0
 40
1.0
 10
119.0468624412
 20
221.3416830692
 30
0.0
 10
119.0098406753
 20
221.3237345028
 30
0.0
 10
118.9399725115
 20
221.2936184233
 30
0.0
 10
118.8643504807
 20
221.276899614
 30
0.0
 10
118.8294320865
 20
221.2767391935
 30
0.0
  0
SPLINE
  5
921
100
AcDbEntity
  8
0
100
AcDbSpline
 62
7
  6
CONTINUOUS
 70
0
 71
3
 72
9
 73
5
 74
0
 42
0.0000001
 43
0.0000001
 44
0.0000000001
 40
0.0
 40
0.0
 40
0.0
 40
0.0
 40
0.2575471681
 40
1.0
 40
1.0
 40
1.0
 40
1.0
 10
119.5950904482
 20
221.5624713518
 30
0.0
 10
119.5578334392
 20
221.5571005013
 30
0.0
 10
119.414412983
 20
221.528299888
 30
0.0
 10
119.2767341984
 20
221.4715810249
 30
0.0
 10
119.183447972
 20
221.4161463579
 30
0.0
  0
LINE
  5
922
100
AcDbEntity
  8
0
100
AcDbLine
 62
7
  6
CONTINUOUS
 10
118.6367245705
 20
221.2035050641
 11
118.7274642981
 21
221.2048666768
  0
LINE
  5
923
100
AcDbEntity
  8
0
100
AcDbLine
 62
7
  6
CONTINUOUS
 10
118.7274642981
 20
221.2048666768
 11
119.0005974802
 21
221.2089657653
  0
SPLINE
  5
924
100
AcDbEntity
  8
0
100
AcDbSpline
 62
7
  6
CONTINUOUS
 70
0
 71
3
 72
9
 73
5
 74
0
 42
0.0000001
 43
0.0000001
 44
0.0000000001
 40
0.0
 40
0.0
 40
0.0
 40
0.0
 40
0.2407261338
 40
1.0
 40
1.0
 40
1.0
 40
1.0
 10
119.1834479682
 20
215.1401148216
 30
0.0
 10
119.2136877298
 20
215.1221450613
 30
0.0
 10
119.3428126469
 20
215.0536359986
 30
0.0
 10
119.4852768494
 20
215.0096202005
 30
0.0
 10
119.5950904482
 20
214.9937898255
 30
0.0
  0
SPLINE
  5
925
100
AcDbEntity
  8
0
100
AcDbSpline
 62
7
  6
CONTINUOUS
 70
0
 71
3
 72
17
 73
13
 74
0
 42
0.0000001
 43
0.0000001
 44
0.0000000001
 40
0.0
 40
0.0
 40
0.0
 40
0.0
 40
0.2275809005
 40
0.428394333
 40
0.6007495218
 40
0.7432668684
 40
0.8550964209
 40
0.9354616435
 40
0.9636752349
 40
0.9838556675
 40
0.9959667556
 40
1.0
 40
1.0
 40
1.0
 40
1.0
 10
118.8294320865
 20
221.2767391935
 30
0.0
 10
118.8140464692
 20
221.2766685095
 30
0.0
 10
118.7850859491
 20
221.2765243781
 30
0.0
 10
118.7444684394
 20
221.276287086
 30
0.0
 10
118.7096178492
 20
221.2760308335
 30
0.0
 10
118.6807381628
 20
221.2757946623
 30
0.0
 10
118.6581975098
 20
221.2754832586
 30
0.0
 10
118.6431180267
 20
221.2753567362
 30
0.0
 10
118.6346587637
 20
221.2750106457
 30
0.0
 10
118.6301693509
 20
221.2751144088
 30
0.0
 10
118.6284246495
 20
221.2745804521
 30
0.0
 10
118.6266037872
 20
221.2749098229
 30
0.0
 10
118.6266425104
 20
221.274639916
 30
0.0
  0
SPLINE
  5
926
100
AcDbEntity
  8
0
100
AcDbSpline
 62
7
  6
CONTINUOUS
 70
0
 71
3
 72
9
 73
5
 74
0
 42
0.0000001
 43
0.0000001
 44
0.0000000001
 40
0.0
 40
0.0
 40
0.0
 40
0.0
 40
0.4513051715
 40
1.0
 40
1.0
 40
1.0
 40
1.0
 10
118.8294320865
 20
215.2795219838
 30
0.0
 10
118.8766961517
 20
215.2793048454
 30
0.0
 10
118.9800279836
 20
215.2496120671
 30
0.0
 10
119.0731842347
 20
215.202498513
 30
0.0
 10
119.123441171
 20
215.1746353272
 30
0.0
  0
SPLINE
  5
927
100
AcDbEntity
  8
RUNDUNGEN
100
AcDbSpline
 62
7
  6
CONTINUOUS
 70
0
 71
3
 72
18
 73
14
 74
0
 42
0.0000001
 43
0.0000001
 44
0.0000000001
 40
0.0
 40
0.0
 40
0.0
 40
0.0
 40
0.1938307039
 40
0.3807819734
 40
0.5532124869
 40
0.7047318162
 40
0.8295277498
 40
0.8802639541
 40
0.9225579733
 40
0.9559519918
 40
0.9800726439
 40
0.9947582204
 40
1.0
 40
1.0
 40
1.0
 40
1.0
 10
117.5773686463
 20
220.778294913
 30
0.0
 10
117.5741131212
 20
220.8041249837
 30
0.0
 10
117.5677014699
 20
220.854866648
 30
0.0
 10
117.5583621635
 20
220.9285809062
 30
0.0
 10
117.5497479584
 20
220.9966642715
 30
0.0
 10
117.5422819755
 20
221.0564601824
 30
0.0
 10
117.5369640353
 20
221.1000980042
 30
0.0
 10
117.533654351
 20
221.1291159179
 30
0.0
 10
117.5317535714
 20
221.1461024986
 30
0.0
 10
117.5306181488
 20
221.1591675772
 30
0.0
 10
117.529422157
 20
221.1694701386
 30
0.0
 10
117.5298846575
 20
221.1742416841
 30
0.0
 10
117.52918881
 20
221.1781518965
 30
0.0
 10
117.5298786832
 20
221.1782924761
 30
0.0
  0
SPLINE
  5
928
100
AcDbEntity
  8
RUNDUNGEN
100
AcDbSpline
 62
7
  6
CONTINUOUS
 70
0
 71
3
 72
18
 73
14
 74
0
 42
0.0000001
 43
0.0000001
 44
0.0000000001
 40
0.0
 40
0.0
 40
0.0
 40
0.0
 40
0.0052417796
 40
0.0199273561
 40
0.0440480082
 40
0.0774420267
 40
0.1197360459
 40
0.1704722502
 40
0.2952681838
 40
0.4467875131
 40
0.6192180266
 40
0.8061692961
 40
1.0
 40
1.0
 40
1.0
 40
1.0
 10
117.5298786832
 20
215.3779687012
 30
0.0
 10
117.52918881
 20
215.3781092808
 30
0.0
 10
117.5298846575
 20
215.3820194932
 30
0.0
 10
117.529422157
 20
215.3867910387
 30
0.0
 10
117.5306181488
 20
215.3970936001
 30
0.0
 10
117.5317535714
 20
215.4101586787
 30
0.0
 10
117.533654351
 20
215.4271452593
 30
0.0
 10
117.5369640353
 20
215.4561631731
 30
0.0
 10
117.5422819755
 20
215.4998009949
 30
0.0
 10
117.5497479584
 20
215.5595969057
 30
0.0
 10
117.5583621635
 20
215.6276802711
 30
0.0
 10
117.5677014699
 20
215.7013945293
 30
0.0
 10
117.5741131212
 20
215.7521361936
 30
0.0
 10
117.5773686463
 20
215.7779662643
 30
0.0
  0
SPLINE
  5
929
100
AcDbEntity
  8
0
100
AcDbSpline
 62
7
  6
CONTINUOUS
 70
0
 71
3
 72
10
 73
6
 74
0
 42
0.0000001
 43
0.0000001
 44
0.0000000001
 40
0.0
 40
0.0
 40
0.0
 40
0.0
 40
0.3497459343
 40
0.6252799039
 40
1.0
 40
1.0
 40
1.0
 40
1.0
 10
118.770941281
 20
123.4624925417
 30
0.0
 10
118.7738679419
 20
123.461118605
 30
0.0
 10
118.7790320142
 20
123.4583949927
 30
0.0
 10
118.7864964175
 20
123.4532093073
 30
0.0
 10
118.790501798
 20
123.4476239372
 30
0.0
 10
118.7904998131
 20
123.4441599548
 30
0.0
  0
SPLINE
  5
92A
100
AcDbEntity
  8
0
100
AcDbSpline
 62
7
  6
CONTINUOUS
 70
0
 71
3
 72
10
 73
6
 74
0
 42
0.0000001
 43
0.0000001
 44
0.0000000001
 40
0.0
 40
0.0
 40
0.0
 40
0.0
 40
0.3496957459
 40
0.6251409254
 40
1.0
 40
1.0
 40
1.0
 40
1.0
 10
118.7709485668
 20
122.4624925189
 30
0.0
 10
118.7738735133
 20
122.4611188534
 30
0.0
 10
118.7790336844
 20
122.4583958906
 30
0.0
 10
118.786493417
 20
122.4532064389
 30
0.0
 10
118.7904912069
 20
122.447623979
 30
0.0
 10
118.7904948485
 20
122.444160003
 30
0.0
  0
SPLINE
  5
92B
100
AcDbEntity
  8
0
100
AcDbSpline
 62
7
  6
CONTINUOUS
 70
0
 71
3
 72
10
 73
6
 74
0
 42
0.0000001
 43
0.0000001
 44
0.0000000001
 40
0.0
 40
0.0
 40
0.0
 40
0.0
 40
0.3499176202
 40
0.625349474
 40
1.0
 40
1.0
 40
1.0
 40
1.0
 10
118.7709492761
 20
121.4624925766
 30
0.0
 10
118.7738765812
 20
121.4611190641
 30
0.0
 10
118.7790395252
 20
121.4583972958
 30
0.0
 10
118.7865008413
 20
121.4532089286
 30
0.0
 10
118.7904906898
 20
121.4476220311
 30
0.0
 10
118.7904899261
 20
121.4441599592
 30
0.0
  0
SPLINE
  5
92C
100
AcDbEntity
  8
0
100
AcDbSpline
 62
7
  6
CONTINUOUS
 70
0
 71
3
 72
10
 73
6
 74
0
 42
0.0000001
 43
0.0000001
 44
0.0000000001
 40
0.0
 40
0.0
 40
0.0
 40
0.0
 40
0.3746619819
 40
0.6502120487
 40
1.0
 40
1.0
 40
1.0
 40
1.0
 10
118.7904983689
 20
124.2441599978
 30
0.0
 10
118.7905016186
 20
124.2406965457
 30
0.0
 10
118.7864983656
 20
124.2351096119
 30
0.0
 10
118.7790329902
 20
124.2299249909
 30
0.0
 10
118.7738683735
 20
124.2272013575
 30
0.0
 10
118.7709412738
 20
124.2258274241
 30
0.0
  0
SPLINE
  5
92D
100
AcDbEntity
  8
0
100
AcDbSpline
 62
7
  6
CONTINUOUS
 70
0
 71
3
 72
10
 73
6
 74
0
 42
0.0000001
 43
0.0000001
 44
0.0000000001
 40
0.0
 40
0.0
 40
0.0
 40
0.0
 40
0.374770606
 40
0.6501877997
 40
1.0
 40
1.0
 40
1.0
 40
1.0
 10
118.7904902013
 20
123.2441599526
 30
0.0
 10
118.7904886465
 20
123.2406972227
 30
0.0
 10
118.7864971009
 20
123.235112673
 30
0.0
 10
118.7790381126
 20
123.2299231386
 30
0.0
 10
118.7738775775
 20
123.2272007756
 30
0.0
 10
118.7709517352
 20
123.2258274309
 30
0.0
  0
SPLINE
  5
92E
100
AcDbEntity
  8
0
100
AcDbSpline
 62
7
  6
CONTINUOUS
 70
0
 71
3
 72
10
 73
6
 74
0
 42
0.0000001
 43
0.0000001
 44
0.0000000001
 40
0.0
 40
0.0
 40
0.0
 40
0.0
 40
0.3747371283
 40
0.6502659467
 40
1.0
 40
1.0
 40
1.0
 40
1.0
 10
118.7905000949
 20
122.2441599795
 30
0.0
 10
118.7905016058
 20
122.2406958589
 30
0.0
 10
118.786495806
 20
122.2351109595
 30
0.0
 10
118.7790316849
 20
122.2299249666
 30
0.0
 10
118.7738678083
 20
122.227201377
 30
0.0
 10
118.7709412866
 20
122.2258274449
 30
0.0
  0
SPLINE
  5
92F
100
AcDbEntity
  8
0
100
AcDbSpline
 62
7
  6
CONTINUOUS
 70
0
 71
3
 72
10
 73
6
 74
0
 42
0.0000001
 43
0.0000001
 44
0.0000000001
 40
0.0
 40
0.0
 40
0.0
 40
0.0
 40
0.374699151
 40
0.6501175516
 40
1.0
 40
1.0
 40
1.0
 40
1.0
 10
118.7904895833
 20
121.2441599655
 30
0.0
 10
118.7904894317
 20
121.2406976974
 30
0.0
 10
118.7864993488
 20
121.2351117951
 30
0.0
 10
118.7790393045
 20
121.2299227253
 30
0.0
 10
118.7738774157
 20
121.2272008081
 30
0.0
 10
118.7709506744
 20
121.2258274157
 30
0.0
  0
SPLINE
  5
930
100
AcDbEntity
  8
0
100
AcDbSpline
 62
7
  6
CONTINUOUS
 70
0
 71
3
 72
10
 73
6
 74
0
 42
0.0000001
 43
0.0000001
 44
0.0000000001
 40
0.0
 40
0.0
 40
0.0
 40
0.0
 40
0.3496807901
 40
0.6251701893
 40
1.0
 40
1.0
 40
1.0
 40
1.0
 10
118.7709435298
 20
120.4624923451
 30
0.0
 10
118.7738690886
 20
120.4611184888
 30
0.0
 10
118.7790311141
 20
120.4583951317
 30
0.0
 10
118.7864933958
 20
120.4532071794
 30
0.0
 10
118.7904972083
 20
120.4476245224
 30
0.0
 10
118.7904995478
 20
120.4441599865
 30
0.0
  0
SPLINE
  5
931
100
AcDbEntity
  8
0
100
AcDbSpline
 62
7
  6
CONTINUOUS
 70
0
 71
3
 72
10
 73
6
 74
0
 42
0.0000001
 43
0.0000001
 44
0.0000000001
 40
0.0
 40
0.0
 40
0.0
 40
0.0
 40
0.3499250292
 40
0.6254388108
 40
1.0
 40
1.0
 40
1.0
 40
1.0
 10
118.7709454403
 20
119.4624924106
 30
0.0
 10
118.7738733605
 20
119.4611186581
 30
0.0
 10
118.7790379549
 20
119.4583960591
 30
0.0
 10
118.7865032194
 20
119.4532111668
 30
0.0
 10
118.7904948353
 20
119.4476218156
 30
0.0
 10
118.7904918632
 20
119.4441599386
 30
0.0
  0
SPLINE
  5
932
100
AcDbEntity
  8
0
100
AcDbSpline
 62
7
  6
CONTINUOUS
 70
0
 71
3
 72
10
 73
6
 74
0
 42
0.0000001
 43
0.0000001
 44
0.0000000001
 40
0.0
 40
0.0
 40
0.0
 40
0.0
 40
0.3497025754
 40
0.6251414583
 40
1.0
 40
1.0
 40
1.0
 40
1.0
 10
118.7709495179
 20
118.4624923468
 30
0.0
 10
118.7738743692
 20
118.4611187314
 30
0.0
 10
118.7790342274
 20
118.4583958654
 30
0.0
 10
118.7864934574
 20
118.4532063067
 30
0.0
 10
118.7904901344
 20
118.4476237925
 30
0.0
 10
118.7904937347
 20
118.4441600042
 30
0.0
  0
SPLINE
  5
933
100
AcDbEntity
  8
0
100
AcDbSpline
 62
7
  6
CONTINUOUS
 70
0
 71
3
 72
10
 73
6
 74
0
 42
0.0000001
 43
0.0000001
 44
0.0000000001
 40
0.0
 40
0.0
 40
0.0
 40
0.0
 40
0.3498035537
 40
0.6253579974
 40
1.0
 40
1.0
 40
1.0
 40
1.0
 10
118.770941508
 20
117.4624923905
 30
0.0
 10
118.7738687319
 20
117.4611184695
 30
0.0
 10
118.7790334555
 20
117.4583948632
 30
0.0
 10
118.7864991103
 20
117.4532106043
 30
0.0
 10
118.7905012761
 20
117.4476231634
 30
0.0
 10
118.7904977303
 20
117.4441599359
 30
0.0
  0
SPLINE
  5
934
100
AcDbEntity
  8
0
100
AcDbSpline
 62
7
  6
CONTINUOUS
 70
0
 71
3
 72
10
 73
6
 74
0
 42
0.0000001
 43
0.0000001
 44
0.0000000001
 40
0.0
 40
0.0
 40
0.0
 40
0.0
 40
0.3747065651
 40
0.6502455984
 40
1.0
 40
1.0
 40
1.0
 40
1.0
 10
118.7904995478
 20
120.2441599865
 30
0.0
 10
118.7905018869
 20
120.2406961431
 30
0.0
 10
118.7864967908
 20
120.2351104837
 30
0.0
 10
118.7790321986
 20
120.2299251405
 30
0.0
 10
118.7738680122
 20
120.2272015368
 30
0.0
 10
118.7709412746
 20
120.2258276092
 30
0.0
  0
SPLINE
  5
935
100
AcDbEntity
  8
0
100
AcDbSpline
 62
7
  6
CONTINUOUS
 70
0
 71
3
 72
10
 73
6
 74
0
 42
0.0000001
 43
0.0000001
 44
0.0000000001
 40
0.0
 40
0.0
 40
0.0
 40
0.0
 40
0.3748352133
 40
0.6502623926
 40
1.0
 40
1.0
 40
1.0
 40
1.0
 10
118.7904918632
 20
119.2441599386
 30
0.0
 10
118.7904888898
 20
119.2406966067
 30
0.0
 10
118.7864946578
 20
119.2351134587
 30
0.0
 10
118.7790359943
 20
119.2299237854
 30
0.0
 10
118.7738762728
 20
119.2272011253
 30
0.0
 10
118.7709512596
 20
119.2258276231
 30
0.0
  0
SPLINE
  5
936
100
AcDbEntity
  8
0
100
AcDbSpline
 62
7
  6
CONTINUOUS
 70
0
 71
3
 72
10
 73
6
 74
0
 42
0.0000001
 43
0.0000001
 44
0.0000000001
 40
0.0
 40
0.0
 40
0.0
 40
0.0
 40
0.3745605884
 40
0.6501071372
 40
1.0
 40
1.0
 40
1.0
 40
1.0
 10
118.7904937347
 20
118.2441600042
 30
0.0
 10
118.7904973334
 20
118.2406978489
 30
0.0
 10
118.7865028027
 20
118.235108327
 30
0.0
 10
118.7790364331
 20
118.2299245526
 30
0.0
 10
118.7738715146
 20
118.2272014085
 30
0.0
 10
118.7709436675
 20
118.2258275749
 30
0.0
  0
SPLINE
  5
937
100
AcDbEntity
  8
0
100
AcDbSpline
 62
7
  6
CONTINUOUS
 70
0
 71
3
 72
10
 73
6
 74
0
 42
0.0000001
 43
0.0000001
 44
0.0000000001
 40
0.0
 40
0.0
 40
0.0
 40
0.0
 40
0.3748600558
 40
0.6503307779
 40
1.0
 40
1.0
 40
1.0
 40
1.0
 10
118.7904977303
 20
117.2441599359
 30
0.0
 10
118.7904941834
 20
117.2406954511
 30
0.0
 10
118.786492344
 20
117.2351133557
 30
0.0
 10
118.7790311475
 20
117.2299246395
 30
0.0
 10
118.773870078
 20
117.2272014227
 30
0.0
 10
118.7709449482
 20
117.2258276278
 30
0.0
  0
SPLINE
  5
938
100
AcDbEntity
  8
0
100
AcDbSpline
 62
7
  6
CONTINUOUS
 70
0
 71
3
 72
10
 73
6
 74
0
 42
0.0000001
 43
0.0000001
 44
0.0000000001
 40
0.0
 40
0.0
 40
0.0
 40
0.0
 40
0.3496866788
 40
0.625183825
 40
1.0
 40
1.0
 40
1.0
 40
1.0
 10
118.7709433162
 20
115.4624921549
 30
0.0
 10
118.7738689981
 20
115.461118292
 30
0.0
 10
118.7790313127
 20
115.4583949098
 30
0.0
 10
118.786493864
 20
115.453207358
 30
0.0
 10
118.7904983081
 20
115.4476244553
 30
0.0
 10
118.7905000055
 20
115.444159981
 30
0.0
  0
SPLINE
  5
939
100
AcDbEntity
  8
0
100
AcDbSpline
 62
7
  6
CONTINUOUS
 70
0
 71
3
 72
10
 73
6
 74
0
 42
0.0000001
 43
0.0000001
 44
0.0000000001
 40
0.0
 40
0.0
 40
0.0
 40
0.0
 40
0.3499320435
 40
0.6254276917
 40
1.0
 40
1.0
 40
1.0
 40
1.0
 10
118.7709466765
 20
114.4624922176
 30
0.0
 10
118.7738744964
 20
114.4611185206
 30
0.0
 10
118.7790387561
 20
114.4583962056
 30
0.0
 10
118.7865031322
 20
114.4532106704
 30
0.0
 10
118.7904938548
 20
114.44762173
 30
0.0
 10
118.7904912308
 20
114.4441599417
 30
0.0
  0
SPLINE
  5
93A
100
AcDbEntity
  8
0
100
AcDbSpline
 62
7
  6
CONTINUOUS
 70
0
 71
3
 72
10
 73
6
 74
0
 42
0.0000001
 43
0.0000001
 44
0.0000000001
 40
0.0
 40
0.0
 40
0.0
 40
0.0
 40
0.3496983477
 40
0.6251464142
 40
1.0
 40
1.0
 40
1.0
 40
1.0
 10
118.7709497558
 20
113.4624921636
 30
0.0
 10
118.7738747219
 20
113.4611185277
 30
0.0
 10
118.7790349549
 20
113.4583956181
 30
0.0
 10
118.7864947333
 20
113.453206448
 30
0.0
 10
118.7904927188
 20
113.4476239371
 30
0.0
 10
118.7904960754
 20
113.4441600318
 30
0.0
  0
SPLINE
  5
93B
100
AcDbEntity
  8
0
100
AcDbSpline
 62
7
  6
CONTINUOUS
 70
0
 71
3
 72
10
 73
6
 74
0
 42
0.0000001
 43
0.0000001
 44
0.0000000001
 40
0.0
 40
0.0
 40
0.0
 40
0.0
 40
0.3746497354
 40
0.6500807159
 40
1.0
 40
1.0
 40
1.0
 40
1.0
 10
118.7904896208
 20
116.2441599783
 30
0.0
 10
118.7904904868
 20
116.2406980424
 30
0.0
 10
118.7865010224
 20
116.235111197
 30
0.0
 10
118.779040015
 20
116.2299229412
 30
0.0
 10
118.7738772728
 20
116.2272012471
 30
0.0
 10
118.770950068
 20
116.2258277674
 30
0.0
  0
SPLINE
  5
93C
100
AcDbEntity
  8
0
100
AcDbSpline
 62
7
  6
CONTINUOUS
 70
0
 71
3
 72
10
 73
6
 74
0
 42
0.0000001
 43
0.0000001
 44
0.0000000001
 40
0.0
 40
0.0
 40
0.0
 40
0.0
 40
0.3747328163
 40
0.6502636574
 40
1.0
 40
1.0
 40
1.0
 40
1.0
 10
118.7905000055
 20
115.244159981
 30
0.0
 10
118.7905017026
 20
115.2406959782
 30
0.0
 10
118.7864960935
 20
115.2351110442
 30
0.0
 10
118.7790320842
 20
115.2299252655
 30
0.0
 10
118.7738682907
 20
115.2272017149
 30
0.0
 10
118.7709418156
 20
115.225827805
 30
0.0
  0
SPLINE
  5
93D
100
AcDbEntity
  8
0
100
AcDbSpline
 62
7
  6
CONTINUOUS
 70
0
 71
3
 72
10
 73
6
 74
0
 42
0.0000001
 43
0.0000001
 44
0.0000000001
 40
0.0
 40
0.0
 40
0.0
 40
0.0
 40
0.3748222331
 40
0.650245358
 40
1.0
 40
1.0
 40
1.0
 40
1.0
 10
118.7904912308
 20
114.2441599417
 30
0.0
 10
118.7904886058
 20
114.2406968399
 30
0.0
 10
118.7864953665
 20
114.2351134231
 30
0.0
 10
118.7790369254
 20
114.2299237972
 30
0.0
 10
118.7738772269
 20
114.227201249
 30
0.0
 10
118.7709521248
 20
114.225827808
 30
0.0
  0
SPLINE
  5
93E
100
AcDbEntity
  8
0
100
AcDbSpline
 62
7
  6
CONTINUOUS
 70
0
 71
3
 72
10
 73
6
 74
0
 42
0.0000001
 43
0.0000001
 44
0.0000000001
 40
0.0
 40
0.0
 40
0.0
 40
0.0
 40
0.3745535709
 40
0.6501198267
 40
1.0
 40
1.0
 40
1.0
 40
1.0
 10
118.7904960754
 20
113.2441600318
 30
0.0
 10
118.7904994306
 20
113.2406974377
 30
0.0
 10
118.7865016657
 20
113.2351082856
 30
0.0
 10
118.7790337969
 20
113.2299249933
 30
0.0
 10
118.7738679025
 20
113.2272016164
 30
0.0
 10
118.7709396981
 20
113.2258277132
 30
0.0
  0
SPLINE
  5
93F
100
AcDbEntity
  8
0
100
AcDbSpline
 62
7
  6
CONTINUOUS
 70
0
 71
3
 72
10
 73
6
 74
0
 42
0.0000001
 43
0.0000001
 44
0.0000000001
 40
0.0
 40
0.0
 40
0.0
 40
0.0
 40
0.3498192057
 40
0.625376049
 40
1.0
 40
1.0
 40
1.0
 40
1.0
 10
118.770942501
 20
112.4624919597
 30
0.0
 10
118.7738697605
 20
112.4611180756
 30
0.0
 10
118.7790343978
 20
112.4583945633
 30
0.0
 10
118.7865001349
 20
112.4532106759
 30
0.0
 10
118.7905007279
 20
112.4476228606
 30
0.0
 10
118.7904970998
 20
112.4441599374
 30
0.0
  0
SPLINE
  5
940
100
AcDbEntity
  8
0
100
AcDbSpline
 62
7
  6
CONTINUOUS
 70
0
 71
3
 72
10
 73
6
 74
0
 42
0.0000001
 43
0.0000001
 44
0.0000000001
 40
0.0
 40
0.0
 40
0.0
 40
0.0
 40
0.3498202412
 40
0.6252353897
 40
1.0
 40
1.0
 40
1.0
 40
1.0
 10
118.7709528608
 20
111.462491951
 30
0.0
 10
118.7738786436
 20
111.4611186583
 30
0.0
 10
118.7790390026
 20
111.4583964339
 30
0.0
 10
118.7864976316
 20
111.4532070516
 30
0.0
 10
118.7904885253
 20
111.4476224969
 30
0.0
 10
118.7904898706
 20
111.4441599834
 30
0.0
  0
SPLINE
  5
941
100
AcDbEntity
  8
0
100
AcDbSpline
 62
7
  6
CONTINUOUS
 70
0
 71
3
 72
10
 73
6
 74
0
 42
0.0000001
 43
0.0000001
 44
0.0000000001
 40
0.0
 40
0.0
 40
0.0
 40
0.0
 40
0.34969468
 40
0.625199724
 40
1.0
 40
1.0
 40
1.0
 40
1.0
 10
118.7709432787
 20
110.4624919218
 30
0.0
 10
118.7738690806
 20
110.4611180586
 30
0.0
 10
118.7790316648
 20
110.4583946607
 30
0.0
 10
118.7864944229
 20
110.4532075539
 30
0.0
 10
118.7904993832
 20
110.4476243401
 30
0.0
 10
118.7905003032
 20
110.4441599751
 30
0.0
  0
SPLINE
  5
942
100
AcDbEntity
  8
0
100
AcDbSpline
 62
7
  6
CONTINUOUS
 70
0
 71
3
 72
10
 73
6
 74
0
 42
0.0000001
 43
0.0000001
 44
0.0000000001
 40
0.0
 40
0.0
 40
0.0
 40
0.0
 40
0.3499198808
 40
0.6254148248
 40
1.0
 40
1.0
 40
1.0
 40
1.0
 10
118.7709442803
 20
109.4624919336
 30
0.0
 10
118.7738727813
 20
109.4611181436
 30
0.0
 10
118.7790385307
 20
109.4583957868
 30
0.0
 10
118.7865048282
 20
109.4532097564
 30
0.0
 10
118.7905005003
 20
109.4476227654
 30
0.0
 10
118.7905001421
 20
109.4441600345
 30
0.0
  0
SPLINE
  5
943
100
AcDbEntity
  8
0
100
AcDbSpline
 62
7
  6
CONTINUOUS
 70
0
 71
3
 72
10
 73
6
 74
0
 42
0.0000001
 43
0.0000001
 44
0.0000000001
 40
0.0
 40
0.0
 40
0.0
 40
0.0
 40
0.3748644794
 40
0.6503270597
 40
1.0
 40
1.0
 40
1.0
 40
1.0
 10
118.7904970998
 20
112.2441599374
 30
0.0
 10
118.7904934703
 20
112.2406956992
 30
0.0
 10
118.7864930126
 20
112.2351137109
 30
0.0
 10
118.7790326154
 20
112.2299248742
 30
0.0
 10
118.7738720991
 20
112.2272017919
 30
0.0
 10
118.7709471963
 20
112.2258280633
 30
0.0
  0
SPLINE
  5
944
100
AcDbEntity
  8
0
100
AcDbSpline
 62
7
  6
CONTINUOUS
 70
0
 71
3
 72
10
 73
6
 74
0
 42
0.0000001
 43
0.0000001
 44
0.0000000001
 40
0.0
 40
0.0
 40
0.0
 40
0.0
 40
0.3746277117
 40
0.6500707104
 40
1.0
 40
1.0
 40
1.0
 40
1.0
 10
118.7904898706
 20
111.2441599834
 30
0.0
 10
118.7904912156
 20
111.2406981839
 30
0.0
 10
118.7865018274
 20
111.2351108626
 30
0.0
 10
118.7790402115
 20
111.229923223
 30
0.0
 10
118.77387713
 20
111.2272015201
 30
0.0
 10
118.7709497745
 20
111.2258279962
 30
0.0
  0
SPLINE
  5
945
100
AcDbEntity
  8
0
100
AcDbSpline
 62
7
  6
CONTINUOUS
 70
0
 71
3
 72
10
 73
6
 74
0
 42
0.0000001
 43
0.0000001
 44
0.0000000001
 40
0.0
 40
0.0
 40
0.0
 40
0.0
 40
0.3747583102
 40
0.6502803644
 40
1.0
 40
1.0
 40
1.0
 40
1.0
 10
118.7905003032
 20
110.2441599751
 30
0.0
 10
118.7905012231
 20
110.2406958515
 30
0.0
 10
118.7864955135
 20
110.2351116171
 30
0.0
 10
118.7790320862
 20
110.2299254094
 30
0.0
 10
118.773868751
 20
110.2272019277
 30
0.0
 10
118.7709425538
 20
110.2258280419
 30
0.0
  0
SPLINE
  5
946
100
AcDbEntity
  8
0
100
AcDbSpline
 62
7
  6
CONTINUOUS
 70
0
 71
3
 72
9
 73
5
 74
0
 42
0.0000001
 43
0.0000001
 44
0.0000000001
 40
0.0
 40
0.0
 40
0.0
 40
0.0
 40
0.4237356073
 40
1.0
 40
1.0
 40
1.0
 40
1.0
 10
118.1566926875
 20
118.6756099195
 30
0.0
 10
118.1243775927
 20
118.6691142282
 30
0.0
 10
118.0473793487
 20
118.6576299247
 30
0.0
 10
117.970157402
 20
118.6483609101
 30
0.0
 10
117.925613028
 20
118.6433407368
 30
0.0
  0
SPLINE
  5
947
100
AcDbEntity
  8
0
100
AcDbSpline
 62
7
  6
CONTINUOUS
 70
0
 71
3
 72
9
 73
5
 74
0
 42
0.0000001
 43
0.0000001
 44
0.0000000001
 40
0.0
 40
0.0
 40
0.0
 40
0.0
 40
0.5746639704
 40
1.0
 40
1.0
 40
1.0
 40
1.0
 10
117.9210552093
 20
118.8902958699
 30
0.0
 10
117.9666814383
 20
118.8976313906
 30
0.0
 10
118.0458376314
 20
118.9118050357
 30
0.0
 10
118.124187204
 20
118.9305921268
 30
0.0
 10
118.1567728594
 20
118.9409880399
 30
0.0
  0
SPLINE
  5
948
100
AcDbEntity
  8
0
100
AcDbSpline
 62
7
  6
CONTINUOUS
 70
0
 71
3
 72
9
 73
5
 74
0
 42
0.0000001
 43
0.0000001
 44
0.0000000001
 40
0.0
 40
0.0
 40
0.0
 40
0.0
 40
0.4265508082
 40
1.0
 40
1.0
 40
1.0
 40
1.0
 10
118.1563912952
 20
117.677967944
 30
0.0
 10
118.1262610334
 20
117.6721945502
 30
0.0
 10
118.0550488222
 20
117.6617911293
 30
0.0
 10
117.9836289171
 20
117.6533663541
 30
0.0
 10
117.942637122
 20
117.6488154543
 30
0.0
  0
SPLINE
  5
949
100
AcDbEntity
  8
0
100
AcDbSpline
 62
7
  6
CONTINUOUS
 70
0
 71
3
 72
9
 73
5
 74
0
 42
0.0000001
 43
0.0000001
 44
0.0000000001
 40
0.0
 40
0.0
 40
0.0
 40
0.0
 40
0.5713214082
 40
1.0
 40
1.0
 40
1.0
 40
1.0
 10
117.9394869256
 20
117.8913081246
 30
0.0
 10
117.9812733505
 20
117.898431416
 30
0.0
 10
118.0541756548
 20
117.9122421247
 30
0.0
 10
118.1262591537
 20
117.9303916606
 30
0.0
 10
118.1564705577
 20
117.9403356131
 30
0.0
  0
SPLINE
  5
94A
100
AcDbEntity
  8
0
100
AcDbSpline
 62
7
  6
CONTINUOUS
 70
0
 71
3
 72
9
 73
5
 74
0
 42
0.0000001
 43
0.0000001
 44
0.0000000001
 40
0.0
 40
0.0
 40
0.0
 40
0.0
 40
0.5679916841
 40
1.0
 40
1.0
 40
1.0
 40
1.0
 10
117.9562055496
 20
116.8923226649
 30
0.0
 10
117.9945156992
 20
116.8992481583
 30
0.0
 10
118.0617338967
 20
116.9126881941
 30
0.0
 10
118.1281278965
 20
116.930203597
 30
0.0
 10
118.1561682664
 20
116.9397179734
 30
0.0
  0
SPLINE
  5
94B
100
AcDbEntity
  8
0
100
AcDbSpline
 62
7
  6
CONTINUOUS
 70
0
 71
3
 72
9
 73
5
 74
0
 42
0.0000001
 43
0.0000001
 44
0.0000000001
 40
0.0
 40
0.0
 40
0.0
 40
0.0
 40
0.4299599383
 40
1.0
 40
1.0
 40
1.0
 40
1.0
 10
118.1560898938
 20
116.6802960655
 30
0.0
 10
118.1284136593
 20
116.6752589469
 30
0.0
 10
118.0636048303
 20
116.6660498407
 30
0.0
 10
117.9986203193
 20
116.65849484
 30
0.0
 10
117.9615493335
 20
116.6544053549
 30
0.0
  0
SPLINE
  5
94C
100
AcDbEntity
  8
0
100
AcDbSpline
 62
7
  6
CONTINUOUS
 70
0
 71
3
 72
9
 73
5
 74
0
 42
0.0000001
 43
0.0000001
 44
0.0000000001
 40
0.0
 40
0.0
 40
0.0
 40
0.0
 40
0.4333617927
 40
1.0
 40
1.0
 40
1.0
 40
1.0
 10
118.1557884834
 20
115.6825941119
 30
0.0
 10
118.1303645884
 20
115.6782157377
 30
0.0
 10
118.0713711267
 20
115.6700697787
 30
0.0
 10
118.0122274932
 20
115.6633168007
 30
0.0
 10
117.9786928989
 20
115.6596715505
 30
0.0
  0
SPLINE
  5
94D
100
AcDbEntity
  8
0
100
AcDbSpline
 62
7
  6
CONTINUOUS
 70
0
 71
3
 72
9
 73
5
 74
0
 42
0.0000001
 43
0.0000001
 44
0.0000000001
 40
0.0
 40
0.0
 40
0.0
 40
0.0
 40
0.5641505625
 40
1.0
 40
1.0
 40
1.0
 40
1.0
 10
117.9746664057
 20
115.8939492162
 30
0.0
 10
118.0091730908
 20
115.900583923
 30
0.0
 10
118.0701113008
 20
115.9135219023
 30
0.0
 10
118.130238809
 20
115.9301782595
 30
0.0
 10
118.1558659857
 20
115.9391352063
 30
0.0
  0
SPLINE
  5
94E
100
AcDbEntity
  8
0
100
AcDbSpline
 62
7
  6
CONTINUOUS
 70
0
 71
3
 72
9
 73
5
 74
0
 42
0.0000001
 43
0.0000001
 44
0.0000000001
 40
0.0
 40
0.0
 40
0.0
 40
0.0
 40
0.4374107885
 40
1.0
 40
1.0
 40
1.0
 40
1.0
 10
118.1554870639
 20
114.684861912
 30
0.0
 10
118.1325341076
 20
114.6811367176
 30
0.0
 10
118.0798287025
 20
114.674077651
 30
0.0
 10
118.0269999953
 20
114.6681488723
 30
0.0
 10
117.9972620111
 20
114.6649651555
 30
0.0
  0
SPLINE
  5
94F
100
AcDbEntity
  8
0
100
AcDbSpline
 62
7
  6
CONTINUOUS
 70
0
 71
3
 72
9
 73
5
 74
0
 42
0.0000001
 43
0.0000001
 44
0.0000000001
 40
0.0
 40
0.0
 40
0.0
 40
0.0
 40
0.560026837
 40
1.0
 40
1.0
 40
1.0
 40
1.0
 10
117.992636003
 20
114.895838965
 30
0.0
 10
118.0234567956
 20
114.9021587885
 30
0.0
 10
118.0782736846
 20
114.9145137552
 30
0.0
 10
118.1323053313
 20
114.9302206515
 30
0.0
 10
118.1555637155
 20
114.9385873942
 30
0.0
  0
SPLINE
  5
950
100
AcDbEntity
  8
0
100
AcDbSpline
 62
7
  6
CONTINUOUS
 70
0
 71
3
 72
15
 73
11
 74
0
 42
0.0000001
 43
0.0000001
 44
0.0000000001
 40
0.0
 40
0.0
 40
0.0
 40
0.0
 40
0.0209312324
 40
0.0475663426
 40
0.1181997212
 40
0.2118391615
 40
0.3280129634
 40
0.4659521524
 40
0.6247024214
 40
1.0
 40
1.0
 40
1.0
 40
1.0
 10
118.7709412746
 20
120.2258276092
 30
0.0
 10
118.7653673847
 20
120.2232110027
 30
0.0
 10
118.7522583594
 20
120.2182225166
 30
0.0
 10
118.7188928535
 20
120.2083894163
 30
0.0
 10
118.6638738688
 20
120.1967896435
 30
0.0
 10
118.5824403933
 20
120.183548015
 30
0.0
 10
118.4809938006
 20
120.1702282548
 30
0.0
 10
118.3602787245
 20
120.1568106629
 30
0.0
 10
118.163506852
 20
120.1377883338
 30
0.0
 10
118.0068976424
 20
120.1251963095
 30
0.0
 10
117.8968045883
 20
120.1169127058
 30
0.0
  0
SPLINE
  5
951
100
AcDbEntity
  8
0
100
AcDbSpline
 62
7
  6
CONTINUOUS
 70
0
 71
3
 72
14
 73
10
 74
0
 42
0.0000001
 43
0.0000001
 44
0.0000000001
 40
0.0
 40
0.0
 40
0.0
 40
0.0
 40
0.0507858153
 40
0.1237131963
 40
0.2186845367
 40
0.3351971474
 40
0.4725378615
 40
0.6298443498
 40
1.0
 40
1.0
 40
1.0
 40
1.0
 10
118.765576792
 20
119.223456844
 30
0.0
 10
118.7521724389
 20
119.2178816868
 30
0.0
 10
118.7180192041
 20
119.2081380166
 30
0.0
 10
118.6568220381
 20
119.1954951254
 30
0.0
 10
118.5764876486
 20
119.1827406135
 30
0.0
 10
118.4776115188
 20
119.1698411188
 30
0.0
 10
118.3607861682
 20
119.1568853845
 30
0.0
 10
118.1716312381
 20
119.1385446726
 30
0.0
 10
118.0213351082
 20
119.1263600625
 30
0.0
 10
117.9158266265
 20
119.1183508324
 30
0.0
  0
SPLINE
  5
952
100
AcDbEntity
  8
0
100
AcDbSpline
 62
7
  6
CONTINUOUS
 70
0
 71
3
 72
9
 73
5
 74
0
 42
0.0000001
 43
0.0000001
 44
0.0000000001
 40
0.0
 40
0.0
 40
0.0
 40
0.0
 40
0.2299757705
 40
1.0
 40
1.0
 40
1.0
 40
1.0
 10
118.7709436675
 20
118.2258275749
 30
0.0
 10
118.7699745397
 20
118.225372831
 30
0.0
 10
118.7657322744
 20
118.2234556183
 30
0.0
 10
118.7613943482
 20
118.2217551656
 30
0.0
 10
118.758026884
 20
118.2205271565
 30
0.0
  0
SPLINE
  5
953
100
AcDbEntity
  8
0
100
AcDbSpline
 62
7
  6
CONTINUOUS
 70
0
 71
3
 72
14
 73
10
 74
0
 42
0.0000001
 43
0.0000001
 44
0.0000000001
 40
0.0
 40
0.0
 40
0.0
 40
0.0
 40
0.0546609534
 40
0.1303754951
 40
0.2269276346
 40
0.3438501597
 40
0.480505212
 40
0.6360495527
 40
1.0
 40
1.0
 40
1.0
 40
1.0
 10
118.758026884
 20
118.2205271565
 30
0.0
 10
118.7438175116
 20
118.2153454419
 30
0.0
 10
118.7088669853
 20
118.2060232764
 30
0.0
 10
118.6472693058
 20
118.1938647352
 30
0.0
 10
118.5681720855
 20
118.181589771
 30
0.0
 10
118.4720826572
 20
118.1692096855
 30
0.0
 10
118.3595566453
 20
118.1567834248
 30
0.0
 10
118.1788476702
 20
118.1392287529
 30
0.0
 10
118.0355723957
 20
118.1275190415
 30
0.0
 10
117.9351615717
 20
118.1198252061
 30
0.0
  0
SPLINE
  5
954
100
AcDbEntity
  8
0
100
AcDbSpline
 62
7
  6
CONTINUOUS
 70
0
 71
3
 72
14
 73
10
 74
0
 42
0.0000001
 43
0.0000001
 44
0.0000000001
 40
0.0
 40
0.0
 40
0.0
 40
0.0
 40
0.04831516
 40
0.1193928757
 40
0.2131787521
 40
0.3292725322
 40
0.4669285011
 40
0.6252891461
 40
1.0
 40
1.0
 40
1.0
 40
1.0
 10
118.7709449482
 20
117.2258276278
 30
0.0
 10
118.7589007742
 20
117.22017105
 30
0.0
 10
118.7272783583
 20
117.2104556843
 30
0.0
 10
118.6699661699
 20
117.1979124158
 30
0.0
 10
118.593580709
 20
117.1852400868
 30
0.0
 10
118.4987333518
 20
117.1724160341
 30
0.0
 10
118.3859592681
 20
117.1595270133
 30
0.0
 10
118.2021409826
 20
117.1412398519
 30
0.0
 10
118.0558173725
 20
117.1291439313
 30
0.0
 10
117.9529260397
 20
117.1211922626
 30
0.0
  0
SPLINE
  5
955
100
AcDbEntity
  8
0
100
AcDbSpline
 62
7
  6
CONTINUOUS
 70
0
 71
3
 72
20
 73
16
 74
0
 42
0.0000001
 43
0.0000001
 44
0.0000000001
 40
0.0
 40
0.0
 40
0.0
 40
0.0
 40
0.0096146213
 40
0.0162938086
 40
0.0246049794
 40
0.0465852653
 40
0.0760763482
 40
0.1132297654
 40
0.158043193
 40
0.210449782
 40
0.2703608671
 40
0.4121951177
 40
0.5822054669
 40
0.7787953576
 40
1.0
 40
1.0
 40
1.0
 40
1.0
 10
118.7904995478
 20
120.4441599865
 30
0.0
 10
118.7905015257
 20
120.4412310157
 30
0.0
 10
118.7876525593
 20
120.4364641185
 30
0.0
 10
118.7818738516
 20
120.4318030185
 30
0.0
 10
118.772167176
 20
120.4259596741
 30
0.0
 10
118.7552184049
 20
120.4191493346
 30
0.0
 10
118.7293464769
 20
120.4113779936
 30
0.0
 10
118.6962829084
 20
120.4035830576
 30
0.0
 10
118.6561030829
 20
120.3957269006
 30
0.0
 10
118.6088835102
 20
120.3878448216
 30
0.0
 10
118.532266187
 20
120.3766702559
 30
0.0
 10
118.4198220946
 20
120.3630593974
 30
0.0
 10
118.2657247343
 20
120.3473835846
 30
0.0
 10
118.0873449952
 20
120.3316585161
 30
0.0
 10
117.9604584241
 20
120.3216941279
 30
0.0
 10
117.8932605867
 20
120.3166462658
 30
0.0
  0
SPLINE
  5
956
100
AcDbEntity
  8
0
100
AcDbSpline
 62
7
  6
CONTINUOUS
 70
0
 71
3
 72
20
 73
16
 74
0
 42
0.0000001
 43
0.0000001
 44
0.0000000001
 40
0.0
 40
0.0
 40
0.0
 40
0.0
 40
0.0096882001
 40
0.0163833599
 40
0.0247013845
 40
0.0466888904
 40
0.0761828142
 40
0.1133054665
 40
0.1580674871
 40
0.210433286
 40
0.2703125467
 40
0.4120426763
 40
0.5820230709
 40
0.7786271239
 40
1.0
 40
1.0
 40
1.0
 40
1.0
 10
118.7904918632
 20
119.4441599386
 30
0.0
 10
118.7904893815
 20
119.4412693454
 30
0.0
 10
118.7877235181
 20
119.4365658419
 30
0.0
 10
118.7820692707
 20
119.4319419195
 30
0.0
 10
118.7725865721
 20
119.42616387
 30
0.0
 10
118.7560054318
 20
119.4194273161
 30
0.0
 10
118.7306942996
 20
119.4117466569
 30
0.0
 10
118.6983541013
 20
119.4040346091
 30
0.0
 10
118.6590542902
 20
119.3962633643
 30
0.0
 10
118.6128571385
 20
119.3884695677
 30
0.0
 10
118.537886309
 20
119.377422164
 30
0.0
 10
118.4278245887
 20
119.3639544907
 30
0.0
 10
118.2769517339
 20
119.348458248
 30
0.0
 10
118.1022142314
 20
119.3329020659
 30
0.0
 10
117.9778936229
 20
119.3230537329
 30
0.0
 10
117.912033102
 20
119.31806312
 30
0.0
  0
SPLINE
  5
957
100
AcDbEntity
  8
0
100
AcDbSpline
 62
7
  6
CONTINUOUS
 70
0
 71
3
 72
20
 73
16
 74
0
 42
0.0000001
 43
0.0000001
 44
0.0000000001
 40
0.0
 40
0.0
 40
0.0
 40
0.0
 40
0.0097637055
 40
0.0164865512
 40
0.0248269839
 40
0.0468298577
 40
0.0762982513
 40
0.1133852247
 40
0.1581231881
 40
0.2104500151
 40
0.270268029
 40
0.4119152687
 40
0.5818381504
 40
0.7784790452
 40
1.0
 40
1.0
 40
1.0
 40
1.0
 10
118.7904937347
 20
118.4441600042
 30
0.0
 10
118.7904966968
 20
118.4413102934
 30
0.0
 10
118.7878120515
 20
118.4366651967
 30
0.0
 10
118.782274393
 20
118.4320874408
 30
0.0
 10
118.7730090883
 20
118.4263824021
 30
0.0
 10
118.756812134
 20
118.4197223351
 30
0.0
 10
118.7320908913
 20
118.4121269264
 30
0.0
 10
118.7004986932
 20
118.4045035162
 30
0.0
 10
118.6620984708
 20
118.3968266081
 30
0.0
 10
118.6169568931
 20
118.3891241942
 30
0.0
 10
118.5436890252
 20
118.3782015921
 30
0.0
 10
118.4360982016
 20
118.3648947378
 30
0.0
 10
118.2885561631
 20
118.349576456
 30
0.0
 10
118.1175985342
 20
118.3342041175
 30
0.0
 10
117.9959375294
 20
118.3244735128
 30
0.0
 10
117.9314709693
 20
118.3195426717
 30
0.0
  0
SPLINE
  5
958
100
AcDbEntity
  8
0
100
AcDbSpline
 62
7
  6
CONTINUOUS
 70
0
 71
3
 72
20
 73
16
 74
0
 42
0.0000001
 43
0.0000001
 44
0.0000000001
 40
0.0
 40
0.0
 40
0.0
 40
0.0
 40
0.0098461179
 40
0.0165913464
 40
0.0249405503
 40
0.046937845
 40
0.0763991937
 40
0.1134742013
 40
0.1581686832
 40
0.2104401758
 40
0.2702213523
 40
0.4117969764
 40
0.5816397666
 40
0.7782788691
 40
1.0
 40
1.0
 40
1.0
 40
1.0
 10
118.7904977303
 20
117.4441599359
 30
0.0
 10
118.7904948483
 20
117.4413449669
 30
0.0
 10
118.7878728909
 20
117.4367637027
 30
0.0
 10
118.7824501901
 20
117.4322235827
 30
0.0
 10
118.7733988398
 20
117.4265829272
 30
0.0
 10
118.7575609779
 20
117.4199900722
 30
0.0
 10
118.7333739486
 20
117.4124810665
 30
0.0
 10
118.7024631936
 20
117.4049437115
 30
0.0
 10
118.6648959353
 20
117.39734887
 30
0.0
 10
118.6207299556
 20
117.3897292763
 30
0.0
 10
118.5490235614
 20
117.3789286326
 30
0.0
 10
118.4437037071
 20
117.3657678698
 30
0.0
 10
118.2992395874
 20
117.3506161935
 30
0.0
 10
118.1317586628
 20
117.3354133694
 30
0.0
 10
118.0125371381
 20
117.325790679
 30
0.0
 10
117.9493356305
 20
117.3209150356
 30
0.0
  0
SPLINE
  5
959
100
AcDbEntity
  8
0
100
AcDbSpline
 62
7
  6
CONTINUOUS
 70
0
 71
3
 72
14
 73
10
 74
0
 42
0.0000001
 43
0.0000001
 44
0.0000000001
 40
0.0
 40
0.0
 40
0.0
 40
0.0
 40
0.048580771
 40
0.119785859
 40
0.2136451343
 40
0.3296885951
 40
0.4672746377
 40
0.6255517402
 40
1.0
 40
1.0
 40
1.0
 40
1.0
 10
118.770950068
 20
116.2258277674
 30
0.0
 10
118.7590841217
 20
116.2202601227
 30
0.0
 10
118.7280222838
 20
116.2106636232
 30
0.0
 10
118.6717693732
 20
116.1982637602
 30
0.0
 10
118.5969140481
 20
116.1857533296
 30
0.0
 10
118.5040243086
 20
116.1730791992
 30
0.0
 10
118.3936120525
 20
116.1603520712
 30
0.0
 10
118.2136619931
 20
116.1422898375
 30
0.0
 10
118.0704175251
 20
116.1303451186
 30
0.0
 10
117.9696958774
 20
116.1224941332
 30
0.0
  0
SPLINE
  5
95A
100
AcDbEntity
  8
0
100
AcDbSpline
 62
7
  6
CONTINUOUS
 70
0
 71
3
 72
14
 73
10
 74
0
 42
0.0000001
 43
0.0000001
 44
0.0000000001
 40
0.0
 40
0.0
 40
0.0
 40
0.0
 40
0.0488722835
 40
0.1202851004
 40
0.2141969074
 40
0.3302169514
 40
0.4677090613
 40
0.6258276875
 40
1.0
 40
1.0
 40
1.0
 40
1.0
 10
118.7709418156
 20
115.225827805
 30
0.0
 10
118.7593063137
 20
115.2203652159
 30
0.0
 10
118.728923597
 20
115.2109075354
 30
0.0
 10
118.6739605366
 20
115.1987052875
 30
0.0
 10
118.6009505392
 20
115.186372218
 30
0.0
 10
118.5104320609
 20
115.1738949268
 30
0.0
 10
118.4028867863
 20
115.1613618463
 30
0.0
 10
118.2276240281
 20
115.143572156
 30
0.0
 10
118.0881091606
 20
115.131813541
 30
0.0
 10
117.9900014435
 20
115.1240848224
 30
0.0
  0
SPLINE
  5
95B
100
AcDbEntity
  8
0
100
AcDbSpline
 62
7
  6
CONTINUOUS
 70
0
 71
3
 72
14
 73
10
 74
0
 42
0.0000001
 43
0.0000001
 44
0.0000000001
 40
0.0
 40
0.0
 40
0.0
 40
0.0
 40
0.0526452197
 40
0.1265740141
 40
0.2217976081
 40
0.3380065973
 40
0.4746401258
 40
0.6310720506
 40
1.0
 40
1.0
 40
1.0
 40
1.0
 10
118.7674199182
 20
114.224238094
 30
0.0
 10
118.7562858346
 20
114.2194265924
 30
0.0
 10
118.7282939989
 20
114.2108386427
 30
0.0
 10
118.6784385567
 20
114.199670533
 30
0.0
 10
118.6136346936
 20
114.1883998026
 30
0.0
 10
118.5342502075
 20
114.1770276111
 30
0.0
 10
118.4406428505
 20
114.1656026945
 30
0.0
 10
118.2889798492
 20
114.1494239095
 30
0.0
 10
118.1684056651
 20
114.1386968433
 30
0.0
 10
118.0836980082
 20
114.131659969
 30
0.0
  0
SPLINE
  5
95C
100
AcDbEntity
  8
0
100
AcDbSpline
 62
7
  6
CONTINUOUS
 70
0
 71
3
 72
10
 73
6
 74
0
 42
0.0000001
 43
0.0000001
 44
0.0000000001
 40
0.0
 40
0.0
 40
0.0
 40
0.0
 40
0.1740934009
 40
0.3984475783
 40
1.0
 40
1.0
 40
1.0
 40
1.0
 10
118.7709396981
 20
113.2258277132
 30
0.0
 10
118.76491783
 20
113.2230022738
 30
0.0
 10
118.7506229435
 20
113.2176504397
 30
0.0
 10
118.7138883358
 20
113.207101878
 30
0.0
 10
118.6829065245
 20
113.2008495019
 30
0.0
 10
118.6603003149
 20
113.1966986214
 30
0.0
  0
SPLINE
  5
95D
100
AcDbEntity
  8
0
100
AcDbSpline
 62
7
  6
CONTINUOUS
 70
0
 71
3
 72
20
 73
16
 74
0
 42
0.0000001
 43
0.0000001
 44
0.0000000001
 40
0.0
 40
0.0
 40
0.0
 40
0.0
 40
0.0099120243
 40
0.0166752692
 40
0.0250393651
 40
0.0470623446
 40
0.0765200179
 40
0.1135607347
 40
0.1582197346
 40
0.2104690439
 40
0.2702109826
 40
0.4116860875
 40
0.5815270342
 40
0.7782035748
 40
1.0
 40
1.0
 40
1.0
 40
1.0
 10
118.7904896208
 20
116.4441599783
 30
0.0
 10
118.790490316
 20
116.4413808228
 30
0.0
 10
118.7879445079
 20
116.4368518102
 30
0.0
 10
118.7826290721
 20
116.432348004
 30
0.0
 10
118.7737641504
 20
116.426767463
 30
0.0
 10
118.7582421366
 20
116.4202453672
 30
0.0
 10
118.7345473368
 20
116.4128118828
 30
0.0
 10
118.7042708618
 20
116.4053488538
 30
0.0
 10
118.6674683281
 20
116.3978319421
 30
0.0
 10
118.6241929509
 20
116.3902941619
 30
0.0
 10
118.5539302273
 20
116.3796045283
 30
0.0
 10
118.4506968995
 20
116.3665742115
 30
0.0
 10
118.3090510879
 20
116.3515840741
 30
0.0
 10
118.1447819436
 20
116.336534391
 30
0.0
 10
118.0278346744
 20
116.3270167142
 30
0.0
 10
117.9658342249
 20
116.3221934232
 30
0.0
  0
SPLINE
  5
95E
100
AcDbEntity
  8
0
100
AcDbSpline
 62
7
  6
CONTINUOUS
 70
0
 71
3
 72
20
 73
16
 74
0
 42
0.0000001
 43
0.0000001
 44
0.0000000001
 40
0.0
 40
0.0
 40
0.0
 40
0.0
 40
0.0100096082
 40
0.0168084312
 40
0.0251944076
 40
0.0472205837
 40
0.0766557417
 40
0.1136787948
 40
0.1583127305
 40
0.210506435
 40
0.2701844206
 40
0.4115837541
 40
0.5813483728
 40
0.7780658128
 40
1.0
 40
1.0
 40
1.0
 40
1.0
 10
118.7905000055
 20
115.444159981
 30
0.0
 10
118.790501347
 20
115.4414217655
 30
0.0
 10
118.7880244455
 20
115.4369607612
 30
0.0
 10
118.7828315809
 20
115.4325067491
 30
0.0
 10
118.7742005955
 20
115.4270033086
 30
0.0
 10
118.7590879586
 20
115.4205597304
 30
0.0
 10
118.7360071087
 20
115.4132209756
 30
0.0
 10
118.7065058453
 20
115.4058572714
 30
0.0
 10
118.670643354
 20
115.3984404656
 30
0.0
 10
118.6284765011
 20
115.3909989629
 30
0.0
 10
118.5599965981
 20
115.3804456551
 30
0.0
 10
118.459352807
 20
115.3675904609
 30
0.0
 10
118.3212033469
 20
115.3527895529
 30
0.0
 10
118.1609188625
 20
115.3379408629
 30
0.0
 10
118.0467773137
 20
115.3285484124
 30
0.0
 10
117.9862520584
 20
115.3237897448
 30
0.0
  0
SPLINE
  5
95F
100
AcDbEntity
  8
0
100
AcDbSpline
 62
7
  6
CONTINUOUS
 70
0
 71
3
 72
20
 73
16
 74
0
 42
0.0000001
 43
0.0000001
 44
0.0000000001
 40
0.0
 40
0.0
 40
0.0
 40
0.0
 40
0.010126137
 40
0.0169559538
 40
0.0253596077
 40
0.0474040257
 40
0.0768460319
 40
0.1138383539
 40
0.1584109449
 40
0.2105438362
 40
0.270176237
 40
0.4114482875
 40
0.5811467724
 40
0.7778851723
 40
1.0
 40
1.0
 40
1.0
 40
1.0
 10
118.7904912308
 20
114.4441599417
 30
0.0
 10
118.7904891946
 20
114.4414736633
 30
0.0
 10
118.7881159749
 20
114.4370984188
 30
0.0
 10
118.7830855966
 20
114.4326993001
 30
0.0
 10
118.7747443239
 20
114.4272869312
 30
0.0
 10
118.7601134536
 20
114.4209446693
 30
0.0
 10
118.7377644418
 20
114.4137292245
 30
0.0
 10
118.7092053063
 20
114.4064821979
 30
0.0
 10
118.6744913074
 20
114.3991836466
 30
0.0
 10
118.633663924
 20
114.3918625341
 30
0.0
 10
118.5673410144
 20
114.3814843667
 30
0.0
 10
118.4698299005
 20
114.3688317031
 30
0.0
 10
118.3359282986
 20
114.3542736322
 30
0.0
 10
118.1804768693
 20
114.3396643882
 30
0.0
 10
118.0697457607
 20
114.3304278179
 30
0.0
 10
118.0110088162
 20
114.3257489164
 30
0.0
  0
SPLINE
  5
960
100
AcDbEntity
  8
0
100
AcDbSpline
 62
7
  6
CONTINUOUS
 70
0
 71
3
 72
13
 73
9
 74
0
 42
0.0000001
 43
0.0000001
 44
0.0000000001
 40
0.0
 40
0.0
 40
0.0
 40
0.0
 40
0.0973191385
 40
0.1799944008
 40
0.2890587908
 40
0.4253807399
 40
0.5893023496
 40
1.0
 40
1.0
 40
1.0
 40
1.0
 10
118.7904960754
 20
113.4441600318
 30
0.0
 10
118.7905012771
 20
113.4387918784
 30
0.0
 10
118.7814172721
 20
113.4308186784
 30
0.0
 10
118.7676849313
 20
113.4240899495
 30
0.0
 10
118.7504973096
 20
113.4176462946
 30
0.0
 10
118.7288830809
 20
113.4113817254
 30
0.0
 10
118.6907123702
 20
113.402177505
 30
0.0
 10
118.65954055
 20
113.3964142461
 30
0.0
 10
118.637205164
 20
113.3926268808
 30
0.0
  0
SPLINE
  5
961
100
AcDbEntity
  8
0
100
AcDbSpline
 62
7
  6
CONTINUOUS
 70
0
 71
3
 72
9
 73
5
 74
0
 42
0.0000001
 43
0.0000001
 44
0.0000000001
 40
0.0
 40
0.0
 40
0.0
 40
0.0
 40
0.4118154606
 40
1.0
 40
1.0
 40
1.0
 40
1.0
 10
118.7709471963
 20
112.2258280633
 30
0.0
 10
118.7605566284
 20
112.2209479627
 30
0.0
 10
118.7338947277
 20
112.2123286137
 30
0.0
 10
118.7067630928
 20
112.2060061511
 30
0.0
 10
118.6907146813
 20
112.2026486044
 30
0.0
  0
SPLINE
  5
962
100
AcDbEntity
  8
0
100
AcDbSpline
 62
7
  6
CONTINUOUS
 70
0
 71
3
 72
9
 73
5
 74
0
 42
0.0000001
 43
0.0000001
 44
0.0000000001
 40
0.0
 40
0.0
 40
0.0
 40
0.0
 40
0.4130642272
 40
1.0
 40
1.0
 40
1.0
 40
1.0
 10
118.7709497745
 20
111.2258279962
 30
0.0
 10
118.7607867238
 20
111.2210594628
 30
0.0
 10
118.7348144574
 20
111.212601294
 30
0.0
 10
118.7083738644
 20
111.2063773215
 30
0.0
 10
118.6927671532
 20
111.2030782678
 30
0.0
  0
SPLINE
  5
963
100
AcDbEntity
  8
0
100
AcDbSpline
 62
7
  6
CONTINUOUS
 70
0
 71
3
 72
10
 73
6
 74
0
 42
0.0000001
 43
0.0000001
 44
0.0000000001
 40
0.0
 40
0.0
 40
0.0
 40
0.0
 40
0.1733402536
 40
0.3974781605
 40
1.0
 40
1.0
 40
1.0
 40
1.0
 10
118.7709425538
 20
110.2258280419
 30
0.0
 10
118.7648263137
 20
110.2229563915
 30
0.0
 10
118.7502717746
 20
110.2175235059
 30
0.0
 10
118.7127778504
 20
110.2068217518
 30
0.0
 10
118.6811300844
 20
110.2004916379
 30
0.0
 10
118.6580236222
 20
110.1962842212
 30
0.0
  0
SPLINE
  5
964
100
AcDbEntity
  8
0
100
AcDbSpline
 62
7
  6
CONTINUOUS
 70
0
 71
3
 72
12
 73
8
 74
0
 42
0.0000001
 43
0.0000001
 44
0.0000000001
 40
0.0
 40
0.0
 40
0.0
 40
0.0
 40
0.1083513771
 40
0.1926465575
 40
0.3015127162
 40
0.5973984772
 40
1.0
 40
1.0
 40
1.0
 40
1.0
 10
118.7904970998
 20
112.4441599374
 30
0.0
 10
118.7904928045
 20
112.4400602528
 30
0.0
 10
118.7849438992
 20
112.4335929343
 30
0.0
 10
118.7754168506
 20
112.4278340821
 30
0.0
 10
118.7584432941
 20
112.4200551505
 30
0.0
 10
118.7292098985
 20
112.4111990627
 30
0.0
 10
118.7034234005
 20
112.4052765878
 30
0.0
 10
118.6885063569
 20
112.4021890738
 30
0.0
  0
SPLINE
  5
965
100
AcDbEntity
  8
0
100
AcDbSpline
 62
7
  6
CONTINUOUS
 70
0
 71
3
 72
12
 73
8
 74
0
 42
0.0000001
 43
0.0000001
 44
0.0000000001
 40
0.0
 40
0.0
 40
0.0
 40
0.0
 40
0.1105056416
 40
0.1952001833
 40
0.3041617762
 40
0.5992464476
 40
1.0
 40
1.0
 40
1.0
 40
1.0
 10
118.7904898706
 20
111.4441599834
 30
0.0
 10
118.7904913894
 20
111.4402509926
 30
0.0
 10
118.7854292716
 20
111.434029124
 30
0.0
 10
118.7765134499
 20
111.4284333105
 30
0.0
 10
118.7607653105
 20
111.4209525635
 30
0.0
 10
118.7335994405
 20
111.412403846
 30
0.0
 10
118.7096311694
 20
111.4066933727
 30
0.0
 10
118.695770787
 20
111.4037180766
 30
0.0
  0
SPLINE
  5
966
100
AcDbEntity
  8
0
100
AcDbSpline
 62
7
  6
CONTINUOUS
 70
0
 71
3
 72
13
 73
9
 74
0
 42
0.0000001
 43
0.0000001
 44
0.0000000001
 40
0.0
 40
0.0
 40
0.0
 40
0.0
 40
0.1026804331
 40
0.186081712
 40
0.2949876784
 40
0.4305021397
 40
0.5931271337
 40
1.0
 40
1.0
 40
1.0
 40
1.0
 10
118.7905003032
 20
110.4441599751
 30
0.0
 10
118.7905015426
 20
110.4394924746
 30
0.0
 10
118.7834266087
 20
110.4323086243
 30
0.0
 10
118.7720279692
 20
110.4261005504
 30
0.0
 10
118.7581077681
 20
110.4203043089
 30
0.0
 10
118.7405355439
 20
110.4146497184
 30
0.0
 10
118.7095414533
 20
110.4063665347
 30
0.0
 10
118.6841707207
 20
110.4011690421
 30
0.0
 10
118.6659930712
 20
110.397757327
 30
0.0
  0
SPLINE
  5
967
100
AcDbEntity
  8
0
100
AcDbSpline
 62
7
  6
CONTINUOUS
 70
0
 71
3
 72
13
 73
9
 74
0
 42
0.0000001
 43
0.0000001
 44
0.0000000001
 40
0.0
 40
0.0
 40
0.0
 40
0.0
 40
0.0987658871
 40
0.1816235549
 40
0.2907688432
 40
0.427052876
 40
0.5907137372
 40
1.0
 40
1.0
 40
1.0
 40
1.0
 10
118.7905001421
 20
109.4441600345
 30
0.0
 10
118.7904996091
 20
109.4390083147
 30
0.0
 10
118.7820591636
 20
109.4312637053
 30
0.0
 10
118.7690357226
 20
109.4246862538
 30
0.0
 10
118.7528438217
 20
109.4184373903
 30
0.0
 10
118.7324570566
 20
109.4123545216
 30
0.0
 10
118.696510666
 20
109.40342829
 30
0.0
 10
118.6671477689
 20
109.3978316772
 30
0.0
 10
118.6461171327
 20
109.394159969
 30
0.0
  0
SPLINE
  5
968
100
AcDbEntity
  8
0
100
AcDbSpline
 62
7
  6
CONTINUOUS
 70
0
 71
3
 72
9
 73
5
 74
0
 42
0.0000001
 43
0.0000001
 44
0.0000000001
 40
0.0
 40
0.0
 40
0.0
 40
0.0
 40
0.5619261435
 40
1.0
 40
1.0
 40
1.0
 40
1.0
 10
118.1582845249
 20
123.944768787
 30
0.0
 10
118.1687225841
 20
123.9475864185
 30
0.0
 10
118.1871866771
 20
123.9530169441
 30
0.0
 10
118.2052228301
 20
123.959851815
 30
0.0
 10
118.2128479338
 20
123.9634435863
 30
0.0
  0
SPLINE
  5
969
100
AcDbEntity
  8
0
100
AcDbSpline
 62
7
  6
CONTINUOUS
 70
0
 71
3
 72
9
 73
5
 74
0
 42
0.0000001
 43
0.0000001
 44
0.0000000001
 40
0.0
 40
0.0
 40
0.0
 40
0.0
 40
0.5592561112
 40
1.0
 40
1.0
 40
1.0
 40
1.0
 10
118.157982171
 20
122.9439438076
 30
0.0
 10
118.1679213322
 20
122.9467217099
 30
0.0
 10
118.185585268
 20
122.9520814127
 30
0.0
 10
118.2028420065
 20
122.958730353
 30
0.0
 10
118.2101996999
 20
122.9621962135
 30
0.0
  0
SPLINE
  5
96A
100
AcDbEntity
  8
0
100
AcDbSpline
 62
7
  6
CONTINUOUS
 70
0
 71
3
 72
9
 73
5
 74
0
 42
0.0000001
 43
0.0000001
 44
0.0000000001
 40
0.0
 40
0.0
 40
0.0
 40
0.0
 40
0.2925528191
 40
1.0
 40
1.0
 40
1.0
 40
1.0
 10
118.1576798275
 20
121.9431531449
 30
0.0
 10
118.16264001
 20
121.9445876228
 30
0.0
 10
118.1795226343
 20
121.9497049981
 30
0.0
 10
118.1962302438
 20
121.9556158438
 30
0.0
 10
118.2075259059
 20
121.9609367774
 30
0.0
  0
SPLINE
  5
96B
100
AcDbEntity
  8
0
100
AcDbSpline
 62
7
  6
CONTINUOUS
 70
0
 71
3
 72
9
 73
5
 74
0
 42
0.0000001
 43
0.0000001
 44
0.0000000001
 40
0.0
 40
0.0
 40
0.0
 40
0.0
 40
0.290601923
 40
1.0
 40
1.0
 40
1.0
 40
1.0
 10
118.1573774944
 20
120.9423968985
 30
0.0
 10
118.1620661063
 20
120.943798979
 30
0.0
 10
118.1781328691
 20
120.9488210374
 30
0.0
 10
118.1940234719
 20
120.9545768414
 30
0.0
 10
118.2048308868
 20
120.9596674723
 30
0.0
  0
SPLINE
  5
96C
100
AcDbEntity
  8
0
100
AcDbSpline
 62
7
  6
CONTINUOUS
 70
0
 71
3
 72
9
 73
5
 74
0
 42
0.0000001
 43
0.0000001
 44
0.0000000001
 40
0.0
 40
0.0
 40
0.0
 40
0.0
 40
0.2886842198
 40
1.0
 40
1.0
 40
1.0
 40
1.0
 10
118.1570751717
 20
119.9416751655
 30
0.0
 10
118.1614921079
 20
119.9430399612
 30
0.0
 10
118.1767305717
 20
119.9479458145
 30
0.0
 10
118.1917941682
 20
119.9535271016
 30
0.0
 10
118.2020992567
 20
119.958380973
 30
0.0
  0
SPLINE
  5
96D
100
AcDbEntity
  8
0
100
AcDbSpline
 62
7
  6
CONTINUOUS
 70
0
 71
3
 72
9
 73
5
 74
0
 42
0.0000001
 43
0.0000001
 44
0.0000000001
 40
0.0
 40
0.0
 40
0.0
 40
0.0
 40
0.2868088387
 40
1.0
 40
1.0
 40
1.0
 40
1.0
 10
118.1567728594
 20
118.9409880399
 30
0.0
 10
118.1609193561
 20
118.942310911
 30
0.0
 10
118.1753208546
 20
118.947081757
 30
0.0
 10
118.1895515854
 20
118.9524696876
 30
0.0
 10
118.1993424671
 20
118.957081982
 30
0.0
  0
SPLINE
  5
96E
100
AcDbEntity
  8
0
100
AcDbSpline
 62
7
  6
CONTINUOUS
 70
0
 71
3
 72
9
 73
5
 74
0
 42
0.0000001
 43
0.0000001
 44
0.0000000001
 40
0.0
 40
0.0
 40
0.0
 40
0.0
 40
0.2849438404
 40
1.0
 40
1.0
 40
1.0
 40
1.0
 10
118.1564705577
 20
117.9403356131
 30
0.0
 10
118.1603471664
 20
117.9416115821
 30
0.0
 10
118.1739015052
 20
117.9462303633
 30
0.0
 10
118.187292474
 20
117.9514054071
 30
0.0
 10
118.1965574916
 20
117.9557700686
 30
0.0
  0
SPLINE
  5
96F
100
AcDbEntity
  8
0
100
AcDbSpline
 62
7
  6
CONTINUOUS
 70
0
 71
3
 72
9
 73
5
 74
0
 42
0.0000001
 43
0.0000001
 44
0.0000000001
 40
0.0
 40
0.0
 40
0.0
 40
0.0
 40
0.2830739368
 40
1.0
 40
1.0
 40
1.0
 40
1.0
 10
118.1561682664
 20
116.9397179734
 30
0.0
 10
118.1597751527
 20
116.9409418258
 30
0.0
 10
118.1724717979
 20
116.9453891754
 30
0.0
 10
118.185014762
 20
116.9503323391
 30
0.0
 10
118.1937413742
 20
116.9544434549
 30
0.0
  0
SPLINE
  5
970
100
AcDbEntity
  8
0
100
AcDbSpline
 62
7
  6
CONTINUOUS
 70
0
 71
3
 72
12
 73
8
 74
0
 42
0.0000001
 43
0.0000001
 44
0.0000000001
 40
0.0
 40
0.0
 40
0.0
 40
0.0
 40
0.0720138518
 40
0.1609510824
 40
0.3864906533
 40
0.6692963334
 40
1.0
 40
1.0
 40
1.0
 40
1.0
 10
118.6461171327
 20
124.394159969
 30
0.0
 10
118.6144591428
 20
124.3886328465
 30
0.0
 10
118.5433940289
 20
124.3780702193
 30
0.0
 10
118.3721658273
 20
124.3572987344
 30
0.0
 10
118.1067266731
 20
124.3326206833
 30
0.0
 10
117.733364068
 20
124.3043039921
 30
0.0
 10
117.4601534547
 20
124.2864997277
 30
0.0
 10
117.3128590724
 20
124.2773289154
 30
0.0
  0
SPLINE
  5
971
100
AcDbEntity
  8
0
100
AcDbSpline
 62
7
  6
CONTINUOUS
 70
0
 71
3
 72
10
 73
6
 74
0
 42
0.0000001
 43
0.0000001
 44
0.0000000001
 40
0.0
 40
0.0
 40
0.0
 40
0.0
 40
0.1842348714
 40
0.4138034344
 40
1.0
 40
1.0
 40
1.0
 40
1.0
 10
118.6461171327
 20
109.394159969
 30
0.0
 10
118.6124443629
 20
109.388281089
 30
0.0
 10
118.5364643543
 20
109.3770989276
 30
0.0
 10
118.3522271176
 20
109.3551225498
 30
0.0
 10
118.2014581155
 20
109.3414964583
 30
0.0
 10
118.0930754582
 20
109.332441219
 30
0.0
  0
SPLINE
  5
972
100
AcDbEntity
  8
0
100
AcDbSpline
 62
7
  6
CONTINUOUS
 70
0
 71
3
 72
16
 73
12
 74
0
 42
0.0000001
 43
0.0000001
 44
0.0000000001
 40
0.0
 40
0.0
 40
0.0
 40
0.0
 40
0.0189819346
 40
0.0441051766
 40
0.1129648259
 40
0.206295865
 40
0.3232843822
 40
0.4627225605
 40
0.6231665633
 40
0.8028984144
 40
1.0
 40
1.0
 40
1.0
 40
1.0
 10
118.7709412738
 20
124.2258274241
 30
0.0
 10
118.7639586991
 20
124.2225499164
 30
0.0
 10
118.7470537695
 20
124.2164269908
 30
0.0
 10
118.7027464219
 20
124.204380816
 30
0.0
 10
118.6278368522
 20
124.1903448313
 30
0.0
 10
118.5155374413
 20
124.1742885092
 30
0.0
 10
118.3743086923
 20
124.1581329311
 30
0.0
 10
118.2056928698
 20
124.1418322143
 30
0.0
 10
118.0114786634
 20
124.1254808832
 30
0.0
 10
117.793765197
 20
124.1090817201
 30
0.0
 10
117.6409944051
 20
124.0985772385
 30
0.0
 10
117.56107607
 20
124.0932690019
 30
0.0
  0
SPLINE
  5
973
100
AcDbEntity
  8
0
100
AcDbSpline
 62
7
  6
CONTINUOUS
 70
0
 71
3
 72
15
 73
11
 74
0
 42
0.0000001
 43
0.0000001
 44
0.0000000001
 40
0.0
 40
0.0
 40
0.0
 40
0.0
 40
0.0205608698
 40
0.0469046691
 40
0.1171371728
 40
0.2106804064
 40
0.326947152
 40
0.465141827
 40
0.6242164694
 40
1.0
 40
1.0
 40
1.0
 40
1.0
 10
118.7709517352
 20
123.2258274309
 30
0.0
 10
118.7651417729
 20
123.2231003254
 30
0.0
 10
118.7514073148
 20
123.2179219679
 30
0.0
 10
118.7162818442
 20
123.2077193572
 30
0.0
 10
118.658092738
 20
123.1956943931
 30
0.0
 10
118.5717568056
 20
123.1819861702
 30
0.0
 10
118.4639896148
 20
123.1681799663
 30
0.0
 10
118.3356503214
 20
123.1542770549
 30
0.0
 10
118.1264752202
 20
123.1345662542
 30
0.0
 10
117.9600187363
 20
123.1215111951
 30
0.0
 10
117.8430317438
 20
123.1129154761
 30
0.0
  0
SPLINE
  5
974
100
AcDbEntity
  8
0
100
AcDbSpline
 62
7
  6
CONTINUOUS
 70
0
 71
3
 72
15
 73
11
 74
0
 42
0.0000001
 43
0.0000001
 44
0.0000000001
 40
0.0
 40
0.0
 40
0.0
 40
0.0
 40
0.0206763749
 40
0.0471104178
 40
0.1174893838
 40
0.2110501699
 40
0.3272955648
 40
0.4653972711
 40
0.6243697618
 40
1.0
 40
1.0
 40
1.0
 40
1.0
 10
118.7709412866
 20
122.2258274449
 30
0.0
 10
118.7652138453
 20
122.223138548
 30
0.0
 10
118.7516977097
 20
122.2180230252
 30
0.0
 10
118.7171730731
 20
122.2079437986
 30
0.0
 10
118.6600673121
 20
122.1960696065
 30
0.0
 10
118.5754046833
 20
122.182512224
 30
0.0
 10
118.4698005786
 20
122.1688761246
 30
0.0
 10
118.3440653247
 20
122.1551342867
 30
0.0
 10
118.1391272629
 20
122.1356591458
 30
0.0
 10
117.9760321946
 20
122.1227591145
 30
0.0
 10
117.8613986565
 20
122.1142700165
 30
0.0
  0
SPLINE
  5
975
100
AcDbEntity
  8
0
100
AcDbSpline
 62
7
  6
CONTINUOUS
 70
0
 71
3
 72
12
 73
8
 74
0
 42
0.0000001
 43
0.0000001
 44
0.0000000001
 40
0.0
 40
0.0
 40
0.0
 40
0.0
 40
0.1223646619
 40
0.2083242963
 40
0.3166264974
 40
0.6071173683
 40
1.0
 40
1.0
 40
1.0
 40
1.0
 10
118.2182438402
 20
114.7110075891
 30
0.0
 10
118.2182376173
 20
114.7081198436
 30
0.0
 10
118.2150993144
 20
114.70345854
 30
0.0
 10
118.2089302809
 20
114.6993898165
 30
0.0
 10
118.1985276619
 20
114.6944503292
 30
0.0
 10
118.180487774
 20
114.6893717905
 30
0.0
 10
118.16463917
 20
114.6863472708
 30
0.0
 10
118.1554870639
 20
114.684861912
 30
0.0
  0
SPLINE
  5
976
100
AcDbEntity
  8
0
100
AcDbSpline
 62
7
  6
CONTINUOUS
 70
0
 71
3
 72
10
 73
6
 74
0
 42
0.0000001
 43
0.0000001
 44
0.0000000001
 40
0.0
 40
0.0
 40
0.0
 40
0.0
 40
0.1809682994
 40
0.409233384
 40
1.0
 40
1.0
 40
1.0
 40
1.0
 10
118.1581995153
 20
123.6633773718
 30
0.0
 10
118.1378080386
 20
123.6584162674
 30
0.0
 10
118.0912487585
 20
123.6490655701
 30
0.0
 10
117.9767432565
 20
123.6306675421
 30
0.0
 10
117.8824187524
 20
123.6192315875
 30
0.0
 10
117.8143389044
 20
123.611572943
 30
0.0
  0
SPLINE
  5
977
100
AcDbEntity
  8
0
100
AcDbSpline
 62
7
  6
CONTINUOUS
 70
0
 71
3
 72
13
 73
9
 74
0
 42
0.0000001
 43
0.0000001
 44
0.0000000001
 40
0.0
 40
0.0
 40
0.0
 40
0.0
 40
0.0572799111
 40
0.1247332016
 40
0.2106011708
 40
0.3189144129
 40
0.6088085156
 40
1.0
 40
1.0
 40
1.0
 40
1.0
 10
118.2202730769
 20
115.7100623765
 30
0.0
 10
118.2202701786
 20
115.7086651726
 30
0.0
 10
118.2194316057
 20
115.7055958836
 30
0.0
 10
118.2160194157
 20
115.7016237722
 30
0.0
 10
118.2107359842
 20
115.6979789174
 30
0.0
 10
118.2000426851
 20
115.6928962743
 30
0.0
 10
118.1814888701
 20
115.6874478974
 30
0.0
 10
118.1651922381
 20
115.6842135788
 30
0.0
 10
118.1557884834
 20
115.6825941119
 30
0.0
  0
SPLINE
  5
978
100
AcDbEntity
  8
0
100
AcDbSpline
 62
7
  6
CONTINUOUS
 70
0
 71
3
 72
15
 73
11
 74
0
 42
0.0000001
 43
0.0000001
 44
0.0000000001
 40
0.0
 40
0.0
 40
0.0
 40
0.0
 40
0.0208180898
 40
0.0473631023
 40
0.1178481096
 40
0.2114652605
 40
0.3276556892
 40
0.4656751792
 40
0.6245278415
 40
1.0
 40
1.0
 40
1.0
 40
1.0
 10
118.7709506744
 20
121.2258274157
 30
0.0
 10
118.7652990251
 20
121.2231753423
 30
0.0
 10
118.7519863705
 20
121.2181272922
 30
0.0
 10
118.718062389
 20
121.208178015
 30
0.0
 10
118.6620391871
 20
121.196435576
 30
0.0
 10
118.5790551199
 20
121.1830518077
 30
0.0
 10
118.4756063458
 20
121.169572116
 30
0.0
 10
118.3524786665
 20
121.1560016441
 30
0.0
 10
118.1517698198
 20
121.1367577286
 30
0.0
 10
117.9920331127
 20
121.1240188656
 30
0.0
 10
117.8797484024
 20
121.115634952
 30
0.0
  0
SPLINE
  5
979
100
AcDbEntity
  8
0
100
AcDbSpline
 62
7
  6
CONTINUOUS
 70
0
 71
3
 72
13
 73
9
 74
0
 42
0.0000001
 43
0.0000001
 44
0.0000000001
 40
0.0
 40
0.0
 40
0.0
 40
0.0
 40
0.0571753214
 40
0.1247113571
 40
0.2107393163
 40
0.3192185794
 40
0.6092466979
 40
1.0
 40
1.0
 40
1.0
 40
1.0
 10
118.2223667672
 20
116.7090860612
 30
0.0
 10
118.2223637605
 20
116.707649376
 30
0.0
 10
118.22149682
 20
116.7044896716
 30
0.0
 10
118.2179889263
 20
116.7003899699
 30
0.0
 10
118.2125558283
 20
116.6966045743
 30
0.0
 10
118.2015623293
 20
116.691297258
 30
0.0
 10
118.182499237
 20
116.6855364477
 30
0.0
 10
118.1657499639
 20
116.6820542136
 30
0.0
 10
118.1560898938
 20
116.6802960655
 30
0.0
  0
SPLINE
  5
97A
100
AcDbEntity
  8
0
100
AcDbSpline
 62
7
  6
CONTINUOUS
 70
0
 71
3
 72
11
 73
7
 74
0
 42
0.0000001
 43
0.0000001
 44
0.0000000001
 40
0.0
 40
0.0
 40
0.0
 40
0.0
 40
0.3230878188
 40
0.5992642688
 40
0.8257760132
 40
1.0
 40
1.0
 40
1.0
 40
1.0
 10
117.7171676294
 20
123.8761127982
 30
0.0
 10
117.764988899
 20
123.8813906008
 30
0.0
 10
117.8536223033
 20
123.8917859826
 30
0.0
 10
117.9754556138
 20
123.9085796552
 30
0.0
 10
118.0748533726
 20
123.9253822066
 30
0.0
 10
118.1332370145
 20
123.9380075056
 30
0.0
 10
118.1582845249
 20
123.944768787
 30
0.0
  0
SPLINE
  5
97B
100
AcDbEntity
  8
0
100
AcDbSpline
 62
7
  6
CONTINUOUS
 70
0
 71
3
 72
12
 73
8
 74
0
 42
0.0000001
 43
0.0000001
 44
0.0000000001
 40
0.0
 40
0.0
 40
0.0
 40
0.0
 40
0.1223615067
 40
0.208579064
 40
0.3171464545
 40
0.6082117693
 40
1.0
 40
1.0
 40
1.0
 40
1.0
 10
118.2244877736
 20
117.7080959948
 30
0.0
 10
118.224480918
 20
117.7049390143
 30
0.0
 10
118.2210657695
 20
117.6998503123
 30
0.0
 10
118.2144094746
 20
117.6952588215
 30
0.0
 10
118.2031220339
 20
117.6896126666
 30
0.0
 10
118.1835357224
 20
117.6836383353
 30
0.0
 10
118.1663190163
 20
117.6798702389
 30
0.0
 10
118.1563912952
 20
117.677967944
 30
0.0
  0
SPLINE
  5
97C
100
AcDbEntity
  8
0
100
AcDbSpline
 62
7
  6
CONTINUOUS
 70
0
 71
3
 72
12
 73
8
 74
0
 42
0.0000001
 43
0.0000001
 44
0.0000000001
 40
0.0
 40
0.0
 40
0.0
 40
0.0
 40
0.1223547326
 40
0.2086562459
 40
0.3172980258
 40
0.6084862311
 40
1.0
 40
1.0
 40
1.0
 40
1.0
 10
118.2265690849
 20
118.7071254633
 30
0.0
 10
118.2265620205
 20
118.7038777098
 30
0.0
 10
118.2230533803
 20
118.6986451364
 30
0.0
 10
118.2162360679
 20
118.6938738078
 30
0.0
 10
118.2046565056
 20
118.6879811112
 30
0.0
 10
118.1845555606
 20
118.6816864215
 30
0.0
 10
118.1668811592
 20
118.6776579149
 30
0.0
 10
118.1566926875
 20
118.6756099195
 30
0.0
  0
SPLINE
  5
97D
100
AcDbEntity
  8
0
100
AcDbSpline
 62
7
  6
CONTINUOUS
 70
0
 71
3
 72
10
 73
6
 74
0
 42
0.0000001
 43
0.0000001
 44
0.0000000001
 40
0.0
 40
0.0
 40
0.0
 40
0.0
 40
0.1842737131
 40
0.4136206818
 40
1.0
 40
1.0
 40
1.0
 40
1.0
 10
118.1578981673
 20
122.6658822827
 30
0.0
 10
118.1393960083
 20
122.6615232117
 30
0.0
 10
118.0975106294
 20
122.6532689361
 30
0.0
 10
117.9956382011
 20
122.6370150547
 30
0.0
 10
117.912097017
 20
122.6267263815
 30
0.0
 10
117.8520029482
 20
122.6198356541
 30
0.0
  0
SPLINE
  5
97E
100
AcDbEntity
  8
0
100
AcDbSpline
 62
7
  6
CONTINUOUS
 70
0
 71
3
 72
12
 73
8
 74
0
 42
0.0000001
 43
0.0000001
 44
0.0000000001
 40
0.0
 40
0.0
 40
0.0
 40
0.0
 40
0.1223452078
 40
0.2087305563
 40
0.3174402486
 40
0.6087132501
 40
1.0
 40
1.0
 40
1.0
 40
1.0
 10
118.2286503962
 20
119.7061549318
 30
0.0
 10
118.2286431246
 20
119.7028158892
 30
0.0
 10
118.2250401302
 20
119.6974387878
 30
0.0
 10
118.2180624019
 20
119.6924850328
 30
0.0
 10
118.2061924426
 20
119.6863403313
 30
0.0
 10
118.185577825
 20
119.679713407
 30
0.0
 10
118.1674448121
 20
119.6754183794
 30
0.0
 10
118.1569940708
 20
119.6732221656
 30
0.0
  0
SPLINE
  5
97F
100
AcDbEntity
  8
0
100
AcDbSpline
 62
7
  6
CONTINUOUS
 70
0
 71
3
 72
10
 73
6
 74
0
 42
0.0000001
 43
0.0000001
 44
0.0000000001
 40
0.0
 40
0.0
 40
0.0
 40
0.0
 40
0.5861064881
 40
0.8154713617
 40
1.0
 40
1.0
 40
1.0
 40
1.0
 10
117.8474463074
 20
122.8889295482
 30
0.0
 10
117.9085843257
 20
122.8968717422
 30
0.0
 10
117.9935538169
 20
122.908966565
 30
0.0
 10
118.0968877176
 20
122.9287009864
 30
0.0
 10
118.1392882689
 20
122.9387190372
 30
0.0
 10
118.157982171
 20
122.9439438076
 30
0.0
  0
SPLINE
  5
980
100
AcDbEntity
  8
0
100
AcDbSpline
 62
7
  6
CONTINUOUS
 70
0
 71
3
 72
12
 73
8
 74
0
 42
0.0000001
 43
0.0000001
 44
0.0000000001
 40
0.0
 40
0.0
 40
0.0
 40
0.0
 40
0.1222732054
 40
0.2088280931
 40
0.3178055822
 40
0.6090190792
 40
1.0
 40
1.0
 40
1.0
 40
1.0
 10
118.2307316527
 20
120.7051844328
 30
0.0
 10
118.2307245718
 20
120.7017540018
 30
0.0
 10
118.2270962338
 20
120.6961893085
 30
0.0
 10
118.2199110402
 20
120.6910779122
 30
0.0
 10
118.2077324595
 20
120.6847086389
 30
0.0
 10
118.1866106788
 20
120.6776948328
 30
0.0
 10
118.1680107006
 20
120.6731513564
 30
0.0
 10
118.1572954451
 20
120.6708048573
 30
0.0
  0
SPLINE
  5
981
100
AcDbEntity
  8
0
100
AcDbSpline
 62
7
  6
CONTINUOUS
 70
0
 71
3
 72
12
 73
8
 74
0
 42
0.0000001
 43
0.0000001
 44
0.0000000001
 40
0.0
 40
0.0
 40
0.0
 40
0.0
 40
0.1222663222
 40
0.2089107666
 40
0.3179385301
 40
0.6091282993
 40
1.0
 40
1.0
 40
1.0
 40
1.0
 10
118.2328130101
 20
121.7042138778
 30
0.0
 10
118.2328058159
 20
121.7006908154
 30
0.0
 10
118.2290861337
 20
121.6949768716
 30
0.0
 10
118.2217380537
 20
121.6896799274
 30
0.0
 10
118.2092732153
 20
121.6830485049
 30
0.0
 10
118.187641347
 20
121.6756738406
 30
0.0
 10
118.1685790946
 20
121.6708564539
 30
0.0
 10
118.1575968107
 20
121.6683581706
 30
0.0
  0
SPLINE
  5
982
100
AcDbEntity
  8
0
100
AcDbSpline
 62
7
  6
CONTINUOUS
 70
0
 71
3
 72
10
 73
6
 74
0
 42
0.0000001
 43
0.0000001
 44
0.0000000001
 40
0.0
 40
0.0
 40
0.0
 40
0.0
 40
0.1858125099
 40
0.4156029388
 40
1.0
 40
1.0
 40
1.0
 40
1.0
 10
118.1575968107
 20
121.6683581706
 30
0.0
 10
118.1399818928
 20
121.6643510756
 30
0.0
 10
118.1002841458
 20
121.6567169248
 30
0.0
 10
118.004222857
 20
121.6417004665
 30
0.0
 10
117.9256185582
 20
121.6321877117
 30
0.0
 10
117.8691710338
 20
121.6257286123
 30
0.0
  0
SPLINE
  5
983
100
AcDbEntity
  8
0
100
AcDbSpline
 62
7
  6
CONTINUOUS
 70
0
 71
3
 72
12
 73
8
 74
0
 42
0.0000001
 43
0.0000001
 44
0.0000000001
 40
0.0
 40
0.0
 40
0.0
 40
0.0
 40
0.1223005911
 40
0.2089403211
 40
0.3178181941
 40
0.6091041466
 40
1.0
 40
1.0
 40
1.0
 40
1.0
 10
118.2348943309
 20
122.7032433372
 30
0.0
 10
118.2348864656
 20
122.6996273234
 30
0.0
 10
118.2309937836
 20
122.6938129588
 30
0.0
 10
118.2235377788
 20
122.6882975185
 30
0.0
 10
118.2108086775
 20
122.6813643428
 30
0.0
 10
118.1886624482
 20
122.6736636234
 30
0.0
 10
118.1691476663
 20
122.6685326417
 30
0.0
 10
118.1578981673
 20
122.6658822827
 30
0.0
  0
SPLINE
  5
984
100
AcDbEntity
  8
0
100
AcDbSpline
 62
7
  6
CONTINUOUS
 70
0
 71
3
 72
12
 73
8
 74
0
 42
0.0000001
 43
0.0000001
 44
0.0000000001
 40
0.0
 40
0.0
 40
0.0
 40
0.0
 40
0.1222804918
 40
0.2090068512
 40
0.3179300052
 40
0.609137385
 40
1.0
 40
1.0
 40
1.0
 40
1.0
 10
118.2369756429
 20
123.7022728056
 30
0.0
 10
118.236967607
 20
123.6985634322
 30
0.0
 10
118.2329756771
 20
123.6926021725
 30
0.0
 10
118.2253610213
 20
123.6868950565
 30
0.0
 10
118.2123500763
 20
123.6796883689
 30
0.0
 10
118.1896977672
 20
123.6716021041
 30
0.0
 10
118.1697202793
 20
123.6661802936
 30
0.0
 10
118.1581995153
 20
123.6633773718
 30
0.0
  0
SPLINE
  5
985
100
AcDbEntity
  8
0
100
AcDbSpline
 62
7
  6
CONTINUOUS
 70
0
 71
3
 72
20
 73
16
 74
0
 42
0.0000001
 43
0.0000001
 44
0.0000000001
 40
0.0
 40
0.0
 40
0.0
 40
0.0
 40
0.0100101951
 40
0.016807444
 40
0.0251908994
 40
0.0472129318
 40
0.0766522454
 40
0.1136808844
 40
0.1583113425
 40
0.2105008307
 40
0.270182686
 40
0.4115863947
 40
0.58134899
 40
0.7780710535
 40
1.0
 40
1.0
 40
1.0
 40
1.0
 10
118.7904998131
 20
123.4441599548
 30
0.0
 10
118.7904982435
 20
123.4414208199
 30
0.0
 10
118.7880203244
 20
123.4369607699
 30
0.0
 10
118.7828274684
 20
123.43250496
 30
0.0
 10
118.7741965986
 20
123.427000369
 30
0.0
 10
118.7590804568
 20
123.4205547536
 30
0.0
 10
118.7359907804
 20
123.4132164914
 30
0.0
 10
118.7064792079
 20
123.4058524421
 30
0.0
 10
118.670607401
 20
123.3984334646
 30
0.0
 10
118.6284298359
 20
123.3909903172
 30
0.0
 10
118.5599294617
 20
123.3804365068
 30
0.0
 10
118.4592559015
 20
123.3675791939
 30
0.0
 10
118.3210660958
 20
123.3527753647
 30
0.0
 10
118.1607376426
 20
123.3379255318
 30
0.0
 10
118.0465646143
 20
123.3285306617
 30
0.0
 10
117.9860239482
 20
123.3237716195
 30
0.0
  0
LINE
  5
986
100
AcDbEntity
  8
0
100
AcDbLine
 62
7
  6
CONTINUOUS
 10
117.8446328114
 20
123.3130331347
 11
117.8389855965
 21
123.3126184507
  0
SPLINE
  5
987
100
AcDbEntity
  8
0
100
AcDbSpline
 62
7
  6
CONTINUOUS
 70
0
 71
3
 72
10
 73
6
 74
0
 42
0.0000001
 43
0.0000001
 44
0.0000000001
 40
0.0
 40
0.0
 40
0.0
 40
0.0
 40
0.5836065904
 40
0.8136639838
 40
1.0
 40
1.0
 40
1.0
 40
1.0
 10
117.864006419
 20
121.8886536584
 30
0.0
 10
117.9216175078
 20
121.8965004174
 30
0.0
 10
118.0018347082
 20
121.9085132443
 30
0.0
 10
118.0995367911
 20
121.92807086
 30
0.0
 10
118.1398464986
 20
121.9379957705
 30
0.0
 10
118.1576798275
 20
121.9431531449
 30
0.0
  0
SPLINE
  5
988
100
AcDbEntity
  8
0
100
AcDbSpline
 62
7
  6
CONTINUOUS
 70
0
 71
3
 72
20
 73
16
 74
0
 42
0.0000001
 43
0.0000001
 44
0.0000000001
 40
0.0
 40
0.0
 40
0.0
 40
0.0
 40
0.009470874
 40
0.0161084663
 40
0.0243971422
 40
0.0463739533
 40
0.0758943602
 40
0.1130961836
 40
0.1579860681
 40
0.2104845432
 40
0.2704875316
 40
0.4124873965
 40
0.5825885152
 40
0.7791085336
 40
1.0
 40
1.0
 40
1.0
 40
1.0
 10
118.7904948485
 20
122.444160003
 30
0.0
 10
118.7904980058
 20
122.4411567388
 30
0.0
 10
118.7875038206
 20
122.4362684636
 30
0.0
 10
118.7814901454
 20
122.4315287491
 30
0.0
 10
118.7713458064
 20
122.4255532511
 30
0.0
 10
118.753651456
 20
122.4186019968
 30
0.0
 10
118.7266517107
 20
122.410661939
 30
0.0
 10
118.6921507889
 20
122.4026968609
 30
0.0
 10
118.65022721
 20
122.3946710775
 30
0.0
 10
118.6009665531
 20
122.3866181932
 30
0.0
 10
118.5210705673
 20
122.3752014667
 30
0.0
 10
118.4038822269
 20
122.3612966046
 30
0.0
 10
118.2433882948
 20
122.3452812707
 30
0.0
 10
118.0577746778
 20
122.3292145864
 30
0.0
 10
117.9258023667
 20
122.3190276334
 30
0.0
 10
117.8559468693
 20
122.3138665875
 30
0.0
  0
SPLINE
  5
989
100
AcDbEntity
  8
0
100
AcDbSpline
 62
7
  6
CONTINUOUS
 70
0
 71
3
 72
10
 73
6
 74
0
 42
0.0000001
 43
0.0000001
 44
0.0000000001
 40
0.0
 40
0.0
 40
0.0
 40
0.0
 40
0.5810259156
 40
0.8115999616
 40
1.0
 40
1.0
 40
1.0
 40
1.0
 10
117.8827158515
 20
120.8888793712
 30
0.0
 10
117.9363967577
 20
120.896588968
 30
0.0
 10
118.0112591925
 20
120.9084784695
 30
0.0
 10
118.1026228948
 20
120.9276366018
 30
0.0
 10
118.1405298137
 20
120.9373587753
 30
0.0
 10
118.1573774944
 20
120.9423968985
 30
0.0
  0
SPLINE
  5
98A
100
AcDbEntity
  8
0
100
AcDbSpline
 62
7
  6
CONTINUOUS
 70
0
 71
3
 72
20
 73
16
 74
0
 42
0.0000001
 43
0.0000001
 44
0.0000000001
 40
0.0
 40
0.0
 40
0.0
 40
0.0
 40
0.0095457536
 40
0.0161988628
 40
0.0244937468
 40
0.0464773441
 40
0.0759930876
 40
0.1131612763
 40
0.1579975233
 40
0.2104552711
 40
0.2704183454
 40
0.4123080228
 40
0.5823735156
 40
0.7789201688
 40
1.0
 40
1.0
 40
1.0
 40
1.0
 10
118.7904899261
 20
121.4441599592
 30
0.0
 10
118.7904892725
 20
121.4411970326
 30
0.0
 10
118.7875805501
 20
121.4363764454
 30
0.0
 10
118.7817003987
 20
121.4316748823
 30
0.0
 10
118.7717956706
 20
121.425768176
 30
0.0
 10
118.7544972646
 20
121.4188959851
 30
0.0
 10
118.7281020408
 20
121.4110488326
 30
0.0
 10
118.6943788822
 20
121.4031725083
 30
0.0
 10
118.653398831
 20
121.3952356087
 30
0.0
 10
118.6052356939
 20
121.3872767729
 30
0.0
 10
118.527106734
 20
121.3759919787
 30
0.0
 10
118.4124740101
 20
121.3622395676
 30
0.0
 10
118.2554300413
 20
121.3464119905
 30
0.0
 10
118.0737040907
 20
121.330523727
 30
0.0
 10
117.9444659782
 20
121.3204589295
 30
0.0
 10
117.8760343992
 20
121.3153578746
 30
0.0
  0
SPLINE
  5
98B
100
AcDbEntity
  8
0
100
AcDbSpline
 62
7
  6
CONTINUOUS
 70
0
 71
3
 72
10
 73
6
 74
0
 42
0.0000001
 43
0.0000001
 44
0.0000000001
 40
0.0
 40
0.0
 40
0.0
 40
0.0
 40
0.187687194
 40
0.418187463
 40
1.0
 40
1.0
 40
1.0
 40
1.0
 10
118.1572954451
 20
120.6708048573
 30
0.0
 10
118.1406341114
 20
120.6671562458
 30
0.0
 10
118.1032545579
 20
120.660210745
 30
0.0
 10
118.0134152239
 20
120.6464978393
 30
0.0
 10
117.9401154245
 20
120.6376141078
 30
0.0
 10
117.8875831341
 20
120.6316261201
 30
0.0
  0
SPLINE
  5
98C
100
AcDbEntity
  8
0
100
AcDbSpline
 62
7
  6
CONTINUOUS
 70
0
 71
3
 72
9
 73
5
 74
0
 42
0.0000001
 43
0.0000001
 44
0.0000000001
 40
0.0
 40
0.0
 40
0.0
 40
0.0
 40
0.4208794493
 40
1.0
 40
1.0
 40
1.0
 40
1.0
 10
118.1569940708
 20
119.6732221656
 30
0.0
 10
118.1223056411
 20
119.6659324237
 30
0.0
 10
118.0389666458
 20
119.6532357233
 30
0.0
 10
117.9553800607
 20
119.6430688392
 30
0.0
 10
117.9069180991
 20
119.6375689034
 30
0.0
  0
SPLINE
  5
98D
100
AcDbEntity
  8
0
100
AcDbSpline
 62
7
  6
CONTINUOUS
 70
0
 71
3
 72
10
 73
6
 74
0
 42
0.0000001
 43
0.0000001
 44
0.0000000001
 40
0.0
 40
0.0
 40
0.0
 40
0.0
 40
0.5777939641
 40
0.8092194098
 40
1.0
 40
1.0
 40
1.0
 40
1.0
 10
117.9020226478
 20
119.8894782835
 30
0.0
 10
117.9516296652
 20
119.8970087756
 30
0.0
 10
118.0209829138
 20
119.9086232009
 30
0.0
 10
118.105802674
 20
119.927305244
 30
0.0
 10
118.1412462946
 20
119.9367841772
 30
0.0
 10
118.1570751717
 20
119.9416751655
 30
0.0
  0
SPLINE
  5
98E
100
AcDbEntity
  8
0
100
AcDbSpline
 62
7
  6
CONTINUOUS
 70
0
 71
3
 72
10
 73
6
 74
0
 42
0.0000001
 43
0.0000001
 44
0.0000000001
 40
0.0
 40
0.0
 40
0.0
 40
0.0
 40
0.3497165536
 40
0.6251519323
 40
1.0
 40
1.0
 40
1.0
 40
1.0
 10
76.7100508791
 20
123.9624925252
 30
0.0
 10
76.7071258946
 20
123.9611189363
 30
0.0
 10
76.7019659511
 20
123.9583961155
 30
0.0
 10
76.6945067487
 20
123.9532064914
 30
0.0
 10
76.690510803
 20
123.9476236722
 30
0.0
 10
76.69050745
 20
123.9441600017
 30
0.0
  0
SPLINE
  5
98F
100
AcDbEntity
  8
0
100
AcDbSpline
 62
7
  6
CONTINUOUS
 70
0
 71
3
 72
10
 73
6
 74
0
 42
0.0000001
 43
0.0000001
 44
0.0000000001
 40
0.0
 40
0.0
 40
0.0
 40
0.0
 40
0.3499335117
 40
0.6253908497
 40
1.0
 40
1.0
 40
1.0
 40
1.0
 10
76.7100530165
 20
122.962492581
 30
0.0
 10
76.707125341
 20
122.9611189599
 30
0.0
 10
76.70196159
 20
122.9583970439
 30
0.0
 10
76.6944987807
 20
122.9532098093
 30
0.0
 10
76.6905087221
 20
122.9476218924
 30
0.0
 10
76.6905103448
 20
122.9441599521
 30
0.0
  0
SPLINE
  5
990
100
AcDbEntity
  8
0
100
AcDbSpline
 62
7
  6
CONTINUOUS
 70
0
 71
3
 72
10
 73
6
 74
0
 42
0.0000001
 43
0.0000001
 44
0.0000000001
 40
0.0
 40
0.0
 40
0.0
 40
0.0
 40
0.3497791473
 40
0.6253262192
 40
1.0
 40
1.0
 40
1.0
 40
1.0
 10
76.7100596353
 20
121.9624925513
 30
0.0
 10
76.7071326112
 20
121.9611186126
 30
0.0
 10
76.7019680782
 20
121.9583949738
 30
0.0
 10
76.6945028432
 20
121.953210128
 30
0.0
 10
76.6904991173
 20
121.9476235236
 30
0.0
 10
76.6905020564
 20
121.9441599459
 30
0.0
  0
SPLINE
  5
991
100
AcDbEntity
  8
0
100
AcDbSpline
 62
7
  6
CONTINUOUS
 70
0
 71
3
 72
10
 73
6
 74
0
 42
0.0000001
 43
0.0000001
 44
0.0000000001
 40
0.0
 40
0.0
 40
0.0
 40
0.0
 40
0.3748564873
 40
0.6503240436
 40
1.0
 40
1.0
 40
1.0
 40
1.0
 10
76.6905031871
 20
123.7441599398
 30
0.0
 10
76.690506649
 20
123.7406955256
 30
0.0
 10
76.6945079278
 20
123.7351132765
 30
0.0
 10
76.7019690095
 20
123.7299244564
 30
0.0
 10
76.7071300433
 20
123.7272012559
 30
0.0
 10
76.7100552068
 20
123.7258274691
 30
0.0
  0
SPLINE
  5
992
100
AcDbEntity
  8
0
100
AcDbSpline
 62
7
  6
CONTINUOUS
 70
0
 71
3
 72
10
 73
6
 74
0
 42
0.0000001
 43
0.0000001
 44
0.0000000001
 40
0.0
 40
0.0
 40
0.0
 40
0.0
 40
0.3745585526
 40
0.6500830143
 40
1.0
 40
1.0
 40
1.0
 40
1.0
 10
76.6905083954
 20
122.7441600004
 30
0.0
 10
76.6905052718
 20
122.7406980274
 30
0.0
 10
76.6944976435
 20
122.7351085244
 30
0.0
 10
76.7019633964
 20
122.7299239752
 30
0.0
 10
76.7071281573
 20
122.7272011882
 30
0.0
 10
76.7100561034
 20
122.7258274006
 30
0.0
  0
SPLINE
  5
993
100
AcDbEntity
  8
0
100
AcDbSpline
 62
7
  6
CONTINUOUS
 70
0
 71
3
 72
10
 73
6
 74
0
 42
0.0000001
 43
0.0000001
 44
0.0000000001
 40
0.0
 40
0.0
 40
0.0
 40
0.0
 40
0.3748626406
 40
0.6503110233
 40
1.0
 40
1.0
 40
1.0
 40
1.0
 10
76.6905056136
 20
121.7441599343
 30
0.0
 10
76.6905093458
 20
121.7406958683
 30
0.0
 10
76.6945077246
 20
121.735113538
 30
0.0
 10
76.7019676094
 20
121.7299241561
 30
0.0
 10
76.7071278407
 20
121.7272011537
 30
0.0
 10
76.7100527669
 20
121.7258274667
 30
0.0
  0
SPLINE
  5
994
100
AcDbEntity
  8
0
100
AcDbSpline
 62
7
  6
CONTINUOUS
 70
0
 71
3
 72
10
 73
6
 74
0
 42
0.0000001
 43
0.0000001
 44
0.0000000001
 40
0.0
 40
0.0
 40
0.0
 40
0.0
 40
0.3497085298
 40
0.6251448403
 40
1.0
 40
1.0
 40
1.0
 40
1.0
 10
76.7100509269
 20
120.9624923486
 30
0.0
 10
76.7071260612
 20
120.9611187542
 30
0.0
 10
76.7019662585
 20
120.9583959267
 30
0.0
 10
76.6945071682
 20
120.9532063272
 30
0.0
 10
76.6905109913
 20
120.9476237062
 30
0.0
 10
76.6905074849
 20
120.9441600036
 30
0.0
  0
SPLINE
  5
995
100
AcDbEntity
  8
0
100
AcDbSpline
 62
7
  6
CONTINUOUS
 70
0
 71
3
 72
10
 73
6
 74
0
 42
0.0000001
 43
0.0000001
 44
0.0000000001
 40
0.0
 40
0.0
 40
0.0
 40
0.0
 40
0.3497920112
 40
0.6253439123
 40
1.0
 40
1.0
 40
1.0
 40
1.0
 10
76.7100595724
 20
119.9624923823
 30
0.0
 10
76.7071324363
 20
119.9611184549
 30
0.0
 10
76.7019677803
 20
119.9583948366
 30
0.0
 10
76.6945022786
 20
119.9532103533
 30
0.0
 10
76.6904993027
 20
119.9476233323
 30
0.0
 10
76.6905025496
 20
119.9441599423
 30
0.0
  0
SPLINE
  5
996
100
AcDbEntity
  8
0
100
AcDbSpline
 62
7
  6
CONTINUOUS
 70
0
 71
3
 72
10
 73
6
 74
0
 42
0.0000001
 43
0.0000001
 44
0.0000000001
 40
0.0
 40
0.0
 40
0.0
 40
0.0
 40
0.3498595517
 40
0.6252750519
 40
1.0
 40
1.0
 40
1.0
 40
1.0
 10
76.7100493716
 20
118.96249239
 30
0.0
 10
76.7071229803
 20
118.9611190519
 30
0.0
 10
76.7019616906
 20
118.9583970018
 30
0.0
 10
76.6945022308
 20
118.9532077356
 30
0.0
 10
76.6905119036
 20
118.9476223447
 30
0.0
 10
76.6905112825
 20
118.9441599757
 30
0.0
  0
SPLINE
  5
997
100
AcDbEntity
  8
0
100
AcDbSpline
 62
7
  6
CONTINUOUS
 70
0
 71
3
 72
10
 73
6
 74
0
 42
0.0000001
 43
0.0000001
 44
0.0000000001
 40
0.0
 40
0.0
 40
0.0
 40
0.0
 40
0.3496838956
 40
0.6251772968
 40
1.0
 40
1.0
 40
1.0
 40
1.0
 10
76.7100576121
 20
117.9624923466
 30
0.0
 10
76.7071319631
 20
117.9611184797
 30
0.0
 10
76.701969741
 20
117.9583950959
 30
0.0
 10
76.6945072498
 20
117.9532073186
 30
0.0
 10
76.6905030595
 20
117.9476245157
 30
0.0
 10
76.6905010246
 20
117.9441599838
 30
0.0
  0
SPLINE
  5
998
100
AcDbEntity
  8
0
100
AcDbSpline
 62
7
  6
CONTINUOUS
 70
0
 71
3
 72
10
 73
6
 74
0
 42
0.0000001
 43
0.0000001
 44
0.0000000001
 40
0.0
 40
0.0
 40
0.0
 40
0.0
 40
0.3745578912
 40
0.6500996469
 40
1.0
 40
1.0
 40
1.0
 40
1.0
 10
76.6905074849
 20
120.7441600036
 30
0.0
 10
76.6905039802
 20
120.7406979262
 30
0.0
 10
76.6944978189
 20
120.735108355
 30
0.0
 10
76.7019640595
 20
120.7299244452
 30
0.0
 10
76.7071289331
 20
120.7272013926
 30
0.0
 10
76.7100568089
 20
120.7258275736
 30
0.0
  0
SPLINE
  5
999
100
AcDbEntity
  8
0
100
AcDbSpline
 62
7
  6
CONTINUOUS
 70
0
 71
3
 72
10
 73
6
 74
0
 42
0.0000001
 43
0.0000001
 44
0.0000000001
 40
0.0
 40
0.0
 40
0.0
 40
0.0
 40
0.3748521001
 40
0.6503260838
 40
1.0
 40
1.0
 40
1.0
 40
1.0
 10
76.6905025496
 20
119.7441599423
 30
0.0
 10
76.6905057974
 20
119.7406954823
 30
0.0
 10
76.6945078942
 20
119.7351132368
 30
0.0
 10
76.7019692669
 20
119.7299246798
 30
0.0
 10
76.707130518
 20
119.7272014434
 30
0.0
 10
76.7100557416
 20
119.72582764
 30
0.0
  0
SPLINE
  5
99A
100
AcDbEntity
  8
0
100
AcDbSpline
 62
7
  6
CONTINUOUS
 70
0
 71
3
 72
10
 73
6
 74
0
 42
0.0000001
 43
0.0000001
 44
0.0000000001
 40
0.0
 40
0.0
 40
0.0
 40
0.0
 40
0.3746609119
 40
0.6500875107
 40
1.0
 40
1.0
 40
1.0
 40
1.0
 10
76.6905112825
 20
118.7441599757
 30
0.0
 10
76.6905106614
 20
118.7406979453
 30
0.0
 10
76.6945002619
 20
118.7351113048
 30
0.0
 10
76.7019610586
 20
118.7299227777
 30
0.0
 10
76.7071236511
 20
118.7272010408
 30
0.0
 10
76.7100507857
 20
118.7258275788
 30
0.0
  0
SPLINE
  5
99B
100
AcDbEntity
  8
0
100
AcDbSpline
 62
7
  6
CONTINUOUS
 70
0
 71
3
 72
10
 73
6
 74
0
 42
0.0000001
 43
0.0000001
 44
0.0000000001
 40
0.0
 40
0.0
 40
0.0
 40
0.0
 40
0.3747191734
 40
0.6502543539
 40
1.0
 40
1.0
 40
1.0
 40
1.0
 10
76.6905010246
 20
117.7441599838
 30
0.0
 10
76.6904989901
 20
117.7406960356
 30
0.0
 10
76.694504438
 20
117.7351107101
 30
0.0
 10
76.7019688068
 20
117.7299251301
 30
0.0
 10
76.7071328543
 20
117.7272015379
 30
0.0
 10
76.7100594909
 20
117.7258276119
 30
0.0
  0
SPLINE
  5
99C
100
AcDbEntity
  8
0
100
AcDbSpline
 62
7
  6
CONTINUOUS
 70
0
 71
3
 72
10
 73
6
 74
0
 42
0.0000001
 43
0.0000001
 44
0.0000000001
 40
0.0
 40
0.0
 40
0.0
 40
0.0
 40
0.3499285158
 40
0.6254332474
 40
1.0
 40
1.0
 40
1.0
 40
1.0
 10
76.7100545586
 20
116.9624922175
 30
0.0
 10
76.7071267137
 20
116.9611184991
 30
0.0
 10
76.7019623329
 20
116.9583960563
 30
0.0
 10
76.6944975695
 20
116.953210874
 30
0.0
 10
76.690506478
 20
116.9476217457
 30
0.0
 10
76.6905092821
 20
116.9441599401
 30
0.0
  0
SPLINE
  5
99D
100
AcDbEntity
  8
0
100
AcDbSpline
 62
7
  6
CONTINUOUS
 70
0
 71
3
 72
10
 73
6
 74
0
 42
0.0000001
 43
0.0000001
 44
0.0000000001
 40
0.0
 40
0.0
 40
0.0
 40
0.0
 40
0.3496962823
 40
0.625137538
 40
1.0
 40
1.0
 40
1.0
 40
1.0
 10
76.710051279
 20
115.9624921517
 30
0.0
 10
76.7071264927
 20
115.9611185299
 30
0.0
 10
76.70196667
 20
115.9583956535
 30
0.0
 10
76.6945074294
 20
115.9532061855
 30
0.0
 10
76.6905103503
 20
115.9476238312
 30
0.0
 10
76.6905066741
 20
115.9441600045
 30
0.0
  0
SPLINE
  5
99E
100
AcDbEntity
  8
0
100
AcDbSpline
 62
7
  6
CONTINUOUS
 70
0
 71
3
 72
10
 73
6
 74
0
 42
0.0000001
 43
0.0000001
 44
0.0000000001
 40
0.0
 40
0.0
 40
0.0
 40
0.0
 40
0.3498105647
 40
0.6253663763
 40
1.0
 40
1.0
 40
1.0
 40
1.0
 10
76.7100589624
 20
114.9624921941
 30
0.0
 10
76.7071317111
 20
114.9611182878
 30
0.0
 10
76.701967005
 20
114.9583947212
 30
0.0
 10
76.694501261
 20
114.953210634
 30
0.0
 10
76.6904997881
 20
114.9476230392
 30
0.0
 10
76.6905033157
 20
114.9441599388
 30
0.0
  0
SPLINE
  5
99F
100
AcDbEntity
  8
0
100
AcDbSpline
 62
7
  6
CONTINUOUS
 70
0
 71
3
 72
10
 73
6
 74
0
 42
0.0000001
 43
0.0000001
 44
0.0000000001
 40
0.0
 40
0.0
 40
0.0
 40
0.0
 40
0.3498338219
 40
0.6252488332
 40
1.0
 40
1.0
 40
1.0
 40
1.0
 10
76.7100485861
 20
113.9624921909
 30
0.0
 10
76.7071225739
 20
113.9611188839
 30
0.0
 10
76.7019618713
 20
113.9583967
 30
0.0
 10
76.6945029217
 20
113.9532073242
 30
0.0
 10
76.6905121951
 20
113.9476224648
 30
0.0
 10
76.6905110872
 20
113.9441599809
 30
0.0
  0
SPLINE
  5
9A0
100
AcDbEntity
  8
0
100
AcDbSpline
 62
7
  6
CONTINUOUS
 70
0
 71
3
 72
10
 73
6
 74
0
 42
0.0000001
 43
0.0000001
 44
0.0000000001
 40
0.0
 40
0.0
 40
0.0
 40
0.0
 40
0.3748296643
 40
0.6502545925
 40
1.0
 40
1.0
 40
1.0
 40
1.0
 10
76.6905092821
 20
116.7441599401
 30
0.0
 10
76.6905120873
 20
116.740696745
 30
0.0
 10
76.6945057654
 20
116.7351134998
 30
0.0
 10
76.7019642366
 20
116.7299238668
 30
0.0
 10
76.7071238845
 20
116.7272012758
 30
0.0
 10
76.7100489065
 20
116.7258278108
 30
0.0
  0
SPLINE
  5
9A1
100
AcDbEntity
  8
0
100
AcDbSpline
 62
7
  6
CONTINUOUS
 70
0
 71
3
 72
10
 73
6
 74
0
 42
0.0000001
 43
0.0000001
 44
0.0000000001
 40
0.0
 40
0.0
 40
0.0
 40
0.0
 40
0.3745657924
 40
0.65011596
 40
1.0
 40
1.0
 40
1.0
 40
1.0
 10
76.6905066741
 20
115.7441600045
 30
0.0
 10
76.6905029997
 20
115.7406978066
 30
0.0
 10
76.6944981606
 20
115.7351084383
 30
0.0
 10
76.7019644726
 20
115.7299247991
 30
0.0
 10
76.7071293195
 20
115.7272016003
 30
0.0
 10
76.7100570711
 20
115.7258277668
 30
0.0
  0
SPLINE
  5
9A2
100
AcDbEntity
  8
0
100
AcDbSpline
 62
7
  6
CONTINUOUS
 70
0
 71
3
 72
10
 73
6
 74
0
 42
0.0000001
 43
0.0000001
 44
0.0000000001
 40
0.0
 40
0.0
 40
0.0
 40
0.0
 40
0.3748604309
 40
0.6503268782
 40
1.0
 40
1.0
 40
1.0
 40
1.0
 10
76.6905033157
 20
114.7441599388
 30
0.0
 10
76.6905068447
 20
114.7406955993
 30
0.0
 10
76.6945079075
 20
114.735113511
 30
0.0
 10
76.7019686953
 20
114.7299247395
 30
0.0
 10
76.7071294991
 20
114.7272015921
 30
0.0
 10
76.7100545314
 20
114.7258278313
 30
0.0
  0
SPLINE
  5
9A3
100
AcDbEntity
  8
0
100
AcDbSpline
 62
7
  6
CONTINUOUS
 70
0
 71
3
 72
10
 73
6
 74
0
 42
0.0000001
 43
0.0000001
 44
0.0000000001
 40
0.0
 40
0.0
 40
0.0
 40
0.0
 40
0.3746377468
 40
0.6500744234
 40
1.0
 40
1.0
 40
1.0
 40
1.0
 10
76.6905110872
 20
113.7441599809
 30
0.0
 10
76.6905099794
 20
113.7406980897
 30
0.0
 10
76.6944994472
 20
113.735110969
 30
0.0
 10
76.7019608326
 20
113.7299229787
 30
0.0
 10
76.707123816
 20
113.7272012765
 30
0.0
 10
76.7100511387
 20
113.7258277658
 30
0.0
  0
SPLINE
  5
9A4
100
AcDbEntity
  8
0
100
AcDbSpline
 62
7
  6
CONTINUOUS
 70
0
 71
3
 72
10
 73
6
 74
0
 42
0.0000001
 43
0.0000001
 44
0.0000000001
 40
0.0
 40
0.0
 40
0.0
 40
0.0
 40
0.3496898386
 40
0.6251907142
 40
1.0
 40
1.0
 40
1.0
 40
1.0
 10
76.7100572807
 20
112.9624919199
 30
0.0
 10
76.7071315768
 20
112.9611180649
 30
0.0
 10
76.7019691924
 20
112.9583946913
 30
0.0
 10
76.6945066208
 20
112.9532073832
 30
0.0
 10
76.6905019691
 20
112.9476243753
 30
0.0
 10
76.6905006431
 20
112.9441599781
 30
0.0
  0
SPLINE
  5
9A5
100
AcDbEntity
  8
0
100
AcDbSpline
 62
7
  6
CONTINUOUS
 70
0
 71
3
 72
10
 73
6
 74
0
 42
0.0000001
 43
0.0000001
 44
0.0000000001
 40
0.0
 40
0.0
 40
0.0
 40
0.0
 40
0.3499335279
 40
0.6254195225
 40
1.0
 40
1.0
 40
1.0
 40
1.0
 10
76.7100532172
 20
111.9624919806
 30
0.0
 10
76.7071255064
 20
111.9611183233
 30
0.0
 10
76.7019615116
 20
111.9583961659
 30
0.0
 10
76.6944977207
 20
111.9532103144
 30
0.0
 10
76.6905074411
 20
111.947621669
 30
0.0
 10
76.6905098739
 20
111.9441599436
 30
0.0
  0
SPLINE
  5
9A6
100
AcDbEntity
  8
0
100
AcDbSpline
 62
7
  6
CONTINUOUS
 70
0
 71
3
 72
10
 73
6
 74
0
 42
0.0000001
 43
0.0000001
 44
0.0000000001
 40
0.0
 40
0.0
 40
0.0
 40
0.0
 40
0.3496860666
 40
0.6251326463
 40
1.0
 40
1.0
 40
1.0
 40
1.0
 10
76.7100515882
 20
110.9624919122
 30
0.0
 10
76.707126858
 20
110.9611182683
 30
0.0
 10
76.7019669826
 20
110.9583953522
 30
0.0
 10
76.6945075735
 20
110.9532060576
 30
0.0
 10
76.6905096035
 20
110.947623933
 30
0.0
 10
76.6905058328
 20
110.9441600045
 30
0.0
  0
SPLINE
  5
9A7
100
AcDbEntity
  8
0
100
AcDbSpline
 62
7
  6
CONTINUOUS
 70
0
 71
3
 72
10
 73
6
 74
0
 42
0.0000001
 43
0.0000001
 44
0.0000000001
 40
0.0
 40
0.0
 40
0.0
 40
0.0
 40
0.3498288919
 40
0.625386636
 40
1.0
 40
1.0
 40
1.0
 40
1.0
 10
76.7100581527
 20
109.9624919621
 30
0.0
 10
76.7071308154
 20
109.9611180842
 30
0.0
 10
76.7019661285
 20
109.9583945987
 30
0.0
 10
76.6945002436
 20
109.9532108381
 30
0.0
 10
76.6905004301
 20
109.9476227382
 30
0.0
 10
76.6905041333
 20
109.9441599362
 30
0.0
  0
SPLINE
  5
9A8
100
AcDbEntity
  8
0
100
AcDbSpline
 62
7
  6
CONTINUOUS
 70
0
 71
3
 72
10
 73
6
 74
0
 42
0.0000001
 43
0.0000001
 44
0.0000000001
 40
0.0
 40
0.0
 40
0.0
 40
0.0
 40
0.374746465
 40
0.6502727673
 40
1.0
 40
1.0
 40
1.0
 40
1.0
 10
76.6905006431
 20
112.7441599781
 30
0.0
 10
76.6904993172
 20
112.7406959376
 30
0.0
 10
76.6945049678
 20
112.7351113992
 30
0.0
 10
76.7019685948
 20
112.7299254301
 30
0.0
 10
76.707132101
 20
112.7272019294
 30
0.0
 10
76.7100584011
 20
112.7258280394
 30
0.0
  0
SPLINE
  5
9A9
100
AcDbEntity
  8
0
100
AcDbSpline
 62
7
  6
CONTINUOUS
 70
0
 71
3
 72
10
 73
6
 74
0
 42
0.0000001
 43
0.0000001
 44
0.0000000001
 40
0.0
 40
0.0
 40
0.0
 40
0.0
 40
0.3748155825
 40
0.6502366661
 40
1.0
 40
1.0
 40
1.0
 40
1.0
 10
76.6905098739
 20
111.7441599436
 30
0.0
 10
76.6905123077
 20
111.7406969882
 30
0.0
 10
76.6945050013
 20
111.7351134694
 30
0.0
 10
76.7019632635
 20
111.7299239085
 30
0.0
 10
76.7071229058
 20
111.7272014368
 30
0.0
 10
76.7100480281
 20
111.725828037
 30
0.0
  0
SPLINE
  5
9AA
100
AcDbEntity
  8
0
100
AcDbSpline
 62
7
  6
CONTINUOUS
 70
0
 71
3
 72
10
 73
6
 74
0
 42
0.0000001
 43
0.0000001
 44
0.0000000001
 40
0.0
 40
0.0
 40
0.0
 40
0.0
 40
0.3745788119
 40
0.6501340507
 40
1.0
 40
1.0
 40
1.0
 40
1.0
 10
76.6905058328
 20
110.7441600045
 30
0.0
 10
76.6905020638
 20
110.7406976647
 30
0.0
 10
76.6944986491
 20
110.7351086599
 30
0.0
 10
76.7019648321
 20
110.7299251455
 30
0.0
 10
76.7071295818
 20
110.7272018427
 30
0.0
 10
76.7100571678
 20
110.7258280021
 30
0.0
  0
SPLINE
  5
9AB
100
AcDbEntity
  8
0
100
AcDbSpline
 62
7
  6
CONTINUOUS
 70
0
 71
3
 72
10
 73
6
 74
0
 42
0.0000001
 43
0.0000001
 44
0.0000000001
 40
0.0
 40
0.0
 40
0.0
 40
0.0
 40
0.3748664148
 40
0.6503255943
 40
1.0
 40
1.0
 40
1.0
 40
1.0
 10
76.6905041333
 20
109.7441599362
 30
0.0
 10
76.690507838
 20
109.7406957515
 30
0.0
 10
76.6945078048
 20
109.7351137686
 30
0.0
 10
76.7019679867
 20
109.7299248252
 30
0.0
 10
76.707128351
 20
109.7272017756
 30
0.0
 10
76.7100532028
 20
109.7258280632
 30
0.0
  0
SPLINE
  5
9AC
100
AcDbEntity
  8
0
100
AcDbSpline
 62
7
  6
CONTINUOUS
 70
0
 71
3
 72
20
 73
16
 74
0
 42
0.0000001
 43
0.0000001
 44
0.0000000001
 40
0.0
 40
0.0
 40
0.0
 40
0.0
 40
0.2212660077
 40
0.4178682813
 40
0.5878607747
 40
0.7296598191
 40
0.7895513961
 40
0.8419428947
 40
0.8867428014
 40
0.9238822884
 40
0.9533677125
 40
0.9753525972
 40
0.9836697096
 40
0.9903575252
 40
1.0
 40
1.0
 40
1.0
 40
1.0
 10
77.5802649293
 20
119.8711111639
 30
0.0
 10
77.5136009113
 20
119.8660859843
 30
0.0
 10
77.3877352716
 20
119.8561669169
 30
0.0
 10
77.2108065047
 20
119.8405107356
 30
0.0
 10
77.0579910872
 20
119.8249038822
 30
0.0
 10
76.9464972695
 20
119.8113525832
 30
0.0
 10
76.8705357772
 20
119.8002265116
 30
0.0
 10
76.8237230651
 20
119.7923793514
 30
0.0
 10
76.7838914978
 20
119.7845583488
 30
0.0
 10
76.7511163759
 20
119.7767965872
 30
0.0
 10
76.7254704385
 20
119.7690590505
 30
0.0
 10
76.7086688253
 20
119.7622780921
 30
0.0
 10
76.6990481757
 20
119.7564616101
 30
0.0
 10
76.6933159794
 20
119.7518171543
 30
0.0
 10
76.6904998184
 20
119.7470733114
 30
0.0
 10
76.6905025496
 20
119.7441599423
 30
0.0
  0
SPLINE
  5
9AD
100
AcDbEntity
  8
0
100
AcDbSpline
 62
7
  6
CONTINUOUS
 70
0
 71
3
 72
20
 73
16
 74
0
 42
0.0000001
 43
0.0000001
 44
0.0000000001
 40
0.0
 40
0.0
 40
0.0
 40
0.0
 40
0.2214354627
 40
0.4180485217
 40
0.5880127936
 40
0.729704285
 40
0.7895620943
 40
0.8419174401
 40
0.886665343
 40
0.9237714993
 40
0.9532580667
 40
0.975255946
 40
0.9835808034
 40
0.9902839743
 40
1.0
 40
1.0
 40
1.0
 40
1.0
 10
77.5614366195
 20
118.8696850616
 30
0.0
 10
77.4961144845
 20
118.8647174373
 30
0.0
 10
77.3728241143
 20
118.8549154605
 30
0.0
 10
77.199549431
 20
118.8394287226
 30
0.0
 10
77.0499688835
 20
118.8240030862
 30
0.0
 10
76.9408645202
 20
118.810596113
 30
0.0
 10
76.8665537505
 20
118.7995970009
 30
0.0
 10
76.8207649187
 20
118.7918399004
 30
0.0
 10
76.7818149489
 20
118.7841039263
 30
0.0
 10
76.7497662027
 20
118.7764259187
 30
0.0
 10
76.724682812
 20
118.7687775544
 30
0.0
 10
76.7082476636
 20
118.7620730569
 30
0.0
 10
76.6988496623
 20
118.7563222702
 30
0.0
 10
76.6932434342
 20
118.7517147936
 30
0.0
 10
76.6905117981
 20
118.7470344211
 30
0.0
 10
76.6905112825
 20
118.7441599757
 30
0.0
  0
SPLINE
  5
9AE
100
AcDbEntity
  8
0
100
AcDbSpline
 62
7
  6
CONTINUOUS
 70
0
 71
3
 72
20
 73
16
 74
0
 42
0.0000001
 43
0.0000001
 44
0.0000000001
 40
0.0
 40
0.0
 40
0.0
 40
0.0
 40
0.2215707209
 40
0.4182323598
 40
0.5881272512
 40
0.7297522493
 40
0.7895541325
 40
0.8418519461
 40
0.8865722582
 40
0.9236645811
 40
0.9531299785
 40
0.9751240898
 40
0.9834663909
 40
0.9901991687
 40
1.0
 40
1.0
 40
1.0
 40
1.0
 10
77.5422889714
 20
117.8682227893
 30
0.0
 10
77.4783439094
 20
117.8633150843
 30
0.0
 10
77.3576743609
 20
117.8536267821
 30
0.0
 10
77.1881270799
 20
117.8383252967
 30
0.0
 10
77.0418234893
 20
117.8230721866
 30
0.0
 10
76.9351503542
 20
117.8098252856
 30
0.0
 10
76.8625158641
 20
117.7989521919
 30
0.0
 10
76.8177723328
 20
117.791282385
 30
0.0
 10
76.7797090932
 20
117.7836374601
 30
0.0
 10
76.7483896728
 20
117.7760512589
 30
0.0
 10
76.7238836499
 20
117.7684909779
 30
0.0
 10
76.7078356463
 20
117.7618563887
 30
0.0
 10
76.6986595075
 20
117.756177026
 30
0.0
 10
76.6931685043
 20
117.751613779
 30
0.0
 10
76.6905026908
 20
117.7469968105
 30
0.0
 10
76.6905010246
 20
117.7441599838
 30
0.0
  0
SPLINE
  5
9AF
100
AcDbEntity
  8
0
100
AcDbSpline
 62
7
  6
CONTINUOUS
 70
0
 71
3
 72
15
 73
11
 74
0
 42
0.0000001
 43
0.0000001
 44
0.0000000001
 40
0.0
 40
0.0
 40
0.0
 40
0.0
 40
0.3752979995
 40
0.5340451087
 40
0.6719870234
 40
0.7881572582
 40
0.8817998345
 40
0.9524315782
 40
0.9790665277
 40
1.0
 40
1.0
 40
1.0
 40
1.0
 10
77.5841265945
 20
120.071401999
 30
0.0
 10
77.4740421765
 20
120.0631185602
 30
0.0
 10
77.3174461395
 20
120.0505279526
 30
0.0
 10
77.1206900293
 20
120.0315055047
 30
0.0
 10
76.9999856182
 20
120.0180896379
 30
0.0
 10
76.8985466112
 20
120.0047692501
 30
0.0
 10
76.8171200938
 20
119.9915294119
 30
0.0
 10
76.7621051866
 20
119.9799297896
 30
0.0
 10
76.7287424351
 20
119.9700966801
 30
0.0
 10
76.7156337541
 20
119.9651087695
 30
0.0
 10
76.7100595724
 20
119.9624923823
 30
0.0
  0
SPLINE
  5
9B0
100
AcDbEntity
  8
0
100
AcDbSpline
 62
7
  6
CONTINUOUS
 70
0
 71
3
 72
15
 73
11
 74
0
 42
0.0000001
 43
0.0000001
 44
0.0000000001
 40
0.0
 40
0.0
 40
0.0
 40
0.0
 40
0.3750897156
 40
0.5337217303
 40
0.6715659637
 40
0.7876942164
 40
0.881394949
 40
0.9521524965
 40
0.9789135662
 40
1.0
 40
1.0
 40
1.0
 40
1.0
 10
77.5649790354
 20
119.06995423
 30
0.0
 10
77.45735398
 20
119.0617832441
 30
0.0
 10
77.3042653722
 20
119.0493596511
 30
0.0
 10
77.1119259019
 20
119.0305879114
 30
0.0
 10
76.9939329165
 20
119.0173493723
 30
0.0
 10
76.8947396192
 20
119.0041991858
 30
0.0
 10
76.8150593668
 20
118.9911402405
 30
0.0
 10
76.7611736903
 20
118.9796811095
 30
0.0
 10
76.7284370632
 20
118.9699874303
 30
0.0
 10
76.7155423428
 20
118.9650702089
 30
0.0
 10
76.7100493716
 20
118.96249239
 30
0.0
  0
SPLINE
  5
9B1
100
AcDbEntity
  8
0
100
AcDbSpline
 62
7
  6
CONTINUOUS
 70
0
 71
3
 72
15
 73
11
 74
0
 42
0.0000001
 43
0.0000001
 44
0.0000000001
 40
0.0
 40
0.0
 40
0.0
 40
0.0
 40
0.3748729655
 40
0.5333793732
 40
0.6711272374
 40
0.7872390576
 40
0.8809711361
 40
0.951904782
 40
0.9787795105
 40
1.0
 40
1.0
 40
1.0
 40
1.0
 10
77.5458621577
 20
118.068496788
 30
0.0
 10
77.4406945097
 20
118.0604393477
 30
0.0
 10
77.2911122749
 20
118.0481835458
 30
0.0
 10
77.1031859575
 20
118.029664459
 30
0.0
 10
76.9878953109
 20
118.0166006712
 30
0.0
 10
76.8909433222
 20
118.0036326297
 30
0.0
 10
76.8129993281
 20
117.9907376428
 30
0.0
 10
76.7602389036
 20
117.979438248
 30
0.0
 10
76.7281284432
 20
117.9698800658
 30
0.0
 10
76.7154620704
 20
117.9650302472
 30
0.0
 10
76.7100576121
 20
117.9624923466
 30
0.0
  0
SPLINE
  5
9B2
100
AcDbEntity
  8
0
100
AcDbSpline
 62
7
  6
CONTINUOUS
 70
0
 71
3
 72
20
 73
16
 74
0
 42
0.0000001
 43
0.0000001
 44
0.0000000001
 40
0.0
 40
0.0
 40
0.0
 40
0.0
 40
0.2218633555
 40
0.4185689596
 40
0.5883660747
 40
0.7298070669
 40
0.7895234542
 40
0.8417334273
 40
0.886373962
 40
0.9234133054
 40
0.9528680024
 40
0.9748833329
 40
0.9832545061
 40
0.9900348148
 40
1.0
 40
1.0
 40
1.0
 40
1.0
 10
77.5045208725
 20
115.8652965152
 30
0.0
 10
77.4432908586
 20
115.860507397
 30
0.0
 10
77.3278058745
 20
115.851053348
 30
0.0
 10
77.1656148558
 20
115.836109775
 30
0.0
 10
77.0257901851
 20
115.8212171601
 30
0.0
 10
76.9239053718
 20
115.8082768433
 30
0.0
 10
76.8545715105
 20
115.7976608978
 30
0.0
 10
76.8118770516
 20
115.7901713039
 30
0.0
 10
76.7755673371
 20
115.7827055999
 30
0.0
 10
76.7456921764
 20
115.7752943517
 30
0.0
 10
76.7223141005
 20
115.7679143879
 30
0.0
 10
76.7070078919
 20
115.7614302234
 30
0.0
 10
76.6982704547
 20
115.7558890036
 30
0.0
 10
76.6930207814
 20
115.7514097635
 30
0.0
 10
76.6905096018
 20
115.7469186017
 30
0.0
 10
76.6905066741
 20
115.7441600045
 30
0.0
  0
SPLINE
  5
9B3
100
AcDbEntity
  8
0
100
AcDbSpline
 62
7
  6
CONTINUOUS
 70
0
 71
3
 72
20
 73
16
 74
0
 42
0.0000001
 43
0.0000001
 44
0.0000000001
 40
0.0
 40
0.0
 40
0.0
 40
0.0
 40
0.2220049803
 40
0.4187231493
 40
0.5884686475
 40
0.7298177292
 40
0.7894752746
 40
0.841653381
 40
0.886270746
 40
0.9232754194
 40
0.9527074945
 40
0.9747444395
 40
0.9831401536
 40
0.9899517355
 40
1.0
 40
1.0
 40
1.0
 40
1.0
 10
77.4859035297
 20
114.8638329386
 30
0.0
 10
77.4260150248
 20
114.8591023366
 30
0.0
 10
77.3130913036
 20
114.849766571
 30
0.0
 10
77.1545319394
 20
114.8350015262
 30
0.0
 10
77.0179019131
 20
114.8202881721
 30
0.0
 10
76.9183787157
 20
114.8075051024
 30
0.0
 10
76.8506706897
 20
114.7970128454
 30
0.0
 10
76.8089805114
 20
114.7896147734
 30
0.0
 10
76.7735270704
 20
114.7822416074
 30
0.0
 10
76.7443648476
 20
114.7749181813
 30
0.0
 10
76.7215484238
 20
114.7676217047
 30
0.0
 10
76.7066069818
 20
114.7612149103
 30
0.0
 10
76.6980759268
 20
114.7557447058
 30
0.0
 10
76.6929382311
 20
114.7513119777
 30
0.0
 10
76.6905005459
 20
114.7468790205
 30
0.0
 10
76.6905033157
 20
114.7441599388
 30
0.0
  0
SPLINE
  5
9B4
100
AcDbEntity
  8
0
100
AcDbSpline
 62
7
  6
CONTINUOUS
 70
0
 71
3
 72
16
 73
12
 74
0
 42
0.0000001
 43
0.0000001
 44
0.0000000001
 40
0.0
 40
0.0
 40
0.0
 40
0.0
 40
0.4193389945
 40
0.5870587925
 40
0.6601487354
 40
0.7259843366
 40
0.835827225
 40
0.9167026
 40
0.946549692
 40
0.9697436266
 40
1.0
 40
1.0
 40
1.0
 40
1.0
 10
77.064563926
 20
113.8251807032
 30
0.0
 10
77.0105923978
 20
113.8192064112
 30
0.0
 10
76.9350987398
 20
113.8101145826
 30
0.0
 10
76.8506095812
 20
113.7970428903
 30
0.0
 10
76.811528444
 20
113.7899965907
 30
0.0
 10
76.7799446764
 20
113.7836607278
 30
0.0
 10
76.7475955133
 20
113.7759702128
 30
0.0
 10
76.7203356364
 20
113.7674091275
 30
0.0
 10
76.7045350824
 20
113.7599140944
 30
0.0
 10
76.6955955918
 20
113.7543079915
 30
0.0
 10
76.6905123408
 20
113.7480779486
 30
0.0
 10
76.6905110872
 20
113.7441599809
 30
0.0
  0
SPLINE
  5
9B5
100
AcDbEntity
  8
0
100
AcDbSpline
 62
7
  6
CONTINUOUS
 70
0
 71
3
 72
14
 73
10
 74
0
 42
0.0000001
 43
0.0000001
 44
0.0000000001
 40
0.0
 40
0.0
 40
0.0
 40
0.0
 40
0.3644625492
 40
0.5200514051
 40
0.6566130654
 40
0.7734201512
 40
0.8698259219
 40
0.945396062
 40
1.0
 40
1.0
 40
1.0
 40
1.0
 10
77.5081591996
 20
116.0655808211
 30
0.0
 10
77.4119895291
 20
116.0580729629
 30
0.0
 10
77.2748147396
 20
116.0466357131
 30
0.0
 10
77.101874563
 20
116.0294837563
 30
0.0
 10
76.994313175
 20
116.0173393803
 30
0.0
 10
76.9025289125
 20
116.0052468978
 30
0.0
 10
76.8270170354
 20
115.9932571146
 30
0.0
 10
76.7682433652
 20
115.9813690758
 30
0.0
 10
76.7349129522
 20
115.9722679551
 30
0.0
 10
76.7213761097
 20
115.967206844
 30
0.0
  0
SPLINE
  5
9B6
100
AcDbEntity
  8
0
100
AcDbSpline
 62
7
  6
CONTINUOUS
 70
0
 71
3
 72
9
 73
5
 74
0
 42
0.0000001
 43
0.0000001
 44
0.0000000001
 40
0.0
 40
0.0
 40
0.0
 40
0.0
 40
0.2682083893
 40
1.0
 40
1.0
 40
1.0
 40
1.0
 10
76.7213761097
 20
115.967206844
 30
0.0
 10
76.7203487027
 20
115.9668227204
 30
0.0
 10
76.7165301286
 20
115.9653590816
 30
0.0
 10
76.7127601449
 20
115.9637643669
 30
0.0
 10
76.710051279
 20
115.9624921517
 30
0.0
  0
SPLINE
  5
9B7
100
AcDbEntity
  8
0
100
AcDbSpline
 62
7
  6
CONTINUOUS
 70
0
 71
3
 72
14
 73
10
 74
0
 42
0.0000001
 43
0.0000001
 44
0.0000000001
 40
0.0
 40
0.0
 40
0.0
 40
0.0
 40
0.3741518987
 40
0.5322601638
 40
0.6697487258
 40
0.7857592522
 40
0.8796828575
 40
0.9511022991
 40
1.0
 40
1.0
 40
1.0
 40
1.0
 10
77.4895761741
 20
115.0641227595
 30
0.0
 10
77.391651749
 20
115.0564027048
 30
0.0
 10
77.2523980464
 20
115.0446573606
 30
0.0
 10
77.0774628074
 20
115.0268864028
 30
0.0
 10
76.9701191416
 20
115.0143685505
 30
0.0
 10
76.879766333
 20
115.0019023334
 30
0.0
 10
76.806887185
 20
114.9895854223
 30
0.0
 10
76.7520138972
 20
114.9773940253
 30
0.0
 10
76.7216800157
 20
114.9679465387
 30
0.0
 10
76.7100589624
 20
114.9624921941
 30
0.0
  0
SPLINE
  5
9B8
100
AcDbEntity
  8
0
100
AcDbSpline
 62
7
  6
CONTINUOUS
 70
0
 71
3
 72
14
 73
10
 74
0
 42
0.0000001
 43
0.0000001
 44
0.0000000001
 40
0.0
 40
0.0
 40
0.0
 40
0.0
 40
0.3718366349
 40
0.5289360289
 40
0.6657354175
 40
0.78163417
 40
0.8761002679
 40
0.9488565202
 40
1.0
 40
1.0
 40
1.0
 40
1.0
 10
77.3647196904
 20
114.053925594
 30
0.0
 10
77.2829170347
 20
114.046989503
 30
0.0
 10
77.1666049168
 20
114.0364149652
 30
0.0
 10
77.0204900142
 20
114.0204194397
 30
0.0
 10
76.930710594
 20
114.0091404029
 30
0.0
 10
76.8548871567
 20
113.9979152076
 30
0.0
 10
76.7933381975
 20
113.9867988244
 30
0.0
 10
76.7464175773
 20
113.9757867057
 30
0.0
 10
76.7202704623
 20
113.9672897699
 30
0.0
 10
76.7100485861
 20
113.9624921909
 30
0.0
  0
SPLINE
  5
9B9
100
AcDbEntity
  8
0
100
AcDbSpline
 62
7
  6
CONTINUOUS
 70
0
 71
3
 72
12
 73
8
 74
0
 42
0.0000001
 43
0.0000001
 44
0.0000000001
 40
0.0
 40
0.0
 40
0.0
 40
0.0
 40
0.4002701691
 40
0.6950990349
 40
0.8040689719
 40
0.8888899752
 40
1.0
 40
1.0
 40
1.0
 40
1.0
 10
76.7833814353
 20
111.7842034571
 30
0.0
 10
76.769789042
 20
111.7812574452
 30
0.0
 10
76.7462836271
 20
111.7756029291
 30
0.0
 10
76.7196451625
 20
111.7671342289
 30
0.0
 10
76.7042106584
 20
111.7597294281
 30
0.0
 10
76.6954507066
 20
111.7541772885
 30
0.0
 10
76.6905071607
 20
111.7480206274
 30
0.0
 10
76.6905098739
 20
111.7441599436
 30
0.0
  0
SPLINE
  5
9BA
100
AcDbEntity
  8
0
100
AcDbSpline
 62
7
  6
CONTINUOUS
 70
0
 71
3
 72
13
 73
9
 74
0
 42
0.0000001
 43
0.0000001
 44
0.0000000001
 40
0.0
 40
0.0
 40
0.0
 40
0.0
 40
0.4036547481
 40
0.5652752432
 40
0.700245255
 40
0.8091048722
 40
0.8931347013
 40
1.0
 40
1.0
 40
1.0
 40
1.0
 10
76.7977031788
 20
110.7871959691
 30
0.0
 10
76.7820326578
 20
110.7840305626
 30
0.0
 10
76.7601576206
 20
110.7792027096
 30
0.0
 10
76.7334799609
 20
110.7715250049
 30
0.0
 10
76.7183344068
 20
110.7662724209
 30
0.0
 10
76.7063656505
 20
110.7609008367
 30
0.0
 10
76.6964018966
 20
110.7550356568
 30
0.0
 10
76.6905104402
 20
110.7483924764
 30
0.0
 10
76.6905058328
 20
110.7441600045
 30
0.0
  0
SPLINE
  5
9BB
100
AcDbEntity
  8
0
100
AcDbSpline
 62
7
  6
CONTINUOUS
 70
0
 71
3
 72
16
 73
12
 74
0
 42
0.0000001
 43
0.0000001
 44
0.0000000001
 40
0.0
 40
0.0
 40
0.0
 40
0.0
 40
0.220927797
 40
0.4141634203
 40
0.579392617
 40
0.7164134332
 40
0.8253690163
 40
0.9068960916
 40
0.9379207058
 40
0.9630544098
 40
1.0
 40
1.0
 40
1.0
 40
1.0
 10
76.9003171741
 20
109.8045474955
 30
0.0
 10
76.8840563401
 20
109.8021785785
 30
0.0
 10
76.8536066823
 20
109.7974987177
 30
0.0
 10
76.811158364
 20
109.7900336713
 30
0.0
 10
76.7750578783
 20
109.7825926603
 30
0.0
 10
76.745362242
 20
109.7752023714
 30
0.0
 10
76.7221278249
 20
109.7678392528
 30
0.0
 10
76.7069107398
 20
109.7613759582
 30
0.0
 10
76.6982185619
 20
109.7558534076
 30
0.0
 10
76.6929925435
 20
109.751388288
 30
0.0
 10
76.6905011945
 20
109.7469079264
 30
0.0
 10
76.6905041333
 20
109.7441599362
 30
0.0
  0
SPLINE
  5
9BC
100
AcDbEntity
  8
0
100
AcDbSpline
 62
7
  6
CONTINUOUS
 70
0
 71
3
 72
9
 73
5
 74
0
 42
0.0000001
 43
0.0000001
 44
0.0000000001
 40
0.0
 40
0.0
 40
0.0
 40
0.0
 40
0.5860187572
 40
1.0
 40
1.0
 40
1.0
 40
1.0
 10
76.7865221214
 20
111.9848785879
 30
0.0
 10
76.7712799405
 20
111.9816287228
 30
0.0
 10
76.7454163766
 20
111.9754920754
 30
0.0
 10
76.7200202331
 20
111.967168421
 30
0.0
 10
76.7100532172
 20
111.9624919806
 30
0.0
  0
SPLINE
  5
9BD
100
AcDbEntity
  8
0
100
AcDbSpline
 62
7
  6
CONTINUOUS
 70
0
 71
3
 72
9
 73
5
 74
0
 42
0.0000001
 43
0.0000001
 44
0.0000000001
 40
0.0
 40
0.0
 40
0.0
 40
0.0
 40
0.5628196762
 40
1.0
 40
1.0
 40
1.0
 40
1.0
 10
76.7913234219
 20
110.9858878908
 30
0.0
 10
76.7784327646
 20
110.983204456
 30
0.0
 10
76.7556142908
 20
110.9780258777
 30
0.0
 10
76.7331187573
 20
110.9714669363
 30
0.0
 10
76.7235008791
 20
110.967988094
 30
0.0
  0
SPLINE
  5
9BE
100
AcDbEntity
  8
0
100
AcDbSpline
 62
7
  6
CONTINUOUS
 70
0
 71
3
 72
9
 73
5
 74
0
 42
0.0000001
 43
0.0000001
 44
0.0000000001
 40
0.0
 40
0.0
 40
0.0
 40
0.0
 40
0.2709441232
 40
1.0
 40
1.0
 40
1.0
 40
1.0
 10
76.7235008791
 20
110.967988094
 30
0.0
 10
76.7222667096
 20
110.9675416877
 30
0.0
 10
76.7177269954
 20
110.965853009
 30
0.0
 10
76.7132480584
 20
110.963993183
 30
0.0
 10
76.7100515882
 20
110.9624919122
 30
0.0
  0
SPLINE
  5
9BF
100
AcDbEntity
  8
0
100
AcDbSpline
 62
7
  6
CONTINUOUS
 70
0
 71
3
 72
10
 73
6
 74
0
 42
0.0000001
 43
0.0000001
 44
0.0000000001
 40
0.0
 40
0.0
 40
0.0
 40
0.0
 40
0.6100966436
 40
0.8323538205
 40
1.0
 40
1.0
 40
1.0
 40
1.0
 10
76.8451318025
 20
109.9959175283
 30
0.0
 10
76.8171734743
 20
109.9911965027
 30
0.0
 10
76.77907389
 20
109.9841399638
 30
0.0
 10
76.7342090153
 20
109.9719787083
 30
0.0
 10
76.7171113115
 20
109.9658021988
 30
0.0
 10
76.7100581527
 20
109.9624919621
 30
0.0
  0
SPLINE
  5
9C0
100
AcDbEntity
  8
0
100
AcDbSpline
 62
7
  6
CONTINUOUS
 70
0
 71
3
 72
9
 73
5
 74
0
 42
0.0000001
 43
0.0000001
 44
0.0000000001
 40
0.0
 40
0.0
 40
0.0
 40
0.0
 40
0.2676291839
 40
1.0
 40
1.0
 40
1.0
 40
1.0
 10
78.4210528331
 20
124.3667225504
 30
0.0
 10
78.3795311346
 20
124.3635291215
 30
0.0
 10
78.2243941319
 20
124.3514806423
 30
0.0
 10
78.0693158049
 20
124.338636997
 30
0.0
 10
77.9558200827
 20
124.3283580626
 30
0.0
  0
SPLINE
  5
9C1
100
AcDbEntity
  8
0
100
AcDbSpline
 62
7
  6
CONTINUOUS
 70
0
 71
3
 72
12
 73
8
 74
0
 42
0.0000001
 43
0.0000001
 44
0.0000000001
 40
0.0
 40
0.0
 40
0.0
 40
0.0
 40
0.3532238213
 40
0.6394184038
 40
0.8553540808
 40
0.9365450342
 40
1.0
 40
1.0
 40
1.0
 40
1.0
 10
77.6432368542
 20
123.2988256109
 30
0.0
 10
77.6002912574
 20
123.2938807444
 30
0.0
 10
77.522616115
 20
123.2842391075
 30
0.0
 10
77.4191855861
 20
123.2680917814
 30
0.0
 10
77.3491543665
 20
123.2537787136
 30
0.0
 10
77.3067495994
 20
123.2415042302
 30
0.0
 10
77.2901455019
 20
123.2352350999
 30
0.0
 10
77.2831199862
 20
123.231925717
 30
0.0
  0
SPLINE
  5
9C2
100
AcDbEntity
  8
0
100
AcDbSpline
 62
7
  6
CONTINUOUS
 70
0
 71
3
 72
12
 73
8
 74
0
 42
0.0000001
 43
0.0000001
 44
0.0000000001
 40
0.0
 40
0.0
 40
0.0
 40
0.0
 40
0.3512956282
 40
0.6364116382
 40
0.8529741441
 40
0.935153017
 40
1.0
 40
1.0
 40
1.0
 40
1.0
 10
77.622697658
 20
122.29874984
 30
0.0
 10
77.5834266984
 20
122.2941483196
 30
0.0
 10
77.5123495256
 20
122.285145054
 30
0.0
 10
77.4175348704
 20
122.2700524697
 30
0.0
 10
77.3531313555
 20
122.2565801927
 30
0.0
 10
77.31385823
 20
122.2450211718
 30
0.0
 10
77.2983607561
 20
122.2391048837
 30
0.0
 10
77.2917585378
 20
122.235993173
 30
0.0
  0
SPLINE
  5
9C3
100
AcDbEntity
  8
0
100
AcDbSpline
 62
7
  6
CONTINUOUS
 70
0
 71
3
 72
12
 73
8
 74
0
 42
0.0000001
 43
0.0000001
 44
0.0000000001
 40
0.0
 40
0.0
 40
0.0
 40
0.0
 40
0.3491296635
 40
0.6333521128
 40
0.8505771685
 40
0.9337306486
 40
1.0
 40
1.0
 40
1.0
 40
1.0
 10
77.6044459908
 20
121.2989481101
 30
0.0
 10
77.5685657691
 20
121.294669398
 30
0.0
 10
77.503541342
 20
121.2862682642
 30
0.0
 10
77.4166470535
 20
121.2721222165
 30
0.0
 10
77.3574081632
 20
121.2594406226
 30
0.0
 10
77.3210394841
 20
121.2485549807
 30
0.0
 10
77.3065780491
 20
121.2429766311
 30
0.0
 10
77.3003739289
 20
121.2400522772
 30
0.0
  0
SPLINE
  5
9C4
100
AcDbEntity
  8
0
100
AcDbSpline
 62
7
  6
CONTINUOUS
 70
0
 71
3
 72
11
 73
7
 74
0
 42
0.0000001
 43
0.0000001
 44
0.0000000001
 40
0.0
 40
0.0
 40
0.0
 40
0.0
 40
0.3468838006
 40
0.6302163707
 40
0.8481765131
 40
1.0
 40
1.0
 40
1.0
 40
1.0
 10
77.5874837352
 20
120.2993022009
 30
0.0
 10
77.5548173953
 20
120.2953225766
 30
0.0
 10
77.4955492049
 20
120.2874703436
 30
0.0
 10
77.4161209217
 20
120.2742758089
 30
0.0
 10
77.3556626818
 20
120.2608595633
 30
0.0
 10
77.3220117084
 20
120.2502495559
 30
0.0
 10
77.3089835477
 20
120.244108304
 30
0.0
  0
SPLINE
  5
9C5
100
AcDbEntity
  8
0
100
AcDbSpline
 62
7
  6
CONTINUOUS
 70
0
 71
3
 72
11
 73
7
 74
0
 42
0.0000001
 43
0.0000001
 44
0.0000000001
 40
0.0
 40
0.0
 40
0.0
 40
0.0
 40
0.3441196739
 40
0.6263481292
 40
0.8451600794
 40
1.0
 40
1.0
 40
1.0
 40
1.0
 10
77.5686193106
 20
119.2994029984
 30
0.0
 10
77.5393891008
 20
119.2957269187
 30
0.0
 10
77.4862610183
 20
119.2884548158
 30
0.0
 10
77.4149061636
 20
119.276199898
 30
0.0
 10
77.3601812937
 20
119.2637054785
 30
0.0
 10
77.3295789341
 20
119.2538156848
 30
0.0
 10
77.3175884348
 20
119.2481632655
 30
0.0
  0
SPLINE
  5
9C6
100
AcDbEntity
  8
0
100
AcDbSpline
 62
7
  6
CONTINUOUS
 70
0
 71
3
 72
11
 73
7
 74
0
 42
0.0000001
 43
0.0000001
 44
0.0000000001
 40
0.0
 40
0.0
 40
0.0
 40
0.0
 40
0.3408343783
 40
0.6217933557
 40
0.8416300215
 40
1.0
 40
1.0
 40
1.0
 40
1.0
 10
77.5489414523
 20
118.2993370467
 30
0.0
 10
77.5232308191
 20
118.295965119
 30
0.0
 10
77.476396896
 20
118.2892783111
 30
0.0
 10
77.4133297763
 20
118.2779966687
 30
0.0
 10
77.3645298062
 20
118.2664696683
 30
0.0
 10
77.3370891217
 20
118.2573545165
 30
0.0
 10
77.3261907432
 20
118.2522164215
 30
0.0
  0
SPLINE
  5
9C7
100
AcDbEntity
  8
0
100
AcDbSpline
 62
7
  6
CONTINUOUS
 70
0
 71
3
 72
11
 73
7
 74
0
 42
0.0000001
 43
0.0000001
 44
0.0000000001
 40
0.0
 40
0.0
 40
0.0
 40
0.0
 40
0.3372454437
 40
0.6168500859
 40
0.8378131812
 40
1.0
 40
1.0
 40
1.0
 40
1.0
 10
77.5309422208
 20
117.299393795
 30
0.0
 10
77.508520423
 20
117.2963094644
 30
0.0
 10
77.4675756375
 20
117.2901791978
 30
0.0
 10
77.4122771591
 20
117.2798400608
 30
0.0
 10
77.3690751943
 20
117.2692561084
 30
0.0
 10
77.3446337459
 20
117.2609099736
 30
0.0
 10
77.3347885946
 20
117.2562681599
 30
0.0
  0
SPLINE
  5
9C8
100
AcDbEntity
  8
0
100
AcDbSpline
 62
7
  6
CONTINUOUS
 70
0
 71
3
 72
10
 73
6
 74
0
 42
0.0000001
 43
0.0000001
 44
0.0000000001
 40
0.0
 40
0.0
 40
0.0
 40
0.0
 40
0.6114056787
 40
0.8336439308
 40
1.0
 40
1.0
 40
1.0
 40
1.0
 10
77.5145373349
 20
116.2995483954
 30
0.0
 10
77.4790399653
 20
116.294394633
 30
0.0
 10
77.4306749882
 20
116.2865170997
 30
0.0
 10
77.373804251
 20
116.272066457
 30
0.0
 10
77.3522101068
 20
116.2644808862
 30
0.0
 10
77.3433825564
 20
116.2603184957
 30
0.0
  0
SPLINE
  5
9C9
100
AcDbEntity
  8
0
100
AcDbSpline
 62
7
  6
CONTINUOUS
 70
0
 71
3
 72
10
 73
6
 74
0
 42
0.0000001
 43
0.0000001
 44
0.0000000001
 40
0.0
 40
0.0
 40
0.0
 40
0.0
 40
0.6038723851
 40
0.8278776597
 40
1.0
 40
1.0
 40
1.0
 40
1.0
 10
77.4940372899
 20
115.2989017194
 30
0.0
 10
77.4649009201
 20
115.2943151372
 30
0.0
 10
77.425006963
 20
115.2872622282
 30
0.0
 10
77.3778194278
 20
115.2745938102
 30
0.0
 10
77.359577942
 20
115.2679533187
 30
0.0
 10
77.3519739559
 20
115.264367562
 30
0.0
  0
SPLINE
  5
9CA
100
AcDbEntity
  8
0
100
AcDbSpline
 62
7
  6
CONTINUOUS
 70
0
 71
3
 72
10
 73
6
 74
0
 42
0.0000001
 43
0.0000001
 44
0.0000000001
 40
0.0
 40
0.0
 40
0.0
 40
0.0
 40
0.5921574255
 40
0.8189708731
 40
1.0
 40
1.0
 40
1.0
 40
1.0
 10
77.4674294777
 20
114.296824582
 30
0.0
 10
77.4459001011
 20
114.292968323
 30
0.0
 10
77.4161898919
 20
114.2870000623
 30
0.0
 10
77.3807153279
 20
114.2766580426
 30
0.0
 10
77.3666083909
 20
114.271267579
 30
0.0
 10
77.3605606382
 20
114.2684155273
 30
0.0
  0
SPLINE
  5
9CB
100
AcDbEntity
  8
0
100
AcDbSpline
 62
7
  6
CONTINUOUS
 70
0
 71
3
 72
14
 73
10
 74
0
 42
0.0000001
 43
0.0000001
 44
0.0000000001
 40
0.0
 40
0.0
 40
0.0
 40
0.0
 40
0.3658977048
 40
0.5217478711
 40
0.6583976852
 40
0.7751347404
 40
0.8712079402
 40
0.9461712488
 40
1.0
 40
1.0
 40
1.0
 40
1.0
 10
77.9558200827
 20
124.3283580626
 30
0.0
 10
77.8719876466
 20
124.3207656346
 30
0.0
 10
77.7525048655
 20
124.3092189205
 30
0.0
 10
77.6020278191
 20
124.2919102332
 30
0.0
 10
77.5086829871
 20
124.2795921881
 30
0.0
 10
77.4292433617
 20
124.2672193136
 30
0.0
 10
77.3641639556
 20
124.2548868845
 30
0.0
 10
77.3139168773
 20
124.2426207155
 30
0.0
 10
77.2857025351
 20
124.233141859
 30
0.0
 10
77.2744998212
 20
124.2278647143
 30
0.0
  0
SPLINE
  5
9CC
100
AcDbEntity
  8
0
100
AcDbSpline
 62
7
  6
CONTINUOUS
 70
0
 71
3
 72
16
 73
12
 74
0
 42
0.0000001
 43
0.0000001
 44
0.0000000001
 40
0.0
 40
0.0
 40
0.0
 40
0.0
 40
0.1970939587
 40
0.3768341058
 40
0.5372772362
 40
0.6767342935
 40
0.7937144989
 40
0.8870604895
 40
0.9558967808
 40
0.9810233013
 40
1.0
 40
1.0
 40
1.0
 40
1.0
 10
77.9219540307
 20
124.0951857298
 30
0.0
 10
77.8419047016
 20
124.0898724635
 30
0.0
 10
77.6888774245
 20
124.0793556142
 30
0.0
 10
77.4707983883
 20
124.0629422601
 30
0.0
 10
77.2762476118
 20
124.0465708393
 30
0.0
 10
77.1073437335
 20
124.0302592531
 30
0.0
 10
76.965867873
 20
124.0140794583
 30
0.0
 10
76.8533839438
 20
123.9980180926
 30
0.0
 10
76.7783513762
 20
123.9839568839
 30
0.0
 10
76.7339775801
 20
123.9719032161
 30
0.0
 10
76.7170426228
 20
123.9657758868
 30
0.0
 10
76.7100508791
 20
123.9624925252
 30
0.0
  0
SPLINE
  5
9CD
100
AcDbEntity
  8
0
100
AcDbSpline
 62
7
  6
CONTINUOUS
 70
0
 71
3
 72
15
 73
11
 74
0
 42
0.0000001
 43
0.0000001
 44
0.0000000001
 40
0.0
 40
0.0
 40
0.0
 40
0.0
 40
0.3754632833
 40
0.534332173
 40
0.6723443979
 40
0.7885498921
 40
0.8821544835
 40
0.9526455599
 40
0.9791927071
 40
1.0
 40
1.0
 40
1.0
 40
1.0
 10
77.6016719849
 20
121.0727164086
 30
0.0
 10
77.4893373191
 20
121.0643309317
 30
0.0
 10
77.3295238827
 20
121.0515854744
 30
0.0
 10
77.1287204592
 20
121.0323405025
 30
0.0
 10
77.0055282589
 20
121.018761788
 30
0.0
 10
76.9020316393
 20
121.0052830782
 30
0.0
 10
76.8190064444
 20
120.9918911385
 30
0.0
 10
76.7629579971
 20
120.9801461001
 30
0.0
 10
76.7290176027
 20
120.9701968493
 30
0.0
 10
76.7157014795
 20
120.9651459977
 30
0.0
 10
76.7100509269
 20
120.9624923486
 30
0.0
  0
SPLINE
  5
9CE
100
AcDbEntity
  8
0
100
AcDbSpline
 62
7
  6
CONTINUOUS
 70
0
 71
3
 72
17
 73
13
 74
0
 42
0.0000001
 43
0.0000001
 44
0.0000000001
 40
0.0
 40
0.0
 40
0.0
 40
0.0
 40
0.0320357199
 40
0.0558645614
 40
0.0862255821
 40
0.1235115771
 40
0.1679074926
 40
0.2782573913
 40
0.4172976666
 40
0.5845497907
 40
0.7790999103
 40
1.0
 40
1.0
 40
1.0
 40
1.0
 10
77.2571511588
 20
123.4799275602
 30
0.0
 10
77.2571118444
 20
123.4844397225
 30
0.0
 10
77.2624435658
 20
123.4917391605
 30
0.0
 10
77.2722963969
 20
123.4984670924
 30
0.0
 10
77.2838271884
 20
123.50444786
 30
0.0
 10
77.2984531035
 20
123.5103412054
 30
0.0
 10
77.324123839
 20
123.5189369207
 30
0.0
 10
77.3642126469
 20
123.5293232986
 30
0.0
 10
77.4216804447
 20
123.5412725786
 30
0.0
 10
77.491195755
 20
123.5533398844
 30
0.0
 10
77.5723568515
 20
123.5655839865
 30
0.0
 10
77.6303566245
 20
123.5733698283
 30
0.0
 10
77.6612199253
 20
123.5773154315
 30
0.0
  0
SPLINE
  5
9CF
100
AcDbEntity
  8
0
100
AcDbSpline
 62
7
  6
CONTINUOUS
 70
0
 71
3
 72
16
 73
12
 74
0
 42
0.0000001
 43
0.0000001
 44
0.0000000001
 40
0.0
 40
0.0
 40
0.0
 40
0.0
 40
0.0333450282
 40
0.0575380151
 40
0.0881197628
 40
0.1698732952
 40
0.2800259065
 40
0.4186589522
 40
0.5854143438
 40
0.7795177047
 40
1.0
 40
1.0
 40
1.0
 40
1.0
 10
77.2658995209
 20
122.475848199
 30
0.0
 10
77.2658632846
 20
122.4800909048
 30
0.0
 10
77.2705176039
 20
122.4869928293
 30
0.0
 10
77.279440096
 20
122.4935156191
 30
0.0
 10
77.2947628526
 20
122.5019508866
 30
0.0
 10
77.3213717615
 20
122.5117668684
 30
0.0
 10
77.3618998023
 20
122.5231056221
 30
0.0
 10
77.4135308784
 20
122.5345815941
 30
0.0
 10
77.4760145335
 20
122.5462475255
 30
0.0
 10
77.5490382423
 20
122.5580762673
 30
0.0
 10
77.6012487678
 20
122.5656324171
 30
0.0
 10
77.6290389562
 20
122.5694738048
 30
0.0
  0
SPLINE
  5
9D0
100
AcDbEntity
  8
0
100
AcDbSpline
 62
7
  6
CONTINUOUS
 70
0
 71
3
 72
16
 73
12
 74
0
 42
0.0000001
 43
0.0000001
 44
0.0000000001
 40
0.0
 40
0.0
 40
0.0
 40
0.0
 40
0.0344476317
 40
0.058975398
 40
0.0897557605
 40
0.1716369864
 40
0.2817087665
 40
0.4200410755
 40
0.5862690673
 40
0.7798391158
 40
1.0
 40
1.0
 40
1.0
 40
1.0
 10
77.2746470286
 20
121.4717679255
 30
0.0
 10
77.2746115552
 20
121.475824523
 30
0.0
 10
77.2788230151
 20
121.4824383273
 30
0.0
 10
77.2870927348
 20
121.488810732
 30
0.0
 10
77.3011620895
 20
121.4969632378
 30
0.0
 10
77.3256594693
 20
121.5065062307
 30
0.0
 10
77.3629872552
 20
121.5175219888
 30
0.0
 10
77.4105361266
 20
121.5287100521
 30
0.0
 10
77.4680841245
 20
121.540127906
 30
0.0
 10
77.535397042
 20
121.5517261097
 30
0.0
 10
77.583559138
 20
121.5591150249
 30
0.0
 10
77.6092122318
 20
121.5628766613
 30
0.0
  0
SPLINE
  5
9D1
100
AcDbEntity
  8
0
100
AcDbSpline
 62
7
  6
CONTINUOUS
 70
0
 71
3
 72
16
 73
12
 74
0
 42
0.0000001
 43
0.0000001
 44
0.0000000001
 40
0.0
 40
0.0
 40
0.0
 40
0.0
 40
0.0355878338
 40
0.060465223
 40
0.091468751
 40
0.1735032143
 40
0.2834528296
 40
0.421478898
 40
0.5872711254
 40
0.7803394979
 40
1.0
 40
1.0
 40
1.0
 40
1.0
 10
77.283388208
 20
120.4676919218
 30
0.0
 10
77.2833560084
 20
120.4715718946
 30
0.0
 10
77.2871524529
 20
120.4779094743
 30
0.0
 10
77.2948128904
 20
120.4841332016
 30
0.0
 10
77.3077307607
 20
120.4920065661
 30
0.0
 10
77.3302776066
 20
120.5012773947
 30
0.0
 10
77.364650617
 20
120.5119815985
 30
0.0
 10
77.4084470637
 20
120.522877902
 30
0.0
 10
77.4614719243
 20
120.5340152306
 30
0.0
 10
77.5235263914
 20
120.5453502561
 30
0.0
 10
77.5679428862
 20
120.5525838262
 30
0.0
 10
77.5916069142
 20
120.5562697465
 30
0.0
  0
SPLINE
  5
9D2
100
AcDbEntity
  8
0
100
AcDbSpline
 62
7
  6
CONTINUOUS
 70
0
 71
3
 72
20
 73
16
 74
0
 42
0.0000001
 43
0.0000001
 44
0.0000000001
 40
0.0
 40
0.0
 40
0.0
 40
0.0
 40
0.2211355391
 40
0.4176904099
 40
0.5877418898
 40
0.7296045358
 40
0.7895552442
 40
0.8419871127
 40
0.8868071806
 40
0.9239730706
 40
0.9534869567
 40
0.9754629993
 40
0.9837612637
 40
0.9904238732
 40
1.0
 40
1.0
 40
1.0
 40
1.0
 10
77.5978501213
 20
120.8724308722
 30
0.0
 10
77.5299269055
 20
120.8673518801
 30
0.0
 10
77.4016619026
 20
120.8573295375
 30
0.0
 10
77.2213177711
 20
120.8415063852
 30
0.0
 10
77.0654927622
 20
120.8257441231
 30
0.0
 10
76.9517608753
 20
120.8120466013
 30
0.0
 10
76.8742562723
 20
120.8008102812
 30
0.0
 10
76.8264840952
 20
120.7928822157
 30
0.0
 10
76.7858374583
 20
120.7849774395
 30
0.0
 10
76.7523854949
 20
120.7771341252
 30
0.0
 10
76.7262034371
 20
120.7693222563
 30
0.0
 10
76.709050484
 20
120.7624733295
 30
0.0
 10
76.6992319686
 20
120.7565920201
 30
0.0
 10
76.693395405
 20
120.7519058025
 30
0.0
 10
76.6905104709
 20
120.7471095832
 30
0.0
 10
76.6905074849
 20
120.7441600036
 30
0.0
  0
SPLINE
  5
9D3
100
AcDbEntity
  8
0
100
AcDbSpline
 62
7
  6
CONTINUOUS
 70
0
 71
3
 72
16
 73
12
 74
0
 42
0.0000001
 43
0.0000001
 44
0.0000000001
 40
0.0
 40
0.0
 40
0.0
 40
0.0
 40
0.036888188
 40
0.062176056
 40
0.0934472047
 40
0.1756710234
 40
0.2854772389
 40
0.4231590432
 40
0.5884588844
 40
0.7809384283
 40
1.0
 40
1.0
 40
1.0
 40
1.0
 10
77.2921291158
 20
119.4636158972
 30
0.0
 10
77.2920970651
 20
119.4673104993
 30
0.0
 10
77.2954831823
 20
119.4733531895
 30
0.0
 10
77.3025190304
 20
119.4794061991
 30
0.0
 10
77.3142742263
 20
119.4869730762
 30
0.0
 10
77.3348432066
 20
119.4959361154
 30
0.0
 10
77.3662232898
 20
119.506285794
 30
0.0
 10
77.4062193066
 20
119.5168381606
 30
0.0
 10
77.454662454
 20
119.5276376577
 30
0.0
 10
77.5113863421
 20
119.5386473101
 30
0.0
 10
77.5520041147
 20
119.5456819508
 30
0.0
 10
77.5736502915
 20
119.5492687135
 30
0.0
  0
SPLINE
  5
9D4
100
AcDbEntity
  8
0
100
AcDbSpline
 62
7
  6
CONTINUOUS
 70
0
 71
3
 72
16
 73
12
 74
0
 42
0.0000001
 43
0.0000001
 44
0.0000000001
 40
0.0
 40
0.0
 40
0.0
 40
0.0
 40
0.0384812274
 40
0.0642798849
 40
0.0958873497
 40
0.1783649094
 40
0.2880106313
 40
0.4252649576
 40
0.5899524452
 40
0.7816985389
 40
1.0
 40
1.0
 40
1.0
 40
1.0
 10
77.3008701596
 20
118.4595398797
 30
0.0
 10
77.3008397055
 20
118.4630245699
 30
0.0
 10
77.3037946272
 20
118.4687245231
 30
0.0
 10
77.3101455236
 20
118.4745647271
 30
0.0
 10
77.3206488139
 20
118.481767476
 30
0.0
 10
77.33908359
 20
118.4903516726
 30
0.0
 10
77.367235506
 20
118.5002620391
 30
0.0
 10
77.4031300758
 20
118.5103791012
 30
0.0
 10
77.446627592
 20
118.5207402881
 30
0.0
 10
77.4975955363
 20
118.5313146285
 30
0.0
 10
77.5341106885
 20
118.5380756799
 30
0.0
 10
77.5535767262
 20
118.5415243806
 30
0.0
  0
SPLINE
  5
9D5
100
AcDbEntity
  8
0
100
AcDbSpline
 62
7
  6
CONTINUOUS
 70
0
 71
3
 72
16
 73
12
 74
0
 42
0.0000001
 43
0.0000001
 44
0.0000000001
 40
0.0
 40
0.0
 40
0.0
 40
0.0
 40
0.0402534801
 40
0.0666398467
 40
0.0986442347
 40
0.1814462841
 40
0.2909372953
 40
0.4277243342
 40
0.5917248948
 40
0.7826250897
 40
1.0
 40
1.0
 40
1.0
 40
1.0
 10
77.3096112081
 20
117.4554638671
 30
0.0
 10
77.3095829364
 20
117.4587419117
 30
0.0
 10
77.3121432039
 20
117.4640971223
 30
0.0
 10
77.3178369634
 20
117.4697115542
 30
0.0
 10
77.3271586331
 20
117.4765426965
 30
0.0
 10
77.3435711356
 20
117.4847330954
 30
0.0
 10
77.3686654947
 20
117.4941871941
 30
0.0
 10
77.4006726289
 20
117.5038457855
 30
0.0
 10
77.4394796389
 20
117.5137412348
 30
0.0
 10
77.4849816105
 20
117.523848347
 30
0.0
 10
77.5175984424
 20
117.5303138883
 30
0.0
 10
77.5349909965
 20
117.5336125265
 30
0.0
  0
SPLINE
  5
9D6
100
AcDbEntity
  8
0
100
AcDbSpline
 62
7
  6
CONTINUOUS
 70
0
 71
3
 72
15
 73
11
 74
0
 42
0.0000001
 43
0.0000001
 44
0.0000000001
 40
0.0
 40
0.0
 40
0.0
 40
0.0
 40
0.3746438886
 40
0.5330157779
 40
0.6706832275
 40
0.7867418159
 40
0.8805495697
 40
0.9516208637
 40
0.9786159329
 40
1.0
 40
1.0
 40
1.0
 40
1.0
 10
77.5269276866
 20
117.0670388234
 30
0.0
 10
77.4241941997
 20
117.0590935654
 30
0.0
 10
77.2780853347
 20
117.0470090767
 30
0.0
 10
77.0945256788
 20
117.0287378867
 30
0.0
 10
76.9819149865
 20
117.0158575052
 30
0.0
 10
76.8871767124
 20
117.0030568927
 30
0.0
 10
76.8109587381
 20
116.9903448906
 30
0.0
 10
76.7593142922
 20
116.9791922507
 30
0.0
 10
76.7278292011
 20
116.9697682798
 30
0.0
 10
76.7153789965
 20
116.9649903957
 30
0.0
 10
76.7100545586
 20
116.9624922175
 30
0.0
  0
SPLINE
  5
9D7
100
AcDbEntity
  8
0
100
AcDbSpline
 62
7
  6
CONTINUOUS
 70
0
 71
3
 72
14
 73
10
 74
0
 42
0.0000001
 43
0.0000001
 44
0.0000000001
 40
0.0
 40
0.0
 40
0.0
 40
0.0
 40
0.0990626239
 40
0.182519649
 40
0.2921995048
 40
0.4288780512
 40
0.5925885392
 40
0.7830838
 40
1.0
 40
1.0
 40
1.0
 40
1.0
 10
77.3183522468
 20
116.4513878481
 30
0.0
 10
77.3182894609
 20
116.4585840254
 30
0.0
 10
77.3301101749
 20
116.4694326122
 30
0.0
 10
77.3481393373
 20
116.4789524872
 30
0.0
 10
77.3706323917
 20
116.488130784
 30
0.0
 10
77.3988940502
 20
116.4972434522
 30
0.0
 10
77.433332175
 20
116.5066787478
 30
0.0
 10
77.4736860818
 20
116.5162865352
 30
0.0
 10
77.502641449
 20
116.5224421667
 30
0.0
 10
77.5180834964
 20
116.5255817696
 30
0.0
  0
SPLINE
  5
9D8
100
AcDbEntity
  8
0
100
AcDbSpline
 62
7
  6
CONTINUOUS
 70
0
 71
3
 72
13
 73
9
 74
0
 42
0.0000001
 43
0.0000001
 44
0.0000000001
 40
0.0
 40
0.0
 40
0.0
 40
0.0
 40
0.1032447906
 40
0.1872949877
 40
0.2968425931
 40
0.4328470383
 40
0.5955075065
 40
1.0
 40
1.0
 40
1.0
 40
1.0
 10
77.3270932972
 20
115.4473118356
 30
0.0
 10
77.327036987
 20
115.4538312241
 30
0.0
 10
77.3368340548
 20
115.4639323339
 30
0.0
 10
77.3525555411
 20
115.4729678543
 30
0.0
 10
77.3718035654
 20
115.4815220386
 30
0.0
 10
77.3960656959
 20
115.4900415569
 30
0.0
 10
77.4386694796
 20
115.5027192319
 30
0.0
 10
77.4735279632
 20
115.5109853969
 30
0.0
 10
77.4984709196
 20
115.5164875948
 30
0.0
  0
SPLINE
  5
9D9
100
AcDbEntity
  8
0
100
AcDbSpline
 62
7
  6
CONTINUOUS
 70
0
 71
3
 72
13
 73
9
 74
0
 42
0.0000001
 43
0.0000001
 44
0.0000000001
 40
0.0
 40
0.0
 40
0.0
 40
0.0
 40
0.1085115121
 40
0.1933940302
 40
0.3028528331
 40
0.4380305301
 40
0.5993404019
 40
1.0
 40
1.0
 40
1.0
 40
1.0
 10
77.3358343368
 20
114.4432358193
 30
0.0
 10
77.3357839476
 20
114.4490607334
 30
0.0
 10
77.3436421407
 20
114.4582989947
 30
0.0
 10
77.3570184937
 20
114.4667862392
 30
0.0
 10
77.3730666071
 20
114.4746422361
 30
0.0
 10
77.3933556211
 20
114.482492845
 30
0.0
 10
77.4289589147
 20
114.4941395612
 30
0.0
 10
77.4581702376
 20
114.5017418552
 30
0.0
 10
77.479076301
 20
114.5067957896
 30
0.0
  0
SPLINE
  5
9DA
100
AcDbEntity
  8
0
100
AcDbSpline
 62
7
  6
CONTINUOUS
 70
0
 71
3
 72
20
 73
16
 74
0
 42
0.0000001
 43
0.0000001
 44
0.0000000001
 40
0.0
 40
0.0
 40
0.0
 40
0.0
 40
0.2217313976
 40
0.4184007015
 40
0.5882602401
 40
0.7297777255
 40
0.7895346879
 40
0.8418033853
 40
0.8864851722
 40
0.9235345759
 40
0.9529913666
 40
0.975009693
 40
0.9833703568
 40
0.9901248007
 40
1.0
 40
1.0
 40
1.0
 40
1.0
 10
77.5233232181
 20
116.866759808
 30
0.0
 10
77.4607366263
 20
116.8619107253
 30
0.0
 10
77.3426691789
 20
116.8523422722
 30
0.0
 10
77.1768114262
 20
116.8372157155
 30
0.0
 10
77.0337657908
 20
116.8221466722
 30
0.0
 10
76.9294992141
 20
116.8090511119
 30
0.0
 10
76.8585239862
 20
116.7983050467
 30
0.0
 10
76.8148055279
 20
116.7907277462
 30
0.0
 10
76.7776230688
 20
116.7831737269
 30
0.0
 10
76.7470351519
 20
116.7756718528
 30
0.0
 10
76.723098392
 20
116.7681993251
 30
0.0
 10
76.7074169986
 20
116.7616433609
 30
0.0
 10
76.6984550511
 20
116.7560343688
 30
0.0
 10
76.6930851781
 20
116.7515134742
 30
0.0
 10
76.6905070175
 20
116.7469556972
 30
0.0
 10
76.6905092821
 20
116.7441599401
 30
0.0
  0
SPLINE
  5
9DB
100
AcDbEntity
  8
0
100
AcDbSpline
 62
7
  6
CONTINUOUS
 70
0
 71
3
 72
10
 73
6
 74
0
 42
0.0000001
 43
0.0000001
 44
0.0000000001
 40
0.0
 40
0.0
 40
0.0
 40
0.0
 40
0.5992370509
 40
0.8242003934
 40
1.0
 40
1.0
 40
1.0
 40
1.0
 10
76.8145958964
 20
112.9904852506
 30
0.0
 10
76.7933121381
 20
112.98648383
 30
0.0
 10
76.7640956967
 20
112.9804478507
 30
0.0
 10
76.7293893621
 20
112.9703280855
 30
0.0
 10
76.7158082382
 20
112.9651924601
 30
0.0
 10
76.7100572807
 20
112.9624919199
 30
0.0
  0
SPLINE
  5
9DC
100
AcDbEntity
  8
0
100
AcDbSpline
 62
7
  6
CONTINUOUS
 70
0
 71
3
 72
13
 73
9
 74
0
 42
0.0000001
 43
0.0000001
 44
0.0000000001
 40
0.0
 40
0.0
 40
0.0
 40
0.0
 40
0.405570566
 40
0.5677735803
 40
0.703043637
 40
0.8119232085
 40
0.8955842692
 40
1.0
 40
1.0
 40
1.0
 40
1.0
 10
76.807410387
 20
112.7891146638
 30
0.0
 10
76.7903324672
 20
112.7858089543
 30
0.0
 10
76.7664956203
 20
112.7807708099
 30
0.0
 10
76.7373968666
 20
112.7727479744
 30
0.0
 10
76.720891202
 20
112.7672656096
 30
0.0
 10
76.7078291326
 20
112.7616521454
 30
0.0
 10
76.697056264
 20
112.7555912538
 30
0.0
 10
76.6905023572
 20
112.7486383667
 30
0.0
 10
76.6905006431
 20
112.7441599781
 30
0.0
  0
SPLINE
  5
9DD
100
AcDbEntity
  8
0
100
AcDbSpline
 62
7
  6
CONTINUOUS
 70
0
 71
3
 72
20
 73
16
 74
0
 42
0.0000001
 43
0.0000001
 44
0.0000000001
 40
0.0
 40
0.0
 40
0.0
 40
0.0
 40
0.2195968031
 40
0.4157707973
 40
0.5861775288
 40
0.7288030592
 40
0.7891668903
 40
0.8419987483
 40
0.8871830285
 40
0.9246240125
 40
0.954279119
 40
0.9762530815
 40
0.984474346
 40
0.990987998
 40
1.0
 40
1.0
 40
1.0
 40
1.0
 10
77.7686312388
 20
123.8847559813
 30
0.0
 10
77.6886572371
 20
123.8791736258
 30
0.0
 10
77.5372698885
 20
123.8681590691
 30
0.0
 10
77.3239721485
 20
123.8508254581
 30
0.0
 10
77.1388750298
 20
123.8335535441
 30
0.0
 10
77.0033719348
 20
123.8185586016
 30
0.0
 10
76.9107895923
 20
123.8062502972
 30
0.0
 10
76.8536213067
 20
123.7975615029
 30
0.0
 10
76.8049279507
 20
123.7889006627
 30
0.0
 10
76.7648320529
 20
123.7803159053
 30
0.0
 10
76.7334422323
 20
123.7717507803
 30
0.0
 10
76.7128662061
 20
123.7642721852
 30
0.0
 10
76.7010251838
 20
123.7578045224
 30
0.0
 10
76.6941100822
 20
123.752777564
 30
0.0
 10
76.6904998994
 20
123.7474499657
 30
0.0
 10
76.6905031871
 20
123.7441599398
 30
0.0
  0
SPLINE
  5
9DE
100
AcDbEntity
  8
0
100
AcDbSpline
 62
7
  6
CONTINUOUS
 70
0
 71
3
 72
20
 73
16
 74
0
 42
0.0000001
 43
0.0000001
 44
0.0000000001
 40
0.0
 40
0.0
 40
0.0
 40
0.0
 40
0.2208244948
 40
0.4173079874
 40
0.5874481424
 40
0.7294731069
 40
0.7895134899
 40
0.8420358683
 40
0.8869295547
 40
0.9241478713
 40
0.9536902528
 40
0.9756612702
 40
0.9839367849
 40
0.9905599038
 40
1.0
 40
1.0
 40
1.0
 40
1.0
 10
77.6345851408
 20
122.8751555537
 30
0.0
 10
77.5640482561
 20
122.8699654245
 30
0.0
 10
77.4307806683
 20
122.859725092
 30
0.0
 10
77.2433186307
 20
122.8435668437
 30
0.0
 10
77.0811966658
 20
122.8274719866
 30
0.0
 10
76.9627924495
 20
122.8134864003
 30
0.0
 10
76.8820583955
 20
122.8020124742
 30
0.0
 10
76.8322758065
 20
122.7939175897
 30
0.0
 10
76.7899105181
 20
122.7858451228
 30
0.0
 10
76.7550412645
 20
122.7778367213
 30
0.0
 10
76.7277473917
 20
122.7698590304
 30
0.0
 10
76.7098615164
 20
122.7628720617
 30
0.0
 10
76.6996130311
 20
122.7568605033
 30
0.0
 10
76.6935461227
 20
122.752096555
 30
0.0
 10
76.6905111234
 20
122.7471835546
 30
0.0
 10
76.6905083954
 20
122.7441600004
 30
0.0
  0
SPLINE
  5
9DF
100
AcDbEntity
  8
0
100
AcDbSpline
 62
7
  6
CONTINUOUS
 70
0
 71
3
 72
20
 73
16
 74
0
 42
0.0000001
 43
0.0000001
 44
0.0000000001
 40
0.0
 40
0.0
 40
0.0
 40
0.0
 40
0.2209575574
 40
0.4174924583
 40
0.5875756326
 40
0.7295405464
 40
0.7895242182
 40
0.8420045822
 40
0.8868789266
 40
0.9240691434
 40
0.9535831565
 40
0.9755612433
 40
0.9838546614
 40
0.9905005981
 40
1.0
 40
1.0
 40
1.0
 40
1.0
 10
77.6172945398
 20
121.8738790969
 30
0.0
 10
77.5479907405
 20
121.8687413647
 30
0.0
 10
77.4170747557
 20
121.8586005756
 30
0.0
 10
77.2329640709
 20
121.8426043251
 30
0.0
 10
77.0738003855
 20
121.8266592626
 30
0.0
 10
76.9575992291
 20
121.8128150758
 30
0.0
 10
76.8783856674
 20
121.8014482343
 30
0.0
 10
76.8295495914
 20
121.7934307466
 30
0.0
 10
76.7879890677
 20
121.7854402463
 30
0.0
 10
76.7537878983
 20
121.7775099334
 30
0.0
 10
76.7270233063
 20
121.7696046687
 30
0.0
 10
76.7094837364
 20
121.7626827341
 30
0.0
 10
76.6994301955
 20
121.7567345704
 30
0.0
 10
76.6934651354
 20
121.752011261
 30
0.0
 10
76.6905023946
 20
121.7471476159
 30
0.0
 10
76.6905056136
 20
121.7441599343
 30
0.0
  0
SPLINE
  5
9E0
100
AcDbEntity
  8
0
100
AcDbSpline
 62
7
  6
CONTINUOUS
 70
0
 71
3
 72
15
 73
11
 74
0
 42
0.0000001
 43
0.0000001
 44
0.0000000001
 40
0.0
 40
0.0
 40
0.0
 40
0.0
 40
0.3757850522
 40
0.5348524527
 40
0.6730528124
 40
0.789316743
 40
0.8828610234
 40
0.9530980808
 40
0.9794371799
 40
1.0
 40
1.0
 40
1.0
 40
1.0
 10
77.6377629265
 20
123.0753896216
 30
0.0
 10
77.5208018071
 20
123.0667950175
 30
0.0
 10
77.3543845119
 20
123.0537427907
 30
0.0
 10
77.1452567831
 20
123.0340326478
 30
0.0
 10
77.0169477056
 20
123.0201329943
 30
0.0
 10
76.9092036723
 20
123.0063280809
 30
0.0
 10
76.8228867687
 20
122.9926204352
 30
0.0
 10
76.7647099341
 20
122.9806002221
 30
0.0
 10
76.7295926769
 20
122.9703962966
 30
0.0
 10
76.7158626697
 20
122.9652183827
 30
0.0
 10
76.7100530165
 20
122.962492581
 30
0.0
  0
SPLINE
  5
9E1
100
AcDbEntity
  8
0
100
AcDbSpline
 62
7
  6
CONTINUOUS
 70
0
 71
3
 72
15
 73
11
 74
0
 42
0.0000001
 43
0.0000001
 44
0.0000000001
 40
0.0
 40
0.0
 40
0.0
 40
0.0
 40
0.3756274714
 40
0.5345946673
 40
0.6726976577
 40
0.7889393216
 40
0.8825035578
 40
0.9528839288
 40
0.9793188814
 40
1.0
 40
1.0
 40
1.0
 40
1.0
 10
77.6191986426
 20
122.0740201051
 30
0.0
 10
77.5046166066
 20
122.0655332631
 30
0.0
 10
77.3415960355
 20
122.0526373053
 30
0.0
 10
77.1367508457
 20
122.0331662949
 30
0.0
 10
77.0110735576
 20
122.0194291289
 30
0.0
 10
76.9055161482
 20
122.0057955517
 30
0.0
 10
76.8208907959
 20
121.9922424918
 30
0.0
 10
76.7638087393
 20
121.9803716236
 30
0.0
 10
76.7292978682
 20
121.9702941555
 30
0.0
 10
76.7157860372
 20
121.9651805118
 30
0.0
 10
76.7100596353
 20
121.9624925513
 30
0.0
  0
SPLINE
  5
9E2
100
AcDbEntity
  8
RUNDUNGEN
100
AcDbSpline
 62
7
  6
CONTINUOUS
 70
0
 71
3
 72
12
 73
8
 74
0
 42
0.0000001
 43
0.0000001
 44
0.0000000001
 40
0.0
 40
0.0
 40
0.0
 40
0.0
 40
0.2865930911
 40
0.5529899646
 40
0.7880456518
 40
0.8959414422
 40
1.0
 40
1.0
 40
1.0
 40
1.0
 10
100.3405004097
 20
150.2668388107
 30
0.0
 10
100.3920418212
 20
150.2668388107
 30
0.0
 10
100.4921322083
 20
150.2531607556
 30
0.0
 10
100.623115231
 20
150.1936504959
 30
0.0
 10
100.7028918403
 20
150.1131174724
 30
0.0
 10
100.7350786274
 20
150.0385548153
 30
0.0
 10
100.7405004097
 20
150.0002527073
 30
0.0
 10
100.7405004097
 20
149.9815386311
 30
0.0
  0
SPLINE
  5
9E3
100
AcDbEntity
  8
RUNDUNGEN
100
AcDbSpline
 62
7
  6
CONTINUOUS
 70
0
 71
3
 72
12
 73
8
 74
0
 42
0.0000001
 43
0.0000001
 44
0.0000000001
 40
0.0
 40
0.0
 40
0.0
 40
0.0
 40
0.1040585578
 40
0.2119543482
 40
0.4470100354
 40
0.7134069089
 40
1.0
 40
1.0
 40
1.0
 40
1.0
 10
94.7405004097
 20
149.9815386311
 30
0.0
 10
94.7405004097
 20
150.0002527073
 30
0.0
 10
94.7459221919
 20
150.0385548153
 30
0.0
 10
94.778108979
 20
150.1131174724
 30
0.0
 10
94.8578855883
 20
150.1936504959
 30
0.0
 10
94.988868611
 20
150.2531607556
 30
0.0
 10
95.0889589981
 20
150.2668388107
 30
0.0
 10
95.1405004097
 20
150.2668388107
 30
0.0
  0
SPLINE
  5
9E4
100
AcDbEntity
  8
RUNDUNGEN
100
AcDbSpline
 62
7
  6
CONTINUOUS
 70
0
 71
3
 72
11
 73
7
 74
0
 42
0.0000001
 43
0.0000001
 44
0.0000000001
 40
0.0
 40
0.0
 40
0.0
 40
0.0
 40
0.2510990261
 40
0.4994895833
 40
0.7483385797
 40
1.0
 40
1.0
 40
1.0
 40
1.0
 10
78.674890221
 20
124.3941427783
 30
0.0
 10
78.546414748
 20
124.3934041838
 30
0.0
 10
78.2879047176
 20
124.3454749904
 30
0.0
 10
77.9601080865
 20
124.1276914127
 30
0.0
 10
77.745603926
 20
123.7983456681
 30
0.0
 10
77.6945736696
 20
123.5403617788
 30
0.0
 10
77.692547138
 20
123.4116123754
 30
0.0
  0
SPLINE
  5
9E5
100
AcDbEntity
  8
RUNDUNGEN
100
AcDbSpline
 62
7
  6
CONTINUOUS
 70
0
 71
3
 72
9
 73
5
 74
0
 42
0.0000001
 43
0.0000001
 44
0.0000000001
 40
0.0
 40
0.0
 40
0.0
 40
0.0
 40
0.4996375141
 40
1.0
 40
1.0
 40
1.0
 40
1.0
 10
118.2452339011
 20
113.7534196146
 30
0.0
 10
118.3216063207
 20
113.6712208519
 30
0.0
 10
118.448408265
 20
113.4800731955
 30
0.0
 10
118.5023525505
 20
113.2565896
 30
0.0
 10
118.5091133333
 20
113.1444279504
 30
0.0
  0
SPLINE
  5
9E6
100
AcDbEntity
  8
RUNDUNGEN
100
AcDbSpline
 62
7
  6
CONTINUOUS
 70
0
 71
3
 72
9
 73
5
 74
0
 42
0.0000001
 43
0.0000001
 44
0.0000000001
 40
0.0
 40
0.0
 40
0.0
 40
0.0
 40
0.4996112239
 40
1.0
 40
1.0
 40
1.0
 40
1.0
 10
118.2452078878
 20
109.6349131408
 30
0.0
 10
118.3215760923
 20
109.7171055753
 30
0.0
 10
118.4483674439
 20
109.9082525406
 30
0.0
 10
118.5023376167
 20
110.1317268005
 30
0.0
 10
118.5090986853
 20
110.2438927411
 30
0.0
  0
SPLINE
  5
9E7
100
AcDbEntity
  8
RUNDUNGEN
100
AcDbSpline
 62
7
  6
CONTINUOUS
 70
0
 71
3
 72
9
 73
5
 74
0
 42
0.0000001
 43
0.0000001
 44
0.0000000001
 40
0.0
 40
0.0
 40
0.0
 40
0.0
 40
0.4996371296
 40
1.0
 40
1.0
 40
1.0
 40
1.0
 10
77.2360639892
 20
109.6345584246
 30
0.0
 10
77.1595809513
 20
109.7167543732
 30
0.0
 10
77.0327238617
 20
109.9080572075
 30
0.0
 10
76.9786526418
 20
110.1316569243
 30
0.0
 10
76.9718873285
 20
110.2438919768
 30
0.0
  0
SPLINE
  5
9E8
100
AcDbEntity
  8
RUNDUNGEN
100
AcDbSpline
 62
7
  6
CONTINUOUS
 70
0
 71
3
 72
11
 73
7
 74
0
 42
0.0000001
 43
0.0000001
 44
0.0000000001
 40
0.0
 40
0.0
 40
0.0
 40
0.0
 40
0.2549852273
 40
0.5040776447
 40
0.7510933846
 40
1.0
 40
1.0
 40
1.0
 40
1.0
 10
118.3043277825
 20
113.9217996818
 30
0.0
 10
118.3555854282
 20
113.8831563115
 30
0.0
 10
118.4483304044
 20
113.7945266756
 30
0.0
 10
118.5522420372
 20
113.6347043963
 30
0.0
 10
118.6181844869
 20
113.4576199679
 30
0.0
 10
118.6366244991
 20
113.3331367696
 30
0.0
 10
118.6397918218
 20
113.2705548162
 30
0.0
  0
SPLINE
  5
9E9
100
AcDbEntity
  8
RUNDUNGEN
100
AcDbSpline
 62
7
  6
CONTINUOUS
 70
0
 71
3
 72
11
 73
7
 74
0
 42
0.0000001
 43
0.0000001
 44
0.0000000001
 40
0.0
 40
0.0
 40
0.0
 40
0.0
 40
0.2513235188
 40
0.5000182476
 40
0.7486692079
 40
1.0
 40
1.0
 40
1.0
 40
1.0
 10
117.7841983657
 20
123.4905067749
 30
0.0
 10
117.7730256671
 20
123.6120944506
 30
0.0
 10
117.7093070038
 20
123.8526826257
 30
0.0
 10
117.4902451354
 20
124.1538270147
 30
0.0
 10
117.1734680434
 20
124.350277166
 30
0.0
 10
116.9280812129
 20
124.3934578444
 30
0.0
 10
116.8059796782
 20
124.3941435444
 30
0.0
  0
SPLINE
  5
9EA
100
AcDbEntity
  8
RUNDUNGEN
100
AcDbSpline
 62
7
  6
CONTINUOUS
 70
0
 71
3
 72
11
 73
7
 74
0
 42
0.0000001
 43
0.0000001
 44
0.0000000001
 40
0.0
 40
0.0
 40
0.0
 40
0.0
 40
0.2487792929
 40
0.495795719
 40
0.7449637413
 40
1.0
 40
1.0
 40
1.0
 40
1.0
 10
76.8417003636
 20
113.2794657132
 30
0.0
 10
76.8453975529
 20
113.341249193
 30
0.0
 10
76.864646101
 20
113.4640632193
 30
0.0
 10
76.9309126389
 20
113.6386090021
 30
0.0
 10
77.0342324713
 20
113.7961401741
 30
0.0
 10
77.126007659
 20
113.883602789
 30
0.0
 10
77.1766730858
 20
113.9217996884
 30
0.0
  0
SPLINE
  5
9EB
100
AcDbEntity
  8
RUNDUNGEN
100
AcDbSpline
 62
9
  6
CONTINUOUS
 70
0
 71
3
 72
9
 73
5
 74
0
 42
0.0000001
 43
0.0000001
 44
0.0000000001
 40
0.0
 40
0.0
 40
0.0
 40
0.0
 40
0.2438519255
 40
1.0
 40
1.0
 40
1.0
 40
1.0
 10
118.6531003598
 20
110.1183841111
 30
0.0
 10
118.6536646466
 20
110.12867058
 30
0.0
 10
118.6540674924
 20
110.1709542102
 30
0.0
 10
118.6468458307
 20
110.2131691918
 30
0.0
 10
118.6380899329
 20
110.2438905387
 30
0.0
  0
SPLINE
  5
9EC
100
AcDbEntity
  8
RUNDUNGEN
100
AcDbSpline
 62
9
  6
CONTINUOUS
 70
0
 71
3
 72
9
 73
5
 74
0
 42
0.0000001
 43
0.0000001
 44
0.0000000001
 40
0.0
 40
0.0
 40
0.0
 40
0.0
 40
0.5055053622
 40
1.0
 40
1.0
 40
1.0
 40
1.0
 10
118.3053182823
 20
109.4672663944
 30
0.0
 10
118.3876108414
 20
109.5294941947
 30
0.0
 10
118.5282237608
 20
109.6851034541
 30
0.0
 10
118.6025994118
 20
109.8801710267
 30
0.0
 10
118.6225252481
 20
109.9791087476
 30
0.0
  0
SPLINE
  5
9ED
100
AcDbEntity
  8
RUNDUNGEN
100
AcDbSpline
 62
9
  6
CONTINUOUS
 70
0
 71
3
 72
9
 73
5
 74
0
 42
0.0000001
 43
0.0000001
 44
0.0000000001
 40
0.0
 40
0.0
 40
0.0
 40
0.0
 40
0.4998036076
 40
1.0
 40
1.0
 40
1.0
 40
1.0
 10
118.234816249
 20
109.6190314309
 30
0.0
 10
118.3149308397
 20
109.702275865
 30
0.0
 10
118.4478317011
 20
109.897919531
 30
0.0
 10
118.5030418282
 20
110.1284272632
 30
0.0
 10
118.5091388239
 20
110.2438906692
 30
0.0
  0
LINE
  5
9EE
100
AcDbEntity
  8
RUNDUNGEN
100
AcDbLine
 62
9
  6
CONTINUOUS
 10
77.6925456383
 20
123.4116123754
 11
77.5280633053
 21
114.5100416589
  0
LINE
  5
9EF
100
AcDbEntity
  8
RUNDUNGEN
100
AcDbLine
 62
9
  6
CONTINUOUS
 10
117.7884551811
 20
123.4116123754
 11
117.952937514
 21
114.5100416589
  0
SPLINE
  5
9F0
100
AcDbEntity
  8
RUNDUNGEN
100
AcDbSpline
 62
9
  6
CONTINUOUS
 70
0
 71
3
 72
9
 73
5
 74
0
 42
0.0000001
 43
0.0000001
 44
0.0000000001
 40
0.0
 40
0.0
 40
0.0
 40
0.0
 40
0.2544155655
 40
1.0
 40
1.0
 40
1.0
 40
1.0
 10
77.3044911195
 20
109.6105069616
 30
0.0
 10
77.2740030665
 20
109.6629735375
 30
0.0
 10
77.1563004611
 20
109.8704255981
 30
0.0
 10
77.04735819
 20
110.0828793727
 30
0.0
 10
76.9718619947
 20
110.2438906707
 30
0.0
  0
SPLINE
  5
9F1
100
AcDbEntity
  8
RUNDUNGEN
100
AcDbSpline
 62
9
  6
CONTINUOUS
 70
0
 71
3
 72
9
 73
5
 74
0
 42
0.0000001
 43
0.0000001
 44
0.0000000001
 40
0.0
 40
0.0
 40
0.0
 40
0.0
 40
0.2544141934
 40
1.0
 40
1.0
 40
1.0
 40
1.0
 10
77.3045842542
 20
113.7780480447
 30
0.0
 10
77.2740903156
 20
113.7255617132
 30
0.0
 10
77.1563644184
 20
113.5180308316
 30
0.0
 10
77.0474004747
 20
113.3054982296
 30
0.0
 10
76.9718888697
 20
113.1444278774
 30
0.0
  0
SPLINE
  5
9F2
100
AcDbEntity
  8
RUNDUNGEN
100
AcDbSpline
 62
9
  6
CONTINUOUS
 70
0
 71
3
 72
9
 73
5
 74
0
 42
0.0000001
 43
0.0000001
 44
0.0000000001
 40
0.0
 40
0.0
 40
0.0
 40
0.0
 40
0.2543771746
 40
1.0
 40
1.0
 40
1.0
 40
1.0
 10
117.952937514
 20
114.5100416589
 30
0.0
 10
117.9535835696
 20
114.4746758514
 30
0.0
 10
117.9581115496
 20
114.3356923392
 30
0.0
 10
117.97026442
 20
114.1969409882
 30
0.0
 10
117.9838919036
 20
114.094159969
 30
0.0
  0
SPLINE
  5
9F3
100
AcDbEntity
  8
RUNDUNGEN
100
AcDbSpline
 62
9
  6
CONTINUOUS
 70
0
 71
3
 72
9
 73
5
 74
0
 42
0.0000001
 43
0.0000001
 44
0.0000000001
 40
0.0
 40
0.0
 40
0.0
 40
0.0
 40
0.2544131462
 40
1.0
 40
1.0
 40
1.0
 40
1.0
 10
118.176387025
 20
113.7784361658
 30
0.0
 10
118.2068875754
 20
113.7259177979
 30
0.0
 10
118.3246381089
 20
113.5182595692
 30
0.0
 10
118.4336191221
 20
113.3055973179
 30
0.0
 10
118.5091388239
 20
113.1444292688
 30
0.0
  0
SPLINE
  5
9F4
100
AcDbEntity
  8
RUNDUNGEN
100
AcDbSpline
 62
9
  6
CONTINUOUS
 70
0
 71
3
 72
9
 73
5
 74
0
 42
0.0000001
 43
0.0000001
 44
0.0000000001
 40
0.0
 40
0.0
 40
0.0
 40
0.0
 40
0.2544121995
 40
1.0
 40
1.0
 40
1.0
 40
1.0
 10
118.176493931
 20
109.6100922723
 30
0.0
 10
118.206980454
 20
109.662593893
 30
0.0
 10
118.3246817908
 20
109.8701838662
 30
0.0
 10
118.4336056255
 20
110.0827809031
 30
0.0
 10
118.5090986868
 20
110.2438927474
 30
0.0
  0
SPLINE
  5
9F5
100
AcDbEntity
  8
RUNDUNGEN
100
AcDbSpline
 62
9
  6
CONTINUOUS
 70
0
 71
3
 72
9
 73
5
 74
0
 42
0.0000001
 43
0.0000001
 44
0.0000000001
 40
0.0
 40
0.0
 40
0.0
 40
0.0
 40
0.2437778617
 40
1.0
 40
1.0
 40
1.0
 40
1.0
 10
118.6531059157
 20
113.2697159776
 30
0.0
 10
118.6536598934
 20
113.259450066
 30
0.0
 10
118.6540280176
 20
113.2172397229
 30
0.0
 10
118.646810235
 20
113.1751060712
 30
0.0
 10
118.638089896
 20
113.1444292702
 30
0.0
  0
SPLINE
  5
9F6
100
AcDbEntity
  8
RUNDUNGEN
100
AcDbSpline
 62
7
  6
CONTINUOUS
 70
0
 71
3
 72
9
 73
5
 74
0
 42
0.0000001
 43
0.0000001
 44
0.0000000001
 40
0.0
 40
0.0
 40
0.0
 40
0.0
 40
0.3329051872
 40
1.0
 40
1.0
 40
1.0
 40
1.0
 10
117.9837561233
 20
114.0950503894
 30
0.0
 10
117.9904187605
 20
114.0949249002
 30
0.0
 10
118.010120623
 20
114.0929997662
 30
0.0
 10
118.0306276484
 20
114.0838840435
 30
0.0
 10
118.0384658091
 20
114.0730731621
 30
0.0
  0
SPLINE
  5
9F7
100
AcDbEntity
  8
RUNDUNGEN
100
AcDbSpline
 62
9
  6
CONTINUOUS
 70
0
 71
3
 72
9
 73
5
 74
0
 42
0.0000001
 43
0.0000001
 44
0.0000000001
 40
0.0
 40
0.0
 40
0.0
 40
0.0
 40
0.4995984684
 40
1.0
 40
1.0
 40
1.0
 40
1.0
 10
77.2359550697
 20
113.7536462188
 30
0.0
 10
77.1594916481
 20
113.6714757361
 30
0.0
 10
77.0325861808
 20
113.4802411003
 30
0.0
 10
76.978681156
 20
113.2566468385
 30
0.0
 10
76.9719157442
 20
113.1444264867
 30
0.0
  0
SPLINE
  5
9F8
100
AcDbEntity
  8
RUNDUNGEN
100
AcDbSpline
 62
7
  6
CONTINUOUS
 70
0
 71
3
 72
9
 73
5
 74
0
 42
0.0000001
 43
0.0000001
 44
0.0000000001
 40
0.0
 40
0.0
 40
0.0
 40
0.0
 40
0.2107641412
 40
1.0
 40
1.0
 40
1.0
 40
1.0
 10
77.4424466267
 20
114.0725579237
 30
0.0
 10
77.4434456958
 20
114.0739345052
 30
0.0
 10
77.4487204003
 20
114.0800768318
 30
0.0
 10
77.4557599067
 20
114.0845429026
 30
0.0
 10
77.4615574128
 20
114.0871805428
 30
0.0
  0
SPLINE
  5
9F9
100
AcDbEntity
  8
RUNDUNGEN
100
AcDbSpline
 62
7
  6
CONTINUOUS
 70
0
 71
3
 72
9
 73
5
 74
0
 42
0.0000001
 43
0.0000001
 44
0.0000000001
 40
0.0
 40
0.0
 40
0.0
 40
0.0
 40
0.2152529595
 40
1.0
 40
1.0
 40
1.0
 40
1.0
 10
77.4615574128
 20
114.0871805428
 30
0.0
 10
77.4639408229
 20
114.0882649019
 30
0.0
 10
77.4753128377
 20
114.0926443663
 30
0.0
 10
77.487626655
 20
114.0942987592
 30
0.0
 10
77.497171296
 20
114.0944719838
 30
0.0
  0
SPLINE
  5
9FA
100
AcDbEntity
  8
RUNDUNGEN
100
AcDbSpline
 62
9
  6
CONTINUOUS
 70
0
 71
3
 72
9
 73
5
 74
0
 42
0.0000001
 43
0.0000001
 44
0.0000000001
 40
0.0
 40
0.0
 40
0.0
 40
0.0
 40
0.4998039803
 40
1.0
 40
1.0
 40
1.0
 40
1.0
 10
77.2464793545
 20
113.769594388
 30
0.0
 10
77.1662816139
 20
113.6863331364
 30
0.0
 10
77.0332306092
 20
113.4906103255
 30
0.0
 10
76.9779662429
 20
113.2599620574
 30
0.0
 10
76.9718619954
 20
113.1444292688
 30
0.0
  0
SPLINE
  5
9FB
100
AcDbEntity
  8
RUNDUNGEN
100
AcDbSpline
 62
9
  6
CONTINUOUS
 70
0
 71
3
 72
9
 73
5
 74
0
 42
0.0000001
 43
0.0000001
 44
0.0000000001
 40
0.0
 40
0.0
 40
0.0
 40
0.0
 40
0.2583113974
 40
1.0
 40
1.0
 40
1.0
 40
1.0
 10
76.8429108865
 20
110.2438905386
 30
0.0
 10
76.8399191995
 20
110.2333977133
 30
0.0
 10
76.8298202803
 20
110.1923826448
 30
0.0
 10
76.826182795
 20
110.1496694552
 30
0.0
 10
76.8278994524
 20
110.1183878528
 30
0.0
  0
SPLINE
  5
9FC
100
AcDbEntity
  8
RUNDUNGEN
100
AcDbSpline
 62
9
  6
CONTINUOUS
 70
0
 71
3
 72
9
 73
5
 74
0
 42
0.0000001
 43
0.0000001
 44
0.0000000001
 40
0.0
 40
0.0
 40
0.0
 40
0.0
 40
0.258380296
 40
1.0
 40
1.0
 40
1.0
 40
1.0
 10
76.8429108896
 20
113.1444293889
 30
0.0
 10
76.8399304541
 20
113.1549090751
 30
0.0
 10
76.8298643266
 20
113.1958574348
 30
0.0
 10
76.8262073551
 20
113.2384906094
 30
0.0
 10
76.8278938784
 20
113.2697173902
 30
0.0
  0
SPLINE
  5
9FD
100
AcDbEntity
  8
RUNDUNGEN
100
AcDbSpline
 62
9
  6
CONTINUOUS
 70
0
 71
3
 72
11
 73
7
 74
0
 42
0.0000001
 43
0.0000001
 44
0.0000000001
 40
0.0
 40
0.0
 40
0.0
 40
0.0
 40
0.2487923604
 40
0.4958211786
 40
0.7449799447
 40
1.0
 40
1.0
 40
1.0
 40
1.0
 10
76.8416618761
 20
110.1094223884
 30
0.0
 10
76.8453206231
 20
110.0476884187
 30
0.0
 10
76.864477009
 20
109.9249676738
 30
0.0
 10
76.930514341
 20
109.7505127646
 30
0.0
 10
77.0335479799
 20
109.5930001319
 30
0.0
 10
77.1251205965
 20
109.5055002398
 30
0.0
 10
77.1756825137
 20
109.4672664294
 30
0.0
  0
SPLINE
  5
9FE
100
AcDbEntity
  8
RUNDUNGEN
100
AcDbSpline
 62
9
  6
CONTINUOUS
 70
0
 71
3
 72
9
 73
5
 74
0
 42
0.0000001
 43
0.0000001
 44
0.0000000001
 40
0.0
 40
0.0
 40
0.0
 40
0.0
 40
0.5001824625
 40
1.0
 40
1.0
 40
1.0
 40
1.0
 10
76.9718619947
 20
110.2438906707
 30
0.0
 10
76.9779631258
 20
110.1283332044
 30
0.0
 10
77.0332588737
 20
109.8976306392
 30
0.0
 10
77.166363365
 20
109.701874263
 30
0.0
 10
77.2465957821
 20
109.6186037469
 30
0.0
  0
SPLINE
  5
9FF
100
AcDbEntity
  8
RUNDUNGEN
100
AcDbSpline
 62
9
  6
CONTINUOUS
 70
0
 71
3
 72
9
 73
5
 74
0
 42
0.0000001
 43
0.0000001
 44
0.0000000001
 40
0.0
 40
0.0
 40
0.0
 40
0.0
 40
0.5001821933
 40
1.0
 40
1.0
 40
1.0
 40
1.0
 10
118.5091388239
 20
113.1444292688
 30
0.0
 10
118.5030394065
 20
113.2598882478
 30
0.0
 10
118.447835235
 20
113.49039405
 30
0.0
 10
118.3149360054
 20
113.6860373549
 30
0.0
 10
118.2348206977
 20
113.7692842524
 30
0.0
  0
SPLINE
  5
A00
100
AcDbEntity
  8
0
100
AcDbSpline
 62
3
  6
CONTINUOUS
 70
0
 71
3
 72
17
 73
13
 74
0
 42
0.0000001
 43
0.0000001
 44
0.0000000001
 40
0.0
 40
0.0
 40
0.0
 40
0.0
 40
0.0253308885
 40
0.0514564601
 40
0.0813279513
 40
0.1168643426
 40
0.2082355385
 40
0.3274163601
 40
0.4717520099
 40
0.636130834
 40
0.8145059901
 40
1.0
 40
1.0
 40
1.0
 40
1.0
 10
100.7405004097
 20
125.4652261035
 30
0.0
 10
100.7405004097
 20
125.4607859733
 30
0.0
 10
100.7421422697
 20
125.4516499463
 30
0.0
 10
100.7500117752
 20
125.4394102176
 30
0.0
 10
100.7625490286
 20
125.4291070468
 30
0.0
 10
100.7871900038
 20
125.4166197809
 30
0.0
 10
100.8294832864
 20
125.4063397134
 30
0.0
 10
100.8912644179
 20
125.3991699539
 30
0.0
 10
100.9662451117
 20
125.3956501946
 30
0.0
 10
101.0516084075
 20
125.3943771588
 30
0.0
 10
101.1442059999
 20
125.3940884754
 30
0.0
 10
101.2079860525
 20
125.394159969
 30
0.0
 10
101.2405004097
 20
125.394159969
 30
0.0
  0
SPLINE
  5
A01
100
AcDbEntity
  8
RUNDUNGEN
100
AcDbSpline
 62
3
  6
CONTINUOUS
 70
0
 71
3
 72
12
 73
8
 74
0
 42
0.0000001
 43
0.0000001
 44
0.0000000001
 40
0.0
 40
0.0
 40
0.0
 40
0.0
 40
0.2865930911
 40
0.5529899646
 40
0.7880456518
 40
0.8959414422
 40
1.0
 40
1.0
 40
1.0
 40
1.0
 10
95.1405004097
 20
149.5659295464
 30
0.0
 10
95.0889589981
 20
149.5659295464
 30
0.0
 10
94.988868611
 20
149.5522514913
 30
0.0
 10
94.8578855883
 20
149.4927412316
 30
0.0
 10
94.778108979
 20
149.4122082081
 30
0.0
 10
94.7459221919
 20
149.337645551
 30
0.0
 10
94.7405004097
 20
149.299343443
 30
0.0
 10
94.7405004097
 20
149.2806293668
 30
0.0
  0
SPLINE
  5
A02
100
AcDbEntity
  8
RUNDUNGEN
100
AcDbSpline
 62
3
  6
CONTINUOUS
 70
0
 71
3
 72
12
 73
8
 74
0
 42
0.0000001
 43
0.0000001
 44
0.0000000001
 40
0.0
 40
0.0
 40
0.0
 40
0.0
 40
0.1040585578
 40
0.2119543482
 40
0.4470100354
 40
0.7134069089
 40
1.0
 40
1.0
 40
1.0
 40
1.0
 10
100.7405004097
 20
149.2806293668
 30
0.0
 10
100.7405004097
 20
149.299343443
 30
0.0
 10
100.7350786274
 20
149.337645551
 30
0.0
 10
100.7028918403
 20
149.4122082081
 30
0.0
 10
100.623115231
 20
149.4927412316
 30
0.0
 10
100.4921322083
 20
149.5522514913
 30
0.0
 10
100.3920418212
 20
149.5659295464
 30
0.0
 10
100.3405004097
 20
149.5659295464
 30
0.0
  0
SPLINE
  5
A03
100
AcDbEntity
  8
0
100
AcDbSpline
 62
7
  6
CONTINUOUS
 70
0
 71
3
 72
10
 73
6
 74
0
 42
0.0000001
 43
0.0000001
 44
0.0000000001
 40
0.0
 40
0.0
 40
0.0
 40
0.0
 40
0.3748580916
 40
0.6502936427
 40
1.0
 40
1.0
 40
1.0
 40
1.0
 10
214.4382080816
 20
109.4941599344
 30
0.0
 10
214.4382115879
 20
109.4906963392
 30
0.0
 10
214.4422075184
 20
109.4851138761
 30
0.0
 10
214.4496662646
 20
109.4799243768
 30
0.0
 10
214.4548258125
 20
109.4772016156
 30
0.0
 10
214.4577505332
 20
109.4758280546
 30
0.0
  0
SPLINE
  5
A04
100
AcDbEntity
  8
0
100
AcDbSpline
 62
7
  6
CONTINUOUS
 70
0
 71
3
 72
10
 73
6
 74
0
 42
0.0000001
 43
0.0000001
 44
0.0000000001
 40
0.0
 40
0.0
 40
0.0
 40
0.0
 40
0.3746590105
 40
0.6502101493
 40
1.0
 40
1.0
 40
1.0
 40
1.0
 10
214.4382031462
 20
110.4941599957
 30
0.0
 10
214.4381998995
 20
110.4906967131
 30
0.0
 10
214.4422026283
 20
110.48510985
 30
0.0
 10
214.4496677859
 20
110.4799254668
 30
0.0
 10
214.454832187
 20
110.4772019149
 30
0.0
 10
214.4577591781
 20
110.4758280208
 30
0.0
  0
SPLINE
  5
A05
100
AcDbEntity
  8
0
100
AcDbSpline
 62
7
  6
CONTINUOUS
 70
0
 71
3
 72
10
 73
6
 74
0
 42
0.0000001
 43
0.0000001
 44
0.0000000001
 40
0.0
 40
0.0
 40
0.0
 40
0.0
 40
0.3747278886
 40
0.6501426275
 40
1.0
 40
1.0
 40
1.0
 40
1.0
 10
214.4382118792
 20
111.4941599623
 30
0.0
 10
214.4382125003
 20
111.4906977006
 30
0.0
 10
214.4422025811
 20
111.4851124678
 30
0.0
 10
214.4496616965
 20
111.4799233017
 30
0.0
 10
214.4548227311
 20
111.4772013178
 30
0.0
 10
214.4577489772
 20
111.4758280131
 30
0.0
  0
SPLINE
  5
A06
100
AcDbEntity
  8
0
100
AcDbSpline
 62
7
  6
CONTINUOUS
 70
0
 71
3
 72
10
 73
6
 74
0
 42
0.0000001
 43
0.0000001
 44
0.0000000001
 40
0.0
 40
0.0
 40
0.0
 40
0.0
 40
0.3748256272
 40
0.6503182684
 40
1.0
 40
1.0
 40
1.0
 40
1.0
 10
214.4382016213
 20
112.4941599542
 30
0.0
 10
214.4382036561
 20
112.4906955297
 30
0.0
 10
214.4422075997
 20
112.4851128846
 30
0.0
 10
214.4496697469
 20
112.4799252075
 30
0.0
 10
214.4548317143
 20
112.47720189
 30
0.0
 10
214.4577572183
 20
112.4758280565
 30
0.0
  0
SPLINE
  5
A07
100
AcDbEntity
  8
0
100
AcDbSpline
 62
7
  6
CONTINUOUS
 70
0
 71
3
 72
10
 73
6
 74
0
 42
0.0000001
 43
0.0000001
 44
0.0000000001
 40
0.0
 40
0.0
 40
0.0
 40
0.0
 40
0.374832735
 40
0.6503213744
 40
1.0
 40
1.0
 40
1.0
 40
1.0
 10
220.3382001445
 20
109.9941599515
 30
0.0
 10
220.3381978051
 20
109.990695523
 30
0.0
 10
220.3341942392
 20
109.9851130238
 30
0.0
 10
220.3267323016
 20
109.9799251717
 30
0.0
 10
220.3215705308
 20
109.9772018809
 30
0.0
 10
220.3186451169
 20
109.975828058
 30
0.0
  0
SPLINE
  5
A08
100
AcDbEntity
  8
0
100
AcDbSpline
 62
7
  6
CONTINUOUS
 70
0
 71
3
 72
10
 73
6
 74
0
 42
0.0000001
 43
0.0000001
 44
0.0000000001
 40
0.0
 40
0.0
 40
0.0
 40
0.0
 40
0.3745641223
 40
0.6500771351
 40
1.0
 40
1.0
 40
1.0
 40
1.0
 10
220.3381924599
 20
110.9941599994
 30
0.0
 10
220.3381954319
 20
110.9906982297
 30
0.0
 10
220.3342040627
 20
110.9851090367
 30
0.0
 10
220.3267391428
 20
110.9799242442
 30
0.0
 10
220.3215748034
 20
110.9772017116
 30
0.0
 10
220.3186470283
 20
110.9758279925
 30
0.0
  0
SPLINE
  5
A09
100
AcDbEntity
  8
0
100
AcDbSpline
 62
7
  6
CONTINUOUS
 70
0
 71
3
 72
10
 73
6
 74
0
 42
0.0000001
 43
0.0000001
 44
0.0000000001
 40
0.0
 40
0.0
 40
0.0
 40
0.0
 40
0.374861473
 40
0.6502995965
 40
1.0
 40
1.0
 40
1.0
 40
1.0
 10
220.3381943314
 20
111.9941599338
 30
0.0
 10
220.3381907312
 20
111.9906962529
 30
0.0
 10
220.3341943005
 20
111.9851138966
 30
0.0
 10
220.3267354146
 20
111.9799244381
 30
0.0
 10
220.3215758113
 20
111.9772016383
 30
0.0
 10
220.318651105
 20
111.9758280564
 30
0.0
  0
SPLINE
  5
A0A
100
AcDbEntity
  8
0
100
AcDbSpline
 62
7
  6
CONTINUOUS
 70
0
 71
3
 72
10
 73
6
 74
0
 42
0.0000001
 43
0.0000001
 44
0.0000000001
 40
0.0
 40
0.0
 40
0.0
 40
0.0
 40
0.3746449258
 40
0.6501986068
 40
1.0
 40
1.0
 40
1.0
 40
1.0
 10
220.338198327
 20
112.9941600021
 30
0.0
 10
220.3382018726
 20
112.990696882
 30
0.0
 10
220.334199954
 20
112.985109599
 30
0.0
 10
220.3267346433
 20
112.9799254402
 30
0.0
 10
220.3215701746
 20
112.9772019002
 30
0.0
 10
220.3186430956
 20
112.9758280126
 30
0.0
  0
SPLINE
  5
A0B
100
AcDbEntity
  8
0
100
AcDbSpline
 62
7
  6
CONTINUOUS
 70
0
 71
3
 72
10
 73
6
 74
0
 42
0.0000001
 43
0.0000001
 44
0.0000000001
 40
0.0
 40
0.0
 40
0.0
 40
0.0
 40
0.3498985518
 40
0.6254396685
 40
1.0
 40
1.0
 40
1.0
 40
1.0
 10
214.4577565798
 20
109.712491977
 30
0.0
 10
214.4548288249
 20
109.7111181857
 30
0.0
 10
214.4496641637
 20
109.7083951885
 30
0.0
 10
214.44219821
 20
109.7032113619
 30
0.0
 10
214.4382045769
 20
109.6976219224
 30
0.0
 10
214.4382080816
 20
109.6941599344
 30
0.0
  0
SPLINE
  5
A0C
100
AcDbEntity
  8
0
100
AcDbSpline
 62
7
  6
CONTINUOUS
 70
0
 71
3
 72
10
 73
6
 74
0
 42
0.0000001
 43
0.0000001
 44
0.0000000001
 40
0.0
 40
0.0
 40
0.0
 40
0.0
 40
0.3496721116
 40
0.6251454626
 40
1.0
 40
1.0
 40
1.0
 40
1.0
 10
214.4577555133
 20
110.7124919106
 30
0.0
 10
214.4548304104
 20
110.7111181349
 30
0.0
 10
214.4496693716
 20
110.7083949537
 30
0.0
 10
214.4422082853
 20
110.7032064803
 30
0.0
 10
214.438206394
 20
110.6976243663
 30
0.0
 10
214.4382031462
 20
110.6941599957
 30
0.0
  0
SPLINE
  5
A0D
100
AcDbEntity
  8
0
100
AcDbSpline
 62
7
  6
CONTINUOUS
 70
0
 71
3
 72
10
 73
6
 74
0
 42
0.0000001
 43
0.0000001
 44
0.0000000001
 40
0.0
 40
0.0
 40
0.0
 40
0.0
 40
0.3499106769
 40
0.6253366388
 40
1.0
 40
1.0
 40
1.0
 40
1.0
 10
214.4577505566
 20
111.7124919717
 30
0.0
 10
214.454823543
 20
111.7111185376
 30
0.0
 10
214.449661163
 20
111.7083968559
 30
0.0
 10
214.4422006534
 20
111.7032084121
 30
0.0
 10
214.4382112581
 20
111.6976219033
 30
0.0
 10
214.4382118792
 20
111.6941599623
 30
0.0
  0
SPLINE
  5
A0E
100
AcDbEntity
  8
0
100
AcDbSpline
 62
7
  6
CONTINUOUS
 70
0
 71
3
 72
10
 73
6
 74
0
 42
0.0000001
 43
0.0000001
 44
0.0000000001
 40
0.0
 40
0.0
 40
0.0
 40
0.0
 40
0.3497438457
 40
0.6252783921
 40
1.0
 40
1.0
 40
1.0
 40
1.0
 10
214.4577592622
 20
112.7124919386
 30
0.0
 10
214.4548327464
 20
112.7111180405
 30
0.0
 10
214.4496689112
 20
112.7083945035
 30
0.0
 10
214.4422048289
 20
112.703209007
 30
0.0
 10
214.4381995868
 20
112.697623813
 30
0.0
 10
214.4382016213
 20
112.6941599542
 30
0.0
  0
SPLINE
  5
A0F
100
AcDbEntity
  8
0
100
AcDbSpline
 62
7
  6
CONTINUOUS
 70
0
 71
3
 72
10
 73
6
 74
0
 42
0.0000001
 43
0.0000001
 44
0.0000000001
 40
0.0
 40
0.0
 40
0.0
 40
0.0
 40
0.3497526014
 40
0.6252910004
 40
1.0
 40
1.0
 40
1.0
 40
1.0
 10
220.3186426967
 20
110.2124919413
 30
0.0
 10
220.3215693135
 20
110.2111180416
 30
0.0
 10
220.3267332876
 20
110.2083944932
 30
0.0
 10
220.3341975932
 20
110.2032092333
 30
0.0
 10
220.3382024835
 20
110.1976237055
 30
0.0
 10
220.3382001445
 20
110.1941599515
 30
0.0
  0
SPLINE
  5
A10
100
AcDbEntity
  8
0
100
AcDbSpline
 62
7
  6
CONTINUOUS
 70
0
 71
3
 72
10
 73
6
 74
0
 42
0.0000001
 43
0.0000001
 44
0.0000000001
 40
0.0
 40
0.0
 40
0.0
 40
0.0
 40
0.3498540958
 40
0.6252705807
 40
1.0
 40
1.0
 40
1.0
 40
1.0
 10
220.3186517597
 20
124.2124925617
 30
0.0
 10
220.3215781517
 20
124.2111192075
 30
0.0
 10
220.3267394836
 20
124.2083970964
 30
0.0
 10
220.334199073
 20
124.2032077732
 30
0.0
 10
220.338189759
 20
124.197622451
 30
0.0
 10
220.3381905228
 20
124.1941599788
 30
0.0
  0
SPLINE
  5
A11
100
AcDbEntity
  8
0
100
AcDbSpline
 62
7
  6
CONTINUOUS
 70
0
 71
3
 72
10
 73
6
 74
0
 42
0.0000001
 43
0.0000001
 44
0.0000000001
 40
0.0
 40
0.0
 40
0.0
 40
0.0
 40
0.3497357957
 40
0.6251623421
 40
1.0
 40
1.0
 40
1.0
 40
1.0
 10
220.3186526814
 20
111.2124919275
 30
0.0
 10
220.3215775738
 20
111.211118453
 30
0.0
 10
220.3267370829
 20
111.2083958481
 30
0.0
 10
220.3341954597
 20
111.2032062583
 30
0.0
 10
220.3381894865
 20
111.1976232419
 30
0.0
 10
220.3381924599
 20
111.1941599994
 30
0.0
  0
SPLINE
  5
A12
100
AcDbEntity
  8
0
100
AcDbSpline
 62
7
  6
CONTINUOUS
 70
0
 71
3
 72
10
 73
6
 74
0
 42
0.0000001
 43
0.0000001
 44
0.0000000001
 40
0.0
 40
0.0
 40
0.0
 40
0.0
 40
0.349871701
 40
0.625425281
 40
1.0
 40
1.0
 40
1.0
 40
1.0
 10
220.3186433243
 20
123.212492574
 30
0.0
 10
220.3215710942
 20
123.2111186957
 30
0.0
 10
220.3267361096
 20
123.2083953446
 30
0.0
 10
220.3342026718
 20
123.2032116131
 30
0.0
 10
220.3381990852
 20
123.1976223756
 30
0.0
 10
220.3381954452
 20
123.194159935
 30
0.0
  0
SPLINE
  5
A13
100
AcDbEntity
  8
0
100
AcDbSpline
 62
7
  6
CONTINUOUS
 70
0
 71
3
 72
10
 73
6
 74
0
 42
0.0000001
 43
0.0000001
 44
0.0000000001
 40
0.0
 40
0.0
 40
0.0
 40
0.0
 40
0.3496863275
 40
0.6251789862
 40
1.0
 40
1.0
 40
1.0
 40
1.0
 10
220.3186438836
 20
122.2124925207
 30
0.0
 10
220.321569572
 20
122.2111186482
 30
0.0
 10
220.3267318355
 20
122.2083952517
 30
0.0
 10
220.3341943601
 20
122.2032074195
 30
0.0
 10
220.3381984245
 20
122.1976245164
 30
0.0
 10
220.3382004097
 20
122.1941599832
 30
0.0
  0
SPLINE
  5
A14
100
AcDbEntity
  8
0
100
AcDbSpline
 62
7
  6
CONTINUOUS
 70
0
 71
3
 72
10
 73
6
 74
0
 42
0.0000001
 43
0.0000001
 44
0.0000000001
 40
0.0
 40
0.0
 40
0.0
 40
0.0
 40
0.3498910618
 40
0.6254369721
 40
1.0
 40
1.0
 40
1.0
 40
1.0
 10
220.3186450899
 20
112.2124919757
 30
0.0
 10
220.3215728162
 20
112.2111181698
 30
0.0
 10
220.3267375223
 20
112.2083950811
 30
0.0
 10
220.334203605
 20
112.2032113899
 30
0.0
 10
220.33819793
 20
112.1976219997
 30
0.0
 10
220.3381943314
 20
112.1941599338
 30
0.0
  0
SPLINE
  5
A15
100
AcDbEntity
  8
0
100
AcDbSpline
 62
7
  6
CONTINUOUS
 70
0
 71
3
 72
10
 73
6
 74
0
 42
0.0000001
 43
0.0000001
 44
0.0000000001
 40
0.0
 40
0.0
 40
0.0
 40
0.0
 40
0.3496783502
 40
0.6251565606
 40
1.0
 40
1.0
 40
1.0
 40
1.0
 10
214.4577568457
 20
123.7124925164
 30
0.0
 10
214.4548314626
 20
123.7111186878
 30
0.0
 10
214.4496698974
 20
123.7083953957
 30
0.0
 10
214.4422081592
 20
123.7032069647
 30
0.0
 10
214.4382055931
 20
123.6976244946
 30
0.0
 10
214.4382026531
 20
123.6941599921
 30
0.0
  0
SPLINE
  5
A16
100
AcDbEntity
  8
0
100
AcDbSpline
 62
7
  6
CONTINUOUS
 70
0
 71
3
 72
10
 73
6
 74
0
 42
0.0000001
 43
0.0000001
 44
0.0000000001
 40
0.0
 40
0.0
 40
0.0
 40
0.0
 40
0.3496674173
 40
0.6251375068
 40
1.0
 40
1.0
 40
1.0
 40
1.0
 10
220.3186463699
 20
113.2124919227
 30
0.0
 10
220.321571379
 20
113.2111181557
 30
0.0
 10
220.3267322362
 20
113.208394994
 30
0.0
 10
220.3341931462
 20
113.2032063614
 30
0.0
 10
220.3381947801
 20
113.1976243975
 30
0.0
 10
220.338198327
 20
113.1941600021
 30
0.0
  0
SPLINE
  5
A17
100
AcDbEntity
  8
0
100
AcDbSpline
 62
7
  6
CONTINUOUS
 70
0
 71
3
 72
10
 73
6
 74
0
 42
0.0000001
 43
0.0000001
 44
0.0000000001
 40
0.0
 40
0.0
 40
0.0
 40
0.0
 40
0.3498092347
 40
0.6252272734
 40
1.0
 40
1.0
 40
1.0
 40
1.0
 10
214.4577497668
 20
122.7124925517
 30
0.0
 10
214.4548239298
 20
122.711119197
 30
0.0
 10
214.4496633733
 20
122.7083968091
 30
0.0
 10
214.4422043188
 20
122.7032072669
 30
0.0
 10
214.4382125646
 20
122.6976227641
 30
0.0
 10
214.4382109415
 20
122.694159986
 30
0.0
  0
SPLINE
  5
A18
100
AcDbEntity
  8
0
100
AcDbSpline
 62
7
  6
CONTINUOUS
 70
0
 71
3
 72
10
 73
6
 74
0
 42
0.0000001
 43
0.0000001
 44
0.0000000001
 40
0.0
 40
0.0
 40
0.0
 40
0.0
 40
0.3499007598
 40
0.6254398386
 40
1.0
 40
1.0
 40
1.0
 40
1.0
 10
214.4577575275
 20
121.7124925795
 30
0.0
 10
214.4548296212
 20
121.7111187504
 30
0.0
 10
214.4496647176
 20
121.7083957019
 30
0.0
 10
214.442198454
 20
121.7032116183
 30
0.0
 10
214.4382046951
 20
121.697622065
 30
0.0
 10
214.4382080467
 20
121.6941599363
 30
0.0
  0
SPLINE
  5
A19
100
AcDbEntity
  8
0
100
AcDbSpline
 62
7
  6
CONTINUOUS
 70
0
 71
3
 72
10
 73
6
 74
0
 42
0.0000001
 43
0.0000001
 44
0.0000000001
 40
0.0
 40
0.0
 40
0.0
 40
0.0
 40
0.374567004
 40
0.6500716696
 40
1.0
 40
1.0
 40
1.0
 40
1.0
 10
214.4382098788
 20
113.4941599979
 30
0.0
 10
214.4382070747
 20
113.4906982015
 30
0.0
 10
214.4421981451
 20
113.4851090868
 30
0.0
 10
214.449662879
 20
113.479923913
 30
0.0
 10
214.4548272379
 20
113.4772014759
 30
0.0
 10
214.4577550704
 20
113.4758277603
 30
0.0
  0
SPLINE
  5
A1A
100
AcDbEntity
  8
0
100
AcDbSpline
 62
7
  6
CONTINUOUS
 70
0
 71
3
 72
10
 73
6
 74
0
 42
0.0000001
 43
0.0000001
 44
0.0000000001
 40
0.0
 40
0.0
 40
0.0
 40
0.0
 40
0.3748627131
 40
0.6503039037
 40
1.0
 40
1.0
 40
1.0
 40
1.0
 10
214.4382072708
 20
114.4941599335
 30
0.0
 10
214.4382109469
 20
114.490696116
 30
0.0
 10
214.442208005
 20
114.4851137753
 30
0.0
 10
214.4496672161
 20
114.4799243158
 30
0.0
 10
214.4548270169
 20
114.4772014451
 30
0.0
 10
214.4577517908
 20
114.4758278261
 30
0.0
  0
SPLINE
  5
A1B
100
AcDbEntity
  8
0
100
AcDbSpline
 62
7
  6
CONTINUOUS
 70
0
 71
3
 72
10
 73
6
 74
0
 42
0.0000001
 43
0.0000001
 44
0.0000000001
 40
0.0
 40
0.0
 40
0.0
 40
0.0
 40
0.3746338741
 40
0.6501896204
 40
1.0
 40
1.0
 40
1.0
 40
1.0
 10
214.4382039124
 20
115.4941599992
 30
0.0
 10
214.4382003847
 20
115.490696908
 30
0.0
 10
214.4422018365
 20
115.4851093268
 30
0.0
 10
214.449667551
 20
115.4799252481
 30
0.0
 10
214.4548322353
 20
115.4772016872
 30
0.0
 10
214.4577594742
 20
115.4758277838
 30
0.0
  0
SPLINE
  5
A1C
100
AcDbEntity
  8
0
100
AcDbSpline
 62
7
  6
CONTINUOUS
 70
0
 71
3
 72
10
 73
6
 74
0
 42
0.0000001
 43
0.0000001
 44
0.0000000001
 40
0.0
 40
0.0
 40
0.0
 40
0.0
 40
0.3747514187
 40
0.6501663648
 40
1.0
 40
1.0
 40
1.0
 40
1.0
 10
214.4382116838
 20
116.4941599571
 30
0.0
 10
214.4382127918
 20
116.4906974824
 30
0.0
 10
214.4422034973
 20
116.4851126365
 30
0.0
 10
214.4496624174
 20
116.4799232693
 30
0.0
 10
214.4548230982
 20
116.4772010911
 30
0.0
 10
214.4577490978
 20
116.475827787
 30
0.0
  0
SPLINE
  5
A1D
100
AcDbEntity
  8
0
100
AcDbSpline
 62
7
  6
CONTINUOUS
 70
0
 71
3
 72
10
 73
6
 74
0
 42
0.0000001
 43
0.0000001
 44
0.0000000001
 40
0.0
 40
0.0
 40
0.0
 40
0.0
 40
0.3747890911
 40
0.6502979454
 40
1.0
 40
1.0
 40
1.0
 40
1.0
 10
220.3382009692
 20
123.9941599655
 30
0.0
 10
220.3382004159
 20
123.9906955206
 30
0.0
 10
220.3341950263
 20
123.9851119238
 30
0.0
 10
220.3267317599
 20
123.9799248543
 30
0.0
 10
220.3215687393
 20
123.9772013626
 30
0.0
 10
220.3186426937
 20
123.9758274559
 30
0.0
  0
SPLINE
  5
A1E
100
AcDbEntity
  8
0
100
AcDbSpline
 62
7
  6
CONTINUOUS
 70
0
 71
3
 72
10
 73
6
 74
0
 42
0.0000001
 43
0.0000001
 44
0.0000000001
 40
0.0
 40
0.0
 40
0.0
 40
0.0
 40
0.3746395607
 40
0.6500756236
 40
1.0
 40
1.0
 40
1.0
 40
1.0
 10
220.3381904581
 20
122.9941599797
 30
0.0
 10
220.3381914637
 20
122.9906979752
 30
0.0
 10
220.334201724
 20
122.9851108334
 30
0.0
 10
220.3267401472
 20
122.9799226942
 30
0.0
 10
220.3215770235
 20
122.977200937
 30
0.0
 10
220.3186496234
 20
122.9758274051
 30
0.0
  0
SPLINE
  5
A1F
100
AcDbEntity
  8
0
100
AcDbSpline
 62
7
  6
CONTINUOUS
 70
0
 71
3
 72
10
 73
6
 74
0
 42
0.0000001
 43
0.0000001
 44
0.0000000001
 40
0.0
 40
0.0
 40
0.0
 40
0.0
 40
0.3748353657
 40
0.6503203726
 40
1.0
 40
1.0
 40
1.0
 40
1.0
 10
220.3381998619
 20
121.9941599492
 30
0.0
 10
220.3381972627
 20
121.9906954073
 30
0.0
 10
220.3341939019
 20
121.9851128179
 30
0.0
 10
220.3267317923
 20
121.9799246564
 30
0.0
 10
220.321569922
 20
121.9772013159
 30
0.0
 10
220.3186444188
 20
121.9758274657
 30
0.0
  0
SPLINE
  5
A20
100
AcDbEntity
  8
0
100
AcDbSpline
 62
7
  6
CONTINUOUS
 70
0
 71
3
 72
10
 73
6
 74
0
 42
0.0000001
 43
0.0000001
 44
0.0000000001
 40
0.0
 40
0.0
 40
0.0
 40
0.0
 40
0.3748511044
 40
0.6502867076
 40
1.0
 40
1.0
 40
1.0
 40
1.0
 10
214.4382081232
 20
123.4941599354
 30
0.0
 10
214.4382115449
 20
123.4906962486
 30
0.0
 10
214.4422075706
 20
123.4851135045
 30
0.0
 10
214.4496667285
 20
123.4799238778
 30
0.0
 10
214.4548266148
 20
123.4772010519
 30
0.0
 10
214.4577515523
 20
123.4758274594
 30
0.0
  0
SPLINE
  5
A21
100
AcDbEntity
  8
0
100
AcDbSpline
 62
7
  6
CONTINUOUS
 70
0
 71
3
 72
10
 73
6
 74
0
 42
0.0000001
 43
0.0000001
 44
0.0000000001
 40
0.0
 40
0.0
 40
0.0
 40
0.0
 40
0.3748164255
 40
0.6503135066
 40
1.0
 40
1.0
 40
1.0
 40
1.0
 10
220.3382006021
 20
114.994159957
 30
0.0
 10
220.3381989048
 20
114.9906954919
 30
0.0
 10
220.3341944819
 20
114.9851126027
 30
0.0
 10
220.32673196
 20
114.9799250595
 30
0.0
 10
220.3215696672
 20
114.977201683
 30
0.0
 10
220.3186439978
 20
114.975827823
 30
0.0
  0
SPLINE
  5
A22
100
AcDbEntity
  8
0
100
AcDbSpline
 62
7
  6
CONTINUOUS
 70
0
 71
3
 72
10
 73
6
 74
0
 42
0.0000001
 43
0.0000001
 44
0.0000000001
 40
0.0
 40
0.0
 40
0.0
 40
0.0
 40
0.3746105559
 40
0.6501686058
 40
1.0
 40
1.0
 40
1.0
 40
1.0
 10
214.438204731
 20
122.4941600013
 30
0.0
 10
214.4382010639
 20
122.4906970785
 30
0.0
 10
214.4422010673
 20
122.485108796
 30
0.0
 10
214.4496673271
 20
122.4799248938
 30
0.0
 10
214.4548322836
 20
122.4772013342
 30
0.0
 10
214.4577597798
 20
122.4758274178
 30
0.0
  0
SPLINE
  5
A23
100
AcDbEntity
  8
0
100
AcDbSpline
 62
7
  6
CONTINUOUS
 70
0
 71
3
 72
10
 73
6
 74
0
 42
0.0000001
 43
0.0000001
 44
0.0000000001
 40
0.0
 40
0.0
 40
0.0
 40
0.0
 40
0.374815784
 40
0.6502392132
 40
1.0
 40
1.0
 40
1.0
 40
1.0
 10
214.4382101222
 20
121.4941599428
 30
0.0
 10
214.4382126599
 20
121.4906967889
 30
0.0
 10
214.4422059784
 20
121.4851131687
 30
0.0
 10
214.4496647313
 20
121.4799234858
 30
0.0
 10
214.4548246942
 20
121.4772009024
 30
0.0
 10
214.4577499662
 20
121.4758274449
 30
0.0
  0
SPLINE
  5
A24
100
AcDbEntity
  8
0
100
AcDbSpline
 62
7
  6
CONTINUOUS
 70
0
 71
3
 72
10
 73
6
 74
0
 42
0.0000001
 43
0.0000001
 44
0.0000000001
 40
0.0
 40
0.0
 40
0.0
 40
0.0
 40
0.3499240307
 40
0.6253629939
 40
1.0
 40
1.0
 40
1.0
 40
1.0
 10
220.3186536954
 20
121.2124923612
 30
0.0
 10
220.3215814364
 20
121.2111187413
 30
0.0
 10
220.3267449241
 20
121.2083960376
 30
0.0
 10
220.3342068242
 20
121.2032073942
 30
0.0
 10
220.3382003806
 20
121.1976222585
 30
0.0
 10
220.3382007388
 20
121.1941599035
 30
0.0
  0
SPLINE
  5
A25
100
AcDbEntity
  8
0
100
AcDbSpline
 62
7
  6
CONTINUOUS
 70
0
 71
3
 72
10
 73
6
 74
0
 42
0.0000001
 43
0.0000001
 44
0.0000000001
 40
0.0
 40
0.0
 40
0.0
 40
0.0
 40
0.3497217974
 40
0.6252446123
 40
1.0
 40
1.0
 40
1.0
 40
1.0
 10
220.3186421598
 20
120.2124923612
 30
0.0
 10
220.321568502
 20
120.211118442
 30
0.0
 10
220.326732092
 20
120.208394894
 30
0.0
 10
220.3341958632
 20
120.2032085862
 30
0.0
 10
220.3382018198
 20
120.1976241939
 30
0.0
 10
220.3382008999
 20
120.1941599629
 30
0.0
  0
SPLINE
  5
A26
100
AcDbEntity
  8
0
100
AcDbSpline
 62
7
  6
CONTINUOUS
 70
0
 71
3
 72
10
 73
6
 74
0
 42
0.0000001
 43
0.0000001
 44
0.0000000001
 40
0.0
 40
0.0
 40
0.0
 40
0.0
 40
0.3745725597
 40
0.650068142
 40
1.0
 40
1.0
 40
1.0
 40
1.0
 10
220.3381918275
 20
115.9941599963
 30
0.0
 10
220.3381944515
 20
115.9906982172
 30
0.0
 10
220.33420375
 20
115.9851092904
 30
0.0
 10
220.3267394034
 20
115.9799237637
 30
0.0
 10
220.3215751656
 20
115.9772014543
 30
0.0
 10
220.3186473581
 20
115.9758277602
 30
0.0
  0
SPLINE
  5
A27
100
AcDbEntity
  8
0
100
AcDbSpline
 62
7
  6
CONTINUOUS
 70
0
 71
3
 72
10
 73
6
 74
0
 42
0.0000001
 43
0.0000001
 44
0.0000000001
 40
0.0
 40
0.0
 40
0.0
 40
0.0
 40
0.3499314613
 40
0.6253752273
 40
1.0
 40
1.0
 40
1.0
 40
1.0
 10
220.3186493798
 20
119.212492407
 30
0.0
 10
220.3215768805
 20
119.2111188497
 30
0.0
 10
220.3267402171
 20
119.2083970804
 30
0.0
 10
220.3342021777
 20
119.203209341
 30
0.0
 10
220.3381918123
 20
119.1976218614
 30
0.0
 10
220.3381904673
 20
119.1941599546
 30
0.0
  0
SPLINE
  5
A28
100
AcDbEntity
  8
0
100
AcDbSpline
 62
7
  6
CONTINUOUS
 70
0
 71
3
 72
10
 73
6
 74
0
 42
0.0000001
 43
0.0000001
 44
0.0000000001
 40
0.0
 40
0.0
 40
0.0
 40
0.0
 40
0.3496751079
 40
0.6251384477
 40
1.0
 40
1.0
 40
1.0
 40
1.0
 10
220.3186468027
 20
118.2124923398
 30
0.0
 10
220.3215718504
 20
118.2111185779
 30
0.0
 10
220.3267326215
 20
118.2083954292
 30
0.0
 10
220.3341933627
 20
118.2032064923
 30
0.0
 10
220.3381940668
 20
118.1976243462
 30
0.0
 10
220.3381976964
 20
118.1941600006
 30
0.0
  0
SPLINE
  5
A29
100
AcDbEntity
  8
0
100
AcDbSpline
 62
7
  6
CONTINUOUS
 70
0
 71
3
 72
10
 73
6
 74
0
 42
0.0000001
 43
0.0000001
 44
0.0000000001
 40
0.0
 40
0.0
 40
0.0
 40
0.0
 40
0.3748538368
 40
0.6503018382
 40
1.0
 40
1.0
 40
1.0
 40
1.0
 10
220.338196672
 20
116.9941599063
 30
0.0
 10
220.3381933155
 20
116.9906960101
 30
0.0
 10
220.3341953511
 20
116.9851135127
 30
0.0
 10
220.3267356022
 20
116.9799243512
 30
0.0
 10
220.321575391
 20
116.9772014474
 30
0.0
 10
220.3186504373
 20
116.9758278143
 30
0.0
  0
SPLINE
  5
A2A
100
AcDbEntity
  8
0
100
AcDbSpline
 62
7
  6
CONTINUOUS
 70
0
 71
3
 72
10
 73
6
 74
0
 42
0.0000001
 43
0.0000001
 44
0.0000000001
 40
0.0
 40
0.0
 40
0.0
 40
0.0
 40
0.3496765738
 40
0.6251365127
 40
1.0
 40
1.0
 40
1.0
 40
1.0
 10
214.4577547898
 20
120.7124923399
 30
0.0
 10
214.454829793
 20
120.7111185941
 30
0.0
 10
214.449669174
 20
120.7083954783
 30
0.0
 10
214.4422086481
 20
120.7032064346
 30
0.0
 10
214.4382084348
 20
120.6976242939
 30
0.0
 10
214.43820473
 20
120.6941600018
 30
0.0
  0
SPLINE
  5
A2B
100
AcDbEntity
  8
0
100
AcDbSpline
 62
7
  6
CONTINUOUS
 70
0
 71
3
 72
10
 73
6
 74
0
 42
0.0000001
 43
0.0000001
 44
0.0000000001
 40
0.0
 40
0.0
 40
0.0
 40
0.0
 40
0.3498681104
 40
0.6254241143
 40
1.0
 40
1.0
 40
1.0
 40
1.0
 10
214.4577587557
 20
119.712492401
 30
0.0
 10
214.4548310247
 20
119.711118527
 30
0.0
 10
214.44966602
 20
119.7083951578
 30
0.0
 10
214.4421994927
 20
119.7032115435
 30
0.0
 10
214.4382026604
 20
119.6976223807
 30
0.0
 10
214.4382064295
 20
119.6941599335
 30
0.0
  0
SPLINE
  5
A2C
100
AcDbEntity
  8
0
100
AcDbSpline
 62
7
  6
CONTINUOUS
 70
0
 71
3
 72
10
 73
6
 74
0
 42
0.0000001
 43
0.0000001
 44
0.0000000001
 40
0.0
 40
0.0
 40
0.0
 40
0.0
 40
0.3497655105
 40
0.6251873538
 40
1.0
 40
1.0
 40
1.0
 40
1.0
 10
214.4577496155
 20
118.7124923661
 30
0.0
 10
214.4548243481
 20
118.711118933
 30
0.0
 10
214.4496644508
 20
118.7083963951
 30
0.0
 10
214.4422058443
 20
118.703206734
 30
0.0
 10
214.4382129044
 20
118.6976230571
 30
0.0
 10
214.4382104706
 20
118.6941599944
 30
0.0
  0
SPLINE
  5
A2D
100
AcDbEntity
  8
0
100
AcDbSpline
 62
7
  6
CONTINUOUS
 70
0
 71
3
 72
10
 73
6
 74
0
 42
0.0000001
 43
0.0000001
 44
0.0000000001
 40
0.0
 40
0.0
 40
0.0
 40
0.0
 40
0.3497293943
 40
0.6252564575
 40
1.0
 40
1.0
 40
1.0
 40
1.0
 10
214.4577599885
 20
117.7124923637
 30
0.0
 10
214.4548335434
 20
117.7111184404
 30
0.0
 10
214.4496697825
 20
117.7083948733
 30
0.0
 10
214.4422058115
 20
117.7032088041
 30
0.0
 10
214.4381999139
 20
117.6976241078
 30
0.0
 10
214.4382012398
 20
117.6941599599
 30
0.0
  0
SPLINE
  5
A2E
100
AcDbEntity
  8
0
100
AcDbSpline
 62
7
  6
CONTINUOUS
 70
0
 71
3
 72
10
 73
6
 74
0
 42
0.0000001
 43
0.0000001
 44
0.0000000001
 40
0.0
 40
0.0
 40
0.0
 40
0.0
 40
0.3497455939
 40
0.6251705871
 40
1.0
 40
1.0
 40
1.0
 40
1.0
 10
214.457749588
 20
113.712492167
 30
0.0
 10
214.4548245536
 20
113.7111186992
 30
0.0
 10
214.4496648838
 20
113.7083961026
 30
0.0
 10
214.4422063832
 20
113.7032064609
 30
0.0
 10
214.438212684
 20
113.6976232022
 30
0.0
 10
214.4382098788
 20
113.6941599979
 30
0.0
  0
SPLINE
  5
A2F
100
AcDbEntity
  8
0
100
AcDbSpline
 62
7
  6
CONTINUOUS
 70
0
 71
3
 72
10
 73
6
 74
0
 42
0.0000001
 43
0.0000001
 44
0.0000000001
 40
0.0
 40
0.0
 40
0.0
 40
0.0
 40
0.3745827317
 40
0.6500783156
 40
1.0
 40
1.0
 40
1.0
 40
1.0
 10
220.3382007388
 20
120.9941599035
 30
0.0
 10
220.338201097
 20
120.9906970832
 30
0.0
 10
220.3342052194
 20
120.9851099605
 30
0.0
 10
220.3267386348
 20
120.9799238469
 30
0.0
 10
220.3215726729
 20
120.9772014348
 30
0.0
 10
220.3186440509
 20
120.975827617
 30
0.0
  0
SPLINE
  5
A30
100
AcDbEntity
  8
0
100
AcDbSpline
 62
7
  6
CONTINUOUS
 70
0
 71
3
 72
10
 73
6
 74
0
 42
0.0000001
 43
0.0000001
 44
0.0000000001
 40
0.0
 40
0.0
 40
0.0
 40
0.0
 40
0.3747978408
 40
0.6503035181
 40
1.0
 40
1.0
 40
1.0
 40
1.0
 10
220.3382008999
 20
119.9941599629
 30
0.0
 10
220.3381999799
 20
119.9906955085
 30
0.0
 10
220.3341948139
 20
119.9851121632
 30
0.0
 10
220.3267317693
 20
119.9799249729
 30
0.0
 10
220.3215689729
 20
119.9772015197
 30
0.0
 10
220.3186430502
 20
119.9758276287
 30
0.0
  0
SPLINE
  5
A31
100
AcDbEntity
  8
0
100
AcDbSpline
 62
7
  6
CONTINUOUS
 70
0
 71
3
 72
10
 73
6
 74
0
 42
0.0000001
 43
0.0000001
 44
0.0000000001
 40
0.0
 40
0.0
 40
0.0
 40
0.0
 40
0.3747621615
 40
0.6501779432
 40
1.0
 40
1.0
 40
1.0
 40
1.0
 10
220.3381904673
 20
118.9941599546
 30
0.0
 10
220.3381891219
 20
118.9906973518
 30
0.0
 10
220.334198023
 20
118.9851126653
 30
0.0
 10
220.3267391071
 20
118.9799231996
 30
0.0
 10
220.3215785357
 20
118.97720092
 30
0.0
 10
220.318652632
 20
118.9758275995
 30
0.0
  0
SPLINE
  5
A32
100
AcDbEntity
  8
0
100
AcDbSpline
 62
7
  6
CONTINUOUS
 70
0
 71
3
 72
10
 73
6
 74
0
 42
0.0000001
 43
0.0000001
 44
0.0000000001
 40
0.0
 40
0.0
 40
0.0
 40
0.0
 40
0.3746215153
 40
0.6501789945
 40
1.0
 40
1.0
 40
1.0
 40
1.0
 10
220.3381976964
 20
117.9941600006
 30
0.0
 10
220.3382013246
 20
117.9906969879
 30
0.0
 10
220.3342005258
 20
117.985109041
 30
0.0
 10
220.3267345021
 20
117.9799250704
 30
0.0
 10
220.3215696524
 20
117.9772015028
 30
0.0
 10
220.3186422721
 20
117.9758275908
 30
0.0
  0
SPLINE
  5
A33
100
AcDbEntity
  8
0
100
AcDbSpline
 62
7
  6
CONTINUOUS
 70
0
 71
3
 72
10
 73
6
 74
0
 42
0.0000001
 43
0.0000001
 44
0.0000000001
 40
0.0
 40
0.0
 40
0.0
 40
0.0
 40
0.3498842251
 40
0.6254344584
 40
1.0
 40
1.0
 40
1.0
 40
1.0
 10
214.4577577527
 20
114.712492211
 30
0.0
 10
214.4548299887
 20
114.7111183747
 30
0.0
 10
214.4496651199
 20
114.7083951702
 30
0.0
 10
214.4421987784
 20
114.7032115224
 30
0.0
 10
214.4382035963
 20
114.6976221406
 30
0.0
 10
214.4382072708
 20
114.6941599335
 30
0.0
  0
SPLINE
  5
A34
100
AcDbEntity
  8
0
100
AcDbSpline
 62
7
  6
CONTINUOUS
 70
0
 71
3
 72
10
 73
6
 74
0
 42
0.0000001
 43
0.0000001
 44
0.0000000001
 40
0.0
 40
0.0
 40
0.0
 40
0.0
 40
0.374610928
 40
0.6501693083
 40
1.0
 40
1.0
 40
1.0
 40
1.0
 10
214.43820473
 20
120.4941600018
 30
0.0
 10
214.4382010267
 20
120.4906971104
 30
0.0
 10
214.442201046
 20
120.4851088789
 30
0.0
 10
214.4496672177
 20
120.479925035
 30
0.0
 10
214.4548321169
 20
120.4772014942
 30
0.0
 10
214.457759575
 20
120.4758275884
 30
0.0
  0
SPLINE
  5
A35
100
AcDbEntity
  8
0
100
AcDbSpline
 62
7
  6
CONTINUOUS
 70
0
 71
3
 72
10
 73
6
 74
0
 42
0.0000001
 43
0.0000001
 44
0.0000000001
 40
0.0
 40
0.0
 40
0.0
 40
0.0
 40
0.3748649132
 40
0.6503121255
 40
1.0
 40
1.0
 40
1.0
 40
1.0
 10
214.4382064295
 20
119.4941599335
 30
0.0
 10
214.4382102003
 20
119.4906959155
 30
0.0
 10
214.4422083755
 20
119.4851136595
 30
0.0
 10
214.4496680713
 20
119.4799242814
 30
0.0
 10
214.4548281589
 20
119.47720131
 30
0.0
 10
214.4577530099
 20
119.4758276383
 30
0.0
  0
SPLINE
  5
A36
100
AcDbEntity
  8
0
100
AcDbSpline
 62
7
  6
CONTINUOUS
 70
0
 71
3
 72
10
 73
6
 74
0
 42
0.0000001
 43
0.0000001
 44
0.0000000001
 40
0.0
 40
0.0
 40
0.0
 40
0.0
 40
0.3496733074
 40
0.6251398198
 40
1.0
 40
1.0
 40
1.0
 40
1.0
 10
214.4577552129
 20
115.7124921465
 30
0.0
 10
214.4548301682
 20
115.7111183829
 30
0.0
 10
214.4496693426
 20
115.7083952298
 30
0.0
 10
214.4422085254
 20
115.7032064497
 30
0.0
 10
214.4382074414
 20
115.6976243479
 30
0.0
 10
214.4382039124
 20
115.6941599992
 30
0.0
  0
SPLINE
  5
A37
100
AcDbEntity
  8
0
100
AcDbSpline
 62
7
  6
CONTINUOUS
 70
0
 71
3
 72
10
 73
6
 74
0
 42
0.0000001
 43
0.0000001
 44
0.0000000001
 40
0.0
 40
0.0
 40
0.0
 40
0.0
 40
0.3745780319
 40
0.6500646673
 40
1.0
 40
1.0
 40
1.0
 40
1.0
 10
214.4382104706
 20
118.4941599944
 30
0.0
 10
214.4382080377
 20
118.4906981797
 30
0.0
 10
214.4421985228
 20
118.4851094024
 30
0.0
 10
214.4496626007
 20
118.4799234678
 30
0.0
 10
214.4548268081
 20
118.4772012551
 30
0.0
 10
214.4577546397
 20
118.4758275699
 30
0.0
  0
SPLINE
  5
A38
100
AcDbEntity
  8
0
100
AcDbSpline
 62
7
  6
CONTINUOUS
 70
0
 71
3
 72
10
 73
6
 74
0
 42
0.0000001
 43
0.0000001
 44
0.0000000001
 40
0.0
 40
0.0
 40
0.0
 40
0.0
 40
0.3748068504
 40
0.6503083593
 40
1.0
 40
1.0
 40
1.0
 40
1.0
 10
214.4382012398
 20
117.4941599599
 30
0.0
 10
214.4382025658
 20
117.4906954733
 30
0.0
 10
214.4422074231
 20
117.4851123339
 30
0.0
 10
214.4496702813
 20
117.4799249423
 30
0.0
 10
214.4548328779
 20
117.4772015134
 30
0.0
 10
214.4577587026
 20
117.4758276307
 30
0.0
  0
SPLINE
  5
A39
100
AcDbEntity
  8
0
100
AcDbSpline
 62
7
  6
CONTINUOUS
 70
0
 71
3
 72
10
 73
6
 74
0
 42
0.0000001
 43
0.0000001
 44
0.0000000001
 40
0.0
 40
0.0
 40
0.0
 40
0.0
 40
0.3498803583
 40
0.6254466797
 40
1.0
 40
1.0
 40
1.0
 40
1.0
 10
220.3186402099
 20
117.2124922647
 30
0.0
 10
220.3215684267
 20
117.2111183586
 30
0.0
 10
220.3267343429
 20
117.208394976
 30
0.0
 10
220.3342022412
 20
117.2032116752
 30
0.0
 10
220.3382000273
 20
117.1976225095
 30
0.0
 10
220.338196672
 20
117.1941599063
 30
0.0
  0
SPLINE
  5
A3A
100
AcDbEntity
  8
0
100
AcDbSpline
 62
7
  6
CONTINUOUS
 70
0
 71
3
 72
10
 73
6
 74
0
 42
0.0000001
 43
0.0000001
 44
0.0000000001
 40
0.0
 40
0.0
 40
0.0
 40
0.0
 40
0.3499257627
 40
0.625362505
 40
1.0
 40
1.0
 40
1.0
 40
1.0
 10
214.4577518203
 20
116.7124922121
 30
0.0
 10
214.4548244851
 20
116.7111186985
 30
0.0
 10
214.4496614799
 20
116.7083969906
 30
0.0
 10
214.442200065
 20
116.7032089918
 30
0.0
 10
214.4382105761
 20
116.6976218575
 30
0.0
 10
214.4382116838
 20
116.6941599571
 30
0.0
  0
SPLINE
  5
A3B
100
AcDbEntity
  8
0
100
AcDbSpline
 62
7
  6
CONTINUOUS
 70
0
 71
3
 72
10
 73
6
 74
0
 42
0.0000001
 43
0.0000001
 44
0.0000000001
 40
0.0
 40
0.0
 40
0.0
 40
0.0
 40
0.3497548284
 40
0.6251780184
 40
1.0
 40
1.0
 40
1.0
 40
1.0
 10
220.3186526366
 20
116.2124921698
 30
0.0
 10
220.3215777512
 20
116.211118726
 30
0.0
 10
220.3267374714
 20
116.2083961722
 30
0.0
 10
220.3341959421
 20
116.2032065377
 30
0.0
 10
220.3381892025
 20
116.1976231073
 30
0.0
 10
220.3381918275
 20
116.1941599963
 30
0.0
  0
SPLINE
  5
A3C
100
AcDbEntity
  8
0
100
AcDbSpline
 62
7
  6
CONTINUOUS
 70
0
 71
3
 72
10
 73
6
 74
0
 42
0.0000001
 43
0.0000001
 44
0.0000000001
 40
0.0
 40
0.0
 40
0.0
 40
0.0
 40
0.3497365277
 40
0.625267434
 40
1.0
 40
1.0
 40
1.0
 40
1.0
 10
220.3186423274
 20
115.2124921729
 30
0.0
 10
220.321568815
 20
115.2111182601
 30
0.0
 10
220.3267326303
 20
115.2083947038
 30
0.0
 10
220.334196669
 20
115.2032089165
 30
0.0
 10
220.3382022992
 20
115.197623969
 30
0.0
 10
220.3382006021
 20
115.194159957
 30
0.0
  0
SPLINE
  5
A3D
100
AcDbEntity
  8
0
100
AcDbSpline
 62
7
  6
CONTINUOUS
 70
0
 71
3
 72
10
 73
6
 74
0
 42
0.0000001
 43
0.0000001
 44
0.0000000001
 40
0.0
 40
0.0
 40
0.0
 40
0.0
 40
0.3499194703
 40
0.6253505164
 40
1.0
 40
1.0
 40
1.0
 40
1.0
 10
220.3186505798
 20
114.2124922104
 30
0.0
 10
220.321577797
 20
114.2111187279
 30
0.0
 10
220.3267405611
 20
114.2083970281
 30
0.0
 10
220.334201598
 20
114.2032087637
 30
0.0
 10
220.3381910835
 20
114.1976219048
 30
0.0
 10
220.3381902174
 20
114.1941599597
 30
0.0
  0
SPLINE
  5
A3E
100
AcDbEntity
  8
0
100
AcDbSpline
 62
7
  6
CONTINUOUS
 70
0
 71
3
 72
11
 73
7
 74
0
 42
0.0000001
 43
0.0000001
 44
0.0000000001
 40
0.0
 40
0.0
 40
0.0
 40
0.0
 40
0.3318722761
 40
0.6123656388
 40
0.8361906355
 40
1.0
 40
1.0
 40
1.0
 40
1.0
 10
215.6446690518
 20
118.0812278971
 30
0.0
 10
215.5865888151
 20
118.0743317835
 30
0.0
 10
215.4794552866
 20
118.0613165451
 30
0.0
 10
215.3332613734
 20
118.0427168419
 30
0.0
 10
215.2166284704
 20
118.026576327
 30
0.0
 10
215.1491258651
 20
118.0159266589
 30
0.0
 10
215.1207676488
 20
118.0105185832
 30
0.0
  0
SPLINE
  5
A3F
100
AcDbEntity
  8
0
100
AcDbSpline
 62
7
  6
CONTINUOUS
 70
0
 71
3
 72
11
 73
7
 74
0
 42
0.0000001
 43
0.0000001
 44
0.0000000001
 40
0.0
 40
0.0
 40
0.0
 40
0.0
 40
0.1659002276
 40
0.389805481
 40
0.6694880071
 40
1.0
 40
1.0
 40
1.0
 40
1.0
 10
215.1189560908
 20
118.2738825611
 30
0.0
 10
215.1470363396
 20
118.2828480365
 30
0.0
 10
215.2147302869
 20
118.2983265016
 30
0.0
 10
215.3323081606
 20
118.3164488383
 30
0.0
 10
215.4796981237
 20
118.3323827794
 30
0.0
 10
215.5877747385
 20
118.3410324718
 30
0.0
 10
215.646347043
 20
118.345259227
 30
0.0
  0
SPLINE
  5
A40
100
AcDbEntity
  8
0
100
AcDbSpline
 62
7
  6
CONTINUOUS
 70
0
 71
3
 72
11
 73
7
 74
0
 42
0.0000001
 43
0.0000001
 44
0.0000000001
 40
0.0
 40
0.0
 40
0.0
 40
0.0
 40
0.1660907028
 40
0.390007263
 40
0.6695266787
 40
1.0
 40
1.0
 40
1.0
 40
1.0
 10
215.1258389527
 20
117.2732533161
 30
0.0
 10
215.1531701606
 20
117.2822517618
 30
0.0
 10
215.219149738
 20
117.2976914675
 30
0.0
 10
215.3337879724
 20
117.3154616079
 30
0.0
 10
215.4774870204
 20
117.3308574956
 30
0.0
 10
215.5828584489
 20
117.3389767377
 30
0.0
 10
215.6399767769
 20
117.3429000769
 30
0.0
  0
SPLINE
  5
A41
100
AcDbEntity
  8
0
100
AcDbSpline
 62
7
  6
CONTINUOUS
 70
0
 71
3
 72
11
 73
7
 74
0
 42
0.0000001
 43
0.0000001
 44
0.0000000001
 40
0.0
 40
0.0
 40
0.0
 40
0.0
 40
0.3318834388
 40
0.6124173414
 40
0.8362289766
 40
1.0
 40
1.0
 40
1.0
 40
1.0
 10
215.6383177305
 20
117.0818496876
 30
0.0
 10
215.5817264659
 20
117.074921863
 30
0.0
 10
215.47732444
 20
117.0619411537
 30
0.0
 10
215.3348428352
 20
117.0435986788
 30
0.0
 10
215.2211390242
 20
117.0279816508
 30
0.0
 10
215.1553124717
 20
117.0178772871
 30
0.0
 10
215.1276300996
 20
117.0128566916
 30
0.0
  0
SPLINE
  5
A42
100
AcDbEntity
  8
0
100
AcDbSpline
 62
7
  6
CONTINUOUS
 70
0
 71
3
 72
11
 73
7
 74
0
 42
0.0000001
 43
0.0000001
 44
0.0000000001
 40
0.0
 40
0.0
 40
0.0
 40
0.0
 40
0.3318915405
 40
0.612463114
 40
0.8362617761
 40
1.0
 40
1.0
 40
1.0
 40
1.0
 10
215.6319661884
 20
116.0824367438
 30
0.0
 10
215.5768637272
 20
116.0754861865
 30
0.0
 10
215.4751923673
 20
116.0625581515
 30
0.0
 10
215.3364219894
 20
116.0444822306
 30
0.0
 10
215.2256464503
 20
116.0293847303
 30
0.0
 10
215.1614967491
 20
116.0198071806
 30
0.0
 10
215.134492757
 20
116.015164782
 30
0.0
  0
SPLINE
  5
A43
100
AcDbEntity
  8
0
100
AcDbSpline
 62
7
  6
CONTINUOUS
 70
0
 71
3
 72
11
 73
7
 74
0
 42
0.0000001
 43
0.0000001
 44
0.0000000001
 40
0.0
 40
0.0
 40
0.0
 40
0.0
 40
0.166341357
 40
0.3902581872
 40
0.6696924404
 40
1.0
 40
1.0
 40
1.0
 40
1.0
 10
215.1327215749
 20
116.2726589154
 30
0.0
 10
215.159312097
 20
116.2816836545
 30
0.0
 10
215.2236014423
 20
116.297006291
 30
0.0
 10
215.3353075606
 20
116.3144848343
 30
0.0
 10
215.4753128553
 20
116.3292961218
 30
0.0
 10
215.5779650733
 20
116.3369462061
 30
0.0
 10
215.633606704
 20
116.3405713111
 30
0.0
  0
SPLINE
  5
A44
100
AcDbEntity
  8
0
100
AcDbSpline
 62
7
  6
CONTINUOUS
 70
0
 71
3
 72
10
 73
6
 74
0
 42
0.0000001
 43
0.0000001
 44
0.0000000001
 40
0.0
 40
0.0
 40
0.0
 40
0.0
 40
0.6123941087
 40
0.836293663
 40
1.0
 40
1.0
 40
1.0
 40
1.0
 10
215.625614425
 20
115.0829889758
 30
0.0
 10
215.5266894256
 20
115.0701400022
 30
0.0
 10
215.3915853681
 20
115.0526606094
 30
0.0
 10
215.2301681977
 20
115.0307829922
 30
0.0
 10
215.1676778499
 20
115.021716618
 30
0.0
 10
215.141355622
 20
115.0174426831
 30
0.0
  0
SPLINE
  5
A45
100
AcDbEntity
  8
0
100
AcDbSpline
 62
7
  6
CONTINUOUS
 70
0
 71
3
 72
11
 73
7
 74
0
 42
0.0000001
 43
0.0000001
 44
0.0000000001
 40
0.0
 40
0.0
 40
0.0
 40
0.0
 40
0.1665974711
 40
0.3905153845
 40
0.6698613976
 40
1.0
 40
1.0
 40
1.0
 40
1.0
 10
215.1396039569
 20
115.2720994427
 30
0.0
 10
215.1654535301
 20
115.2811396057
 30
0.0
 10
215.2280556077
 20
115.2963243192
 30
0.0
 10
215.3368284017
 20
115.3135060022
 30
0.0
 10
215.4731401239
 20
115.3277411926
 30
0.0
 10
215.5730722465
 20
115.3349385412
 30
0.0
 10
215.6272368253
 20
115.3382730991
 30
0.0
  0
SPLINE
  5
A46
100
AcDbEntity
  8
0
100
AcDbSpline
 62
7
  6
CONTINUOUS
 70
0
 71
3
 72
10
 73
6
 74
0
 42
0.0000001
 43
0.0000001
 44
0.0000000001
 40
0.0
 40
0.0
 40
0.0
 40
0.0
 40
0.6123850776
 40
0.8363411046
 40
1.0
 40
1.0
 40
1.0
 40
1.0
 10
215.6192624397
 20
114.0835062969
 30
0.0
 10
215.5230851452
 20
114.0706520615
 30
0.0
 10
215.3917035638
 20
114.0533260814
 30
0.0
 10
215.2346734214
 20
114.0321690364
 30
0.0
 10
215.1738531624
 20
114.0236056888
 30
0.0
 10
215.1482186958
 20
114.0196902249
 30
0.0
  0
SPLINE
  5
A47
100
AcDbEntity
  8
0
100
AcDbSpline
 62
7
  6
CONTINUOUS
 70
0
 71
3
 72
11
 73
7
 74
0
 42
0.0000001
 43
0.0000001
 44
0.0000000001
 40
0.0
 40
0.0
 40
0.0
 40
0.0
 40
0.1668338106
 40
0.3908922542
 40
0.6700694099
 40
1.0
 40
1.0
 40
1.0
 40
1.0
 10
215.146486098
 20
114.2715749783
 30
0.0
 10
215.1715910236
 20
114.2806170236
 30
0.0
 10
215.2325217779
 20
114.2956692166
 30
0.0
 10
215.338381393
 20
114.3124496272
 30
0.0
 10
215.4709890388
 20
114.3262289985
 30
0.0
 10
215.5681859401
 20
114.3329534127
 30
0.0
 10
215.6208671417
 20
114.3360056088
 30
0.0
  0
SPLINE
  5
A48
100
AcDbEntity
  8
0
100
AcDbSpline
 62
7
  6
CONTINUOUS
 70
0
 71
3
 72
11
 73
7
 74
0
 42
0.0000001
 43
0.0000001
 44
0.0000000001
 40
0.0
 40
0.0
 40
0.0
 40
0.0
 40
0.1670799552
 40
0.3912048894
 40
0.6702326047
 40
1.0
 40
1.0
 40
1.0
 40
1.0
 10
215.1533679979
 20
113.2710855996
 30
0.0
 10
215.1777300012
 20
113.2801164641
 30
0.0
 10
215.2369779456
 20
113.2950185615
 30
0.0
 10
215.3399090817
 20
113.3114419448
 30
0.0
 10
215.4688203997
 20
113.3247088905
 30
0.0
 10
215.5632921311
 20
113.3309893659
 30
0.0
 10
215.6144976545
 20
113.3337690068
 30
0.0
  0
SPLINE
  5
A49
100
AcDbEntity
  8
0
100
AcDbSpline
 62
7
  6
CONTINUOUS
 70
0
 71
3
 72
9
 73
5
 74
0
 42
0.0000001
 43
0.0000001
 44
0.0000000001
 40
0.0
 40
0.0
 40
0.0
 40
0.0
 40
0.6125613449
 40
1.0
 40
1.0
 40
1.0
 40
1.0
 10
215.612910232
 20
113.0839886232
 30
0.0
 10
215.5194504774
 20
113.0711448124
 30
0.0
 10
215.3668422589
 20
113.0504500295
 30
0.0
 10
215.2141485971
 20
113.0303567034
 30
0.0
 10
215.1550819796
 20
113.0219072389
 30
0.0
  0
SPLINE
  5
A4A
100
AcDbEntity
  8
0
100
AcDbSpline
 62
7
  6
CONTINUOUS
 70
0
 71
3
 72
9
 73
5
 74
0
 42
0.0000001
 43
0.0000001
 44
0.0000000001
 40
0.0
 40
0.0
 40
0.0
 40
0.0
 40
0.6125687679
 40
1.0
 40
1.0
 40
1.0
 40
1.0
 10
215.6065578014
 20
112.0844358739
 30
0.0
 10
215.515839954
 20
112.0716264373
 30
0.0
 10
215.3676701278
 20
112.0512451623
 30
0.0
 10
215.2193827703
 20
112.0317507189
 30
0.0
 10
215.1619454745
 20
112.0240935582
 30
0.0
  0
SPLINE
  5
A4B
100
AcDbEntity
  8
0
100
AcDbSpline
 62
7
  6
CONTINUOUS
 70
0
 71
3
 72
12
 73
8
 74
0
 42
0.0000001
 43
0.0000001
 44
0.0000000001
 40
0.0
 40
0.0
 40
0.0
 40
0.0
 40
0.0766248289
 40
0.167490448
 40
0.3913959176
 40
0.6704232297
 40
1.0
 40
1.0
 40
1.0
 40
1.0
 10
215.1602496558
 20
112.270631381
 30
0.0
 10
215.1710672459
 20
112.2747555167
 30
0.0
 10
215.1952341679
 20
112.282398818
 30
0.0
 10
215.2527508799
 20
112.2962436064
 30
0.0
 10
215.3414399059
 20
112.3105153847
 30
0.0
 10
215.4666137104
 20
112.3231347174
 30
0.0
 10
215.5583969941
 20
112.3290462241
 30
0.0
 10
215.6081283647
 20
112.3315634577
 30
0.0
  0
SPLINE
  5
A4C
100
AcDbEntity
  8
0
100
AcDbSpline
 62
7
  6
CONTINUOUS
 70
0
 71
3
 72
9
 73
5
 74
0
 42
0.0000001
 43
0.0000001
 44
0.0000000001
 40
0.0
 40
0.0
 40
0.0
 40
0.0
 40
0.6123556206
 40
1.0
 40
1.0
 40
1.0
 40
1.0
 10
215.6002051474
 20
111.0848479712
 30
0.0
 10
215.5122589608
 20
111.0720987322
 30
0.0
 10
215.3685166809
 20
111.0521297674
 30
0.0
 10
215.2246398572
 20
111.0331473256
 30
0.0
 10
215.1688091818
 20
111.0262490173
 30
0.0
  0
SPLINE
  5
A4D
100
AcDbEntity
  8
0
100
AcDbSpline
 62
7
  6
CONTINUOUS
 70
0
 71
3
 72
11
 73
7
 74
0
 42
0.0000001
 43
0.0000001
 44
0.0000000001
 40
0.0
 40
0.0
 40
0.0
 40
0.0
 40
0.1675832874
 40
0.3918157209
 40
0.6705461561
 40
1.0
 40
1.0
 40
1.0
 40
1.0
 10
215.1671310715
 20
111.2702123936
 30
0.0
 10
215.1900113791
 20
111.2791759662
 30
0.0
 10
215.2458903935
 20
111.2937266718
 30
0.0
 10
215.3429585636
 20
111.3094214008
 30
0.0
 10
215.4644772864
 20
111.3216897241
 30
0.0
 10
215.5535032197
 20
111.327123609
 30
0.0
 10
215.6017592732
 20
111.3293891245
 30
0.0
  0
SPLINE
  5
A4E
100
AcDbEntity
  8
0
100
AcDbSpline
 62
7
  6
CONTINUOUS
 70
0
 71
3
 72
10
 73
6
 74
0
 42
0.0000001
 43
0.0000001
 44
0.0000000001
 40
0.0
 40
0.0
 40
0.0
 40
0.0
 40
0.6123290458
 40
0.8364785926
 40
1.0
 40
1.0
 40
1.0
 40
1.0
 10
215.5938522695
 20
110.0852248407
 30
0.0
 10
215.508647266
 20
110.072553728
 30
0.0
 10
215.3921335797
 20
110.0560198715
 30
0.0
 10
215.2526547517
 20
110.0376823029
 30
0.0
 10
215.1985296287
 20
110.0309747794
 30
0.0
 10
215.1756731024
 20
110.0283734526
 30
0.0
  0
SPLINE
  5
A4F
100
AcDbEntity
  8
0
100
AcDbSpline
 62
7
  6
CONTINUOUS
 70
0
 71
3
 72
11
 73
7
 74
0
 42
0.0000001
 43
0.0000001
 44
0.0000000001
 40
0.0
 40
0.0
 40
0.0
 40
0.0
 40
0.1678465794
 40
0.3921339033
 40
0.6707128317
 40
1.0
 40
1.0
 40
1.0
 40
1.0
 10
215.1740122443
 20
110.2698287054
 30
0.0
 10
215.1961557705
 20
110.2787343632
 30
0.0
 10
215.2503498237
 20
110.2930888639
 30
0.0
 10
215.3444867669
 20
110.3084098581
 30
0.0
 10
215.462308343
 20
110.320188705
 30
0.0
 10
215.5486105713
 20
110.3252210304
 30
0.0
 10
215.5953903811
 20
110.3272461685
 30
0.0
  0
SPLINE
  5
A50
100
AcDbEntity
  8
0
100
AcDbSpline
 62
7
  6
CONTINUOUS
 70
0
 71
3
 72
9
 73
5
 74
0
 42
0.0000001
 43
0.0000001
 44
0.0000000001
 40
0.0
 40
0.0
 40
0.0
 40
0.0
 40
0.4378127747
 40
1.0
 40
1.0
 40
1.0
 40
1.0
 10
215.2703616519
 20
109.2942419967
 30
0.0
 10
215.3162505256
 20
109.3031846279
 30
0.0
 10
215.4224273474
 20
109.3163020965
 30
0.0
 10
215.5290353391
 20
109.3227557176
 30
0.0
 10
215.5890216895
 20
109.3251347491
 30
0.0
  0
SPLINE
  5
A51
100
AcDbEntity
  8
0
100
AcDbSpline
 62
7
  6
CONTINUOUS
 70
0
 71
3
 72
9
 73
5
 74
0
 42
0.0000001
 43
0.0000001
 44
0.0000000001
 40
0.0
 40
0.0
 40
0.0
 40
0.0
 40
0.5718110248
 40
1.0
 40
1.0
 40
1.0
 40
1.0
 10
215.0795972125
 20
123.9958693163
 30
0.0
 10
215.067891966
 20
123.9930112287
 30
0.0
 10
215.0475391193
 20
123.9875464685
 30
0.0
 10
215.0276345862
 20
123.9804137438
 30
0.0
 10
215.0194713852
 20
123.9765703048
 30
0.0
  0
SPLINE
  5
A52
100
AcDbEntity
  8
0
100
AcDbSpline
 62
7
  6
CONTINUOUS
 70
0
 71
3
 72
9
 73
5
 74
0
 42
0.0000001
 43
0.0000001
 44
0.0000000001
 40
0.0
 40
0.0
 40
0.0
 40
0.0
 40
0.5757866842
 40
1.0
 40
1.0
 40
1.0
 40
1.0
 10
215.0864584497
 20
122.9983838617
 30
0.0
 10
215.0743582367
 20
122.9955333157
 30
0.0
 10
215.0534614259
 20
122.9901087351
 30
0.0
 10
215.033007181
 20
122.9829438664
 30
0.0
 10
215.0247206222
 20
122.9790427461
 30
0.0
  0
SPLINE
  5
A53
100
AcDbEntity
  8
0
100
AcDbSpline
 62
7
  6
CONTINUOUS
 70
0
 71
3
 72
9
 73
5
 74
0
 42
0.0000001
 43
0.0000001
 44
0.0000000001
 40
0.0
 40
0.0
 40
0.0
 40
0.0
 40
0.5796798866
 40
1.0
 40
1.0
 40
1.0
 40
1.0
 10
215.0933198862
 20
122.0008694438
 30
0.0
 10
215.0808267284
 20
121.9980352679
 30
0.0
 10
215.0593942819
 20
121.9926654219
 30
0.0
 10
215.0383933423
 20
121.9854876973
 30
0.0
 10
215.0299892499
 20
121.9815312102
 30
0.0
  0
SPLINE
  5
A54
100
AcDbEntity
  8
0
100
AcDbSpline
 62
7
  6
CONTINUOUS
 70
0
 71
3
 72
11
 73
7
 74
0
 42
0.0000001
 43
0.0000001
 44
0.0000000001
 40
0.0
 40
0.0
 40
0.0
 40
0.0
 40
0.3454659884
 40
0.4770687321
 40
0.6296045261
 40
1.0
 40
1.0
 40
1.0
 40
1.0
 10
215.0804532745
 20
111.2046435519
 30
0.0
 10
215.0803747889
 20
111.2175458068
 30
0.0
 10
215.0956407692
 20
111.2328773108
 30
0.0
 10
215.1147751117
 20
111.245546276
 30
0.0
 10
215.1363210244
 20
111.2574791602
 30
0.0
 10
215.154250656
 20
111.2651663715
 30
0.0
 10
215.1671310715
 20
111.2702123936
 30
0.0
  0
SPLINE
  5
A55
100
AcDbEntity
  8
0
100
AcDbSpline
 62
7
  6
CONTINUOUS
 70
0
 71
3
 72
9
 73
5
 74
0
 42
0.0000001
 43
0.0000001
 44
0.0000000001
 40
0.0
 40
0.0
 40
0.0
 40
0.0
 40
0.5836463755
 40
1.0
 40
1.0
 40
1.0
 40
1.0
 10
215.1001815231
 20
121.003325884
 30
0.0
 10
215.0873123846
 20
121.0005202821
 30
0.0
 10
215.0653837657
 20
120.9952256709
 30
0.0
 10
215.0438710099
 20
120.9880612019
 30
0.0
 10
215.0353695822
 20
120.9840597864
 30
0.0
  0
SPLINE
  5
A56
100
AcDbEntity
  8
0
100
AcDbSpline
 62
7
  6
CONTINUOUS
 70
0
 71
3
 72
9
 73
5
 74
0
 42
0.0000001
 43
0.0000001
 44
0.0000000001
 40
0.0
 40
0.0
 40
0.0
 40
0.0
 40
0.587521584
 40
1.0
 40
1.0
 40
1.0
 40
1.0
 10
215.1070433617
 20
120.0057530047
 30
0.0
 10
215.0937992338
 20
120.0029845359
 30
0.0
 10
215.0713801338
 20
119.9977778044
 30
0.0
 10
215.0493554033
 20
119.9906452639
 30
0.0
 10
215.0407604741
 20
119.9866002395
 30
0.0
  0
SPLINE
  5
A57
100
AcDbEntity
  8
0
100
AcDbSpline
 62
7
  6
CONTINUOUS
 70
0
 71
3
 72
9
 73
5
 74
0
 42
0.0000001
 43
0.0000001
 44
0.0000000001
 40
0.0
 40
0.0
 40
0.0
 40
0.0
 40
0.5913611052
 40
1.0
 40
1.0
 40
1.0
 40
1.0
 10
215.1139054032
 20
119.0081506295
 30
0.0
 10
215.1002922276
 20
119.0054289346
 30
0.0
 10
215.0773986782
 20
119.0003241303
 30
0.0
 10
215.0548722513
 20
118.9932444654
 30
0.0
 10
215.0461922572
 20
118.9891597918
 30
0.0
  0
SPLINE
  5
A58
100
AcDbEntity
  8
0
100
AcDbSpline
 62
7
  6
CONTINUOUS
 70
0
 71
3
 72
9
 73
5
 74
0
 42
0.0000001
 43
0.0000001
 44
0.0000000001
 40
0.0
 40
0.0
 40
0.0
 40
0.0
 40
0.5951647645
 40
1.0
 40
1.0
 40
1.0
 40
1.0
 10
215.1207676488
 20
118.0105185832
 30
0.0
 10
215.1067906282
 20
118.0078530846
 30
0.0
 10
215.0834371955
 20
118.0028632218
 30
0.0
 10
215.0604176048
 20
117.9958572049
 30
0.0
 10
215.0516600704
 20
117.9917364017
 30
0.0
  0
SPLINE
  5
A59
100
AcDbEntity
  8
0
100
AcDbSpline
 62
7
  6
CONTINUOUS
 70
0
 71
3
 72
12
 73
8
 74
0
 42
0.0000001
 43
0.0000001
 44
0.0000000001
 40
0.0
 40
0.0
 40
0.0
 40
0.0
 40
0.1287299981
 40
0.2169281582
 40
0.3261183964
 40
0.6139601569
 40
1.0
 40
1.0
 40
1.0
 40
1.0
 10
215.0090452052
 20
122.2299279001
 30
0.0
 10
215.0090058529
 20
122.234150572
 30
0.0
 10
215.0128543707
 20
122.2410673094
 30
0.0
 10
215.0209111648
 20
122.2479747745
 30
0.0
 10
215.0344088995
 20
122.2565832668
 30
0.0
 10
215.0581319124
 20
122.2666691686
 30
0.0
 10
215.0792343632
 20
122.2733077551
 30
0.0
 10
215.0914222586
 20
122.2767462133
 30
0.0
  0
SPLINE
  5
A5A
100
AcDbEntity
  8
0
100
AcDbSpline
 62
7
  6
CONTINUOUS
 70
0
 71
3
 72
9
 73
5
 74
0
 42
0.0000001
 43
0.0000001
 44
0.0000000001
 40
0.0
 40
0.0
 40
0.0
 40
0.0
 40
0.5989336615
 40
1.0
 40
1.0
 40
1.0
 40
1.0
 10
215.1276300996
 20
117.0128566916
 30
0.0
 10
215.1132935705
 20
117.0102565562
 30
0.0
 10
215.0894932245
 20
117.0053937542
 30
0.0
 10
215.0659870251
 20
116.9984822794
 30
0.0
 10
215.0571586134
 20
116.9943283564
 30
0.0
  0
SPLINE
  5
A5B
100
AcDbEntity
  8
0
100
AcDbSpline
 62
7
  6
CONTINUOUS
 70
0
 71
3
 72
9
 73
5
 74
0
 42
0.0000001
 43
0.0000001
 44
0.0000000001
 40
0.0
 40
0.0
 40
0.0
 40
0.0
 40
0.602678974
 40
1.0
 40
1.0
 40
1.0
 40
1.0
 10
215.134492757
 20
116.015164782
 30
0.0
 10
215.1198007763
 20
116.0126390062
 30
0.0
 10
215.0955663717
 20
116.0079141051
 30
0.0
 10
215.071579911
 20
116.0011178341
 30
0.0
 10
215.0626871128
 20
115.9969338523
 30
0.0
  0
SPLINE
  5
A5C
100
AcDbEntity
  8
0
100
AcDbSpline
 62
7
  6
CONTINUOUS
 70
0
 71
3
 72
10
 73
6
 74
0
 42
0.0000001
 43
0.0000001
 44
0.0000000001
 40
0.0
 40
0.0
 40
0.0
 40
0.0
 40
0.6061405466
 40
0.8289607295
 40
1.0
 40
1.0
 40
1.0
 40
1.0
 10
215.141355622
 20
115.0174426831
 30
0.0
 10
215.1263112839
 20
115.014999937
 30
0.0
 10
215.1057585032
 20
115.0113129507
 30
0.0
 10
215.0814700364
 20
115.0047777776
 30
0.0
 10
215.0721321514
 20
115.0013823696
 30
0.0
 10
215.0682405695
 20
114.9995514633
 30
0.0
  0
SPLINE
  5
A5D
100
AcDbEntity
  8
0
100
AcDbSpline
 62
7
  6
CONTINUOUS
 70
0
 71
3
 72
11
 73
7
 74
0
 42
0.0000001
 43
0.0000001
 44
0.0000000001
 40
0.0
 40
0.0
 40
0.0
 40
0.0
 40
0.343221423
 40
0.4749120317
 40
0.627833577
 40
1.0
 40
1.0
 40
1.0
 40
1.0
 10
215.0740508476
 20
112.2068249439
 30
0.0
 10
215.0739734912
 20
112.219473373
 30
0.0
 10
215.089225657
 20
112.2344043714
 30
0.0
 10
215.108152806
 20
112.2466798286
 30
0.0
 10
215.1296022196
 20
112.258294761
 30
0.0
 10
215.1474340527
 20
112.2657455159
 30
0.0
 10
215.1602496558
 20
112.270631381
 30
0.0
  0
SPLINE
  5
A5E
100
AcDbEntity
  8
0
100
AcDbSpline
 62
7
  6
CONTINUOUS
 70
0
 71
3
 72
10
 73
6
 74
0
 42
0.0000001
 43
0.0000001
 44
0.0000000001
 40
0.0
 40
0.0
 40
0.0
 40
0.0
 40
0.6098424662
 40
0.8317487137
 40
1.0
 40
1.0
 40
1.0
 40
1.0
 10
215.1482186958
 20
114.0196902249
 30
0.0
 10
215.1328244148
 20
114.0173388692
 30
0.0
 10
215.1118442908
 20
114.0137892187
 30
0.0
 10
215.0871229433
 20
114.0073662517
 30
0.0
 10
215.0777040577
 20
114.0040090013
 30
0.0
 10
215.0738164105
 20
114.0021799211
 30
0.0
  0
SPLINE
  5
A5F
100
AcDbEntity
  8
0
100
AcDbSpline
 62
7
  6
CONTINUOUS
 70
0
 71
3
 72
12
 73
8
 74
0
 42
0.0000001
 43
0.0000001
 44
0.0000000001
 40
0.0
 40
0.0
 40
0.0
 40
0.0
 40
0.1267386938
 40
0.2145363652
 40
0.3237177027
 40
0.6124246833
 40
1.0
 40
1.0
 40
1.0
 40
1.0
 10
215.0024493632
 20
123.232364841
 30
0.0
 10
215.0024106536
 20
123.2364733677
 30
0.0
 10
215.0063013833
 20
123.2432011648
 30
0.0
 10
215.0143161293
 20
123.2498282425
 30
0.0
 10
215.027800093
 20
123.2581377354
 30
0.0
 10
215.051432475
 20
123.2678362849
 30
0.0
 10
215.0724190181
 20
123.2742321472
 30
0.0
 10
215.0845382076
 20
123.2775483261
 30
0.0
  0
SPLINE
  5
A60
100
AcDbEntity
  8
0
100
AcDbSpline
 62
7
  6
CONTINUOUS
 70
0
 71
3
 72
10
 73
6
 74
0
 42
0.0000001
 43
0.0000001
 44
0.0000000001
 40
0.0
 40
0.0
 40
0.0
 40
0.0
 40
0.6135497595
 40
0.8345550522
 40
1.0
 40
1.0
 40
1.0
 40
1.0
 10
215.1550819796
 20
113.0219072389
 30
0.0
 10
215.1393396973
 20
113.0196553095
 30
0.0
 10
215.1179363436
 20
113.0162533636
 30
0.0
 10
215.0927890042
 20
113.0099565203
 30
0.0
 10
215.0832932822
 20
113.0066438951
 30
0.0
 10
215.079413141
 20
113.0048183142
 30
0.0
  0
SPLINE
  5
A61
100
AcDbEntity
  8
0
100
AcDbSpline
 62
7
  6
CONTINUOUS
 70
0
 71
3
 72
10
 73
6
 74
0
 42
0.0000001
 43
0.0000001
 44
0.0000000001
 40
0.0
 40
0.0
 40
0.0
 40
0.0
 40
0.6172810643
 40
0.8373935279
 40
1.0
 40
1.0
 40
1.0
 40
1.0
 10
215.1619454745
 20
112.0240935582
 30
0.0
 10
215.1458562241
 20
112.0219486456
 30
0.0
 10
215.1240327296
 20
112.0187041699
 30
0.0
 10
215.0984655846
 20
112.0125469095
 30
0.0
 10
215.0888971486
 20
112.0092856211
 30
0.0
 10
215.0850282245
 20
112.0074652424
 30
0.0
  0
SPLINE
  5
A62
100
AcDbEntity
  8
0
100
AcDbSpline
 62
7
  6
CONTINUOUS
 70
0
 71
3
 72
10
 73
6
 74
0
 42
0.0000001
 43
0.0000001
 44
0.0000000001
 40
0.0
 40
0.0
 40
0.0
 40
0.0
 40
0.6210500409
 40
0.8402720513
 40
1.0
 40
1.0
 40
1.0
 40
1.0
 10
215.1688091818
 20
111.0262490173
 30
0.0
 10
215.1523735532
 20
111.0242182693
 30
0.0
 10
215.1301325896
 20
111.0211406842
 30
0.0
 10
215.1041516486
 20
111.0151365132
 30
0.0
 10
215.0945146814
 20
111.0119337103
 30
0.0
 10
215.0906607667
 20
111.0101203306
 30
0.0
  0
SPLINE
  5
A63
100
AcDbEntity
  8
0
100
AcDbSpline
 62
7
  6
CONTINUOUS
 70
0
 71
3
 72
10
 73
6
 74
0
 42
0.0000001
 43
0.0000001
 44
0.0000000001
 40
0.0
 40
0.0
 40
0.0
 40
0.0
 40
0.6248815254
 40
0.8432075197
 40
1.0
 40
1.0
 40
1.0
 40
1.0
 10
215.1756731024
 20
110.0283734526
 30
0.0
 10
215.1588906694
 20
110.0264634252
 30
0.0
 10
215.1362338846
 20
110.0235617372
 30
0.0
 10
215.1098446317
 20
110.017724162
 30
0.0
 10
215.1001435407
 20
110.014587495
 30
0.0
 10
215.0963087488
 20
110.0127829586
 30
0.0
  0
SPLINE
  5
A64
100
AcDbEntity
  8
0
100
AcDbSpline
 62
7
  6
CONTINUOUS
 70
0
 71
3
 72
12
 73
8
 74
0
 42
0.0000001
 43
0.0000001
 44
0.0000000001
 40
0.0
 40
0.0
 40
0.0
 40
0.0
 40
0.1246131639
 40
0.2117571984
 40
0.3207634994
 40
0.6105834368
 40
1.0
 40
1.0
 40
1.0
 40
1.0
 10
214.9958526461
 20
124.2348182702
 30
0.0
 10
214.9957967828
 20
124.2388129353
 30
0.0
 10
214.9996776828
 20
124.2453731177
 30
0.0
 10
215.0076258532
 20
124.2517396583
 30
0.0
 10
215.0210978934
 20
124.259753711
 30
0.0
 10
215.0446860993
 20
124.2690273699
 30
0.0
 10
215.0655874176
 20
124.2751810033
 30
0.0
 10
215.0776539208
 20
124.2783847218
 30
0.0
  0
SPLINE
  5
A65
100
AcDbEntity
  8
0
100
AcDbSpline
 62
7
  6
CONTINUOUS
 70
0
 71
3
 72
9
 73
5
 74
0
 42
0.0000001
 43
0.0000001
 44
0.0000000001
 40
0.0
 40
0.0
 40
0.0
 40
0.0
 40
0.5725237502
 40
1.0
 40
1.0
 40
1.0
 40
1.0
 10
219.6947124288
 20
123.691680731
 30
0.0
 10
219.7065694984
 20
123.6945499247
 30
0.0
 10
219.7271611464
 20
123.7000336314
 30
0.0
 10
219.7473016727
 20
123.7072155009
 30
0.0
 10
219.7555426235
 20
123.7110954097
 30
0.0
  0
SPLINE
  5
A66
100
AcDbEntity
  8
0
100
AcDbSpline
 62
7
  6
CONTINUOUS
 70
0
 71
3
 72
11
 73
7
 74
0
 42
0.0000001
 43
0.0000001
 44
0.0000000001
 40
0.0
 40
0.0
 40
0.0
 40
0.0
 40
0.3409324427
 40
0.4727187282
 40
0.626037443
 40
1.0
 40
1.0
 40
1.0
 40
1.0
 10
215.0676313551
 20
113.2090319781
 30
0.0
 10
215.0675553569
 20
113.2214304572
 30
0.0
 10
215.0828004659
 20
113.2359604312
 30
0.0
 10
215.1015231954
 20
113.2478452773
 30
0.0
 10
215.1228801264
 20
113.2591426823
 30
0.0
 10
215.1406160368
 20
113.2663585158
 30
0.0
 10
215.1533679979
 20
113.2710855996
 30
0.0
  0
SPLINE
  5
A67
100
AcDbEntity
  8
0
100
AcDbSpline
 62
7
  6
CONTINUOUS
 70
0
 71
3
 72
12
 73
8
 74
0
 42
0.0000001
 43
0.0000001
 44
0.0000000001
 40
0.0
 40
0.0
 40
0.0
 40
0.0
 40
0.1258973459
 40
0.2134536896
 40
0.3225864827
 40
0.6118487762
 40
1.0
 40
1.0
 40
1.0
 40
1.0
 10
219.7754048015
 20
123.4554144168
 30
0.0
 10
219.7754097703
 20
123.4513239348
 30
0.0
 10
219.7714629677
 20
123.4446542498
 30
0.0
 10
219.7634096358
 20
123.4380985283
 30
0.0
 10
219.7498219234
 20
123.4298731387
 30
0.0
 10
219.7260411236
 20
123.4203054414
 30
0.0
 10
219.704951465
 20
123.4139617471
 30
0.0
 10
219.6927794343
 20
123.4106623418
 30
0.0
  0
SPLINE
  5
A68
100
AcDbEntity
  8
0
100
AcDbSpline
 62
7
  6
CONTINUOUS
 70
0
 71
3
 72
9
 73
5
 74
0
 42
0.0000001
 43
0.0000001
 44
0.0000000001
 40
0.0
 40
0.0
 40
0.0
 40
0.0
 40
0.5764675362
 40
1.0
 40
1.0
 40
1.0
 40
1.0
 10
219.6878165731
 20
122.6891624523
 30
0.0
 10
219.7000857447
 20
122.6920249168
 30
0.0
 10
219.7212484782
 20
122.6974750937
 30
0.0
 10
219.7419680381
 20
122.7046927725
 30
0.0
 10
219.7503421874
 20
122.7086364073
 30
0.0
  0
SPLINE
  5
A69
100
AcDbEntity
  8
0
100
AcDbSpline
 62
7
  6
CONTINUOUS
 70
0
 71
3
 72
12
 73
8
 74
0
 42
0.0000001
 43
0.0000001
 44
0.0000000001
 40
0.0
 40
0.0
 40
0.0
 40
0.0
 40
0.127866523
 40
0.2158227371
 40
0.3249700385
 40
0.6133639693
 40
1.0
 40
1.0
 40
1.0
 40
1.0
 10
219.7688359501
 20
122.4578462551
 30
0.0
 10
219.7688426229
 20
122.4536424312
 30
0.0
 10
219.7649395768
 20
122.4467811881
 30
0.0
 10
219.7568385766
 20
122.4399497081
 30
0.0
 10
219.7432324647
 20
122.4314287033
 30
0.0
 10
219.7193567279
 20
122.4214743201
 30
0.0
 10
219.698148775
 20
122.4148886867
 30
0.0
 10
219.6859064407
 20
122.4114677484
 30
0.0
  0
SPLINE
  5
A6A
100
AcDbEntity
  8
0
100
AcDbSpline
 62
7
  6
CONTINUOUS
 70
0
 71
3
 72
10
 73
6
 74
0
 42
0.0000001
 43
0.0000001
 44
0.0000000001
 40
0.0
 40
0.0
 40
0.0
 40
0.0
 40
0.338684506
 40
0.6241252225
 40
1.0
 40
1.0
 40
1.0
 40
1.0
 10
215.0611939587
 20
114.211263645
 30
0.0
 10
215.0611191962
 20
114.2234161705
 30
0.0
 10
215.0809483779
 20
114.2418005537
 30
0.0
 10
215.1113992319
 20
114.2579434118
 30
0.0
 10
215.1337968258
 20
114.267004681
 30
0.0
 10
215.146486098
 20
114.2715749783
 30
0.0
  0
SPLINE
  5
A6B
100
AcDbEntity
  8
0
100
AcDbSpline
 62
7
  6
CONTINUOUS
 70
0
 71
3
 72
9
 73
5
 74
0
 42
0.0000001
 43
0.0000001
 44
0.0000000001
 40
0.0
 40
0.0
 40
0.0
 40
0.0
 40
0.5804475604
 40
1.0
 40
1.0
 40
1.0
 40
1.0
 10
219.68092092
 20
121.6866736304
 30
0.0
 10
219.6935603411
 20
121.6895111828
 30
0.0
 10
219.7152153028
 20
121.694886249
 30
0.0
 10
219.7364379594
 20
121.7020990502
 30
0.0
 10
219.7449096078
 20
121.7060867976
 30
0.0
  0
SPLINE
  5
A6C
100
AcDbEntity
  8
0
100
AcDbSpline
 62
7
  6
CONTINUOUS
 70
0
 71
3
 72
12
 73
8
 74
0
 42
0.0000001
 43
0.0000001
 44
0.0000000001
 40
0.0
 40
0.0
 40
0.0
 40
0.0
 40
0.1298265213
 40
0.2181193968
 40
0.3271549246
 40
0.6146751359
 40
1.0
 40
1.0
 40
1.0
 40
1.0
 10
219.7622499748
 20
121.4602690809
 30
0.0
 10
219.7622358995
 20
121.4559504085
 30
0.0
 10
219.758373838
 20
121.4489173284
 30
0.0
 10
219.7502556181
 20
121.4417855904
 30
0.0
 10
219.7366567473
 20
121.4329443691
 30
0.0
 10
219.7126813639
 20
121.4226100168
 30
0.0
 10
219.69134996
 20
121.4157879954
 30
0.0
 10
219.6790332118
 20
121.4122389473
 30
0.0
  0
SPLINE
  5
A6D
100
AcDbEntity
  8
0
100
AcDbSpline
 62
7
  6
CONTINUOUS
 70
0
 71
3
 72
12
 73
8
 74
0
 42
0.0000001
 43
0.0000001
 44
0.0000000001
 40
0.0
 40
0.0
 40
0.0
 40
0.0
 40
0.131778489
 40
0.2208304302
 40
0.3302670312
 40
0.6169266307
 40
1.0
 40
1.0
 40
1.0
 40
1.0
 10
219.7557686708
 20
120.4626304762
 30
0.0
 10
219.7557495046
 20
120.4581949657
 30
0.0
 10
219.7518429541
 20
120.450983904
 30
0.0
 10
219.7436202385
 20
120.4436172766
 30
0.0
 10
219.7299603422
 20
120.4345059868
 30
0.0
 10
219.7059354374
 20
120.4237436906
 30
0.0
 10
219.6845194341
 20
120.4166488988
 30
0.0
 10
219.6721597469
 20
120.4129758338
 30
0.0
  0
SPLINE
  5
A6E
100
AcDbEntity
  8
0
100
AcDbSpline
 62
7
  6
CONTINUOUS
 70
0
 71
3
 72
12
 73
8
 74
0
 42
0.0000001
 43
0.0000001
 44
0.0000000001
 40
0.0
 40
0.0
 40
0.0
 40
0.0
 40
0.1415145929
 40
0.2329090118
 40
0.3429474967
 40
0.6260725144
 40
1.0
 40
1.0
 40
1.0
 40
1.0
 10
215.0547379268
 20
115.2135190745
 30
0.0
 10
215.0547062902
 20
115.2185816922
 30
0.0
 10
215.0584148803
 20
115.226834531
 30
0.0
 10
215.0668580664
 20
115.2356780638
 30
0.0
 10
215.0806282815
 20
115.2463491097
 30
0.0
 10
215.105046287
 20
115.2591619973
 30
0.0
 10
215.1269765478
 20
115.2676833607
 30
0.0
 10
215.1396039569
 20
115.2720994427
 30
0.0
  0
SPLINE
  5
A6F
100
AcDbEntity
  8
0
100
AcDbSpline
 62
7
  6
CONTINUOUS
 70
0
 71
3
 72
9
 73
5
 74
0
 42
0.0000001
 43
0.0000001
 44
0.0000000001
 40
0.0
 40
0.0
 40
0.0
 40
0.0
 40
0.5847260773
 40
1.0
 40
1.0
 40
1.0
 40
1.0
 10
219.6740254708
 20
120.684214442
 30
0.0
 10
219.6870717462
 20
120.6870267585
 30
0.0
 10
219.7092586891
 20
120.6923393703
 30
0.0
 10
219.7310347563
 20
120.6995402367
 30
0.0
 10
219.7396090679
 20
120.7035800247
 30
0.0
  0
SPLINE
  5
A70
100
AcDbEntity
  8
0
100
AcDbSpline
 62
7
  6
CONTINUOUS
 70
0
 71
3
 72
12
 73
8
 74
0
 42
0.0000001
 43
0.0000001
 44
0.0000000001
 40
0.0
 40
0.0
 40
0.0
 40
0.0
 40
0.1336247578
 40
0.2231191071
 40
0.3326550452
 40
0.6186084141
 40
1.0
 40
1.0
 40
1.0
 40
1.0
 10
219.7492520268
 20
119.4649909058
 30
0.0
 10
219.7492306443
 20
119.4604378767
 30
0.0
 10
219.745345918
 20
119.4530377509
 30
0.0
 10
219.7370677095
 20
119.4453976246
 30
0.0
 10
219.7233717064
 20
119.435992918
 30
0.0
 10
219.6992465793
 20
119.4248434639
 30
0.0
 10
219.6777108927
 20
119.4174866374
 30
0.0
 10
219.6652860453
 20
119.4136783058
 30
0.0
  0
SPLINE
  5
A71
100
AcDbEntity
  8
0
100
AcDbSpline
 62
7
  6
CONTINUOUS
 70
0
 71
3
 72
9
 73
5
 74
0
 42
0.0000001
 43
0.0000001
 44
0.0000000001
 40
0.0
 40
0.0
 40
0.0
 40
0.0
 40
0.5882312322
 40
1.0
 40
1.0
 40
1.0
 40
1.0
 10
219.6671302266
 20
119.6817850626
 30
0.0
 10
219.6805251826
 20
119.6845511152
 30
0.0
 10
219.7031721827
 20
119.6897540927
 30
0.0
 10
219.7254271761
 20
119.6969117432
 30
0.0
 10
219.734090235
 20
119.7009887118
 30
0.0
  0
SPLINE
  5
A72
100
AcDbEntity
  8
0
100
AcDbSpline
 62
7
  6
CONTINUOUS
 70
0
 71
3
 72
12
 73
8
 74
0
 42
0.0000001
 43
0.0000001
 44
0.0000000001
 40
0.0
 40
0.0
 40
0.0
 40
0.0
 40
0.1354413339
 40
0.2253944706
 40
0.3350551465
 40
0.6203412732
 40
1.0
 40
1.0
 40
1.0
 40
1.0
 10
219.7427474046
 20
118.4673306053
 30
0.0
 10
219.7427226203
 20
118.4626583546
 30
0.0
 10
219.7388546885
 20
118.4550686378
 30
0.0
 10
219.7305188622
 20
118.4471537757
 30
0.0
 10
219.7167814783
 20
118.4374558012
 30
0.0
 10
219.692555084
 20
118.4259185316
 30
0.0
 10
219.6709001174
 20
118.4182937977
 30
0.0
 10
219.6584121062
 20
118.4143462641
 30
0.0
  0
SPLINE
  5
A73
100
AcDbEntity
  8
0
100
AcDbSpline
 62
7
  6
CONTINUOUS
 70
0
 71
3
 72
9
 73
5
 74
0
 42
0.0000001
 43
0.0000001
 44
0.0000000001
 40
0.0
 40
0.0
 40
0.0
 40
0.0
 40
0.5920679641
 40
1.0
 40
1.0
 40
1.0
 40
1.0
 10
219.6602351886
 20
118.6793856663
 30
0.0
 10
219.6739992722
 20
118.6821014204
 30
0.0
 10
219.6971187029
 20
118.6871968853
 30
0.0
 10
219.7198750769
 20
118.6942951535
 30
0.0
 10
219.7286212769
 20
118.6984109545
 30
0.0
  0
SPLINE
  5
A74
100
AcDbEntity
  8
0
100
AcDbSpline
 62
7
  6
CONTINUOUS
 70
0
 71
3
 72
12
 73
8
 74
0
 42
0.0000001
 43
0.0000001
 44
0.0000000001
 40
0.0
 40
0.0
 40
0.0
 40
0.0
 40
0.1371591812
 40
0.2273523434
 40
0.336962534
 40
0.6217070513
 40
1.0
 40
1.0
 40
1.0
 40
1.0
 10
219.7362276153
 20
117.4696613357
 30
0.0
 10
219.7362095292
 20
117.4648687593
 30
0.0
 10
219.7324166179
 20
117.4570724655
 30
0.0
 10
219.7240480012
 20
117.4488643315
 30
0.0
 10
219.7102737823
 20
117.4388700479
 30
0.0
 10
219.6859060973
 20
117.4269699788
 30
0.0
 10
219.6641054999
 20
117.4190758955
 30
0.0
 10
219.6515379291
 20
117.4149796123
 30
0.0
  0
SPLINE
  5
A75
100
AcDbEntity
  8
0
100
AcDbSpline
 62
7
  6
CONTINUOUS
 70
0
 71
3
 72
9
 73
5
 74
0
 42
0.0000001
 43
0.0000001
 44
0.0000000001
 40
0.0
 40
0.0
 40
0.0
 40
0.0
 40
0.5958747171
 40
1.0
 40
1.0
 40
1.0
 40
1.0
 10
219.6533403581
 20
117.677016426
 30
0.0
 10
219.6674679574
 20
117.6796723095
 30
0.0
 10
219.6910443147
 20
117.6846473418
 30
0.0
 10
219.714292693
 20
117.6916651601
 30
0.0
 10
219.7231141496
 20
117.6958160355
 30
0.0
  0
SPLINE
  5
A76
100
AcDbEntity
  8
0
100
AcDbSpline
 62
7
  6
CONTINUOUS
 70
0
 71
3
 72
12
 73
8
 74
0
 42
0.0000001
 43
0.0000001
 44
0.0000000001
 40
0.0
 40
0.0
 40
0.0
 40
0.0
 40
0.1389356019
 40
0.2298182044
 40
0.3397850327
 40
0.6238665406
 40
1.0
 40
1.0
 40
1.0
 40
1.0
 10
219.7297956521
 20
116.4719386449
 30
0.0
 10
219.7297645243
 20
116.4670239085
 30
0.0
 10
219.7259174634
 20
116.4590509681
 30
0.0
 10
219.7174549987
 20
116.4505895386
 30
0.0
 10
219.7036153087
 20
116.4403077637
 30
0.0
 10
219.6791748773
 20
116.4279943256
 30
0.0
 10
219.6572763451
 20
116.4198159244
 30
0.0
 10
219.6446635133
 20
116.4155782567
 30
0.0
  0
SPLINE
  5
A77
100
AcDbEntity
  8
0
100
AcDbSpline
 62
7
  6
CONTINUOUS
 70
0
 71
3
 72
12
 73
8
 74
0
 42
0.0000001
 43
0.0000001
 44
0.0000000001
 40
0.0
 40
0.0
 40
0.0
 40
0.0
 40
0.1406112514
 40
0.2319566422
 40
0.342095793
 40
0.6256324901
 40
1.0
 40
1.0
 40
1.0
 40
1.0
 10
219.7233470501
 20
115.4742105693
 30
0.0
 10
219.7233139116
 20
115.4691725367
 30
0.0
 10
219.7194731001
 20
115.4610049041
 30
0.0
 10
219.7109426495
 20
115.4522701253
 30
0.0
 10
219.6970428535
 20
115.4416964322
 30
0.0
 10
219.6724884914
 20
115.428993854
 30
0.0
 10
219.6504644767
 20
115.4205302634
 30
0.0
 10
219.6377888581
 20
115.4161421066
 30
0.0
  0
SPLINE
  5
A78
100
AcDbEntity
  8
0
100
AcDbSpline
 62
7
  6
CONTINUOUS
 70
0
 71
3
 72
12
 73
8
 74
0
 42
0.0000001
 43
0.0000001
 44
0.0000000001
 40
0.0
 40
0.0
 40
0.0
 40
0.0
 40
0.1398203267
 40
0.230743249
 40
0.3406051886
 40
0.6242802149
 40
1.0
 40
1.0
 40
1.0
 40
1.0
 10
215.0482630631
 20
116.2157971662
 30
0.0
 10
215.0482309418
 20
116.2207354444
 30
0.0
 10
215.0519481204
 20
116.2287927275
 30
0.0
 10
215.0603268362
 20
116.2373598037
 30
0.0
 10
215.0740400016
 20
116.247737217
 30
0.0
 10
215.0983480742
 20
116.2601590739
 30
0.0
 10
215.1201553735
 20
116.2683939864
 30
0.0
 10
215.1327215749
 20
116.2726589154
 30
0.0
  0
SPLINE
  5
A79
100
AcDbEntity
  8
0
100
AcDbSpline
 62
7
  6
CONTINUOUS
 70
0
 71
3
 72
9
 73
5
 74
0
 42
0.0000001
 43
0.0000001
 44
0.0000000001
 40
0.0
 40
0.0
 40
0.0
 40
0.0
 40
0.5999469469
 40
1.0
 40
1.0
 40
1.0
 40
1.0
 10
219.6464457362
 20
116.6746775131
 30
0.0
 10
219.6609514633
 20
116.6772676897
 30
0.0
 10
219.684989696
 20
116.6821182693
 30
0.0
 10
219.7087446986
 20
116.6890376007
 30
0.0
 10
219.7176329105
 20
116.6932259679
 30
0.0
  0
SPLINE
  5
A7A
100
AcDbEntity
  8
0
100
AcDbSpline
 62
7
  6
CONTINUOUS
 70
0
 71
3
 72
12
 73
8
 74
0
 42
0.0000001
 43
0.0000001
 44
0.0000000001
 40
0.0
 40
0.0
 40
0.0
 40
0.0
 40
0.1422449516
 40
0.2340517209
 40
0.344372753
 40
0.6273957686
 40
1.0
 40
1.0
 40
1.0
 40
1.0
 10
219.7169156168
 20
114.476461367
 30
0.0
 10
219.7168809673
 20
114.4712984989
 30
0.0
 10
219.7130439624
 20
114.4629339864
 30
0.0
 10
219.7044429415
 20
114.4539247571
 30
0.0
 10
219.6904776004
 20
114.4430585883
 30
0.0
 10
219.6658047398
 20
114.4299662241
 30
0.0
 10
219.6436527685
 20
114.4212127638
 30
0.0
 10
219.630913963
 20
114.4166710741
 30
0.0
  0
SPLINE
  5
A7B
100
AcDbEntity
  8
0
100
AcDbSpline
 62
7
  6
CONTINUOUS
 70
0
 71
3
 72
9
 73
5
 74
0
 42
0.0000001
 43
0.0000001
 44
0.0000000001
 40
0.0
 40
0.0
 40
0.0
 40
0.0
 40
0.6034002155
 40
1.0
 40
1.0
 40
1.0
 40
1.0
 10
219.6395513241
 20
115.6723690978
 30
0.0
 10
219.6543935231
 20
115.6748778187
 30
0.0
 10
219.6788452471
 20
115.6795773181
 30
0.0
 10
219.7030589283
 20
115.6863710898
 30
0.0
 10
219.7120113452
 20
115.6905831055
 30
0.0
  0
SPLINE
  5
A7C
100
AcDbEntity
  8
0
100
AcDbSpline
 62
7
  6
CONTINUOUS
 70
0
 71
3
 72
12
 73
8
 74
0
 42
0.0000001
 43
0.0000001
 44
0.0000000001
 40
0.0
 40
0.0
 40
0.0
 40
0.0
 40
0.1438303168
 40
0.2360898931
 40
0.3465977481
 40
0.6291382339
 40
1.0
 40
1.0
 40
1.0
 40
1.0
 10
219.7105020708
 20
113.4786889268
 30
0.0
 10
219.7104667308
 20
113.4733999449
 30
0.0
 10
219.706631916
 20
113.4648364179
 30
0.0
 10
219.6979576588
 20
113.4555523883
 30
0.0
 10
219.6839215509
 20
113.4443934329
 30
0.0
 10
219.6591249636
 20
113.4309106723
 30
0.0
 10
219.6368418732
 20
113.4218630336
 30
0.0
 10
219.6240388274
 20
113.4171650744
 30
0.0
  0
SPLINE
  5
A7D
100
AcDbEntity
  8
0
100
AcDbSpline
 62
7
  6
CONTINUOUS
 70
0
 71
3
 72
10
 73
6
 74
0
 42
0.0000001
 43
0.0000001
 44
0.0000000001
 40
0.0
 40
0.0
 40
0.0
 40
0.0
 40
0.6068680482
 40
0.8295091998
 40
1.0
 40
1.0
 40
1.0
 40
1.0
 10
219.6326571229
 20
114.6700913484
 30
0.0
 10
219.6478518158
 20
114.672513331
 30
0.0
 10
219.6686005175
 20
114.6761728976
 30
0.0
 10
219.6931061303
 20
114.6827049436
 30
0.0
 10
219.7025104447
 20
114.6861079508
 30
0.0
 10
219.7064217768
 20
114.687948196
 30
0.0
  0
SPLINE
  5
A7E
100
AcDbEntity
  8
0
100
AcDbSpline
 62
7
  6
CONTINUOUS
 70
0
 71
3
 72
10
 73
6
 74
0
 42
0.0000001
 43
0.0000001
 44
0.0000000001
 40
0.0
 40
0.0
 40
0.0
 40
0.0
 40
0.3425354469
 40
0.6273270028
 40
1.0
 40
1.0
 40
1.0
 40
1.0
 10
219.7041052057
 20
112.480893459
 30
0.0
 10
219.7040201258
 20
112.4682526
 30
0.0
 10
219.6839227109
 20
112.4491790746
 30
0.0
 10
219.6527723747
 20
112.4320643096
 30
0.0
 10
219.6300309905
 20
112.4224800885
 30
0.0
 10
219.6171634507
 20
112.4176240258
 30
0.0
  0
SPLINE
  5
A7F
100
AcDbEntity
  8
0
100
AcDbSpline
 62
7
  6
CONTINUOUS
 70
0
 71
3
 72
10
 73
6
 74
0
 42
0.0000001
 43
0.0000001
 44
0.0000000001
 40
0.0
 40
0.0
 40
0.0
 40
0.0
 40
0.6105864134
 40
0.8323139554
 40
1.0
 40
1.0
 40
1.0
 40
1.0
 10
219.6257631338
 20
113.6678444319
 30
0.0
 10
219.641307795
 20
113.6701712961
 30
0.0
 10
219.6624831558
 20
113.6736885946
 30
0.0
 10
219.6874198172
 20
113.6801026148
 30
0.0
 10
219.6969033887
 20
113.6834649764
 30
0.0
 10
219.7008092873
 20
113.6853026613
 30
0.0
  0
SPLINE
  5
A80
100
AcDbEntity
  8
0
100
AcDbSpline
 62
7
  6
CONTINUOUS
 70
0
 71
3
 72
10
 73
6
 74
0
 42
0.0000001
 43
0.0000001
 44
0.0000000001
 40
0.0
 40
0.0
 40
0.0
 40
0.0
 40
0.3447605285
 40
0.6290815898
 40
1.0
 40
1.0
 40
1.0
 40
1.0
 10
219.6977263817
 20
111.4830724138
 30
0.0
 10
219.6976395696
 20
111.4701787491
 30
0.0
 10
219.6775381754
 20
111.450614307
 30
0.0
 10
219.6460868826
 20
111.4329486651
 30
0.0
 10
219.6232215394
 20
111.4230636928
 30
0.0
 10
219.6102878324
 20
111.4180478494
 30
0.0
  0
SPLINE
  5
A81
100
AcDbEntity
  8
0
100
AcDbSpline
 62
7
  6
CONTINUOUS
 70
0
 71
3
 72
10
 73
6
 74
0
 42
0.0000001
 43
0.0000001
 44
0.0000000001
 40
0.0
 40
0.0
 40
0.0
 40
0.0
 40
0.3469276118
 40
0.6307960086
 40
1.0
 40
1.0
 40
1.0
 40
1.0
 10
219.6913640158
 20
110.4852252027
 30
0.0
 10
219.6912754055
 20
110.4720754207
 30
0.0
 10
219.6711629934
 20
110.4520202626
 30
0.0
 10
219.6394074874
 20
110.4338006286
 30
0.0
 10
219.6164137785
 20
110.4236131233
 30
0.0
 10
219.6034119719
 20
110.4184364695
 30
0.0
  0
SPLINE
  5
A82
100
AcDbEntity
  8
0
100
AcDbSpline
 62
7
  6
CONTINUOUS
 70
0
 71
3
 72
12
 73
8
 74
0
 42
0.0000001
 43
0.0000001
 44
0.0000000001
 40
0.0
 40
0.0
 40
0.0
 40
0.0
 40
0.1380855685
 40
0.2285387781
 40
0.3382366665
 40
0.6224953322
 40
1.0
 40
1.0
 40
1.0
 40
1.0
 10
215.0417719124
 20
117.218095054
 30
0.0
 10
215.0417388436
 20
117.2229106163
 30
0.0
 10
215.045467137
 20
117.2307746174
 30
0.0
 10
215.0537836299
 20
117.239066814
 30
0.0
 10
215.0674452377
 20
117.2491512597
 30
0.0
 10
215.0916475387
 20
117.2611827112
 30
0.0
 10
215.1133339553
 20
117.2691362079
 30
0.0
 10
215.1258389527
 20
117.2732533161
 30
0.0
  0
SPLINE
  5
A83
100
AcDbEntity
  8
0
100
AcDbSpline
 62
7
  6
CONTINUOUS
 70
0
 71
3
 72
10
 73
6
 74
0
 42
0.0000001
 43
0.0000001
 44
0.0000000001
 40
0.0
 40
0.0
 40
0.0
 40
0.0
 40
0.6143203992
 40
0.8351450661
 40
1.0
 40
1.0
 40
1.0
 40
1.0
 10
219.6188693579
 20
112.6656285137
 30
0.0
 10
219.6347625142
 20
112.6678523171
 30
0.0
 10
219.6563609546
 20
112.6712168926
 30
0.0
 10
219.6817221839
 20
112.6774987274
 30
0.0
 10
219.6912808115
 20
112.6808138624
 30
0.0
 10
219.6951775222
 20
112.6826473953
 30
0.0
  0
SPLINE
  5
A84
100
AcDbEntity
  8
0
100
AcDbSpline
 62
7
  6
CONTINUOUS
 70
0
 71
3
 72
11
 73
7
 74
0
 42
0.0000001
 43
0.0000001
 44
0.0000000001
 40
0.0
 40
0.0
 40
0.0
 40
0.0
 40
0.3488509805
 40
0.4804511065
 40
0.6324802928
 40
1.0
 40
1.0
 40
1.0
 40
1.0
 10
219.685013931
 20
109.4873526704
 30
0.0
 10
219.6849264975
 20
109.4739469352
 30
0.0
 10
219.6693850075
 20
109.4580562933
 30
0.0
 10
219.6497287359
 20
109.4447174166
 30
0.0
 10
219.6278319749
 20
109.4322421916
 30
0.0
 10
219.6096112504
 20
109.4241289161
 30
0.0
 10
219.5965358687
 20
109.4187898138
 30
0.0
  0
SPLINE
  5
A85
100
AcDbEntity
  8
0
100
AcDbSpline
 62
7
  6
CONTINUOUS
 70
0
 71
3
 72
10
 73
6
 74
0
 42
0.0000001
 43
0.0000001
 44
0.0000000001
 40
0.0
 40
0.0
 40
0.0
 40
0.0
 40
0.6180760665
 40
0.8380050086
 40
1.0
 40
1.0
 40
1.0
 40
1.0
 10
219.6119757964
 20
111.6634437572
 30
0.0
 10
219.6282158067
 20
111.6655568815
 30
0.0
 10
219.6502333822
 20
111.6687591466
 30
0.0
 10
219.6760120748
 20
111.6748952939
 30
0.0
 10
219.6856414352
 20
111.6781561544
 30
0.0
 10
219.689525327
 20
111.6799835457
 30
0.0
  0
SPLINE
  5
A86
100
AcDbEntity
  8
0
100
AcDbSpline
 62
7
  6
CONTINUOUS
 70
0
 71
3
 72
10
 73
6
 74
0
 42
0.0000001
 43
0.0000001
 44
0.0000000001
 40
0.0
 40
0.0
 40
0.0
 40
0.0
 40
0.6218858567
 40
0.8409170426
 40
1.0
 40
1.0
 40
1.0
 40
1.0
 10
219.6050824503
 20
110.6612903243
 30
0.0
 10
219.6216694836
 20
110.6632858153
 30
0.0
 10
219.6441043328
 20
110.666316267
 30
0.0
 10
219.6702950457
 20
110.6722929342
 30
0.0
 10
219.6799908112
 20
110.6754922036
 30
0.0
 10
219.683857795
 20
110.6773117569
 30
0.0
  0
SPLINE
  5
A87
100
AcDbEntity
  8
0
100
AcDbSpline
 62
7
  6
CONTINUOUS
 70
0
 71
3
 72
10
 73
6
 74
0
 42
0.0000001
 43
0.0000001
 44
0.0000000001
 40
0.0
 40
0.0
 40
0.0
 40
0.0
 40
0.625772524
 40
0.8438975042
 40
1.0
 40
1.0
 40
1.0
 40
1.0
 10
219.5981893208
 20
109.6591683751
 30
0.0
 10
219.6151242131
 20
109.6610398524
 30
0.0
 10
219.6379750417
 20
109.663889578
 30
0.0
 10
219.6645722741
 20
109.6696930738
 30
0.0
 10
219.6743297481
 20
109.6728227769
 30
0.0
 10
219.6781753829
 20
109.6746326064
 30
0.0
  0
SPLINE
  5
A88
100
AcDbEntity
  8
0
100
AcDbSpline
 62
7
  6
CONTINUOUS
 70
0
 71
3
 72
12
 73
8
 74
0
 42
0.0000001
 43
0.0000001
 44
0.0000000001
 40
0.0
 40
0.0
 40
0.0
 40
0.0
 40
0.1362972805
 40
0.2262779606
 40
0.33582578
 40
0.6207113637
 40
1.0
 40
1.0
 40
1.0
 40
1.0
 10
215.0352610696
 20
118.2204152177
 30
0.0
 10
215.0352259232
 20
118.2251092734
 30
0.0
 10
215.0389681317
 20
118.2327821223
 30
0.0
 10
215.047226
 20
118.2407985741
 30
0.0
 10
215.0608423848
 20
118.2505896394
 30
0.0
 10
215.0849437873
 20
118.2622313073
 30
0.0
 10
215.1065119741
 20
118.2699093975
 30
0.0
 10
215.1189560908
 20
118.2738825611
 30
0.0
  0
SPLINE
  5
A89
100
AcDbEntity
  8
0
100
AcDbSpline
 62
7
  6
CONTINUOUS
 70
0
 71
3
 72
11
 73
7
 74
0
 42
0.0000001
 43
0.0000001
 44
0.0000000001
 40
0.0
 40
0.0
 40
0.0
 40
0.0
 40
0.3476714519
 40
0.4791905888
 40
0.631348521
 40
1.0
 40
1.0
 40
1.0
 40
1.0
 10
215.0868386715
 20
110.2024891029
 30
0.0
 10
215.0867601638
 20
110.2156491283
 30
0.0
 10
215.1020463342
 20
110.231380254
 30
0.0
 10
215.1213902502
 20
110.2444460806
 30
0.0
 10
215.1430362764
 20
110.2566972818
 30
0.0
 10
215.1610656521
 20
110.2646218599
 30
0.0
 10
215.1740122443
 20
110.2698287054
 30
0.0
  0
SPLINE
  5
A8A
100
AcDbEntity
  8
0
100
AcDbSpline
 62
7
  6
CONTINUOUS
 70
0
 71
3
 72
12
 73
8
 74
0
 42
0.0000001
 43
0.0000001
 44
0.0000000001
 40
0.0
 40
0.0
 40
0.0
 40
0.0
 40
0.1344673697
 40
0.2239827861
 40
0.3334009374
 40
0.6189553401
 40
1.0
 40
1.0
 40
1.0
 40
1.0
 10
215.0287326681
 20
119.2227585262
 30
0.0
 10
215.0286956775
 20
119.2273325559
 30
0.0
 10
215.0324562418
 20
119.2348155155
 30
0.0
 10
215.0406588141
 20
119.2425559752
 30
0.0
 10
215.0542361499
 20
119.25205296
 30
0.0
 10
215.0782397107
 20
119.2633049813
 30
0.0
 10
215.0996907014
 20
119.2707134867
 30
0.0
 10
215.1120729898
 20
119.2745465642
 30
0.0
  0
SPLINE
  5
A8B
100
AcDbEntity
  8
0
100
AcDbSpline
 62
7
  6
CONTINUOUS
 70
0
 71
3
 72
12
 73
8
 74
0
 42
0.0000001
 43
0.0000001
 44
0.0000000001
 40
0.0
 40
0.0
 40
0.0
 40
0.0
 40
0.1325972408
 40
0.2216587167
 40
0.3309714902
 40
0.6172388895
 40
1.0
 40
1.0
 40
1.0
 40
1.0
 10
215.0221878537
 20
120.2251246118
 30
0.0
 10
215.0221495342
 20
120.2295801
 30
0.0
 10
215.0259334567
 20
120.2368740067
 30
0.0
 10
215.0340838926
 20
120.2443381449
 30
0.0
 10
215.0476282419
 20
120.2535402712
 30
0.0
 10
215.0715362438
 20
120.2644030442
 30
0.0
 10
215.092870571
 20
120.2715481539
 30
0.0
 10
215.1051896503
 20
120.2752452358
 30
0.0
  0
SPLINE
  5
A8C
100
AcDbEntity
  8
0
100
AcDbSpline
 62
7
  6
CONTINUOUS
 70
0
 71
3
 72
36
 73
32
 74
0
 42
0.0000001
 43
0.0000001
 44
0.0000000001
 40
0.0
 40
0.0
 40
0.0
 40
0.0
 40
0.0013746294
 40
0.0023038857
 40
0.0034479138
 40
0.0064487465
 40
0.0104568875
 40
0.0154966446
 40
0.0215702844
 40
0.0286723322
 40
0.0367939995
 40
0.0560398952
 40
0.0791521822
 40
0.1059454929
 40
0.136186769
 40
0.1696214939
 40
0.2059569324
 40
0.2860560176
 40
0.3737094023
 40
0.465875252
 40
0.5593528784
 40
0.6508954827
 40
0.7373243189
 40
0.8156407661
 40
0.8831331498
 40
0.9120776357
 40
0.9374776272
 40
0.959124093
 40
0.9768347429
 40
0.9904844462
 40
1.0
 40
1.0
 40
1.0
 40
1.0
 10
220.3382001445
 20
110.1941599515
 30
0.0
 10
220.3381983196
 20
110.1914575258
 30
0.0
 10
220.3357894809
 20
110.1870571003
 30
0.0
 10
220.3307080474
 20
110.182642362
 30
0.0
 10
220.3222798966
 20
110.1772040301
 30
0.0
 10
220.3075104445
 20
110.170830145
 30
0.0
 10
220.2849473223
 20
110.163576113
 30
0.0
 10
220.2561078557
 20
110.1562963946
 30
0.0
 10
220.2210509776
 20
110.1489631629
 30
0.0
 10
220.1798282419
 20
110.1416060457
 30
0.0
 10
220.1128674197
 20
110.1311732984
 30
0.0
 10
220.0144301602
 20
110.1184640279
 30
0.0
 10
219.8792682668
 20
110.1038306838
 30
0.0
 10
219.722385759
 20
110.0891521885
 30
0.0
 10
219.5451379087
 20
110.0744262215
 30
0.0
 10
219.3490747202
 20
110.059677527
 30
0.0
 10
219.0551451339
 20
110.0393184634
 30
0.0
 10
218.6546954266
 20
110.0143608366
 30
0.0
 10
218.1445468014
 20
109.9851861529
 30
0.0
 10
217.6080589686
 20
109.9559653183
 30
0.0
 10
217.0639151918
 20
109.9267291017
 30
0.0
 10
216.531065347
 20
109.8975125377
 30
0.0
 10
216.0280629501
 20
109.8683628376
 30
0.0
 10
215.572422591
 20
109.8393155504
 30
0.0
 10
215.2297760278
 20
109.8142003966
 30
0.0
 10
214.9911453887
 20
109.7935141262
 30
0.0
 10
214.8424663489
 20
109.7788492753
 30
0.0
 10
214.7159981345
 20
109.764253602
 30
0.0
 10
214.6127578541
 20
109.7498117495
 30
0.0
 10
214.5337039363
 20
109.7355143242
 30
0.0
 10
214.4893624125
 20
109.7245008342
 30
0.0
 10
214.4717544887
 20
109.7181834065
 30
0.0
  0
SPLINE
  5
A8D
100
AcDbEntity
  8
0
100
AcDbSpline
 62
7
  6
CONTINUOUS
 70
0
 71
3
 72
9
 73
5
 74
0
 42
0.0000001
 43
0.0000001
 44
0.0000000001
 40
0.0
 40
0.0
 40
0.0
 40
0.0
 40
0.2715377232
 40
1.0
 40
1.0
 40
1.0
 40
1.0
 10
214.4717544887
 20
109.7181834065
 30
0.0
 10
214.4704668815
 20
109.7177214346
 30
0.0
 10
214.4657411174
 20
109.7159766654
 30
0.0
 10
214.4610789116
 20
109.7140509156
 30
0.0
 10
214.4577565798
 20
109.712491977
 30
0.0
  0
SPLINE
  5
A8E
100
AcDbEntity
  8
0
100
AcDbSpline
 62
7
  6
CONTINUOUS
 70
0
 71
3
 72
11
 73
7
 74
0
 42
0.0000001
 43
0.0000001
 44
0.0000000001
 40
0.0
 40
0.0
 40
0.0
 40
0.0
 40
0.1647386163
 40
0.3886145797
 40
0.6685578773
 40
1.0
 40
1.0
 40
1.0
 40
1.0
 10
219.6927794343
 20
123.4106623418
 30
0.0
 10
219.6609656714
 20
123.4020387603
 30
0.0
 10
219.5846549182
 20
123.3865151384
 30
0.0
 10
219.4523053211
 20
123.3670394502
 30
0.0
 10
219.2862395685
 20
123.34800978
 30
0.0
 10
219.1644325173
 20
123.3366836831
 30
0.0
 10
219.0983699745
 20
123.3308822225
 30
0.0
  0
SPLINE
  5
A8F
100
AcDbEntity
  8
0
100
AcDbSpline
 62
7
  6
CONTINUOUS
 70
0
 71
3
 72
38
 73
34
 74
0
 42
0.0000001
 43
0.0000001
 44
0.0000000001
 40
0.0
 40
0.0
 40
0.0
 40
0.0
 40
0.0013891322
 40
0.0023327385
 40
0.0034974848
 40
0.0065581613
 40
0.0106476292
 40
0.0157884583
 40
0.0219870067
 40
0.0292379704
 40
0.0375283535
 40
0.057165852
 40
0.0807478634
 40
0.1080685739
 40
0.138895456
 40
0.1729523822
 40
0.2099431045
 40
0.2913804782
 40
0.3803184898
 40
0.47359647
 40
0.5678973187
 40
0.6598671105
 40
0.7462358637
 40
0.8239356773
 40
0.8586601719
 40
0.8902133674
 40
0.9183211993
 40
0.9427347114
 40
0.9632482546
 40
0.9796909799
 40
0.9919496941
 40
0.9964973103
 40
1.0
 40
1.0
 40
1.0
 40
1.0
 10
220.3381924599
 20
111.1941599994
 30
0.0
 10
220.3381948105
 20
111.1914220598
 30
0.0
 10
220.3357268756
 20
111.1869575481
 30
0.0
 10
220.3305331882
 20
111.1825007396
 30
0.0
 10
220.3218933431
 20
111.1769954909
 30
0.0
 10
220.3067624576
 20
111.1705516194
 30
0.0
 10
220.2836619862
 20
111.1632112475
 30
0.0
 10
220.2541420318
 20
111.1558414189
 30
0.0
 10
220.2182546194
 20
111.1484213444
 30
0.0
 10
220.1760521894
 20
111.1409786225
 30
0.0
 10
220.1075200608
 20
111.1304228908
 30
0.0
 10
220.006799394
 20
111.1175579204
 30
0.0
 10
219.8685520012
 20
111.1027565719
 30
0.0
 10
219.7081475444
 20
111.0878978641
 30
0.0
 10
219.5270244849
 20
111.0730009547
 30
0.0
 10
219.3267867806
 20
111.0580731261
 30
0.0
 10
219.0269479219
 20
111.0374836731
 30
0.0
 10
218.619011571
 20
111.0122404537
 30
0.0
 10
218.100196374
 20
110.982725415
 30
0.0
 10
217.5559913985
 20
110.9531650599
 30
0.0
 10
217.0058032893
 20
110.9235912655
 30
0.0
 10
216.469250921
 20
110.894046195
 30
0.0
 10
215.9654673434
 20
110.8645630272
 30
0.0
 10
215.5744641393
 20
110.8392599606
 30
0.0
 10
215.2914416596
 20
110.8185719989
 30
0.0
 10
215.1060070124
 20
110.8036634927
 30
0.0
 10
214.9409620598
 20
110.7887986032
 30
0.0
 10
214.7977746094
 20
110.7739780826
 30
0.0
 10
214.6776945871
 20
110.7592752511
 30
0.0
 10
214.581800653
 20
110.7446677521
 30
0.0
 10
214.5174472401
 20
110.7318704193
 30
0.0
 10
214.4789190378
 20
110.7209682272
 30
0.0
 10
214.464004369
 20
110.7154266879
 30
0.0
 10
214.4577555133
 20
110.7124919106
 30
0.0
  0
SPLINE
  5
A90
100
AcDbEntity
  8
0
100
AcDbSpline
 62
7
  6
CONTINUOUS
 70
0
 71
3
 72
11
 73
7
 74
0
 42
0.0000001
 43
0.0000001
 44
0.0000000001
 40
0.0
 40
0.0
 40
0.0
 40
0.0
 40
0.3318038993
 40
0.6119571624
 40
0.8357772224
 40
1.0
 40
1.0
 40
1.0
 40
1.0
 10
219.096588754
 20
123.6111566538
 30
0.0
 10
219.1630417191
 20
123.6177795873
 30
0.0
 10
219.2855358602
 20
123.6306562209
 30
0.0
 10
219.4525859296
 20
123.650598767
 30
0.0
 10
219.5856931811
 20
123.6697694881
 30
0.0
 10
219.6625864942
 20
123.6839068432
 30
0.0
 10
219.6947124288
 20
123.691680731
 30
0.0
  0
SPLINE
  5
A91
100
AcDbEntity
  8
0
100
AcDbSpline
 62
7
  6
CONTINUOUS
 70
0
 71
3
 72
38
 73
34
 74
0
 42
0.0000001
 43
0.0000001
 44
0.0000000001
 40
0.0
 40
0.0
 40
0.0
 40
0.0
 40
0.0013899316
 40
0.00233347
 40
0.0034973319
 40
0.0065560141
 40
0.0106465395
 40
0.0157893968
 40
0.0219872427
 40
0.0292359644
 40
0.0375270452
 40
0.057166305
 40
0.0807464211
 40
0.1080691177
 40
0.1388939672
 40
0.1729528858
 40
0.2099416658
 40
0.2913791857
 40
0.3803174273
 40
0.4735956992
 40
0.5678968708
 40
0.6598669808
 40
0.7462360085
 40
0.8239360182
 40
0.8586583009
 40
0.8902138025
 40
0.9183192933
 40
0.9427351303
 40
0.9632464348
 40
0.9796912748
 40
0.9919480786
 40
0.9964950699
 40
1.0
 40
1.0
 40
1.0
 40
1.0
 10
220.3381943314
 20
112.1941599338
 30
0.0
 10
220.3381914839
 20
112.1914204188
 30
0.0
 10
220.3357167467
 20
112.186959951
 30
0.0
 10
220.3305251387
 20
112.1825018177
 30
0.0
 10
220.3218932766
 20
112.1769947332
 30
0.0
 10
220.3067672465
 20
112.1705476841
 30
0.0
 10
220.283663122
 20
112.163211276
 30
0.0
 10
220.254137952
 20
112.1558434612
 30
0.0
 10
220.2182527015
 20
112.1484219608
 30
0.0
 10
220.1760551829
 20
112.1409767287
 30
0.0
 10
220.107522201
 20
112.1304234557
 30
0.0
 10
220.0068003527
 20
112.1175593278
 30
0.0
 10
219.8685495916
 20
112.1027547499
 30
0.0
 10
219.7081486223
 20
112.0878995739
 30
0.0
 10
219.5270219696
 20
112.0729993374
 30
0.0
 10
219.3267879253
 20
112.0580744277
 30
0.0
 10
219.0269488235
 20
112.0374823336
 30
0.0
 10
218.6190153799
 20
112.0122408326
 30
0.0
 10
218.1001988214
 20
111.9827252747
 30
0.0
 10
217.5559920808
 20
111.9531650985
 30
0.0
 10
217.0058020514
 20
111.9235912166
 30
0.0
 10
216.4692477744
 20
111.8940463745
 30
0.0
 10
215.9654626147
 20
111.8645625232
 30
0.0
 10
215.5744626207
 20
111.8392616514
 30
0.0
 10
215.291439785
 20
111.8185703552
 30
0.0
 10
215.1060092327
 20
111.803665581
 30
0.0
 10
214.9409601452
 20
111.7887962716
 30
0.0
 10
214.7977766002
 20
111.7739807761
 30
0.0
 10
214.6776928229
 20
111.7592725843
 30
0.0
 10
214.5818023835
 20
111.7446698252
 30
0.0
 10
214.5174494983
 20
111.731872027
 30
0.0
 10
214.478923493
 20
111.720964798
 30
0.0
 10
214.4640044286
 20
111.7154264578
 30
0.0
 10
214.4577505566
 20
111.7124919717
 30
0.0
  0
SPLINE
  5
A92
100
AcDbEntity
  8
0
100
AcDbSpline
 62
7
  6
CONTINUOUS
 70
0
 71
3
 72
11
 73
7
 74
0
 42
0.0000001
 43
0.0000001
 44
0.0000000001
 40
0.0
 40
0.0
 40
0.0
 40
0.0
 40
0.1649994508
 40
0.3888461752
 40
0.6686897182
 40
1.0
 40
1.0
 40
1.0
 40
1.0
 10
219.6859064407
 20
122.4114677484
 30
0.0
 10
219.6548128911
 20
122.4027791184
 30
0.0
 10
219.5802095974
 20
122.3872097272
 30
0.0
 10
219.4507773403
 20
122.3680061301
 30
0.0
 10
219.2884054042
 20
122.349596962
 30
0.0
 10
219.1693033385
 20
122.3388572606
 30
0.0
 10
219.1047093895
 20
122.3333774789
 30
0.0
  0
SPLINE
  5
A93
100
AcDbEntity
  8
0
100
AcDbSpline
 62
7
  6
CONTINUOUS
 70
0
 71
3
 72
11
 73
7
 74
0
 42
0.0000001
 43
0.0000001
 44
0.0000000001
 40
0.0
 40
0.0
 40
0.0
 40
0.0
 40
0.3318179169
 40
0.6120428836
 40
0.8358840521
 40
1.0
 40
1.0
 40
1.0
 40
1.0
 10
219.1029491973
 20
122.6103431021
 30
0.0
 10
219.1679059942
 20
122.6170344417
 30
0.0
 10
219.287653667
 20
122.6300027784
 30
0.0
 10
219.4509830274
 20
122.6497181323
 30
0.0
 10
219.5811436587
 20
122.6683553923
 30
0.0
 10
219.6563638319
 20
122.6818243566
 30
0.0
 10
219.6878165731
 20
122.6891624523
 30
0.0
  0
SPLINE
  5
A94
100
AcDbEntity
  8
0
100
AcDbSpline
 62
7
  6
CONTINUOUS
 70
0
 71
3
 72
38
 73
34
 74
0
 42
0.0000001
 43
0.0000001
 44
0.0000000001
 40
0.0
 40
0.0
 40
0.0
 40
0.0
 40
0.0013895571
 40
0.0023337415
 40
0.0034985965
 40
0.0065584005
 40
0.0106469291
 40
0.0157885708
 40
0.0219882302
 40
0.029238406
 40
0.0375277545
 40
0.0571670065
 40
0.0807474188
 40
0.1080696102
 40
0.1388952059
 40
0.1729532549
 40
0.2099430614
 40
0.2913806362
 40
0.3803188242
 40
0.4735969409
 40
0.5678978758
 40
0.6598676983
 40
0.7462364269
 40
0.823936167
 40
0.8586608221
 40
0.8902137458
 40
0.9183220888
 40
0.942734956
 40
0.9632493833
 40
0.9796910887
 40
0.9919510189
 40
0.9964970756
 40
1.0
 40
1.0
 40
1.0
 40
1.0
 10
220.338198327
 20
113.1941600021
 30
0.0
 10
220.338201131
 20
113.1914212264
 30
0.0
 10
220.3357258375
 20
113.1869565951
 30
0.0
 10
220.3305286117
 20
113.1825019419
 30
0.0
 10
220.3218893078
 20
113.1769963541
 30
0.0
 10
220.3067628131
 20
113.1705511852
 30
0.0
 10
220.2836646114
 20
113.1632096058
 30
0.0
 10
220.2541422192
 20
113.1558415386
 30
0.0
 10
220.2182523376
 20
113.1484225805
 30
0.0
 10
220.1760515948
 20
113.1409785478
 30
0.0
 10
220.1075198329
 20
113.1304213344
 30
0.0
 10
220.0068004846
 20
113.1175599627
 30
0.0
 10
219.868550328
 20
113.1027548976
 30
0.0
 10
219.7081484089
 20
113.0878991807
 30
0.0
 10
219.5270230182
 20
113.0729999469
 30
0.0
 10
219.3267873813
 20
113.0580738616
 30
0.0
 10
219.026947932
 20
113.0374829793
 30
0.0
 10
218.6190127268
 20
113.0122406872
 30
0.0
 10
218.100196726
 20
112.982725366
 30
0.0
 10
217.555991156
 20
112.9531650944
 30
0.0
 10
217.005802749
 20
112.9235912871
 30
0.0
 10
216.4692503967
 20
112.8940462001
 30
0.0
 10
215.965467129
 20
112.8645631183
 30
0.0
 10
215.5744639674
 20
112.8392597924
 30
0.0
 10
215.2914419202
 20
112.8185722365
 30
0.0
 10
215.1060066167
 20
112.8036630809
 30
0.0
 10
214.9409623876
 20
112.7887993735
 30
0.0
 10
214.7977737861
 20
112.773976864
 30
0.0
 10
214.6776947931
 20
112.7592773098
 30
0.0
 10
214.5817998369
 20
112.744664516
 30
0.0
 10
214.5174474018
 20
112.7318746282
 30
0.0
 10
214.4789209704
 20
112.7209666803
 30
0.0
 10
214.4640089789
 20
112.7154259649
 30
0.0
 10
214.4577592622
 20
112.7124919386
 30
0.0
  0
SPLINE
  5
A95
100
AcDbEntity
  8
0
100
AcDbSpline
 62
7
  6
CONTINUOUS
 70
0
 71
3
 72
11
 73
7
 74
0
 42
0.0000001
 43
0.0000001
 44
0.0000000001
 40
0.0
 40
0.0
 40
0.0
 40
0.0
 40
0.3318668951
 40
0.6121187883
 40
0.835912944
 40
1.0
 40
1.0
 40
1.0
 40
1.0
 10
219.1093094224
 20
121.6095639005
 30
0.0
 10
219.1727771352
 20
121.6163195314
 30
0.0
 10
219.2897800539
 20
121.6293433895
 30
0.0
 10
219.4493731525
 20
121.648841484
 30
0.0
 10
219.5765848379
 20
121.6669294931
 30
0.0
 10
219.6501293213
 20
121.6797609108
 30
0.0
 10
219.68092092
 20
121.6866736304
 30
0.0
  0
SPLINE
  5
A96
100
AcDbEntity
  8
0
100
AcDbSpline
 62
7
  6
CONTINUOUS
 70
0
 71
3
 72
11
 73
7
 74
0
 42
0.0000001
 43
0.0000001
 44
0.0000000001
 40
0.0
 40
0.0
 40
0.0
 40
0.0
 40
0.1652102354
 40
0.389062177
 40
0.6688389603
 40
1.0
 40
1.0
 40
1.0
 40
1.0
 10
219.6790332118
 20
121.4122389473
 30
0.0
 10
219.6486727387
 20
121.4034906336
 30
0.0
 10
219.575780588
 20
121.3878869786
 30
0.0
 10
219.4492600609
 20
121.3689772196
 30
0.0
 10
219.2905715088
 20
121.3511755753
 30
0.0
 10
219.1741715964
 20
121.3410032571
 30
0.0
 10
219.1110489893
 20
121.3358436529
 30
0.0
  0
SPLINE
  5
A97
100
AcDbEntity
  8
0
100
AcDbSpline
 62
7
  6
CONTINUOUS
 70
0
 71
3
 72
11
 73
7
 74
0
 42
0.0000001
 43
0.0000001
 44
0.0000000001
 40
0.0
 40
0.0
 40
0.0
 40
0.0
 40
0.1654401793
 40
0.3892930295
 40
0.6689936274
 40
1.0
 40
1.0
 40
1.0
 40
1.0
 10
219.6721597469
 20
120.4129758338
 30
0.0
 10
219.6425318837
 20
120.404170994
 30
0.0
 10
219.5713422892
 20
120.388572737
 30
0.0
 10
219.4477366978
 20
120.369947595
 30
0.0
 10
219.292733344
 20
120.3527494429
 30
0.0
 10
219.1790394555
 20
120.3431227516
 30
0.0
 10
219.117388775
 20
120.3382805664
 30
0.0
  0
SPLINE
  5
A98
100
AcDbEntity
  8
0
100
AcDbSpline
 62
7
  6
CONTINUOUS
 70
0
 71
3
 72
11
 73
7
 74
0
 42
0.0000001
 43
0.0000001
 44
0.0000000001
 40
0.0
 40
0.0
 40
0.0
 40
0.0
 40
0.3318944512
 40
0.6121985015
 40
0.835984466
 40
1.0
 40
1.0
 40
1.0
 40
1.0
 10
219.1156694285
 20
120.608819148
 30
0.0
 10
219.1776441417
 20
120.615632971
 30
0.0
 10
219.291904554
 20
120.628694301
 30
0.0
 10
219.4477726771
 20
120.6479615243
 30
0.0
 10
219.5720394278
 20
120.6655141861
 30
0.0
 10
219.6439061178
 20
120.6777217727
 30
0.0
 10
219.6740254708
 20
120.684214442
 30
0.0
  0
SPLINE
  5
A99
100
AcDbEntity
  8
0
100
AcDbSpline
 62
7
  6
CONTINUOUS
 70
0
 71
3
 72
11
 73
7
 74
0
 42
0.0000001
 43
0.0000001
 44
0.0000000001
 40
0.0
 40
0.0
 40
0.0
 40
0.0
 40
0.1656759572
 40
0.3895292461
 40
0.6691518047
 40
1.0
 40
1.0
 40
1.0
 40
1.0
 10
219.6652860453
 20
119.4136783058
 30
0.0
 10
219.6363925613
 20
119.4048221835
 30
0.0
 10
219.5669006734
 20
119.3892597289
 30
0.0
 10
219.4462121734
 20
119.3709178987
 30
0.0
 10
219.2948933183
 20
119.3543195729
 30
0.0
 10
219.18390724
 20
119.3452166287
 30
0.0
 10
219.1237287478
 20
119.3406880427
 30
0.0
  0
SPLINE
  5
A9A
100
AcDbEntity
  8
0
100
AcDbSpline
 62
7
  6
CONTINUOUS
 70
0
 71
3
 72
11
 73
7
 74
0
 42
0.0000001
 43
0.0000001
 44
0.0000000001
 40
0.0
 40
0.0
 40
0.0
 40
0.0
 40
0.3319181735
 40
0.6122695623
 40
0.8360423583
 40
1.0
 40
1.0
 40
1.0
 40
1.0
 10
219.122029215
 20
119.6081089405
 30
0.0
 10
219.1825106014
 20
119.6149744087
 30
0.0
 10
219.2940289754
 20
119.6280516162
 30
0.0
 10
219.4461715475
 20
119.6470803793
 30
0.0
 10
219.5674958433
 20
119.6640980841
 30
0.0
 10
219.6376836444
 20
119.6757043561
 30
0.0
 10
219.6671302266
 20
119.6817850626
 30
0.0
  0
SPLINE
  5
A9B
100
AcDbEntity
  8
0
100
AcDbSpline
 62
7
  6
CONTINUOUS
 70
0
 71
3
 72
11
 73
7
 74
0
 42
0.0000001
 43
0.0000001
 44
0.0000000001
 40
0.0
 40
0.0
 40
0.0
 40
0.0
 40
0.1659628136
 40
0.3898140206
 40
0.6694411867
 40
1.0
 40
1.0
 40
1.0
 40
1.0
 10
219.6584121062
 20
118.4143462641
 30
0.0
 10
219.6302470017
 20
118.4054431094
 30
0.0
 10
219.5624282149
 20
118.3899982673
 30
0.0
 10
219.4446487999
 20
118.3718769591
 30
0.0
 10
219.2970157556
 20
118.3559251222
 30
0.0
 10
219.1887517839
 20
118.3472840469
 30
0.0
 10
219.1300689088
 20
118.3430659062
 30
0.0
  0
SPLINE
  5
A9C
100
AcDbEntity
  8
0
100
AcDbSpline
 62
7
  6
CONTINUOUS
 70
0
 71
3
 72
38
 73
34
 74
0
 42
0.0000001
 43
0.0000001
 44
0.0000000001
 40
0.0
 40
0.0
 40
0.0
 40
0.0
 40
0.0035026
 40
0.008049803
 40
0.0203089856
 40
0.0367512573
 40
0.0572652039
 40
0.0816783512
 40
0.1097864964
 40
0.1413394331
 40
0.1760641401
 40
0.2537639169
 40
0.3401326472
 40
0.4321024324
 40
0.5264032919
 40
0.6196812997
 40
0.7086193536
 40
0.7900567805
 40
0.827047368
 40
0.8611044885
 40
0.8919311307
 40
0.9192521409
 40
0.9428338104
 40
0.9624717047
 40
0.9707617725
 40
0.9780126235
 40
0.9842116131
 40
0.9893524686
 40
0.9934416243
 40
0.9965021446
 40
0.9976670023
 40
0.9986108275
 40
1.0
 40
1.0
 40
1.0
 40
1.0
 10
220.3186451169
 20
109.975828058
 30
0.0
 10
220.3123963406
 20
109.9728935291
 30
0.0
 10
220.2974828049
 20
109.9673519262
 30
0.0
 10
220.2589549841
 20
109.9564484722
 30
0.0
 10
220.1946019026
 20
109.9436532798
 30
0.0
 10
220.0987074905
 20
109.9290439399
 30
0.0
 10
219.9786280997
 20
109.914342427
 30
0.0
 10
219.8354400862
 20
109.8995209705
 30
0.0
 10
219.6703956937
 20
109.8846567462
 30
0.0
 10
219.4849605806
 20
109.8697477718
 30
0.0
 10
219.201938264
 20
109.8490601782
 30
0.0
 10
218.8109348173
 20
109.8237568681
 30
0.0
 10
218.3071514154
 20
109.7942737752
 30
0.0
 10
217.7705991405
 20
109.7647286808
 30
0.0
 10
217.2204110243
 20
109.735154887
 30
0.0
 10
216.676205944
 20
109.7055945419
 30
0.0
 10
216.1573905603
 20
109.6760794537
 30
0.0
 10
215.7494543174
 20
109.650836387
 30
0.0
 10
215.4496152846
 20
109.6302466934
 30
0.0
 10
215.249377932
 20
109.6153191757
 30
0.0
 10
215.0682544296
 20
109.6004218121
 30
0.0
 10
214.9078504833
 20
109.585563731
 30
0.0
 10
214.7696025015
 20
109.5707615406
 30
0.0
 10
214.6688822458
 20
109.5578974796
 30
0.0
 10
214.6003502527
 20
109.5473412778
 30
0.0
 10
214.5581478795
 20
109.5398981648
 30
0.0
 10
214.5222596181
 20
109.5324787817
 30
0.0
 10
214.4927393175
 20
109.5251090285
 30
0.0
 10
214.4696398547
 20
109.5177682915
 30
0.0
 10
214.4545098963
 20
109.5113240858
 30
0.0
 10
214.4458697246
 20
109.505818811
 30
0.0
 10
214.4406743193
 20
109.5013630905
 30
0.0
 10
214.4382053098
 20
109.4968979527
 30
0.0
 10
214.4382080816
 20
109.4941599344
 30
0.0
  0
SPLINE
  5
A9D
100
AcDbEntity
  8
0
100
AcDbSpline
 62
7
  6
CONTINUOUS
 70
0
 71
3
 72
11
 73
7
 74
0
 42
0.0000001
 43
0.0000001
 44
0.0000000001
 40
0.0
 40
0.0
 40
0.0
 40
0.0
 40
0.3319386877
 40
0.6123354836
 40
0.8360946428
 40
1.0
 40
1.0
 40
1.0
 40
1.0
 10
219.1283887814
 20
118.6074333712
 30
0.0
 10
219.1873767442
 20
118.6143431835
 30
0.0
 10
219.2961542577
 20
118.6274153496
 30
0.0
 10
219.44457231
 20
118.6461979607
 30
0.0
 10
219.5629559148
 20
118.6626834978
 30
0.0
 10
219.6314635332
 20
118.6737088086
 30
0.0
 10
219.6602351886
 20
118.6793856663
 30
0.0
  0
SPLINE
  5
A9E
100
AcDbEntity
  8
0
100
AcDbSpline
 62
7
  6
CONTINUOUS
 70
0
 71
3
 72
11
 73
7
 74
0
 42
0.0000001
 43
0.0000001
 44
0.0000000001
 40
0.0
 40
0.0
 40
0.0
 40
0.0
 40
0.3318337533
 40
0.612328827
 40
0.8360824475
 40
1.0
 40
1.0
 40
1.0
 40
1.0
 10
219.1347481271
 20
117.6067925304
 30
0.0
 10
219.1922215696
 20
117.613736109
 30
0.0
 10
219.2982502826
 20
117.6267622775
 30
0.0
 10
219.4429330354
 20
117.645302609
 30
0.0
 10
219.5584009309
 20
117.6612476549
 30
0.0
 10
219.6252357894
 20
117.6717329762
 30
0.0
 10
219.6533403581
 20
117.677016426
 30
0.0
  0
SPLINE
  5
A9F
100
AcDbEntity
  8
0
100
AcDbSpline
 62
7
  6
CONTINUOUS
 70
0
 71
3
 72
38
 73
34
 74
0
 42
0.0000001
 43
0.0000001
 44
0.0000000001
 40
0.0
 40
0.0
 40
0.0
 40
0.0
 40
0.0035044577
 40
0.0080506111
 40
0.0203086997
 40
0.0367523473
 40
0.057264749
 40
0.0816796215
 40
0.1097859529
 40
0.1413407641
 40
0.1760636027
 40
0.2537634864
 40
0.340132418
 40
0.432102483
 40
0.5264036746
 40
0.6196820334
 40
0.7086204193
 40
0.7900581206
 40
0.8270465651
 40
0.8611060113
 40
0.8919302353
 40
0.9192537361
 40
0.9428329414
 40
0.9624732557
 40
0.9707631759
 40
0.9780119033
 40
0.9842106155
 40
0.9893538445
 40
0.993443259
 40
0.9965017692
 40
0.9976659619
 40
0.9986098578
 40
1.0
 40
1.0
 40
1.0
 40
1.0
 10
220.3186470283
 20
110.9758279925
 30
0.0
 10
220.3123939423
 20
110.9728940295
 30
0.0
 10
220.2974779299
 20
110.9673551452
 30
0.0
 10
220.2589524745
 20
110.9564457402
 30
0.0
 10
220.194600102
 20
110.9436527093
 30
0.0
 10
220.098708143
 20
110.9290454167
 30
0.0
 10
219.9786260094
 20
110.9143406071
 30
0.0
 10
219.8354408963
 20
110.8995226616
 30
0.0
 10
219.6703932986
 20
110.8846551122
 30
0.0
 10
219.4849615341
 20
110.8697490976
 30
0.0
 10
219.2019392412
 20
110.8490587811
 30
0.0
 10
218.8109387884
 20
110.8237572653
 30
0.0
 10
218.3071543321
 20
110.7942736139
 30
0.0
 10
217.7706005043
 20
110.7647287107
 30
0.0
 10
217.2204105625
 20
110.7351548333
 30
0.0
 10
216.6762035318
 20
110.7055946875
 30
0.0
 10
216.1573863663
 20
110.6760790032
 30
0.0
 10
215.749453068
 20
110.6508379114
 30
0.0
 10
215.4496133907
 20
110.6302451824
 30
0.0
 10
215.2493802113
 20
110.6153211058
 30
0.0
 10
215.0682523452
 20
110.6004196375
 30
0.0
 10
214.9078527011
 20
110.5855662183
 30
0.0
 10
214.7696004187
 20
110.5707591405
 30
0.0
 10
214.6688801941
 20
110.5578981564
 30
0.0
 10
214.600347787
 20
110.547342596
 30
0.0
 10
214.5581508571
 20
110.5398974497
 30
0.0
 10
214.5222630374
 20
110.5324764601
 30
0.0
 10
214.4927371791
 20
110.5251103153
 30
0.0
 10
214.4696355109
 20
110.5177715694
 30
0.0
 10
214.4545120724
 20
110.5113240446
 30
0.0
 10
214.4458783655
 20
110.5058178545
 30
0.0
 10
214.4406841683
 20
110.5013606443
 30
0.0
 10
214.4382057148
 20
110.4968999252
 30
0.0
 10
214.4382031462
 20
110.4941599957
 30
0.0
  0
SPLINE
  5
AA0
100
AcDbEntity
  8
0
100
AcDbSpline
 62
7
  6
CONTINUOUS
 70
0
 71
3
 72
11
 73
7
 74
0
 42
0.0000001
 43
0.0000001
 44
0.0000000001
 40
0.0
 40
0.0
 40
0.0
 40
0.0
 40
0.1661889262
 40
0.3900474568
 40
0.6695756478
 40
1.0
 40
1.0
 40
1.0
 40
1.0
 10
219.6515379291
 20
117.4149796123
 30
0.0
 10
219.6241135337
 20
117.4060408849
 30
0.0
 10
219.5579904706
 20
117.3906677179
 30
0.0
 10
219.443131772
 20
117.3728679367
 30
0.0
 10
219.2991824628
 20
117.3574755557
 30
0.0
 10
219.1936251367
 20
117.3493295954
 30
0.0
 10
219.1364092592
 20
117.3454139823
 30
0.0
  0
SPLINE
  5
AA1
100
AcDbEntity
  8
0
100
AcDbSpline
 62
7
  6
CONTINUOUS
 70
0
 71
3
 72
9
 73
5
 74
0
 42
0.0000001
 43
0.0000001
 44
0.0000000001
 40
0.0
 40
0.0
 40
0.0
 40
0.0
 40
0.2333163633
 40
1.0
 40
1.0
 40
1.0
 40
1.0
 10
220.318651105
 20
111.9758280564
 30
0.0
 10
220.3178652788
 20
111.9754589948
 30
0.0
 10
220.314478844
 20
111.9739163066
 30
0.0
 10
220.3110278665
 20
111.9725177495
 30
0.0
 10
220.3083613173
 20
111.971503719
 30
0.0
  0
SPLINE
  5
AA2
100
AcDbEntity
  8
0
100
AcDbSpline
 62
7
  6
CONTINUOUS
 70
0
 71
3
 72
37
 73
33
 74
0
 42
0.0000001
 43
0.0000001
 44
0.0000000001
 40
0.0
 40
0.0
 40
0.0
 40
0.0
 40
0.0040675802
 40
0.0091706566
 40
0.0224856511
 40
0.0398976396
 40
0.0612721192
 40
0.086440431
 40
0.1151843372
 40
0.1823894086
 40
0.260560825
 40
0.3469766424
 40
0.4386215789
 40
0.532295109
 40
0.6247249714
 40
0.7126828896
 40
0.7930989274
 40
0.8295906974
 40
0.8631714403
 40
0.8935531547
 40
0.9204693302
 40
0.9436951716
 40
0.9630312337
 40
0.9711944376
 40
0.978332868
 40
0.9844345276
 40
0.9894969545
 40
0.9935256331
 40
0.9965420288
 40
0.997690627
 40
0.9986225904
 40
1.0
 40
1.0
 40
1.0
 40
1.0
 10
220.3083613173
 20
111.971503719
 30
0.0
 10
220.3008818954
 20
111.9686594579
 30
0.0
 10
220.2836528037
 20
111.9632219629
 30
0.0
 10
220.2407260921
 20
111.952498149
 30
0.0
 10
220.1713407315
 20
111.9397730239
 30
0.0
 10
220.0698731693
 20
111.9252572088
 30
0.0
 10
219.9448959445
 20
111.9106426745
 30
0.0
 10
219.797516024
 20
111.8959399909
 30
0.0
 10
219.5601486432
 20
111.875178457
 30
0.0
 10
219.2185242285
 20
111.8499905627
 30
0.0
 10
218.7634576292
 20
111.8208682094
 30
0.0
 10
218.2602292573
 20
111.7916411593
 30
0.0
 10
217.7264614449
 20
111.7623446845
 30
0.0
 10
217.1808463819
 20
111.7330275728
 30
0.0
 10
216.6424941102
 20
111.7037249606
 30
0.0
 10
216.1302602019
 20
111.6744688479
 30
0.0
 10
215.7280106986
 20
111.6494414155
 30
0.0
 10
215.4326644398
 20
111.6290287297
 30
0.0
 10
215.235598198
 20
111.6142347625
 30
0.0
 10
215.0574251268
 20
111.599470883
 30
0.0
 10
214.899695803
 20
111.5847448682
 30
0.0
 10
214.7637992192
 20
111.5700765913
 30
0.0
 10
214.6648135504
 20
111.5573245128
 30
0.0
 10
214.597476123
 20
111.5468645642
 30
0.0
 10
214.5560163325
 20
111.5394886706
 30
0.0
 10
214.5207644468
 20
111.5321330272
 30
0.0
 10
214.4917657531
 20
111.5248293415
 30
0.0
 10
214.4690713406
 20
111.5175552976
 30
0.0
 10
214.4542082293
 20
111.511168445
 30
0.0
 10
214.4457295015
 20
111.5057125414
 30
0.0
 10
214.440625809
 20
111.5012860542
 30
0.0
 10
214.4382113931
 20
111.4968696801
 30
0.0
 10
214.4382118792
 20
111.4941599623
 30
0.0
  0
SPLINE
  5
AA3
100
AcDbEntity
  8
0
100
AcDbSpline
 62
7
  6
CONTINUOUS
 70
0
 71
3
 72
11
 73
7
 74
0
 42
0.0000001
 43
0.0000001
 44
0.0000000001
 40
0.0
 40
0.0
 40
0.0
 40
0.0
 40
0.1664173375
 40
0.3902720188
 40
0.6696467629
 40
1.0
 40
1.0
 40
1.0
 40
1.0
 10
219.6446635133
 20
116.4155782567
 30
0.0
 10
219.617980789
 20
116.406613377
 30
0.0
 10
219.5535572137
 20
116.3913170067
 30
0.0
 10
219.4416314912
 20
116.3738336466
 30
0.0
 10
219.3013636244
 20
116.3590010115
 30
0.0
 10
219.1985096218
 20
116.3513525754
 30
0.0
 10
219.1427497999
 20
116.3477320978
 30
0.0
  0
SPLINE
  5
AA4
100
AcDbEntity
  8
0
100
AcDbSpline
 62
7
  6
CONTINUOUS
 70
0
 71
3
 72
11
 73
7
 74
0
 42
0.0000001
 43
0.0000001
 44
0.0000000001
 40
0.0
 40
0.0
 40
0.0
 40
0.0
 40
0.3318826923
 40
0.6123872909
 40
0.8361441984
 40
1.0
 40
1.0
 40
1.0
 40
1.0
 10
219.1411072516
 20
116.6061865055
 30
0.0
 10
219.1970938527
 20
116.6131584136
 30
0.0
 10
219.3003834675
 20
116.6261511628
 30
0.0
 10
219.4413506856
 20
116.644406785
 30
0.0
 10
219.5538711031
 20
116.6598472453
 30
0.0
 10
219.6190244835
 20
116.66978111
 30
0.0
 10
219.6464457362
 20
116.6746775131
 30
0.0
  0
SPLINE
  5
AA5
100
AcDbEntity
  8
0
100
AcDbSpline
 62
7
  6
CONTINUOUS
 70
0
 71
3
 72
38
 73
34
 74
0
 42
0.0000001
 43
0.0000001
 44
0.0000000001
 40
0.0
 40
0.0
 40
0.0
 40
0.0
 40
0.0035033277
 40
0.0080490904
 40
0.0203088588
 40
0.0367508058
 40
0.0572649209
 40
0.0816781443
 40
0.109786092
 40
0.1413394234
 40
0.1760636526
 40
0.2537634017
 40
0.3401321656
 40
0.432102047
 40
0.5264030595
 40
0.6196812656
 40
0.7086195464
 40
0.7900572084
 40
0.8270464969
 40
0.8611051368
 40
0.89193012
 40
0.9192529729
 40
0.9428327244
 40
0.9624726618
 40
0.9707618386
 40
0.9780115393
 40
0.9842111467
 40
0.9893534566
 40
0.9934418772
 40
0.9965012152
 40
0.9976659352
 40
0.9986101437
 40
1.0
 40
1.0
 40
1.0
 40
1.0
 10
220.3186430956
 20
112.9758280126
 30
0.0
 10
220.3123924336
 20
112.9728941296
 30
0.0
 10
220.2974800322
 20
112.9673540489
 30
0.0
 10
220.258954161
 20
112.9564445631
 30
0.0
 10
220.1946018871
 20
112.9436555078
 30
0.0
 10
220.0987074334
 20
112.9290428876
 30
0.0
 10
219.9786279209
 20
112.9143427554
 30
0.0
 10
219.8354399495
 20
112.8995209447
 30
0.0
 10
219.6703950552
 20
112.8846565365
 30
0.0
 10
219.4849605171
 20
112.8697480224
 30
0.0
 10
219.2019385362
 20
112.8490598621
 30
0.0
 10
218.8109361005
 20
112.823756931
 30
0.0
 10
218.3071526413
 20
112.7942737228
 30
0.0
 10
217.7705999496
 20
112.7647286757
 30
0.0
 10
217.2204111011
 20
112.7351548457
 30
0.0
 10
216.6762050174
 20
112.7055946202
 30
0.0
 10
216.1573884986
 20
112.676079147
 30
0.0
 10
215.7494539279
 20
112.6508373455
 30
0.0
 10
215.4496142194
 20
112.6302457032
 30
0.0
 10
215.2493795809
 20
112.6153204906
 30
0.0
 10
215.0682530197
 20
112.6004201839
 30
0.0
 10
214.9078521875
 20
112.5855657306
 30
0.0
 10
214.7696008317
 20
112.5707592433
 30
0.0
 10
214.6688816349
 20
112.557898981
 30
0.0
 10
214.6003498199
 20
112.5473415883
 30
0.0
 10
214.5581505224
 20
112.539897247
 30
0.0
 10
214.5222604984
 20
112.5324776864
 30
0.0
 10
214.4927367705
 20
112.5251109615
 30
0.0
 10
214.469638274
 20
112.5177693284
 30
0.0
 10
214.4545136908
 20
112.5113234613
 30
0.0
 10
214.4458756152
 20
112.5058178115
 30
0.0
 10
214.440678866
 20
112.5013625587
 30
0.0
 10
214.4382000123
 20
112.4968993205
 30
0.0
 10
214.4382016213
 20
112.4941599542
 30
0.0
  0
SPLINE
  5
AA6
100
AcDbEntity
  8
0
100
AcDbSpline
 62
7
  6
CONTINUOUS
 70
0
 71
3
 72
11
 73
7
 74
0
 42
0.0000001
 43
0.0000001
 44
0.0000000001
 40
0.0
 40
0.0
 40
0.0
 40
0.0
 40
0.1666754523
 40
0.3905317523
 40
0.6698182977
 40
1.0
 40
1.0
 40
1.0
 40
1.0
 10
219.6377888581
 20
115.4161421066
 30
0.0
 10
219.6118443989
 20
115.4071604261
 30
0.0
 10
219.5491037621
 20
115.391997897
 30
0.0
 10
219.4401021418
 20
115.3748088909
 30
0.0
 10
219.3035177024
 20
115.3605497383
 30
0.0
 10
219.2033766601
 20
115.3533518184
 30
0.0
 10
219.1490905321
 20
115.350020081
 30
0.0
  0
SPLINE
  5
AA7
100
AcDbEntity
  8
0
100
AcDbSpline
 62
7
  6
CONTINUOUS
 70
0
 71
3
 72
11
 73
7
 74
0
 42
0.0000001
 43
0.0000001
 44
0.0000000001
 40
0.0
 40
0.0
 40
0.0
 40
0.0
 40
0.3319812861
 40
0.612499239
 40
0.8362179564
 40
1.0
 40
1.0
 40
1.0
 40
1.0
 10
219.1474661542
 20
115.605615381
 30
0.0
 10
219.201974538
 20
115.6126073918
 30
0.0
 10
219.3025358151
 20
115.6255495433
 30
0.0
 10
219.439787495
 20
115.6435413374
 30
0.0
 10
219.5493569485
 20
115.6584517954
 30
0.0
 10
219.6128186131
 20
115.6678505684
 30
0.0
 10
219.6395513241
 20
115.6723690978
 30
0.0
  0
SPLINE
  5
AA8
100
AcDbEntity
  8
0
100
AcDbSpline
 62
7
  6
CONTINUOUS
 70
0
 71
3
 72
11
 73
7
 74
0
 42
0.0000001
 43
0.0000001
 44
0.0000000001
 40
0.0
 40
0.0
 40
0.0
 40
0.0
 40
0.1669388572
 40
0.3907980148
 40
0.6699929465
 40
1.0
 40
1.0
 40
1.0
 40
1.0
 10
219.630913963
 20
114.4166710741
 30
0.0
 10
219.605707746
 20
114.4076844532
 30
0.0
 10
219.5446478507
 20
114.3926745768
 30
0.0
 10
219.4385715034
 20
114.3757866329
 30
0.0
 10
219.3056706915
 20
114.3620915793
 30
0.0
 10
219.2082434763
 20
114.3553291665
 30
0.0
 10
219.155431457
 20
114.3522777614
 30
0.0
  0
SPLINE
  5
AA9
100
AcDbEntity
  8
0
100
AcDbSpline
 62
7
  6
CONTINUOUS
 70
0
 71
3
 72
10
 73
6
 74
0
 42
0.0000001
 43
0.0000001
 44
0.0000000001
 40
0.0
 40
0.0
 40
0.0
 40
0.0
 40
0.6125412478
 40
0.8362479624
 40
1.0
 40
1.0
 40
1.0
 40
1.0
 10
219.1538248346
 20
114.6050792384
 30
0.0
 10
219.2516424524
 20
114.6179953208
 30
0.0
 10
219.3852024654
 20
114.6354981072
 30
0.0
 10
219.5448305509
 20
114.6570464636
 30
0.0
 10
219.6066091674
 20
114.6659393926
 30
0.0
 10
219.6326571229
 20
114.6700913484
 30
0.0
  0
SPLINE
  5
AAA
100
AcDbEntity
  8
0
100
AcDbSpline
 62
7
  6
CONTINUOUS
 70
0
 71
3
 72
10
 73
6
 74
0
 42
0.0000001
 43
0.0000001
 44
0.0000000001
 40
0.0
 40
0.0
 40
0.0
 40
0.0
 40
0.6125763294
 40
0.8362725252
 40
1.0
 40
1.0
 40
1.0
 40
1.0
 10
219.1601832921
 20
113.6045781561
 30
0.0
 10
219.2552521843
 20
113.6174908419
 30
0.0
 10
219.3850745253
 20
113.6348490242
 30
0.0
 10
219.540307061
 20
113.6556457067
 30
0.0
 10
219.6004026568
 20
113.6640482486
 30
0.0
 10
219.6257631338
 20
113.6678444319
 30
0.0
  0
SPLINE
  5
AAB
100
AcDbEntity
  8
0
100
AcDbSpline
 62
7
  6
CONTINUOUS
 70
0
 71
3
 72
11
 73
7
 74
0
 42
0.0000001
 43
0.0000001
 44
0.0000000001
 40
0.0
 40
0.0
 40
0.0
 40
0.0
 40
0.167164708
 40
0.3912219562
 40
0.6701937198
 40
1.0
 40
1.0
 40
1.0
 40
1.0
 10
219.6240388274
 20
113.4171650744
 30
0.0
 10
219.5995766861
 20
113.408188918
 30
0.0
 10
219.5401816229
 20
113.3933043532
 30
0.0
 10
219.4370050888
 20
113.3768635266
 30
0.0
 10
219.307801239
 20
113.3635714032
 30
0.0
 10
219.2131063205
 20
113.3572850327
 30
0.0
 10
219.1617725754
 20
113.3545049699
 30
0.0
  0
SPLINE
  5
AAC
100
AcDbEntity
  8
0
100
AcDbSpline
 62
7
  6
CONTINUOUS
 70
0
 71
3
 72
11
 73
7
 74
0
 42
0.0000001
 43
0.0000001
 44
0.0000000001
 40
0.0
 40
0.0
 40
0.0
 40
0.0
 40
0.1674122075
 40
0.3915159816
 40
0.6703440983
 40
1.0
 40
1.0
 40
1.0
 40
1.0
 10
219.6171634507
 20
112.4176240258
 30
0.0
 10
219.593441526
 20
112.4086716421
 30
0.0
 10
219.5357277555
 20
112.393954186
 30
0.0
 10
219.4354756923
 20
112.377869776
 30
0.0
 10
219.3099579627
 20
112.3650770739
 30
0.0
 10
219.2179774679
 20
112.3592206451
 30
0.0
 10
219.1681138886
 20
112.3567015392
 30
0.0
  0
SPLINE
  5
AAD
100
AcDbEntity
  8
0
100
AcDbSpline
 62
7
  6
CONTINUOUS
 70
0
 71
3
 72
9
 73
5
 74
0
 42
0.0000001
 43
0.0000001
 44
0.0000000001
 40
0.0
 40
0.0
 40
0.0
 40
0.0
 40
0.6124137253
 40
1.0
 40
1.0
 40
1.0
 40
1.0
 10
219.1665415263
 20
112.6041122094
 30
0.0
 10
219.2588337126
 20
112.6169972096
 30
0.0
 10
219.4096062822
 20
112.6375308024
 30
0.0
 10
219.5604616875
 20
112.6574559911
 30
0.0
 10
219.6188693579
 20
112.6656285137
 30
0.0
  0
SPLINE
  5
AAE
100
AcDbEntity
  8
0
100
AcDbSpline
 62
7
  6
CONTINUOUS
 70
0
 71
3
 72
11
 73
7
 74
0
 42
0.0000001
 43
0.0000001
 44
0.0000000001
 40
0.0
 40
0.0
 40
0.0
 40
0.0
 40
0.1676712249
 40
0.3918393151
 40
0.6705145971
 40
1.0
 40
1.0
 40
1.0
 40
1.0
 10
219.6102878324
 20
111.4180478494
 30
0.0
 10
219.5873034312
 20
111.4091342287
 30
0.0
 10
219.5312687688
 20
111.3945938932
 30
0.0
 10
219.4339381331
 20
111.3788767966
 30
0.0
 10
219.312107753
 20
111.3665794871
 30
0.0
 10
219.2228456795
 20
111.361135899
 30
0.0
 10
219.1744553976
 20
111.3588673033
 30
0.0
  0
SPLINE
  5
AAF
100
AcDbEntity
  8
0
100
AcDbSpline
 62
7
  6
CONTINUOUS
 70
0
 71
3
 72
11
 73
7
 74
0
 42
0.0000001
 43
0.0000001
 44
0.0000000001
 40
0.0
 40
0.0
 40
0.0
 40
0.0
 40
0.1679359516
 40
0.3921600013
 40
0.6706841148
 40
1.0
 40
1.0
 40
1.0
 40
1.0
 10
219.6034119719
 20
110.4184364695
 30
0.0
 10
219.5811627077
 20
110.4095779517
 30
0.0
 10
219.5268088551
 20
110.3952306497
 30
0.0
 10
219.4324014563
 20
110.3798847013
 30
0.0
 10
219.314258936
 20
110.3680750467
 30
0.0
 10
219.2277141872
 20
110.3630314265
 30
0.0
 10
219.1807971034
 20
110.361002098
 30
0.0
  0
SPLINE
  5
AB0
100
AcDbEntity
  8
0
100
AcDbSpline
 62
7
  6
CONTINUOUS
 70
0
 71
3
 72
9
 73
5
 74
0
 42
0.0000001
 43
0.0000001
 44
0.0000000001
 40
0.0
 40
0.0
 40
0.0
 40
0.0
 40
0.6123916157
 40
1.0
 40
1.0
 40
1.0
 40
1.0
 10
219.179257323
 20
110.6032860086
 30
0.0
 10
219.2660505491
 20
110.6160584891
 30
0.0
 10
219.4079247663
 20
110.6359132311
 30
0.0
 10
219.5499532316
 20
110.6546580437
 30
0.0
 10
219.6050824503
 20
110.6612903243
 30
0.0
  0
SPLINE
  5
AB1
100
AcDbEntity
  8
0
100
AcDbSpline
 62
7
  6
CONTINUOUS
 70
0
 71
3
 72
10
 73
6
 74
0
 42
0.0000001
 43
0.0000001
 44
0.0000000001
 40
0.0
 40
0.0
 40
0.0
 40
0.0
 40
0.6123676218
 40
0.8364592577
 40
1.0
 40
1.0
 40
1.0
 40
1.0
 10
219.1856148846
 20
109.6029258894
 30
0.0
 10
219.2696611791
 20
109.6156087582
 30
0.0
 10
219.3845989449
 20
109.6320629318
 30
0.0
 10
219.5222195582
 20
109.6501311921
 30
0.0
 10
219.5756268921
 20
109.6566749979
 30
0.0
 10
219.5981893208
 20
109.6591683751
 30
0.0
  0
SPLINE
  5
AB2
100
AcDbEntity
  8
0
100
AcDbSpline
 62
7
  6
CONTINUOUS
 70
0
 71
3
 72
11
 73
7
 74
0
 42
0.0000001
 43
0.0000001
 44
0.0000000001
 40
0.0
 40
0.0
 40
0.0
 40
0.0
 40
0.1682090128
 40
0.3924853305
 40
0.6708592098
 40
1.0
 40
1.0
 40
1.0
 40
1.0
 10
219.5965358687
 20
109.4187898138
 30
0.0
 10
219.5750184458
 20
109.4100035523
 30
0.0
 10
219.5223471824
 20
109.3958621274
 30
0.0
 10
219.4308633357
 20
109.3808926935
 30
0.0
 10
219.3164094946
 20
109.369565121
 30
0.0
 10
219.2325820876
 20
109.3649075937
 30
0.0
 10
219.187139007
 20
109.3631057606
 30
0.0
  0
SPLINE
  5
AB3
100
AcDbEntity
  8
0
100
AcDbSpline
 62
7
  6
CONTINUOUS
 70
0
 71
3
 72
38
 73
34
 74
0
 42
0.0000001
 43
0.0000001
 44
0.0000000001
 40
0.0
 40
0.0
 40
0.0
 40
0.0
 40
0.0035027403
 40
0.0080495139
 40
0.0203092451
 40
0.0367513184
 40
0.0572656753
 40
0.0816787149
 40
0.1097871272
 40
0.1413400339
 40
0.1760648788
 40
0.253764715
 40
0.3401334597
 40
0.43210322
 40
0.5264040209
 40
0.6196819436
 40
0.7086198937
 40
0.790057206
 40
0.8270476612
 40
0.8611047973
 40
0.8919313095
 40
0.91925234
 40
0.9428339047
 40
0.9624718092
 40
0.9707618499
 40
0.978012669
 40
0.9842116424
 40
0.9893525023
 40
0.9934416655
 40
0.9965021783
 40
0.9976670225
 40
0.9986108288
 40
1.0
 40
1.0
 40
1.0
 40
1.0
 10
220.3186426937
 20
123.9758274559
 30
0.0
 10
220.3123934947
 20
123.9728931829
 30
0.0
 10
220.2974805396
 20
123.9673518469
 30
0.0
 10
220.2589526884
 20
123.956446571
 30
0.0
 10
220.1945992188
 20
123.943653804
 30
0.0
 10
220.0987036854
 20
123.9290427496
 30
0.0
 10
219.9786239541
 20
123.9143423197
 30
0.0
 10
219.8354349639
 20
123.8995202225
 30
0.0
 10
219.6703903369
 20
123.8846564155
 30
0.0
 10
219.4849545831
 20
123.8697472228
 30
0.0
 10
219.2019320396
 20
123.8490598191
 30
0.0
 10
218.8109283469
 20
123.8237564393
 30
0.0
 10
218.3071450569
 20
123.7942734145
 30
0.0
 10
217.770593144
 20
123.7647283463
 30
0.0
 10
217.220405591
 20
123.7351545898
 30
0.0
 10
216.6762012269
 20
123.7055942862
 30
0.0
 10
216.1573866611
 20
123.6760792153
 30
0.0
 10
215.7494512769
 20
123.6508362424
 30
0.0
 10
215.4496128332
 20
123.6302464752
 30
0.0
 10
215.2493760433
 20
123.6153190841
 30
0.0
 10
215.0682528131
 20
123.6004216164
 30
0.0
 10
214.9078493455
 20
123.5855636828
 30
0.0
 10
214.7696015816
 20
123.5707613858
 30
0.0
 10
214.6688815975
 20
123.5578974291
 30
0.0
 10
214.6003497324
 20
123.5473412168
 30
0.0
 10
214.5581475285
 20
123.5398981024
 30
0.0
 10
214.5222593708
 20
123.532478721
 30
0.0
 10
214.4927390888
 20
123.5251089846
 30
0.0
 10
214.4696396183
 20
123.5177682772
 30
0.0
 10
214.4545096889
 20
123.5113240848
 30
0.0
 10
214.4458696033
 20
123.5058188246
 30
0.0
 10
214.4406743489
 20
123.5013630149
 30
0.0
 10
214.4382054183
 20
123.4968979501
 30
0.0
 10
214.4382081232
 20
123.4941599354
 30
0.0
  0
SPLINE
  5
AB4
100
AcDbEntity
  8
0
100
AcDbSpline
 62
7
  6
CONTINUOUS
 70
0
 71
3
 72
38
 73
34
 74
0
 42
0.0000001
 43
0.0000001
 44
0.0000000001
 40
0.0
 40
0.0
 40
0.0
 40
0.0
 40
0.0035049524
 40
0.0080518598
 40
0.0203090146
 40
0.0367537749
 40
0.0572653853
 40
0.0816811448
 40
0.1097868669
 40
0.141342312
 40
0.1760647333
 40
0.253764761
 40
0.3401337566
 40
0.4321038032
 40
0.5264048968
 40
0.6196830878
 40
0.7086212543
 40
0.7900587112
 40
0.827047169
 40
0.8611063627
 40
0.8919307359
 40
0.9192538788
 40
0.9428333646
 40
0.9624732401
 40
0.9707636608
 40
0.9780122774
 40
0.9842106053
 40
0.9893537376
 40
0.9934436363
 40
0.9965021136
 40
0.9976661594
 40
0.9986099158
 40
1.0
 40
1.0
 40
1.0
 40
1.0
 10
220.3186496234
 20
122.9758274051
 30
0.0
 10
220.3123956439
 20
122.9728930471
 30
0.0
 10
220.2974767604
 20
122.9673546414
 30
0.0
 10
220.2589502614
 20
122.9564469922
 30
0.0
 10
220.1945968271
 20
122.9436500618
 30
0.0
 10
220.0987053911
 20
122.9290465185
 30
0.0
 10
219.9786212441
 20
122.9143389352
 30
0.0
 10
219.8354368599
 20
122.8995230182
 30
0.0
 10
219.6703875673
 20
122.8846540381
 30
0.0
 10
219.4849564381
 20
122.8697490627
 30
0.0
 10
219.2019334257
 20
122.8490579636
 30
0.0
 10
218.810933244
 20
122.8237570114
 30
0.0
 10
218.3071482988
 20
122.7942732251
 30
0.0
 10
217.7705944336
 20
122.764728406
 30
0.0
 10
217.2204049136
 20
122.7351545532
 30
0.0
 10
216.6761987028
 20
122.7055944343
 30
0.0
 10
216.1573826489
 20
122.6760788245
 30
0.0
 10
215.7494501457
 20
122.6508376283
 30
0.0
 10
215.4496113309
 20
122.6302451285
 30
0.0
 10
215.2493783013
 20
122.6153207852
 30
0.0
 10
215.0682512583
 20
122.6004197801
 30
0.0
 10
214.9078515011
 20
122.5855657167
 30
0.0
 10
214.7696000829
 20
122.5707596397
 30
0.0
 10
214.6688793391
 20
122.5578973359
 30
0.0
 10
214.6003468427
 20
122.5473428751
 30
0.0
 10
214.5581499167
 20
122.5398975664
 30
0.0
 10
214.5222633077
 20
122.5324763724
 30
0.0
 10
214.492737624
 20
122.5251095671
 30
0.0
 10
214.4696348787
 20
122.5177720461
 30
0.0
 10
214.4545106924
 20
122.5113244112
 30
0.0
 10
214.4458779553
 20
122.5058179256
 30
0.0
 10
214.4406847801
 20
122.5013603111
 30
0.0
 10
214.4382076324
 20
122.4968998168
 30
0.0
 10
214.438204731
 20
122.4941600013
 30
0.0
  0
SPLINE
  5
AB5
100
AcDbEntity
  8
0
100
AcDbSpline
 62
7
  6
CONTINUOUS
 70
0
 71
3
 72
38
 73
34
 74
0
 42
0.0000001
 43
0.0000001
 44
0.0000000001
 40
0.0
 40
0.0
 40
0.0
 40
0.0
 40
0.0035027062
 40
0.0080501301
 40
0.0203092769
 40
0.0367518767
 40
0.0572657552
 40
0.0816791942
 40
0.1097872586
 40
0.141340425
 40
0.1760650582
 40
0.2537649332
 40
0.3401337032
 40
0.4321034721
 40
0.5264042637
 40
0.6196821593
 40
0.7086200662
 40
0.7900573229
 40
0.8270479861
 40
0.8611048512
 40
0.8919317102
 40
0.9192523289
 40
0.9428343753
 40
0.9624717384
 40
0.97076224
 40
0.9780131948
 40
0.984211521
 40
0.9893523859
 40
0.9934420095
 40
0.9965027149
 40
0.9976673654
 40
0.9986108614
 40
1.0
 40
1.0
 40
1.0
 40
1.0
 10
220.3186444188
 20
121.9758274657
 30
0.0
 10
220.3123954429
 20
121.9728928743
 30
0.0
 10
220.2974812062
 20
121.9673512879
 30
0.0
 10
220.2589526771
 20
121.9564483302
 30
0.0
 10
220.1945987708
 20
121.9436523324
 30
0.0
 10
220.0987038019
 20
121.9290437502
 30
0.0
 10
219.9786234421
 20
121.9143416704
 30
0.0
 10
219.8354351348
 20
121.8995206772
 30
0.0
 10
219.6703899584
 20
121.8846561225
 30
0.0
 10
219.4849547319
 20
121.8697474285
 30
0.0
 10
219.2019320203
 20
121.8490596448
 30
0.0
 10
218.8109285597
 20
121.8237565122
 30
0.0
 10
218.3071450821
 20
121.7942734084
 30
0.0
 10
217.7705930651
 20
121.764728362
 30
0.0
 10
217.2204055121
 20
121.7351546043
 30
0.0
 10
216.6762012521
 20
121.7055942822
 30
0.0
 10
216.1573868776
 20
121.67607928
 30
0.0
 10
215.749451253
 20
121.6508360837
 30
0.0
 10
215.4496129878
 20
121.6302466624
 30
0.0
 10
215.2493756531
 20
121.6153188254
 30
0.0
 10
215.0682530113
 20
121.600421997
 30
0.0
 10
214.9078487927
 20
121.5855631834
 30
0.0
 10
214.7696018125
 20
121.5707620649
 30
0.0
 10
214.6688811902
 20
121.5578968136
 30
0.0
 10
214.6003491132
 20
121.5473412967
 30
0.0
 10
214.558146894
 20
121.5398987278
 30
0.0
 10
214.5222599664
 20
121.5324782952
 30
0.0
 10
214.4927400733
 20
121.525108534
 30
0.0
 10
214.469639122
 20
121.5177683396
 30
0.0
 10
214.4545079201
 20
121.5113247061
 30
0.0
 10
214.4458685449
 20
121.5058193161
 30
0.0
 10
214.4406757984
 20
121.5013619608
 30
0.0
 10
214.4382081159
 20
121.4968978941
 30
0.0
 10
214.4382101222
 20
121.4941599428
 30
0.0
  0
SPLINE
  5
AB6
100
AcDbEntity
  8
0
100
AcDbSpline
 62
7
  6
CONTINUOUS
 70
0
 71
3
 72
10
 73
6
 74
0
 42
0.0000001
 43
0.0000001
 44
0.0000000001
 40
0.0
 40
0.0
 40
0.0
 40
0.0
 40
0.1876733196
 40
0.4185301109
 40
1.0
 40
1.0
 40
1.0
 40
1.0
 10
219.6293799117
 20
124.394159969
 30
0.0
 10
219.5961206844
 20
124.387721563
 30
0.0
 10
219.5215123499
 20
124.37565643
 30
0.0
 10
219.3425360299
 20
124.3521204491
 30
0.0
 10
219.1965622477
 20
124.3378370632
 30
0.0
 10
219.0920307433
 20
124.3283580626
 30
0.0
  0
SPLINE
  5
AB7
100
AcDbEntity
  8
0
100
AcDbSpline
 62
7
  6
CONTINUOUS
 70
0
 71
3
 72
14
 73
10
 74
0
 42
0.0000001
 43
0.0000001
 44
0.0000000001
 40
0.0
 40
0.0
 40
0.0
 40
0.0
 40
0.107239285
 40
0.2295274218
 40
0.3621106036
 40
0.4999717525
 40
0.7704392207
 40
0.8927375168
 40
1.0
 40
1.0
 40
1.0
 40
1.0
 10
219.0983699745
 20
123.3308822225
 30
0.0
 10
218.9761792887
 20
123.3201517175
 30
0.0
 10
218.7144318301
 20
123.2997153779
 30
0.0
 10
218.3012808838
 20
123.2704881656
 30
0.0
 10
217.8530865027
 20
123.2402821574
 30
0.0
 10
217.2357381753
 20
123.1994666929
 30
0.0
 10
216.6301563011
 20
123.1588039088
 30
0.0
 10
216.0599812858
 20
123.113864362
 30
0.0
 10
215.7984870777
 20
123.0899472979
 30
0.0
 10
215.6764223686
 20
123.0776012716
 30
0.0
  0
SPLINE
  5
AB8
100
AcDbEntity
  8
0
100
AcDbSpline
 62
7
  6
CONTINUOUS
 70
0
 71
3
 72
14
 73
10
 74
0
 42
0.0000001
 43
0.0000001
 44
0.0000000001
 40
0.0
 40
0.0
 40
0.0
 40
0.0
 40
0.1071976363
 40
0.2294252791
 40
0.3619740129
 40
0.4998404341
 40
0.7703566467
 40
0.8926902195
 40
1.0
 40
1.0
 40
1.0
 40
1.0
 10
215.6782012313
 20
123.3575047094
 30
0.0
 10
215.8002140991
 20
123.3682711782
 30
0.0
 10
216.0615624486
 20
123.3888393392
 30
0.0
 10
216.4741113146
 20
123.4183179181
 30
0.0
 10
216.9217218268
 20
123.4487781328
 30
0.0
 10
217.5384331095
 20
123.4899057166
 30
0.0
 10
218.1434794879
 20
123.5307146783
 30
0.0
 10
218.7132301771
 20
123.5754290911
 30
0.0
 10
218.9745781062
 20
123.5989966486
 30
0.0
 10
219.096588754
 20
123.6111566538
 30
0.0
  0
SPLINE
  5
AB9
100
AcDbEntity
  8
0
100
AcDbSpline
 62
7
  6
CONTINUOUS
 70
0
 71
3
 72
13
 73
9
 74
0
 42
0.0000001
 43
0.0000001
 44
0.0000000001
 40
0.0
 40
0.0
 40
0.0
 40
0.0
 40
0.1072764302
 40
0.2295911088
 40
0.3622136396
 40
0.5001211755
 40
0.7705269691
 40
1.0
 40
1.0
 40
1.0
 40
1.0
 10
219.1047093895
 20
122.3333774789
 30
0.0
 10
218.981989516
 20
122.3229666257
 30
0.0
 10
218.7191321683
 20
122.3032654051
 30
0.0
 10
218.3042866803
 20
122.2744602478
 30
0.0
 10
217.854272404
 20
122.2444578896
 30
0.0
 10
217.2345931894
 20
122.2034785645
 30
0.0
 10
216.50406597
 20
122.1538395417
 30
0.0
 10
215.9320954417
 20
122.1057828983
 30
0.0
 10
215.6700721418
 20
122.0783952875
 30
0.0
  0
SPLINE
  5
ABA
100
AcDbEntity
  8
0
100
AcDbSpline
 62
7
  6
CONTINUOUS
 70
0
 71
3
 72
13
 73
9
 74
0
 42
0.0000001
 43
0.0000001
 44
0.0000000001
 40
0.0
 40
0.0
 40
0.0
 40
0.0
 40
0.1072205802
 40
0.2295145171
 40
0.3621176504
 40
0.4999884855
 40
0.7704140108
 40
1.0
 40
1.0
 40
1.0
 40
1.0
 10
215.6718300163
 20
122.3549962299
 30
0.0
 10
215.7943574347
 20
122.3654394129
 30
0.0
 10
216.0568456216
 20
122.3853065928
 30
0.0
 10
216.4711450469
 20
122.4142974297
 30
0.0
 10
216.9205926967
 20
122.444591415
 30
0.0
 10
217.5395799918
 20
122.4858504338
 30
0.0
 10
218.2694583934
 20
122.5357046441
 30
0.0
 10
218.8410222791
 20
122.5833614456
 30
0.0
 10
219.1029491973
 20
122.6103431021
 30
0.0
  0
SPLINE
  5
ABB
100
AcDbEntity
  8
0
100
AcDbSpline
 62
7
  6
CONTINUOUS
 70
0
 71
3
 72
38
 73
34
 74
0
 42
0.0000001
 43
0.0000001
 44
0.0000000001
 40
0.0
 40
0.0
 40
0.0
 40
0.0
 40
0.0013894341
 40
0.0023326555
 40
0.0034965351
 40
0.0065566702
 40
0.0106473071
 40
0.0157890165
 40
0.021986286
 40
0.0292364051
 40
0.0375278375
 40
0.0571653351
 40
0.0807471471
 40
0.1080681953
 40
0.1388945531
 40
0.1729520544
 40
0.2099420487
 40
0.291379319
 40
0.3803172871
 40
0.4735952876
 40
0.5678962185
 40
0.6598661464
 40
0.7462350765
 40
0.823935091
 40
0.8586581029
 40
0.8902129869
 40
0.9183190499
 40
0.9427345219
 40
0.9632461307
 40
0.9796909454
 40
0.9919477139
 40
0.996495719
 40
1.0
 40
1.0
 40
1.0
 40
1.0
 10
220.3381902174
 20
114.1941599597
 30
0.0
 10
220.3381895323
 20
114.1914214232
 30
0.0
 10
220.3357202066
 20
114.1869596986
 30
0.0
 10
220.3305304895
 20
114.1825011839
 30
0.0
 10
220.3218964743
 20
114.1769931974
 30
0.0
 10
220.3067651164
 20
114.1705502945
 30
0.0
 10
220.2836611454
 20
114.1632118075
 30
0.0
 10
220.2541393436
 20
114.1558430106
 30
0.0
 10
220.2182549225
 20
114.148420731
 30
0.0
 10
220.1760546483
 20
114.1409776263
 30
0.0
 10
220.1075217495
 20
114.1304241521
 30
0.0
 10
220.0067995945
 20
114.1175575979
 30
0.0
 10
219.8685518277
 20
114.1027564921
 30
0.0
 10
219.7081480507
 20
114.0878981937
 30
0.0
 10
219.5270242118
 20
114.0730005947
 30
0.0
 10
219.3267877135
 20
114.0580735806
 30
0.0
 10
219.0269493122
 20
114.0374833079
 30
0.0
 10
218.6190145051
 20
114.0122406427
 30
0.0
 10
218.1001993839
 20
113.9827254552
 30
0.0
 10
217.5559940929
 20
113.9531651777
 30
0.0
 10
217.0058053198
 20
113.923591348
 30
0.0
 10
216.4692519674
 20
113.8940464465
 30
0.0
 10
215.9654672338
 20
113.8645628002
 30
0.0
 10
215.5744659506
 20
113.8392613121
 30
0.0
 10
215.2914427548
 20
113.8185709792
 30
0.0
 10
215.1060108887
 20
113.8036652696
 30
0.0
 10
214.9409625072
 20
113.7887968331
 30
0.0
 10
214.7977779616
 20
113.7739807266
 30
0.0
 10
214.6776943807
 20
113.7592725968
 30
0.0
 10
214.5818031543
 20
113.7446709118
 30
0.0
 10
214.51744908
 20
113.731870002
 30
0.0
 10
214.4789215451
 20
113.7209662823
 30
0.0
 10
214.4640015116
 20
113.7154277961
 30
0.0
 10
214.457749588
 20
113.712492167
 30
0.0
  0
SPLINE
  5
ABC
100
AcDbEntity
  8
0
100
AcDbSpline
 62
7
  6
CONTINUOUS
 70
0
 71
3
 72
13
 73
9
 74
0
 42
0.0000001
 43
0.0000001
 44
0.0000000001
 40
0.0
 40
0.0
 40
0.0
 40
0.0
 40
0.1071983774
 40
0.2294101373
 40
0.3619490529
 40
0.4998266686
 40
0.770332056
 40
1.0
 40
1.0
 40
1.0
 40
1.0
 10
215.6654589888
 20
121.3525172663
 30
0.0
 10
215.7884505082
 20
121.362616041
 30
0.0
 10
216.0518574042
 20
121.3817526588
 30
0.0
 10
216.4675500409
 20
121.4102624179
 30
0.0
 10
216.9185383546
 20
121.44032696
 30
0.0
 10
217.5398622892
 20
121.4817572129
 30
0.0
 10
218.2726286885
 20
121.5323041897
 30
0.0
 10
218.8464037227
 20
121.5815796898
 30
0.0
 10
219.1093094224
 20
121.6095639005
 30
0.0
  0
SPLINE
  5
ABD
100
AcDbEntity
  8
0
100
AcDbSpline
 62
7
  6
CONTINUOUS
 70
0
 71
3
 72
13
 73
9
 74
0
 42
0.0000001
 43
0.0000001
 44
0.0000000001
 40
0.0
 40
0.0
 40
0.0
 40
0.0
 40
0.107273132
 40
0.2295855321
 40
0.3622088646
 40
0.5001241166
 40
0.7705224424
 40
1.0
 40
1.0
 40
1.0
 40
1.0
 10
219.1110489893
 20
121.3358436529
 30
0.0
 10
218.9878448016
 20
121.3257730161
 30
0.0
 10
218.7239619105
 20
121.3067473087
 30
0.0
 10
218.3075361849
 20
121.2784582396
 30
0.0
 10
217.855820854
 20
121.2486414172
 30
0.0
 10
217.2338352465
 20
121.2075068882
 30
0.0
 10
216.5006168111
 20
121.157184611
 30
0.0
 10
215.926629502
 20
121.1075440443
 30
0.0
 10
215.6637216973
 20
121.0791550604
 30
0.0
  0
SPLINE
  5
ABE
100
AcDbEntity
  8
0
100
AcDbSpline
 62
7
  6
CONTINUOUS
 70
0
 71
3
 72
13
 73
9
 74
0
 42
0.0000001
 43
0.0000001
 44
0.0000000001
 40
0.0
 40
0.0
 40
0.0
 40
0.0
 40
0.1072638578
 40
0.2295693315
 40
0.3621863698
 40
0.5001061598
 40
0.7705053259
 40
1.0
 40
1.0
 40
1.0
 40
1.0
 10
219.117388775
 20
120.3382805664
 30
0.0
 10
218.9937067425
 20
120.3285662972
 30
0.0
 10
218.7288130648
 20
120.3102014842
 30
0.0
 10
218.3108258736
 20
120.2824453025
 30
0.0
 10
217.8574249337
 20
120.2528227202
 30
0.0
 10
217.23313223
 20
120.2115464985
 30
0.0
 10
216.497203257
 20
120.1604957301
 30
0.0
 10
215.9211729442
 20
120.1092962459
 30
0.0
 10
215.6573710346
 20
120.0798804866
 30
0.0
  0
SPLINE
  5
ABF
100
AcDbEntity
  8
0
100
AcDbSpline
 62
7
  6
CONTINUOUS
 70
0
 71
3
 72
38
 73
34
 74
0
 42
0.0000001
 43
0.0000001
 44
0.0000000001
 40
0.0
 40
0.0
 40
0.0
 40
0.0
 40
0.0013892556
 40
0.002332516
 40
0.0034967107
 40
0.0065573169
 40
0.0106475189
 40
0.0157887206
 40
0.0219863225
 40
0.0292370857
 40
0.0375281076
 40
0.0571652475
 40
0.0807474603
 40
0.1080680081
 40
0.1388948932
 40
0.1729518067
 40
0.2099423917
 40
0.2913796362
 40
0.3803175481
 40
0.4735954644
 40
0.5678962892
 40
0.6598660997
 40
0.7462349154
 40
0.8239348355
 40
0.8586592453
 40
0.8902126759
 40
0.9183204759
 40
0.9427342127
 40
0.9632478126
 40
0.9796907146
 40
0.9919495973
 40
0.9964972234
 40
1.0
 40
1.0
 40
1.0
 40
1.0
 10
220.3381905228
 20
124.1941599788
 30
0.0
 10
220.3381911268
 20
124.1914217966
 30
0.0
 10
220.3357231614
 20
124.1869591109
 30
0.0
 10
220.3305327268
 20
124.1825007857
 30
0.0
 10
220.3218961438
 20
124.1769938107
 30
0.0
 10
220.3067641059
 20
124.1705512946
 30
0.0
 10
220.2836614567
 20
124.1632116639
 30
0.0
 10
220.2541410151
 20
124.1558424392
 30
0.0
 10
220.2182555633
 20
124.1484206714
 30
0.0
 10
220.1760540753
 20
124.1409783183
 30
0.0
 10
220.1075216631
 20
124.1304237506
 30
0.0
 10
220.006800273
 20
124.1175574775
 30
0.0
 10
219.8685534911
 20
124.1027569428
 30
0.0
 10
219.7081490856
 20
124.087897856
 30
0.0
 10
219.5270264506
 20
124.0730011213
 30
0.0
 10
219.3267891504
 20
124.0580733029
 30
0.0
 10
219.0269510129
 20
124.0374838199
 30
0.0
 10
218.6190156095
 20
124.0122406697
 30
0.0
 10
218.1002012795
 20
123.9827256588
 30
0.0
 10
217.5559969764
 20
123.9531653465
 30
0.0
 10
217.0058093099
 20
123.9235915858
 30
0.0
 10
216.4692571259
 20
123.8940465665
 30
0.0
 10
215.9654734612
 20
123.8645633903
 30
0.0
 10
215.5744702969
 20
123.8392605019
 30
0.0
 10
215.2914474834
 20
123.8185723533
 30
0.0
 10
215.1060126861
 20
123.8036640897
 30
0.0
 10
214.9409669993
 20
123.7887989902
 30
0.0
 10
214.7977791136
 20
123.7739786848
 30
0.0
 10
214.6776982611
 20
123.7592757392
 30
0.0
 10
214.5818035871
 20
123.7446682462
 30
0.0
 10
214.5174494529
 20
123.7318711157
 30
0.0
 10
214.4789207717
 20
123.7209687501
 30
0.0
 10
214.4640059177
 20
123.7154272273
 30
0.0
 10
214.4577568457
 20
123.7124925164
 30
0.0
  0
SPLINE
  5
AC0
100
AcDbEntity
  8
0
100
AcDbSpline
 62
7
  6
CONTINUOUS
 70
0
 71
3
 72
13
 73
9
 74
0
 42
0.0000001
 43
0.0000001
 44
0.0000000001
 40
0.0
 40
0.0
 40
0.0
 40
0.0
 40
0.1071884324
 40
0.2293934435
 40
0.3619257869
 40
0.4998053685
 40
0.7703141648
 40
1.0
 40
1.0
 40
1.0
 40
1.0
 10
215.65908815
 20
120.3500679948
 30
0.0
 10
215.7825581215
 20
120.3598078281
 30
0.0
 10
216.0469782551
 20
120.378277195
 30
0.0
 10
216.4642360943
 20
120.4062427166
 30
0.0
 10
216.9169113183
 20
120.4361098426
 30
0.0
 10
217.5405485501
 20
120.4776841419
 30
0.0
 10
218.2760359698
 20
120.5289527294
 30
0.0
 10
218.8518628786
 20
120.5798148808
 30
0.0
 10
219.1156694285
 20
120.608819148
 30
0.0
  0
SPLINE
  5
AC1
100
AcDbEntity
  8
0
100
AcDbSpline
 62
7
  6
CONTINUOUS
 70
0
 71
3
 72
38
 73
34
 74
0
 42
0.0000001
 43
0.0000001
 44
0.0000000001
 40
0.0
 40
0.0
 40
0.0
 40
0.0
 40
0.0013899773
 40
0.0023335796
 40
0.0034974939
 40
0.0065561057
 40
0.0106464764
 40
0.0157893768
 40
0.0219873111
 40
0.0292360066
 40
0.0375269684
 40
0.0571662366
 40
0.0807462885
 40
0.1080688902
 40
0.1388937345
 40
0.1729524899
 40
0.2099412923
 40
0.2913786396
 40
0.3803166914
 40
0.473594775
 40
0.5678957825
 40
0.6598657775
 40
0.7462347647
 40
0.8239348296
 40
0.8586573101
 40
0.8902127748
 40
0.9183183944
 40
0.9427343668
 40
0.9632456721
 40
0.9796908641
 40
0.9919474977
 40
0.9964951968
 40
1.0
 40
1.0
 40
1.0
 40
1.0
 10
220.3381954452
 20
123.194159935
 30
0.0
 10
220.3381925651
 20
123.1914203292
 30
0.0
 10
220.3357171026
 20
123.1869598662
 30
0.0
 10
220.330525033
 20
123.1825018871
 30
0.0
 10
220.3218929329
 20
123.1769949898
 30
0.0
 10
220.3067674262
 20
123.1705477097
 30
0.0
 10
220.2836636919
 20
123.163211117
 30
0.0
 10
220.254138515
 20
123.1558435147
 30
0.0
 10
220.2182530303
 20
123.1484220876
 30
0.0
 10
220.1760556221
 20
123.1409768349
 30
0.0
 10
220.1075229215
 20
123.1304234109
 30
0.0
 10
220.0068013713
 20
123.1175594885
 30
0.0
 10
219.8685508901
 20
123.1027548529
 30
0.0
 10
219.7081502132
 20
123.0878996715
 30
0.0
 10
219.5270240373
 20
123.0729995362
 30
0.0
 10
219.3267902487
 20
123.0580745331
 30
0.0
 10
219.0269516958
 20
123.0374825845
 30
0.0
 10
218.619018846
 20
123.0122410339
 30
0.0
 10
218.1002032676
 20
122.9827255338
 30
0.0
 10
217.5559974879
 20
122.953165383
 30
0.0
 10
217.0058082696
 20
122.9235915383
 30
0.0
 10
216.4692545158
 20
122.8940467173
 30
0.0
 10
215.9654694498
 20
122.8645629289
 30
0.0
 10
215.5744689634
 20
122.839261983
 30
0.0
 10
215.291445631
 20
122.8185708764
 30
0.0
 10
215.1060144734
 20
122.8036660114
 30
0.0
 10
214.9409649112
 20
122.7887966989
 30
0.0
 10
214.7977807648
 20
122.7739814786
 30
0.0
 10
214.6776961193
 20
122.7592726084
 30
0.0
 10
214.5818050079
 20
122.7446712838
 30
0.0
 10
214.5174508421
 20
122.7318711278
 30
0.0
 10
214.4789235441
 20
122.7209658759
 30
0.0
 10
214.4640030249
 20
122.7154277602
 30
0.0
 10
214.4577497668
 20
122.7124925517
 30
0.0
  0
SPLINE
  5
AC2
100
AcDbEntity
  8
0
100
AcDbSpline
 62
7
  6
CONTINUOUS
 70
0
 71
3
 72
13
 73
9
 74
0
 42
0.0000001
 43
0.0000001
 44
0.0000000001
 40
0.0
 40
0.0
 40
0.0
 40
0.0
 40
0.107258178
 40
0.2295601179
 40
0.362176994
 40
0.5000982162
 40
0.770495779
 40
1.0
 40
1.0
 40
1.0
 40
1.0
 10
219.1237287478
 20
119.3406880427
 30
0.0
 10
218.999564549
 20
119.3313443682
 30
0.0
 10
218.7336538623
 20
119.3136320154
 30
0.0
 10
218.3140891969
 20
119.2864138127
 30
0.0
 10
217.8589930834
 20
119.2569995039
 30
0.0
 10
217.2323900271
 20
119.215588637
 30
0.0
 10
216.4937664141
 20
119.1637715571
 30
0.0
 10
215.9157026859
 20
119.1110349009
 30
0.0
 10
215.651020153
 20
119.0805714649
 30
0.0
  0
SPLINE
  5
AC3
100
AcDbEntity
  8
0
100
AcDbSpline
 62
7
  6
CONTINUOUS
 70
0
 71
3
 72
13
 73
9
 74
0
 42
0.0000001
 43
0.0000001
 44
0.0000000001
 40
0.0
 40
0.0
 40
0.0
 40
0.0
 40
0.10718581
 40
0.2293899859
 40
0.3619222098
 40
0.499808175
 40
0.7703101352
 40
1.0
 40
1.0
 40
1.0
 40
1.0
 10
215.652717501
 20
119.3476485904
 30
0.0
 10
215.7766745175
 20
119.3570154434
 30
0.0
 10
216.0421214241
 20
119.3748236669
 30
0.0
 10
216.4609676372
 20
119.4022448515
 30
0.0
 10
216.9153514158
 20
119.4318983501
 30
0.0
 10
217.541305025
 20
119.4736110654
 30
0.0
 10
218.2794898353
 20
119.5256391761
 30
0.0
 10
218.8573426404
 20
119.578063378
 30
0.0
 10
219.122029215
 20
119.6081089405
 30
0.0
  0
SPLINE
  5
AC4
100
AcDbEntity
  8
0
100
AcDbSpline
 62
7
  6
CONTINUOUS
 70
0
 71
3
 72
36
 73
32
 74
0
 42
0.0000001
 43
0.0000001
 44
0.0000000001
 40
0.0
 40
0.0
 40
0.0
 40
0.0
 40
0.0013743236
 40
0.0023037374
 40
0.0034480978
 40
0.0064495507
 40
0.010457154
 40
0.0154959552
 40
0.021569941
 40
0.0286725665
 40
0.0367938678
 40
0.0560387495
 40
0.079151245
 40
0.1059433098
 40
0.1361846983
 40
0.1696181109
 40
0.2059535089
 40
0.2860511492
 40
0.3737031338
 40
0.4658677648
 40
0.5593444823
 40
0.6508865997
 40
0.737315461
 40
0.8156325084
 40
0.8831261002
 40
0.9120714941
 40
0.9374723936
 40
0.9591199814
 40
0.9768318952
 40
0.9904829228
 40
1.0
 40
1.0
 40
1.0
 40
1.0
 10
220.3382004097
 20
122.1941599832
 30
0.0
 10
220.338201958
 20
122.1914581652
 30
0.0
 10
220.3357938775
 20
122.1870557631
 30
0.0
 10
220.3307110301
 20
122.182642476
 30
0.0
 10
220.3222800178
 20
122.1772044939
 30
0.0
 10
220.3075093413
 20
122.1708319154
 30
0.0
 10
220.2849485669
 20
122.1635765082
 30
0.0
 10
220.2561116958
 20
122.1562958188
 30
0.0
 10
220.2210547106
 20
122.1489637688
 30
0.0
 10
220.1798308782
 20
122.1416072308
 30
0.0
 10
220.1128719061
 20
122.1311739697
 30
0.0
 10
220.0144372405
 20
122.1184643957
 30
0.0
 10
219.8792795941
 20
122.1038324412
 30
0.0
 10
219.7223994101
 20
122.08915284
 30
0.0
 10
219.5451567086
 20
122.0744282231
 30
0.0
 10
219.3490965179
 20
122.0596787032
 30
0.0
 10
219.0551730926
 20
122.0393207606
 30
0.0
 10
218.654730085
 20
122.0143628372
 30
0.0
 10
218.1445906926
 20
121.9851886681
 30
0.0
 10
217.6081111186
 20
121.9559681186
 30
0.0
 10
217.0639738171
 20
121.9267322499
 30
0.0
 10
216.5311279723
 20
121.8975160151
 30
0.0
 10
216.0281265313
 20
121.868366629
 30
0.0
 10
215.5724836678
 20
121.8393196777
 30
0.0
 10
215.2298325873
 20
121.8142047544
 30
0.0
 10
214.9911965377
 20
121.7935189024
 30
0.0
 10
214.8425120597
 20
121.7788541249
 30
0.0
 10
214.7160376243
 20
121.7642585934
 30
0.0
 10
214.6127902304
 20
121.7498169229
 30
0.0
 10
214.5337282928
 20
121.73551939
 30
0.0
 10
214.4893811313
 20
121.7245062041
 30
0.0
 10
214.4717699604
 20
121.7181890952
 30
0.0
  0
SPLINE
  5
AC5
100
AcDbEntity
  8
0
100
AcDbSpline
 62
7
  6
CONTINUOUS
 70
0
 71
3
 72
9
 73
5
 74
0
 42
0.0000001
 43
0.0000001
 44
0.0000000001
 40
0.0
 40
0.0
 40
0.0
 40
0.0
 40
0.2715553321
 40
1.0
 40
1.0
 40
1.0
 40
1.0
 10
214.4717699604
 20
121.7181890952
 30
0.0
 10
214.4704809251
 20
121.7177267196
 30
0.0
 10
214.4657502315
 20
121.7159805066
 30
0.0
 10
214.4610831736
 20
121.7140530357
 30
0.0
 10
214.4577575275
 20
121.7124925795
 30
0.0
  0
SPLINE
  5
AC6
100
AcDbEntity
  8
0
100
AcDbSpline
 62
7
  6
CONTINUOUS
 70
0
 71
3
 72
36
 73
32
 74
0
 42
0.0000001
 43
0.0000001
 44
0.0000000001
 40
0.0
 40
0.0
 40
0.0
 40
0.0
 40
0.0013766926
 40
0.0023079873
 40
0.0034548291
 40
0.0064635679
 40
0.0104824612
 40
0.0155360983
 40
0.0216268186
 40
0.0287488468
 40
0.0368930901
 40
0.056192301
 40
0.0793677938
 40
0.1062327336
 40
0.1365529952
 40
0.1700721342
 40
0.2064961132
 40
0.286776511
 40
0.3746041159
 40
0.4669210325
 40
0.5605108117
 40
0.6521121142
 40
0.7385337621
 40
0.8167676281
 40
0.8840961804
 40
0.9129276475
 40
0.9381940568
 40
0.9596871016
 40
0.9772255325
 40
0.9906861825
 40
1.0
 40
1.0
 40
1.0
 40
1.0
 10
220.3382006021
 20
115.194159957
 30
0.0
 10
220.3381992756
 20
115.1914524303
 30
0.0
 10
220.3357805351
 20
115.1870434013
 30
0.0
 10
220.3306831827
 20
115.1826231268
 30
0.0
 10
220.3222262037
 20
115.177175598
 30
0.0
 10
220.3074083937
 20
115.1707918754
 30
0.0
 10
220.2847723562
 20
115.1635255725
 30
0.0
 10
220.2558394185
 20
115.1562340673
 30
0.0
 10
220.2206685457
 20
115.1488889897
 30
0.0
 10
220.1793123892
 20
115.1415199362
 30
0.0
 10
220.1121369659
 20
115.1310699274
 30
0.0
 10
220.013387913
 20
115.1183400812
 30
0.0
 10
219.8778036385
 20
115.1036828928
 30
0.0
 10
219.7204399604
 20
115.0889802654
 30
0.0
 10
219.5426614005
 20
115.0742303734
 30
0.0
 10
219.3460270544
 20
115.0594574245
 30
0.0
 10
219.0512872939
 20
115.0390664417
 30
0.0
 10
218.6498098367
 20
115.0140697494
 30
0.0
 10
218.1384684091
 20
114.9848482775
 30
0.0
 10
217.6009138707
 20
114.9555807857
 30
0.0
 10
217.0559279324
 20
114.926298312
 30
0.0
 10
216.52255196
 20
114.8970361014
 30
0.0
 10
216.01941849
 20
114.8678421149
 30
0.0
 10
215.5641040633
 20
114.8387521241
 30
0.0
 10
215.2220360451
 20
114.8135946175
 30
0.0
 10
214.9841265723
 20
114.7928662676
 30
0.0
 10
214.8361816481
 20
114.7781809119
 30
0.0
 10
214.7105762993
 20
114.763565667
 30
0.0
 10
214.608315711
 20
114.749112245
 30
0.0
 10
214.530363148
 20
114.734803079
 30
0.0
 10
214.4867871171
 20
114.7237698259
 30
0.0
 10
214.4696121504
 20
114.7174021565
 30
0.0
  0
SPLINE
  5
AC7
100
AcDbEntity
  8
0
100
AcDbSpline
 62
7
  6
CONTINUOUS
 70
0
 71
3
 72
9
 73
5
 74
0
 42
0.0000001
 43
0.0000001
 44
0.0000000001
 40
0.0
 40
0.0
 40
0.0
 40
0.0
 40
0.2688277115
 40
1.0
 40
1.0
 40
1.0
 40
1.0
 10
214.4696121504
 20
114.7174021565
 30
0.0
 10
214.468533919
 20
114.717002399
 30
0.0
 10
214.4645358602
 20
114.7154817277
 30
0.0
 10
214.46058922
 20
114.7138208607
 30
0.0
 10
214.4577577527
 20
114.712492211
 30
0.0
  0
SPLINE
  5
AC8
100
AcDbEntity
  8
0
100
AcDbSpline
 62
7
  6
CONTINUOUS
 70
0
 71
3
 72
13
 73
9
 74
0
 42
0.0000001
 43
0.0000001
 44
0.0000000001
 40
0.0
 40
0.0
 40
0.0
 40
0.0
 40
0.1072483062
 40
0.2295432501
 40
0.3621602446
 40
0.5000923128
 40
0.7704927393
 40
1.0
 40
1.0
 40
1.0
 40
1.0
 10
219.1300689088
 20
118.3430659062
 30
0.0
 10
219.0054274232
 20
118.3341066429
 30
0.0
 10
218.7385105929
 20
118.3170348565
 30
0.0
 10
218.3173755668
 20
118.2903702634
 30
0.0
 10
217.8605751842
 20
118.2611730039
 30
0.0
 10
217.231642471
 20
118.2196365938
 30
0.0
 10
216.4903164964
 20
118.1670140602
 30
0.0
 10
215.9102199293
 20
118.1127578824
 30
0.0
 10
215.6446690518
 20
118.0812278971
 30
0.0
  0
SPLINE
  5
AC9
100
AcDbEntity
  8
0
100
AcDbSpline
 62
7
  6
CONTINUOUS
 70
0
 71
3
 72
13
 73
9
 74
0
 42
0.0000001
 43
0.0000001
 44
0.0000000001
 40
0.0
 40
0.0
 40
0.0
 40
0.0
 40
0.1071791571
 40
0.2293793267
 40
0.3619117447
 40
0.4998004698
 40
0.7702978355
 40
1.0
 40
1.0
 40
1.0
 40
1.0
 10
215.646347043
 20
118.345259227
 30
0.0
 10
215.770786411
 20
118.3542391493
 30
0.0
 10
216.0372496711
 20
118.3713984947
 30
0.0
 10
216.4576776894
 20
118.3982593852
 30
0.0
 10
216.9137642945
 20
118.4276898186
 30
0.0
 10
217.5420358326
 20
118.4695295255
 30
0.0
 10
218.2829248134
 20
118.5223587059
 30
0.0
 10
218.8628175354
 20
118.5763245245
 30
0.0
 10
219.1283887814
 20
118.6074333712
 30
0.0
  0
SPLINE
  5
ACA
100
AcDbEntity
  8
0
100
AcDbSpline
 62
7
  6
CONTINUOUS
 70
0
 71
3
 72
13
 73
9
 74
0
 42
0.0000001
 43
0.0000001
 44
0.0000000001
 40
0.0
 40
0.0
 40
0.0
 40
0.0
 40
0.1071682229
 40
0.2293620149
 40
0.3618951983
 40
0.4997904033
 40
0.7702928966
 40
1.0
 40
1.0
 40
1.0
 40
1.0
 10
215.6399767769
 20
117.3429000769
 30
0.0
 10
215.7648932581
 20
117.3514803302
 30
0.0
 10
216.0323632768
 20
117.368001632
 30
0.0
 10
216.4543672879
 20
117.3942863982
 30
0.0
 10
216.9121607763
 20
117.4234841872
 30
0.0
 10
217.5427693015
 20
117.4654421598
 30
0.0
 10
218.2863685672
 20
117.5191107331
 30
0.0
 10
218.8683055201
 20
117.574602616
 30
0.0
 10
219.1347481271
 20
117.6067925304
 30
0.0
  0
SPLINE
  5
ACB
100
AcDbEntity
  8
0
100
AcDbSpline
 62
7
  6
CONTINUOUS
 70
0
 71
3
 72
13
 73
9
 74
0
 42
0.0000001
 43
0.0000001
 44
0.0000000001
 40
0.0
 40
0.0
 40
0.0
 40
0.0
 40
0.1072379698
 40
0.2295256595
 40
0.3621428689
 40
0.5000829541
 40
0.7704902706
 40
1.0
 40
1.0
 40
1.0
 40
1.0
 10
219.1364092592
 20
117.3454139823
 30
0.0
 10
219.0112912691
 20
117.3368514351
 30
0.0
 10
218.7433707723
 20
117.3204112741
 30
0.0
 10
218.320664998
 20
117.2943124073
 30
0.0
 10
217.8621617894
 20
117.26534363
 30
0.0
 10
217.2308950269
 20
117.2236899592
 30
0.0
 10
216.4868666436
 20
117.1702256271
 30
0.0
 10
215.9047315861
 20
117.1144637047
 30
0.0
 10
215.6383177305
 20
117.0818496876
 30
0.0
  0
SPLINE
  5
ACC
100
AcDbEntity
  8
0
100
AcDbSpline
 62
7
  6
CONTINUOUS
 70
0
 71
3
 72
13
 73
9
 74
0
 42
0.0000001
 43
0.0000001
 44
0.0000000001
 40
0.0
 40
0.0
 40
0.0
 40
0.0
 40
0.1072260313
 40
0.2295076048
 40
0.3621296123
 40
0.500077306
 40
0.7704879461
 40
1.0
 40
1.0
 40
1.0
 40
1.0
 10
219.1427497999
 20
116.3477320978
 30
0.0
 10
219.0171576104
 20
116.3395774142
 30
0.0
 10
218.7482354501
 20
116.3237604323
 30
0.0
 10
218.3239529716
 20
116.298240489
 30
0.0
 10
217.8637386959
 20
116.2695107008
 30
0.0
 10
217.230134278
 20
116.2277474896
 30
0.0
 10
216.4834088938
 20
116.1734070702
 30
0.0
 10
215.8992382807
 20
116.1161501195
 30
0.0
 10
215.6319661884
 20
116.0824367438
 30
0.0
  0
SPLINE
  5
ACD
100
AcDbEntity
  8
0
100
AcDbSpline
 62
7
  6
CONTINUOUS
 70
0
 71
3
 72
13
 73
9
 74
0
 42
0.0000001
 43
0.0000001
 44
0.0000000001
 40
0.0
 40
0.0
 40
0.0
 40
0.0
 40
0.1071570425
 40
0.2293435177
 40
0.3618782346
 40
0.4997835991
 40
0.7702890331
 40
1.0
 40
1.0
 40
1.0
 40
1.0
 10
215.633606704
 20
116.3405713111
 30
0.0
 10
215.7589995347
 20
116.3487407728
 30
0.0
 10
216.0274734154
 20
116.3646317087
 30
0.0
 10
216.4510538897
 20
116.3903278436
 30
0.0
 10
216.9105603228
 20
116.4192818877
 30
0.0
 10
217.5435112644
 20
116.4613499996
 30
0.0
 10
218.2898204549
 20
116.5158940902
 30
0.0
 10
218.8737992473
 20
116.572899133
 30
0.0
 10
219.1411072516
 20
116.6061865055
 30
0.0
  0
SPLINE
  5
ACE
100
AcDbEntity
  8
0
100
AcDbSpline
 62
7
  6
CONTINUOUS
 70
0
 71
3
 72
38
 73
34
 74
0
 42
0.0000001
 43
0.0000001
 44
0.0000000001
 40
0.0
 40
0.0
 40
0.0
 40
0.0
 40
0.0013891316
 40
0.002332635
 40
0.0034972977
 40
0.0065580182
 40
0.0106476437
 40
0.0157884992
 40
0.0219868135
 40
0.0292377908
 40
0.0375283249
 40
0.0571656525
 40
0.0807477741
 40
0.1080683596
 40
0.1388952945
 40
0.172952144
 40
0.2099428661
 40
0.2913801646
 40
0.3803181096
 40
0.4735960376
 40
0.5678968539
 40
0.6598666372
 40
0.7462354082
 40
0.8239352672
 40
0.8586596429
 40
0.8902130297
 40
0.9183207057
 40
0.9427344707
 40
0.9632478295
 40
0.9796908564
 40
0.9919493712
 40
0.9964971854
 40
1.0
 40
1.0
 40
1.0
 40
1.0
 10
220.3381918275
 20
116.1941599963
 30
0.0
 10
220.3381939028
 20
116.1914220577
 30
0.0
 10
220.3357262579
 20
116.1869579268
 30
0.0
 10
220.3305334376
 20
116.1825006152
 30
0.0
 10
220.3218939699
 20
116.1769952401
 30
0.0
 10
220.3067627061
 20
116.1705515968
 30
0.0
 10
220.2836617317
 20
116.1632113923
 30
0.0
 10
220.2541418695
 20
116.1558416184
 30
0.0
 10
220.2182549303
 20
116.1484211579
 30
0.0
 10
220.1760526047
 20
116.1409786047
 30
0.0
 10
220.1075204563
 20
116.130423126
 30
0.0
 10
220.0067996659
 20
116.117557758
 30
0.0
 10
219.8685526056
 20
116.1027567519
 30
0.0
 10
219.7081481022
 20
116.087897821
 30
0.0
 10
219.5270253287
 20
116.07300107
 30
0.0
 10
219.3267876858
 20
116.0580731577
 30
0.0
 10
219.0269491324
 20
116.0374837757
 30
0.0
 10
218.619013078
 20
116.0122405289
 30
0.0
 10
218.1001982797
 20
115.9827255166
 30
0.0
 10
217.5559936203
 20
115.9531651733
 30
0.0
 10
217.0058057129
 20
115.92359139
 30
0.0
 10
216.4692534063
 20
115.8940463476
 30
0.0
 10
215.9654697408
 20
115.8645631447
 30
0.0
 10
215.5744666468
 20
115.8392602445
 30
0.0
 10
215.2914439621
 20
115.8185720604
 30
0.0
 10
215.1060094599
 20
115.8036638479
 30
0.0
 10
214.9409639825
 20
115.7887985736
 30
0.0
 10
214.797776645
 20
115.7739785844
 30
0.0
 10
214.6776959952
 20
115.7592750542
 30
0.0
 10
214.5818020664
 20
115.7446684763
 30
0.0
 10
214.5174482454
 20
115.7318702106
 30
0.0
 10
214.4789197089
 20
115.720968429
 30
0.0
 10
214.4640042789
 20
115.7154270552
 30
0.0
 10
214.4577552129
 20
115.7124921465
 30
0.0
  0
SPLINE
  5
ACF
100
AcDbEntity
  8
0
100
AcDbSpline
 62
7
  6
CONTINUOUS
 70
0
 71
3
 72
13
 73
9
 74
0
 42
0.0000001
 43
0.0000001
 44
0.0000000001
 40
0.0
 40
0.0
 40
0.0
 40
0.0
 40
0.10721199
 40
0.2294871745
 40
0.3621116604
 40
0.5000694486
 40
0.7704858846
 40
1.0
 40
1.0
 40
1.0
 40
1.0
 10
219.1490905321
 20
115.350020081
 30
0.0
 10
219.0230272317
 20
115.3422831171
 30
0.0
 10
218.753107452
 20
115.3270822486
 30
0.0
 10
218.3272526564
 20
115.3021557409
 30
0.0
 10
217.8653253853
 20
115.2736754165
 30
0.0
 10
217.2293772765
 20
115.2318102019
 30
0.0
 10
216.4799498534
 20
115.176560618
 30
0.0
 10
215.8937400462
 20
115.1178147433
 30
0.0
 10
215.625614425
 20
115.0829889758
 30
0.0
  0
SPLINE
  5
AD0
100
AcDbEntity
  8
0
100
AcDbSpline
 62
7
  6
CONTINUOUS
 70
0
 71
3
 72
13
 73
9
 74
0
 42
0.0000001
 43
0.0000001
 44
0.0000000001
 40
0.0
 40
0.0
 40
0.0
 40
0.0
 40
0.1071447948
 40
0.2293251325
 40
0.3618628729
 40
0.4997729174
 40
0.7702849419
 40
1.0
 40
1.0
 40
1.0
 40
1.0
 10
215.6272368253
 20
115.3382730991
 30
0.0
 10
215.7531040979
 20
115.3460219215
 30
0.0
 10
216.0225806384
 20
115.361289412
 30
0.0
 10
216.4477404079
 20
115.386383502
 30
0.0
 10
216.9089584712
 20
115.4150824408
 30
0.0
 10
217.5442542379
 20
115.4572528773
 30
0.0
 10
218.2932707668
 20
115.5127062977
 30
0.0
 10
218.8792970508
 20
115.5712162459
 30
0.0
 10
219.1474661542
 20
115.605615381
 30
0.0
  0
SPLINE
  5
AD1
100
AcDbEntity
  8
0
100
AcDbSpline
 62
7
  6
CONTINUOUS
 70
0
 71
3
 72
15
 73
11
 74
0
 42
0.0000001
 43
0.0000001
 44
0.0000000001
 40
0.0
 40
0.0
 40
0.0
 40
0.0
 40
0.107196992
 40
0.2294661251
 40
0.362093188
 40
0.500051765
 40
0.6379622981
 40
0.7704739786
 40
0.8926702134
 40
1.0
 40
1.0
 40
1.0
 40
1.0
 10
219.155431457
 20
114.3522777614
 30
0.0
 10
219.0288968484
 20
114.3449667674
 30
0.0
 10
218.757976654
 20
114.3303766922
 30
0.0
 10
218.3305419909
 20
114.3060584035
 30
0.0
 10
217.8669025319
 20
114.2778293572
 30
0.0
 10
217.3849477044
 20
114.246183966
 30
0.0
 10
216.9033389532
 20
114.211466819
 30
0.0
 10
216.4406609784
 20
114.1735499524
 30
0.0
 10
216.014579191
 20
114.1322438813
 30
0.0
 10
215.7450466421
 20
114.1003175386
 30
0.0
 10
215.6192624397
 20
114.0835062969
 30
0.0
  0
SPLINE
  5
AD2
100
AcDbEntity
  8
0
100
AcDbSpline
 62
7
  6
CONTINUOUS
 70
0
 71
3
 72
13
 73
9
 74
0
 42
0.0000001
 43
0.0000001
 44
0.0000000001
 40
0.0
 40
0.0
 40
0.0
 40
0.0
 40
0.1071313283
 40
0.2293065843
 40
0.3618468216
 40
0.4997651888
 40
0.7702839781
 40
1.0
 40
1.0
 40
1.0
 40
1.0
 10
215.6208671417
 20
114.3360056088
 30
0.0
 10
215.7472065937
 20
114.3433253505
 30
0.0
 10
216.0176844762
 20
114.3579748012
 30
0.0
 10
216.4444236473
 20
114.3824528725
 30
0.0
 10
216.907360227
 20
114.4108860024
 30
0.0
 10
217.5450075075
 20
114.4531517044
 30
0.0
 10
218.2967316088
 20
114.5095466955
 30
0.0
 10
218.8848026584
 20
114.5695568791
 30
0.0
 10
219.1538248346
 20
114.6050792384
 30
0.0
  0
SPLINE
  5
AD3
100
AcDbEntity
  8
0
100
AcDbSpline
 62
7
  6
CONTINUOUS
 70
0
 71
3
 72
15
 73
11
 74
0
 42
0.0000001
 43
0.0000001
 44
0.0000000001
 40
0.0
 40
0.0
 40
0.0
 40
0.0
 40
0.1071148035
 40
0.2292843435
 40
0.361828264
 40
0.4997496966
 40
0.6376791761
 40
0.7702697703
 40
0.8925751276
 40
1.0
 40
1.0
 40
1.0
 40
1.0
 10
215.6144976545
 20
113.3337690068
 30
0.0
 10
215.7413068826
 20
113.3406527196
 30
0.0
 10
216.0127855056
 20
113.3546882121
 30
0.0
 10
216.4411094524
 20
113.3785342569
 30
0.0
 10
216.9057688286
 20
113.4067000571
 30
0.0
 10
217.3889126585
 20
113.438636757
 30
0.0
 10
217.8718790146
 20
113.4739521049
 30
0.0
 10
218.3360160425
 20
113.5126669466
 30
0.0
 10
218.7635272102
 20
113.5548760615
 30
0.0
 10
219.0339785554
 20
113.5874364595
 30
0.0
 10
219.1601832921
 20
113.6045781561
 30
0.0
  0
SPLINE
  5
AD4
100
AcDbEntity
  8
0
100
AcDbSpline
 62
7
  6
CONTINUOUS
 70
0
 71
3
 72
38
 73
34
 74
0
 42
0.0000001
 43
0.0000001
 44
0.0000000001
 40
0.0
 40
0.0
 40
0.0
 40
0.0
 40
0.0013899737
 40
0.0023336019
 40
0.0034975562
 40
0.0065562431
 40
0.0106466662
 40
0.0157896277
 40
0.0219875727
 40
0.0292361679
 40
0.0375270202
 40
0.0571664784
 40
0.0807463489
 40
0.1080692006
 40
0.1388938295
 40
0.1729528553
 40
0.2099414767
 40
0.2913789525
 40
0.38031716
 40
0.473595407
 40
0.567896563
 40
0.6598666657
 40
0.7462356959
 40
0.8239357231
 40
0.8586580734
 40
0.8902135451
 40
0.9183191674
 40
0.9427349337
 40
0.9632464335
 40
0.979691164
 40
0.9919482169
 40
0.9964950779
 40
1.0
 40
1.0
 40
1.0
 40
1.0
 10
220.338196672
 20
117.1941599063
 30
0.0
 10
220.3381940174
 20
117.1914203077
 30
0.0
 10
220.3357183999
 20
117.1869597037
 30
0.0
 10
220.3305260947
 20
117.1825018656
 30
0.0
 10
220.321893602
 20
117.1769950517
 30
0.0
 10
220.3067677277
 20
117.1705478525
 30
0.0
 10
220.2836636102
 20
117.1632112352
 30
0.0
 10
220.2541381769
 20
117.1558436774
 30
0.0
 10
220.2182527581
 20
117.1484222416
 30
0.0
 10
220.1760557727
 20
117.1409768904
 30
0.0
 10
220.1075231487
 20
117.1304232749
 30
0.0
 10
220.0068017608
 20
117.1175597518
 30
0.0
 10
219.8685508384
 20
117.1027546605
 30
0.0
 10
219.7081504334
 20
117.087899895
 30
0.0
 10
219.527023716
 20
117.072999342
 30
0.0
 10
219.3267901785
 20
117.0580746715
 30
0.0
 10
219.0269512612
 20
117.0374823936
 30
0.0
 10
218.6190182522
 20
117.0122410196
 30
0.0
 10
218.1002018688
 20
116.9827254329
 30
0.0
 10
217.5559952427
 20
116.9531652752
 30
0.0
 10
217.005805275
 20
116.9235913999
 30
0.0
 10
216.469251007
 20
116.8940465609
 30
0.0
 10
215.9654657906
 20
116.8645627344
 30
0.0
 10
215.5744656049
 20
116.8392618123
 30
0.0
 10
215.2914426354
 20
116.8185706116
 30
0.0
 10
215.1060117494
 20
116.8036657149
 30
0.0
 10
214.9409625684
 20
116.7887966134
 30
0.0
 10
214.797778548
 20
116.773980805
 30
0.0
 10
214.6776946599
 20
116.7592730902
 30
0.0
 10
214.5818036741
 20
116.7446696421
 30
0.0
 10
214.5174505931
 20
116.7318726563
 30
0.0
 10
214.4789244591
 20
116.7209649795
 30
0.0
 10
214.464005737
 20
116.7154265666
 30
0.0
 10
214.4577518203
 20
116.7124922121
 30
0.0
  0
SPLINE
  5
AD5
100
AcDbEntity
  8
0
100
AcDbSpline
 62
7
  6
CONTINUOUS
 70
0
 71
3
 72
15
 73
11
 74
0
 42
0.0000001
 43
0.0000001
 44
0.0000000001
 40
0.0
 40
0.0
 40
0.0
 40
0.0
 40
0.1071806984
 40
0.2294441207
 40
0.3620766813
 40
0.5000456831
 40
0.6379603284
 40
0.770474461
 40
0.8926679688
 40
1.0
 40
1.0
 40
1.0
 40
1.0
 10
219.1617725754
 20
113.3545049699
 30
0.0
 10
219.0347710457
 20
113.3476269946
 30
0.0
 10
218.7628565127
 20
113.3336443953
 30
0.0
 10
218.3338451777
 20
113.3099468416
 30
0.0
 10
217.8684828893
 20
113.2819892769
 30
0.0
 10
217.3847463566
 20
113.2502736092
 30
0.0
 10
216.9013856835
 20
113.2151249647
 30
0.0
 10
216.437067679
 20
113.176461399
 30
0.0
 10
216.0095182635
 20
113.1341202234
 30
0.0
 10
215.7390914985
 20
113.1013292241
 30
0.0
 10
215.612910232
 20
113.0839886232
 30
0.0
  0
SPLINE
  5
AD6
100
AcDbEntity
  8
0
100
AcDbSpline
 62
7
  6
CONTINUOUS
 70
0
 71
3
 72
15
 73
11
 74
0
 42
0.0000001
 43
0.0000001
 44
0.0000000001
 40
0.0
 40
0.0
 40
0.0
 40
0.0
 40
0.1071604993
 40
0.2294164401
 40
0.3620545838
 40
0.5000358977
 40
0.6379636577
 40
0.7704808765
 40
0.8926697736
 40
1.0
 40
1.0
 40
1.0
 40
1.0
 10
219.1681138886
 20
112.3567015392
 30
0.0
 10
219.0406511587
 20
112.3502621276
 30
0.0
 10
218.7677497128
 20
112.3368854662
 30
0.0
 10
218.337167404
 20
112.3138232288
 30
0.0
 10
217.8700798403
 20
112.2861480427
 30
0.0
 10
217.3845463185
 20
112.2543654461
 30
0.0
 10
216.8994189138
 20
112.2187756241
 30
0.0
 10
216.4334518265
 20
112.179350954
 30
0.0
 10
216.0044427224
 20
112.1359625831
 30
0.0
 10
215.7331296803
 20
112.1023079298
 30
0.0
 10
215.6065578014
 20
112.0844358739
 30
0.0
  0
SPLINE
  5
AD7
100
AcDbEntity
  8
0
100
AcDbSpline
 62
7
  6
CONTINUOUS
 70
0
 71
3
 72
15
 73
11
 74
0
 42
0.0000001
 43
0.0000001
 44
0.0000000001
 40
0.0
 40
0.0
 40
0.0
 40
0.0
 40
0.10709714
 40
0.2292618056
 40
0.3618114704
 40
0.4997379455
 40
0.6376751359
 40
0.7702687383
 40
0.8925722795
 40
1.0
 40
1.0
 40
1.0
 40
1.0
 10
215.6081283647
 20
112.3315634577
 30
0.0
 10
215.7354028957
 20
112.3380056637
 30
0.0
 10
216.0078768956
 20
112.3514282669
 30
0.0
 10
216.4377817232
 20
112.3746303203
 30
0.0
 10
216.9041647829
 20
112.4025074854
 30
0.0
 10
217.3890945891
 20
112.4345096711
 30
0.0
 10
217.8738167596
 20
112.4702672107
 30
0.0
 10
218.3396042744
 20
112.5097465335
 30
0.0
 10
218.7685889164
 20
112.5530068387
 30
0.0
 10
219.0399385613
 20
112.5864370488
 30
0.0
 10
219.1665415263
 20
112.6041122094
 30
0.0
  0
SPLINE
  5
AD8
100
AcDbEntity
  8
0
100
AcDbSpline
 62
7
  6
CONTINUOUS
 70
0
 71
3
 72
15
 73
11
 74
0
 42
0.0000001
 43
0.0000001
 44
0.0000000001
 40
0.0
 40
0.0
 40
0.0
 40
0.0
 40
0.1071390907
 40
0.2293885905
 40
0.3620355112
 40
0.5000270273
 40
0.6379627112
 40
0.7704856838
 40
0.8926705726
 40
1.0
 40
1.0
 40
1.0
 40
1.0
 10
219.1744553976
 20
111.3588673033
 30
0.0
 10
219.0465341305
 20
111.3528701975
 30
0.0
 10
218.7726464994
 20
111.3401005228
 30
0.0
 10
218.3404888305
 20
111.3176860912
 30
0.0
 10
217.8716712
 20
111.2903047489
 30
0.0
 10
217.3843432775
 20
111.2584588758
 30
0.0
 10
216.8974533703
 20
111.2224202693
 30
0.0
 10
216.429839638
 20
111.1822206449
 30
0.0
 10
215.9993672764
 20
111.1377737654
 30
0.0
 10
215.7271672858
 20
111.1032532109
 30
0.0
 10
215.6002051474
 20
111.0848479712
 30
0.0
  0
SPLINE
  5
AD9
100
AcDbEntity
  8
0
100
AcDbSpline
 62
7
  6
CONTINUOUS
 70
0
 71
3
 72
15
 73
11
 74
0
 42
0.0000001
 43
0.0000001
 44
0.0000000001
 40
0.0
 40
0.0
 40
0.0
 40
0.0
 40
0.1070753676
 40
0.2292332383
 40
0.3617892924
 40
0.499729829
 40
0.6376765354
 40
0.7702732297
 40
0.8925732875
 40
1.0
 40
1.0
 40
1.0
 40
1.0
 10
215.6017592732
 20
111.3293891245
 30
0.0
 10
215.7294929557
 20
111.33538594
 30
0.0
 10
216.002954539
 20
111.3481947729
 30
0.0
 10
216.43443458
 20
111.3707388593
 30
0.0
 10
216.9025526637
 20
111.3983164987
 30
0.0
 10
217.3892842699
 20
111.4303810217
 30
0.0
 10
217.8757762696
 20
111.4665904761
 30
0.0
 10
218.3432142747
 20
111.5068482695
 30
0.0
 10
218.7736641871
 20
111.5511715872
 30
0.0
 10
219.0459045266
 20
111.5854713324
 30
0.0
 10
219.1728995367
 20
111.6036814706
 30
0.0
  0
SPLINE
  5
ADA
100
AcDbEntity
  8
0
100
AcDbSpline
 62
7
  6
CONTINUOUS
 70
0
 71
3
 72
15
 73
11
 74
0
 42
0.0000001
 43
0.0000001
 44
0.0000000001
 40
0.0
 40
0.0
 40
0.0
 40
0.0
 40
0.1071171507
 40
0.229361007
 40
0.3620149096
 40
0.5000169043
 40
0.637960577
 40
0.7704883373
 40
0.8926737837
 40
1.0
 40
1.0
 40
1.0
 40
1.0
 10
219.1807971034
 20
110.361002098
 30
0.0
 10
219.0524192543
 20
110.3554493054
 30
0.0
 10
218.7775455038
 20
110.3432902888
 30
0.0
 10
218.3438135771
 20
110.321535591
 30
0.0
 10
217.8732644546
 20
110.2944599868
 30
0.0
 10
217.3841415721
 20
110.2625541715
 30
0.0
 10
216.8954886202
 20
110.2260589991
 30
0.0
 10
216.4262240648
 20
110.1850699636
 30
0.0
 10
215.9942885184
 20
110.1395534865
 30
0.0
 10
215.721200455
 20
110.1041632028
 30
0.0
 10
215.5938522695
 20
110.0852248407
 30
0.0
  0
SPLINE
  5
ADB
100
AcDbEntity
  8
0
100
AcDbSpline
 62
7
  6
CONTINUOUS
 70
0
 71
3
 72
15
 73
11
 74
0
 42
0.0000001
 43
0.0000001
 44
0.0000000001
 40
0.0
 40
0.0
 40
0.0
 40
0.0
 40
0.1070541986
 40
0.229205422
 40
0.3617705125
 40
0.4997202418
 40
0.6376747599
 40
0.7702779196
 40
0.892575517
 40
1.0
 40
1.0
 40
1.0
 40
1.0
 10
215.5953903811
 20
110.3272461685
 30
0.0
 10
215.7235825618
 20
110.3327957181
 30
0.0
 10
215.998032157
 20
110.3449868772
 30
0.0
 10
216.4310920449
 20
110.3668616941
 30
0.0
 10
216.9009449027
 20
110.3941272801
 30
0.0
 10
217.3894758384
 20
110.4262507554
 30
0.0
 10
217.8777350469
 20
110.4629197504
 30
0.0
 10
218.346826438
 20
110.5039705736
 30
0.0
 10
218.778743757
 20
110.5493683928
 30
0.0
 10
219.0518731927
 20
110.5845401756
 30
0.0
 10
219.179257323
 20
110.6032860086
 30
0.0
  0
LINE
  5
ADC
100
AcDbEntity
  8
0
100
AcDbLine
 62
7
  6
CONTINUOUS
 10
217.3794641486
 20
109.4222390077
 11
217.3903125543
 21
109.423005026
  0
SPLINE
  5
ADD
100
AcDbEntity
  8
0
100
AcDbSpline
 62
7
  6
CONTINUOUS
 70
0
 71
3
 72
11
 73
7
 74
0
 42
0.0000001
 43
0.0000001
 44
0.0000000001
 40
0.0
 40
0.0
 40
0.0
 40
0.0
 40
0.2757694526
 40
0.540828978
 40
0.7852773878
 40
1.0
 40
1.0
 40
1.0
 40
1.0
 10
217.3903125543
 20
109.423005026
 30
0.0
 10
217.555792267
 20
109.4347082886
 30
0.0
 10
217.8802124675
 20
109.459297898
 30
0.0
 10
218.3507703373
 20
109.5011466366
 30
0.0
 10
218.7839809181
 20
109.5476158884
 30
0.0
 10
219.0578914996
 20
109.5836520006
 30
0.0
 10
219.1856148846
 20
109.6029258894
 30
0.0
  0
SPLINE
  5
ADE
100
AcDbEntity
  8
0
100
AcDbSpline
 62
7
  6
CONTINUOUS
 70
0
 71
3
 72
38
 73
34
 74
0
 42
0.0000001
 43
0.0000001
 44
0.0000000001
 40
0.0
 40
0.0
 40
0.0
 40
0.0
 40
0.0035048729
 40
0.0080512278
 40
0.0203085795
 40
0.0367529429
 40
0.0572651776
 40
0.0816806381
 40
0.1097866854
 40
0.1413419484
 40
0.176064605
 40
0.2537646649
 40
0.3401336901
 40
0.4321037654
 40
0.5264048899
 40
0.6196831129
 40
0.7086213074
 40
0.7900587831
 40
0.8270471708
 40
0.8611064417
 40
0.891930717
 40
0.9192539528
 40
0.9428333323
 40
0.962473299
 40
0.9707636361
 40
0.9780122424
 40
0.9842106144
 40
0.9893537742
 40
0.9934436295
 40
0.99650209
 40
0.9976661414
 40
0.9986099065
 40
1.0
 40
1.0
 40
1.0
 40
1.0
 10
220.3186440509
 20
120.975827617
 30
0.0
 10
220.3123899831
 20
120.972893831
 30
0.0
 10
220.2974726375
 20
120.9673551895
 30
0.0
 10
220.2589474724
 20
120.9564457972
 30
0.0
 10
220.194595266
 20
120.9436503704
 30
0.0
 10
220.0987033363
 20
120.9290453984
 30
0.0
 10
219.9786192195
 20
120.9143393703
 30
0.0
 10
219.8354338055
 20
120.8995224327
 30
0.0
 10
219.6703849086
 20
120.884654051
 30
0.0
 10
219.4849532397
 20
120.8697486658
 30
0.0
 10
219.2019302886
 20
120.8490579349
 30
0.0
 10
218.8109298966
 20
120.8237567629
 30
0.0
 10
218.3071452276
 20
120.7942730694
 30
0.0
 10
217.7705916792
 20
120.7647282444
 30
0.0
 10
217.2204024815
 20
120.7351544135
 30
0.0
 10
216.6761965889
 20
120.7055943168
 30
0.0
 10
216.1573808556
 20
120.6760787045
 30
0.0
 10
215.749448767
 20
120.6508375902
 30
0.0
 10
215.4496101834
 20
120.6302449972
 30
0.0
 10
215.2493775067
 20
120.6153207875
 30
0.0
 10
215.0682505012
 20
120.600419629
 30
0.0
 10
214.9078510911
 20
120.5855657746
 30
0.0
 10
214.7695996744
 20
120.5707594624
 30
0.0
 10
214.6688791841
 20
120.5578974254
 30
0.0
 10
214.6003467809
 20
120.5473428063
 30
0.0
 10
214.558149993
 20
120.5398975085
 30
0.0
 10
214.5222632899
 20
120.5324763451
 30
0.0
 10
214.4927375549
 20
120.5251096244
 30
0.0
 10
214.4696349221
 20
120.5177720172
 30
0.0
 10
214.4545108845
 20
120.5113243667
 30
0.0
 10
214.4458781452
 20
120.5058179102
 30
0.0
 10
214.4406849139
 20
120.5013603119
 30
0.0
 10
214.4382076601
 20
120.4968998331
 30
0.0
 10
214.43820473
 20
120.4941600018
 30
0.0
  0
SPLINE
  5
ADF
100
AcDbEntity
  8
0
100
AcDbSpline
 62
7
  6
CONTINUOUS
 70
0
 71
3
 72
38
 73
34
 74
0
 42
0.0000001
 43
0.0000001
 44
0.0000000001
 40
0.0
 40
0.0
 40
0.0
 40
0.0
 40
0.0035026894
 40
0.0080494949
 40
0.020309172
 40
0.0367511958
 40
0.0572655338
 40
0.0816785122
 40
0.1097869258
 40
0.141339778
 40
0.1760646283
 40
0.2537644285
 40
0.340133153
 40
0.4321029105
 40
0.5264037275
 40
0.6196816853
 40
0.7086196879
 40
0.7900570673
 40
0.827047375
 40
0.8611047353
 40
0.8919309986
 40
0.9192523578
 40
0.9428335653
 40
0.9624719022
 40
0.9707616586
 40
0.9780123028
 40
0.9842116454
 40
0.9893526537
 40
0.9934415208
 40
0.9965018119
 40
0.9976667146
 40
0.9986107277
 40
1.0
 40
1.0
 40
1.0
 40
1.0
 10
220.3186430502
 20
119.9758276287
 30
0.0
 10
220.3123939757
 20
119.9728933244
 30
0.0
 10
220.2974810707
 20
119.9673519306
 30
0.0
 10
220.2589533047
 20
119.9564468655
 30
0.0
 10
220.1946000204
 20
119.9436538996
 30
0.0
 10
220.0987046974
 20
119.9290429078
 30
0.0
 10
219.9786252094
 20
119.9143424831
 30
0.0
 10
219.8354363571
 20
119.8995203405
 30
0.0
 10
219.6703919283
 20
119.8846565781
 30
0.0
 10
219.4849562455
 20
119.8697473353
 30
0.0
 10
219.2019338255
 20
119.8490599639
 30
0.0
 10
218.8109301779
 20
119.8237565471
 30
0.0
 10
218.3071469297
 20
119.7942735202
 30
0.0
 10
217.7705949517
 20
119.7647284399
 30
0.0
 10
217.2204072225
 20
119.7351546692
 30
0.0
 10
216.6762025725
 20
119.7055943699
 30
0.0
 10
216.1573876292
 20
119.6760792348
 30
0.0
 10
215.7494522277
 20
119.6508364254
 30
0.0
 10
215.449613476
 20
119.6302463843
 30
0.0
 10
215.2493769694
 20
119.6153193292
 30
0.0
 10
215.0682531552
 20
119.6004213706
 30
0.0
 10
214.9078501457
 20
119.5855640953
 30
0.0
 10
214.7696016625
 20
119.5707609174
 30
0.0
 10
214.668881962
 20
119.5578978577
 30
0.0
 10
214.6003501953
 20
119.5473412397
 30
0.0
 10
214.5581482396
 20
119.5398977354
 30
0.0
 10
214.5222592998
 20
119.5324788166
 30
0.0
 10
214.492738466
 20
119.5251094254
 30
0.0
 10
214.4696398419
 20
119.5177683325
 30
0.0
 10
214.4545110569
 20
119.5113238273
 30
0.0
 10
214.4458709745
 20
119.5058184034
 30
0.0
 10
214.4406743079
 20
119.5013635008
 30
0.0
 10
214.4382034488
 20
119.4968981476
 30
0.0
 10
214.4382064295
 20
119.4941599335
 30
0.0
  0
SPLINE
  5
AE0
100
AcDbEntity
  8
0
100
AcDbSpline
 62
7
  6
CONTINUOUS
 70
0
 71
3
 72
38
 73
34
 74
0
 42
0.0000001
 43
0.0000001
 44
0.0000000001
 40
0.0
 40
0.0
 40
0.0
 40
0.0
 40
0.0035049063
 40
0.0080523875
 40
0.020308888
 40
0.0367540494
 40
0.0572651978
 40
0.0816811882
 40
0.109786671
 40
0.1413421652
 40
0.17606456
 40
0.2537646188
 40
0.3401336355
 40
0.4321036804
 40
0.5264047451
 40
0.6196828819
 40
0.7086209754
 40
0.7900583491
 40
0.8270475574
 40
0.8611059173
 40
0.8919313466
 40
0.91925336
 40
0.9428341759
 40
0.9624726683
 40
0.9707641027
 40
0.9780132437
 40
0.98421072
 40
0.9893531538
 40
0.9934439271
 40
0.9965031119
 40
0.9976668928
 40
0.9986102604
 40
1.0
 40
1.0
 40
1.0
 40
1.0
 10
220.3186527481
 20
113.9758277841
 30
0.0
 10
220.3123991451
 20
113.9728928331
 30
0.0
 10
220.2974789396
 20
113.9673546707
 30
0.0
 10
220.2589522791
 20
113.9564488425
 30
0.0
 10
220.1945987932
 20
113.9436490785
 30
0.0
 10
220.0987083456
 20
113.9290477148
 30
0.0
 10
219.9786240527
 20
113.9143387228
 30
0.0
 10
219.8354404477
 20
113.8995236453
 30
0.0
 10
219.6703910858
 20
113.8846541769
 30
0.0
 10
219.4849603119
 20
113.8697494164
 30
0.0
 10
219.201937128
 20
113.8490581923
 30
0.0
 10
218.810936784
 20
113.8237572893
 30
0.0
 10
218.3071516051
 20
113.7942734595
 30
0.0
 10
217.7705976138
 20
113.7647286195
 30
0.0
 10
217.2204081117
 20
113.7351547587
 30
0.0
 10
216.676202067
 20
113.7055945518
 30
0.0
 10
216.157386272
 20
113.6760791409
 30
0.0
 10
215.7494525375
 20
113.6508372034
 30
0.0
 10
215.4496138885
 20
113.6302458057
 30
0.0
 10
215.2493789928
 20
113.6153200804
 30
0.0
 10
215.0682535296
 20
113.6004209126
 30
0.0
 10
214.9078514886
 20
113.5855644168
 30
0.0
 10
214.7696020167
 20
113.5707614299
 30
0.0
 10
214.6688797626
 20
113.5578958976
 30
0.0
 10
214.600346708
 20
113.5473430531
 30
0.0
 10
214.5581482506
 20
113.5398984647
 30
0.0
 10
214.5222638321
 20
113.5324765785
 30
0.0
 10
214.4927398553
 20
113.5251082024
 30
0.0
 10
214.4696353117
 20
113.5177714942
 30
0.0
 10
214.4545070359
 20
113.5113260173
 30
0.0
 10
214.4458749679
 20
113.5058183302
 30
0.0
 10
214.4406845097
 20
113.5013599211
 30
0.0
 10
214.4382120975
 20
113.4968991355
 30
0.0
 10
214.4382098788
 20
113.4941599979
 30
0.0
  0
SPLINE
  5
AE1
100
AcDbEntity
  8
0
100
AcDbSpline
 62
7
  6
CONTINUOUS
 70
0
 71
3
 72
38
 73
34
 74
0
 42
0.0000001
 43
0.0000001
 44
0.0000000001
 40
0.0
 40
0.0
 40
0.0
 40
0.0
 40
0.003504851
 40
0.0080524965
 40
0.0203090165
 40
0.036754224
 40
0.0572654389
 40
0.0816814129
 40
0.1097869955
 40
0.1413424251
 40
0.1760649346
 40
0.2537650105
 40
0.3401340141
 40
0.4321040206
 40
0.5264050274
 40
0.619683094
 40
0.7086211121
 40
0.7900584122
 40
0.8270477703
 40
0.861105915
 40
0.8919315387
 40
0.9192533056
 40
0.9428343475
 40
0.9624725795
 40
0.9707640587
 40
0.9780133951
 40
0.9842107794
 40
0.9893530524
 40
0.9934438399
 40
0.996503232
 40
0.9976670087
 40
0.9986103296
 40
1.0
 40
1.0
 40
1.0
 40
1.0
 10
220.318652632
 20
118.9758275995
 30
0.0
 10
220.3123992353
 20
118.972892466
 30
0.0
 10
220.2974787474
 20
118.9673543465
 30
0.0
 10
220.2589517231
 20
118.9564489736
 30
0.0
 10
220.1945978751
 20
118.9436487724
 30
0.0
 10
220.0987071252
 20
118.9290475897
 30
0.0
 10
219.9786226531
 20
118.9143385858
 30
0.0
 10
219.8354387583
 20
118.8995234429
 30
0.0
 10
219.6703893535
 20
118.8846540912
 30
0.0
 10
219.4849582976
 20
118.8697492099
 30
0.0
 10
219.2019349773
 20
118.8490581247
 30
0.0
 10
218.8109344139
 20
118.8237571465
 30
0.0
 10
218.3071493126
 20
118.7942733535
 30
0.0
 10
217.7705955503
 20
118.7647285146
 30
0.0
 10
217.2204063892
 20
118.7351546703
 30
0.0
 10
216.67620076
 20
118.7055944588
 30
0.0
 10
216.1573854062
 20
118.6760791089
 30
0.0
 10
215.7494516912
 20
118.6508370171
 30
0.0
 10
215.4496133052
 20
118.6302458794
 30
0.0
 10
215.2493781822
 20
118.6153198653
 30
0.0
 10
215.0682532195
 20
118.6004210716
 30
0.0
 10
214.9078508802
 20
118.5855641422
 30
0.0
 10
214.769601915
 20
118.5707616485
 30
0.0
 10
214.6688796814
 20
118.5578957807
 30
0.0
 10
214.6003466796
 20
118.5473429056
 30
0.0
 10
214.5581478668
 20
118.5398986331
 30
0.0
 10
214.522263595
 20
118.5324766175
 30
0.0
 10
214.4927401094
 20
118.5251081266
 30
0.0
 10
214.4696355969
 20
118.5177711014
 30
0.0
 10
214.4545065569
 20
118.5113262573
 30
0.0
 10
214.4458742216
 20
118.5058184086
 30
0.0
 10
214.4406840531
 20
118.5013599452
 30
0.0
 10
214.4382123956
 20
118.4968989959
 30
0.0
 10
214.4382104706
 20
118.4941599944
 30
0.0
  0
SPLINE
  5
AE2
100
AcDbEntity
  8
0
100
AcDbSpline
 62
7
  6
CONTINUOUS
 70
0
 71
3
 72
37
 73
33
 74
0
 42
0.0000001
 43
0.0000001
 44
0.0000000001
 40
0.0
 40
0.0
 40
0.0
 40
0.0
 40
0.0037860487
 40
0.0086119534
 40
0.0214065367
 40
0.0383372486
 40
0.0592883077
 40
0.0840823565
 40
0.1125137503
 40
0.1792612548
 40
0.2572006944
 40
0.3435942895
 40
0.4354006407
 40
0.5293848373
 40
0.6222342443
 40
0.710676709
 40
0.7915974992
 40
0.8283343964
 40
0.8621518138
 40
0.8927514086
 40
0.9198694574
 40
0.9432686486
 40
0.9627561712
 40
0.9709804877
 40
0.9781732544
 40
0.9843242971
 40
0.9894268084
 40
0.9934840071
 40
0.9965208293
 40
0.9976776208
 40
0.9986160901
 40
1.0
 40
1.0
 40
1.0
 40
1.0
 10
220.3137339099
 20
117.9736521565
 30
0.0
 10
220.3068597877
 20
117.9707660175
 30
0.0
 10
220.2907789704
 20
117.9652775851
 30
0.0
 10
220.2500242175
 20
117.9544619851
 30
0.0
 10
220.1831249134
 20
117.9417074637
 30
0.0
 10
220.0844016525
 20
117.927137421
 30
0.0
 10
219.9618385079
 20
117.9124839189
 30
0.0
 10
219.8165166599
 20
117.8977175485
 30
0.0
 10
219.5811862217
 20
117.8768453787
 30
0.0
 10
219.2412122039
 20
117.8515375926
 30
0.0
 10
218.7871097008
 20
117.8222996036
 30
0.0
 10
218.2835766907
 20
117.7929506721
 30
0.0
 10
217.748404084
 20
117.7635289659
 30
0.0
 10
217.2005015161
 20
117.7340846937
 30
0.0
 10
216.6592316823
 20
117.7046539835
 30
0.0
 10
216.1437229673
 20
117.6752688307
 30
0.0
 10
215.738649014
 20
117.6501354384
 30
0.0
 10
215.4410709495
 20
117.6296328948
 30
0.0
 10
215.2424337002
 20
117.6147749183
 30
0.0
 10
215.0627936398
 20
117.5999415191
 30
0.0
 10
214.9037411639
 20
117.5851540845
 30
0.0
 10
214.7666745802
 20
117.5704139678
 30
0.0
 10
214.6668306153
 20
117.5576114634
 30
0.0
 10
214.5989014812
 20
117.5471014729
 30
0.0
 10
214.5570763988
 20
117.5396905932
 30
0.0
 10
214.52150564
 20
117.5323042535
 30
0.0
 10
214.4922447715
 20
117.5249707276
 30
0.0
 10
214.469352209
 20
117.5176621137
 30
0.0
 10
214.4543637655
 20
117.5112440101
 30
0.0
 10
214.4458055288
 20
117.5057641857
 30
0.0
 10
214.4406526194
 20
117.5013246779
 30
0.0
 10
214.4382001967
 20
117.4968851322
 30
0.0
 10
214.4382012398
 20
117.4941599599
 30
0.0
  0
SPLINE
  5
AE3
100
AcDbEntity
  8
0
100
AcDbSpline
 62
7
  6
CONTINUOUS
 70
0
 71
3
 72
38
 73
34
 74
0
 42
0.0000001
 43
0.0000001
 44
0.0000000001
 40
0.0
 40
0.0
 40
0.0
 40
0.0
 40
0.0035026337
 40
0.008049642
 40
0.0203090904
 40
0.0367512274
 40
0.0572653893
 40
0.0816784391
 40
0.1097867379
 40
0.1413396182
 40
0.1760644146
 40
0.2537642041
 40
0.3401329301
 40
0.4321026983
 40
0.5264035318
 40
0.6196815089
 40
0.7086195311
 40
0.7900569284
 40
0.8270473835
 40
0.8611046113
 40
0.8919310713
 40
0.9192522447
 40
0.9428336894
 40
0.9624717961
 40
0.9707617041
 40
0.9780124601
 40
0.9842116397
 40
0.989352553
 40
0.993441559
 40
0.9965019717
 40
0.9976668594
 40
0.9986107858
 40
1.0
 40
1.0
 40
1.0
 40
1.0
 10
220.3186439978
 20
114.975827823
 30
0.0
 10
220.312395094
 20
114.9728934113
 30
0.0
 10
220.2974818982
 20
114.9673518868
 30
0.0
 10
220.2589540711
 20
114.956447656
 30
0.0
 10
220.1946008661
 20
114.943653588
 30
0.0
 10
220.098705949
 20
114.9290433859
 30
0.0
 10
219.9786265143
 20
114.9143424566
 30
0.0
 10
219.8354380351
 20
114.8995206217
 30
0.0
 10
219.6703936385
 20
114.8846566603
 30
0.0
 10
219.484958199
 20
114.8697475257
 30
0.0
 10
219.2019358223
 20
114.8490600681
 30
0.0
 10
218.8109322454
 20
114.8237566901
 30
0.0
 10
218.3071489316
 20
114.7942736363
 30
0.0
 10
217.7705968286
 20
114.7647285486
 30
0.0
 10
217.2204089377
 20
114.7351547681
 30
0.0
 10
216.67620411
 20
114.7055944462
 30
0.0
 10
216.1573889856
 20
114.6760793384
 30
0.0
 10
215.7494531764
 20
114.6508363927
 30
0.0
 10
215.4496143077
 20
114.6302465395
 30
0.0
 10
215.2493773769
 20
114.6153192393
 30
0.0
 10
215.0682537518
 20
114.6004215947
 30
0.0
 10
214.9078502728
 20
114.5855639008
 30
0.0
 10
214.7696020676
 20
114.5707612321
 30
0.0
 10
214.6688821045
 20
114.5578976667
 30
0.0
 10
214.600350235
 20
114.547341251
 30
0.0
 10
214.5581480366
 20
114.5398979381
 30
0.0
 10
214.5222594216
 20
114.5324788256
 30
0.0
 10
214.4927388838
 20
114.5251092156
 30
0.0
 10
214.4696398808
 20
114.5177682969
 30
0.0
 10
214.4545104815
 20
114.5113239473
 30
0.0
 10
214.4458703165
 20
114.5058185961
 30
0.0
 10
214.4406741935
 20
114.5013633463
 30
0.0
 10
214.4382043648
 20
114.4968980335
 30
0.0
 10
214.4382072708
 20
114.4941599335
 30
0.0
  0
SPLINE
  5
AE4
100
AcDbEntity
  8
0
100
AcDbSpline
 62
7
  6
CONTINUOUS
 70
0
 71
3
 72
38
 73
34
 74
0
 42
0.0000001
 43
0.0000001
 44
0.0000000001
 40
0.0
 40
0.0
 40
0.0
 40
0.0
 40
0.0035046124
 40
0.0080509305
 40
0.0203088097
 40
0.0367527617
 40
0.0572649662
 40
0.0816800998
 40
0.1097862613
 40
0.1413412764
 40
0.1760639826
 40
0.2537639158
 40
0.3401328734
 40
0.4321029402
 40
0.5264041096
 40
0.6196824236
 40
0.7086207443
 40
0.7900583651
 40
0.8270467808
 40
0.8611061708
 40
0.8919304174
 40
0.9192538158
 40
0.9428331025
 40
0.9624732691
 40
0.9707633984
 40
0.9780120567
 40
0.9842106027
 40
0.989353813
 40
0.9934434505
 40
0.9965019243
 40
0.997666045
 40
0.9986098768
 40
1.0
 40
1.0
 40
1.0
 40
1.0
 10
220.3186473581
 20
115.9758277602
 30
0.0
 10
220.3123939633
 20
115.9728937382
 30
0.0
 10
220.2974772261
 20
115.9673549799
 30
0.0
 10
220.2589514773
 20
115.9564458995
 30
0.0
 10
220.1945987678
 20
115.9436519995
 30
0.0
 10
220.0987068555
 20
115.9290456194
 30
0.0
 10
219.9786240993
 20
115.9143400992
 30
0.0
 10
219.8354391343
 20
115.8995227045
 30
0.0
 10
219.6703910004
 20
115.8846547491
 30
0.0
 10
219.4849594089
 20
115.8697490484
 30
0.0
 10
219.2019369066
 20
115.8490584897
 30
0.0
 10
218.8109365663
 20
115.823757153
 30
0.0
 10
218.3071519786
 20
115.7942734625
 30
0.0
 10
217.7705981564
 20
115.7647285889
 30
0.0
 10
217.2204083621
 20
115.7351547219
 30
0.0
 10
216.6762016106
 20
115.7055945902
 30
0.0
 10
216.1573848381
 20
115.6760789259
 30
0.0
 10
215.7494518995
 20
115.6508378269
 30
0.0
 10
215.4496125567
 20
115.6302451357
 30
0.0
 10
215.2493795121
 20
115.6153210109
 30
0.0
 10
215.0682519096
 20
115.6004196623
 30
0.0
 10
214.9078522896
 20
115.5855660521
 30
0.0
 10
214.7696003029
 20
115.570759316
 30
0.0
 10
214.668879871
 20
115.5578978252
 30
0.0
 10
214.6003474094
 20
115.5473427298
 30
0.0
 10
214.5581505484
 20
115.539897492
 30
0.0
 10
214.5222632547
 20
115.5324764081
 30
0.0
 10
214.4927374009
 20
115.525109989
 30
0.0
 10
214.4696352213
 20
115.5177718272
 30
0.0
 10
214.4545115156
 20
115.511324203
 30
0.0
 10
214.4458783145
 20
115.5058178843
 30
0.0
 10
214.4406845908
 20
115.5013604706
 30
0.0
 10
214.4382067034
 20
115.4968998909
 30
0.0
 10
214.4382039124
 20
115.4941599992
 30
0.0
  0
SPLINE
  5
AE5
100
AcDbEntity
  8
0
100
AcDbSpline
 62
7
  6
CONTINUOUS
 70
0
 71
3
 72
9
 73
5
 74
0
 42
0.0000001
 43
0.0000001
 44
0.0000000001
 40
0.0
 40
0.0
 40
0.0
 40
0.0
 40
0.2305846191
 40
1.0
 40
1.0
 40
1.0
 40
1.0
 10
220.3186504373
 20
116.9758278143
 30
0.0
 10
220.3177186905
 20
116.9753902421
 30
0.0
 10
220.3136517558
 20
116.9735482267
 30
0.0
 10
220.3094955445
 20
116.9719077912
 30
0.0
 10
220.3062717107
 20
116.970722469
 30
0.0
  0
SPLINE
  5
AE6
100
AcDbEntity
  8
0
100
AcDbSpline
 62
7
  6
CONTINUOUS
 70
0
 71
3
 72
36
 73
32
 74
0
 42
0.0000001
 43
0.0000001
 44
0.0000000001
 40
0.0
 40
0.0
 40
0.0
 40
0.0
 40
0.0093678215
 40
0.0228722862
 40
0.040456994
 40
0.0619855095
 40
0.0872879279
 40
0.1161454558
 40
0.1835153711
 40
0.2617702077
 40
0.3481938384
 40
0.4397804757
 40
0.5333420354
 40
0.6256208256
 40
0.7134043743
 40
0.7936388597
 40
0.8300421622
 40
0.8635381451
 40
0.8938409385
 40
0.9206851695
 40
0.9438478346
 40
0.9631303701
 40
0.9712707491
 40
0.9783894044
 40
0.9844741802
 40
0.9895224891
 40
0.9935401035
 40
0.9965487568
 40
0.99769472
 40
0.9986247199
 40
1.0
 40
1.0
 40
1.0
 40
1.0
 10
220.3062717107
 20
116.970722469
 30
0.0
 10
220.2889814968
 20
116.9643652941
 30
0.0
 10
220.2452110192
 20
116.9533469935
 30
0.0
 10
220.1669791521
 20
116.9390263493
 30
0.0
 10
220.0644774764
 20
116.9245871581
 30
0.0
 10
219.9386513717
 20
116.9099684395
 30
0.0
 10
219.7905266351
 20
116.8952941638
 30
0.0
 10
219.5524350715
 20
116.8745715006
 30
0.0
 10
219.2102240501
 20
116.8494278389
 30
0.0
 10
218.7548252517
 20
116.8203473993
 30
0.0
 10
218.2517222014
 20
116.7911648327
 30
0.0
 10
217.7184764091
 20
116.7619139176
 30
0.0
 10
217.1737007096
 20
116.7326430734
 30
0.0
 10
216.6364136044
 20
116.7033870881
 30
0.0
 10
216.1253719553
 20
116.6741778135
 30
0.0
 10
215.7241498584
 20
116.6491892552
 30
0.0
 10
215.4296140747
 20
116.6288087616
 30
0.0
 10
215.2331189834
 20
116.6140387498
 30
0.0
 10
215.0554773775
 20
116.5992991143
 30
0.0
 10
214.8982293474
 20
116.5845969365
 30
0.0
 10
214.7627558186
 20
116.5699526819
 30
0.0
 10
214.6640825538
 20
116.5572213609
 30
0.0
 10
214.5969601651
 20
116.5467781884
 30
0.0
 10
214.5556333676
 20
116.5394144469
 30
0.0
 10
214.5204949881
 20
116.5320709967
 30
0.0
 10
214.4915904378
 20
116.5247789867
 30
0.0
 10
214.4689698498
 20
116.5175165589
 30
0.0
 10
214.4541551037
 20
116.5111396025
 30
0.0
 10
214.4457038438
 20
116.505693407
 30
0.0
 10
214.4406153571
 20
116.501272787
 30
0.0
 10
214.4382108185
 20
116.496864452
 30
0.0
 10
214.4382116838
 20
116.4941599571
 30
0.0
  0
SPLINE
  5
AE7
100
AcDbEntity
  8
0
100
AcDbSpline
 62
7
  6
CONTINUOUS
 70
0
 71
3
 72
38
 73
34
 74
0
 42
0.0000001
 43
0.0000001
 44
0.0000000001
 40
0.0
 40
0.0
 40
0.0
 40
0.0
 40
0.0013893092
 40
0.0023329455
 40
0.0034976683
 40
0.0065584391
 40
0.0106479264
 40
0.0157883835
 40
0.0219860602
 40
0.0292367642
 40
0.0375272991
 40
0.0571643165
 40
0.0807462658
 40
0.1080664957
 40
0.1388932528
 40
0.1729499225
 40
0.2099405085
 40
0.2913776351
 40
0.3803155634
 40
0.4735936073
 40
0.5678946506
 40
0.6598647438
 40
0.746233877
 40
0.8239341187
 40
0.8586585137
 40
0.8902122531
 40
0.9183198853
 40
0.9427340266
 40
0.9632472775
 40
0.9796906804
 40
0.9919490304
 40
0.9964970182
 40
1.0
 40
1.0
 40
1.0
 40
1.0
 10
220.3382007388
 20
121.1941599035
 30
0.0
 10
220.3382010221
 20
121.191421612
 30
0.0
 10
220.3357297634
 20
121.1869590354
 30
0.0
 10
220.3305357643
 20
121.1825023186
 30
0.0
 10
220.3218954052
 20
121.1769973541
 30
0.0
 10
220.306764208
 20
121.1705539346
 30
0.0
 10
220.2836642718
 20
121.1632134885
 30
0.0
 10
220.2541468854
 20
121.1558433273
 30
0.0
 10
220.218262684
 20
121.1484221805
 30
0.0
 10
220.176062122
 20
121.1409797268
 30
0.0
 10
220.1075310388
 20
121.1304245395
 30
0.0
 10
220.0068111472
 20
121.1175590345
 30
0.0
 10
219.868565623
 20
121.1027581887
 30
0.0
 10
219.70816242
 20
121.0878989855
 30
0.0
 10
219.5270409121
 20
121.0730022933
 30
0.0
 10
219.3268040969
 20
121.0580743216
 30
0.0
 10
219.0269662813
 20
121.0374848856
 30
0.0
 10
218.6190305624
 20
121.012241544
 30
0.0
 10
218.1002155153
 20
120.9827264617
 30
0.0
 10
217.5560098014
 20
120.9531660362
 30
0.0
 10
217.0058201902
 20
120.923592168
 30
0.0
 10
216.4692657027
 20
120.8940470591
 30
0.0
 10
215.9654795792
 20
120.8645637196
 30
0.0
 10
215.5744746683
 20
120.8392609211
 30
0.0
 10
215.291450301
 20
120.8185724216
 30
0.0
 10
215.1060149836
 20
120.8036644795
 30
0.0
 10
214.9409680702
 20
120.7887987447
 30
0.0
 10
214.7977801169
 20
120.7739792595
 30
0.0
 10
214.6776981998
 20
120.7592749778
 30
0.0
 10
214.5818038525
 20
120.7446692332
 30
0.0
 10
214.5174493631
 20
120.731870137
 30
0.0
 10
214.4789204254
 20
120.7209685272
 30
0.0
 10
214.4640041549
 20
120.7154273992
 30
0.0
 10
214.4577547898
 20
120.7124923399
 30
0.0
  0
SPLINE
  5
AE8
100
AcDbEntity
  8
0
100
AcDbSpline
 62
7
  6
CONTINUOUS
 70
0
 71
3
 72
37
 73
33
 74
0
 42
0.0000001
 43
0.0000001
 44
0.0000000001
 40
0.0
 40
0.0
 40
0.0
 40
0.0
 40
0.0013787502
 40
0.0023120853
 40
0.0034617496
 40
0.006478436
 40
0.0105081484
 40
0.0155756789
 40
0.021683524
 40
0.0288256065
 40
0.0369925269
 40
0.0563451846
 40
0.0795841018
 40
0.1065208598
 40
0.1369203462
 40
0.1705241148
 40
0.2070368654
 40
0.2874989725
 40
0.3755010733
 40
0.4679691457
 40
0.5616709248
 40
0.6533304934
 40
0.7397442267
 40
0.8178945036
 40
0.8850579781
 40
0.9137757361
 40
0.9389078477
 40
0.9602467474
 40
0.9776122581
 40
0.9908832393
 40
0.9959594859
 40
1.0
 40
1.0
 40
1.0
 40
1.0
 10
220.3382008999
 20
120.1941599629
 30
0.0
 10
220.3382001795
 20
120.1914473602
 30
0.0
 10
220.3357716138
 20
120.1870296768
 30
0.0
 10
220.330658368
 20
120.1826038855
 30
0.0
 10
220.322172502
 20
120.1771471464
 30
0.0
 10
220.307306158
 20
120.1707535965
 30
0.0
 10
220.2845970418
 20
120.1634750994
 30
0.0
 10
220.2555705396
 20
120.1561717067
 30
0.0
 10
220.2202855545
 20
120.1488148126
 30
0.0
 10
220.17879572
 20
120.1414338156
 30
0.0
 10
220.1114053644
 20
120.1309666035
 30
0.0
 10
220.0123440561
 20
120.1182160932
 30
0.0
 10
219.8763369009
 20
120.1035351338
 30
0.0
 10
219.718491452
 20
120.0888083257
 30
0.0
 10
219.5401816757
 20
120.0740345415
 30
0.0
 10
219.3429756791
 20
120.0592373182
 30
0.0
 10
219.0474254004
 20
120.038814438
 30
0.0
 10
218.6449202657
 20
120.0137786829
 30
0.0
 10
218.1323869832
 20
119.9845104319
 30
0.0
 10
217.5937680319
 20
119.9551962975
 30
0.0
 10
217.0479438588
 20
119.9258675627
 30
0.0
 10
216.5140473866
 20
119.8965597999
 30
0.0
 10
216.0107905078
 20
119.8673213274
 30
0.0
 10
215.5558105282
 20
119.8381894784
 30
0.0
 10
215.2143311446
 20
119.8129876483
 30
0.0
 10
214.9771475798
 20
119.7922205512
 30
0.0
 10
214.8299489228
 20
119.7775066186
 30
0.0
 10
214.705193588
 20
119.7628959159
 30
0.0
 10
214.6039695535
 20
119.7483655414
 30
0.0
 10
214.5348102129
 20
119.7356468061
 30
0.0
 10
214.4920804639
 20
119.7249114816
 30
0.0
 10
214.47496235
 20
119.7194677587
 30
0.0
 10
214.4675401377
 20
119.7166209065
 30
0.0
  0
LINE
  5
AE9
100
AcDbEntity
  8
0
100
AcDbLine
 62
7
  6
CONTINUOUS
 10
214.4675401377
 20
119.7166209065
 11
214.4577587557
 21
119.712492401
  0
SPLINE
  5
AEA
100
AcDbEntity
  8
0
100
AcDbSpline
 62
7
  6
CONTINUOUS
 70
0
 71
3
 72
38
 73
34
 74
0
 42
0.0000001
 43
0.0000001
 44
0.0000000001
 40
0.0
 40
0.0
 40
0.0
 40
0.0
 40
0.001389499
 40
0.002332737
 40
0.0034965667
 40
0.0065564981
 40
0.0106472058
 40
0.015789072
 40
0.021986337
 40
0.029236228
 40
0.037527702
 40
0.0571653723
 40
0.0807469736
 40
0.1080681956
 40
0.1388943398
 40
0.1729519994
 40
0.2099417974
 40
0.2913790348
 40
0.3803169779
 40
0.4735949639
 40
0.5678958925
 40
0.6598658314
 40
0.7462347859
 40
0.8239348384
 40
0.8586576988
 40
0.8902127846
 40
0.9183186997
 40
0.9427343812
 40
0.9632458638
 40
0.9796908758
 40
0.9919475567
 40
0.9964954997
 40
1.0
 40
1.0
 40
1.0
 40
1.0
 10
220.3381904673
 20
119.1941599546
 30
0.0
 10
220.3381894032
 20
119.1914212905
 30
0.0
 10
220.3357194765
 20
119.1869598168
 30
0.0
 10
220.3305297325
 20
119.1825012949
 30
0.0
 10
220.3218963097
 20
119.1769932586
 30
0.0
 10
220.3067655215
 20
119.1705498958
 30
0.0
 10
220.2836613377
 20
119.1632118437
 30
0.0
 10
220.2541390811
 20
119.155843132
 30
0.0
 10
220.2182548072
 20
119.1484208822
 30
0.0
 10
220.1760549753
 20
119.1409774584
 30
0.0
 10
220.1075220676
 20
119.1304242169
 30
0.0
 10
220.0067999034
 20
119.1175577822
 30
0.0
 10
219.868551909
 20
119.1027563456
 30
0.0
 10
219.7081486038
 20
119.087898403
 30
0.0
 10
219.5270245682
 20
119.0730004925
 30
0.0
 10
219.3267885576
 20
119.0580737539
 30
0.0
 10
219.0269503314
 20
119.0374832499
 30
0.0
 10
218.6190160389
 20
119.0122407499
 30
0.0
 10
218.1002010945
 20
118.9827255269
 30
0.0
 10
217.5559959166
 20
118.9531652768
 30
0.0
 10
217.005807188
 20
118.9235914513
 30
0.0
 10
216.4692538003
 20
118.8940465787
 30
0.0
 10
215.9654689555
 20
118.8645628909
 30
0.0
 10
215.574467858
 20
118.8392615822
 30
0.0
 10
215.2914445241
 20
118.8185710031
 30
0.0
 10
215.1060128374
 20
118.8036655835
 30
0.0
 10
214.9409639752
 20
118.7887968205
 30
0.0
 10
214.7977795273
 20
118.7739810874
 30
0.0
 10
214.6776954377
 20
118.7592725878
 30
0.0
 10
214.581804224
 20
118.7446711937
 30
0.0
 10
214.5174500022
 20
118.7318703934
 30
0.0
 10
214.478922481
 20
118.720966157
 30
0.0
 10
214.4640020484
 20
118.7154279264
 30
0.0
 10
214.4577496155
 20
118.7124923661
 30
0.0
  0
SPLINE
  5
AEB
100
AcDbEntity
  8
0
100
AcDbSpline
 62
7
  6
CONTINUOUS
 70
0
 71
3
 72
38
 73
34
 74
0
 42
0.0000001
 43
0.0000001
 44
0.0000000001
 40
0.0
 40
0.0
 40
0.0
 40
0.0
 40
0.0013894752
 40
0.0023336334
 40
0.0034985173
 40
0.0065584619
 40
0.01064705
 40
0.0157884628
 40
0.0219880645
 40
0.0292383788
 40
0.0375278176
 40
0.0571667897
 40
0.0807474028
 40
0.1080693189
 40
0.1388950799
 40
0.172952885
 40
0.2099428097
 40
0.2913802521
 40
0.380318313
 40
0.4735963195
 40
0.5678971719
 40
0.6598669494
 40
0.7462356783
 40
0.8239354689
 40
0.858660255
 40
0.8902131509
 40
0.9183216167
 40
0.942734516
 40
0.9632490394
 40
0.9796908507
 40
0.9919508408
 40
0.9964971255
 40
1.0
 40
1.0
 40
1.0
 40
1.0
 10
220.3381976964
 20
118.1941600006
 30
0.0
 10
220.3382005657
 20
118.1914213868
 30
0.0
 10
220.3357264996
 20
118.1869564805
 30
0.0
 10
220.3305292313
 20
118.1825018809
 30
0.0
 10
220.3218896278
 20
118.1769963384
 30
0.0
 10
220.3067625196
 20
118.1705513679
 30
0.0
 10
220.2836643887
 20
118.1632098915
 30
0.0
 10
220.2541425654
 20
118.155841381
 30
0.0
 10
220.2182529567
 20
118.1484225382
 30
0.0
 10
220.1760518551
 20
118.1409786396
 30
0.0
 10
220.1075201836
 20
118.1304215765
 30
0.0
 10
220.0068008854
 20
118.1175597571
 30
0.0
 10
219.8685513893
 20
118.1027552337
 30
0.0
 10
219.7081493572
 20
118.0878990746
 30
0.0
 10
219.5270246576
 20
118.0730002271
 30
0.0
 10
219.3267889927
 20
118.0580738603
 30
0.0
 10
219.0269500753
 20
118.0374832461
 30
0.0
 10
218.6190152165
 20
118.0122408119
 30
0.0
 10
218.1002000129
 20
117.9827255658
 30
0.0
 10
217.5559951497
 20
117.9531653037
 30
0.0
 10
217.0058072868
 20
117.9235915268
 30
0.0
 10
216.4692552597
 20
117.8940464556
 30
0.0
 10
215.9654720476
 20
117.8645634216
 30
0.0
 10
215.5744685858
 20
117.8392600418
 30
0.0
 10
215.2914462641
 20
117.8185726237
 30
0.0
 10
215.1060105471
 20
117.8036633706
 30
0.0
 10
214.9409660829
 20
117.7887997618
 30
0.0
 10
214.7977769993
 20
117.7739772329
 30
0.0
 10
214.6776975858
 20
117.7592776004
 30
0.0
 10
214.5818020352
 20
117.7446651311
 30
0.0
 10
214.5174490064
 20
117.7318745494
 30
0.0
 10
214.4789218747
 20
117.7209673733
 30
0.0
 10
214.4640095674
 20
117.71542645
 30
0.0
 10
214.4577599885
 20
117.7124923637
 30
0.0
  0
SPLINE
  5
AEC
100
AcDbEntity
  8
0
100
AcDbSpline
 62
7
  6
CONTINUOUS
 70
0
 71
3
 72
12
 73
8
 74
0
 42
0.0000001
 43
0.0000001
 44
0.0000000001
 40
0.0
 40
0.0
 40
0.0
 40
0.0
 40
0.130679641
 40
0.2192980599
 40
0.3285330746
 40
0.6155653151
 40
1.0
 40
1.0
 40
1.0
 40
1.0
 10
215.0156237791
 20
121.2275152968
 30
0.0
 10
215.0155842575
 20
121.2318535414
 30
0.0
 10
215.0193970279
 20
121.2389590314
 30
0.0
 10
215.0274992277
 20
121.2461450104
 30
0.0
 10
215.0410174183
 20
121.2550507189
 30
0.0
 10
215.0648327248
 20
121.2655244664
 30
0.0
 10
215.0860514232
 20
121.2724129321
 30
0.0
 10
215.098306073
 20
121.2759784839
 30
0.0
  0
SPLINE
  5
AED
100
AcDbEntity
  8
0
100
AcDbSpline
 62
7
  6
CONTINUOUS
 70
0
 71
3
 72
13
 73
9
 74
0
 42
0.0000001
 43
0.0000001
 44
0.0000000001
 40
0.0
 40
0.0
 40
0.0
 40
0.0
 40
0.1072769108
 40
0.2296038253
 40
0.5001337031
 40
0.7705479631
 40
0.892778281
 40
1.0
 40
1.0
 40
1.0
 40
1.0
 10
219.0920307433
 20
124.3283580626
 30
0.0
 10
218.9702838602
 20
124.3173179577
 30
0.0
 10
218.7094865738
 20
124.2961767974
 30
0.0
 10
218.1410426324
 20
124.2551279945
 30
0.0
 10
217.3868512933
 20
124.2054522236
 30
0.0
 10
216.6327929094
 20
124.1553147554
 30
0.0
 10
216.0648457147
 20
124.1116423219
 30
0.0
 10
215.8043751715
 20
124.0886716549
 30
0.0
 10
215.6827723784
 20
124.0767731192
 30
0.0
  0
SPLINE
  5
AEE
100
AcDbEntity
  8
0
100
AcDbSpline
 62
7
  6
CONTINUOUS
 70
0
 71
3
 72
9
 73
5
 74
0
 42
0.0000001
 43
0.0000001
 44
0.0000000001
 40
0.0
 40
0.0
 40
0.0
 40
0.0
 40
0.2329900584
 40
1.0
 40
1.0
 40
1.0
 40
1.0
 10
215.6845726328
 20
124.3600425273
 30
0.0
 10
215.7166080205
 20
124.3629618366
 30
0.0
 10
215.854133348
 20
124.3751806884
 30
0.0
 10
215.9917717991
 20
124.3860904083
 30
0.0
 10
216.097362294
 20
124.394159969
 30
0.0
  0
SPLINE
  5
AEF
100
AcDbEntity
  8
0
100
AcDbSpline
 62
7
  6
CONTINUOUS
 70
0
 71
3
 72
11
 73
7
 74
0
 42
0.0000001
 43
0.0000001
 44
0.0000000001
 40
0.0
 40
0.0
 40
0.0
 40
0.0
 40
0.3317460084
 40
0.6119343456
 40
0.8358371558
 40
1.0
 40
1.0
 40
1.0
 40
1.0
 10
215.6827723784
 20
124.0767731192
 30
0.0
 10
215.6157603105
 20
124.0702161524
 30
0.0
 10
215.4922195143
 20
124.0574309005
 30
0.0
 10
215.3237345598
 20
124.0374588736
 30
0.0
 10
215.1894970505
 20
124.0181161873
 30
0.0
 10
215.111965243
 20
124.0037726669
 30
0.0
 10
215.0795972125
 20
123.9958693163
 30
0.0
  0
SPLINE
  5
AF0
100
AcDbEntity
  8
0
100
AcDbSpline
 62
7
  6
CONTINUOUS
 70
0
 71
3
 72
11
 73
7
 74
0
 42
0.0000001
 43
0.0000001
 44
0.0000000001
 40
0.0
 40
0.0
 40
0.0
 40
0.0
 40
0.1645132035
 40
0.3885020984
 40
0.668508312
 40
1.0
 40
1.0
 40
1.0
 40
1.0
 10
215.0776539208
 20
124.2783847218
 30
0.0
 10
215.1101359012
 20
124.287008854
 30
0.0
 10
215.1880952988
 20
124.3024772459
 30
0.0
 10
215.3232237868
 20
124.322230871
 30
0.0
 10
215.4927881322
 20
124.3419181617
 30
0.0
 10
215.61713373
 20
124.353896979
 30
0.0
 10
215.6845726328
 20
124.3600425273
 30
0.0
  0
SPLINE
  5
AF1
100
AcDbEntity
  8
0
100
AcDbSpline
 62
7
  6
CONTINUOUS
 70
0
 71
3
 72
11
 73
7
 74
0
 42
0.0000001
 43
0.0000001
 44
0.0000000001
 40
0.0
 40
0.0
 40
0.0
 40
0.0
 40
0.3317693472
 40
0.6120293068
 40
0.8359153461
 40
1.0
 40
1.0
 40
1.0
 40
1.0
 10
215.6764223686
 20
123.0776012716
 30
0.0
 10
215.6108991298
 20
123.0709740357
 30
0.0
 10
215.4900930444
 20
123.058094954
 30
0.0
 10
215.3253248099
 20
123.03832728
 30
0.0
 10
215.1940249442
 20
123.0195265997
 30
0.0
 10
215.1181620563
 20
123.0058525391
 30
0.0
 10
215.0864584497
 20
122.9983838617
 30
0.0
  0
SPLINE
  5
AF2
100
AcDbEntity
  8
0
100
AcDbSpline
 62
7
  6
CONTINUOUS
 70
0
 71
3
 72
11
 73
7
 74
0
 42
0.0000001
 43
0.0000001
 44
0.0000000001
 40
0.0
 40
0.0
 40
0.0
 40
0.0
 40
0.1647118011
 40
0.3886365511
 40
0.6685997291
 40
1.0
 40
1.0
 40
1.0
 40
1.0
 10
215.0845382076
 20
123.2775483261
 30
0.0
 10
215.1162885594
 20
123.286236188
 30
0.0
 10
215.1925054736
 20
123.3018062408
 30
0.0
 10
215.32470026
 20
123.3212965982
 30
0.0
 10
215.4905728189
 20
123.34033037
 30
0.0
 10
215.6122274856
 20
123.3516831572
 30
0.0
 10
215.6782012313
 20
123.3575047094
 30
0.0
  0
SPLINE
  5
AF3
100
AcDbEntity
  8
0
100
AcDbSpline
 62
7
  6
CONTINUOUS
 70
0
 71
3
 72
11
 73
7
 74
0
 42
0.0000001
 43
0.0000001
 44
0.0000000001
 40
0.0
 40
0.0
 40
0.0
 40
0.0
 40
0.331796284
 40
0.6121060097
 40
0.8359815438
 40
1.0
 40
1.0
 40
1.0
 40
1.0
 10
215.6700721418
 20
122.0783952875
 30
0.0
 10
215.6060368673
 20
122.071702092
 30
0.0
 10
215.487967498
 20
122.0587508791
 30
0.0
 10
215.3269155259
 20
122.0392030904
 30
0.0
 10
215.198552776
 20
122.0209388323
 30
0.0
 10
215.1243585232
 20
122.0079108146
 30
0.0
 10
215.0933198862
 20
122.0008694438
 30
0.0
  0
SPLINE
  5
AF4
100
AcDbEntity
  8
0
100
AcDbSpline
 62
7
  6
CONTINUOUS
 70
0
 71
3
 72
11
 73
7
 74
0
 42
0.0000001
 43
0.0000001
 44
0.0000000001
 40
0.0
 40
0.0
 40
0.0
 40
0.0
 40
0.1649231624
 40
0.3888385249
 40
0.6687485932
 40
1.0
 40
1.0
 40
1.0
 40
1.0
 10
215.0914222586
 20
122.2767462133
 30
0.0
 10
215.1224399385
 20
122.2854969444
 30
0.0
 10
215.1969344434
 20
122.3011268817
 30
0.0
 10
215.3262078384
 20
122.3203327914
 30
0.0
 10
215.4883848073
 20
122.3387387508
 30
0.0
 10
215.6073324244
 20
122.3494990101
 30
0.0
 10
215.6718300163
 20
122.3549962299
 30
0.0
  0
SPLINE
  5
AF5
100
AcDbEntity
  8
0
100
AcDbSpline
 62
7
  6
CONTINUOUS
 70
0
 71
3
 72
11
 73
7
 74
0
 42
0.0000001
 43
0.0000001
 44
0.0000000001
 40
0.0
 40
0.0
 40
0.0
 40
0.0
 40
0.1651449186
 40
0.3890614786
 40
0.66889723
 40
1.0
 40
1.0
 40
1.0
 40
1.0
 10
215.098306073
 20
121.2759784839
 30
0.0
 10
215.1285897583
 20
121.2847896738
 30
0.0
 10
215.2013712834
 20
121.3004422636
 30
0.0
 10
215.3277215455
 20
121.3193584723
 30
0.0
 10
215.4862011331
 20
121.3371547793
 30
0.0
 10
215.6024368686
 20
121.3473425502
 30
0.0
 10
215.6654589888
 20
121.3525172663
 30
0.0
  0
SPLINE
  5
AF6
100
AcDbEntity
  8
0
100
AcDbSpline
 62
7
  6
CONTINUOUS
 70
0
 71
3
 72
11
 73
7
 74
0
 42
0.0000001
 43
0.0000001
 44
0.0000000001
 40
0.0
 40
0.0
 40
0.0
 40
0.0
 40
0.3318200328
 40
0.6121782589
 40
0.8360421813
 40
1.0
 40
1.0
 40
1.0
 40
1.0
 10
215.6637216973
 20
121.0791550604
 30
0.0
 10
215.6011748151
 20
121.0724012007
 30
0.0
 10
215.4858410077
 20
121.0594014712
 30
0.0
 10
215.3285046854
 20
121.0400798105
 30
0.0
 10
215.2030769396
 20
121.022350117
 30
0.0
 10
215.1305532545
 20
121.0099472274
 30
0.0
 10
215.1001815231
 20
121.003325884
 30
0.0
  0
SPLINE
  5
AF7
100
AcDbEntity
  8
0
100
AcDbSpline
 62
7
  6
CONTINUOUS
 70
0
 71
3
 72
11
 73
7
 74
0
 42
0.0000001
 43
0.0000001
 44
0.0000000001
 40
0.0
 40
0.0
 40
0.0
 40
0.0
 40
0.3318228034
 40
0.6122441961
 40
0.8361193851
 40
1.0
 40
1.0
 40
1.0
 40
1.0
 10
215.6573710346
 20
120.0798804866
 30
0.0
 10
215.5963161482
 20
120.0730724394
 30
0.0
 10
215.4837175576
 20
120.0600429424
 30
0.0
 10
215.3300914133
 20
120.0409592765
 30
0.0
 10
215.2075942393
 20
120.0237569047
 30
0.0
 10
215.1367421197
 20
120.0119610453
 30
0.0
 10
215.1070433617
 20
120.0057530047
 30
0.0
  0
SPLINE
  5
AF8
100
AcDbEntity
  8
0
100
AcDbSpline
 62
7
  6
CONTINUOUS
 70
0
 71
3
 72
11
 73
7
 74
0
 42
0.0000001
 43
0.0000001
 44
0.0000000001
 40
0.0
 40
0.0
 40
0.0
 40
0.0
 40
0.1653726391
 40
0.389289654
 40
0.6690494138
 40
1.0
 40
1.0
 40
1.0
 40
1.0
 10
215.1051896503
 20
120.2752452358
 30
0.0
 10
215.134737419
 20
120.2841128239
 30
0.0
 10
215.2058113406
 20
120.2997552817
 30
0.0
 10
215.329236404
 20
120.3183847336
 30
0.0
 10
215.4840196743
 20
120.3355739952
 30
0.0
 10
215.5975416223
 20
120.3452129445
 30
0.0
 10
215.65908815
 20
120.3500679948
 30
0.0
  0
SPLINE
  5
AF9
100
AcDbEntity
  8
0
100
AcDbSpline
 62
7
  6
CONTINUOUS
 70
0
 71
3
 72
11
 73
7
 74
0
 42
0.0000001
 43
0.0000001
 44
0.0000000001
 40
0.0
 40
0.0
 40
0.0
 40
0.0
 40
0.3318456804
 40
0.6123047984
 40
0.8361591082
 40
1.0
 40
1.0
 40
1.0
 40
1.0
 10
215.651020153
 20
119.0805714649
 30
0.0
 10
215.5914531227
 20
119.0737156426
 30
0.0
 10
215.4815881088
 20
119.0606827632
 30
0.0
 10
215.3316782499
 20
119.0418376619
 30
0.0
 10
215.212113349
 20
119.0251673227
 30
0.0
 10
215.1429348511
 20
119.0139545142
 30
0.0
 10
215.1139054032
 20
119.0081506295
 30
0.0
  0
SPLINE
  5
AFA
100
AcDbEntity
  8
0
100
AcDbSpline
 62
7
  6
CONTINUOUS
 70
0
 71
3
 72
11
 73
7
 74
0
 42
0.0000001
 43
0.0000001
 44
0.0000000001
 40
0.0
 40
0.0
 40
0.0
 40
0.0
 40
0.1655868746
 40
0.3895249035
 40
0.6692228205
 40
1.0
 40
1.0
 40
1.0
 40
1.0
 10
215.1120729898
 20
119.2745465642
 30
0.0
 10
215.1408798182
 20
119.2834640437
 30
0.0
 10
215.2102502265
 20
119.2990716251
 30
0.0
 10
215.3307527662
 20
119.3174084049
 30
0.0
 10
215.4818431825
 20
119.3340023697
 30
0.0
 10
215.5926499531
 20
119.3431095663
 30
0.0
 10
215.652717501
 20
119.3476485904
 30
0.0
  0
SPLINE
  5
AFB
100
AcDbEntity
  8
RUNDUNGEN
100
AcDbSpline
 62
7
  6
CONTINUOUS
 70
0
 71
3
 72
12
 73
8
 74
0
 42
0.0000001
 43
0.0000001
 44
0.0000000001
 40
0.0
 40
0.0
 40
0.0
 40
0.0
 40
0.0343214502
 40
0.0955043477
 40
0.3094823357
 40
0.6256373874
 40
1.0
 40
1.0
 40
1.0
 40
1.0
 10
194.578484446
 20
109.294159969
 30
0.0
 10
194.5738445491
 20
109.294159969
 30
0.0
 10
194.5627995704
 20
109.2841101122
 30
0.0
 10
194.5474950006
 20
109.2460003436
 30
0.0
 10
194.5314012441
 20
109.1664091762
 30
0.0
 10
194.5190608388
 20
109.0451940442
 30
0.0
 10
194.5148222512
 20
108.9517406993
 30
0.0
 10
194.5138113516
 20
108.9011409316
 30
0.0
  0
SPLINE
  5
AFC
100
AcDbEntity
  8
RUNDUNGEN
100
AcDbSpline
 62
7
  6
CONTINUOUS
 70
0
 71
3
 72
13
 73
9
 74
0
 42
0.0000001
 43
0.0000001
 44
0.0000000001
 40
0.0
 40
0.0
 40
0.0
 40
0.0
 40
0.3773431562
 40
0.6960962895
 40
0.8188200929
 40
0.911219632
 40
0.9709063413
 40
1.0
 40
1.0
 40
1.0
 40
1.0
 10
194.4098811314
 20
103.6871790064
 30
0.0
 10
194.408876474
 20
103.6366632069
 30
0.0
 10
194.4048071096
 20
103.5435877092
 30
0.0
 10
194.3940320491
 20
103.4341257106
 30
0.0
 10
194.382679854
 20
103.3639121559
 30
0.0
 10
194.3737366531
 20
103.3274078668
 30
0.0
 10
194.366651247
 20
103.305748198
 30
0.0
 10
194.3580704738
 20
103.294159969
 30
0.0
 10
194.3541748683
 20
103.294159969
 30
0.0
  0
SPLINE
  5
AFD
100
AcDbEntity
  8
RUNDUNGEN
100
AcDbSpline
 62
7
  6
CONTINUOUS
 70
0
 71
3
 72
14
 73
10
 74
0
 42
0.0000001
 43
0.0000001
 44
0.0000000001
 40
0.0
 40
0.0
 40
0.0
 40
0.0
 40
0.0164789727
 40
0.064588569
 40
0.1441270222
 40
0.2547280641
 40
0.3960067893
 40
0.5675731968
 40
1.0
 40
1.0
 40
1.0
 40
1.0
 10
222.8883534618
 20
123.4116210052
 30
0.0
 10
222.8883610707
 20
123.4120570886
 30
0.0
 10
222.891031252
 20
123.4116284468
 30
0.0
 10
222.8939192852
 20
123.4124309023
 30
0.0
 10
222.9007403672
 20
123.4123281326
 30
0.0
 10
222.9092818198
 20
123.4126957692
 30
0.0
 10
222.9205746353
 20
123.412854049
 30
0.0
 10
222.9402556425
 20
123.4131733346
 30
0.0
 10
222.9562598098
 20
123.4133228281
 30
0.0
 10
222.9677044357
 20
123.4134224859
 30
0.0
  0
SPLINE
  5
AFE
100
AcDbEntity
  8
RUNDUNGEN
100
AcDbSpline
 62
7
  6
CONTINUOUS
 70
0
 71
3
 72
18
 73
14
 74
0
 42
0.0000001
 43
0.0000001
 44
0.0000000001
 40
0.0
 40
0.0
 40
0.0
 40
0.0
 40
0.2258241351
 40
0.4260738311
 40
0.5983605628
 40
0.7409698597
 40
0.8531465167
 40
0.8975961779
 40
0.9341645073
 40
0.9627656257
 40
0.9833152842
 40
0.99573492
 40
1.0
 40
1.0
 40
1.0
 40
1.0
 10
211.6533921629
 20
123.4095346531
 30
0.0
 10
211.6710481812
 20
123.410301991
 30
0.0
 10
211.7043649749
 20
123.4116617553
 30
0.0
 10
211.7511682146
 20
123.4131463272
 30
0.0
 10
211.7914834852
 20
123.4137931512
 30
0.0
 10
211.8248986701
 20
123.4135956587
 30
0.0
 10
211.8483314609
 20
123.4130912975
 30
0.0
 10
211.8634137665
 20
123.412662399
 30
0.0
 10
211.8720556041
 20
123.4124738284
 30
0.0
 10
211.8785887003
 20
123.4121736619
 30
0.0
 10
211.8837968334
 20
123.4122328695
 30
0.0
 10
211.8860101409
 20
123.4116510544
 30
0.0
 10
211.8880428768
 20
123.4119461039
 30
0.0
 10
211.8880487015
 20
123.4116123754
 30
0.0
  0
LINE
  5
AFF
100
AcDbEntity
  8
RUNDUNGEN
100
AcDbLine
 62
7
  6
CONTINUOUS
 10
238.4402030659
 20
118.9116123754
 11
238.5143026897
 21
114.094159969
  0
LINE
  5
B00
100
AcDbEntity
  8
RUNDUNGEN
100
AcDbLine
 62
9
  6
CONTINUOUS
 10
212.9507523718
 20
110.2438906692
 11
212.9507521611
 21
113.1444292688
  0
SPLINE
  5
B01
100
AcDbEntity
  8
RUNDUNGEN
100
AcDbSpline
 62
7
  6
CONTINUOUS
 70
0
 71
3
 72
11
 73
7
 74
0
 42
0.0000001
 43
0.0000001
 44
0.0000000001
 40
0.0
 40
0.0
 40
0.0
 40
0.0
 40
0.2550803257
 40
0.5149971803
 40
0.7676205751
 40
1.0
 40
1.0
 40
1.0
 40
1.0
 10
224.0133443745
 20
109.2942026647
 30
0.0
 10
223.918952722
 20
109.2947833046
 30
0.0
 10
223.7292611963
 20
109.3179827975
 30
0.0
 10
223.4466246566
 20
109.3461548389
 30
0.0
 10
223.1703243209
 20
109.3459529878
 30
0.0
 10
222.9915859105
 20
109.3279463228
 30
0.0
 10
222.9062380098
 20
109.3174338553
 30
0.0
  0
SPLINE
  5
B02
100
AcDbEntity
  8
RUNDUNGEN
100
AcDbSpline
 62
7
  6
CONTINUOUS
 70
0
 71
3
 72
15
 73
11
 74
0
 42
0.0000001
 43
0.0000001
 44
0.0000000001
 40
0.0
 40
0.0
 40
0.0
 40
0.0
 40
0.0877808778
 40
0.1910455972
 40
0.3096059668
 40
0.4399029995
 40
0.5777921948
 40
0.7192633469
 40
0.8614929493
 40
1.0
 40
1.0
 40
1.0
 40
1.0
 10
222.5371927762
 20
114.0971485841
 30
0.0
 10
222.5802081947
 20
114.1024577745
 30
0.0
 10
222.6752423964
 20
114.1001937724
 30
0.0
 10
222.8267405225
 20
114.0809663866
 30
0.0
 10
222.9992333714
 20
114.0586766977
 30
0.0
 10
223.1897155558
 20
114.0437423176
 30
0.0
 10
223.3921866688
 20
114.0421488019
 30
0.0
 10
223.6000120548
 20
114.0568743609
 30
0.0
 10
223.8069544456
 20
114.0810572397
 30
0.0
 10
223.9452589804
 20
114.094065122
 30
0.0
 10
224.0136456513
 20
114.0944719838
 30
0.0
  0
SPLINE
  5
B03
100
AcDbEntity
  8
RUNDUNGEN
100
AcDbSpline
 62
9
  6
CONTINUOUS
 70
0
 71
3
 72
14
 73
10
 74
0
 42
0.0000001
 43
0.0000001
 44
0.0000000001
 40
0.0
 40
0.0
 40
0.0
 40
0.0
 40
0.0186881062
 40
0.0671469427
 40
0.1462411137
 40
0.2561427184
 40
0.3966029187
 40
0.5673292516
 40
1.0
 40
1.0
 40
1.0
 40
1.0
 10
222.8882010063
 20
123.394159969
 30
0.0
 10
222.8882010063
 20
123.3949335616
 30
0.0
 10
222.8919369558
 20
123.3958000642
 30
0.0
 10
222.8969258372
 20
123.3969774894
 30
0.0
 10
222.9072733619
 20
123.3977412087
 30
0.0
 10
222.9206792994
 20
123.3978639454
 30
0.0
 10
222.9381970248
 20
123.3981436544
 30
0.0
 10
222.9689111556
 20
123.4002872454
 30
0.0
 10
222.9934222859
 20
123.4055463771
 30
0.0
 10
223.0110917379
 20
123.4084741431
 30
0.0
  0
SPLINE
  5
B04
100
AcDbEntity
  8
RUNDUNGEN
100
AcDbSpline
 62
9
  6
CONTINUOUS
 70
0
 71
3
 72
9
 73
5
 74
0
 42
0.0000001
 43
0.0000001
 44
0.0000000001
 40
0.0
 40
0.0
 40
0.0
 40
0.0
 40
0.2362487262
 40
1.0
 40
1.0
 40
1.0
 40
1.0
 10
223.0110917379
 20
123.4084741431
 30
0.0
 10
223.0151882715
 20
123.4091529243
 30
0.0
 10
223.0325497377
 20
123.4118731939
 30
0.0
 10
223.0500947685
 20
123.4136058454
 30
0.0
 10
223.0635138727
 20
123.413966662
 30
0.0
  0
SPLINE
  5
B05
100
AcDbEntity
  8
RUNDUNGEN
100
AcDbSpline
 62
9
  6
CONTINUOUS
 70
0
 71
3
 72
23
 73
19
 74
0
 42
0.0000001
 43
0.0000001
 44
0.0000000001
 40
0.0
 40
0.0
 40
0.0
 40
0.0
 40
0.1754513355
 40
0.3548771468
 40
0.5275785188
 40
0.6084650019
 40
0.6842291349
 40
0.7538316811
 40
0.8162388645
 40
0.870568407
 40
0.9161349909
 40
0.952268434
 40
0.9666129762
 40
0.9784257393
 40
0.9876797764
 40
0.9943515496
 40
0.9984297866
 40
1.0
 40
1.0
 40
1.0
 40
1.0
 10
224.0843309756
 20
114.5100415085
 30
0.0
 10
224.0143394458
 20
114.5104673958
 30
0.0
 10
223.8727686118
 20
114.5109804568
 30
0.0
 10
223.662301122
 20
114.5108540806
 30
0.0
 10
223.4895603482
 20
114.5099976899
 30
0.0
 10
223.3581767895
 20
114.5088454315
 30
0.0
 10
223.2679236258
 20
114.5077985467
 30
0.0
 10
223.1850449399
 20
114.506570689
 30
0.0
 10
223.1107225308
 20
114.5051775809
 30
0.0
 10
223.0459893276
 20
114.5036411522
 30
0.0
 10
222.9917574198
 20
114.5019871394
 30
0.0
 10
222.9534493394
 20
114.5004552754
 30
0.0
 10
222.9286696223
 20
114.4991188696
 30
0.0
 10
222.9145000534
 20
114.4981895488
 30
0.0
 10
222.9036637582
 20
114.4972479626
 30
0.0
 10
222.8952959306
 20
114.4963554489
 30
0.0
 10
222.891244976
 20
114.4954659159
 30
0.0
 10
222.8881991477
 20
114.4947863754
 30
0.0
 10
222.8881992367
 20
114.4941599699
 30
0.0
  0
SPLINE
  5
B06
100
AcDbEntity
  8
RUNDUNGEN
100
AcDbSpline
 62
7
  6
CONTINUOUS
 70
0
 71
3
 72
15
 73
11
 74
0
 42
0.0000001
 43
0.0000001
 44
0.0000000001
 40
0.0
 40
0.0
 40
0.0
 40
0.0
 40
0.1384976964
 40
0.2807171165
 40
0.4221785769
 40
0.56005693
 40
0.6903512827
 40
0.8089231855
 40
0.9122041785
 40
1.0
 40
1.0
 40
1.0
 40
1.0
 10
210.762687363
 20
114.0950503894
 30
0.0
 10
210.8310714428
 20
114.0946281355
 30
0.0
 10
210.9693663325
 20
114.0815634776
 30
0.0
 10
211.1762913561
 20
114.0573044427
 30
0.0
 10
211.3841025999
 20
114.0425027597
 30
0.0
 10
211.5865687582
 20
114.0440097967
 30
0.0
 10
211.7770630304
 20
114.0588477306
 30
0.0
 10
211.949586683
 20
114.0810388909
 30
0.0
 10
212.1011176888
 20
114.1002086109
 30
0.0
 10
212.1961691067
 20
114.1024610355
 30
0.0
 10
212.2391929611
 20
114.0971489846
 30
0.0
  0
SPLINE
  5
B07
100
AcDbEntity
  8
RUNDUNGEN
100
AcDbSpline
 62
9
  6
CONTINUOUS
 70
0
 71
3
 72
11
 73
7
 74
0
 42
0.0000001
 43
0.0000001
 44
0.0000000001
 40
0.0
 40
0.0
 40
0.0
 40
0.0
 40
0.3856995946
 40
0.6862627126
 40
0.8924313225
 40
1.0
 40
1.0
 40
1.0
 40
1.0
 10
211.6534890504
 20
123.4095404286
 30
0.0
 10
211.6832569879
 20
123.4092283186
 30
0.0
 10
211.7361366064
 20
123.4057018488
 30
0.0
 10
211.8048483832
 20
123.4001365701
 30
0.0
 10
211.8521410878
 20
123.3987215224
 30
0.0
 10
211.8764819093
 20
123.3975193423
 30
0.0
 10
211.884588212
 20
123.3957250507
 30
0.0
  0
SPLINE
  5
B08
100
AcDbEntity
  8
RUNDUNGEN
100
AcDbSpline
 62
9
  6
CONTINUOUS
 70
0
 71
3
 72
9
 73
5
 74
0
 42
0.0000001
 43
0.0000001
 44
0.0000000001
 40
0.0
 40
0.0
 40
0.0
 40
0.0
 40
0.7038649632
 40
1.0
 40
1.0
 40
1.0
 40
1.0
 10
211.884588212
 20
123.3957250507
 30
0.0
 10
211.8855068006
 20
123.3955217255
 30
0.0
 10
211.886596973
 20
123.3952474747
 30
0.0
 10
211.8882010063
 20
123.3945557983
 30
0.0
 10
211.8882010063
 20
123.394159969
 30
0.0
  0
SPLINE
  5
B09
100
AcDbEntity
  8
RUNDUNGEN
100
AcDbSpline
 62
9
  6
CONTINUOUS
 70
0
 71
3
 72
23
 73
19
 74
0
 42
0.0000001
 43
0.0000001
 44
0.0000000001
 40
0.0
 40
0.0
 40
0.0
 40
0.0
 40
0.001569927
 40
0.0056479794
 40
0.01231971
 40
0.0215738393
 40
0.0333868183
 40
0.0477316887
 40
0.0838660757
 40
0.1294338443
 40
0.1837646088
 40
0.2461728577
 40
0.3157761985
 40
0.3915407687
 40
0.4724272463
 40
0.6451273612
 40
0.8245508934
 40
1.0
 40
1.0
 40
1.0
 40
1.0
 10
211.8882070097
 20
114.4941599703
 30
0.0
 10
211.8882074283
 20
114.4947862574
 30
0.0
 10
211.8851614314
 20
114.4954661819
 30
0.0
 10
211.8811111164
 20
114.4963553467
 30
0.0
 10
211.8727431435
 20
114.4972480198
 30
0.0
 10
211.8619069207
 20
114.4981894888
 30
0.0
 10
211.8477371397
 20
114.499118801
 30
0.0
 10
211.822957002
 20
114.5004551349
 30
0.0
 10
211.7846481654
 20
114.5019869505
 30
0.0
 10
211.730415265
 20
114.5036409065
 30
0.0
 10
211.6656810792
 20
114.5051772873
 30
0.0
 10
211.5913579061
 20
114.5065703386
 30
0.0
 10
211.5084788223
 20
114.5077981317
 30
0.0
 10
211.4182257346
 20
114.5088449508
 30
0.0
 10
211.2868433283
 20
114.509997125
 30
0.0
 10
211.1141050503
 20
114.5108534411
 30
0.0
 10
210.9036411801
 20
114.5109797954
 30
0.0
 10
210.7620730321
 20
114.5104667473
 30
0.0
 10
210.6920828303
 20
114.5100408662
 30
0.0
  0
LINE
  5
B0A
100
AcDbEntity
  8
RUNDUNGEN
100
AcDbLine
 62
7
  6
CONTINUOUS
 10
212.0097853308
 20
109.2998699501
 11
211.8698594875
 21
109.3173140583
  0
SPLINE
  5
B0B
100
AcDbEntity
  8
RUNDUNGEN
100
AcDbSpline
 62
7
  6
CONTINUOUS
 70
0
 71
3
 72
11
 73
7
 74
0
 42
0.0000001
 43
0.0000001
 44
0.0000000001
 40
0.0
 40
0.0
 40
0.0
 40
0.0
 40
0.2321685307
 40
0.4844585242
 40
0.7442193917
 40
1.0
 40
1.0
 40
1.0
 40
1.0
 10
211.8698594875
 20
109.3173140583
 30
0.0
 10
211.7859076125
 20
109.3275905416
 30
0.0
 10
211.6101419395
 20
109.3452069812
 30
0.0
 10
211.3384308488
 20
109.3458383264
 30
0.0
 10
211.0599794742
 20
109.3188277276
 30
0.0
 10
210.8732289978
 20
109.2953948589
 30
0.0
 10
210.780068309
 20
109.2934815457
 30
0.0
  0
LINE
  5
B0C
100
AcDbEntity
  8
RUNDUNGEN
100
AcDbLine
 62
9
  6
CONTINUOUS
 10
221.8256497091
 20
113.1444292688
 11
221.825649641
 21
110.2438906692
  0
SPLINE
  5
B0D
100
AcDbEntity
  8
RUNDUNGEN
100
AcDbSpline
 62
9
  6
CONTINUOUS
 70
0
 71
3
 72
9
 73
5
 74
0
 42
0.0000001
 43
0.0000001
 44
0.0000000001
 40
0.0
 40
0.0
 40
0.0
 40
0.0
 40
0.2515138543
 40
1.0
 40
1.0
 40
1.0
 40
1.0
 10
220.6593276594
 20
113.7785073968
 30
0.0
 10
220.6619679943
 20
113.7911459777
 30
0.0
 10
220.6747608866
 20
113.8408892504
 30
0.0
 10
220.6970857251
 20
113.8881792535
 30
0.0
 10
220.7183195097
 20
113.9202024864
 30
0.0
  0
SPLINE
  5
B0E
100
AcDbEntity
  8
RUNDUNGEN
100
AcDbSpline
 62
9
  6
CONTINUOUS
 70
0
 71
3
 72
9
 73
5
 74
0
 42
0.0000001
 43
0.0000001
 44
0.0000000001
 40
0.0
 40
0.0
 40
0.0
 40
0.0
 40
0.2518145304
 40
1.0
 40
1.0
 40
1.0
 40
1.0
 10
220.7183195097
 20
113.9202024864
 30
0.0
 10
220.7253832845
 20
113.9308555521
 30
0.0
 10
220.7554096193
 20
113.9718178236
 30
0.0
 10
220.7934466284
 20
114.0069058373
 30
0.0
 10
220.824846524
 20
114.0282691025
 30
0.0
  0
SPLINE
  5
B0F
100
AcDbEntity
  8
RUNDUNGEN
100
AcDbSpline
 62
9
  6
CONTINUOUS
 70
0
 71
3
 72
9
 73
5
 74
0
 42
0.0000001
 43
0.0000001
 44
0.0000000001
 40
0.0
 40
0.0
 40
0.0
 40
0.0
 40
0.5017272365
 40
1.0
 40
1.0
 40
1.0
 40
1.0
 10
220.824846524
 20
114.0282691025
 30
0.0
 10
220.8559984422
 20
114.0494636535
 30
0.0
 10
220.9247364452
 20
114.0826944705
 30
0.0
 10
221.0002479374
 20
114.0941603299
 30
0.0
 10
221.0376667729
 20
114.094159969
 30
0.0
  0
SPLINE
  5
B10
100
AcDbEntity
  8
RUNDUNGEN
100
AcDbSpline
 62
9
  6
CONTINUOUS
 70
0
 71
3
 72
9
 73
5
 74
0
 42
0.0000001
 43
0.0000001
 44
0.0000000001
 40
0.0
 40
0.0
 40
0.0
 40
0.0
 40
0.2515142946
 40
1.0
 40
1.0
 40
1.0
 40
1.0
 10
214.1170434975
 20
113.7784891148
 30
0.0
 10
214.1144029746
 20
113.791124976
 30
0.0
 10
214.1016096694
 20
113.8408572893
 30
0.0
 10
214.079285805
 20
113.8881359753
 30
0.0
 10
214.0580540009
 20
113.9201510451
 30
0.0
  0
SPLINE
  5
B11
100
AcDbEntity
  8
RUNDUNGEN
100
AcDbSpline
 62
9
  6
CONTINUOUS
 70
0
 71
3
 72
9
 73
5
 74
0
 42
0.0000001
 43
0.0000001
 44
0.0000000001
 40
0.0
 40
0.0
 40
0.0
 40
0.0
 40
0.251814863
 40
1.0
 40
1.0
 40
1.0
 40
1.0
 10
214.0580540009
 20
113.9201510451
 30
0.0
 10
214.0509905309
 20
113.9308019292
 30
0.0
 10
214.0209657802
 20
113.9717555126
 30
0.0
 10
213.9829322475
 20
114.0068351389
 30
0.0
 10
213.951536099
 20
114.0281932989
 30
0.0
  0
SPLINE
  5
B12
100
AcDbEntity
  8
RUNDUNGEN
100
AcDbSpline
 62
9
  6
CONTINUOUS
 70
0
 71
3
 72
9
 73
5
 74
0
 42
0.0000001
 43
0.0000001
 44
0.0000000001
 40
0.0
 40
0.0
 40
0.0
 40
0.0
 40
0.5017273414
 40
1.0
 40
1.0
 40
1.0
 40
1.0
 10
213.951536099
 20
114.0281932989
 30
0.0
 10
213.9203860802
 20
114.0493840218
 30
0.0
 10
213.8516537029
 20
114.0826084147
 30
0.0
 10
213.7761503031
 20
114.0940736027
 30
0.0
 10
213.7387351815
 20
114.0940747631
 30
0.0
  0
SPLINE
  5
B13
100
AcDbEntity
  8
RUNDUNGEN
100
AcDbSpline
 62
9
  6
CONTINUOUS
 70
0
 71
3
 72
9
 73
5
 74
0
 42
0.0000001
 43
0.0000001
 44
0.0000000001
 40
0.0
 40
0.0
 40
0.0
 40
0.0
 40
0.4982728227
 40
1.0
 40
1.0
 40
1.0
 40
1.0
 10
221.0376667728
 20
109.2941599691
 30
0.0
 10
221.0002476962
 20
109.2941593797
 30
0.0
 10
220.9247356552
 20
109.3056248456
 30
0.0
 10
220.8559970197
 20
109.3388554787
 30
0.0
 10
220.8248447971
 20
109.3600499981
 30
0.0
  0
SPLINE
  5
B14
100
AcDbEntity
  8
RUNDUNGEN
100
AcDbSpline
 62
9
  6
CONTINUOUS
 70
0
 71
3
 72
9
 73
5
 74
0
 42
0.0000001
 43
0.0000001
 44
0.0000000001
 40
0.0
 40
0.0
 40
0.0
 40
0.0
 40
0.7481854479
 40
1.0
 40
1.0
 40
1.0
 40
1.0
 10
220.8248447971
 20
109.3600499981
 30
0.0
 10
220.7934446334
 20
109.3814132051
 30
0.0
 10
220.7554072585
 20
109.4165012149
 30
0.0
 10
220.7253806104
 20
109.4574635727
 30
0.0
 10
220.7183167601
 20
109.4681166664
 30
0.0
  0
SPLINE
  5
B15
100
AcDbEntity
  8
RUNDUNGEN
100
AcDbSpline
 62
9
  6
CONTINUOUS
 70
0
 71
3
 72
9
 73
5
 74
0
 42
0.0000001
 43
0.0000001
 44
0.0000000001
 40
0.0
 40
0.0
 40
0.0
 40
0.0
 40
0.4990721922
 40
1.0
 40
1.0
 40
1.0
 40
1.0
 10
220.7183167601
 20
109.4681166664
 30
0.0
 10
220.6970606899
 20
109.5001732497
 30
0.0
 10
220.6636570682
 20
109.5709415564
 30
0.0
 10
220.651324186
 20
109.6481813741
 30
0.0
 10
220.650635036
 20
109.6867817901
 30
0.0
  0
LINE
  5
B16
100
AcDbEntity
  8
RUNDUNGEN
100
AcDbLine
 62
9
  6
CONTINUOUS
 10
224.0865317841
 20
123.4116123754
 11
224.0843338676
 21
114.5100416589
  0
SPLINE
  5
B17
100
AcDbEntity
  8
RUNDUNGEN
100
AcDbSpline
 62
9
  6
CONTINUOUS
 70
0
 71
3
 72
9
 73
5
 74
0
 42
0.0000001
 43
0.0000001
 44
0.0000000001
 40
0.0
 40
0.0
 40
0.0
 40
0.0
 40
0.4982721015
 40
1.0
 40
1.0
 40
1.0
 40
1.0
 10
213.7387352334
 20
109.2942106642
 30
0.0
 10
213.7761376227
 20
109.2942135375
 30
0.0
 10
213.8516151963
 20
109.3056843028
 30
0.0
 10
213.9203171479
 20
109.3389131751
 30
0.0
 10
213.9514516674
 20
109.3601040357
 30
0.0
  0
SPLINE
  5
B18
100
AcDbEntity
  8
RUNDUNGEN
100
AcDbSpline
 62
9
  6
CONTINUOUS
 70
0
 71
3
 72
9
 73
5
 74
0
 42
0.0000001
 43
0.0000001
 44
0.0000000001
 40
0.0
 40
0.0
 40
0.0
 40
0.0
 40
0.7481862034
 40
1.0
 40
1.0
 40
1.0
 40
1.0
 10
213.9514516674
 20
109.3601040357
 30
0.0
 10
213.9828380909
 20
109.3814663478
 30
0.0
 10
214.0208566683
 20
109.4165506245
 30
0.0
 10
214.0508674743
 20
109.4575047945
 30
0.0
 10
214.0579275688
 20
109.4681555262
 30
0.0
  0
SPLINE
  5
B19
100
AcDbEntity
  8
RUNDUNGEN
100
AcDbSpline
 62
9
  6
CONTINUOUS
 70
0
 71
3
 72
9
 73
5
 74
0
 42
0.0000001
 43
0.0000001
 44
0.0000000001
 40
0.0
 40
0.0
 40
0.0
 40
0.0
 40
0.4990729031
 40
1.0
 40
1.0
 40
1.0
 40
1.0
 10
214.0579275688
 20
109.4681555262
 30
0.0
 10
214.0791751348
 20
109.5002092226
 30
0.0
 10
214.1125640891
 20
109.5709676449
 30
0.0
 10
214.1248938192
 20
109.6481921327
 30
0.0
 10
214.1255851646
 20
109.6867852668
 30
0.0
  0
SPLINE
  5
B1A
100
AcDbEntity
  8
RUNDUNGEN
100
AcDbSpline
 62
7
  6
CONTINUOUS
 70
0
 71
3
 72
16
 73
12
 74
0
 42
0.0000001
 43
0.0000001
 44
0.0000000001
 40
0.0
 40
0.0
 40
0.0
 40
0.0
 40
0.1939867121
 40
0.3803597497
 40
0.5515485968
 40
0.7014230497
 40
0.8246292899
 40
0.9167267734
 40
0.9748161317
 40
0.9909968045
 40
1.0
 40
1.0
 40
1.0
 40
1.0
 10
238.4402030659
 20
118.9116123754
 30
0.0
 10
238.4392129654
 20
118.9758688751
 30
0.0
 10
238.4388005817
 20
119.1018902044
 30
0.0
 10
238.442625631
 20
119.28457984
 30
0.0
 10
238.4505229214
 20
119.452539109
 30
0.0
 10
238.4616392461
 20
119.5992596816
 30
0.0
 10
238.4750633926
 20
119.7196921726
 30
0.0
 10
238.4892598969
 20
119.8087756443
 30
0.0
 10
238.5028656655
 20
119.8630910548
 30
0.0
 10
238.5138984547
 20
119.8877537862
 30
0.0
 10
238.5210438591
 20
119.894159969
 30
0.0
 10
238.5240264474
 20
119.894159969
 30
0.0
  0
SPLINE
  5
B1B
100
AcDbEntity
  8
RUNDUNGEN
100
AcDbSpline
 62
9
  6
CONTINUOUS
 70
0
 71
3
 72
9
 73
5
 74
0
 42
0.0000001
 43
0.0000001
 44
0.0000000001
 40
0.0
 40
0.0
 40
0.0
 40
0.0
 40
0.3665973236
 40
1.0
 40
1.0
 40
1.0
 40
1.0
 10
212.2392171017
 20
114.0971460037
 30
0.0
 10
212.2475758807
 20
114.0961143339
 30
0.0
 10
212.2660532765
 20
114.0779954428
 30
0.0
 10
212.2746451884
 20
114.0573088255
 30
0.0
 10
212.2799346708
 20
114.043752427
 30
0.0
  0
SPLINE
  5
B1C
100
AcDbEntity
  8
RUNDUNGEN
100
AcDbSpline
 62
9
  6
CONTINUOUS
 70
0
 71
3
 72
12
 73
8
 74
0
 42
0.0000001
 43
0.0000001
 44
0.0000000001
 40
0.0
 40
0.0
 40
0.0
 40
0.0
 40
0.0652345011
 40
0.1507442972
 40
0.3786984784
 40
0.6700424986
 40
1.0
 40
1.0
 40
1.0
 40
1.0
 10
212.2799346708
 20
114.043752427
 30
0.0
 10
212.2871065179
 20
114.0253717217
 30
0.0
 10
212.3000524856
 20
113.9815235846
 30
0.0
 10
212.3239262594
 20
113.8694721218
 30
0.0
 10
212.3478927001
 20
113.6878874276
 30
0.0
 10
212.3692282698
 20
113.4319059017
 30
0.0
 10
212.3783078034
 20
113.2441623342
 30
0.0
 10
212.3818256344
 20
113.1444279504
 30
0.0
  0
LINE
  5
B1D
100
AcDbEntity
  8
RUNDUNGEN
100
AcDbLine
 62
9
  6
CONTINUOUS
 10
210.6898702286
 20
123.4116123754
 11
210.6920681451
 21
114.5100416589
  0
SPLINE
  5
B1E
100
AcDbEntity
  8
RUNDUNGEN
100
AcDbSpline
 62
9
  6
CONTINUOUS
 70
0
 71
3
 72
9
 73
5
 74
0
 42
0.0000001
 43
0.0000001
 44
0.0000000001
 40
0.0
 40
0.0
 40
0.0
 40
0.0
 40
0.3671343505
 40
1.0
 40
1.0
 40
1.0
 40
1.0
 10
222.5371979405
 20
114.0971276369
 30
0.0
 10
222.528892894
 20
114.0961037649
 30
0.0
 10
222.5105054294
 20
114.0782164334
 30
0.0
 10
222.5019353368
 20
114.0576917597
 30
0.0
 10
222.4966722801
 20
114.0442615837
 30
0.0
  0
SPLINE
  5
B1F
100
AcDbEntity
  8
RUNDUNGEN
100
AcDbSpline
 62
9
  6
CONTINUOUS
 70
0
 71
3
 72
12
 73
8
 74
0
 42
0.0000001
 43
0.0000001
 44
0.0000000001
 40
0.0
 40
0.0
 40
0.0
 40
0.0
 40
0.0650280186
 40
0.150370429
 40
0.378347309
 40
0.6697273006
 40
1.0
 40
1.0
 40
1.0
 40
1.0
 10
222.4966722801
 20
114.0442615837
 30
0.0
 10
222.4894917924
 20
114.025938541
 30
0.0
 10
222.4765183215
 20
113.9821869105
 30
0.0
 10
222.4525794316
 20
113.8701864213
 30
0.0
 10
222.4285696091
 20
113.6885266491
 30
0.0
 10
222.4071926055
 20
113.4322796115
 30
0.0
 10
222.398101228
 20
113.2443162255
 30
0.0
 10
222.3945695651
 20
113.1444264867
 30
0.0
  0
SPLINE
  5
B20
100
AcDbEntity
  8
RUNDUNGEN
100
AcDbSpline
 62
9
  6
CONTINUOUS
 70
0
 71
3
 72
12
 73
8
 74
0
 42
0.0000001
 43
0.0000001
 44
0.0000000001
 40
0.0
 40
0.0
 40
0.0
 40
0.0
 40
0.065217877
 40
0.1507178359
 40
0.3786264748
 40
0.6700178791
 40
1.0
 40
1.0
 40
1.0
 40
1.0
 10
222.4965204829
 20
109.34449462
 30
0.0
 10
222.4893442484
 20
109.362870122
 30
0.0
 10
222.47639374
 20
109.4067132999
 30
0.0
 10
222.4525133438
 20
109.518751221
 30
0.0
 10
222.4285038046
 20
109.7003446961
 30
0.0
 10
222.4071927528
 20
109.9563601844
 30
0.0
 10
222.3980952165
 20
110.1441411831
 30
0.0
 10
222.3945764164
 20
110.2438919768
 30
0.0
  0
SPLINE
  5
B21
100
AcDbEntity
  8
RUNDUNGEN
100
AcDbSpline
 62
9
  6
CONTINUOUS
 70
0
 71
3
 72
9
 73
5
 74
0
 42
0.0000001
 43
0.0000001
 44
0.0000000001
 40
0.0
 40
0.0
 40
0.0
 40
0.0
 40
0.2037401836
 40
1.0
 40
1.0
 40
1.0
 40
1.0
 10
223.0636341133
 20
123.4139640191
 30
0.0
 10
223.094675969
 20
123.414241146
 30
0.0
 10
223.2470421374
 20
123.414871558
 30
0.0
 10
223.399410186
 20
123.4136513473
 30
0.0
 10
223.520724404
 20
123.4121928107
 30
0.0
  0
SPLINE
  5
B22
100
AcDbEntity
  8
RUNDUNGEN
100
AcDbSpline
 62
9
  6
CONTINUOUS
 70
0
 71
3
 72
9
 73
5
 74
0
 42
0.0000001
 43
0.0000001
 44
0.0000000001
 40
0.0
 40
0.0
 40
0.0
 40
0.0
 40
0.4947154418
 40
1.0
 40
1.0
 40
1.0
 40
1.0
 10
223.520724404
 20
123.4121928107
 30
0.0
 10
223.5829693145
 20
123.4071885861
 30
0.0
 10
223.7093513433
 20
123.4182502368
 30
0.0
 10
223.8359203993
 20
123.4063401337
 30
0.0
 10
223.8994008864
 20
123.4125122943
 30
0.0
  0
SPLINE
  5
B23
100
AcDbEntity
  8
RUNDUNGEN
100
AcDbSpline
 62
9
  6
CONTINUOUS
 70
0
 71
3
 72
9
 73
5
 74
0
 42
0.0000001
 43
0.0000001
 44
0.0000000001
 40
0.0
 40
0.0
 40
0.0
 40
0.0
 40
0.5057979838
 40
1.0
 40
1.0
 40
1.0
 40
1.0
 10
223.8994008864
 20
123.4125122943
 30
0.0
 10
223.9308040913
 20
123.4155656046
 30
0.0
 10
223.9932499254
 20
123.4130067502
 30
0.0
 10
224.0560089277
 20
123.4073175335
 30
0.0
 10
224.086536274
 20
123.411612093
 30
0.0
  0
SPLINE
  5
B24
100
AcDbEntity
  8
RUNDUNGEN
100
AcDbSpline
 62
9
  6
CONTINUOUS
 70
0
 71
3
 72
12
 73
8
 74
0
 42
0.0000001
 43
0.0000001
 44
0.0000000001
 40
0.0
 40
0.0
 40
0.0
 40
0.0
 40
0.0652247389
 40
0.1507204374
 40
0.3786393719
 40
0.6699999719
 40
1.0
 40
1.0
 40
1.0
 40
1.0
 10
212.2799239894
 20
109.3445836167
 30
0.0
 10
212.2870942876
 20
109.3629614513
 30
0.0
 10
212.3000391448
 20
109.4068015467
 30
0.0
 10
212.323915457
 20
109.5188325043
 30
0.0
 10
212.3478914992
 20
109.7004033232
 30
0.0
 10
212.369230631
 20
109.9563882404
 30
0.0
 10
212.3783108353
 20
110.1441469461
 30
0.0
 10
212.381829166
 20
110.2438927411
 30
0.0
  0
SPLINE
  5
B25
100
AcDbEntity
  8
RUNDUNGEN
100
AcDbSpline
 62
7
  6
CONTINUOUS
 70
0
 71
3
 72
11
 73
7
 74
0
 42
0.0000001
 43
0.0000001
 44
0.0000000001
 40
0.0
 40
0.0
 40
0.0
 40
0.0
 40
0.2502764486
 40
0.5002534984
 40
0.7502162301
 40
1.0
 40
1.0
 40
1.0
 40
1.0
 10
219.8866922675
 20
123.414740841
 30
0.0
 10
219.8891066941
 20
123.4655125992
 30
0.0
 10
219.9113690081
 20
123.5666984252
 30
0.0
 10
219.9848811804
 20
123.7016917832
 30
0.0
 10
220.0832367076
 20
123.8188232684
 30
0.0
 10
220.1589075879
 20
123.8868696661
 30
0.0
 10
220.1983783654
 20
123.9187365265
 30
0.0
  0
SPLINE
  5
B26
100
AcDbEntity
  8
RUNDUNGEN
100
AcDbSpline
 62
7
  6
CONTINUOUS
 70
0
 71
3
 72
10
 73
6
 74
0
 42
0.0000001
 43
0.0000001
 44
0.0000000001
 40
0.0
 40
0.0
 40
0.0
 40
0.0
 40
0.2501950917
 40
0.5004265787
 40
1.0
 40
1.0
 40
1.0
 40
1.0
 10
220.4094361901
 20
124.0629509227
 30
0.0
 10
220.5034293216
 20
124.1177730155
 30
0.0
 10
220.7004923503
 20
124.2124375997
 30
0.0
 10
221.1140248203
 20
124.3487860724
 30
0.0
 10
221.4417624296
 20
124.394159969
 30
0.0
 10
221.6590323072
 20
124.394159969
 30
0.0
  0
SPLINE
  5
B27
100
AcDbEntity
  8
RUNDUNGEN
100
AcDbSpline
 62
9
  6
CONTINUOUS
 70
0
 71
3
 72
9
 73
5
 74
0
 42
0.0000001
 43
0.0000001
 44
0.0000000001
 40
0.0
 40
0.0
 40
0.0
 40
0.0
 40
0.4937196923
 40
1.0
 40
1.0
 40
1.0
 40
1.0
 10
210.6898657904
 20
123.4116121256
 30
0.0
 10
210.7458083508
 20
123.4037470029
 30
0.0
 10
210.8610368034
 20
123.4179881859
 30
0.0
 10
210.9752495239
 20
123.4103126836
 30
0.0
 10
211.0331316478
 20
123.4126665131
 30
0.0
  0
SPLINE
  5
B28
100
AcDbEntity
  8
RUNDUNGEN
100
AcDbSpline
 62
9
  6
CONTINUOUS
 70
0
 71
3
 72
9
 73
5
 74
0
 42
0.0000001
 43
0.0000001
 44
0.0000000001
 40
0.0
 40
0.0
 40
0.0
 40
0.0
 40
0.5135185382
 40
1.0
 40
1.0
 40
1.0
 40
1.0
 10
211.0331316478
 20
123.4126665131
 30
0.0
 10
211.0931890945
 20
123.4098864321
 30
0.0
 10
211.2102014231
 20
123.4091617958
 30
0.0
 10
211.3276818412
 20
123.4152044886
 30
0.0
 10
211.3843514769
 20
123.4094971662
 30
0.0
  0
SPLINE
  5
B29
100
AcDbEntity
  8
RUNDUNGEN
100
AcDbSpline
 62
9
  6
CONTINUOUS
 70
0
 71
3
 72
9
 73
5
 74
0
 42
0.0000001
 43
0.0000001
 44
0.0000000001
 40
0.0
 40
0.0
 40
0.0
 40
0.0
 40
0.5358427042
 40
1.0
 40
1.0
 40
1.0
 40
1.0
 10
211.3843514769
 20
123.4094971662
 30
0.0
 10
211.4321660677
 20
123.4046816546
 30
0.0
 10
211.5220783294
 20
123.4068125809
 30
0.0
 10
211.6119634259
 20
123.41359712
 30
0.0
 10
211.6533921629
 20
123.4095346531
 30
0.0
  0
SPLINE
  5
B2A
100
AcDbEntity
  8
RUNDUNGEN
100
AcDbSpline
 62
9
  6
CONTINUOUS
 70
0
 71
3
 72
15
 73
11
 74
0
 42
0.0000001
 43
0.0000001
 44
0.0000000001
 40
0.0
 40
0.0
 40
0.0
 40
0.0
 40
0.3291306508
 40
0.4862692188
 40
0.6324790596
 40
0.7624256345
 40
0.8701659865
 40
0.9500914238
 40
0.9786404421
 40
1.0
 40
1.0
 40
1.0
 40
1.0
 10
221.8256496641
 20
113.1444292688
 30
0.0
 10
221.7542019656
 20
113.2614125505
 30
0.0
 10
221.6448446368
 20
113.4320495652
 30
0.0
 10
221.4912339797
 20
113.6461086993
 30
0.0
 10
221.3808531544
 20
113.7888985857
 30
0.0
 10
221.2771751201
 20
113.9108233675
 30
0.0
 10
221.1848224549
 20
114.0054269988
 30
0.0
 10
221.1150568219
 20
114.0635016924
 30
0.0
 10
221.0672088288
 20
114.0889108286
 30
0.0
 10
221.0465624371
 20
114.0942117006
 30
0.0
 10
221.0376667729
 20
114.094159969
 30
0.0
  0
SPLINE
  5
B2B
100
AcDbEntity
  8
RUNDUNGEN
100
AcDbSpline
 62
9
  6
CONTINUOUS
 70
0
 71
3
 72
11
 73
7
 74
0
 42
0.0000001
 43
0.0000001
 44
0.0000000001
 40
0.0
 40
0.0
 40
0.0
 40
0.0
 40
0.1244796996
 40
0.3202692707
 40
0.6102174325
 40
1.0
 40
1.0
 40
1.0
 40
1.0
 10
222.4882010063
 20
114.094159969
 30
0.0
 10
222.4846768388
 20
114.0941603042
 30
0.0
 10
222.4761635299
 20
114.0887394455
 30
0.0
 10
222.467762918
 20
114.0736040302
 30
0.0
 10
222.4588877553
 20
114.050369381
 30
0.0
 10
222.454063542
 20
114.0317178165
 30
0.0
 10
222.4515403753
 20
114.0209749402
 30
0.0
  0
SPLINE
  5
B2C
100
AcDbEntity
  8
RUNDUNGEN
100
AcDbSpline
 62
9
  6
CONTINUOUS
 70
0
 71
3
 72
11
 73
7
 74
0
 42
0.0000001
 43
0.0000001
 44
0.0000000001
 40
0.0
 40
0.0
 40
0.0
 40
0.0
 40
0.1594915328
 40
0.3906162834
 40
0.6783816035
 40
1.0
 40
1.0
 40
1.0
 40
1.0
 10
222.4515403753
 20
114.0209749402
 30
0.0
 10
222.4408499663
 20
113.9754584299
 30
0.0
 10
222.4251623172
 20
113.861719441
 30
0.0
 10
222.4087681063
 20
113.6635855823
 30
0.0
 10
222.3979852885
 20
113.4173368801
 30
0.0
 10
222.3949998369
 20
113.2387110559
 30
0.0
 10
222.3945825241
 20
113.1444292688
 30
0.0
  0
SPLINE
  5
B2D
100
AcDbEntity
  8
RUNDUNGEN
100
AcDbSpline
 62
9
  6
CONTINUOUS
 70
0
 71
3
 72
15
 73
11
 74
0
 42
0.0000001
 43
0.0000001
 44
0.0000000001
 40
0.0
 40
0.0
 40
0.0
 40
0.0
 40
0.3157223711
 40
0.4695005786
 40
0.6147933867
 40
0.7463606859
 40
0.8582488719
 40
0.9443366731
 40
0.976118732
 40
1.0
 40
1.0
 40
1.0
 40
1.0
 10
221.825649647
 20
110.2438905386
 30
0.0
 10
221.7090105376
 20
110.1706751382
 30
0.0
 10
221.5323960635
 20
110.0667919686
 30
0.0
 10
221.2969142849
 20
109.9384504637
 30
0.0
 10
221.1293298985
 20
109.8535499118
 30
0.0
 10
220.9753794281
 20
109.7822771221
 30
0.0
 10
220.8420976806
 20
109.7284859821
 30
0.0
 10
220.7463552766
 20
109.6976945277
 30
0.0
 10
220.6854679135
 20
109.6867287038
 30
0.0
 10
220.660998507
 20
109.6856457558
 30
0.0
 10
220.6506439507
 20
109.68678196
 30
0.0
  0
SPLINE
  5
B2E
100
AcDbEntity
  8
RUNDUNGEN
100
AcDbSpline
 62
9
  6
CONTINUOUS
 70
0
 71
3
 72
15
 73
11
 74
0
 42
0.0000001
 43
0.0000001
 44
0.0000000001
 40
0.0
 40
0.0
 40
0.0
 40
0.0
 40
0.3157258416
 40
0.4695036803
 40
0.6147980898
 40
0.7463700342
 40
0.858250799
 40
0.9443350417
 40
0.976122132
 40
1.0
 40
1.0
 40
1.0
 40
1.0
 10
221.8256496697
 20
113.1444293889
 30
0.0
 10
221.7090422758
 20
113.2176985653
 30
0.0
 10
221.5323889061
 20
113.3215237867
 30
0.0
 10
221.2969128557
 20
113.449877743
 30
0.0
 10
221.1293502504
 20
113.5348282951
 30
0.0
 10
220.9754041312
 20
113.6061100669
 30
0.0
 10
220.8420948708
 20
113.6598379956
 30
0.0
 10
220.7463359127
 20
113.6905499137
 30
0.0
 10
220.6854713894
 20
113.7016038992
 30
0.0
 10
220.6609937213
 20
113.7027039631
 30
0.0
 10
220.6506439509
 20
113.7015379801
 30
0.0
  0
SPLINE
  5
B2F
100
AcDbEntity
  8
RUNDUNGEN
100
AcDbSpline
 62
9
  6
CONTINUOUS
 70
0
 71
3
 72
11
 73
7
 74
0
 42
0.0000001
 43
0.0000001
 44
0.0000000001
 40
0.0
 40
0.0
 40
0.0
 40
0.0
 40
0.4228521997
 40
0.7287802874
 40
0.9180297005
 40
1.0
 40
1.0
 40
1.0
 40
1.0
 10
220.6506439509
 20
113.7015379801
 30
0.0
 10
220.6459191449
 20
113.7010125598
 30
0.0
 10
220.6378950828
 20
113.7000571584
 30
0.0
 10
220.6273750912
 20
113.6981936452
 30
0.0
 10
220.621697577
 20
113.6968117938
 30
0.0
 10
220.6182002561
 20
113.6950815227
 30
0.0
 10
220.6182010063
 20
113.694159969
 30
0.0
  0
SPLINE
  5
B30
100
AcDbEntity
  8
RUNDUNGEN
100
AcDbSpline
 62
7
  6
CONTINUOUS
 70
0
 71
3
 72
16
 73
12
 74
0
 42
0.0000001
 43
0.0000001
 44
0.0000000001
 40
0.0
 40
0.0
 40
0.0
 40
0.0
 40
0.0092382021
 40
0.0253618367
 40
0.083414032
 40
0.1758128439
 40
0.2995877678
 40
0.4501458948
 40
0.6216176775
 40
0.807438632
 40
1.0
 40
1.0
 40
1.0
 40
1.0
 10
196.1629077221
 20
114.094159969
 30
0.0
 10
196.1660692897
 20
114.094159969
 30
0.0
 10
196.1736658965
 20
114.0876879813
 30
0.0
 10
196.1842383856
 20
114.0615445631
 30
0.0
 10
196.195521643
 20
114.0049088136
 30
0.0
 10
196.2052667008
 20
113.9118417569
 30
0.0
 10
196.2124902213
 20
113.7863790355
 30
0.0
 10
196.2161758494
 20
113.6338845817
 30
0.0
 10
196.2160621778
 20
113.4600535136
 30
0.0
 10
196.2119333219
 20
113.2719161922
 30
0.0
 10
196.2065990563
 20
113.1425229019
 30
0.0
 10
196.2032634413
 20
113.0767075626
 30
0.0
  0
SPLINE
  5
B31
100
AcDbEntity
  8
RUNDUNGEN
100
AcDbSpline
 62
9
  6
CONTINUOUS
 70
0
 71
3
 72
11
 73
7
 74
0
 42
0.0000001
 43
0.0000001
 44
0.0000000001
 40
0.0
 40
0.0
 40
0.0
 40
0.0
 40
0.4228179519
 40
0.7287543421
 40
0.9180881297
 40
1.0
 40
1.0
 40
1.0
 40
1.0
 10
220.6506439507
 20
109.68678196
 30
0.0
 10
220.6459193871
 20
109.6873073942
 30
0.0
 10
220.6378962973
 20
109.6882619268
 30
0.0
 10
220.6273723136
 20
109.6901274508
 30
0.0
 10
220.621699604
 20
109.6915045443
 30
0.0
 10
220.618195316
 20
109.6932390613
 30
0.0
 10
220.6182010063
 20
109.694159969
 30
0.0
  0
SPLINE
  5
B32
100
AcDbEntity
  8
RUNDUNGEN
100
AcDbSpline
 62
9
  6
CONTINUOUS
 70
0
 71
3
 72
15
 73
11
 74
0
 42
0.0000001
 43
0.0000001
 44
0.0000000001
 40
0.0
 40
0.0
 40
0.0
 40
0.0
 40
0.3291346601
 40
0.4862806107
 40
0.6325035428
 40
0.7624439514
 40
0.8701841916
 40
0.9501059085
 40
0.9786372397
 40
1.0
 40
1.0
 40
1.0
 40
1.0
 10
221.8256498515
 20
110.2438906692
 30
0.0
 10
221.754262331
 20
110.1268716212
 30
0.0
 10
221.6448301093
 20
109.9562789455
 30
0.0
 10
221.4912155265
 20
109.742216987
 30
0.0
 10
221.3808039452
 20
109.5994475608
 30
0.0
 10
221.2771352814
 20
109.4775152308
 30
0.0
 10
221.1848119029
 20
109.3828954306
 30
0.0
 10
221.1150651344
 20
109.3248075888
 30
0.0
 10
221.0671855424
 20
109.2994595744
 30
0.0
 10
221.0465637581
 20
109.2941555141
 30
0.0
 10
221.0376667728
 20
109.294159969
 30
0.0
  0
SPLINE
  5
B33
100
AcDbEntity
  8
RUNDUNGEN
100
AcDbSpline
 62
9
  6
CONTINUOUS
 70
0
 71
3
 72
20
 73
16
 74
0
 42
0.0000001
 43
0.0000001
 44
0.0000000001
 40
0.0
 40
0.0
 40
0.0
 40
0.0
 40
0.1919228214
 40
0.3768641024
 40
0.464667114
 40
0.5481682926
 40
0.6267046562
 40
0.6995266493
 40
0.7657266723
 40
0.8245453594
 40
0.8755274442
 40
0.9185314765
 40
0.952237802
 40
0.9758259108
 40
1.0
 40
1.0
 40
1.0
 40
1.0
 10
210.6898657917
 20
123.4116123754
 30
0.0
 10
210.6903868821
 20
123.476338074
 30
0.0
 10
210.6945115565
 20
123.6034982559
 30
0.0
 10
210.7125565287
 20
123.7593287062
 30
0.0
 10
210.7317089789
 20
123.877941502
 30
0.0
 10
210.7468212873
 20
123.9608471655
 30
0.0
 10
210.7636684502
 20
124.0382633049
 30
0.0
 10
210.7817532223
 20
124.1093792669
 30
0.0
 10
210.7996745135
 20
124.1736706752
 30
0.0
 10
210.8167791509
 20
124.2304682869
 30
0.0
 10
210.8328632113
 20
124.2795795066
 30
0.0
 10
210.8488397667
 20
124.3192303749
 30
0.0
 10
210.8629295449
 20
124.3509534434
 30
0.0
 10
210.8703776357
 20
124.3751975486
 30
0.0
 10
210.8800480906
 20
124.394159969
 30
0.0
 10
210.888201032
 20
124.394159969
 30
0.0
  0
SPLINE
  5
B34
100
AcDbEntity
  8
RUNDUNGEN
100
AcDbSpline
 62
9
  6
CONTINUOUS
 70
0
 71
3
 72
16
 73
12
 74
0
 42
0.0000001
 43
0.0000001
 44
0.0000000001
 40
0.0
 40
0.0
 40
0.0
 40
0.0
 40
0.3905379581
 40
0.5626222757
 40
0.7107729706
 40
0.8303902602
 40
0.8785391668
 40
0.9185874794
 40
0.9504612214
 40
0.9742231171
 40
1.0
 40
1.0
 40
1.0
 40
1.0
 10
222.3945825216
 20
110.2438906707
 30
0.0
 10
222.3951356135
 20
110.1184448277
 30
0.0
 10
222.3987478094
 20
109.9376974936
 30
0.0
 10
222.4105221075
 20
109.7096807587
 30
0.0
 10
222.4215868514
 20
109.5687857707
 30
0.0
 10
222.4331564894
 20
109.4679851867
 30
0.0
 10
222.4440270383
 20
109.402006052
 30
0.0
 10
222.4518204576
 20
109.3644424374
 30
0.0
 10
222.4602470704
 20
109.3342304569
 30
0.0
 10
222.4689810063
 20
109.3112880073
 30
0.0
 10
222.4799210578
 20
109.29416125
 30
0.0
 10
222.4882010063
 20
109.294159969
 30
0.0
  0
SPLINE
  5
B35
100
AcDbEntity
  8
RUNDUNGEN
100
AcDbSpline
 62
9
  6
CONTINUOUS
 70
0
 71
3
 72
11
 73
7
 74
0
 42
0.0000001
 43
0.0000001
 44
0.0000000001
 40
0.0
 40
0.0
 40
0.0
 40
0.0
 40
0.0819118513
 40
0.2712456375
 40
0.5771819802
 40
1.0
 40
1.0
 40
1.0
 40
1.0
 10
214.1582010063
 20
109.694159969
 30
0.0
 10
214.1582066971
 20
109.6932390615
 30
0.0
 10
214.1547024066
 20
109.6915045468
 30
0.0
 10
214.1490296999
 20
109.690127453
 30
0.0
 10
214.1385057155
 20
109.688261928
 30
0.0
 10
214.1304826261
 20
109.6873073946
 30
0.0
 10
214.125758062
 20
109.68678196
 30
0.0
  0
SPLINE
  5
B36
100
AcDbEntity
  8
RUNDUNGEN
100
AcDbSpline
 62
9
  6
CONTINUOUS
 70
0
 71
3
 72
11
 73
7
 74
0
 42
0.0000001
 43
0.0000001
 44
0.0000000001
 40
0.0
 40
0.0
 40
0.0
 40
0.0
 40
0.0819703036
 40
0.2712197152
 40
0.5771477976
 40
1.0
 40
1.0
 40
1.0
 40
1.0
 10
214.1582010063
 20
113.694159969
 30
0.0
 10
214.1582017565
 20
113.6950815227
 30
0.0
 10
214.1547044358
 20
113.6968117939
 30
0.0
 10
214.1490269215
 20
113.6981936454
 30
0.0
 10
214.1385069299
 20
113.7000571585
 30
0.0
 10
214.1304828678
 20
113.7010125598
 30
0.0
 10
214.1257580618
 20
113.7015379801
 30
0.0
  0
SPLINE
  5
B37
100
AcDbEntity
  8
RUNDUNGEN
100
AcDbSpline
 62
9
  6
CONTINUOUS
 70
0
 71
3
 72
9
 73
5
 74
0
 42
0.0000001
 43
0.0000001
 44
0.0000000001
 40
0.0
 40
0.0
 40
0.0
 40
0.0
 40
0.216603637
 40
1.0
 40
1.0
 40
1.0
 40
1.0
 10
214.1257580618
 20
113.7015379801
 30
0.0
 10
214.1232033235
 20
113.7018258006
 30
0.0
 10
214.1113499245
 20
113.7026345266
 30
0.0
 10
214.0994407956
 20
113.7017807372
 30
0.0
 10
214.0902064158
 20
113.7006928001
 30
0.0
  0
SPLINE
  5
B38
100
AcDbEntity
  8
RUNDUNGEN
100
AcDbSpline
 62
9
  6
CONTINUOUS
 70
0
 71
3
 72
13
 73
9
 74
0
 42
0.0000001
 43
0.0000001
 44
0.0000000001
 40
0.0
 40
0.0
 40
0.0
 40
0.0
 40
0.0688045585
 40
0.1630371428
 40
0.2779982112
 40
0.4085419794
 40
0.6979391738
 40
1.0
 40
1.0
 40
1.0
 40
1.0
 10
214.0902064158
 20
113.7006928001
 30
0.0
 10
214.0612123493
 20
113.6972768999
 30
0.0
 10
213.9938177684
 20
113.679917486
 30
0.0
 10
213.8828227159
 20
113.6401003509
 30
0.0
 10
213.7502296849
 20
113.5832625777
 30
0.0
 10
213.5453732678
 20
113.4854932576
 30
0.0
 10
213.2755142808
 20
113.3401595049
 30
0.0
 10
213.0592689649
 20
113.2126285319
 30
0.0
 10
212.9507521555
 20
113.1444292702
 30
0.0
  0
SPLINE
  5
B39
100
AcDbEntity
  8
RUNDUNGEN
100
AcDbSpline
 62
9
  6
CONTINUOUS
 70
0
 71
3
 72
9
 73
5
 74
0
 42
0.0000001
 43
0.0000001
 44
0.0000000001
 40
0.0
 40
0.0
 40
0.0
 40
0.0
 40
0.2164034032
 40
1.0
 40
1.0
 40
1.0
 40
1.0
 10
214.125758062
 20
109.68678196
 30
0.0
 10
214.1231835831
 20
109.686499487
 30
0.0
 10
214.1112301036
 20
109.6857098381
 30
0.0
 10
214.0992234379
 20
109.6865720055
 30
0.0
 10
214.0899097365
 20
109.687669421
 30
0.0
  0
SPLINE
  5
B3A
100
AcDbEntity
  8
RUNDUNGEN
100
AcDbSpline
 62
9
  6
CONTINUOUS
 70
0
 71
3
 72
13
 73
9
 74
0
 42
0.0000001
 43
0.0000001
 44
0.0000000001
 40
0.0
 40
0.0
 40
0.0
 40
0.0
 40
0.0688836724
 40
0.1631816756
 40
0.278161364
 40
0.4086945186
 40
0.6980294997
 40
1.0
 40
1.0
 40
1.0
 40
1.0
 10
214.0899097365
 20
109.687669421
 30
0.0
 10
214.0608892413
 20
109.6910888499
 30
0.0
 10
213.9934442674
 20
109.7084420264
 30
0.0
 10
213.8824596638
 20
109.7484175542
 30
0.0
 10
213.749889998
 20
109.8052930687
 30
0.0
 10
213.5450933538
 20
109.9030102201
 30
0.0
 10
213.2753342457
 20
110.0482351091
 30
0.0
 10
213.0592430905
 20
110.1757787454
 30
0.0
 10
212.9507523657
 20
110.2438905387
 30
0.0
  0
SPLINE
  5
B3B
100
AcDbEntity
  8
RUNDUNGEN
100
AcDbSpline
 62
9
  6
CONTINUOUS
 70
0
 71
3
 72
9
 73
5
 74
0
 42
0.0000001
 43
0.0000001
 44
0.0000000001
 40
0.0
 40
0.0
 40
0.0
 40
0.0
 40
0.4203323255
 40
1.0
 40
1.0
 40
1.0
 40
1.0
 10
213.7387352398
 20
114.094159969
 30
0.0
 10
213.7284839916
 20
114.0942196151
 30
0.0
 10
213.7043601777
 20
114.0871692561
 30
0.0
 10
213.683256693
 20
114.074954506
 30
0.0
 10
213.6714253437
 20
114.0672158996
 30
0.0
  0
SPLINE
  5
B3C
100
AcDbEntity
  8
RUNDUNGEN
100
AcDbSpline
 62
9
  6
CONTINUOUS
 70
0
 71
3
 72
13
 73
9
 74
0
 42
0.0000001
 43
0.0000001
 44
0.0000000001
 40
0.0
 40
0.0
 40
0.0
 40
0.0
 40
0.0745882154
 40
0.1710292688
 40
0.2855986955
 40
0.4142056453
 40
0.698974782
 40
1.0
 40
1.0
 40
1.0
 40
1.0
 10
213.6714253437
 20
114.0672158996
 30
0.0
 10
213.6469503732
 20
114.0512073988
 30
0.0
 10
213.5951300626
 20
114.0081369442
 30
0.0
 10
213.516192513
 20
113.928683415
 30
0.0
 10
213.4284144197
 20
113.8284271862
 30
0.0
 10
213.299208375
 20
113.6666568052
 30
0.0
 10
213.1356633671
 20
113.4389912426
 30
0.0
 10
213.0122826689
 20
113.2451516925
 30
0.0
 10
212.9507523427
 20
113.1444292688
 30
0.0
  0
SPLINE
  5
B3D
100
AcDbEntity
  8
RUNDUNGEN
100
AcDbSpline
 62
9
  6
CONTINUOUS
 70
0
 71
3
 72
16
 73
12
 74
0
 42
0.0000001
 43
0.0000001
 44
0.0000000001
 40
0.0
 40
0.0
 40
0.0
 40
0.0
 40
0.3905375615
 40
0.562621731
 40
0.7107725002
 40
0.8303900186
 40
0.8785388241
 40
0.9185870309
 40
0.9504609426
 40
0.9742234234
 40
1.0
 40
1.0
 40
1.0
 40
1.0
 10
212.3818194886
 20
113.1444292688
 30
0.0
 10
212.3812647229
 20
113.2698749857
 30
0.0
 10
212.3776560945
 20
113.4506222057
 30
0.0
 10
212.3658799796
 20
113.6786387595
 30
0.0
 10
212.3548133296
 20
113.8195336414
 30
0.0
 10
212.3432449152
 20
113.920334388
 30
0.0
 10
212.3323749606
 20
113.9863136857
 30
0.0
 10
212.3245816678
 20
114.023877217
 30
0.0
 10
212.3161548272
 20
114.0540896495
 30
0.0
 10
212.3074213665
 20
114.0770315527
 30
0.0
 10
212.2964808571
 20
114.0941603474
 30
0.0
 10
212.2882010063
 20
114.094159969
 30
0.0
  0
SPLINE
  5
B3E
100
AcDbEntity
  8
RUNDUNGEN
100
AcDbSpline
 62
7
  6
CONTINUOUS
 70
0
 71
3
 72
16
 73
12
 74
0
 42
0.0000001
 43
0.0000001
 44
0.0000000001
 40
0.0
 40
0.0
 40
0.0
 40
0.0
 40
0.0092382065
 40
0.0253618359
 40
0.0834140301
 40
0.1758128454
 40
0.2995877709
 40
0.4501458984
 40
0.6216176807
 40
0.8074386325
 40
1.0
 40
1.0
 40
1.0
 40
1.0
 10
238.6134942616
 20
109.294159969
 30
0.0
 10
238.6103326925
 20
109.294159969
 30
0.0
 10
238.6027360827
 20
109.3006319548
 30
0.0
 10
238.5921636353
 20
109.3267753945
 30
0.0
 10
238.5808803732
 20
109.3834111295
 30
0.0
 10
238.5711353064
 20
109.4764781923
 30
0.0
 10
238.5639117926
 20
109.6019409121
 30
0.0
 10
238.5602261632
 20
109.7544353657
 30
0.0
 10
238.5603398348
 20
109.9282664308
 30
0.0
 10
238.5644686909
 20
110.1164037491
 30
0.0
 10
238.5698029564
 20
110.2457970369
 30
0.0
 10
238.5731385714
 20
110.3116123754
 30
0.0
  0
SPLINE
  5
B3F
100
AcDbEntity
  8
RUNDUNGEN
100
AcDbSpline
 62
7
  6
CONTINUOUS
 70
0
 71
3
 72
16
 73
12
 74
0
 42
0.0000001
 43
0.0000001
 44
0.0000000001
 40
0.0
 40
0.0
 40
0.0
 40
0.0
 40
0.1921781928
 40
0.3778235762
 40
0.5490609435
 40
0.6994711825
 40
0.823427455
 40
0.9162424193
 40
0.9748095243
 40
0.9910732218
 40
1.0
 40
1.0
 40
1.0
 40
1.0
 10
194.2459671646
 20
113.0767075626
 30
0.0
 10
194.2466848757
 20
113.1426238643
 30
0.0
 10
194.2465447819
 20
113.2722393508
 30
0.0
 10
194.2418830092
 20
113.4605294841
 30
0.0
 10
194.2331522247
 20
113.6343626909
 30
0.0
 10
194.2212326721
 20
113.7867019848
 30
0.0
 10
194.2070531383
 20
113.9120736177
 30
0.0
 10
194.19223841
 20
114.0049308145
 30
0.0
 10
194.1781225573
 20
114.0616791751
 30
0.0
 10
194.1668468398
 20
114.0873682588
 30
0.0
 10
194.1595373865
 20
114.094159969
 30
0.0
 10
194.1564753581
 20
114.094159969
 30
0.0
  0
SPLINE
  5
B40
100
AcDbEntity
  8
RUNDUNGEN
100
AcDbSpline
 62
7
  6
CONTINUOUS
 70
0
 71
3
 72
14
 73
10
 74
0
 42
0.0000001
 43
0.0000001
 44
0.0000000001
 40
0.0
 40
0.0
 40
0.0
 40
0.0
 40
0.3477529802
 40
0.5085578706
 40
0.6537148134
 40
0.7788330457
 40
0.8800318287
 40
0.9543848796
 40
1.0
 40
1.0
 40
1.0
 40
1.0
 10
240.5304348481
 20
110.3116123754
 30
0.0
 10
240.529159125
 20
110.1944469202
 30
0.0
 10
240.5308185712
 20
110.0230247977
 30
0.0
 10
240.5404639217
 20
109.802964341
 30
0.0
 10
240.5503439329
 20
109.6580191438
 30
0.0
 10
240.5624382184
 20
109.5334650369
 30
0.0
 10
240.5756558989
 20
109.4328755648
 30
0.0
 10
240.5896554826
 20
109.3598879816
 30
0.0
 10
240.6003580784
 20
109.3204262786
 30
0.0
 10
240.6073812816
 20
109.3067551407
 30
0.0
  0
SPLINE
  5
B41
100
AcDbEntity
  8
RUNDUNGEN
100
AcDbSpline
 62
7
  6
CONTINUOUS
 70
0
 71
3
 72
9
 73
5
 74
0
 42
0.0000001
 43
0.0000001
 44
0.0000000001
 40
0.0
 40
0.0
 40
0.0
 40
0.0
 40
0.351538353
 40
1.0
 40
1.0
 40
1.0
 40
1.0
 10
240.6073812816
 20
109.3067551407
 30
0.0
 10
240.6083501592
 20
109.3048691553
 30
0.0
 10
240.6111742276
 20
109.299855558
 30
0.0
 10
240.616015468
 20
109.294159969
 30
0.0
 10
240.6199266546
 20
109.294159969
 30
0.0
  0
SPLINE
  5
B42
100
AcDbEntity
  8
RUNDUNGEN
100
AcDbSpline
 62
7
  6
CONTINUOUS
 70
0
 71
3
 72
12
 73
8
 74
0
 42
0.0000001
 43
0.0000001
 44
0.0000000001
 40
0.0
 40
0.0
 40
0.0
 40
0.0
 40
0.2500136239
 40
0.4999695554
 40
0.7498550211
 40
0.8749289051
 40
1.0
 40
1.0
 40
1.0
 40
1.0
 10
213.1173697055
 20
124.394159969
 30
0.0
 10
213.2596750119
 20
124.394159969
 30
0.0
 10
213.5447572935
 20
124.3680462301
 30
0.0
 10
213.9594193602
 20
124.2608219822
 30
0.0
 10
214.2870719102
 20
124.1168126728
 30
0.0
 10
214.5275213062
 20
123.9636677034
 30
0.0
 10
214.6369623107
 20
123.871377452
 30
0.0
 10
214.6866642897
 20
123.8204105852
 30
0.0
  0
SPLINE
  5
B43
100
AcDbEntity
  8
RUNDUNGEN
100
AcDbSpline
 62
7
  6
CONTINUOUS
 70
0
 71
3
 72
10
 73
6
 74
0
 42
0.0000001
 43
0.0000001
 44
0.0000000001
 40
0.0
 40
0.0
 40
0.0
 40
0.0
 40
0.1154245161
 40
0.3113219276
 40
1.0
 40
1.0
 40
1.0
 40
1.0
 10
240.723687842
 20
119.894159969
 30
0.0
 10
240.7215757522
 20
119.894159969
 30
0.0
 10
240.7164591139
 20
119.8902836016
 30
0.0
 10
240.7079189288
 20
119.8743435604
 30
0.0
 10
240.703162757
 20
119.8585621095
 30
0.0
 10
240.6998987799
 20
119.8463904068
 30
0.0
  0
SPLINE
  5
B44
100
AcDbEntity
  8
RUNDUNGEN
100
AcDbSpline
 62
7
  6
CONTINUOUS
 70
0
 71
3
 72
12
 73
8
 74
0
 42
0.0000001
 43
0.0000001
 44
0.0000000001
 40
0.0
 40
0.0
 40
0.0
 40
0.0
 40
0.0639427024
 40
0.1503181568
 40
0.3823070487
 40
0.6747185361
 40
1.0
 40
1.0
 40
1.0
 40
1.0
 10
240.6998987799
 20
119.8463904068
 30
0.0
 10
240.6947135868
 20
119.8270542946
 30
0.0
 10
240.6851774691
 20
119.7809099909
 30
0.0
 10
240.666629477
 20
119.6626550423
 30
0.0
 10
240.6469174576
 20
119.4723279335
 30
0.0
 10
240.6299740853
 20
119.2068150975
 30
0.0
 10
240.62461688
 20
119.0134460895
 30
0.0
 10
240.6235211477
 20
118.9116123754
 30
0.0
  0
SPLINE
  5
B45
100
AcDbEntity
  8
RUNDUNGEN
100
AcDbSpline
 62
9
  6
CONTINUOUS
 70
0
 71
3
 72
13
 73
9
 74
0
 42
0.0000001
 43
0.0000001
 44
0.0000000001
 40
0.0
 40
0.0
 40
0.0
 40
0.0
 40
0.0747195335
 40
0.1712396269
 40
0.2858263013
 40
0.4144302523
 40
0.6991159801
 40
1.0
 40
1.0
 40
1.0
 40
1.0
 10
213.6709709366
 20
109.3214142653
 30
0.0
 10
213.6464814392
 20
109.3374692766
 30
0.0
 10
213.5946661606
 20
109.3806245392
 30
0.0
 10
213.5157597412
 20
109.4601588124
 30
0.0
 10
213.4280421611
 20
109.5604315763
 30
0.0
 10
213.2989126049
 20
109.7221027291
 30
0.0
 10
213.1355128268
 20
109.9495972032
 30
0.0
 10
213.0121712038
 20
110.1432305418
 30
0.0
 10
212.9507521611
 20
110.2438906692
 30
0.0
  0
SPLINE
  5
B46
100
AcDbEntity
  8
RUNDUNGEN
100
AcDbSpline
 62
9
  6
CONTINUOUS
 70
0
 71
3
 72
11
 73
7
 74
0
 42
0.0000001
 43
0.0000001
 44
0.0000000001
 40
0.0
 40
0.0
 40
0.0
 40
0.0
 40
0.1244962517
 40
0.3202853142
 40
0.6102249242
 40
1.0
 40
1.0
 40
1.0
 40
1.0
 10
212.2882010063
 20
109.294159969
 30
0.0
 10
212.2917246256
 20
109.2941603216
 30
0.0
 10
212.3002356646
 20
109.2995789652
 30
0.0
 10
212.3086360238
 20
109.3147094051
 30
0.0
 10
212.3175096091
 20
109.3379364031
 30
0.0
 10
212.3223332053
 20
109.3565819425
 30
0.0
 10
212.3248560515
 20
109.3673214059
 30
0.0
  0
SPLINE
  5
B47
100
AcDbEntity
  8
RUNDUNGEN
100
AcDbSpline
 62
9
  6
CONTINUOUS
 70
0
 71
3
 72
11
 73
7
 74
0
 42
0.0000001
 43
0.0000001
 44
0.0000000001
 40
0.0
 40
0.0
 40
0.0
 40
0.0
 40
0.1594812074
 40
0.3906032183
 40
0.6783728048
 40
1.0
 40
1.0
 40
1.0
 40
1.0
 10
212.3248560515
 20
109.3673214059
 30
0.0
 10
212.3355479959
 20
109.4128357715
 30
0.0
 10
212.3512389071
 20
109.5265737664
 30
0.0
 10
212.3676324254
 20
109.7247106366
 30
0.0
 10
212.3784148924
 20
109.9709691321
 30
0.0
 10
212.3814034442
 20
110.1496036955
 30
0.0
 10
212.3818194886
 20
110.2438906692
 30
0.0
  0
SPLINE
  5
B48
100
AcDbEntity
  8
RUNDUNGEN
100
AcDbSpline
 62
7
  6
CONTINUOUS
 70
0
 71
3
 72
10
 73
6
 74
0
 42
0.0000001
 43
0.0000001
 44
0.0000000001
 40
0.0
 40
0.0
 40
0.0
 40
0.0
 40
0.1154245161
 40
0.3113219276
 40
1.0
 40
1.0
 40
1.0
 40
1.0
 10
194.0527141706
 20
103.494159969
 30
0.0
 10
194.0548262604
 20
103.494159969
 30
0.0
 10
194.0599428988
 20
103.4980363364
 30
0.0
 10
194.0684830839
 20
103.5139763776
 30
0.0
 10
194.0732392556
 20
103.5297578285
 30
0.0
 10
194.0765032328
 20
103.5419295312
 30
0.0
  0
SPLINE
  5
B49
100
AcDbEntity
  8
RUNDUNGEN
100
AcDbSpline
 62
7
  6
CONTINUOUS
 70
0
 71
3
 72
12
 73
8
 74
0
 42
0.0000001
 43
0.0000001
 44
0.0000000001
 40
0.0
 40
0.0
 40
0.0
 40
0.0
 40
0.0639427024
 40
0.1503181568
 40
0.3823070487
 40
0.6747185361
 40
1.0
 40
1.0
 40
1.0
 40
1.0
 10
194.0765032328
 20
103.5419295312
 30
0.0
 10
194.0816884258
 20
103.5612656434
 30
0.0
 10
194.0912245436
 20
103.6074099471
 30
0.0
 10
194.1097725357
 20
103.7256648957
 30
0.0
 10
194.1294845551
 20
103.9159920045
 30
0.0
 10
194.1464279274
 20
104.1815048405
 30
0.0
 10
194.1517851327
 20
104.3748738485
 30
0.0
 10
194.152880865
 20
104.4767075626
 30
0.0
  0
SPLINE
  5
B4A
100
AcDbEntity
  8
RUNDUNGEN
100
AcDbSpline
 62
9
  6
CONTINUOUS
 70
0
 71
3
 72
20
 73
16
 74
0
 42
0.0000001
 43
0.0000001
 44
0.0000000001
 40
0.0
 40
0.0
 40
0.0
 40
0.0
 40
0.0241250058
 40
0.0476528087
 40
0.0814525707
 40
0.1245724148
 40
0.1755657518
 40
0.2343667796
 40
0.3005500096
 40
0.3733567848
 40
0.4518793877
 40
0.535368848
 40
0.623162046
 40
0.8080885549
 40
1.0
 40
1.0
 40
1.0
 40
1.0
 10
223.8882009811
 20
124.394159969
 30
0.0
 10
223.8963377113
 20
124.394159969
 30
0.0
 10
223.9059947396
 20
124.3752166871
 30
0.0
 10
223.913179279
 20
124.3508875361
 30
0.0
 10
223.9276350017
 20
124.3192492419
 30
0.0
 10
223.9438776529
 20
124.2796269646
 30
0.0
 10
223.9599526857
 20
124.230464701
 30
0.0
 10
223.9770051647
 20
124.1736590993
 30
0.0
 10
223.9948824722
 20
124.1093693547
 30
0.0
 10
224.0129223226
 20
124.0382549271
 30
0.0
 10
224.0297248597
 20
123.9608397407
 30
0.0
 10
224.044798043
 20
123.8779355367
 30
0.0
 10
224.0639039917
 20
123.7593225544
 30
0.0
 10
224.0819092146
 20
123.603493801
 30
0.0
 10
224.0860203061
 20
123.4763370038
 30
0.0
 10
224.0865362727
 20
123.4116123754
 30
0.0
  0
SPLINE
  5
B4B
100
AcDbEntity
  8
BEZUGSACHSEN
100
AcDbSpline
 62
7
  6
CONTINUOUS
 70
0
 71
3
 72
9
 73
5
 74
0
 42
0.0000001
 43
0.0000001
 44
0.0000000001
 40
0.0
 40
0.0
 40
0.0
 40
0.0
 40
0.5054066871
 40
1.0
 40
1.0
 40
1.0
 40
1.0
 10
234.0817299406
 20
203.5295581012
 30
0.0
 10
234.2789011574
 20
203.4998270293
 30
0.0
 10
234.6755040764
 20
203.4766551721
 30
0.0
 10
235.0691437135
 20
203.5335387295
 30
0.0
 10
235.2582769702
 20
203.5815580758
 30
0.0
  0
SPLINE
  5
B4C
100
AcDbEntity
  8
BEZUGSACHSEN
100
AcDbSpline
 62
7
  6
CONTINUOUS
 70
0
 71
3
 72
9
 73
5
 74
0
 42
0.0000001
 43
0.0000001
 44
0.0000000001
 40
0.0
 40
0.0
 40
0.0
 40
0.0
 40
0.4979034557
 40
1.0
 40
1.0
 40
1.0
 40
1.0
 10
231.720449905
 20
248.638483537
 30
0.0
 10
231.5844546261
 20
248.5919704122
 30
0.0
 10
231.318192086
 20
248.4771237473
 30
0.0
 10
231.0727073172
 20
248.3229325431
 30
0.0
 10
230.9559400952
 20
248.2370662923
 30
0.0
  0
SPLINE
  5
B4D
100
AcDbEntity
  8
BEZUGSACHSEN
100
AcDbSpline
 62
7
  6
CONTINUOUS
 70
0
 71
3
 72
19
 73
15
 74
0
 42
0.0000001
 43
0.0000001
 44
0.0000000001
 40
0.0
 40
0.0
 40
0.0
 40
0.0
 40
0.1400933043
 40
0.2813504782
 40
0.4198211978
 40
0.5520285832
 40
0.6150674775
 40
0.6757942905
 40
0.7341960799
 40
0.7903957419
 40
0.8446528162
 40
0.8973500546
 40
0.9489492535
 40
1.0
 40
1.0
 40
1.0
 40
1.0
 10
239.9372489125
 20
243.5145875407
 30
0.0
 10
239.8830719001
 20
243.9534475534
 30
0.0
 10
239.7005047738
 20
244.8271162678
 30
0.0
 10
239.2295339491
 20
246.0712158685
 30
0.0
 10
238.5812286147
 20
247.2046781066
 30
0.0
 10
237.9072817283
 20
248.0225855255
 30
0.0
 10
237.306489856
 20
248.5646652489
 30
0.0
 10
236.8403690878
 20
248.9033747581
 30
0.0
 10
236.3569567849
 20
249.1755242964
 30
0.0
 10
235.8616249601
 20
249.3765476968
 30
0.0
 10
235.3603368515
 20
249.5022554513
 30
0.0
 10
234.8599257268
 20
249.5489364225
 30
0.0
 10
234.3686108042
 20
249.5142218865
 30
0.0
 10
234.0522097448
 20
249.4359923716
 30
0.0
 10
233.8997438273
 20
249.3838459566
 30
0.0
  0
SPLINE
  5
B4E
100
AcDbEntity
  8
0
100
AcDbSpline
 62
7
  6
CONTINUOUS
 70
0
 71
3
 72
11
 73
7
 74
0
 42
0.0000001
 43
0.0000001
 44
0.0000000001
 40
0.0
 40
0.0
 40
0.0
 40
0.0
 40
0.2511460463
 40
0.5074996394
 40
0.7598592226
 40
1.0
 40
1.0
 40
1.0
 40
1.0
 10
234.1682243445
 20
242.2747859382
 30
0.0
 10
234.1358587726
 20
242.5184993634
 30
0.0
 10
234.0250328721
 20
243.005810799
 30
0.0
 10
233.7399335192
 20
243.6964743809
 30
0.0
 10
233.3481848764
 20
244.3202523227
 30
0.0
 10
233.0188165799
 20
244.6775064812
 30
0.0
 10
232.8414697508
 20
244.8318133691
 30
0.0
  0
SPLINE
  5
B4F
100
AcDbEntity
  8
0
100
AcDbSpline
 62
7
  6
CONTINUOUS
 70
0
 71
3
 72
14
 73
10
 74
0
 42
0.0000001
 43
0.0000001
 44
0.0000000001
 40
0.0
 40
0.0
 40
0.0
 40
0.0
 40
0.2781063162
 40
0.4092086162
 40
0.5350262579
 40
0.6560505947
 40
0.7730991874
 40
0.8872964651
 40
1.0
 40
1.0
 40
1.0
 40
1.0
 10
232.8414697508
 20
244.8318133691
 30
0.0
 10
232.6962717432
 20
244.9581480365
 30
0.0
 10
232.4645529215
 20
245.1255709785
 30
0.0
 10
232.1315801468
 20
245.2890419434
 30
0.0
 10
231.8838999675
 20
245.3753480914
 30
0.0
 10
231.6364828874
 20
245.4263344334
 30
0.0
 10
231.3922438311
 20
245.4411408253
 30
0.0
 10
231.1542885643
 20
245.4194155666
 30
0.0
 10
231.0013600794
 20
245.3804436576
 30
0.0
 10
230.9275595797
 20
245.3552036977
 30
0.0
  0
SPLINE
  5
B50
100
AcDbEntity
  8
0
100
AcDbSpline
 62
7
  6
CONTINUOUS
 70
0
 71
3
 72
11
 73
7
 74
0
 42
0.0000001
 43
0.0000001
 44
0.0000000001
 40
0.0
 40
0.0
 40
0.0
 40
0.0
 40
0.2514364721
 40
0.5078785983
 40
0.7601294222
 40
1.0
 40
1.0
 40
1.0
 40
1.0
 10
233.4589915182
 20
242.0487281849
 30
0.0
 10
233.4256157964
 20
242.2924993689
 30
0.0
 10
233.3129243516
 20
242.7795623685
 30
0.0
 10
233.0253135701
 20
243.4691730435
 30
0.0
 10
232.6314798223
 20
244.0909849659
 30
0.0
 10
232.3009481433
 20
244.446438514
 30
0.0
 10
232.123142256
 20
244.5996770619
 30
0.0
  0
SPLINE
  5
B51
100
AcDbEntity
  8
0
100
AcDbSpline
 62
7
  6
CONTINUOUS
 70
0
 71
3
 72
14
 73
10
 74
0
 42
0.0000001
 43
0.0000001
 44
0.0000000001
 40
0.0
 40
0.0
 40
0.0
 40
0.0
 40
0.2779139155
 40
0.4089573176
 40
0.5347546217
 40
0.6557971099
 40
0.772905897
 40
0.8871910927
 40
1.0
 40
1.0
 40
1.0
 40
1.0
 10
232.123142256
 20
244.5996770619
 30
0.0
 10
231.9784896967
 20
244.7243430584
 30
0.0
 10
231.7478356635
 20
244.8894303263
 30
0.0
 10
231.416769625
 20
245.0503405059
 30
0.0
 10
231.1705978405
 20
245.1351470859
 30
0.0
 10
230.9247588232
 20
245.1850125598
 30
0.0
 10
230.682123283
 20
245.1991970914
 30
0.0
 10
230.4457388021
 20
245.177217948
 30
0.0
 10
230.2937914764
 20
245.1384540963
 30
0.0
 10
230.2204511633
 20
245.1133636256
 30
0.0
  0
SPLINE
  5
B52
100
AcDbEntity
  8
0
100
AcDbSpline
 62
7
  6
CONTINUOUS
 70
0
 71
3
 72
11
 73
7
 74
0
 42
0.0000001
 43
0.0000001
 44
0.0000000001
 40
0.0
 40
0.0
 40
0.0
 40
0.0
 40
0.2516779552
 40
0.5081511504
 40
0.7602938679
 40
1.0
 40
1.0
 40
1.0
 40
1.0
 10
232.7494360469
 20
241.8245138697
 30
0.0
 10
232.7150817368
 20
242.0674643117
 30
0.0
 10
232.6008648293
 20
242.5525108848
 30
0.0
 10
232.3120688878
 20
243.2387683025
 30
0.0
 10
231.9181463299
 20
243.8569841537
 30
0.0
 10
231.5882008966
 20
244.2101392553
 30
0.0
 10
231.4108348855
 20
244.3623068683
 30
0.0
  0
SPLINE
  5
B53
100
AcDbEntity
  8
0
100
AcDbSpline
 62
7
  6
CONTINUOUS
 70
0
 71
3
 72
13
 73
9
 74
0
 42
0.0000001
 43
0.0000001
 44
0.0000000001
 40
0.0
 40
0.0
 40
0.0
 40
0.0
 40
0.2779533957
 40
0.5344087062
 40
0.6555186702
 40
0.7727090531
 40
0.887088629
 40
1.0
 40
1.0
 40
1.0
 40
1.0
 10
231.4108348855
 20
244.3623068683
 30
0.0
 10
231.266431518
 20
244.4861948421
 30
0.0
 10
230.9663797362
 20
244.7002132712
 30
0.0
 10
230.5484857176
 20
244.8763411703
 30
0.0
 10
230.2155273355
 20
244.9434248154
 30
0.0
 10
229.973621043
 20
244.9572842357
 30
0.0
 10
229.7379626052
 20
244.9352253769
 30
0.0
 10
229.5864751161
 20
244.8965317805
 30
0.0
 10
229.5133429026
 20
244.8715232858
 30
0.0
  0
SPLINE
  5
B54
100
AcDbEntity
  8
0
100
AcDbSpline
 62
7
  6
CONTINUOUS
 70
0
 71
3
 72
18
 73
14
 74
0
 42
0.0000001
 43
0.0000001
 44
0.0000000001
 40
0.0
 40
0.0
 40
0.0
 40
0.0
 40
0.1386173225
 40
0.2799069173
 40
0.4194587968
 40
0.5532532039
 40
0.6782750065
 40
0.7370953349
 40
0.7934010604
 40
0.8473922869
 40
0.8994442392
 40
0.9500916768
 40
1.0
 40
1.0
 40
1.0
 40
1.0
 10
232.040008915
 20
241.5987908428
 30
0.0
 10
232.0069815722
 20
241.8257383463
 30
0.0
 10
231.9012147903
 20
242.2790505737
 30
0.0
 10
231.6391151411
 20
242.924490337
 30
0.0
 10
231.2827702181
 20
243.514312029
 30
0.0
 10
230.8498635532
 20
244.015660948
 30
0.0
 10
230.4336520949
 20
244.3435303001
 30
0.0
 10
230.0829935195
 20
244.5321764657
 30
0.0
 10
229.8212220864
 20
244.6332727834
 30
0.0
 10
229.5588947585
 20
244.6950797231
 30
0.0
 10
229.2994895499
 20
244.7165111984
 30
0.0
 10
229.0466854922
 20
244.6969176103
 30
0.0
 10
228.8843660918
 20
244.6563956538
 30
0.0
 10
228.8062389539
 20
244.6296701663
 30
0.0
  0
SPLINE
  5
B55
100
AcDbEntity
  8
0
100
AcDbSpline
 62
7
  6
CONTINUOUS
 70
0
 71
3
 72
18
 73
14
 74
0
 42
0.0000001
 43
0.0000001
 44
0.0000000001
 40
0.0
 40
0.0
 40
0.0
 40
0.0
 40
0.1387712252
 40
0.2801094905
 40
0.4196335728
 40
0.5533599197
 40
0.6783089436
 40
0.7371010121
 40
0.7933865595
 40
0.847369883
 40
0.8994220852
 40
0.9500781964
 40
1.0
 40
1.0
 40
1.0
 40
1.0
 10
231.3304149019
 20
241.3738346925
 30
0.0
 10
231.2965038703
 20
241.6001131067
 30
0.0
 10
231.1893291197
 20
242.0517768434
 30
0.0
 10
230.9259617764
 20
242.694415654
 30
0.0
 10
230.5692321599
 20
243.2811336443
 30
0.0
 10
230.1367267598
 20
243.7794459252
 30
0.0
 10
229.721406801
 20
244.1050347197
 30
0.0
 10
229.3717355851
 20
244.2922068335
 30
0.0
 10
229.1107567128
 20
244.3924092099
 30
0.0
 10
228.8492873499
 20
244.4536149305
 30
0.0
 10
228.5907459956
 20
244.4746080745
 30
0.0
 10
228.3387917267
 20
244.4549127027
 30
0.0
 10
228.1770145523
 20
244.4144602402
 30
0.0
 10
228.0991307519
 20
244.387829687
 30
0.0
  0
SPLINE
  5
B56
100
AcDbEntity
  8
0
100
AcDbSpline
 62
7
  6
CONTINUOUS
 70
0
 71
3
 72
18
 73
14
 74
0
 42
0.0000001
 43
0.0000001
 44
0.0000000001
 40
0.0
 40
0.0
 40
0.0
 40
0.0
 40
0.1389155115
 40
0.2802992587
 40
0.4197967694
 40
0.5534578176
 40
0.6783384508
 40
0.7371045671
 40
0.7933725692
 40
0.8473468553
 40
0.899401193
 40
0.9500656729
 40
1.0
 40
1.0
 40
1.0
 40
1.0
 10
230.6208662349
 20
241.1480164421
 30
0.0
 10
230.5861227917
 20
241.3736517413
 30
0.0
 10
230.4776393619
 20
241.823742925
 30
0.0
 10
230.2131034909
 20
242.4637232388
 30
0.0
 10
229.8560174048
 20
243.0474921497
 30
0.0
 10
229.4238858869
 20
243.5429112075
 30
0.0
 10
229.0094144175
 20
243.866334376
 30
0.0
 10
228.6606923207
 20
244.0521333381
 30
0.0
 10
228.4004699755
 20
244.1515128297
 30
0.0
 10
228.1398024078
 20
244.2120838882
 30
0.0
 10
227.8820859855
 20
244.2327526474
 30
0.0
 10
227.6309436392
 20
244.2128788167
 30
0.0
 10
227.4696678337
 20
244.1725490486
 30
0.0
 10
227.3920235611
 20
244.1459859719
 30
0.0
  0
SPLINE
  5
B57
100
AcDbEntity
  8
0
100
AcDbSpline
 62
7
  6
CONTINUOUS
 70
0
 71
3
 72
18
 73
14
 74
0
 42
0.0000001
 43
0.0000001
 44
0.0000000001
 40
0.0
 40
0.0
 40
0.0
 40
0.0
 40
0.1397116168
 40
0.2813362242
 40
0.4206747878
 40
0.5539703635
 40
0.678472453
 40
0.7370927553
 40
0.7932656063
 40
0.8472003961
 40
0.8992664686
 40
0.9499864318
 40
1.0
 40
1.0
 40
1.0
 40
1.0
 10
229.8986434444
 20
240.9974917569
 30
0.0
 10
229.8593268314
 20
241.2193382621
 30
0.0
 10
229.7435874803
 20
241.66028631
 30
0.0
 10
229.4726619423
 20
242.2849422257
 30
0.0
 10
229.1137963014
 20
242.8518982771
 30
0.0
 10
228.6840248038
 20
243.3309541856
 30
0.0
 10
228.2745220265
 20
243.6422331448
 30
0.0
 10
227.9311648174
 20
243.8201519128
 30
0.0
 10
227.6752815311
 20
243.914912802
 30
0.0
 10
227.4192026469
 20
243.972089385
 30
0.0
 10
227.1661670722
 20
243.9906449369
 30
0.0
 10
226.9196020546
 20
243.9701322514
 30
0.0
 10
226.7612348252
 20
243.9302284275
 30
0.0
 10
226.6849203634
 20
243.9041307012
 30
0.0
  0
SPLINE
  5
B58
100
AcDbEntity
  8
0
100
AcDbSpline
 62
7
  6
CONTINUOUS
 70
0
 71
3
 72
17
 73
13
 74
0
 42
0.0000001
 43
0.0000001
 44
0.0000000001
 40
0.0
 40
0.0
 40
0.0
 40
0.0
 40
0.1424591909
 40
0.2847864657
 40
0.4234206186
 40
0.5553463525
 40
0.6785345084
 40
0.792411353
 40
0.8463050596
 40
0.8985356789
 40
0.9495774114
 40
1.0
 40
1.0
 40
1.0
 40
1.0
 10
229.1105891183
 20
241.1183166822
 30
0.0
 10
229.0554386514
 20
241.3231028743
 30
0.0
 10
228.9151536994
 20
241.7250075967
 30
0.0
 10
228.6240914241
 20
242.2864946292
 30
0.0
 10
228.2623656109
 20
242.7864902954
 30
0.0
 10
227.8446423074
 20
243.201886691
 30
0.0
 10
227.3879471054
 20
243.5133290196
 30
0.0
 10
226.9816167122
 20
243.6761348436
 30
0.0
 10
226.65879645
 20
243.7364804469
 30
0.0
 10
226.4242545059
 20
243.7474315756
 30
0.0
 10
226.1957841812
 20
243.7244756005
 30
0.0
 10
226.0488347666
 20
243.6865923074
 30
0.0
 10
225.9778087252
 20
243.6623002455
 30
0.0
  0
SPLINE
  5
B59
100
AcDbEntity
  8
0
100
AcDbSpline
 62
7
  6
CONTINUOUS
 70
0
 71
3
 72
14
 73
10
 74
0
 42
0.0000001
 43
0.0000001
 44
0.0000000001
 40
0.0
 40
0.0
 40
0.0
 40
0.0
 40
0.2877266049
 40
0.4238037348
 40
0.5526068032
 40
0.6736297829
 40
0.7873342947
 40
0.8952693081
 40
1.0
 40
1.0
 40
1.0
 40
1.0
 10
228.0295751036
 20
241.8179648959
 30
0.0
 10
227.8729572035
 20
242.1094348321
 30
0.0
 10
227.5918469935
 20
242.5157538741
 30
0.0
 10
227.1318815121
 20
242.9566203886
 30
0.0
 10
226.7681216996
 20
243.2141644516
 30
0.0
 10
226.3892752861
 20
243.3961382348
 30
0.0
 10
226.0052041491
 20
243.4962032199
 30
0.0
 10
225.6269497078
 20
243.5098190905
 30
0.0
 10
225.3846621073
 20
243.459426738
 30
0.0
 10
225.2707052033
 20
243.4204459081
 30
0.0
  0
SPLINE
  5
B5A
100
AcDbEntity
  8
0
100
AcDbSpline
 62
7
  6
CONTINUOUS
 70
0
 71
3
 72
15
 73
11
 74
0
 42
0.0000001
 43
0.0000001
 44
0.0000000001
 40
0.0
 40
0.0
 40
0.0
 40
0.0
 40
0.1461851302
 40
0.2878579422
 40
0.4233941978
 40
0.5517245052
 40
0.672510616
 40
0.78630787
 40
0.8946563228
 40
1.0
 40
1.0
 40
1.0
 40
1.0
 10
227.2506647409
 20
241.7044792513
 30
0.0
 10
227.1696431231
 20
241.8436725279
 30
0.0
 10
226.9944448967
 20
242.1090485382
 30
0.0
 10
226.69178071
 20
242.4655286247
 30
0.0
 10
226.3595233304
 20
242.7663771345
 30
0.0
 10
226.0059276117
 20
243.003029867
 30
0.0
 10
225.6396817414
 20
243.1685253292
 30
0.0
 10
225.2698020541
 20
243.2573487926
 30
0.0
 10
224.9062266405
 20
243.2657273037
 30
0.0
 10
224.6734147517
 20
243.2161565013
 30
0.0
 10
224.5635965691
 20
243.1786066808
 30
0.0
  0
SPLINE
  5
B5B
100
AcDbEntity
  8
0
100
AcDbSpline
 62
7
  6
CONTINUOUS
 70
0
 71
3
 72
14
 73
10
 74
0
 42
0.0000001
 43
0.0000001
 44
0.0000000001
 40
0.0
 40
0.0
 40
0.0
 40
0.0
 40
0.2860352371
 40
0.4213392438
 40
0.5498381668
 40
0.6711497085
 40
0.7856571471
 40
0.8945870543
 40
1.0
 40
1.0
 40
1.0
 40
1.0
 10
226.5301031798
 20
241.4855720011
 30
0.0
 10
226.376211402
 20
241.7461720164
 30
0.0
 10
226.1073673615
 20
242.1085526586
 30
0.0
 10
225.6780136853
 20
242.5030724905
 30
0.0
 10
225.3415511403
 20
242.7356154525
 30
0.0
 10
224.9927208696
 20
242.9037021587
 30
0.0
 10
224.6393059035
 20
243.0024311996
 30
0.0
 10
224.2899109728
 20
243.0283127385
 30
0.0
 10
224.0632617465
 20
242.9953406723
 30
0.0
 10
223.9554506976
 20
242.9667611311
 30
0.0
  0
SPLINE
  5
B5C
100
AcDbEntity
  8
0
100
AcDbSpline
 62
7
  6
CONTINUOUS
 70
0
 71
3
 72
9
 73
5
 74
0
 42
0.0000001
 43
0.0000001
 44
0.0000000001
 40
0.0
 40
0.0
 40
0.0
 40
0.0
 40
0.248127184
 40
1.0
 40
1.0
 40
1.0
 40
1.0
 10
231.428928321
 20
245.5590695396
 30
0.0
 10
231.4127658255
 20
245.5502457321
 30
0.0
 10
231.3483582985
 20
245.5133586423
 30
0.0
 10
231.2869630871
 20
245.4712402461
 30
0.0
 10
231.2428488625
 20
245.4370724055
 30
0.0
  0
SPLINE
  5
B5D
100
AcDbEntity
  8
0
100
AcDbSpline
 62
7
  6
CONTINUOUS
 70
0
 71
3
 72
18
 73
14
 74
0
 42
0.0000001
 43
0.0000001
 44
0.0000000001
 40
0.0
 40
0.0
 40
0.0
 40
0.0
 40
0.1369903588
 40
0.2769712251
 40
0.4158188039
 40
0.5496929895
 40
0.6755709487
 40
0.7350220153
 40
0.7920189195
 40
0.8466731636
 40
0.8992517502
 40
0.9501754407
 40
1.0
 40
1.0
 40
1.0
 40
1.0
 10
234.026394385
 20
242.2295348352
 30
0.0
 10
233.9970180925
 20
242.4494322686
 30
0.0
 10
233.9005817285
 20
242.8897434941
 30
0.0
 10
233.6574730999
 20
243.5203209485
 30
0.0
 10
233.3237509748
 20
244.1026276184
 30
0.0
 10
232.9150343599
 20
244.6060533101
 30
0.0
 10
232.5195501246
 20
244.944719327
 30
0.0
 10
232.1835850078
 20
245.1489567585
 30
0.0
 10
231.9310960253
 20
245.2647857942
 30
0.0
 10
231.6764997862
 20
245.3443521296
 30
0.0
 10
231.4229352325
 20
245.3864083271
 30
0.0
 10
231.1737206694
 20
245.3901558154
 30
0.0
 10
231.0114131556
 20
245.3666760416
 30
0.0
 10
230.9327714774
 20
245.3486146369
 30
0.0
  0
LINE
  5
B5E
100
AcDbEntity
  8
0
100
AcDbLine
 62
7
  6
CONTINUOUS
 10
230.9327714774
 20
245.3486146369
 11
230.9296417387
 21
245.3478922635
  0
SPLINE
  5
B5F
100
AcDbEntity
  8
BEZUGSACHSEN
100
AcDbSpline
 62
9
  6
CONTINUOUS
 70
0
 71
3
 72
17
 73
13
 74
0
 42
0.0000001
 43
0.0000001
 44
0.0000000001
 40
0.0
 40
0.0
 40
0.0
 40
0.0
 40
0.1488909386
 40
0.2917511931
 40
0.4273918839
 40
0.5551484136
 40
0.6750246994
 40
0.7878249491
 40
0.8421370411
 40
0.8953775891
 40
0.9478782505
 40
1.0
 40
1.0
 40
1.0
 40
1.0
 10
236.3727363628
 20
246.2141204339
 30
0.0
 10
236.2220350677
 20
246.449735829
 30
0.0
 10
235.9018860361
 20
246.8961951368
 30
0.0
 10
235.3605569368
 20
247.4916343236
 30
0.0
 10
234.7780683203
 20
247.9882299129
 30
0.0
 10
234.1671320044
 20
248.3743826536
 30
0.0
 10
233.5411730603
 20
248.6407795986
 30
0.0
 10
233.0111159052
 20
248.7582746619
 30
0.0
 10
232.5972898508
 20
248.7837882548
 30
0.0
 10
232.2963283924
 20
248.7698301519
 30
0.0
 10
232.002882814
 20
248.7231267738
 30
0.0
 10
231.8130929524
 20
248.6701622039
 30
0.0
 10
231.7204531521
 20
248.6384740434
 30
0.0
  0
SPLINE
  5
B60
100
AcDbEntity
  8
0
100
AcDbSpline
 62
7
  6
CONTINUOUS
 70
0
 71
3
 72
9
 73
5
 74
0
 42
0.0000001
 43
0.0000001
 44
0.0000000001
 40
0.0
 40
0.0
 40
0.0
 40
0.0
 40
0.5086065124
 40
1.0
 40
1.0
 40
1.0
 40
1.0
 10
234.2950518969
 20
243.8642154854
 30
0.0
 10
234.3831852866
 20
243.6262155714
 30
0.0
 10
234.516649603
 20
243.1425165016
 30
0.0
 10
234.5607980363
 20
242.6417916884
 30
0.0
 10
234.5559807725
 20
242.3966341777
 30
0.0
  0
SPLINE
  5
B61
100
AcDbEntity
  8
0
100
AcDbSpline
 62
7
  6
CONTINUOUS
 70
0
 71
3
 72
17
 73
13
 74
0
 42
0.0000001
 43
0.0000001
 44
0.0000000001
 40
0.0
 40
0.0
 40
0.0
 40
0.0
 40
0.1370536663
 40
0.2769976639
 40
0.4157686782
 40
0.5495862092
 40
0.6754725945
 40
0.7918110879
 40
0.8465277835
 40
0.8991709099
 40
0.9501470117
 40
1.0
 40
1.0
 40
1.0
 40
1.0
 10
233.3169646524
 20
242.0047434028
 30
0.0
 10
233.2868288495
 20
242.223117058
 30
0.0
 10
233.1895317248
 20
242.6600990235
 30
0.0
 10
232.946641763
 20
243.2857243608
 30
0.0
 10
232.6146352034
 20
243.8633267041
 30
0.0
 10
232.2085172152
 20
244.3631433447
 30
0.0
 10
231.7469159471
 20
244.759445377
 30
0.0
 10
231.3235320819
 20
244.9906021674
 30
0.0
 10
230.9797328491
 20
245.0999119458
 30
0.0
 10
230.7278832988
 20
245.143340694
 30
0.0
 10
230.4801910922
 20
245.148995587
 30
0.0
 10
230.3186548953
 20
245.1272236613
 30
0.0
 10
230.2403254728
 20
245.1100696658
 30
0.0
  0
SPLINE
  5
B62
100
AcDbEntity
  8
0
100
AcDbSpline
 62
7
  6
CONTINUOUS
 70
0
 71
3
 72
14
 73
10
 74
0
 42
0.0000001
 43
0.0000001
 44
0.0000000001
 40
0.0
 40
0.0
 40
0.0
 40
0.0
 40
0.1019241334
 40
0.2093138902
 40
0.3237339672
 40
0.4458931647
 40
0.5756703641
 40
0.7122725529
 40
1.0
 40
1.0
 40
1.0
 40
1.0
 10
231.9628721226
 20
245.6688897582
 30
0.0
 10
232.0685614506
 20
245.678377923
 30
0.0
 10
232.288517862
 20
245.672297039
 30
0.0
 10
232.6179941554
 20
245.5919230216
 30
0.0
 10
232.9458055459
 20
245.4432177235
 30
0.0
 10
233.2641617099
 20
245.2305156278
 30
0.0
 10
233.565872697
 20
244.9591315927
 30
0.0
 10
233.9427238006
 20
244.5208933129
 30
0.0
 10
234.1697332356
 20
244.136298582
 30
0.0
 10
234.2950518969
 20
243.8642154854
 30
0.0
  0
SPLINE
  5
B63
100
AcDbEntity
  8
0
100
AcDbSpline
 62
7
  6
CONTINUOUS
 70
0
 71
3
 72
15
 73
11
 74
0
 42
0.0000001
 43
0.0000001
 44
0.0000000001
 40
0.0
 40
0.0
 40
0.0
 40
0.0
 40
0.1447868285
 40
0.2860591911
 40
0.4219454718
 40
0.551135284
 40
0.6729195646
 40
0.7874350862
 40
0.8957737869
 40
1.0
 40
1.0
 40
1.0
 40
1.0
 10
234.2950518969
 20
243.8642154854
 30
0.0
 10
234.220547692
 20
244.010232485
 30
0.0
 10
234.0570152796
 20
244.2907596825
 30
0.0
 10
233.7690007763
 20
244.6733114068
 30
0.0
 10
233.4471705147
 20
245.0039690903
 30
0.0
 10
233.0997458463
 20
245.2732955975
 30
0.0
 10
232.735355689
 20
245.4734270723
 30
0.0
 10
232.3630414888
 20
245.5980403486
 30
0.0
 10
231.9926486674
 20
245.6424479379
 30
0.0
 10
231.7507924783
 20
245.6162731011
 30
0.0
 10
231.6358563434
 20
245.5895406979
 30
0.0
  0
SPLINE
  5
B64
100
AcDbEntity
  8
0
100
AcDbSpline
 62
7
  6
CONTINUOUS
 70
0
 71
3
 72
18
 73
14
 74
0
 42
0.0000001
 43
0.0000001
 44
0.0000000001
 40
0.0
 40
0.0
 40
0.0
 40
0.0
 40
0.1370527981
 40
0.2769012943
 40
0.4155424524
 40
0.5492557161
 40
0.6751068752
 40
0.7346030506
 40
0.7916805445
 40
0.8464390969
 40
0.8991261224
 40
0.9501374231
 40
1.0
 40
1.0
 40
1.0
 40
1.0
 10
232.6076166921
 20
241.7789486757
 30
0.0
 10
232.5767868457
 20
241.995830718
 30
0.0
 10
232.4787221695
 20
242.4295766498
 30
0.0
 10
232.2361622839
 20
243.0503859669
 30
0.0
 10
231.9057927791
 20
243.6235317263
 30
0.0
 10
231.5026574093
 20
244.1197004092
 30
0.0
 10
231.1133434854
 20
244.4546112216
 30
0.0
 10
230.7826762047
 20
244.65795195
 30
0.0
 10
230.5340061496
 20
244.7742344402
 30
0.0
 10
230.2830953133
 20
244.8553791788
 30
0.0
 10
230.0329437861
 20
244.9001542965
 30
0.0
 10
229.7867261317
 20
244.9077692126
 30
0.0
 10
229.6259502838
 20
244.8876156873
 30
0.0
 10
229.5479271322
 20
244.8713563559
 30
0.0
  0
SPLINE
  5
B65
100
AcDbEntity
  8
BEZUGSACHSEN
100
AcDbSpline
 62
9
  6
CONTINUOUS
 70
0
 71
3
 72
19
 73
15
 74
0
 42
0.0000001
 43
0.0000001
 44
0.0000000001
 40
0.0
 40
0.0
 40
0.0
 40
0.0
 40
0.1437394748
 40
0.2881819572
 40
0.4291269593
 40
0.4971486686
 40
0.5629626916
 40
0.6866881284
 40
0.7444926432
 40
0.799579817
 40
0.8521853358
 40
0.9027179254
 40
0.9517525245
 40
1.0
 40
1.0
 40
1.0
 40
1.0
 10
239.7896727182
 20
243.6480744679
 30
0.0
 10
239.7241193116
 20
244.0835662379
 30
0.0
 10
239.5225962356
 20
244.9475167289
 30
0.0
 10
239.0330490199
 20
246.172705688
 30
0.0
 10
238.4793163895
 20
247.1091824038
 30
0.0
 10
237.962008008
 20
247.7747143783
 30
0.0
 10
237.4237684268
 20
248.3526554257
 30
0.0
 10
236.8298526188
 20
248.8339907075
 30
0.0
 10
236.194810646
 20
249.186848882
 30
0.0
 10
235.7227897421
 20
249.3761610521
 30
0.0
 10
235.2506285338
 20
249.4932348063
 30
0.0
 10
234.7844000494
 20
249.5360894519
 30
0.0
 10
234.3306553554
 20
249.5036813074
 30
0.0
 10
234.0396144857
 20
249.4316791934
 30
0.0
 10
233.8997470744
 20
249.3838364631
 30
0.0
  0
SPLINE
  5
B66
100
AcDbEntity
  8
0
100
AcDbSpline
 62
7
  6
CONTINUOUS
 70
0
 71
3
 72
17
 73
13
 74
0
 42
0.0000001
 43
0.0000001
 44
0.0000000001
 40
0.0
 40
0.0
 40
0.0
 40
0.0
 40
0.137479365
 40
0.2776506069
 40
0.416464222
 40
0.5501756551
 40
0.6758626684
 40
0.7919811008
 40
0.8466069176
 40
0.8991857083
 40
0.9501331682
 40
1.0
 40
1.0
 40
1.0
 40
1.0
 10
231.8981109376
 20
241.5536876172
 30
0.0
 10
231.8661996776
 20
241.7717139512
 30
0.0
 10
231.7656939442
 20
242.2074082279
 30
0.0
 10
231.518820325
 20
242.8301252967
 30
0.0
 10
231.1838136731
 20
243.4035851326
 30
0.0
 10
230.7757618288
 20
243.8983618768
 30
0.0
 10
230.3132913817
 20
244.2890800422
 30
0.0
 10
229.8900441195
 20
244.5152721749
 30
0.0
 10
229.5469702429
 20
244.6206498374
 30
0.0
 10
229.2958598154
 20
244.6612828766
 30
0.0
 10
229.0491170146
 20
244.664264592
 30
0.0
 10
228.8884192548
 20
244.6408202175
 30
0.0
 10
228.8105330649
 20
244.6228802228
 30
0.0
  0
SPLINE
  5
B67
100
AcDbEntity
  8
0
100
AcDbSpline
 62
7
  6
CONTINUOUS
 70
0
 71
3
 72
18
 73
14
 74
0
 42
0.0000001
 43
0.0000001
 44
0.0000000001
 40
0.0
 40
0.0
 40
0.0
 40
0.0
 40
0.1376307721
 40
0.2778506107
 40
0.416630332
 40
0.5502547059
 40
0.6758342115
 40
0.7351550343
 40
0.7920511427
 40
0.8466412274
 40
0.899195994
 40
0.9501329389
 40
1.0
 40
1.0
 40
1.0
 40
1.0
 10
231.1884899372
 20
241.3288165571
 30
0.0
 10
231.1557017153
 20
241.5463544047
 30
0.0
 10
231.0537239932
 20
241.9807792238
 30
0.0
 10
230.8053203698
 20
242.6011963147
 30
0.0
 10
230.4694299617
 20
243.1719761727
 30
0.0
 10
230.0614309766
 20
243.6637886055
 30
0.0
 10
229.6686574809
 20
243.9934662947
 30
0.0
 10
229.3359468991
 20
244.191555464
 30
0.0
 10
229.086198929
 20
244.303536143
 30
0.0
 10
228.8345969963
 20
244.3799983962
 30
0.0
 10
228.5841816091
 20
244.419796311
 30
0.0
 10
228.3381524819
 20
244.4221465193
 30
0.0
 10
228.1779679516
 20
244.3983700155
 30
0.0
 10
228.100331528
 20
244.380308572
 30
0.0
  0
SPLINE
  5
B68
100
AcDbEntity
  8
0
100
AcDbSpline
 62
7
  6
CONTINUOUS
 70
0
 71
3
 72
17
 73
13
 74
0
 42
0.0000001
 43
0.0000001
 44
0.0000000001
 40
0.0
 40
0.0
 40
0.0
 40
0.0
 40
0.1377982798
 40
0.2780913424
 40
0.4168749376
 40
0.5504643608
 40
0.6760017589
 40
0.7920018787
 40
0.8465939229
 40
0.8991580162
 40
0.9501113333
 40
1.0
 40
1.0
 40
1.0
 40
1.0
 10
230.4789301993
 20
241.1029807808
 30
0.0
 10
230.4453494698
 20
241.3198671848
 30
0.0
 10
230.3421256242
 20
241.7527215928
 30
0.0
 10
230.0925991346
 20
242.3705195323
 30
0.0
 10
229.7564432544
 20
242.9383784329
 30
0.0
 10
229.3486302506
 20
243.4274671039
 30
0.0
 10
228.8875746701
 20
243.8129663121
 30
0.0
 10
228.4663580128
 20
244.0354606893
 30
0.0
 10
228.1252601534
 20
244.1386479499
 30
0.0
 10
227.8756466645
 20
244.1780244356
 30
0.0
 10
227.6304346611
 20
244.1802199215
 30
0.0
 10
227.4707749471
 20
244.1564931751
 30
0.0
 10
227.3933800818
 20
244.1385064974
 30
0.0
  0
SPLINE
  5
B69
100
AcDbEntity
  8
0
100
AcDbSpline
 62
7
  6
CONTINUOUS
 70
0
 71
3
 72
17
 73
13
 74
0
 42
0.0000001
 43
0.0000001
 44
0.0000000001
 40
0.0
 40
0.0
 40
0.0
 40
0.0
 40
0.1385534427
 40
0.2790878001
 40
0.4177394546
 40
0.550997574
 40
0.6761796525
 40
0.7919438121
 40
0.8464851905
 40
0.8990496268
 40
0.9500435696
 40
1.0
 40
1.0
 40
1.0
 40
1.0
 10
229.7572220881
 20
240.9491228044
 30
0.0
 10
229.7194324274
 20
241.1623533836
 30
0.0
 10
229.6095173886
 20
241.5864960532
 30
0.0
 10
229.3541042005
 20
242.1897913525
 30
0.0
 10
229.0162958066
 20
242.7418008046
 30
0.0
 10
228.6106724086
 20
243.2154283357
 30
0.0
 10
228.1549388168
 20
243.5873902099
 30
0.0
 10
227.7403892307
 20
243.8010611889
 30
0.0
 10
227.405309506
 20
243.899483988
 30
0.0
 10
227.160171128
 20
243.9366740954
 30
0.0
 10
226.919388289
 20
243.9378682483
 30
0.0
 10
226.7625921671
 20
243.9143951654
 30
0.0
 10
226.6865392976
 20
243.8967196899
 30
0.0
  0
SPLINE
  5
B6A
100
AcDbEntity
  8
0
100
AcDbSpline
 62
7
  6
CONTINUOUS
 70
0
 71
3
 72
17
 73
13
 74
0
 42
0.0000001
 43
0.0000001
 44
0.0000000001
 40
0.0
 40
0.0
 40
0.0
 40
0.0
 40
0.1415077432
 40
0.2825278146
 40
0.420080177
 40
0.5516170365
 40
0.675336692
 40
0.7905183827
 40
0.8451536
 40
0.8980415035
 40
0.9495173065
 40
1.0
 40
1.0
 40
1.0
 40
1.0
 10
228.9367111889
 20
241.1842326692
 30
0.0
 10
228.8807010477
 20
241.3717228487
 30
0.0
 10
228.7437856189
 20
241.7390547293
 30
0.0
 10
228.4704445399
 20
242.253480404
 30
0.0
 10
228.1373852277
 20
242.7148421521
 30
0.0
 10
227.7561992111
 20
243.1049612659
 30
0.0
 10
227.3402643147
 20
243.4083839004
 30
0.0
 10
226.9694461009
 20
243.5815155966
 30
0.0
 10
226.6715795966
 20
243.6622028132
 30
0.0
 10
226.4533580651
 20
243.693559774
 30
0.0
 10
226.2386583409
 20
243.6964417902
 30
0.0
 10
226.0982051712
 20
243.6790604111
 30
0.0
 10
226.0297011218
 20
243.6656324605
 30
0.0
  0
SPLINE
  5
B6B
100
AcDbEntity
  8
BEZUGSACHSEN
100
AcDbSpline
 62
9
  6
CONTINUOUS
 70
0
 71
3
 72
15
 73
11
 74
0
 42
0.0000001
 43
0.0000001
 44
0.0000000001
 40
0.0
 40
0.0
 40
0.0
 40
0.0
 40
0.2855530982
 40
0.4184571621
 40
0.482392462
 40
0.544688966
 40
0.6646354372
 40
0.779420399
 40
0.890571724
 40
1.0
 40
1.0
 40
1.0
 40
1.0
 10
235.1380355325
 20
246.8885325836
 30
0.0
 10
234.8719370029
 20
247.1717312865
 30
0.0
 10
234.4399123642
 20
247.5520454244
 30
0.0
 10
233.8750066991
 20
247.8895717887
 30
0.0
 10
233.5552771833
 20
248.0390427166
 30
0.0
 10
233.242383641
 20
248.159368722
 30
0.0
 10
232.8498037419
 20
248.262715347
 30
0.0
 10
232.3789172628
 20
248.3071342852
 30
0.0
 10
231.9216805764
 20
248.2692074328
 30
0.0
 10
231.6303148089
 20
248.1887764508
 30
0.0
 10
231.4911195471
 20
248.1358513116
 30
0.0
  0
SPLINE
  5
B6C
100
AcDbEntity
  8
0
100
AcDbSpline
 62
7
  6
CONTINUOUS
 70
0
 71
3
 72
14
 73
10
 74
0
 42
0.0000001
 43
0.0000001
 44
0.0000000001
 40
0.0
 40
0.0
 40
0.0
 40
0.0
 40
0.2852732896
 40
0.4205222459
 40
0.5491711276
 40
0.6707729573
 40
0.7855951194
 40
0.89471271
 40
1.0
 40
1.0
 40
1.0
 40
1.0
 10
227.8190434399
 20
241.8933082757
 30
0.0
 10
227.6687689807
 20
242.1522080257
 30
0.0
 10
227.4060055529
 20
242.5131099307
 30
0.0
 10
226.9859589064
 20
242.9094416262
 30
0.0
 10
226.6558920224
 20
243.1457869811
 30
0.0
 10
226.3128933023
 20
243.3200274144
 30
0.0
 10
225.9644122457
 20
243.4273405397
 30
0.0
 10
225.6186404926
 20
243.4641576818
 30
0.0
 10
225.3928157456
 20
243.4399726843
 30
0.0
 10
225.2849824929
 20
243.4159195674
 30
0.0
  0
SPLINE
  5
B6D
100
AcDbEntity
  8
0
100
AcDbSpline
 62
7
  6
CONTINUOUS
 70
0
 71
3
 72
12
 73
8
 74
0
 42
0.0000001
 43
0.0000001
 44
0.0000000001
 40
0.0
 40
0.0
 40
0.0
 40
0.0
 40
0.2572676469
 40
0.517091019
 40
0.6444399776
 40
0.7681647405
 40
1.0
 40
1.0
 40
1.0
 40
1.0
 10
234.711932331
 20
242.4467619384
 30
0.0
 10
234.6859752042
 20
242.7279040823
 30
0.0
 10
234.5754100619
 20
243.2887306459
 30
0.0
 10
234.3100814746
 20
243.9489865188
 30
0.0
 10
234.0270813343
 20
244.4341243411
 30
0.0
 10
233.7145443683
 20
244.8626705983
 30
0.0
 10
233.4340268438
 20
245.1409436375
 30
0.0
 10
233.2305181331
 20
245.2936439373
 30
0.0
  0
SPLINE
  5
B6E
100
AcDbEntity
  8
0
100
AcDbSpline
 62
7
  6
CONTINUOUS
 70
0
 71
3
 72
9
 73
5
 74
0
 42
0.0000001
 43
0.0000001
 44
0.0000000001
 40
0.0
 40
0.0
 40
0.0
 40
0.0
 40
0.2584513123
 40
1.0
 40
1.0
 40
1.0
 40
1.0
 10
232.8318880208
 20
245.5384987514
 30
0.0
 10
232.7950410073
 20
245.5563100788
 30
0.0
 10
232.6505749254
 20
245.621159549
 30
0.0
 10
232.498183867
 20
245.6689077879
 30
0.0
 10
232.3830534965
 20
245.6920091997
 30
0.0
  0
SPLINE
  5
B6F
100
AcDbEntity
  8
0
100
AcDbSpline
 62
7
  6
CONTINUOUS
 70
0
 71
3
 72
14
 73
10
 74
0
 42
0.0000001
 43
0.0000001
 44
0.0000000001
 40
0.0
 40
0.0
 40
0.0
 40
0.0
 40
0.2854407075
 40
0.4206877612
 40
0.5492913482
 40
0.67082326
 40
0.7855777285
 40
0.894665801
 40
1.0
 40
1.0
 40
1.0
 40
1.0
 10
227.1055311259
 20
241.6624752185
 30
0.0
 10
226.9543718749
 20
241.9211340357
 30
0.0
 10
226.690248851
 20
242.2814229777
 30
0.0
 10
226.2684079902
 20
242.6762208095
 30
0.0
 10
225.9372461831
 20
242.9109864062
 30
0.0
 10
225.59335857
 20
243.083256784
 30
0.0
 10
225.2442393103
 20
243.1882115289
 30
0.0
 10
224.8981463468
 20
243.2223167603
 30
0.0
 10
224.6724636019
 20
243.1961319149
 30
0.0
 10
224.5647839067
 20
243.1710812375
 30
0.0
  0
SPLINE
  5
B70
100
AcDbEntity
  8
0
100
AcDbSpline
 62
7
  6
CONTINUOUS
 70
0
 71
3
 72
13
 73
9
 74
0
 42
0.0000001
 43
0.0000001
 44
0.0000000001
 40
0.0
 40
0.0
 40
0.0
 40
0.0
 40
0.2834466896
 40
0.5460632244
 40
0.6680746789
 40
0.783760178
 40
0.8939235813
 40
1.0
 40
1.0
 40
1.0
 40
1.0
 10
226.3429857042
 20
241.5127791255
 30
0.0
 10
226.198149246
 20
241.7467707688
 30
0.0
 10
225.8743885128
 20
242.1719445315
 30
0.0
 10
225.3702369366
 20
242.5918426606
 30
0.0
 10
224.9384807335
 20
242.8179719005
 30
0.0
 10
224.617085679
 20
242.9267524265
 30
0.0
 10
224.2968751614
 20
242.9758663734
 30
0.0
 10
224.0854661376
 20
242.9674950765
 30
0.0
 10
223.9835251847
 20
242.9528569976
 30
0.0
  0
SPLINE
  5
B71
100
AcDbEntity
  8
0
100
AcDbSpline
 62
7
  6
CONTINUOUS
 70
0
 71
3
 72
11
 73
7
 74
0
 42
0.0000001
 43
0.0000001
 44
0.0000000001
 40
0.0
 40
0.0
 40
0.0
 40
0.0
 40
0.2511041908
 40
0.5052289823
 40
0.7567287999
 40
1.0
 40
1.0
 40
1.0
 40
1.0
 10
233.5130188717
 20
244.0457971199
 30
0.0
 10
233.607533888
 20
243.9167819819
 30
0.0
 10
233.7791632571
 20
243.64314736
 30
0.0
 10
233.9787510062
 20
243.202955754
 30
0.0
 10
234.1172481235
 20
242.7451149069
 30
0.0
 10
234.1670426483
 20
242.4327044737
 30
0.0
 10
234.1800291886
 20
242.2783073757
 30
0.0
  0
SPLINE
  5
B72
100
AcDbEntity
  8
0
100
AcDbSpline
 62
7
  6
CONTINUOUS
 70
0
 71
3
 72
10
 73
6
 74
0
 42
0.0000001
 43
0.0000001
 44
0.0000000001
 40
0.0
 40
0.0
 40
0.0
 40
0.0
 40
0.5057907294
 40
0.7567704177
 40
1.0
 40
1.0
 40
1.0
 40
1.0
 10
232.8925334117
 20
243.6645037268
 30
0.0
 10
233.0525502158
 20
243.421438242
 30
0.0
 10
233.2473559948
 20
243.0257034449
 30
0.0
 10
233.4065965079
 20
242.4719995074
 30
0.0
 10
233.4516127861
 20
242.190255259
 30
0.0
 10
233.4644769206
 20
242.0509045516
 30
0.0
  0
SPLINE
  5
B73
100
AcDbEntity
  8
0
100
AcDbSpline
 62
7
  6
CONTINUOUS
 70
0
 71
3
 72
9
 73
5
 74
0
 42
0.0000001
 43
0.0000001
 44
0.0000000001
 40
0.0
 40
0.0
 40
0.0
 40
0.0
 40
0.5065590312
 40
1.0
 40
1.0
 40
1.0
 40
1.0
 10
232.2813115599
 20
243.2510890277
 30
0.0
 10
232.4056378598
 20
243.0365211032
 30
0.0
 10
232.6077909988
 20
242.5865921661
 30
0.0
 10
232.7169613984
 20
242.1053380734
 30
0.0
 10
232.7442394293
 20
241.865320367
 30
0.0
  0
SPLINE
  5
B74
100
AcDbEntity
  8
0
100
AcDbSpline
 62
7
  6
CONTINUOUS
 70
0
 71
3
 72
9
 73
5
 74
0
 42
0.0000001
 43
0.0000001
 44
0.0000000001
 40
0.0
 40
0.0
 40
0.0
 40
0.0
 40
0.2527664428
 40
1.0
 40
1.0
 40
1.0
 40
1.0
 10
231.71687765
 20
242.7160527845
 30
0.0
 10
231.7481170417
 20
242.648860799
 30
0.0
 10
231.8636360995
 20
242.3793684278
 30
0.0
 10
231.9472076391
 20
242.0960843343
 30
0.0
 10
231.989340125
 20
241.881121321
 30
0.0
  0
SPLINE
  5
B75
100
AcDbEntity
  8
AUSFORMSCHRAEGEN
100
AcDbSpline
 62
7
  6
CONTINUOUS
 70
0
 71
3
 72
9
 73
5
 74
0
 42
0.0000001
 43
0.0000001
 44
0.0000000001
 40
0.0
 40
0.0
 40
0.0
 40
0.0
 40
0.4997191512
 40
1.0
 40
1.0
 40
1.0
 40
1.0
 10
196.0055854833
 20
207.8854451088
 30
0.0
 10
195.8256576519
 20
207.8682963746
 30
0.0
 10
195.4681583241
 20
207.7909416199
 30
0.0
 10
195.1407791466
 20
207.627851942
 30
0.0
 10
194.9893899995
 20
207.5287413439
 30
0.0
  0
SPLINE
  5
B76
100
AcDbEntity
  8
AUSFORMSCHRAEGEN
100
AcDbSpline
 62
7
  6
CONTINUOUS
 70
0
 71
3
 72
11
 73
7
 74
0
 42
0.0000001
 43
0.0000001
 44
0.0000000001
 40
0.0
 40
0.0
 40
0.0
 40
0.0
 40
0.2310932151
 40
0.4733645428
 40
0.7292720773
 40
1.0
 40
1.0
 40
1.0
 40
1.0
 10
198.0303425709
 20
219.4302223679
 30
0.0
 10
197.8743052852
 20
219.4277327456
 30
0.0
 10
197.5535457207
 20
219.4541020789
 30
0.0
 10
197.0754423941
 20
219.5810796287
 30
0.0
 10
196.5992964573
 20
219.7929794731
 30
0.0
 10
196.2970935017
 20
219.9828064358
 30
0.0
 10
196.148574527
 20
220.0894186349
 30
0.0
  0
SPLINE
  5
B77
100
AcDbEntity
  8
RUNDUNGEN
100
AcDbSpline
 62
9
  6
CONTINUOUS
 70
0
 71
3
 72
18
 73
14
 74
0
 42
0.0000001
 43
0.0000001
 44
0.0000000001
 40
0.0
 40
0.0
 40
0.0
 40
0.0
 40
0.1191943404
 40
0.1761015367
 40
0.2318199601
 40
0.286984996
 40
0.3422555136
 40
0.3982880666
 40
0.4556870533
 40
0.5762800642
 40
0.7069779142
 40
0.8485089219
 40
1.0
 40
1.0
 40
1.0
 40
1.0
 10
204.4851478542
 20
202.9161248752
 30
0.0
 10
204.6363433869
 20
202.8644290568
 30
0.0
 10
204.8701642464
 20
202.8128691734
 30
0.0
 10
205.1817217784
 20
202.8095314144
 30
0.0
 10
205.4055345734
 20
202.8391348107
 30
0.0
 10
205.6204604526
 20
202.9006320041
 30
0.0
 10
205.8243071698
 20
202.9934264497
 30
0.0
 10
206.0149801171
 20
203.1165114377
 30
0.0
 10
206.2528429605
 20
203.3224440857
 30
0.0
 10
206.5078457202
 20
203.6543071278
 30
0.0
 10
206.7276070374
 20
204.1368944441
 30
0.0
 10
206.8611817859
 20
204.6919801953
 30
0.0
 10
206.8892055806
 20
205.0856319486
 30
0.0
 10
206.8892193671
 20
205.2887172483
 30
0.0
  0
SPLINE
  5
B78
100
AcDbEntity
  8
RUNDUNGEN
100
AcDbSpline
 62
9
  6
CONTINUOUS
 70
0
 71
3
 72
14
 73
10
 74
0
 42
0.0000001
 43
0.0000001
 44
0.0000000001
 40
0.0
 40
0.0
 40
0.0
 40
0.0
 40
0.1067302998
 40
0.2158453274
 40
0.3295308431
 40
0.4493994829
 40
0.576402066
 40
0.7108211098
 40
1.0
 40
1.0
 40
1.0
 40
1.0
 10
206.9870016402
 20
201.8941407517
 30
0.0
 10
207.1267323751
 20
201.9396182147
 30
0.0
 10
207.4004337732
 20
202.0617571667
 30
0.0
 10
207.7705586519
 20
202.3290672853
 30
0.0
 10
208.0951853917
 20
202.6750889203
 30
0.0
 10
208.3683306826
 20
203.0922269293
 30
0.0
 10
208.5855585331
 20
203.5722476964
 30
0.0
 10
208.8010240184
 20
204.3008565118
 30
0.0
 10
208.859667016
 20
204.8878210002
 30
0.0
 10
208.8604422608
 20
205.2859586958
 30
0.0
  0
SPLINE
  5
B79
100
AcDbEntity
  8
RUNDUNGEN
100
AcDbSpline
 62
9
  6
CONTINUOUS
 70
0
 71
3
 72
15
 73
11
 74
0
 42
0.0000001
 43
0.0000001
 44
0.0000000001
 40
0.0
 40
0.0
 40
0.0
 40
0.0
 40
0.1295274275
 40
0.263027836
 40
0.3977486542
 40
0.5308023173
 40
0.659464951
 40
0.7814348696
 40
0.8951221894
 40
1.0
 40
1.0
 40
1.0
 40
1.0
 10
185.0694596192
 20
212.7515146046
 30
0.0
 10
185.0694724969
 20
212.5379260141
 30
0.0
 10
185.102054612
 20
212.103705614
 30
0.0
 10
185.2391692676
 20
211.4604964411
 30
0.0
 10
185.4602743524
 20
210.8348403471
 30
0.0
 10
185.7571988793
 20
210.2502966968
 30
0.0
 10
186.118890204
 20
209.7286210936
 30
0.0
 10
186.5323459894
 20
209.2892681488
 30
0.0
 10
186.9824126177
 20
208.948755044
 30
0.0
 10
187.3099015913
 20
208.7904246804
 30
0.0
 10
187.4735311321
 20
208.7344404647
 30
0.0
  0
SPLINE
  5
B7A
100
AcDbEntity
  8
RUNDUNGEN
100
AcDbSpline
 62
9
  6
CONTINUOUS
 70
0
 71
3
 72
18
 73
14
 74
0
 42
0.0000001
 43
0.0000001
 44
0.0000000001
 40
0.0
 40
0.0
 40
0.0
 40
0.0
 40
0.1191943404
 40
0.1761015367
 40
0.2318199601
 40
0.286984996
 40
0.3422555136
 40
0.3982880666
 40
0.4556870533
 40
0.5762800642
 40
0.7069779142
 40
0.8485089219
 40
1.0
 40
1.0
 40
1.0
 40
1.0
 10
187.4735311321
 20
223.6358982598
 30
0.0
 10
187.3223355994
 20
223.6875940782
 30
0.0
 10
187.08851474
 20
223.7391539616
 30
0.0
 10
186.7769572079
 20
223.7424917206
 30
0.0
 10
186.5531444129
 20
223.7128883243
 30
0.0
 10
186.3382185337
 20
223.6513911309
 30
0.0
 10
186.1343718165
 20
223.5585966853
 30
0.0
 10
185.9436988693
 20
223.4355116973
 30
0.0
 10
185.7058360258
 20
223.2295790493
 30
0.0
 10
185.4508332662
 20
222.8977160072
 30
0.0
 10
185.2310719489
 20
222.4151286909
 30
0.0
 10
185.0974972004
 20
221.8600429397
 30
0.0
 10
185.0694734057
 20
221.4663911864
 30
0.0
 10
185.0694596192
 20
221.2633058867
 30
0.0
  0
SPLINE
  5
B7B
100
AcDbEntity
  8
AUSFORMSCHRAEGEN
100
AcDbSpline
 62
7
  6
CONTINUOUS
 70
0
 71
3
 72
11
 73
7
 74
0
 42
0.0000001
 43
0.0000001
 44
0.0000000001
 40
0.0
 40
0.0
 40
0.0
 40
0.0
 40
0.2706978502
 40
0.5262111198
 40
0.7682690338
 40
1.0
 40
1.0
 40
1.0
 40
1.0
 10
197.9305546712
 20
207.3344272016
 30
0.0
 10
197.776938843
 20
207.4356316272
 30
0.0
 10
197.464896494
 20
207.6131457888
 30
0.0
 10
196.9753212645
 20
207.8007460291
 30
0.0
 10
196.4867597439
 20
207.8978994898
 30
0.0
 10
196.162351471
 20
207.9003863117
 30
0.0
 10
196.0055854833
 20
207.8854451088
 30
0.0
  0
SPLINE
  5
B7C
100
AcDbEntity
  8
RUNDUNGEN
100
AcDbSpline
 62
9
  6
CONTINUOUS
 70
0
 71
3
 72
15
 73
11
 74
0
 42
0.0000001
 43
0.0000001
 44
0.0000000001
 40
0.0
 40
0.0
 40
0.0
 40
0.0
 40
0.1295274275
 40
0.263027836
 40
0.3977486542
 40
0.5308023173
 40
0.659464951
 40
0.7814348696
 40
0.8951221894
 40
1.0
 40
1.0
 40
1.0
 40
1.0
 10
206.8892193671
 20
213.8005085304
 30
0.0
 10
206.8892064894
 20
214.0140971209
 30
0.0
 10
206.8566243744
 20
214.4483175211
 30
0.0
 10
206.7195097187
 20
215.0915266939
 30
0.0
 10
206.498404634
 20
215.7171827879
 30
0.0
 10
206.201480107
 20
216.3017264382
 30
0.0
 10
205.8397887823
 20
216.8234020414
 30
0.0
 10
205.4263329969
 20
217.2627549862
 30
0.0
 10
204.9762663687
 20
217.603268091
 30
0.0
 10
204.6487773951
 20
217.7615984546
 30
0.0
 10
204.4851478542
 20
217.8175826703
 30
0.0
  0
SPLINE
  5
B7D
100
AcDbEntity
  8
RUNDUNGEN
100
AcDbSpline
 62
9
  6
CONTINUOUS
 70
0
 71
3
 72
11
 73
7
 74
0
 42
0.0000001
 43
0.0000001
 44
0.0000000001
 40
0.0
 40
0.0
 40
0.0
 40
0.0
 40
0.2892045709
 40
0.5509893973
 40
0.7844801165
 40
1.0
 40
1.0
 40
1.0
 40
1.0
 10
206.8892193671
 20
213.1199472171
 30
0.0
 10
206.8892193684
 20
213.0871736122
 30
0.0
 10
206.8953610749
 20
213.0244578656
 30
0.0
 10
206.9250800552
 20
212.9395708025
 30
0.0
 10
206.9740480345
 20
212.87370215
 30
0.0
 10
207.0189317416
 20
212.8464111912
 30
0.0
 10
207.0420093859
 20
212.8384158439
 30
0.0
  0
SPLINE
  5
B7E
100
AcDbEntity
  8
RUNDUNGEN
100
AcDbSpline
 62
9
  6
CONTINUOUS
 70
0
 71
3
 72
11
 73
7
 74
0
 42
0.0000001
 43
0.0000001
 44
0.0000000001
 40
0.0
 40
0.0
 40
0.0
 40
0.0
 40
0.2628592655
 40
0.5312401808
 40
0.7823125051
 40
1.0
 40
1.0
 40
1.0
 40
1.0
 10
208.8604418308
 20
205.9825960597
 30
0.0
 10
208.85976597
 20
206.0333835073
 30
0.0
 10
208.8430663375
 20
206.1361384968
 30
0.0
 10
208.7821407712
 20
206.2761392134
 30
0.0
 10
208.692980389
 20
206.3893192012
 30
0.0
 10
208.6148654845
 20
206.4404724145
 30
0.0
 10
208.5751418391
 20
206.4543059592
 30
0.0
  0
SPLINE
  5
B7F
100
AcDbEntity
  8
RUNDUNGEN
100
AcDbSpline
 62
9
  6
CONTINUOUS
 70
0
 71
3
 72
11
 73
7
 74
0
 42
0.0000001
 43
0.0000001
 44
0.0000000001
 40
0.0
 40
0.0
 40
0.0
 40
0.0
 40
0.2557541031
 40
0.5183137496
 40
0.7707570272
 40
1.0
 40
1.0
 40
1.0
 40
1.0
 10
206.8892193671
 20
205.9692785616
 30
0.0
 10
206.8892193658
 20
206.0131898636
 30
0.0
 10
206.9008414352
 20
206.1024146105
 30
0.0
 10
206.9468063801
 20
206.2276066369
 30
0.0
 10
207.0169412681
 20
206.3357241942
 30
0.0
 10
207.0793236678
 20
206.3922190497
 30
0.0
 10
207.1126600112
 20
206.4131441451
 30
0.0
  0
SPLINE
  5
B80
100
AcDbEntity
  8
RUNDUNGEN
100
AcDbSpline
 62
9
  6
CONTINUOUS
 70
0
 71
3
 72
9
 73
5
 74
0
 42
0.0000001
 43
0.0000001
 44
0.0000000001
 40
0.0
 40
0.0
 40
0.0
 40
0.0
 40
0.2584842073
 40
1.0
 40
1.0
 40
1.0
 40
1.0
 10
207.1126600112
 20
206.4131441451
 30
0.0
 10
207.1171008847
 20
206.4159316645
 30
0.0
 10
207.1345319425
 20
206.4263053123
 30
0.0
 10
207.1529972242
 20
206.4349879693
 30
0.0
 10
207.1671257936
 20
206.4401479578
 30
0.0
  0
SPLINE
  5
B81
100
AcDbEntity
  8
RUNDUNGEN
100
AcDbSpline
 62
9
  6
CONTINUOUS
 70
0
 71
3
 72
12
 73
8
 74
0
 42
0.0000001
 43
0.0000001
 44
0.0000000001
 40
0.0
 40
0.0
 40
0.0
 40
0.0
 40
0.1055032324
 40
0.2211007766
 40
0.4739733781
 40
0.7403131581
 40
1.0
 40
1.0
 40
1.0
 40
1.0
 10
206.8892193671
 20
213.1199472171
 30
0.0
 10
206.9402079803
 20
213.1025115737
 30
0.0
 10
207.0487464103
 20
213.0708162057
 30
0.0
 10
207.2854375347
 20
213.0193354419
 30
0.0
 10
207.607960808
 20
212.979523328
 30
0.0
 10
208.0061664491
 20
212.9693495091
 30
0.0
 10
208.2747592096
 20
212.9881600248
 30
0.0
 10
208.4063350131
 20
213.0049187874
 30
0.0
  0
SPLINE
  5
B82
100
AcDbEntity
  8
RUNDUNGEN
100
AcDbSpline
 62
9
  6
CONTINUOUS
 70
0
 71
3
 72
11
 73
7
 74
0
 42
0.0000001
 43
0.0000001
 44
0.0000000001
 40
0.0
 40
0.0
 40
0.0
 40
0.0
 40
0.2195903219
 40
0.4696643596
 40
0.7353095535
 40
1.0
 40
1.0
 40
1.0
 40
1.0
 10
206.8892193671
 20
213.8005085304
 30
0.0
 10
206.9857231791
 20
213.7675022851
 30
0.0
 10
207.1981731945
 20
213.7145410935
 30
0.0
 10
207.5371472854
 20
213.6691278742
 30
0.0
 10
207.8998308628
 20
213.6548357217
 30
0.0
 10
208.1462622203
 20
213.6670429666
 30
0.0
 10
208.2686031729
 20
213.6791606021
 30
0.0
  0
SPLINE
  5
B83
100
AcDbEntity
  8
RUNDUNGEN
100
AcDbSpline
 62
9
  6
CONTINUOUS
 70
0
 71
3
 72
13
 73
9
 74
0
 42
0.0000001
 43
0.0000001
 44
0.0000000001
 40
0.0
 40
0.0
 40
0.0
 40
0.0
 40
0.2625604457
 40
0.3973348467
 40
0.5305319982
 40
0.6594137338
 40
0.7816651282
 40
1.0
 40
1.0
 40
1.0
 40
1.0
 10
204.4851478542
 20
217.8175826703
 30
0.0
 10
204.4851478542
 20
217.9947747063
 30
0.0
 10
204.5254237654
 20
218.2642827375
 30
0.0
 10
204.6443748087
 20
218.6025721438
 30
0.0
 10
204.7653465614
 20
218.8424186953
 30
0.0
 10
204.913088761
 20
219.0568839214
 30
0.0
 10
205.1290814631
 20
219.289012813
 30
0.0
 10
205.327542288
 20
219.4196070498
 30
0.0
 10
205.4664585185
 20
219.4687302606
 30
0.0
  0
SPLINE
  5
B84
100
AcDbEntity
  8
RUNDUNGEN
100
AcDbSpline
 62
9
  6
CONTINUOUS
 70
0
 71
3
 72
13
 73
9
 74
0
 42
0.0000001
 43
0.0000001
 44
0.0000000001
 40
0.0
 40
0.0
 40
0.0
 40
0.0
 40
0.1107836195
 40
0.2339519243
 40
0.5015440602
 40
0.7683212518
 40
0.8905106493
 40
1.0
 40
1.0
 40
1.0
 40
1.0
 10
208.5751418391
 20
206.4543059592
 30
0.0
 10
208.5255006301
 20
206.4364878375
 30
0.0
 10
208.4182917557
 20
206.4053873057
 30
0.0
 10
208.1836427421
 20
206.359986656
 30
0.0
 10
207.8703843836
 20
206.3364816147
 30
0.0
 10
207.5571563363
 20
206.3535745341
 30
0.0
 10
207.3231378173
 20
206.3942993334
 30
0.0
 10
207.2164492268
 20
206.4232862707
 30
0.0
 10
207.1671257936
 20
206.4401479578
 30
0.0
  0
SPLINE
  5
B85
100
AcDbEntity
  8
RUNDUNGEN
100
AcDbSpline
 62
9
  6
CONTINUOUS
 70
0
 71
3
 72
13
 73
9
 74
0
 42
0.0000001
 43
0.0000001
 44
0.0000000001
 40
0.0
 40
0.0
 40
0.0
 40
0.0
 40
0.2625604438
 40
0.3973348442
 40
0.5305319953
 40
0.6594137308
 40
0.7816651257
 40
1.0
 40
1.0
 40
1.0
 40
1.0
 10
187.4735311321
 20
223.6358982598
 30
0.0
 10
187.4735311295
 20
223.8130902951
 30
0.0
 10
187.5138070372
 20
224.082598326
 30
0.0
 10
187.6327580776
 20
224.4208877322
 30
0.0
 10
187.7537298295
 20
224.6607342844
 30
0.0
 10
187.9014720295
 20
224.8751995112
 30
0.0
 10
188.1174647347
 20
225.107328404
 30
0.0
 10
188.3159255635
 20
225.2379226402
 30
0.0
 10
188.4548417966
 20
225.2870458501
 30
0.0
  0
SPLINE
  5
B86
100
AcDbEntity
  8
RUNDUNGEN
100
AcDbSpline
 62
9
  6
CONTINUOUS
 70
0
 71
3
 72
13
 73
9
 74
0
 42
0.0000001
 43
0.0000001
 44
0.0000000001
 40
0.0
 40
0.0
 40
0.0
 40
0.0
 40
0.3362127118
 40
0.6102386224
 40
0.7243872958
 40
0.8251017553
 40
0.91544461
 40
1.0
 40
1.0
 40
1.0
 40
1.0
 10
185.0694596192
 20
221.2633058867
 30
0.0
 10
185.0099922309
 20
221.2836449313
 30
0.0
 10
184.9039157105
 20
221.3263596705
 30
0.0
 10
184.7870606329
 20
221.3971347051
 30
0.0
 10
184.7200760509
 20
221.459813124
 30
0.0
 10
184.6856063765
 20
221.5057463719
 30
0.0
 10
184.6643288461
 20
221.5532168722
 30
0.0
 10
184.6594091792
 20
221.5860695058
 30
0.0
 10
184.6594091972
 20
221.6018757359
 30
0.0
  0
SPLINE
  5
B87
100
AcDbEntity
  8
RUNDUNGEN
100
AcDbSpline
 62
9
  6
CONTINUOUS
 70
0
 71
3
 72
13
 73
9
 74
0
 42
0.0000001
 43
0.0000001
 44
0.0000000001
 40
0.0
 40
0.0
 40
0.0
 40
0.0
 40
0.3362155123
 40
0.6102412847
 40
0.7243890445
 40
0.8251023747
 40
0.9154444178
 40
1.0
 40
1.0
 40
1.0
 40
1.0
 10
185.0694596192
 20
212.7515146046
 30
0.0
 10
185.0099903899
 20
212.7718542774
 30
0.0
 10
184.9039110587
 20
212.8145703234
 30
0.0
 10
184.7870535396
 20
212.8853482035
 30
0.0
 10
184.7200691098
 20
212.948029299
 30
0.0
 10
184.6856006073
 20
212.9939644531
 30
0.0
 10
184.6643252704
 20
213.0414369555
 30
0.0
 10
184.6594079351
 20
213.074290638
 30
0.0
 10
184.6594091977
 20
213.0900972615
 30
0.0
  0
SPLINE
  5
B88
100
AcDbEntity
  8
RUNDUNGEN
100
AcDbSpline
 62
9
  6
CONTINUOUS
 70
0
 71
3
 72
13
 73
9
 74
0
 42
0.0000001
 43
0.0000001
 44
0.0000000001
 40
0.0
 40
0.0
 40
0.0
 40
0.0
 40
0.2890430926
 40
0.4235264756
 40
0.5506186396
 40
0.7837612795
 40
0.8931175757
 40
1.0
 40
1.0
 40
1.0
 40
1.0
 10
187.4735311321
 20
208.7344404647
 30
0.0
 10
187.4735311321
 20
208.6193949314
 30
0.0
 10
187.4900370023
 20
208.4497538108
 30
0.0
 10
187.5515668692
 20
208.2387939202
 30
0.0
 10
187.6318439033
 20
208.0586124809
 30
0.0
 10
187.7466536264
 20
207.9055501194
 30
0.0
 10
187.8913306462
 20
207.7986761226
 30
0.0
 10
187.9700749642
 20
207.762161528
 30
0.0
 10
188.0103259025
 20
207.7483903003
 30
0.0
  0
SPLINE
  5
B89
100
AcDbEntity
  8
RUNDUNGEN
100
AcDbSpline
 62
9
  6
CONTINUOUS
 70
0
 71
3
 72
13
 73
9
 74
0
 42
0.0000001
 43
0.0000001
 44
0.0000000001
 40
0.0
 40
0.0
 40
0.0
 40
0.0
 40
0.2890460214
 40
0.4235296106
 40
0.5506211935
 40
0.7837612602
 40
0.8931169243
 40
1.0
 40
1.0
 40
1.0
 40
1.0
 10
204.4851478542
 20
202.9161248752
 30
0.0
 10
204.4851478559
 20
202.8010688219
 30
0.0
 10
204.50165667
 20
202.6314123939
 30
0.0
 10
204.5631982911
 20
202.4204361005
 30
0.0
 10
204.6434899569
 20
202.240244806
 30
0.0
 10
204.7583210951
 20
202.0871793996
 30
0.0
 10
204.9030224019
 20
201.980314875
 30
0.0
 10
204.9817787446
 20
201.9438090265
 30
0.0
 10
205.0220353857
 20
201.9300429823
 30
0.0
  0
SPLINE
  5
B8A
100
AcDbEntity
  8
RUNDUNGEN
100
AcDbSpline
 62
9
  6
CONTINUOUS
 70
0
 71
3
 72
15
 73
11
 74
0
 42
0.0000001
 43
0.0000001
 44
0.0000000001
 40
0.0
 40
0.0
 40
0.0
 40
0.0
 40
0.1095886737
 40
0.2319944981
 40
0.3632764137
 40
0.4992346781
 40
0.6352955358
 40
0.7668795962
 40
0.8897713759
 40
1.0
 40
1.0
 40
1.0
 40
1.0
 10
206.8892193671
 20
205.2887172483
 30
0.0
 10
206.9582881739
 20
205.2650943251
 30
0.0
 10
207.1076607428
 20
205.2242139486
 30
0.0
 10
207.3460404688
 20
205.1813227633
 30
0.0
 10
207.6044498153
 20
205.1547506678
 30
0.0
 10
207.8731242249
 20
205.1454857378
 30
0.0
 10
208.1420257524
 20
205.1539618663
 30
0.0
 10
208.4011063552
 20
205.1797766033
 30
0.0
 10
208.6405741741
 20
205.2219722178
 30
0.0
 10
208.7908445557
 20
205.2623836857
 30
0.0
 10
208.8604418308
 20
205.2857754869
 30
0.0
  0
SPLINE
  5
B8B
100
AcDbEntity
  8
RUNDUNGEN
100
AcDbSpline
 62
9
  6
CONTINUOUS
 70
0
 71
3
 72
15
 73
11
 74
0
 42
0.0000001
 43
0.0000001
 44
0.0000000001
 40
0.0
 40
0.0
 40
0.0
 40
0.0
 40
0.1105988325
 40
0.2336450515
 40
0.365301827
 40
0.501311745
 40
0.6371464527
 40
0.7682860961
 40
0.8905002707
 40
1.0
 40
1.0
 40
1.0
 40
1.0
 10
208.8605505529
 20
205.9826343749
 30
0.0
 10
208.7910198971
 20
205.9581254773
 30
0.0
 10
208.6408751598
 20
205.9154771985
 30
0.0
 10
208.4013600981
 20
205.870265386
 30
0.0
 10
208.1422537916
 20
205.841650433
 30
0.0
 10
207.8733010064
 20
205.8307342713
 30
0.0
 10
207.6045686584
 20
205.8379802547
 30
0.0
 10
207.3461140133
 20
205.8630604685
 30
0.0
 10
207.10765861
 20
205.9050046372
 30
0.0
 10
206.9582844447
 20
205.9456624077
 30
0.0
 10
206.8892193671
 20
205.9692785616
 30
0.0
  0
SPLINE
  5
B8C
100
AcDbEntity
  8
RUNDUNGEN
100
AcDbSpline
 62
9
  6
CONTINUOUS
 70
0
 71
3
 72
11
 73
7
 74
0
 42
0.0000001
 43
0.0000001
 44
0.0000000001
 40
0.0
 40
0.0
 40
0.0
 40
0.0
 40
0.2633255683
 40
0.5156473486
 40
0.7598628273
 40
1.0
 40
1.0
 40
1.0
 40
1.0
 10
188.4549601309
 20
225.2870056302
 30
0.0
 10
188.3206997415
 20
225.3326849882
 30
0.0
 10
188.0509784682
 20
225.4037922188
 30
0.0
 10
187.6419548351
 20
225.4446407327
 30
0.0
 10
187.2442521139
 20
225.4159564664
 30
0.0
 10
186.9900431343
 20
225.3502503916
 30
0.0
 10
186.8683144656
 20
225.3065657007
 30
0.0
  0
SPLINE
  5
B8D
100
AcDbEntity
  8
RUNDUNGEN
100
AcDbSpline
 62
9
  6
CONTINUOUS
 70
0
 71
3
 72
9
 73
5
 74
0
 42
0.0000001
 43
0.0000001
 44
0.0000000001
 40
0.0
 40
0.0
 40
0.0
 40
0.0
 40
0.519575388
 40
1.0
 40
1.0
 40
1.0
 40
1.0
 10
206.7125292398
 20
218.7244270992
 30
0.0
 10
206.5219676915
 20
218.890173636
 30
0.0
 10
206.1291748097
 20
219.1810358026
 30
0.0
 10
205.6871600554
 20
219.392847956
 30
0.0
 10
205.4663211953
 20
219.4687775227
 30
0.0
  0
SPLINE
  5
B8E
100
AcDbEntity
  8
0
100
AcDbSpline
 62
7
  6
CONTINUOUS
 70
0
 71
3
 72
16
 73
12
 74
0
 42
0.0000001
 43
0.0000001
 44
0.0000000001
 40
0.0
 40
0.0
 40
0.0
 40
0.0
 40
0.0482522297
 40
0.0979866826
 40
0.2034809358
 40
0.3189665753
 40
0.4444994004
 40
0.578448686
 40
0.7180313129
 40
0.8597673249
 40
1.0
 40
1.0
 40
1.0
 40
1.0
 10
231.8834935815
 20
245.7152107207
 30
0.0
 10
231.9592680509
 20
245.7245302596
 30
0.0
 10
232.1149363374
 20
245.7310061278
 30
0.0
 10
232.4359114249
 20
245.6950951297
 30
0.0
 10
232.8465646645
 20
245.5552112752
 30
0.0
 10
233.3126954947
 20
245.2590168842
 30
0.0
 10
233.743968024
 20
244.8467856757
 30
0.0
 10
234.1217718516
 20
244.337550435
 30
0.0
 10
234.4296641731
 20
243.754373843
 30
0.0
 10
234.6538671254
 20
243.123920473
 30
0.0
 10
234.7419925962
 20
242.6846120609
 30
0.0
 10
234.7688142092
 20
242.4643608716
 30
0.0
  0
SPLINE
  5
B8F
100
AcDbEntity
  8
0
100
AcDbSpline
 62
7
  6
CONTINUOUS
 70
0
 71
3
 72
11
 73
7
 74
0
 42
0.0000001
 43
0.0000001
 44
0.0000000001
 40
0.0
 40
0.0
 40
0.0
 40
0.0
 40
0.2458180655
 40
0.4933527344
 40
0.74424455
 40
1.0
 40
1.0
 40
1.0
 40
1.0
 10
240.0500917228
 20
204.0410681793
 30
0.0
 10
239.6901185879
 20
203.917961185
 30
0.0
 10
238.9530696607
 20
203.7114408725
 30
0.0
 10
237.8139440861
 20
203.5261114485
 30
0.0
 10
236.6460993295
 20
203.465538493
 30
0.0
 10
235.8614924126
 20
203.5080872199
 30
0.0
 10
235.4678171215
 20
203.5492505111
 30
0.0
  0
SPLINE
  5
B90
100
AcDbEntity
  8
0
100
AcDbSpline
 62
7
  6
CONTINUOUS
 70
0
 71
3
 72
11
 73
7
 74
0
 42
0.0000001
 43
0.0000001
 44
0.0000000001
 40
0.0
 40
0.0
 40
0.0
 40
0.0
 40
0.2586895136
 40
0.5100937585
 40
0.7563720412
 40
1.0
 40
1.0
 40
1.0
 40
1.0
 10
220.3977800171
 20
244.2568869856
 30
0.0
 10
220.7268774185
 20
244.6413490689
 30
0.0
 10
221.4215911608
 20
245.3619119127
 30
0.0
 10
222.5800102343
 20
246.2892797847
 30
0.0
 10
223.8277050564
 20
247.0371272042
 30
0.0
 10
224.7138787649
 20
247.4118450568
 30
0.0
 10
225.1648497944
 20
247.566072366
 30
0.0
  0
SPLINE
  5
B91
100
AcDbEntity
  8
0
100
AcDbSpline
 62
7
  6
CONTINUOUS
 70
0
 71
3
 72
9
 73
5
 74
0
 42
0.0000001
 43
0.0000001
 44
0.0000000001
 40
0.0
 40
0.0
 40
0.0
 40
0.0
 40
0.2529916066
 40
1.0
 40
1.0
 40
1.0
 40
1.0
 10
231.1827190511
 20
245.4191276104
 30
0.0
 10
231.2029642975
 20
245.4352173336
 30
0.0
 10
231.2846036612
 20
245.4967497367
 30
0.0
 10
231.3727613746
 20
245.5496751749
 30
0.0
 10
231.441248117
 20
245.5834392861
 30
0.0
  0
LINE
  5
B92
100
AcDbEntity
  8
0
100
AcDbLine
 62
7
  6
CONTINUOUS
 10
225.8513869865
 20
247.774099907
 11
225.8774550942
 21
247.7809679086
  0
SPLINE
  5
B93
100
AcDbEntity
  8
0
100
AcDbSpline
 62
7
  6
CONTINUOUS
 70
0
 71
3
 72
15
 73
11
 74
0
 42
0.0000001
 43
0.0000001
 44
0.0000000001
 40
0.0
 40
0.0
 40
0.0
 40
0.0
 40
0.109588158
 40
0.2215641622
 40
0.3373542329
 40
0.4580702999
 40
0.5844649137
 40
0.7169293742
 40
0.8555200953
 40
1.0
 40
1.0
 40
1.0
 40
1.0
 10
225.8774550942
 20
247.7809679086
 30
0.0
 10
226.4328496595
 20
247.9265083299
 30
0.0
 10
227.5829116545
 20
248.1257032557
 30
0.0
 10
229.3574610048
 20
248.1385369113
 30
0.0
 10
231.1701659711
 20
247.8690930129
 30
0.0
 10
232.9972965656
 20
247.3222589884
 30
0.0
 10
234.8164884067
 20
246.5063049704
 30
0.0
 10
236.6056739144
 20
245.4322805634
 30
0.0
 10
238.3431080798
 20
244.1142698597
 30
0.0
 10
239.4319358488
 20
243.1034731158
 30
0.0
 10
239.9629292089
 20
242.5640111092
 30
0.0
  0
SPLINE
  5
B94
100
AcDbEntity
  8
0
100
AcDbSpline
 62
7
  6
CONTINUOUS
 70
0
 71
3
 72
15
 73
11
 74
0
 42
0.0000001
 43
0.0000001
 44
0.0000000001
 40
0.0
 40
0.0
 40
0.0
 40
0.0
 40
0.1181582282
 40
0.2406837118
 40
0.3665051988
 40
0.4943929587
 40
0.623023785
 40
0.7510392474
 40
0.8771134645
 40
1.0
 40
1.0
 40
1.0
 40
1.0
 10
239.9629292089
 20
242.5640111092
 30
0.0
 10
240.6425865025
 20
241.8735141747
 30
0.0
 10
241.9468869911
 20
240.3862470767
 30
0.0
 10
243.6862394483
 20
237.9296731471
 30
0.0
 10
245.2178879644
 20
235.2462160306
 30
0.0
 10
246.5130717871
 20
232.3862812187
 30
0.0
 10
247.547778498
 20
229.4031713858
 30
0.0
 10
248.3027112633
 20
226.3524514427
 30
0.0
 10
248.7636826643
 20
223.2914725659
 30
0.0
 10
248.8709267259
 20
221.248787644
 30
0.0
 10
248.8709267259
 20
220.2411407318
 30
0.0
  0
SPLINE
  5
B95
100
AcDbEntity
  8
0
100
AcDbSpline
 62
7
  6
CONTINUOUS
 70
0
 71
3
 72
17
 73
13
 74
0
 42
0.0000001
 43
0.0000001
 44
0.0000000001
 40
0.0
 40
0.0
 40
0.0
 40
0.0
 40
0.1468076628
 40
0.2876222286
 40
0.421755244
 40
0.5489334954
 40
0.6693321782
 40
0.783666554
 40
0.8389929446
 40
0.8933269679
 40
0.9469087322
 40
1.0
 40
1.0
 40
1.0
 40
1.0
 10
248.8709267259
 20
220.2411407318
 30
0.0
 10
248.8709267259
 20
219.3158894274
 30
0.0
 10
248.7834689033
 20
217.5016002836
 30
0.0
 10
248.3752574788
 20
214.8697730973
 30
0.0
 10
247.6984731991
 20
212.4209054894
 30
0.0
 10
246.7632479389
 20
210.1963582867
 30
0.0
 10
245.5838199189
 20
208.2342024082
 30
0.0
 10
244.3979121129
 20
206.8303648628
 30
0.0
 10
243.3500213416
 20
205.8818847053
 30
0.0
 10
242.5259236035
 20
205.2633695352
 30
0.0
 10
241.6591190106
 20
204.7329568608
 30
0.0
 10
241.0531792398
 20
204.4387762962
 30
0.0
 10
240.7453390974
 20
204.3076435229
 30
0.0
  0
SPLINE
  5
B96
100
AcDbEntity
  8
BEZUGSACHSEN
100
AcDbSpline
 62
7
  6
CONTINUOUS
 70
0
 71
3
 72
9
 73
5
 74
0
 42
0.0000001
 43
0.0000001
 44
0.0000000001
 40
0.0
 40
0.0
 40
0.0
 40
0.0
 40
0.2451273542
 40
1.0
 40
1.0
 40
1.0
 40
1.0
 10
207.9448433495
 20
200.4832659201
 30
0.0
 10
207.8018874471
 20
200.5789829869
 30
0.0
 10
207.2244175905
 20
200.9779646618
 30
0.0
 10
206.6699424569
 20
201.4100175868
 30
0.0
 10
206.2649398046
 20
201.7515783539
 30
0.0
  0
SPLINE
  5
B97
100
AcDbEntity
  8
BEZUGSACHSEN
100
AcDbSpline
 62
7
  6
CONTINUOUS
 70
0
 71
3
 72
9
 73
5
 74
0
 42
0.0000001
 43
0.0000001
 44
0.0000000001
 40
0.0
 40
0.0
 40
0.0
 40
0.0
 40
0.2541958265
 40
1.0
 40
1.0
 40
1.0
 40
1.0
 10
197.124118269
 20
229.0050038466
 30
0.0
 10
197.1580255009
 20
229.1516666306
 30
0.0
 10
197.2979053661
 20
229.7271069774
 30
0.0
 10
197.4641435436
 20
230.2962011158
 30
0.0
 10
197.6037380176
 20
230.7152149263
 30
0.0
  0
SPLINE
  5
B98
100
AcDbEntity
  8
RUNDUNGEN
100
AcDbSpline
 62
7
  6
CONTINUOUS
 70
0
 71
3
 72
9
 73
5
 74
0
 42
0.0000001
 43
0.0000001
 44
0.0000000001
 40
0.0
 40
0.0
 40
0.0
 40
0.0
 40
0.4776253045
 40
1.0
 40
1.0
 40
1.0
 40
1.0
 10
234.653701522
 20
212.8875845677
 30
0.0
 10
234.699480885
 20
212.8719235188
 30
0.0
 10
234.8022713303
 20
212.8577338949
 30
0.0
 10
234.9032464127
 20
212.877506147
 30
0.0
 10
234.953557533
 20
212.8939081601
 30
0.0
  0
SPLINE
  5
B99
100
AcDbEntity
  8
RUNDUNGEN
100
AcDbSpline
 62
7
  6
CONTINUOUS
 70
0
 71
3
 72
9
 73
5
 74
0
 42
0.0000001
 43
0.0000001
 44
0.0000000001
 40
0.0
 40
0.0
 40
0.0
 40
0.0
 40
0.4849177174
 40
1.0
 40
1.0
 40
1.0
 40
1.0
 10
237.0306966174
 20
242.7524101562
 30
0.0
 10
238.1452160513
 20
241.8763623332
 30
0.0
 10
240.2538897144
 20
239.8218370775
 30
0.0
 10
241.9659871617
 20
237.434392543
 30
0.0
 10
242.7462762121
 20
236.146542881
 30
0.0
  0
SPLINE
  5
B9A
100
AcDbEntity
  8
RUNDUNGEN
100
AcDbSpline
 62
7
  6
CONTINUOUS
 70
0
 71
3
 72
19
 73
15
 74
0
 42
0.0000001
 43
0.0000001
 44
0.0000000001
 40
0.0
 40
0.0
 40
0.0
 40
0.0
 40
0.1439550922
 40
0.2865126666
 40
0.4245236632
 40
0.4910465564
 40
0.5555470769
 40
0.6777902004
 40
0.7356484309
 40
0.7914281882
 40
0.8453731137
 40
0.897826837
 40
0.9492057991
 40
1.0
 40
1.0
 40
1.0
 40
1.0
 10
244.5868410041
 20
232.5864560252
 30
0.0
 10
245.1707759442
 20
231.2470443601
 30
0.0
 10
246.1462509272
 20
228.4953550238
 30
0.0
 10
247.0097595691
 20
224.2602769905
 30
0.0
 10
247.2055795445
 20
220.7274299308
 30
0.0
 10
247.0242120542
 20
217.9995824936
 30
0.0
 10
246.6345970439
 20
215.4566097868
 30
0.0
 10
245.9259913209
 20
213.0564125635
 30
0.0
 10
244.8782994649
 20
210.898616487
 30
0.0
 10
243.9577626317
 20
209.4629736339
 30
0.0
 10
242.895769361
 20
208.1988703074
 30
0.0
 10
241.7016422315
 20
207.1233818583
 30
0.0
 10
240.3888836622
 20
206.2528412797
 30
0.0
 10
239.4423019639
 20
205.8171548014
 30
0.0
 10
238.9585063094
 20
205.6389619735
 30
0.0
  0
SPLINE
  5
B9B
100
AcDbEntity
  8
RUNDUNGEN
100
AcDbSpline
 62
7
  6
CONTINUOUS
 70
0
 71
3
 72
9
 73
5
 74
0
 42
0.0000001
 43
0.0000001
 44
0.0000000001
 40
0.0
 40
0.0
 40
0.0
 40
0.0
 40
0.2462575303
 40
1.0
 40
1.0
 40
1.0
 40
1.0
 10
241.7515816569
 20
216.0191968619
 30
0.0
 10
241.7677533122
 20
216.2937789096
 30
0.0
 10
241.8165702978
 20
217.4097473458
 30
0.0
 10
241.7991690403
 20
218.5284510167
 30
0.0
 10
241.7515816569
 20
219.3689992223
 30
0.0
  0
SPLINE
  5
B9C
100
AcDbEntity
  8
RUNDUNGEN
100
AcDbSpline
 62
7
  6
CONTINUOUS
 70
0
 71
3
 72
9
 73
5
 74
0
 42
0.0000001
 43
0.0000001
 44
0.0000000001
 40
0.0
 40
0.0
 40
0.0
 40
0.0
 40
0.2292087197
 40
1.0
 40
1.0
 40
1.0
 40
1.0
 10
187.495463535
 20
221.5810843233
 30
0.0
 10
187.4613096921
 20
221.5297974475
 30
0.0
 10
187.3330050597
 20
221.2921916438
 30
0.0
 10
187.2859054375
 20
221.0170447962
 30
0.0
 10
187.2822336925
 20
220.8098647323
 30
0.0
  0
SPLINE
  5
B9D
100
AcDbEntity
  8
RUNDUNGEN
100
AcDbSpline
 62
7
  6
CONTINUOUS
 70
0
 71
3
 72
9
 73
5
 74
0
 42
0.0000001
 43
0.0000001
 44
0.0000000001
 40
0.0
 40
0.0
 40
0.0
 40
0.0
 40
0.4845745322
 40
1.0
 40
1.0
 40
1.0
 40
1.0
 10
194.7244925735
 20
219.0989474302
 30
0.0
 10
194.7545905601
 20
219.0886497525
 30
0.0
 10
194.8211128585
 20
219.0789151506
 30
0.0
 10
194.8866639558
 20
219.091889227
 30
0.0
 10
194.9186793214
 20
219.1028391269
 30
0.0
  0
SPLINE
  5
B9E
100
AcDbEntity
  8
RUNDUNGEN
100
AcDbSpline
 62
7
  6
CONTINUOUS
 70
0
 71
3
 72
11
 73
7
 74
0
 42
0.0000001
 43
0.0000001
 44
0.0000000001
 40
0.0
 40
0.0
 40
0.0
 40
0.0
 40
0.2155029951
 40
0.4490043
 40
0.7105180874
 40
1.0
 40
1.0
 40
1.0
 40
1.0
 10
188.5019528991
 20
221.2271813415
 30
0.0
 10
188.4672298015
 20
221.2390614475
 30
0.0
 10
188.3996660655
 20
221.2799116811
 30
0.0
 10
188.3258915024
 20
221.3786995864
 30
0.0
 10
188.28106977
 20
221.5062280759
 30
0.0
 10
188.2718755782
 20
221.6004842887
 30
0.0
 10
188.2718755782
 20
221.6497817531
 30
0.0
  0
SPLINE
  5
B9F
100
AcDbEntity
  8
RUNDUNGEN
100
AcDbSpline
 62
7
  6
CONTINUOUS
 70
0
 71
3
 72
11
 73
7
 74
0
 42
0.0000001
 43
0.0000001
 44
0.0000000001
 40
0.0
 40
0.0
 40
0.0
 40
0.0
 40
0.2155029951
 40
0.4490043
 40
0.7105180874
 40
1.0
 40
1.0
 40
1.0
 40
1.0
 10
198.2600264794
 20
217.889723617
 30
0.0
 10
198.2253033818
 20
217.9016037229
 30
0.0
 10
198.1577396459
 20
217.9424539565
 30
0.0
 10
198.0839650827
 20
218.0412418618
 30
0.0
 10
198.0391433503
 20
218.1687703514
 30
0.0
 10
198.0299491586
 20
218.2630265642
 30
0.0
 10
198.0299491586
 20
218.3123240286
 30
0.0
  0
SPLINE
  5
BA0
100
AcDbEntity
  8
0
100
AcDbSpline
 62
7
  6
CONTINUOUS
 70
0
 71
3
 72
9
 73
5
 74
0
 42
0.0000001
 43
0.0000001
 44
0.0000000001
 40
0.0
 40
0.0
 40
0.0
 40
0.0
 40
0.2460594853
 40
1.0
 40
1.0
 40
1.0
 40
1.0
 10
205.6060530769
 20
206.0457186757
 30
0.0
 10
205.608526308
 20
206.0522866051
 30
0.0
 10
205.6182302123
 20
206.0791089925
 30
0.0
 10
205.626557362
 20
206.1064262749
 30
0.0
 10
205.6320941262
 20
206.127205311
 30
0.0
  0
SPLINE
  5
BA1
100
AcDbEntity
  8
0
100
AcDbSpline
 62
7
  6
CONTINUOUS
 70
0
 71
3
 72
9
 73
5
 74
0
 42
0.0000001
 43
0.0000001
 44
0.0000000001
 40
0.0
 40
0.0
 40
0.0
 40
0.0
 40
0.2447488955
 40
1.0
 40
1.0
 40
1.0
 40
1.0
 10
205.6320941262
 20
206.127205311
 30
0.0
 10
205.6349372883
 20
206.1378754724
 30
0.0
 10
205.6457579993
 20
206.1816818225
 30
0.0
 10
205.6534860009
 20
206.2262375258
 30
0.0
 10
205.6577428591
 20
206.2600456299
 30
0.0
  0
SPLINE
  5
BA2
100
AcDbEntity
  8
0
100
AcDbSpline
 62
7
  6
CONTINUOUS
 70
0
 71
3
 72
9
 73
5
 74
0
 42
0.0000001
 43
0.0000001
 44
0.0000000001
 40
0.0
 40
0.0
 40
0.0
 40
0.0
 40
0.2460066864
 40
1.0
 40
1.0
 40
1.0
 40
1.0
 10
205.6577428591
 20
206.2600456299
 30
0.0
 10
205.6592388531
 20
206.2719268622
 30
0.0
 10
205.6645263662
 20
206.3203208204
 30
0.0
 10
205.6667023954
 20
206.3690469015
 30
0.0
 10
205.6667023954
 20
206.4057495751
 30
0.0
  0
SPLINE
  5
BA3
100
AcDbEntity
  8
RUNDUNGEN
100
AcDbSpline
 62
7
  6
CONTINUOUS
 70
0
 71
3
 72
11
 73
7
 74
0
 42
0.0000001
 43
0.0000001
 44
0.0000000001
 40
0.0
 40
0.0
 40
0.0
 40
0.0
 40
0.2575808498
 40
0.5213651754
 40
0.7735470014
 40
1.0
 40
1.0
 40
1.0
 40
1.0
 10
188.2718755782
 20
210.5614088278
 30
0.0
 10
188.2718755782
 20
210.6299328625
 30
0.0
 10
188.2906653617
 20
210.7690239991
 30
0.0
 10
188.3647377837
 20
210.9628703505
 30
0.0
 10
188.4769243978
 20
211.1276514762
 30
0.0
 10
188.5765033503
 20
211.2111216255
 30
0.0
 10
188.6291889576
 20
211.2403356609
 30
0.0
  0
SPLINE
  5
BA4
100
AcDbEntity
  8
RUNDUNGEN
100
AcDbSpline
 62
7
  6
CONTINUOUS
 70
0
 71
3
 72
9
 73
5
 74
0
 42
0.0000001
 43
0.0000001
 44
0.0000000001
 40
0.0
 40
0.0
 40
0.0
 40
0.0
 40
0.2568006127
 40
1.0
 40
1.0
 40
1.0
 40
1.0
 10
188.6291889576
 20
211.2403356609
 30
0.0
 10
188.6346849669
 20
211.2433831841
 30
0.0
 10
188.6563240095
 20
211.2548132185
 30
0.0
 10
188.6789308734
 20
211.2644455107
 30
0.0
 10
188.6961396469
 20
211.2703312579
 30
0.0
  0
SPLINE
  5
BA5
100
AcDbEntity
  8
RUNDUNGEN
100
AcDbSpline
 62
7
  6
CONTINUOUS
 70
0
 71
3
 72
12
 73
8
 74
0
 42
0.0000001
 43
0.0000001
 44
0.0000000001
 40
0.0
 40
0.0
 40
0.0
 40
0.0
 40
0.1299693333
 40
0.2641687808
 40
0.466435246
 40
0.6618608082
 40
1.0
 40
1.0
 40
1.0
 40
1.0
 10
198.0299491586
 20
207.2239511033
 30
0.0
 10
198.0299491586
 20
207.2616137763
 30
0.0
 10
198.0357513761
 20
207.3382613365
 30
0.0
 10
198.0638852358
 20
207.4707506828
 30
0.0
 10
198.1205034226
 20
207.6155579341
 30
0.0
 10
198.2347777187
 20
207.7954293406
 30
0.0
 10
198.3614996171
 20
207.9011636111
 30
0.0
 10
198.4542132273
 20
207.9328735334
 30
0.0
  0
SPLINE
  5
BA6
100
AcDbEntity
  8
RUNDUNGEN
100
AcDbSpline
 62
7
  6
CONTINUOUS
 70
0
 71
3
 72
11
 73
7
 74
0
 42
0.0000001
 43
0.0000001
 44
0.0000000001
 40
0.0
 40
0.0
 40
0.0
 40
0.0
 40
0.2323043687
 40
0.5000019772
 40
0.7676950194
 40
1.0
 40
1.0
 40
1.0
 40
1.0
 10
187.7061901533
 20
212.9244835947
 30
0.0
 10
187.6432071861
 20
212.9029421513
 30
0.0
 10
187.5019615525
 20
212.8735448231
 30
0.0
 10
187.2819256801
 20
212.8594848253
 30
0.0
 10
187.0618896407
 20
212.8735448514
 30
0.0
 10
186.9206451489
 20
212.9029420945
 30
0.0
 10
186.8576620159
 20
212.9244835947
 30
0.0
  0
SPLINE
  5
BA7
100
AcDbEntity
  8
RUNDUNGEN
100
AcDbSpline
 62
7
  6
CONTINUOUS
 70
0
 71
3
 72
11
 73
7
 74
0
 42
0.0000001
 43
0.0000001
 44
0.0000000001
 40
0.0
 40
0.0
 40
0.0
 40
0.0
 40
0.3368002199
 40
0.6117258842
 40
0.8262902627
 40
1.0
 40
1.0
 40
1.0
 40
1.0
 10
205.6667023954
 20
206.4914129083
 30
0.0
 10
205.6412333322
 20
206.5001238409
 30
0.0
 10
205.5957025998
 20
206.518446221
 30
0.0
 10
205.5389736998
 20
206.5529449797
 30
0.0
 10
205.5011739263
 20
206.5914884574
 30
0.0
 10
205.4909951895
 20
206.6226276515
 30
0.0
 10
205.4909933186
 20
206.63651077
 30
0.0
  0
SPLINE
  5
BA8
100
AcDbEntity
  8
RUNDUNGEN
100
AcDbSpline
 62
7
  6
CONTINUOUS
 70
0
 71
3
 72
9
 73
5
 74
0
 42
0.0000001
 43
0.0000001
 44
0.0000000001
 40
0.0
 40
0.0
 40
0.0
 40
0.0
 40
0.2739067632
 40
1.0
 40
1.0
 40
1.0
 40
1.0
 10
205.5100605362
 20
214.017481344
 30
0.0
 10
205.507014373
 20
214.013451932
 30
0.0
 10
205.4967521105
 20
213.9981604719
 30
0.0
 10
205.4909915142
 20
213.9795034942
 30
0.0
 10
205.4909933186
 20
213.9661132122
 30
0.0
  0
SPLINE
  5
BA9
100
AcDbEntity
  8
0
100
AcDbSpline
 62
7
  6
CONTINUOUS
 70
0
 71
3
 72
9
 73
5
 74
0
 42
0.0000001
 43
0.0000001
 44
0.0000000001
 40
0.0
 40
0.0
 40
0.0
 40
0.0
 40
0.5113814664
 40
1.0
 40
1.0
 40
1.0
 40
1.0
 10
188.3569419277
 20
221.34406722
 30
0.0
 10
188.3121122795
 20
221.3546045354
 30
0.0
 10
188.2214173107
 20
221.3647605851
 30
0.0
 10
188.1312917417
 20
221.3485445882
 30
0.0
 10
188.0896592385
 20
221.3343013347
 30
0.0
  0
SPLINE
  5
BAA
100
AcDbEntity
  8
RUNDUNGEN
100
AcDbSpline
 62
7
  6
CONTINUOUS
 70
0
 71
3
 72
12
 73
8
 74
0
 42
0.0000001
 43
0.0000001
 44
0.0000000001
 40
0.0
 40
0.0
 40
0.0
 40
0.0
 40
0.2600804372
 40
0.5257325309
 40
0.6546221295
 40
0.7777070898
 40
1.0
 40
1.0
 40
1.0
 40
1.0
 10
187.2819260846
 20
212.693713404
 30
0.0
 10
187.2819260846
 20
212.5007734996
 30
0.0
 10
187.3377042441
 20
212.1096912504
 30
0.0
 10
187.5209747354
 20
211.6546691681
 30
0.0
 10
187.7301945329
 20
211.3311891055
 30
0.0
 10
187.9599875498
 20
211.0643255275
 30
0.0
 10
188.1712951801
 20
210.9072792949
 30
0.0
 10
188.3216577721
 20
210.8395628167
 30
0.0
  0
SPLINE
  5
BAB
100
AcDbEntity
  8
RUNDUNGEN
100
AcDbSpline
 62
7
  6
CONTINUOUS
 70
0
 71
3
 72
10
 73
6
 74
0
 42
0.0000001
 43
0.0000001
 44
0.0000000001
 40
0.0
 40
0.0
 40
0.0
 40
0.0
 40
0.248686993
 40
0.5025608384
 40
1.0
 40
1.0
 40
1.0
 40
1.0
 10
227.773902046
 20
245.6809633692
 30
0.0
 10
227.8150282705
 20
245.6280201131
 30
0.0
 10
227.888199378
 20
245.5127585789
 30
0.0
 10
227.9889670659
 20
245.2620339089
 30
0.0
 10
228.0240708455
 20
245.0582215311
 30
0.0
 10
228.0235097001
 20
244.9241252382
 30
0.0
  0
SPLINE
  5
BAC
100
AcDbEntity
  8
RUNDUNGEN
100
AcDbSpline
 62
7
  6
CONTINUOUS
 70
0
 71
3
 72
11
 73
7
 74
0
 42
0.0000001
 43
0.0000001
 44
0.0000000001
 40
0.0
 40
0.0
 40
0.0
 40
0.0
 40
0.2837621575
 40
0.5449394996
 40
0.781768224
 40
1.0
 40
1.0
 40
1.0
 40
1.0
 10
241.7515816569
 20
219.3689992223
 30
0.0
 10
241.7468005846
 20
219.4534485346
 30
0.0
 10
241.7210064101
 20
219.615406625
 30
0.0
 10
241.6298450908
 20
219.8326937345
 30
0.0
 10
241.4927404148
 20
220.0008071876
 30
0.0
 10
241.3726708412
 20
220.0717675546
 30
0.0
 10
241.3111222502
 20
220.0928249551
 30
0.0
  0
SPLINE
  5
BAD
100
AcDbEntity
  8
RUNDUNGEN
100
AcDbSpline
 62
7
  6
CONTINUOUS
 70
0
 71
3
 72
11
 73
7
 74
0
 42
0.0000001
 43
0.0000001
 44
0.0000000001
 40
0.0
 40
0.0
 40
0.0
 40
0.0
 40
0.2183091254
 40
0.471743969
 40
0.7402910586
 40
1.0
 40
1.0
 40
1.0
 40
1.0
 10
240.9688538976
 20
214.8552249498
 30
0.0
 10
241.0705981986
 20
214.8884035906
 30
0.0
 10
241.2728600329
 20
215.0133565413
 30
0.0
 10
241.5133434902
 20
215.2899510099
 30
0.0
 10
241.6879543706
 20
215.6352606119
 30
0.0
 10
241.7440965182
 20
215.8921050661
 30
0.0
 10
241.7515816569
 20
216.0191968619
 30
0.0
  0
SPLINE
  5
BAE
100
AcDbEntity
  8
RUNDUNGEN
100
AcDbSpline
 62
7
  6
CONTINUOUS
 70
0
 71
3
 72
13
 73
9
 74
0
 42
0.0000001
 43
0.0000001
 44
0.0000000001
 40
0.0
 40
0.0
 40
0.0
 40
0.0
 40
0.2764095479
 40
0.4078328233
 40
0.534622902
 40
0.774625783
 40
0.8888951307
 40
1.0
 40
1.0
 40
1.0
 40
1.0
 10
240.1294286253
 20
214.5729760367
 30
0.0
 10
239.9750491079
 20
213.5274508615
 30
0.0
 10
239.6382269425
 20
211.9964186798
 30
0.0
 10
238.9512168332
 20
210.0687811666
 30
0.0
 10
238.1549872681
 20
208.3363862426
 30
0.0
 10
237.1515780448
 20
206.7762611093
 30
0.0
 10
235.9509733709
 20
205.4587520088
 30
0.0
 10
235.2982743546
 20
204.8922336474
 30
0.0
 10
234.9607557219
 20
204.6342656571
 30
0.0
  0
SPLINE
  5
BAF
100
AcDbEntity
  8
RUNDUNGEN
100
AcDbSpline
 62
7
  6
CONTINUOUS
 70
0
 71
3
 72
14
 73
10
 74
0
 42
0.0000001
 43
0.0000001
 44
0.0000000001
 40
0.0
 40
0.0
 40
0.0
 40
0.0
 40
0.1137462842
 40
0.2330139906
 40
0.3568984134
 40
0.4842415127
 40
0.613703319
 40
0.7438433422
 40
1.0
 40
1.0
 40
1.0
 40
1.0
 10
230.0090578014
 20
240.7328582979
 30
0.0
 10
230.7080114492
 20
240.1900254579
 30
0.0
 10
232.0660673955
 20
238.9806037257
 30
0.0
 10
233.9128037495
 20
236.8996766826
 30
0.0
 10
235.5860455742
 20
234.5458469743
 30
0.0
 10
237.0522441593
 20
231.9669577639
 30
0.0
 10
238.2826033837
 20
229.2137324075
 30
0.0
 10
239.5676314425
 20
225.4084885741
 30
0.0
 10
240.1258619636
 20
222.4296428036
 30
0.0
 10
240.2902048936
 20
220.4434371572
 30
0.0
  0
SPLINE
  5
BB0
100
AcDbEntity
  8
RUNDUNGEN
100
AcDbSpline
 62
7
  6
CONTINUOUS
 70
0
 71
3
 72
9
 73
5
 74
0
 42
0.0000001
 43
0.0000001
 44
0.0000000001
 40
0.0
 40
0.0
 40
0.0
 40
0.0
 40
0.2533258395
 40
1.0
 40
1.0
 40
1.0
 40
1.0
 10
234.3296200156
 20
216.6392900353
 30
0.0
 10
234.3429991546
 20
216.3805282108
 30
0.0
 10
234.3828836057
 20
215.3584569902
 30
0.0
 10
234.3704966256
 20
214.3342296132
 30
0.0
 10
234.3296200156
 20
213.5716088812
 30
0.0
  0
LINE
  5
BB1
100
AcDbEntity
  8
RUNDUNGEN
100
AcDbLine
 62
9
  6
CONTINUOUS
 10
227.1762695768
 20
246.0248176607
 11
225.3404667391
 21
245.4417302018
  0
LINE
  5
BB2
100
AcDbEntity
  8
RUNDUNGEN
100
AcDbLine
 62
9
  6
CONTINUOUS
 10
225.3404667391
 20
245.4417302018
 11
221.0736976959
 21
244.0864764088
  0
LINE
  5
BB3
100
AcDbEntity
  8
RUNDUNGEN
100
AcDbLine
 62
9
  6
CONTINUOUS
 10
228.0112766809
 20
244.9198897125
 11
223.1244289967
 21
243.3679674152
  0
SPLINE
  5
BB4
100
AcDbEntity
  8
RUNDUNGEN
100
AcDbSpline
 62
9
  6
CONTINUOUS
 70
0
 71
3
 72
9
 73
5
 74
0
 42
0.0000001
 43
0.0000001
 44
0.0000000001
 40
0.0
 40
0.0
 40
0.0
 40
0.0
 40
0.4939345287
 40
1.0
 40
1.0
 40
1.0
 40
1.0
 10
228.5358691056
 20
241.3551028263
 30
0.0
 10
228.4843248254
 20
241.3811441558
 30
0.0
 10
228.3692236686
 20
241.4154109629
 30
0.0
 10
228.2499105538
 20
241.4035922571
 30
0.0
 10
228.1927688492
 20
241.3882425646
 30
0.0
  0
SPLINE
  5
BB5
100
AcDbEntity
  8
RUNDUNGEN
100
AcDbSpline
 62
9
  6
CONTINUOUS
 70
0
 71
3
 72
11
 73
7
 74
0
 42
0.0000001
 43
0.0000001
 44
0.0000000001
 40
0.0
 40
0.0
 40
0.0
 40
0.0
 40
0.2155022343
 40
0.4490009956
 40
0.7105114054
 40
1.0
 40
1.0
 40
1.0
 40
1.0
 10
204.5534014073
 20
211.7104272099
 30
0.0
 10
204.5186634654
 20
211.7222920821
 30
0.0
 10
204.4510672936
 20
211.7631296144
 30
0.0
 10
204.3772432048
 20
211.8619197412
 30
0.0
 10
204.3324007535
 20
211.9894795319
 30
0.0
 10
204.3231995112
 20
212.083759561
 30
0.0
 10
204.3231995112
 20
212.1330705865
 30
0.0
  0
SPLINE
  5
BB6
100
AcDbEntity
  8
RUNDUNGEN
100
AcDbSpline
 62
9
  6
CONTINUOUS
 70
0
 71
3
 72
11
 73
7
 74
0
 42
0.0000001
 43
0.0000001
 44
0.0000000001
 40
0.0
 40
0.0
 40
0.0
 40
0.0
 40
0.17374173
 40
0.3883815835
 40
0.6633178157
 40
1.0
 40
1.0
 40
1.0
 40
1.0
 10
189.4396718888
 20
217.3083330733
 30
0.0
 10
189.4397132255
 20
217.2944591297
 30
0.0
 10
189.4499595311
 20
217.2633697868
 30
0.0
 10
189.4877644026
 20
217.2248920377
 30
0.0
 10
189.5444556744
 20
217.1904445371
 30
0.0
 10
189.5899397234
 20
217.1721422108
 30
0.0
 10
189.6153784625
 20
217.1634416496
 30
0.0
  0
SPLINE
  5
BB7
100
AcDbEntity
  8
RUNDUNGEN
100
AcDbSpline
 62
9
  6
CONTINUOUS
 70
0
 71
3
 72
9
 73
5
 74
0
 42
0.0000001
 43
0.0000001
 44
0.0000000001
 40
0.0
 40
0.0
 40
0.0
 40
0.0
 40
0.4845740384
 40
1.0
 40
1.0
 40
1.0
 40
1.0
 10
189.845505268
 20
219.5677210378
 30
0.0
 10
189.8755972336
 20
219.5780101171
 30
0.0
 10
189.9421029718
 20
219.5877265207
 30
0.0
 10
190.0076356366
 20
219.5747577998
 30
0.0
 10
190.0396425312
 20
219.5638107971
 30
0.0
  0
SPLINE
  5
BB8
100
AcDbEntity
  8
RUNDUNGEN
100
AcDbSpline
 62
7
  6
CONTINUOUS
 70
0
 71
3
 72
9
 73
5
 74
0
 42
0.0000001
 43
0.0000001
 44
0.0000000001
 40
0.0
 40
0.0
 40
0.0
 40
0.0
 40
0.4321408113
 40
1.0
 40
1.0
 40
1.0
 40
1.0
 10
205.4909933186
 20
213.9661132122
 30
0.0
 10
205.4909955965
 20
213.9492095073
 30
0.0
 10
205.5068706191
 20
213.9103286793
 30
0.0
 10
205.5379968383
 20
213.8852656549
 30
0.0
 10
205.5564489947
 20
213.8728998668
 30
0.0
  0
SPLINE
  5
BB9
100
AcDbEntity
  8
RUNDUNGEN
100
AcDbSpline
 62
7
  6
CONTINUOUS
 70
0
 71
3
 72
9
 73
5
 74
0
 42
0.0000001
 43
0.0000001
 44
0.0000000001
 40
0.0
 40
0.0
 40
0.0
 40
0.0
 40
0.2337658395
 40
1.0
 40
1.0
 40
1.0
 40
1.0
 10
205.5564489947
 20
213.8728998668
 30
0.0
 10
205.5601495142
 20
213.8704199485
 30
0.0
 10
205.5762289699
 20
213.8601839495
 30
0.0
 10
205.5931624795
 20
213.8513287001
 30
0.0
 10
205.6063840954
 20
213.8451328472
 30
0.0
  0
SPLINE
  5
BBA
100
AcDbEntity
  8
RUNDUNGEN
100
AcDbSpline
 62
7
  6
CONTINUOUS
 70
0
 71
3
 72
9
 73
5
 74
0
 42
0.0000001
 43
0.0000001
 44
0.0000000001
 40
0.0
 40
0.0
 40
0.0
 40
0.0
 40
0.2374725901
 40
1.0
 40
1.0
 40
1.0
 40
1.0
 10
205.6063840954
 20
213.8451328472
 30
0.0
 10
205.6110416724
 20
213.8429502349
 30
0.0
 10
205.6308000096
 20
213.8340698921
 30
0.0
 10
205.6510749309
 20
213.8263602581
 30
0.0
 10
205.6667023954
 20
213.8210153504
 30
0.0
  0
SPLINE
  5
BBB
100
AcDbEntity
  8
0
100
AcDbSpline
 62
7
  6
CONTINUOUS
 70
0
 71
3
 72
11
 73
7
 74
0
 42
0.0000001
 43
0.0000001
 44
0.0000000001
 40
0.0
 40
0.0
 40
0.0
 40
0.0
 40
0.2155006526
 40
0.4490043008
 40
0.7105158386
 40
1.0
 40
1.0
 40
1.0
 40
1.0
 10
188.0896592385
 20
221.3343013347
 30
0.0
 10
188.0317871664
 20
221.3145022228
 30
0.0
 10
187.9191819426
 20
221.2464151007
 30
0.0
 10
187.7962169417
 20
221.0817732359
 30
0.0
 10
187.7215155191
 20
220.8692214741
 30
0.0
 10
187.7061901533
 20
220.7121269028
 30
0.0
 10
187.7061901533
 20
220.6299630852
 30
0.0
  0
SPLINE
  5
BBC
100
AcDbEntity
  8
RUNDUNGEN
100
AcDbSpline
 62
9
  6
CONTINUOUS
 70
0
 71
3
 72
11
 73
7
 74
0
 42
0.0000001
 43
0.0000001
 44
0.0000000001
 40
0.0
 40
0.0
 40
0.0
 40
0.0
 40
0.215506896
 40
0.4490217219
 40
0.7105316327
 40
1.0
 40
1.0
 40
1.0
 40
1.0
 10
258.4576600992
 20
218.72813327
 30
0.0
 10
258.515534123
 20
218.7479329545
 30
0.0
 10
258.6281462731
 20
218.8160206586
 30
0.0
 10
258.7511077908
 20
218.9806723252
 30
0.0
 10
258.8258128706
 20
219.1932213442
 30
0.0
 10
258.8411323406
 20
219.3503125569
 30
0.0
 10
258.8411323406
 20
219.4324722409
 30
0.0
  0
SPLINE
  5
BBD
100
AcDbEntity
  8
RUNDUNGEN
100
AcDbSpline
 62
9
  6
CONTINUOUS
 70
0
 71
3
 72
9
 73
5
 74
0
 42
0.0000001
 43
0.0000001
 44
0.0000000001
 40
0.0
 40
0.0
 40
0.0
 40
0.0
 40
0.2466343851
 40
1.0
 40
1.0
 40
1.0
 40
1.0
 10
228.403683337
 20
241.3960419398
 30
0.0
 10
228.3865518641
 20
241.3990126799
 30
0.0
 10
228.3164794429
 20
241.4073835003
 30
0.0
 10
228.2448062999
 20
241.4007226306
 30
0.0
 10
228.1931679338
 20
241.3883047544
 30
0.0
  0
SPLINE
  5
BBE
100
AcDbEntity
  8
RUNDUNGEN
100
AcDbSpline
 62
9
  6
CONTINUOUS
 70
0
 71
3
 72
9
 73
5
 74
0
 42
0.0000001
 43
0.0000001
 44
0.0000000001
 40
0.0
 40
0.0
 40
0.0
 40
0.0
 40
0.4845675837
 40
1.0
 40
1.0
 40
1.0
 40
1.0
 10
242.7598711854
 20
244.9712520508
 30
0.0
 10
242.709712027
 20
244.9884095488
 30
0.0
 10
242.5988510401
 20
245.0046220378
 30
0.0
 10
242.4896097637
 20
244.9830026931
 30
0.0
 10
242.4362550171
 20
244.964754295
 30
0.0
  0
SPLINE
  5
BBF
100
AcDbEntity
  8
RUNDUNGEN
100
AcDbSpline
 62
9
  6
CONTINUOUS
 70
0
 71
3
 72
9
 73
5
 74
0
 42
0.0000001
 43
0.0000001
 44
0.0000000001
 40
0.0
 40
0.0
 40
0.0
 40
0.0
 40
0.5154279281
 40
1.0
 40
1.0
 40
1.0
 40
1.0
 10
242.4362550171
 20
244.964754295
 30
0.0
 10
242.3829305691
 20
244.9829923303
 30
0.0
 10
242.2737550214
 20
245.0046156344
 30
0.0
 10
242.1629556595
 20
244.9884367415
 30
0.0
 10
242.1128165784
 20
244.9713106372
 30
0.0
  0
SPLINE
  5
BC0
100
AcDbEntity
  8
RUNDUNGEN
100
AcDbSpline
 62
9
  6
CONTINUOUS
 70
0
 71
3
 72
9
 73
5
 74
0
 42
0.0000001
 43
0.0000001
 44
0.0000000001
 40
0.0
 40
0.0
 40
0.0
 40
0.0
 40
0.5154267547
 40
1.0
 40
1.0
 40
1.0
 40
1.0
 10
258.1340255595
 20
239.5958005642
 30
0.0
 10
258.1873821745
 20
239.6140496013
 30
0.0
 10
258.2966288427
 20
239.6356679605
 30
0.0
 10
258.4074950879
 20
239.6194534866
 30
0.0
 10
258.4576564326
 20
239.6022929314
 30
0.0
  0
SPLINE
  5
BC1
100
AcDbEntity
  8
RUNDUNGEN
100
AcDbSpline
 62
9
  6
CONTINUOUS
 70
0
 71
3
 72
11
 73
7
 74
0
 42
0.0000001
 43
0.0000001
 44
0.0000000001
 40
0.0
 40
0.0
 40
0.0
 40
0.0
 40
0.1737099684
 40
0.3882676002
 40
0.6631947311
 40
1.0
 40
1.0
 40
1.0
 40
1.0
 10
259.1339791014
 20
238.6561079434
 30
0.0
 10
259.1339791014
 20
238.6329685486
 30
0.0
 10
259.1170222046
 20
238.581065675
 30
0.0
 10
259.0540218384
 20
238.5168219907
 30
0.0
 10
258.9594707368
 20
238.4593218474
 30
0.0
 10
258.8835829439
 20
238.4287821422
 30
0.0
 10
258.8411323406
 20
238.4142631808
 30
0.0
  0
SPLINE
  5
BC2
100
AcDbEntity
  8
RUNDUNGEN
100
AcDbSpline
 62
9
  6
CONTINUOUS
 70
0
 71
3
 72
11
 73
7
 74
0
 42
0.0000001
 43
0.0000001
 44
0.0000000001
 40
0.0
 40
0.0
 40
0.0
 40
0.0
 40
0.263212711
 40
0.5311730901
 40
0.7818266028
 40
1.0
 40
1.0
 40
1.0
 40
1.0
 10
258.8411323406
 20
238.4142631808
 30
0.0
 10
258.8411323406
 20
238.541544251
 30
0.0
 10
258.8024685587
 20
238.7992591141
 30
0.0
 10
258.65260173
 20
239.1506407816
 30
0.0
 10
258.4300954844
 20
239.4344350271
 30
0.0
 10
258.2338499088
 20
239.5616586259
 30
0.0
 10
258.1340255595
 20
239.5958005642
 30
0.0
  0
SPLINE
  5
BC3
100
AcDbEntity
  8
RUNDUNGEN
100
AcDbSpline
 62
9
  6
CONTINUOUS
 70
0
 71
3
 72
11
 73
7
 74
0
 42
0.0000001
 43
0.0000001
 44
0.0000000001
 40
0.0
 40
0.0
 40
0.0
 40
0.0
 40
0.3368052689
 40
0.6117323998
 40
0.8262900316
 40
1.0
 40
1.0
 40
1.0
 40
1.0
 10
258.8411323406
 20
219.4324722409
 30
0.0
 10
258.8835829439
 20
219.4469912023
 30
0.0
 10
258.9594707368
 20
219.4775309076
 30
0.0
 10
259.0540218384
 20
219.5350310508
 30
0.0
 10
259.1170222046
 20
219.5992747351
 30
0.0
 10
259.1339791014
 20
219.6511776087
 30
0.0
 10
259.1339791014
 20
219.6743170035
 30
0.0
  0
SPLINE
  5
BC4
100
AcDbEntity
  8
RUNDUNGEN
100
AcDbSpline
 62
7
  6
CONTINUOUS
 70
0
 71
3
 72
9
 73
5
 74
0
 42
0.0000001
 43
0.0000001
 44
0.0000000001
 40
0.0
 40
0.0
 40
0.0
 40
0.0
 40
0.2489967823
 40
1.0
 40
1.0
 40
1.0
 40
1.0
 10
229.8383275205
 20
240.8300642195
 30
0.0
 10
229.8534101278
 20
240.8237391198
 30
0.0
 10
229.9133031386
 20
240.7968150058
 30
0.0
 10
229.9703230496
 20
240.7629433786
 30
0.0
 10
230.009388377
 20
240.7328225772
 30
0.0
  0
SPLINE
  5
BC5
100
AcDbEntity
  8
RUNDUNGEN
100
AcDbSpline
 62
9
  6
CONTINUOUS
 70
0
 71
3
 72
10
 73
6
 74
0
 42
0.0000001
 43
0.0000001
 44
0.0000000001
 40
0.0
 40
0.0
 40
0.0
 40
0.0
 40
0.3756728258
 40
0.6576175332
 40
1.0
 40
1.0
 40
1.0
 40
1.0
 10
228.3041688221
 20
245.1591669486
 30
0.0
 10
228.3041754044
 20
245.1115752589
 30
0.0
 10
228.2422813094
 20
245.0371751765
 30
0.0
 10
228.1384999227
 20
244.9695411355
 30
0.0
 10
228.0643544653
 20
244.9387210726
 30
0.0
 10
228.0235097001
 20
244.9241252382
 30
0.0
  0
SPLINE
  5
BC6
100
AcDbEntity
  8
RUNDUNGEN
100
AcDbSpline
 62
7
  6
CONTINUOUS
 70
0
 71
3
 72
11
 73
7
 74
0
 42
0.0000001
 43
0.0000001
 44
0.0000000001
 40
0.0
 40
0.0
 40
0.0
 40
0.0
 40
0.2894819126
 40
0.5509957
 40
0.7844970049
 40
1.0
 40
1.0
 40
1.0
 40
1.0
 10
194.4944152527
 20
219.5215478418
 30
0.0
 10
194.4944152527
 20
219.4722503774
 30
0.0
 10
194.5036094444
 20
219.3779941646
 30
0.0
 10
194.5484311768
 20
219.2504656751
 30
0.0
 10
194.62220574
 20
219.1516777698
 30
0.0
 10
194.6897694759
 20
219.1108275362
 30
0.0
 10
194.7244925735
 20
219.0989474302
 30
0.0
  0
SPLINE
  5
BC7
100
AcDbEntity
  8
RUNDUNGEN
100
AcDbSpline
 62
7
  6
CONTINUOUS
 70
0
 71
3
 72
9
 73
5
 74
0
 42
0.0000001
 43
0.0000001
 44
0.0000000001
 40
0.0
 40
0.0
 40
0.0
 40
0.0
 40
0.2590449485
 40
1.0
 40
1.0
 40
1.0
 40
1.0
 10
204.252488833
 20
216.1840901173
 30
0.0
 10
204.252488833
 20
216.169539682
 30
0.0
 10
204.2541534753
 20
216.1133973721
 30
0.0
 10
204.2625078148
 20
216.0573384355
 30
0.0
 10
204.2732122214
 20
216.0171194667
 30
0.0
  0
SPLINE
  5
BC8
100
AcDbEntity
  8
RUNDUNGEN
100
AcDbSpline
 62
7
  6
CONTINUOUS
 70
0
 71
3
 72
10
 73
6
 74
0
 42
0.0000001
 43
0.0000001
 44
0.0000000001
 40
0.0
 40
0.0
 40
0.0
 40
0.0
 40
0.5325863473
 40
0.7714928597
 40
1.0
 40
1.0
 40
1.0
 40
1.0
 10
204.2732122214
 20
216.0171194667
 30
0.0
 10
204.2888430281
 20
215.9583908561
 30
0.0
 10
204.3265648269
 20
215.874765617
 30
0.0
 10
204.4097614373
 20
215.7949715753
 30
0.0
 10
204.4578953521
 20
215.7699305349
 30
0.0
 10
204.4825661539
 20
215.7614897057
 30
0.0
  0
SPLINE
  5
BC9
100
AcDbEntity
  8
RUNDUNGEN
100
AcDbSpline
 62
7
  6
CONTINUOUS
 70
0
 71
3
 72
11
 73
7
 74
0
 42
0.0000001
 43
0.0000001
 44
0.0000000001
 40
0.0
 40
0.0
 40
0.0
 40
0.0
 40
0.218357859
 40
0.4044158195
 40
0.6030737163
 40
1.0
 40
1.0
 40
1.0
 40
1.0
 10
194.9186793214
 20
209.1420973466
 30
0.0
 10
194.8587869114
 20
209.121612936
 30
0.0
 10
194.7571898448
 20
209.0558011316
 30
0.0
 10
194.642656072
 20
208.9223288553
 30
0.0
 10
194.5331818783
 20
208.7227478476
 30
0.0
 10
194.4944152527
 20
208.5482377557
 30
0.0
 10
194.4944152527
 20
208.4331749165
 30
0.0
  0
SPLINE
  5
BCA
100
AcDbEntity
  8
RUNDUNGEN
100
AcDbSpline
 62
7
  6
CONTINUOUS
 70
0
 71
3
 72
11
 73
7
 74
0
 42
0.0000001
 43
0.0000001
 44
0.0000000001
 40
0.0
 40
0.0
 40
0.0
 40
0.0
 40
0.218357859
 40
0.4044158195
 40
0.6030737163
 40
1.0
 40
1.0
 40
1.0
 40
1.0
 10
204.6767529018
 20
205.8046396221
 30
0.0
 10
204.6168604918
 20
205.7841552114
 30
0.0
 10
204.5152634252
 20
205.7183434071
 30
0.0
 10
204.4007296523
 20
205.5848711308
 30
0.0
 10
204.2912554587
 20
205.3852901231
 30
0.0
 10
204.252488833
 20
205.2107800312
 30
0.0
 10
204.252488833
 20
205.095717192
 30
0.0
  0
SPLINE
  5
BCB
100
AcDbEntity
  8
RUNDUNGEN
100
AcDbSpline
 62
7
  6
CONTINUOUS
 70
0
 71
3
 72
11
 73
7
 74
0
 42
0.0000001
 43
0.0000001
 44
0.0000000001
 40
0.0
 40
0.0
 40
0.0
 40
0.0
 40
0.2323049806
 40
0.4999980228
 40
0.7676956313
 40
1.0
 40
1.0
 40
1.0
 40
1.0
 10
186.8576620159
 20
220.2540860368
 30
0.0
 10
186.9206451489
 20
220.2325445366
 30
0.0
 10
187.0618896407
 20
220.2031472935
 30
0.0
 10
187.2819256801
 20
220.1890872675
 30
0.0
 10
187.5019615525
 20
220.2031472652
 30
0.0
 10
187.6432071861
 20
220.2325445934
 30
0.0
 10
187.7061901533
 20
220.2540860368
 30
0.0
  0
SPLINE
  5
BCC
100
AcDbEntity
  8
RUNDUNGEN
100
AcDbSpline
 62
9
  6
CONTINUOUS
 70
0
 71
3
 72
9
 73
5
 74
0
 42
0.0000001
 43
0.0000001
 44
0.0000000001
 40
0.0
 40
0.0
 40
0.0
 40
0.0
 40
0.2322053925
 40
1.0
 40
1.0
 40
1.0
 40
1.0
 10
230.3532246294
 20
240.7872013585
 30
0.0
 10
230.3274740537
 20
240.7790229162
 30
0.0
 10
230.2150284064
 20
240.748687061
 30
0.0
 10
230.0983419199
 20
240.7359112664
 30
0.0
 10
230.0090578014
 20
240.7328582979
 30
0.0
  0
LINE
  5
BCD
100
AcDbEntity
  8
RUNDUNGEN
100
AcDbLine
 62
9
  6
CONTINUOUS
 10
236.6491398079
 20
242.7849052266
 11
230.3532246294
 21
240.7872013585
  0
SPLINE
  5
BCE
100
AcDbEntity
  8
RUNDUNGEN
100
AcDbSpline
 62
9
  6
CONTINUOUS
 70
0
 71
3
 72
9
 73
5
 74
0
 42
0.0000001
 43
0.0000001
 44
0.0000000001
 40
0.0
 40
0.0
 40
0.0
 40
0.0
 40
0.4841490421
 40
1.0
 40
1.0
 40
1.0
 40
1.0
 10
236.8898445104
 20
242.5926578181
 30
0.0
 10
237.9786565707
 20
241.7091934688
 30
0.0
 10
240.0411674402
 20
239.6486894128
 30
0.0
 10
241.7188336224
 20
237.2712788776
 30
0.0
 10
242.485641472
 20
235.989122513
 30
0.0
  0
SPLINE
  5
BCF
100
AcDbEntity
  8
RUNDUNGEN
100
AcDbSpline
 62
9
  6
CONTINUOUS
 70
0
 71
3
 72
19
 73
15
 74
0
 42
0.0000001
 43
0.0000001
 44
0.0000000001
 40
0.0
 40
0.0
 40
0.0
 40
0.0
 40
0.1424879527
 40
0.2863993694
 40
0.4274191947
 40
0.4956469478
 40
0.5617421006
 40
0.6253703741
 40
0.6862988437
 40
0.7995452834
 40
0.8523294552
 40
0.9029350352
 40
0.9519221305
 40
1.0
 40
1.0
 40
1.0
 40
1.0
 10
242.485641472
 20
235.989122513
 30
0.0
 10
243.3180747018
 20
234.597235922
 30
0.0
 10
244.7631432095
 20
231.6571166051
 30
0.0
 10
246.2213228413
 20
226.997735215
 30
0.0
 10
246.8183998643
 20
223.0029694366
 30
0.0
 10
246.8864658522
 20
219.8663182684
 30
0.0
 10
246.73511393
 20
217.6151790966
 30
0.0
 10
246.3834096289
 20
215.4696920758
 30
0.0
 10
245.6720858722
 20
212.8554097187
 30
0.0
 10
244.5790017066
 20
210.4788254092
 30
0.0
 10
243.0980877413
 20
208.4976932588
 30
0.0
 10
241.856900543
 20
207.2756469143
 30
0.0
 10
240.4770421361
 20
206.3027614697
 30
0.0
 10
239.4720144487
 20
205.8280887635
 30
0.0
 10
238.9585088113
 20
205.6389548972
 30
0.0
  0
SPLINE
  5
BD0
100
AcDbEntity
  8
0
100
AcDbSpline
 62
7
  6
CONTINUOUS
 70
0
 71
3
 72
11
 73
7
 74
0
 42
0.0000001
 43
0.0000001
 44
0.0000000001
 40
0.0
 40
0.0
 40
0.0
 40
0.0
 40
0.2632323665
 40
0.5311857002
 40
0.7818331031
 40
1.0
 40
1.0
 40
1.0
 40
1.0
 10
187.7061901533
 20
212.5486065464
 30
0.0
 10
187.7061901533
 20
212.4213159452
 30
0.0
 10
187.7448552843
 20
212.1635942016
 30
0.0
 10
187.8947320413
 20
211.8122134615
 30
0.0
 10
188.117234337
 20
211.5284285755
 30
0.0
 10
188.3134755388
 20
211.401210091
 30
0.0
 10
188.4132969345
 20
211.367069163
 30
0.0
  0
SPLINE
  5
BD1
100
AcDbEntity
  8
RUNDUNGEN
100
AcDbSpline
 62
7
  6
CONTINUOUS
 70
0
 71
3
 72
9
 73
5
 74
0
 42
0.0000001
 43
0.0000001
 44
0.0000000001
 40
0.0
 40
0.0
 40
0.0
 40
0.0
 40
0.5113223737
 40
1.0
 40
1.0
 40
1.0
 40
1.0
 10
239.5848364275
 20
220.5574881657
 30
0.0
 10
239.6374520169
 20
220.5786908801
 30
0.0
 10
239.7477840971
 20
220.6049825876
 30
0.0
 10
239.8606395318
 20
220.5889326471
 30
0.0
 10
239.9119335609
 20
220.5713780327
 30
0.0
  0
SPLINE
  5
BD2
100
AcDbEntity
  8
0
100
AcDbSpline
 62
7
  6
CONTINUOUS
 70
0
 71
3
 72
9
 73
5
 74
0
 42
0.0000001
 43
0.0000001
 44
0.0000000001
 40
0.0
 40
0.0
 40
0.0
 40
0.0
 40
0.5154326728
 40
1.0
 40
1.0
 40
1.0
 40
1.0
 10
204.9595956142
 20
205.707901717
 30
0.0
 10
205.0129540314
 20
205.6896520635
 30
0.0
 10
205.1222032832
 20
205.6680321468
 30
0.0
 10
205.2330716355
 20
205.684250084
 30
0.0
 10
205.2832333102
 20
205.7014113256
 30
0.0
  0
SPLINE
  5
BD3
100
AcDbEntity
  8
RUNDUNGEN
100
AcDbSpline
 62
9
  6
CONTINUOUS
 70
0
 71
3
 72
9
 73
5
 74
0
 42
0.0000001
 43
0.0000001
 44
0.0000000001
 40
0.0
 40
0.0
 40
0.0
 40
0.0
 40
0.4716753014
 40
1.0
 40
1.0
 40
1.0
 40
1.0
 10
227.4197347041
 20
245.9844985981
 30
0.0
 10
227.4870165513
 20
245.9537020529
 30
0.0
 10
227.6232115415
 20
245.8694467091
 30
0.0
 10
227.7210347684
 20
245.7447951201
 30
0.0
 10
227.773902046
 20
245.6809633692
 30
0.0
  0
SPLINE
  5
BD4
100
AcDbEntity
  8
RUNDUNGEN
100
AcDbSpline
 62
9
  6
CONTINUOUS
 70
0
 71
3
 72
10
 73
6
 74
0
 42
0.0000001
 43
0.0000001
 44
0.0000000001
 40
0.0
 40
0.0
 40
0.0
 40
0.0
 40
0.4824480432
 40
0.743277419
 40
1.0
 40
1.0
 40
1.0
 40
1.0
 10
227.1762662619
 20
246.0248172845
 30
0.0
 10
227.2057097565
 20
246.026782027
 30
0.0
 10
227.2513850709
 20
246.0267925663
 30
0.0
 10
227.3121596287
 20
246.0189719308
 30
0.0
 10
227.3428839417
 20
246.0110219169
 30
0.0
 10
227.3579075247
 20
246.006454736
 30
0.0
  0
SPLINE
  5
BD5
100
AcDbEntity
  8
RUNDUNGEN
100
AcDbSpline
 62
9
  6
CONTINUOUS
 70
0
 71
3
 72
9
 73
5
 74
0
 42
0.0000001
 43
0.0000001
 44
0.0000000001
 40
0.0
 40
0.0
 40
0.0
 40
0.0
 40
0.2430851605
 40
1.0
 40
1.0
 40
1.0
 40
1.0
 10
227.3579075247
 20
246.006454736
 30
0.0
 10
227.3629948162
 20
246.0049081954
 30
0.0
 10
227.3838314464
 20
245.998243382
 30
0.0
 10
227.4043251402
 20
245.9905536801
 30
0.0
 10
227.4197347041
 20
245.9844985981
 30
0.0
  0
SPLINE
  5
BD6
100
AcDbEntity
  8
RUNDUNGEN
100
AcDbSpline
 62
9
  6
CONTINUOUS
 70
0
 71
3
 72
11
 73
7
 74
0
 42
0.0000001
 43
0.0000001
 44
0.0000000001
 40
0.0
 40
0.0
 40
0.0
 40
0.0
 40
0.2232885696
 40
0.4543740274
 40
0.7104806277
 40
1.0
 40
1.0
 40
1.0
 40
1.0
 10
237.0291435409
 20
242.7536227994
 30
0.0
 10
237.005840432
 20
242.7716970261
 30
0.0
 10
236.9523825808
 20
242.8014485758
 30
0.0
 10
236.8590697601
 20
242.8197352725
 30
0.0
 10
236.7559260018
 20
242.8137195948
 30
0.0
 10
236.6854936186
 20
242.7967687206
 30
0.0
 10
236.6491429819
 20
242.7849027318
 30
0.0
  0
SPLINE
  5
BD7
100
AcDbEntity
  8
RUNDUNGEN
100
AcDbSpline
 62
7
  6
CONTINUOUS
 70
0
 71
3
 72
9
 73
5
 74
0
 42
0.0000001
 43
0.0000001
 44
0.0000000001
 40
0.0
 40
0.0
 40
0.0
 40
0.0
 40
0.4911871189
 40
1.0
 40
1.0
 40
1.0
 40
1.0
 10
241.3111222502
 20
220.0928249551
 30
0.0
 10
241.2572723164
 20
220.1112484414
 30
0.0
 10
241.1398753511
 20
220.1290775868
 30
0.0
 10
241.0240929189
 20
220.1047305749
 30
0.0
 10
240.9688538976
 20
220.0841263123
 30
0.0
  0
SPLINE
  5
BD8
100
AcDbEntity
  8
RUNDUNGEN
100
AcDbSpline
 62
9
  6
CONTINUOUS
 70
0
 71
3
 72
9
 73
5
 74
0
 42
0.0000001
 43
0.0000001
 44
0.0000000001
 40
0.0
 40
0.0
 40
0.0
 40
0.0
 40
0.2330793964
 40
1.0
 40
1.0
 40
1.0
 40
1.0
 10
236.2494640021
 20
242.9251067258
 30
0.0
 10
236.259789484
 20
242.9257653433
 30
0.0
 10
236.3041455836
 20
242.9271998077
 30
0.0
 10
236.3488540935
 20
242.9235404696
 30
0.0
 10
236.3821575287
 20
242.9164790064
 30
0.0
  0
SPLINE
  5
BD9
100
AcDbEntity
  8
RUNDUNGEN
100
AcDbSpline
 62
9
  6
CONTINUOUS
 70
0
 71
3
 72
9
 73
5
 74
0
 42
0.0000001
 43
0.0000001
 44
0.0000000001
 40
0.0
 40
0.0
 40
0.0
 40
0.0
 40
0.2388957652
 40
1.0
 40
1.0
 40
1.0
 40
1.0
 10
236.3821575287
 20
242.9164790064
 30
0.0
 10
236.3933397918
 20
242.9141079855
 30
0.0
 10
236.4397047153
 20
242.9019810847
 30
0.0
 10
236.4838659322
 20
242.8830851518
 30
0.0
 10
236.5174546198
 20
242.8690116468
 30
0.0
  0
SPLINE
  5
BDA
100
AcDbEntity
  8
RUNDUNGEN
100
AcDbSpline
 62
9
  6
CONTINUOUS
 70
0
 71
3
 72
9
 73
5
 74
0
 42
0.0000001
 43
0.0000001
 44
0.0000000001
 40
0.0
 40
0.0
 40
0.0
 40
0.0
 40
0.4894263481
 40
1.0
 40
1.0
 40
1.0
 40
1.0
 10
236.5174546198
 20
242.8690116468
 30
0.0
 10
236.5409997084
 20
242.8591463635
 30
0.0
 10
236.5862032357
 20
242.8321842053
 30
0.0
 10
236.6268131704
 20
242.7994153319
 30
0.0
 10
236.6491427831
 20
242.7849026676
 30
0.0
  0
SPLINE
  5
BDB
100
AcDbEntity
  8
RUNDUNGEN
100
AcDbSpline
 62
7
  6
CONTINUOUS
 70
0
 71
3
 72
12
 73
8
 74
0
 42
0.0000001
 43
0.0000001
 44
0.0000000001
 40
0.0
 40
0.0
 40
0.0
 40
0.0
 40
0.2970831382
 40
0.5594463763
 40
0.7884121854
 40
0.8951026048
 40
1.0
 40
1.0
 40
1.0
 40
1.0
 10
234.3296200156
 20
213.5716088812
 30
0.0
 10
234.3253318588
 20
213.4916062257
 30
0.0
 10
234.331015343
 20
213.3395513643
 30
0.0
 10
234.3884469763
 20
213.132379299
 30
0.0
 10
234.4804952657
 20
212.9949599604
 30
0.0
 10
234.5748033071
 20
212.9212952498
 30
0.0
 10
234.6269356505
 20
212.8967411307
 30
0.0
 10
234.653701522
 20
212.8875845677
 30
0.0
  0
SPLINE
  5
BDC
100
AcDbEntity
  8
RUNDUNGEN
100
AcDbSpline
 62
7
  6
CONTINUOUS
 70
0
 71
3
 72
13
 73
9
 74
0
 42
0.0000001
 43
0.0000001
 44
0.0000000001
 40
0.0
 40
0.0
 40
0.0
 40
0.0
 40
0.2163748447
 40
0.3371453362
 40
0.4648982873
 40
0.5977113708
 40
0.7331194641
 40
1.0
 40
1.0
 40
1.0
 40
1.0
 10
234.953557533
 20
217.8406883164
 30
0.0
 10
234.856785915
 20
217.8046012814
 30
0.0
 10
234.7201266518
 20
217.7083853605
 30
0.0
 10
234.5775122666
 20
217.5380612124
 30
0.0
 10
234.4831454947
 20
217.38146578
 30
0.0
 10
234.4088549734
 20
217.2070441932
 30
0.0
 10
234.3399607842
 20
216.9606500397
 30
0.0
 10
234.323042227
 20
216.7665090283
 30
0.0
 10
234.3296200156
 20
216.6392900353
 30
0.0
  0
SPLINE
  5
BDD
100
AcDbEntity
  8
RUNDUNGEN
100
AcDbSpline
 62
9
  6
CONTINUOUS
 70
0
 71
3
 72
11
 73
7
 74
0
 42
0.0000001
 43
0.0000001
 44
0.0000000001
 40
0.0
 40
0.0
 40
0.0
 40
0.0
 40
0.2183678506
 40
0.4044298759
 40
0.6031083769
 40
1.0
 40
1.0
 40
1.0
 40
1.0
 10
190.0396425312
 20
219.5638107971
 30
0.0
 10
189.979747342
 20
219.5433254359
 30
0.0
 10
189.8781460891
 20
219.4775114251
 30
0.0
 10
189.7636096976
 20
219.3440278743
 30
0.0
 10
189.6541402378
 20
219.1444472366
 30
0.0
 10
189.6153784625
 20
218.9699412328
 30
0.0
 10
189.6153784625
 20
218.854888367
 30
0.0
  0
SPLINE
  5
BDE
100
AcDbEntity
  8
RUNDUNGEN
100
AcDbSpline
 62
9
  6
CONTINUOUS
 70
0
 71
3
 72
11
 73
7
 74
0
 42
0.0000001
 43
0.0000001
 44
0.0000000001
 40
0.0
 40
0.0
 40
0.0
 40
0.0
 40
0.3368052689
 40
0.6117323998
 40
0.8262900316
 40
1.0
 40
1.0
 40
1.0
 40
1.0
 10
189.6153784625
 20
218.854888367
 30
0.0
 10
189.5899081005
 20
218.8635997439
 30
0.0
 10
189.5443754248
 20
218.881923567
 30
0.0
 10
189.4876447639
 20
218.916423653
 30
0.0
 10
189.4498445441
 20
218.9549698636
 30
0.0
 10
189.439670406
 20
218.9861115877
 30
0.0
 10
189.439670406
 20
218.9999952246
 30
0.0
  0
SPLINE
  5
BDF
100
AcDbEntity
  8
RUNDUNGEN
100
AcDbSpline
 62
9
  6
CONTINUOUS
 70
0
 71
3
 72
11
 73
7
 74
0
 42
0.0000001
 43
0.0000001
 44
0.0000000001
 40
0.0
 40
0.0
 40
0.0
 40
0.0
 40
0.2323059689
 40
0.5
 40
0.7676940311
 40
1.0
 40
1.0
 40
1.0
 40
1.0
 10
205.1717276486
 20
213.824517304
 30
0.0
 10
205.1087442464
 20
213.8029757117
 30
0.0
 10
204.967499233
 20
213.7735779482
 30
0.0
 10
204.7474635799
 20
213.7595194147
 30
0.0
 10
204.5274279268
 20
213.7735779482
 30
0.0
 10
204.3861829133
 20
213.8029757117
 30
0.0
 10
204.3231995112
 20
213.824517304
 30
0.0
  0
SPLINE
  5
BE0
100
AcDbEntity
  8
RUNDUNGEN
100
AcDbSpline
 62
9
  6
CONTINUOUS
 70
0
 71
3
 72
12
 73
8
 74
0
 42
0.0000001
 43
0.0000001
 44
0.0000000001
 40
0.0
 40
0.0
 40
0.0
 40
0.0
 40
0.1299576547
 40
0.2641367442
 40
0.4664062561
 40
0.6618500733
 40
1.0
 40
1.0
 40
1.0
 40
1.0
 10
204.3231995112
 20
213.824517304
 30
0.0
 10
204.3231995112
 20
213.8621765813
 30
0.0
 10
204.3289970339
 20
213.9388151426
 30
0.0
 10
204.3571313195
 20
214.0712959374
 30
0.0
 10
204.4137456738
 20
214.2161043154
 30
0.0
 10
204.5280175712
 20
214.3959885753
 30
0.0
 10
204.6547470546
 20
214.5017288147
 30
0.0
 10
204.7474635799
 20
214.533439734
 30
0.0
  0
SPLINE
  5
BE1
100
AcDbEntity
  8
RUNDUNGEN
100
AcDbSpline
 62
9
  6
CONTINUOUS
 70
0
 71
3
 72
11
 73
7
 74
0
 42
0.0000001
 43
0.0000001
 44
0.0000000001
 40
0.0
 40
0.0
 40
0.0
 40
0.0
 40
0.2183678506
 40
0.4044298759
 40
0.6031083769
 40
1.0
 40
1.0
 40
1.0
 40
1.0
 10
204.7474635799
 20
214.533439734
 30
0.0
 10
204.807358769
 20
214.5129543728
 30
0.0
 10
204.9089600219
 20
214.447140362
 30
0.0
 10
205.0234964135
 20
214.3136568113
 30
0.0
 10
205.1329658733
 20
214.1140761735
 30
0.0
 10
205.1717276486
 20
213.9395701697
 30
0.0
 10
205.1717276486
 20
213.824517304
 30
0.0
  0
SPLINE
  5
BE2
100
AcDbEntity
  8
RUNDUNGEN
100
AcDbSpline
 62
9
  6
CONTINUOUS
 70
0
 71
3
 72
11
 73
7
 74
0
 42
0.0000001
 43
0.0000001
 44
0.0000000001
 40
0.0
 40
0.0
 40
0.0
 40
0.0
 40
0.2894951634
 40
0.5510045836
 40
0.7844981266
 40
1.0
 40
1.0
 40
1.0
 40
1.0
 10
189.6153784625
 20
217.1634416496
 30
0.0
 10
189.6153784625
 20
217.1141210126
 30
0.0
 10
189.6245831098
 20
217.0198235757
 30
0.0
 10
189.6694432955
 20
216.8922443968
 30
0.0
 10
189.7432969032
 20
216.7934492265
 30
0.0
 10
189.8109171763
 20
216.7526245438
 30
0.0
 10
189.8456650423
 20
216.7407693649
 30
0.0
  0
SPLINE
  5
BE3
100
AcDbEntity
  8
RUNDUNGEN
100
AcDbSpline
 62
9
  6
CONTINUOUS
 70
0
 71
3
 72
11
 73
7
 74
0
 42
0.0000001
 43
0.0000001
 44
0.0000000001
 40
0.0
 40
0.0
 40
0.0
 40
0.0
 40
0.2323153027
 40
0.5000235756
 40
0.7677253982
 40
1.0
 40
1.0
 40
1.0
 40
1.0
 10
204.3231995112
 20
212.1330705865
 30
0.0
 10
204.3861854385
 20
212.1115281306
 30
0.0
 10
204.527437224
 20
212.0821291901
 30
0.0
 10
204.7474820765
 20
212.0680729098
 30
0.0
 10
204.9675149311
 20
212.08213402
 30
0.0
 10
205.1087527561
 20
212.1115319048
 30
0.0
 10
205.1717276486
 20
212.1330705865
 30
0.0
  0
SPLINE
  5
BE4
100
AcDbEntity
  8
RUNDUNGEN
100
AcDbSpline
 62
9
  6
CONTINUOUS
 70
0
 71
3
 72
11
 73
7
 74
0
 42
0.0000001
 43
0.0000001
 44
0.0000000001
 40
0.0
 40
0.0
 40
0.0
 40
0.0
 40
0.2894851636
 40
0.5509965511
 40
0.7844994022
 40
1.0
 40
1.0
 40
1.0
 40
1.0
 10
205.1717276486
 20
212.1330705865
 30
0.0
 10
205.1717276486
 20
212.0837708296
 30
0.0
 10
205.1625319097
 20
211.9895114311
 30
0.0
 10
205.1177083517
 20
211.8619774156
 30
0.0
 10
205.0439248498
 20
211.7631915248
 30
0.0
 10
204.976358039
 20
211.7223412079
 30
0.0
 10
204.9416332808
 20
211.7104632182
 30
0.0
  0
SPLINE
  5
BE5
100
AcDbEntity
  8
RUNDUNGEN
100
AcDbSpline
 62
9
  6
CONTINUOUS
 70
0
 71
3
 72
11
 73
7
 74
0
 42
0.0000001
 43
0.0000001
 44
0.0000000001
 40
0.0
 40
0.0
 40
0.0
 40
0.0
 40
0.3266244611
 40
0.5912508788
 40
0.8046335785
 40
1.0
 40
1.0
 40
1.0
 40
1.0
 10
227.7904600199
 20
241.6470187961
 30
0.0
 10
227.7783798026
 20
241.6728397379
 30
0.0
 10
227.753350105
 20
241.7182957996
 30
0.0
 10
227.7075348442
 20
241.7723272982
 30
0.0
 10
227.6556480957
 20
241.8036527842
 30
0.0
 10
227.6179274096
 20
241.8039620641
 30
0.0
 10
227.6014111139
 20
241.7997248801
 30
0.0
  0
SPLINE
  5
BE6
100
AcDbEntity
  8
RUNDUNGEN
100
AcDbSpline
 62
9
  6
CONTINUOUS
 70
0
 71
3
 72
13
 73
9
 74
0
 42
0.0000001
 43
0.0000001
 44
0.0000000001
 40
0.0
 40
0.0
 40
0.0
 40
0.0
 40
0.3806787293
 40
0.6667323816
 40
0.7746235747
 40
0.8615658234
 40
0.9331543177
 40
1.0
 40
1.0
 40
1.0
 40
1.0
 10
227.7904599311
 20
241.6470187492
 30
0.0
 10
227.8016761185
 20
241.6658396288
 30
0.0
 10
227.8226211381
 20
241.6980221093
 30
0.0
 10
227.8515307813
 20
241.7323715836
 30
0.0
 10
227.8732479851
 20
241.74970093
 30
0.0
 10
227.8870116628
 20
241.7567938706
 30
0.0
 10
227.9001712666
 20
241.7588522856
 30
0.0
 10
227.9080621645
 20
241.7562185243
 30
0.0
 10
227.9113543533
 20
241.7542278773
 30
0.0
  0
SPLINE
  5
BE7
100
AcDbEntity
  8
RUNDUNGEN
100
AcDbSpline
 62
9
  6
CONTINUOUS
 70
0
 71
3
 72
10
 73
6
 74
0
 42
0.0000001
 43
0.0000001
 44
0.0000000001
 40
0.0
 40
0.0
 40
0.0
 40
0.0
 40
0.2471455328
 40
0.5011756484
 40
1.0
 40
1.0
 40
1.0
 40
1.0
 10
227.773909334
 20
245.6809730569
 30
0.0
 10
227.8124700521
 20
245.6267252149
 30
0.0
 10
227.8809928649
 20
245.5095522644
 30
0.0
 10
227.9807060538
 20
245.258874105
 30
0.0
 10
228.0131280635
 20
245.0542106149
 30
0.0
 10
228.0112766809
 20
244.9198897125
 30
0.0
  0
SPLINE
  5
BE8
100
AcDbEntity
  8
RUNDUNGEN
100
AcDbSpline
 62
9
  6
CONTINUOUS
 70
0
 71
3
 72
11
 73
7
 74
0
 42
0.0000001
 43
0.0000001
 44
0.0000000001
 40
0.0
 40
0.0
 40
0.0
 40
0.0
 40
0.2765470112
 40
0.5330043448
 40
0.7715721694
 40
1.0
 40
1.0
 40
1.0
 40
1.0
 10
230.3532224781
 20
240.7871938179
 30
0.0
 10
230.3153537958
 20
240.8170727631
 30
0.0
 10
230.2370355783
 20
240.8683863888
 30
0.0
 10
230.1106199598
 20
240.9178211135
 30
0.0
 10
229.9839532368
 20
240.9334451627
 30
0.0
 10
229.9021908372
 20
240.9203391522
 30
0.0
 10
229.8642268913
 20
240.9082457353
 30
0.0
  0
SPLINE
  5
BE9
100
AcDbEntity
  8
BEZUGSACHSEN
100
AcDbSpline
 62
7
  6
CONTINUOUS
 70
0
 71
3
 72
16
 73
12
 74
0
 42
0.0000001
 43
0.0000001
 44
0.0000000001
 40
0.0
 40
0.0
 40
0.0
 40
0.0
 40
0.1367426625
 40
0.2778126267
 40
0.418626886
 40
0.5545976978
 40
0.6818719193
 40
0.7980457391
 40
0.9029995414
 40
0.9522245834
 40
1.0
 40
1.0
 40
1.0
 40
1.0
 10
214.8590905508
 20
230.677341022
 30
0.0
 10
214.8590905508
 20
231.0702575112
 30
0.0
 10
214.7841697085
 20
231.8698223916
 30
0.0
 10
214.4752342177
 20
233.0374176443
 30
0.0
 10
213.9847528281
 20
234.1392041415
 30
0.0
 10
213.3403457949
 20
235.1119317204
 30
0.0
 10
212.5771009164
 20
235.9004905242
 30
0.0
 10
211.7359556055
 20
236.4595959743
 30
0.0
 10
210.9864939255
 20
236.7083780846
 30
0.0
 10
210.405226258
 20
236.7500985688
 30
0.0
 10
210.1262050136
 20
236.7211142071
 30
0.0
 10
209.9915557697
 20
236.6943782801
 30
0.0
  0
SPLINE
  5
BEA
100
AcDbEntity
  8
RUNDUNGEN
100
AcDbSpline
 62
7
  6
CONTINUOUS
 70
0
 71
3
 72
11
 73
7
 74
0
 42
0.0000001
 43
0.0000001
 44
0.0000000001
 40
0.0
 40
0.0
 40
0.0
 40
0.0
 40
0.2465692432
 40
0.5009411008
 40
0.7548442731
 40
1.0
 40
1.0
 40
1.0
 40
1.0
 10
215.566197332
 20
185.3302504616
 30
0.0
 10
215.566197332
 20
185.8019604365
 30
0.0
 10
215.4762307451
 20
186.7618465093
 30
0.0
 10
215.1051122382
 20
188.1636286838
 30
0.0
 10
214.5163661546
 20
189.4858724351
 30
0.0
 10
213.985502307
 20
190.286462417
 30
0.0
 10
213.6904274917
 20
190.6510132102
 30
0.0
  0
SPLINE
  5
BEB
100
AcDbEntity
  8
RUNDUNGEN
100
AcDbSpline
 62
7
  6
CONTINUOUS
 70
0
 71
3
 72
12
 73
8
 74
0
 42
0.0000001
 43
0.0000001
 44
0.0000000001
 40
0.0
 40
0.0
 40
0.0
 40
0.0
 40
0.2862104627
 40
0.5470338267
 40
0.7823452736
 40
0.8927374181
 40
1.0
 40
1.0
 40
1.0
 40
1.0
 10
213.6904274917
 20
190.6510132102
 30
0.0
 10
213.4105498491
 20
190.9967886248
 30
0.0
 10
212.8135492221
 20
191.6117387577
 30
0.0
 10
211.7882493071
 20
192.2855087515
 30
0.0
 10
210.8748099838
 20
192.5777707841
 30
0.0
 10
210.1687205877
 20
192.616762751
 30
0.0
 10
209.8307590033
 20
192.5747122727
 30
0.0
 10
209.6679801126
 20
192.5386953056
 30
0.0
  0
SPLINE
  5
BEC
100
AcDbEntity
  8
RUNDUNGEN
100
AcDbSpline
 62
7
  6
CONTINUOUS
 70
0
 71
3
 72
13
 73
9
 74
0
 42
0.0000001
 43
0.0000001
 44
0.0000000001
 40
0.0
 40
0.0
 40
0.0
 40
0.0
 40
0.2628609397
 40
0.3978075307
 40
0.5310863801
 40
0.6599666049
 40
0.7821415964
 40
1.0
 40
1.0
 40
1.0
 40
1.0
 10
188.6961396469
 20
239.6255972399
 30
0.0
 10
188.6961396469
 20
240.389252043
 30
0.0
 10
188.5215658447
 20
241.5508595009
 30
0.0
 10
188.0064529785
 20
243.0078116301
 30
0.0
 10
187.4826067786
 20
244.0396171599
 30
0.0
 10
186.8434080471
 20
244.9607541127
 30
0.0
 10
185.9099296854
 20
245.9543901988
 30
0.0
 10
185.052355893
 20
246.5100004064
 30
0.0
 10
184.4534989598
 20
246.7148215405
 30
0.0
  0
SPLINE
  5
BED
100
AcDbEntity
  8
RUNDUNGEN
100
AcDbSpline
 62
7
  6
CONTINUOUS
 70
0
 71
3
 72
9
 73
5
 74
0
 42
0.0000001
 43
0.0000001
 44
0.0000000001
 40
0.0
 40
0.0
 40
0.0
 40
0.0
 40
0.2394903549
 40
1.0
 40
1.0
 40
1.0
 40
1.0
 10
207.5206043685
 20
199.3244783536
 30
0.0
 10
207.162208899
 20
199.5268127396
 30
0.0
 10
205.6978687539
 20
200.4282914565
 30
0.0
 10
204.3670777579
 20
201.5394076557
 30
0.0
 10
203.4388989164
 20
202.4595054075
 30
0.0
  0
SPLINE
  5
BEE
100
AcDbEntity
  8
RUNDUNGEN
100
AcDbSpline
 62
7
  6
CONTINUOUS
 70
0
 71
3
 72
9
 73
5
 74
0
 42
0.0000001
 43
0.0000001
 44
0.0000000001
 40
0.0
 40
0.0
 40
0.0
 40
0.0
 40
0.2568549524
 40
1.0
 40
1.0
 40
1.0
 40
1.0
 10
195.6257369692
 20
228.4616209294
 30
0.0
 10
195.6851247027
 20
228.7166748837
 30
0.0
 10
195.935629967
 20
229.7049965593
 30
0.0
 10
196.2654637582
 20
230.6737961335
 30
0.0
 10
196.5589028133
 20
231.3723402372
 30
0.0
  0
SPLINE
  5
BEF
100
AcDbEntity
  8
AUSFORMSCHRAEGEN
100
AcDbSpline
 62
7
  6
CONTINUOUS
 70
0
 71
3
 72
11
 73
7
 74
0
 42
0.0000001
 43
0.0000001
 44
0.0000000001
 40
0.0
 40
0.0
 40
0.0
 40
0.0
 40
0.2629989519
 40
0.5154236228
 40
0.7599139088
 40
1.0
 40
1.0
 40
1.0
 40
1.0
 10
221.9301583627
 20
243.836388336
 30
0.0
 10
221.3194713246
 20
244.0452556043
 30
0.0
 10
220.0931530111
 20
244.3751299471
 30
0.0
 10
218.2328360265
 20
244.5864045414
 30
0.0
 10
216.4183087026
 20
244.4982636431
 30
0.0
 10
215.2507220635
 20
244.2384301658
 30
0.0
 10
214.688930663
 20
244.0608547844
 30
0.0
  0
SPLINE
  5
BF0
100
AcDbEntity
  8
BEZUGSACHSEN
100
AcDbSpline
 62
7
  6
CONTINUOUS
 70
0
 71
3
 72
9
 73
5
 74
0
 42
0.0000001
 43
0.0000001
 44
0.0000000001
 40
0.0
 40
0.0
 40
0.0
 40
0.0
 40
0.2545940879
 40
1.0
 40
1.0
 40
1.0
 40
1.0
 10
187.2819260846
 20
239.0370284799
 30
0.0
 10
187.3066159699
 20
239.0285840418
 30
0.0
 10
187.40423231
 20
238.9973277783
 30
0.0
 10
187.5043859992
 20
238.9738846907
 30
0.0
 10
187.5797593606
 20
238.9614101261
 30
0.0
  0
SPLINE
  5
BF1
100
AcDbEntity
  8
BEZUGSACHSEN
100
AcDbSpline
 62
7
  6
CONTINUOUS
 70
0
 71
3
 72
9
 73
5
 74
0
 42
0.0000001
 43
0.0000001
 44
0.0000000001
 40
0.0
 40
0.0
 40
0.0
 40
0.0
 40
0.2538952743
 40
1.0
 40
1.0
 40
1.0
 40
1.0
 10
187.5797593606
 20
238.9614101261
 30
0.0
 10
187.6038792841
 20
238.9574181914
 30
0.0
 10
187.6991950012
 20
238.9436994533
 30
0.0
 10
187.7957297929
 20
238.9381988742
 30
0.0
 10
187.8675667306
 20
238.9391891809
 30
0.0
  0
SPLINE
  5
BF2
100
AcDbEntity
  8
BEZUGSACHSEN
100
AcDbSpline
 62
7
  6
CONTINUOUS
 70
0
 71
3
 72
9
 73
5
 74
0
 42
0.0000001
 43
0.0000001
 44
0.0000000001
 40
0.0
 40
0.0
 40
0.0
 40
0.0
 40
0.2545940879
 40
1.0
 40
1.0
 40
1.0
 40
1.0
 10
214.1519837697
 20
184.7416817016
 30
0.0
 10
214.176673655
 20
184.7332372634
 30
0.0
 10
214.2742899951
 20
184.701981
 30
0.0
 10
214.3744436842
 20
184.6785379123
 30
0.0
 10
214.4498170457
 20
184.6660633478
 30
0.0
  0
SPLINE
  5
BF3
100
AcDbEntity
  8
BEZUGSACHSEN
100
AcDbSpline
 62
7
  6
CONTINUOUS
 70
0
 71
3
 72
9
 73
5
 74
0
 42
0.0000001
 43
0.0000001
 44
0.0000000001
 40
0.0
 40
0.0
 40
0.0
 40
0.0
 40
0.2538952743
 40
1.0
 40
1.0
 40
1.0
 40
1.0
 10
214.4498170457
 20
184.6660633478
 30
0.0
 10
214.4739369692
 20
184.662071413
 30
0.0
 10
214.5692526863
 20
184.6483526749
 30
0.0
 10
214.665787478
 20
184.6428520958
 30
0.0
 10
214.7376244157
 20
184.6438424026
 30
0.0
  0
SPLINE
  5
BF4
100
AcDbEntity
  8
BEZUGSACHSEN
100
AcDbSpline
 62
7
  6
CONTINUOUS
 70
0
 71
3
 72
14
 73
10
 74
0
 42
0.0000001
 43
0.0000001
 44
0.0000000001
 40
0.0
 40
0.0
 40
0.0
 40
0.0
 40
0.1296520593
 40
0.2633195667
 40
0.398174004
 40
0.5313728988
 40
0.6601749193
 40
0.7822685469
 40
1.0
 40
1.0
 40
1.0
 40
1.0
 10
219.101731238
 20
231.1610305473
 30
0.0
 10
219.101731238
 20
231.6007368728
 30
0.0
 10
219.0345386583
 20
232.4947743484
 30
0.0
 10
218.7523852219
 20
233.8190776408
 30
0.0
 10
218.296920997
 20
235.1072918159
 30
0.0
 10
217.6859777393
 20
236.3106178759
 30
0.0
 10
216.9401641931
 20
237.3853410532
 30
0.0
 10
215.8512009556
 20
238.5446237015
 30
0.0
 10
214.850670023
 20
239.1928274588
 30
0.0
 10
214.1519837697
 20
239.4317922313
 30
0.0
  0
SPLINE
  5
BF5
100
AcDbEntity
  8
BEZUGSACHSEN
100
AcDbSpline
 62
7
  6
CONTINUOUS
 70
0
 71
3
 72
10
 73
6
 74
0
 42
0.0000001
 43
0.0000001
 44
0.0000000001
 40
0.0
 40
0.0
 40
0.0
 40
0.0
 40
0.5147601214
 40
0.7595069857
 40
1.0
 40
1.0
 40
1.0
 40
1.0
 10
187.2819260846
 20
248.6218932119
 30
0.0
 10
186.9083305341
 20
248.7496704156
 30
0.0
 10
186.3242859876
 20
248.8643484656
 30
0.0
 10
185.5558172331
 20
248.8159793507
 30
0.0
 10
185.1918278217
 20
248.7272634861
 30
0.0
 10
185.0172837773
 20
248.6675734788
 30
0.0
  0
SPLINE
  5
BF6
100
AcDbEntity
  8
0
100
AcDbSpline
 62
7
  6
CONTINUOUS
 70
0
 71
3
 72
13
 73
9
 74
0
 42
0.0000001
 43
0.0000001
 44
0.0000000001
 40
0.0
 40
0.0
 40
0.0
 40
0.0
 40
0.106932902
 40
0.2191375732
 40
0.3976794423
 40
0.5883166215
 40
0.7897695293
 40
1.0
 40
1.0
 40
1.0
 40
1.0
 10
205.6884648869
 20
196.0925191151
 30
0.0
 10
205.1655958408
 20
196.2257128455
 30
0.0
 10
204.1115290021
 20
196.5713566044
 30
0.0
 10
202.2904978688
 20
197.4236150094
 30
0.0
 10
200.2459638891
 20
198.7546786026
 30
0.0
 10
198.0786098515
 20
200.6633445532
 30
0.0
 10
196.070124705
 20
202.9541987646
 30
0.0
 10
194.8903166425
 20
204.6702602436
 30
0.0
 10
194.337410189
 20
205.5755621431
 30
0.0
  0
SPLINE
  5
BF7
100
AcDbEntity
  8
0
100
AcDbSpline
 62
7
  6
CONTINUOUS
 70
0
 71
3
 72
11
 73
7
 74
0
 42
0.0000001
 43
0.0000001
 44
0.0000000001
 40
0.0
 40
0.0
 40
0.0
 40
0.0
 40
0.2696788807
 40
0.5260716654
 40
0.7692315333
 40
1.0
 40
1.0
 40
1.0
 40
1.0
 10
190.3293659387
 20
226.5539292324
 30
0.0
 10
190.4779125003
 20
227.2186222796
 30
0.0
 10
190.8330087538
 20
228.5019912977
 30
0.0
 10
191.5595099461
 20
230.3085470267
 30
0.0
 10
192.4561843426
 20
231.9260179459
 30
0.0
 10
193.1769980992
 20
232.8877043513
 30
0.0
 10
193.5612544043
 20
233.3259110508
 30
0.0
  0
SPLINE
  5
BF8
100
AcDbEntity
  8
0
100
AcDbSpline
 62
7
  6
CONTINUOUS
 70
0
 71
3
 72
9
 73
5
 74
0
 42
0.0000001
 43
0.0000001
 44
0.0000000001
 40
0.0
 40
0.0
 40
0.0
 40
0.0
 40
0.2412676485
 40
1.0
 40
1.0
 40
1.0
 40
1.0
 10
191.9891655842
 20
233.0460098634
 30
0.0
 10
192.0088546003
 20
233.0430203415
 30
0.0
 10
192.0912678106
 20
233.035968045
 30
0.0
 10
192.1748536108
 20
233.0508362964
 30
0.0
 10
192.2341418312
 20
233.0710123092
 30
0.0
  0
SPLINE
  5
BF9
100
AcDbEntity
  8
0
100
AcDbSpline
 62
7
  6
CONTINUOUS
 70
0
 71
3
 72
10
 73
6
 74
0
 42
0.0000001
 43
0.0000001
 44
0.0000000001
 40
0.0
 40
0.0
 40
0.0
 40
0.0
 40
0.244040074
 40
0.4906423
 40
1.0
 40
1.0
 40
1.0
 40
1.0
 10
187.5221693807
 20
232.6834673611
 30
0.0
 10
187.8553725533
 20
232.7975531749
 30
0.0
 10
188.53999081
 20
232.9865896856
 30
0.0
 10
189.9694558133
 20
233.2019408886
 30
0.0
 10
191.0722785583
 20
233.1702896458
 30
0.0
 10
191.8008911354
 20
233.0728940174
 30
0.0
  0
SPLINE
  5
BFA
100
AcDbEntity
  8
0
100
AcDbSpline
 62
7
  6
CONTINUOUS
 70
0
 71
3
 72
25
 73
21
 74
0
 42
0.0000001
 43
0.0000001
 44
0.0000000001
 40
0.0
 40
0.0
 40
0.0
 40
0.0
 40
0.058334447
 40
0.1208383655
 40
0.1870498834
 40
0.2562552658
 40
0.327569972
 40
0.3999983
 40
0.4724896755
 40
0.5439902805
 40
0.6134953899
 40
0.680103484
 40
0.7430780617
 40
0.8019210676
 40
0.8564653458
 40
0.9069868662
 40
0.931009558
 40
0.954387036
 40
0.9773104447
 40
1.0
 40
1.0
 40
1.0
 40
1.0
 10
196.0875739006
 20
231.6426046472
 30
0.0
 10
196.8829097201
 20
231.220023675
 30
0.0
 10
198.456517343
 20
230.2009678268
 30
0.0
 10
200.6329333972
 20
228.2901113752
 30
0.0
 10
202.6548320303
 20
225.9884145778
 30
0.0
 10
204.468391307
 20
223.353698758
 30
0.0
 10
206.0271277995
 20
220.4517807247
 30
0.0
 10
207.2911662894
 20
217.3553434527
 30
0.0
 10
208.2286317126
 20
214.1419324935
 30
0.0
 10
208.8161852343
 20
210.8921529974
 30
0.0
 10
209.0396599499
 20
207.6877972523
 30
0.0
 10
208.8944966187
 20
204.6098675546
 30
0.0
 10
208.3861514976
 20
201.736553195
 30
0.0
 10
207.5296810702
 20
199.1405756178
 30
0.0
 10
206.3503932767
 20
196.8875148744
 30
0.0
 10
205.1026164349
 20
195.3142607148
 30
0.0
 10
203.9818514654
 20
194.2955957688
 30
0.0
 10
203.0998559483
 20
193.6582360955
 30
0.0
 10
202.1678660505
 20
193.1377262019
 30
0.0
 10
201.5146516032
 20
192.8692889138
 30
0.0
 10
201.1832218146
 20
192.7558502154
 30
0.0
  0
SPLINE
  5
BFB
100
AcDbEntity
  8
RUNDUNGEN
100
AcDbSpline
 62
7
  6
CONTINUOUS
 70
0
 71
3
 72
15
 73
11
 74
0
 42
0.0000001
 43
0.0000001
 44
0.0000000001
 40
0.0
 40
0.0
 40
0.0
 40
0.0
 40
0.1048274015
 40
0.2176335651
 40
0.3381318224
 40
0.4651984532
 40
0.5971169392
 40
0.7317762368
 40
0.8668496748
 40
1.0
 40
1.0
 40
1.0
 40
1.0
 10
221.9301583627
 20
243.836388336
 30
0.0
 10
222.9295327689
 20
243.4945821583
 30
0.0
 10
224.9302158465
 20
242.5565214888
 30
0.0
 10
227.7157596918
 20
240.569419564
 30
0.0
 10
230.3165057568
 20
238.0164199523
 30
0.0
 10
232.6542702179
 20
234.9767890114
 30
0.0
 10
234.6599267843
 20
231.543467886
 30
0.0
 10
236.2726118146
 20
227.8213657558
 30
0.0
 10
237.443239094
 20
223.9253137043
 30
0.0
 10
237.9110426478
 20
221.2555627456
 30
0.0
 10
238.0590636194
 20
219.9221694523
 30
0.0
  0
SPLINE
  5
BFC
100
AcDbEntity
  8
RUNDUNGEN
100
AcDbSpline
 62
7
  6
CONTINUOUS
 70
0
 71
3
 72
10
 73
6
 74
0
 42
0.0000001
 43
0.0000001
 44
0.0000000001
 40
0.0
 40
0.0
 40
0.0
 40
0.0
 40
0.458143833
 40
0.7279792764
 40
1.0
 40
1.0
 40
1.0
 40
1.0
 10
237.8268879766
 20
219.4356592069
 30
0.0
 10
237.9079634552
 20
219.4664382225
 30
0.0
 10
238.0070449857
 20
219.5857086641
 30
0.0
 10
238.0609986774
 20
219.766564431
 30
0.0
 10
238.0647447032
 20
219.8709934674
 30
0.0
 10
238.0590636194
 20
219.9221694523
 30
0.0
  0
SPLINE
  5
BFD
100
AcDbEntity
  8
RUNDUNGEN
100
AcDbSpline
 62
7
  6
CONTINUOUS
 70
0
 71
3
 72
9
 73
5
 74
0
 42
0.0000001
 43
0.0000001
 44
0.0000000001
 40
0.0
 40
0.0
 40
0.0
 40
0.0
 40
0.2553650043
 40
1.0
 40
1.0
 40
1.0
 40
1.0
 10
233.9750337558
 20
217.5796917123
 30
0.0
 10
234.009451213
 20
217.1637898088
 30
0.0
 10
234.1116168692
 20
215.5326993347
 30
0.0
 10
234.0813710665
 20
213.892527914
 30
0.0
 10
233.9750337558
 20
212.6802826809
 30
0.0
  0
SPLINE
  5
BFE
100
AcDbEntity
  8
RUNDUNGEN
100
AcDbSpline
 62
7
  6
CONTINUOUS
 70
0
 71
3
 72
11
 73
7
 74
0
 42
0.0000001
 43
0.0000001
 44
0.0000000001
 40
0.0
 40
0.0
 40
0.0
 40
0.0
 40
0.2988915433
 40
0.5609619183
 40
0.7891206006
 40
1.0
 40
1.0
 40
1.0
 40
1.0
 10
238.0590636194
 20
213.3484382858
 30
0.0
 10
238.0627910108
 20
213.3794654543
 30
0.0
 10
238.0643360555
 20
213.4386399692
 30
0.0
 10
238.0459135933
 20
213.5201828606
 30
0.0
 10
238.0061932034
 20
213.5839679216
 30
0.0
 10
237.9657985699
 20
213.6096044897
 30
0.0
 10
237.9449377659
 20
213.6167425715
 30
0.0
  0
SPLINE
  5
BFF
100
AcDbEntity
  8
RUNDUNGEN
100
AcDbSpline
 62
7
  6
CONTINUOUS
 70
0
 71
3
 72
14
 73
10
 74
0
 42
0.0000001
 43
0.0000001
 44
0.0000000001
 40
0.0
 40
0.0
 40
0.0
 40
0.0
 40
0.2836259263
 40
0.4161619392
 40
0.5424189988
 40
0.6628597596
 40
0.7783656107
 40
0.8902106469
 40
1.0
 40
1.0
 40
1.0
 40
1.0
 10
238.0590636194
 20
213.3484382858
 30
0.0
 10
237.8759038137
 20
211.8237982226
 30
0.0
 10
237.4018596815
 20
209.5986815662
 30
0.0
 10
236.3037502079
 20
206.868929844
 30
0.0
 10
235.3038445788
 20
205.0686369348
 30
0.0
 10
234.121686357
 20
203.4955894583
 30
0.0
 10
232.7715884833
 20
202.1717175519
 30
0.0
 10
231.2716994249
 20
201.1171931578
 30
0.0
 10
230.1799353328
 20
200.6021876726
 30
0.0
 10
229.6221467737
 20
200.3967453811
 30
0.0
  0
SPLINE
  5
C00
100
AcDbEntity
  8
FASEN
100
AcDbSpline
 62
7
  6
CONTINUOUS
 70
0
 71
3
 72
9
 73
5
 74
0
 42
0.0000001
 43
0.0000001
 44
0.0000000001
 40
0.0
 40
0.0
 40
0.0
 40
0.0
 40
0.5157568137
 40
1.0
 40
1.0
 40
1.0
 40
1.0
 10
186.7162406596
 20
244.8575854428
 30
0.0
 10
186.5454814765
 20
244.9159885226
 30
0.0
 10
186.1960901734
 20
244.985344387
 30
0.0
 10
185.8415450486
 20
244.9333076676
 30
0.0
 10
185.6811987503
 20
244.8785339535
 30
0.0
  0
SPLINE
  5
C01
100
AcDbEntity
  8
FASEN
100
AcDbSpline
 62
7
  6
CONTINUOUS
 70
0
 71
3
 72
9
 73
5
 74
0
 42
0.0000001
 43
0.0000001
 44
0.0000000001
 40
0.0
 40
0.0
 40
0.0
 40
0.0
 40
0.5157568137
 40
1.0
 40
1.0
 40
1.0
 40
1.0
 10
213.5862983447
 20
190.5622386645
 30
0.0
 10
213.4155391616
 20
190.6206417442
 30
0.0
 10
213.0661478585
 20
190.6899976086
 30
0.0
 10
212.7116027337
 20
190.6379608892
 30
0.0
 10
212.5512564354
 20
190.5831871752
 30
0.0
  0
SPLINE
  5
C02
100
AcDbEntity
  8
RUNDUNGEN
100
AcDbSpline
 62
7
  6
CONTINUOUS
 70
0
 71
3
 72
9
 73
5
 74
0
 42
0.0000001
 43
0.0000001
 44
0.0000000001
 40
0.0
 40
0.0
 40
0.0
 40
0.0
 40
0.5147776813
 40
1.0
 40
1.0
 40
1.0
 40
1.0
 10
184.4534989598
 20
246.7148215405
 30
0.0
 10
184.1867064362
 20
246.8060699577
 30
0.0
 10
183.6456678245
 20
246.9259386872
 30
0.0
 10
183.0901858452
 20
246.8952019475
 30
0.0
 10
182.8300027141
 20
246.8409615803
 30
0.0
  0
SPLINE
  5
C03
100
AcDbEntity
  8
RUNDUNGEN
100
AcDbSpline
 62
7
  6
CONTINUOUS
 70
0
 71
3
 72
14
 73
10
 74
0
 42
0.0000001
 43
0.0000001
 44
0.0000000001
 40
0.0
 40
0.0
 40
0.0
 40
0.0
 40
0.1151326408
 40
0.2312326806
 40
0.3494865398
 40
0.470868923
 40
0.59628063
 40
0.7262837752
 40
1.0
 40
1.0
 40
1.0
 40
1.0
 10
182.8952967012
 20
247.9418311169
 30
0.0
 10
182.6642915363
 20
247.8628226972
 30
0.0
 10
182.2151082669
 20
247.6566561332
 30
0.0
 10
181.6121321404
 20
247.2183083761
 30
0.0
 10
181.0917585137
 20
246.6665220657
 30
0.0
 10
180.6628040119
 20
246.0180730992
 30
0.0
 10
180.3285494732
 20
245.2890783176
 30
0.0
 10
180.0055651713
 20
244.2118000795
 30
0.0
 10
179.9179650539
 20
243.3500040502
 30
0.0
 10
179.9179650539
 20
242.7695791544
 30
0.0
  0
SPLINE
  5
C04
100
AcDbEntity
  8
RUNDUNGEN
100
AcDbSpline
 62
7
  6
CONTINUOUS
 70
0
 71
3
 72
14
 73
10
 74
0
 42
0.0000001
 43
0.0000001
 44
0.0000000001
 40
0.0
 40
0.0
 40
0.0
 40
0.0
 40
0.2592370951
 40
0.3916652208
 40
0.5227078104
 40
0.6502394132
 40
0.772659412
 40
0.8891773357
 40
1.0
 40
1.0
 40
1.0
 40
1.0
 10
179.9179650539
 20
197.6643333486
 30
0.0
 10
179.9179650547
 20
196.8033159163
 30
0.0
 10
180.1142514201
 20
195.4954282886
 30
0.0
 10
180.697959471
 20
193.8574537623
 30
0.0
 10
181.2925400013
 20
192.6980383586
 30
0.0
 10
182.0215977224
 20
191.6586445974
 30
0.0
 10
182.8651409937
 20
190.7739366655
 30
0.0
 10
183.801161615
 20
190.0760968728
 30
0.0
 10
184.488716112
 20
189.7480371488
 30
0.0
 10
184.8369901638
 20
189.6289204077
 30
0.0
  0
SPLINE
  5
C05
100
AcDbEntity
  8
0
100
AcDbSpline
 62
7
  6
CONTINUOUS
 70
0
 71
3
 72
13
 73
9
 74
0
 42
0.0000001
 43
0.0000001
 44
0.0000000001
 40
0.0
 40
0.0
 40
0.0
 40
0.0
 40
0.280787394
 40
0.558612648
 40
0.6854499681
 40
0.8002750919
 40
0.9037052714
 40
1.0
 40
1.0
 40
1.0
 40
1.0
 10
211.1106199753
 20
228.765449647
 30
0.0
 10
211.1106199753
 20
228.6822700047
 30
0.0
 10
211.1428475028
 20
228.5161800405
 30
0.0
 10
211.2447022735
 20
228.3354196392
 30
0.0
 10
211.3567312763
 20
228.2283223662
 30
0.0
 10
211.4461200056
 20
228.1762937153
 30
0.0
 10
211.5383089707
 20
228.1543314323
 30
0.0
 10
211.5986715769
 20
228.1621282397
 30
0.0
 10
211.6256672812
 20
228.1713460845
 30
0.0
  0
SPLINE
  5
C06
100
AcDbEntity
  8
0
100
AcDbSpline
 62
7
  6
CONTINUOUS
 70
0
 71
3
 72
13
 73
9
 74
0
 42
0.0000001
 43
0.0000001
 44
0.0000000001
 40
0.0
 40
0.0
 40
0.0
 40
0.0
 40
0.0972574776
 40
0.203871125
 40
0.321731749
 40
0.4503606588
 40
0.7265758851
 40
1.0
 40
1.0
 40
1.0
 40
1.0
 10
209.8418542152
 20
235.5673217921
 30
0.0
 10
209.8175715282
 20
235.5530313362
 30
0.0
 10
209.7721931701
 20
235.5131179893
 30
0.0
 10
209.7240887573
 20
235.4319302399
 30
0.0
 10
209.6956256719
 20
235.3326988493
 30
0.0
 10
209.6849933952
 20
235.1807833274
 30
0.0
 10
209.724473348
 20
234.984530013
 30
0.0
 10
209.8036809199
 20
234.8424048465
 30
0.0
 10
209.8546800108
 20
234.781795187
 30
0.0
  0
SPLINE
  5
C07
100
AcDbEntity
  8
0
100
AcDbSpline
 62
7
  6
CONTINUOUS
 70
0
 71
3
 72
11
 73
7
 74
0
 42
0.0000001
 43
0.0000001
 44
0.0000000001
 40
0.0
 40
0.0
 40
0.0
 40
0.0
 40
0.2877670774
 40
0.5481015864
 40
0.7822828536
 40
1.0
 40
1.0
 40
1.0
 40
1.0
 10
209.8546800108
 20
234.781795187
 30
0.0
 10
209.8793889456
 20
234.7524299552
 30
0.0
 10
209.9320228184
 20
234.700770181
 30
0.0
 10
210.022443826
 20
234.6464475395
 30
0.0
 10
210.1161862562
 20
234.622776894
 30
0.0
 10
210.1777417011
 20
234.6304437969
 30
0.0
 10
210.2052775412
 20
234.6396547979
 30
0.0
  0
SPLINE
  5
C08
100
AcDbEntity
  8
0
100
AcDbSpline
 62
7
  6
CONTINUOUS
 70
0
 71
3
 72
11
 73
7
 74
0
 42
0.0000001
 43
0.0000001
 44
0.0000000001
 40
0.0
 40
0.0
 40
0.0
 40
0.0
 40
0.2861975915
 40
0.5463401337
 40
0.7809273642
 40
1.0
 40
1.0
 40
1.0
 40
1.0
 10
212.5248335377
 20
234.0120773385
 30
0.0
 10
212.5491987978
 20
233.9850495412
 30
0.0
 10
212.6008248372
 20
233.9376810782
 30
0.0
 10
212.6883661444
 20
233.8885683717
 30
0.0
 10
212.7784252482
 20
233.8683539218
 30
0.0
 10
212.8371192022
 20
233.8764695502
 30
0.0
 10
212.8634742956
 20
233.8854848768
 30
0.0
  0
SPLINE
  5
C09
100
AcDbEntity
  8
0
100
AcDbSpline
 62
7
  6
CONTINUOUS
 70
0
 71
3
 72
9
 73
5
 74
0
 42
0.0000001
 43
0.0000001
 44
0.0000000001
 40
0.0
 40
0.0
 40
0.0
 40
0.0
 40
0.2454252846
 40
1.0
 40
1.0
 40
1.0
 40
1.0
 10
211.8177267565
 20
234.5921773152
 30
0.0
 10
211.8385399221
 20
234.5803835423
 30
0.0
 10
211.9225972584
 20
234.5310179272
 30
0.0
 10
212.0036485323
 20
234.4765693977
 30
0.0
 10
212.0629695856
 20
234.4330867872
 30
0.0
  0
SPLINE
  5
C0A
100
AcDbEntity
  8
0
100
AcDbSpline
 62
7
  6
CONTINUOUS
 70
0
 71
3
 72
9
 73
5
 74
0
 42
0.0000001
 43
0.0000001
 44
0.0000000001
 40
0.0
 40
0.0
 40
0.0
 40
0.0
 40
0.242173501
 40
1.0
 40
1.0
 40
1.0
 40
1.0
 10
212.0629695856
 20
234.4330867872
 30
0.0
 10
212.1036989848
 20
234.4032319464
 30
0.0
 10
212.2683898689
 20
234.2752180758
 30
0.0
 10
212.4190228697
 20
234.1294505683
 30
0.0
 10
212.5248335377
 20
234.0120773385
 30
0.0
  0
SPLINE
  5
C0B
100
AcDbEntity
  8
0
100
AcDbSpline
 62
7
  6
CONTINUOUS
 70
0
 71
3
 72
11
 73
7
 74
0
 42
0.0000001
 43
0.0000001
 44
0.0000000001
 40
0.0
 40
0.0
 40
0.0
 40
0.0
 40
0.2619955801
 40
0.5209088763
 40
0.7688773839
 40
1.0
 40
1.0
 40
1.0
 40
1.0
 10
213.2018572619
 20
232.9560851773
 30
0.0
 10
213.2970327532
 20
232.7428993834
 30
0.0
 10
213.453085292
 20
232.3034309033
 30
0.0
 10
213.5814720068
 20
231.6275821299
 30
0.0
 10
213.5971133467
 20
230.9671125088
 30
0.0
 10
213.5290464273
 20
230.5422202658
 30
0.0
 10
213.4738835276
 20
230.3437898825
 30
0.0
  0
SPLINE
  5
C0C
100
AcDbEntity
  8
0
100
AcDbSpline
 62
7
  6
CONTINUOUS
 70
0
 71
3
 72
11
 73
7
 74
0
 42
0.0000001
 43
0.0000001
 44
0.0000000001
 40
0.0
 40
0.0
 40
0.0
 40
0.0
 40
0.286222331
 40
0.5463823798
 40
0.7809837818
 40
1.0
 40
1.0
 40
1.0
 40
1.0
 10
213.4307001956
 20
229.2094987232
 30
0.0
 10
213.4550677345
 20
229.1824683981
 30
0.0
 10
213.5066941955
 20
229.1350918448
 30
0.0
 10
213.5942534271
 20
229.0859862839
 30
0.0
 10
213.6843069845
 20
229.0657950108
 30
0.0
 10
213.7430017344
 20
229.0738660689
 30
0.0
 10
213.7693505029
 20
229.0828783318
 30
0.0
  0
SPLINE
  5
C0D
100
AcDbEntity
  8
0
100
AcDbSpline
 62
7
  6
CONTINUOUS
 70
0
 71
3
 72
11
 73
7
 74
0
 42
0.0000001
 43
0.0000001
 44
0.0000000001
 40
0.0
 40
0.0
 40
0.0
 40
0.0
 40
0.2220377114
 40
0.4680190386
 40
0.7309045328
 40
1.0
 40
1.0
 40
1.0
 40
1.0
 10
209.0146836231
 20
234.6506115129
 30
0.0
 10
208.8733392797
 20
234.3736123185
 30
0.0
 10
208.6705522695
 20
233.739705209
 30
0.0
 10
208.6027911781
 20
232.7107286708
 30
0.0
 10
208.7536429583
 20
231.6248461459
 30
0.0
 10
208.9936198952
 20
230.9140851967
 30
0.0
 10
209.1472615046
 20
230.5699397865
 30
0.0
  0
SPLINE
  5
C0E
100
AcDbEntity
  8
0
100
AcDbSpline
 62
7
  6
CONTINUOUS
 70
0
 71
3
 72
11
 73
7
 74
0
 42
0.0000001
 43
0.0000001
 44
0.0000000001
 40
0.0
 40
0.0
 40
0.0
 40
0.0
 40
0.2861975915
 40
0.5463401337
 40
0.7809273642
 40
1.0
 40
1.0
 40
1.0
 40
1.0
 10
210.2185284192
 20
232.7726836391
 30
0.0
 10
210.2428936794
 20
232.7456558418
 30
0.0
 10
210.2945197188
 20
232.6982873788
 30
0.0
 10
210.3820610259
 20
232.6491746723
 30
0.0
 10
210.4721201298
 20
232.6289602224
 30
0.0
 10
210.5308140837
 20
232.6370758508
 30
0.0
 10
210.5571691771
 20
232.6460911773
 30
0.0
  0
SPLINE
  5
C0F
100
AcDbEntity
  8
0
100
AcDbSpline
 62
7
  6
CONTINUOUS
 70
0
 71
3
 72
11
 73
7
 74
0
 42
0.0000001
 43
0.0000001
 44
0.0000000001
 40
0.0
 40
0.0
 40
0.0
 40
0.0
 40
0.2945864277
 40
0.5625658026
 40
0.7947758015
 40
1.0
 40
1.0
 40
1.0
 40
1.0
 10
209.1472615046
 20
230.5699397865
 30
0.0
 10
209.1708591803
 20
230.5170828045
 30
0.0
 10
209.2278832124
 20
230.4208299912
 30
0.0
 10
209.3413274385
 20
230.310439786
 30
0.0
 10
209.4702735829
 20
230.2503160586
 30
0.0
 10
209.5607519954
 20
230.2543127178
 30
0.0
 10
209.5989004463
 20
230.2673846615
 30
0.0
  0
SPLINE
  5
C10
100
AcDbEntity
  8
RUNDUNGEN
100
AcDbSpline
 62
7
  6
CONTINUOUS
 70
0
 71
3
 72
11
 73
7
 74
0
 42
0.0000001
 43
0.0000001
 44
0.0000000001
 40
0.0
 40
0.0
 40
0.0
 40
0.0
 40
0.2561166697
 40
0.5069875123
 40
0.754281716
 40
1.0
 40
1.0
 40
1.0
 40
1.0
 10
211.7070478541
 20
180.4388194253
 30
0.0
 10
211.9198481728
 20
180.3660374301
 30
0.0
 10
212.3520885369
 20
180.2515484542
 30
0.0
 10
213.0138132237
 20
180.1837171603
 30
0.0
 10
213.6687488692
 20
180.2262087708
 30
0.0
 10
214.0918118809
 20
180.3300162292
 30
0.0
 10
214.2959724659
 20
180.3998432618
 30
0.0
  0
LINE
  5
C11
100
AcDbEntity
  8
RUNDUNGEN
100
AcDbLine
 62
7
  6
CONTINUOUS
 10
191.9510803965
 20
233.7278613538
 11
191.949343085
 21
233.7281181247
  0
SPLINE
  5
C12
100
AcDbEntity
  8
RUNDUNGEN
100
AcDbSpline
 62
7
  6
CONTINUOUS
 70
0
 71
3
 72
9
 73
5
 74
0
 42
0.0000001
 43
0.0000001
 44
0.0000000001
 40
0.0
 40
0.0
 40
0.0
 40
0.0
 40
0.512390757
 40
1.0
 40
1.0
 40
1.0
 40
1.0
 10
195.4704511789
 20
232.5516178046
 30
0.0
 10
194.9006941733
 20
232.8290410791
 30
0.0
 10
193.754615581
 20
233.3039553885
 30
0.0
 10
192.553453329
 20
233.6184219922
 30
0.0
 10
191.9601072726
 20
233.726224909
 30
0.0
  0
LINE
  5
C13
100
AcDbEntity
  8
RUNDUNGEN
100
AcDbLine
 62
7
  6
CONTINUOUS
 10
191.9601072726
 20
233.726224909
 11
191.9510803965
 21
233.7278613538
  0
SPLINE
  5
C14
100
AcDbEntity
  8
RUNDUNGEN
100
AcDbSpline
 62
7
  6
CONTINUOUS
 70
0
 71
3
 72
9
 73
5
 74
0
 42
0.0000001
 43
0.0000001
 44
0.0000000001
 40
0.0
 40
0.0
 40
0.0
 40
0.0
 40
0.5227686135
 40
1.0
 40
1.0
 40
1.0
 40
1.0
 10
195.9165358666
 20
232.0445339982
 30
0.0
 10
195.9033256852
 20
232.1075497716
 30
0.0
 10
195.8630832208
 20
232.2252823224
 30
0.0
 10
195.7964689365
 20
232.3307881213
 30
0.0
 10
195.7577888402
 20
232.3750440992
 30
0.0
  0
SPLINE
  5
C15
100
AcDbEntity
  8
RUNDUNGEN
100
AcDbSpline
 62
7
  6
CONTINUOUS
 70
0
 71
3
 72
9
 73
5
 74
0
 42
0.0000001
 43
0.0000001
 44
0.0000000001
 40
0.0
 40
0.0
 40
0.0
 40
0.0
 40
0.3153318594
 40
1.0
 40
1.0
 40
1.0
 40
1.0
 10
195.7577888402
 20
232.3750440992
 30
0.0
 10
195.7485525975
 20
232.3856117812
 30
0.0
 10
195.7180367795
 20
232.4179108028
 30
0.0
 10
195.6826160569
 20
232.4463688674
 30
0.0
 10
195.6553938268
 20
232.4600658706
 30
0.0
  0
SPLINE
  5
C16
100
AcDbEntity
  8
RUNDUNGEN
100
AcDbSpline
 62
7
  6
CONTINUOUS
 70
0
 71
3
 72
9
 73
5
 74
0
 42
0.0000001
 43
0.0000001
 44
0.0000000001
 40
0.0
 40
0.0
 40
0.0
 40
0.0
 40
0.4847448191
 40
1.0
 40
1.0
 40
1.0
 40
1.0
 10
234.0952882085
 20
212.4098819319
 30
0.0
 10
234.0772359483
 20
212.4160597287
 30
0.0
 10
234.0422371014
 20
212.4365136604
 30
0.0
 10
234.0176868068
 20
212.4684046639
 30
0.0
 10
234.0077438698
 20
212.4860811112
 30
0.0
  0
SPLINE
  5
C17
100
AcDbEntity
  8
RUNDUNGEN
100
AcDbSpline
 62
7
  6
CONTINUOUS
 70
0
 71
3
 72
9
 73
5
 74
0
 42
0.0000001
 43
0.0000001
 44
0.0000000001
 40
0.0
 40
0.0
 40
0.0
 40
0.0
 40
0.2227354817
 40
1.0
 40
1.0
 40
1.0
 40
1.0
 10
234.0077438698
 20
212.4860811112
 30
0.0
 10
234.0005123381
 20
212.498937251
 30
0.0
 10
233.9741914023
 20
212.5601367128
 30
0.0
 10
233.9705358017
 20
212.6290060088
 30
0.0
 10
233.9750337558
 20
212.6802826809
 30
0.0
  0
SPLINE
  5
C18
100
AcDbEntity
  8
FASEN
100
AcDbSpline
 62
7
  6
CONTINUOUS
 70
0
 71
3
 72
9
 73
5
 74
0
 42
0.0000001
 43
0.0000001
 44
0.0000000001
 40
0.0
 40
0.0
 40
0.0
 40
0.0
 40
0.2546967404
 40
1.0
 40
1.0
 40
1.0
 40
1.0
 10
213.843553126
 20
190.4547030639
 30
0.0
 10
213.8223232367
 20
190.465195474
 30
0.0
 10
213.738347739
 20
190.5051141534
 30
0.0
 10
213.6518661929
 20
190.5398131397
 30
0.0
 10
213.5862983447
 20
190.5622386645
 30
0.0
  0
SPLINE
  5
C19
100
AcDbEntity
  8
FASEN
100
AcDbSpline
 62
7
  6
CONTINUOUS
 70
0
 71
3
 72
9
 73
5
 74
0
 42
0.0000001
 43
0.0000001
 44
0.0000000001
 40
0.0
 40
0.0
 40
0.0
 40
0.0
 40
0.2545673469
 40
1.0
 40
1.0
 40
1.0
 40
1.0
 10
186.9664630813
 20
244.7535106703
 30
0.0
 10
186.9458053745
 20
244.7636335769
 30
0.0
 10
186.8640714099
 20
244.8021863293
 30
0.0
 10
186.7799787649
 20
244.835785727
 30
0.0
 10
186.7162406596
 20
244.8575854428
 30
0.0
  0
SPLINE
  5
C1A
100
AcDbEntity
  8
0
100
AcDbSpline
 62
7
  6
CONTINUOUS
 70
0
 71
3
 72
9
 73
5
 74
0
 42
0.0000001
 43
0.0000001
 44
0.0000000001
 40
0.0
 40
0.0
 40
0.0
 40
0.0
 40
0.4789500203
 40
1.0
 40
1.0
 40
1.0
 40
1.0
 10
209.1589962289
 20
234.784024545
 30
0.0
 10
209.1287405803
 20
234.7736759832
 30
0.0
 10
209.0700272521
 20
234.7373049894
 30
0.0
 10
209.0304950181
 20
234.6815978513
 30
0.0
 10
209.0146836231
 20
234.6506115129
 30
0.0
  0
SPLINE
  5
C1B
100
AcDbEntity
  8
0
100
AcDbSpline
 62
7
  6
CONTINUOUS
 70
0
 71
3
 72
13
 73
9
 74
0
 42
0.0000001
 43
0.0000001
 44
0.0000000001
 40
0.0
 40
0.0
 40
0.0
 40
0.0
 40
0.098183888
 40
0.201618605
 40
0.3139374173
 40
0.4366319419
 40
0.7086855533
 40
1.0
 40
1.0
 40
1.0
 40
1.0
 10
213.3294462856
 20
233.5995182153
 30
0.0
 10
213.3069945316
 20
233.5918249
 30
0.0
 10
213.2632347771
 20
233.5682237338
 30
0.0
 10
213.2098921391
 20
233.5128601123
 30
0.0
 10
213.1700426182
 20
233.440490677
 30
0.0
 10
213.1354823068
 20
233.3220841245
 30
0.0
 10
213.134828761
 20
233.1530618514
 30
0.0
 10
213.1731507631
 20
233.020385531
 30
0.0
 10
213.2018572619
 20
232.9560851773
 30
0.0
  0
SPLINE
  5
C1C
100
AcDbEntity
  8
0
100
AcDbSpline
 62
7
  6
CONTINUOUS
 70
0
 71
3
 72
13
 73
9
 74
0
 42
0.0000001
 43
0.0000001
 44
0.0000000001
 40
0.0
 40
0.0
 40
0.0
 40
0.0
 40
0.0961272739
 40
0.1999862236
 40
0.3159330635
 40
0.444243426
 40
0.7235614866
 40
1.0
 40
1.0
 40
1.0
 40
1.0
 10
212.3739833923
 20
231.2176992512
 30
0.0
 10
212.3456936678
 20
231.2080221426
 30
0.0
 10
212.2906108552
 20
231.1751430882
 30
0.0
 10
212.2297959676
 20
231.0956667591
 30
0.0
 10
212.1918752036
 20
230.9928558839
 30
0.0
 10
212.1732319393
 20
230.82987024
 30
0.0
 10
212.2133380788
 20
230.616026019
 30
0.0
 10
212.3014990281
 20
230.462094427
 30
0.0
 10
212.3590707596
 20
230.3982314895
 30
0.0
  0
SPLINE
  5
C1D
100
AcDbEntity
  8
0
100
AcDbSpline
 62
7
  6
CONTINUOUS
 70
0
 71
3
 72
9
 73
5
 74
0
 42
0.0000001
 43
0.0000001
 44
0.0000000001
 40
0.0
 40
0.0
 40
0.0
 40
0.0
 40
0.2460103567
 40
1.0
 40
1.0
 40
1.0
 40
1.0
 10
210.6593259205
 20
234.8170222326
 30
0.0
 10
210.6957073019
 20
234.8244051714
 30
0.0
 10
210.8448003955
 20
234.8483071382
 30
0.0
 10
210.9976189518
 20
234.8472873406
 30
0.0
 10
211.1106199753
 20
234.8340220778
 30
0.0
  0
SPLINE
  5
C1E
100
AcDbEntity
  8
RUNDUNGEN
100
AcDbSpline
 62
7
  6
CONTINUOUS
 70
0
 71
3
 72
10
 73
6
 74
0
 42
0.0000001
 43
0.0000001
 44
0.0000000001
 40
0.0
 40
0.0
 40
0.0
 40
0.0
 40
0.2711595405
 40
0.5413147018
 40
1.0
 40
1.0
 40
1.0
 40
1.0
 10
233.9750337558
 20
217.5796917123
 30
0.0
 10
233.9708059775
 20
217.6307803519
 30
0.0
 10
233.9770883599
 20
217.734754318
 30
0.0
 10
234.0334508455
 20
217.9144511863
 30
0.0
 10
234.132478132
 20
218.0332611613
 30
0.0
 10
234.2135499059
 20
218.0640333765
 30
0.0
  0
SPLINE
  5
C1F
100
AcDbEntity
  8
0
100
AcDbSpline
 62
7
  6
CONTINUOUS
 70
0
 71
3
 72
9
 73
5
 74
0
 42
0.0000001
 43
0.0000001
 44
0.0000000001
 40
0.0
 40
0.0
 40
0.0
 40
0.0
 40
0.2797440135
 40
1.0
 40
1.0
 40
1.0
 40
1.0
 10
196.048079001
 20
231.6662397682
 30
0.0
 10
196.0376483455
 20
231.6732162952
 30
0.0
 10
196.0015647363
 20
231.6997655547
 30
0.0
 10
195.9708931608
 20
231.7346475424
 30
0.0
 10
195.9559859379
 20
231.7633120954
 30
0.0
  0
SPLINE
  5
C20
100
AcDbEntity
  8
0
100
AcDbSpline
 62
7
  6
CONTINUOUS
 70
0
 71
3
 72
9
 73
5
 74
0
 42
0.0000001
 43
0.0000001
 44
0.0000000001
 40
0.0
 40
0.0
 40
0.0
 40
0.0
 40
0.7461964642
 40
1.0
 40
1.0
 40
1.0
 40
1.0
 10
195.9559859379
 20
231.7633120954
 30
0.0
 10
195.9437567737
 20
231.7868271076
 30
0.0
 10
195.9336382698
 20
231.8220429748
 30
0.0
 10
195.9319099005
 20
231.8575229218
 30
0.0
 10
195.9319072972
 20
231.8665380141
 30
0.0
  0
SPLINE
  5
C21
100
AcDbEntity
  8
BEZUGSACHSEN
100
AcDbSpline
 62
7
  6
CONTINUOUS
 70
0
 71
3
 72
11
 73
7
 74
0
 42
0.0000001
 43
0.0000001
 44
0.0000000001
 40
0.0
 40
0.0
 40
0.0
 40
0.0
 40
0.2209172216
 40
0.4571741533
 40
0.7162613747
 40
1.0
 40
1.0
 40
1.0
 40
1.0
 10
186.2212659128
 20
191.2978197047
 30
0.0
 10
186.4553613167
 20
191.3973663226
 30
0.0
 10
186.9061843633
 20
191.6908740943
 30
0.0
 10
187.4293635526
 20
192.3426433503
 30
0.0
 10
187.7939510168
 20
193.1713899498
 30
0.0
 10
187.9178840322
 20
193.7888670101
 30
0.0
 10
187.9538753282
 20
194.1135981867
 30
0.0
  0
SPLINE
  5
C22
100
AcDbEntity
  8
RUNDUNGEN
100
AcDbSpline
 62
7
  6
CONTINUOUS
 70
0
 71
3
 72
12
 73
8
 74
0
 42
0.0000001
 43
0.0000001
 44
0.0000000001
 40
0.0
 40
0.0
 40
0.0
 40
0.0
 40
0.1068027468
 40
0.2171688485
 40
0.4531109965
 40
0.7143397358
 40
1.0
 40
1.0
 40
1.0
 40
1.0
 10
213.6805913553
 20
181.2871659899
 30
0.0
 10
213.8263679357
 20
181.3667429821
 30
0.0
 10
214.1083818258
 20
181.5564087955
 30
0.0
 10
214.6185818588
 20
182.0465885623
 30
0.0
 10
215.1286076524
 20
182.859773284
 30
0.0
 10
215.4909218849
 20
184.0324580486
 30
0.0
 10
215.566197332
 20
184.8860381466
 30
0.0
 10
215.566197332
 20
185.3302504616
 30
0.0
  0
SPLINE
  5
C23
100
AcDbEntity
  8
BEZUGSACHSEN
100
AcDbSpline
 62
7
  6
CONTINUOUS
 70
0
 71
3
 72
12
 73
8
 74
0
 42
0.0000001
 43
0.0000001
 44
0.0000000001
 40
0.0
 40
0.0
 40
0.0
 40
0.0
 40
0.106756849
 40
0.2165099019
 40
0.4509428563
 40
0.7121973269
 40
1.0
 40
1.0
 40
1.0
 40
1.0
 10
213.0913235979
 20
227.2129645218
 30
0.0
 10
213.2257125535
 20
227.2701120172
 30
0.0
 10
213.4873511181
 20
227.413611895
 30
0.0
 10
213.9647307944
 20
227.8092112815
 30
0.0
 10
214.4466364255
 20
228.5025185162
 30
0.0
 10
214.788420022
 20
229.5293704945
 30
0.0
 10
214.8590905508
 20
230.2836494688
 30
0.0
 10
214.8590905508
 20
230.677341022
 30
0.0
  0
SPLINE
  5
C24
100
AcDbEntity
  8
RUNDUNGEN
100
AcDbSpline
 62
7
  6
CONTINUOUS
 70
0
 71
3
 72
12
 73
8
 74
0
 42
0.0000001
 43
0.0000001
 44
0.0000000001
 40
0.0
 40
0.0
 40
0.0
 40
0.0
 40
0.1067310286
 40
0.2167054666
 40
0.4517406671
 40
0.7130132907
 40
1.0
 40
1.0
 40
1.0
 40
1.0
 10
186.6687272452
 20
235.5104438361
 30
0.0
 10
186.8239069475
 20
235.5836401124
 30
0.0
 10
187.1252938071
 20
235.763227226
 30
0.0
 10
187.6732222953
 20
236.2450088705
 30
0.0
 10
188.2241521309
 20
237.0702470172
 30
0.0
 10
188.6151415835
 20
238.2793265668
 30
0.0
 10
188.6961396469
 20
239.1642494462
 30
0.0
 10
188.6961396469
 20
239.6255972399
 30
0.0
  0
SPLINE
  5
C25
100
AcDbEntity
  8
BEZUGSACHSEN
100
AcDbSpline
 62
7
  6
CONTINUOUS
 70
0
 71
3
 72
14
 73
10
 74
0
 42
0.0000001
 43
0.0000001
 44
0.0000000001
 40
0.0
 40
0.0
 40
0.0
 40
0.0
 40
0.1068084379
 40
0.2160657632
 40
0.3298913187
 40
0.4498584332
 40
0.5768532641
 40
0.711194145
 40
1.0
 40
1.0
 40
1.0
 40
1.0
 10
216.4166260769
 20
181.1251694757
 30
0.0
 10
216.6179638684
 20
181.194022322
 30
0.0
 10
217.0119063887
 20
181.3762431836
 30
0.0
 10
217.5436431504
 20
181.769340668
 30
0.0
 10
218.009477614
 20
182.2745846476
 30
0.0
 10
218.4007457711
 20
182.8812287016
 30
0.0
 10
218.7116627708
 20
183.5773169708
 30
0.0
 10
219.0189882173
 20
184.6319302278
 30
0.0
 10
219.101731238
 20
185.480421354
 30
0.0
 10
219.101731238
 20
186.0557847495
 30
0.0
  0
SPLINE
  5
C26
100
AcDbEntity
  8
BEZUGSACHSEN
100
AcDbSpline
 62
7
  6
CONTINUOUS
 70
0
 71
3
 72
9
 73
5
 74
0
 42
0.0000001
 43
0.0000001
 44
0.0000000001
 40
0.0
 40
0.0
 40
0.0
 40
0.0
 40
0.2474943465
 40
1.0
 40
1.0
 40
1.0
 40
1.0
 10
212.8480512994
 20
190.6521416469
 30
0.0
 10
212.8287211605
 20
190.6406347564
 30
0.0
 10
212.7516916744
 20
190.5923544733
 30
0.0
 10
212.679102663
 20
190.5370373467
 30
0.0
 10
212.62747844
 20
190.4921675703
 30
0.0
  0
SPLINE
  5
C27
100
AcDbEntity
  8
BEZUGSACHSEN
100
AcDbSpline
 62
7
  6
CONTINUOUS
 70
0
 71
3
 72
16
 73
12
 74
0
 42
0.0000001
 43
0.0000001
 44
0.0000000001
 40
0.0
 40
0.0
 40
0.0
 40
0.0
 40
0.1040649599
 40
0.1612579308
 40
0.2218802136
 40
0.3519601356
 40
0.4901817316
 40
0.6302886352
 40
0.6990407391
 40
0.7658259647
 40
1.0
 40
1.0
 40
1.0
 40
1.0
 10
212.5519837697
 20
190.4222119954
 30
0.0
 10
212.3866877561
 20
190.2590972717
 30
0.0
 10
212.1829205472
 20
189.9506291596
 30
0.0
 10
212.0107128315
 20
189.4857098367
 30
0.0
 10
211.8911546387
 20
188.9437909539
 30
0.0
 10
211.8704629905
 20
188.2031175281
 30
0.0
 10
212.0337814557
 20
187.3008255099
 30
0.0
 10
212.316594453
 20
186.5743252057
 30
0.0
 10
212.6237238821
 20
186.0394379158
 30
0.0
 10
213.104749359
 20
185.37241298
 30
0.0
 10
213.6575320618
 20
184.9107941455
 30
0.0
 10
214.1519837697
 20
184.7416817016
 30
0.0
  0
SPLINE
  5
C28
100
AcDbEntity
  8
FASEN
100
AcDbSpline
 62
7
  6
CONTINUOUS
 70
0
 71
3
 72
10
 73
6
 74
0
 42
0.0000001
 43
0.0000001
 44
0.0000000001
 40
0.0
 40
0.0
 40
0.0
 40
0.0
 40
0.2394303589
 40
0.4835902514
 40
1.0
 40
1.0
 40
1.0
 40
1.0
 10
214.621318232
 20
184.5272498488
 30
0.0
 10
214.7063374346
 20
184.5562920959
 30
0.0
 10
214.8728697011
 20
184.6316920976
 30
0.0
 10
215.1811529928
 20
184.8484960897
 30
0.0
 10
215.3663719087
 20
185.0744831769
 30
0.0
 10
215.4670456272
 20
185.2400537892
 30
0.0
  0
SPLINE
  5
C29
100
AcDbEntity
  8
BEZUGSACHSEN
100
AcDbSpline
 62
7
  6
CONTINUOUS
 70
0
 71
3
 72
9
 73
5
 74
0
 42
0.0000001
 43
0.0000001
 44
0.0000000001
 40
0.0
 40
0.0
 40
0.0
 40
0.0
 40
0.2474943465
 40
1.0
 40
1.0
 40
1.0
 40
1.0
 10
185.9779936143
 20
244.9474884253
 30
0.0
 10
185.9586634754
 20
244.9359815347
 30
0.0
 10
185.8816339893
 20
244.8877012516
 30
0.0
 10
185.8090449779
 20
244.8323841251
 30
0.0
 10
185.7574207549
 20
244.7875143487
 30
0.0
  0
SPLINE
  5
C2A
100
AcDbEntity
  8
BEZUGSACHSEN
100
AcDbSpline
 62
7
  6
CONTINUOUS
 70
0
 71
3
 72
16
 73
12
 74
0
 42
0.0000001
 43
0.0000001
 44
0.0000000001
 40
0.0
 40
0.0
 40
0.0
 40
0.0
 40
0.1040649599
 40
0.1612579308
 40
0.2218802136
 40
0.3519601356
 40
0.4901817316
 40
0.6302886352
 40
0.6990407391
 40
0.7658259647
 40
1.0
 40
1.0
 40
1.0
 40
1.0
 10
185.6819260846
 20
244.7175587738
 30
0.0
 10
185.516630071
 20
244.5544440501
 30
0.0
 10
185.3128628621
 20
244.2459759379
 30
0.0
 10
185.1406551464
 20
243.7810566151
 30
0.0
 10
185.0210969536
 20
243.2391377323
 30
0.0
 10
185.0004053054
 20
242.4984643065
 30
0.0
 10
185.1637237706
 20
241.5961722882
 30
0.0
 10
185.446536768
 20
240.8696719841
 30
0.0
 10
185.753666197
 20
240.3347846942
 30
0.0
 10
186.2346916739
 20
239.6677597584
 30
0.0
 10
186.7874743767
 20
239.2061409239
 30
0.0
 10
187.2819260846
 20
239.0370284799
 30
0.0
  0
SPLINE
  5
C2B
100
AcDbEntity
  8
FASEN
100
AcDbSpline
 62
7
  6
CONTINUOUS
 70
0
 71
3
 72
10
 73
6
 74
0
 42
0.0000001
 43
0.0000001
 44
0.0000000001
 40
0.0
 40
0.0
 40
0.0
 40
0.0
 40
0.2394303589
 40
0.4835902514
 40
1.0
 40
1.0
 40
1.0
 40
1.0
 10
187.7512605469
 20
238.8225966271
 30
0.0
 10
187.8362797495
 20
238.8516388742
 30
0.0
 10
188.002812016
 20
238.9270388759
 30
0.0
 10
188.3110953078
 20
239.1438428681
 30
0.0
 10
188.4963142236
 20
239.3698299553
 30
0.0
 10
188.5969879421
 20
239.5354005676
 30
0.0
  0
SPLINE
  5
C2C
100
AcDbEntity
  8
BEZUGSACHSEN
100
AcDbSpline
 62
7
  6
CONTINUOUS
 70
0
 71
3
 72
11
 73
7
 74
0
 42
0.0000001
 43
0.0000001
 44
0.0000000001
 40
0.0
 40
0.0
 40
0.0
 40
0.0
 40
0.2606926529
 40
0.512456941
 40
0.7578753023
 40
1.0
 40
1.0
 40
1.0
 40
1.0
 10
194.0293783193
 20
190.5365267353
 30
0.0
 10
194.6954895001
 20
190.3087032938
 30
0.0
 10
196.0385456896
 20
189.951255882
 30
0.0
 10
198.0827055872
 20
189.7368555655
 30
0.0
 10
200.0847210506
 20
189.8634451872
 30
0.0
 10
201.3716544134
 20
190.1781199014
 30
0.0
 10
201.9903215164
 20
190.3897165126
 30
0.0
  0
SPLINE
  5
C2D
100
AcDbEntity
  8
BEZUGSACHSEN
100
AcDbSpline
 62
7
  6
CONTINUOUS
 70
0
 71
3
 72
25
 73
21
 74
0
 42
0.0000001
 43
0.0000001
 44
0.0000000001
 40
0.0
 40
0.0
 40
0.0
 40
0.0
 40
0.0249341417
 40
0.0500314961
 40
0.0754547021
 40
0.1013504723
 40
0.1549895251
 40
0.2118081531
 40
0.2721640572
 40
0.3360002448
 40
0.4028998198
 40
0.4721648203
 40
0.5428992935
 40
0.614092325
 40
0.684698059
 40
0.7537155472
 40
0.8202686598
 40
0.883690663
 40
0.9436017296
 40
1.0
 40
1.0
 40
1.0
 40
1.0
 10
186.7156662764
 20
235.0498207142
 30
0.0
 10
186.2856887725
 20
234.9027597467
 30
0.0
 10
185.4404079389
 20
234.5534636305
 30
0.0
 10
184.2409200593
 20
233.8743041987
 30
0.0
 10
183.1175871138
 20
233.045352212
 30
0.0
 10
181.7170372625
 20
231.7371095379
 30
0.0
 10
180.1963990154
 20
229.7465064424
 30
0.0
 10
178.8124676697
 20
226.9397862603
 30
0.0
 10
177.866229835
 20
223.765043839
 30
0.0
 10
177.3723607158
 20
220.306223808
 30
0.0
 10
177.3366432111
 20
216.6516749267
 30
0.0
 10
177.7563791332
 20
212.8956373767
 30
0.0
 10
178.6186105129
 20
209.1361294638
 30
0.0
 10
179.8997637883
 20
205.4722753971
 30
0.0
 10
181.5659258435
 20
202.0011494586
 30
0.0
 10
183.5740289024
 20
198.814768922
 30
0.0
 10
185.8732709429
 20
195.9974823643
 30
0.0
 10
188.408183202
 20
193.6241977261
 30
0.0
 10
191.1175796269
 20
191.7603268742
 30
0.0
 10
193.056816769
 20
190.8691623761
 30
0.0
 10
194.0293783193
 20
190.5365267353
 30
0.0
  0
SPLINE
  5
C2E
100
AcDbEntity
  8
RUNDUNGEN
100
AcDbSpline
 62
9
  6
CONTINUOUS
 70
0
 71
3
 72
25
 73
21
 74
0
 42
0.0000001
 43
0.0000001
 44
0.0000000001
 40
0.0
 40
0.0
 40
0.0
 40
0.0
 40
0.0557524966
 40
0.1154972674
 40
0.1791389963
 40
0.2461987321
 40
0.3159192553
 40
0.3873469648
 40
0.4594121934
 40
0.5310035181
 40
0.6010405999
 40
0.6685479543
 40
0.7327331939
 40
0.7930725566
 40
0.8494039144
 40
0.9020191158
 40
0.9272060359
 40
0.9518105189
 40
0.9760095044
 40
1.0
 40
1.0
 40
1.0
 40
1.0
 10
197.7471064461
 20
236.0573693247
 30
0.0
 10
198.705490954
 20
235.7295825179
 30
0.0
 10
200.6243461855
 20
234.8456005925
 30
0.0
 10
203.3143216111
 20
232.9909778061
 30
0.0
 10
205.8468052036
 20
230.6163068455
 30
0.0
 10
208.1542526189
 20
227.7870489761
 30
0.0
 10
210.1762438009
 20
224.5798624521
 30
0.0
 10
211.8585068294
 20
221.0816530029
 30
0.0
 10
213.1556979426
 20
217.3873076426
 30
0.0
 10
214.0326296755
 20
213.597073116
 30
0.0
 10
214.4653639868
 20
209.8136506935
 30
0.0
 10
214.4416760858
 20
206.1391833131
 30
0.0
 10
213.9611712002
 20
202.6724592627
 30
0.0
 10
213.0340777972
 20
199.5060430482
 30
0.0
 10
211.681859949
 20
196.7259557523
 30
0.0
 10
210.2010739732
 20
194.7659271085
 30
0.0
 10
208.8441433684
 20
193.4878229357
 30
0.0
 10
207.7624140998
 20
192.6842729893
 30
0.0
 10
206.6103229178
 20
192.0284708339
 30
0.0
 10
205.7989368427
 20
191.6924686211
 30
0.0
 10
205.3865750531
 20
191.5513201492
 30
0.0
  0
SPLINE
  5
C2F
100
AcDbEntity
  8
BEZUGSACHSEN
100
AcDbSpline
 62
9
  6
CONTINUOUS
 70
0
 71
3
 72
25
 73
21
 74
0
 42
0.0000001
 43
0.0000001
 44
0.0000000001
 40
0.0
 40
0.0
 40
0.0
 40
0.0
 40
0.055752905
 40
0.1154985536
 40
0.1791415911
 40
0.2462028454
 40
0.3159248522
 40
0.3873538309
 40
0.4594200137
 40
0.5310118845
 40
0.601048956
 40
0.6685556793
 40
0.7327397193
 40
0.7930774081
 40
0.8494068247
 40
0.9020202309
 40
0.9272064782
 40
0.9518105146
 40
0.9760093399
 40
1.0
 40
1.0
 40
1.0
 40
1.0
 10
194.3529938964
 20
234.896514464
 30
0.0
 10
195.3114251383
 20
234.5687116732
 30
0.0
 10
197.2303779387
 20
233.6846730487
 30
0.0
 10
199.920481897
 20
231.8299129835
 30
0.0
 10
202.4530772949
 20
229.4550508684
 30
0.0
 10
204.760604787
 20
226.6255607852
 30
0.0
 10
206.7826317684
 20
223.4181183238
 30
0.0
 10
208.4648794149
 20
219.9196473171
 30
0.0
 10
209.7620004902
 20
216.2250510933
 30
0.0
 10
210.6388061218
 20
212.4345930123
 30
0.0
 10
211.0713585967
 20
208.6509913214
 30
0.0
 10
211.0474363646
 20
204.9764048439
 30
0.0
 10
210.5666502961
 20
201.5096352046
 30
0.0
 10
209.6392362573
 20
198.3432581061
 30
0.0
 10
208.2866674276
 20
195.5633035102
 30
0.0
 10
206.8055691735
 20
193.6034771127
 30
0.0
 10
205.4483961913
 20
192.3255935775
 30
0.0
 10
204.366487224
 20
191.5222297453
 30
0.0
 10
203.2142213781
 20
190.8666383521
 30
0.0
 10
202.4027288617
 20
190.5307968676
 30
0.0
 10
201.9903164014
 20
190.3897314674
 30
0.0
  0
SPLINE
  5
C30
100
AcDbEntity
  8
0
100
AcDbSpline
 62
7
  6
CONTINUOUS
 70
0
 71
3
 72
12
 73
8
 74
0
 42
0.0000001
 43
0.0000001
 44
0.0000000001
 40
0.0
 40
0.0
 40
0.0
 40
0.0
 40
0.2861776064
 40
0.5456642383
 40
0.7800310619
 40
0.8910435375
 40
1.0
 40
1.0
 40
1.0
 40
1.0
 10
212.8783869283
 20
234.7049526385
 30
0.0
 10
212.68356723
 20
234.9210614454
 30
0.0
 10
212.2715492918
 20
235.2998591812
 30
0.0
 10
211.5728090184
 20
235.6920059434
 30
0.0
 10
210.9610220452
 20
235.8290075153
 30
0.0
 10
210.4973541497
 20
235.8070146664
 30
0.0
 10
210.2782504308
 20
235.7549054108
 30
0.0
 10
210.1733530177
 20
235.7192945082
 30
0.0
  0
SPLINE
  5
C31
100
AcDbEntity
  8
BEZUGSACHSEN
100
AcDbSpline
 62
9
  6
CONTINUOUS
 70
0
 71
3
 72
29
 73
25
 74
0
 42
0.0000001
 43
0.0000001
 44
0.0000000001
 40
0.0
 40
0.0
 40
0.0
 40
0.0
 40
0.0578321887
 40
0.1205221775
 40
0.1877785651
 40
0.2587261059
 40
0.3320948882
 40
0.4063817429
 40
0.4799994753
 40
0.5514218278
 40
0.6193314815
 40
0.6827811641
 40
0.7127195544
 40
0.741451081
 40
0.7690421264
 40
0.7956144197
 40
0.8213456451
 40
0.8464646595
 40
0.8712414522
 40
0.8959711582
 40
0.9209512446
 40
0.9464604695
 40
0.9727503776
 40
1.0
 40
1.0
 40
1.0
 40
1.0
 10
193.6458871152
 20
233.7149770805
 30
0.0
 10
194.7336270346
 20
233.3429481047
 30
0.0
 10
196.9104563359
 20
232.290221413
 30
0.0
 10
199.9022612126
 20
230.0268744061
 30
0.0
 10
202.6505496014
 20
227.1062650546
 30
0.0
 10
205.054834771
 20
223.6385697711
 30
0.0
 10
207.0285542576
 20
219.7528856879
 30
0.0
 10
208.498414913
 20
215.5941653588
 30
0.0
 10
209.4097221719
 20
211.3177887619
 30
0.0
 10
209.7279266049
 20
207.0826277177
 30
0.0
 10
209.4400908025
 20
203.0467282106
 30
0.0
 10
208.6858290474
 20
199.9107035207
 30
0.0
 10
207.7774297258
 20
197.6555474577
 30
0.0
 10
206.9723766471
 20
196.1376368113
 30
0.0
 10
206.0378097205
 20
194.7758340824
 30
0.0
 10
204.9821025637
 20
193.5835561264
 30
0.0
 10
203.8150311277
 20
192.5729655187
 30
0.0
 10
202.5476727727
 20
191.7548093766
 30
0.0
 10
201.1926393937
 20
191.1379879238
 30
0.0
 10
199.7638991955
 20
190.7291162194
 30
0.0
 10
198.2763946869
 20
190.532309671
 30
0.0
 10
196.7452834453
 20
190.549065827
 30
0.0
 10
195.1864260538
 20
190.7785412285
 30
0.0
 10
194.1584131494
 20
191.0655763993
 30
0.0
 10
193.6458871152
 20
191.240870621
 30
0.0
  0
SPLINE
  5
C32
100
AcDbEntity
  8
0
100
AcDbSpline
 62
7
  6
CONTINUOUS
 70
0
 71
3
 72
11
 73
7
 74
0
 42
0.0000001
 43
0.0000001
 44
0.0000000001
 40
0.0
 40
0.0
 40
0.0
 40
0.0
 40
0.2945864277
 40
0.5625658026
 40
0.7947758015
 40
1.0
 40
1.0
 40
1.0
 40
1.0
 10
213.7810852273
 20
233.2969630903
 30
0.0
 10
213.7574875516
 20
233.3498200723
 30
0.0
 10
213.7004635194
 20
233.4460728856
 30
0.0
 10
213.5870192934
 20
233.5564630908
 30
0.0
 10
213.4580731489
 20
233.6165868182
 30
0.0
 10
213.3675947365
 20
233.612590159
 30
0.0
 10
213.3294462856
 20
233.5995182153
 30
0.0
  0
SPLINE
  5
C33
100
AcDbEntity
  8
0
100
AcDbSpline
 62
7
  6
CONTINUOUS
 70
0
 71
3
 72
11
 73
7
 74
0
 42
0.0000001
 43
0.0000001
 44
0.0000000001
 40
0.0
 40
0.0
 40
0.0
 40
0.0
 40
0.2220377114
 40
0.4680190386
 40
0.7309045328
 40
1.0
 40
1.0
 40
1.0
 40
1.0
 10
213.9136631087
 20
229.2162913639
 30
0.0
 10
214.0550074522
 20
229.4932905583
 30
0.0
 10
214.2577944624
 20
230.1271976678
 30
0.0
 10
214.3255555537
 20
231.156174206
 30
0.0
 10
214.1747037735
 20
232.2420567309
 30
0.0
 10
213.9347268367
 20
232.9528176801
 30
0.0
 10
213.7810852273
 20
233.2969630903
 30
0.0
  0
SPLINE
  5
C34
100
AcDbEntity
  8
0
100
AcDbSpline
 62
9
  6
CONTINUOUS
 70
0
 71
3
 72
9
 73
5
 74
0
 42
0.0000001
 43
0.0000001
 44
0.0000000001
 40
0.0
 40
0.0
 40
0.0
 40
0.0
 40
0.2411938386
 40
1.0
 40
1.0
 40
1.0
 40
1.0
 10
195.5523378748
 20
232.7206467599
 30
0.0
 10
195.563113712
 20
232.7152248427
 30
0.0
 10
195.6070833721
 20
232.691349608
 30
0.0
 10
195.6481504332
 20
232.6622620227
 30
0.0
 10
195.6774201683
 20
232.6381054861
 30
0.0
  0
SPLINE
  5
C35
100
AcDbEntity
  8
0
100
AcDbSpline
 62
9
  6
CONTINUOUS
 70
0
 71
3
 72
9
 73
5
 74
0
 42
0.0000001
 43
0.0000001
 44
0.0000000001
 40
0.0
 40
0.0
 40
0.0
 40
0.0
 40
0.2403374435
 40
1.0
 40
1.0
 40
1.0
 40
1.0
 10
195.6774201683
 20
232.6381054861
 30
0.0
 10
195.6926876227
 20
232.625505139
 30
0.0
 10
195.7541713241
 20
232.5706201882
 30
0.0
 10
195.8075132206
 20
232.5068736307
 30
0.0
 10
195.8432703408
 20
232.455527287
 30
0.0
  0
SPLINE
  5
C36
100
AcDbEntity
  8
0
100
AcDbSpline
 62
9
  6
CONTINUOUS
 70
0
 71
3
 72
9
 73
5
 74
0
 42
0.0000001
 43
0.0000001
 44
0.0000000001
 40
0.0
 40
0.0
 40
0.0
 40
0.0
 40
0.2455672938
 40
1.0
 40
1.0
 40
1.0
 40
1.0
 10
195.8432703408
 20
232.455527287
 30
0.0
 10
195.8557504297
 20
232.4376061867
 30
0.0
 10
195.9042862983
 20
232.3630539713
 30
0.0
 10
195.9437831304
 20
232.2826855498
 30
0.0
 10
195.9682667406
 20
232.2202202279
 30
0.0
  0
SPLINE
  5
C37
100
AcDbEntity
  8
0
100
AcDbSpline
 62
7
  6
CONTINUOUS
 70
0
 71
3
 72
11
 73
7
 74
0
 42
0.0000001
 43
0.0000001
 44
0.0000000001
 40
0.0
 40
0.0
 40
0.0
 40
0.0
 40
0.2861975915
 40
0.5463401337
 40
0.7809273642
 40
1.0
 40
1.0
 40
1.0
 40
1.0
 10
212.7126241502
 20
231.0911067895
 30
0.0
 10
212.6882588901
 20
231.1181345868
 30
0.0
 10
212.6366328507
 20
231.1655030498
 30
0.0
 10
212.5490915436
 20
231.2146157563
 30
0.0
 10
212.4590324397
 20
231.2348302062
 30
0.0
 10
212.4003384858
 20
231.2267145778
 30
0.0
 10
212.3739833923
 20
231.2176992512
 30
0.0
  0
SPLINE
  5
C38
100
AcDbEntity
  8
RUNDUNGEN
100
AcDbSpline
 62
9
  6
CONTINUOUS
 70
0
 71
3
 72
9
 73
5
 74
0
 42
0.0000001
 43
0.0000001
 44
0.0000000001
 40
0.0
 40
0.0
 40
0.0
 40
0.0
 40
0.4877730017
 40
1.0
 40
1.0
 40
1.0
 40
1.0
 10
191.7394363557
 20
234.024735884
 30
0.0
 10
192.385838122
 20
233.9078113587
 30
0.0
 10
193.6931789204
 20
233.5608140681
 30
0.0
 10
194.9361200024
 20
233.030699905
 30
0.0
 10
195.5523378748
 20
232.7206467599
 30
0.0
  0
SPLINE
  5
C39
100
AcDbEntity
  8
0
100
AcDbSpline
 62
7
  6
CONTINUOUS
 70
0
 71
3
 72
11
 73
7
 74
0
 42
0.0000001
 43
0.0000001
 44
0.0000000001
 40
0.0
 40
0.0
 40
0.0
 40
0.0
 40
0.286222331
 40
0.5463823798
 40
0.7809837818
 40
1.0
 40
1.0
 40
1.0
 40
1.0
 10
209.4976465363
 20
234.6574041536
 30
0.0
 10
209.4732789973
 20
234.6844344787
 30
0.0
 10
209.4216525363
 20
234.731811032
 30
0.0
 10
209.3340933048
 20
234.7809165929
 30
0.0
 10
209.2440397474
 20
234.801107866
 30
0.0
 10
209.1853449975
 20
234.7930368079
 30
0.0
 10
209.1589962289
 20
234.784024545
 30
0.0
  0
SPLINE
  5
C3A
100
AcDbEntity
  8
0
100
AcDbSpline
 62
9
  6
CONTINUOUS
 70
0
 71
3
 72
11
 73
7
 74
0
 42
0.0000001
 43
0.0000001
 44
0.0000000001
 40
0.0
 40
0.0
 40
0.0
 40
0.0
 40
0.265782394
 40
0.5121376259
 40
0.7518326291
 40
1.0
 40
1.0
 40
1.0
 40
1.0
 10
191.3235074899
 20
233.8088214526
 30
0.0
 10
191.3444975657
 20
233.8480156217
 30
0.0
 10
191.3943942746
 20
233.919226155
 30
0.0
 10
191.4959934775
 20
233.9970917969
 30
0.0
 10
191.6153703124
 20
234.0350832691
 30
0.0
 10
191.6985851442
 20
234.0321252643
 30
0.0
 10
191.7394363557
 20
234.024735884
 30
0.0
  0
SPLINE
  5
C3B
100
AcDbEntity
  8
0
100
AcDbSpline
 62
7
  6
CONTINUOUS
 70
0
 71
3
 72
11
 73
7
 74
0
 42
0.0000001
 43
0.0000001
 44
0.0000000001
 40
0.0
 40
0.0
 40
0.0
 40
0.0
 40
0.2630260988
 40
0.5225450942
 40
0.7703171873
 40
1.0
 40
1.0
 40
1.0
 40
1.0
 10
209.7264894699
 20
230.9108176995
 30
0.0
 10
209.6282240716
 20
231.130924648
 30
0.0
 10
209.468303056
 20
231.5848325096
 30
0.0
 10
209.3412280957
 20
232.2823819257
 30
0.0
 10
209.3345147012
 20
232.9610563845
 30
0.0
 10
209.4137267719
 20
233.3953065128
 30
0.0
 10
209.4759745774
 20
233.5963807614
 30
0.0
  0
SPLINE
  5
C3C
100
AcDbEntity
  8
RUNDUNGEN
100
AcDbSpline
 62
9
  6
CONTINUOUS
 70
0
 71
3
 72
14
 73
10
 74
0
 42
0.0000001
 43
0.0000001
 44
0.0000000001
 40
0.0
 40
0.0
 40
0.0
 40
0.0
 40
0.1068083562
 40
0.2160658069
 40
0.3298942578
 40
0.4498562223
 40
0.576871467
 40
0.7112113478
 40
1.0
 40
1.0
 40
1.0
 40
1.0
 10
214.2959674438
 20
180.3998579472
 30
0.0
 10
214.4972850601
 20
180.4686942617
 30
0.0
 10
214.891133175
 20
180.6510191684
 30
0.0
 10
215.4227412131
 20
181.0441659451
 30
0.0
 10
215.8884096334
 20
181.5494410407
 30
0.0
 10
216.2797140408
 20
182.1560089747
 30
0.0
 10
216.5904039121
 20
182.8521403273
 30
0.0
 10
216.8977150543
 20
183.906619192
 30
0.0
 10
216.9804108945
 20
184.7549869758
 30
0.0
 10
216.9804108944
 20
185.3302504616
 30
0.0
  0
SPLINE
  5
C3D
100
AcDbEntity
  8
RUNDUNGEN
100
AcDbSpline
 62
7
  6
CONTINUOUS
 70
0
 71
3
 72
9
 73
5
 74
0
 42
0.0000001
 43
0.0000001
 44
0.0000000001
 40
0.0
 40
0.0
 40
0.0
 40
0.0
 40
0.2346216954
 40
1.0
 40
1.0
 40
1.0
 40
1.0
 10
237.9449377659
 20
213.6167425715
 30
0.0
 10
237.9361066223
 20
213.6197643834
 30
0.0
 10
237.8972069687
 20
213.6290795269
 30
0.0
 10
237.8557830858
 20
213.623169352
 30
0.0
 10
237.8268879766
 20
213.6135676413
 30
0.0
  0
SPLINE
  5
C3E
100
AcDbEntity
  8
BEZUGSACHSEN
100
AcDbSpline
 62
7
  6
CONTINUOUS
 70
0
 71
3
 72
17
 73
13
 74
0
 42
0.0000001
 43
0.0000001
 44
0.0000000001
 40
0.0
 40
0.0
 40
0.0
 40
0.0
 40
0.1383293156
 40
0.2810144615
 40
0.4229770653
 40
0.5592077855
 40
0.6856531453
 40
0.8001061545
 40
0.8530626024
 40
0.9035636337
 40
0.9522610951
 40
1.0
 40
1.0
 40
1.0
 40
1.0
 10
207.788022739
 20
233.0957886484
 30
0.0
 10
207.788022739
 20
232.6846100189
 30
0.0
 10
207.8700195612
 20
231.8478475059
 30
0.0
 10
208.2065888504
 20
230.630679438
 30
0.0
 10
208.7387058247
 20
229.4916911278
 30
0.0
 10
209.4342815767
 20
228.5019624911
 30
0.0
 10
210.2511696931
 20
227.7226918774
 30
0.0
 10
211.0166719059
 20
227.2784799097
 30
0.0
 10
211.637794799
 20
227.0862584608
 30
0.0
 10
212.0881411132
 20
227.0245741468
 30
0.0
 10
212.5268812821
 20
227.0432054999
 30
0.0
 10
212.8078308224
 20
227.1098545302
 30
0.0
 10
212.9420918811
 20
227.155791097
 30
0.0
  0
SPLINE
  5
C3F
100
AcDbEntity
  8
RUNDUNGEN
100
AcDbSpline
 62
7
  6
CONTINUOUS
 70
0
 71
3
 72
13
 73
9
 74
0
 42
0.0000001
 43
0.0000001
 44
0.0000000001
 40
0.0
 40
0.0
 40
0.0
 40
0.0
 40
0.2628609397
 40
0.3978075307
 40
0.5310863801
 40
0.6599666049
 40
0.7821415964
 40
1.0
 40
1.0
 40
1.0
 40
1.0
 10
207.0809159578
 20
188.2323876134
 30
0.0
 10
207.0809159578
 20
187.4687328103
 30
0.0
 10
207.25548976
 20
186.3071253524
 30
0.0
 10
207.7706026262
 20
184.8501732232
 30
0.0
 10
208.2944488261
 20
183.8183676934
 30
0.0
 10
208.9336475576
 20
182.8972307406
 30
0.0
 10
209.8671259194
 20
181.9035946546
 30
0.0
 10
210.7246997118
 20
181.3479844469
 30
0.0
 10
211.3235566449
 20
181.1431633128
 30
0.0
  0
LINE
  5
C40
100
AcDbEntity
  8
RUNDUNGEN
100
AcDbLine
 62
7
  6
CONTINUOUS
 10
237.8268879766
 20
213.6135676413
 11
235.02390157
 21
212.6822279586
  0
LINE
  5
C41
100
AcDbEntity
  8
RUNDUNGEN
100
AcDbLine
 62
7
  6
CONTINUOUS
 10
235.02390157
 20
212.6822279586
 11
234.2135499059
 21
212.4129847443
  0
SPLINE
  5
C42
100
AcDbEntity
  8
RUNDUNGEN
100
AcDbSpline
 62
9
  6
CONTINUOUS
 70
0
 71
3
 72
9
 73
5
 74
0
 42
0.0000001
 43
0.0000001
 44
0.0000000001
 40
0.0
 40
0.0
 40
0.0
 40
0.0
 40
0.2394901663
 40
1.0
 40
1.0
 40
1.0
 40
1.0
 10
207.5057486099
 20
199.2939021127
 30
0.0
 10
207.1370727461
 20
199.4999794337
 30
0.0
 10
205.6313828456
 20
200.4204569922
 30
0.0
 10
204.2658985463
 20
201.5622216782
 30
0.0
 10
203.3159474782
 20
202.5090486435
 30
0.0
  0
SPLINE
  5
C43
100
AcDbEntity
  8
RUNDUNGEN
100
AcDbSpline
 62
9
  6
CONTINUOUS
 70
0
 71
3
 72
9
 73
5
 74
0
 42
0.0000001
 43
0.0000001
 44
0.0000000001
 40
0.0
 40
0.0
 40
0.0
 40
0.0
 40
0.2567705026
 40
1.0
 40
1.0
 40
1.0
 40
1.0
 10
195.5762367538
 20
228.4486474078
 30
0.0
 10
195.63675767
 20
228.706157451
 30
0.0
 10
195.8921841861
 20
229.7042198857
 30
0.0
 10
196.228679023
 20
230.6821513659
 30
0.0
 10
196.528198319
 20
231.386816297
 30
0.0
  0
SPLINE
  5
C44
100
AcDbEntity
  8
FASEN
100
AcDbSpline
 62
7
  6
CONTINUOUS
 70
0
 71
3
 72
9
 73
5
 74
0
 42
0.0000001
 43
0.0000001
 44
0.0000000001
 40
0.0
 40
0.0
 40
0.0
 40
0.0
 40
0.5156587136
 40
1.0
 40
1.0
 40
1.0
 40
1.0
 10
186.7162406596
 20
238.8435526698
 30
0.0
 10
186.8869658843
 20
238.7851612035
 30
0.0
 10
187.2363398374
 20
238.7157153103
 30
0.0
 10
187.5908831516
 20
238.7678122984
 30
0.0
 10
187.7512605469
 20
238.8225966271
 30
0.0
  0
LINE
  5
C45
100
AcDbEntity
  8
RUNDUNGEN
100
AcDbLine
 62
9
  6
CONTINUOUS
 10
234.1525097607
 20
213.0590019801
 11
233.9990971503
 21
213.0115786257
  0
SPLINE
  5
C46
100
AcDbEntity
  8
FASEN
100
AcDbSpline
 62
7
  6
CONTINUOUS
 70
0
 71
3
 72
9
 73
5
 74
0
 42
0.0000001
 43
0.0000001
 44
0.0000000001
 40
0.0
 40
0.0
 40
0.0
 40
0.0
 40
0.5156587136
 40
1.0
 40
1.0
 40
1.0
 40
1.0
 10
213.5862983447
 20
184.5482058914
 30
0.0
 10
213.7570235693
 20
184.4898144251
 30
0.0
 10
214.1063975225
 20
184.420368532
 30
0.0
 10
214.4609408367
 20
184.4724655201
 30
0.0
 10
214.621318232
 20
184.5272498488
 30
0.0
  0
SPLINE
  5
C47
100
AcDbEntity
  8
0
100
AcDbSpline
 62
7
  6
CONTINUOUS
 70
0
 71
3
 72
9
 73
5
 74
0
 42
0.0000001
 43
0.0000001
 44
0.0000000001
 40
0.0
 40
0.0
 40
0.0
 40
0.0
 40
0.2522240513
 40
1.0
 40
1.0
 40
1.0
 40
1.0
 10
191.8074060438
 20
233.1166353408
 30
0.0
 10
191.8211093534
 20
233.1075010626
 30
0.0
 10
191.8772986179
 20
233.0741484331
 30
0.0
 10
191.9408938334
 20
233.0533393031
 30
0.0
 10
191.9891655842
 20
233.0460098634
 30
0.0
  0
SPLINE
  5
C48
100
AcDbEntity
  8
RUNDUNGEN
100
AcDbSpline
 62
9
  6
CONTINUOUS
 70
0
 71
3
 72
13
 73
9
 74
0
 42
0.0000001
 43
0.0000001
 44
0.0000000001
 40
0.0
 40
0.0
 40
0.0
 40
0.0
 40
0.2628572881
 40
0.3978066017
 40
0.5310857677
 40
0.6599665959
 40
0.7821435926
 40
1.0
 40
1.0
 40
1.0
 40
1.0
 10
180.2108582727
 20
197.422488594
 30
0.0
 10
180.2108582727
 20
196.6588452883
 30
0.0
 10
180.3854491494
 20
195.4972464817
 30
0.0
 10
180.9005392032
 20
194.0402896745
 30
0.0
 10
181.4244023458
 20
193.0084826836
 30
0.0
 10
182.0635923991
 20
192.0873301399
 30
0.0
 10
182.9970914971
 20
191.0937141826
 30
0.0
 10
183.8546482111
 20
190.5380833123
 30
0.0
 10
184.4534989598
 20
190.3332642934
 30
0.0
  0
SPLINE
  5
C49
100
AcDbEntity
  8
RUNDUNGEN
100
AcDbSpline
 62
9
  6
CONTINUOUS
 70
0
 71
3
 72
10
 73
6
 74
0
 42
0.0000001
 43
0.0000001
 44
0.0000000001
 40
0.0
 40
0.0
 40
0.0
 40
0.0
 40
0.5147603762
 40
0.7594654303
 40
1.0
 40
1.0
 40
1.0
 40
1.0
 10
185.160605741
 20
247.896358924
 30
0.0
 10
184.7869109733
 20
248.0241700621
 30
0.0
 10
184.2027346307
 20
248.1388263464
 30
0.0
 10
183.4340550144
 20
248.0904091555
 30
0.0
 10
183.0700031335
 20
248.0015467749
 30
0.0
 10
182.8953785282
 20
247.9418426921
 30
0.0
  0
SPLINE
  5
C4A
100
AcDbEntity
  8
0
100
AcDbSpline
 62
7
  6
CONTINUOUS
 70
0
 71
3
 72
10
 73
6
 74
0
 42
0.0000001
 43
0.0000001
 44
0.0000000001
 40
0.0
 40
0.0
 40
0.0
 40
0.0
 40
0.234537918
 40
0.6059874679
 40
1.0
 40
1.0
 40
1.0
 40
1.0
 10
207.1571664601
 20
198.4850280423
 30
0.0
 10
206.6108263952
 20
198.7504602114
 30
0.0
 10
205.2396632878
 20
199.5215954185
 30
0.0
 10
203.1659936527
 20
201.0895503912
 30
0.0
 10
201.7638428655
 20
202.5004307154
 30
0.0
 10
201.090540343
 20
203.2671808285
 30
0.0
  0
SPLINE
  5
C4B
100
AcDbEntity
  8
0
100
AcDbSpline
 62
7
  6
CONTINUOUS
 70
0
 71
3
 72
9
 73
5
 74
0
 42
0.0000001
 43
0.0000001
 44
0.0000000001
 40
0.0
 40
0.0
 40
0.0
 40
0.0
 40
0.2593850974
 40
1.0
 40
1.0
 40
1.0
 40
1.0
 10
194.4245881616
 20
228.0347076926
 30
0.0
 10
194.5060496868
 20
228.3830586042
 30
0.0
 10
194.855682882
 20
229.7171953085
 30
0.0
 10
195.3534180217
 20
231.0146951912
 30
0.0
 10
195.8139424902
 20
231.9264622904
 30
0.0
  0
LINE
  5
C4C
100
AcDbEntity
  8
0
100
AcDbLine
 62
7
  6
CONTINUOUS
 10
195.8139424902
 20
231.9264622904
 11
195.8278308793
 21
231.953889215
  0
LINE
  5
C4D
100
AcDbEntity
  8
0
100
AcDbLine
 62
7
  6
CONTINUOUS
 10
195.8969702474
 20
232.088384217
 11
195.9021638459
 21
232.0983525814
  0
SPLINE
  5
C4E
100
AcDbEntity
  8
RUNDUNGEN
100
AcDbSpline
 62
9
  6
CONTINUOUS
 70
0
 71
3
 72
14
 73
10
 74
0
 42
0.0000001
 43
0.0000001
 44
0.0000000001
 40
0.0
 40
0.0
 40
0.0
 40
0.0
 40
0.129665443
 40
0.2633092016
 40
0.3981757585
 40
0.5313731511
 40
0.6601748526
 40
0.782277274
 40
1.0
 40
1.0
 40
1.0
 40
1.0
 10
216.9804108944
 20
230.4354962593
 30
0.0
 10
216.9804108944
 20
230.8752483985
 30
0.0
 10
216.9132722713
 20
231.7692597777
 30
0.0
 10
216.6310098774
 20
233.0935435607
 30
0.0
 10
216.1756739393
 20
234.3817576497
 30
0.0
 10
215.56463882
 20
235.5850783016
 30
0.0
 10
214.8188782952
 20
236.6598692896
 30
0.0
 10
213.7298182532
 20
237.8190660651
 30
0.0
 10
212.7293223479
 20
238.4673025189
 30
0.0
 10
212.0306634261
 20
238.7062579434
 30
0.0
  0
SPLINE
  5
C4F
100
AcDbEntity
  8
BEZUGSACHSEN
100
AcDbSpline
 62
7
  6
CONTINUOUS
 70
0
 71
3
 72
16
 73
12
 74
0
 42
0.0000001
 43
0.0000001
 44
0.0000000001
 40
0.0
 40
0.0
 40
0.0
 40
0.0
 40
0.1376624328
 40
0.2796734208
 40
0.4211736686
 40
0.5573391866
 40
0.6842015074
 40
0.7994522994
 40
0.9033771511
 40
0.9522834429
 40
1.0
 40
1.0
 40
1.0
 40
1.0
 10
208.0708654515
 20
233.1925265535
 30
0.0
 10
208.0708654515
 20
232.7894313003
 30
0.0
 10
208.1496936785
 20
231.9691217357
 30
0.0
 10
208.4738996175
 20
230.7737969517
 30
0.0
 10
208.987494784
 20
229.651024528
 30
0.0
 10
209.6602020938
 20
228.6683943914
 30
0.0
 10
210.4538182009
 20
227.8843132513
 30
0.0
 10
211.3242274998
 20
227.3461804456
 30
0.0
 10
212.0944636668
 20
227.1317431938
 30
0.0
 10
212.6844557627
 20
227.1268306842
 30
0.0
 10
212.9650042941
 20
227.1764379849
 30
0.0
 10
213.0996503694
 20
227.2137523467
 30
0.0
  0
SPLINE
  5
C50
100
AcDbEntity
  8
RUNDUNGEN
100
AcDbSpline
 62
7
  6
CONTINUOUS
 70
0
 71
3
 72
18
 73
14
 74
0
 42
0.0000001
 43
0.0000001
 44
0.0000000001
 40
0.0
 40
0.0
 40
0.0
 40
0.0
 40
0.1382943941
 40
0.2809435189
 40
0.422870284
 40
0.5590666125
 40
0.6854800509
 40
0.7443450325
 40
0.8001566181
 40
0.853099697
 40
0.9035879792
 40
0.9522731469
 40
1.0
 40
1.0
 40
1.0
 40
1.0
 10
180.2108582727
 20
242.5277343917
 30
0.0
 10
180.2108582727
 20
242.0343200363
 30
0.0
 10
180.3092649221
 20
241.0301985429
 30
0.0
 10
180.7130998324
 20
239.5696267258
 30
0.0
 10
181.3518149686
 20
238.2027325516
 30
0.0
 10
182.1858954184
 20
237.0154361318
 30
0.0
 10
183.0234475954
 20
236.2170345939
 30
0.0
 10
183.7447420761
 20
235.7445698122
 30
0.0
 10
184.2856744833
 20
235.4849337445
 30
0.0
 10
184.8306079977
 20
235.3162909792
 30
0.0
 10
185.3709944267
 20
235.2422788119
 30
0.0
 10
185.8974901475
 20
235.2646341118
 30
0.0
 10
186.2346279729
 20
235.3446134498
 30
0.0
 10
186.3957412432
 20
235.39973733
 30
0.0
  0
SPLINE
  5
C51
100
AcDbEntity
  8
BEZUGSACHSEN
100
AcDbSpline
 62
7
  6
CONTINUOUS
 70
0
 71
3
 72
16
 73
12
 74
0
 42
0.0000001
 43
0.0000001
 44
0.0000000001
 40
0.0
 40
0.0
 40
0.0
 40
0.0
 40
0.1376624328
 40
0.2796734208
 40
0.4211736686
 40
0.5573391866
 40
0.6842015074
 40
0.7994522994
 40
0.9033771511
 40
0.9522834429
 40
1.0
 40
1.0
 40
1.0
 40
1.0
 10
181.2008077664
 20
197.2773817364
 30
0.0
 10
181.2008077664
 20
196.8742864832
 30
0.0
 10
181.2796359934
 20
196.0539769186
 30
0.0
 10
181.6038419324
 20
194.8586521346
 30
0.0
 10
182.1174370989
 20
193.7358797109
 30
0.0
 10
182.7901444087
 20
192.7532495743
 30
0.0
 10
183.5837605158
 20
191.9691684342
 30
0.0
 10
184.4541698147
 20
191.4310356285
 30
0.0
 10
185.2244059817
 20
191.2165983767
 30
0.0
 10
185.8143980777
 20
191.2116858671
 30
0.0
 10
186.094946609
 20
191.2612931678
 30
0.0
 10
186.2295926843
 20
191.2986075296
 30
0.0
  0
SPLINE
  5
C52
100
AcDbEntity
  8
BEZUGSACHSEN
100
AcDbSpline
 62
7
  6
CONTINUOUS
 70
0
 71
3
 72
17
 73
13
 74
0
 42
0.0000001
 43
0.0000001
 44
0.0000000001
 40
0.0
 40
0.0
 40
0.0
 40
0.0
 40
0.1383293156
 40
0.2810144615
 40
0.4229770653
 40
0.5592077855
 40
0.6856531453
 40
0.8001061545
 40
0.8530626024
 40
0.9035636337
 40
0.9522610951
 40
1.0
 40
1.0
 40
1.0
 40
1.0
 10
180.9179650539
 20
197.1806438313
 30
0.0
 10
180.9179650539
 20
196.7694652018
 30
0.0
 10
180.9999618761
 20
195.9327026888
 30
0.0
 10
181.3365311653
 20
194.7155346209
 30
0.0
 10
181.8686481396
 20
193.5765463107
 30
0.0
 10
182.5642238916
 20
192.586817674
 30
0.0
 10
183.381112008
 20
191.8075470603
 30
0.0
 10
184.1466142208
 20
191.3633350926
 30
0.0
 10
184.7677371139
 20
191.1711136437
 30
0.0
 10
185.2180834281
 20
191.1094293297
 30
0.0
 10
185.656823597
 20
191.1280606828
 30
0.0
 10
185.9377731374
 20
191.1947097131
 30
0.0
 10
186.072034196
 20
191.2406462799
 30
0.0
  0
SPLINE
  5
C53
100
AcDbEntity
  8
0
100
AcDbSpline
 62
7
  6
CONTINUOUS
 70
0
 71
3
 72
12
 73
8
 74
0
 42
0.0000001
 43
0.0000001
 44
0.0000000001
 40
0.0
 40
0.0
 40
0.0
 40
0.0
 40
0.286274464
 40
0.5456910813
 40
0.7801159088
 40
0.8910735572
 40
1.0
 40
1.0
 40
1.0
 40
1.0
 10
213.0198082845
 20
234.753321591
 30
0.0
 10
212.8247907226
 20
234.9696498833
 30
0.0
 10
212.4124763541
 20
235.3487564021
 30
0.0
 10
211.7129986768
 20
235.7408873191
 30
0.0
 10
211.1007479816
 20
235.8776310653
 30
0.0
 10
210.6368240859
 20
235.8551214537
 30
0.0
 10
210.4176864587
 20
235.8028483832
 30
0.0
 10
210.3127965104
 20
235.7670775569
 30
0.0
  0
SPLINE
  5
C54
100
AcDbEntity
  8
RUNDUNGEN
100
AcDbSpline
 62
9
  6
CONTINUOUS
 70
0
 71
3
 72
9
 73
5
 74
0
 42
0.0000001
 43
0.0000001
 44
0.0000000001
 40
0.0
 40
0.0
 40
0.0
 40
0.0
 40
0.258259359
 40
1.0
 40
1.0
 40
1.0
 40
1.0
 10
191.8074060438
 20
233.4493014525
 30
0.0
 10
191.8074060438
 20
233.4582422484
 30
0.0
 10
191.8083527391
 20
233.4928482402
 30
0.0
 10
191.8131079549
 20
233.527404098
 30
0.0
 10
191.8191686561
 20
233.5523572733
 30
0.0
  0
SPLINE
  5
C55
100
AcDbEntity
  8
RUNDUNGEN
100
AcDbSpline
 62
9
  6
CONTINUOUS
 70
0
 71
3
 72
9
 73
5
 74
0
 42
0.0000001
 43
0.0000001
 44
0.0000000001
 40
0.0
 40
0.0
 40
0.0
 40
0.0
 40
0.5358413709
 40
1.0
 40
1.0
 40
1.0
 40
1.0
 10
191.8191686561
 20
233.5523572733
 30
0.0
 10
191.8286685369
 20
233.5914702702
 30
0.0
 10
191.8579781003
 20
233.6631323008
 30
0.0
 10
191.9191791806
 20
233.7137913117
 30
0.0
 10
191.9515236968
 20
233.7268084223
 30
0.0
  0
SPLINE
  5
C56
100
AcDbEntity
  8
0
100
AcDbSpline
 62
7
  6
CONTINUOUS
 70
0
 71
3
 72
13
 73
9
 74
0
 42
0.0000001
 43
0.0000001
 44
0.0000000001
 40
0.0
 40
0.0
 40
0.0
 40
0.0
 40
0.0961272739
 40
0.1999862236
 40
0.3159330635
 40
0.444243426
 40
0.7235614866
 40
1.0
 40
1.0
 40
1.0
 40
1.0
 10
210.5571691771
 20
232.6460911773
 30
0.0
 10
210.5854589016
 20
232.655768286
 30
0.0
 10
210.6405417143
 20
232.6886473404
 30
0.0
 10
210.7013566019
 20
232.7681236695
 30
0.0
 10
210.7392773659
 20
232.8709345447
 30
0.0
 10
210.7579206301
 20
233.0339201886
 30
0.0
 10
210.7178144907
 20
233.2477644096
 30
0.0
 10
210.6296535414
 20
233.4016960016
 30
0.0
 10
210.5720818098
 20
233.4655589391
 30
0.0
  0
SPLINE
  5
C57
100
AcDbEntity
  8
0
100
AcDbSpline
 62
7
  6
CONTINUOUS
 70
0
 71
3
 72
13
 73
9
 74
0
 42
0.0000001
 43
0.0000001
 44
0.0000000001
 40
0.0
 40
0.0
 40
0.0
 40
0.0
 40
0.0961350409
 40
0.1999963602
 40
0.3159364573
 40
0.4442575849
 40
0.7235926356
 40
1.0
 40
1.0
 40
1.0
 40
1.0
 10
210.6987245802
 20
232.6944682001
 30
0.0
 10
210.7270106858
 20
232.7041519364
 30
0.0
 10
210.7820428658
 20
232.7371172439
 30
0.0
 10
210.8428055667
 20
232.8165970578
 30
0.0
 10
210.8807460839
 20
232.9193902422
 30
0.0
 10
210.8993511304
 20
233.0823705191
 30
0.0
 10
210.8592065001
 20
233.2961734616
 30
0.0
 10
210.771061299
 20
233.4500800387
 30
0.0
 10
210.7135031661
 20
233.5139278916
 30
0.0
  0
SPLINE
  5
C58
100
AcDbEntity
  8
0
100
AcDbSpline
 62
7
  6
CONTINUOUS
 70
0
 71
3
 72
11
 73
7
 74
0
 42
0.0000001
 43
0.0000001
 44
0.0000000001
 40
0.0
 40
0.0
 40
0.0
 40
0.0
 40
0.2863762626
 40
0.5463249009
 40
0.7808765923
 40
1.0
 40
1.0
 40
1.0
 40
1.0
 10
212.8540455065
 20
231.1394757421
 30
0.0
 10
212.8296564329
 20
231.1665299549
 30
0.0
 10
212.7780378268
 20
231.2139449416
 30
0.0
 10
212.6904278161
 20
231.2630084941
 30
0.0
 10
212.600360523
 20
231.2831781286
 30
0.0
 10
212.5416389582
 20
231.275087295
 30
0.0
 10
212.5152707017
 20
231.2660601335
 30
0.0
  0
SPLINE
  5
C59
100
AcDbEntity
  8
0
100
AcDbSpline
 62
7
  6
CONTINUOUS
 70
0
 71
3
 72
13
 73
9
 74
0
 42
0.0000001
 43
0.0000001
 44
0.0000000001
 40
0.0
 40
0.0
 40
0.0
 40
0.0
 40
0.098183888
 40
0.201618605
 40
0.3139374173
 40
0.4366319419
 40
0.7086855533
 40
1.0
 40
1.0
 40
1.0
 40
1.0
 10
209.5989004463
 20
230.2673846615
 30
0.0
 10
209.6213522003
 20
230.2750779768
 30
0.0
 10
209.6651119548
 20
230.298679143
 30
0.0
 10
209.7184545928
 20
230.3540427645
 30
0.0
 10
209.7583041136
 20
230.4264121998
 30
0.0
 10
209.792864425
 20
230.5448187522
 30
0.0
 10
209.7935179708
 20
230.7138410254
 30
0.0
 10
209.7551959688
 20
230.8465173458
 30
0.0
 10
209.7264894699
 20
230.9108176995
 30
0.0
  0
SPLINE
  5
C5A
100
AcDbEntity
  8
0
100
AcDbSpline
 62
7
  6
CONTINUOUS
 70
0
 71
3
 72
13
 73
9
 74
0
 42
0.0000001
 43
0.0000001
 44
0.0000000001
 40
0.0
 40
0.0
 40
0.0
 40
0.0
 40
0.0981983438
 40
0.2016015038
 40
0.31389452
 40
0.4365890754
 40
0.7086345535
 40
1.0
 40
1.0
 40
1.0
 40
1.0
 10
209.7399314355
 20
230.315598021
 30
0.0
 10
209.7624067024
 20
230.3232758119
 30
0.0
 10
209.8062289042
 20
230.3468083958
 30
0.0
 10
209.8596681004
 20
230.4021280785
 30
0.0
 10
209.8996472367
 20
230.4744694079
 30
0.0
 10
209.9342283651
 20
230.5929417464
 30
0.0
 10
209.9349857998
 20
230.7620634719
 30
0.0
 10
209.8966389546
 20
230.8948378498
 30
0.0
 10
209.8679108261
 20
230.959186652
 30
0.0
  0
SPLINE
  5
C5B
100
AcDbEntity
  8
RUNDUNGEN
100
AcDbSpline
 62
9
  6
CONTINUOUS
 70
0
 71
3
 72
11
 73
7
 74
0
 42
0.0000001
 43
0.0000001
 44
0.0000000001
 40
0.0
 40
0.0
 40
0.0
 40
0.0
 40
0.2405103451
 40
0.4849086882
 40
0.7370585419
 40
1.0
 40
1.0
 40
1.0
 40
1.0
 10
190.0481259379
 20
236.399863187
 30
0.0
 10
190.6402867997
 20
236.6116780994
 30
0.0
 10
191.8756035449
 20
236.9313760367
 30
0.0
 10
193.8067817642
 20
237.0770196315
 30
0.0
 10
195.7926080948
 20
236.8901539799
 30
0.0
 10
197.1031103819
 20
236.5547441453
 30
0.0
 10
197.7557427094
 20
236.3383937016
 30
0.0
  0
SPLINE
  5
C5C
100
AcDbEntity
  8
RUNDUNGEN
100
AcDbSpline
 62
9
  6
CONTINUOUS
 70
0
 71
3
 72
23
 73
19
 74
0
 42
0.0000001
 43
0.0000001
 44
0.0000000001
 40
0.0
 40
0.0
 40
0.0
 40
0.0
 40
0.0531429792
 40
0.1094296483
 40
0.1688648836
 40
0.2312382191
 40
0.2961589345
 40
0.3631002026
 40
0.4314353963
 40
0.5004734564
 40
0.5694919186
 40
0.6377692446
 40
0.7046170352
 40
0.7694131634
 40
0.8316368623
 40
0.8909065739
 40
0.9470207308
 40
1.0
 40
1.0
 40
1.0
 40
1.0
 10
197.8885278024
 20
236.2936768014
 30
0.0
 10
198.6808358413
 20
236.0226914923
 30
0.0
 10
200.2673797061
 20
235.3267164679
 30
0.0
 10
202.5299325926
 20
233.9118292389
 30
0.0
 10
204.702664958
 20
232.1244637987
 30
0.0
 10
206.7456472525
 20
229.9987048502
 30
0.0
 10
208.6221165665
 20
227.5740381464
 30
0.0
 10
210.2976812228
 20
224.8955290615
 30
0.0
 10
211.7415001662
 20
222.012890737
 30
0.0
 10
212.9268599482
 20
218.9796840389
 30
0.0
 10
213.8317618054
 20
215.8522792872
 30
0.0
 10
214.4393609172
 20
212.6887758647
 30
0.0
 10
214.7382796607
 20
209.5478760276
 30
0.0
 10
214.7227466024
 20
206.4877125763
 30
0.0
 10
214.392673355
 20
203.5648499444
 30
0.0
 10
213.7531969654
 20
200.8328762997
 30
0.0
 10
212.8153102008
 20
198.3429634212
 30
0.0
 10
211.9772231889
 20
196.8326469439
 30
0.0
 10
211.5120991042
 20
196.139443349
 30
0.0
  0
SPLINE
  5
C5D
100
AcDbEntity
  8
RUNDUNGEN
100
AcDbSpline
 62
9
  6
CONTINUOUS
 70
0
 71
3
 72
11
 73
7
 74
0
 42
0.0000001
 43
0.0000001
 44
0.0000000001
 40
0.0
 40
0.0
 40
0.0
 40
0.0
 40
0.2629677648
 40
0.515107224
 40
0.7595049007
 40
1.0
 40
1.0
 40
1.0
 40
1.0
 10
211.5120991042
 20
196.139443349
 30
0.0
 10
211.128248922
 20
195.5673673484
 30
0.0
 10
210.2966027631
 20
194.4971597174
 30
0.0
 10
208.8386953817
 20
193.1303510072
 30
0.0
 10
207.2197999842
 20
192.0608336876
 30
0.0
 10
206.0450106968
 20
191.5566685464
 30
0.0
 10
205.4459782165
 20
191.3614264757
 30
0.0
  0
SPLINE
  5
C5E
100
AcDbEntity
  8
0
100
AcDbSpline
 62
7
  6
CONTINUOUS
 70
0
 71
3
 72
11
 73
7
 74
0
 42
0.0000001
 43
0.0000001
 44
0.0000000001
 40
0.0
 40
0.0
 40
0.0
 40
0.0
 40
0.2220523616
 40
0.4680217496
 40
0.7308869267
 40
1.0
 40
1.0
 40
1.0
 40
1.0
 10
214.0550844649
 20
229.2646603165
 30
0.0
 10
214.1964379709
 20
229.5416774671
 30
0.0
 10
214.3992481229
 20
230.1755868853
 30
0.0
 10
214.4669029097
 20
231.2045409903
 30
0.0
 10
214.316160007
 20
232.2904103049
 30
0.0
 10
214.0761580676
 20
233.0011645142
 30
0.0
 10
213.9225065835
 20
233.3453320428
 30
0.0
  0
SPLINE
  5
C5F
100
AcDbEntity
  8
0
100
AcDbSpline
 62
7
  6
CONTINUOUS
 70
0
 71
3
 72
9
 73
5
 74
0
 42
0.0000001
 43
0.0000001
 44
0.0000000001
 40
0.0
 40
0.0
 40
0.0
 40
0.0
 40
0.4789500203
 40
1.0
 40
1.0
 40
1.0
 40
1.0
 10
213.7693505029
 20
229.0828783318
 30
0.0
 10
213.7996061515
 20
229.0932268936
 30
0.0
 10
213.8583194798
 20
229.1295978874
 30
0.0
 10
213.8978517138
 20
229.1853050255
 30
0.0
 10
213.9136631087
 20
229.2162913639
 30
0.0
  0
SPLINE
  5
C60
100
AcDbEntity
  8
0
100
AcDbSpline
 62
7
  6
CONTINUOUS
 70
0
 71
3
 72
9
 73
5
 74
0
 42
0.0000001
 43
0.0000001
 44
0.0000000001
 40
0.0
 40
0.0
 40
0.0
 40
0.0
 40
0.4785265382
 40
1.0
 40
1.0
 40
1.0
 40
1.0
 10
213.9105527415
 20
229.1311562656
 30
0.0
 10
213.9408269884
 20
229.1414868335
 30
0.0
 10
213.999692971
 20
229.1777847921
 30
0.0
 10
214.0392403794
 20
229.2336099127
 30
0.0
 10
214.0550844649
 20
229.2646603165
 30
0.0
  0
SPLINE
  5
C61
100
AcDbEntity
  8
0
100
AcDbSpline
 62
7
  6
CONTINUOUS
 70
0
 71
3
 72
11
 73
7
 74
0
 42
0.0000001
 43
0.0000001
 44
0.0000000001
 40
0.0
 40
0.0
 40
0.0
 40
0.0
 40
0.2945967843
 40
0.5624779958
 40
0.794764867
 40
1.0
 40
1.0
 40
1.0
 40
1.0
 10
213.9225065835
 20
233.3453320428
 30
0.0
 10
213.8989237181
 20
233.398155851
 30
0.0
 10
213.8419747198
 20
233.4943475675
 30
0.0
 10
213.728615309
 20
233.604666631
 30
0.0
 10
213.5998486856
 20
233.6648744359
 30
0.0
 10
213.5093954619
 20
233.6610709216
 30
0.0
 10
213.4712580088
 20
233.6480427608
 30
0.0
  0
SPLINE
  5
C62
100
AcDbEntity
  8
RUNDUNGEN
100
AcDbSpline
 62
9
  6
CONTINUOUS
 70
0
 71
3
 72
13
 73
9
 74
0
 42
0.0000001
 43
0.0000001
 44
0.0000000001
 40
0.0
 40
0.0
 40
0.0
 40
0.0
 40
0.2628572881
 40
0.3978066017
 40
0.5310857677
 40
0.6599665959
 40
0.7821435926
 40
1.0
 40
1.0
 40
1.0
 40
1.0
 10
215.566197332
 20
230.4354962593
 30
0.0
 10
215.566197332
 20
231.199139565
 30
0.0
 10
215.3916064553
 20
232.3607383716
 30
0.0
 10
214.8765164016
 20
233.8176951788
 30
0.0
 10
214.352653259
 20
234.8495021697
 30
0.0
 10
213.7134632057
 20
235.7706547134
 30
0.0
 10
212.7799641076
 20
236.7642706707
 30
0.0
 10
211.9224073936
 20
237.319901541
 30
0.0
 10
211.3235566449
 20
237.5247205599
 30
0.0
  0
SPLINE
  5
C63
100
AcDbEntity
  8
BEZUGSACHSEN
100
AcDbSpline
 62
9
  6
CONTINUOUS
 70
0
 71
3
 72
11
 73
7
 74
0
 42
0.0000001
 43
0.0000001
 44
0.0000000001
 40
0.0
 40
0.0
 40
0.0
 40
0.0
 40
0.2631952174
 40
0.5154999743
 40
0.7598353518
 40
1.0
 40
1.0
 40
1.0
 40
1.0
 10
194.3529938964
 20
234.896514464
 30
0.0
 10
193.7078000638
 20
235.1171837511
 30
0.0
 10
192.4118379416
 20
235.4627711174
 30
0.0
 10
190.44579832
 20
235.6706142751
 30
0.0
 10
188.5314954818
 20
235.5507921846
 30
0.0
 10
187.3044030835
 20
235.2511810322
 30
0.0
 10
186.7156713915
 20
235.0498057594
 30
0.0
  0
SPLINE
  5
C64
100
AcDbEntity
  8
0
100
AcDbSpline
 62
7
  6
CONTINUOUS
 70
0
 71
3
 72
10
 73
6
 74
0
 42
0.0000001
 43
0.0000001
 44
0.0000000001
 40
0.0
 40
0.0
 40
0.0
 40
0.0
 40
0.4798510422
 40
0.7384733506
 40
1.0
 40
1.0
 40
1.0
 40
1.0
 10
209.5737044209
 20
233.486564714
 30
0.0
 10
209.4757151659
 20
233.0855077086
 30
0.0
 10
209.456691989
 20
232.4329631682
 30
0.0
 10
209.6243459208
 20
231.5881252166
 30
0.0
 10
209.7761817542
 20
231.1646527311
 30
0.0
 10
209.8679108261
 20
230.959186652
 30
0.0
  0
SPLINE
  5
C65
100
AcDbEntity
  8
BEZUGSACHSEN
100
AcDbSpline
 62
9
  6
CONTINUOUS
 70
0
 71
3
 72
29
 73
25
 74
0
 42
0.0000001
 43
0.0000001
 44
0.0000000001
 40
0.0
 40
0.0
 40
0.0
 40
0.0
 40
0.0272496224
 40
0.0535395305
 40
0.0790487554
 40
0.1040288418
 40
0.1287585478
 40
0.1535353405
 40
0.1786543549
 40
0.2043855803
 40
0.2309578736
 40
0.258548919
 40
0.2872804456
 40
0.3172188359
 40
0.3806685185
 40
0.4485781722
 40
0.5200005247
 40
0.5936182571
 40
0.6679051118
 40
0.7412738941
 40
0.8122214349
 40
0.8794778225
 40
0.9421678113
 40
1.0
 40
1.0
 40
1.0
 40
1.0
 10
193.6458871152
 20
233.7149770805
 30
0.0
 10
193.1333610811
 20
233.8902713022
 30
0.0
 10
192.1053481767
 20
234.177306473
 30
0.0
 10
190.5464907852
 20
234.4067818745
 30
0.0
 10
189.0153795436
 20
234.4235380306
 30
0.0
 10
187.527875035
 20
234.2267314821
 30
0.0
 10
186.0991348368
 20
233.8178597777
 30
0.0
 10
184.7441014578
 20
233.201038325
 30
0.0
 10
183.4767431028
 20
232.3828821828
 30
0.0
 10
182.3096716668
 20
231.3722915752
 30
0.0
 10
181.25396451
 20
230.1800136191
 30
0.0
 10
180.3193975834
 20
228.8182108903
 30
0.0
 10
179.5143445047
 20
227.3003002438
 30
0.0
 10
178.6059451831
 20
225.0451441809
 30
0.0
 10
177.851683428
 20
221.9091194909
 30
0.0
 10
177.5638476256
 20
217.8732199838
 30
0.0
 10
177.8820520586
 20
213.6380589397
 30
0.0
 10
178.7933593175
 20
209.3616823428
 30
0.0
 10
180.2632199729
 20
205.2029620137
 30
0.0
 10
182.2369394595
 20
201.3172779304
 30
0.0
 10
184.6412246291
 20
197.849582647
 30
0.0
 10
187.3895130179
 20
194.9289732955
 30
0.0
 10
190.3813178946
 20
192.6656262886
 30
0.0
 10
192.5581471959
 20
191.6128995968
 30
0.0
 10
193.6458871152
 20
191.240870621
 30
0.0
  0
SPLINE
  5
C66
100
AcDbEntity
  8
RUNDUNGEN
100
AcDbSpline
 62
7
  6
CONTINUOUS
 70
0
 71
3
 72
9
 73
5
 74
0
 42
0.0000001
 43
0.0000001
 44
0.0000000001
 40
0.0
 40
0.0
 40
0.0
 40
0.0
 40
0.2711477956
 40
1.0
 40
1.0
 40
1.0
 40
1.0
 10
234.2135499059
 20
212.4129847443
 30
0.0
 10
234.2033054553
 20
212.4095811977
 30
0.0
 10
234.164884151
 20
212.3993700476
 30
0.0
 10
234.1227424322
 20
212.4004866199
 30
0.0
 10
234.0952882085
 20
212.4098819319
 30
0.0
  0
SPLINE
  5
C67
100
AcDbEntity
  8
0
100
AcDbSpline
 62
7
  6
CONTINUOUS
 70
0
 71
3
 72
11
 73
7
 74
0
 42
0.0000001
 43
0.0000001
 44
0.0000000001
 40
0.0
 40
0.0
 40
0.0
 40
0.0
 40
0.2864542868
 40
0.5462923598
 40
0.7808930355
 40
1.0
 40
1.0
 40
1.0
 40
1.0
 10
209.6390678925
 20
234.7057731061
 30
0.0
 10
209.6146951621
 20
234.7328091899
 30
0.0
 10
209.5631473211
 20
234.7801951493
 30
0.0
 10
209.4756230238
 20
234.8292308597
 30
0.0
 10
209.3856773935
 20
234.8494166047
 30
0.0
 10
209.3269871396
 20
234.8414761513
 30
0.0
 10
209.3006367028
 20
234.8324845163
 30
0.0
  0
LINE
  5
C68
100
AcDbEntity
  8
0
100
AcDbLine
 62
7
  6
CONTINUOUS
 10
195.9479710605
 20
232.0408475102
 11
195.9682667406
 21
232.2202202279
  0
SPLINE
  5
C69
100
AcDbEntity
  8
RUNDUNGEN
100
AcDbSpline
 62
9
  6
CONTINUOUS
 70
0
 71
3
 72
11
 73
7
 74
0
 42
0.0000001
 43
0.0000001
 44
0.0000000001
 40
0.0
 40
0.0
 40
0.0
 40
0.0
 40
0.29348395
 40
0.5559880746
 40
0.7876376416
 40
1.0
 40
1.0
 40
1.0
 40
1.0
 10
195.5523378789
 20
232.7206467564
 30
0.0
 10
195.5496203751
 20
232.6917922614
 30
0.0
 10
195.5493682871
 20
232.6364527356
 30
0.0
 10
195.5665479039
 20
232.5597455879
 30
0.0
 10
195.601424148
 20
232.4978606136
 30
0.0
 10
195.6366682866
 20
232.4695076638
 30
0.0
 10
195.6553980233
 20
232.4600742077
 30
0.0
  0
SPLINE
  5
C6A
100
AcDbEntity
  8
RUNDUNGEN
100
AcDbSpline
 62
9
  6
CONTINUOUS
 70
0
 71
3
 72
11
 73
7
 74
0
 42
0.0000001
 43
0.0000001
 44
0.0000000001
 40
0.0
 40
0.0
 40
0.0
 40
0.0
 40
0.2862755652
 40
0.5478957789
 40
0.7826381849
 40
1.0
 40
1.0
 40
1.0
 40
1.0
 10
191.7394363557
 20
234.024735884
 30
0.0
 10
191.7427120367
 20
233.987713956
 30
0.0
 10
191.7566869046
 20
233.9171829049
 30
0.0
 10
191.8015984191
 20
233.8245512821
 30
0.0
 10
191.8673673699
 20
233.7565982176
 30
0.0
 10
191.9233065533
 20
233.7328574607
 30
0.0
 10
191.9510815345
 20
233.7278676664
 30
0.0
  0
SPLINE
  5
C6B
100
AcDbEntity
  8
0
100
AcDbSpline
 62
7
  6
CONTINUOUS
 70
0
 71
3
 72
9
 73
5
 74
0
 42
0.0000001
 43
0.0000001
 44
0.0000000001
 40
0.0
 40
0.0
 40
0.0
 40
0.0
 40
0.4993852273
 40
1.0
 40
1.0
 40
1.0
 40
1.0
 10
191.3235074899
 20
233.8088214526
 30
0.0
 10
191.331106942
 20
233.7361658544
 30
0.0
 10
191.3704326114
 20
233.5924387625
 30
0.0
 10
191.4490178091
 20
233.4667686934
 30
0.0
 10
191.4952335302
 20
233.4099619534
 30
0.0
  0
SPLINE
  5
C6C
100
AcDbEntity
  8
0
100
AcDbSpline
 62
9
  6
CONTINUOUS
 70
0
 71
3
 72
9
 73
5
 74
0
 42
0.0000001
 43
0.0000001
 44
0.0000000001
 40
0.0
 40
0.0
 40
0.0
 40
0.0
 40
0.5346404574
 40
1.0
 40
1.0
 40
1.0
 40
1.0
 10
191.4952335302
 20
233.4099619534
 30
0.0
 10
191.551483002
 20
233.4084995277
 30
0.0
 10
191.6569232709
 20
233.4132076637
 30
0.0
 10
191.7610309001
 20
233.4335505695
 30
0.0
 10
191.8074060438
 20
233.4493014553
 30
0.0
  0
SPLINE
  5
C6D
100
AcDbEntity
  8
0
100
AcDbSpline
 62
7
  6
CONTINUOUS
 70
0
 71
3
 72
9
 73
5
 74
0
 42
0.0000001
 43
0.0000001
 44
0.0000000001
 40
0.0
 40
0.0
 40
0.0
 40
0.0
 40
0.5400824629
 40
1.0
 40
1.0
 40
1.0
 40
1.0
 10
191.4952335302
 20
233.4099619534
 30
0.0
 10
191.5440291685
 20
233.3499840701
 30
0.0
 10
191.6414626597
 20
233.2445129046
 30
0.0
 10
191.752618859
 20
233.1531550873
 30
0.0
 10
191.8074060438
 20
233.1166353408
 30
0.0
  0
SPLINE
  5
C6E
100
AcDbEntity
  8
0
100
AcDbSpline
 62
7
  6
CONTINUOUS
 70
0
 71
3
 72
11
 73
7
 74
0
 42
0.0000001
 43
0.0000001
 44
0.0000000001
 40
0.0
 40
0.0
 40
0.0
 40
0.0
 40
0.4678906614
 40
0.5957214462
 40
0.7272914454
 40
1.0
 40
1.0
 40
1.0
 40
1.0
 10
205.9453516355
 20
196.4250917749
 30
0.0
 10
204.0185557532
 20
197.1551023624
 30
0.0
 10
201.7536760699
 20
198.6225583283
 30
0.0
 10
199.42071169
 20
200.8130095642
 30
0.0
 10
197.8298813852
 20
202.536879362
 30
0.0
 10
196.7598860968
 20
203.9676977319
 30
0.0
 10
196.1004787547
 20
204.971394842
 30
0.0
  0
SPLINE
  5
C6F
100
AcDbEntity
  8
0
100
AcDbSpline
 62
7
  6
CONTINUOUS
 70
0
 71
3
 72
9
 73
5
 74
0
 42
0.0000001
 43
0.0000001
 44
0.0000000001
 40
0.0
 40
0.0
 40
0.0
 40
0.0
 40
0.5199404005
 40
1.0
 40
1.0
 40
1.0
 40
1.0
 10
191.3591398821
 20
226.9258338615
 30
0.0
 10
191.5905248627
 20
228.0837914761
 30
0.0
 10
192.2169849481
 20
230.2805736723
 30
0.0
 10
193.2636595219
 20
232.3189475837
 30
0.0
 10
193.8740542272
 20
233.2223399577
 30
0.0
  0
SPLINE
  5
C70
100
AcDbEntity
  8
0
100
AcDbSpline
 62
7
  6
CONTINUOUS
 70
0
 71
3
 72
13
 73
9
 74
0
 42
0.0000001
 43
0.0000001
 44
0.0000000001
 40
0.0
 40
0.0
 40
0.0
 40
0.0
 40
0.0961272739
 40
0.1999862236
 40
0.3159330635
 40
0.444243426
 40
0.7235614866
 40
1.0
 40
1.0
 40
1.0
 40
1.0
 10
212.8634742956
 20
233.8854848768
 30
0.0
 10
212.8917640201
 20
233.8951619854
 30
0.0
 10
212.9468468327
 20
233.9280410398
 30
0.0
 10
213.0076617204
 20
234.0075173689
 30
0.0
 10
213.0455824843
 20
234.1103282441
 30
0.0
 10
213.0642257486
 20
234.273313888
 30
0.0
 10
213.0241196092
 20
234.487158109
 30
0.0
 10
212.9359586598
 20
234.641089701
 30
0.0
 10
212.8783869283
 20
234.7049526385
 30
0.0
  0
SPLINE
  5
C71
100
AcDbEntity
  8
0
100
AcDbSpline
 62
7
  6
CONTINUOUS
 70
0
 71
3
 72
13
 73
9
 74
0
 42
0.0000001
 43
0.0000001
 44
0.0000000001
 40
0.0
 40
0.0
 40
0.0
 40
0.0
 40
0.0961350409
 40
0.1999963602
 40
0.3159364573
 40
0.4442575849
 40
0.7235926356
 40
1.0
 40
1.0
 40
1.0
 40
1.0
 10
213.0050296987
 20
233.9338618995
 30
0.0
 10
213.0333158042
 20
233.9435456358
 30
0.0
 10
213.0883479842
 20
233.9765109433
 30
0.0
 10
213.1491106852
 20
234.0559907572
 30
0.0
 10
213.1870512023
 20
234.1587839416
 30
0.0
 10
213.2056562488
 20
234.3217642185
 30
0.0
 10
213.1655116186
 20
234.535567161
 30
0.0
 10
213.0773664175
 20
234.6894737381
 30
0.0
 10
213.0198082845
 20
234.753321591
 30
0.0
  0
SPLINE
  5
C72
100
AcDbEntity
  8
0
100
AcDbSpline
 62
7
  6
CONTINUOUS
 70
0
 71
3
 72
11
 73
7
 74
0
 42
0.0000001
 43
0.0000001
 44
0.0000000001
 40
0.0
 40
0.0
 40
0.0
 40
0.0
 40
0.2155378205
 40
0.4489537094
 40
0.7107286485
 40
1.0
 40
1.0
 40
1.0
 40
1.0
 10
211.6256672812
 20
228.1713460845
 30
0.0
 10
211.654636044
 20
228.1812376419
 30
0.0
 10
211.71106193
 20
228.2151502516
 30
0.0
 10
211.7726567527
 20
228.2975595358
 30
0.0
 10
211.8099946522
 20
228.4039159245
 30
0.0
 10
211.8177267565
 20
228.4825221654
 30
0.0
 10
211.8177267565
 20
228.5236048843
 30
0.0
  0
SPLINE
  5
C73
100
AcDbEntity
  8
0
100
AcDbSpline
 62
7
  6
CONTINUOUS
 70
0
 71
3
 72
11
 73
7
 74
0
 42
0.0000001
 43
0.0000001
 44
0.0000000001
 40
0.0
 40
0.0
 40
0.0
 40
0.0
 40
0.2155474849
 40
0.449012354
 40
0.7106245898
 40
1.0
 40
1.0
 40
1.0
 40
1.0
 10
211.7675941075
 20
228.2198704593
 30
0.0
 10
211.7965187999
 20
228.2297804368
 30
0.0
 10
211.8527604848
 20
228.2638715184
 30
0.0
 10
211.9141912699
 20
228.3461824167
 30
0.0
 10
211.9514736914
 20
228.452420978
 30
0.0
 10
211.9591481128
 20
228.5309261602
 30
0.0
 10
211.9591481128
 20
228.5719738369
 30
0.0
  0
SPLINE
  5
C74
100
AcDbEntity
  8
FASEN
100
AcDbSpline
 62
7
  6
CONTINUOUS
 70
0
 71
3
 72
13
 73
9
 74
0
 42
0.0000001
 43
0.0000001
 44
0.0000000001
 40
0.0
 40
0.0
 40
0.0
 40
0.0
 40
0.2628608384
 40
0.3978089819
 40
0.5310895795
 40
0.659974009
 40
0.7821534631
 40
1.0
 40
1.0
 40
1.0
 40
1.0
 10
180.4936845267
 20
242.6244666676
 30
0.0
 10
180.4936845267
 20
241.8608128022
 30
0.0
 10
180.6682721962
 20
240.6992048409
 30
0.0
 10
181.1833788849
 20
239.2422418173
 30
0.0
 10
181.7072470212
 20
238.2104240764
 30
0.0
 10
182.3464600241
 20
237.2892606939
 30
0.0
 10
183.2799530185
 20
236.2956522132
 30
0.0
 10
184.1375014111
 20
235.7400521688
 30
0.0
 10
184.7363252202
 20
235.5352423648
 30
0.0
  0
SPLINE
  5
C75
100
AcDbEntity
  8
FASEN
100
AcDbSpline
 62
7
  6
CONTINUOUS
 70
0
 71
3
 72
9
 73
5
 74
0
 42
0.0000001
 43
0.0000001
 44
0.0000000001
 40
0.0
 40
0.0
 40
0.0
 40
0.0
 40
0.5146249981
 40
1.0
 40
1.0
 40
1.0
 40
1.0
 10
184.7363252202
 20
235.5352423648
 30
0.0
 10
184.9981821627
 20
235.4456820159
 30
0.0
 10
185.5288704696
 20
235.3269689547
 30
0.0
 10
186.0741013642
 20
235.3527131246
 30
0.0
 10
186.3302103787
 20
235.4031048985
 30
0.0
  0
SPLINE
  5
C76
100
AcDbEntity
  8
RUNDUNGEN
100
AcDbSpline
 62
9
  6
CONTINUOUS
 70
0
 71
3
 72
11
 73
7
 74
0
 42
0.0000001
 43
0.0000001
 44
0.0000000001
 40
0.0
 40
0.0
 40
0.0
 40
0.0
 40
0.2323059689
 40
0.5
 40
0.7676940311
 40
1.0
 40
1.0
 40
1.0
 40
1.0
 10
215.566197332
 20
185.3302504616
 30
0.0
 10
215.671169669
 20
185.2943478079
 30
0.0
 10
215.9065780247
 20
185.2453515354
 30
0.0
 10
216.2733041132
 20
185.2219206462
 30
0.0
 10
216.6400302018
 20
185.2453515354
 30
0.0
 10
216.8754385575
 20
185.2943478079
 30
0.0
 10
216.9804108944
 20
185.3302504616
 30
0.0
  0
SPLINE
  5
C77
100
AcDbEntity
  8
RUNDUNGEN
100
AcDbSpline
 62
9
  6
CONTINUOUS
 70
0
 71
3
 72
11
 73
7
 74
0
 42
0.0000001
 43
0.0000001
 44
0.0000000001
 40
0.0
 40
0.0
 40
0.0
 40
0.0
 40
0.2894851536
 40
0.5509965345
 40
0.7844993956
 40
1.0
 40
1.0
 40
1.0
 40
1.0
 10
211.3235566449
 20
181.1431633128
 30
0.0
 10
211.3235566463
 20
181.06099706
 30
0.0
 10
211.3388828738
 20
180.9038980785
 30
0.0
 10
211.413588793
 20
180.6913414029
 30
0.0
 10
211.5365612711
 20
180.5266982492
 30
0.0
 10
211.6491726091
 20
180.4586143762
 30
0.0
 10
211.7070472006
 20
180.4388177184
 30
0.0
  0
SPLINE
  5
C78
100
AcDbEntity
  8
RUNDUNGEN
100
AcDbSpline
 62
9
  6
CONTINUOUS
 70
0
 71
3
 72
11
 73
7
 74
0
 42
0.0000001
 43
0.0000001
 44
0.0000000001
 40
0.0
 40
0.0
 40
0.0
 40
0.0
 40
0.2894851636
 40
0.5509965511
 40
0.7844994022
 40
1.0
 40
1.0
 40
1.0
 40
1.0
 10
184.4534989598
 20
190.3332642934
 30
0.0
 10
184.4534989598
 20
190.2510980319
 30
0.0
 10
184.4688251913
 20
190.0939990343
 30
0.0
 10
184.5435311212
 20
189.8814423418
 30
0.0
 10
184.6665036244
 20
189.7167991905
 30
0.0
 10
184.7791149757
 20
189.648715329
 30
0.0
 10
184.8369895728
 20
189.6289186794
 30
0.0
  0
SPLINE
  5
C79
100
AcDbEntity
  8
RUNDUNGEN
100
AcDbSpline
 62
9
  6
CONTINUOUS
 70
0
 71
3
 72
11
 73
7
 74
0
 42
0.0000001
 43
0.0000001
 44
0.0000000001
 40
0.0
 40
0.0
 40
0.0
 40
0.0
 40
0.3368052556
 40
0.6117323705
 40
0.8262900181
 40
1.0
 40
1.0
 40
1.0
 40
1.0
 10
180.2108582727
 20
197.422488594
 30
0.0
 10
180.1684076764
 20
197.4370075518
 30
0.0
 10
180.092519895
 20
197.4675472465
 30
0.0
 10
179.9979688062
 20
197.5250473779
 30
0.0
 10
179.934968436
 20
197.5892910423
 30
0.0
 10
179.9180115232
 20
197.641193905
 30
0.0
 10
179.918011512
 20
197.6643332986
 30
0.0
  0
SPLINE
  5
C7A
100
AcDbEntity
  8
RUNDUNGEN
100
AcDbSpline
 62
9
  6
CONTINUOUS
 70
0
 71
3
 72
11
 73
7
 74
0
 42
0.0000001
 43
0.0000001
 44
0.0000000001
 40
0.0
 40
0.0
 40
0.0
 40
0.0
 40
0.3368052689
 40
0.6117323998
 40
0.8262900316
 40
1.0
 40
1.0
 40
1.0
 40
1.0
 10
180.2108582727
 20
242.5277343917
 30
0.0
 10
180.1684076695
 20
242.5422533531
 30
0.0
 10
180.0925198765
 20
242.5727930584
 30
0.0
 10
179.997968775
 20
242.6302932017
 30
0.0
 10
179.9349684088
 20
242.6945368859
 30
0.0
 10
179.9180115119
 20
242.7464397595
 30
0.0
 10
179.9180115119
 20
242.7695791544
 30
0.0
  0
SPLINE
  5
C7B
100
AcDbEntity
  8
RUNDUNGEN
100
AcDbSpline
 62
9
  6
CONTINUOUS
 70
0
 71
3
 72
12
 73
8
 74
0
 42
0.0000001
 43
0.0000001
 44
0.0000000001
 40
0.0
 40
0.0
 40
0.0
 40
0.0
 40
0.1299703808
 40
0.2641698951
 40
0.4664352047
 40
0.6618637668
 40
1.0
 40
1.0
 40
1.0
 40
1.0
 10
184.4534989598
 20
246.7148215405
 30
0.0
 10
184.4534989588
 20
246.7775931762
 30
0.0
 10
184.4631704926
 20
246.9053395216
 30
0.0
 10
184.5100581062
 20
247.1261556072
 30
0.0
 10
184.60442496
 20
247.3675008097
 30
0.0
 10
184.7948796701
 20
247.6672874185
 30
0.0
 10
185.0060843901
 20
247.8435095111
 30
0.0
 10
185.1606057422
 20
247.8963589236
 30
0.0
  0
SPLINE
  5
C7C
100
AcDbEntity
  8
RUNDUNGEN
100
AcDbSpline
 62
9
  6
CONTINUOUS
 70
0
 71
3
 72
12
 73
8
 74
0
 42
0.0000001
 43
0.0000001
 44
0.0000000001
 40
0.0
 40
0.0
 40
0.0
 40
0.0
 40
0.1299703864
 40
0.264169912
 40
0.4664352256
 40
0.6618637853
 40
1.0
 40
1.0
 40
1.0
 40
1.0
 10
211.3235566449
 20
237.5247205599
 30
0.0
 10
211.3235566449
 20
237.5874921981
 30
0.0
 10
211.3332281847
 20
237.7152385508
 30
0.0
 10
211.3801158002
 20
237.9360546455
 30
0.0
 10
211.4744826623
 20
238.1773998511
 30
0.0
 10
211.6649373743
 20
238.4771864476
 30
0.0
 10
211.8761420836
 20
238.6534085316
 30
0.0
 10
212.0306634261
 20
238.7062579434
 30
0.0
  0
SPLINE
  5
C7D
100
AcDbEntity
  8
RUNDUNGEN
100
AcDbSpline
 62
9
  6
CONTINUOUS
 70
0
 71
3
 72
11
 73
7
 74
0
 42
0.0000001
 43
0.0000001
 44
0.0000000001
 40
0.0
 40
0.0
 40
0.0
 40
0.0
 40
0.2323059527
 40
0.4999999802
 40
0.7676940193
 40
1.0
 40
1.0
 40
1.0
 40
1.0
 10
215.566197332
 20
230.4354962593
 30
0.0
 10
215.6711696624
 20
230.3995936109
 30
0.0
 10
215.9065780083
 20
230.3505973432
 30
0.0
 10
216.2733040902
 20
230.3271664525
 30
0.0
 10
216.6400301858
 20
230.3505973365
 30
0.0
 10
216.8754385513
 20
230.3995936052
 30
0.0
 10
216.9804108944
 20
230.4354962577
 30
0.0
  0
SPLINE
  5
C7E
100
AcDbEntity
  8
BEZUGSACHSEN
100
AcDbSpline
 62
7
  6
CONTINUOUS
 70
0
 71
3
 72
12
 73
8
 74
0
 42
0.0000001
 43
0.0000001
 44
0.0000000001
 40
0.0
 40
0.0
 40
0.0
 40
0.0
 40
0.1067820227
 40
0.2170857504
 40
0.4528909227
 40
0.7141308944
 40
1.0
 40
1.0
 40
1.0
 40
1.0
 10
182.5072365528
 20
200.5595464349
 30
0.0
 10
182.3845613065
 20
200.4939891631
 30
0.0
 10
182.1470439971
 20
200.3371866518
 30
0.0
 10
181.7171442106
 20
199.9295641965
 30
0.0
 10
181.2869494396
 20
199.2502920952
 30
0.0
 10
180.9814151758
 20
198.2683463677
 30
0.0
 10
180.9179650539
 20
197.5530145993
 30
0.0
 10
180.9179650539
 20
197.1806438313
 30
0.0
  0
SPLINE
  5
C7F
100
AcDbEntity
  8
BEZUGSACHSEN
100
AcDbSpline
 62
7
  6
CONTINUOUS
 70
0
 71
3
 72
11
 73
7
 74
0
 42
0.0000001
 43
0.0000001
 44
0.0000000001
 40
0.0
 40
0.0
 40
0.0
 40
0.0
 40
0.2181794109
 40
0.4560326154
 40
0.7170961684
 40
1.0
 40
1.0
 40
1.0
 40
1.0
 10
182.5409652578
 20
200.5019257867
 30
0.0
 10
182.3266849307
 20
200.3496428416
 30
0.0
 10
181.9311788721
 20
199.9537105194
 30
0.0
 10
181.5104652665
 20
199.1890706023
 30
0.0
 10
181.2541350164
 20
198.2755556083
 30
0.0
 10
181.2008077664
 20
197.6182475339
 30
0.0
 10
181.2008077664
 20
197.2773817364
 30
0.0
  0
SPLINE
  5
C80
100
AcDbEntity
  8
RUNDUNGEN
100
AcDbSpline
 62
7
  6
CONTINUOUS
 70
0
 71
3
 72
10
 73
6
 74
0
 42
0.0000001
 43
0.0000001
 44
0.0000000001
 40
0.0
 40
0.0
 40
0.0
 40
0.0
 40
0.5147709574
 40
0.7594837875
 40
1.0
 40
1.0
 40
1.0
 40
1.0
 10
211.3235566449
 20
181.1431633128
 30
0.0
 10
211.6438835555
 20
181.0336050569
 30
0.0
 10
212.1446357979
 20
180.9353211849
 30
0.0
 10
212.8035248894
 20
180.9768384792
 30
0.0
 10
213.1155712126
 20
181.0530224757
 30
0.0
 10
213.2652356664
 20
181.1042164504
 30
0.0
  0
SPLINE
  5
C81
100
AcDbEntity
  8
RUNDUNGEN
100
AcDbSpline
 62
7
  6
CONTINUOUS
 70
0
 71
3
 72
14
 73
10
 74
0
 42
0.0000001
 43
0.0000001
 44
0.0000000001
 40
0.0
 40
0.0
 40
0.0
 40
0.0
 40
0.106805672
 40
0.2160631696
 40
0.3298939233
 40
0.4498611276
 40
0.576866577
 40
0.7112029662
 40
1.0
 40
1.0
 40
1.0
 40
1.0
 10
209.3813143615
 20
192.4582475233
 30
0.0
 10
209.208791887
 20
192.3992200565
 30
0.0
 10
208.8713034093
 20
192.242853711
 30
0.0
 10
208.4157122369
 20
191.9058896658
 30
0.0
 10
208.0166866778
 20
191.4727532166
 30
0.0
 10
207.681411063
 20
190.9528537405
 30
0.0
 10
207.415094126
 20
190.3562728456
 30
0.0
 10
207.1518018794
 20
189.4525167789
 30
0.0
 10
207.0809159578
 20
188.7254283248
 30
0.0
 10
207.0809159578
 20
188.2323876134
 30
0.0
  0
SPLINE
  5
C82
100
AcDbEntity
  8
FASEN
100
AcDbSpline
 62
7
  6
CONTINUOUS
 70
0
 71
3
 72
12
 73
8
 74
0
 42
0.0000001
 43
0.0000001
 44
0.0000000001
 40
0.0
 40
0.0
 40
0.0
 40
0.0
 40
0.106789778
 40
0.2171039803
 40
0.4529283053
 40
0.714162742
 40
1.0
 40
1.0
 40
1.0
 40
1.0
 10
209.2676846489
 20
192.3821231766
 30
0.0
 10
209.1206703605
 20
192.3033312641
 30
0.0
 10
208.8361265308
 20
192.1148725038
 30
0.0
 10
208.3210283135
 20
191.6256269245
 30
0.0
 10
207.8057550499
 20
190.8107432859
 30
0.0
 10
207.4397551719
 20
189.6332597331
 30
0.0
 10
207.3637422118
 20
188.7755755995
 30
0.0
 10
207.3637422118
 20
188.3291198893
 30
0.0
  0
SPLINE
  5
C83
100
AcDbEntity
  8
BEZUGSACHSEN
100
AcDbSpline
 62
7
  6
CONTINUOUS
 70
0
 71
3
 72
14
 73
10
 74
0
 42
0.0000001
 43
0.0000001
 44
0.0000000001
 40
0.0
 40
0.0
 40
0.0
 40
0.0
 40
0.106805672
 40
0.2160631696
 40
0.3298939233
 40
0.4498611276
 40
0.576866577
 40
0.7112029662
 40
1.0
 40
1.0
 40
1.0
 40
1.0
 10
209.7050214087
 20
236.6173385734
 30
0.0
 10
209.56125268
 20
236.5681490177
 30
0.0
 10
209.2800122819
 20
236.4378437298
 30
0.0
 10
208.9003529716
 20
236.1570403588
 30
0.0
 10
208.5678316724
 20
235.7960933178
 30
0.0
 10
208.2884353267
 20
235.3628437544
 30
0.0
 10
208.0665045458
 20
234.8656930086
 30
0.0
 10
207.8470943403
 20
234.112562953
 30
0.0
 10
207.788022739
 20
233.506655908
 30
0.0
 10
207.788022739
 20
233.0957886484
 30
0.0
  0
SPLINE
  5
C84
100
AcDbEntity
  8
BEZUGSACHSEN
100
AcDbSpline
 62
7
  6
CONTINUOUS
 70
0
 71
3
 72
12
 73
8
 74
0
 42
0.0000001
 43
0.0000001
 44
0.0000000001
 40
0.0
 40
0.0
 40
0.0
 40
0.0
 40
0.1067397708
 40
0.216856846
 40
0.4522366643
 40
0.7135042913
 40
1.0
 40
1.0
 40
1.0
 40
1.0
 10
209.7155716226
 20
236.6000457437
 30
0.0
 10
209.5891994001
 20
236.5369745927
 30
0.0
 10
209.3440943533
 20
236.3840432007
 30
0.0
 10
208.8994432641
 20
235.9795850989
 30
0.0
 10
208.4532729685
 20
235.2954983966
 30
0.0
 10
208.1365523716
 20
234.2992432409
 30
0.0
 10
208.0708654515
 20
233.5716149937
 30
0.0
 10
208.0708654515
 20
233.1925265535
 30
0.0
  0
SPLINE
  5
C85
100
AcDbEntity
  8
FASEN
100
AcDbSpline
 62
7
  6
CONTINUOUS
 70
0
 71
3
 72
13
 73
9
 74
0
 42
0.0000001
 43
0.0000001
 44
0.0000000001
 40
0.0
 40
0.0
 40
0.0
 40
0.0
 40
0.2628608384
 40
0.3978089819
 40
0.5310895795
 40
0.659974009
 40
0.7821534631
 40
1.0
 40
1.0
 40
1.0
 40
1.0
 10
207.3637422118
 20
188.3291198893
 30
0.0
 10
207.3637422118
 20
187.5654660238
 30
0.0
 10
207.5383298812
 20
186.4038580626
 30
0.0
 10
208.05343657
 20
184.9468950389
 30
0.0
 10
208.5773047063
 20
183.915077298
 30
0.0
 10
209.2165177092
 20
182.9939139156
 30
0.0
 10
210.1500107036
 20
182.0003054349
 30
0.0
 10
211.0075590962
 20
181.4447053904
 30
0.0
 10
211.6063829053
 20
181.2398955865
 30
0.0
  0
SPLINE
  5
C86
100
AcDbEntity
  8
RUNDUNGEN
100
AcDbSpline
 62
7
  6
CONTINUOUS
 70
0
 71
3
 72
14
 73
10
 74
0
 42
0.0000001
 43
0.0000001
 44
0.0000000001
 40
0.0
 40
0.0
 40
0.0
 40
0.0
 40
0.1068089617
 40
0.2160669622
 40
0.3298945223
 40
0.4498568805
 40
0.5768675464
 40
0.7112028005
 40
1.0
 40
1.0
 40
1.0
 40
1.0
 10
182.5118199383
 20
246.7537684029
 30
0.0
 10
182.3392677953
 20
246.6947455033
 30
0.0
 10
182.0016538128
 20
246.5385351396
 30
0.0
 10
181.5460004822
 20
246.2015210704
 30
0.0
 10
181.1468786851
 20
245.7684123018
 30
0.0
 10
180.8114717102
 20
245.2485111566
 30
0.0
 10
180.5451397834
 20
244.651854112
 30
0.0
 10
180.2817521816
 20
243.748008315
 30
0.0
 10
180.2108582727
 20
243.0208321044
 30
0.0
 10
180.2108582727
 20
242.5277343917
 30
0.0
  0
SPLINE
  5
C87
100
AcDbEntity
  8
FASEN
100
AcDbSpline
 62
7
  6
CONTINUOUS
 70
0
 71
3
 72
12
 73
8
 74
0
 42
0.0000001
 43
0.0000001
 44
0.0000000001
 40
0.0
 40
0.0
 40
0.0
 40
0.0
 40
0.106789778
 40
0.2171039803
 40
0.4529283053
 40
0.714162742
 40
1.0
 40
1.0
 40
1.0
 40
1.0
 10
182.3976269638
 20
246.6774699549
 30
0.0
 10
182.2506126754
 20
246.5986780424
 30
0.0
 10
181.9660688457
 20
246.4102192821
 30
0.0
 10
181.4509706285
 20
245.9209737028
 30
0.0
 10
180.9356973648
 20
245.1060900643
 30
0.0
 10
180.5696974868
 20
243.9286065114
 30
0.0
 10
180.4936845267
 20
243.0709223779
 30
0.0
 10
180.4936845267
 20
242.6244666676
 30
0.0
  0
SPLINE
  5
C88
100
AcDbEntity
  8
FASEN
100
AcDbSpline
 62
7
  6
CONTINUOUS
 70
0
 71
3
 72
9
 73
5
 74
0
 42
0.0000001
 43
0.0000001
 44
0.0000000001
 40
0.0
 40
0.0
 40
0.0
 40
0.0
 40
0.5146249981
 40
1.0
 40
1.0
 40
1.0
 40
1.0
 10
211.6063829053
 20
181.2398955865
 30
0.0
 10
211.8682398478
 20
181.1503352375
 30
0.0
 10
212.3989281547
 20
181.0316221763
 30
0.0
 10
212.9441590492
 20
181.0573663463
 30
0.0
 10
213.2002680638
 20
181.1077581201
 30
0.0
  0
SPLINE
  5
C89
100
AcDbEntity
  8
0
100
AcDbSpline
 62
9
  6
CONTINUOUS
 70
0
 71
3
 72
13
 73
9
 74
0
 42
0.0000001
 43
0.0000001
 44
0.0000000001
 40
0.0
 40
0.0
 40
0.0
 40
0.0
 40
0.224616734
 40
0.346066718
 40
0.472375394
 40
0.6023690456
 40
0.73468224
 40
1.0
 40
1.0
 40
1.0
 40
1.0
 10
196.0813088901
 20
232.1584171743
 30
0.0
 10
197.6393681499
 20
231.2988010162
 30
0.0
 10
199.8395295155
 20
229.5927267992
 30
0.0
 10
202.3593301149
 20
226.8218932634
 30
0.0
 10
204.1239341231
 20
224.3967900534
 30
0.0
 10
205.6746345835
 20
221.7311171524
 30
0.0
 10
207.4172235851
 20
217.9269817239
 30
0.0
 10
208.3180619205
 20
214.8819340755
 30
0.0
 10
208.7160734716
 20
212.8180558418
 30
0.0
  0
SPLINE
  5
C8A
100
AcDbEntity
  8
0
100
AcDbSpline
 62
9
  6
CONTINUOUS
 70
0
 71
3
 72
22
 73
18
 74
0
 42
0.0000001
 43
0.0000001
 44
0.0000000001
 40
0.0
 40
0.0
 40
0.0
 40
0.0
 40
0.1543788259
 40
0.2284520802
 40
0.2997487539
 40
0.3679308622
 40
0.4328178751
 40
0.4944194322
 40
0.5529652166
 40
0.6089245121
 40
0.6630026453
 40
0.7161000827
 40
0.7692281462
 40
0.8233945378
 40
0.8794900906
 40
0.9382069269
 40
1.0
 40
1.0
 40
1.0
 40
1.0
 10
208.7160734716
 20
212.8180558418
 30
0.0
 10
209.0514521733
 20
211.07895857
 30
0.0
 10
209.3372017579
 20
208.4554329704
 30
0.0
 10
209.2305386986
 20
205.0142367609
 30
0.0
 10
208.912828833
 20
202.5803122236
 30
0.0
 10
208.3606979142
 20
200.2966021182
 30
0.0
 10
207.5817061585
 20
198.1973224259
 30
0.0
 10
206.5864690474
 20
196.3146144437
 30
0.0
 10
205.3885185076
 20
194.6778593255
 30
0.0
 10
204.004515736
 20
193.3138100833
 30
0.0
 10
202.4548663817
 20
192.2462538022
 30
0.0
 10
200.7643887678
 20
191.4949167867
 30
0.0
 10
198.9620692256
 20
191.073552711
 30
0.0
 10
197.0793535382
 20
190.9885444777
 30
0.0
 10
195.1477944563
 20
191.2391721759
 30
0.0
 10
193.1984095299
 20
191.8186339377
 30
0.0
 10
191.9391983205
 20
192.4016799083
 30
0.0
 10
191.3160285542
 20
192.7396815205
 30
0.0
  0
SPLINE
  5
C8B
100
AcDbEntity
  8
FASEN
100
AcDbSpline
 62
7
  6
CONTINUOUS
 70
0
 71
3
 72
18
 73
14
 74
0
 42
0.0000001
 43
0.0000001
 44
0.0000000001
 40
0.0
 40
0.0
 40
0.0
 40
0.0
 40
0.0481805181
 40
0.0979652968
 40
0.1506638043
 40
0.2070838442
 40
0.3314641977
 40
0.4689822739
 40
0.6126576988
 40
0.7538155019
 40
0.8209943235
 40
0.8847415749
 40
1.0
 40
1.0
 40
1.0
 40
1.0
 10
212.5512564354
 20
190.5831871752
 30
0.0
 10
212.4391138381
 20
190.5448796705
 30
0.0
 10
212.2201158635
 20
190.437429593
 30
0.0
 10
211.934682834
 20
190.1960586626
 30
0.0
 10
211.6972711999
 20
189.8819680051
 30
0.0
 10
211.4446516262
 20
189.3629031559
 30
0.0
 10
211.2897817075
 20
188.5822241791
 30
0.0
 10
211.3516776421
 20
187.5780069546
 30
0.0
 10
211.6445455431
 20
186.5729208935
 30
0.0
 10
212.063849863
 20
185.8060915726
 30
0.0
 10
212.488127306
 20
185.2859851065
 30
0.0
 10
212.9299942532
 20
184.871107838
 30
0.0
 10
213.3180633107
 20
184.6399476765
 30
0.0
 10
213.5862983447
 20
184.5482058914
 30
0.0
  0
SPLINE
  5
C8C
100
AcDbEntity
  8
FASEN
100
AcDbSpline
 62
7
  6
CONTINUOUS
 70
0
 71
3
 72
18
 73
14
 74
0
 42
0.0000001
 43
0.0000001
 44
0.0000000001
 40
0.0
 40
0.0
 40
0.0
 40
0.0
 40
0.0481805181
 40
0.0979652968
 40
0.1506638043
 40
0.2070838442
 40
0.3314641977
 40
0.4689822739
 40
0.6126576988
 40
0.7538155019
 40
0.8209943235
 40
0.8847415749
 40
1.0
 40
1.0
 40
1.0
 40
1.0
 10
185.6811987503
 20
244.8785339535
 30
0.0
 10
185.569056153
 20
244.8402264489
 30
0.0
 10
185.3500581784
 20
244.7327763713
 30
0.0
 10
185.0646251489
 20
244.4914054409
 30
0.0
 10
184.8272135148
 20
244.1773147834
 30
0.0
 10
184.5745939412
 20
243.6582499343
 30
0.0
 10
184.4197240225
 20
242.8775709575
 30
0.0
 10
184.481619957
 20
241.8733537329
 30
0.0
 10
184.774487858
 20
240.8682676718
 30
0.0
 10
185.1937921779
 20
240.101438351
 30
0.0
 10
185.6180696209
 20
239.5813318849
 30
0.0
 10
186.0599365682
 20
239.1664546164
 30
0.0
 10
186.4480056256
 20
238.9352944549
 30
0.0
 10
186.7162406596
 20
238.8435526698
 30
0.0
  0
LINE
  5
C8D
100
AcDbEntity
  8
0
100
AcDbLine
 62
9
  6
CONTINUOUS
 10
208.4405719809
 20
202.3558090785
 11
208.4546326214
 21
202.3446423324
  0
SPLINE
  5
C8E
100
AcDbEntity
  8
0
100
AcDbSpline
 62
9
  6
CONTINUOUS
 70
0
 71
3
 72
12
 73
8
 74
0
 42
0.0000001
 43
0.0000001
 44
0.0000000001
 40
0.0
 40
0.0
 40
0.0
 40
0.0
 40
0.2205558145
 40
0.3386298273
 40
0.461897272
 40
0.7228204383
 40
1.0
 40
1.0
 40
1.0
 40
1.0
 10
205.6446303057
 20
196.0503212373
 30
0.0
 10
204.5430070525
 20
196.3179488452
 30
0.0
 10
202.903817596
 20
196.9687727569
 30
0.0
 10
200.8699042532
 20
198.1975529507
 30
0.0
 10
198.8054022215
 20
199.7552375518
 30
0.0
 10
196.4013861492
 20
202.1852590044
 30
0.0
 10
194.7947242833
 20
204.4518674819
 30
0.0
 10
194.057296547
 20
205.6708880021
 30
0.0
  0
SPLINE
  5
C8F
100
AcDbEntity
  8
0
100
AcDbSpline
 62
9
  6
CONTINUOUS
 70
0
 71
3
 72
11
 73
7
 74
0
 42
0.0000001
 43
0.0000001
 44
0.0000000001
 40
0.0
 40
0.0
 40
0.0
 40
0.0
 40
0.2681542312
 40
0.5239272881
 40
0.7675518228
 40
1.0
 40
1.0
 40
1.0
 40
1.0
 10
190.1783212731
 20
226.5077070829
 30
0.0
 10
190.3318674824
 20
227.17675584
 30
0.0
 10
190.698596774
 20
228.4700242296
 30
0.0
 10
191.447864013
 20
230.2913662441
 30
0.0
 10
192.3743240566
 20
231.9255759073
 30
0.0
 10
193.1191534617
 20
232.8966108614
 30
0.0
 10
193.5167297482
 20
233.3393347047
 30
0.0
  0
SPLINE
  5
C90
100
AcDbEntity
  8
RUNDUNGEN
100
AcDbSpline
 62
9
  6
CONTINUOUS
 70
0
 71
3
 72
11
 73
7
 74
0
 42
0.0000001
 43
0.0000001
 44
0.0000000001
 40
0.0
 40
0.0
 40
0.0
 40
0.0
 40
0.2401638026
 40
0.4844983696
 40
0.7368040655
 40
1.0
 40
1.0
 40
1.0
 40
1.0
 10
190.1096168063
 20
236.2106039635
 30
0.0
 10
190.6983562472
 20
236.4119932725
 30
0.0
 10
191.9254682668
 20
236.7116275307
 30
0.0
 10
193.8398115784
 20
236.8314748304
 30
0.0
 10
195.8058993754
 20
236.6236363545
 30
0.0
 10
197.1018962705
 20
236.2780442014
 30
0.0
 10
197.7471064461
 20
236.0573693247
 30
0.0
  0
SPLINE
  5
C91
100
AcDbEntity
  8
0
100
AcDbSpline
 62
9
  6
CONTINUOUS
 70
0
 71
3
 72
9
 73
5
 74
0
 42
0.0000001
 43
0.0000001
 44
0.0000000001
 40
0.0
 40
0.0
 40
0.0
 40
0.0
 40
0.4999799814
 40
1.0
 40
1.0
 40
1.0
 40
1.0
 10
201.1812796943
 20
192.7551965514
 30
0.0
 10
193.1919440528
 20
190.0223294777
 30
0.0
 10
175.8130035639
 20
206.3776992008
 30
0.0
 10
179.5329011786
 20
229.9477285975
 30
0.0
 10
187.521992954
 20
232.6833963834
 30
0.0
  0
SPLINE
  5
C92
100
AcDbEntity
  8
0
100
AcDbSpline
 62
9
  6
CONTINUOUS
 70
0
 71
3
 72
27
 73
23
 74
0
 42
0.0000001
 43
0.0000001
 44
0.0000000001
 40
0.0
 40
0.0
 40
0.0
 40
0.0
 40
0.0606196144
 40
0.1254818304
 40
0.1940369064
 40
0.2653900089
 40
0.3384146624
 40
0.4118560532
 40
0.4844283874
 40
0.5549109127
 40
0.6222468261
 40
0.6856497902
 40
0.7447213646
 40
0.7995754051
 40
0.8256684489
 40
0.8510356446
 40
0.8758668636
 40
0.9003809213
 40
0.9248137204
 40
0.9494098162
 40
0.9744085283
 40
1.0
 40
1.0
 40
1.0
 40
1.0
 10
191.3160285542
 20
192.7396815205
 30
0.0
 10
190.3678799577
 20
193.253948694
 30
0.0
 10
188.5052792561
 20
194.5093600575
 30
0.0
 10
185.9788365472
 20
196.880056435
 30
0.0
 10
183.6927542403
 20
199.7316675032
 30
0.0
 10
181.7168468316
 20
202.9757994452
 30
0.0
 10
180.1105565958
 20
206.5130634037
 30
0.0
 10
178.9231630998
 20
210.2346461021
 30
0.0
 10
178.1911729111
 20
214.0261357258
 30
0.0
 10
177.937421873
 20
217.7712635732
 30
0.0
 10
178.1704676946
 20
221.3556605544
 30
0.0
 10
178.8856050844
 20
224.6708855093
 30
0.0
 10
180.0643502955
 20
227.6155214689
 30
0.0
 10
181.4349444165
 20
229.7210221112
 30
0.0
 10
182.727322395
 20
231.1078420765
 30
0.0
 10
183.7685532273
 20
231.9843781393
 30
0.0
 10
184.8891124215
 20
232.7065655509
 30
0.0
 10
186.0800944647
 20
233.2679765286
 30
0.0
 10
187.3314219436
 20
233.6640077911
 30
0.0
 10
188.6328504426
 20
233.8911992362
 30
0.0
 10
189.9729964838
 20
233.9477362163
 30
0.0
 10
190.8726870663
 20
233.872976414
 30
0.0
 10
191.3235074899
 20
233.8088214526
 30
0.0
  0
SPLINE
  5
C93
100
AcDbEntity
  8
0
100
AcDbSpline
 62
3
  6
CONTINUOUS
 70
0
 71
3
 72
17
 73
13
 74
0
 42
0.0000001
 43
0.0000001
 44
0.0000000001
 40
0.0
 40
0.0
 40
0.0
 40
0.0
 40
0.1476939443
 40
0.2890277629
 40
0.42328105
 40
0.5502005096
 40
0.6700747047
 40
0.7838206719
 40
0.8389233069
 40
0.8931301058
 40
0.9467215787
 40
1.0
 40
1.0
 40
1.0
 40
1.0
 10
249.5780335071
 20
220.4829854944
 30
0.0
 10
249.5780335071
 20
219.5155872394
 30
0.0
 10
249.4825641534
 20
217.6206499413
 30
0.0
 10
249.0361413605
 20
214.8782406306
 30
0.0
 10
248.296508304
 20
212.3400631306
 30
0.0
 10
247.275500239
 20
210.0530131886
 30
0.0
 10
245.9899776344
 20
208.0601268866
 30
0.0
 10
244.7004009429
 20
206.6612797675
 30
0.0
 10
243.565294284
 20
205.7382913727
 30
0.0
 10
242.6740172301
 20
205.1483375868
 30
0.0
 10
241.7385435492
 20
204.6567311927
 30
0.0
 10
241.0873975246
 20
204.395837505
 30
0.0
 10
240.757198504
 20
204.282912942
 30
0.0
  0
SPLINE
  5
C94
100
AcDbEntity
  8
0
100
AcDbSpline
 62
3
  6
CONTINUOUS
 70
0
 71
3
 72
25
 73
21
 74
0
 42
0.0000001
 43
0.0000001
 44
0.0000000001
 40
0.0
 40
0.0
 40
0.0
 40
0.0
 40
0.0238090442
 40
0.0477404952
 40
0.0719125311
 40
0.0964365536
 40
0.1468841662
 40
0.1997833909
 40
0.2555499328
 40
0.3143668465
 40
0.3762065909
 40
0.4408621832
 40
0.5079801991
 40
0.577092355
 40
0.6476450118
 40
0.7190259757
 40
0.7905923087
 40
0.8616898114
 40
0.9316923787
 40
1.0
 40
1.0
 40
1.0
 40
1.0
 10
225.8719565756
 20
247.8079171287
 30
0.0
 10
226.1803088732
 20
247.9133703441
 30
0.0
 10
226.80922005
 20
248.0951115008
 30
0.0
 10
227.7780553883
 20
248.2767019468
 30
0.0
 10
228.7695394381
 20
248.3670928554
 30
0.0
 10
230.1281891002
 20
248.3653850517
 30
0.0
 10
231.8715916176
 20
248.1262434584
 30
0.0
 10
233.9601195827
 20
247.479592996
 30
0.0
 10
236.0334242997
 20
246.4840479918
 30
0.0
 10
238.0586170298
 20
245.1572986058
 30
0.0
 10
240.0043272098
 20
243.5216274013
 30
0.0
 10
241.8400320973
 20
241.6037428403
 30
0.0
 10
243.536750705
 20
239.4346612821
 30
0.0
 10
245.0674889211
 20
237.0493572468
 30
0.0
 10
246.4077477821
 20
234.4862842031
 30
0.0
 10
247.5360301757
 20
231.7867718228
 30
0.0
 10
248.434101149
 20
228.9944130241
 30
0.0
 10
249.087580134
 20
226.1541159538
 30
0.0
 10
249.4857170065
 20
223.3120797128
 30
0.0
 10
249.5780335071
 20
221.4179444948
 30
0.0
 10
249.5780335071
 20
220.4829854944
 30
0.0
  0
ELLIPSE
  5
C95
100
AcDbEntity
  8
RUNDUNGEN
100
AcDbEllipse
 62
7
  6
CONTINUOUS
 10
217.3882010063
 20
-989.5686274095
 30
0.0
 11
-0.0
 21
1886.6454731885
 31
0.0
 40
0.0151169134
 41
0.9465972631
 42
0.9522036439
  0
ELLIPSE
  5
C96
100
AcDbEntity
  8
RUNDUNGEN
100
AcDbEllipse
 62
7
  6
CONTINUOUS
 10
217.3882010063
 20
1212.9569473475
 30
0.0
 11
-0.0
 21
1886.6454731885
 31
0.0
 40
0.0151169134
 41
-2.1949953905
 42
-2.1893890097
  0
ELLIPSE
  5
C97
100
AcDbEntity
  8
RUNDUNGEN
100
AcDbEllipse
 62
7
  6
CONTINUOUS
 10
205.6412311504
 20
214.3071712837
 30
0.0
 11
-0.129427219
 21
0.3784849583
 31
0.0
 40
0.6645042046
 41
1.0955281739
 42
2.6662483482
  0
ELLIPSE
  5
C98
100
AcDbEntity
  8
RUNDUNGEN
100
AcDbEllipse
 62
7
  6
CONTINUOUS
 10
204.6159263177
 20
216.0673851208
 30
0.0
 11
-0.129427219
 21
0.3784849583
 31
0.0
 40
0.6645042046
 41
1.0955281739
 42
2.6662483482
  0
ELLIPSE
  5
C99
100
AcDbEntity
  8
RUNDUNGEN
100
AcDbEllipse
 62
7
  6
CONTINUOUS
 10
206.8761889163
 20
213.3178797039
 30
0.0
 11
0.1274501892
 21
0.3791555973
 31
0.0
 40
0.6586539793
 41
-4.2404979582
 42
-3.1449997173
  0
ELLIPSE
  5
C9A
100
AcDbEntity
  8
RUNDUNGEN
100
AcDbEllipse
 62
7
  6
CONTINUOUS
 10
206.8761889163
 20
206.1672110483
 30
0.0
 11
0.1274501892
 21
0.3791555973
 31
0.0
 40
0.6586539793
 41
0.4893443147
 42
2.042687349
  0
ELLIPSE
  5
C9B
100
AcDbEntity
  8
RUNDUNGEN
100
AcDbEllipse
 62
7
  6
CONTINUOUS
 10
206.3129610521
 20
213.3256434043
 30
0.0
 11
-0.129427219
 21
0.3784849583
 31
0.0
 40
0.6645042046
 41
-2.0460644797
 42
-0.4753443053
  0
ELLIPSE
  5
C9C
100
AcDbEntity
  8
RUNDUNGEN
100
AcDbEllipse
 62
7
  6
CONTINUOUS
 10
204.0502193523
 20
217.0125937692
 30
0.0
 11
-0.129427219
 21
0.3784849583
 31
0.0
 40
0.6645042046
 41
-2.0460644797
 42
-0.4753443053
  0
ELLIPSE
  5
C9D
100
AcDbEntity
  8
RUNDUNGEN
100
AcDbEllipse
 62
7
  6
CONTINUOUS
 10
204.651243961
 20
214.7396860114
 30
0.0
 11
-0.3235680474
 21
0.9462123958
 31
0.0
 40
0.6645042046
 41
-2.0460644797
 42
-0.4753443053
  0
ELLIPSE
  5
C9E
100
AcDbEntity
  8
RUNDUNGEN
100
AcDbEllipse
 62
7
  6
CONTINUOUS
 10
186.3174478359
 20
212.2448518513
 30
0.0
 11
-0.129427219
 21
0.3784849583
 31
0.0
 40
0.6645042046
 41
-2.0460644797
 42
-0.4753443053
  0
ELLIPSE
  5
C9F
100
AcDbEntity
  8
RUNDUNGEN
100
AcDbEllipse
 62
7
  6
CONTINUOUS
 10
187.3427526687
 20
210.4846380143
 30
0.0
 11
-0.129427219
 21
0.3784849583
 31
0.0
 40
0.6645042046
 41
-2.0460644797
 42
-0.4753443053
  0
ELLIPSE
  5
CA0
100
AcDbEntity
  8
RUNDUNGEN
100
AcDbEllipse
 62
7
  6
CONTINUOUS
 10
204.6159263177
 20
204.5768646871
 30
0.0
 11
-0.1294750955
 21
0.3784947847
 31
0.0
 40
0.6644218434
 41
-0.4753823702
 42
1.0953378041
  0
ELLIPSE
  5
CA1
100
AcDbEntity
  8
RUNDUNGEN
100
AcDbEllipse
 62
7
  6
CONTINUOUS
 10
205.6412311504
 20
205.6357287125
 30
0.0
 11
-0.1294750955
 21
0.3784947847
 31
0.0
 40
0.6644218434
 41
-0.4753823702
 42
1.0953378041
  0
ELLIPSE
  5
CA2
100
AcDbEntity
  8
RUNDUNGEN
100
AcDbEllipse
 62
7
  6
CONTINUOUS
 10
204.0502193523
 20
204.0186223935
 30
0.0
 11
-0.1294750955
 21
0.3784947847
 31
0.0
 40
0.6644218434
 41
-3.6169750238
 42
-2.0462548495
  0
ELLIPSE
  5
CA3
100
AcDbEntity
  8
RUNDUNGEN
100
AcDbEllipse
 62
7
  6
CONTINUOUS
 10
206.3129610521
 20
206.1577662774
 30
0.0
 11
-0.1294750955
 21
0.3784947847
 31
0.0
 40
0.6644218434
 41
-3.6169750238
 42
-2.0462548495
  0
ELLIPSE
  5
CA4
100
AcDbEntity
  8
RUNDUNGEN
100
AcDbEllipse
 62
7
  6
CONTINUOUS
 10
204.651243961
 20
205.8804051056
 30
0.0
 11
-0.3236877388
 21
0.9462369618
 31
0.0
 40
0.6644218434
 41
-3.6169750238
 42
-2.0462548495
  0
ELLIPSE
  5
CA5
100
AcDbEntity
  8
RUNDUNGEN
100
AcDbEllipse
 62
7
  6
CONTINUOUS
 10
186.3174478359
 20
220.9162944225
 30
0.0
 11
-0.1294750955
 21
0.3784947847
 31
0.0
 40
0.6644218434
 41
2.6662102833
 42
4.2369304577
  0
ELLIPSE
  5
CA6
100
AcDbEntity
  8
RUNDUNGEN
100
AcDbEllipse
 62
7
  6
CONTINUOUS
 10
187.3074350253
 20
211.8123371236
 30
0.0
 11
-0.3235680474
 21
0.9462123958
 31
0.0
 40
0.6645042046
 41
1.0955281739
 42
2.6662483482
  0
ELLIPSE
  5
CA7
100
AcDbEntity
  8
RUNDUNGEN
100
AcDbEllipse
 62
7
  6
CONTINUOUS
 10
187.908459634
 20
222.5334007416
 30
0.0
 11
-0.1294750955
 21
0.3784947847
 31
0.0
 40
0.6644218434
 41
5.8078029369
 42
7.3785231113
  0
ELLIPSE
  5
CA8
100
AcDbEntity
  8
RUNDUNGEN
100
AcDbEllipse
 62
7
  6
CONTINUOUS
 10
185.6457179342
 20
220.3942568576
 30
0.0
 11
-0.1294750955
 21
0.3784947847
 31
0.0
 40
0.6644218434
 41
5.8078029369
 42
7.3785231113
  0
ELLIPSE
  5
CA9
100
AcDbEntity
  8
RUNDUNGEN
100
AcDbEllipse
 62
7
  6
CONTINUOUS
 10
187.3074350253
 20
220.6716180295
 30
0.0
 11
-0.3236877388
 21
0.9462369618
 31
0.0
 40
0.6644218434
 41
5.8078029369
 42
7.3785231113
  0
ELLIPSE
  5
CAA
100
AcDbEntity
  8
RUNDUNGEN
100
AcDbEllipse
 62
7
  6
CONTINUOUS
 10
187.908459634
 20
209.5394293658
 30
0.0
 11
-0.129427219
 21
0.3784849583
 31
0.0
 40
0.6645042046
 41
1.0955281739
 42
2.6662483482
  0
ELLIPSE
  5
CAB
100
AcDbEntity
  8
RUNDUNGEN
100
AcDbEllipse
 62
7
  6
CONTINUOUS
 10
185.6457179342
 20
213.2263797308
 30
0.0
 11
-0.129427219
 21
0.3784849583
 31
0.0
 40
0.6645042046
 41
1.0955281739
 42
2.6662483482
  0
ELLIPSE
  5
CAC
100
AcDbEntity
  8
RUNDUNGEN
100
AcDbEllipse
 62
7
  6
CONTINUOUS
 10
187.3427526687
 20
221.9751584479
 30
0.0
 11
-0.1294750955
 21
0.3784947847
 31
0.0
 40
0.6644218434
 41
2.6662102833
 42
4.2369304577
  0
ELLIPSE
  5
CAD
100
AcDbEntity
  8
RUNDUNGEN
100
AcDbEllipse
 62
7
  6
CONTINUOUS
 10
-555.0831701862
 20
-28.1309212106
 30
0.0
 11
1334.2066592966
 21
425.2137048945
 31
0.0
 40
0.0090667987
 41
5.3432078307
 42
5.3488142115
  0
ELLIPSE
  5
CAE
100
AcDbEntity
  8
RUNDUNGEN
100
AcDbEllipse
 62
7
  6
CONTINUOUS
 10
-555.0831701862
 20
-59.0740700686
 30
0.0
 11
1334.2043194132
 21
487.1071346925
 31
0.0
 40
0.0094317445
 41
-0.9405313214
 42
-0.9349249406
  0
ELLIPSE
  5
CAF
100
AcDbEntity
  8
0
100
AcDbEllipse
 62
7
  6
CONTINUOUS
 10
801.356932251
 20
420.3273426087
 30
0.0
 11
4289.1500541374
 21
1456.797788569
 31
0.0
 40
0.004144597
 41
1.7116455757
 42
1.7118850346
  0
ENDSEC
  0
SECTION
  2
OBJECTS
  0
DICTIONARY
  5
C
100
AcDbDictionary
280
0
281
1
  3
ACAD_GROUP
350
D
  3
ACAD_MLINESTYLE
350
17
  3
ACAD_LAYOUT
350
1A
  3
ACAD_PLOTSETTINGS
350
19
  3
ACAD_PLOTSTYLENAME
350
E
  3
ACAD_TABLESTYLE
350
       CB0
  0
DICTIONARY
  5
D
102
{ACAD_REACTORS
330
C
102
}
100
AcDbDictionary
280
0
281
1
  0
ACDBDICTIONARYWDFLT
  5
E
102
{ACAD_REACTORS
330
C
102
}
100
AcDbDictionary
281
1
  3
Normal
350
F
100
AcDbDictionaryWithDefault
340
F
  0
DICTIONARY
  5
17
102
{ACAD_REACTORS
330
C
102
}
100
AcDbDictionary
280
0
281
1
  3
Standard
350
18
  0
DICTIONARY
  5
CB0
330
C
100
AcDbDictionary
281
1
  3
Standard
350
       CB3
  3
Standard1
350
       CB4
  0
DICTIONARY
  5
19
102
{ACAD_REACTORS
330
C
102
}
100
AcDbDictionary
281
1
  0
DICTIONARY
  5
1A
102
{ACAD_REACTORS
330
C
102
}
100
AcDbDictionary
281
1
  3
Model
350
CB1
  3
Layout1
350
CB2
  0
ACDBPLACEHOLDER
  5
F
102
{ACAD_REACTORS
330
E
102
}
  0
MLINESTYLE
  5
18
102
{ACAD_REACTORS
330
17
102
}
100
AcDbMlineStyle
  2
STANDARD
 70
0
  3

 62
256
 51
90.0
 52
90.0
 71
2
 49
0.5
 62
256
  6
BYLAYER
 49
-0.5
 62
256
  6
BYLAYER
  0
LAYOUT
  5
CB1
102
{ACAD_REACTORS
330
1A
102
}
100
AcDbPlotSettings
  1

  2
none_device
  4
ISO_A3_(420.00_x_297.00_MM)
  6

 40
0.0
 41
0.0
 42
0.0
 43
0.0
 44
420.0
 45
297.0
 46
0.0
 47
0.0
 48
0.0
 49
0.0
140
0.0
141
0.0
142
1.0
143
1.0
 70
1024
 72
1
 73
0
 74
0
  7

 75
0
147
1.0
148
0.0
149
0.0
100
AcDbLayout
  1
Model
 70
0
 71
0
 10
0.0
 20
0.0
 11
420.0
 21
297.0
 12
0.0
 22
0.0
 32
0.0
 14
0.0
 24
0.0
 34
0.0
 15
0.0
 25
0.0
 35
0.0
146
0.0
 13
0.0
 23
0.0
 33
0.0
 16
1.0
 26
0.0
 36
0.0
 17
0.0
 27
1.0
 37
0.0
 76
0
330
210
345
0
346
0
  0
LAYOUT
  5
CB2
102
{ACAD_REACTORS
330
1A
102
}
100
AcDbPlotSettings
  1

  2
none_device
  4
ISO_A3_(420.00_x_297.00_MM)
  6

 40
0.0
 41
0.0
 42
0.0
 43
0.0
 44
420.0
 45
297.0
 46
0.0
 47
0.0
 48
0.0
 49
0.0
140
0.0
141
0.0
142
1.0
143
1.0
 70
0
 72
1
 73
0
 74
0
  7

 75
0
147
1.0
148
0.0
149
0.0
100
AcDbLayout
  1
Layout1
 70
0
 71
1
 10
0.0
 20
0.0
 11
420.0
 21
297.0
 12
0.0
 22
0.0
 32
0.0
 14
0.0
 24
0.0
 34
0.0
 15
0.0
 25
0.0
 35
0.0
146
0.0
 13
0.0
 23
0.0
 33
0.0
 16
1.0
 26
0.0
 36
0.0
 17
0.0
 27
1.0
 37
0.0
 76
0
330
211
345
0
346
0
  0
TABLESTYLE
  5
CB3
102
{ACAD_REACTORS
330
CB0
330
307
102
}
330
CB0
100
AcDbTableStyle
  3
Standard
 70
0
 71
0
 40
0.06
 41
0.06
280
1
281
1
  7
Standard
140
0.18
170
1
 62
0
 63
7
283
0
  7
Standard
140
0.18
170
1
 62
0
 63
7
283
0
  7
Standard
140
0.18
170
1
 62
0
 63
7
283
0
  0
TABLESTYLE
  5
CB4
102
{ACAD_REACTORS
330
CB0
102
}
330
CB0
100
AcDbTableStyle
  3
Standard1
 70
1
 71
0
 40
0.06
 41
0.06
280
1
281
1
  7
Standard
140
0.18
170
1
 62
0
 63
7
283
0
  7
Standard
140
0.18
170
1
 62
0
 63
7
283
0
  7
Standard
140
0.18
170
1
 62
0
 63
7
283
0
  0
ENDSEC
  0
EOF
