999
DXF file: st-nbb75dfg.dxf
999
Pro/ENGINEER 2001040 by Parametric Technology Corporation
0
SECTION
2
HEADER
9
$ACADVER
1
AC1012
9
$EXTMAX
10
210.0000000000
20
297.0000000000
9
$EXTMIN
10
0.0000000000
20
0.0000000000
9
$LIMMIN
10
0.0000000000
20
0.0000000000
9
$LIMMAX
10
210.0000000000
20
297.0000000000
9
$VIEWCTR
10
105.0000000000
20
148.5000000000
9
$VIEWSIZE
40
297.0000000000
9
$CLAYER
8
0
9
$LTSCALE
40
19.3600000000
9
$CELTYPE
6
BYLAYER
9
$DIMSCALE
40
1
9
$DIMASZ
40
3.5000000000
9
$DIMEXO
40
2.2000000000
9
$DIMDLI
40
13.3760000000
9
$DIMEXE
40
6.3360000000
9
$DIMCEN
40
3.1680000000
9
$DIMTXT
40
3.9776785714
9
$DIMLFAC
40
1.0000000000
0
ENDSEC
0
SECTION
2
CLASSES
0
ENDSEC
0
SECTION
2
TABLES
0
TABLE
2
VPORT
5
1F4
100
AcDbSymbolTable
70
2
0
VPORT
5
1F5
100
AcDbSymbolTableRecord
100
AcDbViewportTableRecord
2
*ACTIVE
70
0
10
0.0
20
0.0
11
1.0
21
1.0
12
105.0000000000
22
148.5000000000
13
0.0
23
0.0
14
1.0
24
1.0
15
0.0
25
0.0
16
0.0
26
0.0
36
1.0
17
0.0
27
0.0
37
0.0
40
297.0000000000
41
0.7070707071
42
50.0
43
0.0
44
0.0
50
0.0
51
0.0
71
0
72
100
73
1
74
1
75
0
76
0
77
0
78
0
0
ENDTAB
0
TABLE
2
LTYPE
5
1F6
100
AcDbSymbolTable
70
6
0
LTYPE
5
1F7
100
AcDbSymbolTableRecord
100
AcDbLinetypeTableRecord
2
BYBLOCK
70
0
3

72
65
73
0
40
0.0
0
LTYPE
5
1F8
100
AcDbSymbolTableRecord
100
AcDbLinetypeTableRecord
2
BYLAYER
70
0
3

72
65
73
0
40
0.0
0
LTYPE
5
1F9
100
AcDbSymbolTableRecord
100
AcDbLinetypeTableRecord
2
CONTINUOUS
70
64
3
Solid line
72
65
73
0
40
0
0
LTYPE
5
1FA
100
AcDbSymbolTableRecord
100
AcDbLinetypeTableRecord
2
CENTER
70
64
3
____ _ ____ _ ____ _ ____ _ ____ _ ____ _ ____
72
65
73
4
40
0.6
49
0.375
74
0
49
-0.075
74
0
49
0.075
74
0
49
-0.075
74
0
0
LTYPE
5
1FB
100
AcDbSymbolTableRecord
100
AcDbLinetypeTableRecord
2
HIDDEN
70
64
3
- - - - - - - - - - - - - - - - - - - -
72
65
73
2
40
0.2
49
0.1
74
0
49
-0.1
74
0
0
LTYPE
5
1FC
100
AcDbSymbolTableRecord
100
AcDbLinetypeTableRecord
2
PHANTOM
70
64
3
_____ _ _ _____ _ _ _____ _ _ _____
72
65
73
6
40
0.8
49
0.45
74
0
49
-0.05
74
0
49
0.1
74
0
49
-0.05
74
0
49
0.1
74
0
49
-0.05
74
0
0
LTYPE
5
1FD
100
AcDbSymbolTableRecord
100
AcDbLinetypeTableRecord
2
DOT
70
64
3
. . . . . . . . . . . . . . . . . . . .
72
65
73
2
40
0.2
49
0.1
74
0
49
-0.1
74
0
0
LTYPE
5
1FE
100
AcDbSymbolTableRecord
100
AcDbLinetypeTableRecord
2
DASHED
70
64
3
- - - - - - - - - - - - - - - - - - - -
72
65
73
2
40
0.2
49
0.1
74
0
49
-0.1
74
0
0
ENDTAB
0
TABLE
2
LAYER
5
1FF
100
AcDbSymbolTable
70
36
0
LAYER
5
200
100
AcDbSymbolTableRecord
100
AcDbLayerTableRecord
2
0
70
0
62
7
6
CONTINUOUS
0
LAYER
5
201
100
AcDbSymbolTableRecord
100
AcDbLayerTableRecord
2
DEFAULT_1
70
0
62
7
6
CENTER
0
LAYER
5
202
100
AcDbSymbolTableRecord
100
AcDbLayerTableRecord
2
DEFAULT_2
70
0
62
8
6
HIDDEN
0
LAYER
5
203
100
AcDbSymbolTableRecord
100
AcDbLayerTableRecord
2
DEFAULT_3
70
0
62
7
6
PHANTOM
0
LAYER
5
204
100
AcDbSymbolTableRecord
100
AcDbLayerTableRecord
2
ZEICHNUNGSBEMAßUNGEN
70
0
62
7
6
CONTINUOUS
0
ENDTAB
0
TABLE
2
STYLE
5
205
100
AcDbSymbolTable
70
1
0
STYLE
5
206
100
AcDbSymbolTableRecord
100
AcDbTextStyleTableRecord
2
STANDARD
70
0
40
0.0
41
0.80
50
0.0
71
0
42
0.2
3
txt
4

0
ENDTAB
0
TABLE
2
VIEW
5
207
100
AcDbSymbolTable
70
0
0
ENDTAB
0
TABLE
2
UCS
5
208
100
AcDbSymbolTable
70
0
0
ENDTAB
0
TABLE
2
APPID
5
209
100
AcDbSymbolTable
70
1
0
APPID
5
20A
100
AcDbSymbolTableRecord
100
AcDbRegAppTableRecord
2
ACAD
70
0
0
ENDTAB
0
TABLE
2
DIMSTYLE
5
20B
100
AcDbSymbolTable
0
DIMSTYLE
105
20C
100
AcDbSymbolTableRecord
100
AcDbDimStyleTableRecord
2
STANDARD
70
0
3

4

5

6

7

40
1.0
41
0.18
42
0.0625
43
0.38
44
0.18
45
0.0
46
0.0
47
0.0
48
0.0
140
0.18
141
0.09
142
0.0
143
25.4
144
1.0
145
0.0
146
1.0
147
0.09
71
0
72
0
73
1
74
1
75
0
76
0
77
0
78
0
170
0
171
2
172
0
173
0
174
0
175
0
176
0
177
0
178
0
270
2
271
4
272
4
273
2
274
2
340
206
275
0
280
0
281
0
282
0
283
1
284
0
285
0
286
0
287
3
288
0
0
ENDTAB
0
TABLE
2
BLOCK_RECORD
5
20D
100
AcDbSymbolTable
70
0
0
BLOCK_RECORD
5
20E
100
AcDbSymbolTableRecord
100
AcDbBlockTableRecord
2
*MODEL_SPACE
0
BLOCK_RECORD
5
20F
100
AcDbSymbolTableRecord
100
AcDbBlockTableRecord
2
*PAPER_SPACE
0
BLOCK_RECORD
5
210
100
AcDbSymbolTableRecord
100
AcDbBlockTableRecord
2
NEUTRIK_LOGO_BL0
0
BLOCK_RECORD
5
211
100
AcDbSymbolTableRecord
100
AcDbBlockTableRecord
2
*D0
0
BLOCK_RECORD
5
212
100
AcDbSymbolTableRecord
100
AcDbBlockTableRecord
2
*D1
0
BLOCK_RECORD
5
213
100
AcDbSymbolTableRecord
100
AcDbBlockTableRecord
2
*D2
0
BLOCK_RECORD
5
214
100
AcDbSymbolTableRecord
100
AcDbBlockTableRecord
2
*D3
0
BLOCK_RECORD
5
215
100
AcDbSymbolTableRecord
100
AcDbBlockTableRecord
2
*D4
0
BLOCK_RECORD
5
216
100
AcDbSymbolTableRecord
100
AcDbBlockTableRecord
2
*D5
0
BLOCK_RECORD
5
217
100
AcDbSymbolTableRecord
100
AcDbBlockTableRecord
2
*D6
0
BLOCK_RECORD
5
218
100
AcDbSymbolTableRecord
100
AcDbBlockTableRecord
2
*D7
0
ENDTAB
0
ENDSEC
0
SECTION
2
BLOCKS
0
BLOCK
5
219
100
AcDbEntity
8
0
100
AcDbBlockBegin
2
*MODEL_SPACE
70
0
10
0.0000000000
20
0.0000000000
3
*MODEL_SPACE
1

3
*MODEL_SPACE
1

0
ENDBLK
5
21A
100
AcDbEntity
8
0
100
AcDbBlockEnd
0
BLOCK
5
21B
100
AcDbEntity
8
0
100
AcDbBlockBegin
2
*PAPER_SPACE
70
0
10
0.0000000000
20
0.0000000000
3
*PAPER_SPACE
1

3
*PAPER_SPACE
1

0
ENDBLK
5
21C
100
AcDbEntity
8
0
100
AcDbBlockEnd
0
BLOCK
5
21D
100
AcDbEntity
8
0
100
AcDbBlockBegin
62
2
6
CONTINUOUS
2
NEUTRIK_LOGO_BL0
70
64
10
0.0000000000
20
0.0000000000
3
NEUTRIK_LOGO_BL0
1

0
LINE
5
21E
100
AcDbEntity
8
0
100
AcDbLine
62
2
6
CONTINUOUS
10
77.5544360471
20
8.0329859648
11
75.0539855722
21
9.5420032339
0
LINE
5
21F
100
AcDbEntity
8
0
100
AcDbLine
62
2
6
CONTINUOUS
10
75.2018073047
20
10.3803457168
11
77.7022587796
21
8.8713284476
0
LINE
5
220
100
AcDbEntity
8
0
100
AcDbLine
62
2
6
CONTINUOUS
10
107.6509415813
20
8.0329859648
11
106.0530264731
21
8.9551632959
0
LINE
5
221
100
AcDbEntity
8
0
100
AcDbLine
62
2
6
CONTINUOUS
10
97.3194792782
20
8.8713284476
11
98.5968389666
21
8.0329859648
0
LINE
5
222
100
AcDbEntity
8
0
100
AcDbLine
62
2
6
CONTINUOUS
10
100.5250274771
20
8.0329859648
11
99.2476677888
21
8.8713284476
0
LINE
5
223
100
AcDbEntity
8
0
100
AcDbLine
62
2
6
CONTINUOUS
10
107.8554912111
20
9.2904996891
11
109.7467977884
21
8.0329859648
0
LINE
5
224
100
AcDbEntity
8
0
100
AcDbLine
62
2
6
CONTINUOUS
10
115.1413990258
20
10.1843850714
11
115.4712004290
21
8.8651804588
0
LINE
5
225
100
AcDbEntity
8
0
100
AcDbLine
62
2
6
CONTINUOUS
10
115.5621982643
20
8.5011891175
11
115.6792490525
21
8.0329859648
0
LINE
5
226
100
AcDbEntity
8
0
100
AcDbLine
62
2
6
CONTINUOUS
10
116.6116883650
20
10.3803457168
11
117.1985283030
21
8.0329859648
0
LINE
5
227
100
AcDbEntity
8
0
100
AcDbLine
62
2
6
CONTINUOUS
10
73.1950539363
20
8.0329859648
11
73.6089561873
21
10.3803457168
0
LINE
5
228
100
AcDbEntity
8
0
100
AcDbLine
62
2
6
CONTINUOUS
10
75.0539855722
20
9.5420032339
11
74.7879050537
21
8.0329859648
0
LINE
5
229
100
AcDbEntity
8
0
100
AcDbLine
62
2
6
CONTINUOUS
10
77.7022587796
20
8.8713284476
11
77.9683382981
21
10.3803457168
0
LINE
5
22A
100
AcDbEntity
8
0
100
AcDbLine
62
2
6
CONTINUOUS
10
79.5611904155
20
10.3803457168
11
79.1472871645
21
8.0329859648
0
LINE
5
22B
100
AcDbEntity
8
0
100
AcDbLine
62
2
6
CONTINUOUS
10
80.4048008888
20
8.0329859648
11
80.8187041397
21
10.3803457168
0
LINE
5
22C
100
AcDbEntity
8
0
100
AcDbLine
62
2
6
CONTINUOUS
10
82.2390275694
20
9.8773396271
11
82.1651167031
21
9.4581683856
0
LINE
5
22D
100
AcDbEntity
8
0
100
AcDbLine
62
2
6
CONTINUOUS
10
82.0764228636
20
8.9551632959
11
82.0025119974
21
8.5359920545
0
LINE
5
22E
100
AcDbEntity
8
0
100
AcDbLine
62
2
6
CONTINUOUS
10
84.3448077585
20
9.4581683856
11
84.2561139190
21
8.9551632959
0
LINE
5
22F
100
AcDbEntity
8
0
100
AcDbLine
62
2
6
CONTINUOUS
10
85.0104175540
20
10.3803457168
11
84.9217247145
21
9.8773396271
0
LINE
5
230
100
AcDbEntity
8
0
100
AcDbLine
62
2
6
CONTINUOUS
10
84.6852081425
20
8.5359920545
11
84.5965153030
21
8.0329859648
0
LINE
5
231
100
AcDbEntity
8
0
100
AcDbLine
62
2
6
CONTINUOUS
10
85.5789415251
20
8.8501264860
11
85.8487610368
21
10.3803457168
0
LINE
5
232
100
AcDbEntity
8
0
100
AcDbLine
62
2
6
CONTINUOUS
10
87.3577773060
20
10.3803457168
11
87.1119527508
21
8.9862012398
0
LINE
5
233
100
AcDbEntity
8
0
100
AcDbLine
62
2
6
CONTINUOUS
10
88.9423444384
20
8.9070203830
11
89.2021319682
21
10.3803457168
0
LINE
5
234
100
AcDbEntity
8
0
100
AcDbLine
62
2
6
CONTINUOUS
10
90.7111492373
20
10.3803457168
11
90.4145627741
21
8.6983237607
0
LINE
5
235
100
AcDbEntity
8
0
100
AcDbLine
62
2
6
CONTINUOUS
10
91.1945133626
20
9.7935057788
11
91.2979891753
21
10.3803457168
0
LINE
5
236
100
AcDbEntity
8
0
100
AcDbLine
62
2
6
CONTINUOUS
10
92.0577658004
20
8.0329859648
11
92.3681932386
21
9.7935057788
0
LINE
5
237
100
AcDbEntity
8
0
100
AcDbLine
62
2
6
CONTINUOUS
10
94.0448782043
20
9.7935057788
11
93.7344517661
21
8.0329859648
0
LINE
5
238
100
AcDbEntity
8
0
100
AcDbLine
62
2
6
CONTINUOUS
10
95.3220338930
20
10.3803457168
11
95.2185580803
21
9.7935057788
0
LINE
5
239
100
AcDbEntity
8
0
100
AcDbLine
62
2
6
CONTINUOUS
10
95.9088738310
20
10.3803457168
11
95.4949715800
21
8.0329859648
0
LINE
5
23A
100
AcDbEntity
8
0
100
AcDbLine
62
2
6
CONTINUOUS
10
97.1716565457
20
8.0329859648
11
97.3194792782
21
8.8713284476
0
LINE
5
23B
100
AcDbEntity
8
0
100
AcDbLine
62
2
6
CONTINUOUS
10
97.4081721177
20
9.3743345373
11
97.5116479304
21
9.9611744753
0
LINE
5
23C
100
AcDbEntity
8
0
100
AcDbLine
62
2
6
CONTINUOUS
10
101.1957022634
20
8.0329859648
11
101.6096045144
21
10.3803457168
0
LINE
5
23D
100
AcDbEntity
8
0
100
AcDbLine
62
2
6
CONTINUOUS
10
103.2862904800
20
10.3803457168
11
102.8723872291
21
8.0329859648
0
LINE
5
23E
100
AcDbEntity
8
0
100
AcDbLine
62
2
6
CONTINUOUS
10
104.2137358016
20
8.0329859648
11
104.6276390526
21
10.3803457168
0
LINE
5
23F
100
AcDbEntity
8
0
100
AcDbLine
62
2
6
CONTINUOUS
10
106.3043240183
20
10.3803457168
11
106.1121553661
21
9.2904996891
0
LINE
5
240
100
AcDbEntity
8
0
100
AcDbLine
62
2
6
CONTINUOUS
10
106.0530264731
20
8.9551632959
11
105.8904217673
21
8.0329859648
0
LINE
5
241
100
AcDbEntity
8
0
100
AcDbLine
62
2
6
CONTINUOUS
10
117.8923160475
20
8.5313940628
11
118.1405795982
21
9.9393685148
0
LINE
5
242
100
AcDbEntity
8
0
100
AcDbLine
62
2
6
CONTINUOUS
10
119.4637212037
20
8.8526434815
11
119.6196779214
21
9.7371138808
0
LINE
5
243
100
AcDbEntity
8
0
100
AcDbLine
62
2
6
CONTINUOUS
10
120.5561772267
20
8.8812524297
11
120.5944831573
21
9.0984910365
0
LINE
5
244
100
AcDbEntity
8
0
100
AcDbLine
62
2
6
CONTINUOUS
10
121.0125094008
20
8.0329859648
11
121.0173913920
21
8.0606719147
0
LINE
5
245
100
AcDbEntity
8
0
100
AcDbLine
62
2
6
CONTINUOUS
10
121.1430231646
20
8.7731656253
11
121.1620821301
21
8.8812524297
0
LINE
5
246
100
AcDbEntity
8
0
100
AcDbLine
62
2
6
CONTINUOUS
10
122.5272706596
20
8.0329859648
11
122.7151483196
21
9.0984910365
0
LINE
5
247
100
AcDbEntity
8
0
100
AcDbLine
62
2
6
CONTINUOUS
10
122.8291061133
20
9.7447798669
11
122.8541310680
21
9.8867056101
0
LINE
5
248
100
AcDbEntity
8
0
100
AcDbLine
62
2
6
CONTINUOUS
10
109.7467977884
20
8.0329859648
11
107.6509415813
21
8.0329859648
0
LINE
5
249
100
AcDbEntity
8
0
100
AcDbLine
62
2
6
CONTINUOUS
10
73.1950539363
20
8.0329859648
11
74.7879050537
21
8.0329859648
0
LINE
5
24A
100
AcDbEntity
8
0
100
AcDbLine
62
2
6
CONTINUOUS
10
105.8904217673
20
8.0329859648
11
104.2137358016
21
8.0329859648
0
LINE
5
24B
100
AcDbEntity
8
0
100
AcDbLine
62
2
6
CONTINUOUS
10
102.8723872291
20
8.0329859648
11
101.1957022634
21
8.0329859648
0
LINE
5
24C
100
AcDbEntity
8
0
100
AcDbLine
62
2
6
CONTINUOUS
10
93.7344517661
20
8.0329859648
11
92.0577658004
21
8.0329859648
0
LINE
5
24D
100
AcDbEntity
8
0
100
AcDbLine
62
2
6
CONTINUOUS
10
95.4949715800
20
8.0329859648
11
97.1716565457
21
8.0329859648
0
LINE
5
24E
100
AcDbEntity
8
0
100
AcDbLine
62
2
6
CONTINUOUS
10
84.5965153030
20
8.0329859648
11
80.4048008888
21
8.0329859648
0
LINE
5
24F
100
AcDbEntity
8
0
100
AcDbLine
62
2
6
CONTINUOUS
10
98.5968389666
20
8.0329859648
11
100.5250274771
21
8.0329859648
0
LINE
5
250
100
AcDbEntity
8
0
100
AcDbLine
62
2
6
CONTINUOUS
10
79.1472871645
20
8.0329859648
11
77.5544360471
21
8.0329859648
0
LINE
5
251
100
AcDbEntity
8
0
100
AcDbLine
62
2
6
CONTINUOUS
10
111.8930159044
20
8.0329859648
11
113.5278499458
21
8.0329859648
0
LINE
5
252
100
AcDbEntity
8
0
100
AcDbLine
62
2
6
CONTINUOUS
10
115.6792490525
20
8.0329859648
11
117.1985283030
21
8.0329859648
0
LINE
5
253
100
AcDbEntity
8
0
100
AcDbLine
62
2
6
CONTINUOUS
10
121.0125094008
20
8.0329859648
11
122.5272706596
21
8.0329859648
0
LINE
5
254
100
AcDbEntity
8
0
100
AcDbLine
62
2
6
CONTINUOUS
10
113.8790013104
20
8.5011891175
11
115.5621982643
21
8.5011891175
0
LINE
5
255
100
AcDbEntity
8
0
100
AcDbLine
62
2
6
CONTINUOUS
10
82.0025119974
20
8.5359920545
11
84.6852081425
21
8.5359920545
0
LINE
5
256
100
AcDbEntity
8
0
100
AcDbLine
62
2
6
CONTINUOUS
10
114.1519948163
20
8.8651804588
11
115.4712004290
21
8.8651804588
0
LINE
5
257
100
AcDbEntity
8
0
100
AcDbLine
62
2
6
CONTINUOUS
10
120.5561772267
20
8.8812524297
11
121.1620821301
21
8.8812524297
0
LINE
5
258
100
AcDbEntity
8
0
100
AcDbLine
62
2
6
CONTINUOUS
10
84.2561139190
20
8.9551632959
11
82.0764228636
21
8.9551632959
0
LINE
5
259
100
AcDbEntity
8
0
100
AcDbLine
62
2
6
CONTINUOUS
10
120.5944831573
20
9.0984910365
11
122.7151483196
21
9.0984910365
0
LINE
5
25A
100
AcDbEntity
8
0
100
AcDbLine
62
2
6
CONTINUOUS
10
98.4693321973
20
9.3743345373
11
97.4081721177
21
9.3743345373
0
LINE
5
25B
100
AcDbEntity
8
0
100
AcDbLine
62
2
6
CONTINUOUS
10
82.1651167031
20
9.4581683856
11
84.3448077585
21
9.4581683856
0
LINE
5
25C
100
AcDbEntity
8
0
100
AcDbLine
62
2
6
CONTINUOUS
10
121.2929528933
20
9.7447798669
11
122.8291061133
21
9.7447798669
0
LINE
5
25D
100
AcDbEntity
8
0
100
AcDbLine
62
2
6
CONTINUOUS
10
95.2185580803
20
9.7935057788
11
94.0448782043
21
9.7935057788
0
LINE
5
25E
100
AcDbEntity
8
0
100
AcDbLine
62
2
6
CONTINUOUS
10
92.3681932386
20
9.7935057788
11
91.1945133626
21
9.7935057788
0
LINE
5
25F
100
AcDbEntity
8
0
100
AcDbLine
62
2
6
CONTINUOUS
10
84.9217247145
20
9.8773396271
11
82.2390275694
21
9.8773396271
0
LINE
5
260
100
AcDbEntity
8
0
100
AcDbLine
62
2
6
CONTINUOUS
10
97.5116479304
20
9.9611744753
11
98.7657596609
21
9.9611744753
0
LINE
5
261
100
AcDbEntity
8
0
100
AcDbLine
62
2
6
CONTINUOUS
10
73.6089561873
20
10.3803457168
11
75.2018073047
21
10.3803457168
0
LINE
5
262
100
AcDbEntity
8
0
100
AcDbLine
62
2
6
CONTINUOUS
10
77.9683382981
20
10.3803457168
11
79.5611904155
21
10.3803457168
0
LINE
5
263
100
AcDbEntity
8
0
100
AcDbLine
62
2
6
CONTINUOUS
10
80.8187041397
20
10.3803457168
11
85.0104175540
21
10.3803457168
0
LINE
5
264
100
AcDbEntity
8
0
100
AcDbLine
62
2
6
CONTINUOUS
10
99.0107422175
20
10.3803457168
11
95.9088738310
21
10.3803457168
0
LINE
5
265
100
AcDbEntity
8
0
100
AcDbLine
62
2
6
CONTINUOUS
10
85.8487610368
20
10.3803457168
11
87.3577773060
21
10.3803457168
0
LINE
5
266
100
AcDbEntity
8
0
100
AcDbLine
62
2
6
CONTINUOUS
10
89.2021319682
20
10.3803457168
11
90.7111492373
21
10.3803457168
0
LINE
5
267
100
AcDbEntity
8
0
100
AcDbLine
62
2
6
CONTINUOUS
10
91.2979891753
20
10.3803457168
11
95.3220338930
21
10.3803457168
0
LINE
5
268
100
AcDbEntity
8
0
100
AcDbLine
62
2
6
CONTINUOUS
10
101.6096045144
20
10.3803457168
11
103.2862904800
21
10.3803457168
0
LINE
5
269
100
AcDbEntity
8
0
100
AcDbLine
62
2
6
CONTINUOUS
10
104.6276390526
20
10.3803457168
11
106.3043240183
21
10.3803457168
0
LINE
5
26A
100
AcDbEntity
8
0
100
AcDbLine
62
2
6
CONTINUOUS
10
108.0476608634
20
10.3803457168
11
110.1607010394
21
10.3803457168
0
LINE
5
26B
100
AcDbEntity
8
0
100
AcDbLine
62
2
6
CONTINUOUS
10
113.6535357184
20
10.3803457168
11
116.6116883650
21
10.3803457168
0
LINE
5
26C
100
AcDbEntity
8
0
100
AcDbLine
62
2
6
CONTINUOUS
10
111.8930159044
20
8.0329859648
11
113.6535357184
21
10.3803457168
0
LINE
5
26D
100
AcDbEntity
8
0
100
AcDbLine
62
2
6
CONTINUOUS
10
113.5278499458
20
8.0329859648
11
113.8790013104
21
8.5011891175
0
LINE
5
26E
100
AcDbEntity
8
0
100
AcDbLine
62
2
6
CONTINUOUS
10
114.1519948163
20
8.8651804588
11
115.1413990258
21
10.1843850714
0
LINE
5
26F
100
AcDbEntity
8
0
100
AcDbLine
62
2
6
CONTINUOUS
10
106.1121553661
20
9.2904996891
11
108.0476608634
21
10.3803457168
0
LINE
5
270
100
AcDbEntity
8
0
100
AcDbLine
62
2
6
CONTINUOUS
10
110.1607010394
20
10.3803457168
11
107.8554912111
21
9.2904996891
0
ARC
5
271
100
AcDbEntity
8
0
100
AcDbCircle
62
2
6
CONTINUOUS
10
87.4421951532
20
8.9279703451
40
0.3353369670
100
AcDbArc
50
169.9999581174
51
257.3876854477
0
ARC
5
272
100
AcDbEntity
8
0
100
AcDbCircle
62
2
6
CONTINUOUS
10
87.9547452256
20
11.2186881996
40
2.6826964808
100
AcDbArc
50
257.3877479741
51
286.2626659460
0
ARC
5
273
100
AcDbEntity
8
0
100
AcDbCircle
62
2
6
CONTINUOUS
10
88.6121020360
20
8.9652512777
40
0.3353371135
100
AcDbArc
50
286.2627744417
51
349.9999581174
0
ARC
5
274
100
AcDbEntity
8
0
100
AcDbCircle
62
2
6
CONTINUOUS
10
89.9191986705
20
8.7856696027
40
0.5030061094
100
AcDbArc
50
284.4613069912
51
350.0000240953
0
ARC
5
275
100
AcDbEntity
8
0
100
AcDbCircle
62
2
6
CONTINUOUS
10
87.9512572319
20
16.4164137933
40
8.3834278607
100
AcDbArc
50
256.2209051549
51
284.4612653568
0
ARC
5
276
100
AcDbEntity
8
0
100
AcDbCircle
62
2
6
CONTINUOUS
10
86.0743056287
20
8.7627806441
40
0.5030058560
100
AcDbArc
50
170.0000240953
51
256.2208762229
0
ARC
5
277
100
AcDbEntity
8
0
100
AcDbCircle
62
2
6
CONTINUOUS
10
99.5460702487
20
10.1920990574
40
1.3167024847
100
AcDbArc
50
270.8139664646
51
287.3320455010
0
ARC
5
278
100
AcDbEntity
8
0
100
AcDbCircle
62
2
6
CONTINUOUS
10
99.6328970916
20
9.9138785609
40
1.0252482950
100
AcDbArc
50
287.3320415540
51
306.9952583027
0
ARC
5
279
100
AcDbEntity
8
0
100
AcDbCircle
62
2
6
CONTINUOUS
10
99.7658758510
20
9.7373788803
40
0.8042604703
100
AcDbArc
50
306.9952804959
51
331.1991469186
0
ARC
5
27A
100
AcDbEntity
8
0
100
AcDbCircle
62
2
6
CONTINUOUS
10
99.9698034819
20
9.6252650832
40
0.5715468569
100
AcDbArc
50
331.1991187457
51
28.8007934081
0
ARC
5
27B
100
AcDbEntity
8
0
100
AcDbCircle
62
2
6
CONTINUOUS
10
99.7658758510
20
9.5131502861
40
0.8042612359
100
AcDbArc
50
28.8008530814
51
53.0047195041
0
ARC
5
27C
100
AcDbEntity
8
0
100
AcDbCircle
62
2
6
CONTINUOUS
10
99.6328970916
20
9.3366506055
40
1.0252479986
100
AcDbArc
50
53.0047416973
51
72.6679584460
0
ARC
5
27D
100
AcDbEntity
8
0
100
AcDbCircle
62
2
6
CONTINUOUS
10
99.5460702487
20
9.0584301090
40
1.3167024858
100
AcDbArc
50
72.6679544990
51
88.2637233921
0
ARC
5
27E
100
AcDbEntity
8
0
100
AcDbCircle
62
2
6
CONTINUOUS
10
99.1751869199
20
-1.8011792383
40
12.1826353158
100
AcDbArc
50
88.0677150838
51
90.7734183662
0
ARC
5
27F
100
AcDbEntity
8
0
100
AcDbCircle
62
2
6
CONTINUOUS
10
97.8450613271
20
126.7276131626
40
117.8646306221
100
AcDbArc
50
270.6818443076
51
270.8360085966
0
ARC
5
280
100
AcDbEntity
8
0
100
AcDbCircle
62
2
6
CONTINUOUS
10
98.7233307377
20
9.4400284185
40
0.5228699142
100
AcDbArc
50
74.2117758502
51
85.3455498836
0
ARC
5
281
100
AcDbEntity
8
0
100
AcDbCircle
62
2
6
CONTINUOUS
10
98.7726766484
20
9.6145531026
40
0.3415029724
100
AcDbArc
50
49.8059564200
51
74.2116374161
0
ARC
5
282
100
AcDbEntity
8
0
100
AcDbCircle
62
2
6
CONTINUOUS
10
98.8829964487
20
9.7451268663
40
0.1705654939
100
AcDbArc
50
340.1939680669
51
49.8058745946
0
ARC
5
283
100
AcDbEntity
8
0
100
AcDbCircle
62
2
6
CONTINUOUS
10
98.7221697398
20
9.8030467615
40
0.3415041793
100
AcDbArc
50
315.7883508031
51
340.1940327095
0
ARC
5
284
100
AcDbEntity
8
0
100
AcDbCircle
62
2
6
CONTINUOUS
10
98.5921729750
20
9.9295155326
40
0.5228695114
100
AcDbArc
50
298.8638229053
51
315.7882717965
0
ARC
5
285
100
AcDbEntity
8
0
100
AcDbCircle
62
2
6
CONTINUOUS
10
98.4693321973
20
10.1523731293
40
0.7773408920
100
AcDbArc
50
285.0000006491
51
298.8638426666
0
ARC
5
286
100
AcDbEntity
8
0
100
AcDbCircle
62
2
6
CONTINUOUS
10
98.4666332022
20
10.1523751293
40
0.7780452733
100
AcDbArc
50
270.1987562222
51
285.1919461560
0
ARC
5
287
100
AcDbEntity
8
0
100
AcDbCircle
62
2
6
CONTINUOUS
10
120.6619260353
20
-2.9792851063
40
13.3596308353
100
AcDbArc
50
81.6598945895
51
99.8027888696
0
ARC
5
288
100
AcDbEntity
8
0
100
AcDbCircle
62
2
6
CONTINUOUS
10
120.1292479993
20
21.3907487912
40
13.3596309136
100
AcDbArc
50
261.4614728694
51
273.8118136955
0
ARC
5
289
100
AcDbEntity
8
0
100
AcDbCircle
62
2
6
CONTINUOUS
10
118.4389290582
20
9.8867606100
40
0.3029526780
100
AcDbArc
50
99.8027796749
51
169.9998425607
0
ARC
5
28A
100
AcDbEntity
8
0
100
AcDbCircle
62
2
6
CONTINUOUS
10
118.1906655075
20
8.4787871580
40
0.3029519545
100
AcDbArc
50
170.0000288120
51
261.4614258048
0
ARC
5
28B
100
AcDbEntity
8
0
100
AcDbCircle
62
2
6
CONTINUOUS
10
122.5557816080
20
9.9393125149
40
0.3029519545
100
AcDbArc
50
350.0000288120
51
81.6598857953
0
ARC
5
28C
100
AcDbEntity
8
0
100
AcDbCircle
62
2
6
CONTINUOUS
10
120.4567834065
20
6.5595326313
40
3.4740280808
100
AcDbArc
50
80.2083456985
51
99.7818280968
0
ARC
5
28D
100
AcDbEntity
8
0
100
AcDbCircle
62
2
6
CONTINUOUS
10
120.2291178185
20
11.9365299005
40
3.4740282835
100
AcDbArc
50
261.5304821195
51
281.1930777907
0
ARC
5
28E
100
AcDbEntity
8
0
100
AcDbCircle
62
2
6
CONTINUOUS
10
119.9180273815
20
9.6845069760
40
0.3029528628
100
AcDbArc
50
99.7818543358
51
170.0000288120
0
ARC
5
28F
100
AcDbEntity
8
0
100
AcDbCircle
62
2
6
CONTINUOUS
10
120.9960754306
20
9.6844149762
40
0.3029523856
100
AcDbArc
50
11.4934186918
51
80.2083192078
0
ARC
5
290
100
AcDbEntity
8
0
100
AcDbCircle
62
2
6
CONTINUOUS
10
119.7620716637
20
8.8000365767
40
0.3029529393
100
AcDbArc
50
170.0000616530
51
261.5304593161
0
ARC
5
291
100
AcDbEntity
8
0
100
AcDbCircle
62
2
6
CONTINUOUS
10
120.8446737046
20
8.8257725301
40
0.3029520503
100
AcDbArc
50
281.1930976978
51
350.0000288120
0
ENDBLK
5
292
100
AcDbEntity
8
0
100
AcDbBlockEnd
0
BLOCK
5
293
100
AcDbEntity
8
ZEICHNUNGSBEMAßUNGEN
100
AcDbBlockBegin
62
2
6
CONTINUOUS
2
*D0
70
65
10
0.0000000000
20
0.0000000000
3
*D0
1

0
TEXT
5
294
100
AcDbEntity
8
ZEICHNUNGSBEMAßUNGEN
100
AcDbText
62
2
6
CONTINUOUS
10
48.8098285272
20
267.3127345846
40
3.5000000000
1
26
51
15.0000000000
72
5
11
54.3098285272
21
267.3127345846
100
AcDbText
0
TEXT
5
295
100
AcDbEntity
8
ZEICHNUNGSBEMAßUNGEN
100
AcDbText
62
2
6
CONTINUOUS
10
59.3098285272
20
267.3127345846
40
3.5000000000
1
1.024
51
15.0000000000
72
5
11
71.5598285272
21
267.3127345846
100
AcDbText
0
TEXT
5
296
100
AcDbEntity
8
ZEICHNUNGSBEMAßUNGEN
100
AcDbText
62
2
6
CONTINUOUS
10
57.8098285272
20
267.3127345846
40
3.5000000000
1
[
51
15.0000000000
72
5
11
59.3098285272
21
267.3127345846
100
AcDbText
0
TEXT
5
297
100
AcDbEntity
8
ZEICHNUNGSBEMAßUNGEN
100
AcDbText
62
2
6
CONTINUOUS
10
71.5598285272
20
267.3127345846
40
3.5000000000
1
]
51
15.0000000000
72
5
11
73.0598285272
21
267.3127345846
100
AcDbText
0
LINE
5
298
100
AcDbEntity
8
ZEICHNUNGSBEMAßUNGEN
100
AcDbLine
62
2
6
CONTINUOUS
10
85.5505975096
20
246.1076014832
11
85.5505975096
21
267.9068679268
0
LINE
5
299
100
AcDbEntity
8
ZEICHNUNGSBEMAßUNGEN
100
AcDbLine
62
2
6
CONTINUOUS
10
33.5505975096
20
246.1076014832
11
33.5505975096
21
267.9068679268
0
LINE
5
29A
100
AcDbEntity
8
ZEICHNUNGSBEMAßUNGEN
100
AcDbLine
62
2
6
CONTINUOUS
10
85.5505975096
20
266.4068679268
11
59.5505975096
21
266.4068679268
0
LINE
5
29B
100
AcDbEntity
8
ZEICHNUNGSBEMAßUNGEN
100
AcDbLine
62
2
6
CONTINUOUS
10
33.5505975096
20
266.4068679268
11
59.5505975096
21
266.4068679268
0
POLYLINE
5
29C
100
AcDbEntity
8
ZEICHNUNGSBEMAßUNGEN
100
AcDb2dPolyline
62
2
6
CONTINUOUS
66
1
70
0
0
VERTEX
5
29D
100
AcDbEntity
8
ZEICHNUNGSBEMAßUNGEN
100
AcDbVertex
62
2
6
CONTINUOUS
100
AcDb2dVertex
10
82.0505975096
20
265.9693679268
0
VERTEX
5
29E
100
AcDbEntity
8
ZEICHNUNGSBEMAßUNGEN
100
AcDbVertex
62
2
6
CONTINUOUS
100
AcDb2dVertex
10
85.5505975096
20
266.4068679268
0
VERTEX
5
29F
100
AcDbEntity
8
ZEICHNUNGSBEMAßUNGEN
100
AcDbVertex
62
2
6
CONTINUOUS
100
AcDb2dVertex
10
82.0505975096
20
266.8443679268
0
VERTEX
5
2A0
100
AcDbEntity
8
ZEICHNUNGSBEMAßUNGEN
100
AcDbVertex
62
2
6
CONTINUOUS
100
AcDb2dVertex
10
82.0505975096
20
265.9693679268
0
SEQEND
5
2A1
100
AcDbEntity
8
0
0
POLYLINE
5
2A2
100
AcDbEntity
8
ZEICHNUNGSBEMAßUNGEN
100
AcDb2dPolyline
62
2
6
CONTINUOUS
66
1
70
0
0
VERTEX
5
2A3
100
AcDbEntity
8
ZEICHNUNGSBEMAßUNGEN
100
AcDbVertex
62
2
6
CONTINUOUS
100
AcDb2dVertex
10
37.0505975096
20
266.8443679268
0
VERTEX
5
2A4
100
AcDbEntity
8
ZEICHNUNGSBEMAßUNGEN
100
AcDbVertex
62
2
6
CONTINUOUS
100
AcDb2dVertex
10
33.5505975096
20
266.4068679268
0
VERTEX
5
2A5
100
AcDbEntity
8
ZEICHNUNGSBEMAßUNGEN
100
AcDbVertex
62
2
6
CONTINUOUS
100
AcDb2dVertex
10
37.0505975096
20
265.9693679268
0
VERTEX
5
2A6
100
AcDbEntity
8
ZEICHNUNGSBEMAßUNGEN
100
AcDbVertex
62
2
6
CONTINUOUS
100
AcDb2dVertex
10
37.0505975096
20
266.8443679268
0
SEQEND
5
2A7
100
AcDbEntity
8
0
0
ENDBLK
5
2A8
100
AcDbEntity
8
0
100
AcDbBlockEnd
0
BLOCK
5
2A9
100
AcDbEntity
8
ZEICHNUNGSBEMAßUNGEN
100
AcDbBlockBegin
62
2
6
CONTINUOUS
2
*D1
70
65
10
0.0000000000
20
0.0000000000
3
*D1
1

0
TEXT
5
2AA
100
AcDbEntity
8
ZEICHNUNGSBEMAßUNGEN
100
AcDbText
62
2
6
CONTINUOUS
10
130.0535315843
20
267.3127345846
40
3.5000000000
1
34
51
15.0000000000
72
5
11
135.3035315843
21
267.3127345846
100
AcDbText
0
TEXT
5
2AB
100
AcDbEntity
8
ZEICHNUNGSBEMAßUNGEN
100
AcDbText
62
2
6
CONTINUOUS
10
140.3035315843
20
267.3127345846
40
3.5000000000
1
1.339
51
15.0000000000
72
5
11
152.0535315843
21
267.3127345846
100
AcDbText
0
TEXT
5
2AC
100
AcDbEntity
8
ZEICHNUNGSBEMAßUNGEN
100
AcDbText
62
2
6
CONTINUOUS
10
138.8035315843
20
267.3127345846
40
3.5000000000
1
[
51
15.0000000000
72
5
11
140.3035315843
21
267.3127345846
100
AcDbText
0
TEXT
5
2AD
100
AcDbEntity
8
ZEICHNUNGSBEMAßUNGEN
100
AcDbText
62
2
6
CONTINUOUS
10
152.0535315843
20
267.3127345846
40
3.5000000000
1
]
51
15.0000000000
72
5
11
153.5535315843
21
267.3127345846
100
AcDbText
0
LINE
5
2AE
100
AcDbEntity
8
ZEICHNUNGSBEMAßUNGEN
100
AcDbLine
62
2
6
CONTINUOUS
10
105.4306010929
20
222.1076014832
11
105.4306010929
21
267.9068679268
0
LINE
5
2AF
100
AcDbEntity
8
ZEICHNUNGSBEMAßUNGEN
100
AcDbLine
62
2
6
CONTINUOUS
10
173.4306010929
20
222.1076014832
11
173.4306010929
21
267.9068679268
0
LINE
5
2B0
100
AcDbEntity
8
ZEICHNUNGSBEMAßUNGEN
100
AcDbLine
62
2
6
CONTINUOUS
10
105.4306010929
20
266.4068679268
11
139.4306010929
21
266.4068679268
0
LINE
5
2B1
100
AcDbEntity
8
ZEICHNUNGSBEMAßUNGEN
100
AcDbLine
62
2
6
CONTINUOUS
10
173.4306010929
20
266.4068679268
11
139.4306010929
21
266.4068679268
0
POLYLINE
5
2B2
100
AcDbEntity
8
ZEICHNUNGSBEMAßUNGEN
100
AcDb2dPolyline
62
2
6
CONTINUOUS
66
1
70
0
0
VERTEX
5
2B3
100
AcDbEntity
8
ZEICHNUNGSBEMAßUNGEN
100
AcDbVertex
62
2
6
CONTINUOUS
100
AcDb2dVertex
10
108.9306010929
20
266.8443679268
0
VERTEX
5
2B4
100
AcDbEntity
8
ZEICHNUNGSBEMAßUNGEN
100
AcDbVertex
62
2
6
CONTINUOUS
100
AcDb2dVertex
10
105.4306010929
20
266.4068679268
0
VERTEX
5
2B5
100
AcDbEntity
8
ZEICHNUNGSBEMAßUNGEN
100
AcDbVertex
62
2
6
CONTINUOUS
100
AcDb2dVertex
10
108.9306010929
20
265.9693679268
0
VERTEX
5
2B6
100
AcDbEntity
8
ZEICHNUNGSBEMAßUNGEN
100
AcDbVertex
62
2
6
CONTINUOUS
100
AcDb2dVertex
10
108.9306010929
20
266.8443679268
0
SEQEND
5
2B7
100
AcDbEntity
8
0
0
POLYLINE
5
2B8
100
AcDbEntity
8
ZEICHNUNGSBEMAßUNGEN
100
AcDb2dPolyline
62
2
6
CONTINUOUS
66
1
70
0
0
VERTEX
5
2B9
100
AcDbEntity
8
ZEICHNUNGSBEMAßUNGEN
100
AcDbVertex
62
2
6
CONTINUOUS
100
AcDb2dVertex
10
169.9306010929
20
265.9693679268
0
VERTEX
5
2BA
100
AcDbEntity
8
ZEICHNUNGSBEMAßUNGEN
100
AcDbVertex
62
2
6
CONTINUOUS
100
AcDb2dVertex
10
173.4306010929
20
266.4068679268
0
VERTEX
5
2BB
100
AcDbEntity
8
ZEICHNUNGSBEMAßUNGEN
100
AcDbVertex
62
2
6
CONTINUOUS
100
AcDb2dVertex
10
169.9306010929
20
266.8443679268
0
VERTEX
5
2BC
100
AcDbEntity
8
ZEICHNUNGSBEMAßUNGEN
100
AcDbVertex
62
2
6
CONTINUOUS
100
AcDb2dVertex
10
169.9306010929
20
265.9693679268
0
SEQEND
5
2BD
100
AcDbEntity
8
0
0
ENDBLK
5
2BE
100
AcDbEntity
8
0
100
AcDbBlockEnd
0
BLOCK
5
2BF
100
AcDbEntity
8
ZEICHNUNGSBEMAßUNGEN
100
AcDbBlockBegin
62
2
6
CONTINUOUS
2
*D2
70
65
10
0.0000000000
20
0.0000000000
3
*D2
1

0
TEXT
5
2C0
100
AcDbEntity
8
ZEICHNUNGSBEMAßUNGEN
100
AcDbText
62
2
6
CONTINUOUS
10
132.5247301199
20
257.6208309745
40
3.5000000000
1
4,7
51
15.0000000000
72
5
11
140.0247301199
21
257.6208309745
100
AcDbText
0
TEXT
5
2C1
100
AcDbEntity
8
ZEICHNUNGSBEMAßUNGEN
100
AcDbText
62
2
6
CONTINUOUS
10
145.0247301199
20
257.6208309745
40
3.5000000000
1
.185
51
15.0000000000
72
5
11
154.2747301199
21
257.6208309745
100
AcDbText
0
TEXT
5
2C2
100
AcDbEntity
8
ZEICHNUNGSBEMAßUNGEN
100
AcDbText
62
2
6
CONTINUOUS
10
143.5247301199
20
257.6208309745
40
3.5000000000
1
[
51
15.0000000000
72
5
11
145.0247301199
21
257.6208309745
100
AcDbText
0
TEXT
5
2C3
100
AcDbEntity
8
ZEICHNUNGSBEMAßUNGEN
100
AcDbText
62
2
6
CONTINUOUS
10
154.2747301199
20
257.6208309745
40
3.5000000000
1
]
51
15.0000000000
72
5
11
155.7747301199
21
257.6208309745
100
AcDbText
0
LINE
5
2C4
100
AcDbEntity
8
ZEICHNUNGSBEMAßUNGEN
100
AcDbLine
62
2
6
CONTINUOUS
10
163.6306010929
20
253.1076014832
11
163.6306010929
21
258.2149643166
0
LINE
5
2C5
100
AcDbEntity
8
ZEICHNUNGSBEMAßUNGEN
100
AcDbLine
62
2
6
CONTINUOUS
10
173.0306010929
20
244.7464775993
11
173.0306010929
21
258.2149643166
0
LINE
5
2C6
100
AcDbEntity
8
ZEICHNUNGSBEMAßUNGEN
100
AcDbLine
62
2
6
CONTINUOUS
10
163.6306010929
20
256.7149643166
11
168.3306010929
21
256.7149643166
0
LINE
5
2C7
100
AcDbEntity
8
ZEICHNUNGSBEMAßUNGEN
100
AcDbLine
62
2
6
CONTINUOUS
10
168.3306010929
20
256.7149643166
11
132.5247301199
21
256.7149643166
0
LINE
5
2C8
100
AcDbEntity
8
ZEICHNUNGSBEMAßUNGEN
100
AcDbLine
62
2
6
CONTINUOUS
10
173.0306010929
20
256.7149643166
11
168.3306010929
21
256.7149643166
0
POLYLINE
5
2C9
100
AcDbEntity
8
ZEICHNUNGSBEMAßUNGEN
100
AcDb2dPolyline
62
2
6
CONTINUOUS
66
1
70
0
0
VERTEX
5
2CA
100
AcDbEntity
8
ZEICHNUNGSBEMAßUNGEN
100
AcDbVertex
62
2
6
CONTINUOUS
100
AcDb2dVertex
10
167.1306010929
20
257.1524643166
0
VERTEX
5
2CB
100
AcDbEntity
8
ZEICHNUNGSBEMAßUNGEN
100
AcDbVertex
62
2
6
CONTINUOUS
100
AcDb2dVertex
10
163.6306010929
20
256.7149643166
0
VERTEX
5
2CC
100
AcDbEntity
8
ZEICHNUNGSBEMAßUNGEN
100
AcDbVertex
62
2
6
CONTINUOUS
100
AcDb2dVertex
10
167.1306010929
20
256.2774643166
0
VERTEX
5
2CD
100
AcDbEntity
8
ZEICHNUNGSBEMAßUNGEN
100
AcDbVertex
62
2
6
CONTINUOUS
100
AcDb2dVertex
10
167.1306010929
20
257.1524643166
0
SEQEND
5
2CE
100
AcDbEntity
8
0
0
POLYLINE
5
2CF
100
AcDbEntity
8
ZEICHNUNGSBEMAßUNGEN
100
AcDb2dPolyline
62
2
6
CONTINUOUS
66
1
70
0
0
VERTEX
5
2D0
100
AcDbEntity
8
ZEICHNUNGSBEMAßUNGEN
100
AcDbVertex
62
2
6
CONTINUOUS
100
AcDb2dVertex
10
169.5306010929
20
256.2774643166
0
VERTEX
5
2D1
100
AcDbEntity
8
ZEICHNUNGSBEMAßUNGEN
100
AcDbVertex
62
2
6
CONTINUOUS
100
AcDb2dVertex
10
173.0306010929
20
256.7149643166
0
VERTEX
5
2D2
100
AcDbEntity
8
ZEICHNUNGSBEMAßUNGEN
100
AcDbVertex
62
2
6
CONTINUOUS
100
AcDb2dVertex
10
169.5306010929
20
257.1524643166
0
VERTEX
5
2D3
100
AcDbEntity
8
ZEICHNUNGSBEMAßUNGEN
100
AcDbVertex
62
2
6
CONTINUOUS
100
AcDb2dVertex
10
169.5306010929
20
256.2774643166
0
SEQEND
5
2D4
100
AcDbEntity
8
0
0
ENDBLK
5
2D5
100
AcDbEntity
8
0
100
AcDbBlockEnd
0
BLOCK
5
2D6
100
AcDbEntity
8
ZEICHNUNGSBEMAßUNGEN
100
AcDbBlockBegin
62
2
6
CONTINUOUS
2
*D3
70
65
10
0.0000000000
20
0.0000000000
3
*D3
1

0
TEXT
5
2D7
100
AcDbEntity
8
ZEICHNUNGSBEMAßUNGEN
100
AcDbText
62
2
6
CONTINUOUS
10
94.3806427651
20
145.0133009568
40
3.5000000000
1
19
51
15.0000000000
72
5
11
99.1306427651
21
145.0133009568
100
AcDbText
0
TEXT
5
2D8
100
AcDbEntity
8
ZEICHNUNGSBEMAßUNGEN
100
AcDbText
62
2
6
CONTINUOUS
10
104.1306427651
20
145.0133009568
40
3.5000000000
1
.748
51
15.0000000000
72
5
11
114.3806427651
21
145.0133009568
100
AcDbText
0
TEXT
5
2D9
100
AcDbEntity
8
ZEICHNUNGSBEMAßUNGEN
100
AcDbText
62
2
6
CONTINUOUS
10
102.6306427651
20
145.0133009568
40
3.5000000000
1
[
51
15.0000000000
72
5
11
104.1306427651
21
145.0133009568
100
AcDbText
0
TEXT
5
2DA
100
AcDbEntity
8
ZEICHNUNGSBEMAßUNGEN
100
AcDbText
62
2
6
CONTINUOUS
10
114.3806427651
20
145.0133009568
40
3.5000000000
1
]
51
15.0000000000
72
5
11
115.8806427651
21
145.0133009568
100
AcDbText
0
LINE
5
2DB
100
AcDbEntity
8
ZEICHNUNGSBEMAßUNGEN
100
AcDbLine
62
2
6
CONTINUOUS
10
86.3298324823
20
136.8311475410
11
86.3298324823
21
145.6074342989
0
LINE
5
2DC
100
AcDbEntity
8
ZEICHNUNGSBEMAßUNGEN
100
AcDbLine
62
2
6
CONTINUOUS
10
124.3298324823
20
88.8311475410
11
124.3298324823
21
145.6074342989
0
LINE
5
2DD
100
AcDbEntity
8
ZEICHNUNGSBEMAßUNGEN
100
AcDbLine
62
2
6
CONTINUOUS
10
86.3298324823
20
144.1074342989
11
105.3298324823
21
144.1074342989
0
LINE
5
2DE
100
AcDbEntity
8
ZEICHNUNGSBEMAßUNGEN
100
AcDbLine
62
2
6
CONTINUOUS
10
124.3298324823
20
144.1074342989
11
105.3298324823
21
144.1074342989
0
POLYLINE
5
2DF
100
AcDbEntity
8
ZEICHNUNGSBEMAßUNGEN
100
AcDb2dPolyline
62
2
6
CONTINUOUS
66
1
70
0
0
VERTEX
5
2E0
100
AcDbEntity
8
ZEICHNUNGSBEMAßUNGEN
100
AcDbVertex
62
2
6
CONTINUOUS
100
AcDb2dVertex
10
89.8298324823
20
144.5449342989
0
VERTEX
5
2E1
100
AcDbEntity
8
ZEICHNUNGSBEMAßUNGEN
100
AcDbVertex
62
2
6
CONTINUOUS
100
AcDb2dVertex
10
86.3298324823
20
144.1074342989
0
VERTEX
5
2E2
100
AcDbEntity
8
ZEICHNUNGSBEMAßUNGEN
100
AcDbVertex
62
2
6
CONTINUOUS
100
AcDb2dVertex
10
89.8298324823
20
143.6699342989
0
VERTEX
5
2E3
100
AcDbEntity
8
ZEICHNUNGSBEMAßUNGEN
100
AcDbVertex
62
2
6
CONTINUOUS
100
AcDb2dVertex
10
89.8298324823
20
144.5449342989
0
SEQEND
5
2E4
100
AcDbEntity
8
0
0
POLYLINE
5
2E5
100
AcDbEntity
8
ZEICHNUNGSBEMAßUNGEN
100
AcDb2dPolyline
62
2
6
CONTINUOUS
66
1
70
0
0
VERTEX
5
2E6
100
AcDbEntity
8
ZEICHNUNGSBEMAßUNGEN
100
AcDbVertex
62
2
6
CONTINUOUS
100
AcDb2dVertex
10
120.8298324823
20
143.6699342989
0
VERTEX
5
2E7
100
AcDbEntity
8
ZEICHNUNGSBEMAßUNGEN
100
AcDbVertex
62
2
6
CONTINUOUS
100
AcDb2dVertex
10
124.3298324823
20
144.1074342989
0
VERTEX
5
2E8
100
AcDbEntity
8
ZEICHNUNGSBEMAßUNGEN
100
AcDbVertex
62
2
6
CONTINUOUS
100
AcDb2dVertex
10
120.8298324823
20
144.5449342989
0
VERTEX
5
2E9
100
AcDbEntity
8
ZEICHNUNGSBEMAßUNGEN
100
AcDbVertex
62
2
6
CONTINUOUS
100
AcDb2dVertex
10
120.8298324823
20
143.6699342989
0
SEQEND
5
2EA
100
AcDbEntity
8
0
0
ENDBLK
5
2EB
100
AcDbEntity
8
0
100
AcDbBlockEnd
0
BLOCK
5
2EC
100
AcDbEntity
8
ZEICHNUNGSBEMAßUNGEN
100
AcDbBlockBegin
62
2
6
CONTINUOUS
2
*D4
70
65
10
0.0000000000
20
0.0000000000
3
*D4
1

0
TEXT
5
2ED
100
AcDbEntity
8
ZEICHNUNGSBEMAßUNGEN
100
AcDbText
62
2
6
CONTINUOUS
10
63.9889153242
20
99.1584267632
40
3.5000000000
1
24
50
90.0000000000
51
15.0000000000
72
5
11
63.9889153242
21
104.6584267632
100
AcDbText
0
TEXT
5
2EE
100
AcDbEntity
8
ZEICHNUNGSBEMAßUNGEN
100
AcDbText
62
2
6
CONTINUOUS
10
63.9889153242
20
109.6584267632
40
3.5000000000
1
.945
50
90.0000000000
51
15.0000000000
72
5
11
63.9889153242
21
119.6584267632
100
AcDbText
0
TEXT
5
2EF
100
AcDbEntity
8
ZEICHNUNGSBEMAßUNGEN
100
AcDbText
62
2
6
CONTINUOUS
10
63.9889153242
20
108.1584267632
40
3.5000000000
1
[
50
90.0000000000
51
15.0000000000
72
5
11
63.9889153242
21
109.6584267632
100
AcDbText
0
TEXT
5
2F0
100
AcDbEntity
8
ZEICHNUNGSBEMAßUNGEN
100
AcDbText
62
2
6
CONTINUOUS
10
63.9889153242
20
119.6584267632
40
3.5000000000
1
]
50
90.0000000000
51
15.0000000000
72
5
11
63.9889153242
21
121.1584267632
100
AcDbText
0
LINE
5
2F1
100
AcDbEntity
8
ZEICHNUNGSBEMAßUNGEN
100
AcDbLine
62
2
6
CONTINUOUS
10
80.8298324823
20
131.3311475410
11
63.3947819820
21
131.3311475410
0
LINE
5
2F2
100
AcDbEntity
8
ZEICHNUNGSBEMAßUNGEN
100
AcDbLine
62
2
6
CONTINUOUS
10
118.8298324823
20
83.3311475410
11
63.3947819820
21
83.3311475410
0
LINE
5
2F3
100
AcDbEntity
8
ZEICHNUNGSBEMAßUNGEN
100
AcDbLine
62
2
6
CONTINUOUS
10
64.8947819820
20
131.3311475410
11
64.8947819820
21
107.3311475410
0
LINE
5
2F4
100
AcDbEntity
8
ZEICHNUNGSBEMAßUNGEN
100
AcDbLine
62
2
6
CONTINUOUS
10
64.8947819820
20
83.3311475410
11
64.8947819820
21
107.3311475410
0
POLYLINE
5
2F5
100
AcDbEntity
8
ZEICHNUNGSBEMAßUNGEN
100
AcDb2dPolyline
62
2
6
CONTINUOUS
66
1
70
0
0
VERTEX
5
2F6
100
AcDbEntity
8
ZEICHNUNGSBEMAßUNGEN
100
AcDbVertex
62
2
6
CONTINUOUS
100
AcDb2dVertex
10
65.3322819820
20
127.8311475410
0
VERTEX
5
2F7
100
AcDbEntity
8
ZEICHNUNGSBEMAßUNGEN
100
AcDbVertex
62
2
6
CONTINUOUS
100
AcDb2dVertex
10
64.8947819820
20
131.3311475410
0
VERTEX
5
2F8
100
AcDbEntity
8
ZEICHNUNGSBEMAßUNGEN
100
AcDbVertex
62
2
6
CONTINUOUS
100
AcDb2dVertex
10
64.4572819820
20
127.8311475410
0
VERTEX
5
2F9
100
AcDbEntity
8
ZEICHNUNGSBEMAßUNGEN
100
AcDbVertex
62
2
6
CONTINUOUS
100
AcDb2dVertex
10
65.3322819820
20
127.8311475410
0
SEQEND
5
2FA
100
AcDbEntity
8
0
0
POLYLINE
5
2FB
100
AcDbEntity
8
ZEICHNUNGSBEMAßUNGEN
100
AcDb2dPolyline
62
2
6
CONTINUOUS
66
1
70
0
0
VERTEX
5
2FC
100
AcDbEntity
8
ZEICHNUNGSBEMAßUNGEN
100
AcDbVertex
62
2
6
CONTINUOUS
100
AcDb2dVertex
10
64.4572819820
20
86.8311475410
0
VERTEX
5
2FD
100
AcDbEntity
8
ZEICHNUNGSBEMAßUNGEN
100
AcDbVertex
62
2
6
CONTINUOUS
100
AcDb2dVertex
10
64.8947819820
20
83.3311475410
0
VERTEX
5
2FE
100
AcDbEntity
8
ZEICHNUNGSBEMAßUNGEN
100
AcDbVertex
62
2
6
CONTINUOUS
100
AcDb2dVertex
10
65.3322819820
20
86.8311475410
0
VERTEX
5
2FF
100
AcDbEntity
8
ZEICHNUNGSBEMAßUNGEN
100
AcDbVertex
62
2
6
CONTINUOUS
100
AcDb2dVertex
10
64.4572819820
20
86.8311475410
0
SEQEND
5
300
100
AcDbEntity
8
0
0
ENDBLK
5
301
100
AcDbEntity
8
0
100
AcDbBlockEnd
0
BLOCK
5
302
100
AcDbEntity
8
ZEICHNUNGSBEMAßUNGEN
100
AcDbBlockBegin
62
2
6
CONTINUOUS
2
*D5
70
65
10
0.0000000000
20
0.0000000000
3
*D5
1

0
TEXT
5
303
100
AcDbEntity
8
ZEICHNUNGSBEMAßUNGEN
100
AcDbText
62
2
6
CONTINUOUS
10
131.9901512782
20
126.8912582296
40
3.5000000000
1
>= 
50
34.6968594191
51
15.0000000000
72
5
11
137.9509217971
21
131.0182080501
100
AcDbText
0
TEXT
5
304
100
AcDbEntity
8
ZEICHNUNGSBEMAßUNGEN
100
AcDbText
62
2
6
CONTINUOUS
10
137.9509217971
20
131.0182080501
40
3.5000000000
1
%%c
50
34.6968594191
51
15.0000000000
72
5
11
141.7877396023
21
133.6746355208
100
AcDbText
0
TEXT
5
305
100
AcDbEntity
8
ZEICHNUNGSBEMAßUNGEN
100
AcDbText
62
2
6
CONTINUOUS
10
141.7877396023
20
133.6746355208
40
3.5000000000
1
23,6
50
34.6968594191
51
15.0000000000
72
5
11
150.0094920422
21
139.3669801008
100
AcDbText
0
TEXT
5
306
100
AcDbEntity
8
ZEICHNUNGSBEMAßUNGEN
100
AcDbText
62
2
6
CONTINUOUS
10
154.1203682621
20
142.2131523908
40
3.5000000000
1
.929
50
34.6968594191
51
15.0000000000
72
5
11
162.5476645130
21
148.0478055854
100
AcDbText
0
TEXT
5
307
100
AcDbEntity
8
ZEICHNUNGSBEMAßUNGEN
100
AcDbText
62
2
6
CONTINUOUS
10
152.8871053961
20
141.3593007038
40
3.5000000000
1
[
50
34.6968594191
51
15.0000000000
72
5
11
154.1203682621
21
142.2131523908
100
AcDbText
0
TEXT
5
308
100
AcDbEntity
8
ZEICHNUNGSBEMAßUNGEN
100
AcDbText
62
2
6
CONTINUOUS
10
162.5476645130
20
148.0478055854
40
3.5000000000
1
]
50
34.6968594191
51
15.0000000000
72
5
11
163.7809273789
21
148.9016572724
100
AcDbText
0
LINE
5
309
100
AcDbEntity
8
ZEICHNUNGSBEMAßUNGEN
100
AcDbLine
62
2
6
CONTINUOUS
10
124.7331682404
20
120.7650807498
11
105.3298324823
21
107.3311475410
0
LINE
5
30A
100
AcDbEntity
8
ZEICHNUNGSBEMAßUNGEN
100
AcDbLine
62
2
6
CONTINUOUS
10
105.3298324823
20
107.3311475410
11
164.2965778949
21
148.1568761319
0
LINE
5
30B
100
AcDbEntity
8
ZEICHNUNGSBEMAßUNGEN
100
AcDbLine
62
2
6
CONTINUOUS
10
85.9264967243
20
93.8972143321
11
105.3298324823
21
107.3311475410
0
POLYLINE
5
30C
100
AcDbEntity
8
ZEICHNUNGSBEMAßUNGEN
100
AcDb2dPolyline
62
2
6
CONTINUOUS
66
1
70
0
0
VERTEX
5
30D
100
AcDbEntity
8
ZEICHNUNGSBEMAßUNGEN
100
AcDbVertex
62
2
6
CONTINUOUS
100
AcDb2dVertex
10
122.1045949618
20
118.4130584776
0
VERTEX
5
30E
100
AcDbEntity
8
ZEICHNUNGSBEMAßUNGEN
100
AcDbVertex
62
2
6
CONTINUOUS
100
AcDb2dVertex
10
124.7331682404
20
120.7650807498
0
VERTEX
5
30F
100
AcDbEntity
8
ZEICHNUNGSBEMAßUNGEN
100
AcDbVertex
62
2
6
CONTINUOUS
100
AcDb2dVertex
10
121.6065148110
20
119.1324618161
0
VERTEX
5
310
100
AcDbEntity
8
ZEICHNUNGSBEMAßUNGEN
100
AcDbVertex
62
2
6
CONTINUOUS
100
AcDb2dVertex
10
122.1045949618
20
118.4130584776
0
SEQEND
5
311
100
AcDbEntity
8
0
0
POLYLINE
5
312
100
AcDbEntity
8
ZEICHNUNGSBEMAßUNGEN
100
AcDb2dPolyline
62
2
6
CONTINUOUS
66
1
70
0
0
VERTEX
5
313
100
AcDbEntity
8
ZEICHNUNGSBEMAßUNGEN
100
AcDbVertex
62
2
6
CONTINUOUS
100
AcDb2dVertex
10
88.5550700028
20
96.2492366044
0
VERTEX
5
314
100
AcDbEntity
8
ZEICHNUNGSBEMAßUNGEN
100
AcDbVertex
62
2
6
CONTINUOUS
100
AcDb2dVertex
10
85.9264967243
20
93.8972143321
0
VERTEX
5
315
100
AcDbEntity
8
ZEICHNUNGSBEMAßUNGEN
100
AcDbVertex
62
2
6
CONTINUOUS
100
AcDb2dVertex
10
89.0531501536
20
95.5298332659
0
VERTEX
5
316
100
AcDbEntity
8
ZEICHNUNGSBEMAßUNGEN
100
AcDbVertex
62
2
6
CONTINUOUS
100
AcDb2dVertex
10
88.5550700028
20
96.2492366044
0
SEQEND
5
317
100
AcDbEntity
8
0
0
ENDBLK
5
318
100
AcDbEntity
8
0
100
AcDbBlockEnd
0
BLOCK
5
319
100
AcDbEntity
8
ZEICHNUNGSBEMAßUNGEN
100
AcDbBlockBegin
62
2
6
CONTINUOUS
2
*D6
70
65
10
0.0000000000
20
0.0000000000
3
*D6
1

0
TEXT
5
31A
100
AcDbEntity
8
ZEICHNUNGSBEMAßUNGEN
100
AcDbText
62
2
6
CONTINUOUS
10
132.9651282419
20
90.3702235148
40
3.5000000000
1
>= 
50
34.5213358087
51
15.0000000000
72
5
11
138.9385135366
21
94.4788933872
100
AcDbText
0
TEXT
5
31B
100
AcDbEntity
8
ZEICHNUNGSBEMAßUNGEN
100
AcDbText
62
2
6
CONTINUOUS
10
138.9385136408
20
94.4788934588
40
3.5000000000
1
%%c
50
34.5213358087
51
15.0000000000
72
5
11
142.7834513018
21
97.1235545261
100
AcDbText
0
TEXT
5
31C
100
AcDbEntity
8
ZEICHNUNGSBEMAßUNGEN
100
AcDbText
62
2
6
CONTINUOUS
10
142.7834513688
20
97.1235545722
40
3.5000000000
1
3,4
50
34.5213358087
51
15.0000000000
72
5
11
148.7568366636
21
101.2322244446
100
AcDbText
0
TEXT
5
31D
100
AcDbEntity
8
ZEICHNUNGSBEMAßUNGEN
100
AcDbText
62
2
6
CONTINUOUS
10
152.8764128331
20
104.0657899455
40
3.5000000000
1
.134
50
34.5213358087
51
15.0000000000
72
5
11
160.4976285540
21
109.3078859896
100
AcDbText
0
TEXT
5
31E
100
AcDbEntity
8
ZEICHNUNGSBEMAßUNGEN
100
AcDbText
62
2
6
CONTINUOUS
10
151.6405400135
20
103.2157203168
40
3.5000000000
1
[
50
34.5213358087
51
15.0000000000
72
5
11
152.8764128331
21
104.0657899455
100
AcDbText
0
TEXT
5
31F
100
AcDbEntity
8
ZEICHNUNGSBEMAßUNGEN
100
AcDbText
62
2
6
CONTINUOUS
10
160.4976286869
20
109.3078860810
40
3.5000000000
1
]
50
34.5213358087
51
15.0000000000
72
5
11
161.7335015065
21
110.1579557098
100
AcDbText
0
LINE
5
320
100
AcDbEntity
8
ZEICHNUNGSBEMAßUNGEN
100
AcDbLine
62
2
6
CONTINUOUS
10
127.1311442067
20
85.2579720329
11
162.2468680045
21
109.4115983764
0
LINE
5
321
100
AcDbEntity
8
ZEICHNUNGSBEMAßUNGEN
100
AcDbLine
62
2
6
CONTINUOUS
10
162.2468680045
20
109.4115983764
11
124.3298324823
21
83.3311475410
0
LINE
5
322
100
AcDbEntity
8
ZEICHNUNGSBEMAßUNGEN
100
AcDbLine
62
2
6
CONTINUOUS
10
121.5285207579
20
81.4043230491
11
116.5850294794
21
78.0040445340
0
LINE
5
323
100
AcDbEntity
8
ZEICHNUNGSBEMAßUNGEN
100
AcDbLine
62
2
6
CONTINUOUS
10
116.5850294794
20
78.0040445340
11
124.3298324823
21
83.3311475410
0
POLYLINE
5
324
100
AcDbEntity
8
ZEICHNUNGSBEMAßUNGEN
100
AcDb2dPolyline
62
2
6
CONTINUOUS
66
1
70
0
0
VERTEX
5
325
100
AcDbEntity
8
ZEICHNUNGSBEMAßUNGEN
100
AcDbVertex
62
2
6
CONTINUOUS
100
AcDb2dVertex
10
129.7669104774
20
87.6019307391
0
VERTEX
5
326
100
AcDbEntity
8
ZEICHNUNGSBEMAßUNGEN
100
AcDbVertex
62
2
6
CONTINUOUS
100
AcDb2dVertex
10
127.1311442067
20
85.2579720329
0
VERTEX
5
327
100
AcDbEntity
8
ZEICHNUNGSBEMAßUNGEN
100
AcDbVertex
62
2
6
CONTINUOUS
100
AcDb2dVertex
10
130.2627844275
20
86.8810049276
0
VERTEX
5
328
100
AcDbEntity
8
ZEICHNUNGSBEMAßUNGEN
100
AcDbVertex
62
2
6
CONTINUOUS
100
AcDb2dVertex
10
129.7669104774
20
87.6019307391
0
SEQEND
5
329
100
AcDbEntity
8
0
0
POLYLINE
5
32A
100
AcDbEntity
8
ZEICHNUNGSBEMAßUNGEN
100
AcDb2dPolyline
62
2
6
CONTINUOUS
66
1
70
0
0
VERTEX
5
32B
100
AcDbEntity
8
ZEICHNUNGSBEMAßUNGEN
100
AcDbVertex
62
2
6
CONTINUOUS
100
AcDb2dVertex
10
118.8927544872
20
79.0603643429
0
VERTEX
5
32C
100
AcDbEntity
8
ZEICHNUNGSBEMAßUNGEN
100
AcDbVertex
62
2
6
CONTINUOUS
100
AcDb2dVertex
10
121.5285207579
20
81.4043230491
0
VERTEX
5
32D
100
AcDbEntity
8
ZEICHNUNGSBEMAßUNGEN
100
AcDbVertex
62
2
6
CONTINUOUS
100
AcDb2dVertex
10
118.3968805371
20
79.7812901543
0
VERTEX
5
32E
100
AcDbEntity
8
ZEICHNUNGSBEMAßUNGEN
100
AcDbVertex
62
2
6
CONTINUOUS
100
AcDb2dVertex
10
118.8927544872
20
79.0603643429
0
SEQEND
5
32F
100
AcDbEntity
8
0
0
ENDBLK
5
330
100
AcDbEntity
8
0
100
AcDbBlockEnd
0
BLOCK
5
331
100
AcDbEntity
8
ZEICHNUNGSBEMAßUNGEN
100
AcDbBlockBegin
62
2
6
CONTINUOUS
2
*D7
70
65
10
0.0000000000
20
0.0000000000
3
*D7
1

0
TEXT
5
332
100
AcDbEntity
8
ZEICHNUNGSBEMAßUNGEN
100
AcDbText
62
2
6
CONTINUOUS
10
21.0937031173
20
211.3802622998
40
3.5000000000
1
31
50
90.0000000000
51
15.0000000000
72
5
11
21.0937031173
21
215.8802622998
100
AcDbText
0
TEXT
5
333
100
AcDbEntity
8
ZEICHNUNGSBEMAßUNGEN
100
AcDbText
62
2
6
CONTINUOUS
10
21.0937031173
20
220.8802622998
40
3.5000000000
1
1.22
50
90.0000000000
51
15.0000000000
72
5
11
21.0937031173
21
230.3802622998
100
AcDbText
0
TEXT
5
334
100
AcDbEntity
8
ZEICHNUNGSBEMAßUNGEN
100
AcDbText
62
2
6
CONTINUOUS
10
21.0937031173
20
219.3802622998
40
3.5000000000
1
[
50
90.0000000000
51
15.0000000000
72
5
11
21.0937031173
21
220.8802622998
100
AcDbText
0
TEXT
5
335
100
AcDbEntity
8
ZEICHNUNGSBEMAßUNGEN
100
AcDbText
62
2
6
CONTINUOUS
10
21.0937031173
20
230.3802622998
40
3.5000000000
1
]
50
90.0000000000
51
15.0000000000
72
5
11
21.0937031173
21
231.8802622998
100
AcDbText
0
LINE
5
336
100
AcDbEntity
8
ZEICHNUNGSBEMAßUNGEN
100
AcDbLine
62
2
6
CONTINUOUS
10
40.0505975096
20
252.6076014832
11
20.4995697752
21
252.6076014832
0
LINE
5
337
100
AcDbEntity
8
ZEICHNUNGSBEMAßUNGEN
100
AcDbLine
62
2
6
CONTINUOUS
10
40.0505975096
20
190.6076014832
11
20.4995697752
21
190.6076014832
0
LINE
5
338
100
AcDbEntity
8
ZEICHNUNGSBEMAßUNGEN
100
AcDbLine
62
2
6
CONTINUOUS
10
21.9995697752
20
252.6076014832
11
21.9995697752
21
221.6076014832
0
LINE
5
339
100
AcDbEntity
8
ZEICHNUNGSBEMAßUNGEN
100
AcDbLine
62
2
6
CONTINUOUS
10
21.9995697752
20
190.6076014832
11
21.9995697752
21
221.6076014832
0
POLYLINE
5
33A
100
AcDbEntity
8
ZEICHNUNGSBEMAßUNGEN
100
AcDb2dPolyline
62
2
6
CONTINUOUS
66
1
70
0
0
VERTEX
5
33B
100
AcDbEntity
8
ZEICHNUNGSBEMAßUNGEN
100
AcDbVertex
62
2
6
CONTINUOUS
100
AcDb2dVertex
10
22.4370697752
20
249.1076014832
0
VERTEX
5
33C
100
AcDbEntity
8
ZEICHNUNGSBEMAßUNGEN
100
AcDbVertex
62
2
6
CONTINUOUS
100
AcDb2dVertex
10
21.9995697752
20
252.6076014832
0
VERTEX
5
33D
100
AcDbEntity
8
ZEICHNUNGSBEMAßUNGEN
100
AcDbVertex
62
2
6
CONTINUOUS
100
AcDb2dVertex
10
21.5620697752
20
249.1076014832
0
VERTEX
5
33E
100
AcDbEntity
8
ZEICHNUNGSBEMAßUNGEN
100
AcDbVertex
62
2
6
CONTINUOUS
100
AcDb2dVertex
10
22.4370697752
20
249.1076014832
0
SEQEND
5
33F
100
AcDbEntity
8
0
0
POLYLINE
5
340
100
AcDbEntity
8
ZEICHNUNGSBEMAßUNGEN
100
AcDb2dPolyline
62
2
6
CONTINUOUS
66
1
70
0
0
VERTEX
5
341
100
AcDbEntity
8
ZEICHNUNGSBEMAßUNGEN
100
AcDbVertex
62
2
6
CONTINUOUS
100
AcDb2dVertex
10
21.5620697752
20
194.1076014832
0
VERTEX
5
342
100
AcDbEntity
8
ZEICHNUNGSBEMAßUNGEN
100
AcDbVertex
62
2
6
CONTINUOUS
100
AcDb2dVertex
10
21.9995697752
20
190.6076014832
0
VERTEX
5
343
100
AcDbEntity
8
ZEICHNUNGSBEMAßUNGEN
100
AcDbVertex
62
2
6
CONTINUOUS
100
AcDb2dVertex
10
22.4370697752
20
194.1076014832
0
VERTEX
5
344
100
AcDbEntity
8
ZEICHNUNGSBEMAßUNGEN
100
AcDbVertex
62
2
6
CONTINUOUS
100
AcDb2dVertex
10
21.5620697752
20
194.1076014832
0
SEQEND
5
345
100
AcDbEntity
8
0
0
ENDBLK
5
346
100
AcDbEntity
8
0
100
AcDbBlockEnd
0
ENDSEC
0
SECTION
2
ENTITIES
0
LINE
5
347
100
AcDbEntity
8
0
100
AcDbLine
62
7
6
CONTINUOUS
10
0.0000000000
20
0.0000000000
11
210.0000000000
21
0.0000000000
0
LINE
5
348
100
AcDbEntity
8
0
100
AcDbLine
62
7
6
CONTINUOUS
10
0.0000000000
20
0.0000000000
11
0.0000000000
21
297.0000000000
0
LINE
5
349
100
AcDbEntity
8
0
100
AcDbLine
62
7
6
CONTINUOUS
10
210.0000000000
20
0.0000000000
11
210.0000000000
21
297.0000000000
0
LINE
5
34A
100
AcDbEntity
8
0
100
AcDbLine
62
7
6
CONTINUOUS
10
0.0000000000
20
297.0000000000
11
210.0000000000
21
297.0000000000
0
LINE
5
34B
100
AcDbEntity
8
0
100
AcDbLine
62
7
6
CONTINUOUS
10
5.0000000000
20
5.0000000000
11
205.0000000000
21
5.0000000000
0
LINE
5
34C
100
AcDbEntity
8
0
100
AcDbLine
62
7
6
CONTINUOUS
10
205.0000000000
20
5.0000000000
11
205.0000000000
21
292.0000000000
0
LINE
5
34D
100
AcDbEntity
8
0
100
AcDbLine
62
7
6
CONTINUOUS
10
5.0000000000
20
292.0000000000
11
205.0000000000
21
292.0000000000
0
LINE
5
34E
100
AcDbEntity
8
0
100
AcDbLine
62
7
6
CONTINUOUS
10
5.0000000000
20
5.0000000000
11
5.0000000000
21
292.0000000000
0
TEXT
5
34F
100
AcDbEntity
8
0
100
AcDbText
62
4
6
CONTINUOUS
10
126.0467415329
20
8.0442136272
40
2.4300000000
1
FL-9494 SCHAAN
51
15.0000000000
72
5
11
152.5453129614
21
8.0442136272
100
AcDbText
0
INSERT
5
350
100
AcDbEntity
8
0
100
AcDbBlockReference
62
2
6
CONTINUOUS
2
NEUTRIK_LOGO_BL0
10
0.0000000000
20
0.0000000000
0
LINE
5
351
100
AcDbEntity
8
0
100
AcDbLine
62
2
6
CENTER
10
91.3298324823
20
131.3311475410
11
81.3298324823
21
131.3311475410
0
LINE
5
352
100
AcDbEntity
8
0
100
AcDbLine
62
2
6
CENTER
10
86.3298324823
20
126.3311475410
11
86.3298324823
21
136.3311475410
0
LINE
5
353
100
AcDbEntity
8
0
100
AcDbLine
62
2
6
CENTER
10
119.3298324823
20
83.3311475410
11
129.3298324823
21
83.3311475410
0
LINE
5
354
100
AcDbEntity
8
0
100
AcDbLine
62
2
6
CENTER
10
124.3298324823
20
78.3311475410
11
124.3298324823
21
88.3311475410
0
LINE
5
355
100
AcDbEntity
8
DEFAULT_1
100
AcDbLine
62
2
6
CENTER
10
79.7298324823
20
107.3311475410
11
130.9298324823
21
107.3311475410
0
LINE
5
356
100
AcDbEntity
8
DEFAULT_1
100
AcDbLine
62
2
6
CENTER
10
105.3298324823
20
132.9311475410
11
105.3298324823
21
81.7311475410
0
CIRCLE
5
357
100
AcDbEntity
8
0
100
AcDbCircle
62
7
6
CONTINUOUS
10
105.3298324823
20
107.3311475410
40
23.6000000000
0
CIRCLE
5
358
100
AcDbEntity
8
0
100
AcDbCircle
62
7
6
CONTINUOUS
10
124.3298324823
20
83.3311475410
40
3.4000000000
0
CIRCLE
5
359
100
AcDbEntity
8
0
100
AcDbCircle
62
7
6
CONTINUOUS
10
86.3298324823
20
131.3311475410
40
3.4000000000
0
ARC
5
35A
100
AcDbEntity
8
0
100
AcDbCircle
62
7
6
CONTINUOUS
10
59.5505975096
20
221.6076014832
40
0.9500000000
100
AcDbArc
50
0.0000000000
51
180.0000000000
0
ARC
5
35B
100
AcDbEntity
8
0
100
AcDbCircle
62
7
6
CONTINUOUS
10
59.5505975096
20
221.6076014832
40
1.3500000000
100
AcDbArc
50
180.0000000000
51
255.0000000000
0
ARC
5
35C
100
AcDbEntity
8
0
100
AcDbCircle
62
7
6
CONTINUOUS
10
59.5505975096
20
221.6076014832
40
1.3500000000
100
AcDbArc
50
255.0000000000
51
257.4375177739
0
ARC
5
35D
100
AcDbEntity
8
0
100
AcDbCircle
62
7
6
CONTINUOUS
10
59.5505975096
20
221.6076014832
40
1.3500000000
100
AcDbArc
50
257.4375177739
51
282.5624822261
0
ARC
5
35E
100
AcDbEntity
8
0
100
AcDbCircle
62
7
6
CONTINUOUS
10
59.5505975096
20
221.6076014832
40
1.3500000000
100
AcDbArc
50
282.5624822261
51
285.0000000000
0
ARC
5
35F
100
AcDbEntity
8
0
100
AcDbCircle
62
7
6
CONTINUOUS
10
59.5505975096
20
221.6076014832
40
1.3500000000
100
AcDbArc
50
285.0000000000
51
360.0000000000
0
ARC
5
360
100
AcDbEntity
8
0
100
AcDbCircle
62
7
6
CONTINUOUS
10
59.5505975096
20
221.6076014832
40
1.3500000000
100
AcDbArc
50
105.0000000000
51
180.0000000000
0
ARC
5
361
100
AcDbEntity
8
0
100
AcDbCircle
62
7
6
CONTINUOUS
10
59.5505975096
20
221.6076014832
40
1.3500000000
100
AcDbArc
50
102.5624822261
51
105.0000000000
0
ARC
5
362
100
AcDbEntity
8
0
100
AcDbCircle
62
7
6
CONTINUOUS
10
59.5505975096
20
221.6076014832
40
1.3500000000
100
AcDbArc
50
77.4375177739
51
102.5624822261
0
ARC
5
363
100
AcDbEntity
8
0
100
AcDbCircle
62
7
6
CONTINUOUS
10
59.5505975096
20
221.6076014832
40
1.3500000000
100
AcDbArc
50
75.0000000000
51
77.4375177739
0
ARC
5
364
100
AcDbEntity
8
0
100
AcDbCircle
62
7
6
CONTINUOUS
10
59.5505975096
20
221.6076014832
40
1.3500000000
100
AcDbArc
50
0.0000000000
51
75.0000000000
0
ARC
5
365
100
AcDbEntity
8
0
100
AcDbCircle
62
7
6
CONTINUOUS
10
59.5505975096
20
221.6076014832
40
0.9500000000
100
AcDbArc
50
180.0000000000
51
360.0000000000
0
LINE
5
366
100
AcDbEntity
8
0
100
AcDbLine
62
7
6
CONTINUOUS
10
59.2505975096
20
223.7264691053
11
59.2505975096
21
223.3215443061
0
LINE
5
367
100
AcDbEntity
8
0
100
AcDbLine
62
7
6
CONTINUOUS
10
59.8505975096
20
220.0359781187
11
59.8505975096
21
219.8936586604
0
LINE
5
368
100
AcDbEntity
8
0
100
AcDbLine
62
7
6
CONTINUOUS
10
59.8505975096
20
223.3215443061
11
59.8505975096
21
223.1792248478
0
LINE
5
369
100
AcDbEntity
8
0
100
AcDbLine
62
7
6
CONTINUOUS
10
59.2505975096
20
223.3215443061
11
59.2505975096
21
223.1792248478
0
LINE
5
36A
100
AcDbEntity
8
0
100
AcDbLine
62
7
6
CONTINUOUS
10
59.2505975096
20
220.0359781187
11
59.2505975096
21
219.8936586604
0
ARC
5
36B
100
AcDbEntity
8
0
100
AcDbCircle
62
7
6
CONTINUOUS
10
59.5505975096
20
221.6076014832
40
2.1400000000
100
AcDbArc
50
98.0586624047
51
107.7708610772
0
ARC
5
36C
100
AcDbEntity
8
0
100
AcDbCircle
62
7
6
CONTINUOUS
10
59.5505975096
20
221.6076014832
40
2.1400000000
100
AcDbArc
50
107.7708610772
51
180.0000000000
0
ARC
5
36D
100
AcDbEntity
8
0
100
AcDbCircle
62
7
6
CONTINUOUS
10
59.5505975096
20
221.6076014832
40
2.1400000000
100
AcDbArc
50
180.0000000000
51
252.2291540029
0
ARC
5
36E
100
AcDbEntity
8
0
100
AcDbCircle
62
7
6
CONTINUOUS
10
59.5505975096
20
221.6076014832
40
2.1400000000
100
AcDbArc
50
252.2291540029
51
261.9413375953
0
LINE
5
36F
100
AcDbEntity
8
0
100
AcDbLine
62
7
6
CONTINUOUS
10
59.8505975096
20
219.4887338611
11
59.8505975096
21
219.8936586604
0
ARC
5
370
100
AcDbEntity
8
0
100
AcDbCircle
62
7
6
CONTINUOUS
10
59.5505975096
20
221.6076014832
40
2.1400000000
100
AcDbArc
50
278.0586624047
51
287.7708610772
0
ARC
5
371
100
AcDbEntity
8
0
100
AcDbCircle
62
7
6
CONTINUOUS
10
59.5505975096
20
221.6076014832
40
2.1400000000
100
AcDbArc
50
287.7708610772
51
360.0000000000
0
ARC
5
372
100
AcDbEntity
8
0
100
AcDbCircle
62
7
6
CONTINUOUS
10
59.5505975096
20
221.6076014832
40
2.1400000000
100
AcDbArc
50
0.0000000000
51
72.2291540029
0
ARC
5
373
100
AcDbEntity
8
0
100
AcDbCircle
62
7
6
CONTINUOUS
10
59.5505975096
20
221.6076014832
40
2.1400000000
100
AcDbArc
50
72.2291540029
51
81.9413375953
0
LINE
5
374
100
AcDbEntity
8
0
100
AcDbLine
62
7
6
CONTINUOUS
10
59.2505975096
20
219.8936586604
11
59.2505975096
21
219.4887338611
0
ARC
5
375
100
AcDbEntity
8
0
100
AcDbCircle
62
7
6
CONTINUOUS
10
59.5505975096
20
221.6076014832
40
2.1400000000
100
AcDbArc
50
107.7753241942
51
180.0000000000
0
ARC
5
376
100
AcDbEntity
8
0
100
AcDbCircle
62
7
6
CONTINUOUS
10
59.5505975096
20
221.6076014832
40
2.1400000000
100
AcDbArc
50
98.0586624047
51
107.7753241942
0
ARC
5
377
100
AcDbEntity
8
0
100
AcDbCircle
62
7
6
CONTINUOUS
10
59.5505975096
20
221.6076014832
40
2.1400000000
100
AcDbArc
50
252.2246907715
51
261.9413375953
0
ARC
5
378
100
AcDbEntity
8
0
100
AcDbCircle
62
7
6
CONTINUOUS
10
59.5505975096
20
221.6076014832
40
2.1400000000
100
AcDbArc
50
180.0000000000
51
252.2246907715
0
LINE
5
379
100
AcDbEntity
8
0
100
AcDbLine
62
7
6
CONTINUOUS
10
59.8505975096
20
223.3215443061
11
59.8505975096
21
223.7264691053
0
ARC
5
37A
100
AcDbEntity
8
0
100
AcDbCircle
62
7
6
CONTINUOUS
10
59.5505975096
20
221.6076014832
40
2.1400000000
100
AcDbArc
50
81.9413375953
51
98.0586624047
0
ARC
5
37B
100
AcDbEntity
8
0
100
AcDbCircle
62
7
6
CONTINUOUS
10
59.5505975096
20
221.6076014832
40
1.4000000000
100
AcDbArc
50
77.6263748838
51
102.3736251162
0
ARC
5
37C
100
AcDbEntity
8
0
100
AcDbCircle
62
7
6
CONTINUOUS
10
59.5505975096
20
221.6076014832
40
2.1400000000
100
AcDbArc
50
287.7753241942
51
360.0000000000
0
ARC
5
37D
100
AcDbEntity
8
0
100
AcDbCircle
62
7
6
CONTINUOUS
10
59.5505975096
20
221.6076014832
40
2.1400000000
100
AcDbArc
50
278.0586624047
51
287.7753241942
0
ARC
5
37E
100
AcDbEntity
8
0
100
AcDbCircle
62
7
6
CONTINUOUS
10
59.5505975096
20
221.6076014832
40
2.1400000000
100
AcDbArc
50
261.9413375953
51
278.0586624047
0
ARC
5
37F
100
AcDbEntity
8
0
100
AcDbCircle
62
7
6
CONTINUOUS
10
59.5505975096
20
221.6076014832
40
2.1400000000
100
AcDbArc
50
72.2246907715
51
81.9413375953
0
ARC
5
380
100
AcDbEntity
8
0
100
AcDbCircle
62
7
6
CONTINUOUS
10
59.5505975096
20
221.6076014832
40
2.1400000000
100
AcDbArc
50
0.0000000000
51
72.2246907715
0
ARC
5
381
100
AcDbEntity
8
0
100
AcDbCircle
62
7
6
CONTINUOUS
10
59.5505975096
20
221.6076014832
40
1.4000000000
100
AcDbArc
50
257.6263748838
51
282.3736251162
0
ARC
5
382
100
AcDbEntity
8
0
100
AcDbCircle
62
7
6
CONTINUOUS
10
59.5505975096
20
221.6076014832
40
1.4000000000
100
AcDbArc
50
102.3736251162
51
180.0000000000
0
LINE
5
383
100
AcDbEntity
8
0
100
AcDbLine
62
7
6
CONTINUOUS
10
59.2505975096
20
223.1792248478
11
59.2505975096
21
222.9750809163
0
ARC
5
384
100
AcDbEntity
8
0
100
AcDbCircle
62
7
6
CONTINUOUS
10
59.5505975096
20
221.6076014832
40
1.4000000000
100
AcDbArc
50
0.0000000000
51
77.6263748838
0
LINE
5
385
100
AcDbEntity
8
0
100
AcDbLine
62
7
6
CONTINUOUS
10
59.8505975096
20
223.1792248478
11
59.8505975096
21
222.9750809163
0
LINE
5
386
100
AcDbEntity
8
0
100
AcDbLine
62
7
6
CONTINUOUS
10
59.8505975096
20
220.0359781187
11
59.8505975096
21
220.2401220501
0
ARC
5
387
100
AcDbEntity
8
0
100
AcDbCircle
62
7
6
CONTINUOUS
10
59.5505975096
20
221.6076014832
40
1.4000000000
100
AcDbArc
50
282.3736251162
51
360.0000000000
0
ARC
5
388
100
AcDbEntity
8
0
100
AcDbCircle
62
7
6
CONTINUOUS
10
59.5505975096
20
221.6076014832
40
1.4000000000
100
AcDbArc
50
180.0000000000
51
257.6263748838
0
LINE
5
389
100
AcDbEntity
8
0
100
AcDbLine
62
7
6
CONTINUOUS
10
59.2505975096
20
220.0359781187
11
59.2505975096
21
220.2401220501
0
ARC
5
38A
100
AcDbEntity
8
0
100
AcDbCircle
62
7
6
CONTINUOUS
10
59.5505975096
20
221.6076014832
40
1.6000000000
100
AcDbArc
50
0.0000000000
51
79.1930771251
0
ARC
5
38B
100
AcDbEntity
8
0
100
AcDbCircle
62
7
6
CONTINUOUS
10
59.5505975096
20
221.6076014832
40
1.6000000000
100
AcDbArc
50
280.8069228749
51
360.0000000000
0
ARC
5
38C
100
AcDbEntity
8
0
100
AcDbCircle
62
9
6
CONTINUOUS
10
59.5505975096
20
221.6076014832
40
1.7400000000
100
AcDbArc
50
99.9281918423
51
260.0718081577
0
ARC
5
38D
100
AcDbEntity
8
0
100
AcDbCircle
62
7
6
CONTINUOUS
10
59.5505975096
20
221.6076014832
40
1.6000000000
100
AcDbArc
50
180.0000000000
51
259.1930771251
0
ARC
5
38E
100
AcDbEntity
8
0
100
AcDbCircle
62
9
6
CONTINUOUS
10
59.5505975096
20
221.6076014832
40
1.7400000000
100
AcDbArc
50
279.9281918423
51
80.0718081577
0
ARC
5
38F
100
AcDbEntity
8
0
100
AcDbCircle
62
7
6
CONTINUOUS
10
59.5505975096
20
221.6076014832
40
1.6000000000
100
AcDbArc
50
100.8069228749
51
180.0000000000
0
ARC
5
390
100
AcDbEntity
8
0
100
AcDbCircle
62
7
6
CONTINUOUS
10
59.5505975096
20
221.6076014832
40
11.0000000000
100
AcDbArc
50
90.0000000000
51
100.2113038518
0
LINE
5
391
100
AcDbEntity
8
0
100
AcDbLine
62
7
6
CONTINUOUS
10
57.6005975096
20
232.4358889535
11
57.6005975096
21
231.0205414687
0
LINE
5
392
100
AcDbEntity
8
0
100
AcDbLine
62
7
6
CONTINUOUS
10
61.5005975096
20
232.4358891470
11
61.5005975096
21
231.0205414687
0
LINE
5
393
100
AcDbEntity
8
0
100
AcDbLine
62
7
6
CONTINUOUS
10
57.6005975096
20
212.1946614977
11
57.6005975096
21
210.7793155822
0
ARC
5
394
100
AcDbEntity
8
0
100
AcDbCircle
62
7
6
CONTINUOUS
10
59.5505975096
20
221.6076014832
40
11.0000000000
100
AcDbArc
50
270.0000000000
51
280.2112940342
0
ARC
5
395
100
AcDbEntity
8
0
100
AcDbCircle
62
7
6
CONTINUOUS
10
59.5505975096
20
221.6076014832
40
15.0000000000
100
AcDbArc
50
180.0000000000
51
360.0000000000
0
ARC
5
396
100
AcDbEntity
8
0
100
AcDbCircle
62
7
6
CONTINUOUS
10
59.5505975096
20
221.6076014832
40
15.0000000000
100
AcDbArc
50
0.0000000000
51
180.0000000000
0
LINE
5
397
100
AcDbEntity
8
0
100
AcDbLine
62
7
6
CONTINUOUS
10
61.5005975096
20
212.1946614977
11
61.5005975096
21
210.7793158166
0
ARC
5
398
100
AcDbEntity
8
0
100
AcDbCircle
62
7
6
CONTINUOUS
10
59.5505975096
20
221.6076014832
40
11.0000000000
100
AcDbArc
50
79.7886965712
51
90.0000000000
0
ARC
5
399
100
AcDbEntity
8
0
100
AcDbCircle
62
7
6
CONTINUOUS
10
59.5505975096
20
221.6076014832
40
11.0000000000
100
AcDbArc
50
259.7887062379
51
270.0000000000
0
ARC
5
39A
100
AcDbEntity
8
0
100
AcDbCircle
62
7
6
CONTINUOUS
10
59.5505975096
20
221.6076014832
40
9.6200000000
100
AcDbArc
50
359.9415280665
51
360.0000000000
0
ARC
5
39B
100
AcDbEntity
8
0
100
AcDbCircle
62
7
6
CONTINUOUS
10
59.5505975096
20
221.6076014832
40
9.6200000000
100
AcDbArc
50
180.0584719335
51
359.9415280665
0
ARC
5
39C
100
AcDbEntity
8
0
100
AcDbCircle
62
7
6
CONTINUOUS
10
59.5505975096
20
221.6076014832
40
9.6200000000
100
AcDbArc
50
180.0000000000
51
180.0584719335
0
ARC
5
39D
100
AcDbEntity
8
0
100
AcDbCircle
62
7
6
CONTINUOUS
10
59.5505975096
20
221.6076014832
40
9.6200000000
100
AcDbArc
50
0.0000000000
51
0.0584719335
0
ARC
5
39E
100
AcDbEntity
8
0
100
AcDbCircle
62
7
6
CONTINUOUS
10
59.5505975096
20
221.6076014832
40
9.6200000000
100
AcDbArc
50
0.0584719335
51
179.9415280665
0
ARC
5
39F
100
AcDbEntity
8
0
100
AcDbCircle
62
7
6
CONTINUOUS
10
59.5505975096
20
221.6076014832
40
9.6200000000
100
AcDbArc
50
179.9415280665
51
180.0000000000
0
ARC
5
3A0
100
AcDbEntity
8
0
100
AcDbCircle
62
7
6
CONTINUOUS
10
59.5505975096
20
221.6076014832
40
7.0000000000
100
AcDbArc
50
0.0000000000
51
180.0000000000
0
ARC
5
3A1
100
AcDbEntity
8
0
100
AcDbCircle
62
7
6
CONTINUOUS
10
59.5505975096
20
221.6076014832
40
7.0000000000
100
AcDbArc
50
180.0000000000
51
360.0000000000
0
ARC
5
3A2
100
AcDbEntity
8
0
100
AcDbCircle
62
7
6
CONTINUOUS
10
59.5505975096
20
221.6076014832
40
8.1000000000
100
AcDbArc
50
180.0000000000
51
360.0000000000
0
ARC
5
3A3
100
AcDbEntity
8
0
100
AcDbCircle
62
7
6
CONTINUOUS
10
59.5505975096
20
221.6076014832
40
8.3800000000
100
AcDbArc
50
180.0000000000
51
360.0000000000
0
ARC
5
3A4
100
AcDbEntity
8
0
100
AcDbCircle
62
7
6
CONTINUOUS
10
59.5505975096
20
221.6076014832
40
8.8800000000
100
AcDbArc
50
0.0000000000
51
180.0000000000
0
ARC
5
3A5
100
AcDbEntity
8
0
100
AcDbCircle
62
7
6
CONTINUOUS
10
59.5505975096
20
221.6076014832
40
8.8800000000
100
AcDbArc
50
180.0000000000
51
360.0000000000
0
ARC
5
3A6
100
AcDbEntity
8
0
100
AcDbCircle
62
7
6
CONTINUOUS
10
59.5505975096
20
221.6076014832
40
9.5200000000
100
AcDbArc
50
180.0000000000
51
360.0000000000
0
ARC
5
3A7
100
AcDbEntity
8
0
100
AcDbCircle
62
7
6
CONTINUOUS
10
59.5505975096
20
221.6076014832
40
9.5200000000
100
AcDbArc
50
0.0000000000
51
180.0000000000
0
ARC
5
3A8
100
AcDbEntity
8
0
100
AcDbCircle
62
7
6
CONTINUOUS
10
59.5505975096
20
221.6076014832
40
8.1000000000
100
AcDbArc
50
0.0000000000
51
180.0000000000
0
ARC
5
3A9
100
AcDbEntity
8
0
100
AcDbCircle
62
7
6
CONTINUOUS
10
59.5505975096
20
221.6076014832
40
8.3800000000
100
AcDbArc
50
0.0000000000
51
180.0000000000
0
ARC
5
3AA
100
AcDbEntity
8
0
100
AcDbCircle
62
7
6
CONTINUOUS
10
78.5505975096
20
245.6076014832
40
7.0000000000
100
AcDbArc
50
0.0000000000
51
90.0000000000
0
LINE
5
3AB
100
AcDbEntity
8
0
100
AcDbLine
62
7
6
CONTINUOUS
10
78.5505975096
20
252.6076014832
11
40.5505975096
21
252.6076014832
0
ARC
5
3AC
100
AcDbEntity
8
0
100
AcDbCircle
62
7
6
CONTINUOUS
10
40.5505975096
20
245.6076014832
40
7.0000000000
100
AcDbArc
50
90.0000000000
51
180.0000000000
0
LINE
5
3AD
100
AcDbEntity
8
0
100
AcDbLine
62
7
6
CONTINUOUS
10
33.5505975096
20
245.6076014832
11
33.5505975096
21
197.6076014832
0
ARC
5
3AE
100
AcDbEntity
8
0
100
AcDbCircle
62
7
6
CONTINUOUS
10
40.5505975096
20
197.6076014832
40
7.0000000000
100
AcDbArc
50
180.0000000000
51
270.0000000000
0
LINE
5
3AF
100
AcDbEntity
8
0
100
AcDbLine
62
7
6
CONTINUOUS
10
40.5505975096
20
190.6076014832
11
78.5505975096
21
190.6076014832
0
ARC
5
3B0
100
AcDbEntity
8
0
100
AcDbCircle
62
7
6
CONTINUOUS
10
78.5505975096
20
197.6076014832
40
7.0000000000
100
AcDbArc
50
270.0000000000
51
360.0000000000
0
LINE
5
3B1
100
AcDbEntity
8
0
100
AcDbLine
62
7
6
CONTINUOUS
10
85.5505975096
20
197.6076014832
11
85.5505975096
21
245.6076014832
0
ARC
5
3B2
100
AcDbEntity
8
0
100
AcDbCircle
62
7
6
CONTINUOUS
10
78.5505975096
20
245.6076014832
40
2.9000000000
100
AcDbArc
50
339.5940682269
51
30.0000000000
0
ARC
5
3B3
100
AcDbEntity
8
0
100
AcDbCircle
62
7
6
CONTINUOUS
10
81.4806501258
20
247.2992681499
40
0.4833333333
100
AcDbArc
50
30.0000000000
51
210.0000000000
0
ARC
5
3B4
100
AcDbEntity
8
0
100
AcDbCircle
62
7
6
CONTINUOUS
10
78.5505975096
20
245.6076014832
40
3.8666666667
100
AcDbArc
50
330.0000000000
51
30.0000000000
0
ARC
5
3B5
100
AcDbEntity
8
0
100
AcDbCircle
62
7
6
CONTINUOUS
10
81.4806501258
20
243.9159348165
40
0.4833333333
100
AcDbArc
50
240.0000000000
51
330.0000000000
0
LINE
5
3B6
100
AcDbEntity
8
0
100
AcDbLine
62
7
6
CONTINUOUS
10
81.2389834591
20
243.4973558714
11
79.7739876730
21
244.3431715828
0
ARC
5
3B7
100
AcDbEntity
8
0
100
AcDbCircle
62
7
6
CONTINUOUS
10
80.0156543397
20
244.7617505280
40
0.4833333333
100
AcDbArc
50
60.0000000000
51
240.0000000000
0
LINE
5
3B8
100
AcDbEntity
8
0
100
AcDbLine
62
7
6
CONTINUOUS
10
80.2573210064
20
245.1803294732
11
81.2686106114
21
244.5964611475
0
ARC
5
3B9
100
AcDbEntity
8
0
100
AcDbCircle
62
7
6
CONTINUOUS
10
78.5505975096
20
245.6076014832
40
2.9000000000
100
AcDbArc
50
99.5940682269
51
125.0000000000
0
ARC
5
3BA
100
AcDbEntity
8
0
100
AcDbCircle
62
7
6
CONTINUOUS
10
76.6099972333
20
248.3790658997
40
0.4833333333
100
AcDbArc
50
125.0000000000
51
305.0000000000
0
ARC
5
3BB
100
AcDbEntity
8
0
100
AcDbCircle
62
7
6
CONTINUOUS
10
78.5505975096
20
245.6076014832
40
3.8666666667
100
AcDbArc
50
60.0000000000
51
125.0000000000
0
ARC
5
3BC
100
AcDbEntity
8
0
100
AcDbCircle
62
7
6
CONTINUOUS
10
80.2422641763
20
248.5376540994
40
0.4833333333
100
AcDbArc
50
240.0000000000
51
60.0000000000
0
ARC
5
3BD
100
AcDbEntity
8
0
100
AcDbCircle
62
7
6
CONTINUOUS
10
78.5505975096
20
245.6076014832
40
2.9000000000
100
AcDbArc
50
60.0000000000
51
80.4059317731
0
LINE
5
3BE
100
AcDbEntity
8
0
100
AcDbLine
62
7
6
CONTINUOUS
10
79.0339308430
20
248.4670400450
11
79.0339308430
21
242.2242681499
0
ARC
5
3BF
100
AcDbEntity
8
0
100
AcDbCircle
62
7
6
CONTINUOUS
10
78.5505975096
20
242.2242681499
40
0.4833333333
100
AcDbArc
50
180.0000000000
51
360.0000000000
0
LINE
5
3C0
100
AcDbEntity
8
0
100
AcDbLine
62
7
6
CONTINUOUS
10
78.0672641763
20
242.2242681499
11
78.0672641763
21
248.4670400450
0
LINE
5
3C1
100
AcDbEntity
8
0
100
AcDbLine
62
7
6
CONTINUOUS
10
75.8622115602
20
247.7178470950
11
77.3310431314
21
246.8698167920
0
ARC
5
3C2
100
AcDbEntity
8
0
100
AcDbCircle
62
7
6
CONTINUOUS
10
77.0893764647
20
246.4512378469
40
0.4833333333
100
AcDbArc
50
240.0000000000
51
60.0000000000
0
LINE
5
3C3
100
AcDbEntity
8
0
100
AcDbLine
62
7
6
CONTINUOUS
10
76.8477097980
20
246.0326589017
11
75.8325844079
21
246.6187418190
0
ARC
5
3C4
100
AcDbEntity
8
0
100
AcDbCircle
62
7
6
CONTINUOUS
10
78.5505975096
20
245.6076014832
40
2.9000000000
100
AcDbArc
50
159.5940682269
51
210.0000000000
0
ARC
5
3C5
100
AcDbEntity
8
0
100
AcDbCircle
62
7
6
CONTINUOUS
10
75.6205448935
20
243.9159348165
40
0.4833333333
100
AcDbArc
50
210.0000000000
51
30.0000000000
0
ARC
5
3C6
100
AcDbEntity
8
0
100
AcDbCircle
62
7
6
CONTINUOUS
10
78.5505975096
20
245.6076014832
40
3.8666666667
100
AcDbArc
50
150.0000000000
51
210.0000000000
0
ARC
5
3C7
100
AcDbEntity
8
0
100
AcDbCircle
62
7
6
CONTINUOUS
10
75.6205448935
20
247.2992681499
40
0.4833333333
100
AcDbArc
50
60.0000000000
51
150.0000000000
0
ARC
5
3C8
100
AcDbEntity
8
0
100
AcDbCircle
62
7
6
CONTINUOUS
10
40.5505975096
20
245.6076014832
40
6.0000000000
100
AcDbArc
50
0.0000000000
51
90.0000000000
0
ARC
5
3C9
100
AcDbEntity
8
0
100
AcDbCircle
62
7
6
CONTINUOUS
10
40.5505975096
20
245.6076014832
40
6.0000000000
100
AcDbArc
50
90.0000000000
51
180.0000000000
0
ARC
5
3CA
100
AcDbEntity
8
0
100
AcDbCircle
62
7
6
CONTINUOUS
10
40.5505975096
20
245.6076014832
40
6.0000000000
100
AcDbArc
50
180.0000000000
51
360.0000000000
0
ARC
5
3CB
100
AcDbEntity
8
0
100
AcDbCircle
62
7
6
CONTINUOUS
10
78.5505975096
20
197.6076014832
40
6.0000000000
100
AcDbArc
50
0.0000000000
51
180.0000000000
0
ARC
5
3CC
100
AcDbEntity
8
0
100
AcDbCircle
62
7
6
CONTINUOUS
10
78.5505975096
20
197.6076014832
40
6.0000000000
100
AcDbArc
50
180.0000000000
51
270.0000000000
0
ARC
5
3CD
100
AcDbEntity
8
0
100
AcDbCircle
62
7
6
CONTINUOUS
10
78.5505975096
20
197.6076014832
40
6.0000000000
100
AcDbArc
50
270.0000000000
51
360.0000000000
0
ARC
5
3CE
100
AcDbEntity
8
0
100
AcDbCircle
62
7
6
CONTINUOUS
10
40.5505975096
20
197.6076014832
40
5.0000000000
100
AcDbArc
50
180.0000000000
51
360.0000000000
0
ARC
5
3CF
100
AcDbEntity
8
0
100
AcDbCircle
62
7
6
CONTINUOUS
10
40.5505975096
20
197.6076014832
40
5.0000000000
100
AcDbArc
50
0.0000000000
51
180.0000000000
0
ARC
5
3D0
100
AcDbEntity
8
0
100
AcDbCircle
62
7
6
CONTINUOUS
10
78.5505975096
20
245.6076014832
40
5.0000000000
100
AcDbArc
50
180.0000000000
51
360.0000000000
0
ARC
5
3D1
100
AcDbEntity
8
0
100
AcDbCircle
62
7
6
CONTINUOUS
10
78.5505975096
20
245.6076014832
40
5.0000000000
100
AcDbArc
50
0.0000000000
51
180.0000000000
0
ARC
5
3D2
100
AcDbEntity
8
0
100
AcDbCircle
62
7
6
CONTINUOUS
10
40.5505975096
20
245.6076014832
40
3.5000000000
100
AcDbArc
50
0.0000000000
51
180.0000000000
0
ARC
5
3D3
100
AcDbEntity
8
0
100
AcDbCircle
62
7
6
CONTINUOUS
10
40.5505975096
20
245.6076014832
40
3.5000000000
100
AcDbArc
50
180.0000000000
51
360.0000000000
0
ARC
5
3D4
100
AcDbEntity
8
0
100
AcDbCircle
62
7
6
CONTINUOUS
10
78.5505975096
20
197.6076014832
40
3.5000000000
100
AcDbArc
50
0.0000000000
51
180.0000000000
0
ARC
5
3D5
100
AcDbEntity
8
0
100
AcDbCircle
62
7
6
CONTINUOUS
10
78.5505975096
20
197.6076014832
40
3.5000000000
100
AcDbArc
50
180.0000000000
51
360.0000000000
0
ARC
5
3D6
100
AcDbEntity
8
0
100
AcDbCircle
62
9
6
CONTINUOUS
10
59.5505975096
20
221.6076014832
40
23.4383894856
100
AcDbArc
50
0.0000000000
51
180.0000000000
0
ARC
5
3D7
100
AcDbEntity
8
0
100
AcDbCircle
62
9
6
CONTINUOUS
10
59.5505975096
20
221.6076014832
40
22.6388761161
100
AcDbArc
50
0.0000000000
51
180.0000000000
0
ARC
5
3D8
100
AcDbEntity
8
0
100
AcDbCircle
62
9
6
CONTINUOUS
10
59.5505975096
20
221.6076014832
40
23.4383894856
100
AcDbArc
50
180.0000000000
51
360.0000000000
0
ARC
5
3D9
100
AcDbEntity
8
0
100
AcDbCircle
62
9
6
CONTINUOUS
10
59.5505975096
20
221.6076014832
40
22.6388761161
100
AcDbArc
50
180.0000000000
51
360.0000000000
0
POLYLINE
5
3DA
100
AcDbEntity
8
0
100
AcDb2dPolyline
62
9
6
CONTINUOUS
66
1
70
0
0
VERTEX
5
3DB
100
AcDbEntity
8
0
100
AcDbVertex
62
9
6
CONTINUOUS
100
AcDb2dVertex
10
40.5505975096
20
251.6953673854
0
VERTEX
5
3DC
100
AcDbEntity
8
0
100
AcDbVertex
62
9
6
CONTINUOUS
100
AcDb2dVertex
10
40.5505975099
20
251.9950515942
0
VERTEX
5
3DD
100
AcDbEntity
8
0
100
AcDbVertex
62
9
6
CONTINUOUS
100
AcDb2dVertex
10
40.5505975101
20
252.2510930964
0
VERTEX
5
3DE
100
AcDbEntity
8
0
100
AcDbVertex
62
9
6
CONTINUOUS
100
AcDb2dVertex
10
40.5505975102
20
252.4262033939
0
VERTEX
5
3DF
100
AcDbEntity
8
0
100
AcDbVertex
62
9
6
CONTINUOUS
100
AcDb2dVertex
10
40.5505975103
20
252.4948800470
0
SEQEND
5
3E0
100
AcDbEntity
8
0
0
ARC
5
3E1
100
AcDbEntity
8
0
100
AcDbCircle
62
9
6
CONTINUOUS
10
40.5505975096
20
245.6076014832
40
6.8872785632
100
AcDbArc
50
90.0000000000
51
180.0000000000
0
ARC
5
3E2
100
AcDbEntity
8
0
100
AcDbCircle
62
9
6
CONTINUOUS
10
40.5505975096
20
245.6076014832
40
6.0877654527
100
AcDbArc
50
90.0000000000
51
180.0000000000
0
POLYLINE
5
3E3
100
AcDbEntity
8
0
100
AcDb2dPolyline
62
9
6
CONTINUOUS
66
1
70
0
0
VERTEX
5
3E4
100
AcDbEntity
8
0
100
AcDbVertex
62
9
6
CONTINUOUS
100
AcDb2dVertex
10
78.5505975096
20
251.6953673854
0
VERTEX
5
3E5
100
AcDbEntity
8
0
100
AcDbVertex
62
9
6
CONTINUOUS
100
AcDb2dVertex
10
78.5505975096
20
251.9950526601
0
VERTEX
5
3E6
100
AcDbEntity
8
0
100
AcDbVertex
62
9
6
CONTINUOUS
100
AcDb2dVertex
10
78.5505975096
20
252.2510940818
0
VERTEX
5
3E7
100
AcDbEntity
8
0
100
AcDbVertex
62
9
6
CONTINUOUS
100
AcDb2dVertex
10
78.5505975096
20
252.4262037515
0
VERTEX
5
3E8
100
AcDbEntity
8
0
100
AcDbVertex
62
9
6
CONTINUOUS
100
AcDb2dVertex
10
78.5505975096
20
252.4948800470
0
SEQEND
5
3E9
100
AcDbEntity
8
0
0
ARC
5
3EA
100
AcDbEntity
8
0
100
AcDbCircle
62
9
6
CONTINUOUS
10
59.5505975096
20
221.6076014832
40
21.5843159120
100
AcDbArc
50
270.0000000000
51
90.0000000000
0
ARC
5
3EB
100
AcDbEntity
8
0
100
AcDbCircle
62
9
6
CONTINUOUS
10
59.5505975096
20
221.6076014832
40
19.5846206941
100
AcDbArc
50
270.0000000000
51
90.0000000000
0
ARC
5
3EC
100
AcDbEntity
8
0
100
AcDbCircle
62
9
6
CONTINUOUS
10
59.5505975096
20
221.6076014832
40
19.5846206941
100
AcDbArc
50
90.0000000000
51
270.0000000000
0
ARC
5
3ED
100
AcDbEntity
8
0
100
AcDbCircle
62
9
6
CONTINUOUS
10
59.5505975096
20
221.6076014832
40
21.5843159120
100
AcDbArc
50
90.0000000000
51
270.0000000000
0
LINE
5
3EE
100
AcDbEntity
8
0
100
AcDbLine
62
9
6
CONTINUOUS
10
85.5505975096
20
245.6076014832
11
85.4378760734
21
245.6076014832
0
LINE
5
3EF
100
AcDbEntity
8
0
100
AcDbLine
62
9
6
CONTINUOUS
10
78.5505975096
20
252.6076014832
11
78.5505975096
21
252.4948800470
0
LINE
5
3F0
100
AcDbEntity
8
0
100
AcDbLine
62
9
6
CONTINUOUS
10
40.5505975096
20
252.6076014832
11
40.5505975096
21
252.4948800470
0
LINE
5
3F1
100
AcDbEntity
8
0
100
AcDbLine
62
9
6
CONTINUOUS
10
33.5505975096
20
245.6076014832
11
33.6633189458
21
245.6076014832
0
LINE
5
3F2
100
AcDbEntity
8
0
100
AcDbLine
62
9
6
CONTINUOUS
10
33.5505975096
20
197.6076014832
11
33.6633189458
21
197.6076014832
0
LINE
5
3F3
100
AcDbEntity
8
0
100
AcDbLine
62
9
6
CONTINUOUS
10
40.5505975096
20
190.6076014832
11
40.5505975096
21
190.7203229194
0
LINE
5
3F4
100
AcDbEntity
8
0
100
AcDbLine
62
9
6
CONTINUOUS
10
78.5505975096
20
190.6076014832
11
78.5505975096
21
190.7203229194
0
LINE
5
3F5
100
AcDbEntity
8
0
100
AcDbLine
62
9
6
CONTINUOUS
10
85.5505975096
20
197.6076014832
11
85.4378760734
21
197.6076014832
0
ARC
5
3F6
100
AcDbEntity
8
0
100
AcDbCircle
62
9
6
CONTINUOUS
10
59.5505975096
20
221.6076014832
40
18.2173021714
100
AcDbArc
50
270.0000000000
51
90.0000000000
0
LINE
5
3F7
100
AcDbEntity
8
0
100
AcDbLine
62
9
6
CONTINUOUS
10
78.5505975096
20
252.4948800470
11
40.5505975096
21
252.4948800470
0
LINE
5
3F8
100
AcDbEntity
8
0
100
AcDbLine
62
9
6
CONTINUOUS
10
78.5505975096
20
251.6953673854
11
40.5505975096
21
251.6953673854
0
POLYLINE
5
3F9
100
AcDbEntity
8
0
100
AcDb2dPolyline
62
9
6
CONTINUOUS
66
1
70
0
0
VERTEX
5
3FA
100
AcDbEntity
8
0
100
AcDbVertex
62
9
6
CONTINUOUS
100
AcDb2dVertex
10
84.6383634118
20
245.6076014832
0
VERTEX
5
3FB
100
AcDbEntity
8
0
100
AcDbVertex
62
9
6
CONTINUOUS
100
AcDb2dVertex
10
84.9380476207
20
245.6076014830
0
VERTEX
5
3FC
100
AcDbEntity
8
0
100
AcDbVertex
62
9
6
CONTINUOUS
100
AcDb2dVertex
10
85.1940891228
20
245.6076014828
0
VERTEX
5
3FD
100
AcDbEntity
8
0
100
AcDbVertex
62
9
6
CONTINUOUS
100
AcDb2dVertex
10
85.3691994203
20
245.6076014826
0
VERTEX
5
3FE
100
AcDbEntity
8
0
100
AcDbVertex
62
9
6
CONTINUOUS
100
AcDb2dVertex
10
85.4378760734
20
245.6076014826
0
SEQEND
5
3FF
100
AcDbEntity
8
0
0
ARC
5
400
100
AcDbEntity
8
0
100
AcDbCircle
62
9
6
CONTINUOUS
10
59.5505975096
20
221.6076014832
40
19.2171504318
100
AcDbArc
50
270.0000000000
51
90.0000000000
0
ARC
5
401
100
AcDbEntity
8
0
100
AcDbCircle
62
9
6
CONTINUOUS
10
78.5505975096
20
245.6076014832
40
6.8872785632
100
AcDbArc
50
0.0000000000
51
90.0000000000
0
ARC
5
402
100
AcDbEntity
8
0
100
AcDbCircle
62
9
6
CONTINUOUS
10
78.5505975096
20
245.6076014832
40
6.0877654527
100
AcDbArc
50
0.0000000000
51
90.0000000000
0
POLYLINE
5
403
100
AcDbEntity
8
0
100
AcDb2dPolyline
62
9
6
CONTINUOUS
66
1
70
0
0
VERTEX
5
404
100
AcDbEntity
8
0
100
AcDbVertex
62
9
6
CONTINUOUS
100
AcDb2dVertex
10
84.6383634118
20
197.6076014832
0
VERTEX
5
405
100
AcDbEntity
8
0
100
AcDbVertex
62
9
6
CONTINUOUS
100
AcDb2dVertex
10
84.9380486866
20
197.6076014832
0
VERTEX
5
406
100
AcDbEntity
8
0
100
AcDbVertex
62
9
6
CONTINUOUS
100
AcDb2dVertex
10
85.1940901082
20
197.6076014832
0
VERTEX
5
407
100
AcDbEntity
8
0
100
AcDbVertex
62
9
6
CONTINUOUS
100
AcDb2dVertex
10
85.3691997779
20
197.6076014832
0
VERTEX
5
408
100
AcDbEntity
8
0
100
AcDbVertex
62
9
6
CONTINUOUS
100
AcDb2dVertex
10
85.4378760734
20
197.6076014832
0
SEQEND
5
409
100
AcDbEntity
8
0
0
ARC
5
40A
100
AcDbEntity
8
0
100
AcDbCircle
62
9
6
CONTINUOUS
10
59.5505975096
20
221.6076014832
40
18.2173021714
100
AcDbArc
50
90.0000000000
51
270.0000000000
0
LINE
5
40B
100
AcDbEntity
8
0
100
AcDbLine
62
9
6
CONTINUOUS
10
85.4378760734
20
197.6076014832
11
85.4378760734
21
245.6076014832
0
LINE
5
40C
100
AcDbEntity
8
0
100
AcDbLine
62
9
6
CONTINUOUS
10
84.6383634118
20
197.6076014832
11
84.6383634118
21
245.6076014832
0
POLYLINE
5
40D
100
AcDbEntity
8
0
100
AcDb2dPolyline
62
9
6
CONTINUOUS
66
1
70
0
0
VERTEX
5
40E
100
AcDbEntity
8
0
100
AcDbVertex
62
9
6
CONTINUOUS
100
AcDb2dVertex
10
78.5505975096
20
191.5198355810
0
VERTEX
5
40F
100
AcDbEntity
8
0
100
AcDbVertex
62
9
6
CONTINUOUS
100
AcDb2dVertex
10
78.5505975094
20
191.2201513722
0
VERTEX
5
410
100
AcDbEntity
8
0
100
AcDbVertex
62
9
6
CONTINUOUS
100
AcDb2dVertex
10
78.5505975092
20
190.9641098701
0
VERTEX
5
411
100
AcDbEntity
8
0
100
AcDbVertex
62
9
6
CONTINUOUS
100
AcDb2dVertex
10
78.5505975091
20
190.7889995726
0
VERTEX
5
412
100
AcDbEntity
8
0
100
AcDbVertex
62
9
6
CONTINUOUS
100
AcDb2dVertex
10
78.5505975090
20
190.7203229194
0
SEQEND
5
413
100
AcDbEntity
8
0
0
ARC
5
414
100
AcDbEntity
8
0
100
AcDbCircle
62
9
6
CONTINUOUS
10
78.5505975096
20
197.6076014832
40
6.8872785632
100
AcDbArc
50
270.0000000000
51
360.0000000000
0
ARC
5
415
100
AcDbEntity
8
0
100
AcDbCircle
62
9
6
CONTINUOUS
10
78.5505975096
20
197.6076014832
40
6.0877654527
100
AcDbArc
50
270.0000000000
51
360.0000000000
0
POLYLINE
5
416
100
AcDbEntity
8
0
100
AcDb2dPolyline
62
9
6
CONTINUOUS
66
1
70
0
0
VERTEX
5
417
100
AcDbEntity
8
0
100
AcDbVertex
62
9
6
CONTINUOUS
100
AcDb2dVertex
10
40.5505975096
20
191.5198355810
0
VERTEX
5
418
100
AcDbEntity
8
0
100
AcDbVertex
62
9
6
CONTINUOUS
100
AcDb2dVertex
10
40.5505975096
20
191.2201503063
0
VERTEX
5
419
100
AcDbEntity
8
0
100
AcDbVertex
62
9
6
CONTINUOUS
100
AcDb2dVertex
10
40.5505975096
20
190.9641088847
0
VERTEX
5
41A
100
AcDbEntity
8
0
100
AcDbVertex
62
9
6
CONTINUOUS
100
AcDb2dVertex
10
40.5505975096
20
190.7889992149
0
VERTEX
5
41B
100
AcDbEntity
8
0
100
AcDbVertex
62
9
6
CONTINUOUS
100
AcDb2dVertex
10
40.5505975096
20
190.7203229194
0
SEQEND
5
41C
100
AcDbEntity
8
0
0
LINE
5
41D
100
AcDbEntity
8
0
100
AcDbLine
62
9
6
CONTINUOUS
10
40.5505975096
20
190.7203229194
11
78.5505975096
21
190.7203229194
0
LINE
5
41E
100
AcDbEntity
8
0
100
AcDbLine
62
9
6
CONTINUOUS
10
40.5505975096
20
191.5198355810
11
78.5505975096
21
191.5198355810
0
POLYLINE
5
41F
100
AcDbEntity
8
0
100
AcDb2dPolyline
62
9
6
CONTINUOUS
66
1
70
0
0
VERTEX
5
420
100
AcDbEntity
8
0
100
AcDbVertex
62
9
6
CONTINUOUS
100
AcDb2dVertex
10
34.4628316074
20
197.6076014832
0
VERTEX
5
421
100
AcDbEntity
8
0
100
AcDbVertex
62
9
6
CONTINUOUS
100
AcDb2dVertex
10
34.1631473986
20
197.6076014835
0
VERTEX
5
422
100
AcDbEntity
8
0
100
AcDbVertex
62
9
6
CONTINUOUS
100
AcDb2dVertex
10
33.9071058965
20
197.6076014837
0
VERTEX
5
423
100
AcDbEntity
8
0
100
AcDbVertex
62
9
6
CONTINUOUS
100
AcDb2dVertex
10
33.7319955990
20
197.6076014838
0
VERTEX
5
424
100
AcDbEntity
8
0
100
AcDbVertex
62
9
6
CONTINUOUS
100
AcDb2dVertex
10
33.6633189458
20
197.6076014838
0
SEQEND
5
425
100
AcDbEntity
8
0
0
ARC
5
426
100
AcDbEntity
8
0
100
AcDbCircle
62
9
6
CONTINUOUS
10
40.5505975096
20
197.6076014832
40
6.8872785632
100
AcDbArc
50
180.0000000000
51
270.0000000000
0
ARC
5
427
100
AcDbEntity
8
0
100
AcDbCircle
62
9
6
CONTINUOUS
10
40.5505975096
20
197.6076014832
40
6.0877654527
100
AcDbArc
50
180.0000000000
51
270.0000000000
0
POLYLINE
5
428
100
AcDbEntity
8
0
100
AcDb2dPolyline
62
9
6
CONTINUOUS
66
1
70
0
0
VERTEX
5
429
100
AcDbEntity
8
0
100
AcDbVertex
62
9
6
CONTINUOUS
100
AcDb2dVertex
10
34.4628316074
20
245.6076014832
0
VERTEX
5
42A
100
AcDbEntity
8
0
100
AcDbVertex
62
9
6
CONTINUOUS
100
AcDb2dVertex
10
34.1631463327
20
245.6076014832
0
VERTEX
5
42B
100
AcDbEntity
8
0
100
AcDbVertex
62
9
6
CONTINUOUS
100
AcDb2dVertex
10
33.9071049111
20
245.6076014832
0
VERTEX
5
42C
100
AcDbEntity
8
0
100
AcDbVertex
62
9
6
CONTINUOUS
100
AcDb2dVertex
10
33.7319952413
20
245.6076014832
0
VERTEX
5
42D
100
AcDbEntity
8
0
100
AcDbVertex
62
9
6
CONTINUOUS
100
AcDb2dVertex
10
33.6633189458
20
245.6076014832
0
SEQEND
5
42E
100
AcDbEntity
8
0
0
LINE
5
42F
100
AcDbEntity
8
0
100
AcDbLine
62
9
6
CONTINUOUS
10
33.6633189458
20
245.6076014832
11
33.6633189458
21
197.6076014832
0
LINE
5
430
100
AcDbEntity
8
0
100
AcDbLine
62
9
6
CONTINUOUS
10
34.4628316074
20
245.6076014832
11
34.4628316074
21
197.6076014832
0
ARC
5
431
100
AcDbEntity
8
0
100
AcDbCircle
62
9
6
CONTINUOUS
10
59.5505975096
20
221.6076014832
40
23.5730383573
100
AcDbArc
50
0.0000000000
51
180.0000000000
0
ARC
5
432
100
AcDbEntity
8
0
100
AcDbCircle
62
9
6
CONTINUOUS
10
59.5505975096
20
221.6076014832
40
24.3725502692
100
AcDbArc
50
0.0000000000
51
180.0000000000
0
ARC
5
433
100
AcDbEntity
8
0
100
AcDbCircle
62
9
6
CONTINUOUS
10
59.5505975096
20
221.6076014832
40
23.5730383573
100
AcDbArc
50
180.0000000000
51
360.0000000000
0
ARC
5
434
100
AcDbEntity
8
0
100
AcDbCircle
62
9
6
CONTINUOUS
10
59.5505975096
20
221.6076014832
40
24.3725502692
100
AcDbArc
50
180.0000000000
51
360.0000000000
0
ARC
5
435
100
AcDbEntity
8
0
100
AcDbCircle
62
9
6
CONTINUOUS
10
59.5505975096
20
221.6076014832
40
19.2171504318
100
AcDbArc
50
90.0000000000
51
270.0000000000
0
LINE
5
436
100
AcDbEntity
8
0
100
AcDbLine
62
7
6
CONTINUOUS
10
145.0306010929
20
205.7076014832
11
146.0306010929
21
205.7076014832
0
LINE
5
437
100
AcDbEntity
8
0
100
AcDbLine
62
7
6
CONTINUOUS
10
145.0306010929
20
237.5076014832
11
145.0306010929
21
236.0074095795
0
LINE
5
438
100
AcDbEntity
8
0
100
AcDbLine
62
7
6
CONTINUOUS
10
145.0306010929
20
236.0074095795
11
145.0306010929
21
235.6662639857
0
LINE
5
439
100
AcDbEntity
8
0
100
AcDbLine
62
7
6
CONTINUOUS
10
145.0306010929
20
235.6662639857
11
145.0306010929
21
235.5686343850
0
LINE
5
43A
100
AcDbEntity
8
0
100
AcDbLine
62
7
6
CONTINUOUS
10
145.0306010929
20
235.5686343850
11
145.0306010929
21
235.3411255740
0
LINE
5
43B
100
AcDbEntity
8
0
100
AcDbLine
62
7
6
CONTINUOUS
10
145.0306010929
20
235.3411255740
11
145.0306010929
21
235.2457538789
0
LINE
5
43C
100
AcDbEntity
8
0
100
AcDbLine
62
7
6
CONTINUOUS
10
145.0306010929
20
235.2457538789
11
145.0306010929
21
234.0065607736
0
LINE
5
43D
100
AcDbEntity
8
0
100
AcDbLine
62
7
6
CONTINUOUS
10
145.0306010929
20
234.0065607736
11
145.0306010929
21
233.7198067577
0
LINE
5
43E
100
AcDbEntity
8
0
100
AcDbLine
62
7
6
CONTINUOUS
10
145.0306010929
20
233.7198067577
11
145.0306010929
21
232.6595252272
0
LINE
5
43F
100
AcDbEntity
8
0
100
AcDbLine
62
7
6
CONTINUOUS
10
145.0306010929
20
232.6595252272
11
145.0306010929
21
232.1506673996
0
LINE
5
440
100
AcDbEntity
8
0
100
AcDbLine
62
7
6
CONTINUOUS
10
145.0306010929
20
232.1506673996
11
145.0306010929
21
231.3361004729
0
LINE
5
441
100
AcDbEntity
8
0
100
AcDbLine
62
7
6
CONTINUOUS
10
145.0306010929
20
231.3361004729
11
145.0306010929
21
231.2685414521
0
LINE
5
442
100
AcDbEntity
8
0
100
AcDbLine
62
7
6
CONTINUOUS
10
145.0306010929
20
231.2685414521
11
145.0306010929
21
230.9710236607
0
LINE
5
443
100
AcDbEntity
8
0
100
AcDbLine
62
7
6
CONTINUOUS
10
145.0306010929
20
230.9710236607
11
145.0306010929
21
230.2037904808
0
LINE
5
444
100
AcDbEntity
8
0
100
AcDbLine
62
7
6
CONTINUOUS
10
145.0306010929
20
230.2037904808
11
145.0306010929
21
230.1875971199
0
LINE
5
445
100
AcDbEntity
8
0
100
AcDbLine
62
7
6
CONTINUOUS
10
145.0306010929
20
230.1875971199
11
145.0306010929
21
228.0498131112
0
LINE
5
446
100
AcDbEntity
8
0
100
AcDbLine
62
7
6
CONTINUOUS
10
145.0306010929
20
228.0498131112
11
145.0306010929
21
225.9076944161
0
LINE
5
447
100
AcDbEntity
8
0
100
AcDbLine
62
7
6
CONTINUOUS
10
145.0306010929
20
225.9076944161
11
145.0306010929
21
225.4265651369
0
LINE
5
448
100
AcDbEntity
8
0
100
AcDbLine
62
7
6
CONTINUOUS
10
145.0306010929
20
225.4265651369
11
145.0306010929
21
224.7243319239
0
LINE
5
449
100
AcDbEntity
8
0
100
AcDbLine
62
7
6
CONTINUOUS
10
145.0306010929
20
224.7243319239
11
145.0306010929
21
224.7026879625
0
LINE
5
44A
100
AcDbEntity
8
0
100
AcDbLine
62
7
6
CONTINUOUS
10
145.0306010929
20
224.7026879625
11
145.0306010929
21
224.3563845802
0
LINE
5
44B
100
AcDbEntity
8
0
100
AcDbLine
62
7
6
CONTINUOUS
10
145.0306010929
20
224.3563845802
11
145.0306010929
21
221.7138696781
0
LINE
5
44C
100
AcDbEntity
8
0
100
AcDbLine
62
7
6
CONTINUOUS
10
145.0306010929
20
221.7138696781
11
145.0306010929
21
221.6076014832
0
LINE
5
44D
100
AcDbEntity
8
0
100
AcDbLine
62
7
6
CONTINUOUS
10
145.0306010929
20
237.5076014832
11
146.0306010929
21
237.5076014832
0
POLYLINE
5
44E
100
AcDbEntity
8
0
100
AcDb2dPolyline
62
7
6
CONTINUOUS
66
1
70
0
0
VERTEX
5
44F
100
AcDbEntity
8
0
100
AcDbVertex
62
7
6
CONTINUOUS
100
AcDb2dVertex
10
145.0306010929
20
224.7026879625
0
VERTEX
5
450
100
AcDbEntity
8
0
100
AcDbVertex
62
7
6
CONTINUOUS
100
AcDb2dVertex
10
145.0200484670
20
224.5608697187
0
VERTEX
5
451
100
AcDbEntity
8
0
100
AcDbVertex
62
7
6
CONTINUOUS
100
AcDb2dVertex
10
144.9886119983
20
224.4213124884
0
SEQEND
5
452
100
AcDbEntity
8
0
0
LINE
5
453
100
AcDbEntity
8
0
100
AcDbLine
62
7
6
CONTINUOUS
10
144.9886119983
20
224.4213124884
11
144.9369088799
21
224.2868439288
0
POLYLINE
5
454
100
AcDbEntity
8
0
100
AcDb2dPolyline
62
7
6
CONTINUOUS
66
1
70
0
0
VERTEX
5
455
100
AcDbEntity
8
0
100
AcDbVertex
62
7
6
CONTINUOUS
100
AcDb2dVertex
10
145.0306010929
20
231.2685414521
0
VERTEX
5
456
100
AcDbEntity
8
0
100
AcDbVertex
62
7
6
CONTINUOUS
100
AcDb2dVertex
10
145.0200484670
20
231.1605913985
0
VERTEX
5
457
100
AcDbEntity
8
0
100
AcDbVertex
62
7
6
CONTINUOUS
100
AcDb2dVertex
10
144.9886119983
20
231.0526445953
0
VERTEX
5
458
100
AcDbEntity
8
0
100
AcDbVertex
62
7
6
CONTINUOUS
100
AcDb2dVertex
10
144.9369088799
20
230.9468303523
0
SEQEND
5
459
100
AcDbEntity
8
0
0
POLYLINE
5
45A
100
AcDbEntity
8
0
100
AcDb2dPolyline
62
7
6
CONTINUOUS
66
1
70
0
0
VERTEX
5
45B
100
AcDbEntity
8
0
100
AcDbVertex
62
7
6
CONTINUOUS
100
AcDb2dVertex
10
145.0306010929
20
235.2457538789
0
VERTEX
5
45C
100
AcDbEntity
8
0
100
AcDbVertex
62
7
6
CONTINUOUS
100
AcDb2dVertex
10
145.0200484670
20
235.2005971452
0
VERTEX
5
45D
100
AcDbEntity
8
0
100
AcDbVertex
62
7
6
CONTINUOUS
100
AcDb2dVertex
10
144.9886119983
20
235.1531850279
0
VERTEX
5
45E
100
AcDbEntity
8
0
100
AcDbVertex
62
7
6
CONTINUOUS
100
AcDb2dVertex
10
144.9369088799
20
235.1043779425
0
SEQEND
5
45F
100
AcDbEntity
8
0
0
LINE
5
460
100
AcDbEntity
8
0
100
AcDbLine
62
7
6
CONTINUOUS
10
146.1978845989
20
235.9013212691
11
146.0306010929
21
235.8948572914
0
LINE
5
461
100
AcDbEntity
8
0
100
AcDbLine
62
7
6
CONTINUOUS
10
144.0306010929
20
234.9758851316
11
144.0803605024
21
234.4119923871
0
LINE
5
462
100
AcDbEntity
8
0
100
AcDbLine
62
7
6
CONTINUOUS
10
144.0803605024
20
234.4119923871
11
144.0878190759
21
234.3274689672
0
LINE
5
463
100
AcDbEntity
8
0
100
AcDbLine
62
7
6
CONTINUOUS
10
144.8633175869
20
235.9013212691
11
144.0306010929
21
235.8172773172
0
POLYLINE
5
464
100
AcDbEntity
8
0
100
AcDb2dPolyline
62
7
6
CONTINUOUS
66
1
70
0
0
VERTEX
5
465
100
AcDbEntity
8
0
100
AcDbVertex
62
7
6
CONTINUOUS
100
AcDb2dVertex
10
144.9369088799
20
235.1043779425
0
VERTEX
5
466
100
AcDbEntity
8
0
100
AcDbVertex
62
7
6
CONTINUOUS
100
AcDb2dVertex
10
144.6082301315
20
234.8381415551
0
VERTEX
5
467
100
AcDbEntity
8
0
100
AcDbVertex
62
7
6
CONTINUOUS
100
AcDb2dVertex
10
144.2812980013
20
234.5326611176
0
VERTEX
5
468
100
AcDbEntity
8
0
100
AcDbVertex
62
7
6
CONTINUOUS
100
AcDb2dVertex
10
144.0509731307
20
234.2883923664
0
SEQEND
5
469
100
AcDbEntity
8
0
0
LINE
5
46A
100
AcDbEntity
8
0
100
AcDbLine
62
7
6
CONTINUOUS
10
144.0509731307
20
234.2883923664
11
144.0306010929
21
234.2667870044
0
LINE
5
46B
100
AcDbEntity
8
0
100
AcDbLine
62
7
6
CONTINUOUS
10
144.0306010929
20
233.4548873903
11
144.0975974431
21
232.7867991252
0
POLYLINE
5
46C
100
AcDbEntity
8
0
100
AcDb2dPolyline
62
7
6
CONTINUOUS
66
1
70
0
0
VERTEX
5
46D
100
AcDbEntity
8
0
100
AcDbVertex
62
7
6
CONTINUOUS
100
AcDb2dVertex
10
144.9369088799
20
230.9468303523
0
VERTEX
5
46E
100
AcDbEntity
8
0
100
AcDbVertex
62
7
6
CONTINUOUS
100
AcDb2dVertex
10
144.6082301315
20
230.3887049870
0
VERTEX
5
46F
100
AcDbEntity
8
0
100
AcDbVertex
62
7
6
CONTINUOUS
100
AcDb2dVertex
10
144.2812980013
20
229.8047437817
0
VERTEX
5
470
100
AcDbEntity
8
0
100
AcDbVertex
62
7
6
CONTINUOUS
100
AcDb2dVertex
10
144.1439606867
20
229.5471607654
0
SEQEND
5
471
100
AcDbEntity
8
0
0
LINE
5
472
100
AcDbEntity
8
0
100
AcDbLine
62
7
6
CONTINUOUS
10
144.1439606867
20
229.5471607654
11
144.0306010929
21
229.3345491663
0
LINE
5
473
100
AcDbEntity
8
0
100
AcDbLine
62
7
6
CONTINUOUS
10
144.0306010929
20
228.7594189577
11
144.0975974432
21
228.3614845163
0
POLYLINE
5
474
100
AcDbEntity
8
0
100
AcDb2dPolyline
62
7
6
CONTINUOUS
66
1
70
0
0
VERTEX
5
475
100
AcDbEntity
8
0
100
AcDbVertex
62
7
6
CONTINUOUS
100
AcDb2dVertex
10
144.9369088799
20
224.2868439288
0
VERTEX
5
476
100
AcDbEntity
8
0
100
AcDbVertex
62
7
6
CONTINUOUS
100
AcDb2dVertex
10
144.6082301315
20
223.5863788264
0
VERTEX
5
477
100
AcDbEntity
8
0
100
AcDbVertex
62
7
6
CONTINUOUS
100
AcDb2dVertex
10
144.2812980013
20
222.8804087866
0
VERTEX
5
478
100
AcDbEntity
8
0
100
AcDbVertex
62
7
6
CONTINUOUS
100
AcDb2dVertex
10
144.0306010929
20
222.3318819366
0
SEQEND
5
479
100
AcDbEntity
8
0
0
LINE
5
47A
100
AcDbEntity
8
0
100
AcDbLine
62
7
6
CONTINUOUS
10
144.8633175869
20
221.7582630746
11
144.0306010929
21
222.1373608431
0
LINE
5
47B
100
AcDbEntity
8
0
100
AcDbLine
62
7
6
CONTINUOUS
10
144.0306010929
20
215.3911353093
11
144.0975974433
21
215.7524292483
0
POLYLINE
5
47C
100
AcDbEntity
8
0
100
AcDb2dPolyline
62
7
6
CONTINUOUS
66
1
70
0
0
VERTEX
5
47D
100
AcDbEntity
8
0
100
AcDbVertex
62
7
6
CONTINUOUS
100
AcDb2dVertex
10
144.0975974433
20
215.7524292483
0
VERTEX
5
47E
100
AcDbEntity
8
0
100
AcDbVertex
62
7
6
CONTINUOUS
100
AcDb2dVertex
10
144.5156141952
20
216.5563477831
0
VERTEX
5
47F
100
AcDbEntity
8
0
100
AcDbVertex
62
7
6
CONTINUOUS
100
AcDb2dVertex
10
144.9369088799
20
217.3906543713
0
SEQEND
5
480
100
AcDbEntity
8
0
0
LINE
5
481
100
AcDbEntity
8
0
100
AcDbLine
62
7
6
CONTINUOUS
10
144.8633175869
20
214.5912183558
11
144.0306010929
21
214.9615486298
0
POLYLINE
5
482
100
AcDbEntity
8
0
100
AcDb2dPolyline
62
7
6
CONTINUOUS
66
1
70
0
0
VERTEX
5
483
100
AcDbEntity
8
0
100
AcDbVertex
62
7
6
CONTINUOUS
100
AcDb2dVertex
10
144.9369088799
20
217.3906543713
0
VERTEX
5
484
100
AcDbEntity
8
0
100
AcDbVertex
62
7
6
CONTINUOUS
100
AcDb2dVertex
10
144.9886153261
20
217.5174407677
0
VERTEX
5
485
100
AcDbEntity
8
0
100
AcDbVertex
62
7
6
CONTINUOUS
100
AcDb2dVertex
10
145.0200510883
20
217.6510314617
0
VERTEX
5
486
100
AcDbEntity
8
0
100
AcDbVertex
62
7
6
CONTINUOUS
100
AcDb2dVertex
10
145.0306010929
20
217.7886378295
0
SEQEND
5
487
100
AcDbEntity
8
0
0
LINE
5
488
100
AcDbEntity
8
0
100
AcDbLine
62
7
6
CONTINUOUS
10
144.0306010929
20
210.3003409013
11
144.0975974429
21
210.9472747606
0
POLYLINE
5
489
100
AcDbEntity
8
0
100
AcDb2dPolyline
62
7
6
CONTINUOUS
66
1
70
0
0
VERTEX
5
48A
100
AcDbEntity
8
0
100
AcDbVertex
62
7
6
CONTINUOUS
100
AcDb2dVertex
10
144.0975974429
20
210.9472747606
0
VERTEX
5
48B
100
AcDbEntity
8
0
100
AcDbVertex
62
7
6
CONTINUOUS
100
AcDb2dVertex
10
144.5156232409
20
211.4277920229
0
VERTEX
5
48C
100
AcDbEntity
8
0
100
AcDbVertex
62
7
6
CONTINUOUS
100
AcDb2dVertex
10
144.9369088799
20
211.9711049141
0
SEQEND
5
48D
100
AcDbEntity
8
0
0
LINE
5
48E
100
AcDbEntity
8
0
100
AcDbLine
62
7
6
CONTINUOUS
10
145.0306010929
20
221.6076014832
11
145.0306010929
21
218.8588183862
0
LINE
5
48F
100
AcDbEntity
8
0
100
AcDbLine
62
7
6
CONTINUOUS
10
145.0306010929
20
218.8588183862
11
145.0306010929
21
218.5125150039
0
LINE
5
490
100
AcDbEntity
8
0
100
AcDbLine
62
7
6
CONTINUOUS
10
145.0306010929
20
218.5125150039
11
145.0306010929
21
218.4908710425
0
LINE
5
491
100
AcDbEntity
8
0
100
AcDbLine
62
7
6
CONTINUOUS
10
145.0306010929
20
218.4908710425
11
145.0306010929
21
217.7886378295
0
LINE
5
492
100
AcDbEntity
8
0
100
AcDbLine
62
7
6
CONTINUOUS
10
145.0306010929
20
217.7886378295
11
145.0306010929
21
217.3075085503
0
LINE
5
493
100
AcDbEntity
8
0
100
AcDbLine
62
7
6
CONTINUOUS
10
145.0306010929
20
217.3075085503
11
145.0306010929
21
213.0276058465
0
LINE
5
494
100
AcDbEntity
8
0
100
AcDbLine
62
7
6
CONTINUOUS
10
145.0306010929
20
213.0276058465
11
145.0306010929
21
213.0114124857
0
LINE
5
495
100
AcDbEntity
8
0
100
AcDbLine
62
7
6
CONTINUOUS
10
145.0306010929
20
213.0114124857
11
145.0306010929
21
212.2441793057
0
LINE
5
496
100
AcDbEntity
8
0
100
AcDbLine
62
7
6
CONTINUOUS
10
145.0306010929
20
212.2441793057
11
145.0306010929
21
211.9466615143
0
LINE
5
497
100
AcDbEntity
8
0
100
AcDbLine
62
7
6
CONTINUOUS
10
145.0306010929
20
211.9466615143
11
145.0306010929
21
211.8791024936
0
LINE
5
498
100
AcDbEntity
8
0
100
AcDbLine
62
7
6
CONTINUOUS
10
145.0306010929
20
211.8791024936
11
145.0306010929
21
211.0645355668
0
LINE
5
499
100
AcDbEntity
8
0
100
AcDbLine
62
7
6
CONTINUOUS
10
145.0306010929
20
211.0645355668
11
145.0306010929
21
209.5911832510
0
LINE
5
49A
100
AcDbEntity
8
0
100
AcDbLine
62
7
6
CONTINUOUS
10
145.0306010929
20
209.5911832510
11
145.0306010929
21
209.4953962087
0
LINE
5
49B
100
AcDbEntity
8
0
100
AcDbLine
62
7
6
CONTINUOUS
10
145.0306010929
20
209.4953962087
11
145.0306010929
21
209.2086421928
0
LINE
5
49C
100
AcDbEntity
8
0
100
AcDbLine
62
7
6
CONTINUOUS
10
145.0306010929
20
209.2086421928
11
145.0306010929
21
207.9694490875
0
LINE
5
49D
100
AcDbEntity
8
0
100
AcDbLine
62
7
6
CONTINUOUS
10
145.0306010929
20
207.9694490875
11
145.0306010929
21
207.8740773924
0
LINE
5
49E
100
AcDbEntity
8
0
100
AcDbLine
62
7
6
CONTINUOUS
10
145.0306010929
20
207.8740773924
11
145.0306010929
21
207.6465685814
0
LINE
5
49F
100
AcDbEntity
8
0
100
AcDbLine
62
7
6
CONTINUOUS
10
145.0306010929
20
207.6465685814
11
145.0306010929
21
207.5489389807
0
LINE
5
4A0
100
AcDbEntity
8
0
100
AcDbLine
62
7
6
CONTINUOUS
10
145.0306010929
20
207.5489389807
11
145.0306010929
21
207.2076014837
0
LINE
5
4A1
100
AcDbEntity
8
0
100
AcDbLine
62
7
6
CONTINUOUS
10
145.0306010929
20
207.2076014837
11
145.0306010929
21
205.7076014832
0
LINE
5
4A2
100
AcDbEntity
8
0
100
AcDbLine
62
7
6
CONTINUOUS
10
144.8633175869
20
209.3042078298
11
144.0306010929
21
209.5665409114
0
LINE
5
4A3
100
AcDbEntity
8
0
100
AcDbLine
62
7
6
CONTINUOUS
10
144.9369088799
20
211.9711049141
11
144.9514017841
21
211.9948998484
0
POLYLINE
5
4A4
100
AcDbEntity
8
0
100
AcDb2dPolyline
62
7
6
CONTINUOUS
66
1
70
0
0
VERTEX
5
4A5
100
AcDbEntity
8
0
100
AcDbVertex
62
7
6
CONTINUOUS
100
AcDb2dVertex
10
144.9514017841
20
211.9948998484
0
VERTEX
5
4A6
100
AcDbEntity
8
0
100
AcDbVertex
62
7
6
CONTINUOUS
100
AcDb2dVertex
10
144.9886153273
20
212.0559982871
0
VERTEX
5
4A7
100
AcDbEntity
8
0
100
AcDbVertex
62
7
6
CONTINUOUS
100
AcDb2dVertex
10
145.0200510889
20
212.1476841346
0
VERTEX
5
4A8
100
AcDbEntity
8
0
100
AcDbVertex
62
7
6
CONTINUOUS
100
AcDb2dVertex
10
145.0306010929
20
212.2441793057
0
SEQEND
5
4A9
100
AcDbEntity
8
0
0
LINE
5
4AA
100
AcDbEntity
8
0
100
AcDbLine
62
7
6
CONTINUOUS
10
147.0306010929
20
235.8172773172
11
146.1978845989
21
235.9013212691
0
LINE
5
4AB
100
AcDbEntity
8
0
100
AcDbLine
62
7
6
CONTINUOUS
10
144.0306010929
20
208.2393178348
11
144.0975974429
21
208.9985462105
0
POLYLINE
5
4AC
100
AcDbEntity
8
0
100
AcDb2dPolyline
62
7
6
CONTINUOUS
66
1
70
0
0
VERTEX
5
4AD
100
AcDbEntity
8
0
100
AcDbVertex
62
7
6
CONTINUOUS
100
AcDb2dVertex
10
144.0975974429
20
208.9985462105
0
VERTEX
5
4AE
100
AcDbEntity
8
0
100
AcDbVertex
62
7
6
CONTINUOUS
100
AcDb2dVertex
10
144.5156311226
20
209.0268916005
0
VERTEX
5
4AF
100
AcDbEntity
8
0
100
AcDbVertex
62
7
6
CONTINUOUS
100
AcDb2dVertex
10
144.9369088799
20
209.1336469303
0
SEQEND
5
4B0
100
AcDbEntity
8
0
0
LINE
5
4B1
100
AcDbEntity
8
0
100
AcDbLine
62
7
6
CONTINUOUS
10
144.8633175869
20
207.3138816974
11
144.0306010929
21
207.3979256493
0
POLYLINE
5
4B2
100
AcDbEntity
8
0
100
AcDb2dPolyline
62
7
6
CONTINUOUS
66
1
70
0
0
VERTEX
5
4B3
100
AcDbEntity
8
0
100
AcDbVertex
62
7
6
CONTINUOUS
100
AcDb2dVertex
10
144.9369088799
20
209.1336469303
0
VERTEX
5
4B4
100
AcDbEntity
8
0
100
AcDbVertex
62
7
6
CONTINUOUS
100
AcDb2dVertex
10
144.9886153283
20
209.1539001662
0
VERTEX
5
4B5
100
AcDbEntity
8
0
100
AcDbVertex
62
7
6
CONTINUOUS
100
AcDb2dVertex
10
145.0200510894
20
209.1791140184
0
VERTEX
5
4B6
100
AcDbEntity
8
0
100
AcDbVertex
62
7
6
CONTINUOUS
100
AcDb2dVertex
10
145.0306010929
20
209.2086421928
0
SEQEND
5
4B7
100
AcDbEntity
8
0
0
LINE
5
4B8
100
AcDbEntity
8
0
100
AcDbLine
62
7
6
CONTINUOUS
10
144.0878190759
20
208.8877339992
11
144.0509731307
21
208.9268106000
0
LINE
5
4B9
100
AcDbEntity
8
0
100
AcDbLine
62
7
6
CONTINUOUS
10
144.0509731307
20
208.9268106000
11
144.0371106798
21
208.9415122845
0
LINE
5
4BA
100
AcDbEntity
8
0
100
AcDbLine
62
7
6
CONTINUOUS
10
144.0371106798
20
208.9415122845
11
144.0306010929
21
208.9484159621
0
LINE
5
4BB
100
AcDbEntity
8
0
100
AcDbLine
62
7
6
CONTINUOUS
10
145.0039242971
20
232.6595252272
11
144.0976165100
21
232.7866089895
0
LINE
5
4BC
100
AcDbEntity
8
0
100
AcDbLine
62
7
6
CONTINUOUS
10
146.1978845989
20
233.9109951366
11
146.0306010929
21
233.7223883401
0
LINE
5
4BD
100
AcDbEntity
8
0
100
AcDbLine
62
7
6
CONTINUOUS
10
147.0306010929
20
233.6486620550
11
146.1978845989
21
233.9109951366
0
LINE
5
4BE
100
AcDbEntity
8
0
100
AcDbLine
62
7
6
CONTINUOUS
10
145.0039194632
20
228.0498131112
11
144.0976116762
21
228.3613999777
0
LINE
5
4BF
100
AcDbEntity
8
0
100
AcDbLine
62
7
6
CONTINUOUS
10
146.1978845989
20
228.6239846106
11
146.0306010929
21
228.3037720340
0
LINE
5
4C0
100
AcDbEntity
8
0
100
AcDbLine
62
7
6
CONTINUOUS
10
147.0306010929
20
228.2536543366
11
146.1978845989
21
228.6239846106
0
LINE
5
4C1
100
AcDbEntity
8
0
100
AcDbLine
62
7
6
CONTINUOUS
10
146.0572969551
20
221.5013310840
11
146.1978845989
21
221.4569398918
0
LINE
5
4C2
100
AcDbEntity
8
0
100
AcDbLine
62
7
6
CONTINUOUS
10
146.0306010929
20
221.4429072763
11
146.0572969551
21
221.5013310840
0
LINE
5
4C3
100
AcDbEntity
8
0
100
AcDbLine
62
7
6
CONTINUOUS
10
147.0306010929
20
221.0778421233
11
146.1978845989
21
221.4569398918
0
LINE
5
4C4
100
AcDbEntity
8
0
100
AcDbLine
62
7
6
CONTINUOUS
10
146.0306010929
20
215.1151953400
11
146.0572969552
21
215.1653053188
0
LINE
5
4C5
100
AcDbEntity
8
0
100
AcDbLine
62
7
6
CONTINUOUS
10
146.9635930941
20
214.8537876376
11
146.0572853071
21
215.1653745041
0
LINE
5
4C6
100
AcDbEntity
8
0
100
AcDbLine
62
7
6
CONTINUOUS
10
146.0306010929
20
210.5271182913
11
146.0572969553
21
210.5554876072
0
LINE
5
4C7
100
AcDbEntity
8
0
100
AcDbLine
62
7
6
CONTINUOUS
10
146.9635799859
20
210.4286507157
11
146.0572721989
21
210.5557344780
0
LINE
5
4C8
100
AcDbEntity
8
0
100
AcDbLine
62
7
6
CONTINUOUS
10
146.1978845989
20
207.3138816974
11
146.0306010929
21
207.3203456750
0
LINE
5
4C9
100
AcDbEntity
8
0
100
AcDbLine
62
7
6
CONTINUOUS
10
147.0306010929
20
207.3979256493
11
146.1978845989
21
207.3138816974
0
LINE
5
4CA
100
AcDbEntity
8
0
100
AcDbLine
62
9
6
CONTINUOUS
10
144.9369088799
20
207.5697277865
11
144.9369088799
21
209.1336469303
0
POLYLINE
5
4CB
100
AcDbEntity
8
0
100
AcDb2dPolyline
62
7
6
CONTINUOUS
66
1
70
0
0
VERTEX
5
4CC
100
AcDbEntity
8
0
100
AcDbVertex
62
7
6
CONTINUOUS
100
AcDb2dVertex
10
145.0306010929
20
217.3075085503
0
VERTEX
5
4CD
100
AcDbEntity
8
0
100
AcDbVertex
62
7
6
CONTINUOUS
100
AcDb2dVertex
10
145.0200484670
20
217.1698222002
0
VERTEX
5
4CE
100
AcDbEntity
8
0
100
AcDbVertex
62
7
6
CONTINUOUS
100
AcDb2dVertex
10
144.9886119983
20
217.0360487900
0
VERTEX
5
4CF
100
AcDbEntity
8
0
100
AcDbVertex
62
7
6
CONTINUOUS
100
AcDb2dVertex
10
144.9369088799
20
216.9089566556
0
SEQEND
5
4D0
100
AcDbEntity
8
0
0
LINE
5
4D1
100
AcDbEntity
8
0
100
AcDbLine
62
9
6
CONTINUOUS
10
144.9369088799
20
209.1336469303
11
144.9369088799
21
209.2076014832
0
LINE
5
4D2
100
AcDbEntity
8
0
100
AcDbLine
62
9
6
CONTINUOUS
10
146.0306010929
20
221.6076014832
11
145.0306010929
21
221.6076014832
0
POLYLINE
5
4D3
100
AcDbEntity
8
0
100
AcDb2dPolyline
62
7
6
CONTINUOUS
66
1
70
0
0
VERTEX
5
4D4
100
AcDbEntity
8
0
100
AcDbVertex
62
7
6
CONTINUOUS
100
AcDb2dVertex
10
144.9369088799
20
216.9089566556
0
VERTEX
5
4D5
100
AcDbEntity
8
0
100
AcDbVertex
62
7
6
CONTINUOUS
100
AcDb2dVertex
10
144.6082301315
20
216.2538408746
0
VERTEX
5
4D6
100
AcDbEntity
8
0
100
AcDbVertex
62
7
6
CONTINUOUS
100
AcDb2dVertex
10
144.2812980013
20
215.6150261025
0
VERTEX
5
4D7
100
AcDbEntity
8
0
100
AcDbVertex
62
7
6
CONTINUOUS
100
AcDb2dVertex
10
144.0306010929
20
215.1351443443
0
SEQEND
5
4D8
100
AcDbEntity
8
0
0
LINE
5
4D9
100
AcDbEntity
8
0
100
AcDbLine
62
9
6
CONTINUOUS
10
144.9369088799
20
230.9468303523
11
145.0306010929
21
230.9146191505
0
LINE
5
4DA
100
AcDbEntity
8
0
100
AcDbLine
62
7
6
CONTINUOUS
10
144.8633175869
20
228.8849381417
11
144.0306010929
21
229.1712244638
0
LINE
5
4DB
100
AcDbEntity
8
0
100
AcDbLine
62
9
6
CONTINUOUS
10
146.0306010929
20
232.4546516253
11
146.1242933059
21
232.4251354969
0
LINE
5
4DC
100
AcDbEntity
8
0
100
AcDbLine
62
9
6
CONTINUOUS
10
144.9369088799
20
216.9089566556
11
145.0306010929
21
216.8672893377
0
LINE
5
4DD
100
AcDbEntity
8
0
100
AcDbLine
62
9
6
CONTINUOUS
10
144.9369088799
20
216.9089566556
11
144.9369088799
21
217.3906543713
0
LINE
5
4DE
100
AcDbEntity
8
0
100
AcDbLine
62
9
6
CONTINUOUS
10
146.0306010929
20
226.3479136288
11
146.1242933059
21
226.3062463108
0
LINE
5
4DF
100
AcDbEntity
8
0
100
AcDbLine
62
7
6
CONTINUOUS
10
146.1978845989
20
221.4569398918
11
146.0306010929
21
221.0909222365
0
POLYLINE
5
4E0
100
AcDbEntity
8
0
100
AcDb2dPolyline
62
7
6
CONTINUOUS
66
1
70
0
0
VERTEX
5
4E1
100
AcDbEntity
8
0
100
AcDbVertex
62
7
6
CONTINUOUS
100
AcDb2dVertex
10
145.0306010929
20
207.6465685814
0
VERTEX
5
4E2
100
AcDbEntity
8
0
100
AcDbVertex
62
7
6
CONTINUOUS
100
AcDb2dVertex
10
145.0200484670
20
207.6168322849
0
VERTEX
5
4E3
100
AcDbEntity
8
0
100
AcDbVertex
62
7
6
CONTINUOUS
100
AcDb2dVertex
10
144.9886119983
20
207.5910056778
0
VERTEX
5
4E4
100
AcDbEntity
8
0
100
AcDbVertex
62
7
6
CONTINUOUS
100
AcDb2dVertex
10
144.9369088799
20
207.5697277865
0
SEQEND
5
4E5
100
AcDbEntity
8
0
0
LINE
5
4E6
100
AcDbEntity
8
0
100
AcDbLine
62
9
6
CONTINUOUS
10
146.0306010929
20
218.9710128209
11
146.1242933059
21
218.9283590377
0
POLYLINE
5
4E7
100
AcDbEntity
8
0
100
AcDb2dPolyline
62
7
6
CONTINUOUS
66
1
70
0
0
VERTEX
5
4E8
100
AcDbEntity
8
0
100
AcDbVertex
62
7
6
CONTINUOUS
100
AcDb2dVertex
10
144.9369088799
20
210.7900674695
0
VERTEX
5
4E9
100
AcDbEntity
8
0
100
AcDbVertex
62
7
6
CONTINUOUS
100
AcDb2dVertex
10
144.6082301315
20
210.3558387544
0
VERTEX
5
4EA
100
AcDbEntity
8
0
100
AcDbVertex
62
7
6
CONTINUOUS
100
AcDb2dVertex
10
144.2812980013
20
209.9553491522
0
VERTEX
5
4EB
100
AcDbEntity
8
0
100
AcDbVertex
62
7
6
CONTINUOUS
100
AcDb2dVertex
10
144.0306010929
20
209.6726964155
0
SEQEND
5
4EC
100
AcDbEntity
8
0
0
LINE
5
4ED
100
AcDbEntity
8
0
100
AcDbLine
62
7
6
CONTINUOUS
10
146.1978845989
20
214.3302648248
11
146.0306010929
21
214.0165162258
0
LINE
5
4EE
100
AcDbEntity
8
0
100
AcDbLine
62
7
6
CONTINUOUS
10
146.0572969552
20
215.1653053188
11
146.1978845989
21
214.3302648248
0
LINE
5
4EF
100
AcDbEntity
8
0
100
AcDbLine
62
9
6
CONTINUOUS
10
144.9369088799
20
235.1043779425
11
145.0306010929
21
235.0912402876
0
LINE
5
4F0
100
AcDbEntity
8
0
100
AcDbLine
62
7
6
CONTINUOUS
10
144.8633175869
20
234.0616567280
11
144.0306010929
21
234.1784214149
0
LINE
5
4F1
100
AcDbEntity
8
0
100
AcDbLine
62
9
6
CONTINUOUS
10
144.9369088799
20
210.7900674695
11
145.0306010929
21
210.7605513411
0
LINE
5
4F2
100
AcDbEntity
8
0
100
AcDbLine
62
9
6
CONTINUOUS
10
144.9369088799
20
210.7900674695
11
144.9369088799
21
211.9711049141
0
POLYLINE
5
4F3
100
AcDbEntity
8
0
100
AcDb2dPolyline
62
7
6
CONTINUOUS
66
1
70
0
0
VERTEX
5
4F4
100
AcDbEntity
8
0
100
AcDbVertex
62
7
6
CONTINUOUS
100
AcDb2dVertex
10
145.0306010929
20
211.0645355668
0
VERTEX
5
4F5
100
AcDbEntity
8
0
100
AcDbVertex
62
7
6
CONTINUOUS
100
AcDb2dVertex
10
145.0200484670
20
210.9678740568
0
VERTEX
5
4F6
100
AcDbEntity
8
0
100
AcDbVertex
62
7
6
CONTINUOUS
100
AcDb2dVertex
10
144.9886119983
20
210.8757289438
0
VERTEX
5
4F7
100
AcDbEntity
8
0
100
AcDbVertex
62
7
6
CONTINUOUS
100
AcDb2dVertex
10
144.9369088799
20
210.7900674695
0
SEQEND
5
4F8
100
AcDbEntity
8
0
0
LINE
5
4F9
100
AcDbEntity
8
0
100
AcDbLine
62
7
6
CONTINUOUS
10
147.0306010929
20
214.0439785027
11
146.1978845989
21
214.3302648248
0
LINE
5
4FA
100
AcDbEntity
8
0
100
AcDbLine
62
9
6
CONTINUOUS
10
146.0306010929
20
212.3005838159
11
146.1242933059
21
212.2683726141
0
LINE
5
4FB
100
AcDbEntity
8
0
100
AcDbLine
62
9
6
CONTINUOUS
10
144.9369088799
20
224.2868439288
11
145.0306010929
21
224.2441901455
0
LINE
5
4FC
100
AcDbEntity
8
0
100
AcDbLine
62
7
6
CONTINUOUS
10
146.1978845989
20
209.1535462384
11
146.0306010929
21
208.9761353796
0
LINE
5
4FD
100
AcDbEntity
8
0
100
AcDbLine
62
7
6
CONTINUOUS
10
146.0572969553
20
210.5554876072
11
146.1978845989
21
209.1535462384
0
LINE
5
4FE
100
AcDbEntity
8
0
100
AcDbLine
62
7
6
CONTINUOUS
10
147.0306010929
20
209.0367815515
11
146.1978845989
21
209.1535462384
0
LINE
5
4FF
100
AcDbEntity
8
0
100
AcDbLine
62
9
6
CONTINUOUS
10
146.0306010929
20
208.1239626788
11
146.1242933059
21
208.1108250239
0
LINE
5
500
100
AcDbEntity
8
0
100
AcDbLine
62
9
6
CONTINUOUS
10
146.0306010929
20
235.6549312961
11
146.1242933059
21
235.6454751800
0
LINE
5
501
100
AcDbEntity
8
0
100
AcDbLine
62
7
6
CONTINUOUS
10
146.1275349386
20
208.1111110743
11
146.1391900154
21
207.9790312655
0
LINE
5
502
100
AcDbEntity
8
0
100
AcDbLine
62
7
6
CONTINUOUS
10
146.1391900154
20
207.9790312655
11
146.1978845989
21
207.3138816974
0
POLYLINE
5
503
100
AcDbEntity
8
0
100
AcDb2dPolyline
62
7
6
CONTINUOUS
66
1
70
0
0
VERTEX
5
504
100
AcDbEntity
8
0
100
AcDbVertex
62
7
6
CONTINUOUS
100
AcDb2dVertex
10
144.9369088799
20
207.5697277865
0
VERTEX
5
505
100
AcDbEntity
8
0
100
AcDbVertex
62
7
6
CONTINUOUS
100
AcDb2dVertex
10
144.6082301315
20
207.4727373709
0
VERTEX
5
506
100
AcDbEntity
8
0
100
AcDbVertex
62
7
6
CONTINUOUS
100
AcDb2dVertex
10
144.2812980013
20
207.4178838040
0
VERTEX
5
507
100
AcDbEntity
8
0
100
AcDbVertex
62
7
6
CONTINUOUS
100
AcDb2dVertex
10
144.0306010929
20
207.4081966612
0
SEQEND
5
508
100
AcDbEntity
8
0
0
LINE
5
509
100
AcDbEntity
8
0
100
AcDbLine
62
9
6
CONTINUOUS
10
144.9369088799
20
207.5697277865
11
145.0306010929
21
207.5602716704
0
LINE
5
50A
100
AcDbEntity
8
0
100
AcDbLine
62
7
6
CONTINUOUS
10
144.0306010929
20
205.6076014832
11
144.0306010929
21
208.8076014832
0
LINE
5
50B
100
AcDbEntity
8
0
100
AcDbLine
62
7
6
CONTINUOUS
10
144.0306010929
20
208.8076014832
11
144.0306010929
21
208.9076014832
0
LINE
5
50C
100
AcDbEntity
8
0
100
AcDbLine
62
7
6
CONTINUOUS
10
144.0306010929
20
208.9076014832
11
144.0306010929
21
208.9141548073
0
LINE
5
50D
100
AcDbEntity
8
0
100
AcDbLine
62
7
6
CONTINUOUS
10
144.0306010929
20
208.9141548073
11
144.0306010929
21
213.6076014840
0
LINE
5
50E
100
AcDbEntity
8
0
100
AcDbLine
62
7
6
CONTINUOUS
10
144.0306010929
20
213.6076014840
11
144.0306010929
21
229.6076014825
0
LINE
5
50F
100
AcDbEntity
8
0
100
AcDbLine
62
7
6
CONTINUOUS
10
144.0306010929
20
229.6076014825
11
144.0306010929
21
234.3010481591
0
LINE
5
510
100
AcDbEntity
8
0
100
AcDbLine
62
7
6
CONTINUOUS
10
144.0306010929
20
234.3010481591
11
144.0306010929
21
234.3076014832
0
LINE
5
511
100
AcDbEntity
8
0
100
AcDbLine
62
7
6
CONTINUOUS
10
144.0306010929
20
234.3076014832
11
144.0306010929
21
234.4076014832
0
LINE
5
512
100
AcDbEntity
8
0
100
AcDbLine
62
7
6
CONTINUOUS
10
144.0306010929
20
234.4076014832
11
144.0306010929
21
237.6076014832
0
LINE
5
513
100
AcDbEntity
8
0
100
AcDbLine
62
7
6
CONTINUOUS
10
135.0306010929
20
229.6076014825
11
135.0306010929
21
234.3010481591
0
LINE
5
514
100
AcDbEntity
8
0
100
AcDbLine
62
7
6
CONTINUOUS
10
135.0306010929
20
234.3010481591
11
135.0306010929
21
234.3076014832
0
LINE
5
515
100
AcDbEntity
8
0
100
AcDbLine
62
7
6
CONTINUOUS
10
135.0306010929
20
234.3076014832
11
135.0306010929
21
234.4076014832
0
LINE
5
516
100
AcDbEntity
8
0
100
AcDbLine
62
7
6
CONTINUOUS
10
135.0306010929
20
234.4076014832
11
135.0306010929
21
237.6076014832
0
LINE
5
517
100
AcDbEntity
8
0
100
AcDbLine
62
7
6
CONTINUOUS
10
135.0306010929
20
213.6076014840
11
135.0306010929
21
229.6076014825
0
LINE
5
518
100
AcDbEntity
8
0
100
AcDbLine
62
7
6
CONTINUOUS
10
136.1853016313
20
205.6076014832
11
142.8759005545
21
205.6076014832
0
LINE
5
519
100
AcDbEntity
8
0
100
AcDbLine
62
7
6
CONTINUOUS
10
144.0306010986
20
205.6076014832
11
142.8759005545
21
205.6076014832
0
LINE
5
51A
100
AcDbEntity
8
0
100
AcDbLine
62
7
6
CONTINUOUS
10
136.1853016313
20
237.6076014832
11
142.8759005545
21
237.6076014832
0
LINE
5
51B
100
AcDbEntity
8
0
100
AcDbLine
62
7
6
CONTINUOUS
10
136.1853016313
20
237.6076014832
11
135.0306010929
21
237.6076014832
0
LINE
5
51C
100
AcDbEntity
8
0
100
AcDbLine
62
7
6
CONTINUOUS
10
144.0306010929
20
237.6076014832
11
144.0306010829
21
237.6076015006
0
LINE
5
51D
100
AcDbEntity
8
0
100
AcDbLine
62
7
6
CONTINUOUS
10
142.8759005545
20
237.6076014832
11
144.0306010988
21
237.6076014832
0
LINE
5
51E
100
AcDbEntity
8
0
100
AcDbLine
62
7
6
CONTINUOUS
10
135.0306010929
20
205.6076014832
11
135.0306010929
21
208.8076014832
0
LINE
5
51F
100
AcDbEntity
8
0
100
AcDbLine
62
7
6
CONTINUOUS
10
135.0306010929
20
208.8076014832
11
135.0306010929
21
208.9076014832
0
LINE
5
520
100
AcDbEntity
8
0
100
AcDbLine
62
7
6
CONTINUOUS
10
135.0306010929
20
208.9076014832
11
135.0306010929
21
208.9141548073
0
LINE
5
521
100
AcDbEntity
8
0
100
AcDbLine
62
7
6
CONTINUOUS
10
135.0306010929
20
208.9141548073
11
135.0306010929
21
213.6076014840
0
LINE
5
522
100
AcDbEntity
8
0
100
AcDbLine
62
7
6
CONTINUOUS
10
135.0306010929
20
205.6076014832
11
136.1853016313
21
205.6076014832
0
POLYLINE
5
523
100
AcDbEntity
8
0
100
AcDb2dPolyline
62
7
6
CONTINUOUS
66
1
70
0
0
VERTEX
5
524
100
AcDbEntity
8
0
100
AcDbVertex
62
7
6
CONTINUOUS
100
AcDb2dVertex
10
136.1853016313
20
222.4661730547
0
VERTEX
5
525
100
AcDbEntity
8
0
100
AcDbVertex
62
7
6
CONTINUOUS
100
AcDb2dVertex
10
135.7731817395
20
223.9411028866
0
VERTEX
5
526
100
AcDbEntity
8
0
100
AcDbVertex
62
7
6
CONTINUOUS
100
AcDb2dVertex
10
135.4522820062
20
225.3733329894
0
VERTEX
5
527
100
AcDbEntity
8
0
100
AcDbVertex
62
7
6
CONTINUOUS
100
AcDb2dVertex
10
135.2198611527
20
226.7883841221
0
VERTEX
5
528
100
AcDbEntity
8
0
100
AcDbVertex
62
7
6
CONTINUOUS
100
AcDb2dVertex
10
135.0782691345
20
228.1981207896
0
VERTEX
5
529
100
AcDbEntity
8
0
100
AcDbVertex
62
7
6
CONTINUOUS
100
AcDb2dVertex
10
135.0306010929
20
229.6076014836
0
SEQEND
5
52A
100
AcDbEntity
8
0
0
POLYLINE
5
52B
100
AcDbEntity
8
0
100
AcDb2dPolyline
62
7
6
CONTINUOUS
66
1
70
0
0
VERTEX
5
52C
100
AcDbEntity
8
0
100
AcDbVertex
62
7
6
CONTINUOUS
100
AcDb2dVertex
10
135.0306010929
20
229.6076014836
0
VERTEX
5
52D
100
AcDbEntity
8
0
100
AcDbVertex
62
7
6
CONTINUOUS
100
AcDb2dVertex
10
135.0782898441
20
231.0173891086
0
VERTEX
5
52E
100
AcDbEntity
8
0
100
AcDbVertex
62
7
6
CONTINUOUS
100
AcDb2dVertex
10
135.2199254471
20
232.4273025252
0
VERTEX
5
52F
100
AcDbEntity
8
0
100
AcDbVertex
62
7
6
CONTINUOUS
100
AcDb2dVertex
10
135.4523809734
20
233.8423779218
0
VERTEX
5
530
100
AcDbEntity
8
0
100
AcDbVertex
62
7
6
CONTINUOUS
100
AcDb2dVertex
10
135.7732361747
20
235.2743157942
0
VERTEX
5
531
100
AcDbEntity
8
0
100
AcDbVertex
62
7
6
CONTINUOUS
100
AcDb2dVertex
10
136.1853016313
20
236.7490299118
0
SEQEND
5
532
100
AcDbEntity
8
0
0
LINE
5
533
100
AcDbEntity
8
0
100
AcDbLine
62
7
6
CONTINUOUS
10
136.1853016313
20
236.7490299118
11
142.8759005545
21
236.7490299118
0
POLYLINE
5
534
100
AcDbEntity
8
0
100
AcDb2dPolyline
62
7
6
CONTINUOUS
66
1
70
0
0
VERTEX
5
535
100
AcDbEntity
8
0
100
AcDbVertex
62
7
6
CONTINUOUS
100
AcDb2dVertex
10
144.0306010929
20
229.6076014836
0
VERTEX
5
536
100
AcDbEntity
8
0
100
AcDbVertex
62
7
6
CONTINUOUS
100
AcDb2dVertex
10
143.9829123417
20
231.0173891086
0
VERTEX
5
537
100
AcDbEntity
8
0
100
AcDbVertex
62
7
6
CONTINUOUS
100
AcDb2dVertex
10
143.8412767387
20
232.4273025252
0
VERTEX
5
538
100
AcDbEntity
8
0
100
AcDbVertex
62
7
6
CONTINUOUS
100
AcDb2dVertex
10
143.6088212124
20
233.8423779218
0
VERTEX
5
539
100
AcDbEntity
8
0
100
AcDbVertex
62
7
6
CONTINUOUS
100
AcDb2dVertex
10
143.2879660111
20
235.2743157942
0
VERTEX
5
53A
100
AcDbEntity
8
0
100
AcDbVertex
62
7
6
CONTINUOUS
100
AcDb2dVertex
10
142.8759005545
20
236.7490299118
0
SEQEND
5
53B
100
AcDbEntity
8
0
0
POLYLINE
5
53C
100
AcDbEntity
8
0
100
AcDb2dPolyline
62
7
6
CONTINUOUS
66
1
70
0
0
VERTEX
5
53D
100
AcDbEntity
8
0
100
AcDbVertex
62
7
6
CONTINUOUS
100
AcDb2dVertex
10
142.8759005545
20
222.4661730547
0
VERTEX
5
53E
100
AcDbEntity
8
0
100
AcDbVertex
62
7
6
CONTINUOUS
100
AcDb2dVertex
10
143.2880204463
20
223.9411028866
0
VERTEX
5
53F
100
AcDbEntity
8
0
100
AcDbVertex
62
7
6
CONTINUOUS
100
AcDb2dVertex
10
143.6089201796
20
225.3733329894
0
VERTEX
5
540
100
AcDbEntity
8
0
100
AcDbVertex
62
7
6
CONTINUOUS
100
AcDb2dVertex
10
143.8413410331
20
226.7883841221
0
VERTEX
5
541
100
AcDbEntity
8
0
100
AcDbVertex
62
7
6
CONTINUOUS
100
AcDb2dVertex
10
143.9829330512
20
228.1981207896
0
VERTEX
5
542
100
AcDbEntity
8
0
100
AcDbVertex
62
7
6
CONTINUOUS
100
AcDb2dVertex
10
144.0306010929
20
229.6076014836
0
SEQEND
5
543
100
AcDbEntity
8
0
0
LINE
5
544
100
AcDbEntity
8
0
100
AcDbLine
62
7
6
CONTINUOUS
10
136.1853016313
20
206.4661730547
11
142.8759005545
21
206.4661730547
0
POLYLINE
5
545
100
AcDbEntity
8
0
100
AcDb2dPolyline
62
7
6
CONTINUOUS
66
1
70
0
0
VERTEX
5
546
100
AcDbEntity
8
0
100
AcDbVertex
62
7
6
CONTINUOUS
100
AcDb2dVertex
10
136.1853016313
20
206.4661730547
0
VERTEX
5
547
100
AcDbEntity
8
0
100
AcDbVertex
62
7
6
CONTINUOUS
100
AcDb2dVertex
10
135.7731817395
20
207.9411028866
0
VERTEX
5
548
100
AcDbEntity
8
0
100
AcDbVertex
62
7
6
CONTINUOUS
100
AcDb2dVertex
10
135.4522820062
20
209.3733329894
0
VERTEX
5
549
100
AcDbEntity
8
0
100
AcDbVertex
62
7
6
CONTINUOUS
100
AcDb2dVertex
10
135.2198611527
20
210.7883841221
0
VERTEX
5
54A
100
AcDbEntity
8
0
100
AcDbVertex
62
7
6
CONTINUOUS
100
AcDb2dVertex
10
135.0782691345
20
212.1981207896
0
VERTEX
5
54B
100
AcDbEntity
8
0
100
AcDbVertex
62
7
6
CONTINUOUS
100
AcDb2dVertex
10
135.0306010929
20
213.6076014836
0
SEQEND
5
54C
100
AcDbEntity
8
0
0
POLYLINE
5
54D
100
AcDbEntity
8
0
100
AcDb2dPolyline
62
7
6
CONTINUOUS
66
1
70
0
0
VERTEX
5
54E
100
AcDbEntity
8
0
100
AcDbVertex
62
7
6
CONTINUOUS
100
AcDb2dVertex
10
135.0306010929
20
213.6076014836
0
VERTEX
5
54F
100
AcDbEntity
8
0
100
AcDbVertex
62
7
6
CONTINUOUS
100
AcDb2dVertex
10
135.0782898441
20
215.0173891086
0
VERTEX
5
550
100
AcDbEntity
8
0
100
AcDbVertex
62
7
6
CONTINUOUS
100
AcDb2dVertex
10
135.2199254471
20
216.4273025252
0
VERTEX
5
551
100
AcDbEntity
8
0
100
AcDbVertex
62
7
6
CONTINUOUS
100
AcDb2dVertex
10
135.4523809734
20
217.8423779218
0
VERTEX
5
552
100
AcDbEntity
8
0
100
AcDbVertex
62
7
6
CONTINUOUS
100
AcDb2dVertex
10
135.7732361747
20
219.2743157942
0
VERTEX
5
553
100
AcDbEntity
8
0
100
AcDbVertex
62
7
6
CONTINUOUS
100
AcDb2dVertex
10
136.1853016313
20
220.7490299118
0
SEQEND
5
554
100
AcDbEntity
8
0
0
LINE
5
555
100
AcDbEntity
8
0
100
AcDbLine
62
7
6
CONTINUOUS
10
136.1853016313
20
220.7490299118
11
142.8759005545
21
220.7490299118
0
POLYLINE
5
556
100
AcDbEntity
8
0
100
AcDb2dPolyline
62
7
6
CONTINUOUS
66
1
70
0
0
VERTEX
5
557
100
AcDbEntity
8
0
100
AcDbVertex
62
7
6
CONTINUOUS
100
AcDb2dVertex
10
144.0306010929
20
213.6076014836
0
VERTEX
5
558
100
AcDbEntity
8
0
100
AcDbVertex
62
7
6
CONTINUOUS
100
AcDb2dVertex
10
143.9829123417
20
215.0173891086
0
VERTEX
5
559
100
AcDbEntity
8
0
100
AcDbVertex
62
7
6
CONTINUOUS
100
AcDb2dVertex
10
143.8412767387
20
216.4273025252
0
VERTEX
5
55A
100
AcDbEntity
8
0
100
AcDbVertex
62
7
6
CONTINUOUS
100
AcDb2dVertex
10
143.6088212124
20
217.8423779218
0
VERTEX
5
55B
100
AcDbEntity
8
0
100
AcDbVertex
62
7
6
CONTINUOUS
100
AcDb2dVertex
10
143.2879660111
20
219.2743157942
0
VERTEX
5
55C
100
AcDbEntity
8
0
100
AcDbVertex
62
7
6
CONTINUOUS
100
AcDb2dVertex
10
142.8759005545
20
220.7490299118
0
SEQEND
5
55D
100
AcDbEntity
8
0
0
POLYLINE
5
55E
100
AcDbEntity
8
0
100
AcDb2dPolyline
62
7
6
CONTINUOUS
66
1
70
0
0
VERTEX
5
55F
100
AcDbEntity
8
0
100
AcDbVertex
62
7
6
CONTINUOUS
100
AcDb2dVertex
10
142.8759005545
20
222.4661730547
0
VERTEX
5
560
100
AcDbEntity
8
0
100
AcDbVertex
62
7
6
CONTINUOUS
100
AcDb2dVertex
10
142.8759005545
20
221.8938893218
0
VERTEX
5
561
100
AcDbEntity
8
0
100
AcDbVertex
62
7
6
CONTINUOUS
100
AcDb2dVertex
10
142.8759005545
20
221.3213136446
0
VERTEX
5
562
100
AcDbEntity
8
0
100
AcDbVertex
62
7
6
CONTINUOUS
100
AcDb2dVertex
10
142.8759005545
20
220.7490299118
0
SEQEND
5
563
100
AcDbEntity
8
0
0
POLYLINE
5
564
100
AcDbEntity
8
0
100
AcDb2dPolyline
62
7
6
CONTINUOUS
66
1
70
0
0
VERTEX
5
565
100
AcDbEntity
8
0
100
AcDbVertex
62
7
6
CONTINUOUS
100
AcDb2dVertex
10
136.1853016313
20
220.7490299118
0
VERTEX
5
566
100
AcDbEntity
8
0
100
AcDbVertex
62
7
6
CONTINUOUS
100
AcDb2dVertex
10
136.1853016313
20
221.3213136446
0
VERTEX
5
567
100
AcDbEntity
8
0
100
AcDbVertex
62
7
6
CONTINUOUS
100
AcDb2dVertex
10
136.1853016313
20
221.8938893218
0
VERTEX
5
568
100
AcDbEntity
8
0
100
AcDbVertex
62
7
6
CONTINUOUS
100
AcDb2dVertex
10
136.1853016313
20
222.4661730547
0
SEQEND
5
569
100
AcDbEntity
8
0
0
POLYLINE
5
56A
100
AcDbEntity
8
0
100
AcDb2dPolyline
62
7
6
CONTINUOUS
66
1
70
0
0
VERTEX
5
56B
100
AcDbEntity
8
0
100
AcDbVertex
62
7
6
CONTINUOUS
100
AcDb2dVertex
10
142.8759005545
20
206.4661730547
0
VERTEX
5
56C
100
AcDbEntity
8
0
100
AcDbVertex
62
7
6
CONTINUOUS
100
AcDb2dVertex
10
143.2880204463
20
207.9411028866
0
VERTEX
5
56D
100
AcDbEntity
8
0
100
AcDbVertex
62
7
6
CONTINUOUS
100
AcDb2dVertex
10
143.6089201796
20
209.3733329894
0
VERTEX
5
56E
100
AcDbEntity
8
0
100
AcDbVertex
62
7
6
CONTINUOUS
100
AcDb2dVertex
10
143.8413410331
20
210.7883841221
0
VERTEX
5
56F
100
AcDbEntity
8
0
100
AcDbVertex
62
7
6
CONTINUOUS
100
AcDb2dVertex
10
143.9829330512
20
212.1981207896
0
VERTEX
5
570
100
AcDbEntity
8
0
100
AcDbVertex
62
7
6
CONTINUOUS
100
AcDb2dVertex
10
144.0306010929
20
213.6076014836
0
SEQEND
5
571
100
AcDbEntity
8
0
0
POLYLINE
5
572
100
AcDbEntity
8
0
100
AcDb2dPolyline
62
7
6
CONTINUOUS
66
1
70
0
0
VERTEX
5
573
100
AcDbEntity
8
0
100
AcDbVertex
62
7
6
CONTINUOUS
100
AcDb2dVertex
10
142.8759005545
20
236.7490299118
0
VERTEX
5
574
100
AcDbEntity
8
0
100
AcDbVertex
62
7
6
CONTINUOUS
100
AcDb2dVertex
10
142.8759005545
20
237.1960587513
0
VERTEX
5
575
100
AcDbEntity
8
0
100
AcDbVertex
62
7
6
CONTINUOUS
100
AcDb2dVertex
10
142.8759005545
20
237.6076014832
0
SEQEND
5
576
100
AcDbEntity
8
0
0
POLYLINE
5
577
100
AcDbEntity
8
0
100
AcDb2dPolyline
62
7
6
CONTINUOUS
66
1
70
0
0
VERTEX
5
578
100
AcDbEntity
8
0
100
AcDbVertex
62
7
6
CONTINUOUS
100
AcDb2dVertex
10
142.8759005545
20
205.6076014832
0
VERTEX
5
579
100
AcDbEntity
8
0
100
AcDbVertex
62
7
6
CONTINUOUS
100
AcDb2dVertex
10
142.8759005545
20
206.0191442151
0
VERTEX
5
57A
100
AcDbEntity
8
0
100
AcDbVertex
62
7
6
CONTINUOUS
100
AcDb2dVertex
10
142.8759005545
20
206.4661730547
0
SEQEND
5
57B
100
AcDbEntity
8
0
0
POLYLINE
5
57C
100
AcDbEntity
8
0
100
AcDb2dPolyline
62
7
6
CONTINUOUS
66
1
70
0
0
VERTEX
5
57D
100
AcDbEntity
8
0
100
AcDbVertex
62
7
6
CONTINUOUS
100
AcDb2dVertex
10
136.1853016313
20
236.7490299118
0
VERTEX
5
57E
100
AcDbEntity
8
0
100
AcDbVertex
62
7
6
CONTINUOUS
100
AcDb2dVertex
10
136.1853016313
20
237.1960587513
0
VERTEX
5
57F
100
AcDbEntity
8
0
100
AcDbVertex
62
7
6
CONTINUOUS
100
AcDb2dVertex
10
136.1853016313
20
237.6076014832
0
SEQEND
5
580
100
AcDbEntity
8
0
0
POLYLINE
5
581
100
AcDbEntity
8
0
100
AcDb2dPolyline
62
7
6
CONTINUOUS
66
1
70
0
0
VERTEX
5
582
100
AcDbEntity
8
0
100
AcDbVertex
62
7
6
CONTINUOUS
100
AcDb2dVertex
10
136.1853016313
20
205.6076014832
0
VERTEX
5
583
100
AcDbEntity
8
0
100
AcDbVertex
62
7
6
CONTINUOUS
100
AcDb2dVertex
10
136.1853016313
20
206.0191442151
0
VERTEX
5
584
100
AcDbEntity
8
0
100
AcDbVertex
62
7
6
CONTINUOUS
100
AcDb2dVertex
10
136.1853016313
20
206.4661730547
0
SEQEND
5
585
100
AcDbEntity
8
0
0
LINE
5
586
100
AcDbEntity
8
0
100
AcDbLine
62
7
6
CONTINUOUS
10
136.1853016313
20
222.4661730547
11
142.8759005545
21
222.4661730547
0
LINE
5
587
100
AcDbEntity
8
0
100
AcDbLine
62
7
6
CONTINUOUS
10
163.6306010929
20
252.6076014832
11
163.6306010929
21
249.1076014832
0
LINE
5
588
100
AcDbEntity
8
0
100
AcDbLine
62
7
6
CONTINUOUS
10
163.6306010929
20
249.1076014832
11
163.6306010929
21
245.6076014832
0
LINE
5
589
100
AcDbEntity
8
0
100
AcDbLine
62
7
6
CONTINUOUS
10
163.6306010929
20
245.6076014832
11
163.6306010929
21
197.6076014832
0
LINE
5
58A
100
AcDbEntity
8
0
100
AcDbLine
62
7
6
CONTINUOUS
10
163.6306010929
20
197.6076014832
11
163.6306010929
21
190.6076014832
0
LINE
5
58B
100
AcDbEntity
8
0
100
AcDbLine
62
7
6
CONTINUOUS
10
147.0306010929
20
203.0556932998
11
147.0306010929
21
208.9076401827
0
LINE
5
58C
100
AcDbEntity
8
0
100
AcDbLine
62
7
6
CONTINUOUS
10
147.0306010929
20
208.9076401827
11
147.0306010929
21
209.0264624761
0
LINE
5
58D
100
AcDbEntity
8
0
100
AcDbLine
62
7
6
CONTINUOUS
10
147.0306010929
20
209.0264624761
11
147.0306010929
21
210.4286507157
0
LINE
5
58E
100
AcDbEntity
8
0
100
AcDbLine
62
7
6
CONTINUOUS
10
147.0306010929
20
210.4286507157
11
147.0306010929
21
213.9067747106
0
LINE
5
58F
100
AcDbEntity
8
0
100
AcDbLine
62
7
6
CONTINUOUS
10
147.0306010929
20
213.9067747106
11
147.0306010929
21
214.0186779583
0
LINE
5
590
100
AcDbEntity
8
0
100
AcDbLine
62
7
6
CONTINUOUS
10
147.0306010929
20
214.0186779583
11
147.0306010929
21
214.8537876376
0
LINE
5
591
100
AcDbEntity
8
0
100
AcDbLine
62
7
6
CONTINUOUS
10
147.0306010929
20
214.8537876376
11
147.0306010929
21
215.6201145312
0
LINE
5
592
100
AcDbEntity
8
0
100
AcDbLine
62
7
6
CONTINUOUS
10
147.0306010929
20
215.6201145312
11
147.0306010929
21
221.0443393704
0
LINE
5
593
100
AcDbEntity
8
0
100
AcDbLine
62
7
6
CONTINUOUS
10
147.0306010929
20
221.0443393704
11
147.0306010929
21
221.6076014832
0
LINE
5
594
100
AcDbEntity
8
0
100
AcDbLine
62
7
6
CONTINUOUS
10
147.0306010929
20
203.0556932726
11
147.0306010929
21
203.0556932998
0
ARC
5
595
100
AcDbEntity
8
0
100
AcDbCircle
62
7
6
CONTINUOUS
10
150.0306010929
20
203.0556932726
40
3.0000000000
100
AcDbArc
50
180.0000000000
51
268.9999999907
0
LINE
5
596
100
AcDbEntity
8
0
100
AcDbLine
62
7
6
CONTINUOUS
10
147.0306010929
20
203.0556932726
11
147.0306010929
21
208.9076401827
0
LINE
5
597
100
AcDbEntity
8
0
100
AcDbLine
62
7
6
CONTINUOUS
10
147.0306010929
20
208.9076401827
11
147.0306010929
21
208.9890992847
0
LINE
5
598
100
AcDbEntity
8
0
100
AcDbLine
62
7
6
CONTINUOUS
10
147.0306010929
20
208.9890992847
11
147.0306010929
21
209.0264624761
0
LINE
5
599
100
AcDbEntity
8
0
100
AcDbLine
62
7
6
CONTINUOUS
10
147.0306010929
20
209.0264624761
11
147.0306010929
21
210.4286507157
0
LINE
5
59A
100
AcDbEntity
8
0
100
AcDbLine
62
7
6
CONTINUOUS
10
147.0306010929
20
210.4286507157
11
147.0306010929
21
214.0186779583
0
LINE
5
59B
100
AcDbEntity
8
0
100
AcDbLine
62
7
6
CONTINUOUS
10
147.0306010929
20
214.0186779583
11
147.0306010929
21
214.8537876376
0
LINE
5
59C
100
AcDbEntity
8
0
100
AcDbLine
62
7
6
CONTINUOUS
10
147.0306010929
20
214.8537876376
11
147.0306010929
21
215.6201145312
0
LINE
5
59D
100
AcDbEntity
8
0
100
AcDbLine
62
7
6
CONTINUOUS
10
147.0306010929
20
215.6201145312
11
147.0306010929
21
221.0443393704
0
LINE
5
59E
100
AcDbEntity
8
0
100
AcDbLine
62
7
6
CONTINUOUS
10
147.0306010929
20
221.0443393704
11
147.0306010929
21
221.6076014832
0
LINE
5
59F
100
AcDbEntity
8
0
100
AcDbLine
62
7
6
CONTINUOUS
10
147.0306010929
20
240.1595096939
11
147.0306010929
21
240.1595096666
0
ARC
5
5A0
100
AcDbEntity
8
0
100
AcDbCircle
62
7
6
CONTINUOUS
10
150.0306010929
20
240.1595096939
40
3.0000000000
100
AcDbArc
50
91.0000000093
51
180.0000000000
0
LINE
5
5A1
100
AcDbEntity
8
0
100
AcDbLine
62
7
6
CONTINUOUS
10
147.0306010929
20
221.6076014832
11
147.0306010929
21
227.4627072585
0
LINE
5
5A2
100
AcDbEntity
8
0
100
AcDbLine
62
7
6
CONTINUOUS
10
147.0306010929
20
227.4627072585
11
147.0306010929
21
227.5950884352
0
LINE
5
5A3
100
AcDbEntity
8
0
100
AcDbLine
62
7
6
CONTINUOUS
10
147.0306010929
20
227.5950884352
11
147.0306010929
21
228.2209264107
0
LINE
5
5A4
100
AcDbEntity
8
0
100
AcDbLine
62
7
6
CONTINUOUS
10
147.0306010929
20
228.2209264107
11
147.0306010929
21
232.2677288416
0
LINE
5
5A5
100
AcDbEntity
8
0
100
AcDbLine
62
7
6
CONTINUOUS
10
147.0306010929
20
232.2677288416
11
147.0306010929
21
233.6254783775
0
LINE
5
5A6
100
AcDbEntity
8
0
100
AcDbLine
62
7
6
CONTINUOUS
10
147.0306010929
20
233.6254783775
11
147.0306010929
21
234.2165003044
0
LINE
5
5A7
100
AcDbEntity
8
0
100
AcDbLine
62
7
6
CONTINUOUS
10
147.0306010929
20
234.2165003044
11
147.0306010929
21
234.2261036817
0
LINE
5
5A8
100
AcDbEntity
8
0
100
AcDbLine
62
7
6
CONTINUOUS
10
147.0306010929
20
234.2261036817
11
147.0306010929
21
234.3075633910
0
LINE
5
5A9
100
AcDbEntity
8
0
100
AcDbLine
62
7
6
CONTINUOUS
10
147.0306010929
20
234.3075633910
11
147.0306010929
21
235.8098499357
0
LINE
5
5AA
100
AcDbEntity
8
0
100
AcDbLine
62
7
6
CONTINUOUS
10
147.0306010929
20
235.8098499357
11
147.0306010929
21
240.1595096939
0
ARC
5
5AB
100
AcDbEntity
8
0
100
AcDbCircle
62
7
6
CONTINUOUS
10
162.6306010929
20
244.3800528241
40
1.0000000000
100
AcDbArc
50
270.9999999259
51
359.9999958114
0
ARC
5
5AC
100
AcDbEntity
8
0
100
AcDbCircle
62
7
6
CONTINUOUS
10
162.6306010929
20
198.8351501423
40
1.0000000000
100
AcDbArc
50
0.0000041886
51
89.0000000741
0
LINE
5
5AD
100
AcDbEntity
8
0
100
AcDbLine
62
7
6
CONTINUOUS
10
173.0306010929
20
244.2464780455
11
173.0306010929
21
244.0127244686
0
LINE
5
5AE
100
AcDbEntity
8
0
100
AcDbLine
62
7
6
CONTINUOUS
10
173.0306010929
20
244.0127244686
11
173.0306010929
21
243.1919175677
0
LINE
5
5AF
100
AcDbEntity
8
0
100
AcDbLine
62
7
6
CONTINUOUS
10
173.0306010929
20
243.1919175677
11
173.0306010929
21
221.6076014832
0
ARC
5
5B0
100
AcDbEntity
8
0
100
AcDbCircle
62
7
6
CONTINUOUS
10
172.2306010929
20
244.2464783081
40
0.8000000000
100
AcDbArc
50
0.0000000000
51
87.9999997390
0
LINE
5
5B1
100
AcDbEntity
8
0
100
AcDbLine
62
7
6
CONTINUOUS
10
173.0306010929
20
244.2464780455
11
173.0306010929
21
243.1919175677
0
LINE
5
5B2
100
AcDbEntity
8
0
100
AcDbLine
62
7
6
CONTINUOUS
10
173.0306010929
20
243.1919175677
11
173.0306010929
21
221.6076014832
0
ARC
5
5B3
100
AcDbEntity
8
0
100
AcDbCircle
62
7
6
CONTINUOUS
10
172.2306010929
20
198.9687246583
40
0.8000000000
100
AcDbArc
50
272.0000002610
51
360.0000000000
0
LINE
5
5B4
100
AcDbEntity
8
0
100
AcDbLine
62
7
6
CONTINUOUS
10
173.0306010929
20
199.0215011055
11
173.0306010929
21
198.9687246583
0
LINE
5
5B5
100
AcDbEntity
8
0
100
AcDbLine
62
7
6
CONTINUOUS
10
173.0306010929
20
221.6076014832
11
173.0306010929
21
200.0232853987
0
LINE
5
5B6
100
AcDbEntity
8
0
100
AcDbLine
62
7
6
CONTINUOUS
10
173.0306010929
20
200.0232853987
11
173.0306010929
21
199.0215011055
0
LINE
5
5B7
100
AcDbEntity
8
0
100
AcDbLine
62
7
6
CONTINUOUS
10
167.6306010929
20
251.6953673854
11
167.6306010929
21
251.6076014832
0
LINE
5
5B8
100
AcDbEntity
8
0
100
AcDbLine
62
7
6
CONTINUOUS
10
167.6306010929
20
251.6076014832
11
167.6306010929
21
245.6076014832
0
LINE
5
5B9
100
AcDbEntity
8
0
100
AcDbLine
62
7
6
CONTINUOUS
10
163.6306010929
20
252.6076014832
11
166.8585206903
21
252.4948800470
0
LINE
5
5BA
100
AcDbEntity
8
0
100
AcDbLine
62
7
6
CONTINUOUS
10
163.6306010929
20
190.6076014832
11
166.8585206903
21
190.7203229194
0
ARC
5
5BB
100
AcDbEntity
8
0
100
AcDbCircle
62
7
6
CONTINUOUS
10
166.8306010929
20
251.6953673854
40
0.8000000000
100
AcDbArc
50
67.8557474487
51
87.9999999998
0
ARC
5
5BC
100
AcDbEntity
8
0
100
AcDbCircle
62
7
6
CONTINUOUS
10
166.8306010929
20
251.6953673854
40
0.8000000000
100
AcDbArc
50
61.6259145019
51
67.8557474487
0
ARC
5
5BD
100
AcDbEntity
8
0
100
AcDbCircle
62
7
6
CONTINUOUS
10
166.8306010929
20
251.6953673854
40
0.8000000000
100
AcDbArc
50
47.4833975900
51
61.6259145019
0
ARC
5
5BE
100
AcDbEntity
8
0
100
AcDbCircle
62
7
6
CONTINUOUS
10
166.8306010929
20
251.6953673854
40
0.8000000000
100
AcDbArc
50
40.5163523352
51
47.4833975900
0
ARC
5
5BF
100
AcDbEntity
8
0
100
AcDbCircle
62
7
6
CONTINUOUS
10
166.8306010929
20
251.6953673854
40
0.8000000000
100
AcDbArc
50
26.3739564890
51
40.5163523352
0
ARC
5
5C0
100
AcDbEntity
8
0
100
AcDbCircle
62
7
6
CONTINUOUS
10
166.8306010929
20
251.6953673854
40
0.8000000000
100
AcDbArc
50
20.1440200518
51
26.3739564890
0
ARC
5
5C1
100
AcDbEntity
8
0
100
AcDbCircle
62
7
6
CONTINUOUS
10
166.8306010929
20
251.6953673854
40
0.8000000000
100
AcDbArc
50
0.0000000000
51
20.1440200518
0
ARC
5
5C2
100
AcDbEntity
8
0
100
AcDbCircle
62
7
6
CONTINUOUS
10
166.8306010929
20
251.6953673854
40
0.8000000000
100
AcDbArc
50
0.0000000008
51
20.0841524768
0
ARC
5
5C3
100
AcDbEntity
8
0
100
AcDbCircle
62
7
6
CONTINUOUS
10
166.8306010929
20
251.6953673854
40
0.8000000000
100
AcDbArc
50
20.0841524768
51
26.4260240612
0
ARC
5
5C4
100
AcDbEntity
8
0
100
AcDbCircle
62
7
6
CONTINUOUS
10
166.8306010929
20
251.6953673854
40
0.8000000000
100
AcDbArc
50
26.4260240612
51
40.4432762693
0
ARC
5
5C5
100
AcDbEntity
8
0
100
AcDbCircle
62
7
6
CONTINUOUS
10
166.8306010929
20
251.6953673854
40
0.8000000000
100
AcDbArc
50
40.4432762693
51
47.5564672596
0
ARC
5
5C6
100
AcDbEntity
8
0
100
AcDbCircle
62
7
6
CONTINUOUS
10
166.8306010929
20
251.6953673854
40
0.8000000000
100
AcDbArc
50
47.5564672596
51
61.5738405496
0
ARC
5
5C7
100
AcDbEntity
8
0
100
AcDbCircle
62
7
6
CONTINUOUS
10
166.8306010929
20
251.6953673854
40
0.8000000000
100
AcDbArc
50
61.5738405496
51
67.9156102297
0
ARC
5
5C8
100
AcDbEntity
8
0
100
AcDbCircle
62
7
6
CONTINUOUS
10
166.8306010929
20
251.6953673854
40
0.8000000000
100
AcDbArc
50
67.9156102297
51
87.9999999998
0
LINE
5
5C9
100
AcDbEntity
8
0
100
AcDbLine
62
7
6
CONTINUOUS
10
167.6306010929
20
251.6953673854
11
167.6306010929
21
251.5783926707
0
LINE
5
5CA
100
AcDbEntity
8
0
100
AcDbLine
62
7
6
CONTINUOUS
10
167.6306010929
20
251.5783926707
11
167.6306010929
21
245.6076014832
0
ARC
5
5CB
100
AcDbEntity
8
0
100
AcDbCircle
62
7
6
CONTINUOUS
10
166.8306010929
20
191.5198355810
40
0.8000000000
100
AcDbArc
50
272.0000000005
51
292.1442110769
0
ARC
5
5CC
100
AcDbEntity
8
0
100
AcDbCircle
62
7
6
CONTINUOUS
10
166.8306010929
20
191.5198355810
40
0.8000000000
100
AcDbArc
50
292.1442110769
51
298.3740345482
0
ARC
5
5CD
100
AcDbEntity
8
0
100
AcDbCircle
62
7
6
CONTINUOUS
10
166.8306010929
20
191.5198355810
40
0.8000000000
100
AcDbArc
50
298.3740345482
51
312.5165300577
0
ARC
5
5CE
100
AcDbEntity
8
0
100
AcDbCircle
62
7
6
CONTINUOUS
10
166.8306010929
20
191.5198355810
40
0.8000000000
100
AcDbArc
50
312.5165300577
51
319.4835784530
0
ARC
5
5CF
100
AcDbEntity
8
0
100
AcDbCircle
62
7
6
CONTINUOUS
10
166.8306010929
20
191.5198355810
40
0.8000000000
100
AcDbArc
50
319.4835784530
51
333.6259667951
0
ARC
5
5D0
100
AcDbEntity
8
0
100
AcDbCircle
62
7
6
CONTINUOUS
10
166.8306010929
20
191.5198355810
40
0.8000000000
100
AcDbArc
50
333.6259667951
51
339.8559257270
0
ARC
5
5D1
100
AcDbEntity
8
0
100
AcDbCircle
62
7
6
CONTINUOUS
10
166.8306010929
20
191.5198355810
40
0.8000000000
100
AcDbArc
50
339.8559257270
51
360.0000000000
0
ARC
5
5D2
100
AcDbEntity
8
0
100
AcDbCircle
62
7
6
CONTINUOUS
10
166.8306010929
20
191.5198355810
40
0.8000000000
100
AcDbArc
50
339.9157915615
51
360.0000000000
0
ARC
5
5D3
100
AcDbEntity
8
0
100
AcDbCircle
62
7
6
CONTINUOUS
10
166.8306010929
20
191.5198355810
40
0.8000000000
100
AcDbArc
50
333.5738934138
51
339.9157915615
0
ARC
5
5D4
100
AcDbEntity
8
0
100
AcDbCircle
62
7
6
CONTINUOUS
10
166.8306010929
20
191.5198355810
40
0.8000000000
100
AcDbArc
50
319.5566508416
51
333.5738934138
0
ARC
5
5D5
100
AcDbEntity
8
0
100
AcDbCircle
62
7
6
CONTINUOUS
10
166.8306010929
20
191.5198355810
40
0.8000000000
100
AcDbArc
50
312.4434572243
51
319.5566508416
0
ARC
5
5D6
100
AcDbEntity
8
0
100
AcDbCircle
62
7
6
CONTINUOUS
10
166.8306010929
20
191.5198355810
40
0.8000000000
100
AcDbArc
50
298.4261052526
51
312.4434572243
0
ARC
5
5D7
100
AcDbEntity
8
0
100
AcDbCircle
62
7
6
CONTINUOUS
10
166.8306010929
20
191.5198355810
40
0.8000000000
100
AcDbArc
50
292.0843478815
51
298.4261052526
0
ARC
5
5D8
100
AcDbEntity
8
0
100
AcDbCircle
62
7
6
CONTINUOUS
10
166.8306010929
20
191.5198355810
40
0.8000000000
100
AcDbArc
50
272.0000000000
51
292.0843478815
0
LINE
5
5D9
100
AcDbEntity
8
0
100
AcDbLine
62
7
6
CONTINUOUS
10
167.6306010929
20
197.6076014832
11
167.6306010929
21
192.6078261445
0
LINE
5
5DA
100
AcDbEntity
8
0
100
AcDbLine
62
7
6
CONTINUOUS
10
167.6306010929
20
192.6078261445
11
167.6306010929
21
192.5458091285
0
LINE
5
5DB
100
AcDbEntity
8
0
100
AcDbLine
62
7
6
CONTINUOUS
10
167.6306010929
20
192.5458091285
11
167.6306010929
21
191.5198355810
0
LINE
5
5DC
100
AcDbEntity
8
0
100
AcDbLine
62
7
6
CONTINUOUS
10
167.6306010929
20
245.6076014832
11
167.6306010929
21
197.6076014832
0
ARC
5
5DD
100
AcDbEntity
8
0
100
AcDbCircle
62
7
6
CONTINUOUS
10
168.4306010929
20
245.9801525031
40
0.8000000000
100
AcDbArc
50
204.8174494062
51
268.0000003164
0
ARC
5
5DE
100
AcDbEntity
8
0
100
AcDbCircle
62
7
6
CONTINUOUS
10
168.4306010929
20
245.9801525031
40
0.8000000000
100
AcDbArc
50
197.5999905230
51
204.8174494062
0
ARC
5
5DF
100
AcDbEntity
8
0
100
AcDbCircle
62
7
6
CONTINUOUS
10
168.4306010929
20
197.2350504634
40
0.8000000000
100
AcDbArc
50
91.9999996836
51
155.1825505938
0
ARC
5
5E0
100
AcDbEntity
8
0
100
AcDbCircle
62
7
6
CONTINUOUS
10
168.4306010929
20
197.2350504634
40
0.8000000000
100
AcDbArc
50
155.1825505938
51
162.4000094770
0
LINE
5
5E1
100
AcDbEntity
8
0
100
AcDbLine
62
7
6
CONTINUOUS
10
162.6480534980
20
199.8349978375
11
149.9782438731
21
200.0561501871
0
LINE
5
5E2
100
AcDbEntity
8
0
100
AcDbLine
62
7
6
CONTINUOUS
10
162.6480534980
20
243.3802051290
11
149.9782438731
21
243.1590527793
0
LINE
5
5E3
100
AcDbEntity
8
0
100
AcDbLine
62
7
6
CONTINUOUS
10
167.6306010929
20
245.6076014832
11
167.6306010929
21
197.6076014832
0
LINE
5
5E4
100
AcDbEntity
8
0
100
AcDbLine
62
7
6
CONTINUOUS
10
167.6306010929
20
197.6076014832
11
167.6306010929
21
192.6078261445
0
LINE
5
5E5
100
AcDbEntity
8
0
100
AcDbLine
62
7
6
CONTINUOUS
10
167.6306010929
20
192.6078261445
11
167.6306010929
21
191.5198355810
0
LINE
5
5E6
100
AcDbEntity
8
0
100
AcDbLine
62
7
6
CONTINUOUS
10
168.4026814999
20
245.1806398413
11
172.2585206939
21
245.0459909696
0
LINE
5
5E7
100
AcDbEntity
8
0
100
AcDbLine
62
7
6
CONTINUOUS
10
168.4026814999
20
198.0345631251
11
172.2585206939
21
198.1692119968
0
LINE
5
5E8
100
AcDbEntity
8
0
100
AcDbLine
62
7
6
CONTINUOUS
10
147.0306010929
20
221.6076014832
11
147.0306010929
21
227.4627072585
0
LINE
5
5E9
100
AcDbEntity
8
0
100
AcDbLine
62
7
6
CONTINUOUS
10
147.0306010929
20
227.4627072585
11
147.0306010929
21
227.5950884352
0
LINE
5
5EA
100
AcDbEntity
8
0
100
AcDbLine
62
7
6
CONTINUOUS
10
147.0306010929
20
227.5950884352
11
147.0306010929
21
228.2209264107
0
LINE
5
5EB
100
AcDbEntity
8
0
100
AcDbLine
62
7
6
CONTINUOUS
10
147.0306010929
20
228.2209264107
11
147.0306010929
21
232.2677288416
0
LINE
5
5EC
100
AcDbEntity
8
0
100
AcDbLine
62
7
6
CONTINUOUS
10
147.0306010929
20
232.2677288416
11
147.0306010929
21
233.6254783775
0
LINE
5
5ED
100
AcDbEntity
8
0
100
AcDbLine
62
7
6
CONTINUOUS
10
147.0306010929
20
233.6254783775
11
147.0306010929
21
233.7531777764
0
LINE
5
5EE
100
AcDbEntity
8
0
100
AcDbLine
62
7
6
CONTINUOUS
10
147.0306010929
20
233.7531777764
11
147.0306010929
21
234.2165003044
0
LINE
5
5EF
100
AcDbEntity
8
0
100
AcDbLine
62
7
6
CONTINUOUS
10
147.0306010929
20
234.2165003044
11
147.0306010929
21
234.3075633910
0
LINE
5
5F0
100
AcDbEntity
8
0
100
AcDbLine
62
7
6
CONTINUOUS
10
147.0306010929
20
234.3075633910
11
147.0306010929
21
235.8098499357
0
LINE
5
5F1
100
AcDbEntity
8
0
100
AcDbLine
62
7
6
CONTINUOUS
10
147.0306010929
20
235.8098499357
11
147.0306010929
21
240.1595096666
0
LINE
5
5F2
100
AcDbEntity
8
0
100
AcDbLine
62
7
6
CONTINUOUS
10
173.0306010929
20
221.6076014832
11
173.0306010929
21
200.0232853987
0
LINE
5
5F3
100
AcDbEntity
8
0
100
AcDbLine
62
7
6
CONTINUOUS
10
173.0306010929
20
200.0232853987
11
173.0306010929
21
199.2094418031
0
LINE
5
5F4
100
AcDbEntity
8
0
100
AcDbLine
62
7
6
CONTINUOUS
10
173.0306010929
20
199.2094418031
11
173.0306010929
21
198.9687249209
0
POLYLINE
5
5F5
100
AcDbEntity
8
0
100
AcDb2dPolyline
62
9
6
CONTINUOUS
66
1
70
0
0
VERTEX
5
5F6
100
AcDbEntity
8
0
100
AcDbVertex
62
9
6
CONTINUOUS
100
AcDb2dVertex
10
167.6306010929
20
197.6076014832
0
VERTEX
5
5F7
100
AcDbEntity
8
0
100
AcDbVertex
62
9
6
CONTINUOUS
100
AcDb2dVertex
10
167.5723486072
20
197.6076014835
0
VERTEX
5
5F8
100
AcDbEntity
8
0
100
AcDbVertex
62
9
6
CONTINUOUS
100
AcDb2dVertex
10
167.4060738848
20
197.6076014837
0
VERTEX
5
5F9
100
AcDbEntity
8
0
100
AcDbVertex
62
9
6
CONTINUOUS
100
AcDb2dVertex
10
167.1559912107
20
197.6076014838
0
VERTEX
5
5FA
100
AcDbEntity
8
0
100
AcDbVertex
62
9
6
CONTINUOUS
100
AcDb2dVertex
10
166.8585206903
20
197.6076014838
0
SEQEND
5
5FB
100
AcDbEntity
8
0
0
POLYLINE
5
5FC
100
AcDbEntity
8
0
100
AcDb2dPolyline
62
9
6
CONTINUOUS
66
1
70
0
0
VERTEX
5
5FD
100
AcDbEntity
8
0
100
AcDbVertex
62
9
6
CONTINUOUS
100
AcDb2dVertex
10
166.8585206903
20
252.4948800470
0
VERTEX
5
5FE
100
AcDbEntity
8
0
100
AcDbVertex
62
9
6
CONTINUOUS
100
AcDb2dVertex
10
166.8585206139
20
252.3983181297
0
VERTEX
5
5FF
100
AcDbEntity
8
0
100
AcDbVertex
62
9
6
CONTINUOUS
100
AcDb2dVertex
10
166.8585207648
20
252.0970621499
0
VERTEX
5
600
100
AcDbEntity
8
0
100
AcDbVertex
62
9
6
CONTINUOUS
100
AcDb2dVertex
10
166.8585206873
20
251.5886318497
0
VERTEX
5
601
100
AcDbEntity
8
0
100
AcDbVertex
62
9
6
CONTINUOUS
100
AcDb2dVertex
10
166.8585206900
20
250.8907345416
0
VERTEX
5
602
100
AcDbEntity
8
0
100
AcDbVertex
62
9
6
CONTINUOUS
100
AcDb2dVertex
10
166.8585207092
20
250.0295008110
0
VERTEX
5
603
100
AcDbEntity
8
0
100
AcDbVertex
62
9
6
CONTINUOUS
100
AcDb2dVertex
10
166.8585207118
20
249.0264363990
0
VERTEX
5
604
100
AcDbEntity
8
0
100
AcDbVertex
62
9
6
CONTINUOUS
100
AcDb2dVertex
10
166.8585208603
20
247.9181104152
0
VERTEX
5
605
100
AcDbEntity
8
0
100
AcDbVertex
62
9
6
CONTINUOUS
100
AcDb2dVertex
10
166.8585206166
20
246.7591162053
0
VERTEX
5
606
100
AcDbEntity
8
0
100
AcDbVertex
62
9
6
CONTINUOUS
100
AcDb2dVertex
10
166.8585206903
20
245.6076014832
0
SEQEND
5
607
100
AcDbEntity
8
0
0
LINE
5
608
100
AcDbEntity
8
0
100
AcDbLine
62
9
6
CONTINUOUS
10
163.6306010929
20
245.6076014832
11
166.8585206903
21
245.6076014832
0
LINE
5
609
100
AcDbEntity
8
0
100
AcDbLine
62
9
6
CONTINUOUS
10
163.6306010929
20
197.6076014832
11
166.8585206903
21
197.6076014832
0
POLYLINE
5
60A
100
AcDbEntity
8
0
100
AcDb2dPolyline
62
9
6
CONTINUOUS
66
1
70
0
0
VERTEX
5
60B
100
AcDbEntity
8
0
100
AcDbVertex
62
9
6
CONTINUOUS
100
AcDb2dVertex
10
167.6306010929
20
245.6076014832
0
VERTEX
5
60C
100
AcDbEntity
8
0
100
AcDbVertex
62
9
6
CONTINUOUS
100
AcDb2dVertex
10
167.5723481765
20
245.6076014832
0
VERTEX
5
60D
100
AcDbEntity
8
0
100
AcDbVertex
62
9
6
CONTINUOUS
100
AcDb2dVertex
10
167.4060729332
20
245.6076014832
0
VERTEX
5
60E
100
AcDbEntity
8
0
100
AcDbVertex
62
9
6
CONTINUOUS
100
AcDb2dVertex
10
167.1559904074
20
245.6076014832
0
VERTEX
5
60F
100
AcDbEntity
8
0
100
AcDbVertex
62
9
6
CONTINUOUS
100
AcDb2dVertex
10
166.8585206903
20
245.6076014832
0
SEQEND
5
610
100
AcDbEntity
8
0
0
POLYLINE
5
611
100
AcDbEntity
8
0
100
AcDb2dPolyline
62
9
6
CONTINUOUS
66
1
70
0
0
VERTEX
5
612
100
AcDbEntity
8
0
100
AcDbVertex
62
9
6
CONTINUOUS
100
AcDb2dVertex
10
149.9782438731
20
200.0561501871
0
VERTEX
5
613
100
AcDbEntity
8
0
100
AcDbVertex
62
9
6
CONTINUOUS
100
AcDb2dVertex
10
149.9782438725
20
200.2756104103
0
VERTEX
5
614
100
AcDbEntity
8
0
100
AcDbVertex
62
9
6
CONTINUOUS
100
AcDb2dVertex
10
149.9782438716
20
200.9295407611
0
VERTEX
5
615
100
AcDbEntity
8
0
100
AcDbVertex
62
9
6
CONTINUOUS
100
AcDb2dVertex
10
149.9782438704
20
202.0046184891
0
VERTEX
5
616
100
AcDbEntity
8
0
100
AcDbVertex
62
9
6
CONTINUOUS
100
AcDb2dVertex
10
149.9782438692
20
203.4789463841
0
VERTEX
5
617
100
AcDbEntity
8
0
100
AcDbVertex
62
9
6
CONTINUOUS
100
AcDb2dVertex
10
149.9782438673
20
205.3225108574
0
VERTEX
5
618
100
AcDbEntity
8
0
100
AcDbVertex
62
9
6
CONTINUOUS
100
AcDb2dVertex
10
149.9782438667
20
207.4977372079
0
VERTEX
5
619
100
AcDbEntity
8
0
100
AcDbVertex
62
9
6
CONTINUOUS
100
AcDb2dVertex
10
149.9782438603
20
209.9603570532
0
VERTEX
5
61A
100
AcDbEntity
8
0
100
AcDbVertex
62
9
6
CONTINUOUS
100
AcDb2dVertex
10
149.9782438727
20
212.6604463130
0
VERTEX
5
61B
100
AcDbEntity
8
0
100
AcDbVertex
62
9
6
CONTINUOUS
100
AcDb2dVertex
10
149.9782438269
20
215.5423325341
0
VERTEX
5
61C
100
AcDbEntity
8
0
100
AcDbVertex
62
9
6
CONTINUOUS
100
AcDb2dVertex
10
149.9782439298
20
218.5451513910
0
VERTEX
5
61D
100
AcDbEntity
8
0
100
AcDbVertex
62
9
6
CONTINUOUS
100
AcDb2dVertex
10
149.9782438736
20
221.6076014832
0
SEQEND
5
61E
100
AcDbEntity
8
0
0
POLYLINE
5
61F
100
AcDbEntity
8
0
100
AcDb2dPolyline
62
9
6
CONTINUOUS
66
1
70
0
0
VERTEX
5
620
100
AcDbEntity
8
0
100
AcDbVertex
62
9
6
CONTINUOUS
100
AcDb2dVertex
10
162.6480534981
20
199.8349978375
0
VERTEX
5
621
100
AcDbEntity
8
0
100
AcDbVertex
62
9
6
CONTINUOUS
100
AcDb2dVertex
10
162.6480534974
20
199.8890458253
0
VERTEX
5
622
100
AcDbEntity
8
0
100
AcDbVertex
62
9
6
CONTINUOUS
100
AcDb2dVertex
10
162.6480534957
20
200.3250273985
0
VERTEX
5
623
100
AcDbEntity
8
0
100
AcDbVertex
62
9
6
CONTINUOUS
100
AcDb2dVertex
10
162.6480534934
20
201.1899425305
0
VERTEX
5
624
100
AcDbEntity
8
0
100
AcDbVertex
62
9
6
CONTINUOUS
100
AcDb2dVertex
10
162.6480534906
20
202.4670949176
0
VERTEX
5
625
100
AcDbEntity
8
0
100
AcDbVertex
62
9
6
CONTINUOUS
100
AcDb2dVertex
10
162.6480534871
20
204.1306548910
0
VERTEX
5
626
100
AcDbEntity
8
0
100
AcDbVertex
62
9
6
CONTINUOUS
100
AcDb2dVertex
10
162.6480534828
20
206.1438127793
0
VERTEX
5
627
100
AcDbEntity
8
0
100
AcDbVertex
62
9
6
CONTINUOUS
100
AcDb2dVertex
10
162.6480534813
20
208.4666691519
0
VERTEX
5
628
100
AcDbEntity
8
0
100
AcDbVertex
62
9
6
CONTINUOUS
100
AcDb2dVertex
10
162.6480534718
20
211.0603839855
0
VERTEX
5
629
100
AcDbEntity
8
0
100
AcDbVertex
62
9
6
CONTINUOUS
100
AcDb2dVertex
10
162.6480534715
20
213.8355145438
0
VERTEX
5
62A
100
AcDbEntity
8
0
100
AcDbVertex
62
9
6
CONTINUOUS
100
AcDb2dVertex
10
162.6480534472
20
216.6321042345
0
VERTEX
5
62B
100
AcDbEntity
8
0
100
AcDbVertex
62
9
6
CONTINUOUS
100
AcDb2dVertex
10
162.6480535010
20
219.2776138286
0
VERTEX
5
62C
100
AcDbEntity
8
0
100
AcDbVertex
62
9
6
CONTINUOUS
100
AcDb2dVertex
10
162.6480534993
20
221.6076014832
0
SEQEND
5
62D
100
AcDbEntity
8
0
0
POLYLINE
5
62E
100
AcDbEntity
8
0
100
AcDb2dPolyline
62
9
6
CONTINUOUS
66
1
70
0
0
VERTEX
5
62F
100
AcDbEntity
8
0
100
AcDbVertex
62
9
6
CONTINUOUS
100
AcDb2dVertex
10
168.4026814955
20
221.6076014832
0
VERTEX
5
630
100
AcDbEntity
8
0
100
AcDbVertex
62
9
6
CONTINUOUS
100
AcDb2dVertex
10
168.4026814936
20
219.7906792330
0
VERTEX
5
631
100
AcDbEntity
8
0
100
AcDbVertex
62
9
6
CONTINUOUS
100
AcDb2dVertex
10
168.4026815268
20
217.6748159844
0
VERTEX
5
632
100
AcDbEntity
8
0
100
AcDbVertex
62
9
6
CONTINUOUS
100
AcDb2dVertex
10
168.4026815180
20
215.3050311568
0
VERTEX
5
633
100
AcDbEntity
8
0
100
AcDbVertex
62
9
6
CONTINUOUS
100
AcDb2dVertex
10
168.4026815263
20
212.7429029654
0
VERTEX
5
634
100
AcDbEntity
8
0
100
AcDbVertex
62
9
6
CONTINUOUS
100
AcDb2dVertex
10
168.4026815265
20
210.0694412510
0
VERTEX
5
635
100
AcDbEntity
8
0
100
AcDbVertex
62
9
6
CONTINUOUS
100
AcDb2dVertex
10
168.4026815219
20
207.3880354297
0
VERTEX
5
636
100
AcDbEntity
8
0
100
AcDbVertex
62
9
6
CONTINUOUS
100
AcDb2dVertex
10
168.4026815043
20
204.8626584966
0
VERTEX
5
637
100
AcDbEntity
8
0
100
AcDbVertex
62
9
6
CONTINUOUS
100
AcDb2dVertex
10
168.4026814984
20
202.6696519984
0
VERTEX
5
638
100
AcDbEntity
8
0
100
AcDbVertex
62
9
6
CONTINUOUS
100
AcDb2dVertex
10
168.4026814975
20
200.8807125113
0
VERTEX
5
639
100
AcDbEntity
8
0
100
AcDbVertex
62
9
6
CONTINUOUS
100
AcDb2dVertex
10
168.4026814957
20
199.5065966966
0
VERTEX
5
63A
100
AcDbEntity
8
0
100
AcDbVertex
62
9
6
CONTINUOUS
100
AcDb2dVertex
10
168.4026814960
20
198.5704856340
0
VERTEX
5
63B
100
AcDbEntity
8
0
100
AcDbVertex
62
9
6
CONTINUOUS
100
AcDb2dVertex
10
168.4026814981
20
198.0956428376
0
VERTEX
5
63C
100
AcDbEntity
8
0
100
AcDbVertex
62
9
6
CONTINUOUS
100
AcDb2dVertex
10
168.4026814997
20
198.0345631251
0
SEQEND
5
63D
100
AcDbEntity
8
0
0
POLYLINE
5
63E
100
AcDbEntity
8
0
100
AcDb2dPolyline
62
9
6
CONTINUOUS
66
1
70
0
0
VERTEX
5
63F
100
AcDbEntity
8
0
100
AcDbVertex
62
9
6
CONTINUOUS
100
AcDb2dVertex
10
172.2585206939
20
245.0459909696
0
VERTEX
5
640
100
AcDbEntity
8
0
100
AcDbVertex
62
9
6
CONTINUOUS
100
AcDb2dVertex
10
172.2585206978
20
244.8040562241
0
VERTEX
5
641
100
AcDbEntity
8
0
100
AcDbVertex
62
9
6
CONTINUOUS
100
AcDb2dVertex
10
172.2585207041
20
244.0753693233
0
VERTEX
5
642
100
AcDbEntity
8
0
100
AcDbVertex
62
9
6
CONTINUOUS
100
AcDb2dVertex
10
172.2585207122
20
242.8773373823
0
VERTEX
5
643
100
AcDbEntity
8
0
100
AcDbVertex
62
9
6
CONTINUOUS
100
AcDb2dVertex
10
172.2585207180
20
241.2381098320
0
VERTEX
5
644
100
AcDbEntity
8
0
100
AcDbVertex
62
9
6
CONTINUOUS
100
AcDb2dVertex
10
172.2585207231
20
239.1759104040
0
VERTEX
5
645
100
AcDbEntity
8
0
100
AcDbVertex
62
9
6
CONTINUOUS
100
AcDb2dVertex
10
172.2585207514
20
236.7244715688
0
VERTEX
5
646
100
AcDbEntity
8
0
100
AcDbVertex
62
9
6
CONTINUOUS
100
AcDb2dVertex
10
172.2585207633
20
234.0167159258
0
VERTEX
5
647
100
AcDbEntity
8
0
100
AcDbVertex
62
9
6
CONTINUOUS
100
AcDb2dVertex
10
172.2585207604
20
231.2258611986
0
VERTEX
5
648
100
AcDbEntity
8
0
100
AcDbVertex
62
9
6
CONTINUOUS
100
AcDb2dVertex
10
172.2585207430
20
228.4865143711
0
VERTEX
5
649
100
AcDbEntity
8
0
100
AcDbVertex
62
9
6
CONTINUOUS
100
AcDb2dVertex
10
172.2585207532
20
225.9112071973
0
VERTEX
5
64A
100
AcDbEntity
8
0
100
AcDbVertex
62
9
6
CONTINUOUS
100
AcDb2dVertex
10
172.2585206941
20
223.5932980637
0
VERTEX
5
64B
100
AcDbEntity
8
0
100
AcDbVertex
62
9
6
CONTINUOUS
100
AcDb2dVertex
10
172.2585206903
20
221.6076014832
0
SEQEND
5
64C
100
AcDbEntity
8
0
0
LINE
5
64D
100
AcDbEntity
8
0
100
AcDbLine
62
9
6
CONTINUOUS
10
166.8585206903
20
245.6076014832
11
166.8585206903
21
197.6076014832
0
POLYLINE
5
64E
100
AcDbEntity
8
0
100
AcDb2dPolyline
62
9
6
CONTINUOUS
66
1
70
0
0
VERTEX
5
64F
100
AcDbEntity
8
0
100
AcDbVertex
62
9
6
CONTINUOUS
100
AcDb2dVertex
10
168.4026814997
20
245.1806398413
0
VERTEX
5
650
100
AcDbEntity
8
0
100
AcDbVertex
62
9
6
CONTINUOUS
100
AcDb2dVertex
10
168.4026815017
20
245.1236520106
0
VERTEX
5
651
100
AcDbEntity
8
0
100
AcDbVertex
62
9
6
CONTINUOUS
100
AcDb2dVertex
10
168.4026815071
20
244.6569226994
0
VERTEX
5
652
100
AcDbEntity
8
0
100
AcDbVertex
62
9
6
CONTINUOUS
100
AcDb2dVertex
10
168.4026815153
20
243.7286227547
0
VERTEX
5
653
100
AcDbEntity
8
0
100
AcDbVertex
62
9
6
CONTINUOUS
100
AcDb2dVertex
10
168.4026815239
20
242.3618708071
0
VERTEX
5
654
100
AcDbEntity
8
0
100
AcDbVertex
62
9
6
CONTINUOUS
100
AcDb2dVertex
10
168.4026815272
20
240.5801814271
0
VERTEX
5
655
100
AcDbEntity
8
0
100
AcDbVertex
62
9
6
CONTINUOUS
100
AcDb2dVertex
10
168.4026815429
20
238.3938954154
0
VERTEX
5
656
100
AcDbEntity
8
0
100
AcDbVertex
62
9
6
CONTINUOUS
100
AcDb2dVertex
10
168.4026815751
20
235.8720193473
0
VERTEX
5
657
100
AcDbEntity
8
0
100
AcDbVertex
62
9
6
CONTINUOUS
100
AcDb2dVertex
10
168.4026815737
20
233.1889318449
0
VERTEX
5
658
100
AcDbEntity
8
0
100
AcDbVertex
62
9
6
CONTINUOUS
100
AcDb2dVertex
10
168.4026815635
20
230.5100656832
0
VERTEX
5
659
100
AcDbEntity
8
0
100
AcDbVertex
62
9
6
CONTINUOUS
100
AcDb2dVertex
10
168.4026815436
20
227.9404532145
0
VERTEX
5
65A
100
AcDbEntity
8
0
100
AcDbVertex
62
9
6
CONTINUOUS
100
AcDb2dVertex
10
168.4026815490
20
225.5615639446
0
VERTEX
5
65B
100
AcDbEntity
8
0
100
AcDbVertex
62
9
6
CONTINUOUS
100
AcDb2dVertex
10
168.4026814986
20
223.4354280139
0
VERTEX
5
65C
100
AcDbEntity
8
0
100
AcDbVertex
62
9
6
CONTINUOUS
100
AcDb2dVertex
10
168.4026814955
20
221.6076014832
0
SEQEND
5
65D
100
AcDbEntity
8
0
0
POLYLINE
5
65E
100
AcDbEntity
8
0
100
AcDb2dPolyline
62
9
6
CONTINUOUS
66
1
70
0
0
VERTEX
5
65F
100
AcDbEntity
8
0
100
AcDbVertex
62
9
6
CONTINUOUS
100
AcDb2dVertex
10
166.8585206903
20
197.6076014832
0
VERTEX
5
660
100
AcDbEntity
8
0
100
AcDbVertex
62
9
6
CONTINUOUS
100
AcDb2dVertex
10
166.8585206139
20
196.4583523897
0
VERTEX
5
661
100
AcDbEntity
8
0
100
AcDbVertex
62
9
6
CONTINUOUS
100
AcDb2dVertex
10
166.8585207648
20
195.3007624694
0
VERTEX
5
662
100
AcDbEntity
8
0
100
AcDbVertex
62
9
6
CONTINUOUS
100
AcDb2dVertex
10
166.8585206873
20
194.1926517365
0
VERTEX
5
663
100
AcDbEntity
8
0
100
AcDbVertex
62
9
6
CONTINUOUS
100
AcDb2dVertex
10
166.8585206900
20
193.1891050078
0
VERTEX
5
664
100
AcDbEntity
8
0
100
AcDbVertex
62
9
6
CONTINUOUS
100
AcDb2dVertex
10
166.8585207092
20
192.3273162314
0
VERTEX
5
665
100
AcDbEntity
8
0
100
AcDbVertex
62
9
6
CONTINUOUS
100
AcDb2dVertex
10
166.8585207118
20
191.6287910812
0
VERTEX
5
666
100
AcDbEntity
8
0
100
AcDbVertex
62
9
6
CONTINUOUS
100
AcDb2dVertex
10
166.8585208603
20
191.1194465522
0
VERTEX
5
667
100
AcDbEntity
8
0
100
AcDbVertex
62
9
6
CONTINUOUS
100
AcDb2dVertex
10
166.8585206166
20
190.8172686566
0
VERTEX
5
668
100
AcDbEntity
8
0
100
AcDbVertex
62
9
6
CONTINUOUS
100
AcDb2dVertex
10
166.8585206903
20
190.7203229194
0
SEQEND
5
669
100
AcDbEntity
8
0
0
POLYLINE
5
66A
100
AcDbEntity
8
0
100
AcDb2dPolyline
62
9
6
CONTINUOUS
66
1
70
0
0
VERTEX
5
66B
100
AcDbEntity
8
0
100
AcDbVertex
62
9
6
CONTINUOUS
100
AcDb2dVertex
10
149.9782438736
20
221.6076014832
0
VERTEX
5
66C
100
AcDbEntity
8
0
100
AcDbVertex
62
9
6
CONTINUOUS
100
AcDb2dVertex
10
149.9782439161
20
224.6700031291
0
VERTEX
5
66D
100
AcDbEntity
8
0
100
AcDbVertex
62
9
6
CONTINUOUS
100
AcDb2dVertex
10
149.9782438457
20
227.6727744631
0
VERTEX
5
66E
100
AcDbEntity
8
0
100
AcDbVertex
62
9
6
CONTINUOUS
100
AcDb2dVertex
10
149.9782438759
20
230.5546407744
0
VERTEX
5
66F
100
AcDbEntity
8
0
100
AcDbVertex
62
9
6
CONTINUOUS
100
AcDb2dVertex
10
149.9782438682
20
233.2547374910
0
VERTEX
5
670
100
AcDbEntity
8
0
100
AcDbVertex
62
9
6
CONTINUOUS
100
AcDb2dVertex
10
149.9782438719
20
235.7173702167
0
VERTEX
5
671
100
AcDbEntity
8
0
100
AcDbVertex
62
9
6
CONTINUOUS
100
AcDb2dVertex
10
149.9782438722
20
237.8926093067
0
VERTEX
5
672
100
AcDbEntity
8
0
100
AcDbVertex
62
9
6
CONTINUOUS
100
AcDb2dVertex
10
149.9782438730
20
239.7361882169
0
VERTEX
5
673
100
AcDbEntity
8
0
100
AcDbVertex
62
9
6
CONTINUOUS
100
AcDb2dVertex
10
149.9782438734
20
241.2105319962
0
VERTEX
5
674
100
AcDbEntity
8
0
100
AcDbVertex
62
9
6
CONTINUOUS
100
AcDb2dVertex
10
149.9782438736
20
242.2856265733
0
VERTEX
5
675
100
AcDbEntity
8
0
100
AcDbVertex
62
9
6
CONTINUOUS
100
AcDb2dVertex
10
149.9782438735
20
242.9395745510
0
VERTEX
5
676
100
AcDbEntity
8
0
100
AcDbVertex
62
9
6
CONTINUOUS
100
AcDb2dVertex
10
149.9782438731
20
243.1590527793
0
SEQEND
5
677
100
AcDbEntity
8
0
0
POLYLINE
5
678
100
AcDbEntity
8
0
100
AcDb2dPolyline
62
9
6
CONTINUOUS
66
1
70
0
0
VERTEX
5
679
100
AcDbEntity
8
0
100
AcDbVertex
62
9
6
CONTINUOUS
100
AcDb2dVertex
10
172.2585206903
20
221.6076014832
0
VERTEX
5
67A
100
AcDbEntity
8
0
100
AcDbVertex
62
9
6
CONTINUOUS
100
AcDb2dVertex
10
172.2585206881
20
219.6332094257
0
VERTEX
5
67B
100
AcDbEntity
8
0
100
AcDbVertex
62
9
6
CONTINUOUS
100
AcDb2dVertex
10
172.2585207270
20
217.3255363992
0
VERTEX
5
67C
100
AcDbEntity
8
0
100
AcDbVertex
62
9
6
CONTINUOUS
100
AcDb2dVertex
10
172.2585207144
20
214.7586070536
0
VERTEX
5
67D
100
AcDbEntity
8
0
100
AcDbVertex
62
9
6
CONTINUOUS
100
AcDb2dVertex
10
172.2585207213
20
212.0253481223
0
VERTEX
5
67E
100
AcDbEntity
8
0
100
AcDbVertex
62
9
6
CONTINUOUS
100
AcDb2dVertex
10
172.2585207178
20
209.2378141940
0
VERTEX
5
67F
100
AcDbEntity
8
0
100
AcDbVertex
62
9
6
CONTINUOUS
100
AcDb2dVertex
10
172.2585207081
20
206.5294003878
0
VERTEX
5
680
100
AcDbEntity
8
0
100
AcDbVertex
62
9
6
CONTINUOUS
100
AcDb2dVertex
10
172.2585206945
20
204.0732842343
0
VERTEX
5
681
100
AcDbEntity
8
0
100
AcDbVertex
62
9
6
CONTINUOUS
100
AcDb2dVertex
10
172.2585206930
20
202.0047725947
0
VERTEX
5
682
100
AcDbEntity
8
0
100
AcDbVertex
62
9
6
CONTINUOUS
100
AcDb2dVertex
10
172.2585206913
20
200.3590812596
0
VERTEX
5
683
100
AcDbEntity
8
0
100
AcDbVertex
62
9
6
CONTINUOUS
100
AcDb2dVertex
10
172.2585206903
20
199.1542879735
0
VERTEX
5
684
100
AcDbEntity
8
0
100
AcDbVertex
62
9
6
CONTINUOUS
100
AcDb2dVertex
10
172.2585206913
20
198.4184535240
0
VERTEX
5
685
100
AcDbEntity
8
0
100
AcDbVertex
62
9
6
CONTINUOUS
100
AcDb2dVertex
10
172.2585206939
20
198.1692119968
0
SEQEND
5
686
100
AcDbEntity
8
0
0
POLYLINE
5
687
100
AcDbEntity
8
0
100
AcDb2dPolyline
62
9
6
CONTINUOUS
66
1
70
0
0
VERTEX
5
688
100
AcDbEntity
8
0
100
AcDbVertex
62
9
6
CONTINUOUS
100
AcDb2dVertex
10
162.6480534993
20
221.6076014832
0
VERTEX
5
689
100
AcDbEntity
8
0
100
AcDbVertex
62
9
6
CONTINUOUS
100
AcDb2dVertex
10
162.6480535050
20
223.9278900499
0
VERTEX
5
68A
100
AcDbEntity
8
0
100
AcDbVertex
62
9
6
CONTINUOUS
100
AcDb2dVertex
10
162.6480534691
20
226.5658591421
0
VERTEX
5
68B
100
AcDbEntity
8
0
100
AcDbVertex
62
9
6
CONTINUOUS
100
AcDb2dVertex
10
162.6480534883
20
229.3583800656
0
VERTEX
5
68C
100
AcDbEntity
8
0
100
AcDbVertex
62
9
6
CONTINUOUS
100
AcDb2dVertex
10
162.6480534887
20
232.1329321602
0
VERTEX
5
68D
100
AcDbEntity
8
0
100
AcDbVertex
62
9
6
CONTINUOUS
100
AcDb2dVertex
10
162.6480534945
20
234.7283393637
0
VERTEX
5
68E
100
AcDbEntity
8
0
100
AcDbVertex
62
9
6
CONTINUOUS
100
AcDb2dVertex
10
162.6480534953
20
237.0535953024
0
VERTEX
5
68F
100
AcDbEntity
8
0
100
AcDbVertex
62
9
6
CONTINUOUS
100
AcDb2dVertex
10
162.6480534974
20
239.0694162153
0
VERTEX
5
690
100
AcDbEntity
8
0
100
AcDbVertex
62
9
6
CONTINUOUS
100
AcDb2dVertex
10
162.6480534986
20
240.7359880144
0
VERTEX
5
691
100
AcDbEntity
8
0
100
AcDbVertex
62
9
6
CONTINUOUS
100
AcDb2dVertex
10
162.6480534993
20
242.0164348857
0
VERTEX
5
692
100
AcDbEntity
8
0
100
AcDbVertex
62
9
6
CONTINUOUS
100
AcDb2dVertex
10
162.6480534993
20
242.8848119748
0
VERTEX
5
693
100
AcDbEntity
8
0
100
AcDbVertex
62
9
6
CONTINUOUS
100
AcDb2dVertex
10
162.6480534987
20
243.3243562966
0
VERTEX
5
694
100
AcDbEntity
8
0
100
AcDbVertex
62
9
6
CONTINUOUS
100
AcDb2dVertex
10
162.6480534981
20
243.3802051290
0
SEQEND
5
695
100
AcDbEntity
8
0
0
POLYLINE
5
696
100
AcDbEntity
8
0
100
AcDb2dPolyline
62
7
6
CONTINUOUS
66
1
70
0
0
VERTEX
5
697
100
AcDbEntity
8
0
100
AcDbVertex
62
7
6
CONTINUOUS
100
AcDb2dVertex
10
118.6565217804
20
212.3876014832
0
VERTEX
5
698
100
AcDbEntity
8
0
100
AcDbVertex
62
7
6
CONTINUOUS
100
AcDb2dVertex
10
119.0658917356
20
212.1694855040
0
VERTEX
5
699
100
AcDbEntity
8
0
100
AcDbVertex
62
7
6
CONTINUOUS
100
AcDb2dVertex
10
119.3104946148
20
212.0331748273
0
VERTEX
5
69A
100
AcDbEntity
8
0
100
AcDbVertex
62
7
6
CONTINUOUS
100
AcDb2dVertex
10
119.3906006954
20
211.9876014832
0
SEQEND
5
69B
100
AcDbEntity
8
0
0
POLYLINE
5
69C
100
AcDbEntity
8
0
100
AcDb2dPolyline
62
7
6
CONTINUOUS
66
1
70
0
0
VERTEX
5
69D
100
AcDbEntity
8
0
100
AcDbVertex
62
7
6
CONTINUOUS
100
AcDb2dVertex
10
109.1246804053
20
230.8276014832
0
VERTEX
5
69E
100
AcDbEntity
8
0
100
AcDbVertex
62
7
6
CONTINUOUS
100
AcDb2dVertex
10
108.7144677893
20
231.0461795528
0
VERTEX
5
69F
100
AcDbEntity
8
0
100
AcDbVertex
62
7
6
CONTINUOUS
100
AcDb2dVertex
10
108.4701345682
20
231.1823525163
0
VERTEX
5
6A0
100
AcDbEntity
8
0
100
AcDbVertex
62
7
6
CONTINUOUS
100
AcDb2dVertex
10
108.3906013129
20
231.2276014832
0
SEQEND
5
6A1
100
AcDbEntity
8
0
0
LINE
5
6A2
100
AcDbEntity
8
0
100
AcDbLine
62
7
6
CONTINUOUS
10
115.8258419859
20
232.6076014832
11
113.8906010929
21
232.6076014832
0
LINE
5
6A3
100
AcDbEntity
8
0
100
AcDbLine
62
7
6
CONTINUOUS
10
113.8906010929
20
232.6076014832
11
111.9553414671
21
232.6076014832
0
LINE
5
6A4
100
AcDbEntity
8
0
100
AcDbLine
62
7
6
CONTINUOUS
10
115.8259083756
20
210.6076014832
11
113.8906010929
21
210.6076014832
0
LINE
5
6A5
100
AcDbEntity
8
0
100
AcDbLine
62
7
6
CONTINUOUS
10
113.8906010929
20
210.6076014832
11
111.9552730816
21
210.6076014832
0
POLYLINE
5
6A6
100
AcDbEntity
8
0
100
AcDb2dPolyline
62
7
6
CONTINUOUS
66
1
70
0
0
VERTEX
5
6A7
100
AcDbEntity
8
0
100
AcDbVertex
62
7
6
CONTINUOUS
100
AcDb2dVertex
10
119.3906009460
20
231.2276014832
0
VERTEX
5
6A8
100
AcDbEntity
8
0
100
AcDbVertex
62
7
6
CONTINUOUS
100
AcDb2dVertex
10
119.3105455625
20
231.1820569797
0
VERTEX
5
6A9
100
AcDbEntity
8
0
100
AcDbVertex
62
7
6
CONTINUOUS
100
AcDb2dVertex
10
119.0663449776
20
231.0459660004
0
VERTEX
5
6AA
100
AcDbEntity
8
0
100
AcDbVertex
62
7
6
CONTINUOUS
100
AcDb2dVertex
10
118.6565217804
20
230.8276014832
0
SEQEND
5
6AB
100
AcDbEntity
8
0
0
LINE
5
6AC
100
AcDbEntity
8
0
100
AcDbLine
62
7
6
CONTINUOUS
10
115.8406010929
20
232.6049947876
11
115.8406010929
21
230.8276014832
0
LINE
5
6AD
100
AcDbEntity
8
0
100
AcDbLine
62
7
6
CONTINUOUS
10
111.9406010929
20
232.6049980828
11
111.9406010929
21
230.8276014832
0
LINE
5
6AE
100
AcDbEntity
8
0
100
AcDbLine
62
7
6
CONTINUOUS
10
115.8406010929
20
212.3876014832
11
115.8406010929
21
210.6101964851
0
LINE
5
6AF
100
AcDbEntity
8
0
100
AcDbLine
62
7
6
CONTINUOUS
10
111.9406010929
20
212.3876014832
11
111.9406010929
21
210.6101928396
0
LINE
5
6B0
100
AcDbEntity
8
0
100
AcDbLine
62
7
6
CONTINUOUS
10
127.4306010929
20
211.2078849567
11
127.4306010929
21
211.9876014832
0
LINE
5
6B1
100
AcDbEntity
8
0
100
AcDbLine
62
7
6
CONTINUOUS
10
127.4306010929
20
211.9876014832
11
127.4306010929
21
221.6076014832
0
LINE
5
6B2
100
AcDbEntity
8
0
100
AcDbLine
62
7
6
CONTINUOUS
10
129.4306010929
20
209.2076014832
11
127.4306010929
21
211.2076014832
0
LINE
5
6B3
100
AcDbEntity
8
0
100
AcDbLine
62
7
6
CONTINUOUS
10
112.1078730343
20
212.3876014832
11
115.6733291515
21
212.3876014832
0
LINE
5
6B4
100
AcDbEntity
8
0
100
AcDbLine
62
7
6
CONTINUOUS
10
115.7472641665
20
212.3876014832
11
115.6733291515
21
212.3876014832
0
LINE
5
6B5
100
AcDbEntity
8
0
100
AcDbLine
62
7
6
CONTINUOUS
10
115.9056038516
20
212.3876014832
11
115.8279840038
21
212.3876014832
0
LINE
5
6B6
100
AcDbEntity
8
0
100
AcDbLine
62
7
6
CONTINUOUS
10
115.8279840038
20
212.3876014832
11
115.7472641665
21
212.3876014832
0
LINE
5
6B7
100
AcDbEntity
8
0
100
AcDbLine
62
7
6
CONTINUOUS
10
118.6565217804
20
212.3876014832
11
115.9056038516
21
212.3876014832
0
LINE
5
6B8
100
AcDbEntity
8
0
100
AcDbLine
62
7
6
CONTINUOUS
10
127.4306010929
20
232.0073180097
11
127.4306010929
21
231.2276014832
0
LINE
5
6B9
100
AcDbEntity
8
0
100
AcDbLine
62
7
6
CONTINUOUS
10
127.4306010929
20
231.2276014832
11
127.4306010929
21
221.6076014832
0
LINE
5
6BA
100
AcDbEntity
8
0
100
AcDbLine
62
7
6
CONTINUOUS
10
129.4306010929
20
234.0076014832
11
127.4306010929
21
232.0076014832
0
LINE
5
6BB
100
AcDbEntity
8
0
100
AcDbLine
62
7
6
CONTINUOUS
10
105.4306010929
20
231.1276014832
11
105.4306010929
21
230.4876014832
0
LINE
5
6BC
100
AcDbEntity
8
0
100
AcDbLine
62
7
6
CONTINUOUS
10
105.4306010929
20
230.4876014832
11
105.4306010929
21
230.4029346327
0
LINE
5
6BD
100
AcDbEntity
8
0
100
AcDbLine
62
7
6
CONTINUOUS
10
105.4306010929
20
230.4029346327
11
105.4306010929
21
221.6076014832
0
LINE
5
6BE
100
AcDbEntity
8
0
100
AcDbLine
62
7
6
CONTINUOUS
10
105.5306010929
20
231.2276014832
11
105.4306010929
21
231.1276014832
0
LINE
5
6BF
100
AcDbEntity
8
0
100
AcDbLine
62
7
6
CONTINUOUS
10
105.4306010929
20
212.0876014832
11
105.4306010929
21
212.7276014832
0
LINE
5
6C0
100
AcDbEntity
8
0
100
AcDbLine
62
7
6
CONTINUOUS
10
105.4306010929
20
212.7276014832
11
105.4306010929
21
212.8122683337
0
LINE
5
6C1
100
AcDbEntity
8
0
100
AcDbLine
62
7
6
CONTINUOUS
10
105.4306010929
20
212.8122683337
11
105.4306010929
21
221.6076014832
0
LINE
5
6C2
100
AcDbEntity
8
0
100
AcDbLine
62
7
6
CONTINUOUS
10
105.5306010929
20
211.9876014832
11
105.4306010929
21
212.0876014832
0
LINE
5
6C3
100
AcDbEntity
8
0
100
AcDbLine
62
7
6
CONTINUOUS
10
173.4306010929
20
231.1276014832
11
173.4306010929
21
230.4876014832
0
LINE
5
6C4
100
AcDbEntity
8
0
100
AcDbLine
62
7
6
CONTINUOUS
10
173.4306010929
20
230.4876014832
11
173.4306010929
21
230.4029346327
0
LINE
5
6C5
100
AcDbEntity
8
0
100
AcDbLine
62
7
6
CONTINUOUS
10
173.4306010929
20
230.4029346327
11
173.4306010929
21
221.6076014832
0
LINE
5
6C6
100
AcDbEntity
8
0
100
AcDbLine
62
7
6
CONTINUOUS
10
173.4306010929
20
231.1276014832
11
173.3306010929
21
231.2276014832
0
LINE
5
6C7
100
AcDbEntity
8
0
100
AcDbLine
62
7
6
CONTINUOUS
10
173.4306010929
20
212.0876014832
11
173.4306010929
21
212.7276014832
0
LINE
5
6C8
100
AcDbEntity
8
0
100
AcDbLine
62
7
6
CONTINUOUS
10
173.4306010929
20
212.7276014832
11
173.4306010929
21
212.8122683337
0
LINE
5
6C9
100
AcDbEntity
8
0
100
AcDbLine
62
7
6
CONTINUOUS
10
173.4306010929
20
212.8122683337
11
173.4306010929
21
221.6076014832
0
LINE
5
6CA
100
AcDbEntity
8
0
100
AcDbLine
62
7
6
CONTINUOUS
10
111.8755983342
20
212.3876014832
11
109.1246804053
21
212.3876014832
0
LINE
5
6CB
100
AcDbEntity
8
0
100
AcDbLine
62
7
6
CONTINUOUS
10
112.0339380193
20
212.3876014832
11
111.9532181338
21
212.3876014832
0
LINE
5
6CC
100
AcDbEntity
8
0
100
AcDbLine
62
7
6
CONTINUOUS
10
111.9532181338
20
212.3876014832
11
111.8755983342
21
212.3876014832
0
LINE
5
6CD
100
AcDbEntity
8
0
100
AcDbLine
62
7
6
CONTINUOUS
10
112.1078730343
20
212.3876014832
11
112.0339380193
21
212.3876014832
0
LINE
5
6CE
100
AcDbEntity
8
0
100
AcDbLine
62
7
6
CONTINUOUS
10
173.4306010929
20
212.0876014832
11
173.3306010929
21
211.9876014832
0
LINE
5
6CF
100
AcDbEntity
8
0
100
AcDbLine
62
7
6
CONTINUOUS
10
173.3306010929
20
231.2276014832
11
173.0306010929
21
231.2276014832
0
LINE
5
6D0
100
AcDbEntity
8
0
100
AcDbLine
62
7
6
CONTINUOUS
10
127.4306010929
20
231.2276014832
11
119.3904499250
21
231.2276014832
0
LINE
5
6D1
100
AcDbEntity
8
0
100
AcDbLine
62
7
6
CONTINUOUS
10
108.3907996963
20
231.2276014832
11
105.5306010929
21
231.2276014832
0
LINE
5
6D2
100
AcDbEntity
8
0
100
AcDbLine
62
7
6
CONTINUOUS
10
173.3306010929
20
211.9876014832
11
173.0306010929
21
211.9876014832
0
LINE
5
6D3
100
AcDbEntity
8
0
100
AcDbLine
62
7
6
CONTINUOUS
10
116.6906010929
20
230.0825649626
11
116.6906010929
21
229.8358924289
0
LINE
5
6D4
100
AcDbEntity
8
0
100
AcDbLine
62
7
6
CONTINUOUS
10
116.6906010929
20
229.8358924289
11
116.6906010929
21
229.8182729622
0
LINE
5
6D5
100
AcDbEntity
8
0
100
AcDbLine
62
7
6
CONTINUOUS
10
116.6906010929
20
229.8182729622
11
116.6906010929
21
221.6076014832
0
LINE
5
6D6
100
AcDbEntity
8
0
100
AcDbLine
62
7
6
CONTINUOUS
10
116.6906010929
20
213.1326380038
11
116.6906010929
21
213.3793105375
0
LINE
5
6D7
100
AcDbEntity
8
0
100
AcDbLine
62
7
6
CONTINUOUS
10
116.6906010929
20
213.3793105375
11
116.6906010929
21
213.3969300042
0
LINE
5
6D8
100
AcDbEntity
8
0
100
AcDbLine
62
7
6
CONTINUOUS
10
116.6906010929
20
213.3969300042
11
116.6906010929
21
221.6076014832
0
LINE
5
6D9
100
AcDbEntity
8
0
100
AcDbLine
62
7
6
CONTINUOUS
10
111.0906010929
20
221.6076014832
11
111.0906010929
21
229.8182729622
0
LINE
5
6DA
100
AcDbEntity
8
0
100
AcDbLine
62
7
6
CONTINUOUS
10
111.0906010929
20
229.8182729622
11
111.0906010929
21
229.8358924289
0
LINE
5
6DB
100
AcDbEntity
8
0
100
AcDbLine
62
7
6
CONTINUOUS
10
111.0906010929
20
229.8358924289
11
111.0906010929
21
230.0825649626
0
LINE
5
6DC
100
AcDbEntity
8
0
100
AcDbLine
62
7
6
CONTINUOUS
10
111.0906010929
20
213.1326380038
11
111.0906010929
21
213.3793105375
0
LINE
5
6DD
100
AcDbEntity
8
0
100
AcDbLine
62
7
6
CONTINUOUS
10
111.0906010929
20
213.3793105375
11
111.0906010929
21
213.3969300042
0
LINE
5
6DE
100
AcDbEntity
8
0
100
AcDbLine
62
7
6
CONTINUOUS
10
111.0906010929
20
213.3969300042
11
111.0906010929
21
221.6076014832
0
LINE
5
6DF
100
AcDbEntity
8
0
100
AcDbLine
62
7
6
CONTINUOUS
10
112.1078730343
20
230.8276014832
11
115.6733291515
21
230.8276014832
0
LINE
5
6E0
100
AcDbEntity
8
0
100
AcDbLine
62
7
6
CONTINUOUS
10
112.0339380193
20
230.8276014832
11
112.1078730343
21
230.8276014832
0
LINE
5
6E1
100
AcDbEntity
8
0
100
AcDbLine
62
7
6
CONTINUOUS
10
112.0339380193
20
230.8276014832
11
111.9532181338
21
230.8276014832
0
LINE
5
6E2
100
AcDbEntity
8
0
100
AcDbLine
62
7
6
CONTINUOUS
10
111.9532181338
20
230.8276014832
11
111.8755983342
21
230.8276014832
0
LINE
5
6E3
100
AcDbEntity
8
0
100
AcDbLine
62
7
6
CONTINUOUS
10
111.8755983342
20
230.8276014832
11
109.1246804053
21
230.8276014832
0
LINE
5
6E4
100
AcDbEntity
8
0
100
AcDbLine
62
7
6
CONTINUOUS
10
147.0306010929
20
234.0076014832
11
146.1242933059
21
234.0076014832
0
LINE
5
6E5
100
AcDbEntity
8
0
100
AcDbLine
62
7
6
CONTINUOUS
10
146.1242933059
20
234.0076014832
11
146.0306010929
21
234.0076014832
0
LINE
5
6E6
100
AcDbEntity
8
0
100
AcDbLine
62
7
6
CONTINUOUS
10
135.0306010929
20
234.0076014832
11
129.4306010929
21
234.0076014832
0
LINE
5
6E7
100
AcDbEntity
8
0
100
AcDbLine
62
7
6
CONTINUOUS
10
145.0306010929
20
209.2076014832
11
144.9369088799
21
209.2076014832
0
LINE
5
6E8
100
AcDbEntity
8
0
100
AcDbLine
62
7
6
CONTINUOUS
10
144.9369088799
20
209.2076014832
11
144.0306010929
21
209.2076014832
0
LINE
5
6E9
100
AcDbEntity
8
0
100
AcDbLine
62
7
6
CONTINUOUS
10
135.0306010929
20
209.2076014832
11
129.4306010929
21
209.2076014832
0
LINE
5
6EA
100
AcDbEntity
8
0
100
AcDbLine
62
7
6
CONTINUOUS
10
127.4306010929
20
211.9876014832
11
119.3903786331
21
211.9876014832
0
POLYLINE
5
6EB
100
AcDbEntity
8
0
100
AcDb2dPolyline
62
7
6
CONTINUOUS
66
1
70
0
0
VERTEX
5
6EC
100
AcDbEntity
8
0
100
AcDbVertex
62
7
6
CONTINUOUS
100
AcDb2dVertex
10
108.3906013883
20
211.9876014832
0
VERTEX
5
6ED
100
AcDbEntity
8
0
100
AcDbVertex
62
7
6
CONTINUOUS
100
AcDb2dVertex
10
108.4702032149
20
212.0328893123
0
VERTEX
5
6EE
100
AcDbEntity
8
0
100
AcDbVertex
62
7
6
CONTINUOUS
100
AcDb2dVertex
10
108.7149530639
20
212.1692895303
0
VERTEX
5
6EF
100
AcDbEntity
8
0
100
AcDbVertex
62
7
6
CONTINUOUS
100
AcDb2dVertex
10
109.1246804053
20
212.3876014832
0
SEQEND
5
6F0
100
AcDbEntity
8
0
0
LINE
5
6F1
100
AcDbEntity
8
0
100
AcDbLine
62
7
6
CONTINUOUS
10
108.3907765333
20
211.9876014832
11
105.5306010929
21
211.9876014832
0
LINE
5
6F2
100
AcDbEntity
8
0
100
AcDbLine
62
7
6
CONTINUOUS
10
118.6565217804
20
230.8276014832
11
115.9056038516
21
230.8276014832
0
LINE
5
6F3
100
AcDbEntity
8
0
100
AcDbLine
62
7
6
CONTINUOUS
10
115.9056038516
20
230.8276014832
11
115.8279840038
21
230.8276014832
0
LINE
5
6F4
100
AcDbEntity
8
0
100
AcDbLine
62
7
6
CONTINUOUS
10
115.8279840038
20
230.8276014832
11
115.7472641665
21
230.8276014832
0
LINE
5
6F5
100
AcDbEntity
8
0
100
AcDbLine
62
7
6
CONTINUOUS
10
115.6733291515
20
230.8276014832
11
115.7472641665
21
230.8276014832
0
LINE
5
6F6
100
AcDbEntity
8
0
100
AcDbLine
62
7
6
CONTINUOUS
10
115.8401989120
20
232.6076014532
11
115.8401989827
21
232.6076014566
0
LINE
5
6F7
100
AcDbEntity
8
0
100
AcDbLine
62
7
6
CONTINUOUS
10
111.9409613541
20
210.6076015189
11
111.9409612755
21
210.6076015151
0
POLYLINE
5
6F8
100
AcDbEntity
8
0
100
AcDb2dPolyline
62
7
6
CONTINUOUS
66
1
70
0
0
VERTEX
5
6F9
100
AcDbEntity
8
0
100
AcDbVertex
62
7
6
CONTINUOUS
100
AcDb2dVertex
10
173.3306010929
20
231.2276014832
0
VERTEX
5
6FA
100
AcDbEntity
8
0
100
AcDbVertex
62
7
6
CONTINUOUS
100
AcDb2dVertex
10
173.3306010929
20
231.0427558807
0
VERTEX
5
6FB
100
AcDbEntity
8
0
100
AcDbVertex
62
7
6
CONTINUOUS
100
AcDb2dVertex
10
173.3306010929
20
230.4953225860
0
VERTEX
5
6FC
100
AcDbEntity
8
0
100
AcDbVertex
62
7
6
CONTINUOUS
100
AcDb2dVertex
10
173.3306010929
20
229.6063391536
0
VERTEX
5
6FD
100
AcDbEntity
8
0
100
AcDbVertex
62
7
6
CONTINUOUS
100
AcDb2dVertex
10
173.3306010929
20
228.4099687182
0
VERTEX
5
6FE
100
AcDbEntity
8
0
100
AcDbVertex
62
7
6
CONTINUOUS
100
AcDb2dVertex
10
173.3306010929
20
226.9521871249
0
VERTEX
5
6FF
100
AcDbEntity
8
0
100
AcDbVertex
62
7
6
CONTINUOUS
100
AcDb2dVertex
10
173.3306010929
20
225.2890161026
0
VERTEX
5
700
100
AcDbEntity
8
0
100
AcDbVertex
62
7
6
CONTINUOUS
100
AcDb2dVertex
10
173.3306010929
20
223.4843703810
0
VERTEX
5
701
100
AcDbEntity
8
0
100
AcDbVertex
62
7
6
CONTINUOUS
100
AcDb2dVertex
10
173.3306010929
20
221.6076014832
0
SEQEND
5
702
100
AcDbEntity
8
0
0
LINE
5
703
100
AcDbEntity
8
0
100
AcDbLine
62
9
6
CONTINUOUS
10
116.6906010929
20
229.8358924289
11
116.6379244598
21
230.0707500258
0
LINE
5
704
100
AcDbEntity
8
0
100
AcDbLine
62
9
6
CONTINUOUS
10
116.6379244598
20
230.0707500258
11
116.6282308248
21
230.1139688817
0
POLYLINE
5
705
100
AcDbEntity
8
0
100
AcDb2dPolyline
62
9
6
CONTINUOUS
66
1
70
0
0
VERTEX
5
706
100
AcDbEntity
8
0
100
AcDbVertex
62
9
6
CONTINUOUS
100
AcDb2dVertex
10
116.6282308248
20
230.1139688817
0
VERTEX
5
707
100
AcDbEntity
8
0
100
AcDbVertex
62
9
6
CONTINUOUS
100
AcDb2dVertex
10
116.4438986280
20
230.3796569753
0
VERTEX
5
708
100
AcDbEntity
8
0
100
AcDbVertex
62
9
6
CONTINUOUS
100
AcDb2dVertex
10
116.1458165372
20
230.6211202542
0
VERTEX
5
709
100
AcDbEntity
8
0
100
AcDbVertex
62
9
6
CONTINUOUS
100
AcDb2dVertex
10
115.8720978780
20
230.7629278793
0
SEQEND
5
70A
100
AcDbEntity
8
0
0
LINE
5
70B
100
AcDbEntity
8
0
100
AcDbLine
62
9
6
CONTINUOUS
10
115.8720978780
20
230.7629278793
11
115.7472641665
21
230.8276014832
0
POLYLINE
5
70C
100
AcDbEntity
8
0
100
AcDb2dPolyline
62
7
6
CONTINUOUS
66
1
70
0
0
VERTEX
5
70D
100
AcDbEntity
8
0
100
AcDbVertex
62
7
6
CONTINUOUS
100
AcDb2dVertex
10
111.9409941674
20
232.6076014567
0
VERTEX
5
70E
100
AcDbEntity
8
0
100
AcDbVertex
62
7
6
CONTINUOUS
100
AcDb2dVertex
10
111.9542309115
20
232.6051934687
0
VERTEX
5
70F
100
AcDbEntity
8
0
100
AcDbVertex
62
7
6
CONTINUOUS
100
AcDb2dVertex
10
112.0694270552
20
232.5854963122
0
SEQEND
5
710
100
AcDbEntity
8
0
0
POLYLINE
5
711
100
AcDbEntity
8
0
100
AcDb2dPolyline
62
7
6
CONTINUOUS
66
1
70
0
0
VERTEX
5
712
100
AcDbEntity
8
0
100
AcDbVertex
62
7
6
CONTINUOUS
100
AcDb2dVertex
10
112.0694270552
20
232.5854963122
0
VERTEX
5
713
100
AcDbEntity
8
0
100
AcDbVertex
62
7
6
CONTINUOUS
100
AcDb2dVertex
10
112.2885113806
20
232.5512842019
0
VERTEX
5
714
100
AcDbEntity
8
0
100
AcDbVertex
62
7
6
CONTINUOUS
100
AcDb2dVertex
10
112.6024323982
20
232.5097516650
0
VERTEX
5
715
100
AcDbEntity
8
0
100
AcDbVertex
62
7
6
CONTINUOUS
100
AcDb2dVertex
10
112.9887273684
20
232.4708825813
0
VERTEX
5
716
100
AcDbEntity
8
0
100
AcDbVertex
62
7
6
CONTINUOUS
100
AcDb2dVertex
10
113.4288169884
20
232.4432253489
0
VERTEX
5
717
100
AcDbEntity
8
0
100
AcDbVertex
62
7
6
CONTINUOUS
100
AcDb2dVertex
10
113.8906010929
20
232.4333809009
0
SEQEND
5
718
100
AcDbEntity
8
0
0
POLYLINE
5
719
100
AcDbEntity
8
0
100
AcDb2dPolyline
62
7
6
CONTINUOUS
66
1
70
0
0
VERTEX
5
71A
100
AcDbEntity
8
0
100
AcDbVertex
62
7
6
CONTINUOUS
100
AcDb2dVertex
10
105.5306010929
20
231.2276014832
0
VERTEX
5
71B
100
AcDbEntity
8
0
100
AcDbVertex
62
7
6
CONTINUOUS
100
AcDb2dVertex
10
105.5306010929
20
231.0427558807
0
VERTEX
5
71C
100
AcDbEntity
8
0
100
AcDbVertex
62
7
6
CONTINUOUS
100
AcDb2dVertex
10
105.5306010929
20
230.4953225860
0
VERTEX
5
71D
100
AcDbEntity
8
0
100
AcDbVertex
62
7
6
CONTINUOUS
100
AcDb2dVertex
10
105.5306010929
20
229.6063391536
0
VERTEX
5
71E
100
AcDbEntity
8
0
100
AcDbVertex
62
7
6
CONTINUOUS
100
AcDb2dVertex
10
105.5306010929
20
228.4099687182
0
VERTEX
5
71F
100
AcDbEntity
8
0
100
AcDbVertex
62
7
6
CONTINUOUS
100
AcDb2dVertex
10
105.5306010929
20
226.9521871249
0
VERTEX
5
720
100
AcDbEntity
8
0
100
AcDbVertex
62
7
6
CONTINUOUS
100
AcDb2dVertex
10
105.5306010929
20
225.2890161026
0
VERTEX
5
721
100
AcDbEntity
8
0
100
AcDbVertex
62
7
6
CONTINUOUS
100
AcDb2dVertex
10
105.5306010929
20
223.4843703810
0
VERTEX
5
722
100
AcDbEntity
8
0
100
AcDbVertex
62
7
6
CONTINUOUS
100
AcDb2dVertex
10
105.5306010929
20
221.6076014832
0
SEQEND
5
723
100
AcDbEntity
8
0
0
POLYLINE
5
724
100
AcDbEntity
8
0
100
AcDb2dPolyline
62
7
6
CONTINUOUS
66
1
70
0
0
VERTEX
5
725
100
AcDbEntity
8
0
100
AcDbVertex
62
7
6
CONTINUOUS
100
AcDb2dVertex
10
111.0906010929
20
213.3793105375
0
VERTEX
5
726
100
AcDbEntity
8
0
100
AcDbVertex
62
7
6
CONTINUOUS
100
AcDb2dVertex
10
111.0932805848
20
213.3881202709
0
VERTEX
5
727
100
AcDbEntity
8
0
100
AcDbVertex
62
7
6
CONTINUOUS
100
AcDb2dVertex
10
111.1006010929
20
213.3945694433
0
VERTEX
5
728
100
AcDbEntity
8
0
100
AcDbVertex
62
7
6
CONTINUOUS
100
AcDb2dVertex
10
111.1106010929
20
213.3969300042
0
SEQEND
5
729
100
AcDbEntity
8
0
0
LINE
5
72A
100
AcDbEntity
8
0
100
AcDbLine
62
7
6
CONTINUOUS
10
119.3906006954
20
211.9876014832
11
119.3906006942
21
211.9876014832
0
POLYLINE
5
72B
100
AcDbEntity
8
0
100
AcDb2dPolyline
62
7
6
CONTINUOUS
66
1
70
0
0
VERTEX
5
72C
100
AcDbEntity
8
0
100
AcDbVertex
62
7
6
CONTINUOUS
100
AcDb2dVertex
10
173.3306010929
20
211.9876014832
0
VERTEX
5
72D
100
AcDbEntity
8
0
100
AcDbVertex
62
7
6
CONTINUOUS
100
AcDb2dVertex
10
173.3306010929
20
212.1724470857
0
VERTEX
5
72E
100
AcDbEntity
8
0
100
AcDbVertex
62
7
6
CONTINUOUS
100
AcDb2dVertex
10
173.3306010929
20
212.7198803805
0
VERTEX
5
72F
100
AcDbEntity
8
0
100
AcDbVertex
62
7
6
CONTINUOUS
100
AcDb2dVertex
10
173.3306010929
20
213.6088638129
0
VERTEX
5
730
100
AcDbEntity
8
0
100
AcDbVertex
62
7
6
CONTINUOUS
100
AcDb2dVertex
10
173.3306010929
20
214.8052342482
0
VERTEX
5
731
100
AcDbEntity
8
0
100
AcDbVertex
62
7
6
CONTINUOUS
100
AcDb2dVertex
10
173.3306010929
20
216.2630158416
0
VERTEX
5
732
100
AcDbEntity
8
0
100
AcDbVertex
62
7
6
CONTINUOUS
100
AcDb2dVertex
10
173.3306010929
20
217.9261868639
0
VERTEX
5
733
100
AcDbEntity
8
0
100
AcDbVertex
62
7
6
CONTINUOUS
100
AcDb2dVertex
10
173.3306010929
20
219.7308325854
0
VERTEX
5
734
100
AcDbEntity
8
0
100
AcDbVertex
62
7
6
CONTINUOUS
100
AcDb2dVertex
10
173.3306010929
20
221.6076014832
0
SEQEND
5
735
100
AcDbEntity
8
0
0
POLYLINE
5
736
100
AcDbEntity
8
0
100
AcDb2dPolyline
62
7
6
CONTINUOUS
66
1
70
0
0
VERTEX
5
737
100
AcDbEntity
8
0
100
AcDbVertex
62
7
6
CONTINUOUS
100
AcDb2dVertex
10
116.6906010929
20
213.1326379262
0
VERTEX
5
738
100
AcDbEntity
8
0
100
AcDbVertex
62
7
6
CONTINUOUS
100
AcDb2dVertex
10
116.6445836680
20
212.9051401111
0
VERTEX
5
739
100
AcDbEntity
8
0
100
AcDbVertex
62
7
6
CONTINUOUS
100
AcDb2dVertex
10
116.5032497739
20
212.7027163661
0
VERTEX
5
73A
100
AcDbEntity
8
0
100
AcDbVertex
62
7
6
CONTINUOUS
100
AcDb2dVertex
10
116.2587690898
20
212.5285824293
0
VERTEX
5
73B
100
AcDbEntity
8
0
100
AcDbVertex
62
7
6
CONTINUOUS
100
AcDb2dVertex
10
115.9056038516
20
212.3876014832
0
SEQEND
5
73C
100
AcDbEntity
8
0
0
LINE
5
73D
100
AcDbEntity
8
0
100
AcDbLine
62
9
6
CONTINUOUS
10
111.1106010929
20
213.3969300042
11
116.6706010929
21
213.3969300042
0
LINE
5
73E
100
AcDbEntity
8
0
100
AcDbLine
62
9
6
CONTINUOUS
10
111.1106010929
20
213.3969300042
11
111.1134621672
21
213.3846268241
0
LINE
5
73F
100
AcDbEntity
8
0
100
AcDbLine
62
9
6
CONTINUOUS
10
111.1134621672
20
213.3846268241
11
111.1678823063
21
213.1506095599
0
POLYLINE
5
740
100
AcDbEntity
8
0
100
AcDb2dPolyline
62
9
6
CONTINUOUS
66
1
70
0
0
VERTEX
5
741
100
AcDbEntity
8
0
100
AcDbVertex
62
9
6
CONTINUOUS
100
AcDb2dVertex
10
111.1678823063
20
213.1506095599
0
VERTEX
5
742
100
AcDbEntity
8
0
100
AcDbVertex
62
9
6
CONTINUOUS
100
AcDb2dVertex
10
111.1771128778
20
213.1109162935
0
VERTEX
5
743
100
AcDbEntity
8
0
100
AcDbVertex
62
9
6
CONTINUOUS
100
AcDb2dVertex
10
111.3735040085
20
212.8385496623
0
VERTEX
5
744
100
AcDbEntity
8
0
100
AcDbVertex
62
9
6
CONTINUOUS
100
AcDb2dVertex
10
111.6905144699
20
212.5928237045
0
VERTEX
5
745
100
AcDbEntity
8
0
100
AcDbVertex
62
9
6
CONTINUOUS
100
AcDb2dVertex
10
111.9208240511
20
212.4795766122
0
SEQEND
5
746
100
AcDbEntity
8
0
0
LINE
5
747
100
AcDbEntity
8
0
100
AcDbLine
62
9
6
CONTINUOUS
10
111.9208240511
20
212.4795766122
11
112.0483337501
21
212.4168779500
0
LINE
5
748
100
AcDbEntity
8
0
100
AcDbLine
62
9
6
CONTINUOUS
10
112.0483337501
20
212.4168779500
11
112.1078730343
21
212.3876014832
0
LINE
5
749
100
AcDbEntity
8
0
100
AcDbLine
62
9
6
CONTINUOUS
10
115.6733291515
20
212.3876014832
11
115.7328684356
21
212.4168779500
0
LINE
5
74A
100
AcDbEntity
8
0
100
AcDbLine
62
9
6
CONTINUOUS
10
115.7328684356
20
212.4168779500
11
115.8603781347
21
212.4795766122
0
POLYLINE
5
74B
100
AcDbEntity
8
0
100
AcDb2dPolyline
62
9
6
CONTINUOUS
66
1
70
0
0
VERTEX
5
74C
100
AcDbEntity
8
0
100
AcDbVertex
62
9
6
CONTINUOUS
100
AcDb2dVertex
10
115.8603781347
20
212.4795766122
0
VERTEX
5
74D
100
AcDbEntity
8
0
100
AcDbVertex
62
9
6
CONTINUOUS
100
AcDb2dVertex
10
116.0906877159
20
212.5928237045
0
VERTEX
5
74E
100
AcDbEntity
8
0
100
AcDbVertex
62
9
6
CONTINUOUS
100
AcDb2dVertex
10
116.4076981773
20
212.8385496623
0
VERTEX
5
74F
100
AcDbEntity
8
0
100
AcDbVertex
62
9
6
CONTINUOUS
100
AcDb2dVertex
10
116.6040893080
20
213.1109162935
0
VERTEX
5
750
100
AcDbEntity
8
0
100
AcDbVertex
62
9
6
CONTINUOUS
100
AcDb2dVertex
10
116.6133198795
20
213.1506095599
0
SEQEND
5
751
100
AcDbEntity
8
0
0
LINE
5
752
100
AcDbEntity
8
0
100
AcDbLine
62
9
6
CONTINUOUS
10
116.6133198795
20
213.1506095599
11
116.6677400186
21
213.3846268241
0
LINE
5
753
100
AcDbEntity
8
0
100
AcDbLine
62
9
6
CONTINUOUS
10
116.6677400186
20
213.3846268241
11
116.6706010929
21
213.3969300042
0
LINE
5
754
100
AcDbEntity
8
0
100
AcDbLine
62
9
6
CONTINUOUS
10
111.0906010929
20
213.3793105375
11
111.1432777260
21
213.1444529407
0
LINE
5
755
100
AcDbEntity
8
0
100
AcDbLine
62
9
6
CONTINUOUS
10
111.1432777260
20
213.1444529407
11
111.1529713610
21
213.1012340847
0
POLYLINE
5
756
100
AcDbEntity
8
0
100
AcDb2dPolyline
62
9
6
CONTINUOUS
66
1
70
0
0
VERTEX
5
757
100
AcDbEntity
8
0
100
AcDbVertex
62
9
6
CONTINUOUS
100
AcDb2dVertex
10
111.1529713610
20
213.1012340847
0
VERTEX
5
758
100
AcDbEntity
8
0
100
AcDbVertex
62
9
6
CONTINUOUS
100
AcDb2dVertex
10
111.3373035578
20
212.8355459911
0
VERTEX
5
759
100
AcDbEntity
8
0
100
AcDbVertex
62
9
6
CONTINUOUS
100
AcDb2dVertex
10
111.6353856486
20
212.5940827122
0
VERTEX
5
75A
100
AcDbEntity
8
0
100
AcDbVertex
62
9
6
CONTINUOUS
100
AcDb2dVertex
10
111.9091043078
20
212.4522750871
0
SEQEND
5
75B
100
AcDbEntity
8
0
0
LINE
5
75C
100
AcDbEntity
8
0
100
AcDbLine
62
9
6
CONTINUOUS
10
111.9091043078
20
212.4522750871
11
112.0339380193
21
212.3876014832
0
LINE
5
75D
100
AcDbEntity
8
0
100
AcDbLine
62
9
6
CONTINUOUS
10
115.7472641665
20
212.3876014832
11
115.8720978780
21
212.4522750871
0
POLYLINE
5
75E
100
AcDbEntity
8
0
100
AcDb2dPolyline
62
9
6
CONTINUOUS
66
1
70
0
0
VERTEX
5
75F
100
AcDbEntity
8
0
100
AcDbVertex
62
9
6
CONTINUOUS
100
AcDb2dVertex
10
115.8720978780
20
212.4522750871
0
VERTEX
5
760
100
AcDbEntity
8
0
100
AcDbVertex
62
9
6
CONTINUOUS
100
AcDb2dVertex
10
116.1458165372
20
212.5940827122
0
VERTEX
5
761
100
AcDbEntity
8
0
100
AcDbVertex
62
9
6
CONTINUOUS
100
AcDb2dVertex
10
116.4438986280
20
212.8355459911
0
VERTEX
5
762
100
AcDbEntity
8
0
100
AcDbVertex
62
9
6
CONTINUOUS
100
AcDb2dVertex
10
116.6282308248
20
213.1012340847
0
SEQEND
5
763
100
AcDbEntity
8
0
0
LINE
5
764
100
AcDbEntity
8
0
100
AcDbLine
62
9
6
CONTINUOUS
10
116.6282308248
20
213.1012340847
11
116.6379244598
21
213.1444529407
0
POLYLINE
5
765
100
AcDbEntity
8
0
100
AcDb2dPolyline
62
7
6
CONTINUOUS
66
1
70
0
0
VERTEX
5
766
100
AcDbEntity
8
0
100
AcDbVertex
62
7
6
CONTINUOUS
100
AcDb2dVertex
10
116.6706010929
20
229.8182729622
0
VERTEX
5
767
100
AcDbEntity
8
0
100
AcDbVertex
62
7
6
CONTINUOUS
100
AcDb2dVertex
10
116.6806010929
20
229.8206335231
0
VERTEX
5
768
100
AcDbEntity
8
0
100
AcDbVertex
62
7
6
CONTINUOUS
100
AcDb2dVertex
10
116.6879216010
20
229.8270826955
0
VERTEX
5
769
100
AcDbEntity
8
0
100
AcDbVertex
62
7
6
CONTINUOUS
100
AcDb2dVertex
10
116.6906010929
20
229.8358924289
0
SEQEND
5
76A
100
AcDbEntity
8
0
0
POLYLINE
5
76B
100
AcDbEntity
8
0
100
AcDb2dPolyline
62
7
6
CONTINUOUS
66
1
70
0
0
VERTEX
5
76C
100
AcDbEntity
8
0
100
AcDbVertex
62
7
6
CONTINUOUS
100
AcDb2dVertex
10
116.6906010929
20
213.3793105375
0
VERTEX
5
76D
100
AcDbEntity
8
0
100
AcDbVertex
62
7
6
CONTINUOUS
100
AcDb2dVertex
10
116.6879216010
20
213.3881202709
0
VERTEX
5
76E
100
AcDbEntity
8
0
100
AcDbVertex
62
7
6
CONTINUOUS
100
AcDb2dVertex
10
116.6806010929
20
213.3945694433
0
VERTEX
5
76F
100
AcDbEntity
8
0
100
AcDbVertex
62
7
6
CONTINUOUS
100
AcDb2dVertex
10
116.6706010929
20
213.3969300042
0
SEQEND
5
770
100
AcDbEntity
8
0
0
POLYLINE
5
771
100
AcDbEntity
8
0
100
AcDb2dPolyline
62
7
6
CONTINUOUS
66
1
70
0
0
VERTEX
5
772
100
AcDbEntity
8
0
100
AcDbVertex
62
7
6
CONTINUOUS
100
AcDb2dVertex
10
115.8402307471
20
210.6076015155
0
VERTEX
5
773
100
AcDbEntity
8
0
100
AcDbVertex
62
7
6
CONTINUOUS
100
AcDb2dVertex
10
115.8270821587
20
210.6099899735
0
VERTEX
5
774
100
AcDbEntity
8
0
100
AcDbVertex
62
7
6
CONTINUOUS
100
AcDb2dVertex
10
115.7119681636
20
210.6296746295
0
SEQEND
5
775
100
AcDbEntity
8
0
0
POLYLINE
5
776
100
AcDbEntity
8
0
100
AcDb2dPolyline
62
7
6
CONTINUOUS
66
1
70
0
0
VERTEX
5
777
100
AcDbEntity
8
0
100
AcDbVertex
62
7
6
CONTINUOUS
100
AcDb2dVertex
10
115.7119681636
20
210.6296746295
0
VERTEX
5
778
100
AcDbEntity
8
0
100
AcDbVertex
62
7
6
CONTINUOUS
100
AcDb2dVertex
10
115.4925236637
20
210.6639432318
0
VERTEX
5
779
100
AcDbEntity
8
0
100
AcDbVertex
62
7
6
CONTINUOUS
100
AcDb2dVertex
10
115.1788873556
20
210.7054374093
0
VERTEX
5
77A
100
AcDbEntity
8
0
100
AcDbVertex
62
7
6
CONTINUOUS
100
AcDb2dVertex
10
114.7923734173
20
210.7443288030
0
VERTEX
5
77B
100
AcDbEntity
8
0
100
AcDbVertex
62
7
6
CONTINUOUS
100
AcDb2dVertex
10
114.3526358041
20
210.7719669345
0
VERTEX
5
77C
100
AcDbEntity
8
0
100
AcDbVertex
62
7
6
CONTINUOUS
100
AcDb2dVertex
10
113.8906010929
20
210.7818220655
0
SEQEND
5
77D
100
AcDbEntity
8
0
0
POLYLINE
5
77E
100
AcDbEntity
8
0
100
AcDb2dPolyline
62
7
6
CONTINUOUS
66
1
70
0
0
VERTEX
5
77F
100
AcDbEntity
8
0
100
AcDbVertex
62
7
6
CONTINUOUS
100
AcDb2dVertex
10
111.0906010929
20
230.0825649626
0
VERTEX
5
780
100
AcDbEntity
8
0
100
AcDbVertex
62
7
6
CONTINUOUS
100
AcDb2dVertex
10
111.1364780376
20
230.3097359526
0
VERTEX
5
781
100
AcDbEntity
8
0
100
AcDbVertex
62
7
6
CONTINUOUS
100
AcDb2dVertex
10
111.2779000957
20
230.5124349577
0
VERTEX
5
782
100
AcDbEntity
8
0
100
AcDbVertex
62
7
6
CONTINUOUS
100
AcDb2dVertex
10
111.5227363793
20
230.6867813920
0
VERTEX
5
783
100
AcDbEntity
8
0
100
AcDbVertex
62
7
6
CONTINUOUS
100
AcDb2dVertex
10
111.8755983342
20
230.8276014832
0
SEQEND
5
784
100
AcDbEntity
8
0
0
POLYLINE
5
785
100
AcDbEntity
8
0
100
AcDb2dPolyline
62
7
6
CONTINUOUS
66
1
70
0
0
VERTEX
5
786
100
AcDbEntity
8
0
100
AcDbVertex
62
7
6
CONTINUOUS
100
AcDb2dVertex
10
115.9056038516
20
230.8276014832
0
VERTEX
5
787
100
AcDbEntity
8
0
100
AcDbVertex
62
7
6
CONTINUOUS
100
AcDb2dVertex
10
116.2588449642
20
230.6865802803
0
VERTEX
5
788
100
AcDbEntity
8
0
100
AcDbVertex
62
7
6
CONTINUOUS
100
AcDb2dVertex
10
116.5033237986
20
230.5124135260
0
VERTEX
5
789
100
AcDbEntity
8
0
100
AcDbVertex
62
7
6
CONTINUOUS
100
AcDb2dVertex
10
116.6446058331
20
230.3100113139
0
VERTEX
5
78A
100
AcDbEntity
8
0
100
AcDbVertex
62
7
6
CONTINUOUS
100
AcDb2dVertex
10
116.6906010929
20
230.0825650326
0
SEQEND
5
78B
100
AcDbEntity
8
0
0
POLYLINE
5
78C
100
AcDbEntity
8
0
100
AcDb2dPolyline
62
7
6
CONTINUOUS
66
1
70
0
0
VERTEX
5
78D
100
AcDbEntity
8
0
100
AcDbVertex
62
7
6
CONTINUOUS
100
AcDb2dVertex
10
111.8755983342
20
212.3876014832
0
VERTEX
5
78E
100
AcDbEntity
8
0
100
AcDbVertex
62
7
6
CONTINUOUS
100
AcDb2dVertex
10
111.5228056663
20
212.5283848393
0
VERTEX
5
78F
100
AcDbEntity
8
0
100
AcDbVertex
62
7
6
CONTINUOUS
100
AcDb2dVertex
10
111.2779685844
20
212.7027004038
0
VERTEX
5
790
100
AcDbEntity
8
0
100
AcDbVertex
62
7
6
CONTINUOUS
100
AcDb2dVertex
10
111.1364988356
20
212.9054185803
0
VERTEX
5
791
100
AcDbEntity
8
0
100
AcDbVertex
62
7
6
CONTINUOUS
100
AcDb2dVertex
10
111.0906010929
20
213.1326380038
0
SEQEND
5
792
100
AcDbEntity
8
0
0
POLYLINE
5
793
100
AcDbEntity
8
0
100
AcDb2dPolyline
62
7
6
CONTINUOUS
66
1
70
0
0
VERTEX
5
794
100
AcDbEntity
8
0
100
AcDbVertex
62
7
6
CONTINUOUS
100
AcDb2dVertex
10
111.1106010929
20
229.8182729622
0
VERTEX
5
795
100
AcDbEntity
8
0
100
AcDbVertex
62
7
6
CONTINUOUS
100
AcDb2dVertex
10
111.1006010929
20
229.8206335231
0
VERTEX
5
796
100
AcDbEntity
8
0
100
AcDbVertex
62
7
6
CONTINUOUS
100
AcDb2dVertex
10
111.0932805848
20
229.8270826955
0
VERTEX
5
797
100
AcDbEntity
8
0
100
AcDbVertex
62
7
6
CONTINUOUS
100
AcDb2dVertex
10
111.0906010929
20
229.8358924289
0
SEQEND
5
798
100
AcDbEntity
8
0
0
POLYLINE
5
799
100
AcDbEntity
8
0
100
AcDb2dPolyline
62
9
6
CONTINUOUS
66
1
70
0
0
VERTEX
5
79A
100
AcDbEntity
8
0
100
AcDbVertex
62
9
6
CONTINUOUS
100
AcDb2dVertex
10
111.1106010929
20
213.3969300042
0
VERTEX
5
79B
100
AcDbEntity
8
0
100
AcDbVertex
62
9
6
CONTINUOUS
100
AcDb2dVertex
10
111.1106010929
20
214.3170699892
0
VERTEX
5
79C
100
AcDbEntity
8
0
100
AcDbVertex
62
9
6
CONTINUOUS
100
AcDb2dVertex
10
111.1106010929
20
215.4718799675
0
VERTEX
5
79D
100
AcDbEntity
8
0
100
AcDbVertex
62
9
6
CONTINUOUS
100
AcDb2dVertex
10
111.1106010929
20
216.8241885010
0
VERTEX
5
79E
100
AcDbEntity
8
0
100
AcDbVertex
62
9
6
CONTINUOUS
100
AcDb2dVertex
10
111.1106010929
20
218.3304672032
0
VERTEX
5
79F
100
AcDbEntity
8
0
100
AcDbVertex
62
9
6
CONTINUOUS
100
AcDb2dVertex
10
111.1106010929
20
219.9422309641
0
VERTEX
5
7A0
100
AcDbEntity
8
0
100
AcDbVertex
62
9
6
CONTINUOUS
100
AcDb2dVertex
10
111.1106010929
20
221.6076013052
0
SEQEND
5
7A1
100
AcDbEntity
8
0
0
POLYLINE
5
7A2
100
AcDbEntity
8
0
100
AcDb2dPolyline
62
9
6
CONTINUOUS
66
1
70
0
0
VERTEX
5
7A3
100
AcDbEntity
8
0
100
AcDbVertex
62
9
6
CONTINUOUS
100
AcDb2dVertex
10
111.1106010929
20
221.6076013052
0
VERTEX
5
7A4
100
AcDbEntity
8
0
100
AcDbVertex
62
9
6
CONTINUOUS
100
AcDb2dVertex
10
111.1106010929
20
223.2729692374
0
VERTEX
5
7A5
100
AcDbEntity
8
0
100
AcDbVertex
62
9
6
CONTINUOUS
100
AcDb2dVertex
10
111.1106010929
20
224.8847352483
0
VERTEX
5
7A6
100
AcDbEntity
8
0
100
AcDbVertex
62
9
6
CONTINUOUS
100
AcDb2dVertex
10
111.1106010929
20
226.3910174873
0
VERTEX
5
7A7
100
AcDbEntity
8
0
100
AcDbVertex
62
9
6
CONTINUOUS
100
AcDb2dVertex
10
111.1106010929
20
227.7433203930
0
VERTEX
5
7A8
100
AcDbEntity
8
0
100
AcDbVertex
62
9
6
CONTINUOUS
100
AcDb2dVertex
10
111.1106010929
20
228.8981323330
0
VERTEX
5
7A9
100
AcDbEntity
8
0
100
AcDbVertex
62
9
6
CONTINUOUS
100
AcDb2dVertex
10
111.1106010929
20
229.8182729622
0
SEQEND
5
7AA
100
AcDbEntity
8
0
0
POLYLINE
5
7AB
100
AcDbEntity
8
0
100
AcDb2dPolyline
62
9
6
CONTINUOUS
66
1
70
0
0
VERTEX
5
7AC
100
AcDbEntity
8
0
100
AcDbVertex
62
9
6
CONTINUOUS
100
AcDb2dVertex
10
116.6706010929
20
229.8182729622
0
VERTEX
5
7AD
100
AcDbEntity
8
0
100
AcDbVertex
62
9
6
CONTINUOUS
100
AcDb2dVertex
10
116.6706010929
20
228.8981323330
0
VERTEX
5
7AE
100
AcDbEntity
8
0
100
AcDbVertex
62
9
6
CONTINUOUS
100
AcDb2dVertex
10
116.6706010929
20
227.7433203930
0
VERTEX
5
7AF
100
AcDbEntity
8
0
100
AcDbVertex
62
9
6
CONTINUOUS
100
AcDb2dVertex
10
116.6706010929
20
226.3910174873
0
VERTEX
5
7B0
100
AcDbEntity
8
0
100
AcDbVertex
62
9
6
CONTINUOUS
100
AcDb2dVertex
10
116.6706010929
20
224.8847352483
0
VERTEX
5
7B1
100
AcDbEntity
8
0
100
AcDbVertex
62
9
6
CONTINUOUS
100
AcDb2dVertex
10
116.6706010929
20
223.2729692374
0
VERTEX
5
7B2
100
AcDbEntity
8
0
100
AcDbVertex
62
9
6
CONTINUOUS
100
AcDb2dVertex
10
116.6706010929
20
221.6076014832
0
SEQEND
5
7B3
100
AcDbEntity
8
0
0
POLYLINE
5
7B4
100
AcDbEntity
8
0
100
AcDb2dPolyline
62
9
6
CONTINUOUS
66
1
70
0
0
VERTEX
5
7B5
100
AcDbEntity
8
0
100
AcDbVertex
62
9
6
CONTINUOUS
100
AcDb2dVertex
10
116.6706010929
20
221.6076014832
0
VERTEX
5
7B6
100
AcDbEntity
8
0
100
AcDbVertex
62
9
6
CONTINUOUS
100
AcDb2dVertex
10
116.6706010929
20
221.6076013052
0
VERTEX
5
7B7
100
AcDbEntity
8
0
100
AcDbVertex
62
9
6
CONTINUOUS
100
AcDb2dVertex
10
116.6706010929
20
219.9422309641
0
VERTEX
5
7B8
100
AcDbEntity
8
0
100
AcDbVertex
62
9
6
CONTINUOUS
100
AcDb2dVertex
10
116.6706010929
20
218.3304672032
0
VERTEX
5
7B9
100
AcDbEntity
8
0
100
AcDbVertex
62
9
6
CONTINUOUS
100
AcDb2dVertex
10
116.6706010929
20
216.8241885010
0
VERTEX
5
7BA
100
AcDbEntity
8
0
100
AcDbVertex
62
9
6
CONTINUOUS
100
AcDb2dVertex
10
116.6706010929
20
215.4718799675
0
VERTEX
5
7BB
100
AcDbEntity
8
0
100
AcDbVertex
62
9
6
CONTINUOUS
100
AcDb2dVertex
10
116.6706010929
20
214.3170699892
0
VERTEX
5
7BC
100
AcDbEntity
8
0
100
AcDbVertex
62
9
6
CONTINUOUS
100
AcDb2dVertex
10
116.6706010929
20
213.3969300042
0
SEQEND
5
7BD
100
AcDbEntity
8
0
0
POLYLINE
5
7BE
100
AcDbEntity
8
0
100
AcDb2dPolyline
62
7
6
CONTINUOUS
66
1
70
0
0
VERTEX
5
7BF
100
AcDbEntity
8
0
100
AcDbVertex
62
7
6
CONTINUOUS
100
AcDb2dVertex
10
129.4306010929
20
234.0076014832
0
VERTEX
5
7C0
100
AcDbEntity
8
0
100
AcDbVertex
62
7
6
CONTINUOUS
100
AcDb2dVertex
10
129.4306010929
20
234.0014996024
0
VERTEX
5
7C1
100
AcDbEntity
8
0
100
AcDbVertex
62
7
6
CONTINUOUS
100
AcDb2dVertex
10
129.4306010929
20
233.7544300646
0
VERTEX
5
7C2
100
AcDbEntity
8
0
100
AcDbVertex
62
7
6
CONTINUOUS
100
AcDb2dVertex
10
129.4306010929
20
233.1528452188
0
VERTEX
5
7C3
100
AcDbEntity
8
0
100
AcDbVertex
62
7
6
CONTINUOUS
100
AcDb2dVertex
10
129.4306010929
20
232.2143028197
0
VERTEX
5
7C4
100
AcDbEntity
8
0
100
AcDbVertex
62
7
6
CONTINUOUS
100
AcDb2dVertex
10
129.4306010929
20
230.9661950088
0
VERTEX
5
7C5
100
AcDbEntity
8
0
100
AcDbVertex
62
7
6
CONTINUOUS
100
AcDb2dVertex
10
129.4306010929
20
229.4449488519
0
VERTEX
5
7C6
100
AcDbEntity
8
0
100
AcDbVertex
62
7
6
CONTINUOUS
100
AcDb2dVertex
10
129.4306010929
20
227.6949631852
0
VERTEX
5
7C7
100
AcDbEntity
8
0
100
AcDbVertex
62
7
6
CONTINUOUS
100
AcDb2dVertex
10
129.4306010929
20
225.7673127977
0
VERTEX
5
7C8
100
AcDbEntity
8
0
100
AcDbVertex
62
7
6
CONTINUOUS
100
AcDb2dVertex
10
129.4306010929
20
223.7182577712
0
VERTEX
5
7C9
100
AcDbEntity
8
0
100
AcDbVertex
62
7
6
CONTINUOUS
100
AcDb2dVertex
10
129.4306010929
20
221.6076014832
0
SEQEND
5
7CA
100
AcDbEntity
8
0
0
POLYLINE
5
7CB
100
AcDbEntity
8
0
100
AcDb2dPolyline
62
7
6
CONTINUOUS
66
1
70
0
0
VERTEX
5
7CC
100
AcDbEntity
8
0
100
AcDbVertex
62
7
6
CONTINUOUS
100
AcDb2dVertex
10
105.5306010929
20
211.9876014832
0
VERTEX
5
7CD
100
AcDbEntity
8
0
100
AcDbVertex
62
7
6
CONTINUOUS
100
AcDb2dVertex
10
105.5306010929
20
212.1724470857
0
VERTEX
5
7CE
100
AcDbEntity
8
0
100
AcDbVertex
62
7
6
CONTINUOUS
100
AcDb2dVertex
10
105.5306010929
20
212.7198803805
0
VERTEX
5
7CF
100
AcDbEntity
8
0
100
AcDbVertex
62
7
6
CONTINUOUS
100
AcDb2dVertex
10
105.5306010929
20
213.6088638129
0
VERTEX
5
7D0
100
AcDbEntity
8
0
100
AcDbVertex
62
7
6
CONTINUOUS
100
AcDb2dVertex
10
105.5306010929
20
214.8052342482
0
VERTEX
5
7D1
100
AcDbEntity
8
0
100
AcDbVertex
62
7
6
CONTINUOUS
100
AcDb2dVertex
10
105.5306010929
20
216.2630158416
0
VERTEX
5
7D2
100
AcDbEntity
8
0
100
AcDbVertex
62
7
6
CONTINUOUS
100
AcDb2dVertex
10
105.5306010929
20
217.9261868639
0
VERTEX
5
7D3
100
AcDbEntity
8
0
100
AcDbVertex
62
7
6
CONTINUOUS
100
AcDb2dVertex
10
105.5306010929
20
219.7308325854
0
VERTEX
5
7D4
100
AcDbEntity
8
0
100
AcDbVertex
62
7
6
CONTINUOUS
100
AcDb2dVertex
10
105.5306010929
20
221.6076014832
0
SEQEND
5
7D5
100
AcDbEntity
8
0
0
LINE
5
7D6
100
AcDbEntity
8
0
100
AcDbLine
62
9
6
CONTINUOUS
10
111.1106010929
20
229.8182729622
11
116.6706010929
21
229.8182729622
0
LINE
5
7D7
100
AcDbEntity
8
0
100
AcDbLine
62
9
6
CONTINUOUS
10
112.1078730343
20
230.8276014832
11
112.0483337501
21
230.7983250164
0
LINE
5
7D8
100
AcDbEntity
8
0
100
AcDbLine
62
9
6
CONTINUOUS
10
112.0483337501
20
230.7983250164
11
111.9208240511
21
230.7356263542
0
POLYLINE
5
7D9
100
AcDbEntity
8
0
100
AcDb2dPolyline
62
9
6
CONTINUOUS
66
1
70
0
0
VERTEX
5
7DA
100
AcDbEntity
8
0
100
AcDbVertex
62
9
6
CONTINUOUS
100
AcDb2dVertex
10
111.9208240511
20
230.7356263542
0
VERTEX
5
7DB
100
AcDbEntity
8
0
100
AcDbVertex
62
9
6
CONTINUOUS
100
AcDb2dVertex
10
111.6905144699
20
230.6223792619
0
VERTEX
5
7DC
100
AcDbEntity
8
0
100
AcDbVertex
62
9
6
CONTINUOUS
100
AcDb2dVertex
10
111.3735040085
20
230.3766533041
0
VERTEX
5
7DD
100
AcDbEntity
8
0
100
AcDbVertex
62
9
6
CONTINUOUS
100
AcDb2dVertex
10
111.1771128778
20
230.1042866730
0
VERTEX
5
7DE
100
AcDbEntity
8
0
100
AcDbVertex
62
9
6
CONTINUOUS
100
AcDb2dVertex
10
111.1678823063
20
230.0645934065
0
SEQEND
5
7DF
100
AcDbEntity
8
0
0
LINE
5
7E0
100
AcDbEntity
8
0
100
AcDbLine
62
9
6
CONTINUOUS
10
111.1678823063
20
230.0645934065
11
111.1134621672
21
229.8305761423
0
LINE
5
7E1
100
AcDbEntity
8
0
100
AcDbLine
62
9
6
CONTINUOUS
10
111.1134621672
20
229.8305761423
11
111.1106010929
21
229.8182729622
0
LINE
5
7E2
100
AcDbEntity
8
0
100
AcDbLine
62
9
6
CONTINUOUS
10
116.6706010929
20
229.8182729622
11
116.6677400186
21
229.8305761423
0
LINE
5
7E3
100
AcDbEntity
8
0
100
AcDbLine
62
9
6
CONTINUOUS
10
116.6677400186
20
229.8305761423
11
116.6133198795
21
230.0645934065
0
POLYLINE
5
7E4
100
AcDbEntity
8
0
100
AcDb2dPolyline
62
9
6
CONTINUOUS
66
1
70
0
0
VERTEX
5
7E5
100
AcDbEntity
8
0
100
AcDbVertex
62
9
6
CONTINUOUS
100
AcDb2dVertex
10
116.6133198795
20
230.0645934065
0
VERTEX
5
7E6
100
AcDbEntity
8
0
100
AcDbVertex
62
9
6
CONTINUOUS
100
AcDb2dVertex
10
116.6040893080
20
230.1042866730
0
VERTEX
5
7E7
100
AcDbEntity
8
0
100
AcDbVertex
62
9
6
CONTINUOUS
100
AcDb2dVertex
10
116.4076981773
20
230.3766533041
0
VERTEX
5
7E8
100
AcDbEntity
8
0
100
AcDbVertex
62
9
6
CONTINUOUS
100
AcDb2dVertex
10
116.0906877159
20
230.6223792619
0
VERTEX
5
7E9
100
AcDbEntity
8
0
100
AcDbVertex
62
9
6
CONTINUOUS
100
AcDb2dVertex
10
115.8603781347
20
230.7356263542
0
SEQEND
5
7EA
100
AcDbEntity
8
0
0
LINE
5
7EB
100
AcDbEntity
8
0
100
AcDbLine
62
9
6
CONTINUOUS
10
115.8603781347
20
230.7356263542
11
115.7328684356
21
230.7983250164
0
LINE
5
7EC
100
AcDbEntity
8
0
100
AcDbLine
62
9
6
CONTINUOUS
10
115.7328684356
20
230.7983250164
11
115.6733291515
21
230.8276014832
0
LINE
5
7ED
100
AcDbEntity
8
0
100
AcDbLine
62
9
6
CONTINUOUS
10
112.0339380193
20
230.8276014832
11
111.9091043078
21
230.7629278793
0
POLYLINE
5
7EE
100
AcDbEntity
8
0
100
AcDb2dPolyline
62
9
6
CONTINUOUS
66
1
70
0
0
VERTEX
5
7EF
100
AcDbEntity
8
0
100
AcDbVertex
62
9
6
CONTINUOUS
100
AcDb2dVertex
10
111.9091043078
20
230.7629278793
0
VERTEX
5
7F0
100
AcDbEntity
8
0
100
AcDbVertex
62
9
6
CONTINUOUS
100
AcDb2dVertex
10
111.6353856486
20
230.6211202542
0
VERTEX
5
7F1
100
AcDbEntity
8
0
100
AcDbVertex
62
9
6
CONTINUOUS
100
AcDb2dVertex
10
111.3373035578
20
230.3796569753
0
VERTEX
5
7F2
100
AcDbEntity
8
0
100
AcDbVertex
62
9
6
CONTINUOUS
100
AcDb2dVertex
10
111.1529713610
20
230.1139688817
0
SEQEND
5
7F3
100
AcDbEntity
8
0
0
LINE
5
7F4
100
AcDbEntity
8
0
100
AcDbLine
62
9
6
CONTINUOUS
10
111.1529713610
20
230.1139688817
11
111.1432777260
21
230.0707500258
0
POLYLINE
5
7F5
100
AcDbEntity
8
0
100
AcDb2dPolyline
62
7
6
CONTINUOUS
66
1
70
0
0
VERTEX
5
7F6
100
AcDbEntity
8
0
100
AcDbVertex
62
7
6
CONTINUOUS
100
AcDb2dVertex
10
113.8906010929
20
210.7818220655
0
VERTEX
5
7F7
100
AcDbEntity
8
0
100
AcDbVertex
62
7
6
CONTINUOUS
100
AcDb2dVertex
10
113.4288832297
20
210.7719804403
0
VERTEX
5
7F8
100
AcDbEntity
8
0
100
AcDbVertex
62
7
6
CONTINUOUS
100
AcDb2dVertex
10
112.9885160006
20
210.7443028353
0
VERTEX
5
7F9
100
AcDbEntity
8
0
100
AcDbVertex
62
7
6
CONTINUOUS
100
AcDb2dVertex
10
112.6020036368
20
210.7054006318
0
VERTEX
5
7FA
100
AcDbEntity
8
0
100
AcDbVertex
62
7
6
CONTINUOUS
100
AcDb2dVertex
10
112.2882482302
20
210.6638802378
0
VERTEX
5
7FB
100
AcDbEntity
8
0
100
AcDbVertex
62
7
6
CONTINUOUS
100
AcDb2dVertex
10
112.0706416728
20
210.6299080875
0
VERTEX
5
7FC
100
AcDbEntity
8
0
100
AcDbVertex
62
7
6
CONTINUOUS
100
AcDb2dVertex
10
111.9565342857
20
210.6104148241
0
VERTEX
5
7FD
100
AcDbEntity
8
0
100
AcDbVertex
62
7
6
CONTINUOUS
100
AcDb2dVertex
10
111.9409613541
20
210.6076015189
0
SEQEND
5
7FE
100
AcDbEntity
8
0
0
POLYLINE
5
7FF
100
AcDbEntity
8
0
100
AcDb2dPolyline
62
7
6
CONTINUOUS
66
1
70
0
0
VERTEX
5
800
100
AcDbEntity
8
0
100
AcDbVertex
62
7
6
CONTINUOUS
100
AcDb2dVertex
10
113.8906010929
20
232.4333809009
0
VERTEX
5
801
100
AcDbEntity
8
0
100
AcDbVertex
62
7
6
CONTINUOUS
100
AcDb2dVertex
10
114.3525202582
20
232.4432311057
0
VERTEX
5
802
100
AcDbEntity
8
0
100
AcDbVertex
62
7
6
CONTINUOUS
100
AcDb2dVertex
10
114.7923372832
20
232.4708711640
0
VERTEX
5
803
100
AcDbEntity
8
0
100
AcDbVertex
62
7
6
CONTINUOUS
100
AcDb2dVertex
10
115.1789417432
20
232.5097719841
0
VERTEX
5
804
100
AcDbEntity
8
0
100
AcDbVertex
62
7
6
CONTINUOUS
100
AcDb2dVertex
10
115.4923029297
20
232.5512274259
0
VERTEX
5
805
100
AcDbEntity
8
0
100
AcDbVertex
62
7
6
CONTINUOUS
100
AcDb2dVertex
10
115.7100511501
20
232.5852104447
0
VERTEX
5
806
100
AcDbEntity
8
0
100
AcDbVertex
62
7
6
CONTINUOUS
100
AcDb2dVertex
10
115.8246336599
20
232.6047821206
0
VERTEX
5
807
100
AcDbEntity
8
0
100
AcDbVertex
62
7
6
CONTINUOUS
100
AcDb2dVertex
10
115.8401989120
20
232.6076014532
0
SEQEND
5
808
100
AcDbEntity
8
0
0
POLYLINE
5
809
100
AcDbEntity
8
0
100
AcDb2dPolyline
62
7
6
CONTINUOUS
66
1
70
0
0
VERTEX
5
80A
100
AcDbEntity
8
0
100
AcDbVertex
62
7
6
CONTINUOUS
100
AcDb2dVertex
10
129.4306010929
20
209.2076014832
0
VERTEX
5
80B
100
AcDbEntity
8
0
100
AcDbVertex
62
7
6
CONTINUOUS
100
AcDb2dVertex
10
129.4306010929
20
209.2137033640
0
VERTEX
5
80C
100
AcDbEntity
8
0
100
AcDbVertex
62
7
6
CONTINUOUS
100
AcDb2dVertex
10
129.4306010929
20
209.4607729018
0
VERTEX
5
80D
100
AcDbEntity
8
0
100
AcDbVertex
62
7
6
CONTINUOUS
100
AcDb2dVertex
10
129.4306010929
20
210.0623577476
0
VERTEX
5
80E
100
AcDbEntity
8
0
100
AcDbVertex
62
7
6
CONTINUOUS
100
AcDb2dVertex
10
129.4306010929
20
211.0009001468
0
VERTEX
5
80F
100
AcDbEntity
8
0
100
AcDbVertex
62
7
6
CONTINUOUS
100
AcDb2dVertex
10
129.4306010929
20
212.2490079577
0
VERTEX
5
810
100
AcDbEntity
8
0
100
AcDbVertex
62
7
6
CONTINUOUS
100
AcDb2dVertex
10
129.4306010929
20
213.7702541145
0
VERTEX
5
811
100
AcDbEntity
8
0
100
AcDbVertex
62
7
6
CONTINUOUS
100
AcDb2dVertex
10
129.4306010929
20
215.5202397812
0
VERTEX
5
812
100
AcDbEntity
8
0
100
AcDbVertex
62
7
6
CONTINUOUS
100
AcDb2dVertex
10
129.4306010929
20
217.4478901687
0
VERTEX
5
813
100
AcDbEntity
8
0
100
AcDbVertex
62
7
6
CONTINUOUS
100
AcDb2dVertex
10
129.4306010929
20
219.4969451952
0
VERTEX
5
814
100
AcDbEntity
8
0
100
AcDbVertex
62
7
6
CONTINUOUS
100
AcDb2dVertex
10
129.4306010929
20
221.6076014832
0
SEQEND
5
815
100
AcDbEntity
8
0
0
LINE
5
816
100
AcDbEntity
8
0
100
AcDbLine
62
3
6
CONTINUOUS
10
146.0306010929
20
221.6076014832
11
146.0306010929
21
221.5013310840
0
LINE
5
817
100
AcDbEntity
8
0
100
AcDbLine
62
3
6
CONTINUOUS
10
146.0306010929
20
221.5013310840
11
146.0306010929
21
218.8588183862
0
LINE
5
818
100
AcDbEntity
8
0
100
AcDbLine
62
3
6
CONTINUOUS
10
146.0306010929
20
218.8588183862
11
146.0306010929
21
218.5125150039
0
LINE
5
819
100
AcDbEntity
8
0
100
AcDbLine
62
3
6
CONTINUOUS
10
146.0306010929
20
218.5125150039
11
146.0306010929
21
218.4908710425
0
LINE
5
81A
100
AcDbEntity
8
0
100
AcDbLine
62
3
6
CONTINUOUS
10
146.0306010929
20
218.4908710425
11
146.0306010929
21
217.7886378295
0
LINE
5
81B
100
AcDbEntity
8
0
100
AcDbLine
62
3
6
CONTINUOUS
10
146.0306010929
20
217.7886378295
11
146.0306010929
21
217.3075085503
0
LINE
5
81C
100
AcDbEntity
8
0
100
AcDbLine
62
3
6
CONTINUOUS
10
146.0306010929
20
217.3075085503
11
146.0306010929
21
215.1653053188
0
LINE
5
81D
100
AcDbEntity
8
0
100
AcDbLine
62
3
6
CONTINUOUS
10
146.0306010929
20
215.1653053188
11
146.0306010929
21
213.0276058465
0
LINE
5
81E
100
AcDbEntity
8
0
100
AcDbLine
62
3
6
CONTINUOUS
10
146.0306010929
20
213.0276058465
11
146.0306010929
21
213.0114124857
0
LINE
5
81F
100
AcDbEntity
8
0
100
AcDbLine
62
3
6
CONTINUOUS
10
146.0306010929
20
213.0114124857
11
146.0306010929
21
212.2441793057
0
LINE
5
820
100
AcDbEntity
8
0
100
AcDbLine
62
3
6
CONTINUOUS
10
146.0306010929
20
212.2441793057
11
146.0306010929
21
211.9466615143
0
LINE
5
821
100
AcDbEntity
8
0
100
AcDbLine
62
3
6
CONTINUOUS
10
146.0306010929
20
211.9466615143
11
146.0306010929
21
211.8791024936
0
LINE
5
822
100
AcDbEntity
8
0
100
AcDbLine
62
3
6
CONTINUOUS
10
146.0306010929
20
211.8791024936
11
146.0306010929
21
211.0645355668
0
LINE
5
823
100
AcDbEntity
8
0
100
AcDbLine
62
3
6
CONTINUOUS
10
146.0306010929
20
211.0645355668
11
146.0306010929
21
210.5554876072
0
LINE
5
824
100
AcDbEntity
8
0
100
AcDbLine
62
3
6
CONTINUOUS
10
146.0306010929
20
210.5554876072
11
146.0306010929
21
209.4953962087
0
LINE
5
825
100
AcDbEntity
8
0
100
AcDbLine
62
3
6
CONTINUOUS
10
146.0306010929
20
209.4953962087
11
146.0306010929
21
209.2086421928
0
LINE
5
826
100
AcDbEntity
8
0
100
AcDbLine
62
3
6
CONTINUOUS
10
146.0306010929
20
209.2086421928
11
146.0306010929
21
207.9694490875
0
LINE
5
827
100
AcDbEntity
8
0
100
AcDbLine
62
3
6
CONTINUOUS
10
146.0306010929
20
207.9694490875
11
146.0306010929
21
207.8740773924
0
LINE
5
828
100
AcDbEntity
8
0
100
AcDbLine
62
3
6
CONTINUOUS
10
146.0306010929
20
207.8740773924
11
146.0306010929
21
207.6465685814
0
LINE
5
829
100
AcDbEntity
8
0
100
AcDbLine
62
3
6
CONTINUOUS
10
146.0306010929
20
207.6465685814
11
146.0306010929
21
207.5489389807
0
LINE
5
82A
100
AcDbEntity
8
0
100
AcDbLine
62
3
6
CONTINUOUS
10
146.0306010929
20
207.5489389807
11
146.0306010929
21
207.2076014837
0
LINE
5
82B
100
AcDbEntity
8
0
100
AcDbLine
62
3
6
CONTINUOUS
10
146.0306010929
20
207.2076014837
11
146.0306010929
21
205.7076014832
0
LINE
5
82C
100
AcDbEntity
8
0
100
AcDbLine
62
3
6
CONTINUOUS
10
146.0306010929
20
237.5076014832
11
146.0306010929
21
236.0074095795
0
LINE
5
82D
100
AcDbEntity
8
0
100
AcDbLine
62
3
6
CONTINUOUS
10
146.0306010929
20
236.0074095795
11
146.0306010929
21
235.6662639857
0
LINE
5
82E
100
AcDbEntity
8
0
100
AcDbLine
62
3
6
CONTINUOUS
10
146.0306010929
20
235.6662639857
11
146.0306010929
21
235.5686343850
0
LINE
5
82F
100
AcDbEntity
8
0
100
AcDbLine
62
3
6
CONTINUOUS
10
146.0306010929
20
235.5686343850
11
146.0306010929
21
235.3411255740
0
LINE
5
830
100
AcDbEntity
8
0
100
AcDbLine
62
3
6
CONTINUOUS
10
146.0306010929
20
235.3411255740
11
146.0306010929
21
235.2457538789
0
LINE
5
831
100
AcDbEntity
8
0
100
AcDbLine
62
3
6
CONTINUOUS
10
146.0306010929
20
235.2457538789
11
146.0306010929
21
234.0065607736
0
LINE
5
832
100
AcDbEntity
8
0
100
AcDbLine
62
3
6
CONTINUOUS
10
146.0306010929
20
234.0065607736
11
146.0306010929
21
233.7198067577
0
LINE
5
833
100
AcDbEntity
8
0
100
AcDbLine
62
3
6
CONTINUOUS
10
146.0306010929
20
233.7198067577
11
146.0306010929
21
233.6240197154
0
LINE
5
834
100
AcDbEntity
8
0
100
AcDbLine
62
3
6
CONTINUOUS
10
146.0306010929
20
233.6240197154
11
146.0306010929
21
232.1506673996
0
LINE
5
835
100
AcDbEntity
8
0
100
AcDbLine
62
3
6
CONTINUOUS
10
146.0306010929
20
232.1506673996
11
146.0306010929
21
231.3361004729
0
LINE
5
836
100
AcDbEntity
8
0
100
AcDbLine
62
3
6
CONTINUOUS
10
146.0306010929
20
231.3361004729
11
146.0306010929
21
231.2685414521
0
LINE
5
837
100
AcDbEntity
8
0
100
AcDbLine
62
3
6
CONTINUOUS
10
146.0306010929
20
231.2685414521
11
146.0306010929
21
230.9710236607
0
LINE
5
838
100
AcDbEntity
8
0
100
AcDbLine
62
3
6
CONTINUOUS
10
146.0306010929
20
230.9710236607
11
146.0306010929
21
230.2037904808
0
LINE
5
839
100
AcDbEntity
8
0
100
AcDbLine
62
3
6
CONTINUOUS
10
146.0306010929
20
230.2037904808
11
146.0306010929
21
230.1875971199
0
LINE
5
83A
100
AcDbEntity
8
0
100
AcDbLine
62
3
6
CONTINUOUS
10
146.0306010929
20
230.1875971199
11
146.0306010929
21
225.9076944161
0
LINE
5
83B
100
AcDbEntity
8
0
100
AcDbLine
62
3
6
CONTINUOUS
10
146.0306010929
20
225.9076944161
11
146.0306010929
21
225.4265651369
0
LINE
5
83C
100
AcDbEntity
8
0
100
AcDbLine
62
3
6
CONTINUOUS
10
146.0306010929
20
225.4265651369
11
146.0306010929
21
224.7243319239
0
LINE
5
83D
100
AcDbEntity
8
0
100
AcDbLine
62
3
6
CONTINUOUS
10
146.0306010929
20
224.7243319239
11
146.0306010929
21
224.7026879625
0
LINE
5
83E
100
AcDbEntity
8
0
100
AcDbLine
62
3
6
CONTINUOUS
10
146.0306010929
20
224.7026879625
11
146.0306010929
21
224.3563845802
0
LINE
5
83F
100
AcDbEntity
8
0
100
AcDbLine
62
3
6
CONTINUOUS
10
146.0306010929
20
224.3563845802
11
146.0306010929
21
221.6076014832
0
POLYLINE
5
840
100
AcDbEntity
8
0
100
AcDb2dPolyline
62
3
6
CONTINUOUS
66
1
70
0
0
VERTEX
5
841
100
AcDbEntity
8
0
100
AcDbVertex
62
3
6
CONTINUOUS
100
AcDb2dVertex
10
146.0306010929
20
225.4265651369
0
VERTEX
5
842
100
AcDbEntity
8
0
100
AcDbVertex
62
3
6
CONTINUOUS
100
AcDb2dVertex
10
146.0411510670
20
225.5641713079
0
VERTEX
5
843
100
AcDbEntity
8
0
100
AcDbVertex
62
3
6
CONTINUOUS
100
AcDb2dVertex
10
146.0725867988
20
225.6977620081
0
VERTEX
5
844
100
AcDbEntity
8
0
100
AcDbVertex
62
3
6
CONTINUOUS
100
AcDb2dVertex
10
146.1242933059
20
225.8245485951
0
SEQEND
5
845
100
AcDbEntity
8
0
0
LINE
5
846
100
AcDbEntity
8
0
100
AcDbLine
62
3
6
CONTINUOUS
10
147.0306010929
20
234.2667870044
11
147.0241630993
21
234.2736147545
0
LINE
5
847
100
AcDbEntity
8
0
100
AcDbLine
62
3
6
CONTINUOUS
10
147.0241630993
20
234.2736147545
11
147.0102480684
21
234.2883722021
0
LINE
5
848
100
AcDbEntity
8
0
100
AcDbLine
62
3
6
CONTINUOUS
10
147.0102480684
20
234.2883722021
11
146.9733831099
21
234.3274689672
0
LINE
5
849
100
AcDbEntity
8
0
100
AcDbLine
62
3
6
CONTINUOUS
10
145.0306010929
20
235.8948572914
11
144.8633175869
21
235.9013212691
0
LINE
5
84A
100
AcDbEntity
8
0
100
AcDbLine
62
3
6
CONTINUOUS
10
146.9635909372
20
234.2165003044
11
147.0306010929
21
234.9758851316
0
POLYLINE
5
84B
100
AcDbEntity
8
0
100
AcDb2dPolyline
62
3
6
CONTINUOUS
66
1
70
0
0
VERTEX
5
84C
100
AcDbEntity
8
0
100
AcDbVertex
62
3
6
CONTINUOUS
100
AcDb2dVertex
10
146.1242933059
20
234.0815560361
0
VERTEX
5
84D
100
AcDbEntity
8
0
100
AcDbVertex
62
3
6
CONTINUOUS
100
AcDb2dVertex
10
146.4054628035
20
234.1614046463
0
VERTEX
5
84E
100
AcDbEntity
8
0
100
AcDbVertex
62
3
6
CONTINUOUS
100
AcDb2dVertex
10
146.6853445269
20
234.2065153290
0
VERTEX
5
84F
100
AcDbEntity
8
0
100
AcDbVertex
62
3
6
CONTINUOUS
100
AcDb2dVertex
10
146.9635909372
20
234.2165003044
0
SEQEND
5
850
100
AcDbEntity
8
0
0
POLYLINE
5
851
100
AcDbEntity
8
0
100
AcDb2dPolyline
62
3
6
CONTINUOUS
66
1
70
0
0
VERTEX
5
852
100
AcDbEntity
8
0
100
AcDbVertex
62
3
6
CONTINUOUS
100
AcDb2dVertex
10
146.0306010929
20
234.0065607736
0
VERTEX
5
853
100
AcDbEntity
8
0
100
AcDbVertex
62
3
6
CONTINUOUS
100
AcDb2dVertex
10
146.0411510661
20
234.0360889085
0
VERTEX
5
854
100
AcDbEntity
8
0
100
AcDbVertex
62
3
6
CONTINUOUS
100
AcDb2dVertex
10
146.0725867970
20
234.0613027671
0
VERTEX
5
855
100
AcDbEntity
8
0
100
AcDbVertex
62
3
6
CONTINUOUS
100
AcDb2dVertex
10
146.1242933059
20
234.0815560361
0
SEQEND
5
856
100
AcDbEntity
8
0
0
LINE
5
857
100
AcDbEntity
8
0
100
AcDbLine
62
3
6
CONTINUOUS
10
145.0039242971
20
232.6595252272
11
145.0306010929
21
232.6870703843
0
LINE
5
858
100
AcDbEntity
8
0
100
AcDbLine
62
3
6
CONTINUOUS
10
146.9635840967
20
232.2677288416
11
147.0306010929
21
232.9148620651
0
POLYLINE
5
859
100
AcDbEntity
8
0
100
AcDb2dPolyline
62
3
6
CONTINUOUS
66
1
70
0
0
VERTEX
5
85A
100
AcDbEntity
8
0
100
AcDbVertex
62
3
6
CONTINUOUS
100
AcDb2dVertex
10
146.1242933059
20
231.2440980524
0
VERTEX
5
85B
100
AcDbEntity
8
0
100
AcDbVertex
62
3
6
CONTINUOUS
100
AcDb2dVertex
10
146.4054784931
20
231.6132227185
0
VERTEX
5
85C
100
AcDbEntity
8
0
100
AcDbVertex
62
3
6
CONTINUOUS
100
AcDb2dVertex
10
146.6853601254
20
231.9546782745
0
VERTEX
5
85D
100
AcDbEntity
8
0
100
AcDbVertex
62
3
6
CONTINUOUS
100
AcDb2dVertex
10
146.9635840967
20
232.2677288416
0
SEQEND
5
85E
100
AcDbEntity
8
0
0
POLYLINE
5
85F
100
AcDbEntity
8
0
100
AcDb2dPolyline
62
3
6
CONTINUOUS
66
1
70
0
0
VERTEX
5
860
100
AcDbEntity
8
0
100
AcDbVertex
62
3
6
CONTINUOUS
100
AcDb2dVertex
10
146.0306010929
20
230.9710236607
0
VERTEX
5
861
100
AcDbEntity
8
0
100
AcDbVertex
62
3
6
CONTINUOUS
100
AcDb2dVertex
10
146.0411510671
20
231.0675186984
0
VERTEX
5
862
100
AcDbEntity
8
0
100
AcDbVertex
62
3
6
CONTINUOUS
100
AcDb2dVertex
10
146.0725867991
20
231.1592045531
0
VERTEX
5
863
100
AcDbEntity
8
0
100
AcDbVertex
62
3
6
CONTINUOUS
100
AcDb2dVertex
10
146.1098004125
20
231.2203031277
0
SEQEND
5
864
100
AcDbEntity
8
0
0
LINE
5
865
100
AcDbEntity
8
0
100
AcDbLine
62
3
6
CONTINUOUS
10
146.1098004125
20
231.2203031277
11
146.1242933059
21
231.2440980524
0
LINE
5
866
100
AcDbEntity
8
0
100
AcDbLine
62
3
6
CONTINUOUS
10
145.0039194632
20
228.0498131112
11
145.0306010929
21
228.0993242371
0
LINE
5
867
100
AcDbEntity
8
0
100
AcDbLine
62
3
6
CONTINUOUS
10
146.9635924185
20
227.4627072585
11
147.0306010929
21
227.8240676571
0
POLYLINE
5
868
100
AcDbEntity
8
0
100
AcDb2dPolyline
62
3
6
CONTINUOUS
66
1
70
0
0
VERTEX
5
869
100
AcDbEntity
8
0
100
AcDbVertex
62
3
6
CONTINUOUS
100
AcDb2dVertex
10
146.1242933059
20
225.8245485951
0
VERTEX
5
86A
100
AcDbEntity
8
0
100
AcDbVertex
62
3
6
CONTINUOUS
100
AcDb2dVertex
10
146.4054800354
20
226.3840422053
0
VERTEX
5
86B
100
AcDbEntity
8
0
100
AcDbVertex
62
3
6
CONTINUOUS
100
AcDb2dVertex
10
146.6853633186
20
226.9303549751
0
VERTEX
5
86C
100
AcDbEntity
8
0
100
AcDbVertex
62
3
6
CONTINUOUS
100
AcDb2dVertex
10
146.9635924185
20
227.4627072585
0
SEQEND
5
86D
100
AcDbEntity
8
0
0
LINE
5
86E
100
AcDbEntity
8
0
100
AcDbLine
62
3
6
CONTINUOUS
10
145.0039122119
20
221.7138696781
11
145.0306010929
21
221.7720936494
0
LINE
5
86F
100
AcDbEntity
8
0
100
AcDbLine
62
3
6
CONTINUOUS
10
144.8633175869
20
221.7582630746
11
145.0039122119
21
221.7138696781
0
POLYLINE
5
870
100
AcDbEntity
8
0
100
AcDb2dPolyline
62
3
6
CONTINUOUS
66
1
70
0
0
VERTEX
5
871
100
AcDbEntity
8
0
100
AcDbVertex
62
3
6
CONTINUOUS
100
AcDb2dVertex
10
147.0306010929
20
220.8833210298
0
VERTEX
5
872
100
AcDbEntity
8
0
100
AcDbVertex
62
3
6
CONTINUOUS
100
AcDb2dVertex
10
146.7799041845
20
220.3347941798
0
VERTEX
5
873
100
AcDbEntity
8
0
100
AcDbVertex
62
3
6
CONTINUOUS
100
AcDb2dVertex
10
146.4529720543
20
219.6288241401
0
VERTEX
5
874
100
AcDbEntity
8
0
100
AcDbVertex
62
3
6
CONTINUOUS
100
AcDb2dVertex
10
146.1242933059
20
218.9283590377
0
SEQEND
5
875
100
AcDbEntity
8
0
0
LINE
5
876
100
AcDbEntity
8
0
100
AcDbLine
62
3
6
CONTINUOUS
10
146.1242933059
20
218.9283590377
11
146.0725901875
21
218.7938904780
0
POLYLINE
5
877
100
AcDbEntity
8
0
100
AcDb2dPolyline
62
3
6
CONTINUOUS
66
1
70
0
0
VERTEX
5
878
100
AcDbEntity
8
0
100
AcDbVertex
62
3
6
CONTINUOUS
100
AcDb2dVertex
10
146.0725901875
20
218.7938904780
0
VERTEX
5
879
100
AcDbEntity
8
0
100
AcDbVertex
62
3
6
CONTINUOUS
100
AcDb2dVertex
10
146.0411537188
20
218.6543332477
0
VERTEX
5
87A
100
AcDbEntity
8
0
100
AcDbVertex
62
3
6
CONTINUOUS
100
AcDb2dVertex
10
146.0306010929
20
218.5125150039
0
SEQEND
5
87B
100
AcDbEntity
8
0
0
LINE
5
87C
100
AcDbEntity
8
0
100
AcDbLine
62
3
6
CONTINUOUS
10
145.0306010929
20
214.9114309324
11
144.8633175869
21
214.5912183558
0
POLYLINE
5
87D
100
AcDbEntity
8
0
100
AcDb2dPolyline
62
3
6
CONTINUOUS
66
1
70
0
0
VERTEX
5
87E
100
AcDbEntity
8
0
100
AcDbVertex
62
3
6
CONTINUOUS
100
AcDb2dVertex
10
147.0306010929
20
213.8806538001
0
VERTEX
5
87F
100
AcDbEntity
8
0
100
AcDbVertex
62
3
6
CONTINUOUS
100
AcDb2dVertex
10
146.7799041845
20
213.4104591848
0
VERTEX
5
880
100
AcDbEntity
8
0
100
AcDbVertex
62
3
6
CONTINUOUS
100
AcDb2dVertex
10
146.4529720543
20
212.8264979794
0
VERTEX
5
881
100
AcDbEntity
8
0
100
AcDbVertex
62
3
6
CONTINUOUS
100
AcDb2dVertex
10
146.1242933059
20
212.2683726141
0
SEQEND
5
882
100
AcDbEntity
8
0
0
LINE
5
883
100
AcDbEntity
8
0
100
AcDbLine
62
3
6
CONTINUOUS
10
146.9635930941
20
214.8537876376
11
147.0306010929
21
214.4557840087
0
POLYLINE
5
884
100
AcDbEntity
8
0
100
AcDb2dPolyline
62
3
6
CONTINUOUS
66
1
70
0
0
VERTEX
5
885
100
AcDbEntity
8
0
100
AcDbVertex
62
3
6
CONTINUOUS
100
AcDb2dVertex
10
146.1242933059
20
212.2683726141
0
VERTEX
5
886
100
AcDbEntity
8
0
100
AcDbVertex
62
3
6
CONTINUOUS
100
AcDb2dVertex
10
146.0725901875
20
212.1625583711
0
VERTEX
5
887
100
AcDbEntity
8
0
100
AcDbVertex
62
3
6
CONTINUOUS
100
AcDb2dVertex
10
146.0411537188
20
212.0546115679
0
VERTEX
5
888
100
AcDbEntity
8
0
100
AcDbVertex
62
3
6
CONTINUOUS
100
AcDb2dVertex
10
146.0306010929
20
211.9466615143
0
SEQEND
5
889
100
AcDbEntity
8
0
0
LINE
5
88A
100
AcDbEntity
8
0
100
AcDbLine
62
3
6
CONTINUOUS
10
145.0306010929
20
209.4928146263
11
144.8633175869
21
209.3042078298
0
POLYLINE
5
88B
100
AcDbEntity
8
0
100
AcDb2dPolyline
62
3
6
CONTINUOUS
66
1
70
0
0
VERTEX
5
88C
100
AcDbEntity
8
0
100
AcDbVertex
62
3
6
CONTINUOUS
100
AcDb2dVertex
10
147.0306010929
20
208.9484159621
0
VERTEX
5
88D
100
AcDbEntity
8
0
100
AcDbVertex
62
3
6
CONTINUOUS
100
AcDb2dVertex
10
146.7799041845
20
208.6825418488
0
VERTEX
5
88E
100
AcDbEntity
8
0
100
AcDbVertex
62
3
6
CONTINUOUS
100
AcDb2dVertex
10
146.4529720543
20
208.3770614113
0
VERTEX
5
88F
100
AcDbEntity
8
0
100
AcDbVertex
62
3
6
CONTINUOUS
100
AcDb2dVertex
10
146.1242933059
20
208.1108250239
0
SEQEND
5
890
100
AcDbEntity
8
0
0
LINE
5
891
100
AcDbEntity
8
0
100
AcDbLine
62
3
6
CONTINUOUS
10
146.9635799859
20
210.4286507157
11
147.0306010929
21
209.7603155761
0
POLYLINE
5
892
100
AcDbEntity
8
0
100
AcDb2dPolyline
62
3
6
CONTINUOUS
66
1
70
0
0
VERTEX
5
893
100
AcDbEntity
8
0
100
AcDbVertex
62
3
6
CONTINUOUS
100
AcDb2dVertex
10
146.1242933059
20
208.1108250239
0
VERTEX
5
894
100
AcDbEntity
8
0
100
AcDbVertex
62
3
6
CONTINUOUS
100
AcDb2dVertex
10
146.0725901875
20
208.0620179386
0
VERTEX
5
895
100
AcDbEntity
8
0
100
AcDbVertex
62
3
6
CONTINUOUS
100
AcDb2dVertex
10
146.0411537188
20
208.0146058213
0
VERTEX
5
896
100
AcDbEntity
8
0
100
AcDbVertex
62
3
6
CONTINUOUS
100
AcDb2dVertex
10
146.0306010929
20
207.9694490875
0
SEQEND
5
897
100
AcDbEntity
8
0
0
LINE
5
898
100
AcDbEntity
8
0
100
AcDbLine
62
3
6
CONTINUOUS
10
145.0306010929
20
207.3203456750
11
144.8633175869
21
207.3138816974
0
LINE
5
899
100
AcDbEntity
8
0
100
AcDbLine
62
3
6
CONTINUOUS
10
146.9733831099
20
208.8877339992
11
147.0306010929
21
208.2393178348
0
POLYLINE
5
89A
100
AcDbEntity
8
0
100
AcDb2dPolyline
62
3
6
CONTINUOUS
66
1
70
0
0
VERTEX
5
89B
100
AcDbEntity
8
0
100
AcDbVertex
62
3
6
CONTINUOUS
100
AcDb2dVertex
10
146.1242933059
20
232.4251354969
0
VERTEX
5
89C
100
AcDbEntity
8
0
100
AcDbVertex
62
3
6
CONTINUOUS
100
AcDb2dVertex
10
146.0725901875
20
232.3394740226
0
VERTEX
5
89D
100
AcDbEntity
8
0
100
AcDbVertex
62
3
6
CONTINUOUS
100
AcDb2dVertex
10
146.0411537188
20
232.2473289097
0
VERTEX
5
89E
100
AcDbEntity
8
0
100
AcDbVertex
62
3
6
CONTINUOUS
100
AcDb2dVertex
10
146.0306010929
20
232.1506673996
0
SEQEND
5
89F
100
AcDbEntity
8
0
0
POLYLINE
5
8A0
100
AcDbEntity
8
0
100
AcDb2dPolyline
62
3
6
CONTINUOUS
66
1
70
0
0
VERTEX
5
8A1
100
AcDbEntity
8
0
100
AcDbVertex
62
3
6
CONTINUOUS
100
AcDb2dVertex
10
147.0306010929
20
235.8070063052
0
VERTEX
5
8A2
100
AcDbEntity
8
0
100
AcDbVertex
62
3
6
CONTINUOUS
100
AcDb2dVertex
10
146.7799041845
20
235.7973191624
0
VERTEX
5
8A3
100
AcDbEntity
8
0
100
AcDbVertex
62
3
6
CONTINUOUS
100
AcDb2dVertex
10
146.4529720543
20
235.7424655956
0
VERTEX
5
8A4
100
AcDbEntity
8
0
100
AcDbVertex
62
3
6
CONTINUOUS
100
AcDb2dVertex
10
146.1242933059
20
235.6454751800
0
SEQEND
5
8A5
100
AcDbEntity
8
0
0
LINE
5
8A6
100
AcDbEntity
8
0
100
AcDbLine
62
3
6
CONTINUOUS
10
144.8633175869
20
228.8849381417
11
145.0039194632
21
228.0498131112
0
LINE
5
8A7
100
AcDbEntity
8
0
100
AcDbLine
62
3
6
CONTINUOUS
10
145.0306010929
20
229.1986867406
11
144.8633175869
21
228.8849381417
0
LINE
5
8A8
100
AcDbEntity
8
0
100
AcDbLine
62
9
6
CONTINUOUS
10
146.1242933059
20
234.0076014832
11
146.1242933059
21
234.0815560361
0
LINE
5
8A9
100
AcDbEntity
8
0
100
AcDbLine
62
9
6
CONTINUOUS
10
146.1242933059
20
234.0815560361
11
146.1242933059
21
235.6454751800
0
POLYLINE
5
8AA
100
AcDbEntity
8
0
100
AcDb2dPolyline
62
3
6
CONTINUOUS
66
1
70
0
0
VERTEX
5
8AB
100
AcDbEntity
8
0
100
AcDbVertex
62
3
6
CONTINUOUS
100
AcDb2dVertex
10
147.0306010929
20
228.0800586221
0
VERTEX
5
8AC
100
AcDbEntity
8
0
100
AcDbVertex
62
3
6
CONTINUOUS
100
AcDb2dVertex
10
146.7799041845
20
227.6001768639
0
VERTEX
5
8AD
100
AcDbEntity
8
0
100
AcDbVertex
62
3
6
CONTINUOUS
100
AcDb2dVertex
10
146.4529720543
20
226.9613620918
0
VERTEX
5
8AE
100
AcDbEntity
8
0
100
AcDbVertex
62
3
6
CONTINUOUS
100
AcDb2dVertex
10
146.1242933059
20
226.3062463108
0
SEQEND
5
8AF
100
AcDbEntity
8
0
0
POLYLINE
5
8B0
100
AcDbEntity
8
0
100
AcDb2dPolyline
62
3
6
CONTINUOUS
66
1
70
0
0
VERTEX
5
8B1
100
AcDbEntity
8
0
100
AcDbVertex
62
3
6
CONTINUOUS
100
AcDb2dVertex
10
146.1242933059
20
235.6454751800
0
VERTEX
5
8B2
100
AcDbEntity
8
0
100
AcDbVertex
62
3
6
CONTINUOUS
100
AcDb2dVertex
10
146.0725901875
20
235.6241972886
0
VERTEX
5
8B3
100
AcDbEntity
8
0
100
AcDbVertex
62
3
6
CONTINUOUS
100
AcDb2dVertex
10
146.0411537188
20
235.5983706815
0
VERTEX
5
8B4
100
AcDbEntity
8
0
100
AcDbVertex
62
3
6
CONTINUOUS
100
AcDb2dVertex
10
146.0306010929
20
235.5686343850
0
SEQEND
5
8B5
100
AcDbEntity
8
0
0
LINE
5
8B6
100
AcDbEntity
8
0
100
AcDbLine
62
9
6
CONTINUOUS
10
146.1242933059
20
226.3062463108
11
146.1242933059
21
225.8245485951
0
LINE
5
8B7
100
AcDbEntity
8
0
100
AcDbLine
62
3
6
CONTINUOUS
10
144.8633175869
20
234.0616567280
11
145.0039242971
21
232.6595252272
0
POLYLINE
5
8B8
100
AcDbEntity
8
0
100
AcDb2dPolyline
62
3
6
CONTINUOUS
66
1
70
0
0
VERTEX
5
8B9
100
AcDbEntity
8
0
100
AcDbVertex
62
3
6
CONTINUOUS
100
AcDb2dVertex
10
146.1242933059
20
226.3062463108
0
VERTEX
5
8BA
100
AcDbEntity
8
0
100
AcDbVertex
62
3
6
CONTINUOUS
100
AcDb2dVertex
10
146.0725901875
20
226.1791541765
0
VERTEX
5
8BB
100
AcDbEntity
8
0
100
AcDbVertex
62
3
6
CONTINUOUS
100
AcDb2dVertex
10
146.0411537188
20
226.0453807662
0
VERTEX
5
8BC
100
AcDbEntity
8
0
100
AcDbVertex
62
3
6
CONTINUOUS
100
AcDb2dVertex
10
146.0306010929
20
225.9076944161
0
SEQEND
5
8BD
100
AcDbEntity
8
0
0
LINE
5
8BE
100
AcDbEntity
8
0
100
AcDbLine
62
3
6
CONTINUOUS
10
145.0306010929
20
234.2390675869
11
144.8633175869
21
234.0616567280
0
LINE
5
8BF
100
AcDbEntity
8
0
100
AcDbLine
62
3
6
CONTINUOUS
10
144.8633175869
20
235.9013212691
11
144.9220121703
21
235.2361717009
0
LINE
5
8C0
100
AcDbEntity
8
0
100
AcDbLine
62
3
6
CONTINUOUS
10
144.9220121703
20
235.2361717009
11
144.9336672472
21
235.1040918921
0
LINE
5
8C1
100
AcDbEntity
8
0
100
AcDbLine
62
3
6
CONTINUOUS
10
145.0306010929
20
222.1242807300
11
144.8633175869
21
221.7582630746
0
POLYLINE
5
8C2
100
AcDbEntity
8
0
100
AcDb2dPolyline
62
3
6
CONTINUOUS
66
1
70
0
0
VERTEX
5
8C3
100
AcDbEntity
8
0
100
AcDbVertex
62
3
6
CONTINUOUS
100
AcDb2dVertex
10
147.0306010929
20
233.5425065510
0
VERTEX
5
8C4
100
AcDbEntity
8
0
100
AcDbVertex
62
3
6
CONTINUOUS
100
AcDb2dVertex
10
146.7799041845
20
233.2598538142
0
VERTEX
5
8C5
100
AcDbEntity
8
0
100
AcDbVertex
62
3
6
CONTINUOUS
100
AcDb2dVertex
10
146.4529720543
20
232.8593642120
0
VERTEX
5
8C6
100
AcDbEntity
8
0
100
AcDbVertex
62
3
6
CONTINUOUS
100
AcDb2dVertex
10
146.1242933059
20
232.4251354969
0
SEQEND
5
8C7
100
AcDbEntity
8
0
0
LINE
5
8C8
100
AcDbEntity
8
0
100
AcDbLine
62
9
6
CONTINUOUS
10
146.1242933059
20
232.4251354969
11
146.1242933059
21
231.2440980524
0
DIMENSION
5
8C9
100
AcDbEntity
8
ZEICHNUNGSBEMAßUNGEN
100
AcDbDimension
62
2
6
CONTINUOUS
2
*D0
10
33.5505975096
20
266.4068679268
11
60.9348285272
21
269.0627345846
100
AcDbAlignedDimension
13
85.5505975096
23
246.1076014832
14
33.5505975096
24
246.1076014832
50
180.000000
100
AcDbRotatedDimension
0
DIMENSION
5
8CA
100
AcDbEntity
8
ZEICHNUNGSBEMAßUNGEN
100
AcDbDimension
62
2
6
CONTINUOUS
2
*D1
10
173.4306010929
20
266.4068679268
11
141.8035315843
21
269.0627345846
100
AcDbAlignedDimension
13
105.4306010929
23
222.1076014832
14
173.4306010929
24
222.1076014832
100
AcDbRotatedDimension
0
DIMENSION
5
8CB
100
AcDbEntity
8
ZEICHNUNGSBEMAßUNGEN
100
AcDbDimension
62
2
6
CONTINUOUS
2
*D2
10
173.0306010929
20
256.7149643166
11
144.1497301199
21
259.3708309745
100
AcDbAlignedDimension
13
163.6306010929
23
253.1076014832
14
173.0306010929
24
244.7464775993
100
AcDbRotatedDimension
0
DIMENSION
5
8CC
100
AcDbEntity
8
ZEICHNUNGSBEMAßUNGEN
100
AcDbDimension
62
2
6
CONTINUOUS
2
*D3
10
124.3298324823
20
144.1074342989
11
105.1306427651
21
146.7633009568
100
AcDbAlignedDimension
13
86.3298324823
23
136.8311475410
14
124.3298324823
24
88.8311475410
100
AcDbRotatedDimension
0
DIMENSION
5
8CD
100
AcDbEntity
8
ZEICHNUNGSBEMAßUNGEN
100
AcDbDimension
62
2
6
CONTINUOUS
2
*D4
10
64.8947819820
20
83.3311475410
11
62.2389153242
21
110.1584267632
100
AcDbAlignedDimension
13
80.8298324823
23
131.3311475410
14
118.8298324823
24
83.3311475410
50
270.000000
100
AcDbRotatedDimension
0
DIMENSION
5
8CE
100
AcDbEntity
8
ZEICHNUNGSBEMAßUNGEN
100
AcDbDimension
62
2
6
CONTINUOUS
2
*D5
10
124.7331682404
20
120.7650807498
11
146.8893790271
21
139.3352644280
70
3
100
AcDbDiametricDimension
15
85.9264967243
25
93.8972143321
0
DIMENSION
5
8CF
100
AcDbEntity
8
ZEICHNUNGSBEMAßUNGEN
100
AcDbDimension
62
2
6
CONTINUOUS
2
*D6
10
127.1311442067
20
85.2579720329
11
146.3575669740
21
101.7059412352
70
3
100
AcDbDiametricDimension
15
121.5285207579
25
81.4043230491
0
DIMENSION
5
8D0
100
AcDbEntity
8
ZEICHNUNGSBEMAßUNGEN
100
AcDbDimension
62
2
6
CONTINUOUS
2
*D7
10
21.9995697752
20
190.6076014832
11
19.3437031173
21
221.6302622998
100
AcDbAlignedDimension
13
40.0505975096
23
252.6076014832
14
40.0505975096
24
190.6076014832
50
270.000000
100
AcDbRotatedDimension
0
LINE
5
8D1
100
AcDbEntity
8
DEFAULT_1
100
AcDbLine
62
2
6
CENTER
10
63.9505975096
20
221.6076014832
11
87.8039344262
21
221.6076014832
0
LINE
5
8D2
100
AcDbEntity
8
DEFAULT_1
100
AcDbLine
62
2
6
CENTER
10
55.1505975096
20
221.6076014832
11
31.4587082326
21
221.6076014832
0
LINE
5
8D3
100
AcDbEntity
8
DEFAULT_1
100
AcDbLine
62
2
6
CENTER
10
59.5505975096
20
226.0076014832
11
59.5505975096
21
254.5549977605
0
LINE
5
8D4
100
AcDbEntity
8
DEFAULT_1
100
AcDbLine
62
2
6
CENTER
10
59.5505975096
20
217.2076014832
11
59.5505975096
21
188.6843608349
0
LINE
5
8D5
100
AcDbEntity
8
0
100
AcDbLine
62
2
6
CONTINUOUS
10
58.6705975096
20
221.6076014832
11
60.4305975096
21
221.6076014832
0
LINE
5
8D6
100
AcDbEntity
8
0
100
AcDbLine
62
2
6
CONTINUOUS
10
60.4305975096
20
221.6076014832
11
58.6705975096
21
221.6076014832
0
LINE
5
8D7
100
AcDbEntity
8
0
100
AcDbLine
62
2
6
CONTINUOUS
10
59.5505975096
20
220.7276014832
11
59.5505975096
21
222.4876014832
0
LINE
5
8D8
100
AcDbEntity
8
0
100
AcDbLine
62
2
6
CONTINUOUS
10
59.5505975096
20
222.4876014832
11
59.5505975096
21
220.7276014832
0
LINE
5
8D9
100
AcDbEntity
8
DEFAULT_1
100
AcDbLine
62
2
6
CENTER
10
173.4306010929
20
221.6076014832
11
102.4306010929
21
221.6076014832
0
LINE
5
8DA
100
AcDbEntity
8
DEFAULT_1
100
AcDbLine
62
2
6
CENTER
10
173.4306010929
20
221.6076014832
11
176.4306010929
21
221.6076014832
0
LINE
5
8DB
100
AcDbEntity
8
DEFAULT_1
100
AcDbLine
62
2
6
CENTER
10
44.9505975096
20
245.6076014832
11
49.5505975096
21
245.6076014832
0
LINE
5
8DC
100
AcDbEntity
8
DEFAULT_1
100
AcDbLine
62
2
6
CENTER
10
36.1505975096
20
245.6076014832
11
31.5505975096
21
245.6076014832
0
LINE
5
8DD
100
AcDbEntity
8
DEFAULT_1
100
AcDbLine
62
2
6
CENTER
10
40.5505975096
20
250.0076014832
11
40.5505975096
21
254.6076014832
0
LINE
5
8DE
100
AcDbEntity
8
DEFAULT_1
100
AcDbLine
62
2
6
CENTER
10
40.5505975096
20
241.2076014832
11
40.5505975096
21
236.6076014832
0
LINE
5
8DF
100
AcDbEntity
8
0
100
AcDbLine
62
2
6
CONTINUOUS
10
39.6705975096
20
245.6076014832
11
41.4305975096
21
245.6076014832
0
LINE
5
8E0
100
AcDbEntity
8
0
100
AcDbLine
62
2
6
CONTINUOUS
10
41.4305975096
20
245.6076014832
11
39.6705975096
21
245.6076014832
0
LINE
5
8E1
100
AcDbEntity
8
0
100
AcDbLine
62
2
6
CONTINUOUS
10
40.5505975096
20
244.7276014832
11
40.5505975096
21
246.4876014832
0
LINE
5
8E2
100
AcDbEntity
8
0
100
AcDbLine
62
2
6
CONTINUOUS
10
40.5505975096
20
246.4876014832
11
40.5505975096
21
244.7276014832
0
LINE
5
8E3
100
AcDbEntity
8
DEFAULT_1
100
AcDbLine
62
2
6
CENTER
10
82.9505975096
20
197.6076014832
11
87.5505975096
21
197.6076014832
0
LINE
5
8E4
100
AcDbEntity
8
DEFAULT_1
100
AcDbLine
62
2
6
CENTER
10
74.1505975096
20
197.6076014832
11
69.5505975096
21
197.6076014832
0
LINE
5
8E5
100
AcDbEntity
8
DEFAULT_1
100
AcDbLine
62
2
6
CENTER
10
78.5505975096
20
202.0076014832
11
78.5505975096
21
206.6076014832
0
LINE
5
8E6
100
AcDbEntity
8
DEFAULT_1
100
AcDbLine
62
2
6
CENTER
10
78.5505975096
20
193.2076014832
11
78.5505975096
21
188.6076014832
0
LINE
5
8E7
100
AcDbEntity
8
0
100
AcDbLine
62
2
6
CONTINUOUS
10
77.6705975096
20
197.6076014832
11
79.4305975096
21
197.6076014832
0
LINE
5
8E8
100
AcDbEntity
8
0
100
AcDbLine
62
2
6
CONTINUOUS
10
79.4305975096
20
197.6076014832
11
77.6705975096
21
197.6076014832
0
LINE
5
8E9
100
AcDbEntity
8
0
100
AcDbLine
62
2
6
CONTINUOUS
10
78.5505975096
20
196.7276014832
11
78.5505975096
21
198.4876014832
0
LINE
5
8EA
100
AcDbEntity
8
0
100
AcDbLine
62
2
6
CONTINUOUS
10
78.5505975096
20
198.4876014832
11
78.5505975096
21
196.7276014832
0
LINE
5
8EB
100
AcDbEntity
8
0
100
AcDbLine
62
7
6
CONTINUOUS
10
72.0000000000
20
51.0000000000
11
205.0000000000
21
51.0000000000
0
LINE
5
8EC
100
AcDbEntity
8
0
100
AcDbLine
62
7
6
CONTINUOUS
10
72.0000000000
20
51.0000000000
11
72.0000000000
21
5.0000000000
0
LINE
5
8ED
100
AcDbEntity
8
0
100
AcDbLine
62
7
6
CONTINUOUS
10
154.0000000000
20
46.0000000000
11
205.0000000000
21
46.0000000000
0
LINE
5
8EE
100
AcDbEntity
8
0
100
AcDbLine
62
7
6
CONTINUOUS
10
72.0000000000
20
41.0000000000
11
113.0000000000
21
41.0000000000
0
LINE
5
8EF
100
AcDbEntity
8
0
100
AcDbLine
62
7
6
CONTINUOUS
10
154.0000000000
20
41.0000000000
11
205.0000000000
21
41.0000000000
0
LINE
5
8F0
100
AcDbEntity
8
0
100
AcDbLine
62
7
6
CONTINUOUS
10
154.0000000000
20
36.0000000000
11
205.0000000000
21
36.0000000000
0
LINE
5
8F1
100
AcDbEntity
8
0
100
AcDbLine
62
7
6
CONTINUOUS
10
72.0000000000
20
31.0000000000
11
205.0000000000
21
31.0000000000
0
LINE
5
8F2
100
AcDbEntity
8
0
100
AcDbLine
62
7
6
CONTINUOUS
10
154.0000000000
20
23.0000000000
11
205.0000000000
21
23.0000000000
0
LINE
5
8F3
100
AcDbEntity
8
0
100
AcDbLine
62
7
6
CONTINUOUS
10
72.0000000000
20
14.0000000000
11
205.0000000000
21
14.0000000000
0
LINE
5
8F4
100
AcDbEntity
8
0
100
AcDbLine
62
7
6
CONTINUOUS
10
72.0000000000
20
5.0000000000
11
205.0000000000
21
5.0000000000
0
LINE
5
8F5
100
AcDbEntity
8
0
100
AcDbLine
62
7
6
CONTINUOUS
10
113.0000000000
20
51.0000000000
11
113.0000000000
21
31.0000000000
0
LINE
5
8F6
100
AcDbEntity
8
0
100
AcDbLine
62
7
6
CONTINUOUS
10
136.0000000000
20
51.0000000000
11
136.0000000000
21
31.0000000000
0
LINE
5
8F7
100
AcDbEntity
8
0
100
AcDbLine
62
7
6
CONTINUOUS
10
154.0000000000
20
51.0000000000
11
154.0000000000
21
5.0000000000
0
LINE
5
8F8
100
AcDbEntity
8
0
100
AcDbLine
62
7
6
CONTINUOUS
10
173.0000000000
20
51.0000000000
11
173.0000000000
21
31.0000000000
0
LINE
5
8F9
100
AcDbEntity
8
0
100
AcDbLine
62
7
6
CONTINUOUS
10
188.0000000000
20
51.0000000000
11
188.0000000000
21
14.0000000000
0
LINE
5
8FA
100
AcDbEntity
8
0
100
AcDbLine
62
7
6
CONTINUOUS
10
205.0000000000
20
51.0000000000
11
205.0000000000
21
5.0000000000
0
TEXT
5
8FB
100
AcDbEntity
8
0
100
AcDbText
62
2
6
CONTINUOUS
10
72.0625000000
20
46.4658742812
40
1.8000000000
1
 Allgemeintoleranzen
51
15.0000000000
72
5
11
96.6625000000
21
46.4658742812
100
AcDbText
0
TEXT
5
8FC
100
AcDbEntity
8
0
100
AcDbText
62
2
6
CONTINUOUS
10
72.0625000000
20
43.6706285941
40
1.8000000000
1
 ISO 2768-m
51
15.0000000000
72
5
11
87.4910714286
21
43.6706285941
100
AcDbText
0
TEXT
5
8FD
100
AcDbEntity
8
0
100
AcDbText
62
2
6
CONTINUOUS
10
117.9285714286
20
47.4647238196
40
2.0000000000
1
Werkstoff
51
15.0000000000
72
5
11
131.0714285714
21
47.4647238196
100
AcDbText
0
TEXT
5
8FE
100
AcDbEntity
8
0
100
AcDbText
62
2
6
CONTINUOUS
10
138.9285714286
20
47.4647238196
40
2.0000000000
1
Massstab:
51
15.0000000000
72
5
11
151.0714285714
21
47.4647238196
100
AcDbText
0
TEXT
5
8FF
100
AcDbEntity
8
0
100
AcDbText
62
2
6
CONTINUOUS
10
176.6666666667
20
47.4647238196
40
2.0000000000
1
Datum
51
15.0000000000
72
5
11
184.3333333333
21
47.4647238196
100
AcDbText
0
TEXT
5
900
100
AcDbEntity
8
0
100
AcDbText
62
2
6
CONTINUOUS
10
193.3571428571
20
47.4647238196
40
2.0000000000
1
Name
51
15.0000000000
72
5
11
199.6428571429
21
47.4647238196
100
AcDbText
0
TEXT
5
901
100
AcDbEntity
8
0
100
AcDbText
62
2
6
CONTINUOUS
10
154.0625000000
20
42.4647238196
40
2.0000000000
1
 Gezeichnet
51
15.0000000000
72
5
11
169.2529761905
21
42.4647238196
100
AcDbText
0
TEXT
5
902
100
AcDbEntity
8
0
100
AcDbText
62
2
6
CONTINUOUS
10
175.2857142857
20
42.4647238196
40
2.0000000000
1
11.12.02
51
15.0000000000
72
5
11
185.7142857143
21
42.4647238196
100
AcDbText
0
TEXT
5
903
100
AcDbEntity
8
0
100
AcDbText
62
2
6
CONTINUOUS
10
193.0000000000
20
42.4647238196
40
2.0000000000
1
Stupp
51
15.0000000000
72
5
11
200.0000000000
21
42.4647238196
100
AcDbText
0
TEXT
5
904
100
AcDbEntity
8
0
100
AcDbText
62
2
6
CONTINUOUS
10
72.0625000000
20
36.4658742812
40
1.8000000000
1
 Zeichnung urheberrechtlich
51
15.0000000000
72
5
11
105.0625000000
21
36.4658742812
100
AcDbText
0
TEXT
5
905
100
AcDbEntity
8
0
100
AcDbText
62
2
6
CONTINUOUS
10
72.0625000000
20
33.6706285941
40
1.8000000000
1
 geschuetzt (DIN 34) (C)
51
15.0000000000
72
5
11
101.4196428571
21
33.6706285941
100
AcDbText
0
TEXT
5
906
100
AcDbEntity
8
0
100
AcDbText
62
2
6
CONTINUOUS
10
142.0000000000
20
37.2984083686
40
3.5000000000
1
2:1
51
15.0000000000
72
5
11
148.0000000000
21
37.2984083686
100
AcDbText
0
TEXT
5
907
100
AcDbEntity
8
0
100
AcDbText
62
2
6
CONTINUOUS
10
154.0625000000
20
37.4647238196
40
2.0000000000
1
 Freigegeben
51
15.0000000000
72
5
11
170.8244047619
21
37.4647238196
100
AcDbText
0
TEXT
5
908
100
AcDbEntity
8
0
100
AcDbText
62
2
6
CONTINUOUS
10
179.7857142857
20
37.4647238196
40
2.0000000000
1
-
51
15.0000000000
72
5
11
181.2142857143
21
37.4647238196
100
AcDbText
0
TEXT
5
909
100
AcDbEntity
8
0
100
AcDbText
62
2
6
CONTINUOUS
10
195.7857142857
20
37.4647238196
40
2.0000000000
1
-
51
15.0000000000
72
5
11
197.2142857143
21
37.4647238196
100
AcDbText
0
TEXT
5
90A
100
AcDbEntity
8
0
100
AcDbText
62
2
6
CONTINUOUS
10
123.7857142857
20
32.4647238196
40
2.0000000000
1
-
51
15.0000000000
72
5
11
125.2142857143
21
32.4647238196
100
AcDbText
0
TEXT
5
90B
100
AcDbEntity
8
0
100
AcDbText
62
2
6
CONTINUOUS
10
142.5000000000
20
32.4647238196
40
2.0000000000
1
(
51
15.0000000000
72
5
11
143.3571428571
21
32.4647238196
100
AcDbText
0
TEXT
5
90C
100
AcDbEntity
8
0
100
AcDbText
62
2
6
CONTINUOUS
10
143.3571428571
20
32.4647238196
40
2.0000000000
1
A4
51
15.0000000000
72
5
11
146.6428571429
21
32.4647238196
100
AcDbText
0
TEXT
5
90D
100
AcDbEntity
8
0
100
AcDbText
62
2
6
CONTINUOUS
10
146.6428571429
20
32.4647238196
40
2.0000000000
1
)
51
15.0000000000
72
5
11
147.5000000000
21
32.4647238196
100
AcDbText
0
TEXT
5
90E
100
AcDbEntity
8
0
100
AcDbText
62
2
6
CONTINUOUS
10
154.0625000000
20
32.4647238196
40
2.0000000000
1
 Geaendert
51
15.0000000000
72
5
11
168.2053571429
21
32.4647238196
100
AcDbText
0
TEXT
5
90F
100
AcDbEntity
8
0
100
AcDbText
62
2
6
CONTINUOUS
10
179.7857142857
20
32.4647238196
40
2.0000000000
1
-
51
15.0000000000
72
5
11
181.2142857143
21
32.4647238196
100
AcDbText
0
TEXT
5
910
100
AcDbEntity
8
0
100
AcDbText
62
2
6
CONTINUOUS
10
195.7857142857
20
32.4647238196
40
2.0000000000
1
-
51
15.0000000000
72
5
11
197.2142857143
21
32.4647238196
100
AcDbText
0
TEXT
5
911
100
AcDbEntity
8
0
100
AcDbText
62
2
6
CONTINUOUS
10
72.0625000000
20
28.0781250000
40
2.0000000000
1
 Benennung
51
15.0000000000
72
5
11
86.6339285714
21
28.0781250000
100
AcDbText
0
TEXT
5
912
100
AcDbEntity
8
0
100
AcDbText
62
2
6
CONTINUOUS
10
154.0625000000
20
28.0352761804
40
2.0000000000
1
 Aend.-Nr.
51
15.0000000000
72
5
11
168.2053571429
21
28.0352761804
100
AcDbText
0
TEXT
5
913
100
AcDbEntity
8
0
100
AcDbText
62
2
6
CONTINUOUS
10
154.0625000000
20
23.8941714588
40
2.0000000000
1
 
51
15.0000000000
72
5
11
155.6339285714
21
23.8941714588
100
AcDbText
0
TEXT
5
914
100
AcDbEntity
8
0
100
AcDbText
62
2
6
CONTINUOUS
10
155.6339285714
20
23.8941714588
40
2.0000000000
1
-
51
15.0000000000
72
5
11
157.0625000000
21
23.8941714588
100
AcDbText
0
TEXT
5
915
100
AcDbEntity
8
0
100
AcDbText
62
2
6
CONTINUOUS
10
188.7142857143
20
28.1646857030
40
2.0000000000
1
Aend.-Index
51
15.0000000000
72
5
11
204.2857142857
21
28.1646857030
100
AcDbText
0
TEXT
5
916
100
AcDbEntity
8
0
100
AcDbText
62
2
6
CONTINUOUS
10
195.2142857143
20
23.7647619362
40
3.0000000000
1
A
51
15.0000000000
72
5
11
197.7857142857
21
23.7647619362
100
AcDbText
0
TEXT
5
917
100
AcDbEntity
8
0
100
AcDbText
62
2
6
CONTINUOUS
10
102.0416666667
20
23.6882666843
40
3.5000000000
1
NBB75DFG
51
15.0000000000
72
5
11
123.9583333333
21
23.6882666843
100
AcDbText
0
TEXT
5
918
100
AcDbEntity
8
0
100
AcDbText
62
2
6
CONTINUOUS
10
74.8095238095
20
17.2059047745
40
2.5000000000
1
BULKHEAD FEED THROUGH GROUNDED D-HOUSE
51
15.0000000000
72
5
11
149.6904761905
21
17.2059047745
100
AcDbText
0
TEXT
5
919
100
AcDbEntity
8
0
100
AcDbText
62
2
6
CONTINUOUS
10
154.0625000000
20
17.4647238196
40
2.0000000000
1
 Ersatz fuer:
51
15.0000000000
72
5
11
171.3482142857
21
17.4647238196
100
AcDbText
0
TEXT
5
91A
100
AcDbEntity
8
0
100
AcDbText
62
2
6
CONTINUOUS
10
173.0625000000
20
17.4647238196
40
2.0000000000
1
3102ST2507
51
15.0000000000
72
5
11
188.2053571429
21
17.4647238196
100
AcDbText
0
TEXT
5
91B
100
AcDbEntity
8
0
100
AcDbText
62
2
6
CONTINUOUS
10
192.0000000000
20
19.5352761804
40
2.0000000000
1
Blatt 
51
15.0000000000
72
5
11
199.8571428571
21
19.5352761804
100
AcDbText
0
TEXT
5
91C
100
AcDbEntity
8
0
100
AcDbText
62
2
6
CONTINUOUS
10
199.8571428571
20
19.5352761804
40
2.0000000000
1
1
51
15.0000000000
72
5
11
201.0000000000
21
19.5352761804
100
AcDbText
0
TEXT
5
91D
100
AcDbEntity
8
0
100
AcDbText
62
2
6
CONTINUOUS
10
190.3571428571
20
15.3941714588
40
2.0000000000
1
von 
51
15.0000000000
72
5
11
196.2142857143
21
15.3941714588
100
AcDbText
0
TEXT
5
91E
100
AcDbEntity
8
0
100
AcDbText
62
2
6
CONTINUOUS
10
196.2142857143
20
15.3941714588
40
2.0000000000
1
1
51
15.0000000000
72
5
11
197.3571428571
21
15.3941714588
100
AcDbText
0
TEXT
5
91F
100
AcDbEntity
8
0
100
AcDbText
62
2
6
CONTINUOUS
10
197.3571428571
20
15.3941714588
40
2.0000000000
1
 Bl.
51
15.0000000000
72
5
11
202.6428571429
21
15.3941714588
100
AcDbText
0
TEXT
5
920
100
AcDbEntity
8
0
100
AcDbText
62
2
6
CONTINUOUS
10
154.0625000000
20
11.4647238196
40
2.0000000000
1
 Zeichn. Nr.
51
15.0000000000
72
5
11
170.5386904762
21
11.4647238196
100
AcDbText
0
TEXT
5
921
100
AcDbEntity
8
0
100
AcDbText
62
2
6
CONTINUOUS
10
165.4166666667
20
6.1882666843
40
3.5000000000
1
ST-NBB75DFG
51
15.0000000000
72
5
11
195.5833333333
21
6.1882666843
100
AcDbText
0
TEXT
5
922
100
AcDbEntity
8
0
100
AcDbText
62
2
6
CONTINUOUS
10
71.3695940671
20
163.6019734834
40
5.0000000000
1
Frontplattenausschnitt
51
15.0000000000
72
5
11
143.6314988290
21
163.6019734834
100
AcDbText
0
TEXT
5
923
100
AcDbEntity
8
0
100
AcDbText
62
2
6
CONTINUOUS
10
85.1791178767
20
155.8374021303
40
5.0000000000
1
Panel cut out
51
15.0000000000
72
5
11
129.8219750195
21
155.8374021303
100
AcDbText
0
ENDSEC
0
SECTION
2
OBJECTS
0
DICTIONARY
5
924
100
AcDbDictionary
3
ACAD_GROUP
350
925
3
ACAD_MLINESTYLE
350
926
0
DICTIONARY
5
925
102
{ACAD_REACTORS
330
924
102
}
100
AcDbDictionary
0
DICTIONARY
5
926
102
{ACAD_REACTORS
330
924
102
}
100
AcDbDictionary
3
STANDARD
350
927
0
MLINESTYLE
5
927
102
{ACAD_REACTORS
330
926
102
}
100
AcDbMlineStyle
2
STANDARD
70
0
3

62
256
51
90.0
52
90.0
71
2
49
0.5
62
256
6
BYLAYER
49
-0.5
62
256
6
BYLAYER
0
ENDSEC
0
EOF
