ISO-10303-21;
HEADER;
FILE_DESCRIPTION((''),'2;1');
FILE_NAME('D-NBB75DFI','2014-04-14T',('odo'),(''),
'PRO/ENGINEER BY PARAMETRIC TECHNOLOGY CORPORATION, 2011310',
'PRO/ENGINEER BY PARAMETRIC TECHNOLOGY CORPORATION, 2011310','');
FILE_SCHEMA(('AUTOMOTIVE_DESIGN_CC2 { 1 2 10303 214 -1 1 5 2 }'));
ENDSEC;
DATA;
#216=CARTESIAN_POINT('',(9.5E0,1.2E1,0.E0));
#217=DIRECTION('',(0.E0,0.E0,1.E0));
#218=DIRECTION('',(1.E0,0.E0,0.E0));
#219=AXIS2_PLACEMENT_3D('',#216,#217,#218);
#221=CARTESIAN_POINT('',(9.5E0,1.2E1,0.E0));
#222=DIRECTION('',(0.E0,0.E0,1.E0));
#223=DIRECTION('',(-1.E0,0.E0,0.E0));
#224=AXIS2_PLACEMENT_3D('',#221,#222,#223);
#226=CARTESIAN_POINT('',(-9.5E0,-1.2E1,0.E0));
#227=DIRECTION('',(0.E0,0.E0,1.E0));
#228=DIRECTION('',(1.E0,0.E0,0.E0));
#229=AXIS2_PLACEMENT_3D('',#226,#227,#228);
#231=CARTESIAN_POINT('',(-9.5E0,-1.2E1,0.E0));
#232=DIRECTION('',(0.E0,0.E0,1.E0));
#233=DIRECTION('',(-1.E0,0.E0,0.E0));
#234=AXIS2_PLACEMENT_3D('',#231,#232,#233);
#236=CARTESIAN_POINT('',(9.5E0,1.2E1,0.E0));
#237=DIRECTION('',(0.E0,0.E0,1.E0));
#238=DIRECTION('',(1.E0,0.E0,0.E0));
#239=AXIS2_PLACEMENT_3D('',#236,#237,#238);
#241=DIRECTION('',(0.E0,-1.E0,0.E0));
#242=VECTOR('',#241,2.4E1);
#243=CARTESIAN_POINT('',(1.3E1,1.2E1,0.E0));
#244=LINE('',#243,#242);
#245=CARTESIAN_POINT('',(9.5E0,-1.2E1,0.E0));
#246=DIRECTION('',(0.E0,0.E0,1.E0));
#247=DIRECTION('',(0.E0,-1.E0,0.E0));
#248=AXIS2_PLACEMENT_3D('',#245,#246,#247);
#250=DIRECTION('',(-1.E0,0.E0,0.E0));
#251=VECTOR('',#250,1.9E1);
#252=CARTESIAN_POINT('',(9.5E0,-1.55E1,0.E0));
#253=LINE('',#252,#251);
#254=CARTESIAN_POINT('',(-9.5E0,-1.2E1,0.E0));
#255=DIRECTION('',(0.E0,0.E0,1.E0));
#256=DIRECTION('',(-1.E0,0.E0,0.E0));
#257=AXIS2_PLACEMENT_3D('',#254,#255,#256);
#259=DIRECTION('',(0.E0,1.E0,0.E0));
#260=VECTOR('',#259,2.4E1);
#261=CARTESIAN_POINT('',(-1.3E1,-1.2E1,0.E0));
#262=LINE('',#261,#260);
#263=CARTESIAN_POINT('',(-9.5E0,1.2E1,0.E0));
#264=DIRECTION('',(0.E0,0.E0,1.E0));
#265=DIRECTION('',(0.E0,1.E0,0.E0));
#266=AXIS2_PLACEMENT_3D('',#263,#264,#265);
#268=DIRECTION('',(1.E0,0.E0,0.E0));
#269=VECTOR('',#268,1.9E1);
#270=CARTESIAN_POINT('',(-9.5E0,1.55E1,0.E0));
#271=LINE('',#270,#269);
#272=CARTESIAN_POINT('',(0.E0,0.E0,0.E0));
#273=DIRECTION('',(0.E0,0.E0,-1.E0));
#274=DIRECTION('',(0.E0,1.E0,0.E0));
#275=AXIS2_PLACEMENT_3D('',#272,#273,#274);
#277=DIRECTION('',(0.E0,0.E0,1.E0));
#278=VECTOR('',#277,8.3E0);
#279=CARTESIAN_POINT('',(0.E0,1.1E1,0.E0));
#280=LINE('',#279,#278);
#281=DIRECTION('',(0.E0,0.E0,1.E0));
#282=VECTOR('',#281,8.3E0);
#283=CARTESIAN_POINT('',(0.E0,-1.1E1,0.E0));
#284=LINE('',#283,#282);
#285=CARTESIAN_POINT('',(0.E0,0.E0,0.E0));
#286=DIRECTION('',(0.E0,0.E0,1.E0));
#287=DIRECTION('',(0.E0,1.E0,0.E0));
#288=AXIS2_PLACEMENT_3D('',#285,#286,#287);
#290=CARTESIAN_POINT('',(0.E0,0.E0,8.3E0));
#291=DIRECTION('',(0.E0,0.E0,1.E0));
#292=DIRECTION('',(0.E0,1.E0,0.E0));
#293=AXIS2_PLACEMENT_3D('',#290,#291,#292);
#295=CARTESIAN_POINT('',(0.E0,0.E0,8.3E0));
#296=DIRECTION('',(0.E0,0.E0,-1.E0));
#297=DIRECTION('',(0.E0,1.E0,0.E0));
#298=AXIS2_PLACEMENT_3D('',#295,#296,#297);
#300=CARTESIAN_POINT('',(0.E0,0.E0,8.3E0));
#301=DIRECTION('',(0.E0,0.E0,-1.E0));
#302=DIRECTION('',(0.E0,1.E0,0.E0));
#303=AXIS2_PLACEMENT_3D('',#300,#301,#302);
#305=DIRECTION('',(0.E0,0.E0,1.E0));
#306=VECTOR('',#305,6.E0);
#307=CARTESIAN_POINT('',(0.E0,9.E0,8.3E0));
#308=LINE('',#307,#306);
#309=DIRECTION('',(0.E0,0.E0,1.E0));
#310=VECTOR('',#309,6.E0);
#311=CARTESIAN_POINT('',(0.E0,-9.E0,8.3E0));
#312=LINE('',#311,#310);
#313=CARTESIAN_POINT('',(0.E0,0.E0,8.3E0));
#314=DIRECTION('',(0.E0,0.E0,1.E0));
#315=DIRECTION('',(0.E0,1.E0,0.E0));
#316=AXIS2_PLACEMENT_3D('',#313,#314,#315);
#318=CARTESIAN_POINT('',(0.E0,0.E0,1.43E1));
#319=DIRECTION('',(0.E0,0.E0,1.E0));
#320=DIRECTION('',(0.E0,1.E0,0.E0));
#321=AXIS2_PLACEMENT_3D('',#318,#319,#320);
#323=CARTESIAN_POINT('',(0.E0,0.E0,1.43E1));
#324=DIRECTION('',(0.E0,0.E0,-1.E0));
#325=DIRECTION('',(0.E0,1.E0,0.E0));
#326=AXIS2_PLACEMENT_3D('',#323,#324,#325);
#328=CARTESIAN_POINT('',(0.E0,0.E0,1.43E1));
#329=DIRECTION('',(0.E0,0.E0,-1.E0));
#330=DIRECTION('',(0.E0,1.E0,0.E0));
#331=AXIS2_PLACEMENT_3D('',#328,#329,#330);
#333=DIRECTION('',(0.E0,0.E0,1.E0));
#334=VECTOR('',#333,3.6E0);
#335=CARTESIAN_POINT('',(0.E0,6.3E0,1.43E1));
#336=LINE('',#335,#334);
#337=DIRECTION('',(0.E0,0.E0,1.E0));
#338=VECTOR('',#337,3.6E0);
#339=CARTESIAN_POINT('',(0.E0,-6.3E0,1.43E1));
#340=LINE('',#339,#338);
#341=CARTESIAN_POINT('',(0.E0,0.E0,1.43E1));
#342=DIRECTION('',(0.E0,0.E0,1.E0));
#343=DIRECTION('',(0.E0,1.E0,0.E0));
#344=AXIS2_PLACEMENT_3D('',#341,#342,#343);
#346=CARTESIAN_POINT('',(0.E0,0.E0,1.79E1));
#347=DIRECTION('',(0.E0,0.E0,1.E0));
#348=DIRECTION('',(0.E0,1.E0,0.E0));
#349=AXIS2_PLACEMENT_3D('',#346,#347,#348);
#351=CARTESIAN_POINT('',(0.E0,0.E0,1.79E1));
#352=DIRECTION('',(0.E0,0.E0,-1.E0));
#353=DIRECTION('',(0.E0,1.E0,0.E0));
#354=AXIS2_PLACEMENT_3D('',#351,#352,#353);
#356=CARTESIAN_POINT('',(0.E0,4.85E0,2.57E1));
#357=CARTESIAN_POINT('',(8.796100528006E-2,4.85E0,2.57E1));
#358=CARTESIAN_POINT('',(2.581818525853E-1,4.845339902002E0,2.567778865511E1));
#359=CARTESIAN_POINT('',(5.053833790733E-1,4.825481667259E0,2.557648423097E1));
#360=CARTESIAN_POINT('',(7.151090356213E-1,4.798217131714E0,2.541541154038E1));
#361=CARTESIAN_POINT('',(8.765533762435E-1,4.770749691016E0,2.520477806702E1));
#362=CARTESIAN_POINT('',(9.771025317078E-1,4.750695964375E0,2.496153639913E1));
#363=CARTESIAN_POINT('',(1.011470200232E0,4.743327364339E0,2.469870736452E1));
#364=CARTESIAN_POINT('',(9.770141790516E-1,4.750720737790E0,2.443816973744E1));
#365=CARTESIAN_POINT('',(8.753027448190E-1,4.770976593399E0,2.419299509588E1));
#366=CARTESIAN_POINT('',(7.147009173361E-1,4.798282604056E0,2.398426860867E1));
#367=CARTESIAN_POINT('',(5.037581900328E-1,4.825656858745E0,2.382251906994E1));
#368=CARTESIAN_POINT('',(2.575272108531E-1,4.845355218939E0,2.372216855108E1));
#369=CARTESIAN_POINT('',(8.769145659364E-2,4.85E0,2.37E1));
#370=CARTESIAN_POINT('',(0.E0,4.85E0,2.37E1));
#372=CARTESIAN_POINT('',(0.E0,0.E0,1.79E1));
#373=DIRECTION('',(0.E0,0.E0,-1.E0));
#374=DIRECTION('',(0.E0,1.E0,0.E0));
#375=AXIS2_PLACEMENT_3D('',#372,#373,#374);
#377=CARTESIAN_POINT('',(0.E0,-4.85E0,2.37E1));
#378=CARTESIAN_POINT('',(8.777082030618E-2,-4.85E0,2.37E1));
#379=CARTESIAN_POINT('',(2.577078910893E-1,-4.845352852784E0,2.372217261421E1));
#380=CARTESIAN_POINT('',(5.043261311961E-1,-4.825595343027E0,2.382285456681E1));
#381=CARTESIAN_POINT('',(7.146634048505E-1,-4.798281709723E0,2.398430968785E1));
#382=CARTESIAN_POINT('',(8.752662544216E-1,-4.770985541520E0,2.419287586005E1));
#383=CARTESIAN_POINT('',(9.770690469691E-1,-4.750709163632E0,2.443838341187E1));
#384=CARTESIAN_POINT('',(1.011462516645E0,-4.743329090957E0,2.469862505048E1));
#385=CARTESIAN_POINT('',(9.770783880655E-1,-4.750700634184E0,2.496164092978E1));
#386=CARTESIAN_POINT('',(8.765879186135E-1,-4.770743455742E0,2.520470300862E1));
#387=CARTESIAN_POINT('',(7.150957159823E-1,-4.798219118548E0,2.541543250257E1));
#388=CARTESIAN_POINT('',(5.054235173273E-1,-4.825476801370E0,2.557645404117E1));
#389=CARTESIAN_POINT('',(2.582180963628E-1,-4.845338394798E0,2.567778276072E1));
#390=CARTESIAN_POINT('',(8.797716238836E-2,-4.85E0,2.57E1));
#391=CARTESIAN_POINT('',(0.E0,-4.85E0,2.57E1));
#393=DIRECTION('',(0.E0,1.E0,0.E0));
#394=VECTOR('',#393,6.5E-1);
#395=CARTESIAN_POINT('',(0.E0,4.85E0,2.57E1));
#396=LINE('',#395,#394);
#397=DIRECTION('',(0.E0,1.E0,0.E0));
#398=VECTOR('',#397,6.5E-1);
#399=CARTESIAN_POINT('',(0.E0,-5.5E0,2.57E1));
#400=LINE('',#399,#398);
#401=DIRECTION('',(0.E0,1.E0,0.E0));
#402=VECTOR('',#401,6.5E-1);
#403=CARTESIAN_POINT('',(0.E0,-5.5E0,2.37E1));
#404=LINE('',#403,#402);
#405=DIRECTION('',(0.E0,1.E0,0.E0));
#406=VECTOR('',#405,6.5E-1);
#407=CARTESIAN_POINT('',(0.E0,4.85E0,2.37E1));
#408=LINE('',#407,#406);
#409=CARTESIAN_POINT('',(0.E0,-4.85E0,2.57E1));
#410=CARTESIAN_POINT('',(-8.785080510581E-2,-4.85E0,2.57E1));
#411=CARTESIAN_POINT('',(-2.578970820863E-1,-4.845345073232E0,
2.567779361799E1));
#412=CARTESIAN_POINT('',(-5.045658237727E-1,-4.825568472831E0,
2.557699254643E1));
#413=CARTESIAN_POINT('',(-7.147231478279E-1,-4.798272207419E0,
2.541564136604E1));
#414=CARTESIAN_POINT('',(-8.754240231524E-1,-4.770956721908E0,
2.520683759920E1));
#415=CARTESIAN_POINT('',(-9.770540445407E-1,-4.750711371931E0,
2.496164386204E1));
#416=CARTESIAN_POINT('',(-1.011467779226E0,-4.743328142032E0,2.470116840559E1));
#417=CARTESIAN_POINT('',(-9.770730166731E-1,-4.750702079035E0,
2.443835826173E1));
#418=CARTESIAN_POINT('',(-8.765075867823E-1,-4.770758250903E0,
2.419514571371E1));
#419=CARTESIAN_POINT('',(-7.150563967460E-1,-4.798224946379E0,
2.398453838394E1));
#420=CARTESIAN_POINT('',(-5.053424028157E-1,-4.825485660514E0,
2.382349502814E1));
#421=CARTESIAN_POINT('',(-2.581615606160E-1,-4.845340617398E0,
2.372220796830E1));
#422=CARTESIAN_POINT('',(-8.795398618786E-2,-4.85E0,2.37E1));
#423=CARTESIAN_POINT('',(0.E0,-4.85E0,2.37E1));
#425=DIRECTION('',(0.E0,0.E0,1.E0));
#426=VECTOR('',#425,5.8E0);
#427=CARTESIAN_POINT('',(0.E0,-4.85E0,1.79E1));
#428=LINE('',#427,#426);
#429=CARTESIAN_POINT('',(0.E0,0.E0,1.79E1));
#430=DIRECTION('',(0.E0,0.E0,1.E0));
#431=DIRECTION('',(0.E0,1.E0,0.E0));
#432=AXIS2_PLACEMENT_3D('',#429,#430,#431);
#434=DIRECTION('',(0.E0,0.E0,1.E0));
#435=VECTOR('',#434,5.8E0);
#436=CARTESIAN_POINT('',(0.E0,4.85E0,1.79E1));
#437=LINE('',#436,#435);
#438=CARTESIAN_POINT('',(0.E0,4.85E0,2.37E1));
#439=CARTESIAN_POINT('',(-8.798511910191E-2,4.85E0,2.37E1));
#440=CARTESIAN_POINT('',(-2.582411449722E-1,4.845337587474E0,2.372222104387E1));
#441=CARTESIAN_POINT('',(-5.054704979307E-1,4.825472223738E0,2.382356974311E1));
#442=CARTESIAN_POINT('',(-7.151559722702E-1,4.798210171035E0,2.398462481116E1));
#443=CARTESIAN_POINT('',(-8.766402208710E-1,4.770733673194E0,2.419538424797E1));
#444=CARTESIAN_POINT('',(-9.771118937964E-1,4.750693701548E0,2.443847851357E1));
#445=CARTESIAN_POINT('',(-1.011465085001E0,4.743328208736E0,2.470151652575E1));
#446=CARTESIAN_POINT('',(-9.770243791172E-1,4.750719812411E0,2.496183072492E1));
#447=CARTESIAN_POINT('',(-8.751218139921E-1,4.771008964776E0,2.520732011819E1));
#448=CARTESIAN_POINT('',(-7.146531455104E-1,4.798292103583E0,2.541578502454E1));
#449=CARTESIAN_POINT('',(-5.033417453236E-1,4.825702540273E0,2.557773772776E1));
#450=CARTESIAN_POINT('',(-2.573137521516E-1,4.845361796264E0,2.567785642417E1));
#451=CARTESIAN_POINT('',(-8.760063845430E-2,4.85E0,2.57E1));
#452=CARTESIAN_POINT('',(0.E0,4.85E0,2.57E1));
#454=DIRECTION('',(0.E0,0.E0,1.E0));
#455=VECTOR('',#454,3.2E0);
#456=CARTESIAN_POINT('',(0.E0,4.85E0,2.57E1));
#457=LINE('',#456,#455);
#458=DIRECTION('',(0.E0,0.E0,1.E0));
#459=VECTOR('',#458,3.2E0);
#460=CARTESIAN_POINT('',(0.E0,-4.85E0,2.57E1));
#461=LINE('',#460,#459);
#462=CARTESIAN_POINT('',(0.E0,0.E0,2.89E1));
#463=DIRECTION('',(0.E0,0.E0,1.E0));
#464=DIRECTION('',(0.E0,1.E0,0.E0));
#465=AXIS2_PLACEMENT_3D('',#462,#463,#464);
#467=CARTESIAN_POINT('',(0.E0,0.E0,2.89E1));
#468=DIRECTION('',(0.E0,0.E0,-1.E0));
#469=DIRECTION('',(0.E0,1.E0,0.E0));
#470=AXIS2_PLACEMENT_3D('',#467,#468,#469);
#472=CARTESIAN_POINT('',(0.E0,0.E0,2.89E1));
#473=DIRECTION('',(0.E0,0.E0,-1.E0));
#474=DIRECTION('',(0.E0,1.E0,0.E0));
#475=AXIS2_PLACEMENT_3D('',#472,#473,#474);
#477=CARTESIAN_POINT('',(0.E0,0.E0,2.89E1));
#478=DIRECTION('',(0.E0,0.E0,-1.E0));
#479=DIRECTION('',(0.E0,-1.E0,0.E0));
#480=AXIS2_PLACEMENT_3D('',#477,#478,#479);
#482=CARTESIAN_POINT('',(0.E0,0.E0,2.04E1));
#483=DIRECTION('',(0.E0,0.E0,-1.E0));
#484=DIRECTION('',(0.E0,1.E0,0.E0));
#485=AXIS2_PLACEMENT_3D('',#482,#483,#484);
#487=DIRECTION('',(0.E0,5.882251173005E-3,9.999826994109E-1));
#488=VECTOR('',#487,8.500147057551E0);
#489=CARTESIAN_POINT('',(0.E0,4.05E0,2.04E1));
#490=LINE('',#489,#488);
#491=CARTESIAN_POINT('',(0.E0,0.E0,2.04E1));
#492=DIRECTION('',(0.E0,0.E0,1.E0));
#493=DIRECTION('',(0.E0,1.E0,0.E0));
#494=AXIS2_PLACEMENT_3D('',#491,#492,#493);
#496=DIRECTION('',(0.E0,-5.882251173005E-3,9.999826994109E-1));
#497=VECTOR('',#496,8.500147057551E0);
#498=CARTESIAN_POINT('',(0.E0,-4.05E0,2.04E1));
#499=LINE('',#498,#497);
#500=CARTESIAN_POINT('',(0.E0,0.E0,2.04E1));
#501=DIRECTION('',(0.E0,0.E0,-1.E0));
#502=DIRECTION('',(0.E0,1.E0,0.E0));
#503=AXIS2_PLACEMENT_3D('',#500,#501,#502);
#505=CARTESIAN_POINT('',(0.E0,0.E0,2.04E1));
#506=DIRECTION('',(0.E0,0.E0,1.E0));
#507=DIRECTION('',(0.E0,1.E0,0.E0));
#508=AXIS2_PLACEMENT_3D('',#505,#506,#507);
#510=CARTESIAN_POINT('',(0.E0,0.E0,2.54E1));
#511=DIRECTION('',(0.E0,0.E0,-1.E0));
#512=DIRECTION('',(0.E0,1.E0,0.E0));
#513=AXIS2_PLACEMENT_3D('',#510,#511,#512);
#515=DIRECTION('',(0.E0,0.E0,-1.E0));
#516=VECTOR('',#515,5.E0);
#517=CARTESIAN_POINT('',(0.E0,1.05E0,2.54E1));
#518=LINE('',#517,#516);
#519=CARTESIAN_POINT('',(0.E0,0.E0,2.54E1));
#520=DIRECTION('',(0.E0,0.E0,1.E0));
#521=DIRECTION('',(0.E0,1.E0,0.E0));
#522=AXIS2_PLACEMENT_3D('',#519,#520,#521);
#524=DIRECTION('',(0.E0,0.E0,-1.E0));
#525=VECTOR('',#524,5.E0);
#526=CARTESIAN_POINT('',(0.E0,-1.05E0,2.54E1));
#527=LINE('',#526,#525);
#528=CARTESIAN_POINT('',(0.E0,0.E0,2.54E1));
#529=DIRECTION('',(0.E0,0.E0,-1.E0));
#530=DIRECTION('',(0.E0,1.E0,0.E0));
#531=AXIS2_PLACEMENT_3D('',#528,#529,#530);
#533=CARTESIAN_POINT('',(0.E0,0.E0,2.54E1));
#534=DIRECTION('',(0.E0,0.E0,1.E0));
#535=DIRECTION('',(0.E0,1.E0,0.E0));
#536=AXIS2_PLACEMENT_3D('',#533,#534,#535);
#538=CARTESIAN_POINT('',(0.E0,0.E0,2.04E1));
#539=DIRECTION('',(0.E0,0.E0,-1.E0));
#540=DIRECTION('',(0.E0,1.E0,0.E0));
#541=AXIS2_PLACEMENT_3D('',#538,#539,#540);
#543=DIRECTION('',(0.E0,0.E0,1.E0));
#544=VECTOR('',#543,5.E0);
#545=CARTESIAN_POINT('',(0.E0,7.E-1,2.04E1));
#546=LINE('',#545,#544);
#547=CARTESIAN_POINT('',(0.E0,0.E0,2.04E1));
#548=DIRECTION('',(0.E0,0.E0,1.E0));
#549=DIRECTION('',(0.E0,1.E0,0.E0));
#550=AXIS2_PLACEMENT_3D('',#547,#548,#549);
#552=DIRECTION('',(0.E0,0.E0,1.E0));
#553=VECTOR('',#552,5.E0);
#554=CARTESIAN_POINT('',(0.E0,-7.E-1,2.04E1));
#555=LINE('',#554,#553);
#556=CARTESIAN_POINT('',(0.E0,-5.5E0,-9.E-1));
#557=DIRECTION('',(0.E0,1.E0,0.E0));
#558=DIRECTION('',(0.E0,0.E0,-1.E0));
#559=AXIS2_PLACEMENT_3D('',#556,#557,#558);
#561=CARTESIAN_POINT('',(0.E0,-5.5E0,-9.E-1));
#562=DIRECTION('',(0.E0,1.E0,0.E0));
#563=DIRECTION('',(0.E0,0.E0,1.E0));
#564=AXIS2_PLACEMENT_3D('',#561,#562,#563);
#566=CARTESIAN_POINT('',(0.E0,-5.5E0,2.47E1));
#567=DIRECTION('',(0.E0,1.E0,0.E0));
#568=DIRECTION('',(0.E0,0.E0,-1.E0));
#569=AXIS2_PLACEMENT_3D('',#566,#567,#568);
#571=CARTESIAN_POINT('',(0.E0,-5.5E0,2.47E1));
#572=DIRECTION('',(0.E0,1.E0,0.E0));
#573=DIRECTION('',(0.E0,0.E0,1.E0));
#574=AXIS2_PLACEMENT_3D('',#571,#572,#573);
#576=DIRECTION('',(0.E0,1.E0,0.E0));
#577=VECTOR('',#576,6.5E-1);
#578=CARTESIAN_POINT('',(0.E0,-5.5E0,-1.9E0));
#579=LINE('',#578,#577);
#580=DIRECTION('',(0.E0,1.E0,0.E0));
#581=VECTOR('',#580,6.5E-1);
#582=CARTESIAN_POINT('',(0.E0,4.85E0,-1.9E0));
#583=LINE('',#582,#581);
#584=CARTESIAN_POINT('',(0.E0,-4.85E0,1.E-1));
#585=CARTESIAN_POINT('',(-8.785080510581E-2,-4.85E0,1.E-1));
#586=CARTESIAN_POINT('',(-2.578970820863E-1,-4.845345073232E0,
7.779361799123E-2));
#587=CARTESIAN_POINT('',(-5.045658237727E-1,-4.825568472831E0,
-2.300745357157E-2));
#588=CARTESIAN_POINT('',(-7.147231478279E-1,-4.798272207419E0,
-1.843586339596E-1));
#589=CARTESIAN_POINT('',(-8.754240231524E-1,-4.770956721908E0,
-3.931624008040E-1));
#590=CARTESIAN_POINT('',(-9.770540445407E-1,-4.750711371931E0,
-6.383561379577E-1));
#591=CARTESIAN_POINT('',(-1.011467779226E0,-4.743328142032E0,
-8.988315944105E-1));
#592=CARTESIAN_POINT('',(-9.770730166731E-1,-4.750702079035E0,
-1.161641738268E0));
#593=CARTESIAN_POINT('',(-8.765075867823E-1,-4.770758250903E0,
-1.404854286288E0));
#594=CARTESIAN_POINT('',(-7.150563967460E-1,-4.798224946379E0,
-1.615461616062E0));
#595=CARTESIAN_POINT('',(-5.053424028157E-1,-4.825485660514E0,
-1.776504971860E0));
#596=CARTESIAN_POINT('',(-2.581615606160E-1,-4.845340617398E0,
-1.877792031698E0));
#597=CARTESIAN_POINT('',(-8.795398618786E-2,-4.85E0,-1.9E0));
#598=CARTESIAN_POINT('',(0.E0,-4.85E0,-1.9E0));
#600=DIRECTION('',(0.E0,0.E0,1.E0));
#601=VECTOR('',#600,3.2E0);
#602=CARTESIAN_POINT('',(0.E0,-4.85E0,-5.1E0));
#603=LINE('',#602,#601);
#604=CARTESIAN_POINT('',(0.E0,0.E0,-5.1E0));
#605=DIRECTION('',(0.E0,0.E0,1.E0));
#606=DIRECTION('',(0.E0,1.E0,0.E0));
#607=AXIS2_PLACEMENT_3D('',#604,#605,#606);
#609=DIRECTION('',(0.E0,0.E0,1.E0));
#610=VECTOR('',#609,3.2E0);
#611=CARTESIAN_POINT('',(0.E0,4.85E0,-5.1E0));
#612=LINE('',#611,#610);
#613=CARTESIAN_POINT('',(0.E0,4.85E0,-1.9E0));
#614=CARTESIAN_POINT('',(-8.798511910191E-2,4.85E0,-1.9E0));
#615=CARTESIAN_POINT('',(-2.582411449722E-1,4.845337587474E0,
-1.877778956133E0));
#616=CARTESIAN_POINT('',(-5.054704979307E-1,4.825472223738E0,
-1.776430256885E0));
#617=CARTESIAN_POINT('',(-7.151559722702E-1,4.798210171035E0,
-1.615375188841E0));
#618=CARTESIAN_POINT('',(-8.766402208710E-1,4.770733673194E0,
-1.404615752029E0));
#619=CARTESIAN_POINT('',(-9.771118937964E-1,4.750693701548E0,
-1.161521486428E0));
#620=CARTESIAN_POINT('',(-1.011465085001E0,4.743328208736E0,
-8.984834742451E-1));
#621=CARTESIAN_POINT('',(-9.770243791172E-1,4.750719812411E0,
-6.381692750800E-1));
#622=CARTESIAN_POINT('',(-8.751218139921E-1,4.771008964776E0,
-3.926798818129E-1));
#623=CARTESIAN_POINT('',(-7.146531455104E-1,4.798292103583E0,
-1.842149754590E-1));
#624=CARTESIAN_POINT('',(-5.033417453236E-1,4.825702540273E0,
-2.226227224123E-2));
#625=CARTESIAN_POINT('',(-2.573137521516E-1,4.845361796264E0,
7.785642417267E-2));
#626=CARTESIAN_POINT('',(-8.760063845430E-2,4.85E0,1.E-1));
#627=CARTESIAN_POINT('',(0.E0,4.85E0,1.E-1));
#629=DIRECTION('',(0.E0,0.E0,1.E0));
#630=VECTOR('',#629,5.8E0);
#631=CARTESIAN_POINT('',(0.E0,4.85E0,1.E-1));
#632=LINE('',#631,#630);
#633=DIRECTION('',(0.E0,0.E0,1.E0));
#634=VECTOR('',#633,5.8E0);
#635=CARTESIAN_POINT('',(0.E0,-4.85E0,1.E-1));
#636=LINE('',#635,#634);
#637=CARTESIAN_POINT('',(0.E0,4.85E0,1.E-1));
#638=CARTESIAN_POINT('',(8.796100528006E-2,4.85E0,1.E-1));
#639=CARTESIAN_POINT('',(2.581818525853E-1,4.845339902002E0,7.778865510933E-2));
#640=CARTESIAN_POINT('',(5.053833790733E-1,4.825481667259E0,
-2.351576902600E-2));
#641=CARTESIAN_POINT('',(7.151090356213E-1,4.798217131714E0,
-1.845884596158E-1));
#642=CARTESIAN_POINT('',(8.765533762435E-1,4.770749691016E0,
-3.952219329755E-1));
#643=CARTESIAN_POINT('',(9.771025317078E-1,4.750695964375E0,
-6.384636008672E-1));
#644=CARTESIAN_POINT('',(1.011470200232E0,4.743327364339E0,-9.012926354821E-1));
#645=CARTESIAN_POINT('',(9.770141790516E-1,4.750720737790E0,-1.161830262556E0));
#646=CARTESIAN_POINT('',(8.753027448190E-1,4.770976593399E0,-1.407004904117E0));
#647=CARTESIAN_POINT('',(7.147009173361E-1,4.798282604056E0,-1.615731391328E0));
#648=CARTESIAN_POINT('',(5.037581900328E-1,4.825656858745E0,-1.777480930058E0));
#649=CARTESIAN_POINT('',(2.575272108531E-1,4.845355218939E0,-1.877831448921E0));
#650=CARTESIAN_POINT('',(8.769145659364E-2,4.85E0,-1.9E0));
#651=CARTESIAN_POINT('',(0.E0,4.85E0,-1.9E0));
#653=CARTESIAN_POINT('',(0.E0,0.E0,-5.1E0));
#654=DIRECTION('',(0.E0,0.E0,-1.E0));
#655=DIRECTION('',(0.E0,1.E0,0.E0));
#656=AXIS2_PLACEMENT_3D('',#653,#654,#655);
#658=CARTESIAN_POINT('',(0.E0,-4.85E0,-1.9E0));
#659=CARTESIAN_POINT('',(8.777082030618E-2,-4.85E0,-1.9E0));
#660=CARTESIAN_POINT('',(2.577078910893E-1,-4.845352852784E0,
-1.877827385789E0));
#661=CARTESIAN_POINT('',(5.043261311961E-1,-4.825595343027E0,
-1.777145433192E0));
#662=CARTESIAN_POINT('',(7.146634048506E-1,-4.798281709723E0,
-1.615690312153E0));
#663=CARTESIAN_POINT('',(8.752662544216E-1,-4.770985541520E0,
-1.407124139951E0));
#664=CARTESIAN_POINT('',(9.770690469691E-1,-4.750709163632E0,
-1.161616588134E0));
#665=CARTESIAN_POINT('',(1.011462516645E0,-4.743329090957E0,
-9.013749495161E-1));
#666=CARTESIAN_POINT('',(9.770783880655E-1,-4.750700634184E0,
-6.383590702212E-1));
#667=CARTESIAN_POINT('',(8.765879186135E-1,-4.770743455742E0,
-3.952969913843E-1));
#668=CARTESIAN_POINT('',(7.150957159823E-1,-4.798219118548E0,
-1.845674974302E-1));
#669=CARTESIAN_POINT('',(5.054235173273E-1,-4.825476801370E0,
-2.354595883427E-2));
#670=CARTESIAN_POINT('',(2.582180963628E-1,-4.845338394798E0,
7.778276071902E-2));
#671=CARTESIAN_POINT('',(8.797716238836E-2,-4.85E0,1.E-1));
#672=CARTESIAN_POINT('',(0.E0,-4.85E0,1.E-1));
#674=DIRECTION('',(0.E0,1.E0,0.E0));
#675=VECTOR('',#674,6.5E-1);
#676=CARTESIAN_POINT('',(0.E0,4.85E0,1.E-1));
#677=LINE('',#676,#675);
#678=DIRECTION('',(0.E0,1.E0,0.E0));
#679=VECTOR('',#678,6.5E-1);
#680=CARTESIAN_POINT('',(0.E0,-5.5E0,1.E-1));
#681=LINE('',#680,#679);
#682=CARTESIAN_POINT('',(0.E0,5.5E0,-9.E-1));
#683=DIRECTION('',(0.E0,1.E0,0.E0));
#684=DIRECTION('',(0.E0,0.E0,-1.E0));
#685=AXIS2_PLACEMENT_3D('',#682,#683,#684);
#687=CARTESIAN_POINT('',(0.E0,5.5E0,-9.E-1));
#688=DIRECTION('',(0.E0,1.E0,0.E0));
#689=DIRECTION('',(0.E0,0.E0,1.E0));
#690=AXIS2_PLACEMENT_3D('',#687,#688,#689);
#692=CARTESIAN_POINT('',(0.E0,5.5E0,2.47E1));
#693=DIRECTION('',(0.E0,1.E0,0.E0));
#694=DIRECTION('',(0.E0,0.E0,-1.E0));
#695=AXIS2_PLACEMENT_3D('',#692,#693,#694);
#697=CARTESIAN_POINT('',(0.E0,5.5E0,2.47E1));
#698=DIRECTION('',(0.E0,1.E0,0.E0));
#699=DIRECTION('',(0.E0,0.E0,1.E0));
#700=AXIS2_PLACEMENT_3D('',#697,#698,#699);
#702=CARTESIAN_POINT('',(0.E0,0.E0,-5.1E0));
#703=DIRECTION('',(0.E0,0.E0,-1.E0));
#704=DIRECTION('',(0.E0,1.E0,0.E0));
#705=AXIS2_PLACEMENT_3D('',#702,#703,#704);
#707=CARTESIAN_POINT('',(0.E0,0.E0,-5.1E0));
#708=DIRECTION('',(0.E0,0.E0,-1.E0));
#709=DIRECTION('',(0.E0,-1.E0,0.E0));
#710=AXIS2_PLACEMENT_3D('',#707,#708,#709);
#712=DIRECTION('',(0.E0,5.882251173005E-3,9.999826994109E-1));
#713=VECTOR('',#712,8.500147057551E0);
#714=CARTESIAN_POINT('',(0.E0,-4.1E0,-5.1E0));
#715=LINE('',#714,#713);
#716=DIRECTION('',(0.E0,-5.882251173005E-3,9.999826994109E-1));
#717=VECTOR('',#716,8.500147057551E0);
#718=CARTESIAN_POINT('',(0.E0,4.1E0,-5.1E0));
#719=LINE('',#718,#717);
#720=CARTESIAN_POINT('',(0.E0,0.E0,3.4E0));
#721=DIRECTION('',(0.E0,0.E0,1.E0));
#722=DIRECTION('',(0.E0,1.E0,0.E0));
#723=AXIS2_PLACEMENT_3D('',#720,#721,#722);
#725=CARTESIAN_POINT('',(0.E0,0.E0,3.4E0));
#726=DIRECTION('',(0.E0,0.E0,-1.E0));
#727=DIRECTION('',(0.E0,1.E0,0.E0));
#728=AXIS2_PLACEMENT_3D('',#725,#726,#727);
#730=CARTESIAN_POINT('',(0.E0,0.E0,3.4E0));
#731=DIRECTION('',(0.E0,0.E0,-1.E0));
#732=DIRECTION('',(0.E0,1.E0,0.E0));
#733=AXIS2_PLACEMENT_3D('',#730,#731,#732);
#735=DIRECTION('',(0.E0,0.E0,-1.E0));
#736=VECTOR('',#735,5.E0);
#737=CARTESIAN_POINT('',(0.E0,1.05E0,3.4E0));
#738=LINE('',#737,#736);
#739=CARTESIAN_POINT('',(0.E0,0.E0,3.4E0));
#740=DIRECTION('',(0.E0,0.E0,1.E0));
#741=DIRECTION('',(0.E0,1.E0,0.E0));
#742=AXIS2_PLACEMENT_3D('',#739,#740,#741);
#744=DIRECTION('',(0.E0,0.E0,-1.E0));
#745=VECTOR('',#744,5.E0);
#746=CARTESIAN_POINT('',(0.E0,-1.05E0,3.4E0));
#747=LINE('',#746,#745);
#748=CARTESIAN_POINT('',(0.E0,0.E0,-1.6E0));
#749=DIRECTION('',(0.E0,0.E0,1.E0));
#750=DIRECTION('',(0.E0,1.E0,0.E0));
#751=AXIS2_PLACEMENT_3D('',#748,#749,#750);
#753=CARTESIAN_POINT('',(0.E0,0.E0,-1.6E0));
#754=DIRECTION('',(0.E0,0.E0,-1.E0));
#755=DIRECTION('',(0.E0,1.E0,0.E0));
#756=AXIS2_PLACEMENT_3D('',#753,#754,#755);
#758=CARTESIAN_POINT('',(0.E0,0.E0,-1.6E0));
#759=DIRECTION('',(0.E0,0.E0,-1.E0));
#760=DIRECTION('',(0.E0,1.E0,0.E0));
#761=AXIS2_PLACEMENT_3D('',#758,#759,#760);
#763=DIRECTION('',(0.E0,0.E0,1.E0));
#764=VECTOR('',#763,5.E0);
#765=CARTESIAN_POINT('',(0.E0,7.E-1,-1.6E0));
#766=LINE('',#765,#764);
#767=CARTESIAN_POINT('',(0.E0,0.E0,-1.6E0));
#768=DIRECTION('',(0.E0,0.E0,1.E0));
#769=DIRECTION('',(0.E0,1.E0,0.E0));
#770=AXIS2_PLACEMENT_3D('',#767,#768,#769);
#772=DIRECTION('',(0.E0,0.E0,1.E0));
#773=VECTOR('',#772,5.E0);
#774=CARTESIAN_POINT('',(0.E0,-7.E-1,-1.6E0));
#775=LINE('',#774,#773);
#776=CARTESIAN_POINT('',(0.E0,0.E0,3.4E0));
#777=DIRECTION('',(0.E0,0.E0,1.E0));
#778=DIRECTION('',(0.E0,1.E0,0.E0));
#779=AXIS2_PLACEMENT_3D('',#776,#777,#778);
#781=CARTESIAN_POINT('',(0.E0,0.E0,3.4E0));
#782=DIRECTION('',(0.E0,0.E0,-1.E0));
#783=DIRECTION('',(0.E0,1.E0,0.E0));
#784=AXIS2_PLACEMENT_3D('',#781,#782,#783);
#786=CARTESIAN_POINT('',(0.E0,0.E0,5.9E0));
#787=DIRECTION('',(0.E0,0.E0,-1.E0));
#788=DIRECTION('',(0.E0,1.E0,0.E0));
#789=AXIS2_PLACEMENT_3D('',#786,#787,#788);
#791=CARTESIAN_POINT('',(0.E0,0.E0,5.9E0));
#792=DIRECTION('',(0.E0,0.E0,1.E0));
#793=DIRECTION('',(0.E0,1.E0,0.E0));
#794=AXIS2_PLACEMENT_3D('',#791,#792,#793);
#796=DIRECTION('',(0.E0,0.E0,-1.E0));
#797=VECTOR('',#796,1.06E1);
#798=CARTESIAN_POINT('',(0.E0,9.8E0,5.9E0));
#799=LINE('',#798,#797);
#800=DIRECTION('',(0.E0,0.E0,-1.E0));
#801=VECTOR('',#800,1.06E1);
#802=CARTESIAN_POINT('',(0.E0,-9.8E0,5.9E0));
#803=LINE('',#802,#801);
#804=CARTESIAN_POINT('',(0.E0,0.E0,5.9E0));
#805=DIRECTION('',(0.E0,0.E0,1.E0));
#806=DIRECTION('',(0.E0,1.E0,0.E0));
#807=AXIS2_PLACEMENT_3D('',#804,#805,#806);
#809=CARTESIAN_POINT('',(0.E0,0.E0,5.9E0));
#810=DIRECTION('',(0.E0,0.E0,-1.E0));
#811=DIRECTION('',(0.E0,1.E0,0.E0));
#812=AXIS2_PLACEMENT_3D('',#809,#810,#811);
#814=CARTESIAN_POINT('',(0.E0,0.E0,-4.7E0));
#815=DIRECTION('',(0.E0,0.E0,-1.E0));
#816=DIRECTION('',(0.E0,1.E0,0.E0));
#817=AXIS2_PLACEMENT_3D('',#814,#815,#816);
#819=CARTESIAN_POINT('',(0.E0,0.E0,-4.7E0));
#820=DIRECTION('',(0.E0,0.E0,1.E0));
#821=DIRECTION('',(0.E0,1.E0,0.E0));
#822=AXIS2_PLACEMENT_3D('',#819,#820,#821);
#824=DIRECTION('',(0.E0,0.E0,1.E0));
#825=VECTOR('',#824,2.7E0);
#826=CARTESIAN_POINT('',(0.E0,1.18E1,-4.7E0));
#827=LINE('',#826,#825);
#828=DIRECTION('',(0.E0,0.E0,1.E0));
#829=VECTOR('',#828,2.7E0);
#830=CARTESIAN_POINT('',(0.E0,-1.18E1,-4.7E0));
#831=LINE('',#830,#829);
#832=CARTESIAN_POINT('',(0.E0,0.E0,-4.7E0));
#833=DIRECTION('',(0.E0,0.E0,1.E0));
#834=DIRECTION('',(0.E0,1.E0,0.E0));
#835=AXIS2_PLACEMENT_3D('',#832,#833,#834);
#837=CARTESIAN_POINT('',(0.E0,0.E0,-4.7E0));
#838=DIRECTION('',(0.E0,0.E0,-1.E0));
#839=DIRECTION('',(0.E0,1.E0,0.E0));
#840=AXIS2_PLACEMENT_3D('',#837,#838,#839);
#842=CARTESIAN_POINT('',(0.E0,0.E0,-2.E0));
#843=DIRECTION('',(0.E0,0.E0,-1.E0));
#844=DIRECTION('',(0.E0,1.E0,0.E0));
#845=AXIS2_PLACEMENT_3D('',#842,#843,#844);
#847=CARTESIAN_POINT('',(0.E0,0.E0,-2.E0));
#848=DIRECTION('',(0.E0,0.E0,1.E0));
#849=DIRECTION('',(0.E0,1.E0,0.E0));
#850=AXIS2_PLACEMENT_3D('',#847,#848,#849);
#852=CARTESIAN_POINT('',(9.5E0,1.2E1,-2.E0));
#853=DIRECTION('',(0.E0,0.E0,1.E0));
#854=DIRECTION('',(1.E0,0.E0,0.E0));
#855=AXIS2_PLACEMENT_3D('',#852,#853,#854);
#857=CARTESIAN_POINT('',(9.5E0,1.2E1,-2.E0));
#858=DIRECTION('',(0.E0,0.E0,1.E0));
#859=DIRECTION('',(-1.E0,0.E0,0.E0));
#860=AXIS2_PLACEMENT_3D('',#857,#858,#859);
#862=CARTESIAN_POINT('',(-9.5E0,-1.2E1,-2.E0));
#863=DIRECTION('',(0.E0,0.E0,1.E0));
#864=DIRECTION('',(-1.E0,0.E0,0.E0));
#865=AXIS2_PLACEMENT_3D('',#862,#863,#864);
#867=CARTESIAN_POINT('',(-9.5E0,-1.2E1,-2.E0));
#868=DIRECTION('',(0.E0,0.E0,1.E0));
#869=DIRECTION('',(1.E0,0.E0,0.E0));
#870=AXIS2_PLACEMENT_3D('',#867,#868,#869);
#872=CARTESIAN_POINT('',(-9.5E0,1.2E1,-2.E0));
#873=DIRECTION('',(0.E0,0.E0,-1.E0));
#874=DIRECTION('',(-1.E0,0.E0,0.E0));
#875=AXIS2_PLACEMENT_3D('',#872,#873,#874);
#877=DIRECTION('',(0.E0,1.E0,0.E0));
#878=VECTOR('',#877,2.4E1);
#879=CARTESIAN_POINT('',(-1.27E1,-1.2E1,-2.E0));
#880=LINE('',#879,#878);
#881=CARTESIAN_POINT('',(-9.5E0,-1.2E1,-2.E0));
#882=DIRECTION('',(0.E0,0.E0,-1.E0));
#883=DIRECTION('',(0.E0,-1.E0,0.E0));
#884=AXIS2_PLACEMENT_3D('',#881,#882,#883);
#886=DIRECTION('',(-1.E0,0.E0,0.E0));
#887=VECTOR('',#886,1.9E1);
#888=CARTESIAN_POINT('',(9.5E0,-1.52E1,-2.E0));
#889=LINE('',#888,#887);
#890=CARTESIAN_POINT('',(9.5E0,-1.2E1,-2.E0));
#891=DIRECTION('',(0.E0,0.E0,-1.E0));
#892=DIRECTION('',(1.E0,0.E0,0.E0));
#893=AXIS2_PLACEMENT_3D('',#890,#891,#892);
#895=DIRECTION('',(0.E0,-1.E0,0.E0));
#896=VECTOR('',#895,2.4E1);
#897=CARTESIAN_POINT('',(1.27E1,1.2E1,-2.E0));
#898=LINE('',#897,#896);
#899=CARTESIAN_POINT('',(9.5E0,1.2E1,-2.E0));
#900=DIRECTION('',(0.E0,0.E0,-1.E0));
#901=DIRECTION('',(0.E0,1.E0,0.E0));
#902=AXIS2_PLACEMENT_3D('',#899,#900,#901);
#904=DIRECTION('',(1.E0,0.E0,0.E0));
#905=VECTOR('',#904,1.9E1);
#906=CARTESIAN_POINT('',(-9.5E0,1.52E1,-2.E0));
#907=LINE('',#906,#905);
#908=DIRECTION('',(-7.071067811865E-1,1.420748584142E-8,7.071067811865E-1));
#909=VECTOR('',#908,1.767766947874E0);
#910=CARTESIAN_POINT('',(1.249999999360E1,1.199999995535E1,-1.999999993599E0));
#911=LINE('',#910,#909);
#912=DIRECTION('',(7.071067811865E-1,-1.420748584142E-8,7.071067811865E-1));
#913=VECTOR('',#912,1.767766947874E0);
#914=CARTESIAN_POINT('',(6.500000006401E0,1.200000004465E1,-1.999999993599E0));
#915=LINE('',#914,#913);
#916=CARTESIAN_POINT('',(9.5E0,1.2E1,-7.5E-1));
#917=DIRECTION('',(0.E0,0.E0,1.E0));
#918=DIRECTION('',(-1.E0,0.E0,0.E0));
#919=AXIS2_PLACEMENT_3D('',#916,#917,#918);
#921=DIRECTION('',(3.734086831474E-9,2.604573041050E-8,-1.E0));
#922=VECTOR('',#921,7.499999971994E-1);
#923=CARTESIAN_POINT('',(7.75E0,1.2E1,0.E0));
#924=LINE('',#923,#922);
#925=CARTESIAN_POINT('',(9.5E0,1.2E1,-7.5E-1));
#926=DIRECTION('',(0.E0,0.E0,1.E0));
#927=DIRECTION('',(1.E0,0.E0,0.E0));
#928=AXIS2_PLACEMENT_3D('',#925,#926,#927);
#930=DIRECTION('',(-3.734086831474E-9,-2.604572567355E-8,-1.E0));
#931=VECTOR('',#930,7.499999971994E-1);
#932=CARTESIAN_POINT('',(1.125E1,1.2E1,0.E0));
#933=LINE('',#932,#931);
#934=DIRECTION('',(7.071067811865E-1,-1.420748584142E-8,7.071067811865E-1));
#935=VECTOR('',#934,1.767766947874E0);
#936=CARTESIAN_POINT('',(-1.249999999360E1,-1.199999995535E1,
-1.999999993599E0));
#937=LINE('',#936,#935);
#938=DIRECTION('',(-7.071067811865E-1,1.420748483656E-8,7.071067811865E-1));
#939=VECTOR('',#938,1.767766947874E0);
#940=CARTESIAN_POINT('',(-6.500000006401E0,-1.200000004465E1,
-1.999999993599E0));
#941=LINE('',#940,#939);
#942=CARTESIAN_POINT('',(-9.5E0,-1.2E1,-7.5E-1));
#943=DIRECTION('',(0.E0,0.E0,1.E0));
#944=DIRECTION('',(1.E0,0.E0,0.E0));
#945=AXIS2_PLACEMENT_3D('',#942,#943,#944);
#947=DIRECTION('',(-3.734086831474E-9,-2.604572567355E-8,-1.E0));
#948=VECTOR('',#947,7.499999971994E-1);
#949=CARTESIAN_POINT('',(-7.75E0,-1.2E1,0.E0));
#950=LINE('',#949,#948);
#951=CARTESIAN_POINT('',(-9.5E0,-1.2E1,-7.5E-1));
#952=DIRECTION('',(0.E0,0.E0,1.E0));
#953=DIRECTION('',(-1.E0,0.E0,0.E0));
#954=AXIS2_PLACEMENT_3D('',#951,#952,#953);
#956=DIRECTION('',(3.734086831474E-9,2.604573041050E-8,-1.E0));
#957=VECTOR('',#956,7.499999971994E-1);
#958=CARTESIAN_POINT('',(-1.125E1,-1.2E1,0.E0));
#959=LINE('',#958,#957);
#960=CARTESIAN_POINT('',(-1.27E1,1.2E1,-1.7E0));
#961=DIRECTION('',(0.E0,1.E0,0.E0));
#962=DIRECTION('',(0.E0,0.E0,-1.E0));
#963=AXIS2_PLACEMENT_3D('',#960,#961,#962);
#965=CARTESIAN_POINT('',(-9.5E0,1.52E1,-1.7E0));
#966=DIRECTION('',(1.E0,0.E0,0.E0));
#967=DIRECTION('',(0.E0,0.E0,-1.E0));
#968=AXIS2_PLACEMENT_3D('',#965,#966,#967);
#970=CARTESIAN_POINT('',(9.5E0,1.52E1,-1.7E0));
#971=DIRECTION('',(1.E0,0.E0,0.E0));
#972=DIRECTION('',(0.E0,0.E0,-1.E0));
#973=AXIS2_PLACEMENT_3D('',#970,#971,#972);
#975=CARTESIAN_POINT('',(1.27E1,1.2E1,-1.7E0));
#976=DIRECTION('',(0.E0,-1.E0,0.E0));
#977=DIRECTION('',(0.E0,0.E0,-1.E0));
#978=AXIS2_PLACEMENT_3D('',#975,#976,#977);
#980=CARTESIAN_POINT('',(1.27E1,-1.2E1,-1.7E0));
#981=DIRECTION('',(0.E0,-1.E0,0.E0));
#982=DIRECTION('',(0.E0,0.E0,-1.E0));
#983=AXIS2_PLACEMENT_3D('',#980,#981,#982);
#985=CARTESIAN_POINT('',(9.5E0,-1.52E1,-1.7E0));
#986=DIRECTION('',(-1.E0,0.E0,0.E0));
#987=DIRECTION('',(0.E0,0.E0,-1.E0));
#988=AXIS2_PLACEMENT_3D('',#985,#986,#987);
#990=CARTESIAN_POINT('',(-9.5E0,-1.52E1,-1.7E0));
#991=DIRECTION('',(-1.E0,0.E0,0.E0));
#992=DIRECTION('',(0.E0,0.E0,-1.E0));
#993=AXIS2_PLACEMENT_3D('',#990,#991,#992);
#995=CARTESIAN_POINT('',(-1.27E1,-1.2E1,-1.7E0));
#996=DIRECTION('',(0.E0,1.E0,0.E0));
#997=DIRECTION('',(0.E0,0.E0,-1.E0));
#998=AXIS2_PLACEMENT_3D('',#995,#996,#997);
#1000=DIRECTION('',(0.E0,1.E0,0.E0));
#1001=VECTOR('',#1000,2.399999999998E1);
#1002=CARTESIAN_POINT('',(-1.3E1,-1.199999999999E1,-1.7E0));
#1003=LINE('',#1002,#1001);
#1004=DIRECTION('',(0.E0,5.966469148809E-12,-1.E0));
#1005=VECTOR('',#1004,1.7E0);
#1006=CARTESIAN_POINT('',(-1.3E1,-1.2E1,0.E0));
#1007=LINE('',#1006,#1005);
#1008=CARTESIAN_POINT('',(-9.5E0,1.2E1,-1.7E0));
#1009=DIRECTION('',(0.E0,0.E0,-1.E0));
#1010=DIRECTION('',(-1.E0,0.E0,0.E0));
#1011=AXIS2_PLACEMENT_3D('',#1008,#1009,#1010);
#1013=DIRECTION('',(0.E0,-6.230832843143E-12,-1.E0));
#1014=VECTOR('',#1013,1.7E0);
#1015=CARTESIAN_POINT('',(-1.3E1,1.2E1,0.E0));
#1016=LINE('',#1015,#1014);
#1017=DIRECTION('',(1.E0,0.E0,0.E0));
#1018=VECTOR('',#1017,1.899999999998E1);
#1019=CARTESIAN_POINT('',(-9.499999999990E0,1.55E1,-1.7E0));
#1020=LINE('',#1019,#1018);
#1021=DIRECTION('',(5.966469148809E-12,0.E0,-1.E0));
#1022=VECTOR('',#1021,1.7E0);
#1023=CARTESIAN_POINT('',(-9.5E0,1.55E1,0.E0));
#1024=LINE('',#1023,#1022);
#1025=CARTESIAN_POINT('',(9.5E0,1.2E1,-1.7E0));
#1026=DIRECTION('',(0.E0,0.E0,-1.E0));
#1027=DIRECTION('',(0.E0,1.E0,0.E0));
#1028=AXIS2_PLACEMENT_3D('',#1025,#1026,#1027);
#1030=DIRECTION('',(-6.228743011568E-12,0.E0,-1.E0));
#1031=VECTOR('',#1030,1.7E0);
#1032=CARTESIAN_POINT('',(9.5E0,1.55E1,0.E0));
#1033=LINE('',#1032,#1031);
#1034=DIRECTION('',(0.E0,-1.E0,0.E0));
#1035=VECTOR('',#1034,2.399999999998E1);
#1036=CARTESIAN_POINT('',(1.3E1,1.199999999999E1,-1.7E0));
#1037=LINE('',#1036,#1035);
#1038=DIRECTION('',(0.E0,-5.967514064597E-12,-1.E0));
#1039=VECTOR('',#1038,1.7E0);
#1040=CARTESIAN_POINT('',(1.3E1,1.2E1,0.E0));
#1041=LINE('',#1040,#1039);
#1042=CARTESIAN_POINT('',(9.5E0,-1.2E1,-1.7E0));
#1043=DIRECTION('',(0.E0,0.E0,-1.E0));
#1044=DIRECTION('',(1.E0,0.E0,0.E0));
#1045=AXIS2_PLACEMENT_3D('',#1042,#1043,#1044);
#1047=DIRECTION('',(0.E0,6.231877758931E-12,-1.E0));
#1048=VECTOR('',#1047,1.7E0);
#1049=CARTESIAN_POINT('',(1.3E1,-1.2E1,0.E0));
#1050=LINE('',#1049,#1048);
#1051=DIRECTION('',(-1.E0,0.E0,0.E0));
#1052=VECTOR('',#1051,1.899999999998E1);
#1053=CARTESIAN_POINT('',(9.499999999990E0,-1.55E1,-1.7E0));
#1054=LINE('',#1053,#1052);
#1055=DIRECTION('',(-5.963334401445E-12,0.E0,-1.E0));
#1056=VECTOR('',#1055,1.7E0);
#1057=CARTESIAN_POINT('',(9.5E0,-1.55E1,0.E0));
#1058=LINE('',#1057,#1056);
#1059=CARTESIAN_POINT('',(-9.5E0,-1.2E1,-1.7E0));
#1060=DIRECTION('',(0.E0,0.E0,-1.E0));
#1061=DIRECTION('',(0.E0,-1.E0,0.E0));
#1062=AXIS2_PLACEMENT_3D('',#1059,#1060,#1061);
#1064=DIRECTION('',(6.231877758931E-12,0.E0,-1.E0));
#1065=VECTOR('',#1064,1.7E0);
#1066=CARTESIAN_POINT('',(-9.5E0,-1.55E1,0.E0));
#1067=LINE('',#1066,#1065);
#1068=CARTESIAN_POINT('',(0.E0,1.1E1,0.E0));
#1069=CARTESIAN_POINT('',(0.E0,1.1E1,8.3E0));
#1070=VERTEX_POINT('',#1068);
#1071=VERTEX_POINT('',#1069);
#1072=CARTESIAN_POINT('',(0.E0,9.8E0,5.9E0));
#1073=CARTESIAN_POINT('',(0.E0,9.8E0,-4.7E0));
#1074=VERTEX_POINT('',#1072);
#1075=VERTEX_POINT('',#1073);
#1076=CARTESIAN_POINT('',(0.E0,1.18E1,-4.7E0));
#1077=CARTESIAN_POINT('',(0.E0,1.18E1,-2.E0));
#1078=VERTEX_POINT('',#1076);
#1079=VERTEX_POINT('',#1077);
#1080=CARTESIAN_POINT('',(0.E0,-1.1E1,0.E0));
#1081=CARTESIAN_POINT('',(0.E0,-1.1E1,8.3E0));
#1082=VERTEX_POINT('',#1080);
#1083=VERTEX_POINT('',#1081);
#1084=CARTESIAN_POINT('',(0.E0,-9.8E0,5.9E0));
#1085=CARTESIAN_POINT('',(0.E0,-9.8E0,-4.7E0));
#1086=VERTEX_POINT('',#1084);
#1087=VERTEX_POINT('',#1085);
#1088=CARTESIAN_POINT('',(0.E0,-1.18E1,-4.7E0));
#1089=CARTESIAN_POINT('',(0.E0,-1.18E1,-2.E0));
#1090=VERTEX_POINT('',#1088);
#1091=VERTEX_POINT('',#1089);
#1092=CARTESIAN_POINT('',(0.E0,4.85E0,1.79E1));
#1093=CARTESIAN_POINT('',(0.E0,-4.85E0,1.79E1));
#1094=VERTEX_POINT('',#1092);
#1095=VERTEX_POINT('',#1093);
#1096=CARTESIAN_POINT('',(0.E0,4.85E0,2.89E1));
#1097=CARTESIAN_POINT('',(0.E0,-4.85E0,2.89E1));
#1098=VERTEX_POINT('',#1096);
#1099=VERTEX_POINT('',#1097);
#1100=CARTESIAN_POINT('',(0.E0,4.85E0,-5.1E0));
#1101=CARTESIAN_POINT('',(0.E0,-4.85E0,-5.1E0));
#1102=VERTEX_POINT('',#1100);
#1103=VERTEX_POINT('',#1101);
#1104=CARTESIAN_POINT('',(0.E0,4.85E0,5.9E0));
#1105=CARTESIAN_POINT('',(0.E0,-4.85E0,5.9E0));
#1106=VERTEX_POINT('',#1104);
#1107=VERTEX_POINT('',#1105);
#1108=CARTESIAN_POINT('',(1.125E1,1.2E1,0.E0));
#1109=CARTESIAN_POINT('',(7.75E0,1.2E1,0.E0));
#1110=VERTEX_POINT('',#1108);
#1111=VERTEX_POINT('',#1109);
#1112=CARTESIAN_POINT('',(-7.75E0,-1.2E1,0.E0));
#1113=CARTESIAN_POINT('',(-1.125E1,-1.2E1,0.E0));
#1114=VERTEX_POINT('',#1112);
#1115=VERTEX_POINT('',#1113);
#1116=CARTESIAN_POINT('',(1.3E1,1.2E1,0.E0));
#1117=CARTESIAN_POINT('',(9.5E0,1.55E1,0.E0));
#1118=VERTEX_POINT('',#1116);
#1119=VERTEX_POINT('',#1117);
#1120=CARTESIAN_POINT('',(1.3E1,-1.2E1,0.E0));
#1121=VERTEX_POINT('',#1120);
#1122=CARTESIAN_POINT('',(9.5E0,-1.55E1,0.E0));
#1123=VERTEX_POINT('',#1122);
#1124=CARTESIAN_POINT('',(-9.5E0,-1.55E1,0.E0));
#1125=VERTEX_POINT('',#1124);
#1126=CARTESIAN_POINT('',(-1.3E1,-1.2E1,0.E0));
#1127=VERTEX_POINT('',#1126);
#1128=CARTESIAN_POINT('',(-1.3E1,1.2E1,0.E0));
#1129=VERTEX_POINT('',#1128);
#1130=CARTESIAN_POINT('',(-9.5E0,1.55E1,0.E0));
#1131=VERTEX_POINT('',#1130);
#1132=CARTESIAN_POINT('',(0.E0,-5.5E0,-1.9E0));
#1133=CARTESIAN_POINT('',(0.E0,-5.5E0,1.E-1));
#1134=VERTEX_POINT('',#1132);
#1135=VERTEX_POINT('',#1133);
#1136=CARTESIAN_POINT('',(0.E0,-5.5E0,2.37E1));
#1137=CARTESIAN_POINT('',(0.E0,-5.5E0,2.57E1));
#1138=VERTEX_POINT('',#1136);
#1139=VERTEX_POINT('',#1137);
#1140=CARTESIAN_POINT('',(0.E0,5.5E0,-1.9E0));
#1141=CARTESIAN_POINT('',(0.E0,5.5E0,1.E-1));
#1142=VERTEX_POINT('',#1140);
#1143=VERTEX_POINT('',#1141);
#1144=CARTESIAN_POINT('',(0.E0,5.5E0,2.37E1));
#1145=CARTESIAN_POINT('',(0.E0,5.5E0,2.57E1));
#1146=VERTEX_POINT('',#1144);
#1147=VERTEX_POINT('',#1145);
#1148=VERTEX_POINT('',#356);
#1149=VERTEX_POINT('',#370);
#1150=VERTEX_POINT('',#377);
#1151=VERTEX_POINT('',#391);
#1152=VERTEX_POINT('',#637);
#1153=VERTEX_POINT('',#651);
#1154=VERTEX_POINT('',#658);
#1155=VERTEX_POINT('',#672);
#1156=CARTESIAN_POINT('',(0.E0,7.E-1,2.04E1));
#1157=CARTESIAN_POINT('',(0.E0,7.E-1,2.54E1));
#1158=VERTEX_POINT('',#1156);
#1159=VERTEX_POINT('',#1157);
#1160=CARTESIAN_POINT('',(0.E0,1.05E0,2.54E1));
#1161=CARTESIAN_POINT('',(0.E0,1.05E0,2.04E1));
#1162=VERTEX_POINT('',#1160);
#1163=VERTEX_POINT('',#1161);
#1164=CARTESIAN_POINT('',(0.E0,1.05E0,3.4E0));
#1165=CARTESIAN_POINT('',(0.E0,1.05E0,-1.6E0));
#1166=VERTEX_POINT('',#1164);
#1167=VERTEX_POINT('',#1165);
#1168=CARTESIAN_POINT('',(0.E0,7.E-1,-1.6E0));
#1169=CARTESIAN_POINT('',(0.E0,7.E-1,3.4E0));
#1170=VERTEX_POINT('',#1168);
#1171=VERTEX_POINT('',#1169);
#1172=CARTESIAN_POINT('',(0.E0,-7.E-1,2.04E1));
#1173=CARTESIAN_POINT('',(0.E0,-7.E-1,2.54E1));
#1174=VERTEX_POINT('',#1172);
#1175=VERTEX_POINT('',#1173);
#1176=CARTESIAN_POINT('',(0.E0,-1.05E0,2.54E1));
#1177=CARTESIAN_POINT('',(0.E0,-1.05E0,2.04E1));
#1178=VERTEX_POINT('',#1176);
#1179=VERTEX_POINT('',#1177);
#1180=CARTESIAN_POINT('',(0.E0,-1.05E0,3.4E0));
#1181=CARTESIAN_POINT('',(0.E0,-1.05E0,-1.6E0));
#1182=VERTEX_POINT('',#1180);
#1183=VERTEX_POINT('',#1181);
#1184=CARTESIAN_POINT('',(0.E0,-7.E-1,-1.6E0));
#1185=CARTESIAN_POINT('',(0.E0,-7.E-1,3.4E0));
#1186=VERTEX_POINT('',#1184);
#1187=VERTEX_POINT('',#1185);
#1188=CARTESIAN_POINT('',(0.E0,4.05E0,2.04E1));
#1189=CARTESIAN_POINT('',(0.E0,-4.05E0,2.04E1));
#1190=VERTEX_POINT('',#1188);
#1191=VERTEX_POINT('',#1189);
#1192=CARTESIAN_POINT('',(0.E0,4.05E0,3.4E0));
#1193=CARTESIAN_POINT('',(0.E0,-4.05E0,3.4E0));
#1194=VERTEX_POINT('',#1192);
#1195=VERTEX_POINT('',#1193);
#1196=CARTESIAN_POINT('',(0.E0,4.1E0,2.89E1));
#1197=CARTESIAN_POINT('',(0.E0,-4.1E0,2.89E1));
#1198=VERTEX_POINT('',#1196);
#1199=VERTEX_POINT('',#1197);
#1200=CARTESIAN_POINT('',(0.E0,4.1E0,-5.1E0));
#1201=CARTESIAN_POINT('',(0.E0,-4.1E0,-5.1E0));
#1202=VERTEX_POINT('',#1200);
#1203=VERTEX_POINT('',#1201);
#1204=CARTESIAN_POINT('',(1.25E1,1.2E1,-2.E0));
#1205=CARTESIAN_POINT('',(6.5E0,1.2E1,-2.E0));
#1206=VERTEX_POINT('',#1204);
#1207=VERTEX_POINT('',#1205);
#1208=CARTESIAN_POINT('',(1.125E1,1.2E1,-7.5E-1));
#1209=CARTESIAN_POINT('',(7.75E0,1.2E1,-7.5E-1));
#1210=VERTEX_POINT('',#1208);
#1211=VERTEX_POINT('',#1209);
#1212=CARTESIAN_POINT('',(-1.25E1,-1.2E1,-2.E0));
#1213=CARTESIAN_POINT('',(-6.5E0,-1.2E1,-2.E0));
#1214=VERTEX_POINT('',#1212);
#1215=VERTEX_POINT('',#1213);
#1216=CARTESIAN_POINT('',(-1.125E1,-1.2E1,-7.5E-1));
#1217=CARTESIAN_POINT('',(-7.75E0,-1.2E1,-7.5E-1));
#1218=VERTEX_POINT('',#1216);
#1219=VERTEX_POINT('',#1217);
#1220=CARTESIAN_POINT('',(-1.27E1,1.2E1,-2.E0));
#1221=CARTESIAN_POINT('',(-9.5E0,1.52E1,-2.E0));
#1222=VERTEX_POINT('',#1220);
#1223=VERTEX_POINT('',#1221);
#1224=CARTESIAN_POINT('',(-1.3E1,1.2E1,-1.7E0));
#1225=CARTESIAN_POINT('',(-9.5E0,1.55E1,-1.7E0));
#1226=VERTEX_POINT('',#1224);
#1227=VERTEX_POINT('',#1225);
#1228=CARTESIAN_POINT('',(9.5E0,1.52E1,-2.E0));
#1229=VERTEX_POINT('',#1228);
#1230=CARTESIAN_POINT('',(9.499999999989E0,1.55E1,-1.7E0));
#1231=VERTEX_POINT('',#1230);
#1232=CARTESIAN_POINT('',(1.27E1,1.2E1,-2.E0));
#1233=VERTEX_POINT('',#1232);
#1234=CARTESIAN_POINT('',(1.3E1,1.2E1,-1.7E0));
#1235=VERTEX_POINT('',#1234);
#1236=CARTESIAN_POINT('',(1.27E1,-1.2E1,-2.E0));
#1237=VERTEX_POINT('',#1236);
#1238=CARTESIAN_POINT('',(1.3E1,-1.199999999999E1,-1.7E0));
#1239=VERTEX_POINT('',#1238);
#1240=CARTESIAN_POINT('',(9.5E0,-1.52E1,-2.E0));
#1241=VERTEX_POINT('',#1240);
#1242=CARTESIAN_POINT('',(9.5E0,-1.55E1,-1.7E0));
#1243=VERTEX_POINT('',#1242);
#1244=CARTESIAN_POINT('',(-9.5E0,-1.52E1,-2.E0));
#1245=VERTEX_POINT('',#1244);
#1246=CARTESIAN_POINT('',(-9.499999999989E0,-1.55E1,-1.7E0));
#1247=VERTEX_POINT('',#1246);
#1248=CARTESIAN_POINT('',(-1.27E1,-1.2E1,-2.E0));
#1249=VERTEX_POINT('',#1248);
#1250=CARTESIAN_POINT('',(-1.3E1,-1.2E1,-1.7E0));
#1251=VERTEX_POINT('',#1250);
#1252=CARTESIAN_POINT('',(0.E0,9.E0,8.3E0));
#1253=CARTESIAN_POINT('',(0.E0,9.E0,1.43E1));
#1254=VERTEX_POINT('',#1252);
#1255=VERTEX_POINT('',#1253);
#1256=CARTESIAN_POINT('',(0.E0,6.3E0,1.43E1));
#1257=CARTESIAN_POINT('',(0.E0,6.3E0,1.79E1));
#1258=VERTEX_POINT('',#1256);
#1259=VERTEX_POINT('',#1257);
#1260=CARTESIAN_POINT('',(0.E0,-9.E0,8.3E0));
#1261=CARTESIAN_POINT('',(0.E0,-9.E0,1.43E1));
#1262=VERTEX_POINT('',#1260);
#1263=VERTEX_POINT('',#1261);
#1264=CARTESIAN_POINT('',(0.E0,-6.3E0,1.43E1));
#1265=CARTESIAN_POINT('',(0.E0,-6.3E0,1.79E1));
#1266=VERTEX_POINT('',#1264);
#1267=VERTEX_POINT('',#1265);
#1268=CARTESIAN_POINT('',(0.E0,0.E0,0.E0));
#1269=DIRECTION('',(0.E0,0.E0,-1.E0));
#1270=DIRECTION('',(0.E0,-1.E0,0.E0));
#1271=AXIS2_PLACEMENT_3D('',#1268,#1269,#1270);
#1272=PLANE('',#1271);
#1274=ORIENTED_EDGE('',*,*,#1273,.F.);
#1276=ORIENTED_EDGE('',*,*,#1275,.T.);
#1278=ORIENTED_EDGE('',*,*,#1277,.F.);
#1280=ORIENTED_EDGE('',*,*,#1279,.T.);
#1282=ORIENTED_EDGE('',*,*,#1281,.F.);
#1284=ORIENTED_EDGE('',*,*,#1283,.T.);
#1286=ORIENTED_EDGE('',*,*,#1285,.F.);
#1288=ORIENTED_EDGE('',*,*,#1287,.T.);
#1289=EDGE_LOOP('',(#1274,#1276,#1278,#1280,#1282,#1284,#1286,#1288));
#1290=FACE_OUTER_BOUND('',#1289,.F.);
#1292=ORIENTED_EDGE('',*,*,#1291,.T.);
#1294=ORIENTED_EDGE('',*,*,#1293,.T.);
#1295=EDGE_LOOP('',(#1292,#1294));
#1296=FACE_BOUND('',#1295,.F.);
#1298=ORIENTED_EDGE('',*,*,#1297,.T.);
#1300=ORIENTED_EDGE('',*,*,#1299,.T.);
#1301=EDGE_LOOP('',(#1298,#1300));
#1302=FACE_BOUND('',#1301,.F.);
#1304=ORIENTED_EDGE('',*,*,#1303,.F.);
#1306=ORIENTED_EDGE('',*,*,#1305,.T.);
#1307=EDGE_LOOP('',(#1304,#1306));
#1308=FACE_BOUND('',#1307,.F.);
#1310=CARTESIAN_POINT('',(0.E0,0.E0,3.06E1));
#1311=DIRECTION('',(0.E0,0.E0,-1.E0));
#1312=DIRECTION('',(0.E0,-1.E0,0.E0));
#1313=AXIS2_PLACEMENT_3D('',#1310,#1311,#1312);
#1314=CYLINDRICAL_SURFACE('',#1313,1.1E1);
#1316=ORIENTED_EDGE('',*,*,#1315,.F.);
#1317=ORIENTED_EDGE('',*,*,#1303,.T.);
#1319=ORIENTED_EDGE('',*,*,#1318,.T.);
#1321=ORIENTED_EDGE('',*,*,#1320,.F.);
#1322=EDGE_LOOP('',(#1316,#1317,#1319,#1321));
#1323=FACE_OUTER_BOUND('',#1322,.F.);
#1325=CARTESIAN_POINT('',(0.E0,0.E0,3.06E1));
#1326=DIRECTION('',(0.E0,0.E0,-1.E0));
#1327=DIRECTION('',(0.E0,-1.E0,0.E0));
#1328=AXIS2_PLACEMENT_3D('',#1325,#1326,#1327);
#1329=CYLINDRICAL_SURFACE('',#1328,1.1E1);
#1330=ORIENTED_EDGE('',*,*,#1315,.T.);
#1332=ORIENTED_EDGE('',*,*,#1331,.T.);
#1333=ORIENTED_EDGE('',*,*,#1318,.F.);
#1334=ORIENTED_EDGE('',*,*,#1305,.F.);
#1335=EDGE_LOOP('',(#1330,#1332,#1333,#1334));
#1336=FACE_OUTER_BOUND('',#1335,.F.);
#1338=CARTESIAN_POINT('',(0.E0,0.E0,8.3E0));
#1339=DIRECTION('',(0.E0,0.E0,-1.E0));
#1340=DIRECTION('',(0.E0,-1.E0,0.E0));
#1341=AXIS2_PLACEMENT_3D('',#1338,#1339,#1340);
#1342=PLANE('',#1341);
#1343=ORIENTED_EDGE('',*,*,#1331,.F.);
#1344=ORIENTED_EDGE('',*,*,#1320,.T.);
#1345=EDGE_LOOP('',(#1343,#1344));
#1346=FACE_OUTER_BOUND('',#1345,.F.);
#1348=ORIENTED_EDGE('',*,*,#1347,.F.);
#1350=ORIENTED_EDGE('',*,*,#1349,.T.);
#1351=EDGE_LOOP('',(#1348,#1350));
#1352=FACE_BOUND('',#1351,.F.);
#1354=CARTESIAN_POINT('',(0.E0,0.E0,3.06E1));
#1355=DIRECTION('',(0.E0,0.E0,-1.E0));
#1356=DIRECTION('',(0.E0,-1.E0,0.E0));
#1357=AXIS2_PLACEMENT_3D('',#1354,#1355,#1356);
#1358=CYLINDRICAL_SURFACE('',#1357,9.E0);
#1360=ORIENTED_EDGE('',*,*,#1359,.F.);
#1361=ORIENTED_EDGE('',*,*,#1347,.T.);
#1363=ORIENTED_EDGE('',*,*,#1362,.T.);
#1365=ORIENTED_EDGE('',*,*,#1364,.F.);
#1366=EDGE_LOOP('',(#1360,#1361,#1363,#1365));
#1367=FACE_OUTER_BOUND('',#1366,.F.);
#1369=CARTESIAN_POINT('',(0.E0,0.E0,3.06E1));
#1370=DIRECTION('',(0.E0,0.E0,-1.E0));
#1371=DIRECTION('',(0.E0,-1.E0,0.E0));
#1372=AXIS2_PLACEMENT_3D('',#1369,#1370,#1371);
#1373=CYLINDRICAL_SURFACE('',#1372,9.E0);
#1374=ORIENTED_EDGE('',*,*,#1359,.T.);
#1376=ORIENTED_EDGE('',*,*,#1375,.T.);
#1377=ORIENTED_EDGE('',*,*,#1362,.F.);
#1378=ORIENTED_EDGE('',*,*,#1349,.F.);
#1379=EDGE_LOOP('',(#1374,#1376,#1377,#1378));
#1380=FACE_OUTER_BOUND('',#1379,.F.);
#1382=CARTESIAN_POINT('',(0.E0,0.E0,1.43E1));
#1383=DIRECTION('',(0.E0,0.E0,-1.E0));
#1384=DIRECTION('',(0.E0,-1.E0,0.E0));
#1385=AXIS2_PLACEMENT_3D('',#1382,#1383,#1384);
#1386=PLANE('',#1385);
#1387=ORIENTED_EDGE('',*,*,#1375,.F.);
#1388=ORIENTED_EDGE('',*,*,#1364,.T.);
#1389=EDGE_LOOP('',(#1387,#1388));
#1390=FACE_OUTER_BOUND('',#1389,.F.);
#1392=ORIENTED_EDGE('',*,*,#1391,.F.);
#1394=ORIENTED_EDGE('',*,*,#1393,.T.);
#1395=EDGE_LOOP('',(#1392,#1394));
#1396=FACE_BOUND('',#1395,.F.);
#1398=CARTESIAN_POINT('',(0.E0,0.E0,3.06E1));
#1399=DIRECTION('',(0.E0,0.E0,-1.E0));
#1400=DIRECTION('',(0.E0,-1.E0,0.E0));
#1401=AXIS2_PLACEMENT_3D('',#1398,#1399,#1400);
#1402=CYLINDRICAL_SURFACE('',#1401,6.3E0);
#1404=ORIENTED_EDGE('',*,*,#1403,.F.);
#1405=ORIENTED_EDGE('',*,*,#1391,.T.);
#1407=ORIENTED_EDGE('',*,*,#1406,.T.);
#1409=ORIENTED_EDGE('',*,*,#1408,.F.);
#1410=EDGE_LOOP('',(#1404,#1405,#1407,#1409));
#1411=FACE_OUTER_BOUND('',#1410,.F.);
#1413=CARTESIAN_POINT('',(0.E0,0.E0,3.06E1));
#1414=DIRECTION('',(0.E0,0.E0,-1.E0));
#1415=DIRECTION('',(0.E0,-1.E0,0.E0));
#1416=AXIS2_PLACEMENT_3D('',#1413,#1414,#1415);
#1417=CYLINDRICAL_SURFACE('',#1416,6.3E0);
#1418=ORIENTED_EDGE('',*,*,#1403,.T.);
#1420=ORIENTED_EDGE('',*,*,#1419,.T.);
#1421=ORIENTED_EDGE('',*,*,#1406,.F.);
#1422=ORIENTED_EDGE('',*,*,#1393,.F.);
#1423=EDGE_LOOP('',(#1418,#1420,#1421,#1422));
#1424=FACE_OUTER_BOUND('',#1423,.F.);
#1426=CARTESIAN_POINT('',(0.E0,0.E0,1.79E1));
#1427=DIRECTION('',(0.E0,0.E0,-1.E0));
#1428=DIRECTION('',(0.E0,-1.E0,0.E0));
#1429=AXIS2_PLACEMENT_3D('',#1426,#1427,#1428);
#1430=PLANE('',#1429);
#1431=ORIENTED_EDGE('',*,*,#1419,.F.);
#1432=ORIENTED_EDGE('',*,*,#1408,.T.);
#1433=EDGE_LOOP('',(#1431,#1432));
#1434=FACE_OUTER_BOUND('',#1433,.F.);
#1436=ORIENTED_EDGE('',*,*,#1435,.F.);
#1438=ORIENTED_EDGE('',*,*,#1437,.T.);
#1439=EDGE_LOOP('',(#1436,#1438));
#1440=FACE_BOUND('',#1439,.F.);
#1442=CARTESIAN_POINT('',(0.E0,0.E0,3.06E1));
#1443=DIRECTION('',(0.E0,0.E0,-1.E0));
#1444=DIRECTION('',(0.E0,-1.E0,0.E0));
#1445=AXIS2_PLACEMENT_3D('',#1442,#1443,#1444);
#1446=CYLINDRICAL_SURFACE('',#1445,4.85E0);
#1448=ORIENTED_EDGE('',*,*,#1447,.T.);
#1450=ORIENTED_EDGE('',*,*,#1449,.F.);
#1451=ORIENTED_EDGE('',*,*,#1435,.T.);
#1453=ORIENTED_EDGE('',*,*,#1452,.T.);
#1455=ORIENTED_EDGE('',*,*,#1454,.T.);
#1457=ORIENTED_EDGE('',*,*,#1456,.T.);
#1459=ORIENTED_EDGE('',*,*,#1458,.F.);
#1461=ORIENTED_EDGE('',*,*,#1460,.F.);
#1462=EDGE_LOOP('',(#1448,#1450,#1451,#1453,#1455,#1457,#1459,#1461));
#1463=FACE_OUTER_BOUND('',#1462,.F.);
#1465=CARTESIAN_POINT('',(0.E0,-5.5E0,2.47E1));
#1466=DIRECTION('',(0.E0,1.E0,0.E0));
#1467=DIRECTION('',(0.E0,0.E0,-1.E0));
#1468=AXIS2_PLACEMENT_3D('',#1465,#1466,#1467);
#1469=CYLINDRICAL_SURFACE('',#1468,1.E0);
#1470=ORIENTED_EDGE('',*,*,#1447,.F.);
#1472=ORIENTED_EDGE('',*,*,#1471,.T.);
#1474=ORIENTED_EDGE('',*,*,#1473,.T.);
#1476=ORIENTED_EDGE('',*,*,#1475,.F.);
#1477=EDGE_LOOP('',(#1470,#1472,#1474,#1476));
#1478=FACE_OUTER_BOUND('',#1477,.F.);
#1480=CARTESIAN_POINT('',(0.E0,-5.5E0,2.47E1));
#1481=DIRECTION('',(0.E0,1.E0,0.E0));
#1482=DIRECTION('',(0.E0,0.E0,-1.E0));
#1483=AXIS2_PLACEMENT_3D('',#1480,#1481,#1482);
#1484=CYLINDRICAL_SURFACE('',#1483,1.E0);
#1485=ORIENTED_EDGE('',*,*,#1454,.F.);
#1487=ORIENTED_EDGE('',*,*,#1486,.F.);
#1489=ORIENTED_EDGE('',*,*,#1488,.F.);
#1491=ORIENTED_EDGE('',*,*,#1490,.T.);
#1492=EDGE_LOOP('',(#1485,#1487,#1489,#1491));
#1493=FACE_OUTER_BOUND('',#1492,.F.);
#1495=CARTESIAN_POINT('',(0.E0,-5.5E0,2.47E1));
#1496=DIRECTION('',(0.E0,1.E0,0.E0));
#1497=DIRECTION('',(0.E0,0.E0,-1.E0));
#1498=AXIS2_PLACEMENT_3D('',#1495,#1496,#1497);
#1499=CYLINDRICAL_SURFACE('',#1498,1.E0);
#1501=ORIENTED_EDGE('',*,*,#1500,.F.);
#1502=ORIENTED_EDGE('',*,*,#1490,.F.);
#1504=ORIENTED_EDGE('',*,*,#1503,.F.);
#1505=ORIENTED_EDGE('',*,*,#1486,.T.);
#1506=EDGE_LOOP('',(#1501,#1502,#1504,#1505));
#1507=FACE_OUTER_BOUND('',#1506,.F.);
#1509=CARTESIAN_POINT('',(0.E0,-5.5E0,2.47E1));
#1510=DIRECTION('',(0.E0,1.E0,0.E0));
#1511=DIRECTION('',(0.E0,0.E0,-1.E0));
#1512=AXIS2_PLACEMENT_3D('',#1509,#1510,#1511);
#1513=CYLINDRICAL_SURFACE('',#1512,1.E0);
#1515=ORIENTED_EDGE('',*,*,#1514,.F.);
#1516=ORIENTED_EDGE('',*,*,#1475,.T.);
#1518=ORIENTED_EDGE('',*,*,#1517,.T.);
#1519=ORIENTED_EDGE('',*,*,#1471,.F.);
#1520=EDGE_LOOP('',(#1515,#1516,#1518,#1519));
#1521=FACE_OUTER_BOUND('',#1520,.F.);
#1523=CARTESIAN_POINT('',(0.E0,0.E0,3.06E1));
#1524=DIRECTION('',(0.E0,0.E0,-1.E0));
#1525=DIRECTION('',(0.E0,-1.E0,0.E0));
#1526=AXIS2_PLACEMENT_3D('',#1523,#1524,#1525);
#1527=CYLINDRICAL_SURFACE('',#1526,4.85E0);
#1528=ORIENTED_EDGE('',*,*,#1500,.T.);
#1529=ORIENTED_EDGE('',*,*,#1452,.F.);
#1530=ORIENTED_EDGE('',*,*,#1437,.F.);
#1531=ORIENTED_EDGE('',*,*,#1449,.T.);
#1532=ORIENTED_EDGE('',*,*,#1514,.T.);
#1533=ORIENTED_EDGE('',*,*,#1460,.T.);
#1535=ORIENTED_EDGE('',*,*,#1534,.T.);
#1536=ORIENTED_EDGE('',*,*,#1456,.F.);
#1537=EDGE_LOOP('',(#1528,#1529,#1530,#1531,#1532,#1533,#1535,#1536));
#1538=FACE_OUTER_BOUND('',#1537,.F.);
#1540=CARTESIAN_POINT('',(0.E0,0.E0,2.89E1));
#1541=DIRECTION('',(0.E0,0.E0,-1.E0));
#1542=DIRECTION('',(0.E0,-1.E0,0.E0));
#1543=AXIS2_PLACEMENT_3D('',#1540,#1541,#1542);
#1544=PLANE('',#1543);
#1545=ORIENTED_EDGE('',*,*,#1534,.F.);
#1546=ORIENTED_EDGE('',*,*,#1458,.T.);
#1547=EDGE_LOOP('',(#1545,#1546));
#1548=FACE_OUTER_BOUND('',#1547,.F.);
#1550=ORIENTED_EDGE('',*,*,#1549,.F.);
#1552=ORIENTED_EDGE('',*,*,#1551,.F.);
#1553=EDGE_LOOP('',(#1550,#1552));
#1554=FACE_BOUND('',#1553,.F.);
#1556=CARTESIAN_POINT('',(0.E0,0.E0,2.465E1));
#1557=DIRECTION('',(0.E0,0.E0,1.E0));
#1558=DIRECTION('',(0.E0,1.E0,0.E0));
#1559=AXIS2_PLACEMENT_3D('',#1556,#1557,#1558);
#1560=CONICAL_SURFACE('',#1559,4.075E0,3.370301098578E-1);
#1561=ORIENTED_EDGE('',*,*,#1549,.T.);
#1563=ORIENTED_EDGE('',*,*,#1562,.F.);
#1565=ORIENTED_EDGE('',*,*,#1564,.F.);
#1567=ORIENTED_EDGE('',*,*,#1566,.T.);
#1568=EDGE_LOOP('',(#1561,#1563,#1565,#1567));
#1569=FACE_OUTER_BOUND('',#1568,.F.);
#1571=CARTESIAN_POINT('',(0.E0,0.E0,2.465E1));
#1572=DIRECTION('',(0.E0,0.E0,1.E0));
#1573=DIRECTION('',(0.E0,1.E0,0.E0));
#1574=AXIS2_PLACEMENT_3D('',#1571,#1572,#1573);
#1575=CONICAL_SURFACE('',#1574,4.075E0,3.370301098578E-1);
#1576=ORIENTED_EDGE('',*,*,#1551,.T.);
#1577=ORIENTED_EDGE('',*,*,#1566,.F.);
#1579=ORIENTED_EDGE('',*,*,#1578,.T.);
#1580=ORIENTED_EDGE('',*,*,#1562,.T.);
#1581=EDGE_LOOP('',(#1576,#1577,#1579,#1580));
#1582=FACE_OUTER_BOUND('',#1581,.F.);
#1584=CARTESIAN_POINT('',(0.E0,0.E0,2.04E1));
#1585=DIRECTION('',(0.E0,0.E0,-1.E0));
#1586=DIRECTION('',(0.E0,-1.E0,0.E0));
#1587=AXIS2_PLACEMENT_3D('',#1584,#1585,#1586);
#1588=PLANE('',#1587);
#1589=ORIENTED_EDGE('',*,*,#1578,.F.);
#1590=ORIENTED_EDGE('',*,*,#1564,.T.);
#1591=EDGE_LOOP('',(#1589,#1590));
#1592=FACE_OUTER_BOUND('',#1591,.F.);
#1594=ORIENTED_EDGE('',*,*,#1593,.F.);
#1596=ORIENTED_EDGE('',*,*,#1595,.T.);
#1597=EDGE_LOOP('',(#1594,#1596));
#1598=FACE_BOUND('',#1597,.F.);
#1600=CARTESIAN_POINT('',(0.E0,0.E0,3.06E1));
#1601=DIRECTION('',(0.E0,0.E0,-1.E0));
#1602=DIRECTION('',(0.E0,-1.E0,0.E0));
#1603=AXIS2_PLACEMENT_3D('',#1600,#1601,#1602);
#1604=CYLINDRICAL_SURFACE('',#1603,1.05E0);
#1606=ORIENTED_EDGE('',*,*,#1605,.T.);
#1607=ORIENTED_EDGE('',*,*,#1593,.T.);
#1609=ORIENTED_EDGE('',*,*,#1608,.F.);
#1611=ORIENTED_EDGE('',*,*,#1610,.F.);
#1612=EDGE_LOOP('',(#1606,#1607,#1609,#1611));
#1613=FACE_OUTER_BOUND('',#1612,.F.);
#1615=CARTESIAN_POINT('',(0.E0,0.E0,3.06E1));
#1616=DIRECTION('',(0.E0,0.E0,-1.E0));
#1617=DIRECTION('',(0.E0,-1.E0,0.E0));
#1618=AXIS2_PLACEMENT_3D('',#1615,#1616,#1617);
#1619=CYLINDRICAL_SURFACE('',#1618,1.05E0);
#1620=ORIENTED_EDGE('',*,*,#1605,.F.);
#1622=ORIENTED_EDGE('',*,*,#1621,.T.);
#1623=ORIENTED_EDGE('',*,*,#1608,.T.);
#1624=ORIENTED_EDGE('',*,*,#1595,.F.);
#1625=EDGE_LOOP('',(#1620,#1622,#1623,#1624));
#1626=FACE_OUTER_BOUND('',#1625,.F.);
#1628=CARTESIAN_POINT('',(0.E0,0.E0,2.54E1));
#1629=DIRECTION('',(0.E0,0.E0,-1.E0));
#1630=DIRECTION('',(0.E0,-1.E0,0.E0));
#1631=AXIS2_PLACEMENT_3D('',#1628,#1629,#1630);
#1632=PLANE('',#1631);
#1633=ORIENTED_EDGE('',*,*,#1621,.F.);
#1634=ORIENTED_EDGE('',*,*,#1610,.T.);
#1635=EDGE_LOOP('',(#1633,#1634));
#1636=FACE_OUTER_BOUND('',#1635,.F.);
#1638=ORIENTED_EDGE('',*,*,#1637,.F.);
#1640=ORIENTED_EDGE('',*,*,#1639,.T.);
#1641=EDGE_LOOP('',(#1638,#1640));
#1642=FACE_BOUND('',#1641,.F.);
#1644=CARTESIAN_POINT('',(0.E0,0.E0,3.06E1));
#1645=DIRECTION('',(0.E0,0.E0,-1.E0));
#1646=DIRECTION('',(0.E0,-1.E0,0.E0));
#1647=AXIS2_PLACEMENT_3D('',#1644,#1645,#1646);
#1648=CYLINDRICAL_SURFACE('',#1647,7.E-1);
#1650=ORIENTED_EDGE('',*,*,#1649,.T.);
#1651=ORIENTED_EDGE('',*,*,#1637,.T.);
#1653=ORIENTED_EDGE('',*,*,#1652,.F.);
#1655=ORIENTED_EDGE('',*,*,#1654,.F.);
#1656=EDGE_LOOP('',(#1650,#1651,#1653,#1655));
#1657=FACE_OUTER_BOUND('',#1656,.F.);
#1659=CARTESIAN_POINT('',(0.E0,0.E0,3.06E1));
#1660=DIRECTION('',(0.E0,0.E0,-1.E0));
#1661=DIRECTION('',(0.E0,-1.E0,0.E0));
#1662=AXIS2_PLACEMENT_3D('',#1659,#1660,#1661);
#1663=CYLINDRICAL_SURFACE('',#1662,7.E-1);
#1664=ORIENTED_EDGE('',*,*,#1649,.F.);
#1666=ORIENTED_EDGE('',*,*,#1665,.T.);
#1667=ORIENTED_EDGE('',*,*,#1652,.T.);
#1668=ORIENTED_EDGE('',*,*,#1639,.F.);
#1669=EDGE_LOOP('',(#1664,#1666,#1667,#1668));
#1670=FACE_OUTER_BOUND('',#1669,.F.);
#1672=CARTESIAN_POINT('',(0.E0,0.E0,2.04E1));
#1673=DIRECTION('',(0.E0,0.E0,-1.E0));
#1674=DIRECTION('',(0.E0,-1.E0,0.E0));
#1675=AXIS2_PLACEMENT_3D('',#1672,#1673,#1674);
#1676=PLANE('',#1675);
#1677=ORIENTED_EDGE('',*,*,#1665,.F.);
#1678=ORIENTED_EDGE('',*,*,#1654,.T.);
#1679=EDGE_LOOP('',(#1677,#1678));
#1680=FACE_OUTER_BOUND('',#1679,.F.);
#1682=CARTESIAN_POINT('',(0.E0,-5.5E0,0.E0));
#1683=DIRECTION('',(0.E0,1.E0,0.E0));
#1684=DIRECTION('',(0.E0,0.E0,-1.E0));
#1685=AXIS2_PLACEMENT_3D('',#1682,#1683,#1684);
#1686=PLANE('',#1685);
#1688=ORIENTED_EDGE('',*,*,#1687,.T.);
#1690=ORIENTED_EDGE('',*,*,#1689,.T.);
#1691=EDGE_LOOP('',(#1688,#1690));
#1692=FACE_OUTER_BOUND('',#1691,.F.);
#1694=CARTESIAN_POINT('',(0.E0,-5.5E0,0.E0));
#1695=DIRECTION('',(0.E0,1.E0,0.E0));
#1696=DIRECTION('',(0.E0,0.E0,-1.E0));
#1697=AXIS2_PLACEMENT_3D('',#1694,#1695,#1696);
#1698=PLANE('',#1697);
#1699=ORIENTED_EDGE('',*,*,#1503,.T.);
#1700=ORIENTED_EDGE('',*,*,#1488,.T.);
#1701=EDGE_LOOP('',(#1699,#1700));
#1702=FACE_OUTER_BOUND('',#1701,.F.);
#1704=CARTESIAN_POINT('',(0.E0,-5.5E0,-9.E-1));
#1705=DIRECTION('',(0.E0,1.E0,0.E0));
#1706=DIRECTION('',(0.E0,0.E0,-1.E0));
#1707=AXIS2_PLACEMENT_3D('',#1704,#1705,#1706);
#1708=CYLINDRICAL_SURFACE('',#1707,1.E0);
#1710=ORIENTED_EDGE('',*,*,#1709,.F.);
#1712=ORIENTED_EDGE('',*,*,#1711,.F.);
#1713=ORIENTED_EDGE('',*,*,#1687,.F.);
#1715=ORIENTED_EDGE('',*,*,#1714,.T.);
#1716=EDGE_LOOP('',(#1710,#1712,#1713,#1715));
#1717=FACE_OUTER_BOUND('',#1716,.F.);
#1719=CARTESIAN_POINT('',(0.E0,-5.5E0,-9.E-1));
#1720=DIRECTION('',(0.E0,1.E0,0.E0));
#1721=DIRECTION('',(0.E0,0.E0,-1.E0));
#1722=AXIS2_PLACEMENT_3D('',#1719,#1720,#1721);
#1723=CYLINDRICAL_SURFACE('',#1722,1.E0);
#1725=ORIENTED_EDGE('',*,*,#1724,.F.);
#1727=ORIENTED_EDGE('',*,*,#1726,.T.);
#1729=ORIENTED_EDGE('',*,*,#1728,.T.);
#1731=ORIENTED_EDGE('',*,*,#1730,.F.);
#1732=EDGE_LOOP('',(#1725,#1727,#1729,#1731));
#1733=FACE_OUTER_BOUND('',#1732,.F.);
#1735=CARTESIAN_POINT('',(0.E0,0.E0,3.06E1));
#1736=DIRECTION('',(0.E0,0.E0,-1.E0));
#1737=DIRECTION('',(0.E0,-1.E0,0.E0));
#1738=AXIS2_PLACEMENT_3D('',#1735,#1736,#1737);
#1739=CYLINDRICAL_SURFACE('',#1738,4.85E0);
#1740=ORIENTED_EDGE('',*,*,#1709,.T.);
#1742=ORIENTED_EDGE('',*,*,#1741,.F.);
#1744=ORIENTED_EDGE('',*,*,#1743,.F.);
#1746=ORIENTED_EDGE('',*,*,#1745,.T.);
#1747=ORIENTED_EDGE('',*,*,#1724,.T.);
#1749=ORIENTED_EDGE('',*,*,#1748,.T.);
#1751=ORIENTED_EDGE('',*,*,#1750,.T.);
#1753=ORIENTED_EDGE('',*,*,#1752,.F.);
#1754=EDGE_LOOP('',(#1740,#1742,#1744,#1746,#1747,#1749,#1751,#1753));
#1755=FACE_OUTER_BOUND('',#1754,.F.);
#1757=CARTESIAN_POINT('',(0.E0,0.E0,3.06E1));
#1758=DIRECTION('',(0.E0,0.E0,-1.E0));
#1759=DIRECTION('',(0.E0,-1.E0,0.E0));
#1760=AXIS2_PLACEMENT_3D('',#1757,#1758,#1759);
#1761=CYLINDRICAL_SURFACE('',#1760,4.85E0);
#1763=ORIENTED_EDGE('',*,*,#1762,.T.);
#1764=ORIENTED_EDGE('',*,*,#1745,.F.);
#1766=ORIENTED_EDGE('',*,*,#1765,.T.);
#1767=ORIENTED_EDGE('',*,*,#1741,.T.);
#1769=ORIENTED_EDGE('',*,*,#1768,.T.);
#1770=ORIENTED_EDGE('',*,*,#1752,.T.);
#1772=ORIENTED_EDGE('',*,*,#1771,.F.);
#1773=ORIENTED_EDGE('',*,*,#1748,.F.);
#1774=EDGE_LOOP('',(#1763,#1764,#1766,#1767,#1769,#1770,#1772,#1773));
#1775=FACE_OUTER_BOUND('',#1774,.F.);
#1777=CARTESIAN_POINT('',(0.E0,-5.5E0,-9.E-1));
#1778=DIRECTION('',(0.E0,1.E0,0.E0));
#1779=DIRECTION('',(0.E0,0.E0,-1.E0));
#1780=AXIS2_PLACEMENT_3D('',#1777,#1778,#1779);
#1781=CYLINDRICAL_SURFACE('',#1780,1.E0);
#1782=ORIENTED_EDGE('',*,*,#1762,.F.);
#1783=ORIENTED_EDGE('',*,*,#1730,.T.);
#1785=ORIENTED_EDGE('',*,*,#1784,.T.);
#1786=ORIENTED_EDGE('',*,*,#1726,.F.);
#1787=EDGE_LOOP('',(#1782,#1783,#1785,#1786));
#1788=FACE_OUTER_BOUND('',#1787,.F.);
#1790=CARTESIAN_POINT('',(0.E0,-5.5E0,-9.E-1));
#1791=DIRECTION('',(0.E0,1.E0,0.E0));
#1792=DIRECTION('',(0.E0,0.E0,-1.E0));
#1793=AXIS2_PLACEMENT_3D('',#1790,#1791,#1792);
#1794=CYLINDRICAL_SURFACE('',#1793,1.E0);
#1795=ORIENTED_EDGE('',*,*,#1768,.F.);
#1796=ORIENTED_EDGE('',*,*,#1714,.F.);
#1797=ORIENTED_EDGE('',*,*,#1689,.F.);
#1798=ORIENTED_EDGE('',*,*,#1711,.T.);
#1799=EDGE_LOOP('',(#1795,#1796,#1797,#1798));
#1800=FACE_OUTER_BOUND('',#1799,.F.);
#1802=CARTESIAN_POINT('',(0.E0,5.5E0,0.E0));
#1803=DIRECTION('',(0.E0,1.E0,0.E0));
#1804=DIRECTION('',(0.E0,0.E0,-1.E0));
#1805=AXIS2_PLACEMENT_3D('',#1802,#1803,#1804);
#1806=PLANE('',#1805);
#1807=ORIENTED_EDGE('',*,*,#1728,.F.);
#1808=ORIENTED_EDGE('',*,*,#1784,.F.);
#1809=EDGE_LOOP('',(#1807,#1808));
#1810=FACE_OUTER_BOUND('',#1809,.F.);
#1812=CARTESIAN_POINT('',(0.E0,5.5E0,0.E0));
#1813=DIRECTION('',(0.E0,1.E0,0.E0));
#1814=DIRECTION('',(0.E0,0.E0,-1.E0));
#1815=AXIS2_PLACEMENT_3D('',#1812,#1813,#1814);
#1816=PLANE('',#1815);
#1817=ORIENTED_EDGE('',*,*,#1517,.F.);
#1818=ORIENTED_EDGE('',*,*,#1473,.F.);
#1819=EDGE_LOOP('',(#1817,#1818));
#1820=FACE_OUTER_BOUND('',#1819,.F.);
#1822=CARTESIAN_POINT('',(0.E0,0.E0,-5.1E0));
#1823=DIRECTION('',(0.E0,0.E0,-1.E0));
#1824=DIRECTION('',(0.E0,-1.E0,0.E0));
#1825=AXIS2_PLACEMENT_3D('',#1822,#1823,#1824);
#1826=PLANE('',#1825);
#1827=ORIENTED_EDGE('',*,*,#1743,.T.);
#1828=ORIENTED_EDGE('',*,*,#1765,.F.);
#1829=EDGE_LOOP('',(#1827,#1828));
#1830=FACE_OUTER_BOUND('',#1829,.F.);
#1832=ORIENTED_EDGE('',*,*,#1831,.T.);
#1834=ORIENTED_EDGE('',*,*,#1833,.T.);
#1835=EDGE_LOOP('',(#1832,#1834));
#1836=FACE_BOUND('',#1835,.F.);
#1838=CARTESIAN_POINT('',(0.E0,0.E0,-8.5E-1));
#1839=DIRECTION('',(0.E0,0.E0,-1.E0));
#1840=DIRECTION('',(0.E0,-1.E0,0.E0));
#1841=AXIS2_PLACEMENT_3D('',#1838,#1839,#1840);
#1842=CONICAL_SURFACE('',#1841,4.075E0,3.370301098578E-1);
#1843=ORIENTED_EDGE('',*,*,#1831,.F.);
#1845=ORIENTED_EDGE('',*,*,#1844,.T.);
#1847=ORIENTED_EDGE('',*,*,#1846,.T.);
#1849=ORIENTED_EDGE('',*,*,#1848,.F.);
#1850=EDGE_LOOP('',(#1843,#1845,#1847,#1849));
#1851=FACE_OUTER_BOUND('',#1850,.F.);
#1853=CARTESIAN_POINT('',(0.E0,0.E0,-8.5E-1));
#1854=DIRECTION('',(0.E0,0.E0,-1.E0));
#1855=DIRECTION('',(0.E0,-1.E0,0.E0));
#1856=AXIS2_PLACEMENT_3D('',#1853,#1854,#1855);
#1857=CONICAL_SURFACE('',#1856,4.075E0,3.370301098578E-1);
#1858=ORIENTED_EDGE('',*,*,#1833,.F.);
#1859=ORIENTED_EDGE('',*,*,#1848,.T.);
#1861=ORIENTED_EDGE('',*,*,#1860,.F.);
#1862=ORIENTED_EDGE('',*,*,#1844,.F.);
#1863=EDGE_LOOP('',(#1858,#1859,#1861,#1862));
#1864=FACE_OUTER_BOUND('',#1863,.F.);
#1866=CARTESIAN_POINT('',(0.E0,0.E0,3.4E0));
#1867=DIRECTION('',(0.E0,0.E0,-1.E0));
#1868=DIRECTION('',(0.E0,-1.E0,0.E0));
#1869=AXIS2_PLACEMENT_3D('',#1866,#1867,#1868);
#1870=PLANE('',#1869);
#1871=ORIENTED_EDGE('',*,*,#1860,.T.);
#1872=ORIENTED_EDGE('',*,*,#1846,.F.);
#1873=EDGE_LOOP('',(#1871,#1872));
#1874=FACE_OUTER_BOUND('',#1873,.F.);
#1876=ORIENTED_EDGE('',*,*,#1875,.T.);
#1878=ORIENTED_EDGE('',*,*,#1877,.F.);
#1879=EDGE_LOOP('',(#1876,#1878));
#1880=FACE_BOUND('',#1879,.F.);
#1882=CARTESIAN_POINT('',(0.E0,0.E0,3.06E1));
#1883=DIRECTION('',(0.E0,0.E0,-1.E0));
#1884=DIRECTION('',(0.E0,-1.E0,0.E0));
#1885=AXIS2_PLACEMENT_3D('',#1882,#1883,#1884);
#1886=CYLINDRICAL_SURFACE('',#1885,1.05E0);
#1888=ORIENTED_EDGE('',*,*,#1887,.T.);
#1890=ORIENTED_EDGE('',*,*,#1889,.T.);
#1892=ORIENTED_EDGE('',*,*,#1891,.F.);
#1893=ORIENTED_EDGE('',*,*,#1875,.F.);
#1894=EDGE_LOOP('',(#1888,#1890,#1892,#1893));
#1895=FACE_OUTER_BOUND('',#1894,.F.);
#1897=CARTESIAN_POINT('',(0.E0,0.E0,3.06E1));
#1898=DIRECTION('',(0.E0,0.E0,-1.E0));
#1899=DIRECTION('',(0.E0,-1.E0,0.E0));
#1900=AXIS2_PLACEMENT_3D('',#1897,#1898,#1899);
#1901=CYLINDRICAL_SURFACE('',#1900,1.05E0);
#1902=ORIENTED_EDGE('',*,*,#1887,.F.);
#1903=ORIENTED_EDGE('',*,*,#1877,.T.);
#1904=ORIENTED_EDGE('',*,*,#1891,.T.);
#1906=ORIENTED_EDGE('',*,*,#1905,.F.);
#1907=EDGE_LOOP('',(#1902,#1903,#1904,#1906));
#1908=FACE_OUTER_BOUND('',#1907,.F.);
#1910=CARTESIAN_POINT('',(0.E0,0.E0,-1.6E0));
#1911=DIRECTION('',(0.E0,0.E0,-1.E0));
#1912=DIRECTION('',(0.E0,-1.E0,0.E0));
#1913=AXIS2_PLACEMENT_3D('',#1910,#1911,#1912);
#1914=PLANE('',#1913);
#1915=ORIENTED_EDGE('',*,*,#1905,.T.);
#1916=ORIENTED_EDGE('',*,*,#1889,.F.);
#1917=EDGE_LOOP('',(#1915,#1916));
#1918=FACE_OUTER_BOUND('',#1917,.F.);
#1920=ORIENTED_EDGE('',*,*,#1919,.T.);
#1922=ORIENTED_EDGE('',*,*,#1921,.F.);
#1923=EDGE_LOOP('',(#1920,#1922));
#1924=FACE_BOUND('',#1923,.F.);
#1926=CARTESIAN_POINT('',(0.E0,0.E0,3.06E1));
#1927=DIRECTION('',(0.E0,0.E0,-1.E0));
#1928=DIRECTION('',(0.E0,-1.E0,0.E0));
#1929=AXIS2_PLACEMENT_3D('',#1926,#1927,#1928);
#1930=CYLINDRICAL_SURFACE('',#1929,7.E-1);
#1932=ORIENTED_EDGE('',*,*,#1931,.T.);
#1934=ORIENTED_EDGE('',*,*,#1933,.T.);
#1936=ORIENTED_EDGE('',*,*,#1935,.F.);
#1937=ORIENTED_EDGE('',*,*,#1919,.F.);
#1938=EDGE_LOOP('',(#1932,#1934,#1936,#1937));
#1939=FACE_OUTER_BOUND('',#1938,.F.);
#1941=CARTESIAN_POINT('',(0.E0,0.E0,3.06E1));
#1942=DIRECTION('',(0.E0,0.E0,-1.E0));
#1943=DIRECTION('',(0.E0,-1.E0,0.E0));
#1944=AXIS2_PLACEMENT_3D('',#1941,#1942,#1943);
#1945=CYLINDRICAL_SURFACE('',#1944,7.E-1);
#1946=ORIENTED_EDGE('',*,*,#1931,.F.);
#1947=ORIENTED_EDGE('',*,*,#1921,.T.);
#1948=ORIENTED_EDGE('',*,*,#1935,.T.);
#1950=ORIENTED_EDGE('',*,*,#1949,.F.);
#1951=EDGE_LOOP('',(#1946,#1947,#1948,#1950));
#1952=FACE_OUTER_BOUND('',#1951,.F.);
#1954=CARTESIAN_POINT('',(0.E0,0.E0,3.4E0));
#1955=DIRECTION('',(0.E0,0.E0,-1.E0));
#1956=DIRECTION('',(0.E0,-1.E0,0.E0));
#1957=AXIS2_PLACEMENT_3D('',#1954,#1955,#1956);
#1958=PLANE('',#1957);
#1959=ORIENTED_EDGE('',*,*,#1949,.T.);
#1960=ORIENTED_EDGE('',*,*,#1933,.F.);
#1961=EDGE_LOOP('',(#1959,#1960));
#1962=FACE_OUTER_BOUND('',#1961,.F.);
#1964=CARTESIAN_POINT('',(0.E0,0.E0,5.9E0));
#1965=DIRECTION('',(0.E0,0.E0,-1.E0));
#1966=DIRECTION('',(0.E0,-1.E0,0.E0));
#1967=AXIS2_PLACEMENT_3D('',#1964,#1965,#1966);
#1968=PLANE('',#1967);
#1970=ORIENTED_EDGE('',*,*,#1969,.T.);
#1972=ORIENTED_EDGE('',*,*,#1971,.F.);
#1973=EDGE_LOOP('',(#1970,#1972));
#1974=FACE_OUTER_BOUND('',#1973,.F.);
#1975=ORIENTED_EDGE('',*,*,#1771,.T.);
#1976=ORIENTED_EDGE('',*,*,#1750,.F.);
#1977=EDGE_LOOP('',(#1975,#1976));
#1978=FACE_BOUND('',#1977,.F.);
#1980=CARTESIAN_POINT('',(0.E0,0.E0,3.06E1));
#1981=DIRECTION('',(0.E0,0.E0,-1.E0));
#1982=DIRECTION('',(0.E0,-1.E0,0.E0));
#1983=AXIS2_PLACEMENT_3D('',#1980,#1981,#1982);
#1984=CYLINDRICAL_SURFACE('',#1983,9.8E0);
#1986=ORIENTED_EDGE('',*,*,#1985,.T.);
#1988=ORIENTED_EDGE('',*,*,#1987,.T.);
#1990=ORIENTED_EDGE('',*,*,#1989,.F.);
#1991=ORIENTED_EDGE('',*,*,#1969,.F.);
#1992=EDGE_LOOP('',(#1986,#1988,#1990,#1991));
#1993=FACE_OUTER_BOUND('',#1992,.F.);
#1995=CARTESIAN_POINT('',(0.E0,0.E0,3.06E1));
#1996=DIRECTION('',(0.E0,0.E0,-1.E0));
#1997=DIRECTION('',(0.E0,-1.E0,0.E0));
#1998=AXIS2_PLACEMENT_3D('',#1995,#1996,#1997);
#1999=CYLINDRICAL_SURFACE('',#1998,9.8E0);
#2000=ORIENTED_EDGE('',*,*,#1985,.F.);
#2001=ORIENTED_EDGE('',*,*,#1971,.T.);
#2002=ORIENTED_EDGE('',*,*,#1989,.T.);
#2004=ORIENTED_EDGE('',*,*,#2003,.F.);
#2005=EDGE_LOOP('',(#2000,#2001,#2002,#2004));
#2006=FACE_OUTER_BOUND('',#2005,.F.);
#2008=CARTESIAN_POINT('',(0.E0,0.E0,-4.7E0));
#2009=DIRECTION('',(0.E0,0.E0,-1.E0));
#2010=DIRECTION('',(0.E0,-1.E0,0.E0));
#2011=AXIS2_PLACEMENT_3D('',#2008,#2009,#2010);
#2012=PLANE('',#2011);
#2014=ORIENTED_EDGE('',*,*,#2013,.T.);
#2016=ORIENTED_EDGE('',*,*,#2015,.F.);
#2017=EDGE_LOOP('',(#2014,#2016));
#2018=FACE_OUTER_BOUND('',#2017,.F.);
#2019=ORIENTED_EDGE('',*,*,#2003,.T.);
#2020=ORIENTED_EDGE('',*,*,#1987,.F.);
#2021=EDGE_LOOP('',(#2019,#2020));
#2022=FACE_BOUND('',#2021,.F.);
#2024=CARTESIAN_POINT('',(0.E0,0.E0,3.06E1));
#2025=DIRECTION('',(0.E0,0.E0,-1.E0));
#2026=DIRECTION('',(0.E0,-1.E0,0.E0));
#2027=AXIS2_PLACEMENT_3D('',#2024,#2025,#2026);
#2028=CYLINDRICAL_SURFACE('',#2027,1.18E1);
#2030=ORIENTED_EDGE('',*,*,#2029,.T.);
#2032=ORIENTED_EDGE('',*,*,#2031,.T.);
#2034=ORIENTED_EDGE('',*,*,#2033,.F.);
#2035=ORIENTED_EDGE('',*,*,#2013,.F.);
#2036=EDGE_LOOP('',(#2030,#2032,#2034,#2035));
#2037=FACE_OUTER_BOUND('',#2036,.F.);
#2039=CARTESIAN_POINT('',(0.E0,0.E0,3.06E1));
#2040=DIRECTION('',(0.E0,0.E0,-1.E0));
#2041=DIRECTION('',(0.E0,-1.E0,0.E0));
#2042=AXIS2_PLACEMENT_3D('',#2039,#2040,#2041);
#2043=CYLINDRICAL_SURFACE('',#2042,1.18E1);
#2044=ORIENTED_EDGE('',*,*,#2029,.F.);
#2045=ORIENTED_EDGE('',*,*,#2015,.T.);
#2046=ORIENTED_EDGE('',*,*,#2033,.T.);
#2048=ORIENTED_EDGE('',*,*,#2047,.F.);
#2049=EDGE_LOOP('',(#2044,#2045,#2046,#2048));
#2050=FACE_OUTER_BOUND('',#2049,.F.);
#2052=CARTESIAN_POINT('',(0.E0,0.E0,-2.E0));
#2053=DIRECTION('',(0.E0,0.E0,-1.E0));
#2054=DIRECTION('',(0.E0,-1.E0,0.E0));
#2055=AXIS2_PLACEMENT_3D('',#2052,#2053,#2054);
#2056=PLANE('',#2055);
#2058=ORIENTED_EDGE('',*,*,#2057,.F.);
#2060=ORIENTED_EDGE('',*,*,#2059,.F.);
#2062=ORIENTED_EDGE('',*,*,#2061,.F.);
#2064=ORIENTED_EDGE('',*,*,#2063,.F.);
#2066=ORIENTED_EDGE('',*,*,#2065,.F.);
#2068=ORIENTED_EDGE('',*,*,#2067,.F.);
#2070=ORIENTED_EDGE('',*,*,#2069,.F.);
#2072=ORIENTED_EDGE('',*,*,#2071,.F.);
#2073=EDGE_LOOP('',(#2058,#2060,#2062,#2064,#2066,#2068,#2070,#2072));
#2074=FACE_OUTER_BOUND('',#2073,.F.);
#2076=ORIENTED_EDGE('',*,*,#2075,.F.);
#2078=ORIENTED_EDGE('',*,*,#2077,.F.);
#2079=EDGE_LOOP('',(#2076,#2078));
#2080=FACE_BOUND('',#2079,.F.);
#2082=ORIENTED_EDGE('',*,*,#2081,.F.);
#2084=ORIENTED_EDGE('',*,*,#2083,.F.);
#2085=EDGE_LOOP('',(#2082,#2084));
#2086=FACE_BOUND('',#2085,.F.);
#2087=ORIENTED_EDGE('',*,*,#2047,.T.);
#2088=ORIENTED_EDGE('',*,*,#2031,.F.);
#2089=EDGE_LOOP('',(#2087,#2088));
#2090=FACE_BOUND('',#2089,.F.);
#2092=CARTESIAN_POINT('',(9.5E0,1.2E1,-1.374999996717E0));
#2093=DIRECTION('',(0.E0,0.E0,-1.E0));
#2094=DIRECTION('',(0.E0,-1.E0,0.E0));
#2095=AXIS2_PLACEMENT_3D('',#2092,#2093,#2094);
#2096=CONICAL_SURFACE('',#2095,2.374999996717E0,4.5E1);
#2097=ORIENTED_EDGE('',*,*,#2075,.T.);
#2099=ORIENTED_EDGE('',*,*,#2098,.T.);
#2101=ORIENTED_EDGE('',*,*,#2100,.F.);
#2103=ORIENTED_EDGE('',*,*,#2102,.F.);
#2104=EDGE_LOOP('',(#2097,#2099,#2101,#2103));
#2105=FACE_OUTER_BOUND('',#2104,.F.);
#2107=CARTESIAN_POINT('',(9.5E0,1.2E1,-1.374999996717E0));
#2108=DIRECTION('',(0.E0,0.E0,-1.E0));
#2109=DIRECTION('',(0.E0,-1.E0,0.E0));
#2110=AXIS2_PLACEMENT_3D('',#2107,#2108,#2109);
#2111=CONICAL_SURFACE('',#2110,2.374999996717E0,4.5E1);
#2112=ORIENTED_EDGE('',*,*,#2077,.T.);
#2113=ORIENTED_EDGE('',*,*,#2102,.T.);
#2115=ORIENTED_EDGE('',*,*,#2114,.F.);
#2116=ORIENTED_EDGE('',*,*,#2098,.F.);
#2117=EDGE_LOOP('',(#2112,#2113,#2115,#2116));
#2118=FACE_OUTER_BOUND('',#2117,.F.);
#2120=CARTESIAN_POINT('',(9.5E0,1.2E1,0.E0));
#2121=DIRECTION('',(0.E0,0.E0,1.E0));
#2122=DIRECTION('',(1.E0,0.E0,0.E0));
#2123=AXIS2_PLACEMENT_3D('',#2120,#2121,#2122);
#2124=CYLINDRICAL_SURFACE('',#2123,1.75E0);
#2125=ORIENTED_EDGE('',*,*,#2114,.T.);
#2127=ORIENTED_EDGE('',*,*,#2126,.F.);
#2128=ORIENTED_EDGE('',*,*,#1293,.F.);
#2130=ORIENTED_EDGE('',*,*,#2129,.T.);
#2131=EDGE_LOOP('',(#2125,#2127,#2128,#2130));
#2132=FACE_OUTER_BOUND('',#2131,.F.);
#2134=CARTESIAN_POINT('',(9.5E0,1.2E1,0.E0));
#2135=DIRECTION('',(0.E0,0.E0,1.E0));
#2136=DIRECTION('',(1.E0,0.E0,0.E0));
#2137=AXIS2_PLACEMENT_3D('',#2134,#2135,#2136);
#2138=CYLINDRICAL_SURFACE('',#2137,1.75E0);
#2139=ORIENTED_EDGE('',*,*,#2100,.T.);
#2140=ORIENTED_EDGE('',*,*,#2129,.F.);
#2141=ORIENTED_EDGE('',*,*,#1291,.F.);
#2142=ORIENTED_EDGE('',*,*,#2126,.T.);
#2143=EDGE_LOOP('',(#2139,#2140,#2141,#2142));
#2144=FACE_OUTER_BOUND('',#2143,.F.);
#2146=CARTESIAN_POINT('',(-9.5E0,-1.2E1,-1.374999996717E0));
#2147=DIRECTION('',(0.E0,0.E0,-1.E0));
#2148=DIRECTION('',(0.E0,-1.E0,0.E0));
#2149=AXIS2_PLACEMENT_3D('',#2146,#2147,#2148);
#2150=CONICAL_SURFACE('',#2149,2.374999996717E0,4.5E1);
#2151=ORIENTED_EDGE('',*,*,#2081,.T.);
#2153=ORIENTED_EDGE('',*,*,#2152,.T.);
#2155=ORIENTED_EDGE('',*,*,#2154,.F.);
#2157=ORIENTED_EDGE('',*,*,#2156,.F.);
#2158=EDGE_LOOP('',(#2151,#2153,#2155,#2157));
#2159=FACE_OUTER_BOUND('',#2158,.F.);
#2161=CARTESIAN_POINT('',(-9.5E0,-1.2E1,-1.374999996717E0));
#2162=DIRECTION('',(0.E0,0.E0,-1.E0));
#2163=DIRECTION('',(0.E0,-1.E0,0.E0));
#2164=AXIS2_PLACEMENT_3D('',#2161,#2162,#2163);
#2165=CONICAL_SURFACE('',#2164,2.374999996717E0,4.5E1);
#2166=ORIENTED_EDGE('',*,*,#2083,.T.);
#2167=ORIENTED_EDGE('',*,*,#2156,.T.);
#2169=ORIENTED_EDGE('',*,*,#2168,.F.);
#2170=ORIENTED_EDGE('',*,*,#2152,.F.);
#2171=EDGE_LOOP('',(#2166,#2167,#2169,#2170));
#2172=FACE_OUTER_BOUND('',#2171,.F.);
#2174=CARTESIAN_POINT('',(-9.5E0,-1.2E1,0.E0));
#2175=DIRECTION('',(0.E0,0.E0,1.E0));
#2176=DIRECTION('',(1.E0,0.E0,0.E0));
#2177=AXIS2_PLACEMENT_3D('',#2174,#2175,#2176);
#2178=CYLINDRICAL_SURFACE('',#2177,1.75E0);
#2179=ORIENTED_EDGE('',*,*,#2168,.T.);
#2181=ORIENTED_EDGE('',*,*,#2180,.F.);
#2182=ORIENTED_EDGE('',*,*,#1297,.F.);
#2184=ORIENTED_EDGE('',*,*,#2183,.T.);
#2185=EDGE_LOOP('',(#2179,#2181,#2182,#2184));
#2186=FACE_OUTER_BOUND('',#2185,.F.);
#2188=CARTESIAN_POINT('',(-9.5E0,-1.2E1,0.E0));
#2189=DIRECTION('',(0.E0,0.E0,1.E0));
#2190=DIRECTION('',(1.E0,0.E0,0.E0));
#2191=AXIS2_PLACEMENT_3D('',#2188,#2189,#2190);
#2192=CYLINDRICAL_SURFACE('',#2191,1.75E0);
#2193=ORIENTED_EDGE('',*,*,#2154,.T.);
#2194=ORIENTED_EDGE('',*,*,#2183,.F.);
#2195=ORIENTED_EDGE('',*,*,#1299,.F.);
#2196=ORIENTED_EDGE('',*,*,#2180,.T.);
#2197=EDGE_LOOP('',(#2193,#2194,#2195,#2196));
#2198=FACE_OUTER_BOUND('',#2197,.F.);
#2200=CARTESIAN_POINT('',(-9.5E0,1.2E1,-1.7E0));
#2201=DIRECTION('',(0.E0,0.E0,1.E0));
#2202=DIRECTION('',(-9.988009522489E-1,-4.895567164910E-2,0.E0));
#2203=AXIS2_PLACEMENT_3D('',#2200,#2201,#2202);
#2204=TOROIDAL_SURFACE('',#2203,3.2E0,3.E-1);
#2205=ORIENTED_EDGE('',*,*,#2057,.T.);
#2207=ORIENTED_EDGE('',*,*,#2206,.T.);
#2209=ORIENTED_EDGE('',*,*,#2208,.F.);
#2211=ORIENTED_EDGE('',*,*,#2210,.F.);
#2212=EDGE_LOOP('',(#2205,#2207,#2209,#2211));
#2213=FACE_OUTER_BOUND('',#2212,.F.);
#2215=CARTESIAN_POINT('',(-9.620666422411E0,1.52E1,-1.7E0));
#2216=DIRECTION('',(1.E0,0.E0,0.E0));
#2217=DIRECTION('',(0.E0,0.E0,-1.E0));
#2218=AXIS2_PLACEMENT_3D('',#2215,#2216,#2217);
#2219=CYLINDRICAL_SURFACE('',#2218,3.E-1);
#2220=ORIENTED_EDGE('',*,*,#2071,.T.);
#2222=ORIENTED_EDGE('',*,*,#2221,.T.);
#2224=ORIENTED_EDGE('',*,*,#2223,.F.);
#2225=ORIENTED_EDGE('',*,*,#2206,.F.);
#2226=EDGE_LOOP('',(#2220,#2222,#2224,#2225));
#2227=FACE_OUTER_BOUND('',#2226,.F.);
#2229=CARTESIAN_POINT('',(9.5E0,1.2E1,-1.7E0));
#2230=DIRECTION('',(0.E0,0.E0,1.E0));
#2231=DIRECTION('',(-4.895567164910E-2,9.988009522489E-1,0.E0));
#2232=AXIS2_PLACEMENT_3D('',#2229,#2230,#2231);
#2233=TOROIDAL_SURFACE('',#2232,3.2E0,3.E-1);
#2234=ORIENTED_EDGE('',*,*,#2069,.T.);
#2236=ORIENTED_EDGE('',*,*,#2235,.T.);
#2238=ORIENTED_EDGE('',*,*,#2237,.F.);
#2239=ORIENTED_EDGE('',*,*,#2221,.F.);
#2240=EDGE_LOOP('',(#2234,#2236,#2238,#2239));
#2241=FACE_OUTER_BOUND('',#2240,.F.);
#2243=CARTESIAN_POINT('',(1.27E1,1.212066642241E1,-1.7E0));
#2244=DIRECTION('',(0.E0,-1.E0,0.E0));
#2245=DIRECTION('',(0.E0,0.E0,-1.E0));
#2246=AXIS2_PLACEMENT_3D('',#2243,#2244,#2245);
#2247=CYLINDRICAL_SURFACE('',#2246,3.E-1);
#2248=ORIENTED_EDGE('',*,*,#2067,.T.);
#2250=ORIENTED_EDGE('',*,*,#2249,.T.);
#2252=ORIENTED_EDGE('',*,*,#2251,.F.);
#2253=ORIENTED_EDGE('',*,*,#2235,.F.);
#2254=EDGE_LOOP('',(#2248,#2250,#2252,#2253));
#2255=FACE_OUTER_BOUND('',#2254,.F.);
#2257=CARTESIAN_POINT('',(9.5E0,-1.2E1,-1.7E0));
#2258=DIRECTION('',(0.E0,0.E0,1.E0));
#2259=DIRECTION('',(9.988009522489E-1,4.895567164910E-2,0.E0));
#2260=AXIS2_PLACEMENT_3D('',#2257,#2258,#2259);
#2261=TOROIDAL_SURFACE('',#2260,3.2E0,3.E-1);
#2262=ORIENTED_EDGE('',*,*,#2065,.T.);
#2264=ORIENTED_EDGE('',*,*,#2263,.T.);
#2266=ORIENTED_EDGE('',*,*,#2265,.F.);
#2267=ORIENTED_EDGE('',*,*,#2249,.F.);
#2268=EDGE_LOOP('',(#2262,#2264,#2266,#2267));
#2269=FACE_OUTER_BOUND('',#2268,.F.);
#2271=CARTESIAN_POINT('',(9.620666422411E0,-1.52E1,-1.7E0));
#2272=DIRECTION('',(-1.E0,0.E0,0.E0));
#2273=DIRECTION('',(0.E0,0.E0,-1.E0));
#2274=AXIS2_PLACEMENT_3D('',#2271,#2272,#2273);
#2275=CYLINDRICAL_SURFACE('',#2274,3.E-1);
#2276=ORIENTED_EDGE('',*,*,#2063,.T.);
#2278=ORIENTED_EDGE('',*,*,#2277,.T.);
#2280=ORIENTED_EDGE('',*,*,#2279,.F.);
#2281=ORIENTED_EDGE('',*,*,#2263,.F.);
#2282=EDGE_LOOP('',(#2276,#2278,#2280,#2281));
#2283=FACE_OUTER_BOUND('',#2282,.F.);
#2285=CARTESIAN_POINT('',(-9.5E0,-1.2E1,-1.7E0));
#2286=DIRECTION('',(0.E0,0.E0,1.E0));
#2287=DIRECTION('',(4.895567164910E-2,-9.988009522489E-1,0.E0));
#2288=AXIS2_PLACEMENT_3D('',#2285,#2286,#2287);
#2289=TOROIDAL_SURFACE('',#2288,3.2E0,3.E-1);
#2290=ORIENTED_EDGE('',*,*,#2061,.T.);
#2292=ORIENTED_EDGE('',*,*,#2291,.T.);
#2294=ORIENTED_EDGE('',*,*,#2293,.F.);
#2295=ORIENTED_EDGE('',*,*,#2277,.F.);
#2296=EDGE_LOOP('',(#2290,#2292,#2294,#2295));
#2297=FACE_OUTER_BOUND('',#2296,.F.);
#2299=CARTESIAN_POINT('',(-1.27E1,-1.212066642241E1,-1.7E0));
#2300=DIRECTION('',(0.E0,1.E0,0.E0));
#2301=DIRECTION('',(0.E0,0.E0,-1.E0));
#2302=AXIS2_PLACEMENT_3D('',#2299,#2300,#2301);
#2303=CYLINDRICAL_SURFACE('',#2302,3.E-1);
#2304=ORIENTED_EDGE('',*,*,#2059,.T.);
#2305=ORIENTED_EDGE('',*,*,#2210,.T.);
#2307=ORIENTED_EDGE('',*,*,#2306,.F.);
#2308=ORIENTED_EDGE('',*,*,#2291,.F.);
#2309=EDGE_LOOP('',(#2304,#2305,#2307,#2308));
#2310=FACE_OUTER_BOUND('',#2309,.F.);
#2312=CARTESIAN_POINT('',(-1.3E1,-1.2E1,0.E0));
#2313=DIRECTION('',(1.E0,0.E0,0.E0));
#2314=DIRECTION('',(0.E0,1.E0,0.E0));
#2315=AXIS2_PLACEMENT_3D('',#2312,#2313,#2314);
#2316=PLANE('',#2315);
#2317=ORIENTED_EDGE('',*,*,#2306,.T.);
#2319=ORIENTED_EDGE('',*,*,#2318,.F.);
#2320=ORIENTED_EDGE('',*,*,#1283,.F.);
#2322=ORIENTED_EDGE('',*,*,#2321,.T.);
#2323=EDGE_LOOP('',(#2317,#2319,#2320,#2322));
#2324=FACE_OUTER_BOUND('',#2323,.F.);
#2326=CARTESIAN_POINT('',(-9.5E0,1.2E1,0.E0));
#2327=DIRECTION('',(0.E0,0.E0,1.E0));
#2328=DIRECTION('',(1.E0,0.E0,0.E0));
#2329=AXIS2_PLACEMENT_3D('',#2326,#2327,#2328);
#2330=CYLINDRICAL_SURFACE('',#2329,3.5E0);
#2331=ORIENTED_EDGE('',*,*,#2208,.T.);
#2333=ORIENTED_EDGE('',*,*,#2332,.F.);
#2334=ORIENTED_EDGE('',*,*,#1285,.T.);
#2335=ORIENTED_EDGE('',*,*,#2318,.T.);
#2336=EDGE_LOOP('',(#2331,#2333,#2334,#2335));
#2337=FACE_OUTER_BOUND('',#2336,.F.);
#2339=CARTESIAN_POINT('',(-9.5E0,1.55E1,0.E0));
#2340=DIRECTION('',(0.E0,-1.E0,0.E0));
#2341=DIRECTION('',(1.E0,0.E0,0.E0));
#2342=AXIS2_PLACEMENT_3D('',#2339,#2340,#2341);
#2343=PLANE('',#2342);
#2344=ORIENTED_EDGE('',*,*,#2223,.T.);
#2346=ORIENTED_EDGE('',*,*,#2345,.F.);
#2347=ORIENTED_EDGE('',*,*,#1287,.F.);
#2348=ORIENTED_EDGE('',*,*,#2332,.T.);
#2349=EDGE_LOOP('',(#2344,#2346,#2347,#2348));
#2350=FACE_OUTER_BOUND('',#2349,.F.);
#2352=CARTESIAN_POINT('',(9.5E0,1.2E1,0.E0));
#2353=DIRECTION('',(0.E0,0.E0,1.E0));
#2354=DIRECTION('',(1.E0,0.E0,0.E0));
#2355=AXIS2_PLACEMENT_3D('',#2352,#2353,#2354);
#2356=CYLINDRICAL_SURFACE('',#2355,3.5E0);
#2357=ORIENTED_EDGE('',*,*,#2237,.T.);
#2359=ORIENTED_EDGE('',*,*,#2358,.F.);
#2360=ORIENTED_EDGE('',*,*,#1273,.T.);
#2361=ORIENTED_EDGE('',*,*,#2345,.T.);
#2362=EDGE_LOOP('',(#2357,#2359,#2360,#2361));
#2363=FACE_OUTER_BOUND('',#2362,.F.);
#2365=CARTESIAN_POINT('',(1.3E1,1.2E1,0.E0));
#2366=DIRECTION('',(-1.E0,0.E0,0.E0));
#2367=DIRECTION('',(0.E0,-1.E0,0.E0));
#2368=AXIS2_PLACEMENT_3D('',#2365,#2366,#2367);
#2369=PLANE('',#2368);
#2370=ORIENTED_EDGE('',*,*,#2251,.T.);
#2372=ORIENTED_EDGE('',*,*,#2371,.F.);
#2373=ORIENTED_EDGE('',*,*,#1275,.F.);
#2374=ORIENTED_EDGE('',*,*,#2358,.T.);
#2375=EDGE_LOOP('',(#2370,#2372,#2373,#2374));
#2376=FACE_OUTER_BOUND('',#2375,.F.);
#2378=CARTESIAN_POINT('',(9.5E0,-1.2E1,0.E0));
#2379=DIRECTION('',(0.E0,0.E0,1.E0));
#2380=DIRECTION('',(1.E0,0.E0,0.E0));
#2381=AXIS2_PLACEMENT_3D('',#2378,#2379,#2380);
#2382=CYLINDRICAL_SURFACE('',#2381,3.5E0);
#2383=ORIENTED_EDGE('',*,*,#2265,.T.);
#2385=ORIENTED_EDGE('',*,*,#2384,.F.);
#2386=ORIENTED_EDGE('',*,*,#1277,.T.);
#2387=ORIENTED_EDGE('',*,*,#2371,.T.);
#2388=EDGE_LOOP('',(#2383,#2385,#2386,#2387));
#2389=FACE_OUTER_BOUND('',#2388,.F.);
#2391=CARTESIAN_POINT('',(9.5E0,-1.55E1,0.E0));
#2392=DIRECTION('',(0.E0,1.E0,0.E0));
#2393=DIRECTION('',(-1.E0,0.E0,0.E0));
#2394=AXIS2_PLACEMENT_3D('',#2391,#2392,#2393);
#2395=PLANE('',#2394);
#2396=ORIENTED_EDGE('',*,*,#2279,.T.);
#2398=ORIENTED_EDGE('',*,*,#2397,.F.);
#2399=ORIENTED_EDGE('',*,*,#1279,.F.);
#2400=ORIENTED_EDGE('',*,*,#2384,.T.);
#2401=EDGE_LOOP('',(#2396,#2398,#2399,#2400));
#2402=FACE_OUTER_BOUND('',#2401,.F.);
#2404=CARTESIAN_POINT('',(-9.5E0,-1.2E1,0.E0));
#2405=DIRECTION('',(0.E0,0.E0,1.E0));
#2406=DIRECTION('',(1.E0,0.E0,0.E0));
#2407=AXIS2_PLACEMENT_3D('',#2404,#2405,#2406);
#2408=CYLINDRICAL_SURFACE('',#2407,3.5E0);
#2409=ORIENTED_EDGE('',*,*,#2293,.T.);
#2410=ORIENTED_EDGE('',*,*,#2321,.F.);
#2411=ORIENTED_EDGE('',*,*,#1281,.T.);
#2412=ORIENTED_EDGE('',*,*,#2397,.T.);
#2413=EDGE_LOOP('',(#2409,#2410,#2411,#2412));
#2414=FACE_OUTER_BOUND('',#2413,.F.);
#2416=CLOSED_SHELL('',(#1309,#1324,#1337,#1353,#1368,#1381,#1397,#1412,#1425,
#1441,#1464,#1479,#1494,#1508,#1522,#1539,#1555,#1570,#1583,#1599,#1614,#1627,
#1643,#1658,#1671,#1681,#1693,#1703,#1718,#1734,#1756,#1776,#1789,#1801,#1811,
#1821,#1837,#1852,#1865,#1881,#1896,#1909,#1925,#1940,#1953,#1963,#1979,#1994,
#2007,#2023,#2038,#2051,#2091,#2106,#2119,#2133,#2145,#2160,#2173,#2187,#2199,
#2214,#2228,#2242,#2256,#2270,#2284,#2298,#2311,#2325,#2338,#2351,#2364,#2377,
#2390,#2403,#2415));
#2417=MANIFOLD_SOLID_BREP('',#2416);
#2419=DIMENSIONAL_EXPONENTS(0.E0,0.E0,0.E0,0.E0,0.E0,0.E0,0.E0);
#2421=PLANE_ANGLE_MEASURE_WITH_UNIT(PLANE_ANGLE_MEASURE(1.745329251994E-2),
#2420);
#2422=(CONVERSION_BASED_UNIT('DEGREE',#2421)NAMED_UNIT(*)PLANE_ANGLE_UNIT());
#2424=UNCERTAINTY_MEASURE_WITH_UNIT(LENGTH_MEASURE(7.847303887061E-3),#2418,
'distance_accuracy_value',
'Maximum model space distance between geometric entities at asserted connectivities');
#2427=APPLICATION_CONTEXT('automotive_design');
#2428=APPLICATION_PROTOCOL_DEFINITION('draft international standard',
'automotive_design',1998,#2427);
#2429=PRODUCT_DEFINITION_CONTEXT('part definition',#2427,'design');
#2430=PRODUCT_CONTEXT('',#2427,'mechanical');
#2431=PRODUCT('D-NBB75DFI','D-NBB75DFI','NOT SPECIFIED',(#2430));
#2432=PRODUCT_DEFINITION_FORMATION_WITH_SPECIFIED_SOURCE('1','LAST_VERSION',
#2431,.MADE.);
#2436=PRODUCT_TYPE('part','',(#2431));
#1=DRAUGHTING_PRE_DEFINED_COLOUR('black');
#2=COLOUR_RGB('',0.E0,0.E0,6.6E-1);
#3=DRAUGHTING_PRE_DEFINED_COLOUR('blue');
#4=COLOUR_RGB('',0.E0,2.E-1,3.4902E-1);
#5=COLOUR_RGB('',0.E0,2.44078E-1,2.84275E-1);
#6=COLOUR_RGB('',0.E0,2.77412E-1,5.20706E-1);
#7=COLOUR_RGB('',0.E0,3.18706E-1,5.49843E-1);
#8=COLOUR_RGB('',0.E0,3.3E-1,0.E0);
#9=COLOUR_RGB('',0.E0,3.37216E-1,5.10039E-1);
#10=COLOUR_RGB('',0.E0,3.50549E-1,2.96627E-1);
#11=COLOUR_RGB('',0.E0,4.05176E-1,3.01843E-1);
#12=COLOUR_RGB('',0.E0,4.31255E-1,2.30784E-1);
#13=COLOUR_RGB('',0.E0,4.5E-1,0.E0);
#14=COLOUR_RGB('',0.E0,4.52549E-1,6.86314E-1);
#15=COLOUR_RGB('',0.E0,4.5098E-1,9.01961E-1);
#16=COLOUR_RGB('',0.E0,4.54863E-1,4.69098E-1);
#17=COLOUR_RGB('',0.E0,4.95725E-1,3.0698E-1);
#18=COLOUR_RGB('',0.E0,5.07647E-1,3.21647E-1);
#19=COLOUR_RGB('',0.E0,5.38706E-1,5.4902E-1);
#20=COLOUR_RGB('',0.E0,6.E-1,0.E0);
#21=COLOUR_RGB('',0.E0,8.E-1,0.E0);
#22=DRAUGHTING_PRE_DEFINED_COLOUR('green');
#23=COLOUR_RGB('',1.7333E-2,2.72824E-1,3.83725E-1);
#24=COLOUR_RGB('',1.9608E-2,1.5686E-2,1.1765E-2);
#25=COLOUR_RGB('',6.7E-2,6.7E-2,6.7E-2);
#26=COLOUR_RGB('',7.0588E-2,7.4902E-2,7.7922E-2);
#27=COLOUR_RGB('',7.8941E-2,1.92431E-1,3.29059E-1);
#28=COLOUR_RGB('',8.4588E-2,1.95529E-1,4.73451E-1);
#29=COLOUR_RGB('',9.0196E-2,3.68627E-1,1.33333E-1);
#30=COLOUR_RGB('',1.01E-1,1.98E-1,9.52E-1);
#31=COLOUR_RGB('',1.06E-1,8.16E-1,2.08E-1);
#32=COLOUR_RGB('',1.08392E-1,1.27412E-1,1.65922E-1);
#33=COLOUR_RGB('',1.2549E-1,1.17647E-1,5.29412E-1);
#34=COLOUR_RGB('',1.35216E-1,1.5502E-1,3.35882E-1);
#35=COLOUR_RGB('',1.42314E-1,2.02E-1,1.53412E-1);
#36=COLOUR_RGB('',1.4902E-1,1.17647E-1,2.3529E-2);
#37=COLOUR_RGB('',1.48824E-1,1.47804E-1,1.53765E-1);
#38=COLOUR_RGB('',1.77412E-1,2.9051E-1,4.29725E-1);
#39=COLOUR_RGB('',1.80471E-1,2.15922E-1,1.46039E-1);
#40=COLOUR_RGB('',1.88235E-1,2.70588E-1,2.78431E-1);
#41=COLOUR_RGB('',1.89333E-1,3.29961E-1,2.63294E-1);
#42=COLOUR_RGB('',1.92353E-1,1.84667E-1,1.25647E-1);
#43=COLOUR_RGB('',2.E-1,4.E-1,1.E0);
#44=COLOUR_RGB('',2.E-1,4.70588E-1,1.E0);
#45=COLOUR_RGB('',2.E-1,8.E-1,1.E0);
#46=COLOUR_RGB('',2.12627E-1,2.39098E-1,2.53843E-1);
#47=COLOUR_RGB('',2.19608E-1,2.31961E-1,1.96275E-1);
#48=COLOUR_RGB('',2.43137E-1,2.5098E-1,7.01961E-1);
#49=COLOUR_RGB('',2.44667E-1,5.22118E-1,4.88706E-1);
#50=COLOUR_RGB('',2.5E-1,2.5E-1,2.5E-1);
#51=COLOUR_RGB('',2.53294E-1,4.33137E-1,1.97216E-1);
#52=COLOUR_RGB('',2.58824E-1,2.07843E-1,0.E0);
#53=COLOUR_RGB('',2.66549E-1,2.5098E-1,1.84941E-1);
#54=COLOUR_RGB('',2.71686E-1,3.97686E-1,5.45098E-1);
#55=COLOUR_RGB('',2.78431E-1,2.78431E-1,2.78431E-1);
#56=COLOUR_RGB('',2.83608E-1,2.13137E-1,1.48118E-1);
#57=COLOUR_RGB('',2.86275E-1,3.60784E-1,3.68627E-1);
#58=COLOUR_RGB('',2.94118E-1,6.70588E-1,3.76471E-1);
#59=COLOUR_RGB('',3.05216E-1,3.16039E-1,3.41255E-1);
#60=COLOUR_RGB('',3.07804E-1,5.22118E-1,2.54314E-1);
#61=COLOUR_RGB('',3.10235E-1,2.32431E-1,1.74667E-1);
#62=COLOUR_RGB('',3.14E-1,7.4E-2,0.E0);
#63=COLOUR_RGB('',3.15765E-1,3.46078E-1,3.58706E-1);
#64=COLOUR_RGB('',3.31725E-1,3.12627E-1,2.57725E-1);
#65=COLOUR_RGB('',3.40667E-1,3.54275E-1,3.3298E-1);
#66=COLOUR_RGB('',3.40353E-1,3.64118E-1,3.6949E-1);
#67=COLOUR_RGB('',3.45373E-1,3.59882E-1,3.17294E-1);
#68=COLOUR_RGB('',3.44118E-1,4.44078E-1,2.29529E-1);
#69=COLOUR_RGB('',3.48431E-1,2.21412E-1,1.53294E-1);
#70=COLOUR_RGB('',3.4902E-1,2.90196E-1,1.76471E-1);
#71=COLOUR_RGB('',3.72549E-1,6.19608E-1,0.E0);
#72=COLOUR_RGB('',3.90157E-1,1.98157E-1,1.75059E-1);
#73=COLOUR_RGB('',4.E-1,1.45098E-1,0.E0);
#74=COLOUR_RGB('',4.E-1,2.39216E-1,1.80392E-1);
#75=COLOUR_RGB('',4.06824E-1,4.97843E-1,3.45569E-1);
#76=COLOUR_RGB('',4.09137E-1,2.56353E-1,1.44314E-1);
#77=COLOUR_RGB('',4.11765E-1,4.39216E-1,8.58824E-1);
#78=COLOUR_RGB('',4.14196E-1,7.0549E-2,1.17059E-1);
#79=COLOUR_RGB('',4.19608E-1,6.03922E-1,9.29412E-1);
#80=COLOUR_RGB('',4.24627E-1,4.12549E-1,3.82353E-1);
#81=COLOUR_RGB('',4.39216E-1,3.52941E-1,0.E0);
#82=COLOUR_RGB('',4.46941E-1,6.67294E-1,6.59843E-1);
#83=COLOUR_RGB('',4.47059E-1,8.E-1,5.21569E-1);
#84=COLOUR_RGB('',4.5098E-1,0.E0,1.80392E-1);
#85=COLOUR_RGB('',4.5098E-1,3.04118E-1,1.61725E-1);
#86=COLOUR_RGB('',4.5098E-1,3.13725E-1,1.33333E-1);
#87=COLOUR_RGB('',4.5098E-1,5.2549E-1,2.23529E-1);
#88=COLOUR_RGB('',4.53529E-1,7.23216E-1,7.08275E-1);
#89=COLOUR_RGB('',4.60353E-1,2.84078E-1,2.13569E-1);
#90=COLOUR_RGB('',4.60902E-1,3.84745E-1,2.48706E-1);
#91=COLOUR_RGB('',4.63E-1,4.43E-1,4.94E-1);
#92=COLOUR_RGB('',4.63255E-1,4.60235E-1,3.42471E-1);
#93=COLOUR_RGB('',4.74314E-1,4.97098E-1,4.47569E-1);
#94=COLOUR_RGB('',4.7902E-1,4.86275E-1,4.78431E-1);
#95=COLOUR_RGB('',4.94078E-1,3.05686E-1,1.58824E-1);
#96=COLOUR_RGB('',5.E-1,5.E-1,5.E-1);
#97=COLOUR_RGB('',5.01961E-1,4.5098E-1,3.64706E-1);
#98=COLOUR_RGB('',5.01961E-1,4.86275E-1,0.E0);
#99=COLOUR_RGB('',5.21569E-1,1.92157E-1,0.E0);
#100=COLOUR_RGB('',5.21569E-1,1.96078E-1,2.54902E-1);
#101=COLOUR_RGB('',5.22E-1,4.94E-1,4.86E-1);
#102=COLOUR_RGB('',5.26941E-1,6.E-3,9.0157E-2);
#103=COLOUR_RGB('',5.2549E-1,7.01961E-1,1.41176E-1);
#104=COLOUR_RGB('',5.41176E-1,5.92157E-1,6.E-1);
#105=COLOUR_RGB('',5.49216E-1,2.83765E-1,1.96157E-1);
#106=COLOUR_RGB('',5.60784E-1,2.23529E-1,0.E0);
#107=COLOUR_RGB('',5.63255E-1,5.31216E-1,4.25529E-1);
#108=COLOUR_RGB('',5.72824E-1,5.57216E-1,5.50824E-1);
#109=COLOUR_RGB('',5.87412E-1,6.13922E-1,6.30196E-1);
#110=COLOUR_RGB('',6.E-1,4.5098E-1,3.29412E-1);
#111=COLOUR_RGB('',6.E-1,7.88235E-1,1.E0);
#112=COLOUR_RGB('',6.08E-1,2.3E-2,7.73E-1);
#113=COLOUR_RGB('',6.12196E-1,5.12549E-1,5.60275E-1);
#114=COLOUR_RGB('',6.11765E-1,9.01961E-1,6.82353E-1);
#115=COLOUR_RGB('',6.18078E-1,8.3569E-2,9.702E-2);
#116=COLOUR_RGB('',6.22784E-1,8.6902E-2,1.11686E-1);
#117=COLOUR_RGB('',6.26863E-1,5.67098E-1,3.83843E-1);
#118=COLOUR_RGB('',6.27451E-1,6.39216E-1,5.84314E-1);
#119=COLOUR_RGB('',6.34902E-1,5.16471E-1,6.5882E-2);
#120=COLOUR_RGB('',6.35294E-1,7.01961E-1,6.07843E-1);
#121=COLOUR_RGB('',6.39216E-1,8.5098E-1,5.09804E-1);
#122=COLOUR_RGB('',6.41804E-1,5.64235E-1,4.6702E-1);
#123=COLOUR_RGB('',6.43137E-1,6.5098E-1,9.29412E-1);
#124=COLOUR_RGB('',6.47E-1,6.47E-1,6.47E-1);
#125=COLOUR_RGB('',6.5098E-1,3.13725E-1,0.E0);
#126=COLOUR_RGB('',6.58824E-1,3.45098E-1,4.07843E-1);
#127=COLOUR_RGB('',6.6098E-1,1.19333E-1,1.22745E-1);
#128=COLOUR_RGB('',6.62157E-1,1.76549E-1,2.17843E-1);
#129=COLOUR_RGB('',6.62706E-1,2.11255E-1,1.61529E-1);
#130=COLOUR_RGB('',6.74353E-1,6.83882E-1,6.51216E-1);
#131=COLOUR_RGB('',6.78431E-1,6.27451E-1,5.37255E-1);
#132=COLOUR_RGB('',6.78431E-1,6.5098E-1,5.29412E-1);
#133=COLOUR_RGB('',6.91529E-1,7.2863E-2,2.29725E-1);
#134=COLOUR_RGB('',7.01961E-1,5.05882E-1,0.E0);
#135=COLOUR_RGB('',7.16235E-1,5.66588E-1,2.87882E-1);
#136=COLOUR_RGB('',7.21569E-1,2.39216E-1,0.E0);
#137=COLOUR_RGB('',7.29412E-1,9.60784E-1,7.76471E-1);
#138=COLOUR_RGB('',7.45569E-1,6.7569E-2,6.4196E-2);
#139=COLOUR_RGB('',7.4902E-1,6.58824E-1,4.86275E-1);
#140=COLOUR_RGB('',7.5298E-1,2.08588E-1,4.52706E-1);
#141=COLOUR_RGB('',7.57E-1,0.E0,0.E0);
#142=COLOUR_RGB('',7.55451E-1,7.71804E-1,7.51882E-1);
#143=COLOUR_RGB('',7.56863E-1,8.39216E-1,8.15686E-1);
#144=COLOUR_RGB('',7.71569E-1,5.76667E-1,0.E0);
#145=COLOUR_RGB('',7.72549E-1,9.01961E-1,5.76471E-1);
#146=COLOUR_RGB('',7.76471E-1,8.E-1,7.21569E-1);
#147=COLOUR_RGB('',7.84196E-1,7.30824E-1,5.01137E-1);
#148=COLOUR_RGB('',7.84314E-1,8.11765E-1,8.03922E-1);
#149=COLOUR_RGB('',8.E-1,4.E-1,0.E0);
#150=COLOUR_RGB('',8.E-1,7.76471E-1,6.78431E-1);
#151=COLOUR_RGB('',8.E-1,8.E-1,8.E-1);
#152=COLOUR_RGB('',8.E-1,1.E0,1.E0);
#153=COLOUR_RGB('',8.10745E-1,2.19804E-1,2.91608E-1);
#154=COLOUR_RGB('',8.11059E-1,3.00588E-1,3.54706E-1);
#155=COLOUR_RGB('',8.09333E-1,6.93176E-1,5.04314E-1);
#156=COLOUR_RGB('',8.11765E-1,0.E0,3.56863E-1);
#157=COLOUR_RGB('',8.20471E-1,3.50627E-1,1.0102E-1);
#158=COLOUR_RGB('',8.19608E-1,7.96078E-1,0.E0);
#159=COLOUR_RGB('',8.21725E-1,6.78549E-1,4.18745E-1);
#160=COLOUR_RGB('',8.25216E-1,4.02941E-1,3.2098E-1);
#161=COLOUR_RGB('',8.44078E-1,8.3898E-1,7.9102E-1);
#162=COLOUR_RGB('',8.49961E-1,3.82078E-1,2.84275E-1);
#163=COLOUR_RGB('',8.70588E-1,0.E0,2.94118E-1);
#164=COLOUR_RGB('',8.72353E-1,6.05098E-1,6.41882E-1);
#165=COLOUR_RGB('',8.77216E-1,6.55176E-1,0.E0);
#166=COLOUR_RGB('',8.784E-1,9.49E-1,1.E0);
#167=COLOUR_RGB('',8.83922E-1,3.15843E-1,8.078E-3);
#168=COLOUR_RGB('',8.90196E-1,6.66667E-1,7.56863E-1);
#169=COLOUR_RGB('',8.93373E-1,5.99922E-1,0.E0);
#170=COLOUR_RGB('',8.9302E-1,6.44588E-1,0.E0);
#171=COLOUR_RGB('',9.02941E-1,5.68392E-1,0.E0);
#172=COLOUR_RGB('',9.01961E-1,8.27451E-1,5.84314E-1);
#173=COLOUR_RGB('',9.12471E-1,4.4651E-1,7.298E-2);
#174=COLOUR_RGB('',9.37E-1,8.51E-1,9.4E-2);
#175=COLOUR_RGB('',9.41176E-1,6.78431E-1,0.E0);
#176=COLOUR_RGB('',9.41176E-1,9.01961E-1,7.52941E-1);
#177=COLOUR_RGB('',9.53294E-1,7.37412E-1,0.E0);
#178=COLOUR_RGB('',9.62706E-1,6.75922E-1,0.E0);
#179=COLOUR_RGB('',9.68627E-1,7.96078E-1,6.98039E-1);
#180=COLOUR_RGB('',9.73804E-1,7.51608E-1,0.E0);
#181=DRAUGHTING_PRE_DEFINED_COLOUR('red');
#182=COLOUR_RGB('',1.E0,0.E0,2.E-1);
#183=COLOUR_RGB('',1.E0,0.E0,3.21569E-1);
#184=COLOUR_RGB('',1.E0,0.E0,4.E-1);
#185=COLOUR_RGB('',1.E0,0.E0,6.E-1);
#186=COLOUR_RGB('',1.E0,0.E0,8.E-1);
#187=COLOUR_RGB('',1.E0,2.E-1,0.E0);
#188=COLOUR_RGB('',1.E0,3.21569E-1,0.E0);
#189=COLOUR_RGB('',1.E0,4.E-1,0.E0);
#190=COLOUR_RGB('',1.E0,4.11765E-1,3.9216E-2);
#191=COLOUR_RGB('',1.E0,4.57E-1,0.E0);
#192=COLOUR_RGB('',1.E0,5.41176E-1,2.70588E-1);
#193=COLOUR_RGB('',1.E0,6.E-1,0.E0);
#194=COLOUR_RGB('',1.E0,6.36196E-1,0.E0);
#195=COLOUR_RGB('',1.E0,6.90196E-1,5.60784E-1);
#196=COLOUR_RGB('',1.E0,7.01961E-1,0.E0);
#197=COLOUR_RGB('',1.E0,7.15E-1,4.11E-1);
#198=COLOUR_RGB('',1.E0,8.E-1,0.E0);
#199=COLOUR_RGB('',1.E0,8.E-1,4.E-1);
#200=COLOUR_RGB('',1.E0,8.31373E-1,2.E-1);
#201=COLOUR_RGB('',1.E0,8.31373E-1,3.80392E-1);
#202=COLOUR_RGB('',1.E0,8.39216E-1,2.31373E-1);
#203=COLOUR_RGB('',1.E0,8.90196E-1,3.4902E-1);
#204=COLOUR_RGB('',1.E0,9.09804E-1,4.19608E-1);
#205=COLOUR_RGB('',1.E0,9.41176E-1,5.098E-2);
#206=COLOUR_RGB('',1.E0,9.43529E-1,8.27843E-1);
#207=COLOUR_RGB('',1.E0,9.88235E-1,5.098E-2);
#208=DRAUGHTING_PRE_DEFINED_COLOUR('yellow');
#209=COLOUR_RGB('',1.E0,1.E0,2.E-1);
#210=COLOUR_RGB('',1.E0,1.E0,2.11765E-1);
#211=COLOUR_RGB('',1.E0,1.E0,4.E-1);
#212=COLOUR_RGB('',1.E0,1.E0,4.90196E-1);
#213=COLOUR_RGB('',1.E0,1.E0,6.E-1);
#214=COLOUR_RGB('',1.E0,1.E0,8.E-1);
#215=DRAUGHTING_PRE_DEFINED_COLOUR('white');
#220=CIRCLE('',#219,1.75E0);
#225=CIRCLE('',#224,1.75E0);
#230=CIRCLE('',#229,1.75E0);
#235=CIRCLE('',#234,1.75E0);
#240=CIRCLE('',#239,3.5E0);
#249=CIRCLE('',#248,3.5E0);
#258=CIRCLE('',#257,3.5E0);
#267=CIRCLE('',#266,3.5E0);
#276=CIRCLE('',#275,1.1E1);
#289=CIRCLE('',#288,1.1E1);
#294=CIRCLE('',#293,1.1E1);
#299=CIRCLE('',#298,1.1E1);
#304=CIRCLE('',#303,9.E0);
#317=CIRCLE('',#316,9.E0);
#322=CIRCLE('',#321,9.E0);
#327=CIRCLE('',#326,9.E0);
#332=CIRCLE('',#331,6.3E0);
#345=CIRCLE('',#344,6.3E0);
#350=CIRCLE('',#349,6.3E0);
#355=CIRCLE('',#354,6.3E0);
#371=B_SPLINE_CURVE_WITH_KNOTS('',3,(#356,#357,#358,#359,#360,#361,#362,#363,
#364,#365,#366,#367,#368,#369,#370),.UNSPECIFIED.,.F.,.F.,(4,1,1,1,1,1,1,1,1,1,
1,1,4),(0.E0,8.333333333333E-2,1.666666666667E-1,2.5E-1,3.333333333333E-1,
4.166666666667E-1,5.E-1,5.833333333333E-1,6.666666666667E-1,7.5E-1,
8.333333333333E-1,9.166666666667E-1,1.E0),.UNSPECIFIED.);
#376=CIRCLE('',#375,4.85E0);
#392=B_SPLINE_CURVE_WITH_KNOTS('',3,(#377,#378,#379,#380,#381,#382,#383,#384,
#385,#386,#387,#388,#389,#390,#391),.UNSPECIFIED.,.F.,.F.,(4,1,1,1,1,1,1,1,1,1,
1,1,4),(0.E0,8.333333333333E-2,1.666666666667E-1,2.5E-1,3.333333333333E-1,
4.166666666667E-1,5.E-1,5.833333333333E-1,6.666666666667E-1,7.5E-1,
8.333333333333E-1,9.166666666667E-1,1.E0),.UNSPECIFIED.);
#424=B_SPLINE_CURVE_WITH_KNOTS('',3,(#409,#410,#411,#412,#413,#414,#415,#416,
#417,#418,#419,#420,#421,#422,#423),.UNSPECIFIED.,.F.,.F.,(4,1,1,1,1,1,1,1,1,1,
1,1,4),(0.E0,8.333333333333E-2,1.666666666667E-1,2.5E-1,3.333333333333E-1,
4.166666666667E-1,5.E-1,5.833333333333E-1,6.666666666667E-1,7.5E-1,
8.333333333333E-1,9.166666666667E-1,1.E0),.UNSPECIFIED.);
#433=CIRCLE('',#432,4.85E0);
#453=B_SPLINE_CURVE_WITH_KNOTS('',3,(#438,#439,#440,#441,#442,#443,#444,#445,
#446,#447,#448,#449,#450,#451,#452),.UNSPECIFIED.,.F.,.F.,(4,1,1,1,1,1,1,1,1,1,
1,1,4),(0.E0,8.333333333333E-2,1.666666666667E-1,2.5E-1,3.333333333333E-1,
4.166666666667E-1,5.E-1,5.833333333333E-1,6.666666666667E-1,7.5E-1,
8.333333333333E-1,9.166666666667E-1,1.E0),.UNSPECIFIED.);
#466=CIRCLE('',#465,4.85E0);
#471=CIRCLE('',#470,4.85E0);
#476=CIRCLE('',#475,4.1E0);
#481=CIRCLE('',#480,4.1E0);
#486=CIRCLE('',#485,4.05E0);
#495=CIRCLE('',#494,4.05E0);
#504=CIRCLE('',#503,1.05E0);
#509=CIRCLE('',#508,1.05E0);
#514=CIRCLE('',#513,1.05E0);
#523=CIRCLE('',#522,1.05E0);
#532=CIRCLE('',#531,7.E-1);
#537=CIRCLE('',#536,7.E-1);
#542=CIRCLE('',#541,7.E-1);
#551=CIRCLE('',#550,7.E-1);
#560=CIRCLE('',#559,1.E0);
#565=CIRCLE('',#564,1.E0);
#570=CIRCLE('',#569,1.E0);
#575=CIRCLE('',#574,1.E0);
#599=B_SPLINE_CURVE_WITH_KNOTS('',3,(#584,#585,#586,#587,#588,#589,#590,#591,
#592,#593,#594,#595,#596,#597,#598),.UNSPECIFIED.,.F.,.F.,(4,1,1,1,1,1,1,1,1,1,
1,1,4),(0.E0,8.333333333333E-2,1.666666666667E-1,2.5E-1,3.333333333333E-1,
4.166666666667E-1,5.E-1,5.833333333333E-1,6.666666666667E-1,7.5E-1,
8.333333333333E-1,9.166666666667E-1,1.E0),.UNSPECIFIED.);
#608=CIRCLE('',#607,4.85E0);
#628=B_SPLINE_CURVE_WITH_KNOTS('',3,(#613,#614,#615,#616,#617,#618,#619,#620,
#621,#622,#623,#624,#625,#626,#627),.UNSPECIFIED.,.F.,.F.,(4,1,1,1,1,1,1,1,1,1,
1,1,4),(0.E0,8.333333333333E-2,1.666666666667E-1,2.5E-1,3.333333333333E-1,
4.166666666667E-1,5.E-1,5.833333333333E-1,6.666666666667E-1,7.5E-1,
8.333333333333E-1,9.166666666667E-1,1.E0),.UNSPECIFIED.);
#652=B_SPLINE_CURVE_WITH_KNOTS('',3,(#637,#638,#639,#640,#641,#642,#643,#644,
#645,#646,#647,#648,#649,#650,#651),.UNSPECIFIED.,.F.,.F.,(4,1,1,1,1,1,1,1,1,1,
1,1,4),(0.E0,8.333333333333E-2,1.666666666667E-1,2.5E-1,3.333333333333E-1,
4.166666666667E-1,5.E-1,5.833333333333E-1,6.666666666667E-1,7.5E-1,
8.333333333333E-1,9.166666666667E-1,1.E0),.UNSPECIFIED.);
#657=CIRCLE('',#656,4.85E0);
#673=B_SPLINE_CURVE_WITH_KNOTS('',3,(#658,#659,#660,#661,#662,#663,#664,#665,
#666,#667,#668,#669,#670,#671,#672),.UNSPECIFIED.,.F.,.F.,(4,1,1,1,1,1,1,1,1,1,
1,1,4),(0.E0,8.333333333333E-2,1.666666666667E-1,2.5E-1,3.333333333333E-1,
4.166666666667E-1,5.E-1,5.833333333333E-1,6.666666666667E-1,7.5E-1,
8.333333333333E-1,9.166666666667E-1,1.E0),.UNSPECIFIED.);
#686=CIRCLE('',#685,1.E0);
#691=CIRCLE('',#690,1.E0);
#696=CIRCLE('',#695,1.E0);
#701=CIRCLE('',#700,1.E0);
#706=CIRCLE('',#705,4.1E0);
#711=CIRCLE('',#710,4.1E0);
#724=CIRCLE('',#723,4.05E0);
#729=CIRCLE('',#728,4.05E0);
#734=CIRCLE('',#733,1.05E0);
#743=CIRCLE('',#742,1.05E0);
#752=CIRCLE('',#751,1.05E0);
#757=CIRCLE('',#756,1.05E0);
#762=CIRCLE('',#761,7.E-1);
#771=CIRCLE('',#770,7.E-1);
#780=CIRCLE('',#779,7.E-1);
#785=CIRCLE('',#784,7.E-1);
#790=CIRCLE('',#789,4.85E0);
#795=CIRCLE('',#794,4.85E0);
#808=CIRCLE('',#807,9.8E0);
#813=CIRCLE('',#812,9.8E0);
#818=CIRCLE('',#817,9.8E0);
#823=CIRCLE('',#822,9.8E0);
#836=CIRCLE('',#835,1.18E1);
#841=CIRCLE('',#840,1.18E1);
#846=CIRCLE('',#845,1.18E1);
#851=CIRCLE('',#850,1.18E1);
#856=CIRCLE('',#855,3.E0);
#861=CIRCLE('',#860,3.E0);
#866=CIRCLE('',#865,3.E0);
#871=CIRCLE('',#870,3.E0);
#876=CIRCLE('',#875,3.2E0);
#885=CIRCLE('',#884,3.2E0);
#894=CIRCLE('',#893,3.2E0);
#903=CIRCLE('',#902,3.2E0);
#920=CIRCLE('',#919,1.75E0);
#929=CIRCLE('',#928,1.75E0);
#946=CIRCLE('',#945,1.75E0);
#955=CIRCLE('',#954,1.75E0);
#964=CIRCLE('',#963,3.E-1);
#969=CIRCLE('',#968,3.E-1);
#974=CIRCLE('',#973,3.E-1);
#979=CIRCLE('',#978,3.E-1);
#984=CIRCLE('',#983,3.E-1);
#989=CIRCLE('',#988,3.E-1);
#994=CIRCLE('',#993,3.E-1);
#999=CIRCLE('',#998,3.E-1);
#1012=CIRCLE('',#1011,3.5E0);
#1029=CIRCLE('',#1028,3.5E0);
#1046=CIRCLE('',#1045,3.5E0);
#1063=CIRCLE('',#1062,3.5E0);
#1273=EDGE_CURVE('',#1118,#1119,#240,.T.);
#1275=EDGE_CURVE('',#1118,#1121,#244,.T.);
#1277=EDGE_CURVE('',#1123,#1121,#249,.T.);
#1279=EDGE_CURVE('',#1123,#1125,#253,.T.);
#1281=EDGE_CURVE('',#1127,#1125,#258,.T.);
#1283=EDGE_CURVE('',#1127,#1129,#262,.T.);
#1285=EDGE_CURVE('',#1131,#1129,#267,.T.);
#1287=EDGE_CURVE('',#1131,#1119,#271,.T.);
#1291=EDGE_CURVE('',#1110,#1111,#220,.T.);
#1293=EDGE_CURVE('',#1111,#1110,#225,.T.);
#1297=EDGE_CURVE('',#1114,#1115,#230,.T.);
#1299=EDGE_CURVE('',#1115,#1114,#235,.T.);
#1303=EDGE_CURVE('',#1070,#1082,#276,.T.);
#1305=EDGE_CURVE('',#1070,#1082,#289,.T.);
#1309=ADVANCED_FACE('',(#1290,#1296,#1302,#1308),#1272,.F.);
#1315=EDGE_CURVE('',#1070,#1071,#280,.T.);
#1318=EDGE_CURVE('',#1082,#1083,#284,.T.);
#1320=EDGE_CURVE('',#1071,#1083,#299,.T.);
#1324=ADVANCED_FACE('',(#1323),#1314,.T.);
#1331=EDGE_CURVE('',#1071,#1083,#294,.T.);
#1337=ADVANCED_FACE('',(#1336),#1329,.T.);
#1347=EDGE_CURVE('',#1254,#1262,#304,.T.);
#1349=EDGE_CURVE('',#1254,#1262,#317,.T.);
#1353=ADVANCED_FACE('',(#1346,#1352),#1342,.F.);
#1359=EDGE_CURVE('',#1254,#1255,#308,.T.);
#1362=EDGE_CURVE('',#1262,#1263,#312,.T.);
#1364=EDGE_CURVE('',#1255,#1263,#327,.T.);
#1368=ADVANCED_FACE('',(#1367),#1358,.T.);
#1375=EDGE_CURVE('',#1255,#1263,#322,.T.);
#1381=ADVANCED_FACE('',(#1380),#1373,.T.);
#1391=EDGE_CURVE('',#1258,#1266,#332,.T.);
#1393=EDGE_CURVE('',#1258,#1266,#345,.T.);
#1397=ADVANCED_FACE('',(#1390,#1396),#1386,.F.);
#1403=EDGE_CURVE('',#1258,#1259,#336,.T.);
#1406=EDGE_CURVE('',#1266,#1267,#340,.T.);
#1408=EDGE_CURVE('',#1259,#1267,#355,.T.);
#1412=ADVANCED_FACE('',(#1411),#1402,.T.);
#1419=EDGE_CURVE('',#1259,#1267,#350,.T.);
#1425=ADVANCED_FACE('',(#1424),#1417,.T.);
#1435=EDGE_CURVE('',#1094,#1095,#376,.T.);
#1437=EDGE_CURVE('',#1094,#1095,#433,.T.);
#1441=ADVANCED_FACE('',(#1434,#1440),#1430,.F.);
#1447=EDGE_CURVE('',#1148,#1149,#371,.T.);
#1449=EDGE_CURVE('',#1094,#1149,#437,.T.);
#1452=EDGE_CURVE('',#1095,#1150,#428,.T.);
#1454=EDGE_CURVE('',#1150,#1151,#392,.T.);
#1456=EDGE_CURVE('',#1151,#1099,#461,.T.);
#1458=EDGE_CURVE('',#1098,#1099,#471,.T.);
#1460=EDGE_CURVE('',#1148,#1098,#457,.T.);
#1464=ADVANCED_FACE('',(#1463),#1446,.T.);
#1471=EDGE_CURVE('',#1148,#1147,#396,.T.);
#1473=EDGE_CURVE('',#1147,#1146,#701,.T.);
#1475=EDGE_CURVE('',#1149,#1146,#408,.T.);
#1479=ADVANCED_FACE('',(#1478),#1469,.T.);
#1486=EDGE_CURVE('',#1138,#1150,#404,.T.);
#1488=EDGE_CURVE('',#1139,#1138,#575,.T.);
#1490=EDGE_CURVE('',#1139,#1151,#400,.T.);
#1494=ADVANCED_FACE('',(#1493),#1484,.T.);
#1500=EDGE_CURVE('',#1151,#1150,#424,.T.);
#1503=EDGE_CURVE('',#1138,#1139,#570,.T.);
#1508=ADVANCED_FACE('',(#1507),#1499,.T.);
#1514=EDGE_CURVE('',#1149,#1148,#453,.T.);
#1517=EDGE_CURVE('',#1146,#1147,#696,.T.);
#1522=ADVANCED_FACE('',(#1521),#1513,.T.);
#1534=EDGE_CURVE('',#1098,#1099,#466,.T.);
#1539=ADVANCED_FACE('',(#1538),#1527,.T.);
#1549=EDGE_CURVE('',#1198,#1199,#476,.T.);
#1551=EDGE_CURVE('',#1199,#1198,#481,.T.);
#1555=ADVANCED_FACE('',(#1548,#1554),#1544,.F.);
#1562=EDGE_CURVE('',#1191,#1199,#499,.T.);
#1564=EDGE_CURVE('',#1190,#1191,#486,.T.);
#1566=EDGE_CURVE('',#1190,#1198,#490,.T.);
#1570=ADVANCED_FACE('',(#1569),#1560,.F.);
#1578=EDGE_CURVE('',#1190,#1191,#495,.T.);
#1583=ADVANCED_FACE('',(#1582),#1575,.F.);
#1593=EDGE_CURVE('',#1163,#1179,#504,.T.);
#1595=EDGE_CURVE('',#1163,#1179,#509,.T.);
#1599=ADVANCED_FACE('',(#1592,#1598),#1588,.F.);
#1605=EDGE_CURVE('',#1162,#1163,#518,.T.);
#1608=EDGE_CURVE('',#1178,#1179,#527,.T.);
#1610=EDGE_CURVE('',#1162,#1178,#514,.T.);
#1614=ADVANCED_FACE('',(#1613),#1604,.T.);
#1621=EDGE_CURVE('',#1162,#1178,#523,.T.);
#1627=ADVANCED_FACE('',(#1626),#1619,.T.);
#1637=EDGE_CURVE('',#1159,#1175,#532,.T.);
#1639=EDGE_CURVE('',#1159,#1175,#537,.T.);
#1643=ADVANCED_FACE('',(#1636,#1642),#1632,.F.);
#1649=EDGE_CURVE('',#1158,#1159,#546,.T.);
#1652=EDGE_CURVE('',#1174,#1175,#555,.T.);
#1654=EDGE_CURVE('',#1158,#1174,#542,.T.);
#1658=ADVANCED_FACE('',(#1657),#1648,.F.);
#1665=EDGE_CURVE('',#1158,#1174,#551,.T.);
#1671=ADVANCED_FACE('',(#1670),#1663,.F.);
#1681=ADVANCED_FACE('',(#1680),#1676,.F.);
#1687=EDGE_CURVE('',#1134,#1135,#560,.T.);
#1689=EDGE_CURVE('',#1135,#1134,#565,.T.);
#1693=ADVANCED_FACE('',(#1692),#1686,.F.);
#1703=ADVANCED_FACE('',(#1702),#1698,.F.);
#1709=EDGE_CURVE('',#1155,#1154,#599,.T.);
#1711=EDGE_CURVE('',#1135,#1155,#681,.T.);
#1714=EDGE_CURVE('',#1134,#1154,#579,.T.);
#1718=ADVANCED_FACE('',(#1717),#1708,.T.);
#1724=EDGE_CURVE('',#1153,#1152,#628,.T.);
#1726=EDGE_CURVE('',#1153,#1142,#583,.T.);
#1728=EDGE_CURVE('',#1142,#1143,#686,.T.);
#1730=EDGE_CURVE('',#1152,#1143,#677,.T.);
#1734=ADVANCED_FACE('',(#1733),#1723,.T.);
#1741=EDGE_CURVE('',#1103,#1154,#603,.T.);
#1743=EDGE_CURVE('',#1102,#1103,#608,.T.);
#1745=EDGE_CURVE('',#1102,#1153,#612,.T.);
#1748=EDGE_CURVE('',#1152,#1106,#632,.T.);
#1750=EDGE_CURVE('',#1106,#1107,#795,.T.);
#1752=EDGE_CURVE('',#1155,#1107,#636,.T.);
#1756=ADVANCED_FACE('',(#1755),#1739,.T.);
#1762=EDGE_CURVE('',#1152,#1153,#652,.T.);
#1765=EDGE_CURVE('',#1102,#1103,#657,.T.);
#1768=EDGE_CURVE('',#1154,#1155,#673,.T.);
#1771=EDGE_CURVE('',#1106,#1107,#790,.T.);
#1776=ADVANCED_FACE('',(#1775),#1761,.T.);
#1784=EDGE_CURVE('',#1143,#1142,#691,.T.);
#1789=ADVANCED_FACE('',(#1788),#1781,.T.);
#1801=ADVANCED_FACE('',(#1800),#1794,.T.);
#1811=ADVANCED_FACE('',(#1810),#1806,.T.);
#1821=ADVANCED_FACE('',(#1820),#1816,.T.);
#1831=EDGE_CURVE('',#1202,#1203,#706,.T.);
#1833=EDGE_CURVE('',#1203,#1202,#711,.T.);
#1837=ADVANCED_FACE('',(#1830,#1836),#1826,.T.);
#1844=EDGE_CURVE('',#1202,#1194,#719,.T.);
#1846=EDGE_CURVE('',#1194,#1195,#729,.T.);
#1848=EDGE_CURVE('',#1203,#1195,#715,.T.);
#1852=ADVANCED_FACE('',(#1851),#1842,.F.);
#1860=EDGE_CURVE('',#1194,#1195,#724,.T.);
#1865=ADVANCED_FACE('',(#1864),#1857,.F.);
#1875=EDGE_CURVE('',#1166,#1182,#734,.T.);
#1877=EDGE_CURVE('',#1166,#1182,#743,.T.);
#1881=ADVANCED_FACE('',(#1874,#1880),#1870,.T.);
#1887=EDGE_CURVE('',#1166,#1167,#738,.T.);
#1889=EDGE_CURVE('',#1167,#1183,#757,.T.);
#1891=EDGE_CURVE('',#1182,#1183,#747,.T.);
#1896=ADVANCED_FACE('',(#1895),#1886,.T.);
#1905=EDGE_CURVE('',#1167,#1183,#752,.T.);
#1909=ADVANCED_FACE('',(#1908),#1901,.T.);
#1919=EDGE_CURVE('',#1170,#1186,#762,.T.);
#1921=EDGE_CURVE('',#1170,#1186,#771,.T.);
#1925=ADVANCED_FACE('',(#1918,#1924),#1914,.T.);
#1931=EDGE_CURVE('',#1170,#1171,#766,.T.);
#1933=EDGE_CURVE('',#1171,#1187,#785,.T.);
#1935=EDGE_CURVE('',#1186,#1187,#775,.T.);
#1940=ADVANCED_FACE('',(#1939),#1930,.F.);
#1949=EDGE_CURVE('',#1171,#1187,#780,.T.);
#1953=ADVANCED_FACE('',(#1952),#1945,.F.);
#1963=ADVANCED_FACE('',(#1962),#1958,.T.);
#1969=EDGE_CURVE('',#1074,#1086,#808,.T.);
#1971=EDGE_CURVE('',#1074,#1086,#813,.T.);
#1979=ADVANCED_FACE('',(#1974,#1978),#1968,.T.);
#1985=EDGE_CURVE('',#1074,#1075,#799,.T.);
#1987=EDGE_CURVE('',#1075,#1087,#823,.T.);
#1989=EDGE_CURVE('',#1086,#1087,#803,.T.);
#1994=ADVANCED_FACE('',(#1993),#1984,.F.);
#2003=EDGE_CURVE('',#1075,#1087,#818,.T.);
#2007=ADVANCED_FACE('',(#2006),#1999,.F.);
#2013=EDGE_CURVE('',#1078,#1090,#836,.T.);
#2015=EDGE_CURVE('',#1078,#1090,#841,.T.);
#2023=ADVANCED_FACE('',(#2018,#2022),#2012,.T.);
#2029=EDGE_CURVE('',#1078,#1079,#827,.T.);
#2031=EDGE_CURVE('',#1079,#1091,#851,.T.);
#2033=EDGE_CURVE('',#1090,#1091,#831,.T.);
#2038=ADVANCED_FACE('',(#2037),#2028,.T.);
#2047=EDGE_CURVE('',#1079,#1091,#846,.T.);
#2051=ADVANCED_FACE('',(#2050),#2043,.T.);
#2057=EDGE_CURVE('',#1222,#1223,#876,.T.);
#2059=EDGE_CURVE('',#1249,#1222,#880,.T.);
#2061=EDGE_CURVE('',#1245,#1249,#885,.T.);
#2063=EDGE_CURVE('',#1241,#1245,#889,.T.);
#2065=EDGE_CURVE('',#1237,#1241,#894,.T.);
#2067=EDGE_CURVE('',#1233,#1237,#898,.T.);
#2069=EDGE_CURVE('',#1229,#1233,#903,.T.);
#2071=EDGE_CURVE('',#1223,#1229,#907,.T.);
#2075=EDGE_CURVE('',#1206,#1207,#856,.T.);
#2077=EDGE_CURVE('',#1207,#1206,#861,.T.);
#2081=EDGE_CURVE('',#1214,#1215,#866,.T.);
#2083=EDGE_CURVE('',#1215,#1214,#871,.T.);
#2091=ADVANCED_FACE('',(#2074,#2080,#2086,#2090),#2056,.T.);
#2098=EDGE_CURVE('',#1207,#1211,#915,.T.);
#2100=EDGE_CURVE('',#1210,#1211,#929,.T.);
#2102=EDGE_CURVE('',#1206,#1210,#911,.T.);
#2106=ADVANCED_FACE('',(#2105),#2096,.F.);
#2114=EDGE_CURVE('',#1211,#1210,#920,.T.);
#2119=ADVANCED_FACE('',(#2118),#2111,.F.);
#2126=EDGE_CURVE('',#1110,#1210,#933,.T.);
#2129=EDGE_CURVE('',#1111,#1211,#924,.T.);
#2133=ADVANCED_FACE('',(#2132),#2124,.F.);
#2145=ADVANCED_FACE('',(#2144),#2138,.F.);
#2152=EDGE_CURVE('',#1215,#1219,#941,.T.);
#2154=EDGE_CURVE('',#1218,#1219,#955,.T.);
#2156=EDGE_CURVE('',#1214,#1218,#937,.T.);
#2160=ADVANCED_FACE('',(#2159),#2150,.F.);
#2168=EDGE_CURVE('',#1219,#1218,#946,.T.);
#2173=ADVANCED_FACE('',(#2172),#2165,.F.);
#2180=EDGE_CURVE('',#1115,#1218,#959,.T.);
#2183=EDGE_CURVE('',#1114,#1219,#950,.T.);
#2187=ADVANCED_FACE('',(#2186),#2178,.F.);
#2199=ADVANCED_FACE('',(#2198),#2192,.F.);
#2206=EDGE_CURVE('',#1223,#1227,#969,.T.);
#2208=EDGE_CURVE('',#1226,#1227,#1012,.T.);
#2210=EDGE_CURVE('',#1222,#1226,#964,.T.);
#2214=ADVANCED_FACE('',(#2213),#2204,.T.);
#2221=EDGE_CURVE('',#1229,#1231,#974,.T.);
#2223=EDGE_CURVE('',#1227,#1231,#1020,.T.);
#2228=ADVANCED_FACE('',(#2227),#2219,.T.);
#2235=EDGE_CURVE('',#1233,#1235,#979,.T.);
#2237=EDGE_CURVE('',#1231,#1235,#1029,.T.);
#2242=ADVANCED_FACE('',(#2241),#2233,.T.);
#2249=EDGE_CURVE('',#1237,#1239,#984,.T.);
#2251=EDGE_CURVE('',#1235,#1239,#1037,.T.);
#2256=ADVANCED_FACE('',(#2255),#2247,.T.);
#2263=EDGE_CURVE('',#1241,#1243,#989,.T.);
#2265=EDGE_CURVE('',#1239,#1243,#1046,.T.);
#2270=ADVANCED_FACE('',(#2269),#2261,.T.);
#2277=EDGE_CURVE('',#1245,#1247,#994,.T.);
#2279=EDGE_CURVE('',#1243,#1247,#1054,.T.);
#2284=ADVANCED_FACE('',(#2283),#2275,.T.);
#2291=EDGE_CURVE('',#1249,#1251,#999,.T.);
#2293=EDGE_CURVE('',#1247,#1251,#1063,.T.);
#2298=ADVANCED_FACE('',(#2297),#2289,.T.);
#2306=EDGE_CURVE('',#1251,#1226,#1003,.T.);
#2311=ADVANCED_FACE('',(#2310),#2303,.T.);
#2318=EDGE_CURVE('',#1129,#1226,#1016,.T.);
#2321=EDGE_CURVE('',#1127,#1251,#1007,.T.);
#2325=ADVANCED_FACE('',(#2324),#2316,.F.);
#2332=EDGE_CURVE('',#1131,#1227,#1024,.T.);
#2338=ADVANCED_FACE('',(#2337),#2330,.T.);
#2345=EDGE_CURVE('',#1119,#1231,#1033,.T.);
#2351=ADVANCED_FACE('',(#2350),#2343,.F.);
#2358=EDGE_CURVE('',#1118,#1235,#1041,.T.);
#2364=ADVANCED_FACE('',(#2363),#2356,.T.);
#2371=EDGE_CURVE('',#1121,#1239,#1050,.T.);
#2377=ADVANCED_FACE('',(#2376),#2369,.F.);
#2384=EDGE_CURVE('',#1123,#1243,#1058,.T.);
#2390=ADVANCED_FACE('',(#2389),#2382,.T.);
#2397=EDGE_CURVE('',#1125,#1247,#1067,.T.);
#2403=ADVANCED_FACE('',(#2402),#2395,.F.);
#2415=ADVANCED_FACE('',(#2414),#2408,.T.);
#2418=(LENGTH_UNIT()NAMED_UNIT(*)SI_UNIT(.MILLI.,.METRE.));
#2420=(NAMED_UNIT(*)PLANE_ANGLE_UNIT()SI_UNIT($,.RADIAN.));
#2423=(NAMED_UNIT(*)SI_UNIT($,.STERADIAN.)SOLID_ANGLE_UNIT());
#2425=(GEOMETRIC_REPRESENTATION_CONTEXT(3)GLOBAL_UNCERTAINTY_ASSIGNED_CONTEXT((
#2424))GLOBAL_UNIT_ASSIGNED_CONTEXT((#2418,#2422,#2423))REPRESENTATION_CONTEXT(
'ID1','3'));
#2426=ADVANCED_BREP_SHAPE_REPRESENTATION('',(#2417),#2425);
#2433=PRODUCT_DEFINITION('part definition','',#2432,#2429);
#2434=PRODUCT_DEFINITION_SHAPE('','SHAPE FOR D-NBB75DFI.',#2433);
#2435=SHAPE_DEFINITION_REPRESENTATION(#2434,#2426);
ENDSEC;
END-ISO-10303-21;
