999
DXF file: st-ne8fdp.dxf
999
Pro/ENGINEER 2011310 by Parametric Technology Corporation
  0
SECTION
  2
HEADER
  9
$ACADVER
  1
AC1018
  9
$DWGCODEPAGE
  3
ANSI_1252
  9
$EXTMAX
 10
420.0
 20
297.0
 30
0.0
  9
$EXTMIN
 10
0.0
 20
0.0
 30
0.0
  9
$LIMMIN
 10
0.0
 20
0.0
  9
$LIMMAX
 10
420.0
 20
297.0
  9
$VIEWCTR
 10
210.0
 20
148.5
  9
$VIEWSIZE
 40
297.0
  9
$CLAYER
  8
0
  9
$LTSCALE
 40
23.1
  9
$CELTYPE
  6
BYLAYER
  9
$DIMSCALE
 40
1.0
  9
$DIMASZ
 40
3.5
  9
$DIMEXO
 40
2.625
  9
$DIMDLI
 40
15.96
  9
$DIMEXE
 40
7.56
  9
$DIMCEN
 40
3.78
  9
$DIMLFAC
 40
1.0
  9
$DIMBLK
  1
_FILLED
  9
$DIMTXT
 40
3.5
  9
$DIMTOL
 70
1
  9
$DIMLIM
 70
0
  9
$DIMTFAC
 40
1.0
  9
$DIMTP
 40
0.005
  9
$DIMTM
 40
0.005
  9
$PDMODE
 70
3
  9
$PDSIZE
 40
0.3125
  9
$HANDSEED
  5
F53
  9
$TILEMODE
 70
1
  9
$MEASUREMENT
 70
1
  9
$INSUNITS
 70
4
  0
ENDSEC
  0
SECTION
  2
CLASSES
  0
CLASS
  1
ACDBDICTIONARYWDFLT
  2
AcDbDictionaryWithDefault
  3
AutoCAD 2000
 90
0
 91
1
280
0
281
0
  0
CLASS
  1
ACDBPLACEHOLDER
  2
AcDbPlaceHolder
  3
AutoCAD 2000
 90
0
 91
1
280
0
281
0
  0
CLASS
  1
LAYOUT
  2
AcDbLayout
  3
AutoCAD 2000
 90
0
 91
0
280
0
281
0
  0
CLASS
  1
TABLESTYLE
  2
AcDbTableStyle
  3
ObjectDBX Classes
 90
2047
 91
1
280
0
281
0
  0
CLASS
  1
ACAD_TABLE
  2
AcDbTable
  3
ObjectDBX Classes
 90
1025
 91
1
280
0
281
1
  0
ENDSEC
  0
SECTION
  2
TABLES
  0
TABLE
  2
VPORT
  5
8
100
AcDbSymbolTable
 70
2
  0
VPORT
  5
1F4
100
AcDbSymbolTableRecord
100
AcDbViewportTableRecord
  2
*ACTIVE
 70
0
 10
0.0
 20
0.0
 11
1.0
 21
1.0
 12
210.0
 22
148.5
 13
0.0
 23
0.0
 14
1.0
 24
1.0
 15
0.0
 25
0.0
 16
0.0
 26
0.0
 36
1.0
 17
0.0
 27
0.0
 37
0.0
 40
297.0
 41
1.4141414141
 42
50.0
 43
0.0
 44
0.0
 50
0.0
 51
0.0
 71
0
 72
100
 73
1
 74
1
 75
0
 76
0
 77
0
 78
0
  0
ENDTAB
  0
TABLE
  2
LTYPE
  5
5
100
AcDbSymbolTable
 70
6
  0
LTYPE
  5
14
100
AcDbSymbolTableRecord
100
AcDbLinetypeTableRecord
  2
BYBLOCK
 70
0
  3

 72
65
 73
0
 40
0.0
  0
LTYPE
  5
15
100
AcDbSymbolTableRecord
100
AcDbLinetypeTableRecord
  2
BYLAYER
 70
0
  3

 72
65
 73
0
 40
0.0
  0
LTYPE
  5
16
100
AcDbSymbolTableRecord
100
AcDbLinetypeTableRecord
  2
CONTINUOUS
 70
64
  3
Solid line
 72
65
 73
0
 40
0.0
  0
LTYPE
  5
1F5
100
AcDbSymbolTableRecord
100
AcDbLinetypeTableRecord
  2
CENTER
 70
64
  3
____ _ ____ _ ____ _ ____ _ ____ _ ____ _ ____
 72
65
 73
4
 40
0.6
 49
0.375
 74
0
 49
-0.075
 74
0
 49
0.075
 74
0
 49
-0.075
 74
0
  0
LTYPE
  5
1F6
100
AcDbSymbolTableRecord
100
AcDbLinetypeTableRecord
  2
HIDDEN
 70
64
  3
- - - - - - - - - - - - - - - - - - - -
 72
65
 73
2
 40
0.2
 49
0.1
 74
0
 49
-0.1
 74
0
  0
LTYPE
  5
1F7
100
AcDbSymbolTableRecord
100
AcDbLinetypeTableRecord
  2
PHANTOM
 70
64
  3
_____ _ _ _____ _ _ _____ _ _ _____
 72
65
 73
6
 40
0.8
 49
0.45
 74
0
 49
-0.05
 74
0
 49
0.1
 74
0
 49
-0.05
 74
0
 49
0.1
 74
0
 49
-0.05
 74
0
  0
LTYPE
  5
1F8
100
AcDbSymbolTableRecord
100
AcDbLinetypeTableRecord
  2
DOT
 70
64
  3
. . . . . . . . . . . . . . . . . . . .
 72
65
 73
2
 40
0.2
 49
0.1
 74
0
 49
-0.1
 74
0
  0
LTYPE
  5
1F9
100
AcDbSymbolTableRecord
100
AcDbLinetypeTableRecord
  2
DASHED
 70
64
  3
- - - - - - - - - - - - - - - - - - - -
 72
65
 73
2
 40
0.2
 49
0.1
 74
0
 49
-0.1
 74
0
  0
ENDTAB
  0
TABLE
  2
LAYER
  5
2
100
AcDbSymbolTable
 70
36
  0
LAYER
  5
10
100
AcDbSymbolTableRecord
100
AcDbLayerTableRecord
  2
0
 70
0
 62
7
  6
CONTINUOUS
370
-3
390
F
  0
LAYER
  5
1FA
100
AcDbSymbolTableRecord
100
AcDbLayerTableRecord
  2
DEFAULT_1
 70
0
 62
7
  6
CENTER
370
-3
390
F
  0
LAYER
  5
1FB
100
AcDbSymbolTableRecord
100
AcDbLayerTableRecord
  2
DEFAULT_2
 70
0
 62
8
  6
HIDDEN
370
-3
390
F
  0
LAYER
  5
1FC
100
AcDbSymbolTableRecord
100
AcDbLayerTableRecord
  2
DEFAULT_3
 70
0
 62
7
  6
PHANTOM
370
-3
390
F
  0
LAYER
  5
1FD
100
AcDbSymbolTableRecord
100
AcDbLayerTableRecord
  2
01___PRT_ALL_DTM_PLN
 70
0
 62
7
  6
CONTINUOUS
370
-3
390
F
  0
LAYER
  5
1FE
100
AcDbSymbolTableRecord
100
AcDbLayerTableRecord
  2
01___PRT_DEF_DTM_PLN
 70
0
 62
7
  6
CONTINUOUS
370
-3
390
F
  0
LAYER
  5
1FF
100
AcDbSymbolTableRecord
100
AcDbLayerTableRecord
  2
02___PRT_ALL_AXES
 70
0
 62
7
  6
CONTINUOUS
370
-3
390
F
  0
LAYER
  5
200
100
AcDbSymbolTableRecord
100
AcDbLayerTableRecord
  2
03___PRT_ALL_CURVES
 70
0
 62
7
  6
CONTINUOUS
370
-3
390
F
  0
LAYER
  5
201
100
AcDbSymbolTableRecord
100
AcDbLayerTableRecord
  2
04___PRT_ALL_DTM_PNT
 70
0
 62
7
  6
CONTINUOUS
370
-3
390
F
  0
LAYER
  5
202
100
AcDbSymbolTableRecord
100
AcDbLayerTableRecord
  2
05___PRT_ALL_DTM_CSYS
 70
0
 62
7
  6
CONTINUOUS
370
-3
390
F
  0
LAYER
  5
203
100
AcDbSymbolTableRecord
100
AcDbLayerTableRecord
  2
05___PRT_DEF_DTM_CSYS
 70
0
 62
7
  6
CONTINUOUS
370
-3
390
F
  0
LAYER
  5
204
100
AcDbSymbolTableRecord
100
AcDbLayerTableRecord
  2
06___PRT_ALL_SURFS
 70
0
 62
7
  6
CONTINUOUS
370
-3
390
F
  0
LAYER
  5
205
100
AcDbSymbolTableRecord
100
AcDbLayerTableRecord
  2
4171
 70
0
 62
7
  6
CONTINUOUS
370
-3
390
F
  0
LAYER
  5
206
100
AcDbSymbolTableRecord
100
AcDbLayerTableRecord
  2
4551
 70
0
 62
7
  6
CONTINUOUS
370
-3
390
F
  0
LAYER
  5
207
100
AcDbSymbolTableRecord
100
AcDbLayerTableRecord
  2
AUSFORMSCHRAEGEN
 70
0
 62
7
  6
CONTINUOUS
370
-3
390
F
  0
LAYER
  5
208
100
AcDbSymbolTableRecord
100
AcDbLayerTableRecord
  2
BEMASSUNGEN
 70
0
 62
7
  6
CONTINUOUS
370
-3
390
F
  0
LAYER
  5
209
100
AcDbSymbolTableRecord
100
AcDbLayerTableRecord
  2
BEZUGSACHSEN
 70
0
 62
7
  6
CONTINUOUS
370
-3
390
F
  0
LAYER
  5
20A
100
AcDbSymbolTableRecord
100
AcDbLayerTableRecord
  2
BEZUGSEBENEN
 70
0
 62
7
  6
CONTINUOUS
370
-3
390
F
  0
LAYER
  5
20B
100
AcDbSymbolTableRecord
100
AcDbLayerTableRecord
  2
BEZUGSPUNKTE
 70
0
 62
7
  6
CONTINUOUS
370
-3
390
F
  0
LAYER
  5
20C
100
AcDbSymbolTableRecord
100
AcDbLayerTableRecord
  2
BG_STARTBEZUEGE
 70
0
 62
7
  6
CONTINUOUS
370
-3
390
F
  0
LAYER
  5
20D
100
AcDbSymbolTableRecord
100
AcDbLayerTableRecord
  2
BOHRUNGEN
 70
0
 62
7
  6
CONTINUOUS
370
-3
390
F
  0
LAYER
  5
20E
100
AcDbSymbolTableRecord
100
AcDbLayerTableRecord
  2
BZ-EBENEN
 70
0
 62
7
  6
CONTINUOUS
370
-3
390
F
  0
LAYER
  5
20F
100
AcDbSymbolTableRecord
100
AcDbLayerTableRecord
  2
BZ-KURVEN
 70
0
 62
7
  6
CONTINUOUS
370
-3
390
F
  0
LAYER
  5
210
100
AcDbSymbolTableRecord
100
AcDbLayerTableRecord
  2
FASEN
 70
0
 62
7
  6
CONTINUOUS
370
-3
390
F
  0
LAYER
  5
211
100
AcDbSymbolTableRecord
100
AcDbLayerTableRecord
  2
FLAECHEN
 70
0
 62
7
  6
CONTINUOUS
370
-3
390
F
  0
LAYER
  5
212
100
AcDbSymbolTableRecord
100
AcDbLayerTableRecord
  2
GEWINDE
 70
0
 62
7
  6
CONTINUOUS
370
-3
390
F
  0
LAYER
  5
213
100
AcDbSymbolTableRecord
100
AcDbLayerTableRecord
  2
HILFEN
 70
0
 62
7
  6
CONTINUOUS
370
-3
390
F
  0
LAYER
  5
214
100
AcDbSymbolTableRecord
100
AcDbLayerTableRecord
  2
KANTENFASEN
 70
0
 62
7
  6
CONTINUOUS
370
-3
390
F
  0
LAYER
  5
215
100
AcDbSymbolTableRecord
100
AcDbLayerTableRecord
  2
KE-OHNE-GEOMETRIE
 70
0
 62
7
  6
CONTINUOUS
370
-3
390
F
  0
LAYER
  5
216
100
AcDbSymbolTableRecord
100
AcDbLayerTableRecord
  2
KURVEN
 70
0
 62
7
  6
CONTINUOUS
370
-3
390
F
  0
LAYER
  5
217
100
AcDbSymbolTableRecord
100
AcDbLayerTableRecord
  2
PLAZIERUNG
 70
0
 62
7
  6
CONTINUOUS
370
-3
390
F
  0
LAYER
  5
218
100
AcDbSymbolTableRecord
100
AcDbLayerTableRecord
  2
REF-BEMASSUNGEN
 70
0
 62
7
  6
CONTINUOUS
370
-3
390
F
  0
LAYER
  5
219
100
AcDbSymbolTableRecord
100
AcDbLayerTableRecord
  2
RUNDUNGEN
 70
0
 62
7
  6
CONTINUOUS
370
-3
390
F
  0
LAYER
  5
21A
100
AcDbSymbolTableRecord
100
AcDbLayerTableRecord
  2
TEIL_STARTBEZUEGE
 70
0
 62
7
  6
CONTINUOUS
370
-3
390
F
  0
LAYER
  5
21B
100
AcDbSymbolTableRecord
100
AcDbLayerTableRecord
  2
XSEC_DATUMS
 70
0
 62
7
  6
CONTINUOUS
370
-3
390
F
  0
LAYER
  5
21C
100
AcDbSymbolTableRecord
100
AcDbLayerTableRecord
  2
ZEICHNUNGSBEMASSUNGEN
 70
0
 62
7
  6
CONTINUOUS
370
-3
390
F
  0
ENDTAB
  0
TABLE
  2
STYLE
  5
3
100
AcDbSymbolTable
 70
1
  0
STYLE
  5
11
100
AcDbSymbolTableRecord
100
AcDbTextStyleTableRecord
  2
STANDARD
 70
0
 40
0.0
 41
0.7
 50
0.0
 71
0
 42
0.2
  3
txt
  4

  0
STYLE
  5
21D
100
AcDbSymbolTableRecord
100
AcDbTextStyleTableRecord
  2
TEXTSTYLE_1
 70
0
 40
0.0
 41
0.8
 50
0.0
 71
0
 42
0.2
  3
gdt
  4

  0
STYLE
  5
21E
100
AcDbSymbolTableRecord
100
AcDbTextStyleTableRecord
  2
TEXTSTYLE_2
 70
0
 40
0.0
 41
0.6162074671
 50
0.0
 71
0
 42
0.2
  3
txt
  4

  0
STYLE
  5
21F
100
AcDbSymbolTableRecord
100
AcDbTextStyleTableRecord
  2
TEXTSTYLE_3
 70
0
 40
0.0
 41
0.6
 50
0.0
 71
0
 42
0.2
  3
txt
  4

  0
STYLE
  5
220
100
AcDbSymbolTableRecord
100
AcDbTextStyleTableRecord
  2
TEXTSTYLE_4
 70
0
 40
0.0
 41
0.7
 50
0.0
 71
0
 42
0.2
  3
gdt
  4

  0
STYLE
  5
221
100
AcDbSymbolTableRecord
100
AcDbTextStyleTableRecord
  2
TEXTSTYLE_5
 70
0
 40
0.0
 41
0.8
 50
0.0
 71
0
 42
0.2
  3
txt
  4

  0
ENDTAB
  0
TABLE
  2
VIEW
  5
6
100
AcDbSymbolTable
 70
0
  0
ENDTAB
  0
TABLE
  2
UCS
  5
7
100
AcDbSymbolTable
 70
0
  0
ENDTAB
  0
TABLE
  2
APPID
  5
9
100
AcDbSymbolTable
 70
1
  0
APPID
  5
222
100
AcDbSymbolTableRecord
100
AcDbRegAppTableRecord
  2
ACAD
 70
0
  0
ENDTAB
  0
TABLE
  2
BLOCK_RECORD
  5
1
100
AcDbSymbolTable
 70
0
  0
BLOCK_RECORD
  5
223
100
AcDbSymbolTableRecord
100
AcDbBlockTableRecord
  2
*Model_Space
  0
BLOCK_RECORD
  5
224
100
AcDbSymbolTableRecord
100
AcDbBlockTableRecord
  2
*Paper_Space
  0
BLOCK_RECORD
  5
225
100
AcDbSymbolTableRecord
100
AcDbBlockTableRecord
  2
_FILLED
  0
BLOCK_RECORD
  5
226
100
AcDbSymbolTableRecord
100
AcDbBlockTableRecord
  2
*D0
  0
BLOCK_RECORD
  5
227
100
AcDbSymbolTableRecord
100
AcDbBlockTableRecord
  2
*D1
  0
BLOCK_RECORD
  5
228
100
AcDbSymbolTableRecord
100
AcDbBlockTableRecord
  2
*D2
  0
BLOCK_RECORD
  5
229
100
AcDbSymbolTableRecord
100
AcDbBlockTableRecord
  2
*D3
  0
BLOCK_RECORD
  5
22A
100
AcDbSymbolTableRecord
100
AcDbBlockTableRecord
  2
*D4
  0
BLOCK_RECORD
  5
22B
100
AcDbSymbolTableRecord
100
AcDbBlockTableRecord
  2
*D5
  0
BLOCK_RECORD
  5
22C
100
AcDbSymbolTableRecord
100
AcDbBlockTableRecord
  2
*D6
  0
BLOCK_RECORD
  5
22D
100
AcDbSymbolTableRecord
100
AcDbBlockTableRecord
  2
*D7
  0
BLOCK_RECORD
  5
22E
100
AcDbSymbolTableRecord
100
AcDbBlockTableRecord
  2
*D8
  0
BLOCK_RECORD
  5
22F
100
AcDbSymbolTableRecord
100
AcDbBlockTableRecord
  2
*D9
  0
BLOCK_RECORD
  5
230
100
AcDbSymbolTableRecord
100
AcDbBlockTableRecord
  2
*D10
  0
BLOCK_RECORD
  5
231
100
AcDbSymbolTableRecord
100
AcDbBlockTableRecord
  2
*D11
  0
BLOCK_RECORD
  5
232
100
AcDbSymbolTableRecord
100
AcDbBlockTableRecord
  2
*D12
  0
BLOCK_RECORD
  5
233
100
AcDbSymbolTableRecord
100
AcDbBlockTableRecord
  2
*D13
  0
BLOCK_RECORD
  5
234
100
AcDbSymbolTableRecord
100
AcDbBlockTableRecord
  2
*D14
  0
BLOCK_RECORD
  5
235
100
AcDbSymbolTableRecord
100
AcDbBlockTableRecord
  2
*D15
  0
BLOCK_RECORD
  5
236
100
AcDbSymbolTableRecord
100
AcDbBlockTableRecord
  2
*D16
  0
BLOCK_RECORD
  5
237
100
AcDbSymbolTableRecord
100
AcDbBlockTableRecord
  2
*T1
  0
ENDTAB
  0
TABLE
  2
DIMSTYLE
  5
A
100
AcDbSymbolTable
 70
1
100
AcDbDimStyleTable
 71
0
  0
DIMSTYLE
105
238
100
AcDbSymbolTableRecord
100
AcDbDimStyleTableRecord
  2
STANDARD
 70
0
  3

  4

 40
1.0
 41
3.5
 42
0.0625
 43
0.38
 44
0.18
 45
0.0
 46
0.0
 47
0.005
 48
0.005
140
3.5
141
0.09
142
0.0
143
25.4
144
1.0
145
0.0
146
1.0
147
0.09
 71
1.0
 72
0.0
 73
0
 74
0
 75
0
 76
0
 77
1
 78
8
170
0
171
2
172
0
173
0
174
0
175
0
176
0
177
0
178
5
270
2
271
3
272
3
273
2
274
2
275
0
280
0
281
0
282
0
283
1
284
8
285
0
286
0
287
3
288
0
340
11
341
225
342
225
343
225
344
225
  0
DIMSTYLE
105
239
100
AcDbSymbolTableRecord
100
AcDbDimStyleTableRecord
  2
DIMSTYLE_1
 70
0
  3

  4

 40
1.0
 41
3.5
 42
0.0625
 43
0.38
 44
0.18
 45
0.0
 46
0.0
 47
0.3
 48
0.3
140
3.5
141
0.09
142
0.0
143
25.4
144
0.5
145
0.0
146
1.0
147
0.09
 71
0.0
 72
0.0
 73
0
 74
0
 75
0
 76
0
 77
1
 78
8
170
0
171
2
172
0
173
0
174
0
175
0
176
0
177
0
178
5
270
2
271
3
272
3
273
2
274
2
275
0
280
0
281
0
282
0
283
1
284
8
285
0
286
0
287
3
288
0
340
11
341
225
342
225
343
225
344
225
  0
DIMSTYLE
105
23A
100
AcDbSymbolTableRecord
100
AcDbDimStyleTableRecord
  2
DIMSTYLE_2
 70
0
  3

  4

 40
1.0
 41
3.5
 42
0.0625
 43
0.38
 44
0.18
 45
0.0
 46
0.0
 47
0.2
 48
0.2
140
3.5
141
0.09
142
0.0
143
25.4
144
0.5
145
0.0
146
1.0
147
0.09
 71
0.0
 72
0.0
 73
0
 74
0
 75
0
 76
0
 77
1
 78
8
170
0
171
2
172
0
173
0
174
0
175
0
176
0
177
0
178
5
270
2
271
3
272
3
273
2
274
2
275
0
280
0
281
0
282
0
283
1
284
8
285
0
286
0
287
3
288
0
340
11
341
225
342
225
343
225
344
225
  0
DIMSTYLE
105
23B
100
AcDbSymbolTableRecord
100
AcDbDimStyleTableRecord
  2
DIMSTYLE_3
 70
0
  3

  4

 40
1.0
 41
3.5
 42
0.0625
 43
0.38
 44
0.18
 45
0.0
 46
0.0
 47
0.1
 48
0.1000000001
140
3.5
141
0.09
142
0.0
143
25.4
144
0.5
145
0.0
146
0.6
147
0.09
 71
1.0
 72
0.0
 73
0
 74
0
 75
0
 76
0
 77
1
 78
8
170
0
171
2
172
0
173
0
174
0
175
0
176
0
177
0
178
5
270
2
271
3
272
3
273
2
274
2
275
0
280
0
281
0
282
0
283
1
284
8
285
0
286
0
287
3
288
0
340
11
341
225
342
225
343
225
344
225
  0
DIMSTYLE
105
23C
100
AcDbSymbolTableRecord
100
AcDbDimStyleTableRecord
  2
DIMSTYLE_4
 70
0
  3

  4

 40
1.0
 41
3.5
 42
0.0625
 43
0.38
 44
0.18
 45
0.0
 46
0.0
 47
0.1
 48
0.1
140
3.5
141
0.09
142
0.0
143
25.4
144
0.5
145
0.0
146
1.0
147
0.09
 71
1.0
 72
0.0
 73
0
 74
0
 75
0
 76
0
 77
1
 78
8
170
0
171
2
172
0
173
0
174
0
175
0
176
0
177
0
178
5
270
2
271
3
272
3
273
2
274
2
275
0
280
0
281
0
282
0
283
1
284
8
285
0
286
0
287
3
288
0
340
11
341
225
342
225
343
225
344
225
  0
DIMSTYLE
105
23D
100
AcDbSymbolTableRecord
100
AcDbDimStyleTableRecord
  2
DIMSTYLE_5
 70
0
  3

  4

 40
1.0
 41
3.5
 42
0.0625
 43
0.38
 44
0.18
 45
0.0
 46
0.0
 47
0.1
 48
0.1
140
3.5
141
0.09
142
0.0
143
25.4
144
0.5
145
0.0
146
1.0
147
0.09
 71
0.0
 72
0.0
 73
0
 74
0
 75
0
 76
0
 77
1
 78
8
170
0
171
2
172
0
173
0
174
0
175
0
176
0
177
0
178
5
270
2
271
3
272
3
273
2
274
2
275
0
280
0
281
0
282
0
283
1
284
8
285
0
286
0
287
3
288
0
340
11
341
225
342
225
343
225
344
225
  0
DIMSTYLE
105
23E
100
AcDbSymbolTableRecord
100
AcDbDimStyleTableRecord
  2
DIMSTYLE_6
 70
0
  3

  4

 40
1.0
 41
3.5
 42
0.0625
 43
0.38
 44
0.18
 45
0.0
 46
0.0
 47
0.2
 48
0.2
140
3.5
141
0.09
142
0.0
143
25.4
144
0.5
145
0.0
146
1.0
147
0.09
 71
0.0
 72
0.0
 73
0
 74
0
 75
0
 76
0
 77
1
 78
8
170
0
171
2
172
0
173
0
174
0
175
0
176
0
177
0
178
5
270
2
271
3
272
3
273
2
274
2
275
0
280
0
281
0
282
0
283
1
284
8
285
0
286
0
287
3
288
0
340
11
341
225
342
225
343
225
344
225
  0
ENDTAB
  0
ENDSEC
  0
SECTION
  2
BLOCKS
  0
BLOCK
  5
20
100
AcDbEntity
  8
0
100
AcDbBlockBegin
  2
*Model_Space
 70
0
 10
0.0
 20
0.0
 30
0.0
  3
*Model_Space
  1

  0
ENDBLK
  5
21
100
AcDbEntity
  8
0
100
AcDbBlockEnd
  0
BLOCK
  5
1C
100
AcDbEntity
  8
0
100
AcDbBlockBegin
  2
*Paper_Space
 70
0
 10
0.0
 20
0.0
 30
0.0
  3
*Paper_Space
  1

  0
ENDBLK
  5
1D
100
AcDbEntity
  8
0
100
AcDbBlockEnd
  0
BLOCK
  5
23F
100
AcDbEntity
  8
0
100
AcDbBlockBegin
  2
_FILLED
 70
64
 10
0.0
 20
0.0
  3
_FILLED
  1

  0
SOLID
  5
240
100
AcDbEntity
  8
0
  6
BYBLOCK
 62
0
100
AcDbTrace
 10
0.0
 20
0.0
 11
-1.0
 21
0.125
 12
-1.0
 22
-0.125
 13
-1.0
 23
-0.125
  0
ENDBLK
  5
241
100
AcDbEntity
  8
0
  6
BYBLOCK
 62
0
100
AcDbBlockEnd
  0
BLOCK
  5
242
100
AcDbEntity
  8
ZEICHNUNGSBEMASSUNGEN
100
AcDbBlockBegin
 62
2
  6
CONTINUOUS
  2
*D0
 70
65
 10
0.0
 20
0.0
  3
*D0
  1

  0
MTEXT
  5
243
100
AcDbEntity
  8
ZEICHNUNGSBEMASSUNGEN
100
AcDbMText
 62
5
  6
CONTINUOUS
  7
STANDARD
 71
2
 72
1
 10
160.8382013716
 20
51.7013155357
 30
0.0
 11
1.0
 21
0.0
 31
0.0
 44
0.9
  1
\Q15.0;36,3{\Ftxt.shx;\W1.000000;\H3.500000; }[1.43]
 40
3.5
 41
25.5
  0
LINE
  5
244
100
AcDbEntity
  8
ZEICHNUNGSBEMASSUNGEN
100
AcDbLine
 62
2
  6
CONTINUOUS
 10
123.5803753616
 20
82.1109701131
 11
123.5803753616
 21
45.7954488778
  0
LINE
  5
245
100
AcDbEntity
  8
ZEICHNUNGSBEMASSUNGEN
100
AcDbLine
 62
2
  6
CONTINUOUS
 10
196.1803753616
 20
69.8246654213
 11
196.1803753616
 21
45.7954488778
  0
LINE
  5
246
100
AcDbEntity
  8
ZEICHNUNGSBEMASSUNGEN
100
AcDbLine
 62
2
  6
CONTINUOUS
 10
123.5803753616
 20
47.2954488778
 11
159.8803753616
 21
47.2954488778
  0
LINE
  5
247
100
AcDbEntity
  8
ZEICHNUNGSBEMASSUNGEN
100
AcDbLine
 62
2
  6
CONTINUOUS
 10
196.1803753616
 20
47.2954488778
 11
159.8803753616
 21
47.2954488778
  0
INSERT
  5
248
100
AcDbEntity
  8
ZEICHNUNGSBEMASSUNGEN
100
AcDbBlockReference
 62
2
  6
CONTINUOUS
  2
_FILLED
 10
123.5803753616
 20
47.2954488778
 41
3.5
 42
3.5
 43
3.5
 50
180.0
  0
INSERT
  5
249
100
AcDbEntity
  8
ZEICHNUNGSBEMASSUNGEN
100
AcDbBlockReference
 62
2
  6
CONTINUOUS
  2
_FILLED
 10
196.1803753616
 20
47.2954488778
 41
3.5
 42
3.5
 43
3.5
  0
ENDBLK
  5
24A
100
AcDbEntity
  8
0
  6
BYBLOCK
 62
0
100
AcDbBlockEnd
  0
BLOCK
  5
24B
100
AcDbEntity
  8
ZEICHNUNGSBEMASSUNGEN
100
AcDbBlockBegin
 62
2
  6
CONTINUOUS
  2
*D1
 70
65
 10
0.0
 20
0.0
  3
*D1
  1

  0
MTEXT
  5
24C
100
AcDbEntity
  8
ZEICHNUNGSBEMASSUNGEN
100
AcDbMText
 62
5
  6
CONTINUOUS
  7
STANDARD
 71
2
 72
1
 10
170.9448378748
 20
63.8885346948
 30
0.0
 11
1.0
 21
0.0
 31
0.0
 44
0.9
  1
\Q15.0;19,8{\Ftxt.shx;\W1.000000;\H3.500000; }[.78]
 40
3.5
 41
23.5
  0
LINE
  5
24D
100
AcDbEntity
  8
ZEICHNUNGSBEMASSUNGEN
100
AcDbLine
 62
2
  6
CONTINUOUS
 10
156.5803753616
 20
82.7909701131
 11
156.5803753616
 21
57.9826680369
  0
LINE
  5
24E
100
AcDbEntity
  8
ZEICHNUNGSBEMASSUNGEN
100
AcDbLine
 62
2
  6
CONTINUOUS
 10
196.1803753616
 20
69.8246654213
 11
196.1803753616
 21
57.9826680369
  0
LINE
  5
24F
100
AcDbEntity
  8
ZEICHNUNGSBEMASSUNGEN
100
AcDbLine
 62
2
  6
CONTINUOUS
 10
156.5803753616
 20
59.4826680369
 11
176.3803753616
 21
59.4826680369
  0
LINE
  5
250
100
AcDbEntity
  8
ZEICHNUNGSBEMASSUNGEN
100
AcDbLine
 62
2
  6
CONTINUOUS
 10
196.1803753616
 20
59.4826680369
 11
176.3803753616
 21
59.4826680369
  0
INSERT
  5
251
100
AcDbEntity
  8
ZEICHNUNGSBEMASSUNGEN
100
AcDbBlockReference
 62
2
  6
CONTINUOUS
  2
_FILLED
 10
156.5803753616
 20
59.4826680369
 41
3.5
 42
3.5
 43
3.5
 50
180.0
  0
INSERT
  5
252
100
AcDbEntity
  8
ZEICHNUNGSBEMASSUNGEN
100
AcDbBlockReference
 62
2
  6
CONTINUOUS
  2
_FILLED
 10
196.1803753616
 20
59.4826680369
 41
3.5
 42
3.5
 43
3.5
  0
ENDBLK
  5
253
100
AcDbEntity
  8
0
  6
BYBLOCK
 62
0
100
AcDbBlockEnd
  0
BLOCK
  5
254
100
AcDbEntity
  8
ZEICHNUNGSBEMASSUNGEN
100
AcDbBlockBegin
 62
2
  6
CONTINUOUS
  2
*D2
 70
65
 10
0.0
 20
0.0
  3
*D2
  1

  0
MTEXT
  5
255
100
AcDbEntity
  8
ZEICHNUNGSBEMASSUNGEN
100
AcDbMText
 62
5
  6
CONTINUOUS
  7
STANDARD
 71
2
 72
1
 10
25.7879375511
 20
217.3094510793
 30
0.0
 11
0.0
 21
1.0
 31
0.0
 44
0.9
  1
\Q15.0;24{\Ftxt.shx;\W1.000000;\H3.500000; }[.94]
 40
3.5
 41
19.5
  0
LINE
  5
256
100
AcDbEntity
  8
ZEICHNUNGSBEMASSUNGEN
100
AcDbLine
 62
2
  6
CONTINUOUS
 10
46.3721727956
 20
241.5476721081
 11
28.693804209
 21
241.5476721081
  0
LINE
  5
257
100
AcDbEntity
  8
ZEICHNUNGSBEMASSUNGEN
100
AcDbLine
 62
2
  6
CONTINUOUS
 10
84.7682931171
 20
193.5476721081
 11
28.693804209
 21
193.5476721081
  0
LINE
  5
258
100
AcDbEntity
  8
ZEICHNUNGSBEMASSUNGEN
100
AcDbLine
 62
2
  6
CONTINUOUS
 10
30.193804209
 20
241.5476721081
 11
30.193804209
 21
217.5476721081
  0
LINE
  5
259
100
AcDbEntity
  8
ZEICHNUNGSBEMASSUNGEN
100
AcDbLine
 62
2
  6
CONTINUOUS
 10
30.193804209
 20
193.5476721081
 11
30.193804209
 21
217.5476721081
  0
INSERT
  5
25A
100
AcDbEntity
  8
ZEICHNUNGSBEMASSUNGEN
100
AcDbBlockReference
 62
2
  6
CONTINUOUS
  2
_FILLED
 10
30.193804209
 20
241.5476721081
 41
3.5
 42
3.5
 43
3.5
 50
90.0
  0
INSERT
  5
25B
100
AcDbEntity
  8
ZEICHNUNGSBEMASSUNGEN
100
AcDbBlockReference
 62
2
  6
CONTINUOUS
  2
_FILLED
 10
30.193804209
 20
193.5476721081
 41
3.5
 42
3.5
 43
3.5
 50
270.0
  0
ENDBLK
  5
25C
100
AcDbEntity
  8
0
  6
BYBLOCK
 62
0
100
AcDbBlockEnd
  0
BLOCK
  5
25D
100
AcDbEntity
  8
ZEICHNUNGSBEMASSUNGEN
100
AcDbBlockBegin
 62
2
  6
CONTINUOUS
  2
*D3
 70
65
 10
0.0
 20
0.0
  3
*D3
  1

  0
MTEXT
  5
25E
100
AcDbEntity
  8
ZEICHNUNGSBEMASSUNGEN
100
AcDbMText
 62
5
  6
CONTINUOUS
  7
STANDARD
 71
2
 72
1
 10
74.20997179
 20
175.672089807
 30
0.0
 11
1.0
 21
0.0
 31
0.0
 44
0.9
  1
\Q15.0;19{\Ftxt.shx;\W1.000000;\H3.500000; }[.75]
 40
3.5
 41
18.5
  0
LINE
  5
25F
100
AcDbEntity
  8
ZEICHNUNGSBEMASSUNGEN
100
AcDbLine
 62
2
  6
CONTINUOUS
 10
55.3568281621
 20
233.2269980997
 11
55.3568281621
 21
169.7662231492
  0
LINE
  5
260
100
AcDbEntity
  8
ZEICHNUNGSBEMASSUNGEN
100
AcDbLine
 62
2
  6
CONTINUOUS
 10
93.3568281621
 20
184.7997633572
 11
93.3568281621
 21
169.7662231492
  0
LINE
  5
261
100
AcDbEntity
  8
ZEICHNUNGSBEMASSUNGEN
100
AcDbLine
 62
2
  6
CONTINUOUS
 10
55.3568281621
 20
171.2662231492
 11
74.3568281621
 21
171.2662231492
  0
LINE
  5
262
100
AcDbEntity
  8
ZEICHNUNGSBEMASSUNGEN
100
AcDbLine
 62
2
  6
CONTINUOUS
 10
93.3568281621
 20
171.2662231492
 11
74.3568281621
 21
171.2662231492
  0
INSERT
  5
263
100
AcDbEntity
  8
ZEICHNUNGSBEMASSUNGEN
100
AcDbBlockReference
 62
2
  6
CONTINUOUS
  2
_FILLED
 10
55.3568281621
 20
171.2662231492
 41
3.5
 42
3.5
 43
3.5
 50
180.0
  0
INSERT
  5
264
100
AcDbEntity
  8
ZEICHNUNGSBEMASSUNGEN
100
AcDbBlockReference
 62
2
  6
CONTINUOUS
  2
_FILLED
 10
93.3568281621
 20
171.2662231492
 41
3.5
 42
3.5
 43
3.5
  0
ENDBLK
  5
265
100
AcDbEntity
  8
0
  6
BYBLOCK
 62
0
100
AcDbBlockEnd
  0
BLOCK
  5
266
100
AcDbEntity
  8
ZEICHNUNGSBEMASSUNGEN
100
AcDbBlockBegin
 62
2
  6
CONTINUOUS
  2
*D4
 70
65
 10
0.0
 20
0.0
  3
*D4
  1

  0
MTEXT
  5
267
100
AcDbEntity
  8
ZEICHNUNGSBEMASSUNGEN
100
AcDbMText
 62
5
  6
CONTINUOUS
  7
STANDARD
 71
2
 72
1
 10
17.1882672834
 20
216.1852205892
 30
0.0
 11
0.0
 21
1.0
 31
0.0
 44
0.9
  1
\Q15.0;31{\Ftxt.shx;\W1.000000;\H3.500000; }[1.22]
 40
3.5
 41
20.5
  0
LINE
  5
268
100
AcDbEntity
  8
ZEICHNUNGSBEMASSUNGEN
100
AcDbLine
 62
2
  6
CONTINUOUS
 10
52.0520283686
 20
248.5476721081
 11
20.0941339412
 21
248.5476721081
  0
LINE
  5
269
100
AcDbEntity
  8
ZEICHNUNGSBEMASSUNGEN
100
AcDbLine
 62
2
  6
CONTINUOUS
 10
52.4863984434
 20
186.5476721081
 11
20.0941339412
 21
186.5476721081
  0
LINE
  5
26A
100
AcDbEntity
  8
ZEICHNUNGSBEMASSUNGEN
100
AcDbLine
 62
2
  6
CONTINUOUS
 10
21.5941339412
 20
248.5476721081
 11
21.5941339412
 21
217.5476721081
  0
LINE
  5
26B
100
AcDbEntity
  8
ZEICHNUNGSBEMASSUNGEN
100
AcDbLine
 62
2
  6
CONTINUOUS
 10
21.5941339412
 20
186.5476721081
 11
21.5941339412
 21
217.5476721081
  0
INSERT
  5
26C
100
AcDbEntity
  8
ZEICHNUNGSBEMASSUNGEN
100
AcDbBlockReference
 62
2
  6
CONTINUOUS
  2
_FILLED
 10
21.5941339412
 20
248.5476721081
 41
3.5
 42
3.5
 43
3.5
 50
90.0
  0
INSERT
  5
26D
100
AcDbEntity
  8
ZEICHNUNGSBEMASSUNGEN
100
AcDbBlockReference
 62
2
  6
CONTINUOUS
  2
_FILLED
 10
21.5941339412
 20
186.5476721081
 41
3.5
 42
3.5
 43
3.5
 50
270.0
  0
ENDBLK
  5
26E
100
AcDbEntity
  8
0
  6
BYBLOCK
 62
0
100
AcDbBlockEnd
  0
BLOCK
  5
26F
100
AcDbEntity
  8
ZEICHNUNGSBEMASSUNGEN
100
AcDbBlockBegin
 62
2
  6
CONTINUOUS
  2
*D5
 70
65
 10
0.0
 20
0.0
  3
*D5
  1

  0
MTEXT
  5
270
100
AcDbEntity
  8
ZEICHNUNGSBEMASSUNGEN
100
AcDbMText
 62
5
  6
CONTINUOUS
  7
STANDARD
 71
2
 72
1
 10
74.3768403387
 20
167.603563334
 30
0.0
 11
1.0
 21
0.0
 31
0.0
 44
0.9
  1
\Q15.0;26{\Ftxt.shx;\W1.000000;\H3.500000; }[1.02]
 40
3.5
 41
21.5
  0
LINE
  5
271
100
AcDbEntity
  8
ZEICHNUNGSBEMASSUNGEN
100
AcDbLine
 62
2
  6
CONTINUOUS
 10
48.3568281621
 20
190.9430852049
 11
48.3568281621
 21
161.6976966762
  0
LINE
  5
272
100
AcDbEntity
  8
ZEICHNUNGSBEMASSUNGEN
100
AcDbLine
 62
2
  6
CONTINUOUS
 10
100.3568281621
 20
189.6399749804
 11
100.3568281621
 21
161.6976966762
  0
LINE
  5
273
100
AcDbEntity
  8
ZEICHNUNGSBEMASSUNGEN
100
AcDbLine
 62
2
  6
CONTINUOUS
 10
48.3568281621
 20
163.1976966762
 11
74.3568281621
 21
163.1976966762
  0
LINE
  5
274
100
AcDbEntity
  8
ZEICHNUNGSBEMASSUNGEN
100
AcDbLine
 62
2
  6
CONTINUOUS
 10
100.3568281621
 20
163.1976966762
 11
74.3568281621
 21
163.1976966762
  0
INSERT
  5
275
100
AcDbEntity
  8
ZEICHNUNGSBEMASSUNGEN
100
AcDbBlockReference
 62
2
  6
CONTINUOUS
  2
_FILLED
 10
48.3568281621
 20
163.1976966762
 41
3.5
 42
3.5
 43
3.5
 50
180.0
  0
INSERT
  5
276
100
AcDbEntity
  8
ZEICHNUNGSBEMASSUNGEN
100
AcDbBlockReference
 62
2
  6
CONTINUOUS
  2
_FILLED
 10
100.3568281621
 20
163.1976966762
 41
3.5
 42
3.5
 43
3.5
  0
ENDBLK
  5
277
100
AcDbEntity
  8
0
  6
BYBLOCK
 62
0
100
AcDbBlockEnd
  0
BLOCK
  5
278
100
AcDbEntity
  8
ZEICHNUNGSBEMASSUNGEN
100
AcDbBlockBegin
 62
2
  6
CONTINUOUS
  2
*D6
 70
65
 10
0.0
 20
0.0
  3
*D6
  1

  0
TEXT
  5
279
100
AcDbEntity
  8
ZEICHNUNGSBEMASSUNGEN
100
AcDbText
 62
5
  6
CONTINUOUS
 10
346.2228846734
 20
129.8935946771
  7
STANDARD
 40
3.5
  1
19
 41
0.6785714286
 51
15.0
 72
1
 11
348.5978846734
 21
129.8935946771
100
AcDbText
  0
TEXT
  5
27A
100
AcDbEntity
  8
ZEICHNUNGSBEMASSUNGEN
100
AcDbText
 62
5
  6
CONTINUOUS
 10
350.9728846734
 20
132.0676746559
  7
TEXTSTYLE_3
 40
2.1
  1
+0,1
 41
0.6607142857
 51
15.0
 72
1
 11
353.7478846734
 21
132.0676746559
100
AcDbText
  0
TEXT
  5
27B
100
AcDbEntity
  8
ZEICHNUNGSBEMASSUNGEN
100
AcDbText
 62
5
  6
CONTINUOUS
 10
350.9728846734
 20
129.1689013508
  7
TEXTSTYLE_3
 40
2.1
  1
-0,1
 41
0.6607142857
 51
15.0
 72
1
 11
353.7478846734
 21
129.1689013508
100
AcDbText
  0
TEXT
  5
27C
100
AcDbEntity
  8
ZEICHNUNGSBEMASSUNGEN
100
AcDbText
 62
5
  6
CONTINUOUS
 10
360.0228846734
 20
129.1689013508
  7
STANDARD
 40
4.9987733051
  1
[
 41
0.4285714286
 51
15.0
 72
1
 11
361.0940503817
 21
129.1689013508
100
AcDbText
  0
TEXT
  5
27D
100
AcDbEntity
  8
ZEICHNUNGSBEMASSUNGEN
100
AcDbText
 62
5
  6
CONTINUOUS
 10
362.1652160899
 20
129.8935946771
  7
STANDARD
 40
3.5
  1
.748
 41
0.7321428571
 51
15.0
 72
1
 11
367.2902160899
 21
129.8935946771
100
AcDbText
  0
TEXT
  5
27E
100
AcDbEntity
  8
ZEICHNUNGSBEMASSUNGEN
100
AcDbText
 62
5
  6
CONTINUOUS
 10
372.4152160899
 20
132.0676746559
  7
TEXTSTYLE_3
 40
2.1
  1
+.003
 41
0.7142857143
 51
15.0
 72
1
 11
376.1652160899
 21
132.0676746559
100
AcDbText
  0
TEXT
  5
27F
100
AcDbEntity
  8
ZEICHNUNGSBEMASSUNGEN
100
AcDbText
 62
5
  6
CONTINUOUS
 10
372.4152160899
 20
129.1689013508
  7
TEXTSTYLE_3
 40
2.1
  1
-.003
 41
0.7142857143
 51
15.0
 72
1
 11
376.1652160899
 21
129.1689013508
100
AcDbText
  0
TEXT
  5
280
100
AcDbEntity
  8
ZEICHNUNGSBEMASSUNGEN
100
AcDbText
 62
5
  6
CONTINUOUS
 10
379.9152160899
 20
129.1689013508
  7
STANDARD
 40
4.9987733051
  1
]
 41
0.4285714286
 51
15.0
 72
1
 11
380.9863817982
 21
129.1689013508
100
AcDbText
  0
LINE
  5
281
100
AcDbEntity
  8
ZEICHNUNGSBEMASSUNGEN
100
AcDbLine
 62
2
  6
CONTINUOUS
 10
345.4250686507
 20
138.2264371197
 11
345.4250686507
 21
126.5818613613
  0
LINE
  5
282
100
AcDbEntity
  8
ZEICHNUNGSBEMASSUNGEN
100
AcDbLine
 62
2
  6
CONTINUOUS
 10
383.4250686507
 20
186.2264371197
 11
383.4250686507
 21
126.5818613613
  0
LINE
  5
283
100
AcDbEntity
  8
ZEICHNUNGSBEMASSUNGEN
100
AcDbLine
 62
2
  6
CONTINUOUS
 10
345.4250686507
 20
128.0818613613
 11
364.4250686507
 21
128.0818613613
  0
LINE
  5
284
100
AcDbEntity
  8
ZEICHNUNGSBEMASSUNGEN
100
AcDbLine
 62
2
  6
CONTINUOUS
 10
383.4250686507
 20
128.0818613613
 11
364.4250686507
 21
128.0818613613
  0
INSERT
  5
285
100
AcDbEntity
  8
ZEICHNUNGSBEMASSUNGEN
100
AcDbBlockReference
 62
2
  6
CONTINUOUS
  2
_FILLED
 10
345.4250686507
 20
128.0818613613
 41
3.5
 42
3.5
 43
3.5
 50
180.0
  0
INSERT
  5
286
100
AcDbEntity
  8
ZEICHNUNGSBEMASSUNGEN
100
AcDbBlockReference
 62
2
  6
CONTINUOUS
  2
_FILLED
 10
383.4250686507
 20
128.0818613613
 41
3.5
 42
3.5
 43
3.5
  0
ENDBLK
  5
287
100
AcDbEntity
  8
0
  6
BYBLOCK
 62
0
100
AcDbBlockEnd
  0
BLOCK
  5
288
100
AcDbEntity
  8
ZEICHNUNGSBEMASSUNGEN
100
AcDbBlockBegin
 62
2
  6
CONTINUOUS
  2
*D7
 70
65
 10
0.0
 20
0.0
  3
*D7
  1

  0
TEXT
  5
289
100
AcDbEntity
  8
ZEICHNUNGSBEMASSUNGEN
100
AcDbText
 62
5
  6
CONTINUOUS
 10
400.1105589084
 20
144.534612816
  7
STANDARD
 40
3.5
  1
24
 50
90.0
 41
0.7857142857
 51
15.0
 72
1
 11
400.1105589084
 21
147.284612816
100
AcDbText
  0
TEXT
  5
28A
100
AcDbEntity
  8
ZEICHNUNGSBEMASSUNGEN
100
AcDbText
 62
5
  6
CONTINUOUS
 10
400.1105589084
 20
150.034612816
  7
TEXTSTYLE_4
 40
2.45
  1
`
 50
90.0
 41
1.0
 51
15.0
 72
1
 11
400.1105589084
 21
151.4637794827
100
AcDbText
  0
TEXT
  5
28B
100
AcDbEntity
  8
ZEICHNUNGSBEMASSUNGEN
100
AcDbText
 62
5
  6
CONTINUOUS
 10
400.1105589084
 20
152.8929461494
  7
STANDARD
 40
3.5
  1
0,1
 50
90.0
 41
0.6428571429
 51
15.0
 72
1
 11
400.1105589084
 21
156.2679461494
100
AcDbText
  0
TEXT
  5
28C
100
AcDbEntity
  8
ZEICHNUNGSBEMASSUNGEN
100
AcDbText
 62
5
  6
CONTINUOUS
 10
400.1105589084
 20
163.1429461494
  7
STANDARD
 40
3.5
  1
[
 50
90.0
 41
0.4285714286
 51
15.0
 72
1
 11
400.1105589084
 21
163.8929461494
100
AcDbText
  0
TEXT
  5
28D
100
AcDbEntity
  8
ZEICHNUNGSBEMASSUNGEN
100
AcDbText
 62
5
  6
CONTINUOUS
 10
400.1105589084
 20
164.6429461494
  7
STANDARD
 40
3.5
  1
.945
 50
90.0
 41
0.7142857143
 51
15.0
 72
1
 11
400.1105589084
 21
169.6429461494
100
AcDbText
  0
TEXT
  5
28E
100
AcDbEntity
  8
ZEICHNUNGSBEMASSUNGEN
100
AcDbText
 62
5
  6
CONTINUOUS
 10
400.1105589084
 20
174.6429461494
  7
TEXTSTYLE_4
 40
2.45
  1
`
 50
90.0
 41
1.0
 51
15.0
 72
1
 11
400.1105589084
 21
176.072112816
100
AcDbText
  0
TEXT
  5
28F
100
AcDbEntity
  8
ZEICHNUNGSBEMASSUNGEN
100
AcDbText
 62
5
  6
CONTINUOUS
 10
400.1105589084
 20
177.5012794827
  7
STANDARD
 40
3.5
  1
.003
 50
90.0
 41
0.7142857143
 51
15.0
 72
1
 11
400.1105589084
 21
182.5012794827
100
AcDbText
  0
TEXT
  5
290
100
AcDbEntity
  8
ZEICHNUNGSBEMASSUNGEN
100
AcDbText
 62
5
  6
CONTINUOUS
 10
400.1105589084
 20
187.5012794827
  7
STANDARD
 40
3.5
  1
]
 50
90.0
 41
0.4285714286
 51
15.0
 72
1
 11
400.1105589084
 21
188.2512794827
100
AcDbText
  0
LINE
  5
291
100
AcDbEntity
  8
ZEICHNUNGSBEMASSUNGEN
100
AcDbLine
 62
2
  6
CONTINUOUS
 10
350.6250686507
 20
143.4264371197
 11
402.5164255662
 21
143.4264371197
  0
LINE
  5
292
100
AcDbEntity
  8
ZEICHNUNGSBEMASSUNGEN
100
AcDbLine
 62
2
  6
CONTINUOUS
 10
388.6250686507
 20
191.4264371197
 11
402.5164255662
 21
191.4264371197
  0
LINE
  5
293
100
AcDbEntity
  8
ZEICHNUNGSBEMASSUNGEN
100
AcDbLine
 62
2
  6
CONTINUOUS
 10
401.0164255662
 20
143.4264371197
 11
401.0164255662
 21
167.4264371197
  0
LINE
  5
294
100
AcDbEntity
  8
ZEICHNUNGSBEMASSUNGEN
100
AcDbLine
 62
2
  6
CONTINUOUS
 10
401.0164255662
 20
191.4264371197
 11
401.0164255662
 21
167.4264371197
  0
INSERT
  5
295
100
AcDbEntity
  8
ZEICHNUNGSBEMASSUNGEN
100
AcDbBlockReference
 62
2
  6
CONTINUOUS
  2
_FILLED
 10
401.0164255662
 20
143.4264371197
 41
3.5
 42
3.5
 43
3.5
 50
270.0
  0
INSERT
  5
296
100
AcDbEntity
  8
ZEICHNUNGSBEMASSUNGEN
100
AcDbBlockReference
 62
2
  6
CONTINUOUS
  2
_FILLED
 10
401.0164255662
 20
191.4264371197
 41
3.5
 42
3.5
 43
3.5
 50
90.0
  0
ENDBLK
  5
297
100
AcDbEntity
  8
0
  6
BYBLOCK
 62
0
100
AcDbBlockEnd
  0
BLOCK
  5
298
100
AcDbEntity
  8
ZEICHNUNGSBEMASSUNGEN
100
AcDbBlockBegin
 62
2
  6
CONTINUOUS
  2
*D8
 70
65
 10
0.0
 20
0.0
  3
*D8
  1

  0
MTEXT
  5
299
100
AcDbEntity
  8
ZEICHNUNGSBEMASSUNGEN
100
AcDbMText
 62
5
  6
CONTINUOUS
  7
STANDARD
 71
3
 72
1
 10
376.693768292
 20
202.4885852051
 30
0.0
 11
1.0
 21
0.0
 31
0.0
 44
0.9
  1
\Q15.0;>=\Fgdt;{\Fgdt;n}\Ftxt;3,2{\Ftxt.shx;\W1.000000;\H3.500000; }[.13]
 40
3.5
 41
29.4166666667
  0
LINE
  5
29A
100
AcDbEntity
  8
ZEICHNUNGSBEMASSUNGEN
100
AcDbLine
 62
2
  6
CONTINUOUS
 10
386.6250686507
 20
191.4264371197
 11
386.6250686507
 21
200.9160465461
  0
LINE
  5
29B
100
AcDbEntity
  8
ZEICHNUNGSBEMASSUNGEN
100
AcDbLine
 62
2
  6
CONTINUOUS
 10
380.2250686507
 20
191.2249158166
 11
380.2250686507
 21
200.9160465461
  0
LINE
  5
29C
100
AcDbEntity
  8
ZEICHNUNGSBEMASSUNGEN
100
AcDbLine
 62
2
  6
CONTINUOUS
 10
386.6250686507
 20
199.4160465461
 11
392.6250686507
 21
199.4160465461
  0
LINE
  5
29D
100
AcDbEntity
  8
ZEICHNUNGSBEMASSUNGEN
100
AcDbLine
 62
2
  6
CONTINUOUS
 10
392.6250686507
 20
199.4160465461
 11
383.4250686507
 21
199.4160465461
  0
LINE
  5
29E
100
AcDbEntity
  8
ZEICHNUNGSBEMASSUNGEN
100
AcDbLine
 62
2
  6
CONTINUOUS
 10
380.2250686507
 20
199.4160465461
 11
347.2771016254
 21
199.4160465461
  0
LINE
  5
29F
100
AcDbEntity
  8
ZEICHNUNGSBEMASSUNGEN
100
AcDbLine
 62
2
  6
CONTINUOUS
 10
347.2771016254
 20
199.4160465461
 11
383.4250686507
 21
199.4160465461
  0
INSERT
  5
2A0
100
AcDbEntity
  8
ZEICHNUNGSBEMASSUNGEN
100
AcDbBlockReference
 62
2
  6
CONTINUOUS
  2
_FILLED
 10
386.6250686507
 20
199.4160465461
 41
3.5
 42
3.5
 43
3.5
 50
180.0
  0
INSERT
  5
2A1
100
AcDbEntity
  8
ZEICHNUNGSBEMASSUNGEN
100
AcDbBlockReference
 62
2
  6
CONTINUOUS
  2
_FILLED
 10
380.2250686507
 20
199.4160465461
 41
3.5
 42
3.5
 43
3.5
  0
ENDBLK
  5
2A2
100
AcDbEntity
  8
0
  6
BYBLOCK
 62
0
100
AcDbBlockEnd
  0
BLOCK
  5
2A3
100
AcDbEntity
  8
ZEICHNUNGSBEMASSUNGEN
100
AcDbBlockBegin
 62
2
  6
CONTINUOUS
  2
*D9
 70
65
 10
0.0
 20
0.0
  3
*D9
  1

  0
MTEXT
  5
2A4
100
AcDbEntity
  8
ZEICHNUNGSBEMASSUNGEN
100
AcDbMText
 62
5
  6
CONTINUOUS
  7
STANDARD
 71
2
 72
1
 10
360.8570513593
 20
169.6465534824
 30
0.0
 11
0.9655104461
 21
0.2603643186
 31
0.0
 44
0.9
  1
\Q15.0;>=\Fgdt;{\Fgdt;n}\Ftxt;24{\Ftxt.shx;\W1.000000;\H3.500000; }[.945]
 40
3.5
 41
31.1666666667
  0
LINE
  5
2A5
100
AcDbEntity
  8
ZEICHNUNGSBEMASSUNGEN
100
AcDbLine
 62
2
  6
CONTINUOUS
 10
341.2528179432
 20
161.1776934739
 11
364.4250686507
 21
167.4264371197
  0
LINE
  5
2A6
100
AcDbEntity
  8
ZEICHNUNGSBEMASSUNGEN
100
AcDbLine
 62
2
  6
CONTINUOUS
 10
387.5973193581
 20
173.6751807654
 11
364.4250686507
 21
167.4264371197
  0
INSERT
  5
2A7
100
AcDbEntity
  8
ZEICHNUNGSBEMASSUNGEN
100
AcDbBlockReference
 62
2
  6
CONTINUOUS
  2
_FILLED
 10
341.2528179432
 20
161.1776934739
 41
3.5
 42
3.5
 43
3.5
 50
195.0916806114
  0
INSERT
  5
2A8
100
AcDbEntity
  8
ZEICHNUNGSBEMASSUNGEN
100
AcDbBlockReference
 62
2
  6
CONTINUOUS
  2
_FILLED
 10
387.5973193581
 20
173.6751807654
 41
3.5
 42
3.5
 43
3.5
 50
15.0916806114
  0
ENDBLK
  5
2A9
100
AcDbEntity
  8
0
  6
BYBLOCK
 62
0
100
AcDbBlockEnd
  0
BLOCK
  5
2AA
100
AcDbEntity
  8
ZEICHNUNGSBEMASSUNGEN
100
AcDbBlockBegin
 62
2
  6
CONTINUOUS
  2
*D10
 70
65
 10
0.0
 20
0.0
  3
*D10
  1

  0
MTEXT
  5
2AB
100
AcDbEntity
  8
ZEICHNUNGSBEMASSUNGEN
100
AcDbMText
 62
5
  6
CONTINUOUS
  7
STANDARD
 71
2
 72
1
 10
164.5980442643
 20
277.8757310643
 30
0.0
 11
1.0
 21
0.0
 31
0.0
 44
0.9
  1
\Q15.0;34,55{\Ftxt.shx;\W1.000000;\H3.500000; }[1.36]
 40
3.5
 41
28.0
  0
LINE
  5
2AC
100
AcDbEntity
  8
ZEICHNUNGSBEMASSUNGEN
100
AcDbLine
 62
2
  6
CONTINUOUS
 10
127.3071521696
 20
218.6218174584
 11
127.3071521696
 21
274.9698644065
  0
LINE
  5
2AD
100
AcDbEntity
  8
ZEICHNUNGSBEMASSUNGEN
100
AcDbLine
 62
2
  6
CONTINUOUS
 10
196.4071521696
 20
258.6244421197
 11
196.4071521696
 21
274.9698644065
  0
LINE
  5
2AE
100
AcDbEntity
  8
ZEICHNUNGSBEMASSUNGEN
100
AcDbLine
 62
2
  6
CONTINUOUS
 10
127.3071521696
 20
273.4698644065
 11
161.8571521696
 21
273.4698644065
  0
LINE
  5
2AF
100
AcDbEntity
  8
ZEICHNUNGSBEMASSUNGEN
100
AcDbLine
 62
2
  6
CONTINUOUS
 10
196.4071521696
 20
273.4698644065
 11
161.8571521696
 21
273.4698644065
  0
INSERT
  5
2B0
100
AcDbEntity
  8
ZEICHNUNGSBEMASSUNGEN
100
AcDbBlockReference
 62
2
  6
CONTINUOUS
  2
_FILLED
 10
127.3071521696
 20
273.4698644065
 41
3.5
 42
3.5
 43
3.5
 50
180.0
  0
INSERT
  5
2B1
100
AcDbEntity
  8
ZEICHNUNGSBEMASSUNGEN
100
AcDbBlockReference
 62
2
  6
CONTINUOUS
  2
_FILLED
 10
196.4071521696
 20
273.4698644065
 41
3.5
 42
3.5
 43
3.5
  0
ENDBLK
  5
2B2
100
AcDbEntity
  8
0
  6
BYBLOCK
 62
0
100
AcDbBlockEnd
  0
BLOCK
  5
2B3
100
AcDbEntity
  8
ZEICHNUNGSBEMASSUNGEN
100
AcDbBlockBegin
 62
2
  6
CONTINUOUS
  2
*D11
 70
65
 10
0.0
 20
0.0
  3
*D11
  1

  0
MTEXT
  5
2B4
100
AcDbEntity
  8
ZEICHNUNGSBEMASSUNGEN
100
AcDbMText
 62
5
  6
CONTINUOUS
  7
STANDARD
 71
2
 72
1
 10
178.3571521696
 20
269.5523119063
 30
0.0
 11
1.0
 21
0.0
 31
0.0
 44
0.9
  1
\Q15.0;18,05{\Ftxt.shx;\W1.000000;\H3.500000; }[.71]
 40
3.5
 41
25.25
  0
LINE
  5
2B5
100
AcDbEntity
  8
ZEICHNUNGSBEMASSUNGEN
100
AcDbLine
 62
2
  6
CONTINUOUS
 10
160.3071521696
 20
247.0202813114
 11
160.3071521696
 21
266.6464452485
  0
LINE
  5
2B6
100
AcDbEntity
  8
ZEICHNUNGSBEMASSUNGEN
100
AcDbLine
 62
2
  6
CONTINUOUS
 10
196.4071521696
 20
258.2148835029
 11
196.4071521696
 21
266.6464452485
  0
LINE
  5
2B7
100
AcDbEntity
  8
ZEICHNUNGSBEMASSUNGEN
100
AcDbLine
 62
2
  6
CONTINUOUS
 10
160.3071521696
 20
265.1464452485
 11
178.3571521696
 21
265.1464452485
  0
LINE
  5
2B8
100
AcDbEntity
  8
ZEICHNUNGSBEMASSUNGEN
100
AcDbLine
 62
2
  6
CONTINUOUS
 10
196.4071521696
 20
265.1464452485
 11
178.3571521696
 21
265.1464452485
  0
INSERT
  5
2B9
100
AcDbEntity
  8
ZEICHNUNGSBEMASSUNGEN
100
AcDbBlockReference
 62
2
  6
CONTINUOUS
  2
_FILLED
 10
160.3071521696
 20
265.1464452485
 41
3.5
 42
3.5
 43
3.5
 50
180.0
  0
INSERT
  5
2BA
100
AcDbEntity
  8
ZEICHNUNGSBEMASSUNGEN
100
AcDbBlockReference
 62
2
  6
CONTINUOUS
  2
_FILLED
 10
196.4071521696
 20
265.1464452485
 41
3.5
 42
3.5
 43
3.5
  0
ENDBLK
  5
2BB
100
AcDbEntity
  8
0
  6
BYBLOCK
 62
0
100
AcDbBlockEnd
  0
BLOCK
  5
2BC
100
AcDbEntity
  8
ZEICHNUNGSBEMASSUNGEN
100
AcDbBlockBegin
 62
2
  6
CONTINUOUS
  2
*D12
 70
65
 10
0.0
 20
0.0
  3
*D12
  1

  0
MTEXT
  5
2BD
100
AcDbEntity
  8
ZEICHNUNGSBEMASSUNGEN
100
AcDbMText
 62
5
  6
CONTINUOUS
  7
STANDARD
 71
2
 72
1
 10
266.9237599751
 20
269.5523119063
 30
0.0
 11
1.0
 21
0.0
 31
0.0
 44
0.9
  1
\Q15.0;25,5{\Ftxt.shx;\W1.000000;\H3.500000; }[1.00]
 40
3.5
 41
25.75
  0
LINE
  5
2BE
100
AcDbEntity
  8
ZEICHNUNGSBEMASSUNGEN
100
AcDbLine
 62
2
  6
CONTINUOUS
 10
239.7901871122
 20
245.6476721081
 11
239.7901871122
 21
266.6464452485
  0
LINE
  5
2BF
100
AcDbEntity
  8
ZEICHNUNGSBEMASSUNGEN
100
AcDbLine
 62
2
  6
CONTINUOUS
 10
290.7901871122
 20
245.6476721081
 11
290.7901871122
 21
266.6464452485
  0
LINE
  5
2C0
100
AcDbEntity
  8
ZEICHNUNGSBEMASSUNGEN
100
AcDbLine
 62
2
  6
CONTINUOUS
 10
239.7901871122
 20
265.1464452485
 11
265.2901871122
 21
265.1464452485
  0
LINE
  5
2C1
100
AcDbEntity
  8
ZEICHNUNGSBEMASSUNGEN
100
AcDbLine
 62
2
  6
CONTINUOUS
 10
290.7901871122
 20
265.1464452485
 11
265.2901871122
 21
265.1464452485
  0
INSERT
  5
2C2
100
AcDbEntity
  8
ZEICHNUNGSBEMASSUNGEN
100
AcDbBlockReference
 62
2
  6
CONTINUOUS
  2
_FILLED
 10
239.7901871122
 20
265.1464452485
 41
3.5
 42
3.5
 43
3.5
 50
180.0
  0
INSERT
  5
2C3
100
AcDbEntity
  8
ZEICHNUNGSBEMASSUNGEN
100
AcDbBlockReference
 62
2
  6
CONTINUOUS
  2
_FILLED
 10
290.7901871122
 20
265.1464452485
 41
3.5
 42
3.5
 43
3.5
  0
ENDBLK
  5
2C4
100
AcDbEntity
  8
0
  6
BYBLOCK
 62
0
100
AcDbBlockEnd
  0
BLOCK
  5
2C5
100
AcDbEntity
  8
ZEICHNUNGSBEMASSUNGEN
100
AcDbBlockBegin
 62
2
  6
CONTINUOUS
  2
*D13
 70
65
 10
0.0
 20
0.0
  3
*D13
  1

  0
MTEXT
  5
2C6
100
AcDbEntity
  8
ZEICHNUNGSBEMASSUNGEN
100
AcDbMText
 62
5
  6
CONTINUOUS
  7
STANDARD
 71
2
 72
1
 10
216.9574496264
 20
218.1960245985
 30
0.0
 11
0.0
 21
1.0
 31
0.0
 44
0.9
  1
\Q15.0;27,64{\Ftxt.shx;\W1.000000;\H3.500000; }[1.09]
 40
3.5
 41
29.0
  0
LINE
  5
2C7
100
AcDbEntity
  8
ZEICHNUNGSBEMASSUNGEN
100
AcDbLine
 62
2
  6
CONTINUOUS
 10
239.7901871122
 20
245.6476721081
 11
219.8633162843
 21
245.6476721081
  0
LINE
  5
2C8
100
AcDbEntity
  8
ZEICHNUNGSBEMASSUNGEN
100
AcDbLine
 62
2
  6
CONTINUOUS
 10
249.3901871122
 20
190.3676721081
 11
219.8633162843
 21
190.3676721081
  0
LINE
  5
2C9
100
AcDbEntity
  8
ZEICHNUNGSBEMASSUNGEN
100
AcDbLine
 62
2
  6
CONTINUOUS
 10
221.3633162843
 20
245.6476721081
 11
221.3633162843
 21
218.0076721081
  0
LINE
  5
2CA
100
AcDbEntity
  8
ZEICHNUNGSBEMASSUNGEN
100
AcDbLine
 62
2
  6
CONTINUOUS
 10
221.3633162843
 20
190.3676721081
 11
221.3633162843
 21
218.0076721081
  0
INSERT
  5
2CB
100
AcDbEntity
  8
ZEICHNUNGSBEMASSUNGEN
100
AcDbBlockReference
 62
2
  6
CONTINUOUS
  2
_FILLED
 10
221.3633162843
 20
245.6476721081
 41
3.5
 42
3.5
 43
3.5
 50
90.0
  0
INSERT
  5
2CC
100
AcDbEntity
  8
ZEICHNUNGSBEMASSUNGEN
100
AcDbBlockReference
 62
2
  6
CONTINUOUS
  2
_FILLED
 10
221.3633162843
 20
190.3676721081
 41
3.5
 42
3.5
 43
3.5
 50
270.0
  0
ENDBLK
  5
2CD
100
AcDbEntity
  8
0
  6
BYBLOCK
 62
0
100
AcDbBlockEnd
  0
BLOCK
  5
2CE
100
AcDbEntity
  8
ZEICHNUNGSBEMASSUNGEN
100
AcDbBlockBegin
 62
2
  6
CONTINUOUS
  2
*D14
 70
65
 10
0.0
 20
0.0
  3
*D14
  1

  0
MTEXT
  5
2CF
100
AcDbEntity
  8
ZEICHNUNGSBEMASSUNGEN
100
AcDbMText
 62
5
  6
CONTINUOUS
  7
STANDARD
 71
2
 72
1
 10
265.205792394
 20
171.0611783786
 30
0.0
 11
1.0
 21
0.0
 31
0.0
 44
0.9
  1
\Q15.0;15,9{\Ftxt.shx;\W1.000000;\H3.500000; }[.63]
 40
3.5
 41
23.0
  0
LINE
  5
2D0
100
AcDbEntity
  8
ZEICHNUNGSBEMASSUNGEN
100
AcDbLine
 62
2
  6
CONTINUOUS
 10
249.3901871122
 20
190.3676721081
 11
249.3901871122
 21
165.1553117207
  0
LINE
  5
2D1
100
AcDbEntity
  8
ZEICHNUNGSBEMASSUNGEN
100
AcDbLine
 62
2
  6
CONTINUOUS
 10
281.1901871122
 20
190.3676721081
 11
281.1901871122
 21
165.1553117207
  0
LINE
  5
2D2
100
AcDbEntity
  8
ZEICHNUNGSBEMASSUNGEN
100
AcDbLine
 62
2
  6
CONTINUOUS
 10
249.3901871122
 20
166.6553117207
 11
265.2901871122
 21
166.6553117207
  0
LINE
  5
2D3
100
AcDbEntity
  8
ZEICHNUNGSBEMASSUNGEN
100
AcDbLine
 62
2
  6
CONTINUOUS
 10
281.1901871122
 20
166.6553117207
 11
265.2901871122
 21
166.6553117207
  0
INSERT
  5
2D4
100
AcDbEntity
  8
ZEICHNUNGSBEMASSUNGEN
100
AcDbBlockReference
 62
2
  6
CONTINUOUS
  2
_FILLED
 10
249.3901871122
 20
166.6553117207
 41
3.5
 42
3.5
 43
3.5
 50
180.0
  0
INSERT
  5
2D5
100
AcDbEntity
  8
ZEICHNUNGSBEMASSUNGEN
100
AcDbBlockReference
 62
2
  6
CONTINUOUS
  2
_FILLED
 10
281.1901871122
 20
166.6553117207
 41
3.5
 42
3.5
 43
3.5
  0
ENDBLK
  5
2D6
100
AcDbEntity
  8
0
  6
BYBLOCK
 62
0
100
AcDbBlockEnd
  0
BLOCK
  5
2D7
100
AcDbEntity
  8
ZEICHNUNGSBEMASSUNGEN
100
AcDbBlockBegin
 62
2
  6
CONTINUOUS
  2
*D15
 70
65
 10
0.0
 20
0.0
  3
*D15
  1

  0
MTEXT
  5
2D8
100
AcDbEntity
  8
ZEICHNUNGSBEMASSUNGEN
100
AcDbMText
 62
5
  6
CONTINUOUS
  7
STANDARD
 71
2
 72
1
 10
307.2129143032
 20
203.6373326585
 30
0.0
 11
0.0
 21
1.0
 31
0.0
 44
0.9
  1
\Q15.0;13,2{\Ftxt.shx;\W1.000000;\H3.500000; }[.52]
 40
3.5
 41
23.0
  0
LINE
  5
2D9
100
AcDbEntity
  8
ZEICHNUNGSBEMASSUNGEN
100
AcDbLine
 62
2
  6
CONTINUOUS
 10
281.1901871122
 20
216.7676721081
 11
313.1187809611
 21
216.7676721081
  0
LINE
  5
2DA
100
AcDbEntity
  8
ZEICHNUNGSBEMASSUNGEN
100
AcDbLine
 62
2
  6
CONTINUOUS
 10
281.1901871122
 20
190.3676721081
 11
313.1187809611
 21
190.3676721081
  0
LINE
  5
2DB
100
AcDbEntity
  8
ZEICHNUNGSBEMASSUNGEN
100
AcDbLine
 62
2
  6
CONTINUOUS
 10
311.6187809611
 20
216.7676721081
 11
311.6187809611
 21
203.5676721081
  0
LINE
  5
2DC
100
AcDbEntity
  8
ZEICHNUNGSBEMASSUNGEN
100
AcDbLine
 62
2
  6
CONTINUOUS
 10
311.6187809611
 20
190.3676721081
 11
311.6187809611
 21
203.5676721081
  0
INSERT
  5
2DD
100
AcDbEntity
  8
ZEICHNUNGSBEMASSUNGEN
100
AcDbBlockReference
 62
2
  6
CONTINUOUS
  2
_FILLED
 10
311.6187809611
 20
216.7676721081
 41
3.5
 42
3.5
 43
3.5
 50
90.0
  0
INSERT
  5
2DE
100
AcDbEntity
  8
ZEICHNUNGSBEMASSUNGEN
100
AcDbBlockReference
 62
2
  6
CONTINUOUS
  2
_FILLED
 10
311.6187809611
 20
190.3676721081
 41
3.5
 42
3.5
 43
3.5
 50
270.0
  0
ENDBLK
  5
2DF
100
AcDbEntity
  8
0
  6
BYBLOCK
 62
0
100
AcDbBlockEnd
  0
BLOCK
  5
2E0
100
AcDbEntity
  8
ZEICHNUNGSBEMASSUNGEN
100
AcDbBlockBegin
 62
2
  6
CONTINUOUS
  2
*D16
 70
65
 10
0.0
 20
0.0
  3
*D16
  1

  0
MTEXT
  5
2E1
100
AcDbEntity
  8
ZEICHNUNGSBEMASSUNGEN
100
AcDbMText
 62
5
  6
CONTINUOUS
  7
STANDARD
 71
1
 72
1
 10
212.1571941696
 20
269.5523119063
 30
0.0
 11
1.0
 21
0.0
 31
0.0
 44
0.9
  1
\Q15.0;4,5{\Ftxt.shx;\W1.000000;\H3.500000; }[.177]
 40
3.5
 41
23.25
  0
LINE
  5
2E2
100
AcDbEntity
  8
ZEICHNUNGSBEMASSUNGEN
100
AcDbLine
 62
2
  6
CONTINUOUS
 10
201.4071521696
 20
258.468902105
 11
201.4071521696
 21
266.6464452485
  0
LINE
  5
2E3
100
AcDbEntity
  8
ZEICHNUNGSBEMASSUNGEN
100
AcDbLine
 62
2
  6
CONTINUOUS
 10
210.4071521696
 20
238.0610733415
 11
210.4071521696
 21
266.6464452485
  0
LINE
  5
2E4
100
AcDbEntity
  8
ZEICHNUNGSBEMASSUNGEN
100
AcDbLine
 62
2
  6
CONTINUOUS
 10
201.4071521696
 20
265.1464452485
 11
205.9071521696
 21
265.1464452485
  0
LINE
  5
2E5
100
AcDbEntity
  8
ZEICHNUNGSBEMASSUNGEN
100
AcDbLine
 62
2
  6
CONTINUOUS
 10
210.4071521696
 20
265.1464452485
 11
205.9071521696
 21
265.1464452485
  0
LINE
  5
2E6
100
AcDbEntity
  8
ZEICHNUNGSBEMASSUNGEN
100
AcDbLine
 62
2
  6
CONTINUOUS
 10
205.9071521696
 20
265.1464452485
 11
235.4071941696
 21
265.1464452485
  0
INSERT
  5
2E7
100
AcDbEntity
  8
ZEICHNUNGSBEMASSUNGEN
100
AcDbBlockReference
 62
2
  6
CONTINUOUS
  2
_FILLED
 10
201.4071521696
 20
265.1464452485
 41
3.5
 42
3.5
 43
3.5
 50
180.0
  0
INSERT
  5
2E8
100
AcDbEntity
  8
ZEICHNUNGSBEMASSUNGEN
100
AcDbBlockReference
 62
2
  6
CONTINUOUS
  2
_FILLED
 10
210.4071521696
 20
265.1464452485
 41
3.5
 42
3.5
 43
3.5
  0
ENDBLK
  5
2E9
100
AcDbEntity
  8
0
  6
BYBLOCK
 62
0
100
AcDbBlockEnd
  0
BLOCK
  5
2EA
100
AcDbEntity
  8
0
100
AcDbBlockBegin
  2
*T1
 70
1
 10
0.0
 20
0.0
  3
*T1
  1

  0
LINE
  5
2EB
100
AcDbEntity
  8
0
100
AcDbLine
 62
7
  6
CONTINUOUS
 10
0.0
 20
0.0
 11
133.0
 21
0.0
  0
LINE
  5
2EC
100
AcDbEntity
  8
0
100
AcDbLine
 62
7
  6
CONTINUOUS
 10
0.0
 20
0.0
 11
0.0
 21
-46.0
  0
LINE
  5
2ED
100
AcDbEntity
  8
0
100
AcDbLine
 62
7
  6
CONTINUOUS
 10
82.0
 20
-5.0
 11
133.0
 21
-5.0
  0
LINE
  5
2EE
100
AcDbEntity
  8
0
100
AcDbLine
 62
7
  6
CONTINUOUS
 10
0.0
 20
-10.0
 11
41.0
 21
-10.0
  0
LINE
  5
2EF
100
AcDbEntity
  8
0
100
AcDbLine
 62
7
  6
CONTINUOUS
 10
82.0
 20
-10.0
 11
133.0
 21
-10.0
  0
LINE
  5
2F0
100
AcDbEntity
  8
0
100
AcDbLine
 62
7
  6
CONTINUOUS
 10
82.0
 20
-15.0
 11
133.0
 21
-15.0
  0
LINE
  5
2F1
100
AcDbEntity
  8
0
100
AcDbLine
 62
7
  6
CONTINUOUS
 10
0.0
 20
-20.0
 11
133.0
 21
-20.0
  0
LINE
  5
2F2
100
AcDbEntity
  8
0
100
AcDbLine
 62
7
  6
CONTINUOUS
 10
82.0
 20
-28.0
 11
133.0
 21
-28.0
  0
LINE
  5
2F3
100
AcDbEntity
  8
0
100
AcDbLine
 62
7
  6
CONTINUOUS
 10
0.0
 20
-37.0
 11
133.0
 21
-37.0
  0
LINE
  5
2F4
100
AcDbEntity
  8
0
100
AcDbLine
 62
7
  6
CONTINUOUS
 10
0.0
 20
-46.0
 11
133.0
 21
-46.0
  0
LINE
  5
2F5
100
AcDbEntity
  8
0
100
AcDbLine
 62
7
  6
CONTINUOUS
 10
41.0
 20
0.0
 11
41.0
 21
-20.0
  0
LINE
  5
2F6
100
AcDbEntity
  8
0
100
AcDbLine
 62
7
  6
CONTINUOUS
 10
64.0
 20
0.0
 11
64.0
 21
-20.0
  0
LINE
  5
2F7
100
AcDbEntity
  8
0
100
AcDbLine
 62
7
  6
CONTINUOUS
 10
82.0
 20
0.0
 11
82.0
 21
-46.0
  0
LINE
  5
2F8
100
AcDbEntity
  8
0
100
AcDbLine
 62
7
  6
CONTINUOUS
 10
101.0
 20
0.0
 11
101.0
 21
-20.0
  0
LINE
  5
2F9
100
AcDbEntity
  8
0
100
AcDbLine
 62
7
  6
CONTINUOUS
 10
116.0
 20
0.0
 11
116.0
 21
-37.0
  0
LINE
  5
2FA
100
AcDbEntity
  8
0
100
AcDbLine
 62
7
  6
CONTINUOUS
 10
133.0
 20
0.0
 11
133.0
 21
-46.0
  0
MTEXT
  5
2FB
100
AcDbEntity
  8
0
100
AcDbMText
 62
5
  6
CONTINUOUS
  7
TEXTSTYLE_5
 71
1
 72
1
 10
0.0625
 20
-2.7341257188
 30
0.0
 11
1.0
 21
0.0
 31
0.0
 44
0.9
  1
\Q15.0; Allgemeintoleranzen\P ISO 2768-m
 40
1.8
 41
49.2
  0
MTEXT
  5
2FC
100
AcDbEntity
  8
0
100
AcDbMText
 62
5
  6
CONTINUOUS
  7
TEXTSTYLE_5
 71
2
 72
1
 10
52.5
 20
-1.5352761804
 30
0.0
 11
1.0
 21
0.0
 31
0.0
 44
0.9
  1
\Q15.0;Werkstoff
 40
2.0
 41
26.2857142857
  0
MTEXT
  5
2FD
100
AcDbEntity
  8
0
100
AcDbMText
 62
5
  6
CONTINUOUS
  7
TEXTSTYLE_5
 71
2
 72
1
 10
73.0
 20
-1.5352761804
 30
0.0
 11
1.0
 21
0.0
 31
0.0
 44
0.9
  1
\Q15.0;Massstab:
 40
2.0
 41
24.2857142857
  0
MTEXT
  5
2FE
100
AcDbEntity
  8
0
100
AcDbMText
 62
5
  6
CONTINUOUS
  7
TEXTSTYLE_5
 71
2
 72
1
 10
108.5
 20
-1.5352761804
 30
0.0
 11
1.0
 21
0.0
 31
0.0
 44
0.9
  1
\Q15.0;Datum
 40
2.0
 41
15.3333333333
  0
MTEXT
  5
2FF
100
AcDbEntity
  8
0
100
AcDbMText
 62
5
  6
CONTINUOUS
  7
TEXTSTYLE_5
 71
2
 72
1
 10
124.5
 20
-1.5352761804
 30
0.0
 11
1.0
 21
0.0
 31
0.0
 44
0.9
  1
\Q15.0;Name
 40
2.0
 41
12.5714285714
  0
MTEXT
  5
300
100
AcDbEntity
  8
0
100
AcDbMText
 62
5
  6
CONTINUOUS
  7
TEXTSTYLE_5
 71
1
 72
1
 10
82.0625
 20
-6.5352761804
 30
0.0
 11
1.0
 21
0.0
 31
0.0
 44
0.9
  1
\Q15.0; Gezeichnet
 40
2.0
 41
30.380952381
  0
MTEXT
  5
301
100
AcDbEntity
  8
0
100
AcDbMText
 62
5
  6
CONTINUOUS
  7
TEXTSTYLE_5
 71
2
 72
1
 10
108.5
 20
-6.5352761804
 30
0.0
 11
1.0
 21
0.0
 31
0.0
 44
0.9
  1
\Q15.0;03.12.02
 40
2.0
 41
22.2857142857
  0
MTEXT
  5
302
100
AcDbEntity
  8
0
100
AcDbMText
 62
5
  6
CONTINUOUS
  7
TEXTSTYLE_5
 71
2
 72
1
 10
124.5
 20
-6.5352761804
 30
0.0
 11
1.0
 21
0.0
 31
0.0
 44
0.9
  1
\Q15.0;Payr
 40
2.0
 41
11.0476190476
  0
MTEXT
  5
303
100
AcDbEntity
  8
0
100
AcDbMText
 62
5
  6
CONTINUOUS
  7
TEXTSTYLE_5
 71
1
 72
1
 10
0.0625
 20
-12.7341257188
 30
0.0
 11
1.0
 21
0.0
 31
0.0
 44
0.9
  1
\Q15.0; Zeichnung urheberrechtlich\P geschuetzt (DIN 34) (C)
 40
1.8
 41
66.0
  0
MTEXT
  5
304
100
AcDbEntity
  8
0
100
AcDbMText
 62
5
  6
CONTINUOUS
  7
TEXTSTYLE_5
 71
2
 72
1
 10
52.5
 20
-12.8209921265
 30
0.0
 11
1.0
 21
0.0
 31
0.0
 44
0.9
  1
\Q15.0;-
 40
2.0
 41
2.8571428571
  0
MTEXT
  5
305
100
AcDbEntity
  8
0
100
AcDbMText
 62
5
  6
CONTINUOUS
  7
TEXTSTYLE_5
 71
2
 72
1
 10
73.0
 20
-10.2015916314
 30
0.0
 11
1.0
 21
0.0
 31
0.0
 44
0.9
  1
\Q15.0;2:1
 40
3.5
 41
12.0
  0
MTEXT
  5
306
100
AcDbEntity
  8
0
100
AcDbMText
 62
5
  6
CONTINUOUS
  7
TEXTSTYLE_5
 71
1
 72
1
 10
82.0625
 20
-11.5352761804
 30
0.0
 11
1.0
 21
0.0
 31
0.0
 44
0.9
  1
\Q15.0; Freigegeben
 40
2.0
 41
33.5238095238
  0
MTEXT
  5
307
100
AcDbEntity
  8
0
100
AcDbMText
 62
5
  6
CONTINUOUS
  7
TEXTSTYLE_5
 71
2
 72
1
 10
108.5
 20
-12.8209921265
 30
0.0
 11
1.0
 21
0.0
 31
0.0
 44
0.9
  1
\Q15.0;-
 40
2.0
 41
2.8571428571
  0
MTEXT
  5
308
100
AcDbEntity
  8
0
100
AcDbMText
 62
5
  6
CONTINUOUS
  7
TEXTSTYLE_5
 71
2
 72
1
 10
124.5
 20
-12.8209921265
 30
0.0
 11
1.0
 21
0.0
 31
0.0
 44
0.9
  1
\Q15.0;-
 40
2.0
 41
2.8571428571
  0
MTEXT
  5
309
100
AcDbEntity
  8
0
100
AcDbMText
 62
5
  6
CONTINUOUS
  7
TEXTSTYLE_5
 71
2
 72
1
 10
52.5
 20
-17.8209890747
 30
0.0
 11
1.0
 21
0.0
 31
0.0
 44
0.9
  1
\Q15.0;-
 40
2.0
 41
2.8571428571
  0
MTEXT
  5
30A
100
AcDbEntity
  8
0
100
AcDbMText
 62
5
  6
CONTINUOUS
  7
TEXTSTYLE_5
 71
2
 72
1
 10
73.0
 20
-16.5352761804
 30
0.0
 11
1.0
 21
0.0
 31
0.0
 44
0.9
  1
(\Q15.0;A3\Q0.0;)
 40
2.0
 41
9.7142857143
  0
MTEXT
  5
30B
100
AcDbEntity
  8
0
100
AcDbMText
 62
5
  6
CONTINUOUS
  7
TEXTSTYLE_5
 71
1
 72
1
 10
82.0625
 20
-16.5352761804
 30
0.0
 11
1.0
 21
0.0
 31
0.0
 44
0.9
  1
\Q15.0; Geaendert
 40
2.0
 41
28.2857142857
  0
MTEXT
  5
30C
100
AcDbEntity
  8
0
100
AcDbMText
 62
5
  6
CONTINUOUS
  7
TEXTSTYLE_5
 71
2
 72
1
 10
108.5
 20
-16.5352761804
 30
0.0
 11
1.0
 21
0.0
 31
0.0
 44
0.9
  1
\Q15.0;04.02.05
 40
2.0
 41
23.1428571429
  0
MTEXT
  5
30D
100
AcDbEntity
  8
0
100
AcDbMText
 62
5
  6
CONTINUOUS
  7
TEXTSTYLE_5
 71
2
 72
1
 10
124.5
 20
-16.5352761804
 30
0.0
 11
1.0
 21
0.0
 31
0.0
 44
0.9
  1
\Q15.0;Payr
 40
2.0
 41
11.0476190476
  0
MTEXT
  5
30E
100
AcDbEntity
  8
0
100
AcDbMText
 62
5
  6
CONTINUOUS
  7
TEXTSTYLE_5
 71
1
 72
1
 10
0.0625
 20
-20.921875
 30
0.0
 11
1.0
 21
0.0
 31
0.0
 44
0.9
  1
\Q15.0; Benennung
 40
2.0
 41
29.1428571429
  0
MTEXT
  5
30F
100
AcDbEntity
  8
0
100
AcDbMText
 62
5
  6
CONTINUOUS
  7
TEXTSTYLE_5
 71
1
 72
1
 10
82.0625
 20
-20.9647238196
 30
0.0
 11
1.0
 21
0.0
 31
0.0
 44
1.2
  1
\Q15.0; Aend.-Nr.\P 18-2005
 40
2.0
 41
28.2857142857
  0
MTEXT
  5
310
100
AcDbEntity
  8
0
100
AcDbMText
 62
5
  6
CONTINUOUS
  7
TEXTSTYLE_5
 71
2
 72
1
 10
124.5
 20
-20.835314297
 30
0.0
 11
1.0
 21
0.0
 31
0.0
 44
0.9
  1
\Q15.0;Aend.-Index\P\H3.0;B
 40
2.0
 41
31.1428571429
  0
MTEXT
  5
311
100
AcDbEntity
  8
0
100
AcDbMText
 62
5
  6
CONTINUOUS
  7
TEXTSTYLE_5
 71
2
 72
1
 10
41.0
 20
-23.8117333157
 30
0.0
 11
1.0
 21
0.0
 31
0.0
 44
0.9
  1
\Q15.0;NE8FDP
 40
3.5
 41
32.8333333333
  0
MTEXT
  5
312
100
AcDbEntity
  8
0
100
AcDbMText
 62
5
  6
CONTINUOUS
  7
TEXTSTYLE_5
 71
2
 72
1
 10
40.25
 20
-30.088190451
 30
0.0
 11
1.0
 21
0.0
 31
0.0
 44
0.9
  1
\Q15.0;NE8FDP
 40
5.0
 41
46.9047619048
  0
MTEXT
  5
313
100
AcDbEntity
  8
0
100
AcDbMText
 62
5
  6
CONTINUOUS
  7
TEXTSTYLE_5
 71
1
 72
1
 10
82.0625
 20
-31.5352761804
 30
0.0
 11
1.0
 21
0.0
 31
0.0
 44
0.9
  1
\Q15.0; Ersatz fuer:
 40
2.0
 41
34.5714285714
  0
MTEXT
  5
314
100
AcDbEntity
  8
0
100
AcDbMText
 62
5
  6
CONTINUOUS
  7
TEXTSTYLE_5
 71
2
 72
1
 10
124.5
 20
-29.4647238196
 30
0.0
 11
1.0
 21
0.0
 31
0.0
 44
1.2
  1
\Q15.0;Blatt 1\Pvon 1 Bl.
 40
2.0
 41
24.5714285714
  0
MTEXT
  5
315
100
AcDbEntity
  8
0
100
AcDbMText
 62
5
  6
CONTINUOUS
  7
TEXTSTYLE_5
 71
1
 72
1
 10
82.0625
 20
-37.5352761804
 30
0.0
 11
1.0
 21
0.0
 31
0.0
 44
0.9
  1
\Q15.0; Zeichn. Nr.
 40
2.0
 41
32.9523809524
  0
MTEXT
  5
316
100
AcDbEntity
  8
0
100
AcDbMText
 62
5
  6
CONTINUOUS
  7
TEXTSTYLE_5
 71
2
 72
1
 10
108.5
 20
-41.3117333157
 30
0.0
 11
1.0
 21
0.0
 31
0.0
 44
0.9
  1
\Q15.0;ST-NE8FDP
 40
3.5
 41
49.3333333333
  0
ENDBLK
  5
317
100
AcDbEntity
  8
0
  6
BYBLOCK
 62
0
100
AcDbBlockEnd
  0
ENDSEC
  0
SECTION
  2
ENTITIES
  0
MTEXT
  5
318
100
AcDbEntity
  8
0
100
AcDbMText
 62
4
  6
CONTINUOUS
  7
TEXTSTYLE_2
 71
1
 72
1
 10
330.914129497
 20
15.9780474456
 30
0.0
 11
1.0
 21
0.0
 31
0.0
 44
0.9
  1
\Q15.0;FL-9494 SCHAAN
 40
2.4236218182
 41
26.4290188745
  0
DIMENSION
  5
319
100
AcDbEntity
  8
ZEICHNUNGSBEMASSUNGEN
100
AcDbDimension
 62
2
  6
CONTINUOUS
  2
*D0
 10
196.1803753616
 20
47.2954488778
 11
158.0257013716
 21
49.9513155357
 70
160
 71
2
 42
36.3
  3
DIMSTYLE_1
100
AcDbAlignedDimension
 13
123.5803753616
 23
82.1109701131
 14
196.1803753616
 24
69.8246654213
100
AcDbRotatedDimension
  0
DIMENSION
  5
31A
100
AcDbEntity
  8
ZEICHNUNGSBEMASSUNGEN
100
AcDbDimension
 62
2
  6
CONTINUOUS
  2
*D1
 10
196.1803753616
 20
59.4826680369
 11
168.1948378748
 21
62.1385346948
 70
160
 71
2
 42
19.8
  3
DIMSTYLE_2
100
AcDbAlignedDimension
 13
156.5803753616
 23
82.7909701131
 14
196.1803753616
 24
69.8246654213
100
AcDbRotatedDimension
  0
DIMENSION
  5
31B
100
AcDbEntity
  8
ZEICHNUNGSBEMASSUNGEN
100
AcDbDimension
 62
2
  6
CONTINUOUS
  2
*D2
 10
30.193804209
 20
193.5476721081
 11
28.5461031874
 21
215.744956918
 70
160
 71
2
 42
24.0
  3
DIMSTYLE_2
100
AcDbAlignedDimension
 13
46.3721727956
 23
241.5476721081
 14
84.7682931171
 24
193.5476721081
 50
270.0
100
AcDbRotatedDimension
  0
DIMENSION
  5
31C
100
AcDbEntity
  8
ZEICHNUNGSBEMASSUNGEN
100
AcDbDimension
 62
2
  6
CONTINUOUS
  2
*D3
 10
93.3568281621
 20
171.2662231492
 11
72.64747179
 21
173.922089807
 70
160
 71
2
 42
19.0
  3
DIMSTYLE_2
100
AcDbAlignedDimension
 13
55.3568281621
 23
233.2269980997
 14
93.3568281621
 24
184.7997633572
100
AcDbRotatedDimension
  0
DIMENSION
  5
31D
100
AcDbEntity
  8
ZEICHNUNGSBEMASSUNGEN
100
AcDbDimension
 62
2
  6
CONTINUOUS
  2
*D4
 10
21.5941339412
 20
186.5476721081
 11
20.1704697277
 21
214.8442255938
 70
160
 71
2
 42
31.0
  3
DIMSTYLE_1
100
AcDbAlignedDimension
 13
52.0520283686
 23
248.5476721081
 14
52.4863984434
 24
186.5476721081
 50
270.0
100
AcDbRotatedDimension
  0
DIMENSION
  5
31E
100
AcDbEntity
  8
ZEICHNUNGSBEMASSUNGEN
100
AcDbDimension
 62
2
  6
CONTINUOUS
  2
*D5
 10
100.3568281621
 20
163.1976966762
 11
72.6268403387
 21
165.853563334
 70
160
 71
2
 42
26.0
  3
DIMSTYLE_2
100
AcDbAlignedDimension
 13
48.3568281621
 23
190.9430852049
 14
100.3568281621
 24
189.6399749804
100
AcDbRotatedDimension
  0
DIMENSION
  5
31F
100
AcDbEntity
  8
ZEICHNUNGSBEMASSUNGEN
100
AcDbDimension
 62
2
  6
CONTINUOUS
  2
*D6
 10
383.4250686507
 20
128.0818613613
 11
362.4171332358
 21
131.6682880034
 70
160
 71
2
 42
19.0
  3
DIMSTYLE_3
100
AcDbAlignedDimension
 13
345.4250686507
 23
138.2264371197
 14
383.4250686507
 24
186.2264371197
100
AcDbRotatedDimension
  0
DIMENSION
  5
320
100
AcDbEntity
  8
ZEICHNUNGSBEMASSUNGEN
100
AcDbDimension
 62
2
  6
CONTINUOUS
  2
*D7
 10
401.0164255662
 20
191.4264371197
 11
399.6487705547
 21
165.2034519881
 70
160
 71
2
 42
24.0
  3
DIMSTYLE_4
100
AcDbAlignedDimension
 13
350.6250686507
 23
143.4264371197
 14
388.6250686507
 24
191.4264371197
 50
90.0
100
AcDbRotatedDimension
  0
DIMENSION
  5
321
100
AcDbEntity
  8
ZEICHNUNGSBEMASSUNGEN
100
AcDbDimension
 62
2
  6
CONTINUOUS
  2
*D8
 10
380.2250686507
 20
199.4160465461
 11
358.9854349587
 21
202.0719132039
 70
160
 71
3
 42
3.2
  1
>=%%c<>
  3
DIMSTYLE_5
100
AcDbAlignedDimension
 13
386.6250686507
 23
191.4264371197
 14
380.2250686507
 24
191.2249158166
 50
180.0
100
AcDbRotatedDimension
  0
DIMENSION
  5
322
100
AcDbEntity
  8
ZEICHNUNGSBEMASSUNGEN
100
AcDbDimension
 62
2
  6
CONTINUOUS
  2
*D9
 10
341.2528179432
 20
161.1776934739
 11
363.1995214402
 21
168.3772522092
 70
163
 71
2
 42
24.0
  1
>=<>
  3
DIMSTYLE_6
100
AcDbDiametricDimension
 15
387.5973193581
 25
173.6751807654
  0
DIMENSION
  5
323
100
AcDbEntity
  8
ZEICHNUNGSBEMASSUNGEN
100
AcDbDimension
 62
2
  6
CONTINUOUS
  2
*D10
 10
196.4071521696
 20
273.4698644065
 11
161.1605442643
 21
276.1257310643
 70
160
 71
2
 42
34.55
  3
DIMSTYLE_1
100
AcDbAlignedDimension
 13
127.3071521696
 23
218.6218174584
 14
196.4071521696
 24
258.6244421197
100
AcDbRotatedDimension
  0
DIMENSION
  5
324
100
AcDbEntity
  8
ZEICHNUNGSBEMASSUNGEN
100
AcDbDimension
 62
2
  6
CONTINUOUS
  2
*D11
 10
196.4071521696
 20
265.1464452485
 11
174.9821521696
 21
267.8023119063
 70
160
 71
2
 42
18.05
  3
DIMSTYLE_2
100
AcDbAlignedDimension
 13
160.3071521696
 23
247.0202813114
 14
196.4071521696
 24
258.2148835029
100
AcDbRotatedDimension
  0
DIMENSION
  5
325
100
AcDbEntity
  8
ZEICHNUNGSBEMASSUNGEN
100
AcDbDimension
 62
2
  6
CONTINUOUS
  2
*D12
 10
290.7901871122
 20
265.1464452485
 11
264.1112599751
 21
267.8023119063
 70
160
 71
2
 42
25.5
  3
DIMSTYLE_2
100
AcDbAlignedDimension
 13
239.7901871122
 23
245.6476721081
 14
290.7901871122
 24
245.6476721081
100
AcDbRotatedDimension
  0
DIMENSION
  5
326
100
AcDbEntity
  8
ZEICHNUNGSBEMASSUNGEN
100
AcDbDimension
 62
2
  6
CONTINUOUS
  2
*D13
 10
221.3633162843
 20
190.3676721081
 11
220.3317164849
 21
214.955286693
 70
160
 71
2
 42
27.64
  3
DIMSTYLE_2
100
AcDbAlignedDimension
 13
239.7901871122
 23
245.6476721081
 14
249.3901871122
 24
190.3676721081
 50
270.0
100
AcDbRotatedDimension
  0
DIMENSION
  5
327
100
AcDbEntity
  8
ZEICHNUNGSBEMASSUNGEN
100
AcDbDimension
 62
2
  6
CONTINUOUS
  2
*D14
 10
281.1901871122
 20
166.6553117207
 11
262.518292394
 21
169.3111783786
 70
160
 71
2
 42
15.9
  3
DIMSTYLE_2
100
AcDbAlignedDimension
 13
249.3901871122
 23
190.3676721081
 14
281.1901871122
 24
190.3676721081
100
AcDbRotatedDimension
  0
DIMENSION
  5
328
100
AcDbEntity
  8
ZEICHNUNGSBEMASSUNGEN
100
AcDbDimension
 62
2
  6
CONTINUOUS
  2
*D15
 10
311.6187809611
 20
190.3676721081
 11
310.1671121466
 21
201.2347166251
 70
160
 71
2
 42
13.2
  3
DIMSTYLE_2
100
AcDbAlignedDimension
 13
281.1901871122
 23
216.7676721081
 14
281.1901871122
 24
190.3676721081
 50
270.0
100
AcDbRotatedDimension
  0
DIMENSION
  5
329
100
AcDbEntity
  8
ZEICHNUNGSBEMASSUNGEN
100
AcDbDimension
 62
2
  6
CONTINUOUS
  2
*D16
 10
210.4071521696
 20
265.1464452485
 11
223.7821941696
 21
267.8023119063
 70
160
 71
1
 42
4.5
  3
DIMSTYLE_5
100
AcDbAlignedDimension
 13
201.4071521696
 23
258.468902105
 14
210.4071521696
 24
238.0610733415
100
AcDbRotatedDimension
  0
ACAD_TABLE
  5
32A
100
AcDbEntity
  8
0
 62
2
  6
CONTINUOUS
100
AcDbBlockReference
  2
*T1
 10
277.0
 20
56.0
 30
0.0
100
AcDbTable
342
       F51
343
237
 11
1.0
 21
0.0
 31
0.0
 90
22
 91
9
 92
8
 93
0
 94
0
 95
0
 96
0
141
5.0
141
5.0
141
5.0
141
5.0
141
3.0
141
5.0
141
9.0
141
3.0
141
6.0
142
20.5
142
19.0
142
1.5
142
23.0
142
18.0
142
19.0
142
15.0
142
17.0
171
1
172
0
173
0
174
0
175
2
176
2
177
41
178
0
145
0.0
  1
\Q15.0; Allgemeintoleranzen\P ISO 2768-m
170
4
140
1.8
 64
5
171
1
172
0
173
1
174
0
175
1
176
1
177
1
178
0
145
0.0
170
1
171
1
172
0
173
0
174
0
175
1
176
2
177
1
178
0
145
0.0
170
1
171
1
172
0
173
0
174
0
175
1
176
1
177
41
178
0
145
0.0
  1
\Q15.0;Werkstoff
170
5
140
2.0
 64
5
171
1
172
0
173
0
174
0
175
1
176
1
177
41
178
0
145
0.0
  1
\Q15.0;Massstab:
170
5
140
2.0
 64
5
171
1
172
0
173
0
174
0
175
1
176
1
177
1
178
0
145
0.0
170
1
171
1
172
0
173
0
174
0
175
1
176
1
177
41
178
0
145
0.0
  1
\Q15.0;Datum
170
5
140
2.0
 64
5
171
1
172
0
173
0
174
0
175
1
176
1
177
41
178
0
145
0.0
  1
\Q15.0;Name
170
5
140
2.0
 64
5
171
1
172
0
173
1
174
0
175
1
176
1
177
1
178
0
145
0.0
170
1
171
1
172
0
173
1
174
0
175
1
176
1
177
1
178
0
145
0.0
170
1
171
1
172
0
173
1
174
0
175
1
176
1
177
1
178
0
145
0.0
170
1
171
1
172
0
173
0
174
0
175
1
176
1
177
1
178
0
145
0.0
170
1
171
1
172
0
173
0
174
0
175
1
176
1
177
1
178
0
145
0.0
170
1
171
1
172
0
173
0
174
0
175
1
176
1
177
41
178
0
145
0.0
  1
\Q15.0; Gezeichnet
170
4
140
2.0
 64
5
171
1
172
0
173
0
174
0
175
1
176
1
177
41
178
0
145
0.0
  1
\Q15.0;03.12.02
170
5
140
2.0
 64
5
171
1
172
0
173
0
174
0
175
1
176
1
177
41
178
0
145
0.0
  1
\Q15.0;Payr
170
5
140
2.0
 64
5
171
1
172
0
173
0
174
0
175
2
176
2
177
41
178
0
145
0.0
  1
\Q15.0; Zeichnung urheberrechtlich\P geschuetzt (DIN 34) (C)
170
4
140
1.8
 64
5
171
1
172
0
173
1
174
0
175
1
176
1
177
1
178
0
145
0.0
170
1
171
1
172
0
173
0
174
0
175
1
176
2
177
1
178
0
145
0.0
170
1
171
1
172
0
173
0
174
0
175
1
176
1
177
41
178
0
145
0.0
  1
\Q15.0;-
170
5
140
2.0
 64
5
171
1
172
0
173
0
174
0
175
1
176
1
177
41
178
0
145
0.0
  1
\Q15.0;2:1
170
2
140
3.5
 64
5
171
1
172
0
173
0
174
0
175
1
176
1
177
41
178
0
145
0.0
  1
\Q15.0; Freigegeben
170
4
140
2.0
 64
5
171
1
172
0
173
0
174
0
175
1
176
1
177
41
178
0
145
0.0
  1
\Q15.0;-
170
5
140
2.0
 64
5
171
1
172
0
173
0
174
0
175
1
176
1
177
41
178
0
145
0.0
  1
\Q15.0;-
170
5
140
2.0
 64
5
171
1
172
0
173
1
174
0
175
1
176
1
177
1
178
0
145
0.0
170
1
171
1
172
0
173
1
174
0
175
1
176
1
177
1
178
0
145
0.0
170
1
171
1
172
0
173
1
174
0
175
1
176
1
177
1
178
0
145
0.0
170
1
171
1
172
0
173
0
174
0
175
1
176
1
177
41
178
0
145
0.0
  1
\Q15.0;-
170
5
140
2.0
 64
5
171
1
172
0
173
0
174
0
175
1
176
1
177
41
178
0
145
0.0
  1
(\Q15.0;A3\Q0.0;)
170
5
140
2.0
 64
5
171
1
172
0
173
0
174
0
175
1
176
1
177
41
178
0
145
0.0
  1
\Q15.0; Geaendert
170
4
140
2.0
 64
5
171
1
172
0
173
0
174
0
175
1
176
1
177
41
178
0
145
0.0
  1
\Q15.0;04.02.05
170
5
140
2.0
 64
5
171
1
172
0
173
0
174
0
175
1
176
1
177
41
178
0
145
0.0
  1
\Q15.0;Payr
170
5
140
2.0
 64
5
171
1
172
0
173
0
174
0
175
2
176
1
177
41
178
0
145
0.0
  1
\Q15.0; Benennung
170
7
140
2.0
 64
5
171
1
172
0
173
1
174
0
175
1
176
1
177
1
178
0
145
0.0
170
1
171
1
172
0
173
0
174
0
175
1
176
1
177
1
178
0
145
0.0
170
1
171
1
172
0
173
0
174
0
175
1
176
1
177
1
178
0
145
0.0
170
1
171
1
172
0
173
0
174
0
175
1
176
1
177
1
178
0
145
0.0
170
1
171
1
172
0
173
0
174
0
175
2
176
2
177
41
178
0
145
0.0
  1
\Q15.0; Aend.-Nr.\P 18-2005
170
4
140
2.0
 64
5
171
1
172
0
173
1
174
0
175
1
176
1
177
1
178
0
145
0.0
170
1
171
1
172
0
173
0
174
0
175
1
176
2
177
41
178
0
145
0.0
  1
\Q15.0;Aend.-Index\P\H3.0;B
170
5
140
2.0
 64
5
171
1
172
0
173
0
174
0
175
5
176
1
177
41
178
0
145
0.0
  1
\Q15.0;NE8FDP
170
5
140
3.5
 64
5
171
1
172
0
173
1
174
0
175
1
176
1
177
1
178
0
145
0.0
170
1
171
1
172
0
173
1
174
0
175
1
176
1
177
1
178
0
145
0.0
170
1
171
1
172
0
173
1
174
0
175
1
176
1
177
1
178
0
145
0.0
170
1
171
1
172
0
173
1
174
0
175
1
176
1
177
1
178
0
145
0.0
170
1
171
1
172
0
173
1
174
0
175
1
176
1
177
1
178
0
145
0.0
170
1
171
1
172
0
173
1
174
0
175
1
176
1
177
1
178
0
145
0.0
170
1
171
1
172
0
173
1
174
0
175
1
176
1
177
1
178
0
145
0.0
170
1
171
1
172
0
173
0
174
0
175
1
176
1
177
1
178
0
145
0.0
170
1
171
1
172
0
173
0
174
0
175
1
176
1
177
1
178
0
145
0.0
170
1
171
1
172
0
173
0
174
0
175
1
176
1
177
41
178
0
145
0.0
  1
\Q15.0;NE8FDP
170
5
140
5.0
 64
5
171
1
172
0
173
0
174
0
175
1
176
1
177
1
178
0
145
0.0
170
1
171
1
172
0
173
0
174
0
175
1
176
1
177
1
178
0
145
0.0
170
1
171
1
172
0
173
0
174
0
175
1
176
1
177
41
178
0
145
0.0
  1
\Q15.0; Ersatz fuer:
170
4
140
2.0
 64
5
171
1
172
0
173
0
174
0
175
1
176
1
177
1
178
0
145
0.0
170
1
171
1
172
0
173
0
174
0
175
1
176
1
177
41
178
0
145
0.0
  1
\Q15.0;Blatt 1\Pvon 1 Bl.
170
5
140
2.0
 64
5
171
1
172
0
173
0
174
0
175
5
176
2
177
1
178
0
145
0.0
170
1
171
1
172
0
173
1
174
0
175
1
176
1
177
1
178
0
145
0.0
170
1
171
1
172
0
173
1
174
0
175
1
176
1
177
1
178
0
145
0.0
170
1
171
1
172
0
173
1
174
0
175
1
176
1
177
1
178
0
145
0.0
170
1
171
1
172
0
173
1
174
0
175
1
176
1
177
1
178
0
145
0.0
170
1
171
1
172
0
173
0
174
0
175
1
176
1
177
41
178
0
145
0.0
  1
\Q15.0; Zeichn. Nr.
170
4
140
2.0
 64
5
171
1
172
0
173
0
174
0
175
1
176
1
177
1
178
0
145
0.0
170
1
171
1
172
0
173
0
174
0
175
1
176
1
177
1
178
0
145
0.0
170
1
171
1
172
0
173
1
174
0
175
1
176
1
177
1
178
0
145
0.0
170
1
171
1
172
0
173
1
174
0
175
1
176
1
177
1
178
0
145
0.0
170
1
171
1
172
0
173
1
174
0
175
1
176
1
177
1
178
0
145
0.0
170
1
171
1
172
0
173
1
174
0
175
1
176
1
177
1
178
0
145
0.0
170
1
171
1
172
0
173
1
174
0
175
1
176
1
177
1
178
0
145
0.0
170
1
171
1
172
0
173
0
174
0
175
1
176
1
177
1
178
0
145
0.0
170
1
171
1
172
0
173
0
174
0
175
1
176
1
177
41
178
0
145
0.0
  1
\Q15.0;ST-NE8FDP
170
5
140
3.5
 64
5
171
1
172
0
173
0
174
0
175
1
176
1
177
1
178
0
145
0.0
170
1
  0
MTEXT
  5
32B
100
AcDbEntity
  8
0
100
AcDbMText
 62
5
  6
CONTINUOUS
  7
STANDARD
 71
1
 72
1
 10
40.4352401828
 20
44.4161325844
 30
0.0
 11
1.0
 21
0.0
 31
0.0
 44
0.9
  1
\Q15.0;Flansch u. Chassis\Pan Frontplatten-Rueckseite\Pflange and chassis fixed\Pat frontpanel-rearside
 40
3.5
 41
61.5833333333
  0
MTEXT
  5
32C
100
AcDbEntity
  8
0
100
AcDbMText
 62
5
  6
CONTINUOUS
  7
STANDARD
 71
1
 72
1
 10
268.7036480293
 20
64.1840800664
 30
0.0
 11
1.0
 21
0.0
 31
0.0
 44
0.9
  1
\Q15.0;Component-Compliance CAT5E according to TIA/EIA 568B.2
 40
3.5
 41
137.5833333333
  0
MTEXT
  5
32D
100
AcDbEntity
  8
0
100
AcDbMText
 62
5
  6
CONTINUOUS
  7
STANDARD
 71
1
 72
1
 10
40.089509451
 20
284.4606206223
 30
0.0
 11
1.0
 21
0.0
 31
0.0
 44
0.9
  1
\Q15.0;Flansch vorne, Chassis\Pan Frontplatten-Rueckseite\Pflange at frontside,\Pchassis at frontpanel-rearside
 40
3.5
 41
70.9166666667
  0
LEADER
  5
32E
100
AcDbEntity
  8
0
100
AcDbLeader
 62
2
  6
CONTINUOUS
  3
STANDARD
 71
1
 72
0
 73
0
 75
0
 40
3.5
 41
25.0
 76
3
 10
198.019668868
 20
181.3312520944
 30
0.0
 10
185.5566906695
 20
163.9510806746
 30
0.0
 10
180.5566906695
 20
163.9510806746
 30
0.0
340
330
1001
ACAD
1000
DSTYLE
1002
{
1070
77
1070
0
1002
}
  0
LEADER
  5
32F
100
AcDbEntity
  8
0
100
AcDbLeader
 62
2
  6
CONTINUOUS
  3
STANDARD
 71
1
 72
0
 73
0
 75
0
 40
3.5
 41
25.0
 76
3
 10
197.5069090909
 20
146.1378181818
 30
0.0
 10
185.5566906695
 20
163.9510806746
 30
0.0
 10
180.5566906695
 20
163.9510806746
 30
0.0
340
330
1001
ACAD
1000
DSTYLE
1002
{
1070
77
1070
0
1002
}
  0
MTEXT
  5
330
102
{ACAD_REACTORS
330
32E
330
32F
102
}
100
AcDbEntity
  8
0
100
AcDbMText
 62
5
  6
CONTINUOUS
  7
STANDARD
 71
3
 72
1
 10
180.5566906695
 20
165.6393473588
 30
0.0
 11
1.0
 21
0.0
 31
0.0
 44
0.9
  1
\Q15.0;Frontplatte\Pfrontpanel
 40
3.5
 41
25.0
  0
MTEXT
  5
331
100
AcDbEntity
  8
0
100
AcDbMText
 62
5
  6
CONTINUOUS
  7
STANDARD
 71
1
 72
1
 10
319.7811692372
 20
224.9147991894
 30
0.0
 11
1.0
 21
0.0
 31
0.0
 44
0.9
  1
\Q15.0;Frontplattenausschnitt (Rueckseite)\PPanel cut out (rear side)
 40
3.5
 41
80.1666666667
  0
LINE
  5
332
100
AcDbEntity
  8
0
100
AcDbLine
 62
7
  6
CONTINUOUS
 10
0.0
 20
297.0
 11
0.0
 21
0.0
  0
LINE
  5
333
100
AcDbEntity
  8
0
100
AcDbLine
 62
7
  6
CONTINUOUS
 10
12.5
 20
287.0
 11
12.5
 21
10.0
  0
LINE
  5
334
100
AcDbEntity
  8
0
100
AcDbLine
 62
7
  6
CONTINUOUS
 10
23.0
 20
0.0
 11
23.0
 21
8.0
  0
LINE
  5
335
100
AcDbEntity
  8
0
100
AcDbLine
 62
7
  6
CONTINUOUS
 10
0.0
 20
0.0
 11
420.0
 21
0.0
  0
LINE
  5
336
100
AcDbEntity
  8
0
100
AcDbLine
 62
7
  6
CONTINUOUS
 10
12.5
 20
10.0
 11
410.0
 21
10.0
  0
LINE
  5
337
100
AcDbEntity
  8
0
100
AcDbLine
 62
2
  6
CONTINUOUS
 10
315.0514523849
 20
13.5001136946
 11
312.9555916756
 21
13.5001136946
  0
LINE
  5
338
100
AcDbEntity
  8
0
100
AcDbLine
 62
2
  6
CONTINUOUS
 10
311.1950686798
 20
13.5001136946
 11
309.5183801123
 21
13.5001136946
  0
LINE
  5
339
100
AcDbEntity
  8
0
100
AcDbLine
 62
2
  6
CONTINUOUS
 10
308.1770292584
 20
13.5001136946
 11
306.5003406909
 21
13.5001136946
  0
LINE
  5
33A
100
AcDbEntity
  8
0
100
AcDbLine
 62
2
  6
CONTINUOUS
 10
299.0390765658
 20
13.5001136946
 11
297.3623879983
 21
13.5001136946
  0
LINE
  5
33B
100
AcDbEntity
  8
0
100
AcDbLine
 62
2
  6
CONTINUOUS
 10
289.9011238732
 20
13.5001136946
 11
285.7094024545
 21
13.5001136946
  0
LINE
  5
33C
100
AcDbEntity
  8
0
100
AcDbLine
 62
2
  6
CONTINUOUS
 10
284.4518860289
 20
13.5001136946
 11
282.8590318899
 21
13.5001136946
  0
LINE
  5
33D
100
AcDbEntity
  8
0
100
AcDbLine
 62
2
  6
CONTINUOUS
 10
280.0924957536
 20
13.5001136946
 11
278.4996416145
 21
13.5001136946
  0
LINE
  5
33E
100
AcDbEntity
  8
0
100
AcDbLine
 62
2
  6
CONTINUOUS
 10
300.7995995616
 20
13.5001136946
 11
302.476288129
 21
13.5001136946
  0
LINE
  5
33F
100
AcDbEntity
  8
0
100
AcDbLine
 62
2
  6
CONTINUOUS
 10
303.9014734114
 20
13.5001136946
 11
305.8296652639
 21
13.5001136946
  0
LINE
  5
340
100
AcDbEntity
  8
0
100
AcDbLine
 62
2
  6
CONTINUOUS
 10
317.197674182
 20
13.5001136946
 11
318.8325105456
 21
13.5001136946
  0
LINE
  5
341
100
AcDbEntity
  8
0
100
AcDbLine
 62
2
  6
CONTINUOUS
 10
320.9839136206
 20
13.5001136946
 11
322.5031962026
 21
13.5001136946
  0
LINE
  5
342
100
AcDbEntity
  8
0
100
AcDbLine
 62
2
  6
CONTINUOUS
 10
326.3171844669
 20
13.5001136946
 11
327.8319481032
 21
13.5001136946
  0
LINE
  5
343
100
AcDbEntity
  8
0
100
AcDbLine
 62
2
  6
CONTINUOUS
 10
319.1836632433
 20
13.9683172915
 11
320.8668627214
 21
13.9683172915
  0
LINE
  5
344
100
AcDbEntity
  8
0
100
AcDbLine
 62
2
  6
CONTINUOUS
 10
287.307115795
 20
14.0031202649
 11
289.989817503
 21
14.0031202649
  0
LINE
  5
345
100
AcDbEntity
  8
0
100
AcDbLine
 62
2
  6
CONTINUOUS
 10
319.4566574654
 20
14.3323095877
 11
320.7758646473
 21
14.3323095877
  0
LINE
  5
346
100
AcDbEntity
  8
0
100
AcDbLine
 62
2
  6
CONTINUOUS
 10
325.8608514835
 20
14.348381331
 11
326.466756938
 21
14.348381331
  0
LINE
  5
347
100
AcDbEntity
  8
0
100
AcDbLine
 62
2
  6
CONTINUOUS
 10
289.5607222909
 20
14.4222924067
 11
287.3810271532
 21
14.4222924067
  0
LINE
  5
348
100
AcDbEntity
  8
0
100
AcDbLine
 62
2
  6
CONTINUOUS
 10
325.8991566285
 20
14.5656206037
 11
328.0198257194
 21
14.5656206037
  0
LINE
  5
349
100
AcDbEntity
  8
0
100
AcDbLine
 62
2
  6
CONTINUOUS
 10
303.7739658832
 20
14.8414645486
 11
302.7128044752
 21
14.8414645486
  0
LINE
  5
34A
100
AcDbEntity
  8
0
100
AcDbLine
 62
2
  6
CONTINUOUS
 10
287.469720783
 20
14.925298977
 11
289.6494159207
 21
14.925298977
  0
LINE
  5
34B
100
AcDbEntity
  8
0
100
AcDbLine
 62
2
  6
CONTINUOUS
 10
326.5976279714
 20
15.2119104396
 11
328.1337840549
 21
15.2119104396
  0
LINE
  5
34C
100
AcDbEntity
  8
0
100
AcDbLine
 62
2
  6
CONTINUOUS
 10
300.5231862673
 20
15.2606366904
 11
299.3495042701
 21
15.2606366904
  0
LINE
  5
34D
100
AcDbEntity
  8
0
100
AcDbLine
 62
2
  6
CONTINUOUS
 10
297.6728157026
 20
15.2606366904
 11
296.4991337054
 21
15.2606366904
  0
LINE
  5
34E
100
AcDbEntity
  8
0
100
AcDbLine
 62
2
  6
CONTINUOUS
 10
290.2263338491
 20
15.3444711188
 11
287.5436321412
 21
15.3444711188
  0
LINE
  5
34F
100
AcDbEntity
  8
0
100
AcDbLine
 62
2
  6
CONTINUOUS
 10
302.8162803766
 20
15.4283055472
 11
304.0703942504
 21
15.4283055472
  0
LINE
  5
350
100
AcDbEntity
  8
0
100
AcDbLine
 62
2
  6
CONTINUOUS
 10
304.3153770171
 20
15.8474776891
 11
301.2135031673
 21
15.8474776891
  0
LINE
  5
351
100
AcDbEntity
  8
0
100
AcDbLine
 62
2
  6
CONTINUOUS
 10
278.9135452203
 20
15.8474776891
 11
280.5063993593
 21
15.8474776891
  0
LINE
  5
352
100
AcDbEntity
  8
0
100
AcDbLine
 62
2
  6
CONTINUOUS
 10
283.2729354956
 20
15.8474776891
 11
284.8657896347
 21
15.8474776891
  0
LINE
  5
353
100
AcDbEntity
  8
0
100
AcDbLine
 62
2
  6
CONTINUOUS
 10
286.1233060603
 20
15.8474776891
 11
290.3150274789
 21
15.8474776891
  0
LINE
  5
354
100
AcDbEntity
  8
0
100
AcDbLine
 62
2
  6
CONTINUOUS
 10
291.1533717626
 20
15.8474776891
 11
292.6623914733
 21
15.8474776891
  0
LINE
  5
355
100
AcDbEntity
  8
0
100
AcDbLine
 62
2
  6
CONTINUOUS
 10
294.5067488975
 20
15.8474776891
 11
296.0157686082
 21
15.8474776891
  0
LINE
  5
356
100
AcDbEntity
  8
0
100
AcDbLine
 62
2
  6
CONTINUOUS
 10
296.6026096069
 20
15.8474776891
 11
300.6266621687
 21
15.8474776891
  0
LINE
  5
357
100
AcDbEntity
  8
0
100
AcDbLine
 62
2
  6
CONTINUOUS
 10
306.9142442967
 20
15.8474776891
 11
308.5909328641
 21
15.8474776891
  0
LINE
  5
358
100
AcDbEntity
  8
0
100
AcDbLine
 62
2
  6
CONTINUOUS
 10
309.9322837181
 20
15.8474776891
 11
311.6089722855
 21
15.8474776891
  0
LINE
  5
359
100
AcDbEntity
  8
0
100
AcDbLine
 62
2
  6
CONTINUOUS
 10
313.3523118271
 20
15.8474776891
 11
315.4653559907
 21
15.8474776891
  0
LINE
  5
35A
100
AcDbEntity
  8
0
100
AcDbLine
 62
2
  6
CONTINUOUS
 10
318.9581971778
 20
15.8474776891
 11
321.916355204
 21
15.8474776891
  0
LINE
  5
35B
100
AcDbEntity
  8
0
100
AcDbLine
 62
2
  6
CONTINUOUS
 10
282.8590318899
 20
13.5001136946
 11
280.358576643
 21
15.0091334053
  0
LINE
  5
35C
100
AcDbEntity
  8
0
100
AcDbLine
 62
2
  6
CONTINUOUS
 10
280.5063993593
 20
15.8474776891
 11
283.0068546062
 21
14.3384579783
  0
LINE
  5
35D
100
AcDbEntity
  8
0
100
AcDbLine
 62
2
  6
CONTINUOUS
 10
312.9555916756
 20
13.5001136946
 11
311.3576736678
 21
14.4222924067
  0
LINE
  5
35E
100
AcDbEntity
  8
0
100
AcDbLine
 62
2
  6
CONTINUOUS
 10
302.6241108454
 20
14.3384579783
 11
303.9014734114
 21
13.5001136946
  0
LINE
  5
35F
100
AcDbEntity
  8
0
100
AcDbLine
 62
2
  6
CONTINUOUS
 10
305.8296652639
 20
13.5001136946
 11
304.5523026979
 21
14.3384579783
  0
LINE
  5
360
100
AcDbEntity
  8
0
100
AcDbLine
 62
2
  6
CONTINUOUS
 10
313.1601422959
 20
14.7576301202
 11
315.0514523849
 21
13.5001136946
  0
LINE
  5
361
100
AcDbEntity
  8
DEFAULT_1
100
AcDbLine
 62
2
  6
CENTER
 10
340.2250686507
 20
143.4264371197
 11
350.6250686507
 21
143.4264371197
  0
LINE
  5
362
100
AcDbEntity
  8
0
100
AcDbLine
 62
7
  6
CONTINUOUS
 10
230.0
 20
0.0
 11
230.0
 21
8.0
  0
LINE
  5
363
100
AcDbEntity
  8
DEFAULT_1
100
AcDbLine
 62
2
  6
CENTER
 10
338.8250686507
 20
167.4264371197
 11
346.2162929895
 21
167.4264371197
  0
LINE
  5
364
100
AcDbEntity
  8
DEFAULT_1
100
AcDbLine
 62
2
  6
CENTER
 10
369.1047001317
 20
167.4264371197
 11
390.0250686507
 21
167.4264371197
  0
LINE
  5
365
100
AcDbEntity
  8
DEFAULT_1
100
AcDbLine
 62
2
  6
CENTER
 10
378.2250686507
 20
191.4264371197
 11
388.6250686507
 21
191.4264371197
  0
LINE
  5
366
100
AcDbEntity
  8
0
100
AcDbLine
 62
2
  6
CONTINUOUS
 10
320.4460628519
 20
15.6515167696
 11
320.7758646473
 21
14.3323095877
  0
LINE
  5
367
100
AcDbEntity
  8
0
100
AcDbLine
 62
2
  6
CONTINUOUS
 10
320.8668627214
 20
13.9683172915
 11
320.9839136206
 21
13.5001136946
  0
LINE
  5
368
100
AcDbEntity
  8
0
100
AcDbLine
 62
2
  6
CONTINUOUS
 10
321.916355204
 20
15.8474776891
 11
322.5031962026
 21
13.5001136946
  0
LINE
  5
369
100
AcDbEntity
  8
0
100
AcDbLine
 62
2
  6
CONTINUOUS
 10
278.4996416145
 20
13.5001136946
 11
278.9135452203
 21
15.8474776891
  0
LINE
  5
36A
100
AcDbEntity
  8
0
100
AcDbLine
 62
2
  6
CONTINUOUS
 10
280.358576643
 20
15.0091334053
 11
280.0924957536
 21
13.5001136946
  0
LINE
  5
36B
100
AcDbEntity
  8
0
100
AcDbLine
 62
2
  6
CONTINUOUS
 10
283.0068546062
 20
14.3384579783
 11
283.2729354956
 21
15.8474776891
  0
LINE
  5
36C
100
AcDbEntity
  8
0
100
AcDbLine
 62
2
  6
CONTINUOUS
 10
284.8657896347
 20
15.8474776891
 11
284.4518860289
 21
13.5001136946
  0
LINE
  5
36D
100
AcDbEntity
  8
0
100
AcDbLine
 62
2
  6
CONTINUOUS
 10
285.7094024545
 20
13.5001136946
 11
286.1233060603
 21
15.8474776891
  0
LINE
  5
36E
100
AcDbEntity
  8
0
100
AcDbLine
 62
2
  6
CONTINUOUS
 10
287.5436321412
 20
15.3444711188
 11
287.469720783
 21
14.925298977
  0
LINE
  5
36F
100
AcDbEntity
  8
0
100
AcDbLine
 62
2
  6
CONTINUOUS
 10
287.3810271532
 20
14.4222924067
 11
287.307115795
 21
14.0031202649
  0
LINE
  5
370
100
AcDbEntity
  8
0
100
AcDbLine
 62
2
  6
CONTINUOUS
 10
289.6494159207
 20
14.925298977
 11
289.5607222909
 21
14.4222924067
  0
LINE
  5
371
100
AcDbEntity
  8
0
100
AcDbLine
 62
2
  6
CONTINUOUS
 10
290.3150274789
 20
15.8474776891
 11
290.2263338491
 21
15.3444711188
  0
LINE
  5
372
100
AcDbEntity
  8
0
100
AcDbLine
 62
2
  6
CONTINUOUS
 10
289.989817503
 20
14.0031202649
 11
289.9011238732
 21
13.5001136946
  0
LINE
  5
373
100
AcDbEntity
  8
0
100
AcDbLine
 62
2
  6
CONTINUOUS
 10
290.883552283
 20
14.3172553798
 11
291.1533717626
 21
15.8474776891
  0
LINE
  5
374
100
AcDbEntity
  8
0
100
AcDbLine
 62
2
  6
CONTINUOUS
 10
292.6623914733
 20
15.8474776891
 11
292.4165656935
 21
14.4533304131
  0
LINE
  5
375
100
AcDbEntity
  8
0
100
AcDbLine
 62
2
  6
CONTINUOUS
 10
294.2469614385
 20
14.3741497955
 11
294.5067488975
 21
15.8474776891
  0
LINE
  5
376
100
AcDbEntity
  8
0
100
AcDbLine
 62
2
  6
CONTINUOUS
 10
296.0157686082
 20
15.8474776891
 11
295.7191821908
 21
14.1654525318
  0
LINE
  5
377
100
AcDbEntity
  8
0
100
AcDbLine
 62
2
  6
CONTINUOUS
 10
296.4991337054
 20
15.2606366904
 11
296.6026096069
 21
15.8474776891
  0
LINE
  5
378
100
AcDbEntity
  8
0
100
AcDbLine
 62
2
  6
CONTINUOUS
 10
297.3623879983
 20
13.5001136946
 11
297.6728157026
 21
15.2606366904
  0
LINE
  5
379
100
AcDbEntity
  8
0
100
AcDbLine
 62
2
  6
CONTINUOUS
 10
299.3495042701
 20
15.2606366904
 11
299.0390765658
 21
13.5001136946
  0
LINE
  5
37A
100
AcDbEntity
  8
0
100
AcDbLine
 62
2
  6
CONTINUOUS
 10
300.6266621687
 20
15.8474776891
 11
300.5231862673
 21
15.2606366904
  0
LINE
  5
37B
100
AcDbEntity
  8
0
100
AcDbLine
 62
2
  6
CONTINUOUS
 10
301.2135031673
 20
15.8474776891
 11
300.7995995616
 21
13.5001136946
  0
LINE
  5
37C
100
AcDbEntity
  8
0
100
AcDbLine
 62
2
  6
CONTINUOUS
 10
302.476288129
 20
13.5001136946
 11
302.6241108454
 21
14.3384579783
  0
LINE
  5
37D
100
AcDbEntity
  8
0
100
AcDbLine
 62
2
  6
CONTINUOUS
 10
302.7128044752
 20
14.8414645486
 11
302.8162803766
 21
15.4283055472
  0
LINE
  5
37E
100
AcDbEntity
  8
0
100
AcDbLine
 62
2
  6
CONTINUOUS
 10
306.5003406909
 20
13.5001136946
 11
306.9142442967
 21
15.8474776891
  0
LINE
  5
37F
100
AcDbEntity
  8
0
100
AcDbLine
 62
2
  6
CONTINUOUS
 10
308.5909328641
 20
15.8474776891
 11
308.1770292584
 21
13.5001136946
  0
LINE
  5
380
100
AcDbEntity
  8
0
100
AcDbLine
 62
2
  6
CONTINUOUS
 10
309.5183801123
 20
13.5001136946
 11
309.9322837181
 21
15.8474776891
  0
LINE
  5
381
100
AcDbEntity
  8
0
100
AcDbLine
 62
2
  6
CONTINUOUS
 10
311.6089722855
 20
15.8474776891
 11
311.4168027543
 21
14.7576301202
  0
LINE
  5
382
100
AcDbEntity
  8
0
100
AcDbLine
 62
2
  6
CONTINUOUS
 10
311.3576736678
 20
14.4222924067
 11
311.1950686798
 21
13.5001136946
  0
LINE
  5
383
100
AcDbEntity
  8
DEFAULT_1
100
AcDbLine
 62
2
  6
CENTER
 10
345.4250686507
 20
148.6264371197
 11
345.4250686507
 21
138.2264371197
  0
LINE
  5
384
100
AcDbEntity
  8
0
100
AcDbLine
 62
2
  6
CONTINUOUS
 10
323.1969846191
 20
13.9985227388
 11
323.4452488559
 21
15.4064991917
  0
LINE
  5
385
100
AcDbEntity
  8
0
100
AcDbLine
 62
2
  6
CONTINUOUS
 10
324.7683933679
 20
14.3197731352
 11
324.9243496512
 21
15.2042451694
  0
LINE
  5
386
100
AcDbEntity
  8
0
100
AcDbLine
 62
2
  6
CONTINUOUS
 10
325.8608514835
 20
14.348381331
 11
325.8991566285
 21
14.5656206037
  0
LINE
  5
387
100
AcDbEntity
  8
0
100
AcDbLine
 62
2
  6
CONTINUOUS
 10
326.3171844669
 20
13.5001136946
 11
326.3220663248
 21
13.5278000867
  0
LINE
  5
388
100
AcDbEntity
  8
0
100
AcDbLine
 62
2
  6
CONTINUOUS
 10
326.4476982657
 20
14.2402942294
 11
326.466756938
 21
14.348381331
  0
LINE
  5
389
100
AcDbEntity
  8
0
100
AcDbLine
 62
2
  6
CONTINUOUS
 10
327.8319481032
 20
13.5001136946
 11
328.0198257194
 21
14.5656206037
  0
LINE
  5
38A
100
AcDbEntity
  8
0
100
AcDbLine
 62
2
  6
CONTINUOUS
 10
328.1337840549
 20
15.2119104396
 11
328.1588094764
 21
15.3538366577
  0
LINE
  5
38B
100
AcDbEntity
  8
0
100
AcDbLine
 62
7
  6
CONTINUOUS
 10
410.0
 20
287.0
 11
12.5
 21
287.0
  0
LINE
  5
38C
100
AcDbEntity
  8
0
100
AcDbLine
 62
7
  6
CONTINUOUS
 10
0.0
 20
297.0
 11
420.0
 21
297.0
  0
LINE
  5
38D
100
AcDbEntity
  8
DEFAULT_1
100
AcDbLine
 62
2
  6
CENTER
 10
364.4250686507
 20
193.0264371197
 11
364.4250686507
 21
173.8743332389
  0
LINE
  5
38E
100
AcDbEntity
  8
DEFAULT_1
100
AcDbLine
 62
2
  6
CENTER
 10
364.4250686507
 20
165.0421417177
 11
364.4250686507
 21
141.8264371197
  0
LINE
  5
38F
100
AcDbEntity
  8
DEFAULT_1
100
AcDbLine
 62
2
  6
CENTER
 10
383.4250686507
 20
196.6264371197
 11
383.4250686507
 21
186.2264371197
  0
LINE
  5
390
100
AcDbEntity
  8
0
100
AcDbLine
 62
2
  6
CONTINUOUS
 10
317.197674182
 20
13.5001136946
 11
318.9581971778
 21
15.8474776891
  0
LINE
  5
391
100
AcDbEntity
  8
0
100
AcDbLine
 62
2
  6
CONTINUOUS
 10
318.8325105456
 20
13.5001136946
 11
319.1836632433
 21
13.9683172915
  0
LINE
  5
392
100
AcDbEntity
  8
0
100
AcDbLine
 62
2
  6
CONTINUOUS
 10
319.4566574654
 20
14.3323095877
 11
320.4460628519
 21
15.6515167696
  0
LINE
  5
393
100
AcDbEntity
  8
0
100
AcDbLine
 62
2
  6
CONTINUOUS
 10
311.4168027543
 20
14.7576301202
 11
313.3523118271
 21
15.8474776891
  0
LINE
  5
394
100
AcDbEntity
  8
0
100
AcDbLine
 62
2
  6
CONTINUOUS
 10
315.4653559907
 20
15.8474776891
 11
313.1601422959
 21
14.7576301202
  0
LINE
  5
395
100
AcDbEntity
  8
0
100
AcDbLine
 62
7
  6
CONTINUOUS
 10
410.0
 20
10.0
 11
410.0
 21
287.0
  0
LINE
  5
396
100
AcDbEntity
  8
0
100
AcDbLine
 62
7
  6
CONTINUOUS
 10
420.0
 20
0.0
 11
420.0
 21
297.0
  0
LINE
  5
397
100
AcDbEntity
  8
RUNDUNGEN
100
AcDbLine
 62
7
  6
CONTINUOUS
 10
53.8509092963
 20
136.0132810669
 11
53.566079847
 21
135.571989171
  0
LINE
  5
398
100
AcDbEntity
  8
RUNDUNGEN
100
AcDbLine
 62
7
  6
CONTINUOUS
 10
51.8149396016
 20
131.9608126704
 11
52.1446942158
 21
132.3026988873
  0
LINE
  5
399
100
AcDbEntity
  8
RUNDUNGEN
100
AcDbLine
 62
7
  6
CONTINUOUS
 10
54.4800758248
 20
134.6211275557
 11
54.1503212107
 21
134.2792413388
  0
LINE
  5
39A
100
AcDbEntity
  8
RUNDUNGEN
100
AcDbLine
 62
7
  6
CONTINUOUS
 10
50.3751967594
 20
132.5498387409
 11
50.8164886554
 21
132.8460929429
  0
LINE
  5
39B
100
AcDbEntity
  8
RUNDUNGEN
100
AcDbLine
 62
7
  6
CONTINUOUS
 10
55.9198186671
 20
134.0321014852
 11
55.4785267711
 21
133.7358472832
  0
LINE
  5
39C
100
AcDbEntity
  8
RUNDUNGEN
100
AcDbLine
 62
9
  6
CONTINUOUS
 10
50.1782352088
 20
134.1643284478
 11
51.66776042
 21
134.7737214285
  0
LINE
  5
39D
100
AcDbEntity
  8
RUNDUNGEN
100
AcDbLine
 62
9
  6
CONTINUOUS
 10
50.3751967594
 20
134.0321014852
 11
51.8149396016
 21
134.6211275557
  0
LINE
  5
39E
100
AcDbEntity
  8
AUSFORMSCHRAEGEN
100
AcDbLine
 62
7
  6
CONTINUOUS
 10
52.1446942158
 20
134.2792413388
 11
50.8164886554
 21
133.7358472832
  0
LINE
  5
39F
100
AcDbEntity
  8
RUNDUNGEN
100
AcDbLine
 62
9
  6
CONTINUOUS
 10
51.66776042
 20
134.7737214285
 11
52.3169783708
 21
136.2102426175
  0
LINE
  5
3A0
100
AcDbEntity
  8
RUNDUNGEN
100
AcDbLine
 62
9
  6
CONTINUOUS
 10
51.8149396016
 20
134.6211275557
 11
52.4441061302
 21
136.0132810669
  0
LINE
  5
3A1
100
AcDbEntity
  8
AUSFORMSCHRAEGEN
100
AcDbLine
 62
7
  6
CONTINUOUS
 10
52.7289355794
 20
135.571989171
 11
52.1446942158
 21
134.2792413388
  0
LINE
  5
3A2
100
AcDbEntity
  8
AUSFORMSCHRAEGEN
100
AcDbLine
 62
7
  6
CONTINUOUS
 10
53.566079847
 20
131.0099510552
 11
54.1503212107
 21
132.3026988873
  0
LINE
  5
3A3
100
AcDbEntity
  8
RUNDUNGEN
100
AcDbLine
 62
7
  6
CONTINUOUS
 10
52.4441061302
 20
130.5686591592
 11
52.7289355794
 21
131.0099510552
  0
LINE
  5
3A4
100
AcDbEntity
  8
AUSFORMSCHRAEGEN
100
AcDbLine
 62
7
  6
CONTINUOUS
 10
54.1503212107
 20
132.3026988873
 11
55.4785267711
 21
132.8460929429
  0
LINE
  5
3A5
100
AcDbEntity
  8
RUNDUNGEN
100
AcDbLine
 62
9
  6
CONTINUOUS
 10
55.9198186671
 20
132.5498387409
 11
54.4800758248
 21
131.9608126704
  0
LINE
  5
3A6
100
AcDbEntity
  8
RUNDUNGEN
100
AcDbLine
 62
9
  6
CONTINUOUS
 10
56.1167802177
 20
132.4176117784
 11
54.6272550065
 21
131.8082187977
  0
LINE
  5
3A7
100
AcDbEntity
  8
RUNDUNGEN
100
AcDbLine
 62
9
  6
CONTINUOUS
 10
91.9780370557
 20
82.3716976086
 11
90.3169783708
 21
82.3716976086
  0
LINE
  5
3A8
100
AcDbEntity
  8
RUNDUNGEN
100
AcDbLine
 62
9
  6
CONTINUOUS
 10
91.8509092963
 20
82.5686591592
 11
90.4441061302
 21
82.5686591592
  0
LINE
  5
3A9
100
AcDbEntity
  8
AUSFORMSCHRAEGEN
100
AcDbLine
 62
7
  6
CONTINUOUS
 10
90.7289355794
 20
83.0099510552
 11
91.566079847
 21
83.0099510552
  0
LINE
  5
3AA
100
AcDbEntity
  8
RUNDUNGEN
100
AcDbLine
 62
9
  6
CONTINUOUS
 10
54.4800758248
 20
131.9608126704
 11
53.8509092963
 21
130.5686591592
  0
LINE
  5
3AB
100
AcDbEntity
  8
RUNDUNGEN
100
AcDbLine
 62
9
  6
CONTINUOUS
 10
54.6272550065
 20
131.8082187977
 11
53.9780370557
 21
130.3716976086
  0
LINE
  5
3AC
100
AcDbEntity
  8
0
100
AcDbLine
 62
7
  6
CONTINUOUS
 10
66.8981327132
 20
135.0196716939
 11
66.7147576258
 21
134.8664802228
  0
LINE
  5
3AD
100
AcDbEntity
  8
0
100
AcDbLine
 62
7
  6
CONTINUOUS
 10
66.8064453007
 20
134.4069058095
 11
67.1731952132
 21
134.6366930161
  0
LINE
  5
3AE
100
AcDbEntity
  8
RUNDUNGEN
100
AcDbLine
 62
9
  6
CONTINUOUS
 10
60.8696746043
 20
128.6845002719
 11
60.0037811003
 21
128.1845764243
  0
LINE
  5
3AF
100
AcDbEntity
  8
0
100
AcDbLine
 62
7
  6
CONTINUOUS
 10
73.2245702132
 20
135.6324377928
 11
73.4996327132
 21
135.7856292639
  0
LINE
  5
3B0
100
AcDbEntity
  8
0
100
AcDbLine
 62
7
  6
CONTINUOUS
 10
70.7490077132
 20
133.41116114
 11
70.4739452132
 21
133.2579696153
  0
LINE
  5
3B1
100
AcDbEntity
  8
0
100
AcDbLine
 62
7
  6
CONTINUOUS
 10
73.407945563
 20
136.2452036772
 11
73.0411948635
 21
136.0920122061
  0
LINE
  5
3B2
100
AcDbEntity
  8
0
100
AcDbLine
 62
7
  6
CONTINUOUS
 10
70.5656328881
 20
132.798395155
 11
70.9323825384
 21
132.9515866463
  0
LINE
  5
3B3
100
AcDbEntity
  8
BEZUGSACHSEN
100
AcDbLine
 62
7
  6
CENTER
 10
91.1475077132
 20
85.2909701131
 11
84.5326362887
 21
85.2909701131
  0
LINE
  5
3B4
100
AcDbEntity
  8
BEZUGSACHSEN
100
AcDbLine
 62
7
  6
CENTER
 10
91.1475077132
 20
85.2909701131
 11
97.7623791378
 21
85.2909701131
  0
LINE
  5
3B5
100
AcDbEntity
  8
RUNDUNGEN
100
AcDbLine
 62
9
  6
CONTINUOUS
 10
50.1782352088
 20
132.4176117784
 11
50.1782352088
 21
134.1643284478
  0
LINE
  5
3B6
100
AcDbEntity
  8
RUNDUNGEN
100
AcDbLine
 62
9
  6
CONTINUOUS
 10
50.3751967594
 20
132.5498387409
 11
50.3751967594
 21
134.0321014852
  0
LINE
  5
3B7
100
AcDbEntity
  8
AUSFORMSCHRAEGEN
100
AcDbLine
 62
7
  6
CONTINUOUS
 10
50.8164886554
 20
133.7358472832
 11
50.8164886554
 21
132.8460929429
  0
LINE
  5
3B8
100
AcDbEntity
  8
BEZUGSACHSEN
100
AcDbLine
 62
7
  6
CENTER
 10
53.1475077132
 20
133.2909701131
 11
53.1475077132
 21
126.4006133301
  0
LINE
  5
3B9
100
AcDbEntity
  8
BEZUGSACHSEN
100
AcDbLine
 62
7
  6
CENTER
 10
53.1475077132
 20
133.2909701131
 11
53.1475077132
 21
140.1813268961
  0
LINE
  5
3BA
100
AcDbEntity
  8
0
100
AcDbLine
 62
7
  6
CONTINUOUS
 10
67.1731952132
 20
134.6366930161
 11
67.4482577132
 21
134.9430759583
  0
LINE
  5
3BB
100
AcDbEntity
  8
0
100
AcDbLine
 62
7
  6
CONTINUOUS
 10
73.0411948635
 20
136.0920122061
 11
72.6744452132
 21
135.7856292639
  0
LINE
  5
3BC
100
AcDbEntity
  8
0
100
AcDbLine
 62
7
  6
CONTINUOUS
 10
70.9323825384
 20
132.9515866463
 11
71.2991327132
 21
133.2579696153
  0
LINE
  5
3BD
100
AcDbEntity
  8
RUNDUNGEN
100
AcDbLine
 62
9
  6
CONTINUOUS
 10
61.9307123135
 20
126.8467290508
 11
61.0648188095
 21
126.3468052033
  0
LINE
  5
3BE
100
AcDbEntity
  8
0
100
AcDbLine
 62
7
  6
CONTINUOUS
 10
74.9666323635
 20
133.41116114
 11
74.6915698635
 21
133.2579696153
  0
LINE
  5
3BF
100
AcDbEntity
  8
0
100
AcDbLine
 62
7
  6
CONTINUOUS
 10
74.783258063
 20
132.798395155
 11
75.1500077132
 21
132.9515866463
  0
LINE
  5
3C0
100
AcDbEntity
  8
AUSFORMSCHRAEGEN
100
AcDbLine
 62
7
  6
CONTINUOUS
 10
91.566079847
 20
87.571989171
 11
90.7289355794
 21
87.571989171
  0
LINE
  5
3C1
100
AcDbEntity
  8
RUNDUNGEN
100
AcDbLine
 62
9
  6
CONTINUOUS
 10
90.4441061302
 20
88.0132810669
 11
91.8509092963
 21
88.0132810669
  0
LINE
  5
3C2
100
AcDbEntity
  8
RUNDUNGEN
100
AcDbLine
 62
9
  6
CONTINUOUS
 10
90.3169783708
 20
88.2102426175
 11
91.9780370557
 21
88.2102426175
  0
LINE
  5
3C3
100
AcDbEntity
  8
0
100
AcDbLine
 62
7
  6
CONTINUOUS
 10
55.2269684924
 20
107.2909701131
 11
55.2269684924
 21
111.2909701131
  0
LINE
  5
3C4
100
AcDbEntity
  8
0
100
AcDbLine
 62
7
  6
CONTINUOUS
 10
55.3575077132
 20
107.2909701131
 11
55.3575077132
 21
102.7463029406
  0
LINE
  5
3C5
100
AcDbEntity
  8
AUSFORMSCHRAEGEN
100
AcDbLine
 62
7
  6
CONTINUOUS
 10
55.4785267711
 20
132.8460929429
 11
55.4785267711
 21
133.7358472832
  0
LINE
  5
3C6
100
AcDbEntity
  8
0
100
AcDbLine
 62
7
  6
CONTINUOUS
 10
55.8269684924
 20
107.2909701131
 11
55.8269684924
 21
103.2008861249
  0
LINE
  5
3C7
100
AcDbEntity
  8
RUNDUNGEN
100
AcDbLine
 62
9
  6
CONTINUOUS
 10
55.9198186671
 20
134.0321014852
 11
55.9198186671
 21
132.5498387409
  0
LINE
  5
3C8
100
AcDbEntity
  8
RUNDUNGEN
100
AcDbLine
 62
9
  6
CONTINUOUS
 10
56.1167802177
 20
134.1643284478
 11
56.1167802177
 21
132.4176117784
  0
LINE
  5
3C9
100
AcDbEntity
  8
0
100
AcDbLine
 62
3
  6
CONTINUOUS
 10
56.3269684924
 20
107.2909701131
 11
56.3269684924
 21
103.2008861249
  0
LINE
  5
3CA
100
AcDbEntity
  8
0
100
AcDbLine
 62
9
  6
CONTINUOUS
 10
56.3506678728
 20
111.2909701131
 11
56.3506678728
 21
107.2909701131
  0
LINE
  5
3CB
100
AcDbEntity
  8
0
100
AcDbLine
 62
7
  6
CONTINUOUS
 10
56.4475077132
 20
103.3244300772
 11
56.4475077132
 21
107.2909701131
  0
LINE
  5
3CC
100
AcDbEntity
  8
0
100
AcDbLine
 62
7
  6
CONTINUOUS
 10
56.4475077132
 20
111.2909701131
 11
56.4475077132
 21
113.2847152226
  0
LINE
  5
3CD
100
AcDbEntity
  8
0
100
AcDbLine
 62
7
  6
CONTINUOUS
 10
70.9323825384
 20
133.6409483467
 11
70.7490077132
 21
133.41116114
  0
LINE
  5
3CE
100
AcDbEntity
  8
0
100
AcDbLine
 62
7
  6
CONTINUOUS
 10
75.1500077132
 20
132.9515866463
 11
75.5167573635
 21
133.2579696153
  0
LINE
  5
3CF
100
AcDbEntity
  8
0
100
AcDbLine
 62
9
  6
CONTINUOUS
 10
63.6424448445
 20
122.7629519182
 11
62.0059296378
 21
121.5783124741
  0
LINE
  5
3D0
100
AcDbEntity
  8
RUNDUNGEN
100
AcDbLine
 62
9
  6
CONTINUOUS
 10
89.66776042
 20
83.8082187977
 11
88.1782352088
 21
84.4176117784
  0
LINE
  5
3D1
100
AcDbEntity
  8
RUNDUNGEN
100
AcDbLine
 62
9
  6
CONTINUOUS
 10
89.8149396016
 20
83.9608126704
 11
88.3751967594
 21
84.5498387409
  0
LINE
  5
3D2
100
AcDbEntity
  8
AUSFORMSCHRAEGEN
100
AcDbLine
 62
7
  6
CONTINUOUS
 10
88.8164886554
 20
84.8460929429
 11
90.1446942158
 21
84.3026988873
  0
LINE
  5
3D3
100
AcDbEntity
  8
0
100
AcDbLine
 62
7
  6
CONTINUOUS
 10
55.3575077132
 20
102.7463029406
 11
55.9042485266
 21
102.0571235077
  0
LINE
  5
3D4
100
AcDbEntity
  8
FASEN
100
AcDbLine
 62
7
  6
CONTINUOUS
 10
55.9044146803
 20
102.0572533212
 11
61.1921310847
 21
95.2892849559
  0
LINE
  5
3D5
100
AcDbEntity
  8
FASEN
100
AcDbLine
 62
7
  6
CONTINUOUS
 10
56.1318937906
 20
102.2349794805
 11
61.2418840358
 21
95.6944902255
  0
LINE
  5
3D6
100
AcDbEntity
  8
RUNDUNGEN
100
AcDbLine
 62
7
  6
CONTINUOUS
 10
61.2708103629
 20
95.8198931398
 11
56.081355588
 21
102.4620923545
  0
LINE
  5
3D7
100
AcDbEntity
  8
RUNDUNGEN
100
AcDbLine
 62
3
  6
CONTINUOUS
 10
56.4753609649
 20
102.7699230922
 11
61.6648157397
 21
96.1277238775
  0
LINE
  5
3D8
100
AcDbEntity
  8
FASEN
100
AcDbLine
 62
7
  6
CONTINUOUS
 10
61.8923798756
 20
95.8363792712
 11
61.6648260601
 21
96.127731938
  0
LINE
  5
3D9
100
AcDbEntity
  8
0
100
AcDbLine
 62
7
  6
CONTINUOUS
 10
57.3569684924
 20
112.5177650323
 11
57.3569684924
 21
106.0641751938
  0
LINE
  5
3DA
100
AcDbEntity
  8
0
100
AcDbLine
 62
9
  6
CONTINUOUS
 10
58.5569684924
 20
112.6909701131
 11
58.5569684924
 21
105.8909701131
  0
LINE
  5
3DB
100
AcDbEntity
  8
0
100
AcDbLine
 62
7
  6
CONTINUOUS
 10
59.1269684924
 20
113.2909701131
 11
59.1269684924
 21
112.6909701131
  0
LINE
  5
3DC
100
AcDbEntity
  8
0
100
AcDbLine
 62
9
  6
CONTINUOUS
 10
59.1269684924
 20
112.6909701131
 11
59.1269684924
 21
109.8909701131
  0
LINE
  5
3DD
100
AcDbEntity
  8
0
100
AcDbLine
 62
9
  6
CONTINUOUS
 10
59.1269684924
 20
108.6909701131
 11
59.1269684924
 21
105.8909701131
  0
LINE
  5
3DE
100
AcDbEntity
  8
0
100
AcDbLine
 62
7
  6
CONTINUOUS
 10
59.1269684924
 20
105.8909701131
 11
59.1269684924
 21
105.2909701131
  0
LINE
  5
3DF
100
AcDbEntity
  8
0
100
AcDbLine
 62
7
  6
CONTINUOUS
 10
59.1269684924
 20
108.6909701131
 11
59.1269684924
 21
109.8909701131
  0
LINE
  5
3E0
100
AcDbEntity
  8
0
100
AcDbLine
 62
7
  6
CONTINUOUS
 10
59.7066707898
 20
113.2318070365
 11
59.7066707898
 21
112.6909701131
  0
LINE
  5
3E1
100
AcDbEntity
  8
0
100
AcDbLine
 62
7
  6
CONTINUOUS
 10
59.7066707898
 20
109.8909701131
 11
59.7066707898
 21
108.6909701131
  0
LINE
  5
3E2
100
AcDbEntity
  8
0
100
AcDbLine
 62
7
  6
CONTINUOUS
 10
59.7066707898
 20
105.8909701131
 11
59.7066707898
 21
105.3501331897
  0
LINE
  5
3E3
100
AcDbEntity
  8
0
100
AcDbLine
 62
3
  6
CONTINUOUS
 10
59.7475077132
 20
97.7696316195
 11
59.7475077132
 21
97.607204695
  0
LINE
  5
3E4
100
AcDbEntity
  8
RUNDUNGEN
100
AcDbLine
 62
9
  6
CONTINUOUS
 10
59.8475077132
 20
101.6909701131
 11
59.8475077132
 21
103.5364473862
  0
LINE
  5
3E5
100
AcDbEntity
  8
RUNDUNGEN
100
AcDbLine
 62
9
  6
CONTINUOUS
 10
59.8475077132
 20
104.84549284
 11
59.8475077132
 21
105.2909701131
  0
LINE
  5
3E6
100
AcDbEntity
  8
RUNDUNGEN
100
AcDbLine
 62
9
  6
CONTINUOUS
 10
59.8475077132
 20
113.2909701131
 11
59.8475077132
 21
113.7364473862
  0
LINE
  5
3E7
100
AcDbEntity
  8
RUNDUNGEN
100
AcDbLine
 62
9
  6
CONTINUOUS
 10
59.8475077132
 20
115.04549284
 11
59.8475077132
 21
116.0109701131
  0
LINE
  5
3E8
100
AcDbEntity
  8
AUSFORMSCHRAEGEN
100
AcDbLine
 62
7
  6
CONTINUOUS
 10
59.8569684924
 20
113.0815093339
 11
59.8569684924
 21
112.6909701131
  0
LINE
  5
3E9
100
AcDbEntity
  8
AUSFORMSCHRAEGEN
100
AcDbLine
 62
7
  6
CONTINUOUS
 10
59.8569684924
 20
109.8909701131
 11
59.8569684924
 21
108.6909701131
  0
LINE
  5
3EA
100
AcDbEntity
  8
AUSFORMSCHRAEGEN
100
AcDbLine
 62
7
  6
CONTINUOUS
 10
59.8569684924
 20
105.8909701131
 11
59.8569684924
 21
105.5004308922
  0
LINE
  5
3EB
100
AcDbEntity
  8
RUNDUNGEN
100
AcDbLine
 62
7
  6
CONTINUOUS
 10
60.2475077132
 20
102.0909701131
 11
60.2475077132
 21
103.4558510751
  0
LINE
  5
3EC
100
AcDbEntity
  8
RUNDUNGEN
100
AcDbLine
 62
7
  6
CONTINUOUS
 10
60.2475077132
 20
104.9260891511
 11
60.2475077132
 21
105.5004308922
  0
LINE
  5
3ED
100
AcDbEntity
  8
AUSFORMSCHRAEGEN
100
AcDbLine
 62
7
  6
CONTINUOUS
 10
60.2475077132
 20
105.5004308922
 11
60.2475077132
 21
105.8909701131
  0
LINE
  5
3EE
100
AcDbEntity
  8
AUSFORMSCHRAEGEN
100
AcDbLine
 62
7
  6
CONTINUOUS
 10
60.2475077132
 20
108.6909701131
 11
60.2475077132
 21
109.8909701131
  0
LINE
  5
3EF
100
AcDbEntity
  8
AUSFORMSCHRAEGEN
100
AcDbLine
 62
7
  6
CONTINUOUS
 10
60.2475077132
 20
112.6909701131
 11
60.2475077132
 21
113.0815093339
  0
LINE
  5
3F0
100
AcDbEntity
  8
RUNDUNGEN
100
AcDbLine
 62
7
  6
CONTINUOUS
 10
60.2475077132
 20
113.0815093339
 11
60.2475077132
 21
113.6558510751
  0
LINE
  5
3F1
100
AcDbEntity
  8
RUNDUNGEN
100
AcDbLine
 62
7
  6
CONTINUOUS
 10
60.2475077132
 20
115.1260891511
 11
60.2475077132
 21
115.6109701131
  0
LINE
  5
3F2
100
AcDbEntity
  8
0
100
AcDbLine
 62
9
  6
CONTINUOUS
 10
60.3000274664
 20
112.6909701131
 11
60.3000274664
 21
109.8909701131
  0
LINE
  5
3F3
100
AcDbEntity
  8
0
100
AcDbLine
 62
9
  6
CONTINUOUS
 10
60.3000274664
 20
108.6909701131
 11
60.3000274664
 21
105.8909701131
  0
LINE
  5
3F4
100
AcDbEntity
  8
0
100
AcDbLine
 62
7
  6
CONTINUOUS
 10
66.9898201258
 20
135.2494589005
 11
66.8981327132
 21
135.0196716939
  0
LINE
  5
3F5
100
AcDbEntity
  8
0
100
AcDbLine
 62
7
  6
CONTINUOUS
 10
67.4482577132
 20
134.9430759583
 11
67.5399451258
 21
135.172863165
  0
LINE
  5
3F6
100
AcDbEntity
  8
0
100
AcDbLine
 62
7
  6
CONTINUOUS
 10
57.4569684924
 20
112.6909701131
 11
56.8796182232
 21
111.6909701131
  0
LINE
  5
3F7
100
AcDbEntity
  8
0
100
AcDbLine
 62
7
  6
CONTINUOUS
 10
71.2991327132
 20
133.2579696153
 11
71.4825075384
 21
133.5643526111
  0
LINE
  5
3F8
100
AcDbEntity
  8
0
100
AcDbLine
 62
7
  6
CONTINUOUS
 10
75.1500077132
 20
133.6409483467
 11
74.9666323635
 21
133.41116114
  0
LINE
  5
3F9
100
AcDbEntity
  8
RUNDUNGEN
100
AcDbLine
 62
7
  6
CONTINUOUS
 10
76.2475077132
 20
95.9947516024
 11
68.0475077132
 21
95.9947516024
  0
LINE
  5
3FA
100
AcDbEntity
  8
0
100
AcDbLine
 62
7
  6
CONTINUOUS
 10
68.4475077132
 20
97.0909701131
 11
75.8475077132
 21
97.0909701131
  0
LINE
  5
3FB
100
AcDbEntity
  8
AUSFORMSCHRAEGEN
100
AcDbLine
 62
7
  6
CONTINUOUS
 10
93.4785267711
 20
85.7358472832
 11
92.1503212107
 21
86.2792413388
  0
LINE
  5
3FC
100
AcDbEntity
  8
RUNDUNGEN
100
AcDbLine
 62
9
  6
CONTINUOUS
 10
92.4800758248
 20
86.6211275557
 11
93.9198186671
 21
86.0321014852
  0
LINE
  5
3FD
100
AcDbEntity
  8
RUNDUNGEN
100
AcDbLine
 62
9
  6
CONTINUOUS
 10
92.6272550065
 20
86.7737214285
 11
94.1167802177
 21
86.1643284478
  0
LINE
  5
3FE
100
AcDbEntity
  8
0
100
AcDbLine
 62
7
  6
CONTINUOUS
 10
56.8796182232
 20
106.8909701131
 11
57.4569684924
 21
105.8909701131
  0
LINE
  5
3FF
100
AcDbEntity
  8
0
100
AcDbLine
 62
9
  6
CONTINUOUS
 10
61.6147142177
 20
112.6909701131
 11
61.6147142177
 21
109.8909701131
  0
LINE
  5
400
100
AcDbEntity
  8
0
100
AcDbLine
 62
9
  6
CONTINUOUS
 10
61.6147142177
 20
108.6909701131
 11
61.6147142177
 21
105.8909701131
  0
LINE
  5
401
100
AcDbEntity
  8
0
100
AcDbLine
 62
7
  6
CONTINUOUS
 10
61.7269684924
 20
112.6909701131
 11
61.7269684924
 21
109.8909701131
  0
LINE
  5
402
100
AcDbEntity
  8
0
100
AcDbLine
 62
7
  6
CONTINUOUS
 10
61.7269684924
 20
108.6909701131
 11
61.7269684924
 21
105.8909701131
  0
LINE
  5
403
100
AcDbEntity
  8
0
100
AcDbLine
 62
7
  6
CONTINUOUS
 10
62.1475077132
 20
137.154196387
 11
62.1475077132
 21
135.5217994128
  0
LINE
  5
404
100
AcDbEntity
  8
0
100
AcDbLine
 62
7
  6
CONTINUOUS
 10
62.9475077132
 20
135.5218266295
 11
62.9475077132
 21
137.154196387
  0
LINE
  5
405
100
AcDbEntity
  8
0
100
AcDbLine
 62
7
  6
CONTINUOUS
 10
63.2475077132
 20
108.0909701131
 11
63.2475077132
 21
102.0909701131
  0
LINE
  5
406
100
AcDbEntity
  8
0
100
AcDbLine
 62
7
  6
CONTINUOUS
 10
64.1475077132
 20
136.3217994128
 11
64.1475077132
 21
132.7217994128
  0
LINE
  5
407
100
AcDbEntity
  8
FASEN
100
AcDbLine
 62
7
  6
CONTINUOUS
 10
61.1921368636
 20
95.2892894709
 11
61.2418840358
 21
95.6944902255
  0
LINE
  5
408
100
AcDbEntity
  8
0
100
AcDbLine
 62
7
  6
CONTINUOUS
 10
71.0240702132
 20
133.9473312889
 11
70.9323825384
 21
133.6409483467
  0
LINE
  5
409
100
AcDbEntity
  8
0
100
AcDbLine
 62
7
  6
CONTINUOUS
 10
73.132883063
 20
135.4026503716
 11
73.2245702132
 21
135.6324377928
  0
LINE
  5
40A
100
AcDbEntity
  8
0
100
AcDbLine
 62
3
  6
CONTINUOUS
 10
64.7475077132
 20
115.4989491252
 11
64.6475077132
 21
115.2992591229
  0
LINE
  5
40B
100
AcDbEntity
  8
0
100
AcDbLine
 62
7
  6
CONTINUOUS
 10
75.5167573635
 20
133.2579696153
 11
75.7001327132
 21
133.5643526111
  0
LINE
  5
40C
100
AcDbEntity
  8
0
100
AcDbLine
 62
9
  6
CONTINUOUS
 10
59.2456230017
 20
98.4120147563
 11
59.1187211802
 21
98.4120147563
  0
LINE
  5
40D
100
AcDbEntity
  8
RUNDUNGEN
100
AcDbLine
 62
9
  6
CONTINUOUS
 10
79.1475077132
 20
98.4909701131
 11
76.2475077132
 21
98.4909701131
  0
LINE
  5
40E
100
AcDbEntity
  8
RUNDUNGEN
100
AcDbLine
 62
9
  6
CONTINUOUS
 10
68.0475077132
 20
98.4909701131
 11
65.1475077132
 21
98.4909701131
  0
LINE
  5
40F
100
AcDbEntity
  8
0
100
AcDbLine
 62
3
  6
CONTINUOUS
 10
58.9331087511
 20
98.8120147563
 11
58.8062069296
 21
98.8120147563
  0
LINE
  5
410
100
AcDbEntity
  8
RUNDUNGEN
100
AcDbLine
 62
7
  6
CONTINUOUS
 10
78.7475077132
 20
98.8909701131
 11
75.8475077132
 21
98.8909701131
  0
LINE
  5
411
100
AcDbEntity
  8
RUNDUNGEN
100
AcDbLine
 62
7
  6
CONTINUOUS
 10
68.4475077132
 20
98.8909701131
 11
65.5475077132
 21
98.8909701131
  0
LINE
  5
412
100
AcDbEntity
  8
RUNDUNGEN
100
AcDbLine
 62
9
  6
CONTINUOUS
 10
84.4475077132
 20
101.6909701131
 11
79.1475077132
 21
101.6909701131
  0
LINE
  5
413
100
AcDbEntity
  8
RUNDUNGEN
100
AcDbLine
 62
9
  6
CONTINUOUS
 10
65.1475077132
 20
101.6909701131
 11
59.8475077132
 21
101.6909701131
  0
LINE
  5
414
100
AcDbEntity
  8
RUNDUNGEN
100
AcDbLine
 62
7
  6
CONTINUOUS
 10
88.3751967594
 20
86.0321014852
 11
88.8164886554
 21
85.7358472832
  0
LINE
  5
415
100
AcDbEntity
  8
RUNDUNGEN
100
AcDbLine
 62
7
  6
CONTINUOUS
 10
93.9198186671
 20
84.5498387409
 11
93.4785267711
 21
84.8460929429
  0
LINE
  5
416
100
AcDbEntity
  8
RUNDUNGEN
100
AcDbLine
 62
9
  6
CONTINUOUS
 10
52.3169783708
 20
130.3716976086
 11
51.66776042
 21
131.8082187977
  0
LINE
  5
417
100
AcDbEntity
  8
RUNDUNGEN
100
AcDbLine
 62
9
  6
CONTINUOUS
 10
52.4441061302
 20
130.5686591592
 11
51.8149396016
 21
131.9608126704
  0
LINE
  5
418
100
AcDbEntity
  8
AUSFORMSCHRAEGEN
100
AcDbLine
 62
7
  6
CONTINUOUS
 10
52.1446942158
 20
132.3026988873
 11
52.7289355794
 21
131.0099510552
  0
LINE
  5
419
100
AcDbEntity
  8
0
100
AcDbLine
 62
7
  6
CONTINUOUS
 10
64.6475077132
 20
115.6109701131
 11
64.6475077132
 21
108.0909701131
  0
LINE
  5
41A
100
AcDbEntity
  8
0
100
AcDbLine
 62
7
  6
CONTINUOUS
 10
64.6976327132
 20
132.7217994128
 11
64.6976327132
 21
134.3303100739
  0
LINE
  5
41B
100
AcDbEntity
  8
0
100
AcDbLine
 62
7
  6
CONTINUOUS
 10
64.6976327132
 20
134.7898844872
 11
64.6976327132
 21
135.938820735
  0
LINE
  5
41C
100
AcDbEntity
  8
0
100
AcDbLine
 62
7
  6
CONTINUOUS
 10
64.7475077132
 20
106.96772516
 11
64.7475077132
 21
115.6109701131
  0
LINE
  5
41D
100
AcDbEntity
  8
RUNDUNGEN
100
AcDbLine
 62
9
  6
CONTINUOUS
 10
65.1475077132
 20
98.4909701131
 11
65.1475077132
 21
101.6909701131
  0
LINE
  5
41E
100
AcDbEntity
  8
RUNDUNGEN
100
AcDbLine
 62
7
  6
CONTINUOUS
 10
65.5475077132
 20
98.8909701131
 11
65.5475077132
 21
102.0909701131
  0
LINE
  5
41F
100
AcDbEntity
  8
0
100
AcDbLine
 62
7
  6
CONTINUOUS
 10
65.5475077132
 20
106.96772516
 11
65.5475077132
 21
115.6109701131
  0
LINE
  5
420
100
AcDbEntity
  8
0
100
AcDbLine
 62
7
  6
CONTINUOUS
 10
65.6475077132
 20
115.6109701131
 11
65.6475077132
 21
108.0909701131
  0
LINE
  5
421
100
AcDbEntity
  8
0
100
AcDbLine
 62
7
  6
CONTINUOUS
 10
66.5475077132
 20
130.9796768518
 11
66.5475077132
 21
130.5714639706
  0
LINE
  5
422
100
AcDbEntity
  8
0
100
AcDbLine
 62
7
  6
CONTINUOUS
 10
66.5475077132
 20
124.3284958963
 11
66.5475077132
 21
124.4922858456
  0
LINE
  5
423
100
AcDbEntity
  8
RUNDUNGEN
100
AcDbLine
 62
7
  6
CONTINUOUS
 10
66.5475077132
 20
124.4922858456
 11
66.5475077132
 21
128.0292907138
  0
LINE
  5
424
100
AcDbEntity
  8
0
100
AcDbLine
 62
7
  6
CONTINUOUS
 10
66.6475077132
 20
115.6109701131
 11
66.6475077132
 21
108.0909701131
  0
LINE
  5
425
100
AcDbEntity
  8
0
100
AcDbLine
 62
7
  6
CONTINUOUS
 10
66.7475077132
 20
106.96772516
 11
66.7475077132
 21
115.6109701131
  0
LINE
  5
426
100
AcDbEntity
  8
0
100
AcDbLine
 62
7
  6
CONTINUOUS
 10
66.9898201258
 20
135.4792463217
 11
66.9898201258
 21
135.2494589005
  0
LINE
  5
427
100
AcDbEntity
  8
0
100
AcDbLine
 62
7
  6
CONTINUOUS
 10
67.5399451258
 20
135.172863165
 11
67.5399451258
 21
135.4792463217
  0
LINE
  5
428
100
AcDbEntity
  8
0
100
AcDbLine
 62
7
  6
CONTINUOUS
 10
67.5475077132
 20
106.96772516
 11
67.5475077132
 21
115.6109701131
  0
LINE
  5
429
100
AcDbEntity
  8
0
100
AcDbLine
 62
7
  6
CONTINUOUS
 10
67.6475077132
 20
115.6109701131
 11
67.6475077132
 21
108.0909701131
  0
LINE
  5
42A
100
AcDbEntity
  8
0
100
AcDbLine
 62
7
  6
CONTINUOUS
 10
71.4825075384
 20
133.5643526111
 11
71.5741952132
 21
133.9473312889
  0
LINE
  5
42B
100
AcDbEntity
  8
0
100
AcDbLine
 62
7
  6
CONTINUOUS
 10
72.6744452132
 20
135.7856292639
 11
72.5827575384
 21
135.4792463217
  0
LINE
  5
42C
100
AcDbEntity
  8
0
100
AcDbLine
 62
9
  6
CONTINUOUS
 10
79.6475077132
 20
140.8622956305
 11
79.3475077132
 21
140.1206757818
  0
LINE
  5
42D
100
AcDbEntity
  8
0
100
AcDbLine
 62
7
  6
CONTINUOUS
 10
59.7066707898
 20
105.3501331897
 11
59.8569684924
 21
105.5004308922
  0
LINE
  5
42E
100
AcDbEntity
  8
0
100
AcDbLine
 62
9
  6
CONTINUOUS
 10
56.081355588
 20
102.4620923545
 11
56.4753609649
 21
102.7699230922
  0
LINE
  5
42F
100
AcDbEntity
  8
0
100
AcDbLine
 62
7
  6
CONTINUOUS
 10
56.210694866
 20
102.296545628
 11
56.1318937906
 21
102.2349794805
  0
LINE
  5
430
100
AcDbEntity
  8
FASEN
100
AcDbLine
 62
7
  6
CONTINUOUS
 10
55.9044146803
 20
102.0572533212
 11
56.1318937906
 21
102.2349794805
  0
LINE
  5
431
100
AcDbEntity
  8
FASEN
100
AcDbLine
 62
7
  6
CONTINUOUS
 10
83.2770033035
 20
123.0623579083
 11
82.8599804161
 21
122.7365439205
  0
LINE
  5
432
100
AcDbEntity
  8
0
100
AcDbLine
 62
7
  6
CONTINUOUS
 10
81.5485694377
 20
121.7119573726
 11
82.8599804161
 21
122.7365439205
  0
LINE
  5
433
100
AcDbEntity
  8
RUNDUNGEN
100
AcDbLine
 62
7
  6
CONTINUOUS
 10
83.0242050636
 20
122.7620470863
 11
82.6301996868
 21
122.4542163487
  0
LINE
  5
434
100
AcDbEntity
  8
RUNDUNGEN
100
AcDbLine
 62
9
  6
CONTINUOUS
 10
83.3320358013
 20
122.3680417095
 11
82.9380304245
 21
122.0602109719
  0
LINE
  5
435
100
AcDbEntity
  8
0
100
AcDbLine
 62
7
  6
CONTINUOUS
 10
65.5475077132
 20
102.0809701131
 11
66.2975077132
 21
102.0809701131
  0
LINE
  5
436
100
AcDbEntity
  8
0
100
AcDbLine
 62
7
  6
CONTINUOUS
 10
70.3775077132
 20
102.0809701131
 11
71.3775077132
 21
102.0809701131
  0
LINE
  5
437
100
AcDbEntity
  8
0
100
AcDbLine
 62
7
  6
CONTINUOUS
 10
75.4575077132
 20
102.0809701131
 11
76.4575077132
 21
102.0809701131
  0
LINE
  5
438
100
AcDbEntity
  8
RUNDUNGEN
100
AcDbLine
 62
7
  6
CONTINUOUS
 10
84.0475077132
 20
102.0909701131
 11
78.7475077132
 21
102.0909701131
  0
LINE
  5
439
100
AcDbEntity
  8
RUNDUNGEN
100
AcDbLine
 62
7
  6
CONTINUOUS
 10
65.5475077132
 20
102.0909701131
 11
60.2475077132
 21
102.0909701131
  0
LINE
  5
43A
100
AcDbEntity
  8
0
100
AcDbLine
 62
7
  6
CONTINUOUS
 10
65.5475077132
 20
102.0909701131
 11
78.7475077132
 21
102.0909701131
  0
LINE
  5
43B
100
AcDbEntity
  8
0
100
AcDbLine
 62
9
  6
CONTINUOUS
 10
55.8269684924
 20
103.2008861249
 11
56.3269684924
 21
103.2008861249
  0
LINE
  5
43C
100
AcDbEntity
  8
RUNDUNGEN
100
AcDbLine
 62
7
  6
CONTINUOUS
 10
85.1680469341
 20
105.2909701131
 11
84.4475077132
 21
105.2909701131
  0
LINE
  5
43D
100
AcDbEntity
  8
RUNDUNGEN
100
AcDbLine
 62
7
  6
CONTINUOUS
 10
59.8475077132
 20
105.2909701131
 11
59.1269684924
 21
105.2909701131
  0
LINE
  5
43E
100
AcDbEntity
  8
0
100
AcDbLine
 62
7
  6
CONTINUOUS
 10
59.7066707898
 20
113.2318070365
 11
59.8569684924
 21
113.0815093339
  0
LINE
  5
43F
100
AcDbEntity
  8
AUSFORMSCHRAEGEN
100
AcDbLine
 62
7
  6
CONTINUOUS
 10
54.1503212107
 20
134.2792413388
 11
53.566079847
 21
135.571989171
  0
LINE
  5
440
100
AcDbEntity
  8
RUNDUNGEN
100
AcDbLine
 62
9
  6
CONTINUOUS
 10
53.8509092963
 20
136.0132810669
 11
54.4800758248
 21
134.6211275557
  0
LINE
  5
441
100
AcDbEntity
  8
RUNDUNGEN
100
AcDbLine
 62
9
  6
CONTINUOUS
 10
53.9780370557
 20
136.2102426175
 11
54.6272550065
 21
134.7737214285
  0
LINE
  5
442
100
AcDbEntity
  8
RUNDUNGEN
100
AcDbLine
 62
9
  6
CONTINUOUS
 10
68.0475077132
 20
95.9947516024
 11
68.0475077132
 21
98.4909701131
  0
LINE
  5
443
100
AcDbEntity
  8
0
100
AcDbLine
 62
7
  6
CONTINUOUS
 10
68.2734452132
 20
136.3217994128
 11
68.2734452132
 21
133.9473312889
  0
LINE
  5
444
100
AcDbEntity
  8
RUNDUNGEN
100
AcDbLine
 62
7
  6
CONTINUOUS
 10
68.4475077132
 20
96.0509679363
 11
68.4475077132
 21
98.8909701131
  0
LINE
  5
445
100
AcDbEntity
  8
0
100
AcDbLine
 62
7
  6
CONTINUOUS
 10
68.6475077132
 20
115.6109701131
 11
68.6475077132
 21
108.0909701131
  0
LINE
  5
446
100
AcDbEntity
  8
0
100
AcDbLine
 62
7
  6
CONTINUOUS
 10
68.7475077132
 20
106.96772516
 11
68.7475077132
 21
115.6109701131
  0
LINE
  5
447
100
AcDbEntity
  8
0
100
AcDbLine
 62
7
  6
CONTINUOUS
 10
68.8235702132
 20
133.9473312889
 11
68.8235702132
 21
136.3217994128
  0
LINE
  5
448
100
AcDbEntity
  8
4171
100
AcDbLine
 62
7
  6
CONTINUOUS
 10
69.1475077132
 20
125.0531172458
 11
69.1475077132
 21
126.2910124566
  0
LINE
  5
449
100
AcDbEntity
  8
RUNDUNGEN
100
AcDbLine
 62
7
  6
CONTINUOUS
 10
69.1475077132
 20
126.2909701131
 11
69.1475077132
 21
128.2420633129
  0
LINE
  5
44A
100
AcDbEntity
  8
0
100
AcDbLine
 62
7
  6
CONTINUOUS
 10
69.5475077132
 20
106.96772516
 11
69.5475077132
 21
115.6109701131
  0
LINE
  5
44B
100
AcDbEntity
  8
0
100
AcDbLine
 62
7
  6
CONTINUOUS
 10
69.6475077132
 20
115.6109701131
 11
69.6475077132
 21
108.0909701131
  0
LINE
  5
44C
100
AcDbEntity
  8
0
100
AcDbLine
 62
7
  6
CONTINUOUS
 10
69.9475077132
 20
123.9812199921
 11
69.9475077132
 21
123.6909701131
  0
LINE
  5
44D
100
AcDbEntity
  8
4171
100
AcDbLine
 62
7
  6
CONTINUOUS
 10
69.9475077132
 20
123.9812199921
 11
69.9475077132
 21
126.2909488171
  0
LINE
  5
44E
100
AcDbEntity
  8
RUNDUNGEN
100
AcDbLine
 62
7
  6
CONTINUOUS
 10
70.3475077132
 20
124.5272962737
 11
70.3475077132
 21
124.3025323177
  0
LINE
  5
44F
100
AcDbEntity
  8
0
100
AcDbLine
 62
7
  6
CONTINUOUS
 10
70.6475077132
 20
115.6109701131
 11
70.6475077132
 21
108.0909701131
  0
LINE
  5
450
100
AcDbEntity
  8
0
100
AcDbLine
 62
9
  6
CONTINUOUS
 10
70.7475077132
 20
124.1526896803
 11
70.7475077132
 21
123.6909701131
  0
LINE
  5
451
100
AcDbEntity
  8
0
100
AcDbLine
 62
7
  6
CONTINUOUS
 10
70.7475077132
 20
106.96772516
 11
70.7475077132
 21
115.6109701131
  0
LINE
  5
452
100
AcDbEntity
  8
0
100
AcDbLine
 62
7
  6
CONTINUOUS
 10
71.0240702132
 20
136.3217994128
 11
71.0240702132
 21
133.9473312889
  0
LINE
  5
453
100
AcDbEntity
  8
0
100
AcDbLine
 62
7
  6
CONTINUOUS
 10
71.5475077132
 20
106.96772516
 11
71.5475077132
 21
115.6109701131
  0
LINE
  5
454
100
AcDbEntity
  8
0
100
AcDbLine
 62
7
  6
CONTINUOUS
 10
71.5741952132
 20
133.9473312889
 11
71.5741952132
 21
136.3217994128
  0
LINE
  5
455
100
AcDbEntity
  8
0
100
AcDbLine
 62
7
  6
CONTINUOUS
 10
74.6475077132
 20
123.6909701131
 11
75.081335467
 21
125.0668959621
  0
LINE
  5
456
100
AcDbEntity
  8
RUNDUNGEN
100
AcDbLine
 62
9
  6
CONTINUOUS
 10
84.8315943931
 20
129.0252862572
 11
84.2912343261
 21
128.1845764243
  0
LINE
  5
457
100
AcDbEntity
  8
RUNDUNGEN
100
AcDbLine
 62
9
  6
CONTINUOUS
 10
82.6856647444
 20
125.5087914415
 11
83.2301966169
 21
126.3468052033
  0
LINE
  5
458
100
AcDbEntity
  8
0
100
AcDbLine
 62
7
  6
CONTINUOUS
 10
59.7066707898
 20
105.3501331897
 11
59.1269684924
 21
105.3031886585
  0
LINE
  5
459
100
AcDbEntity
  8
AUSFORMSCHRAEGEN
100
AcDbLine
 62
7
  6
CONTINUOUS
 10
59.8569684924
 20
105.5004308922
 11
60.2475077132
 21
105.5004308922
  0
LINE
  5
45A
100
AcDbEntity
  8
AUSFORMSCHRAEGEN
100
AcDbLine
 62
7
  6
CONTINUOUS
 10
84.0475077132
 20
105.5004308922
 11
84.4380469341
 21
105.5004308922
  0
LINE
  5
45B
100
AcDbEntity
  8
0
100
AcDbLine
 62
7
  6
CONTINUOUS
 10
61.7269684924
 20
105.8909701131
 11
56.5440784043
 21
105.8909701131
  0
LINE
  5
45C
100
AcDbEntity
  8
0
100
AcDbLine
 62
7
  6
CONTINUOUS
 10
82.5680469341
 20
105.8909701131
 11
87.7518769507
 21
105.8909701131
  0
LINE
  5
45D
100
AcDbEntity
  8
0
100
AcDbLine
 62
7
  6
CONTINUOUS
 10
56.4475077132
 20
106.8909701131
 11
57.3569684924
 21
106.8909701131
  0
LINE
  5
45E
100
AcDbEntity
  8
0
100
AcDbLine
 62
7
  6
CONTINUOUS
 10
86.9380469341
 20
106.8909701131
 11
88.7650917735
 21
106.8909701131
  0
LINE
  5
45F
100
AcDbEntity
  8
0
100
AcDbLine
 62
7
  6
CONTINUOUS
 10
89.0679446173
 20
107.2909701131
 11
87.9443475537
 21
107.2909701131
  0
LINE
  5
460
100
AcDbEntity
  8
RUNDUNGEN
100
AcDbLine
 62
7
  6
CONTINUOUS
 10
87.9443475537
 20
107.2909701131
 11
86.9530694034
 21
107.2909701131
  0
LINE
  5
461
100
AcDbEntity
  8
0
100
AcDbLine
 62
7
  6
CONTINUOUS
 10
55.2270708092
 20
107.2909701131
 11
56.3506678728
 21
107.2909701131
  0
LINE
  5
462
100
AcDbEntity
  8
RUNDUNGEN
100
AcDbLine
 62
7
  6
CONTINUOUS
 10
56.3506678728
 20
107.2909701131
 11
57.3419460231
 21
107.2909701131
  0
LINE
  5
463
100
AcDbEntity
  8
0
100
AcDbLine
 62
7
  6
CONTINUOUS
 10
81.0475077132
 20
108.0909701131
 11
79.5475077132
 21
108.0909701131
  0
LINE
  5
464
100
AcDbEntity
  8
0
100
AcDbLine
 62
7
  6
CONTINUOUS
 10
78.7475077132
 20
108.0909701131
 11
77.5475077132
 21
108.0909701131
  0
LINE
  5
465
100
AcDbEntity
  8
0
100
AcDbLine
 62
7
  6
CONTINUOUS
 10
76.7475077132
 20
108.0909701131
 11
75.5475077132
 21
108.0909701131
  0
LINE
  5
466
100
AcDbEntity
  8
0
100
AcDbLine
 62
7
  6
CONTINUOUS
 10
74.7475077132
 20
108.0909701131
 11
73.5475077132
 21
108.0909701131
  0
LINE
  5
467
100
AcDbEntity
  8
0
100
AcDbLine
 62
7
  6
CONTINUOUS
 10
72.7475077132
 20
108.0909701131
 11
71.5475077132
 21
108.0909701131
  0
LINE
  5
468
100
AcDbEntity
  8
0
100
AcDbLine
 62
7
  6
CONTINUOUS
 10
70.7475077132
 20
108.0909701131
 11
69.5475077132
 21
108.0909701131
  0
LINE
  5
469
100
AcDbEntity
  8
0
100
AcDbLine
 62
7
  6
CONTINUOUS
 10
68.7475077132
 20
108.0909701131
 11
67.5475077132
 21
108.0909701131
  0
LINE
  5
46A
100
AcDbEntity
  8
0
100
AcDbLine
 62
7
  6
CONTINUOUS
 10
66.7475077132
 20
108.0909701131
 11
65.5475077132
 21
108.0909701131
  0
LINE
  5
46B
100
AcDbEntity
  8
0
100
AcDbLine
 62
7
  6
CONTINUOUS
 10
64.7475077132
 20
108.0909701131
 11
63.2475077132
 21
108.0909701131
  0
LINE
  5
46C
100
AcDbEntity
  8
0
100
AcDbLine
 62
7
  6
CONTINUOUS
 10
59.1269684924
 20
108.6909701131
 11
61.7269684924
 21
108.6909701131
  0
LINE
  5
46D
100
AcDbEntity
  8
0
100
AcDbLine
 62
7
  6
CONTINUOUS
 10
82.5680469341
 20
108.6909701131
 11
85.1680469341
 21
108.6909701131
  0
LINE
  5
46E
100
AcDbEntity
  8
0
100
AcDbLine
 62
7
  6
CONTINUOUS
 10
85.1680469341
 20
105.3031886585
 11
84.5883446366
 21
105.3501331897
  0
LINE
  5
46F
100
AcDbEntity
  8
RUNDUNGEN
100
AcDbLine
 62
7
  6
CONTINUOUS
 10
89.8149396016
 20
86.6211275557
 11
90.1446942158
 21
86.2792413388
  0
LINE
  5
470
100
AcDbEntity
  8
RUNDUNGEN
100
AcDbLine
 62
7
  6
CONTINUOUS
 10
92.4800758248
 20
83.9608126704
 11
92.1503212107
 21
84.3026988873
  0
LINE
  5
471
100
AcDbEntity
  8
RUNDUNGEN
100
AcDbLine
 62
7
  6
CONTINUOUS
 10
53.8509092963
 20
130.5686591592
 11
53.566079847
 21
131.0099510552
  0
LINE
  5
472
100
AcDbEntity
  8
RUNDUNGEN
100
AcDbLine
 62
7
  6
CONTINUOUS
 10
52.4441061302
 20
136.0132810669
 11
52.7289355794
 21
135.571989171
  0
LINE
  5
473
100
AcDbEntity
  8
AUSFORMSCHRAEGEN
100
AcDbLine
 62
7
  6
CONTINUOUS
 10
60.3880712115
 20
124.4589116025
 11
60.3959795385
 21
124.4452139783
  0
LINE
  5
474
100
AcDbEntity
  8
RUNDUNGEN
100
AcDbLine
 62
9
  6
CONTINUOUS
 10
60.0020980595
 20
128.1874915365
 11
61.0630923805
 21
126.349795466
  0
LINE
  5
475
100
AcDbEntity
  8
0
100
AcDbLine
 62
7
  6
CONTINUOUS
 10
71.6475077132
 20
115.6109701131
 11
71.6475077132
 21
108.0909701131
  0
LINE
  5
476
100
AcDbEntity
  8
0
100
AcDbLine
 62
7
  6
CONTINUOUS
 10
71.9391743799
 20
140.3852063018
 11
71.9391743799
 21
137.694356347
  0
LINE
  5
477
100
AcDbEntity
  8
DEFAULT_1
100
AcDbLine
 62
7
  6
CENTER
 10
72.1475077132
 20
109.2909701131
 11
72.1475077132
 21
66.2973438473
  0
LINE
  5
478
100
AcDbEntity
  8
DEFAULT_1
100
AcDbLine
 62
7
  6
CENTER
 10
72.1475077132
 20
109.2909701131
 11
72.1475077132
 21
152.2845963788
  0
LINE
  5
479
100
AcDbEntity
  8
0
100
AcDbLine
 62
7
  6
CONTINUOUS
 10
72.3558410466
 20
137.694356347
 11
72.3558410466
 21
140.3852063018
  0
LINE
  5
47A
100
AcDbEntity
  8
0
100
AcDbLine
 62
7
  6
CONTINUOUS
 10
72.5827575384
 20
135.4792463217
 11
72.5827575384
 21
135.172863165
  0
LINE
  5
47B
100
AcDbEntity
  8
0
100
AcDbLine
 62
7
  6
CONTINUOUS
 10
72.6475077132
 20
115.6109701131
 11
72.6475077132
 21
108.0909701131
  0
LINE
  5
47C
100
AcDbEntity
  8
0
100
AcDbLine
 62
7
  6
CONTINUOUS
 10
72.7475077132
 20
106.96772516
 11
72.7475077132
 21
115.6109701131
  0
LINE
  5
47D
100
AcDbEntity
  8
0
100
AcDbLine
 62
7
  6
CONTINUOUS
 10
73.132883063
 20
135.2494589005
 11
73.132883063
 21
135.4026503716
  0
LINE
  5
47E
100
AcDbEntity
  8
0
100
AcDbLine
 62
7
  6
CONTINUOUS
 10
73.5475077132
 20
106.96772516
 11
73.5475077132
 21
115.6109701131
  0
LINE
  5
47F
100
AcDbEntity
  8
0
100
AcDbLine
 62
9
  6
CONTINUOUS
 10
73.5475077132
 20
123.6909701131
 11
73.5475077132
 21
124.1526896803
  0
LINE
  5
480
100
AcDbEntity
  8
0
100
AcDbLine
 62
7
  6
CONTINUOUS
 10
73.6475077132
 20
115.6109701131
 11
73.6475077132
 21
108.0909701131
  0
LINE
  5
481
100
AcDbEntity
  8
RUNDUNGEN
100
AcDbLine
 62
7
  6
CONTINUOUS
 10
73.9475077132
 20
124.5272962737
 11
73.9475077132
 21
124.3025323177
  0
LINE
  5
482
100
AcDbEntity
  8
0
100
AcDbLine
 62
7
  6
CONTINUOUS
 10
74.3475077132
 20
123.6909701131
 11
74.3475077132
 21
123.9812199921
  0
LINE
  5
483
100
AcDbEntity
  8
4171
100
AcDbLine
 62
7
  6
CONTINUOUS
 10
74.3475077132
 20
123.9812199921
 11
74.3475077132
 21
126.2909488171
  0
LINE
  5
484
100
AcDbEntity
  8
0
100
AcDbLine
 62
7
  6
CONTINUOUS
 10
74.6475077132
 20
115.6109701131
 11
74.6475077132
 21
108.0909701131
  0
LINE
  5
485
100
AcDbEntity
  8
0
100
AcDbLine
 62
7
  6
CONTINUOUS
 10
74.7475077132
 20
106.96772516
 11
74.7475077132
 21
115.6109701131
  0
LINE
  5
486
100
AcDbEntity
  8
4171
100
AcDbLine
 62
7
  6
CONTINUOUS
 10
75.1475077132
 20
125.0531172458
 11
75.1475077132
 21
126.2910124566
  0
LINE
  5
487
100
AcDbEntity
  8
RUNDUNGEN
100
AcDbLine
 62
7
  6
CONTINUOUS
 10
75.1475077132
 20
126.2909701131
 11
75.1475077132
 21
128.2420633129
  0
LINE
  5
488
100
AcDbEntity
  8
0
100
AcDbLine
 62
7
  6
CONTINUOUS
 10
75.1500077132
 20
133.8707355533
 11
75.1500077132
 21
133.6409483467
  0
LINE
  5
489
100
AcDbEntity
  8
RUNDUNGEN
100
AcDbLine
 62
7
  6
CONTINUOUS
 10
76.7711943849
 20
128.9217994128
 11
77.0885062154
 21
130.285365767
  0
LINE
  5
48A
100
AcDbEntity
  8
0
100
AcDbLine
 62
7
  6
CONTINUOUS
 10
76.7711943849
 20
128.9217994128
 11
77.0885062154
 21
130.285365767
  0
LINE
  5
48B
100
AcDbEntity
  8
RUNDUNGEN
100
AcDbLine
 62
9
  6
CONTINUOUS
 10
77.14504587
 20
128.8310916058
 11
77.4919215288
 21
130.1874298246
  0
LINE
  5
48C
100
AcDbEntity
  8
RUNDUNGEN
100
AcDbLine
 62
7
  6
CONTINUOUS
 10
80.4441063914
 20
129.6719874869
 11
80.2827889671
 21
129.2757030148
  0
LINE
  5
48D
100
AcDbEntity
  8
RUNDUNGEN
100
AcDbLine
 62
9
  6
CONTINUOUS
 10
80.9967416805
 20
129.4381901946
 11
80.8362810362
 21
129.0440104462
  0
LINE
  5
48E
100
AcDbEntity
  8
RUNDUNGEN
100
AcDbLine
 62
9
  6
CONTINUOUS
 10
81.5417512752
 20
127.1609250416
 11
82.1828733098
 21
128.405504394
  0
LINE
  5
48F
100
AcDbEntity
  8
RUNDUNGEN
100
AcDbLine
 62
7
  6
CONTINUOUS
 10
81.8815464225
 20
126.9805587786
 11
82.5495686869
 21
128.2109027363
  0
LINE
  5
490
100
AcDbEntity
  8
RUNDUNGEN
100
AcDbLine
 62
7
  6
CONTINUOUS
 10
81.773431463
 20
125.9635591175
 11
83.4364436727
 21
128.8439807583
  0
LINE
  5
491
100
AcDbEntity
  8
RUNDUNGEN
100
AcDbLine
 62
9
  6
CONTINUOUS
 10
82.3643031263
 20
126.8467290738
 11
83.4253408059
 21
128.6845002437
  0
LINE
  5
492
100
AcDbEntity
  8
RUNDUNGEN
100
AcDbLine
 62
9
  6
CONTINUOUS
 10
83.2321391116
 20
126.3501697026
 11
84.2931123527
 21
128.1878292618
  0
LINE
  5
493
100
AcDbEntity
  8
AUSFORMSCHRAEGEN
100
AcDbLine
 62
7
  6
CONTINUOUS
 10
83.906944215
 20
124.4589116025
 11
83.899035888
 21
124.4452139783
  0
LINE
  5
494
100
AcDbEntity
  8
RUNDUNGEN
100
AcDbLine
 62
9
  6
CONTINUOUS
 10
60.9629796252
 20
96.2138985166
 11
61.356985002
 21
96.5217292543
  0
LINE
  5
495
100
AcDbEntity
  8
RUNDUNGEN
100
AcDbLine
 62
7
  6
CONTINUOUS
 10
61.2708103629
 20
95.8198931398
 11
61.6648157397
 21
96.1277238775
  0
LINE
  5
496
100
AcDbEntity
  8
FASEN
100
AcDbLine
 62
7
  6
CONTINUOUS
 10
61.2418840358
 20
95.6944902255
 11
61.714690488
 21
96.0638871107
  0
LINE
  5
497
100
AcDbEntity
  8
0
100
AcDbLine
 62
7
  6
CONTINUOUS
 10
85.1680469341
 20
113.2787515676
 11
84.5883446366
 21
113.2318070365
  0
LINE
  5
498
100
AcDbEntity
  8
DEFAULT_1
100
AcDbLine
 62
7
  6
CENTER
 10
72.1475077132
 20
109.2909701131
 11
29.1538814475
 21
109.2909701131
  0
LINE
  5
499
100
AcDbEntity
  8
DEFAULT_1
100
AcDbLine
 62
7
  6
CENTER
 10
72.1475077132
 20
109.2909701131
 11
115.141133979
 21
109.2909701131
  0
LINE
  5
49A
100
AcDbEntity
  8
0
100
AcDbLine
 62
7
  6
CONTINUOUS
 10
59.1269684924
 20
109.8909701131
 11
61.7269684924
 21
109.8909701131
  0
LINE
  5
49B
100
AcDbEntity
  8
0
100
AcDbLine
 62
7
  6
CONTINUOUS
 10
82.5680469341
 20
109.8909701131
 11
85.1680469341
 21
109.8909701131
  0
LINE
  5
49C
100
AcDbEntity
  8
0
100
AcDbLine
 62
7
  6
CONTINUOUS
 10
89.0679446173
 20
111.2909701131
 11
87.9443475537
 21
111.2909701131
  0
LINE
  5
49D
100
AcDbEntity
  8
RUNDUNGEN
100
AcDbLine
 62
7
  6
CONTINUOUS
 10
87.9443475537
 20
111.2909701131
 11
86.9530694034
 21
111.2909701131
  0
LINE
  5
49E
100
AcDbEntity
  8
0
100
AcDbLine
 62
7
  6
CONTINUOUS
 10
55.2270708092
 20
111.2909701131
 11
56.3506678728
 21
111.2909701131
  0
LINE
  5
49F
100
AcDbEntity
  8
RUNDUNGEN
100
AcDbLine
 62
7
  6
CONTINUOUS
 10
56.3506678728
 20
111.2909701131
 11
57.3419460231
 21
111.2909701131
  0
LINE
  5
4A0
100
AcDbEntity
  8
0
100
AcDbLine
 62
7
  6
CONTINUOUS
 10
55.529923653
 20
111.6909701131
 11
57.3569684924
 21
111.6909701131
  0
LINE
  5
4A1
100
AcDbEntity
  8
0
100
AcDbLine
 62
7
  6
CONTINUOUS
 10
86.9380469341
 20
111.6909701131
 11
87.8475077132
 21
111.6909701131
  0
LINE
  5
4A2
100
AcDbEntity
  8
0
100
AcDbLine
 62
7
  6
CONTINUOUS
 10
56.5431384758
 20
112.6909701131
 11
61.7269684924
 21
112.6909701131
  0
LINE
  5
4A3
100
AcDbEntity
  8
0
100
AcDbLine
 62
7
  6
CONTINUOUS
 10
82.5680469341
 20
112.6909701131
 11
87.7509370221
 21
112.6909701131
  0
LINE
  5
4A4
100
AcDbEntity
  8
0
100
AcDbLine
 62
7
  6
CONTINUOUS
 10
59.7066707898
 20
113.2318070365
 11
59.1269684924
 21
113.2787515676
  0
LINE
  5
4A5
100
AcDbEntity
  8
RUNDUNGEN
100
AcDbLine
 62
9
  6
CONTINUOUS
 10
61.609350682
 20
125.5087914415
 11
61.0648188095
 21
126.3468052033
  0
LINE
  5
4A6
100
AcDbEntity
  8
RUNDUNGEN
100
AcDbLine
 62
7
  6
CONTINUOUS
 10
91.8509092963
 20
82.5686591592
 11
91.566079847
 21
83.0099510552
  0
LINE
  5
4A7
100
AcDbEntity
  8
RUNDUNGEN
100
AcDbLine
 62
9
  6
CONTINUOUS
 10
59.4634210334
 20
129.0252862572
 11
60.0037811003
 21
128.1845764243
  0
LINE
  5
4A8
100
AcDbEntity
  8
RUNDUNGEN
100
AcDbLine
 62
9
  6
CONTINUOUS
 10
60.8696746206
 20
128.6845002437
 11
61.9307123002
 21
126.8467290738
  0
LINE
  5
4A9
100
AcDbEntity
  8
RUNDUNGEN
100
AcDbLine
 62
7
  6
CONTINUOUS
 10
62.5215839635
 20
125.9635591175
 11
60.8585717537
 21
128.8439807583
  0
LINE
  5
4AA
100
AcDbEntity
  8
RUNDUNGEN
100
AcDbLine
 62
7
  6
CONTINUOUS
 10
61.7454467396
 20
128.2109027363
 11
62.4134690039
 21
126.9805587786
  0
LINE
  5
4AB
100
AcDbEntity
  8
RUNDUNGEN
100
AcDbLine
 62
9
  6
CONTINUOUS
 10
62.1121421166
 20
128.405504394
 11
62.7532641513
 21
127.1609250416
  0
LINE
  5
4AC
100
AcDbEntity
  8
RUNDUNGEN
100
AcDbLine
 62
9
  6
CONTINUOUS
 10
63.4587343903
 20
129.0440104462
 11
63.298273746
 21
129.4381901946
  0
LINE
  5
4AD
100
AcDbEntity
  8
RUNDUNGEN
100
AcDbLine
 62
7
  6
CONTINUOUS
 10
64.0122264594
 20
129.2757030148
 11
63.8509090351
 21
129.6719874869
  0
LINE
  5
4AE
100
AcDbEntity
  8
0
100
AcDbLine
 62
7
  6
CONTINUOUS
 10
69.6475077132
 20
123.6909701131
 11
69.2136799595
 21
125.0668959621
  0
LINE
  5
4AF
100
AcDbEntity
  8
RUNDUNGEN
100
AcDbLine
 62
9
  6
CONTINUOUS
 10
67.1499696659
 20
128.831091178
 11
66.8030938977
 21
130.1874298246
  0
LINE
  5
4B0
100
AcDbEntity
  8
0
100
AcDbLine
 62
7
  6
CONTINUOUS
 10
68.2734452132
 20
133.9473312889
 11
68.3651326258
 21
133.5643526111
  0
LINE
  5
4B1
100
AcDbEntity
  8
0
100
AcDbLine
 62
7
  6
CONTINUOUS
 10
67.2065092111
 20
130.285365767
 11
67.5238210415
 21
128.9217994128
  0
LINE
  5
4B2
100
AcDbEntity
  8
RUNDUNGEN
100
AcDbLine
 62
7
  6
CONTINUOUS
 10
67.5238210415
 20
128.9217994128
 11
67.2065092111
 21
130.285365767
  0
LINE
  5
4B3
100
AcDbEntity
  8
0
100
AcDbLine
 62
7
  6
CONTINUOUS
 10
75.5475077132
 20
106.96772516
 11
75.5475077132
 21
115.6109701131
  0
LINE
  5
4B4
100
AcDbEntity
  8
0
100
AcDbLine
 62
7
  6
CONTINUOUS
 10
75.6475077132
 20
115.6109701131
 11
75.6475077132
 21
108.0909701131
  0
LINE
  5
4B5
100
AcDbEntity
  8
0
100
AcDbLine
 62
7
  6
CONTINUOUS
 10
75.7001327132
 20
133.5643526111
 11
75.7001327132
 21
133.9473312889
  0
LINE
  5
4B6
100
AcDbEntity
  8
RUNDUNGEN
100
AcDbLine
 62
7
  6
CONTINUOUS
 10
75.8475077132
 20
98.8909701131
 11
75.8475077132
 21
96.0509679363
  0
LINE
  5
4B7
100
AcDbEntity
  8
RUNDUNGEN
100
AcDbLine
 62
9
  6
CONTINUOUS
 10
76.2475077132
 20
98.4909701131
 11
76.2475077132
 21
95.9947516024
  0
LINE
  5
4B8
100
AcDbEntity
  8
0
100
AcDbLine
 62
7
  6
CONTINUOUS
 10
76.433633063
 20
136.3217994128
 11
76.433633063
 21
132.7217994128
  0
LINE
  5
4B9
100
AcDbEntity
  8
0
100
AcDbLine
 62
7
  6
CONTINUOUS
 10
76.6475077132
 20
115.6109701131
 11
76.6475077132
 21
108.0909701131
  0
LINE
  5
4BA
100
AcDbEntity
  8
0
100
AcDbLine
 62
7
  6
CONTINUOUS
 10
76.7475077132
 20
106.96772516
 11
76.7475077132
 21
115.6109701131
  0
LINE
  5
4BB
100
AcDbEntity
  8
0
100
AcDbLine
 62
7
  6
CONTINUOUS
 10
76.983758063
 20
132.7217994128
 11
76.983758063
 21
134.4069058095
  0
LINE
  5
4BC
100
AcDbEntity
  8
0
100
AcDbLine
 62
7
  6
CONTINUOUS
 10
76.983758063
 20
134.8664802228
 11
76.983758063
 21
136.3217994128
  0
LINE
  5
4BD
100
AcDbEntity
  8
0
100
AcDbLine
 62
7
  6
CONTINUOUS
 10
77.5475077132
 20
106.96772516
 11
77.5475077132
 21
115.6109701131
  0
LINE
  5
4BE
100
AcDbEntity
  8
0
100
AcDbLine
 62
7
  6
CONTINUOUS
 10
77.6475077132
 20
115.6109701131
 11
77.6475077132
 21
108.0909701131
  0
LINE
  5
4BF
100
AcDbEntity
  8
0
100
AcDbLine
 62
7
  6
CONTINUOUS
 10
77.7475077132
 20
124.4922858456
 11
77.7475077132
 21
124.3284958963
  0
LINE
  5
4C0
100
AcDbEntity
  8
RUNDUNGEN
100
AcDbLine
 62
7
  6
CONTINUOUS
 10
77.7475077132
 20
124.4922858456
 11
77.7475077132
 21
128.0292907138
  0
LINE
  5
4C1
100
AcDbEntity
  8
0
100
AcDbLine
 62
7
  6
CONTINUOUS
 10
77.7475077132
 20
130.5714639706
 11
77.7475077132
 21
130.9796768518
  0
LINE
  5
4C2
100
AcDbEntity
  8
0
100
AcDbLine
 62
7
  6
CONTINUOUS
 10
78.6475077132
 20
115.6109701131
 11
78.6475077132
 21
108.0909701131
  0
LINE
  5
4C3
100
AcDbEntity
  8
RUNDUNGEN
100
AcDbLine
 62
7
  6
CONTINUOUS
 10
78.7475077132
 20
102.0909701131
 11
78.7475077132
 21
98.8909701131
  0
LINE
  5
4C4
100
AcDbEntity
  8
0
100
AcDbLine
 62
7
  6
CONTINUOUS
 10
78.7475077132
 20
106.96772516
 11
78.7475077132
 21
115.6109701131
  0
LINE
  5
4C5
100
AcDbEntity
  8
0
100
AcDbLine
 62
7
  6
CONTINUOUS
 10
84.5883446366
 20
113.2318070365
 11
84.4380469341
 21
113.0815093339
  0
LINE
  5
4C6
100
AcDbEntity
  8
FASEN
100
AcDbLine
 62
7
  6
CONTINUOUS
 10
61.1921368636
 20
95.2892894709
 11
61.8923798756
 21
95.8363792712
  0
LINE
  5
4C7
100
AcDbEntity
  8
FASEN
100
AcDbLine
 62
7
  6
CONTINUOUS
 10
88.3959176644
 20
116.5288409367
 11
88.1595144383
 21
116.3441424941
  0
LINE
  5
4C8
100
AcDbEntity
  8
0
100
AcDbLine
 62
7
  6
CONTINUOUS
 10
88.0843205605
 20
116.2853945982
 11
88.1595144383
 21
116.3441424941
  0
LINE
  5
4C9
100
AcDbEntity
  8
0
100
AcDbLine
 62
9
  6
CONTINUOUS
 10
88.2136598384
 20
116.1198478716
 11
87.8196544616
 21
115.812017134
  0
LINE
  5
4CA
100
AcDbEntity
  8
AUSFORMSCHRAEGEN
100
AcDbLine
 62
7
  6
CONTINUOUS
 10
84.4380469341
 20
113.0815093339
 11
84.0475077132
 21
113.0815093339
  0
LINE
  5
4CB
100
AcDbEntity
  8
AUSFORMSCHRAEGEN
100
AcDbLine
 62
7
  6
CONTINUOUS
 10
60.2475077132
 20
113.0815093339
 11
59.8569684924
 21
113.0815093339
  0
LINE
  5
4CC
100
AcDbEntity
  8
0
100
AcDbLine
 62
3
  6
CONTINUOUS
 10
78.7475077132
 20
113.1709701131
 11
78.6475077132
 21
113.1709701131
  0
LINE
  5
4CD
100
AcDbEntity
  8
0
100
AcDbLine
 62
3
  6
CONTINUOUS
 10
73.6475077132
 20
113.1709701131
 11
73.5475077132
 21
113.1709701131
  0
LINE
  5
4CE
100
AcDbEntity
  8
0
100
AcDbLine
 62
3
  6
CONTINUOUS
 10
68.7475077132
 20
113.1709701131
 11
68.6475077132
 21
113.1709701131
  0
LINE
  5
4CF
100
AcDbEntity
  8
RUNDUNGEN
100
AcDbLine
 62
7
  6
CONTINUOUS
 10
59.1269684924
 20
113.2909701131
 11
59.8475077132
 21
113.2909701131
  0
LINE
  5
4D0
100
AcDbEntity
  8
RUNDUNGEN
100
AcDbLine
 62
7
  6
CONTINUOUS
 10
84.4475077132
 20
113.2909701131
 11
85.1680469341
 21
113.2909701131
  0
LINE
  5
4D1
100
AcDbEntity
  8
0
100
AcDbLine
 62
9
  6
CONTINUOUS
 10
68.6475077132
 20
113.6008041905
 11
68.7475077132
 21
113.6008041905
  0
LINE
  5
4D2
100
AcDbEntity
  8
0
100
AcDbLine
 62
9
  6
CONTINUOUS
 10
73.5475077132
 20
113.6008041905
 11
73.6475077132
 21
113.6008041905
  0
LINE
  5
4D3
100
AcDbEntity
  8
0
100
AcDbLine
 62
9
  6
CONTINUOUS
 10
78.6475077132
 20
113.6008041905
 11
78.7475077132
 21
113.6008041905
  0
LINE
  5
4D4
100
AcDbEntity
  8
0
100
AcDbLine
 62
9
  6
CONTINUOUS
 10
88.4680469341
 20
115.3810541012
 11
87.9680469341
 21
115.3810541012
  0
LINE
  5
4D5
100
AcDbEntity
  8
RUNDUNGEN
100
AcDbLine
 62
7
  6
CONTINUOUS
 10
84.0475077132
 20
115.6109701131
 11
60.2475077132
 21
115.6109701131
  0
LINE
  5
4D6
100
AcDbEntity
  8
RUNDUNGEN
100
AcDbLine
 62
9
  6
CONTINUOUS
 10
84.4475077132
 20
116.0109701131
 11
59.8475077132
 21
116.0109701131
  0
LINE
  5
4D7
100
AcDbEntity
  8
0
100
AcDbLine
 62
7
  6
CONTINUOUS
 10
84.5883446366
 20
105.3501331897
 11
84.4380469341
 21
105.5004308922
  0
LINE
  5
4D8
100
AcDbEntity
  8
RUNDUNGEN
100
AcDbLine
 62
7
  6
CONTINUOUS
 10
51.8149396016
 20
134.6211275557
 11
52.1446942158
 21
134.2792413388
  0
LINE
  5
4D9
100
AcDbEntity
  8
RUNDUNGEN
100
AcDbLine
 62
7
  6
CONTINUOUS
 10
54.4800758248
 20
131.9608126704
 11
54.1503212107
 21
132.3026988873
  0
LINE
  5
4DA
100
AcDbEntity
  8
RUNDUNGEN
100
AcDbLine
 62
7
  6
CONTINUOUS
 10
90.4441061302
 20
88.0132810669
 11
90.7289355794
 21
87.571989171
  0
LINE
  5
4DB
100
AcDbEntity
  8
RUNDUNGEN
100
AcDbLine
 62
9
  6
CONTINUOUS
 10
90.3169783708
 20
82.3716976086
 11
89.66776042
 21
83.8082187977
  0
LINE
  5
4DC
100
AcDbEntity
  8
RUNDUNGEN
100
AcDbLine
 62
9
  6
CONTINUOUS
 10
90.4441061302
 20
82.5686591592
 11
89.8149396016
 21
83.9608126704
  0
LINE
  5
4DD
100
AcDbEntity
  8
AUSFORMSCHRAEGEN
100
AcDbLine
 62
7
  6
CONTINUOUS
 10
90.1446942158
 20
84.3026988873
 11
90.7289355794
 21
83.0099510552
  0
LINE
  5
4DE
100
AcDbEntity
  8
0
100
AcDbLine
 62
9
  6
CONTINUOUS
 10
64.6475077132
 20
140.8622956305
 11
64.9475077132
 21
140.1206757818
  0
LINE
  5
4DF
100
AcDbEntity
  8
0
100
AcDbLine
 62
7
  6
CONTINUOUS
 10
66.8981327132
 20
135.7090335284
 11
66.9898201258
 21
135.4792463217
  0
LINE
  5
4E0
100
AcDbEntity
  8
0
100
AcDbLine
 62
7
  6
CONTINUOUS
 10
67.5399451258
 20
135.4792463217
 11
67.4482577132
 21
135.7090335284
  0
LINE
  5
4E1
100
AcDbEntity
  8
0
100
AcDbLine
 62
7
  6
CONTINUOUS
 10
68.9152578881
 20
133.6409483467
 11
68.8235702132
 21
133.9473312889
  0
LINE
  5
4E2
100
AcDbEntity
  8
RUNDUNGEN
100
AcDbLine
 62
9
  6
CONTINUOUS
 10
79.1475077132
 20
101.6909701131
 11
79.1475077132
 21
98.4909701131
  0
LINE
  5
4E3
100
AcDbEntity
  8
0
100
AcDbLine
 62
7
  6
CONTINUOUS
 10
79.5475077132
 20
106.96772516
 11
79.5475077132
 21
115.6109701131
  0
LINE
  5
4E4
100
AcDbEntity
  8
0
100
AcDbLine
 62
7
  6
CONTINUOUS
 10
79.5510077132
 20
136.3217994128
 11
79.5510077132
 21
134.8664802228
  0
LINE
  5
4E5
100
AcDbEntity
  8
0
100
AcDbLine
 62
7
  6
CONTINUOUS
 10
79.5510077132
 20
134.4069058095
 11
79.5510077132
 21
132.7217994128
  0
LINE
  5
4E6
100
AcDbEntity
  8
0
100
AcDbLine
 62
7
  6
CONTINUOUS
 10
79.6475077132
 20
115.6109701131
 11
79.6475077132
 21
108.0909701131
  0
LINE
  5
4E7
100
AcDbEntity
  8
0
100
AcDbLine
 62
7
  6
CONTINUOUS
 10
80.1011327132
 20
132.7217994128
 11
80.1011327132
 21
136.3217994128
  0
LINE
  5
4E8
100
AcDbEntity
  8
0
100
AcDbLine
 62
7
  6
CONTINUOUS
 10
81.0475077132
 20
102.0909701131
 11
81.0475077132
 21
108.0909701131
  0
LINE
  5
4E9
100
AcDbEntity
  8
0
100
AcDbLine
 62
7
  6
CONTINUOUS
 10
81.3475077132
 20
135.5218338486
 11
81.3475077132
 21
137.154196387
  0
LINE
  5
4EA
100
AcDbEntity
  8
0
100
AcDbLine
 62
7
  6
CONTINUOUS
 10
82.1475077132
 20
135.5217994128
 11
82.1475077132
 21
137.154196387
  0
LINE
  5
4EB
100
AcDbEntity
  8
RUNDUNGEN
100
AcDbLine
 62
7
  6
CONTINUOUS
 10
50.3751967594
 20
134.0321014852
 11
50.8164886554
 21
133.7358472832
  0
LINE
  5
4EC
100
AcDbEntity
  8
0
100
AcDbLine
 62
7
  6
CONTINUOUS
 10
68.3651326258
 20
133.5643526111
 11
68.5485077132
 21
133.2579696153
  0
LINE
  5
4ED
100
AcDbEntity
  8
AUSFORMSCHRAEGEN
100
AcDbLine
 62
7
  6
CONTINUOUS
 10
92.1503212107
 20
86.2792413388
 11
91.566079847
 21
87.571989171
  0
LINE
  5
4EE
100
AcDbEntity
  8
RUNDUNGEN
100
AcDbLine
 62
9
  6
CONTINUOUS
 10
91.8509092963
 20
88.0132810669
 11
92.4800758248
 21
86.6211275557
  0
LINE
  5
4EF
100
AcDbEntity
  8
RUNDUNGEN
100
AcDbLine
 62
9
  6
CONTINUOUS
 10
91.9780370557
 20
88.2102426175
 11
92.6272550065
 21
86.7737214285
  0
LINE
  5
4F0
100
AcDbEntity
  8
0
100
AcDbLine
 62
7
  6
CONTINUOUS
 10
72.9495077132
 20
133.4877568756
 11
72.8578200384
 21
133.7175440822
  0
LINE
  5
4F1
100
AcDbEntity
  8
0
100
AcDbLine
 62
3
  6
CONTINUOUS
 10
77.6475077132
 20
114.3895449189
 11
77.5475077132
 21
114.6766334768
  0
LINE
  5
4F2
100
AcDbEntity
  8
0
100
AcDbLine
 62
3
  6
CONTINUOUS
 10
78.6475077132
 20
114.4694398758
 11
78.7475077132
 21
114.1823513179
  0
LINE
  5
4F3
100
AcDbEntity
  8
0
100
AcDbLine
 62
7
  6
CONTINUOUS
 10
78.6475077132
 20
114.9082520967
 11
78.7475077132
 21
114.6211635388
  0
LINE
  5
4F4
100
AcDbEntity
  8
0
100
AcDbLine
 62
7
  6
CONTINUOUS
 10
72.3076950384
 20
133.7175440822
 11
72.3993827132
 21
133.41116114
  0
LINE
  5
4F5
100
AcDbEntity
  8
0
100
AcDbLine
 62
7
  6
CONTINUOUS
 10
72.5827575384
 20
135.172863165
 11
72.6744452132
 21
134.8664802228
  0
LINE
  5
4F6
100
AcDbEntity
  8
0
100
AcDbLine
 62
7
  6
CONTINUOUS
 10
82.5680469341
 20
105.8909701131
 11
82.5680469341
 21
108.6909701131
  0
LINE
  5
4F7
100
AcDbEntity
  8
0
100
AcDbLine
 62
7
  6
CONTINUOUS
 10
82.5680469341
 20
109.8909701131
 11
82.5680469341
 21
112.6909701131
  0
LINE
  5
4F8
100
AcDbEntity
  8
0
100
AcDbLine
 62
9
  6
CONTINUOUS
 10
82.6803012088
 20
105.8909701131
 11
82.6803012088
 21
108.6909701131
  0
LINE
  5
4F9
100
AcDbEntity
  8
0
100
AcDbLine
 62
9
  6
CONTINUOUS
 10
82.6803012088
 20
109.8909701131
 11
82.6803012088
 21
112.6909701131
  0
LINE
  5
4FA
100
AcDbEntity
  8
0
100
AcDbLine
 62
9
  6
CONTINUOUS
 10
83.99498796
 20
105.8909701131
 11
83.99498796
 21
108.6909701131
  0
LINE
  5
4FB
100
AcDbEntity
  8
0
100
AcDbLine
 62
9
  6
CONTINUOUS
 10
83.99498796
 20
109.8909701131
 11
83.99498796
 21
112.6909701131
  0
LINE
  5
4FC
100
AcDbEntity
  8
RUNDUNGEN
100
AcDbLine
 62
7
  6
CONTINUOUS
 10
84.0475077132
 20
115.6109701131
 11
84.0475077132
 21
115.1260891511
  0
LINE
  5
4FD
100
AcDbEntity
  8
RUNDUNGEN
100
AcDbLine
 62
7
  6
CONTINUOUS
 10
84.0475077132
 20
113.6558510751
 11
84.0475077132
 21
113.0815093339
  0
LINE
  5
4FE
100
AcDbEntity
  8
RUNDUNGEN
100
AcDbLine
 62
7
  6
CONTINUOUS
 10
84.0475077132
 20
103.4558510751
 11
84.0475077132
 21
102.0909701131
  0
LINE
  5
4FF
100
AcDbEntity
  8
RUNDUNGEN
100
AcDbLine
 62
7
  6
CONTINUOUS
 10
84.0475077132
 20
104.9260891511
 11
84.0475077132
 21
105.5004308922
  0
LINE
  5
500
100
AcDbEntity
  8
AUSFORMSCHRAEGEN
100
AcDbLine
 62
7
  6
CONTINUOUS
 10
84.0475077132
 20
105.5004308922
 11
84.0475077132
 21
105.8909701131
  0
LINE
  5
501
100
AcDbEntity
  8
AUSFORMSCHRAEGEN
100
AcDbLine
 62
7
  6
CONTINUOUS
 10
84.0475077132
 20
108.6909701131
 11
84.0475077132
 21
109.8909701131
  0
LINE
  5
502
100
AcDbEntity
  8
AUSFORMSCHRAEGEN
100
AcDbLine
 62
7
  6
CONTINUOUS
 10
84.0475077132
 20
112.6909701131
 11
84.0475077132
 21
113.0815093339
  0
LINE
  5
503
100
AcDbEntity
  8
AUSFORMSCHRAEGEN
100
AcDbLine
 62
7
  6
CONTINUOUS
 10
84.4380469341
 20
105.5004308922
 11
84.4380469341
 21
105.8909701131
  0
LINE
  5
504
100
AcDbEntity
  8
AUSFORMSCHRAEGEN
100
AcDbLine
 62
7
  6
CONTINUOUS
 10
84.4380469341
 20
108.6909701131
 11
84.4380469341
 21
109.8909701131
  0
LINE
  5
505
100
AcDbEntity
  8
AUSFORMSCHRAEGEN
100
AcDbLine
 62
7
  6
CONTINUOUS
 10
84.4380469341
 20
112.6909701131
 11
84.4380469341
 21
113.0815093339
  0
LINE
  5
506
100
AcDbEntity
  8
RUNDUNGEN
100
AcDbLine
 62
9
  6
CONTINUOUS
 10
84.4475077132
 20
116.0109701131
 11
84.4475077132
 21
115.04549284
  0
LINE
  5
507
100
AcDbEntity
  8
RUNDUNGEN
100
AcDbLine
 62
9
  6
CONTINUOUS
 10
84.4475077132
 20
113.7364473862
 11
84.4475077132
 21
113.2909701131
  0
LINE
  5
508
100
AcDbEntity
  8
RUNDUNGEN
100
AcDbLine
 62
9
  6
CONTINUOUS
 10
84.4475077132
 20
105.2909701131
 11
84.4475077132
 21
104.84549284
  0
LINE
  5
509
100
AcDbEntity
  8
RUNDUNGEN
100
AcDbLine
 62
9
  6
CONTINUOUS
 10
84.4475077132
 20
103.5364473862
 11
84.4475077132
 21
101.6909701131
  0
LINE
  5
50A
100
AcDbEntity
  8
0
100
AcDbLine
 62
7
  6
CONTINUOUS
 10
84.5883446366
 20
105.3501331897
 11
84.5883446366
 21
105.8909701131
  0
LINE
  5
50B
100
AcDbEntity
  8
0
100
AcDbLine
 62
7
  6
CONTINUOUS
 10
84.5883446366
 20
108.6909701131
 11
84.5883446366
 21
109.8909701131
  0
LINE
  5
50C
100
AcDbEntity
  8
0
100
AcDbLine
 62
7
  6
CONTINUOUS
 10
84.5883446366
 20
112.6909701131
 11
84.5883446366
 21
113.2318070365
  0
LINE
  5
50D
100
AcDbEntity
  8
0
100
AcDbLine
 62
7
  6
CONTINUOUS
 10
85.1680469341
 20
105.2909701131
 11
85.1680469341
 21
105.8909701131
  0
LINE
  5
50E
100
AcDbEntity
  8
0
100
AcDbLine
 62
9
  6
CONTINUOUS
 10
85.1680469341
 20
105.8909701131
 11
85.1680469341
 21
108.6909701131
  0
LINE
  5
50F
100
AcDbEntity
  8
0
100
AcDbLine
 62
7
  6
CONTINUOUS
 10
85.1680469341
 20
108.6909701131
 11
85.1680469341
 21
109.8909701131
  0
LINE
  5
510
100
AcDbEntity
  8
0
100
AcDbLine
 62
9
  6
CONTINUOUS
 10
85.1680469341
 20
109.8909701131
 11
85.1680469341
 21
112.6909701131
  0
LINE
  5
511
100
AcDbEntity
  8
0
100
AcDbLine
 62
7
  6
CONTINUOUS
 10
85.1680469341
 20
112.6909701131
 11
85.1680469341
 21
113.2909701131
  0
LINE
  5
512
100
AcDbEntity
  8
0
100
AcDbLine
 62
9
  6
CONTINUOUS
 10
85.7380469341
 20
105.8909701131
 11
85.7380469341
 21
112.6909701131
  0
LINE
  5
513
100
AcDbEntity
  8
0
100
AcDbLine
 62
7
  6
CONTINUOUS
 10
86.8380469341
 20
105.8909701131
 11
87.4153972033
 21
106.8909701131
  0
LINE
  5
514
100
AcDbEntity
  8
RUNDUNGEN
100
AcDbLine
 62
9
  6
CONTINUOUS
 10
51.66776042
 20
131.8082187977
 11
50.1782352088
 21
132.4176117784
  0
LINE
  5
515
100
AcDbEntity
  8
RUNDUNGEN
100
AcDbLine
 62
9
  6
CONTINUOUS
 10
51.8149396016
 20
131.9608126704
 11
50.3751967594
 21
132.5498387409
  0
LINE
  5
516
100
AcDbEntity
  8
AUSFORMSCHRAEGEN
100
AcDbLine
 62
7
  6
CONTINUOUS
 10
50.8164886554
 20
132.8460929429
 11
52.1446942158
 21
132.3026988873
  0
LINE
  5
517
100
AcDbEntity
  8
RUNDUNGEN
100
AcDbLine
 62
7
  6
CONTINUOUS
 10
55.9198186671
 20
132.5498387409
 11
55.4785267711
 21
132.8460929429
  0
LINE
  5
518
100
AcDbEntity
  8
0
100
AcDbLine
 62
7
  6
CONTINUOUS
 10
69.0986327132
 20
133.41116114
 11
68.9152578881
 21
133.6409483467
  0
LINE
  5
519
100
AcDbEntity
  8
0
100
AcDbLine
 62
7
  6
CONTINUOUS
 10
73.2245702132
 20
135.0196716939
 11
73.132883063
 21
135.2494589005
  0
LINE
  5
51A
100
AcDbEntity
  8
0
100
AcDbLine
 62
7
  6
CONTINUOUS
 10
75.4250702132
 20
135.4792463217
 11
75.333383063
 21
135.7090335284
  0
LINE
  5
51B
100
AcDbEntity
  8
0
100
AcDbLine
 62
7
  6
CONTINUOUS
 10
86.9380469341
 20
112.5177650323
 11
86.9380469341
 21
106.0641751938
  0
LINE
  5
51C
100
AcDbEntity
  8
0
100
AcDbLine
 62
7
  6
CONTINUOUS
 10
87.8475077132
 20
105.2972250035
 11
87.8475077132
 21
107.2909701131
  0
LINE
  5
51D
100
AcDbEntity
  8
0
100
AcDbLine
 62
7
  6
CONTINUOUS
 10
87.8475077132
 20
111.2909701131
 11
87.8475077132
 21
115.257510149
  0
LINE
  5
51E
100
AcDbEntity
  8
0
100
AcDbLine
 62
9
  6
CONTINUOUS
 10
87.9443475537
 20
107.2909701131
 11
87.9443475537
 21
111.2909701131
  0
LINE
  5
51F
100
AcDbEntity
  8
0
100
AcDbLine
 62
3
  6
CONTINUOUS
 10
87.9680469341
 20
111.2909701131
 11
87.9680469341
 21
115.3810541012
  0
LINE
  5
520
100
AcDbEntity
  8
RUNDUNGEN
100
AcDbLine
 62
9
  6
CONTINUOUS
 10
88.1782352088
 20
84.4176117784
 11
88.1782352088
 21
86.1643284478
  0
LINE
  5
521
100
AcDbEntity
  8
RUNDUNGEN
100
AcDbLine
 62
9
  6
CONTINUOUS
 10
88.3751967594
 20
84.5498387409
 11
88.3751967594
 21
86.0321014852
  0
LINE
  5
522
100
AcDbEntity
  8
0
100
AcDbLine
 62
7
  6
CONTINUOUS
 10
88.4680469341
 20
111.2909701131
 11
88.4680469341
 21
115.3810541012
  0
LINE
  5
523
100
AcDbEntity
  8
AUSFORMSCHRAEGEN
100
AcDbLine
 62
7
  6
CONTINUOUS
 10
88.8164886554
 20
85.7358472832
 11
88.8164886554
 21
84.8460929429
  0
LINE
  5
524
100
AcDbEntity
  8
0
100
AcDbLine
 62
7
  6
CONTINUOUS
 10
88.9375077132
 20
111.2909701131
 11
88.9375077132
 21
115.8356372856
  0
LINE
  5
525
100
AcDbEntity
  8
0
100
AcDbLine
 62
7
  6
CONTINUOUS
 10
89.0680469341
 20
111.2909701131
 11
89.0680469341
 21
107.2909701131
  0
LINE
  5
526
100
AcDbEntity
  8
0
100
AcDbLine
 62
7
  6
CONTINUOUS
 10
74.6475077132
 20
123.6909701131
 11
69.6475077132
 21
123.6909701131
  0
LINE
  5
527
100
AcDbEntity
  8
4171
100
AcDbLine
 62
9
  6
CONTINUOUS
 10
69.5559922779
 20
123.9812199921
 11
69.9475077132
 21
123.9812199921
  0
LINE
  5
528
100
AcDbEntity
  8
4171
100
AcDbLine
 62
9
  6
CONTINUOUS
 10
74.3475077132
 20
123.9812199921
 11
74.7390231485
 21
123.9812199921
  0
LINE
  5
529
100
AcDbEntity
  8
RUNDUNGEN
100
AcDbLine
 62
7
  6
CONTINUOUS
 10
73.5475077132
 20
124.1526896803
 11
70.7475077132
 21
124.1526896803
  0
LINE
  5
52A
100
AcDbEntity
  8
4171
100
AcDbLine
 62
9
  6
CONTINUOUS
 10
69.4502195522
 20
124.3166882192
 11
69.9475077132
 21
124.3166882192
  0
LINE
  5
52B
100
AcDbEntity
  8
4171
100
AcDbLine
 62
9
  6
CONTINUOUS
 10
74.3475077132
 20
124.3166882192
 11
74.8447958743
 21
124.3166882192
  0
LINE
  5
52C
100
AcDbEntity
  8
0
100
AcDbLine
 62
9
  6
CONTINUOUS
 10
73.9475077132
 20
124.5272962737
 11
70.3475077132
 21
124.5272962737
  0
LINE
  5
52D
100
AcDbEntity
  8
0
100
AcDbLine
 62
9
  6
CONTINUOUS
 10
73.9475077132
 20
125.7173482323
 11
70.3475077132
 21
125.7173482323
  0
LINE
  5
52E
100
AcDbEntity
  8
4171
100
AcDbLine
 62
9
  6
CONTINUOUS
 10
69.1475077132
 20
126.1941724538
 11
69.9475077132
 21
126.1941724538
  0
LINE
  5
52F
100
AcDbEntity
  8
4171
100
AcDbLine
 62
9
  6
CONTINUOUS
 10
74.3475077132
 20
126.1941724538
 11
75.1475077132
 21
126.1941724538
  0
LINE
  5
530
100
AcDbEntity
  8
4171
100
AcDbLine
 62
7
  6
CONTINUOUS
 10
75.1475077132
 20
126.2909701131
 11
74.3475077132
 21
126.2909701131
  0
LINE
  5
531
100
AcDbEntity
  8
4171
100
AcDbLine
 62
7
  6
CONTINUOUS
 10
69.9475077132
 20
126.2909701131
 11
69.1475077132
 21
126.2909701131
  0
LINE
  5
532
100
AcDbEntity
  8
0
100
AcDbLine
 62
7
  6
CONTINUOUS
 10
77.7475077132
 20
127.1909701131
 11
75.1475077132
 21
127.1909701131
  0
LINE
  5
533
100
AcDbEntity
  8
0
100
AcDbLine
 62
7
  6
CONTINUOUS
 10
69.1475077132
 20
127.1909701131
 11
66.5475077132
 21
127.1909701131
  0
LINE
  5
534
100
AcDbEntity
  8
AUSFORMSCHRAEGEN
100
AcDbLine
 62
7
  6
CONTINUOUS
 10
55.4785267711
 20
133.7358472832
 11
54.1503212107
 21
134.2792413388
  0
LINE
  5
535
100
AcDbEntity
  8
RUNDUNGEN
100
AcDbLine
 62
9
  6
CONTINUOUS
 10
54.4800758248
 20
134.6211275557
 11
55.9198186671
 21
134.0321014852
  0
LINE
  5
536
100
AcDbEntity
  8
RUNDUNGEN
100
AcDbLine
 62
9
  6
CONTINUOUS
 10
54.6272550065
 20
134.7737214285
 11
56.1167802177
 21
134.1643284478
  0
LINE
  5
537
100
AcDbEntity
  8
0
100
AcDbLine
 62
7
  6
CONTINUOUS
 10
68.5485077132
 20
133.2579696153
 11
68.9152578881
 21
132.9515866463
  0
LINE
  5
538
100
AcDbEntity
  8
0
100
AcDbLine
 62
7
  6
CONTINUOUS
 10
66.7147576258
 20
135.8622249995
 11
66.8981327132
 21
135.7090335284
  0
LINE
  5
539
100
AcDbEntity
  8
0
100
AcDbLine
 62
7
  6
CONTINUOUS
 10
67.4482577132
 20
135.7090335284
 11
67.1731952132
 21
136.0154164706
  0
LINE
  5
53A
100
AcDbEntity
  8
0
100
AcDbLine
 62
7
  6
CONTINUOUS
 10
82.5767177409
 20
122.5152348638
 11
82.6265924893
 21
122.4513980971
  0
LINE
  5
53B
100
AcDbEntity
  8
RUNDUNGEN
100
AcDbLine
 62
3
  6
CONTINUOUS
 10
87.8196544616
 20
115.812017134
 11
82.6301996868
 21
122.4542163487
  0
LINE
  5
53C
100
AcDbEntity
  8
RUNDUNGEN
100
AcDbLine
 62
7
  6
CONTINUOUS
 10
88.2136598384
 20
116.1198478716
 11
83.0242050636
 21
122.7620470863
  0
LINE
  5
53D
100
AcDbEntity
  8
FASEN
100
AcDbLine
 62
7
  6
CONTINUOUS
 10
88.1595144383
 20
116.3441424941
 11
83.0495241931
 21
122.884631749
  0
LINE
  5
53E
100
AcDbEntity
  8
FASEN
100
AcDbLine
 62
7
  6
CONTINUOUS
 10
88.3869935487
 20
116.5218686533
 11
83.2770033035
 21
123.0623579083
  0
LINE
  5
53F
100
AcDbEntity
  8
0
100
AcDbLine
 62
7
  6
CONTINUOUS
 10
88.9375077132
 20
115.8356372856
 11
88.3959176644
 21
116.5288409367
  0
LINE
  5
540
100
AcDbEntity
  8
0
100
AcDbLine
 62
7
  6
CONTINUOUS
 10
72.3993827132
 20
133.41116114
 11
72.6744452132
 21
133.0281823818
  0
LINE
  5
541
100
AcDbEntity
  8
0
100
AcDbLine
 62
7
  6
CONTINUOUS
 10
75.7001327132
 20
133.9473312889
 11
75.5167573635
 21
134.2537143384
  0
LINE
  5
542
100
AcDbEntity
  8
0
100
AcDbLine
 62
7
  6
CONTINUOUS
 10
74.783258063
 20
135.6324377928
 11
74.8749452132
 21
135.4792463217
  0
LINE
  5
543
100
AcDbEntity
  8
0
100
AcDbLine
 62
7
  6
CONTINUOUS
 10
87.4153972033
 20
111.6909701131
 11
86.8380469341
 21
112.6909701131
  0
LINE
  5
544
100
AcDbEntity
  8
BEZUGSACHSEN
100
AcDbLine
 62
7
  6
CENTER
 10
91.1475077132
 20
85.2909701131
 11
91.1475077132
 21
78.6760986885
  0
LINE
  5
545
100
AcDbEntity
  8
BEZUGSACHSEN
100
AcDbLine
 62
7
  6
CENTER
 10
91.1475077132
 20
85.2909701131
 11
91.1475077132
 21
91.9058415377
  0
LINE
  5
546
100
AcDbEntity
  8
RUNDUNGEN
100
AcDbLine
 62
7
  6
CONTINUOUS
 10
69.4106996559
 20
128.530001837
 11
70.2812304482
 21
128.7727209477
  0
LINE
  5
547
100
AcDbEntity
  8
RUNDUNGEN
100
AcDbLine
 62
7
  6
CONTINUOUS
 10
64.6609455372
 20
128.0292907138
 11
66.5475077132
 21
128.0292907138
  0
LINE
  5
548
100
AcDbEntity
  8
RUNDUNGEN
100
AcDbLine
 62
7
  6
CONTINUOUS
 10
77.7475077132
 20
128.0292907138
 11
79.6340698893
 21
128.0292907138
  0
LINE
  5
549
100
AcDbEntity
  8
0
100
AcDbLine
 62
9
  6
CONTINUOUS
 10
73.9475077132
 20
128.9427873063
 11
70.3475077132
 21
128.9427873063
  0
LINE
  5
54A
100
AcDbEntity
  8
RUNDUNGEN
100
AcDbLine
 62
9
  6
CONTINUOUS
 10
53.9780370557
 20
130.3716976086
 11
52.3169783708
 21
130.3716976086
  0
LINE
  5
54B
100
AcDbEntity
  8
RUNDUNGEN
100
AcDbLine
 62
9
  6
CONTINUOUS
 10
53.8509092963
 20
130.5686591592
 11
52.4441061302
 21
130.5686591592
  0
LINE
  5
54C
100
AcDbEntity
  8
RUNDUNGEN
100
AcDbLine
 62
7
  6
CONTINUOUS
 10
74.0137849783
 20
128.7727209477
 11
74.8843157706
 21
128.530001837
  0
LINE
  5
54D
100
AcDbEntity
  8
0
100
AcDbLine
 62
7
  6
CONTINUOUS
 10
68.9152578881
 20
132.9515866463
 11
69.2820075384
 21
132.798395155
  0
LINE
  5
54E
100
AcDbEntity
  8
0
100
AcDbLine
 62
7
  6
CONTINUOUS
 10
69.3736952132
 20
133.2579696153
 11
69.0986327132
 21
133.41116114
  0
LINE
  5
54F
100
AcDbEntity
  8
RUNDUNGEN
100
AcDbLine
 62
9
  6
CONTINUOUS
 10
82.364303113
 20
126.8467290508
 11
83.2301966169
 21
126.3468052033
  0
LINE
  5
550
100
AcDbEntity
  8
0
100
AcDbLine
 62
7
  6
CONTINUOUS
 10
67.1731952132
 20
136.0154164706
 11
66.8064453007
 21
136.2452036772
  0
LINE
  5
551
100
AcDbEntity
  8
0
100
AcDbLine
 62
7
  6
CONTINUOUS
 10
73.2245702132
 20
133.2579696153
 11
72.9495077132
 21
133.4877568756
  0
LINE
  5
552
100
AcDbEntity
  8
0
100
AcDbLine
 62
7
  6
CONTINUOUS
 10
72.6744452132
 20
134.8664802228
 11
73.0411948635
 21
134.5600972806
  0
LINE
  5
553
100
AcDbEntity
  8
0
100
AcDbLine
 62
7
  6
CONTINUOUS
 10
75.333383063
 20
135.7090335284
 11
75.058320563
 21
136.0154164706
  0
LINE
  5
554
100
AcDbEntity
  8
0
100
AcDbLine
 62
7
  6
CONTINUOUS
 10
74.9666323635
 20
134.1005228673
 11
75.1500077132
 21
133.8707355533
  0
LINE
  5
555
100
AcDbEntity
  8
AUSFORMSCHRAEGEN
100
AcDbLine
 62
7
  6
CONTINUOUS
 10
93.4785267711
 20
84.8460929429
 11
93.4785267711
 21
85.7358472832
  0
LINE
  5
556
100
AcDbEntity
  8
RUNDUNGEN
100
AcDbLine
 62
9
  6
CONTINUOUS
 10
93.9198186671
 20
86.0321014852
 11
93.9198186671
 21
84.5498387409
  0
LINE
  5
557
100
AcDbEntity
  8
RUNDUNGEN
100
AcDbLine
 62
9
  6
CONTINUOUS
 10
94.1167802177
 20
86.1643284478
 11
94.1167802177
 21
84.4176117784
  0
LINE
  5
558
100
AcDbEntity
  8
RUNDUNGEN
100
AcDbLine
 62
9
  6
CONTINUOUS
 10
89.66776042
 20
86.7737214285
 11
90.3169783708
 21
88.2102426175
  0
LINE
  5
559
100
AcDbEntity
  8
0
100
AcDbLine
 62
7
  6
CONTINUOUS
 10
73.4996327132
 20
135.7856292639
 11
73.7746952132
 21
135.8622249995
  0
LINE
  5
55A
100
AcDbEntity
  8
0
100
AcDbLine
 62
7
  6
CONTINUOUS
 10
74.6915698635
 20
133.2579696153
 11
74.3248202132
 21
133.1813738797
  0
LINE
  5
55B
100
AcDbEntity
  8
0
100
AcDbLine
 62
7
  6
CONTINUOUS
 10
70.4739452132
 20
133.2579696153
 11
70.1071950384
 21
133.1813738797
  0
LINE
  5
55C
100
AcDbEntity
  8
0
100
AcDbLine
 62
7
  6
CONTINUOUS
 10
74.3248202132
 20
132.7217994128
 11
74.783258063
 21
132.798395155
  0
LINE
  5
55D
100
AcDbEntity
  8
0
100
AcDbLine
 62
7
  6
CONTINUOUS
 10
70.1071950384
 20
132.7217994128
 11
70.5656328881
 21
132.798395155
  0
LINE
  5
55E
100
AcDbEntity
  8
AUSFORMSCHRAEGEN
100
AcDbLine
 62
7
  6
CONTINUOUS
 10
52.7289355794
 20
131.0099510552
 11
53.566079847
 21
131.0099510552
  0
LINE
  5
55F
100
AcDbEntity
  8
0
100
AcDbLine
 62
7
  6
CONTINUOUS
 10
66.1475077132
 20
131.5217994128
 11
78.1475077132
 21
131.5217994128
  0
LINE
  5
560
100
AcDbEntity
  8
0
100
AcDbLine
 62
7
  6
CONTINUOUS
 10
64.1475077132
 20
132.7217994128
 11
64.6976327132
 21
132.7217994128
  0
LINE
  5
561
100
AcDbEntity
  8
0
100
AcDbLine
 62
7
  6
CONTINUOUS
 10
69.7404453881
 20
132.7217994128
 11
70.1071950384
 21
132.7217994128
  0
LINE
  5
562
100
AcDbEntity
  8
0
100
AcDbLine
 62
7
  6
CONTINUOUS
 10
73.5913198635
 20
132.7217994128
 11
74.3248202132
 21
132.7217994128
  0
LINE
  5
563
100
AcDbEntity
  8
0
100
AcDbLine
 62
7
  6
CONTINUOUS
 10
76.433633063
 20
132.7217994128
 11
76.983758063
 21
132.7217994128
  0
LINE
  5
564
100
AcDbEntity
  8
0
100
AcDbLine
 62
7
  6
CONTINUOUS
 10
79.5510077132
 20
132.7217994128
 11
80.1011327132
 21
132.7217994128
  0
LINE
  5
565
100
AcDbEntity
  8
0
100
AcDbLine
 62
7
  6
CONTINUOUS
 10
74.3248202132
 20
133.1813738797
 11
73.5913198635
 21
133.1813738797
  0
LINE
  5
566
100
AcDbEntity
  8
0
100
AcDbLine
 62
7
  6
CONTINUOUS
 10
70.1071950384
 20
133.1813738797
 11
69.7404453881
 21
133.1813738797
  0
LINE
  5
567
100
AcDbEntity
  8
BEZUGSACHSEN
100
AcDbLine
 62
7
  6
CENTER
 10
53.1475077132
 20
133.2909701131
 11
46.2571509302
 21
133.2909701131
  0
LINE
  5
568
100
AcDbEntity
  8
BEZUGSACHSEN
100
AcDbLine
 62
7
  6
CENTER
 10
53.1475077132
 20
133.2909701131
 11
60.0378644962
 21
133.2909701131
  0
LINE
  5
569
100
AcDbEntity
  8
0
100
AcDbLine
 62
7
  6
CONTINUOUS
 10
72.8578200384
 20
133.7175440822
 11
72.3076950384
 21
133.7175440822
  0
LINE
  5
56A
100
AcDbEntity
  8
0
100
AcDbLine
 62
7
  6
CONTINUOUS
 10
64.6976327132
 20
134.3303100739
 11
66.3480077132
 21
134.3303100739
  0
LINE
  5
56B
100
AcDbEntity
  8
0
100
AcDbLine
 62
7
  6
CONTINUOUS
 10
73.7746952132
 20
134.3303100739
 11
74.3248202132
 21
134.3303100739
  0
LINE
  5
56C
100
AcDbEntity
  8
0
100
AcDbLine
 62
7
  6
CONTINUOUS
 10
76.983758063
 20
134.4069058095
 11
79.5510077132
 21
134.4069058095
  0
LINE
  5
56D
100
AcDbEntity
  8
0
100
AcDbLine
 62
7
  6
CONTINUOUS
 10
69.2820075384
 20
132.798395155
 11
69.7404453881
 21
132.7217994128
  0
LINE
  5
56E
100
AcDbEntity
  8
0
100
AcDbLine
 62
7
  6
CONTINUOUS
 10
73.132883063
 20
132.798395155
 11
73.5913198635
 21
132.7217994128
  0
LINE
  5
56F
100
AcDbEntity
  8
0
100
AcDbLine
 62
7
  6
CONTINUOUS
 10
69.7404453881
 20
133.1813738797
 11
69.3736952132
 21
133.2579696153
  0
LINE
  5
570
100
AcDbEntity
  8
0
100
AcDbLine
 62
7
  6
CONTINUOUS
 10
73.5913198635
 20
133.1813738797
 11
73.2245702132
 21
133.2579696153
  0
LINE
  5
571
100
AcDbEntity
  8
0
100
AcDbLine
 62
7
  6
CONTINUOUS
 10
73.407945563
 20
134.4069058095
 11
73.7746952132
 21
134.3303100739
  0
LINE
  5
572
100
AcDbEntity
  8
0
100
AcDbLine
 62
7
  6
CONTINUOUS
 10
74.3248202132
 20
134.3303100739
 11
74.6915698635
 21
134.2537143384
  0
LINE
  5
573
100
AcDbEntity
  8
0
100
AcDbLine
 62
7
  6
CONTINUOUS
 10
66.4396951258
 20
135.938820735
 11
66.7147576258
 21
135.8622249995
  0
LINE
  5
574
100
AcDbEntity
  8
0
100
AcDbLine
 62
7
  6
CONTINUOUS
 10
73.0411948635
 20
134.5600972806
 11
73.407945563
 21
134.4069058095
  0
LINE
  5
575
100
AcDbEntity
  8
0
100
AcDbLine
 62
7
  6
CONTINUOUS
 10
75.1500077132
 20
134.5600972806
 11
74.783258063
 21
134.7132887517
  0
LINE
  5
576
100
AcDbEntity
  8
0
100
AcDbLine
 62
7
  6
CONTINUOUS
 10
72.6744452132
 20
133.0281823818
 11
73.132883063
 21
132.798395155
  0
LINE
  5
577
100
AcDbEntity
  8
0
100
AcDbLine
 62
7
  6
CONTINUOUS
 10
73.4996327132
 20
134.8664802228
 11
73.2245702132
 21
135.0196716939
  0
LINE
  5
578
100
AcDbEntity
  8
0
100
AcDbLine
 62
7
  6
CONTINUOUS
 10
74.6915698635
 20
134.2537143384
 11
74.9666323635
 21
134.1005228673
  0
LINE
  5
579
100
AcDbEntity
  8
RUNDUNGEN
100
AcDbLine
 62
9
  6
CONTINUOUS
 10
83.4253408222
 20
128.6845002719
 11
84.2912343261
 21
128.1845764243
  0
LINE
  5
57A
100
AcDbEntity
  8
0
100
AcDbLine
 62
7
  6
CONTINUOUS
 10
75.058320563
 20
136.0154164706
 11
74.6915698635
 21
136.2452036772
  0
LINE
  5
57B
100
AcDbEntity
  8
0
100
AcDbLine
 62
7
  6
CONTINUOUS
 10
75.5167573635
 20
134.2537143384
 11
75.1500077132
 21
134.5600972806
  0
LINE
  5
57C
100
AcDbEntity
  8
0
100
AcDbLine
 62
7
  6
CONTINUOUS
 10
74.5998827132
 20
135.7856292639
 11
74.783258063
 21
135.6324377928
  0
LINE
  5
57D
100
AcDbEntity
  8
RUNDUNGEN
100
AcDbLine
 62
9
  6
CONTINUOUS
 10
89.8149396016
 20
86.6211275557
 11
90.4441061302
 21
88.0132810669
  0
LINE
  5
57E
100
AcDbEntity
  8
AUSFORMSCHRAEGEN
100
AcDbLine
 62
7
  6
CONTINUOUS
 10
90.7289355794
 20
87.571989171
 11
90.1446942158
 21
86.2792413388
  0
LINE
  5
57F
100
AcDbEntity
  8
AUSFORMSCHRAEGEN
100
AcDbLine
 62
7
  6
CONTINUOUS
 10
91.566079847
 20
83.0099510552
 11
92.1503212107
 21
84.3026988873
  0
LINE
  5
580
100
AcDbEntity
  8
RUNDUNGEN
100
AcDbLine
 62
7
  6
CONTINUOUS
 10
91.8509092963
 20
88.0132810669
 11
91.566079847
 21
87.571989171
  0
LINE
  5
581
100
AcDbEntity
  8
RUNDUNGEN
100
AcDbLine
 62
7
  6
CONTINUOUS
 10
88.3751967594
 20
84.5498387409
 11
88.8164886554
 21
84.8460929429
  0
LINE
  5
582
100
AcDbEntity
  8
RUNDUNGEN
100
AcDbLine
 62
9
  6
CONTINUOUS
 10
88.1782352088
 20
86.1643284478
 11
89.66776042
 21
86.7737214285
  0
LINE
  5
583
100
AcDbEntity
  8
RUNDUNGEN
100
AcDbLine
 62
9
  6
CONTINUOUS
 10
88.3751967594
 20
86.0321014852
 11
89.8149396016
 21
86.6211275557
  0
LINE
  5
584
100
AcDbEntity
  8
AUSFORMSCHRAEGEN
100
AcDbLine
 62
7
  6
CONTINUOUS
 10
90.1446942158
 20
86.2792413388
 11
88.8164886554
 21
85.7358472832
  0
LINE
  5
585
100
AcDbEntity
  8
0
100
AcDbLine
 62
7
  6
CONTINUOUS
 10
66.7147576258
 20
134.8664802228
 11
66.4396951258
 21
134.7898844872
  0
LINE
  5
586
100
AcDbEntity
  8
0
100
AcDbLine
 62
7
  6
CONTINUOUS
 10
73.7746952132
 20
136.3217994128
 11
73.407945563
 21
136.2452036772
  0
LINE
  5
587
100
AcDbEntity
  8
0
100
AcDbLine
 62
7
  6
CONTINUOUS
 10
66.3480077132
 20
134.3303100739
 11
66.8064453007
 21
134.4069058095
  0
LINE
  5
588
100
AcDbEntity
  8
0
100
AcDbLine
 62
7
  6
CONTINUOUS
 10
74.3248202132
 20
134.7898844872
 11
73.7746952132
 21
134.7898844872
  0
LINE
  5
589
100
AcDbEntity
  8
0
100
AcDbLine
 62
7
  6
CONTINUOUS
 10
66.4396951258
 20
134.7898844872
 11
64.6976327132
 21
134.7898844872
  0
LINE
  5
58A
100
AcDbEntity
  8
0
100
AcDbLine
 62
7
  6
CONTINUOUS
 10
79.5510077132
 20
134.8664802228
 11
76.983758063
 21
134.8664802228
  0
LINE
  5
58B
100
AcDbEntity
  8
0
100
AcDbLine
 62
7
  6
CONTINUOUS
 10
74.8749452132
 20
135.4792463217
 11
75.4250702132
 21
135.4792463217
  0
LINE
  5
58C
100
AcDbEntity
  8
0
100
AcDbLine
 62
9
  6
CONTINUOUS
 10
82.1475077132
 20
135.5217994128
 11
81.3475077132
 21
135.5217994128
  0
LINE
  5
58D
100
AcDbEntity
  8
0
100
AcDbLine
 62
9
  6
CONTINUOUS
 10
62.1475077132
 20
135.5217994128
 11
62.9475077132
 21
135.5217994128
  0
LINE
  5
58E
100
AcDbEntity
  8
AUSFORMSCHRAEGEN
100
AcDbLine
 62
7
  6
CONTINUOUS
 10
53.566079847
 20
135.571989171
 11
52.7289355794
 21
135.571989171
  0
LINE
  5
58F
100
AcDbEntity
  8
0
100
AcDbLine
 62
7
  6
CONTINUOUS
 10
73.7746952132
 20
135.8622249995
 11
74.3248202132
 21
135.8622249995
  0
LINE
  5
590
100
AcDbEntity
  8
0
100
AcDbLine
 62
7
  6
CONTINUOUS
 10
64.6976327132
 20
135.938820735
 11
66.4396951258
 21
135.938820735
  0
LINE
  5
591
100
AcDbEntity
  8
RUNDUNGEN
100
AcDbLine
 62
9
  6
CONTINUOUS
 10
52.4441061302
 20
136.0132810669
 11
53.8509092963
 21
136.0132810669
  0
LINE
  5
592
100
AcDbEntity
  8
RUNDUNGEN
100
AcDbLine
 62
9
  6
CONTINUOUS
 10
52.3169783708
 20
136.2102426175
 11
53.9780370557
 21
136.2102426175
  0
LINE
  5
593
100
AcDbEntity
  8
0
100
AcDbLine
 62
7
  6
CONTINUOUS
 10
80.1011327132
 20
136.3217994128
 11
79.5510077132
 21
136.3217994128
  0
LINE
  5
594
100
AcDbEntity
  8
0
100
AcDbLine
 62
7
  6
CONTINUOUS
 10
76.983758063
 20
136.3217994128
 11
76.433633063
 21
136.3217994128
  0
LINE
  5
595
100
AcDbEntity
  8
0
100
AcDbLine
 62
7
  6
CONTINUOUS
 10
74.233133063
 20
136.3217994128
 11
73.7746952132
 21
136.3217994128
  0
LINE
  5
596
100
AcDbEntity
  8
0
100
AcDbLine
 62
7
  6
CONTINUOUS
 10
71.5741952132
 20
136.3217994128
 11
71.0240702132
 21
136.3217994128
  0
LINE
  5
597
100
AcDbEntity
  8
0
100
AcDbLine
 62
7
  6
CONTINUOUS
 10
68.8235702132
 20
136.3217994128
 11
68.2734452132
 21
136.3217994128
  0
LINE
  5
598
100
AcDbEntity
  8
0
100
AcDbLine
 62
7
  6
CONTINUOUS
 10
66.3480077132
 20
136.3217994128
 11
64.1475077132
 21
136.3217994128
  0
LINE
  5
599
100
AcDbEntity
  8
0
100
AcDbLine
 62
9
  6
CONTINUOUS
 10
82.1475077132
 20
137.154196387
 11
81.3475077132
 21
137.154196387
  0
LINE
  5
59A
100
AcDbEntity
  8
0
100
AcDbLine
 62
9
  6
CONTINUOUS
 10
62.1475077132
 20
137.154196387
 11
62.9475077132
 21
137.154196387
  0
LINE
  5
59B
100
AcDbEntity
  8
0
100
AcDbLine
 62
7
  6
CONTINUOUS
 10
74.783258063
 20
134.7132887517
 11
74.3248202132
 21
134.7898844872
  0
LINE
  5
59C
100
AcDbEntity
  8
0
100
AcDbLine
 62
7
  6
CONTINUOUS
 10
66.8064453007
 20
136.2452036772
 11
66.3480077132
 21
136.3217994128
  0
LINE
  5
59D
100
AcDbEntity
  8
0
100
AcDbLine
 62
7
  6
CONTINUOUS
 10
74.6915698635
 20
136.2452036772
 11
74.233133063
 21
136.3217994128
  0
LINE
  5
59E
100
AcDbEntity
  8
0
100
AcDbLine
 62
7
  6
CONTINUOUS
 10
73.7746952132
 20
134.7898844872
 11
73.4996327132
 21
134.8664802228
  0
LINE
  5
59F
100
AcDbEntity
  8
0
100
AcDbLine
 62
7
  6
CONTINUOUS
 10
74.3248202132
 20
135.8622249995
 11
74.5998827132
 21
135.7856292639
  0
LINE
  5
5A0
100
AcDbEntity
  8
0
100
AcDbLine
 62
7
  6
CONTINUOUS
 10
70.9759503418
 20
139.5885260319
 11
71.4135043893
 21
139.3359040848
  0
LINE
  5
5A1
100
AcDbEntity
  8
0
100
AcDbLine
 62
7
  6
CONTINUOUS
 10
72.6748310595
 20
138.6076767922
 11
73.3062947604
 21
138.2431010545
  0
LINE
  5
5A2
100
AcDbEntity
  8
0
100
AcDbLine
 62
7
  6
CONTINUOUS
 10
73.3190650847
 20
138.7168533287
 11
72.8831643929
 21
138.9685207104
  0
LINE
  5
5A3
100
AcDbEntity
  8
0
100
AcDbLine
 62
7
  6
CONTINUOUS
 10
71.6218377226
 20
139.696748003
 11
70.9887206661
 21
140.0622783061
  0
LINE
  5
5A4
100
AcDbEntity
  8
RUNDUNGEN
100
AcDbLine
 62
9
  6
CONTINUOUS
 10
92.4800758248
 20
83.9608126704
 11
91.8509092963
 21
82.5686591592
  0
LINE
  5
5A5
100
AcDbEntity
  8
RUNDUNGEN
100
AcDbLine
 62
9
  6
CONTINUOUS
 10
92.6272550065
 20
83.8082187977
 11
91.9780370557
 21
82.3716976086
  0
LINE
  5
5A6
100
AcDbEntity
  8
RUNDUNGEN
100
AcDbLine
 62
7
  6
CONTINUOUS
 10
90.4441061302
 20
82.5686591592
 11
90.7289355794
 21
83.0099510552
  0
LINE
  5
5A7
100
AcDbEntity
  8
RUNDUNGEN
100
AcDbLine
 62
7
  6
CONTINUOUS
 10
89.8149396016
 20
83.9608126704
 11
90.1446942158
 21
84.3026988873
  0
LINE
  5
5A8
100
AcDbEntity
  8
RUNDUNGEN
100
AcDbLine
 62
7
  6
CONTINUOUS
 10
92.4800758248
 20
86.6211275557
 11
92.1503212107
 21
86.2792413388
  0
LINE
  5
5A9
100
AcDbEntity
  8
RUNDUNGEN
100
AcDbLine
 62
7
  6
CONTINUOUS
 10
93.9198186671
 20
86.0321014852
 11
93.4785267711
 21
85.7358472832
  0
LINE
  5
5AA
100
AcDbEntity
  8
AUSFORMSCHRAEGEN
100
AcDbLine
 62
7
  6
CONTINUOUS
 10
92.1503212107
 20
84.3026988873
 11
93.4785267711
 21
84.8460929429
  0
LINE
  5
5AB
100
AcDbEntity
  8
RUNDUNGEN
100
AcDbLine
 62
9
  6
CONTINUOUS
 10
93.9198186671
 20
84.5498387409
 11
92.4800758248
 21
83.9608126704
  0
LINE
  5
5AC
100
AcDbEntity
  8
RUNDUNGEN
100
AcDbLine
 62
9
  6
CONTINUOUS
 10
94.1167802177
 20
84.4176117784
 11
92.6272550065
 21
83.8082187977
  0
LINE
  5
5AD
100
AcDbEntity
  8
0
100
AcDbLine
 62
7
  6
CONTINUOUS
 10
123.5803753616
 20
108.5109701131
 11
123.5803753616
 21
82.1109701131
  0
LINE
  5
5AE
100
AcDbEntity
  8
0
100
AcDbLine
 62
7
  6
CONTINUOUS
 10
196.1803753616
 20
68.1424377765
 11
201.1803753616
 21
68.1424377765
  0
LINE
  5
5AF
100
AcDbEntity
  8
0
100
AcDbLine
 62
7
  6
CONTINUOUS
 10
130.3803753616
 20
100.3109701131
 11
130.3803753616
 21
97.4109701131
  0
LINE
  5
5B0
100
AcDbEntity
  8
0
100
AcDbLine
 62
7
  6
CONTINUOUS
 10
130.3803753616
 20
91.3109701131
 11
130.3803753616
 21
94.2109701131
  0
LINE
  5
5B1
100
AcDbEntity
  8
0
100
AcDbLine
 62
7
  6
CONTINUOUS
 10
196.1803753616
 20
69.8235158406
 11
201.1803753616
 21
69.8235158406
  0
LINE
  5
5B2
100
AcDbEntity
  8
0
100
AcDbLine
 62
7
  6
CONTINUOUS
 10
133.9803753616
 20
100.3109701131
 11
133.9803753616
 21
97.4109701131
  0
LINE
  5
5B3
100
AcDbEntity
  8
0
100
AcDbLine
 62
7
  6
CONTINUOUS
 10
133.9803753616
 20
91.3109701131
 11
133.9803753616
 21
94.2109701131
  0
LINE
  5
5B4
100
AcDbEntity
  8
RUNDUNGEN
100
AcDbLine
 62
7
  6
CONTINUOUS
 10
192.6797663742
 20
78.3084092315
 11
195.408294959
 21
78.4036915493
  0
LINE
  5
5B5
100
AcDbEntity
  8
FASEN
100
AcDbLine
 62
7
  6
CONTINUOUS
 10
153.5803753616
 20
133.7909701131
 11
153.1803753616
 21
133.3909701131
  0
LINE
  5
5B6
100
AcDbEntity
  8
0
100
AcDbLine
 62
7
  6
CONTINUOUS
 10
179.4657957175
 20
83.1970043374
 11
180.1803753616
 21
83.3881814793
  0
LINE
  5
5B7
100
AcDbEntity
  8
BEZUGSACHSEN
100
AcDbLine
 62
9
  6
CONTINUOUS
 10
179.2566772348
 20
83.4051443932
 11
180.1803753616
 21
83.6277341377
  0
LINE
  5
5B8
100
AcDbEntity
  8
0
100
AcDbLine
 62
7
  6
CONTINUOUS
 10
192.6803753616
 20
78.2909701131
 11
192.1803753616
 21
78.2909701131
  0
LINE
  5
5B9
100
AcDbEntity
  8
0
100
AcDbLine
 62
7
  6
CONTINUOUS
 10
191.1803753616
 20
79.8909701131
 11
180.1803753616
 21
79.8909701131
  0
LINE
  5
5BA
100
AcDbEntity
  8
FASEN
100
AcDbLine
 62
7
  6
CONTINUOUS
 10
187.659996463
 20
80.2909701131
 11
185.4607542603
 21
80.2909701131
  0
LINE
  5
5BB
100
AcDbEntity
  8
FASEN
100
AcDbLine
 62
7
  6
CONTINUOUS
 10
169.879996463
 20
80.2909701131
 11
167.6807542603
 21
80.2909701131
  0
LINE
  5
5BC
100
AcDbEntity
  8
FASEN
100
AcDbLine
 62
7
  6
CONTINUOUS
 10
188.0603753616
 20
80.6909701131
 11
185.0603753616
 21
80.6909701131
  0
LINE
  5
5BD
100
AcDbEntity
  8
FASEN
100
AcDbLine
 62
7
  6
CONTINUOUS
 10
170.2803753616
 20
80.6909701131
 11
167.2803753616
 21
80.6909701131
  0
LINE
  5
5BE
100
AcDbEntity
  8
RUNDUNGEN
100
AcDbLine
 62
9
  6
CONTINUOUS
 10
190.1803753616
 20
81.5159622349
 11
188.0603753616
 21
81.5159622349
  0
LINE
  5
5BF
100
AcDbEntity
  8
RUNDUNGEN
100
AcDbLine
 62
9
  6
CONTINUOUS
 10
185.0603753616
 20
81.5159622349
 11
180.1803753616
 21
81.5159622349
  0
LINE
  5
5C0
100
AcDbEntity
  8
0
100
AcDbLine
 62
7
  6
CONTINUOUS
 10
123.5803753616
 20
82.1109701131
 11
155.7803753616
 21
82.1109701131
  0
LINE
  5
5C1
100
AcDbEntity
  8
RUNDUNGEN
100
AcDbLine
 62
9
  6
CONTINUOUS
 10
190.1803753616
 20
82.1424240509
 11
188.0603753616
 21
82.1424240509
  0
LINE
  5
5C2
100
AcDbEntity
  8
RUNDUNGEN
100
AcDbLine
 62
9
  6
CONTINUOUS
 10
185.0603753616
 20
82.1424240509
 11
180.1803753616
 21
82.1424240509
  0
LINE
  5
5C3
100
AcDbEntity
  8
0
100
AcDbLine
 62
7
  6
CONTINUOUS
 10
159.7803753616
 20
82.7909701131
 11
156.5803753616
 21
82.7909701131
  0
LINE
  5
5C4
100
AcDbEntity
  8
RUNDUNGEN
100
AcDbLine
 62
9
  6
CONTINUOUS
 10
153.5803753616
 20
83.1109701131
 11
156.5803753616
 21
83.1109701131
  0
LINE
  5
5C5
100
AcDbEntity
  8
BEZUGSACHSEN
100
AcDbLine
 62
7
  6
CONTINUOUS
 10
177.9140032151
 20
83.4709701131
 11
177.0885614374
 21
83.4709701131
  0
LINE
  5
5C6
100
AcDbEntity
  8
0
100
AcDbLine
 62
7
  6
CONTINUOUS
 10
166.2806208202
 20
84.2909701131
 11
171.2801299031
 21
84.2909701131
  0
LINE
  5
5C7
100
AcDbEntity
  8
0
100
AcDbLine
 62
7
  6
CONTINUOUS
 10
184.0606208202
 20
84.2909701131
 11
189.0601299031
 21
84.2909701131
  0
LINE
  5
5C8
100
AcDbEntity
  8
BEZUGSACHSEN
100
AcDbLine
 62
7
  6
CONTINUOUS
 10
190.1803753616
 20
84.2909701131
 11
192.1803753616
 21
84.2909701131
  0
LINE
  5
5C9
100
AcDbEntity
  8
0
100
AcDbLine
 62
9
  6
CONTINUOUS
 10
180.1803753616
 20
84.5810699251
 11
184.0603753616
 21
84.5810699251
  0
LINE
  5
5CA
100
AcDbEntity
  8
0
100
AcDbLine
 62
9
  6
CONTINUOUS
 10
189.0603753616
 20
84.5810699251
 11
190.1803753616
 21
84.5810699251
  0
LINE
  5
5CB
100
AcDbEntity
  8
0
100
AcDbLine
 62
9
  6
CONTINUOUS
 10
192.6803753616
 20
85.2909701131
 11
192.1803753616
 21
85.2909701131
  0
LINE
  5
5CC
100
AcDbEntity
  8
0
100
AcDbLine
 62
7
  6
CONTINUOUS
 10
190.1803753616
 20
85.2909701131
 11
188.4472775849
 21
85.2909701131
  0
LINE
  5
5CD
100
AcDbEntity
  8
0
100
AcDbLine
 62
7
  6
CONTINUOUS
 10
184.6734731384
 20
85.2909701131
 11
159.7803753616
 21
85.2909701131
  0
LINE
  5
5CE
100
AcDbEntity
  8
RUNDUNGEN
100
AcDbLine
 62
9
  6
CONTINUOUS
 10
192.1803753616
 20
85.2909701131
 11
196.1803753616
 21
85.2909701131
  0
LINE
  5
5CF
100
AcDbEntity
  8
0
100
AcDbLine
 62
7
  6
CONTINUOUS
 10
153.5803753616
 20
86.2886408939
 11
155.7803753616
 21
86.2886408939
  0
LINE
  5
5D0
100
AcDbEntity
  8
0
100
AcDbLine
 62
7
  6
CONTINUOUS
 10
190.1803753616
 20
86.9409701131
 11
159.7803753616
 21
86.9409701131
  0
LINE
  5
5D1
100
AcDbEntity
  8
0
100
AcDbLine
 62
7
  6
CONTINUOUS
 10
190.1803753616
 20
87.2510064108
 11
191.8923591031
 21
87.2510064108
  0
LINE
  5
5D2
100
AcDbEntity
  8
0
100
AcDbLine
 62
3
  6
CONTINUOUS
 10
168.8803753616
 20
87.8909701131
 11
159.7803753616
 21
87.8909701131
  0
LINE
  5
5D3
100
AcDbEntity
  8
RUNDUNGEN
100
AcDbLine
 62
3
  6
CONTINUOUS
 10
156.458472525
 20
87.8909701131
 11
156.5803753616
 21
87.8909701131
  0
LINE
  5
5D4
100
AcDbEntity
  8
0
100
AcDbLine
 62
7
  6
CONTINUOUS
 10
156.4363484845
 20
87.9409701131
 11
156.5803753616
 21
87.9409701131
  0
LINE
  5
5D5
100
AcDbEntity
  8
0
100
AcDbLine
 62
7
  6
CONTINUOUS
 10
159.7803753616
 20
87.9409701131
 11
190.5803753616
 21
87.9409701131
  0
LINE
  5
5D6
100
AcDbEntity
  8
0
100
AcDbLine
 62
7
  6
CONTINUOUS
 10
168.8803753616
 20
88.3909701131
 11
159.7803753616
 21
88.3909701131
  0
LINE
  5
5D7
100
AcDbEntity
  8
0
100
AcDbLine
 62
3
  6
CONTINUOUS
 10
156.4363484845
 20
88.4409701131
 11
156.5803753616
 21
88.4409701131
  0
LINE
  5
5D8
100
AcDbEntity
  8
0
100
AcDbLine
 62
3
  6
CONTINUOUS
 10
159.7803753616
 20
88.4409701131
 11
190.5803753616
 21
88.4409701131
  0
LINE
  5
5D9
100
AcDbEntity
  8
0
100
AcDbLine
 62
9
  6
CONTINUOUS
 10
155.6363484845
 20
88.7409701131
 11
156.1363484845
 21
88.7409701131
  0
LINE
  5
5DA
100
AcDbEntity
  8
0
100
AcDbLine
 62
9
  6
CONTINUOUS
 10
169.3803753616
 20
88.8909701131
 11
169.8803753616
 21
88.8909701131
  0
LINE
  5
5DB
100
AcDbEntity
  8
0
100
AcDbLine
 62
3
  6
CONTINUOUS
 10
169.0084726884
 20
89.0409701131
 11
159.7803753616
 21
89.0409701131
  0
LINE
  5
5DC
100
AcDbEntity
  8
0
100
AcDbLine
 62
3
  6
CONTINUOUS
 10
156.5803753616
 20
89.0409701131
 11
156.4363484845
 21
89.0409701131
  0
LINE
  5
5DD
100
AcDbEntity
  8
BEZUGSACHSEN
100
AcDbLine
 62
9
  6
CONTINUOUS
 10
177.7393301873
 20
83.6541661279
 11
178.7612207798
 21
83.4079112875
  0
LINE
  5
5DE
100
AcDbEntity
  8
0
100
AcDbLine
 62
7
  6
CONTINUOUS
 10
177.9014105321
 20
83.4743381852
 11
178.8184879339
 21
83.2290087486
  0
LINE
  5
5DF
100
AcDbEntity
  8
FASEN
100
AcDbLine
 62
7
  6
CONTINUOUS
 10
167.2803753616
 20
80.6909701131
 11
167.6803753616
 21
80.2909701131
  0
LINE
  5
5E0
100
AcDbEntity
  8
0
100
AcDbLine
 62
7
  6
CONTINUOUS
 10
178.0061800435
 20
135.6407574623
 11
177.7596758507
 21
135.4984382003
  0
LINE
  5
5E1
100
AcDbEntity
  8
0
100
AcDbLine
 62
7
  6
CONTINUOUS
 10
177.0885614374
 20
135.1109701131
 11
176.0146899367
 21
134.4909701131
  0
LINE
  5
5E2
100
AcDbEntity
  8
0
100
AcDbLine
 62
7
  6
CONTINUOUS
 10
190.1803753616
 20
89.4409701131
 11
169.8803753616
 21
89.4409701131
  0
LINE
  5
5E3
100
AcDbEntity
  8
0
100
AcDbLine
 62
7
  6
CONTINUOUS
 10
169.3803753616
 20
89.4409701131
 11
169.0084726884
 21
89.4409701131
  0
LINE
  5
5E4
100
AcDbEntity
  8
0
100
AcDbLine
 62
7
  6
CONTINUOUS
 10
169.0084726884
 20
89.5409701131
 11
159.7803753616
 21
89.5409701131
  0
LINE
  5
5E5
100
AcDbEntity
  8
0
100
AcDbLine
 62
7
  6
CONTINUOUS
 10
156.5803753616
 20
89.5409701131
 11
156.4363484845
 21
89.5409701131
  0
LINE
  5
5E6
100
AcDbEntity
  8
0
100
AcDbLine
 62
7
  6
CONTINUOUS
 10
190.1803753616
 20
89.5486298263
 11
169.8803753616
 21
89.5486298263
  0
LINE
  5
5E7
100
AcDbEntity
  8
0
100
AcDbLine
 62
7
  6
CONTINUOUS
 10
169.3803753616
 20
89.5486298263
 11
169.0084726884
 21
89.5486298263
  0
LINE
  5
5E8
100
AcDbEntity
  8
0
100
AcDbLine
 62
7
  6
CONTINUOUS
 10
169.9803753616
 20
89.9198575999
 11
169.8803753616
 21
89.9198575999
  0
LINE
  5
5E9
100
AcDbEntity
  8
0
100
AcDbLine
 62
7
  6
CONTINUOUS
 10
169.3803753616
 20
89.9198575999
 11
166.9803753616
 21
89.9198575999
  0
LINE
  5
5EA
100
AcDbEntity
  8
0
100
AcDbLine
 62
7
  6
CONTINUOUS
 10
169.9803753616
 20
91.0426825222
 11
166.9803753616
 21
91.0426825222
  0
LINE
  5
5EB
100
AcDbEntity
  8
0
100
AcDbLine
 62
7
  6
CONTINUOUS
 10
130.3803753616
 20
91.3109701131
 11
133.9803753616
 21
91.3109701131
  0
LINE
  5
5EC
100
AcDbEntity
  8
0
100
AcDbLine
 62
7
  6
CONTINUOUS
 10
177.0885614374
 20
83.4709701131
 11
176.0146899367
 21
84.0909701131
  0
LINE
  5
5ED
100
AcDbEntity
  8
FASEN
100
AcDbLine
 62
7
  6
CONTINUOUS
 10
153.1803753616
 20
131.1913490117
 11
153.1803753616
 21
133.3905912144
  0
LINE
  5
5EE
100
AcDbEntity
  8
0
100
AcDbLine
 62
7
  6
CONTINUOUS
 10
153.5803753616
 20
108.5109701131
 11
153.5803753616
 21
107.1109701131
  0
LINE
  5
5EF
100
AcDbEntity
  8
0
100
AcDbLine
 62
7
  6
CONTINUOUS
 10
153.5803753616
 20
106.5109701131
 11
153.5803753616
 21
96.5809701131
  0
LINE
  5
5F0
100
AcDbEntity
  8
0
100
AcDbLine
 62
7
  6
CONTINUOUS
 10
153.5803753616
 20
93.9809701131
 11
153.5803753616
 21
82.1109701131
  0
LINE
  5
5F1
100
AcDbEntity
  8
FASEN
100
AcDbLine
 62
7
  6
CONTINUOUS
 10
153.5803753616
 20
130.7909701131
 11
153.5803753616
 21
133.7909701131
  0
LINE
  5
5F2
100
AcDbEntity
  8
0
100
AcDbLine
 62
7
  6
CONTINUOUS
 10
153.7803753616
 20
118.2909701131
 11
153.7803753616
 21
118.8909701131
  0
LINE
  5
5F3
100
AcDbEntity
  8
0
100
AcDbLine
 62
7
  6
CONTINUOUS
 10
154.1859357237
 20
113.7709701131
 11
154.1859357237
 21
113.1709701131
  0
LINE
  5
5F4
100
AcDbEntity
  8
0
100
AcDbLine
 62
9
  6
CONTINUOUS
 10
154.2803753616
 20
118.8909701131
 11
154.2803753616
 21
118.2909701131
  0
LINE
  5
5F5
100
AcDbEntity
  8
0
100
AcDbLine
 62
9
  6
CONTINUOUS
 10
154.6859357237
 20
113.7709701131
 11
154.6859357237
 21
113.1709701131
  0
LINE
  5
5F6
100
AcDbEntity
  8
0
100
AcDbLine
 62
7
  6
CONTINUOUS
 10
163.281308604
 20
94.8939139407
 11
159.7803753616
 21
93.9809701131
  0
LINE
  5
5F7
100
AcDbEntity
  8
0
100
AcDbLine
 62
7
  6
CONTINUOUS
 10
156.5803753616
 20
93.9809701131
 11
153.5803753616
 21
93.9809701131
  0
LINE
  5
5F8
100
AcDbEntity
  8
0
100
AcDbLine
 62
7
  6
CONTINUOUS
 10
130.3803753616
 20
94.2109701131
 11
133.9803753616
 21
94.2109701131
  0
LINE
  5
5F9
100
AcDbEntity
  8
RUNDUNGEN
100
AcDbLine
 62
7
  6
CONTINUOUS
 10
180.1803753616
 20
95.0909701131
 11
166.9803753616
 21
95.0909701131
  0
LINE
  5
5FA
100
AcDbEntity
  8
0
100
AcDbLine
 62
7
  6
CONTINUOUS
 10
163.530457629
 20
95.0909701131
 11
166.9803753616
 21
95.0909701131
  0
LINE
  5
5FB
100
AcDbEntity
  8
0
100
AcDbLine
 62
9
  6
CONTINUOUS
 10
169.8803753616
 20
95.9957366266
 11
169.3803753616
 21
95.9957366266
  0
LINE
  5
5FC
100
AcDbEntity
  8
0
100
AcDbLine
 62
7
  6
CONTINUOUS
 10
153.5803753616
 20
96.5809701131
 11
156.5803753616
 21
96.5809701131
  0
LINE
  5
5FD
100
AcDbEntity
  8
0
100
AcDbLine
 62
7
  6
CONTINUOUS
 10
172.2803753616
 20
96.6690355362
 11
170.6803753616
 21
96.6690355362
  0
LINE
  5
5FE
100
AcDbEntity
  8
0
100
AcDbLine
 62
9
  6
CONTINUOUS
 10
172.2803753616
 20
96.9380725035
 11
170.6803753616
 21
96.9380725035
  0
LINE
  5
5FF
100
AcDbEntity
  8
0
100
AcDbLine
 62
7
  6
CONTINUOUS
 10
159.7803753616
 20
96.5809701131
 11
163.281308604
 21
95.6680262855
  0
LINE
  5
600
100
AcDbEntity
  8
0
100
AcDbLine
 62
7
  6
CONTINUOUS
 10
154.9078386459
 20
102.8517672113
 11
153.5803753616
 21
104.405242284
  0
LINE
  5
601
100
AcDbEntity
  8
0
100
AcDbLine
 62
7
  6
CONTINUOUS
 10
153.5803753616
 20
105.4827659849
 11
155.4400094191
 21
103.3065135892
  0
LINE
  5
602
100
AcDbEntity
  8
RUNDUNGEN
100
AcDbLine
 62
9
  6
CONTINUOUS
 10
155.7803753616
 20
82.1109701131
 11
155.7803753616
 21
83.1109701131
  0
LINE
  5
603
100
AcDbEntity
  8
0
100
AcDbLine
 62
9
  6
CONTINUOUS
 10
155.7803753616
 20
83.1109701131
 11
155.7803753616
 21
86.2886408939
  0
LINE
  5
604
100
AcDbEntity
  8
0
100
AcDbLine
 62
9
  6
CONTINUOUS
 10
156.4363484845
 20
89.5409701131
 11
156.4363484845
 21
89.0409701131
  0
LINE
  5
605
100
AcDbEntity
  8
0
100
AcDbLine
 62
9
  6
CONTINUOUS
 10
156.4363484845
 20
87.9409701131
 11
156.4363484845
 21
88.4409701131
  0
LINE
  5
606
100
AcDbEntity
  8
RUNDUNGEN
100
AcDbLine
 62
7
  6
CONTINUOUS
 10
156.458472525
 20
87.9409701131
 11
156.458472525
 21
87.8909701131
  0
LINE
  5
607
100
AcDbEntity
  8
0
100
AcDbLine
 62
7
  6
CONTINUOUS
 10
156.5803753616
 20
82.7909701131
 11
156.5803753616
 21
137.3909701131
  0
LINE
  5
608
100
AcDbEntity
  8
0
100
AcDbLine
 62
7
  6
CONTINUOUS
 10
133.9803753616
 20
97.4109701131
 11
130.3803753616
 21
97.4109701131
  0
LINE
  5
609
100
AcDbEntity
  8
0
100
AcDbLine
 62
9
  6
CONTINUOUS
 10
168.2403753616
 20
98.4120147563
 11
167.7403753616
 21
98.4120147563
  0
LINE
  5
60A
100
AcDbEntity
  8
0
100
AcDbLine
 62
7
  6
CONTINUOUS
 10
169.4803753616
 20
98.8120147563
 11
168.7403753616
 21
98.8120147563
  0
LINE
  5
60B
100
AcDbEntity
  8
0
100
AcDbLine
 62
3
  6
CONTINUOUS
 10
168.7403753616
 20
98.8120147563
 11
168.6403753616
 21
98.8120147563
  0
LINE
  5
60C
100
AcDbEntity
  8
0
100
AcDbLine
 62
7
  6
CONTINUOUS
 10
168.7403753616
 20
99.3120147563
 11
168.6403753616
 21
99.3120147563
  0
LINE
  5
60D
100
AcDbEntity
  8
0
100
AcDbLine
 62
3
  6
CONTINUOUS
 10
169.4803753616
 20
99.3120147563
 11
168.7403753616
 21
99.3120147563
  0
LINE
  5
60E
100
AcDbEntity
  8
0
100
AcDbLine
 62
7
  6
CONTINUOUS
 10
161.7125156248
 20
99.7809753707
 11
170.2156105995
 21
99.7809753707
  0
LINE
  5
60F
100
AcDbEntity
  8
0
100
AcDbLine
 62
7
  6
CONTINUOUS
 10
133.9803753616
 20
100.3109701131
 11
130.3803753616
 21
100.3109701131
  0
LINE
  5
610
100
AcDbEntity
  8
0
100
AcDbLine
 62
9
  6
CONTINUOUS
 10
172.2803753616
 20
100.8781262715
 11
170.6803753616
 21
100.8781262715
  0
LINE
  5
611
100
AcDbEntity
  8
0
100
AcDbLine
 62
7
  6
CONTINUOUS
 10
190.1803753616
 20
101.0423338622
 11
192.1803753616
 21
101.0423338622
  0
LINE
  5
612
100
AcDbEntity
  8
0
100
AcDbLine
 62
7
  6
CONTINUOUS
 10
159.7803753616
 20
82.7909701131
 11
159.7803753616
 21
137.3909701131
  0
LINE
  5
613
100
AcDbEntity
  8
FASEN
100
AcDbLine
 62
7
  6
CONTINUOUS
 10
160.6464007654
 20
106.2909701131
 11
160.6464007654
 21
112.2909701131
  0
LINE
  5
614
100
AcDbEntity
  8
0
100
AcDbLine
 62
9
  6
CONTINUOUS
 10
161.2656803297
 20
113.7709701131
 11
161.2656803297
 21
113.1709701131
  0
LINE
  5
615
100
AcDbEntity
  8
0
100
AcDbLine
 62
7
  6
CONTINUOUS
 10
162.9697537195
 20
118.2909701131
 11
162.9697537195
 21
118.8909701131
  0
LINE
  5
616
100
AcDbEntity
  8
0
100
AcDbLine
 62
7
  6
CONTINUOUS
 10
161.9476786898
 20
114.0396164115
 11
164.1803753616
 21
116.1216397407
  0
LINE
  5
617
100
AcDbEntity
  8
0
100
AcDbLine
 62
3
  6
CONTINUOUS
 10
162.3568777058
 20
113.6008041905
 11
164.1803753616
 21
115.3012432641
  0
LINE
  5
618
100
AcDbEntity
  8
FASEN
100
AcDbLine
 62
7
  6
CONTINUOUS
 10
160.6464007654
 20
112.2909701131
 11
159.7803753616
 21
111.7909701131
  0
LINE
  5
619
100
AcDbEntity
  8
0
100
AcDbLine
 62
9
  6
CONTINUOUS
 10
172.2803753616
 20
101.8606968318
 11
170.6803753616
 21
101.8606968318
  0
LINE
  5
61A
100
AcDbEntity
  8
0
100
AcDbLine
 62
7
  6
CONTINUOUS
 10
159.7803753616
 20
102.0809701131
 11
162.2013945991
 21
102.0809701131
  0
LINE
  5
61B
100
AcDbEntity
  8
RUNDUNGEN
100
AcDbLine
 62
7
  6
CONTINUOUS
 10
171.1803753616
 20
102.2991288939
 11
172.2803753616
 21
102.2991288939
  0
LINE
  5
61C
100
AcDbEntity
  8
0
100
AcDbLine
 62
7
  6
CONTINUOUS
 10
159.7803753616
 20
102.7809701131
 11
162.3501841922
 21
102.7809701131
  0
LINE
  5
61D
100
AcDbEntity
  8
FASEN
100
AcDbLine
 62
7
  6
CONTINUOUS
 10
160.6464007654
 20
106.2909701131
 11
159.7803753616
 21
106.7909701131
  0
LINE
  5
61E
100
AcDbEntity
  8
FASEN
100
AcDbLine
 62
7
  6
CONTINUOUS
 10
185.0603753616
 20
80.6909701131
 11
185.4603753616
 21
80.2909701131
  0
LINE
  5
61F
100
AcDbEntity
  8
0
100
AcDbLine
 62
7
  6
CONTINUOUS
 10
163.9697537195
 20
118.2909701131
 11
163.9697537195
 21
118.8909701131
  0
LINE
  5
620
100
AcDbEntity
  8
0
100
AcDbLine
 62
7
  6
CONTINUOUS
 10
164.1191320773
 20
118.8909701131
 11
164.1191320773
 21
118.2909701131
  0
LINE
  5
621
100
AcDbEntity
  8
0
100
AcDbLine
 62
7
  6
CONTINUOUS
 10
164.1803753616
 20
126.0292907138
 11
164.1803753616
 21
112.2909701131
  0
LINE
  5
622
100
AcDbEntity
  8
0
100
AcDbLine
 62
7
  6
CONTINUOUS
 10
166.2803753616
 20
85.2909701131
 11
166.2803753616
 21
84.2909701131
  0
LINE
  5
623
100
AcDbEntity
  8
0
100
AcDbLine
 62
7
  6
CONTINUOUS
 10
166.9803753616
 20
89.5486298263
 11
166.9803753616
 21
95.0909701131
  0
LINE
  5
624
100
AcDbEntity
  8
BEZUGSACHSEN
100
AcDbLine
 62
7
  6
CONTINUOUS
 10
167.2803753616
 20
84.2909701131
 11
167.2803753616
 21
80.6909701131
  0
LINE
  5
625
100
AcDbEntity
  8
0
100
AcDbLine
 62
7
  6
CONTINUOUS
 10
159.7803753616
 20
90.6909701131
 11
160.5207229592
 21
94.174031712
  0
LINE
  5
626
100
AcDbEntity
  8
0
100
AcDbLine
 62
7
  6
CONTINUOUS
 10
160.9665835258
 20
96.2716407581
 11
163.0962577237
 21
106.2909701131
  0
LINE
  5
627
100
AcDbEntity
  8
0
100
AcDbLine
 62
7
  6
CONTINUOUS
 10
201.7803753616
 20
105.8909701131
 11
201.1856112829
 21
105.8909701131
  0
LINE
  5
628
100
AcDbEntity
  8
BEZUGSACHSEN
100
AcDbLine
 62
7
  6
CONTINUOUS
 10
172.3803753616
 20
106.2909701131
 11
160.6464007654
 21
106.2909701131
  0
LINE
  5
629
100
AcDbEntity
  8
RUNDUNGEN
100
AcDbLine
 62
7
  6
CONTINUOUS
 10
153.5803753616
 20
106.5109701131
 11
155.7803753616
 21
106.5109701131
  0
LINE
  5
62A
100
AcDbEntity
  8
RUNDUNGEN
100
AcDbLine
 62
9
  6
CONTINUOUS
 10
153.5803753616
 20
107.1109701131
 11
156.5549720309
 21
107.1109701131
  0
LINE
  5
62B
100
AcDbEntity
  8
0
100
AcDbLine
 62
7
  6
CONTINUOUS
 10
123.5803753616
 20
108.5109701131
 11
156.5803753616
 21
108.5109701131
  0
LINE
  5
62C
100
AcDbEntity
  8
BEZUGSACHSEN
100
AcDbLine
 62
7
  6
CENTER
 10
207.8058856936
 20
109.0526896803
 11
148.7728432996
 21
109.0526896803
  0
LINE
  5
62D
100
AcDbEntity
  8
0
100
AcDbLine
 62
9
  6
CONTINUOUS
 10
161.9476786898
 20
114.0396164115
 11
162.3568777058
 21
113.6008041905
  0
LINE
  5
62E
100
AcDbEntity
  8
0
100
AcDbLine
 62
7
  6
CONTINUOUS
 10
161.9846362896
 20
114.0740799308
 11
162.3938353056
 21
113.6352677098
  0
LINE
  5
62F
100
AcDbEntity
  8
0
100
AcDbLine
 62
9
  6
CONTINUOUS
 10
168.2084726884
 20
89.0409701131
 11
168.2084726884
 21
89.5409701131
  0
LINE
  5
630
100
AcDbEntity
  8
0
100
AcDbLine
 62
9
  6
CONTINUOUS
 10
168.6403753616
 20
98.8120147563
 11
168.6403753616
 21
99.3120147563
  0
LINE
  5
631
100
AcDbEntity
  8
0
100
AcDbLine
 62
7
  6
CONTINUOUS
 10
168.7403753616
 20
99.3120147563
 11
168.7403753616
 21
98.8120147563
  0
LINE
  5
632
100
AcDbEntity
  8
0
100
AcDbLine
 62
9
  6
CONTINUOUS
 10
168.8803753616
 20
88.3909701131
 11
168.8803753616
 21
87.8909701131
  0
LINE
  5
633
100
AcDbEntity
  8
0
100
AcDbLine
 62
7
  6
CONTINUOUS
 10
169.0084726884
 20
89.5409701131
 11
169.0084726884
 21
89.0409701131
  0
LINE
  5
634
100
AcDbEntity
  8
0
100
AcDbLine
 62
7
  6
CONTINUOUS
 10
169.3803753616
 20
99.3120147563
 11
169.3803753616
 21
98.8120147563
  0
LINE
  5
635
100
AcDbEntity
  8
0
100
AcDbLine
 62
7
  6
CONTINUOUS
 10
169.3803753616
 20
95.9957366266
 11
169.3803753616
 21
95.0909701131
  0
LINE
  5
636
100
AcDbEntity
  8
0
100
AcDbLine
 62
7
  6
CONTINUOUS
 10
169.3803753616
 20
91.0426825222
 11
169.3803753616
 21
88.8909701131
  0
LINE
  5
637
100
AcDbEntity
  8
02___PRT_ALL_AXES
100
AcDbLine
 62
9
  6
CONTINUOUS
 10
169.4803753616
 20
99.3120147563
 11
169.4803753616
 21
98.8120147563
  0
LINE
  5
638
100
AcDbEntity
  8
0
100
AcDbLine
 62
3
  6
CONTINUOUS
 10
169.8803753616
 20
95.9957366266
 11
169.8803753616
 21
95.0909701131
  0
LINE
  5
639
100
AcDbEntity
  8
0
100
AcDbLine
 62
3
  6
CONTINUOUS
 10
169.8803753616
 20
91.0426825222
 11
169.8803753616
 21
88.8909701131
  0
LINE
  5
63A
100
AcDbEntity
  8
0
100
AcDbLine
 62
7
  6
CONTINUOUS
 10
169.9803753616
 20
89.9198575999
 11
169.9803753616
 21
91.0426825222
  0
LINE
  5
63B
100
AcDbEntity
  8
BEZUGSACHSEN
100
AcDbLine
 62
7
  6
CONTINUOUS
 10
170.2803753616
 20
84.2909701131
 11
170.2803753616
 21
80.6909701131
  0
LINE
  5
63C
100
AcDbEntity
  8
0
100
AcDbLine
 62
9
  6
CONTINUOUS
 10
170.4363484845
 20
88.4409701131
 11
170.4363484845
 21
87.9409701131
  0
LINE
  5
63D
100
AcDbEntity
  8
0
100
AcDbLine
 62
7
  6
CONTINUOUS
 10
170.6803753616
 20
96.6690873777
 11
170.6803753616
 21
97.8836854078
  0
LINE
  5
63E
100
AcDbEntity
  8
02___PRT_ALL_AXES
100
AcDbLine
 62
7
  6
CONTINUOUS
 10
170.6803753616
 20
97.8836854078
 11
170.6803753616
 21
98.2776907846
  0
LINE
  5
63F
100
AcDbEntity
  8
RUNDUNGEN
100
AcDbLine
 62
9
  6
CONTINUOUS
 10
170.6803753616
 20
98.2776907846
 11
170.6803753616
 21
99.5385079904
  0
LINE
  5
640
100
AcDbEntity
  8
RUNDUNGEN
100
AcDbLine
 62
7
  6
CONTINUOUS
 10
170.6803753616
 20
100.0046182743
 11
170.6803753616
 21
100.8781262715
  0
LINE
  5
641
100
AcDbEntity
  8
0
100
AcDbLine
 62
7
  6
CONTINUOUS
 10
170.6803753616
 20
100.8781262715
 11
170.6803753616
 21
101.8606968318
  0
LINE
  5
642
100
AcDbEntity
  8
RUNDUNGEN
100
AcDbLine
 62
7
  6
CONTINUOUS
 10
170.6803753616
 20
101.8606968318
 11
170.6803753616
 21
101.9912981563
  0
LINE
  5
643
100
AcDbEntity
  8
0
100
AcDbLine
 62
7
  6
CONTINUOUS
 10
171.2363484845
 20
88.4409701131
 11
171.2363484845
 21
87.9409701131
  0
LINE
  5
644
100
AcDbEntity
  8
BEZUGSACHSEN
100
AcDbLine
 62
7
  6
CONTINUOUS
 10
172.3803753616
 20
112.2909701131
 11
160.6464007654
 21
112.2909701131
  0
LINE
  5
645
100
AcDbEntity
  8
0
100
AcDbLine
 62
7
  6
CONTINUOUS
 10
201.1856112829
 20
112.6909701131
 11
201.7803753616
 21
112.6909701131
  0
LWPOLYLINE
  5
646
100
AcDbEntity
  8
0
100
AcDbPolyline
 62
7
  6
CONTINUOUS
 90
4
 70
0
 10
178.6987399676
 20
83.5990695915
 10
178.7320263999
 20
83.4980459264
 10
178.7821979071
 20
83.3431465695
 10
178.8332972201
 20
83.1824312226
  0
LINE
  5
647
100
AcDbEntity
  8
0
100
AcDbLine
 62
7
  6
CONTINUOUS
 10
178.9931509058
 20
82.6652326614
 11
178.9761460455
 21
82.7198611756
  0
LWPOLYLINE
  5
648
100
AcDbEntity
  8
0
100
AcDbPolyline
 62
7
  6
CONTINUOUS
 90
3
 70
0
 10
178.8332972201
 20
83.1824312226
 10
178.938419354
 20
82.8437244424
 10
178.9761467928
 20
82.7198608728
  0
LINE
  5
649
100
AcDbEntity
  8
0
100
AcDbLine
 62
7
  6
CONTINUOUS
 10
171.2803753616
 20
85.2909701131
 11
171.2803753616
 21
84.2909701131
  0
LINE
  5
64A
100
AcDbEntity
  8
0
100
AcDbLine
 62
9
  6
CONTINUOUS
 10
172.0363484845
 20
88.4409701131
 11
172.0363484845
 21
87.9409701131
  0
LINE
  5
64B
100
AcDbEntity
  8
0
100
AcDbLine
 62
7
  6
CONTINUOUS
 10
172.2803753616
 20
102.2991288939
 11
172.2803753616
 21
100.7993251962
  0
LINE
  5
64C
100
AcDbEntity
  8
0
100
AcDbLine
 62
7
  6
CONTINUOUS
 10
172.2803753616
 20
96.6690873777
 11
172.2803753616
 21
97.0168735788
  0
LINE
  5
64D
100
AcDbEntity
  8
0
100
AcDbLine
 62
7
  6
CONTINUOUS
 10
172.3803753616
 20
95.0909701131
 11
172.3803753616
 21
128.8289292213
  0
LINE
  5
64E
100
AcDbEntity
  8
0
100
AcDbLine
 62
9
  6
CONTINUOUS
 10
179.0304576017
 20
130.6458616706
 11
179.2566772348
 21
131.4051443932
  0
LWPOLYLINE
  5
64F
100
AcDbEntity
  8
0
100
AcDbPolyline
 62
7
  6
CONTINUOUS
 90
4
 70
0
 10
179.3986647718
 20
130.6236246157
 10
179.5009338702
 20
130.9589440174
 10
179.5575599546
 20
131.1407147464
 10
179.5855740973
 20
131.2290531846
  0
LWPOLYLINE
  5
650
100
AcDbEntity
  8
0
100
AcDbPolyline
 62
7
  6
CONTINUOUS
 90
3
 70
0
 10
180.1803753616
 20
135.5504886802
 10
180.1451028467
 20
135.4373042714
 10
180.1183208038
 20
135.3528869527
  0
LINE
  5
651
100
AcDbEntity
  8
0
100
AcDbLine
 62
9
  6
CONTINUOUS
 10
168.8711445924
 20
97.4826770141
 11
168.6865292078
 21
97.018008143
  0
LINE
  5
652
100
AcDbEntity
  8
0
100
AcDbLine
 62
3
  6
CONTINUOUS
 10
154.1861079504
 20
113.1709701131
 11
156.5803753616
 21
113.1709701131
  0
LINE
  5
653
100
AcDbEntity
  8
0
100
AcDbLine
 62
3
  6
CONTINUOUS
 10
159.7803753616
 20
113.1709701131
 11
161.2656803297
 21
113.1709701131
  0
LINE
  5
654
100
AcDbEntity
  8
0
100
AcDbLine
 62
7
  6
CONTINUOUS
 10
154.1861079504
 20
113.7709701131
 11
156.5803753616
 21
113.7709701131
  0
LINE
  5
655
100
AcDbEntity
  8
0
100
AcDbLine
 62
7
  6
CONTINUOUS
 10
159.7803753616
 20
113.7709701131
 11
161.2656803297
 21
113.7709701131
  0
LINE
  5
656
100
AcDbEntity
  8
FASEN
100
AcDbLine
 62
7
  6
CONTINUOUS
 10
153.5803753616
 20
130.7909701131
 11
153.1803753616
 21
131.1909701131
  0
LINE
  5
657
100
AcDbEntity
  8
0
100
AcDbLine
 62
7
  6
CONTINUOUS
 10
176.0146899367
 20
84.0909701131
 11
176.0146899367
 21
85.2909701131
  0
LINE
  5
658
100
AcDbEntity
  8
0
100
AcDbLine
 62
7
  6
CONTINUOUS
 10
176.0146899367
 20
132.0909701131
 11
176.0146899367
 21
134.4909701131
  0
LINE
  5
659
100
AcDbEntity
  8
0
100
AcDbLine
 62
7
  6
CONTINUOUS
 10
177.0885614374
 20
135.1109701131
 11
177.0885614374
 21
131.4709701131
  0
LINE
  5
65A
100
AcDbEntity
  8
0
100
AcDbLine
 62
7
  6
CONTINUOUS
 10
177.0885614374
 20
85.2909701131
 11
177.0885614374
 21
83.4709701131
  0
LINE
  5
65B
100
AcDbEntity
  8
0
100
AcDbLine
 62
9
  6
CONTINUOUS
 10
190.1803753616
 20
118.0262180924
 11
180.1803753616
 21
118.0262180924
  0
LINE
  5
65C
100
AcDbEntity
  8
0
100
AcDbLine
 62
3
  6
CONTINUOUS
 10
153.7803753616
 20
118.2909701131
 11
156.5803753616
 21
118.2909701131
  0
LINE
  5
65D
100
AcDbEntity
  8
0
100
AcDbLine
 62
3
  6
CONTINUOUS
 10
159.7803753616
 20
118.2909701131
 11
164.1803753616
 21
118.2909701131
  0
LINE
  5
65E
100
AcDbEntity
  8
0
100
AcDbLine
 62
7
  6
CONTINUOUS
 10
153.7803753616
 20
118.8909701131
 11
156.5803753616
 21
118.8909701131
  0
LINE
  5
65F
100
AcDbEntity
  8
0
100
AcDbLine
 62
7
  6
CONTINUOUS
 10
159.7803753616
 20
118.8909701131
 11
164.1803753616
 21
118.8909701131
  0
LINE
  5
660
100
AcDbEntity
  8
0
100
AcDbLine
 62
7
  6
CONTINUOUS
 10
164.1803753616
 20
119.4909701131
 11
172.3803753616
 21
119.4909701131
  0
LINE
  5
661
100
AcDbEntity
  8
RUNDUNGEN
100
AcDbLine
 62
9
  6
CONTINUOUS
 10
179.1803753616
 20
95.0909701131
 11
179.1803753616
 21
128.8289292213
  0
LINE
  5
662
100
AcDbEntity
  8
RUNDUNGEN
100
AcDbLine
 62
7
  6
CONTINUOUS
 10
180.1803753616
 20
79.8909744367
 11
180.1803753616
 21
84.5810699251
  0
LINE
  5
663
100
AcDbEntity
  8
0
100
AcDbLine
 62
7
  6
CONTINUOUS
 10
180.1803753616
 20
84.5810699251
 11
180.1803753616
 21
85.2909701131
  0
LINE
  5
664
100
AcDbEntity
  8
RUNDUNGEN
100
AcDbLine
 62
7
  6
CONTINUOUS
 10
180.1803753616
 20
95.0909701131
 11
180.1803753616
 21
118.0262180924
  0
LINE
  5
665
100
AcDbEntity
  8
0
100
AcDbLine
 62
7
  6
CONTINUOUS
 10
180.1803753616
 20
118.0262180945
 11
180.1803753616
 21
138.6907480681
  0
LINE
  5
666
100
AcDbEntity
  8
0
100
AcDbLine
 62
7
  6
CONTINUOUS
 10
164.1803753616
 20
122.3178605932
 11
172.3803753616
 21
122.3178605932
  0
LINE
  5
667
100
AcDbEntity
  8
0
100
AcDbLine
 62
7
  6
CONTINUOUS
 10
184.0603753616
 20
85.2909701131
 11
184.0603753616
 21
84.2909701131
  0
LINE
  5
668
100
AcDbEntity
  8
0
100
AcDbLine
 62
7
  6
CONTINUOUS
 10
184.6734731384
 20
85.2909701131
 11
184.6734731384
 21
84.2909701131
  0
LINE
  5
669
100
AcDbEntity
  8
BEZUGSACHSEN
100
AcDbLine
 62
7
  6
CONTINUOUS
 10
185.0603753616
 20
84.2909701131
 11
185.0603753616
 21
80.6909701131
  0
LINE
  5
66A
100
AcDbEntity
  8
0
100
AcDbLine
 62
9
  6
CONTINUOUS
 10
179.0304576017
 20
82.6458616706
 11
179.2566772348
 21
83.4051443932
  0
LWPOLYLINE
  5
66B
100
AcDbEntity
  8
0
100
AcDbPolyline
 62
7
  6
CONTINUOUS
 90
4
 70
0
 10
179.3986647718
 20
82.6236246157
 10
179.5009338702
 20
82.9589440174
 10
179.5575599546
 20
83.1407147464
 10
179.5855740973
 20
83.2290531846
  0
LINE
  5
66C
100
AcDbEntity
  8
0
100
AcDbLine
 62
7
  6
CONTINUOUS
 10
179.4657957175
 20
131.1970043374
 11
180.1803753616
 21
131.3881814793
  0
LINE
  5
66D
100
AcDbEntity
  8
BEZUGSACHSEN
100
AcDbLine
 62
9
  6
CONTINUOUS
 10
179.2566772348
 20
131.4051443932
 11
180.1803753616
 21
131.6277341377
  0
LINE
  5
66E
100
AcDbEntity
  8
0
100
AcDbLine
 62
7
  6
CONTINUOUS
 10
190.1803753616
 20
125.3079726575
 11
180.1803753616
 21
125.3079726575
  0
LINE
  5
66F
100
AcDbEntity
  8
0
100
AcDbLine
 62
7
  6
CONTINUOUS
 10
190.1803753616
 20
125.6057267845
 11
180.1803753616
 21
125.6057267845
  0
LINE
  5
670
100
AcDbEntity
  8
0
100
AcDbLine
 62
7
  6
CONTINUOUS
 10
159.7803753616
 20
126.0292907138
 11
172.3803753616
 21
126.0292907138
  0
LWPOLYLINE
  5
671
100
AcDbEntity
  8
0
100
AcDbPolyline
 62
7
  6
CONTINUOUS
 90
3
 70
0
 10
178.4382176535
 20
134.775184615
 10
178.4000783234
 20
134.8841456419
 10
178.3467938191
 20
135.0399339205
  0
LWPOLYLINE
  5
672
100
AcDbEntity
  8
0
100
AcDbPolyline
 62
7
  6
CONTINUOUS
 90
3
 70
0
 10
178.3467938191
 20
135.0399339205
 10
178.293249801
 20
135.2002946525
 10
178.2454735088
 20
135.3463044359
  0
LWPOLYLINE
  5
673
100
AcDbEntity
  8
0
100
AcDbPolyline
 62
7
  6
CONTINUOUS
 90
4
 70
0
 10
178.6987399676
 20
131.5990695915
 10
178.7320263999
 20
131.4980459264
 10
178.7821979071
 20
131.3431465695
 10
178.8332972201
 20
131.1824312226
  0
LINE
  5
674
100
AcDbEntity
  8
0
100
AcDbLine
 62
7
  6
CONTINUOUS
 10
178.9931509058
 20
130.6652326614
 11
178.9761460455
 21
130.7198611756
  0
LWPOLYLINE
  5
675
100
AcDbEntity
  8
0
100
AcDbPolyline
 62
7
  6
CONTINUOUS
 90
3
 70
0
 10
178.8332972201
 20
131.1824312226
 10
178.938419354
 20
130.8437244424
 10
178.9761467928
 20
130.7198608728
  0
LINE
  5
676
100
AcDbEntity
  8
BEZUGSACHSEN
100
AcDbLine
 62
7
  6
CONTINUOUS
 10
188.0603753616
 20
84.2909701131
 11
188.0603753616
 21
80.6909701131
  0
LINE
  5
677
100
AcDbEntity
  8
0
100
AcDbLine
 62
7
  6
CONTINUOUS
 10
188.4472775849
 20
85.2909701131
 11
188.4472775849
 21
84.2909701131
  0
LINE
  5
678
100
AcDbEntity
  8
0
100
AcDbLine
 62
7
  6
CONTINUOUS
 10
189.0603753616
 20
85.2909701131
 11
189.0603753616
 21
84.2909701131
  0
LINE
  5
679
100
AcDbEntity
  8
BEZUGSACHSEN
100
AcDbLine
 62
7
  6
CONTINUOUS
 10
190.1803753616
 20
85.2909701131
 11
190.1803753616
 21
84.2909701131
  0
LINE
  5
67A
100
AcDbEntity
  8
RUNDUNGEN
100
AcDbLine
 62
7
  6
CONTINUOUS
 10
190.1803753616
 20
84.2909701131
 11
190.1803753616
 21
81.5159622349
  0
LINE
  5
67B
100
AcDbEntity
  8
0
100
AcDbLine
 62
7
  6
CONTINUOUS
 10
190.1803753616
 20
86.9409701131
 11
190.1803753616
 21
87.9409701131
  0
LINE
  5
67C
100
AcDbEntity
  8
0
100
AcDbLine
 62
7
  6
CONTINUOUS
 10
190.1803753616
 20
88.4409701131
 11
190.1803753616
 21
129.1727180567
  0
LINE
  5
67D
100
AcDbEntity
  8
0
100
AcDbLine
 62
9
  6
CONTINUOUS
 10
190.5803753616
 20
87.9409701131
 11
190.5803753616
 21
88.4409701131
  0
LINE
  5
67E
100
AcDbEntity
  8
FASEN
100
AcDbLine
 62
7
  6
CONTINUOUS
 10
170.2803753616
 20
80.6909701131
 11
169.8803753616
 21
80.2909701131
  0
LINE
  5
67F
100
AcDbEntity
  8
0
100
AcDbLine
 62
7
  6
CONTINUOUS
 10
177.6800177053
 20
135.134392739
 11
177.5842980623
 21
135.1087752612
  0
LINE
  5
680
100
AcDbEntity
  8
0
100
AcDbLine
 62
7
  6
CONTINUOUS
 10
180.1803753616
 20
135.3694907479
 11
179.2257480975
 21
135.1141116255
  0
LINE
  5
681
100
AcDbEntity
  8
RUNDUNGEN
100
AcDbLine
 62
7
  6
CONTINUOUS
 10
172.3803753616
 20
128.8289292213
 11
179.1803753616
 21
128.8289292213
  0
LINE
  5
682
100
AcDbEntity
  8
RUNDUNGEN
100
AcDbLine
 62
7
  6
CONTINUOUS
 10
201.1803753616
 20
128.9217994128
 11
207.5910086783
 21
128.9217994128
  0
LINE
  5
683
100
AcDbEntity
  8
FASEN
100
AcDbLine
 62
7
  6
CONTINUOUS
 10
191.1803753616
 20
129.1727180567
 11
190.1803753616
 21
129.1727180567
  0
LINE
  5
684
100
AcDbEntity
  8
RUNDUNGEN
100
AcDbLine
 62
9
  6
CONTINUOUS
 10
159.7803753616
 20
129.9322270083
 11
180.1803753616
 21
129.9322270083
  0
LINE
  5
685
100
AcDbEntity
  8
RUNDUNGEN
100
AcDbLine
 62
7
  6
CONTINUOUS
 10
201.1803753616
 20
130.285365767
 11
207.5910086783
 21
130.285365767
  0
LINE
  5
686
100
AcDbEntity
  8
BEZUGSACHSEN
100
AcDbLine
 62
7
  6
CONTINUOUS
 10
156.5803753616
 20
130.7909701131
 11
153.5803753616
 21
130.7909701131
  0
LINE
  5
687
100
AcDbEntity
  8
RUNDUNGEN
100
AcDbLine
 62
9
  6
CONTINUOUS
 10
159.7803753616
 20
130.7979069196
 11
178.9523748519
 21
130.7979069196
  0
LINE
  5
688
100
AcDbEntity
  8
RUNDUNGEN
100
AcDbLine
 62
9
  6
CONTINUOUS
 10
179.4515522385
 20
130.7979069196
 11
180.1803753616
 21
130.7979069196
  0
LINE
  5
689
100
AcDbEntity
  8
0
100
AcDbLine
 62
7
  6
CONTINUOUS
 10
207.5910086783
 20
130.8526896803
 11
201.1803753616
 21
130.8526896803
  0
LINE
  5
68A
100
AcDbEntity
  8
BEZUGSACHSEN
100
AcDbLine
 62
7
  6
CONTINUOUS
 10
177.9140032151
 20
131.4709701131
 11
177.0885614374
 21
131.4709701131
  0
LINE
  5
68B
100
AcDbEntity
  8
0
100
AcDbLine
 62
7
  6
CONTINUOUS
 10
208.5910086783
 20
131.5217994128
 11
209.9910086783
 21
131.5217994128
  0
LINE
  5
68C
100
AcDbEntity
  8
FASEN
100
AcDbLine
 62
7
  6
CONTINUOUS
 10
191.1803753616
 20
138.6909701131
 11
191.1803753616
 21
129.1727180567
  0
LINE
  5
68D
100
AcDbEntity
  8
FASEN
100
AcDbLine
 62
7
  6
CONTINUOUS
 10
191.1803753616
 20
84.2909701131
 11
191.1803753616
 21
79.8909701131
  0
LINE
  5
68E
100
AcDbEntity
  8
0
100
AcDbLine
 62
7
  6
CONTINUOUS
 10
192.1803753616
 20
140.2909701131
 11
192.1803753616
 21
78.2909701131
  0
LINE
  5
68F
100
AcDbEntity
  8
AUSFORMSCHRAEGEN
100
AcDbLine
 62
7
  6
CONTINUOUS
 10
192.1803753616
 20
140.2909701131
 11
192.1803753616
 21
78.2909701131
  0
LINE
  5
690
100
AcDbEntity
  8
0
100
AcDbLine
 62
3
  6
CONTINUOUS
 10
192.6803753616
 20
140.2909701131
 11
192.6803753616
 21
78.2909701131
  0
LINE
  5
691
100
AcDbEntity
  8
0
100
AcDbLine
 62
9
  6
CONTINUOUS
 10
192.6803753616
 20
133.2909701131
 11
192.1803753616
 21
133.2909701131
  0
LINE
  5
692
100
AcDbEntity
  8
FASEN
100
AcDbLine
 62
9
  6
CONTINUOUS
 10
192.1803753629
 20
133.2909702704
 11
180.1803753616
 21
133.2909701131
  0
LINE
  5
693
100
AcDbEntity
  8
RUNDUNGEN
100
AcDbLine
 62
9
  6
CONTINUOUS
 10
192.1803753616
 20
133.2909701131
 11
196.1803753616
 21
133.2909701131
  0
LINE
  5
694
100
AcDbEntity
  8
BEZUGSACHSEN
100
AcDbLine
 62
7
  6
CONTINUOUS
 10
176.0146899367
 20
133.7909701131
 11
159.7803753616
 21
133.7909701131
  0
LINE
  5
695
100
AcDbEntity
  8
BEZUGSACHSEN
100
AcDbLine
 62
7
  6
CONTINUOUS
 10
156.5803753616
 20
133.7909701131
 11
153.5803753616
 21
133.7909701131
  0
LINE
  5
696
100
AcDbEntity
  8
BEZUGSACHSEN
100
AcDbLine
 62
7
  6
CONTINUOUS
 10
179.2265883347
 20
135.1109701131
 11
178.323075025
 21
135.1109701131
  0
LINE
  5
697
100
AcDbEntity
  8
BEZUGSACHSEN
100
AcDbLine
 62
7
  6
CONTINUOUS
 10
177.5924991208
 20
135.1109701131
 11
177.0885614374
 21
135.1109701131
  0
LINE
  5
698
100
AcDbEntity
  8
0
100
AcDbLine
 62
9
  6
CONTINUOUS
 10
208.5910086783
 20
135.5217994128
 11
209.9910086783
 21
135.5217994128
  0
LINE
  5
699
100
AcDbEntity
  8
BEZUGSACHSEN
100
AcDbLine
 62
9
  6
CONTINUOUS
 10
177.7393301873
 20
131.6541661279
 11
178.7612207798
 21
131.4079112875
  0
LINE
  5
69A
100
AcDbEntity
  8
0
100
AcDbLine
 62
7
  6
CONTINUOUS
 10
177.9014105321
 20
131.4743381852
 11
178.8184879339
 21
131.2290087486
  0
LINE
  5
69B
100
AcDbEntity
  8
0
100
AcDbLine
 62
7
  6
CONTINUOUS
 10
177.0885614374
 20
131.4709701131
 11
176.0146899367
 21
132.0909701131
  0
LINE
  5
69C
100
AcDbEntity
  8
RUNDUNGEN
100
AcDbLine
 62
9
  6
CONTINUOUS
 10
195.408294959
 20
140.1782486769
 11
195.408294959
 21
78.4036915493
  0
LINE
  5
69D
100
AcDbEntity
  8
0
100
AcDbLine
 62
7
  6
CONTINUOUS
 10
196.1803753616
 20
148.9841358498
 11
196.1803753616
 21
68.1495059603
  0
LINE
  5
69E
100
AcDbEntity
  8
0
100
AcDbLine
 62
9
  6
CONTINUOUS
 10
208.5910086783
 20
137.154196387
 11
209.9910086783
 21
137.154196387
  0
LINE
  5
69F
100
AcDbEntity
  8
0
100
AcDbLine
 62
7
  6
CONTINUOUS
 10
159.7803753616
 20
137.3909701131
 11
156.5803753616
 21
137.3909701131
  0
LINE
  5
6A0
100
AcDbEntity
  8
0
100
AcDbLine
 62
7
  6
CONTINUOUS
 10
191.1803753616
 20
138.6909701131
 11
180.1803753616
 21
138.6909701131
  0
LINE
  5
6A1
100
AcDbEntity
  8
0
100
AcDbLine
 62
7
  6
CONTINUOUS
 10
192.6803753616
 20
140.2909701131
 11
192.1803753616
 21
140.2909701131
  0
LINE
  5
6A2
100
AcDbEntity
  8
0
100
AcDbLine
 62
7
  6
CONTINUOUS
 10
178.3910749755
 20
135.0866343515
 11
178.3254022641
 21
135.1040001887
  0
LINE
  5
6A3
100
AcDbEntity
  8
0
100
AcDbLine
 62
7
  6
CONTINUOUS
 10
201.1803753616
 20
148.9841358498
 11
201.1803753616
 21
68.1495059603
  0
LINE
  5
6A4
100
AcDbEntity
  8
0
100
AcDbLine
 62
7
  6
CONTINUOUS
 10
201.5803753616
 20
112.6909701131
 11
201.5803753616
 21
109.482480651
  0
LINE
  5
6A5
100
AcDbEntity
  8
0
100
AcDbLine
 62
7
  6
CONTINUOUS
 10
201.5803753616
 20
109.0994595752
 11
201.5803753616
 21
105.8909701131
  0
LINE
  5
6A6
100
AcDbEntity
  8
0
100
AcDbLine
 62
7
  6
CONTINUOUS
 10
201.7803753616
 20
124.4163890299
 11
201.7803753616
 21
112.6909701131
  0
LINE
  5
6A7
100
AcDbEntity
  8
0
100
AcDbLine
 62
7
  6
CONTINUOUS
 10
201.7803753616
 20
105.8909701131
 11
201.7803753616
 21
93.9216016673
  0
LINE
  5
6A8
100
AcDbEntity
  8
RUNDUNGEN
100
AcDbLine
 62
7
  6
CONTINUOUS
 10
201.7803753616
 20
93.984279385
 11
201.7803753616
 21
105.8909701131
  0
LINE
  5
6A9
100
AcDbEntity
  8
RUNDUNGEN
100
AcDbLine
 62
7
  6
CONTINUOUS
 10
201.7803753616
 20
112.6909701131
 11
201.7803753616
 21
121.7409762626
  0
LINE
  5
6AA
100
AcDbEntity
  8
RUNDUNGEN
100
AcDbLine
 62
7
  6
CONTINUOUS
 10
201.7803753616
 20
122.1706321962
 11
201.7803753616
 21
124.4163890299
  0
LINE
  5
6AB
100
AcDbEntity
  8
FASEN
100
AcDbLine
 62
7
  6
CONTINUOUS
 10
188.0603753616
 20
80.6909701131
 11
187.6603753616
 21
80.2909701131
  0
LINE
  5
6AC
100
AcDbEntity
  8
FASEN
100
AcDbLine
 62
7
  6
CONTINUOUS
 10
192.1803753616
 20
80.2909701131
 11
191.1803753616
 21
79.8909701131
  0
LINE
  5
6AD
100
AcDbEntity
  8
0
100
AcDbLine
 62
9
  6
CONTINUOUS
 10
208.5910086783
 20
140.8622956305
 11
209.1910086783
 21
140.8622956305
  0
LINE
  5
6AE
100
AcDbEntity
  8
0
100
AcDbLine
 62
7
  6
CONTINUOUS
 10
208.5910086783
 20
142.3217994128
 11
209.1910086783
 21
142.3217994128
  0
LINE
  5
6AF
100
AcDbEntity
  8
AUSFORMSCHRAEGEN
100
AcDbLine
 62
7
  6
CONTINUOUS
 10
192.6797663742
 20
140.2735309946
 11
195.408294959
 21
140.1782486769
  0
LINE
  5
6B0
100
AcDbEntity
  8
RUNDUNGEN
100
AcDbLine
 62
7
  6
CONTINUOUS
 10
192.6797663742
 20
140.2735309946
 11
195.408294959
 21
140.1782486769
  0
LINE
  5
6B1
100
AcDbEntity
  8
FASEN
100
AcDbLine
 62
7
  6
CONTINUOUS
 10
192.1803753616
 20
138.2909701131
 11
191.1803753616
 21
138.6909701131
  0
LINE
  5
6B2
100
AcDbEntity
  8
0
100
AcDbLine
 62
9
  6
CONTINUOUS
 10
207.5910086783
 20
130.8526896803
 11
207.5910086783
 21
128.9217994128
  0
LINE
  5
6B3
100
AcDbEntity
  8
0
100
AcDbLine
 62
7
  6
CONTINUOUS
 10
208.5910086783
 20
142.3217994128
 11
208.5910086783
 21
131.5217994128
  0
LINE
  5
6B4
100
AcDbEntity
  8
0
100
AcDbLine
 62
7
  6
CONTINUOUS
 10
209.1910086783
 20
142.3217994128
 11
209.1910086783
 21
135.5217994128
  0
LINE
  5
6B5
100
AcDbEntity
  8
0
100
AcDbLine
 62
7
  6
CONTINUOUS
 10
209.9910086783
 20
131.5217994128
 11
209.9910086783
 21
141.5028663954
  0
LINE
  5
6B6
100
AcDbEntity
  8
0
100
AcDbLine
 62
7
  6
CONTINUOUS
 10
201.1803753616
 20
148.9850396325
 11
196.1803753616
 21
148.9850396325
  0
LINE
  5
6B7
100
AcDbEntity
  8
0
100
AcDbLine
 62
9
  6
CONTINUOUS
 10
209.1910086783
 20
140.8622956305
 11
209.9910086783
 21
140.1206757818
  0
LINE
  5
6B8
100
AcDbEntity
  8
0
100
AcDbLine
 62
7
  6
CONTINUOUS
 10
209.1910086783
 20
142.3217994128
 11
209.8603576532
 21
141.6524504378
  0
LINE
  5
6B9
100
AcDbEntity
  8
AUSFORMSCHRAEGEN
100
AcDbLine
 62
7
  6
CONTINUOUS
 10
285.0164202713
 20
78.2909701131
 11
247.0164202713
 21
78.2909701131
  0
LINE
  5
6BA
100
AcDbEntity
  8
0
100
AcDbLine
 62
7
  6
CONTINUOUS
 10
285.0164202713
 20
78.2909701131
 11
247.0164202713
 21
78.2909701131
  0
LINE
  5
6BB
100
AcDbEntity
  8
FASEN
100
AcDbLine
 62
7
  6
CONTINUOUS
 10
254.3564202713
 20
80.6909701131
 11
254.7564202713
 21
80.2909701131
  0
LINE
  5
6BC
100
AcDbEntity
  8
0
100
AcDbLine
 62
7
  6
CONTINUOUS
 10
240.0164202713
 20
85.2909701131
 11
240.0164202713
 21
90.4909701131
  0
LINE
  5
6BD
100
AcDbEntity
  8
AUSFORMSCHRAEGEN
100
AcDbLine
 62
7
  6
CONTINUOUS
 10
240.0164202713
 20
85.2909701131
 11
240.0164202713
 21
133.2909701131
  0
LINE
  5
6BE
100
AcDbEntity
  8
0
100
AcDbLine
 62
7
  6
CONTINUOUS
 10
240.0164202713
 20
94.4909701131
 11
240.0164202713
 21
133.2909701131
  0
LINE
  5
6BF
100
AcDbEntity
  8
0
100
AcDbLine
 62
7
  6
CONTINUOUS
 10
240.5164202713
 20
137.3909701131
 11
240.5164202713
 21
82.7909701131
  0
LINE
  5
6C0
100
AcDbEntity
  8
FASEN
100
AcDbLine
 62
7
  6
CONTINUOUS
 10
277.2764202713
 20
80.2909701131
 11
275.0764202713
 21
80.2909701131
  0
LINE
  5
6C1
100
AcDbEntity
  8
FASEN
100
AcDbLine
 62
7
  6
CONTINUOUS
 10
256.9564202713
 20
80.2909701131
 11
254.7564202713
 21
80.2909701131
  0
LINE
  5
6C2
100
AcDbEntity
  8
RUNDUNGEN
100
AcDbLine
 62
7
  6
CONTINUOUS
 10
259.5164202713
 20
80.4909701131
 11
263.6937705405
 21
80.4909701131
  0
LINE
  5
6C3
100
AcDbEntity
  8
RUNDUNGEN
100
AcDbLine
 62
7
  6
CONTINUOUS
 10
268.3390700021
 20
80.4909701131
 11
274.6937705405
 21
80.4909701131
  0
LINE
  5
6C4
100
AcDbEntity
  8
RUNDUNGEN
100
AcDbLine
 62
7
  6
CONTINUOUS
 10
279.3390700021
 20
80.4909701131
 11
285.0164202713
 21
80.4909701131
  0
LINE
  5
6C5
100
AcDbEntity
  8
FASEN
100
AcDbLine
 62
7
  6
CONTINUOUS
 10
277.6764202713
 20
80.6909701131
 11
274.6764202713
 21
80.6909701131
  0
LINE
  5
6C6
100
AcDbEntity
  8
FASEN
100
AcDbLine
 62
7
  6
CONTINUOUS
 10
257.3564202713
 20
80.6909701131
 11
254.3564202713
 21
80.6909701131
  0
LINE
  5
6C7
100
AcDbEntity
  8
RUNDUNGEN
100
AcDbLine
 62
9
  6
CONTINUOUS
 10
259.5164202713
 20
81.0909701131
 11
264.3865908635
 21
81.0909701131
  0
LINE
  5
6C8
100
AcDbEntity
  8
RUNDUNGEN
100
AcDbLine
 62
9
  6
CONTINUOUS
 10
267.6462496791
 20
81.0909701131
 11
274.6764202713
 21
81.0909701131
  0
LINE
  5
6C9
100
AcDbEntity
  8
RUNDUNGEN
100
AcDbLine
 62
9
  6
CONTINUOUS
 10
278.6462496791
 20
81.0909701131
 11
285.0164202713
 21
81.0909701131
  0
LINE
  5
6CA
100
AcDbEntity
  8
RUNDUNGEN
100
AcDbLine
 62
9
  6
CONTINUOUS
 10
259.1164202713
 20
81.4909701131
 11
258.5164202713
 21
81.4909701131
  0
LINE
  5
6CB
100
AcDbEntity
  8
0
100
AcDbLine
 62
7
  6
CONTINUOUS
 10
281.9164202713
 20
82.1109701131
 11
250.1164202713
 21
82.1109701131
  0
LINE
  5
6CC
100
AcDbEntity
  8
0
100
AcDbLine
 62
7
  6
CONTINUOUS
 10
259.6664202713
 20
82.6109701131
 11
272.3664202713
 21
82.6109701131
  0
LINE
  5
6CD
100
AcDbEntity
  8
0
100
AcDbLine
 62
7
  6
CONTINUOUS
 10
240.5164202713
 20
82.7909701131
 11
250.1164202713
 21
82.7909701131
  0
LINE
  5
6CE
100
AcDbEntity
  8
0
100
AcDbLine
 62
7
  6
CONTINUOUS
 10
281.9164202713
 20
82.7909701131
 11
291.5164202713
 21
82.7909701131
  0
LINE
  5
6CF
100
AcDbEntity
  8
0
100
AcDbLine
 62
7
  6
CONTINUOUS
 10
272.3664202713
 20
83.3109701131
 11
270.0664202713
 21
83.3109701131
  0
LINE
  5
6D0
100
AcDbEntity
  8
0
100
AcDbLine
 62
7
  6
CONTINUOUS
 10
259.6664202713
 20
83.3109701131
 11
261.9664202713
 21
83.3109701131
  0
LINE
  5
6D1
100
AcDbEntity
  8
0
100
AcDbLine
 62
9
  6
CONTINUOUS
 10
248.2318691006
 20
82.7909701131
 11
248.293000076
 21
82.6652326614
  0
LINE
  5
6D2
100
AcDbEntity
  8
0
100
AcDbLine
 62
7
  6
CONTINUOUS
 10
272.3664202713
 20
84.8109701131
 11
270.0664202713
 21
84.8109701131
  0
LINE
  5
6D3
100
AcDbEntity
  8
0
100
AcDbLine
 62
7
  6
CONTINUOUS
 10
259.6664202713
 20
84.8109701131
 11
261.9664202713
 21
84.8109701131
  0
LINE
  5
6D4
100
AcDbEntity
  8
0
100
AcDbLine
 62
7
  6
CONTINUOUS
 10
259.6664202713
 20
85.1109701131
 11
272.3664202713
 21
85.1109701131
  0
LINE
  5
6D5
100
AcDbEntity
  8
0
100
AcDbLine
 62
7
  6
CONTINUOUS
 10
254.0314764422
 20
130.8466638799
 11
254.0047824448
 21
130.7514548556
  0
LINE
  5
6D6
100
AcDbEntity
  8
0
100
AcDbLine
 62
7
  6
CONTINUOUS
 10
254.2664202713
 20
89.4109701131
 11
259.6664202713
 21
89.4109701131
  0
LINE
  5
6D7
100
AcDbEntity
  8
0
100
AcDbLine
 62
7
  6
CONTINUOUS
 10
272.3664202713
 20
89.4109701131
 11
277.7664202713
 21
89.4109701131
  0
LINE
  5
6D8
100
AcDbEntity
  8
0
100
AcDbLine
 62
7
  6
CONTINUOUS
 10
240.0164202713
 20
90.4909701131
 11
240.5164202713
 21
90.4909701131
  0
LINE
  5
6D9
100
AcDbEntity
  8
0
100
AcDbLine
 62
7
  6
CONTINUOUS
 10
250.1164202713
 20
82.1109701131
 11
250.1164202713
 21
108.5109701131
  0
LINE
  5
6DA
100
AcDbEntity
  8
0
100
AcDbLine
 62
9
  6
CONTINUOUS
 10
267.8164202713
 20
128.4733157435
 11
267.4164202713
 21
128.2855271184
  0
LINE
  5
6DB
100
AcDbEntity
  8
0
100
AcDbLine
 62
7
  6
CONTINUOUS
 10
272.3664202713
 20
93.6109701131
 11
259.6664202713
 21
93.6109701131
  0
LINE
  5
6DC
100
AcDbEntity
  8
0
100
AcDbLine
 62
7
  6
CONTINUOUS
 10
279.0164202713
 20
94.0109701131
 11
276.7164202713
 21
94.0109701131
  0
LINE
  5
6DD
100
AcDbEntity
  8
0
100
AcDbLine
 62
7
  6
CONTINUOUS
 10
255.3164202713
 20
94.0109701131
 11
253.0164202713
 21
94.0109701131
  0
LINE
  5
6DE
100
AcDbEntity
  8
0
100
AcDbLine
 62
7
  6
CONTINUOUS
 10
240.0164202713
 20
94.4909701131
 11
240.5164202713
 21
94.4909701131
  0
LINE
  5
6DF
100
AcDbEntity
  8
FASEN
100
AcDbLine
 62
7
  6
CONTINUOUS
 10
274.6764202713
 20
80.6909701131
 11
275.0764202713
 21
80.2909701131
  0
LINE
  5
6E0
100
AcDbEntity
  8
0
100
AcDbLine
 62
9
  6
CONTINUOUS
 10
253.0164202713
 20
94.0109701131
 11
253.0164202713
 21
98.5109701131
  0
LINE
  5
6E1
100
AcDbEntity
  8
0
100
AcDbLine
 62
7
  6
CONTINUOUS
 10
254.2664202713
 20
103.1109701131
 11
254.2664202713
 21
98.5109701131
  0
LINE
  5
6E2
100
AcDbEntity
  8
0
100
AcDbLine
 62
9
  6
CONTINUOUS
 10
254.2664202713
 20
98.5109701131
 11
254.2664202713
 21
94.0109701131
  0
LINE
  5
6E3
100
AcDbEntity
  8
0
100
AcDbLine
 62
7
  6
CONTINUOUS
 10
254.2664202713
 20
94.0109701131
 11
254.2664202713
 21
89.4109701131
  0
LINE
  5
6E4
100
AcDbEntity
  8
BEZUGSACHSEN
100
AcDbLine
 62
7
  6
CONTINUOUS
 10
254.3564202713
 20
82.1109701131
 11
254.3564202713
 21
80.6909701131
  0
LINE
  5
6E5
100
AcDbEntity
  8
0
100
AcDbLine
 62
7
  6
CONTINUOUS
 10
255.3164202713
 20
98.5109701131
 11
255.3164202713
 21
94.0109701131
  0
LINE
  5
6E6
100
AcDbEntity
  8
0
100
AcDbLine
 62
7
  6
CONTINUOUS
 10
283.0524901836
 20
95.0909701131
 11
281.9164202713
 21
95.0909701131
  0
LINE
  5
6E7
100
AcDbEntity
  8
0
100
AcDbLine
 62
7
  6
CONTINUOUS
 10
256.6264202713
 20
95.1109701131
 11
257.6264202713
 21
95.1109701131
  0
LINE
  5
6E8
100
AcDbEntity
  8
0
100
AcDbLine
 62
7
  6
CONTINUOUS
 10
259.1664202713
 20
95.1109701131
 11
260.1664202713
 21
95.1109701131
  0
LINE
  5
6E9
100
AcDbEntity
  8
0
100
AcDbLine
 62
7
  6
CONTINUOUS
 10
261.7064202713
 20
95.1109701131
 11
262.7064202713
 21
95.1109701131
  0
LINE
  5
6EA
100
AcDbEntity
  8
0
100
AcDbLine
 62
7
  6
CONTINUOUS
 10
264.2464202713
 20
95.1109701131
 11
265.2464202713
 21
95.1109701131
  0
LINE
  5
6EB
100
AcDbEntity
  8
0
100
AcDbLine
 62
7
  6
CONTINUOUS
 10
266.7864202713
 20
95.1109701131
 11
267.7864202713
 21
95.1109701131
  0
LINE
  5
6EC
100
AcDbEntity
  8
0
100
AcDbLine
 62
7
  6
CONTINUOUS
 10
269.3264202713
 20
95.1109701131
 11
270.3264202713
 21
95.1109701131
  0
LINE
  5
6ED
100
AcDbEntity
  8
0
100
AcDbLine
 62
7
  6
CONTINUOUS
 10
271.8664202713
 20
95.1109701131
 11
272.8664202713
 21
95.1109701131
  0
LINE
  5
6EE
100
AcDbEntity
  8
0
100
AcDbLine
 62
7
  6
CONTINUOUS
 10
274.4064202713
 20
95.1109701131
 11
275.4064202713
 21
95.1109701131
  0
LINE
  5
6EF
100
AcDbEntity
  8
0
100
AcDbLine
 62
7
  6
CONTINUOUS
 10
256.6264202713
 20
95.1109701131
 11
256.6264202713
 21
103.1109701131
  0
LINE
  5
6F0
100
AcDbEntity
  8
0
100
AcDbLine
 62
7
  6
CONTINUOUS
 10
256.6364202713
 20
118.8909701131
 11
256.6364202713
 21
118.2909701131
  0
LINE
  5
6F1
100
AcDbEntity
  8
BEZUGSACHSEN
100
AcDbLine
 62
7
  6
CONTINUOUS
 10
257.3564202713
 20
82.1109701131
 11
257.3564202713
 21
80.6909701131
  0
LINE
  5
6F2
100
AcDbEntity
  8
0
100
AcDbLine
 62
7
  6
CONTINUOUS
 10
257.6264202713
 20
95.1109701131
 11
257.6264202713
 21
103.1109701131
  0
LINE
  5
6F3
100
AcDbEntity
  8
0
100
AcDbLine
 62
7
  6
CONTINUOUS
 10
257.6364202713
 20
118.8909701131
 11
257.6364202713
 21
118.2909701131
  0
LINE
  5
6F4
100
AcDbEntity
  8
0
100
AcDbLine
 62
7
  6
CONTINUOUS
 10
258.5164202713
 20
81.4909701131
 11
258.5164202713
 21
82.1109701131
  0
LINE
  5
6F5
100
AcDbEntity
  8
RUNDUNGEN
100
AcDbLine
 62
9
  6
CONTINUOUS
 10
259.1164202713
 20
81.4909701131
 11
259.1164202713
 21
82.1109701131
  0
LINE
  5
6F6
100
AcDbEntity
  8
0
100
AcDbLine
 62
7
  6
CONTINUOUS
 10
259.1664202713
 20
113.9438878798
 11
259.1664202713
 21
113.1709701131
  0
LINE
  5
6F7
100
AcDbEntity
  8
0
100
AcDbLine
 62
7
  6
CONTINUOUS
 10
259.1664202713
 20
95.1109701131
 11
259.1664202713
 21
103.1109701131
  0
LINE
  5
6F8
100
AcDbEntity
  8
0
100
AcDbLine
 62
3
  6
CONTINUOUS
 10
259.4164202713
 20
113.1709701131
 11
259.4164202713
 21
112.7484040417
  0
LINE
  5
6F9
100
AcDbEntity
  8
RUNDUNGEN
100
AcDbLine
 62
9
  6
CONTINUOUS
 10
259.5164202713
 20
81.0909701131
 11
259.5164202713
 21
80.4909701131
  0
LINE
  5
6FA
100
AcDbEntity
  8
RUNDUNGEN
100
AcDbLine
 62
7
  6
CONTINUOUS
 10
259.5164202713
 20
112.7245482767
 11
259.5164202713
 21
113.1709701131
  0
LINE
  5
6FB
100
AcDbEntity
  8
0
100
AcDbLine
 62
7
  6
CONTINUOUS
 10
259.6664202713
 20
82.6109701131
 11
259.6664202713
 21
93.6109701131
  0
LINE
  5
6FC
100
AcDbEntity
  8
0
100
AcDbLine
 62
7
  6
CONTINUOUS
 10
260.1664202713
 20
113.8966609015
 11
260.1664202713
 21
113.1709701131
  0
LINE
  5
6FD
100
AcDbEntity
  8
0
100
AcDbLine
 62
7
  6
CONTINUOUS
 10
260.1664202713
 20
95.1109701131
 11
260.1664202713
 21
103.1109701131
  0
LINE
  5
6FE
100
AcDbEntity
  8
0
100
AcDbLine
 62
7
  6
CONTINUOUS
 10
260.2416824921
 20
114.0396164115
 11
260.2416824921
 21
113.6008041905
  0
LINE
  5
6FF
100
AcDbEntity
  8
0
100
AcDbLine
 62
7
  6
CONTINUOUS
 10
259.27379099
 20
114.2116911921
 11
259.2138531151
 21
114.0396164115
  0
LINE
  5
700
100
AcDbEntity
  8
0
100
AcDbLine
 62
3
  6
CONTINUOUS
 10
260.2416824921
 20
113.6008041905
 11
260.3485624241
 21
113.9076442461
  0
LINE
  5
701
100
AcDbEntity
  8
0
100
AcDbLine
 62
7
  6
CONTINUOUS
 10
253.0164202713
 20
98.5109701131
 11
255.3164202713
 21
98.5109701131
  0
LINE
  5
702
100
AcDbEntity
  8
0
100
AcDbLine
 62
7
  6
CONTINUOUS
 10
276.7164202713
 20
98.5109701131
 11
279.0164202713
 21
98.5109701131
  0
LINE
  5
703
100
AcDbEntity
  8
0
100
AcDbLine
 62
7
  6
CONTINUOUS
 10
260.4164202713
 20
128.0292907138
 11
260.4164202713
 21
127.1909701131
  0
LINE
  5
704
100
AcDbEntity
  8
0
100
AcDbLine
 62
7
  6
CONTINUOUS
 10
260.4164202713
 20
130.5714639706
 11
260.4164202713
 21
130.9796768518
  0
LINE
  5
705
100
AcDbEntity
  8
0
100
AcDbLine
 62
7
  6
CONTINUOUS
 10
261.5164202713
 20
118.2909701131
 11
261.5164202713
 21
118.1744176488
  0
LINE
  5
706
100
AcDbEntity
  8
0
100
AcDbLine
 62
7
  6
CONTINUOUS
 10
261.7064202713
 20
95.1109701131
 11
261.7064202713
 21
103.1109701131
  0
LINE
  5
707
100
AcDbEntity
  8
0
100
AcDbLine
 62
7
  6
CONTINUOUS
 10
261.7164202713
 20
118.8909701131
 11
261.7164202713
 21
118.2909701131
  0
LINE
  5
708
100
AcDbEntity
  8
0
100
AcDbLine
 62
7
  6
CONTINUOUS
 10
261.9664202713
 20
84.8109701131
 11
261.9664202713
 21
82.6109701131
  0
LINE
  5
709
100
AcDbEntity
  8
0
100
AcDbLine
 62
7
  6
CONTINUOUS
 10
262.5164202713
 20
118.2909701131
 11
262.5164202713
 21
117.8603967746
  0
LINE
  5
70A
100
AcDbEntity
  8
0
100
AcDbLine
 62
3
  6
CONTINUOUS
 10
262.6164202713
 20
117.9130759491
 11
262.6164202713
 21
118.2909701131
  0
LINE
  5
70B
100
AcDbEntity
  8
0
100
AcDbLine
 62
7
  6
CONTINUOUS
 10
262.7064202713
 20
95.1109701131
 11
262.7064202713
 21
103.1109701131
  0
LINE
  5
70C
100
AcDbEntity
  8
0
100
AcDbLine
 62
7
  6
CONTINUOUS
 10
262.7164202713
 20
118.8909701131
 11
262.7164202713
 21
118.2909701131
  0
LINE
  5
70D
100
AcDbEntity
  8
RUNDUNGEN
100
AcDbLine
 62
9
  6
CONTINUOUS
 10
262.7700101098
 20
82.1109701131
 11
262.7700101098
 21
80.4909701131
  0
LINE
  5
70E
100
AcDbEntity
  8
RUNDUNGEN
100
AcDbLine
 62
7
  6
CONTINUOUS
 10
263.0164202713
 20
127.1909701131
 11
263.0164202713
 21
128.2420633129
  0
LINE
  5
70F
100
AcDbEntity
  8
RUNDUNGEN
100
AcDbLine
 62
9
  6
CONTINUOUS
 10
263.279612214
 20
128.0157717493
 11
263.279612214
 21
128.530001837
  0
LINE
  5
710
100
AcDbEntity
  8
RUNDUNGEN
100
AcDbLine
 62
9
  6
CONTINUOUS
 10
263.2896253521
 20
82.1109701131
 11
263.2896253521
 21
81.0909701131
  0
LINE
  5
711
100
AcDbEntity
  8
0
100
AcDbLine
 62
9
  6
CONTINUOUS
 10
275.4064202713
 20
102.4383647101
 11
274.4064202713
 21
102.4383647101
  0
LINE
  5
712
100
AcDbEntity
  8
0
100
AcDbLine
 62
9
  6
CONTINUOUS
 10
272.8664202713
 20
102.4383647101
 11
271.8664202713
 21
102.4383647101
  0
LINE
  5
713
100
AcDbEntity
  8
0
100
AcDbLine
 62
9
  6
CONTINUOUS
 10
270.3264202713
 20
102.4383647101
 11
269.3264202713
 21
102.4383647101
  0
LINE
  5
714
100
AcDbEntity
  8
0
100
AcDbLine
 62
9
  6
CONTINUOUS
 10
267.7864202713
 20
102.4383647101
 11
266.7864202713
 21
102.4383647101
  0
LINE
  5
715
100
AcDbEntity
  8
0
100
AcDbLine
 62
9
  6
CONTINUOUS
 10
265.2464202713
 20
102.4383647101
 11
264.2464202713
 21
102.4383647101
  0
LINE
  5
716
100
AcDbEntity
  8
0
100
AcDbLine
 62
9
  6
CONTINUOUS
 10
262.7064202713
 20
102.4383647101
 11
261.7064202713
 21
102.4383647101
  0
LINE
  5
717
100
AcDbEntity
  8
0
100
AcDbLine
 62
9
  6
CONTINUOUS
 10
260.1664202713
 20
102.4383647101
 11
259.1664202713
 21
102.4383647101
  0
LINE
  5
718
100
AcDbEntity
  8
0
100
AcDbLine
 62
9
  6
CONTINUOUS
 10
257.6264202713
 20
102.4383647101
 11
256.6264202713
 21
102.4383647101
  0
LINE
  5
719
100
AcDbEntity
  8
0
100
AcDbLine
 62
7
  6
CONTINUOUS
 10
254.2664202713
 20
103.1109701131
 11
277.7664202713
 21
103.1109701131
  0
LINE
  5
71A
100
AcDbEntity
  8
0
100
AcDbLine
 62
7
  6
CONTINUOUS
 10
264.2123212417
 20
129.3727657002
 11
264.214597352
 21
129.1746108246
  0
LINE
  5
71B
100
AcDbEntity
  8
0
100
AcDbLine
 62
7
  6
CONTINUOUS
 10
264.214597352
 20
129.1746108246
 11
264.2160321062
 21
128.9236478544
  0
LINE
  5
71C
100
AcDbEntity
  8
RUNDUNGEN
100
AcDbLine
 62
9
  6
CONTINUOUS
 10
264.1501430063
 20
128.7727209477
 11
264.1501430063
 21
128.25849086
  0
LINE
  5
71D
100
AcDbEntity
  8
0
100
AcDbLine
 62
7
  6
CONTINUOUS
 10
264.2160321062
 20
128.9236478544
 11
264.2164202713
 21
128.5780740686
  0
LINE
  5
71E
100
AcDbEntity
  8
0
100
AcDbLine
 62
7
  6
CONTINUOUS
 10
264.2464202713
 20
95.1109701131
 11
264.2464202713
 21
103.1109701131
  0
LINE
  5
71F
100
AcDbEntity
  8
0
100
AcDbLine
 62
7
  6
CONTINUOUS
 10
264.2464202713
 20
113.1709701131
 11
264.2464202713
 21
113.9055222277
  0
LINE
  5
720
100
AcDbEntity
  8
RUNDUNGEN
100
AcDbLine
 62
9
  6
CONTINUOUS
 10
264.2869510636
 20
128.7912002008
 11
264.2869510636
 21
128.2769701131
  0
LINE
  5
721
100
AcDbEntity
  8
RUNDUNGEN
100
AcDbLine
 62
7
  6
CONTINUOUS
 10
264.3164202713
 20
137.4909701131
 11
264.3164202713
 21
137.3909701131
  0
LINE
  5
722
100
AcDbEntity
  8
RUNDUNGEN
100
AcDbLine
 62
7
  6
CONTINUOUS
 10
264.3865908635
 20
82.1109701131
 11
264.3865908635
 21
81.0909701131
  0
LINE
  5
723
100
AcDbEntity
  8
4171
100
AcDbLine
 62
9
  6
CONTINUOUS
 10
264.4164202713
 20
127.1909701131
 11
264.4164202713
 21
128.2769701131
  0
LINE
  5
724
100
AcDbEntity
  8
RUNDUNGEN
100
AcDbLine
 62
7
  6
CONTINUOUS
 10
264.5164202713
 20
112.7436328887
 11
264.5164202713
 21
113.1709701131
  0
LINE
  5
725
100
AcDbEntity
  8
RUNDUNGEN
100
AcDbLine
 62
7
  6
CONTINUOUS
 10
264.5164202713
 20
131.2207848387
 11
264.5164202713
 21
131.6379990204
  0
LINE
  5
726
100
AcDbEntity
  8
0
100
AcDbLine
 62
3
  6
CONTINUOUS
 10
264.6164202713
 20
113.1709701131
 11
264.6164202713
 21
112.7205880522
  0
LINE
  5
727
100
AcDbEntity
  8
0
100
AcDbLine
 62
7
  6
CONTINUOUS
 10
264.6164202713
 20
127.1909701131
 11
264.6164202713
 21
128.2855271184
  0
LINE
  5
728
100
AcDbEntity
  8
4171
100
AcDbLine
 62
9
  6
CONTINUOUS
 10
264.7101907631
 20
127.1909701131
 11
264.7101907631
 21
128.194356099
  0
LINE
  5
729
100
AcDbEntity
  8
0
100
AcDbLine
 62
7
  6
CONTINUOUS
 10
265.2464202713
 20
95.1109701131
 11
265.2464202713
 21
103.1109701131
  0
LINE
  5
72A
100
AcDbEntity
  8
0
100
AcDbLine
 62
7
  6
CONTINUOUS
 10
265.2464202713
 20
113.1709701131
 11
265.2464202713
 21
113.8966609015
  0
LINE
  5
72B
100
AcDbEntity
  8
0
100
AcDbLine
 62
9
  6
CONTINUOUS
 10
265.26122832
 20
114.0396164115
 11
265.26122832
 21
113.6008041905
  0
LINE
  5
72C
100
AcDbEntity
  8
0
100
AcDbLine
 62
3
  6
CONTINUOUS
 10
265.4164202713
 20
113.9275225774
 11
265.4164202713
 21
113.0944176488
  0
LINE
  5
72D
100
AcDbEntity
  8
RUNDUNGEN
100
AcDbLine
 62
7
  6
CONTINUOUS
 10
265.5164202713
 20
113.3437136361
 11
265.5164202713
 21
113.67822659
  0
LINE
  5
72E
100
AcDbEntity
  8
DEFAULT_1
100
AcDbLine
 62
7
  6
CENTER
 10
266.0164202713
 20
109.2909701131
 11
266.0164202713
 21
68.0253788598
  0
LINE
  5
72F
100
AcDbEntity
  8
DEFAULT_1
100
AcDbLine
 62
7
  6
CENTER
 10
266.0164202713
 20
109.2909701131
 11
266.0164202713
 21
150.5565613663
  0
LINE
  5
730
100
AcDbEntity
  8
0
100
AcDbLine
 62
3
  6
CONTINUOUS
 10
266.6164202713
 20
118.1416749688
 11
266.6164202713
 21
118.2909701131
  0
LINE
  5
731
100
AcDbEntity
  8
0
100
AcDbLine
 62
7
  6
CONTINUOUS
 10
266.7864202713
 20
95.1109701131
 11
266.7864202713
 21
103.1109701131
  0
LINE
  5
732
100
AcDbEntity
  8
0
100
AcDbLine
 62
7
  6
CONTINUOUS
 10
266.7964202713
 20
118.8909701131
 11
266.7964202713
 21
118.2909701131
  0
LINE
  5
733
100
AcDbEntity
  8
4171
100
AcDbLine
 62
9
  6
CONTINUOUS
 10
267.3226497795
 20
127.1909701131
 11
267.3226497795
 21
128.194356099
  0
LINE
  5
734
100
AcDbEntity
  8
0
100
AcDbLine
 62
3
  6
CONTINUOUS
 10
267.4164202713
 20
117.8045482767
 11
267.4164202713
 21
118.2909701131
  0
LINE
  5
735
100
AcDbEntity
  8
0
100
AcDbLine
 62
7
  6
CONTINUOUS
 10
267.4164202713
 20
127.1909701131
 11
267.4164202713
 21
128.2855271184
  0
LINE
  5
736
100
AcDbEntity
  8
0
100
AcDbLine
 62
7
  6
CONTINUOUS
 10
267.5164202713
 20
118.2909701131
 11
267.5164202713
 21
117.8284040417
  0
LINE
  5
737
100
AcDbEntity
  8
RUNDUNGEN
100
AcDbLine
 62
7
  6
CONTINUOUS
 10
267.5164202713
 20
131.2207848387
 11
267.5164202713
 21
131.6379990204
  0
LINE
  5
738
100
AcDbEntity
  8
0
100
AcDbLine
 62
7
  6
CONTINUOUS
 10
264.2683529321
 20
114.1595036144
 11
264.2601366044
 21
114.0396164115
  0
LINE
  5
739
100
AcDbEntity
  8
0
100
AcDbLine
 62
7
  6
CONTINUOUS
 10
265.26122832
 20
114.0396164115
 11
265.2658772168
 21
114.1074500293
  0
LINE
  5
73A
100
AcDbEntity
  8
0
100
AcDbLine
 62
3
  6
CONTINUOUS
 10
265.26122832
 20
113.6008041905
 11
265.2942831475
 21
114.0831183064
  0
LINE
  5
73B
100
AcDbEntity
  8
RUNDUNGEN
100
AcDbLine
 62
9
  6
CONTINUOUS
 10
272.4124765307
 20
128.4240722929
 11
272.9150623563
 21
129.7323593436
  0
LINE
  5
73C
100
AcDbEntity
  8
RUNDUNGEN
100
AcDbLine
 62
9
  6
CONTINUOUS
 10
273.3980396014
 20
128.0703576778
 11
273.9035196152
 21
129.3759193434
  0
LINE
  5
73D
100
AcDbEntity
  8
RUNDUNGEN
100
AcDbLine
 62
7
  6
CONTINUOUS
 10
273.5029824473
 20
128.0292907138
 11
274.0167661261
 21
129.331606471
  0
LINE
  5
73E
100
AcDbEntity
  8
RUNDUNGEN
100
AcDbLine
 62
9
  6
CONTINUOUS
 10
272.670533594
 20
128.3369520693
 11
273.1931992794
 21
129.6374860861
  0
LINE
  5
73F
100
AcDbEntity
  8
0
100
AcDbLine
 62
7
  6
CONTINUOUS
 10
274.3130189494
 20
129.6719874869
 11
273.6443184804
 21
128.0292907138
  0
LINE
  5
740
100
AcDbEntity
  8
0
100
AcDbLine
 62
7
  6
CONTINUOUS
 10
250.1164202713
 20
108.5109701131
 11
281.9164202713
 21
108.5109701131
  0
LINE
  5
741
100
AcDbEntity
  8
0
100
AcDbLine
 62
7
  6
CONTINUOUS
 10
258.3885220622
 20
128.0292907138
 11
257.7198215932
 21
129.6719874869
  0
LINE
  5
742
100
AcDbEntity
  8
RUNDUNGEN
100
AcDbLine
 62
9
  6
CONTINUOUS
 10
258.8396412043
 20
129.6374860656
 11
259.3623069224
 21
128.3369520603
  0
LINE
  5
743
100
AcDbEntity
  8
RUNDUNGEN
100
AcDbLine
 62
7
  6
CONTINUOUS
 10
258.0160744165
 20
129.331606471
 11
258.5298580953
 21
128.0292907138
  0
LINE
  5
744
100
AcDbEntity
  8
RUNDUNGEN
100
AcDbLine
 62
9
  6
CONTINUOUS
 10
258.1293209274
 20
129.3759193434
 11
258.6348009412
 21
128.0703576778
  0
LINE
  5
745
100
AcDbEntity
  8
RUNDUNGEN
100
AcDbLine
 62
9
  6
CONTINUOUS
 10
259.1177782694
 20
129.7323593713
 11
259.6203640486
 21
128.4240723051
  0
LINE
  5
746
100
AcDbEntity
  8
4171
100
AcDbLine
 62
9
  6
CONTINUOUS
 10
267.6164202713
 20
127.1909701131
 11
267.6164202713
 21
128.2769701131
  0
LINE
  5
747
100
AcDbEntity
  8
RUNDUNGEN
100
AcDbLine
 62
7
  6
CONTINUOUS
 10
267.6462496791
 20
81.0909701131
 11
267.6462496791
 21
82.1109701131
  0
LINE
  5
748
100
AcDbEntity
  8
RUNDUNGEN
100
AcDbLine
 62
7
  6
CONTINUOUS
 10
267.7164202713
 20
137.3909701131
 11
267.7164202713
 21
137.4909701131
  0
LINE
  5
749
100
AcDbEntity
  8
RUNDUNGEN
100
AcDbLine
 62
9
  6
CONTINUOUS
 10
267.745889479
 20
128.2769701131
 11
267.745889479
 21
128.7912002008
  0
LINE
  5
74A
100
AcDbEntity
  8
0
100
AcDbLine
 62
7
  6
CONTINUOUS
 10
267.7864202713
 20
95.1109701131
 11
267.7864202713
 21
103.1109701131
  0
LINE
  5
74B
100
AcDbEntity
  8
0
100
AcDbLine
 62
7
  6
CONTINUOUS
 10
267.7964202713
 20
118.8909701131
 11
267.7964202713
 21
118.2909701131
  0
LINE
  5
74C
100
AcDbEntity
  8
RUNDUNGEN
100
AcDbLine
 62
9
  6
CONTINUOUS
 10
267.8826975363
 20
128.25849086
 11
267.8826975363
 21
128.7727209477
  0
LINE
  5
74D
100
AcDbEntity
  8
RUNDUNGEN
100
AcDbLine
 62
9
  6
CONTINUOUS
 10
268.7432151905
 20
81.0909701131
 11
268.7432151905
 21
82.1109701131
  0
LINE
  5
74E
100
AcDbEntity
  8
RUNDUNGEN
100
AcDbLine
 62
9
  6
CONTINUOUS
 10
268.7532283286
 20
128.530001837
 11
268.7532283286
 21
128.0157717493
  0
LINE
  5
74F
100
AcDbEntity
  8
RUNDUNGEN
100
AcDbLine
 62
7
  6
CONTINUOUS
 10
269.0164202713
 20
127.1909701131
 11
269.0164202713
 21
128.2420633129
  0
LINE
  5
750
100
AcDbEntity
  8
RUNDUNGEN
100
AcDbLine
 62
9
  6
CONTINUOUS
 10
269.2628304328
 20
80.4909701131
 11
269.2628304328
 21
82.1109701131
  0
LINE
  5
751
100
AcDbEntity
  8
0
100
AcDbLine
 62
7
  6
CONTINUOUS
 10
269.281631889
 20
114.0396164115
 11
269.281631889
 21
113.6008041905
  0
LINE
  5
752
100
AcDbEntity
  8
0
100
AcDbLine
 62
7
  6
CONTINUOUS
 10
269.3264202713
 20
95.1109701131
 11
269.3264202713
 21
103.1109701131
  0
LINE
  5
753
100
AcDbEntity
  8
0
100
AcDbLine
 62
7
  6
CONTINUOUS
 10
269.3264202713
 20
113.1709701131
 11
269.3264202713
 21
113.8966609015
  0
LINE
  5
754
100
AcDbEntity
  8
0
100
AcDbLine
 62
3
  6
CONTINUOUS
 10
269.4164202713
 20
113.1709701131
 11
269.4164202713
 21
112.8208594781
  0
LINE
  5
755
100
AcDbEntity
  8
RUNDUNGEN
100
AcDbLine
 62
7
  6
CONTINUOUS
 10
269.5164202713
 20
112.7720787721
 11
269.5164202713
 21
113.1709701131
  0
LINE
  5
756
100
AcDbEntity
  8
0
100
AcDbLine
 62
7
  6
CONTINUOUS
 10
270.0664202713
 20
82.6109701131
 11
270.0664202713
 21
84.8109701131
  0
LINE
  5
757
100
AcDbEntity
  8
0
100
AcDbLine
 62
7
  6
CONTINUOUS
 10
270.3264202713
 20
95.1109701131
 11
270.3264202713
 21
103.1109701131
  0
LINE
  5
758
100
AcDbEntity
  8
0
100
AcDbLine
 62
7
  6
CONTINUOUS
 10
270.3264202713
 20
113.1709701131
 11
270.3264202713
 21
113.9241878136
  0
LINE
  5
759
100
AcDbEntity
  8
RUNDUNGEN
100
AcDbLine
 62
7
  6
CONTINUOUS
 10
270.5164202713
 20
113.1271603288
 11
270.5164202713
 21
113.8947798974
  0
LINE
  5
75A
100
AcDbEntity
  8
0
100
AcDbLine
 62
7
  6
CONTINUOUS
 10
267.8164202713
 20
128.577928666
 11
267.8169132855
 21
128.9537195368
  0
LWPOLYLINE
  5
75B
100
AcDbEntity
  8
0
100
AcDbPolyline
 62
7
  6
CONTINUOUS
 90
3
 70
0
 10
267.8169132855
 20
128.9537195368
 10
267.8187248787
 20
129.2269222763
 10
267.8203596572
 20
129.365593264
  0
LINE
  5
75C
100
AcDbEntity
  8
DEFAULT_1
100
AcDbLine
 62
7
  6
CENTER
 10
266.0164202713
 20
109.2909701131
 11
224.750829018
 21
109.2909701131
  0
LINE
  5
75D
100
AcDbEntity
  8
DEFAULT_1
100
AcDbLine
 62
7
  6
CENTER
 10
266.0164202713
 20
109.2909701131
 11
307.2820115246
 21
109.2909701131
  0
LINE
  5
75E
100
AcDbEntity
  8
0
100
AcDbLine
 62
3
  6
CONTINUOUS
 10
269.1962392729
 20
114.0127573657
 11
269.281631889
 21
113.6008041905
  0
LINE
  5
75F
100
AcDbEntity
  8
0
100
AcDbLine
 62
7
  6
CONTINUOUS
 10
269.2704949197
 20
114.0933436548
 11
269.281631889
 21
114.0396164115
  0
LINE
  5
760
100
AcDbEntity
  8
0
100
AcDbLine
 62
7
  6
CONTINUOUS
 10
271.6164202713
 20
130.9796768518
 11
271.6164202713
 21
130.5714639706
  0
LINE
  5
761
100
AcDbEntity
  8
0
100
AcDbLine
 62
7
  6
CONTINUOUS
 10
271.6164202713
 20
127.1909701131
 11
271.6164202713
 21
128.0292907138
  0
LINE
  5
762
100
AcDbEntity
  8
0
100
AcDbLine
 62
7
  6
CONTINUOUS
 10
271.8664202713
 20
95.1109701131
 11
271.8664202713
 21
103.1109701131
  0
LINE
  5
763
100
AcDbEntity
  8
0
100
AcDbLine
 62
7
  6
CONTINUOUS
 10
271.8764202713
 20
118.8909701131
 11
271.8764202713
 21
118.2909701131
  0
LINE
  5
764
100
AcDbEntity
  8
0
100
AcDbLine
 62
7
  6
CONTINUOUS
 10
272.3664202713
 20
82.6109701131
 11
272.3664202713
 21
93.6109701131
  0
LINE
  5
765
100
AcDbEntity
  8
0
100
AcDbLine
 62
7
  6
CONTINUOUS
 10
272.5164202713
 20
117.8093194297
 11
272.5164202713
 21
118.2909701131
  0
LINE
  5
766
100
AcDbEntity
  8
0
100
AcDbLine
 62
7
  6
CONTINUOUS
 10
272.8664202713
 20
95.1109701131
 11
272.8664202713
 21
103.1109701131
  0
LINE
  5
767
100
AcDbEntity
  8
0
100
AcDbLine
 62
7
  6
CONTINUOUS
 10
272.8764202713
 20
118.8909701131
 11
272.8764202713
 21
118.2909701131
  0
LINE
  5
768
100
AcDbEntity
  8
RUNDUNGEN
100
AcDbLine
 62
9
  6
CONTINUOUS
 10
273.7700101098
 20
82.1109701131
 11
273.7700101098
 21
80.4909701131
  0
LINE
  5
769
100
AcDbEntity
  8
RUNDUNGEN
100
AcDbLine
 62
9
  6
CONTINUOUS
 10
274.2896253521
 20
82.1109701131
 11
274.2896253521
 21
81.0909701131
  0
LINE
  5
76A
100
AcDbEntity
  8
0
100
AcDbLine
 62
7
  6
CONTINUOUS
 10
274.3669660735
 20
114.0396164115
 11
274.3669660735
 21
113.6008041905
  0
LINE
  5
76B
100
AcDbEntity
  8
0
100
AcDbLine
 62
7
  6
CONTINUOUS
 10
274.4064202713
 20
95.1109701131
 11
274.4064202713
 21
103.1109701131
  0
LINE
  5
76C
100
AcDbEntity
  8
0
100
AcDbLine
 62
7
  6
CONTINUOUS
 10
274.4064202713
 20
113.1709701131
 11
274.4064202713
 21
113.9819771978
  0
LINE
  5
76D
100
AcDbEntity
  8
BEZUGSACHSEN
100
AcDbLine
 62
7
  6
CONTINUOUS
 10
274.6764202713
 20
82.1109701131
 11
274.6764202713
 21
80.6909701131
  0
LINE
  5
76E
100
AcDbEntity
  8
0
100
AcDbLine
 62
3
  6
CONTINUOUS
 10
275.4064202713
 20
113.1709701131
 11
274.4064202713
 21
113.1709701131
  0
LINE
  5
76F
100
AcDbEntity
  8
0
100
AcDbLine
 62
3
  6
CONTINUOUS
 10
270.3264202713
 20
113.1709701131
 11
269.3264202713
 21
113.1709701131
  0
LINE
  5
770
100
AcDbEntity
  8
0
100
AcDbLine
 62
3
  6
CONTINUOUS
 10
265.2464202713
 20
113.1709701131
 11
264.2464202713
 21
113.1709701131
  0
LINE
  5
771
100
AcDbEntity
  8
0
100
AcDbLine
 62
3
  6
CONTINUOUS
 10
259.1664202713
 20
113.1709701131
 11
260.1664202713
 21
113.1709701131
  0
LINE
  5
772
100
AcDbEntity
  8
0
100
AcDbLine
 62
7
  6
CONTINUOUS
 10
275.4064202713
 20
113.7709701131
 11
274.4064202713
 21
113.7709701131
  0
LINE
  5
773
100
AcDbEntity
  8
0
100
AcDbLine
 62
7
  6
CONTINUOUS
 10
270.3264202713
 20
113.7709701131
 11
269.3264202713
 21
113.7709701131
  0
LINE
  5
774
100
AcDbEntity
  8
0
100
AcDbLine
 62
7
  6
CONTINUOUS
 10
265.2464202713
 20
113.7709701131
 11
264.2464202713
 21
113.7709701131
  0
LINE
  5
775
100
AcDbEntity
  8
0
100
AcDbLine
 62
7
  6
CONTINUOUS
 10
259.1664202713
 20
113.7709701131
 11
260.1664202713
 21
113.7709701131
  0
LINE
  5
776
100
AcDbEntity
  8
0
100
AcDbLine
 62
9
  6
CONTINUOUS
 10
275.4064202713
 20
114.0396164115
 11
274.3669660735
 21
114.0396164115
  0
LINE
  5
777
100
AcDbEntity
  8
0
100
AcDbLine
 62
9
  6
CONTINUOUS
 10
270.2915751261
 20
114.0396164115
 11
269.281631889
 21
114.0396164115
  0
LINE
  5
778
100
AcDbEntity
  8
0
100
AcDbLine
 62
9
  6
CONTINUOUS
 10
265.26122832
 20
114.0396164115
 11
264.2601366044
 21
114.0396164115
  0
LINE
  5
779
100
AcDbEntity
  8
0
100
AcDbLine
 62
9
  6
CONTINUOUS
 10
260.2416824921
 20
114.0396164115
 11
259.2138531151
 21
114.0396164115
  0
LINE
  5
77A
100
AcDbEntity
  8
0
100
AcDbLine
 62
7
  6
CONTINUOUS
 10
270.2915751261
 20
114.0396164115
 11
270.264148832
 21
114.1719270192
  0
LINE
  5
77B
100
AcDbEntity
  8
0
100
AcDbLine
 62
7
  6
CONTINUOUS
 10
275.4064202713
 20
95.1109701131
 11
275.4064202713
 21
103.1109701131
  0
LINE
  5
77C
100
AcDbEntity
  8
0
100
AcDbLine
 62
7
  6
CONTINUOUS
 10
275.4064202713
 20
113.1709701131
 11
275.4064202713
 21
114.0740799308
  0
LINE
  5
77D
100
AcDbEntity
  8
0
100
AcDbLine
 62
7
  6
CONTINUOUS
 10
276.7164202713
 20
94.0109701131
 11
276.7164202713
 21
98.5109701131
  0
LINE
  5
77E
100
AcDbEntity
  8
BEZUGSACHSEN
100
AcDbLine
 62
7
  6
CONTINUOUS
 10
277.6764202713
 20
82.1109701131
 11
277.6764202713
 21
80.6909701131
  0
LINE
  5
77F
100
AcDbEntity
  8
0
100
AcDbLine
 62
9
  6
CONTINUOUS
 10
277.7664202713
 20
98.5109701131
 11
277.7664202713
 21
94.0109701131
  0
LINE
  5
780
100
AcDbEntity
  8
0
100
AcDbLine
 62
7
  6
CONTINUOUS
 10
277.7664202713
 20
89.4109701131
 11
277.7664202713
 21
94.0109701131
  0
LINE
  5
781
100
AcDbEntity
  8
0
100
AcDbLine
 62
7
  6
CONTINUOUS
 10
277.7664202713
 20
98.5109701131
 11
277.7664202713
 21
103.1109701131
  0
LINE
  5
782
100
AcDbEntity
  8
0
100
AcDbLine
 62
7
  6
CONTINUOUS
 10
277.8164202713
 20
133.8748939093
 11
277.8164202713
 21
133.7736557376
  0
LINE
  5
783
100
AcDbEntity
  8
0
100
AcDbLine
 62
3
  6
CONTINUOUS
 10
256.3775289303
 20
118.2909701131
 11
257.8553116123
 21
118.2909701131
  0
LINE
  5
784
100
AcDbEntity
  8
0
100
AcDbLine
 62
3
  6
CONTINUOUS
 10
261.4575289303
 20
118.2909701131
 11
262.9353116123
 21
118.2909701131
  0
LINE
  5
785
100
AcDbEntity
  8
0
100
AcDbLine
 62
3
  6
CONTINUOUS
 10
266.5375289303
 20
118.2909701131
 11
268.0153116123
 21
118.2909701131
  0
LINE
  5
786
100
AcDbEntity
  8
0
100
AcDbLine
 62
3
  6
CONTINUOUS
 10
271.6175289303
 20
118.2909701131
 11
273.0953116123
 21
118.2909701131
  0
LINE
  5
787
100
AcDbEntity
  8
0
100
AcDbLine
 62
7
  6
CONTINUOUS
 10
256.3775289303
 20
118.8909701131
 11
257.8553116123
 21
118.8909701131
  0
LINE
  5
788
100
AcDbEntity
  8
0
100
AcDbLine
 62
7
  6
CONTINUOUS
 10
261.4575289303
 20
118.8909701131
 11
262.9353116123
 21
118.8909701131
  0
LINE
  5
789
100
AcDbEntity
  8
0
100
AcDbLine
 62
7
  6
CONTINUOUS
 10
266.5375289303
 20
118.8909701131
 11
268.0153116123
 21
118.8909701131
  0
LINE
  5
78A
100
AcDbEntity
  8
0
100
AcDbLine
 62
7
  6
CONTINUOUS
 10
271.6175289303
 20
118.8909701131
 11
273.0953116123
 21
118.8909701131
  0
LINE
  5
78B
100
AcDbEntity
  8
0
100
AcDbLine
 62
3
  6
CONTINUOUS
 10
274.2092399668
 20
113.9157674567
 11
274.3669660735
 21
113.6008041905
  0
LINE
  5
78C
100
AcDbEntity
  8
0
100
AcDbLine
 62
7
  6
CONTINUOUS
 10
274.3431929394
 20
114.0870889835
 11
274.3669660735
 21
114.0396164115
  0
LINE
  5
78D
100
AcDbEntity
  8
0
100
AcDbLine
 62
7
  6
CONTINUOUS
 10
275.4064202713
 20
114.0740799308
 11
275.3632695304
 21
114.1602476464
  0
LINE
  5
78E
100
AcDbEntity
  8
RUNDUNGEN
100
AcDbLine
 62
7
  6
CONTINUOUS
 10
278.6462496791
 20
81.0909701131
 11
278.6462496791
 21
82.1109701131
  0
LINE
  5
78F
100
AcDbEntity
  8
0
100
AcDbLine
 62
9
  6
CONTINUOUS
 10
279.0164202713
 20
94.0109701131
 11
279.0164202713
 21
98.5109701131
  0
LINE
  5
790
100
AcDbEntity
  8
RUNDUNGEN
100
AcDbLine
 62
9
  6
CONTINUOUS
 10
279.7432151905
 20
81.0909701131
 11
279.7432151905
 21
82.1109701131
  0
LINE
  5
791
100
AcDbEntity
  8
RUNDUNGEN
100
AcDbLine
 62
9
  6
CONTINUOUS
 10
280.2628304328
 20
81.0909701131
 11
280.2628304328
 21
82.1109701131
  0
LINE
  5
792
100
AcDbEntity
  8
0
100
AcDbLine
 62
7
  6
CONTINUOUS
 10
281.9164202713
 20
108.5109701131
 11
281.9164202713
 21
82.1109701131
  0
LINE
  5
793
100
AcDbEntity
  8
FASEN
100
AcDbLine
 62
7
  6
CONTINUOUS
 10
257.3564202713
 20
80.6909701131
 11
256.9564202713
 21
80.2909701131
  0
LINE
  5
794
100
AcDbEntity
  8
RUNDUNGEN
100
AcDbLine
 62
9
  6
CONTINUOUS
 10
285.0164202713
 20
81.0909701131
 11
285.0164202713
 21
80.4909701131
  0
LINE
  5
795
100
AcDbEntity
  8
0
100
AcDbLine
 62
7
  6
CONTINUOUS
 10
259.9164202713
 20
127.1909701131
 11
272.1164202713
 21
127.1909701131
  0
LINE
  5
796
100
AcDbEntity
  8
0
100
AcDbLine
 62
9
  6
CONTINUOUS
 10
264.2164202713
 20
128.4733157435
 11
264.6164202713
 21
128.2855271184
  0
LINE
  5
797
100
AcDbEntity
  8
RUNDUNGEN
100
AcDbLine
 62
7
  6
CONTINUOUS
 10
264.1501430063
 20
128.25849086
 11
263.279612214
 21
128.0157717493
  0
LINE
  5
798
100
AcDbEntity
  8
RUNDUNGEN
100
AcDbLine
 62
7
  6
CONTINUOUS
 10
264.1501430063
 20
128.7727209477
 11
263.279612214
 21
128.530001837
  0
LINE
  5
799
100
AcDbEntity
  8
0
100
AcDbLine
 62
7
  6
CONTINUOUS
 10
273.6443184804
 20
128.0292907138
 11
271.6164202713
 21
128.0292907138
  0
LINE
  5
79A
100
AcDbEntity
  8
0
100
AcDbLine
 62
7
  6
CONTINUOUS
 10
260.4164202713
 20
128.0292907138
 11
258.3885220622
 21
128.0292907138
  0
LINE
  5
79B
100
AcDbEntity
  8
RUNDUNGEN
100
AcDbLine
 62
7
  6
CONTINUOUS
 10
264.2869510636
 20
128.2769701131
 11
264.4164202713
 21
128.2769701131
  0
LINE
  5
79C
100
AcDbEntity
  8
RUNDUNGEN
100
AcDbLine
 62
7
  6
CONTINUOUS
 10
267.6164202713
 20
128.2769701131
 11
267.745889479
 21
128.2769701131
  0
LINE
  5
79D
100
AcDbEntity
  8
0
100
AcDbLine
 62
9
  6
CONTINUOUS
 10
267.4164202713
 20
128.2855271184
 11
264.6164202713
 21
128.2855271184
  0
LINE
  5
79E
100
AcDbEntity
  8
RUNDUNGEN
100
AcDbLine
 62
7
  6
CONTINUOUS
 10
267.745889479
 20
128.7912002008
 11
267.6164202713
 21
128.7912002008
  0
LINE
  5
79F
100
AcDbEntity
  8
RUNDUNGEN
100
AcDbLine
 62
7
  6
CONTINUOUS
 10
264.4164202713
 20
128.7912002008
 11
264.2869510636
 21
128.7912002008
  0
LINE
  5
7A0
100
AcDbEntity
  8
RUNDUNGEN
100
AcDbLine
 62
7
  6
CONTINUOUS
 10
268.7532283286
 20
128.0157717493
 11
267.8826975363
 21
128.25849086
  0
LINE
  5
7A1
100
AcDbEntity
  8
RUNDUNGEN
100
AcDbLine
 62
7
  6
CONTINUOUS
 10
268.7532283286
 20
128.530001837
 11
267.8826975363
 21
128.7727209477
  0
LINE
  5
7A2
100
AcDbEntity
  8
0
100
AcDbLine
 62
7
  6
CONTINUOUS
 10
291.5164202713
 20
82.7909701131
 11
291.5164202713
 21
137.3909701131
  0
LINE
  5
7A3
100
AcDbEntity
  8
AUSFORMSCHRAEGEN
100
AcDbLine
 62
7
  6
CONTINUOUS
 10
292.0164202713
 20
133.2909701131
 11
292.0164202713
 21
85.2909701131
  0
LINE
  5
7A4
100
AcDbEntity
  8
0
100
AcDbLine
 62
7
  6
CONTINUOUS
 10
292.0164202713
 20
133.2909701131
 11
292.0164202713
 21
85.2909701131
  0
LINE
  5
7A5
100
AcDbEntity
  8
0
100
AcDbLine
 62
9
  6
CONTINUOUS
 10
264.5164202713
 20
131.2207848387
 11
267.5164202713
 21
131.2207848387
  0
LINE
  5
7A6
100
AcDbEntity
  8
0
100
AcDbLine
 62
7
  6
CONTINUOUS
 10
272.1164202713
 20
132.1909701131
 11
259.9164202713
 21
132.1909701131
  0
LINE
  5
7A7
100
AcDbEntity
  8
FASEN
100
AcDbLine
 62
7
  6
CONTINUOUS
 10
277.6764202713
 20
80.6909701131
 11
277.2764202713
 21
80.2909701131
  0
LINE
  5
7A8
100
AcDbEntity
  8
0
100
AcDbLine
 62
7
  6
CONTINUOUS
 10
291.5164202713
 20
137.3909701131
 11
240.5164202713
 21
137.3909701131
  0
LINE
  5
7A9
100
AcDbEntity
  8
RUNDUNGEN
100
AcDbLine
 62
7
  6
CONTINUOUS
 10
272.5164202713
 20
138.0909701131
 11
268.3164202713
 21
138.0909701131
  0
LINE
  5
7AA
100
AcDbEntity
  8
RUNDUNGEN
100
AcDbLine
 62
7
  6
CONTINUOUS
 10
263.7164202713
 20
138.0909701131
 11
247.0164202713
 21
138.0909701131
  0
LINE
  5
7AB
100
AcDbEntity
  8
AUSFORMSCHRAEGEN
100
AcDbLine
 62
7
  6
CONTINUOUS
 10
247.0164202713
 20
140.2909701131
 11
285.0164202713
 21
140.2909701131
  0
LINE
  5
7AC
100
AcDbEntity
  8
0
100
AcDbLine
 62
7
  6
CONTINUOUS
 10
247.0164202713
 20
140.2909701131
 11
285.0164202713
 21
140.2909701131
  0
LINE
  5
7AD
100
AcDbEntity
  8
RUNDUNGEN
100
AcDbLine
 62
7
  6
CONTINUOUS
 10
56.0602297452
 20
244.2699830619
 11
55.7754002959
 21
243.828691166
  0
LINE
  5
7AE
100
AcDbEntity
  8
RUNDUNGEN
100
AcDbLine
 62
7
  6
CONTINUOUS
 10
54.0242600505
 20
240.2175146655
 11
54.3540146646
 21
240.5594008824
  0
LINE
  5
7AF
100
AcDbEntity
  8
RUNDUNGEN
100
AcDbLine
 62
7
  6
CONTINUOUS
 10
56.6893962737
 20
242.8778295507
 11
56.3596416596
 21
242.5359433338
  0
LINE
  5
7B0
100
AcDbEntity
  8
RUNDUNGEN
100
AcDbLine
 62
7
  6
CONTINUOUS
 10
52.5845172083
 20
240.8065407359
 11
53.0258091042
 21
241.1027949379
  0
LINE
  5
7B1
100
AcDbEntity
  8
RUNDUNGEN
100
AcDbLine
 62
7
  6
CONTINUOUS
 10
58.129139116
 20
242.2888034803
 11
57.68784722
 21
241.9925492783
  0
LINE
  5
7B2
100
AcDbEntity
  8
RUNDUNGEN
100
AcDbLine
 62
9
  6
CONTINUOUS
 10
52.3875556577
 20
242.4210304428
 11
53.8770808689
 21
243.0304234235
  0
LINE
  5
7B3
100
AcDbEntity
  8
RUNDUNGEN
100
AcDbLine
 62
9
  6
CONTINUOUS
 10
52.5845172083
 20
242.2888034803
 11
54.0242600505
 21
242.8778295507
  0
LINE
  5
7B4
100
AcDbEntity
  8
AUSFORMSCHRAEGEN
100
AcDbLine
 62
7
  6
CONTINUOUS
 10
54.3540146646
 20
242.5359433338
 11
53.0258091042
 21
241.9925492783
  0
LINE
  5
7B5
100
AcDbEntity
  8
AUSFORMSCHRAEGEN
100
AcDbLine
 62
7
  6
CONTINUOUS
 10
55.3568281621
 20
186.5476721081
 11
93.3568281621
 21
186.5476721081
  0
LINE
  5
7B6
100
AcDbEntity
  8
RUNDUNGEN
100
AcDbLine
 62
9
  6
CONTINUOUS
 10
55.3568281621
 20
186.6603935443
 11
93.3568281621
 21
186.6603935443
  0
LINE
  5
7B7
100
AcDbEntity
  8
RUNDUNGEN
100
AcDbLine
 62
9
  6
CONTINUOUS
 10
55.3568281621
 20
187.4599062059
 11
93.3568281621
 21
187.4599062059
  0
LINE
  5
7B8
100
AcDbEntity
  8
0
100
AcDbLine
 62
7
  6
CONTINUOUS
 10
55.8704996908
 20
190.9612058248
 11
56.7726630795
 21
189.7676721081
  0
LINE
  5
7B9
100
AcDbEntity
  8
RUNDUNGEN
100
AcDbLine
 62
9
  6
CONTINUOUS
 10
53.8770808689
 20
243.0304234235
 11
54.5262988196
 21
244.4669446125
  0
LINE
  5
7BA
100
AcDbEntity
  8
RUNDUNGEN
100
AcDbLine
 62
9
  6
CONTINUOUS
 10
54.0242600505
 20
242.8778295507
 11
54.6534265791
 21
244.2699830619
  0
LINE
  5
7BB
100
AcDbEntity
  8
AUSFORMSCHRAEGEN
100
AcDbLine
 62
7
  6
CONTINUOUS
 10
54.9382560283
 20
243.828691166
 11
54.3540146646
 21
242.5359433338
  0
LINE
  5
7BC
100
AcDbEntity
  8
AUSFORMSCHRAEGEN
100
AcDbLine
 62
7
  6
CONTINUOUS
 10
55.7754002959
 20
239.2666530502
 11
56.3596416596
 21
240.5594008824
  0
LINE
  5
7BD
100
AcDbEntity
  8
RUNDUNGEN
100
AcDbLine
 62
7
  6
CONTINUOUS
 10
54.6534265791
 20
238.8253611542
 11
54.9382560283
 21
239.2666530502
  0
LINE
  5
7BE
100
AcDbEntity
  8
AUSFORMSCHRAEGEN
100
AcDbLine
 62
7
  6
CONTINUOUS
 10
56.3596416596
 20
240.5594008824
 11
57.68784722
 21
241.1027949379
  0
LINE
  5
7BF
100
AcDbEntity
  8
RUNDUNGEN
100
AcDbLine
 62
9
  6
CONTINUOUS
 10
58.129139116
 20
240.8065407359
 11
56.6893962737
 21
240.2175146655
  0
LINE
  5
7C0
100
AcDbEntity
  8
RUNDUNGEN
100
AcDbLine
 62
9
  6
CONTINUOUS
 10
58.3261006666
 20
240.6743137734
 11
56.8365754554
 21
240.0649207927
  0
LINE
  5
7C1
100
AcDbEntity
  8
BEZUGSACHSEN
100
AcDbLine
 62
7
  6
CONTINUOUS
 10
54.3568281621
 20
188.9476721081
 11
78.3568281621
 21
188.9476721081
  0
LINE
  5
7C2
100
AcDbEntity
  8
0
100
AcDbLine
 62
7
  6
CONTINUOUS
 10
54.5568281621
 20
189.7676721081
 11
55.5506932953
 21
189.7676721081
  0
LINE
  5
7C3
100
AcDbEntity
  8
0
100
AcDbLine
 62
7
  6
CONTINUOUS
 10
56.7726630795
 20
189.7676721081
 11
57.7326630795
 21
189.7676721081
  0
LINE
  5
7C4
100
AcDbEntity
  8
0
100
AcDbLine
 62
7
  6
CONTINUOUS
 10
58.3289821595
 20
189.7676721081
 11
61.2109821595
 21
189.7676721081
  0
LINE
  5
7C5
100
AcDbEntity
  8
0
100
AcDbLine
 62
7
  6
CONTINUOUS
 10
63.0583975973
 20
189.7676721081
 11
64.1525088538
 21
189.7676721081
  0
LINE
  5
7C6
100
AcDbEntity
  8
0
100
AcDbLine
 62
7
  6
CONTINUOUS
 10
66.6776203193
 20
189.7676721081
 11
67.6714854525
 21
189.7676721081
  0
LINE
  5
7C7
100
AcDbEntity
  8
0
100
AcDbLine
 62
7
  6
CONTINUOUS
 10
69.1479393992
 20
189.7676721081
 11
70.1418045324
 21
189.7676721081
  0
LINE
  5
7C8
100
AcDbEntity
  8
0
100
AcDbLine
 62
7
  6
CONTINUOUS
 10
71.3099393992
 20
189.7676721081
 11
72.5869874091
 21
189.7676721081
  0
LINE
  5
7C9
100
AcDbEntity
  8
0
100
AcDbLine
 62
7
  6
CONTINUOUS
 10
73.0281545234
 20
189.7676721081
 11
74.0220196566
 21
189.7676721081
  0
LINE
  5
7CA
100
AcDbEntity
  8
0
100
AcDbLine
 62
7
  6
CONTINUOUS
 10
74.6183387365
 20
189.7676721081
 11
75.6122038697
 21
189.7676721081
  0
LINE
  5
7CB
100
AcDbEntity
  8
0
100
AcDbLine
 62
7
  6
CONTINUOUS
 10
76.7818492521
 20
189.7676721081
 11
77.7403387365
 21
189.7676721081
  0
LINE
  5
7CC
100
AcDbEntity
  8
0
100
AcDbLine
 62
7
  6
CONTINUOUS
 10
63.8654578868
 20
190.3436721081
 11
63.4559436506
 21
190.3436721081
  0
LINE
  5
7CD
100
AcDbEntity
  8
0
100
AcDbLine
 62
7
  6
CONTINUOUS
 10
61.3658567927
 20
190.3456721081
 11
59.4777219259
 21
190.3456721081
  0
LINE
  5
7CE
100
AcDbEntity
  8
RUNDUNGEN
100
AcDbLine
 62
9
  6
CONTINUOUS
 10
94.1873575046
 20
190.6283996036
 11
92.5262988196
 21
190.6283996036
  0
LINE
  5
7CF
100
AcDbEntity
  8
0
100
AcDbLine
 62
7
  6
CONTINUOUS
 10
59.5677528545
 20
190.6816721081
 11
61.0097528545
 21
190.6816721081
  0
LINE
  5
7D0
100
AcDbEntity
  8
RUNDUNGEN
100
AcDbLine
 62
9
  6
CONTINUOUS
 10
94.0602297452
 20
190.8253611542
 11
92.6534265791
 21
190.8253611542
  0
LINE
  5
7D1
100
AcDbEntity
  8
0
100
AcDbLine
 62
7
  6
CONTINUOUS
 10
71.2481872679
 20
191.2096721081
 11
70.5281872679
 21
191.2096721081
  0
LINE
  5
7D2
100
AcDbEntity
  8
0
100
AcDbLine
 62
7
  6
CONTINUOUS
 10
61.1640915894
 20
191.2576721081
 11
59.7220915894
 21
191.2576721081
  0
LINE
  5
7D3
100
AcDbEntity
  8
AUSFORMSCHRAEGEN
100
AcDbLine
 62
7
  6
CONTINUOUS
 10
92.9382560283
 20
191.2666530502
 11
93.7754002959
 21
191.2666530502
  0
LINE
  5
7D4
100
AcDbEntity
  8
0
100
AcDbLine
 62
7
  6
CONTINUOUS
 10
59.812122518
 20
191.5936721081
 11
61.7002573848
 21
191.5936721081
  0
LINE
  5
7D5
100
AcDbEntity
  8
0
100
AcDbLine
 62
7
  6
CONTINUOUS
 10
66.1588955447
 20
191.5936721081
 11
67.1668955447
 21
191.5936721081
  0
LINE
  5
7D6
100
AcDbEntity
  8
0
100
AcDbLine
 62
7
  6
CONTINUOUS
 10
68.1607606779
 20
191.5936721081
 11
69.0408955447
 21
191.5936721081
  0
LINE
  5
7D7
100
AcDbEntity
  8
0
100
AcDbLine
 62
7
  6
CONTINUOUS
 10
70.6825260027
 20
191.7856721081
 11
71.6425260027
 21
191.7856721081
  0
LINE
  5
7D8
100
AcDbEntity
  8
0
100
AcDbLine
 62
7
  6
CONTINUOUS
 10
57.062605511
 20
190.9761383914
 11
56.1604421223
 21
192.1696721081
  0
LINE
  5
7D9
100
AcDbEntity
  8
AUSFORMSCHRAEGEN
100
AcDbLine
 62
7
  6
CONTINUOUS
 10
48.3568281621
 20
241.5476721081
 11
48.3568281621
 21
193.5476721081
  0
LINE
  5
7DA
100
AcDbEntity
  8
RUNDUNGEN
100
AcDbLine
 62
9
  6
CONTINUOUS
 10
48.4695495983
 20
241.5476721081
 11
48.4695495983
 21
193.5476721081
  0
LINE
  5
7DB
100
AcDbEntity
  8
RUNDUNGEN
100
AcDbLine
 62
9
  6
CONTINUOUS
 10
49.2690622599
 20
241.5476721081
 11
49.2690622599
 21
193.5476721081
  0
LINE
  5
7DC
100
AcDbEntity
  8
RUNDUNGEN
100
AcDbLine
 62
9
  6
CONTINUOUS
 10
56.6893962737
 20
240.2175146655
 11
56.0602297452
 21
238.8253611542
  0
LINE
  5
7DD
100
AcDbEntity
  8
RUNDUNGEN
100
AcDbLine
 62
9
  6
CONTINUOUS
 10
56.8365754554
 20
240.0649207927
 11
56.1873575046
 21
238.6283996036
  0
LINE
  5
7DE
100
AcDbEntity
  8
0
100
AcDbLine
 62
7
  6
CONTINUOUS
 10
69.1074531621
 20
243.2763736889
 11
68.9240780747
 21
243.1231822178
  0
LINE
  5
7DF
100
AcDbEntity
  8
0
100
AcDbLine
 62
7
  6
CONTINUOUS
 10
69.0157657496
 20
242.6636078045
 11
69.3825156621
 21
242.8933950111
  0
LINE
  5
7E0
100
AcDbEntity
  8
RUNDUNGEN
100
AcDbLine
 62
9
  6
CONTINUOUS
 10
63.0789950531
 20
236.9412022669
 11
62.2131015492
 21
236.4412784193
  0
LINE
  5
7E1
100
AcDbEntity
  8
0
100
AcDbLine
 62
7
  6
CONTINUOUS
 10
75.4338906621
 20
243.8891397878
 11
75.7089531621
 21
244.0423312589
  0
LINE
  5
7E2
100
AcDbEntity
  8
0
100
AcDbLine
 62
7
  6
CONTINUOUS
 10
72.9583281621
 20
241.667863135
 11
72.6832656621
 21
241.5146716103
  0
LINE
  5
7E3
100
AcDbEntity
  8
0
100
AcDbLine
 62
7
  6
CONTINUOUS
 10
75.6172660119
 20
244.5019056722
 11
75.2505153124
 21
244.3487142011
  0
LINE
  5
7E4
100
AcDbEntity
  8
0
100
AcDbLine
 62
7
  6
CONTINUOUS
 10
72.774953337
 20
241.05509715
 11
73.1417029872
 21
241.2082886413
  0
LINE
  5
7E5
100
AcDbEntity
  8
0
100
AcDbLine
 62
7
  6
CONTINUOUS
 10
78.3839526967
 20
192.1696721081
 11
77.2067818321
 21
192.1696721081
  0
LINE
  5
7E6
100
AcDbEntity
  8
0
100
AcDbLine
 62
7
  6
CONTINUOUS
 10
76.2558178299
 20
192.1696721081
 11
75.2619526967
 21
192.1696721081
  0
LINE
  5
7E7
100
AcDbEntity
  8
0
100
AcDbLine
 62
7
  6
CONTINUOUS
 10
74.6656336168
 20
192.1696721081
 11
73.6717684836
 21
192.1696721081
  0
LINE
  5
7E8
100
AcDbEntity
  8
0
100
AcDbLine
 62
7
  6
CONTINUOUS
 10
72.1935533594
 20
192.1696721081
 11
69.7915533594
 21
192.1696721081
  0
LINE
  5
7E9
100
AcDbEntity
  8
0
100
AcDbLine
 62
7
  6
CONTINUOUS
 10
69.1952342795
 20
192.1696721081
 11
66.3132342795
 21
192.1696721081
  0
LINE
  5
7EA
100
AcDbEntity
  8
0
100
AcDbLine
 62
7
  6
CONTINUOUS
 10
65.7169151996
 20
192.1696721081
 11
64.7230500664
 21
192.1696721081
  0
LINE
  5
7EB
100
AcDbEntity
  8
0
100
AcDbLine
 62
7
  6
CONTINUOUS
 10
63.4447803328
 20
192.1696721081
 11
62.4509151996
 21
192.1696721081
  0
LINE
  5
7EC
100
AcDbEntity
  8
0
100
AcDbLine
 62
7
  6
CONTINUOUS
 10
61.8545961197
 20
192.1696721081
 11
58.9725961197
 21
192.1696721081
  0
LINE
  5
7ED
100
AcDbEntity
  8
0
100
AcDbLine
 62
7
  6
CONTINUOUS
 10
58.3762770398
 20
192.1696721081
 11
57.3824119066
 21
192.1696721081
  0
LINE
  5
7EE
100
AcDbEntity
  8
0
100
AcDbLine
 62
7
  6
CONTINUOUS
 10
56.1604421223
 20
192.1696721081
 11
55.2004421223
 21
192.1696721081
  0
LINE
  5
7EF
100
AcDbEntity
  8
BEZUGSACHSEN
100
AcDbLine
 62
7
  6
CONTINUOUS
 10
78.3568281621
 20
192.9476721081
 11
54.3568281621
 21
192.9476721081
  0
LINE
  5
7F0
100
AcDbEntity
  8
BEZUGSACHSEN
100
AcDbLine
 62
7
  6
CENTER
 10
93.3568281621
 20
193.5476721081
 11
85.1051498916
 21
193.5476721081
  0
LINE
  5
7F1
100
AcDbEntity
  8
RUNDUNGEN
100
AcDbLine
 62
9
  6
CONTINUOUS
 10
48.3568281621
 20
193.5476721081
 11
49.2690622599
 21
193.5476721081
  0
LINE
  5
7F2
100
AcDbEntity
  8
BEZUGSACHSEN
100
AcDbLine
 62
7
  6
CENTER
 10
93.3568281621
 20
193.5476721081
 11
101.6085064326
 21
193.5476721081
  0
LINE
  5
7F3
100
AcDbEntity
  8
RUNDUNGEN
100
AcDbLine
 62
9
  6
CONTINUOUS
 10
99.4445940643
 20
193.5476721081
 11
100.3568281621
 21
193.5476721081
  0
LINE
  5
7F4
100
AcDbEntity
  8
RUNDUNGEN
100
AcDbLine
 62
9
  6
CONTINUOUS
 10
52.3875556577
 20
240.6743137734
 11
52.3875556577
 21
242.4210304428
  0
LINE
  5
7F5
100
AcDbEntity
  8
RUNDUNGEN
100
AcDbLine
 62
9
  6
CONTINUOUS
 10
52.5845172083
 20
240.8065407359
 11
52.5845172083
 21
242.2888034803
  0
LINE
  5
7F6
100
AcDbEntity
  8
AUSFORMSCHRAEGEN
100
AcDbLine
 62
7
  6
CONTINUOUS
 10
53.0258091042
 20
241.9925492783
 11
53.0258091042
 21
241.1027949379
  0
LINE
  5
7F7
100
AcDbEntity
  8
BEZUGSACHSEN
100
AcDbLine
 62
7
  6
CENTER
 10
55.3568281621
 20
241.5476721081
 11
55.3568281621
 21
233.5320277911
  0
LINE
  5
7F8
100
AcDbEntity
  8
RUNDUNGEN
100
AcDbLine
 62
9
  6
CONTINUOUS
 10
55.3568281621
 20
186.5476721081
 11
55.3568281621
 21
187.4599062059
  0
LINE
  5
7F9
100
AcDbEntity
  8
RUNDUNGEN
100
AcDbLine
 62
9
  6
CONTINUOUS
 10
55.3568281621
 20
247.6354380103
 11
55.3568281621
 21
248.5476721081
  0
LINE
  5
7FA
100
AcDbEntity
  8
BEZUGSACHSEN
100
AcDbLine
 62
7
  6
CENTER
 10
55.3568281621
 20
241.5476721081
 11
55.3568281621
 21
249.5633164251
  0
LINE
  5
7FB
100
AcDbEntity
  8
0
100
AcDbLine
 62
7
  6
CONTINUOUS
 10
69.3825156621
 20
242.8933950111
 11
69.6575781621
 21
243.1997779533
  0
LINE
  5
7FC
100
AcDbEntity
  8
0
100
AcDbLine
 62
7
  6
CONTINUOUS
 10
75.2505153124
 20
244.3487142011
 11
74.8837656621
 21
244.0423312589
  0
LINE
  5
7FD
100
AcDbEntity
  8
0
100
AcDbLine
 62
7
  6
CONTINUOUS
 10
73.1417029872
 20
241.2082886413
 11
73.5084531621
 21
241.5146716103
  0
LINE
  5
7FE
100
AcDbEntity
  8
RUNDUNGEN
100
AcDbLine
 62
9
  6
CONTINUOUS
 10
64.1400327623
 20
235.1034310458
 11
63.2741392584
 21
234.6035071983
  0
LINE
  5
7FF
100
AcDbEntity
  8
0
100
AcDbLine
 62
7
  6
CONTINUOUS
 10
77.1759528124
 20
241.667863135
 11
76.9008903124
 21
241.5146716103
  0
LINE
  5
800
100
AcDbEntity
  8
0
100
AcDbLine
 62
7
  6
CONTINUOUS
 10
76.9925785119
 20
241.05509715
 11
77.3593281621
 21
241.2082886413
  0
LINE
  5
801
100
AcDbEntity
  8
AUSFORMSCHRAEGEN
100
AcDbLine
 62
7
  6
CONTINUOUS
 10
93.7754002959
 20
195.828691166
 11
92.9382560283
 21
195.828691166
  0
LINE
  5
802
100
AcDbEntity
  8
RUNDUNGEN
100
AcDbLine
 62
9
  6
CONTINUOUS
 10
92.6534265791
 20
196.2699830619
 11
94.0602297452
 21
196.2699830619
  0
LINE
  5
803
100
AcDbEntity
  8
RUNDUNGEN
100
AcDbLine
 62
9
  6
CONTINUOUS
 10
92.5262988196
 20
196.4669446125
 11
94.1873575046
 21
196.4669446125
  0
LINE
  5
804
100
AcDbEntity
  8
0
100
AcDbLine
 62
7
  6
CONTINUOUS
 10
70.415117444
 20
190.7876897807
 11
71.3099393992
 21
189.7676721081
  0
LINE
  5
805
100
AcDbEntity
  8
0
100
AcDbLine
 62
7
  6
CONTINUOUS
 10
72.5869874091
 20
189.7676721081
 11
71.6921654539
 21
190.7876897807
  0
LINE
  5
806
100
AcDbEntity
  8
0
100
AcDbLine
 62
7
  6
CONTINUOUS
 10
57.4362889413
 20
215.5476721081
 11
57.4362889413
 21
219.5476721081
  0
LINE
  5
807
100
AcDbEntity
  8
0
100
AcDbLine
 62
7
  6
CONTINUOUS
 10
57.5668281621
 20
215.5476721081
 11
57.5668281621
 21
211.0030049356
  0
LINE
  5
808
100
AcDbEntity
  8
AUSFORMSCHRAEGEN
100
AcDbLine
 62
7
  6
CONTINUOUS
 10
57.68784722
 20
241.1027949379
 11
57.68784722
 21
241.9925492783
  0
LINE
  5
809
100
AcDbEntity
  8
0
100
AcDbLine
 62
7
  6
CONTINUOUS
 10
58.0362889413
 20
215.5476721081
 11
58.0362889413
 21
211.4575881199
  0
LINE
  5
80A
100
AcDbEntity
  8
RUNDUNGEN
100
AcDbLine
 62
9
  6
CONTINUOUS
 10
58.129139116
 20
242.2888034803
 11
58.129139116
 21
240.8065407359
  0
LINE
  5
80B
100
AcDbEntity
  8
RUNDUNGEN
100
AcDbLine
 62
9
  6
CONTINUOUS
 10
58.3261006666
 20
242.4210304428
 11
58.3261006666
 21
240.6743137734
  0
LINE
  5
80C
100
AcDbEntity
  8
0
100
AcDbLine
 62
3
  6
CONTINUOUS
 10
58.5362889413
 20
215.5476721081
 11
58.5362889413
 21
211.4575881199
  0
LINE
  5
80D
100
AcDbEntity
  8
0
100
AcDbLine
 62
9
  6
CONTINUOUS
 10
58.5599883217
 20
219.5476721081
 11
58.5599883217
 21
215.5476721081
  0
LINE
  5
80E
100
AcDbEntity
  8
0
100
AcDbLine
 62
7
  6
CONTINUOUS
 10
58.6568281621
 20
211.5811320722
 11
58.6568281621
 21
215.5476721081
  0
LINE
  5
80F
100
AcDbEntity
  8
0
100
AcDbLine
 62
7
  6
CONTINUOUS
 10
58.6568281621
 20
219.5476721081
 11
58.6568281621
 21
221.5414172176
  0
LINE
  5
810
100
AcDbEntity
  8
0
100
AcDbLine
 62
7
  6
CONTINUOUS
 10
73.1417029872
 20
241.8976503417
 11
72.9583281621
 21
241.667863135
  0
LINE
  5
811
100
AcDbEntity
  8
0
100
AcDbLine
 62
7
  6
CONTINUOUS
 10
77.3593281621
 20
241.2082886413
 11
77.7260778124
 21
241.5146716103
  0
LINE
  5
812
100
AcDbEntity
  8
0
100
AcDbLine
 62
9
  6
CONTINUOUS
 10
65.8517652934
 20
231.0196539132
 11
64.2152500866
 21
229.8350144691
  0
LINE
  5
813
100
AcDbEntity
  8
RUNDUNGEN
100
AcDbLine
 62
9
  6
CONTINUOUS
 10
91.8770808689
 20
192.0649207927
 11
90.3875556577
 21
192.6743137734
  0
LINE
  5
814
100
AcDbEntity
  8
RUNDUNGEN
100
AcDbLine
 62
9
  6
CONTINUOUS
 10
92.0242600505
 20
192.2175146655
 11
90.5845172083
 21
192.8065407359
  0
LINE
  5
815
100
AcDbEntity
  8
AUSFORMSCHRAEGEN
100
AcDbLine
 62
7
  6
CONTINUOUS
 10
91.0258091042
 20
193.1027949379
 11
92.3540146646
 21
192.5594008824
  0
LINE
  5
816
100
AcDbEntity
  8
0
100
AcDbLine
 62
7
  6
CONTINUOUS
 10
75.8855167813
 20
190.7876897807
 11
76.7818492521
 21
189.7676721081
  0
LINE
  5
817
100
AcDbEntity
  8
0
100
AcDbLine
 62
7
  6
CONTINUOUS
 10
77.7403387365
 20
189.7676721081
 11
76.7438345964
 21
190.9016841704
  0
LINE
  5
818
100
AcDbEntity
  8
0
100
AcDbLine
 62
7
  6
CONTINUOUS
 10
57.5668281621
 20
211.0030049356
 11
58.1135689754
 21
210.3138255027
  0
LINE
  5
819
100
AcDbEntity
  8
FASEN
100
AcDbLine
 62
7
  6
CONTINUOUS
 10
58.1137351291
 20
210.3139553162
 11
63.4014515336
 21
203.5459869509
  0
LINE
  5
81A
100
AcDbEntity
  8
FASEN
100
AcDbLine
 62
7
  6
CONTINUOUS
 10
58.3412142395
 20
210.4916814755
 11
63.4512044847
 21
203.9511922206
  0
LINE
  5
81B
100
AcDbEntity
  8
RUNDUNGEN
100
AcDbLine
 62
7
  6
CONTINUOUS
 10
63.4801308117
 20
204.0765951349
 11
58.2906760369
 21
210.7187943495
  0
LINE
  5
81C
100
AcDbEntity
  8
RUNDUNGEN
100
AcDbLine
 62
3
  6
CONTINUOUS
 10
58.6846814137
 20
211.0266250872
 11
63.8741361885
 21
204.3844258725
  0
LINE
  5
81D
100
AcDbEntity
  8
FASEN
100
AcDbLine
 62
7
  6
CONTINUOUS
 10
64.1017003245
 20
204.0930812662
 11
63.874146509
 21
204.384433933
  0
LINE
  5
81E
100
AcDbEntity
  8
0
100
AcDbLine
 62
7
  6
CONTINUOUS
 10
59.5662889413
 20
220.7744670273
 11
59.5662889413
 21
214.3208771888
  0
LINE
  5
81F
100
AcDbEntity
  8
0
100
AcDbLine
 62
9
  6
CONTINUOUS
 10
60.7662889413
 20
220.9476721081
 11
60.7662889413
 21
214.1476721081
  0
LINE
  5
820
100
AcDbEntity
  8
0
100
AcDbLine
 62
7
  6
CONTINUOUS
 10
61.3362889413
 20
221.5476721081
 11
61.3362889413
 21
220.9476721081
  0
LINE
  5
821
100
AcDbEntity
  8
0
100
AcDbLine
 62
9
  6
CONTINUOUS
 10
61.3362889413
 20
220.9476721081
 11
61.3362889413
 21
218.1476721081
  0
LINE
  5
822
100
AcDbEntity
  8
0
100
AcDbLine
 62
9
  6
CONTINUOUS
 10
61.3362889413
 20
216.9476721081
 11
61.3362889413
 21
214.1476721081
  0
LINE
  5
823
100
AcDbEntity
  8
0
100
AcDbLine
 62
7
  6
CONTINUOUS
 10
61.3362889413
 20
214.1476721081
 11
61.3362889413
 21
213.5476721081
  0
LINE
  5
824
100
AcDbEntity
  8
0
100
AcDbLine
 62
7
  6
CONTINUOUS
 10
61.3362889413
 20
216.9476721081
 11
61.3362889413
 21
218.1476721081
  0
LINE
  5
825
100
AcDbEntity
  8
0
100
AcDbLine
 62
7
  6
CONTINUOUS
 10
61.9159912387
 20
221.4885090315
 11
61.9159912387
 21
220.9476721081
  0
LINE
  5
826
100
AcDbEntity
  8
0
100
AcDbLine
 62
7
  6
CONTINUOUS
 10
61.9159912387
 20
218.1476721081
 11
61.9159912387
 21
216.9476721081
  0
LINE
  5
827
100
AcDbEntity
  8
0
100
AcDbLine
 62
7
  6
CONTINUOUS
 10
61.9159912387
 20
214.1476721081
 11
61.9159912387
 21
213.6068351847
  0
LINE
  5
828
100
AcDbEntity
  8
0
100
AcDbLine
 62
3
  6
CONTINUOUS
 10
61.9568281621
 20
206.0263336145
 11
61.9568281621
 21
205.86390669
  0
LINE
  5
829
100
AcDbEntity
  8
RUNDUNGEN
100
AcDbLine
 62
9
  6
CONTINUOUS
 10
62.0568281621
 20
209.9476721081
 11
62.0568281621
 21
211.7931493812
  0
LINE
  5
82A
100
AcDbEntity
  8
RUNDUNGEN
100
AcDbLine
 62
9
  6
CONTINUOUS
 10
62.0568281621
 20
213.102194835
 11
62.0568281621
 21
213.5476721081
  0
LINE
  5
82B
100
AcDbEntity
  8
RUNDUNGEN
100
AcDbLine
 62
9
  6
CONTINUOUS
 10
62.0568281621
 20
221.5476721081
 11
62.0568281621
 21
221.9931493812
  0
LINE
  5
82C
100
AcDbEntity
  8
RUNDUNGEN
100
AcDbLine
 62
9
  6
CONTINUOUS
 10
62.0568281621
 20
223.302194835
 11
62.0568281621
 21
224.2676721081
  0
LINE
  5
82D
100
AcDbEntity
  8
AUSFORMSCHRAEGEN
100
AcDbLine
 62
7
  6
CONTINUOUS
 10
62.0662889413
 20
221.338211329
 11
62.0662889413
 21
220.9476721081
  0
LINE
  5
82E
100
AcDbEntity
  8
AUSFORMSCHRAEGEN
100
AcDbLine
 62
7
  6
CONTINUOUS
 10
62.0662889413
 20
218.1476721081
 11
62.0662889413
 21
216.9476721081
  0
LINE
  5
82F
100
AcDbEntity
  8
AUSFORMSCHRAEGEN
100
AcDbLine
 62
7
  6
CONTINUOUS
 10
62.0662889413
 20
214.1476721081
 11
62.0662889413
 21
213.7571328872
  0
LINE
  5
830
100
AcDbEntity
  8
RUNDUNGEN
100
AcDbLine
 62
7
  6
CONTINUOUS
 10
62.4568281621
 20
210.3476721081
 11
62.4568281621
 21
211.7125530701
  0
LINE
  5
831
100
AcDbEntity
  8
RUNDUNGEN
100
AcDbLine
 62
7
  6
CONTINUOUS
 10
62.4568281621
 20
213.1827911461
 11
62.4568281621
 21
213.7571328872
  0
LINE
  5
832
100
AcDbEntity
  8
AUSFORMSCHRAEGEN
100
AcDbLine
 62
7
  6
CONTINUOUS
 10
62.4568281621
 20
213.7571328872
 11
62.4568281621
 21
214.1476721081
  0
LINE
  5
833
100
AcDbEntity
  8
AUSFORMSCHRAEGEN
100
AcDbLine
 62
7
  6
CONTINUOUS
 10
62.4568281621
 20
216.9476721081
 11
62.4568281621
 21
218.1476721081
  0
LINE
  5
834
100
AcDbEntity
  8
AUSFORMSCHRAEGEN
100
AcDbLine
 62
7
  6
CONTINUOUS
 10
62.4568281621
 20
220.9476721081
 11
62.4568281621
 21
221.338211329
  0
LINE
  5
835
100
AcDbEntity
  8
RUNDUNGEN
100
AcDbLine
 62
7
  6
CONTINUOUS
 10
62.4568281621
 20
221.338211329
 11
62.4568281621
 21
221.9125530701
  0
LINE
  5
836
100
AcDbEntity
  8
RUNDUNGEN
100
AcDbLine
 62
7
  6
CONTINUOUS
 10
62.4568281621
 20
223.3827911461
 11
62.4568281621
 21
223.8676721081
  0
LINE
  5
837
100
AcDbEntity
  8
0
100
AcDbLine
 62
9
  6
CONTINUOUS
 10
62.5093479153
 20
220.9476721081
 11
62.5093479153
 21
218.1476721081
  0
LINE
  5
838
100
AcDbEntity
  8
0
100
AcDbLine
 62
9
  6
CONTINUOUS
 10
62.5093479153
 20
216.9476721081
 11
62.5093479153
 21
214.1476721081
  0
LINE
  5
839
100
AcDbEntity
  8
0
100
AcDbLine
 62
7
  6
CONTINUOUS
 10
55.2004421223
 20
192.1696721081
 11
54.5568281621
 21
189.7676721081
  0
LINE
  5
83A
100
AcDbEntity
  8
0
100
AcDbLine
 62
7
  6
CONTINUOUS
 10
69.1991405747
 20
243.5061608955
 11
69.1074531621
 21
243.2763736889
  0
LINE
  5
83B
100
AcDbEntity
  8
0
100
AcDbLine
 62
7
  6
CONTINUOUS
 10
69.6575781621
 20
243.1997779533
 11
69.7492655747
 21
243.42956516
  0
LINE
  5
83C
100
AcDbEntity
  8
0
100
AcDbLine
 62
7
  6
CONTINUOUS
 10
59.6662889413
 20
220.9476721081
 11
59.0889386721
 21
219.9476721081
  0
LINE
  5
83D
100
AcDbEntity
  8
0
100
AcDbLine
 62
7
  6
CONTINUOUS
 10
73.5084531621
 20
241.5146716103
 11
73.6918279872
 21
241.8210546061
  0
LINE
  5
83E
100
AcDbEntity
  8
0
100
AcDbLine
 62
7
  6
CONTINUOUS
 10
77.3593281621
 20
241.8976503417
 11
77.1759528124
 21
241.667863135
  0
LINE
  5
83F
100
AcDbEntity
  8
RUNDUNGEN
100
AcDbLine
 62
7
  6
CONTINUOUS
 10
78.4568281621
 20
204.2514535974
 11
70.2568281621
 21
204.2514535974
  0
LINE
  5
840
100
AcDbEntity
  8
0
100
AcDbLine
 62
7
  6
CONTINUOUS
 10
70.6568281621
 20
205.3476721081
 11
78.0568281621
 21
205.3476721081
  0
LINE
  5
841
100
AcDbEntity
  8
AUSFORMSCHRAEGEN
100
AcDbLine
 62
7
  6
CONTINUOUS
 10
95.68784722
 20
193.9925492783
 11
94.3596416596
 21
194.5359433338
  0
LINE
  5
842
100
AcDbEntity
  8
RUNDUNGEN
100
AcDbLine
 62
9
  6
CONTINUOUS
 10
94.6893962737
 20
194.8778295507
 11
96.129139116
 21
194.2888034803
  0
LINE
  5
843
100
AcDbEntity
  8
RUNDUNGEN
100
AcDbLine
 62
9
  6
CONTINUOUS
 10
94.8365754554
 20
195.0304234235
 11
96.3261006666
 21
194.4210304428
  0
LINE
  5
844
100
AcDbEntity
  8
0
100
AcDbLine
 62
7
  6
CONTINUOUS
 10
59.0889386721
 20
215.1476721081
 11
59.6662889413
 21
214.1476721081
  0
LINE
  5
845
100
AcDbEntity
  8
0
100
AcDbLine
 62
9
  6
CONTINUOUS
 10
63.8240346666
 20
220.9476721081
 11
63.8240346666
 21
218.1476721081
  0
LINE
  5
846
100
AcDbEntity
  8
0
100
AcDbLine
 62
9
  6
CONTINUOUS
 10
63.8240346666
 20
216.9476721081
 11
63.8240346666
 21
214.1476721081
  0
LINE
  5
847
100
AcDbEntity
  8
0
100
AcDbLine
 62
7
  6
CONTINUOUS
 10
63.9362889413
 20
220.9476721081
 11
63.9362889413
 21
218.1476721081
  0
LINE
  5
848
100
AcDbEntity
  8
0
100
AcDbLine
 62
7
  6
CONTINUOUS
 10
63.9362889413
 20
216.9476721081
 11
63.9362889413
 21
214.1476721081
  0
LINE
  5
849
100
AcDbEntity
  8
0
100
AcDbLine
 62
7
  6
CONTINUOUS
 10
64.3568281621
 20
245.410898382
 11
64.3568281621
 21
243.7785014078
  0
LINE
  5
84A
100
AcDbEntity
  8
0
100
AcDbLine
 62
7
  6
CONTINUOUS
 10
65.1568281621
 20
243.7785286245
 11
65.1568281621
 21
245.410898382
  0
LINE
  5
84B
100
AcDbEntity
  8
0
100
AcDbLine
 62
7
  6
CONTINUOUS
 10
65.4568281621
 20
216.3476721081
 11
65.4568281621
 21
210.3476721081
  0
LINE
  5
84C
100
AcDbEntity
  8
0
100
AcDbLine
 62
7
  6
CONTINUOUS
 10
66.3568281621
 20
244.5785014078
 11
66.3568281621
 21
240.9785014078
  0
LINE
  5
84D
100
AcDbEntity
  8
FASEN
100
AcDbLine
 62
7
  6
CONTINUOUS
 10
63.4014573124
 20
203.5459914659
 11
63.4512044847
 21
203.9511922206
  0
LINE
  5
84E
100
AcDbEntity
  8
0
100
AcDbLine
 62
7
  6
CONTINUOUS
 10
55.5506932953
 20
189.7676721081
 11
55.8704996908
 21
190.9612058248
  0
LINE
  5
84F
100
AcDbEntity
  8
0
100
AcDbLine
 62
7
  6
CONTINUOUS
 10
57.3824119066
 20
192.1696721081
 11
57.062605511
 21
190.9761383914
  0
LINE
  5
850
100
AcDbEntity
  8
0
100
AcDbLine
 62
7
  6
CONTINUOUS
 10
57.7326630795
 20
189.7676721081
 11
58.3762770398
 21
192.1696721081
  0
LINE
  5
851
100
AcDbEntity
  8
0
100
AcDbLine
 62
7
  6
CONTINUOUS
 10
58.9725961197
 20
192.1696721081
 11
58.3289821595
 21
189.7676721081
  0
LINE
  5
852
100
AcDbEntity
  8
0
100
AcDbLine
 62
7
  6
CONTINUOUS
 10
73.2333906621
 20
242.2040332839
 11
73.1417029872
 21
241.8976503417
  0
LINE
  5
853
100
AcDbEntity
  8
0
100
AcDbLine
 62
7
  6
CONTINUOUS
 10
75.3422035119
 20
243.6593523666
 11
75.4338906621
 21
243.8891397878
  0
LINE
  5
854
100
AcDbEntity
  8
0
100
AcDbLine
 62
3
  6
CONTINUOUS
 10
66.9568281621
 20
223.7556511202
 11
66.8568281621
 21
223.5559611179
  0
LINE
  5
855
100
AcDbEntity
  8
0
100
AcDbLine
 62
7
  6
CONTINUOUS
 10
77.7260778124
 20
241.5146716103
 11
77.9094531621
 21
241.8210546061
  0
LINE
  5
856
100
AcDbEntity
  8
0
100
AcDbLine
 62
9
  6
CONTINUOUS
 10
61.4549434506
 20
206.6687167513
 11
61.3280416291
 21
206.6687167513
  0
LINE
  5
857
100
AcDbEntity
  8
RUNDUNGEN
100
AcDbLine
 62
9
  6
CONTINUOUS
 10
81.3568281621
 20
206.7476721081
 11
78.4568281621
 21
206.7476721081
  0
LINE
  5
858
100
AcDbEntity
  8
RUNDUNGEN
100
AcDbLine
 62
9
  6
CONTINUOUS
 10
70.2568281621
 20
206.7476721081
 11
67.3568281621
 21
206.7476721081
  0
LINE
  5
859
100
AcDbEntity
  8
0
100
AcDbLine
 62
3
  6
CONTINUOUS
 10
61.1424292
 20
207.0687167513
 11
61.0155273785
 21
207.0687167513
  0
LINE
  5
85A
100
AcDbEntity
  8
RUNDUNGEN
100
AcDbLine
 62
7
  6
CONTINUOUS
 10
80.9568281621
 20
207.1476721081
 11
78.0568281621
 21
207.1476721081
  0
LINE
  5
85B
100
AcDbEntity
  8
RUNDUNGEN
100
AcDbLine
 62
7
  6
CONTINUOUS
 10
70.6568281621
 20
207.1476721081
 11
67.7568281621
 21
207.1476721081
  0
LINE
  5
85C
100
AcDbEntity
  8
RUNDUNGEN
100
AcDbLine
 62
9
  6
CONTINUOUS
 10
86.6568281621
 20
209.9476721081
 11
81.3568281621
 21
209.9476721081
  0
LINE
  5
85D
100
AcDbEntity
  8
RUNDUNGEN
100
AcDbLine
 62
9
  6
CONTINUOUS
 10
67.3568281621
 20
209.9476721081
 11
62.0568281621
 21
209.9476721081
  0
LINE
  5
85E
100
AcDbEntity
  8
RUNDUNGEN
100
AcDbLine
 62
7
  6
CONTINUOUS
 10
90.5845172083
 20
194.2888034803
 11
91.0258091042
 21
193.9925492783
  0
LINE
  5
85F
100
AcDbEntity
  8
RUNDUNGEN
100
AcDbLine
 62
7
  6
CONTINUOUS
 10
96.129139116
 20
192.8065407359
 11
95.68784722
 21
193.1027949379
  0
LINE
  5
860
100
AcDbEntity
  8
RUNDUNGEN
100
AcDbLine
 62
9
  6
CONTINUOUS
 10
54.5262988196
 20
238.6283996036
 11
53.8770808689
 21
240.0649207927
  0
LINE
  5
861
100
AcDbEntity
  8
RUNDUNGEN
100
AcDbLine
 62
9
  6
CONTINUOUS
 10
54.6534265791
 20
238.8253611542
 11
54.0242600505
 21
240.2175146655
  0
LINE
  5
862
100
AcDbEntity
  8
AUSFORMSCHRAEGEN
100
AcDbLine
 62
7
  6
CONTINUOUS
 10
54.3540146646
 20
240.5594008824
 11
54.9382560283
 21
239.2666530502
  0
LINE
  5
863
100
AcDbEntity
  8
0
100
AcDbLine
 62
7
  6
CONTINUOUS
 10
66.8568281621
 20
223.8676721081
 11
66.8568281621
 21
216.3476721081
  0
LINE
  5
864
100
AcDbEntity
  8
0
100
AcDbLine
 62
7
  6
CONTINUOUS
 10
66.9069531621
 20
240.9785014078
 11
66.9069531621
 21
242.5870120689
  0
LINE
  5
865
100
AcDbEntity
  8
0
100
AcDbLine
 62
7
  6
CONTINUOUS
 10
66.9069531621
 20
243.0465864822
 11
66.9069531621
 21
244.19552273
  0
LINE
  5
866
100
AcDbEntity
  8
0
100
AcDbLine
 62
7
  6
CONTINUOUS
 10
66.9568281621
 20
215.224427155
 11
66.9568281621
 21
223.8676721081
  0
LINE
  5
867
100
AcDbEntity
  8
RUNDUNGEN
100
AcDbLine
 62
9
  6
CONTINUOUS
 10
67.3568281621
 20
206.7476721081
 11
67.3568281621
 21
209.9476721081
  0
LINE
  5
868
100
AcDbEntity
  8
RUNDUNGEN
100
AcDbLine
 62
7
  6
CONTINUOUS
 10
67.7568281621
 20
207.1476721081
 11
67.7568281621
 21
210.3476721081
  0
LINE
  5
869
100
AcDbEntity
  8
0
100
AcDbLine
 62
7
  6
CONTINUOUS
 10
67.7568281621
 20
215.224427155
 11
67.7568281621
 21
223.8676721081
  0
LINE
  5
86A
100
AcDbEntity
  8
0
100
AcDbLine
 62
7
  6
CONTINUOUS
 10
67.8568281621
 20
223.8676721081
 11
67.8568281621
 21
216.3476721081
  0
LINE
  5
86B
100
AcDbEntity
  8
0
100
AcDbLine
 62
7
  6
CONTINUOUS
 10
68.7568281621
 20
239.2363788469
 11
68.7568281621
 21
238.8281659656
  0
LINE
  5
86C
100
AcDbEntity
  8
0
100
AcDbLine
 62
7
  6
CONTINUOUS
 10
68.7568281621
 20
232.5851978913
 11
68.7568281621
 21
232.7489878406
  0
LINE
  5
86D
100
AcDbEntity
  8
RUNDUNGEN
100
AcDbLine
 62
7
  6
CONTINUOUS
 10
68.7568281621
 20
232.7489878406
 11
68.7568281621
 21
236.2859927088
  0
LINE
  5
86E
100
AcDbEntity
  8
0
100
AcDbLine
 62
7
  6
CONTINUOUS
 10
68.8568281621
 20
223.8676721081
 11
68.8568281621
 21
216.3476721081
  0
LINE
  5
86F
100
AcDbEntity
  8
0
100
AcDbLine
 62
7
  6
CONTINUOUS
 10
68.9568281621
 20
215.224427155
 11
68.9568281621
 21
223.8676721081
  0
LINE
  5
870
100
AcDbEntity
  8
0
100
AcDbLine
 62
7
  6
CONTINUOUS
 10
69.1991405747
 20
243.7359483167
 11
69.1991405747
 21
243.5061608955
  0
LINE
  5
871
100
AcDbEntity
  8
0
100
AcDbLine
 62
7
  6
CONTINUOUS
 10
69.7492655747
 20
243.42956516
 11
69.7492655747
 21
243.7359483167
  0
LINE
  5
872
100
AcDbEntity
  8
0
100
AcDbLine
 62
7
  6
CONTINUOUS
 10
69.7568281621
 20
215.224427155
 11
69.7568281621
 21
223.8676721081
  0
LINE
  5
873
100
AcDbEntity
  8
0
100
AcDbLine
 62
7
  6
CONTINUOUS
 10
69.8568281621
 20
223.8676721081
 11
69.8568281621
 21
216.3476721081
  0
LINE
  5
874
100
AcDbEntity
  8
0
100
AcDbLine
 62
7
  6
CONTINUOUS
 10
73.6918279872
 20
241.8210546061
 11
73.7835156621
 21
242.2040332839
  0
LINE
  5
875
100
AcDbEntity
  8
0
100
AcDbLine
 62
7
  6
CONTINUOUS
 10
59.4777219259
 20
190.3456721081
 11
59.5677528545
 21
190.6816721081
  0
LINE
  5
876
100
AcDbEntity
  8
0
100
AcDbLine
 62
7
  6
CONTINUOUS
 10
59.7220915894
 20
191.2576721081
 11
59.812122518
 21
191.5936721081
  0
LINE
  5
877
100
AcDbEntity
  8
0
100
AcDbLine
 62
7
  6
CONTINUOUS
 10
61.0097528545
 20
190.6816721081
 11
61.1640915894
 21
191.2576721081
  0
LINE
  5
878
100
AcDbEntity
  8
0
100
AcDbLine
 62
7
  6
CONTINUOUS
 10
61.2109821595
 20
189.7676721081
 11
61.3658567927
 21
190.3456721081
  0
LINE
  5
879
100
AcDbEntity
  8
0
100
AcDbLine
 62
7
  6
CONTINUOUS
 10
61.7002573848
 20
191.5936721081
 11
61.8545961197
 21
192.1696721081
  0
LINE
  5
87A
100
AcDbEntity
  8
0
100
AcDbLine
 62
7
  6
CONTINUOUS
 10
62.4509151996
 20
192.1696721081
 11
62.1311088041
 21
190.9761383914
  0
LINE
  5
87B
100
AcDbEntity
  8
0
100
AcDbLine
 62
7
  6
CONTINUOUS
 10
63.0850281333
 20
190.8270586214
 11
63.4447803328
 21
192.1696721081
  0
LINE
  5
87C
100
AcDbEntity
  8
0
100
AcDbLine
 62
7
  6
CONTINUOUS
 10
74.8837656621
 20
244.0423312589
 11
74.7920779872
 21
243.7359483167
  0
LINE
  5
87D
100
AcDbEntity
  8
0
100
AcDbLine
 62
9
  6
CONTINUOUS
 10
81.8568281621
 20
249.1189976255
 11
81.5568281621
 21
248.3773777768
  0
LINE
  5
87E
100
AcDbEntity
  8
0
100
AcDbLine
 62
7
  6
CONTINUOUS
 10
61.9159912387
 20
213.6068351847
 11
62.0662889413
 21
213.7571328872
  0
LINE
  5
87F
100
AcDbEntity
  8
0
100
AcDbLine
 62
9
  6
CONTINUOUS
 10
58.2906760369
 20
210.7187943495
 11
58.6846814137
 21
211.0266250872
  0
LINE
  5
880
100
AcDbEntity
  8
0
100
AcDbLine
 62
7
  6
CONTINUOUS
 10
58.4200153149
 20
210.553247623
 11
58.3412142395
 21
210.4916814755
  0
LINE
  5
881
100
AcDbEntity
  8
FASEN
100
AcDbLine
 62
7
  6
CONTINUOUS
 10
58.1137351291
 20
210.3139553162
 11
58.3412142395
 21
210.4916814755
  0
LINE
  5
882
100
AcDbEntity
  8
FASEN
100
AcDbLine
 62
7
  6
CONTINUOUS
 10
85.4863237523
 20
231.3190599033
 11
85.069300865
 21
230.9932459155
  0
LINE
  5
883
100
AcDbEntity
  8
0
100
AcDbLine
 62
7
  6
CONTINUOUS
 10
83.7578898866
 20
229.9686593676
 11
85.069300865
 21
230.9932459155
  0
LINE
  5
884
100
AcDbEntity
  8
RUNDUNGEN
100
AcDbLine
 62
7
  6
CONTINUOUS
 10
85.2335255125
 20
231.0187490813
 11
84.8395201357
 21
230.7109183437
  0
LINE
  5
885
100
AcDbEntity
  8
RUNDUNGEN
100
AcDbLine
 62
9
  6
CONTINUOUS
 10
85.5413562501
 20
230.6247437045
 11
85.1473508733
 21
230.3169129669
  0
LINE
  5
886
100
AcDbEntity
  8
0
100
AcDbLine
 62
7
  6
CONTINUOUS
 10
67.7568281621
 20
210.3376721081
 11
68.5068281621
 21
210.3376721081
  0
LINE
  5
887
100
AcDbEntity
  8
0
100
AcDbLine
 62
7
  6
CONTINUOUS
 10
72.5868281621
 20
210.3376721081
 11
73.5868281621
 21
210.3376721081
  0
LINE
  5
888
100
AcDbEntity
  8
0
100
AcDbLine
 62
7
  6
CONTINUOUS
 10
77.6668281621
 20
210.3376721081
 11
78.6668281621
 21
210.3376721081
  0
LINE
  5
889
100
AcDbEntity
  8
RUNDUNGEN
100
AcDbLine
 62
7
  6
CONTINUOUS
 10
86.2568281621
 20
210.3476721081
 11
80.9568281621
 21
210.3476721081
  0
LINE
  5
88A
100
AcDbEntity
  8
RUNDUNGEN
100
AcDbLine
 62
7
  6
CONTINUOUS
 10
67.7568281621
 20
210.3476721081
 11
62.4568281621
 21
210.3476721081
  0
LINE
  5
88B
100
AcDbEntity
  8
0
100
AcDbLine
 62
7
  6
CONTINUOUS
 10
67.7568281621
 20
210.3476721081
 11
80.9568281621
 21
210.3476721081
  0
LINE
  5
88C
100
AcDbEntity
  8
0
100
AcDbLine
 62
9
  6
CONTINUOUS
 10
58.0362889413
 20
211.4575881199
 11
58.5362889413
 21
211.4575881199
  0
LINE
  5
88D
100
AcDbEntity
  8
RUNDUNGEN
100
AcDbLine
 62
7
  6
CONTINUOUS
 10
87.377367383
 20
213.5476721081
 11
86.6568281621
 21
213.5476721081
  0
LINE
  5
88E
100
AcDbEntity
  8
RUNDUNGEN
100
AcDbLine
 62
7
  6
CONTINUOUS
 10
62.0568281621
 20
213.5476721081
 11
61.3362889413
 21
213.5476721081
  0
LINE
  5
88F
100
AcDbEntity
  8
0
100
AcDbLine
 62
7
  6
CONTINUOUS
 10
61.9159912387
 20
221.4885090315
 11
62.0662889413
 21
221.338211329
  0
LINE
  5
890
100
AcDbEntity
  8
AUSFORMSCHRAEGEN
100
AcDbLine
 62
7
  6
CONTINUOUS
 10
56.3596416596
 20
242.5359433338
 11
55.7754002959
 21
243.828691166
  0
LINE
  5
891
100
AcDbEntity
  8
RUNDUNGEN
100
AcDbLine
 62
9
  6
CONTINUOUS
 10
56.0602297452
 20
244.2699830619
 11
56.6893962737
 21
242.8778295507
  0
LINE
  5
892
100
AcDbEntity
  8
RUNDUNGEN
100
AcDbLine
 62
9
  6
CONTINUOUS
 10
56.1873575046
 20
244.4669446125
 11
56.8365754554
 21
243.0304234235
  0
LINE
  5
893
100
AcDbEntity
  8
RUNDUNGEN
100
AcDbLine
 62
9
  6
CONTINUOUS
 10
70.2568281621
 20
204.2514535974
 11
70.2568281621
 21
206.7476721081
  0
LINE
  5
894
100
AcDbEntity
  8
0
100
AcDbLine
 62
7
  6
CONTINUOUS
 10
70.4827656621
 20
244.5785014078
 11
70.4827656621
 21
242.2040332839
  0
LINE
  5
895
100
AcDbEntity
  8
RUNDUNGEN
100
AcDbLine
 62
7
  6
CONTINUOUS
 10
70.6568281621
 20
204.3076699313
 11
70.6568281621
 21
207.1476721081
  0
LINE
  5
896
100
AcDbEntity
  8
0
100
AcDbLine
 62
7
  6
CONTINUOUS
 10
70.8568281621
 20
223.8676721081
 11
70.8568281621
 21
216.3476721081
  0
LINE
  5
897
100
AcDbEntity
  8
0
100
AcDbLine
 62
7
  6
CONTINUOUS
 10
70.9568281621
 20
215.224427155
 11
70.9568281621
 21
223.8676721081
  0
LINE
  5
898
100
AcDbEntity
  8
0
100
AcDbLine
 62
7
  6
CONTINUOUS
 10
71.0328906621
 20
242.2040332839
 11
71.0328906621
 21
244.5785014078
  0
LINE
  5
899
100
AcDbEntity
  8
4171
100
AcDbLine
 62
7
  6
CONTINUOUS
 10
71.3568281621
 20
233.3098192408
 11
71.3568281621
 21
234.5477144516
  0
LINE
  5
89A
100
AcDbEntity
  8
RUNDUNGEN
100
AcDbLine
 62
7
  6
CONTINUOUS
 10
71.3568281621
 20
234.5476721081
 11
71.3568281621
 21
236.4987653079
  0
LINE
  5
89B
100
AcDbEntity
  8
0
100
AcDbLine
 62
7
  6
CONTINUOUS
 10
71.7568281621
 20
215.224427155
 11
71.7568281621
 21
223.8676721081
  0
LINE
  5
89C
100
AcDbEntity
  8
0
100
AcDbLine
 62
7
  6
CONTINUOUS
 10
71.8568281621
 20
223.8676721081
 11
71.8568281621
 21
216.3476721081
  0
LINE
  5
89D
100
AcDbEntity
  8
0
100
AcDbLine
 62
7
  6
CONTINUOUS
 10
72.1568281621
 20
232.2379219871
 11
72.1568281621
 21
231.9476721081
  0
LINE
  5
89E
100
AcDbEntity
  8
4171
100
AcDbLine
 62
7
  6
CONTINUOUS
 10
72.1568281621
 20
232.2379219871
 11
72.1568281621
 21
234.5476508121
  0
LINE
  5
89F
100
AcDbEntity
  8
0
100
AcDbLine
 62
7
  6
CONTINUOUS
 10
72.5568281621
 20
237.1994893013
 11
72.5568281621
 21
233.9740502273
  0
LINE
  5
8A0
100
AcDbEntity
  8
0
100
AcDbLine
 62
7
  6
CONTINUOUS
 10
72.5568281621
 20
232.5592343127
 11
72.5568281621
 21
231.9476721081
  0
LINE
  5
8A1
100
AcDbEntity
  8
RUNDUNGEN
100
AcDbLine
 62
7
  6
CONTINUOUS
 10
72.5568281621
 20
232.7839982687
 11
72.5568281621
 21
232.5592343127
  0
LINE
  5
8A2
100
AcDbEntity
  8
0
100
AcDbLine
 62
7
  6
CONTINUOUS
 10
72.8568281621
 20
223.8676721081
 11
72.8568281621
 21
216.3476721081
  0
LINE
  5
8A3
100
AcDbEntity
  8
0
100
AcDbLine
 62
9
  6
CONTINUOUS
 10
72.9568281621
 20
232.4093916753
 11
72.9568281621
 21
231.9476721081
  0
LINE
  5
8A4
100
AcDbEntity
  8
0
100
AcDbLine
 62
7
  6
CONTINUOUS
 10
72.9568281621
 20
215.224427155
 11
72.9568281621
 21
223.8676721081
  0
LINE
  5
8A5
100
AcDbEntity
  8
0
100
AcDbLine
 62
7
  6
CONTINUOUS
 10
73.2333906621
 20
244.5785014078
 11
73.2333906621
 21
242.2040332839
  0
LINE
  5
8A6
100
AcDbEntity
  8
0
100
AcDbLine
 62
7
  6
CONTINUOUS
 10
73.7568281621
 20
215.224427155
 11
73.7568281621
 21
223.8676721081
  0
LINE
  5
8A7
100
AcDbEntity
  8
0
100
AcDbLine
 62
7
  6
CONTINUOUS
 10
73.7835156621
 20
242.2040332839
 11
73.7835156621
 21
244.5785014078
  0
LINE
  5
8A8
100
AcDbEntity
  8
0
100
AcDbLine
 62
7
  6
CONTINUOUS
 10
64.7230500664
 20
192.1696721081
 11
64.3291022834
 21
190.6994389664
  0
LINE
  5
8A9
100
AcDbEntity
  8
0
100
AcDbLine
 62
7
  6
CONTINUOUS
 10
65.3116198454
 20
190.657089254
 11
65.7169151996
 21
192.1696721081
  0
LINE
  5
8AA
100
AcDbEntity
  8
0
100
AcDbLine
 62
7
  6
CONTINUOUS
 10
66.3132342795
 20
192.1696721081
 11
66.1588955447
 21
191.5936721081
  0
LINE
  5
8AB
100
AcDbEntity
  8
0
100
AcDbLine
 62
7
  6
CONTINUOUS
 10
76.8568281621
 20
231.9476721081
 11
77.2906559159
 21
233.3235979571
  0
LINE
  5
8AC
100
AcDbEntity
  8
RUNDUNGEN
100
AcDbLine
 62
9
  6
CONTINUOUS
 10
87.040914842
 20
237.2819882523
 11
86.500554775
 21
236.4412784193
  0
LINE
  5
8AD
100
AcDbEntity
  8
RUNDUNGEN
100
AcDbLine
 62
9
  6
CONTINUOUS
 10
84.8949851933
 20
233.7654934365
 11
85.4395170658
 21
234.6035071983
  0
LINE
  5
8AE
100
AcDbEntity
  8
0
100
AcDbLine
 62
7
  6
CONTINUOUS
 10
61.9159912387
 20
213.6068351847
 11
61.3362889413
 21
213.5598906535
  0
LINE
  5
8AF
100
AcDbEntity
  8
AUSFORMSCHRAEGEN
100
AcDbLine
 62
7
  6
CONTINUOUS
 10
62.0662889413
 20
213.7571328872
 11
62.4568281621
 21
213.7571328872
  0
LINE
  5
8B0
100
AcDbEntity
  8
AUSFORMSCHRAEGEN
100
AcDbLine
 62
7
  6
CONTINUOUS
 10
86.2568281621
 20
213.7571328872
 11
86.647367383
 21
213.7571328872
  0
LINE
  5
8B1
100
AcDbEntity
  8
0
100
AcDbLine
 62
7
  6
CONTINUOUS
 10
63.9362889413
 20
214.1476721081
 11
58.7533988532
 21
214.1476721081
  0
LINE
  5
8B2
100
AcDbEntity
  8
0
100
AcDbLine
 62
7
  6
CONTINUOUS
 10
84.777367383
 20
214.1476721081
 11
89.9611973996
 21
214.1476721081
  0
LINE
  5
8B3
100
AcDbEntity
  8
0
100
AcDbLine
 62
7
  6
CONTINUOUS
 10
58.6568281621
 20
215.1476721081
 11
59.5662889413
 21
215.1476721081
  0
LINE
  5
8B4
100
AcDbEntity
  8
0
100
AcDbLine
 62
7
  6
CONTINUOUS
 10
89.147367383
 20
215.1476721081
 11
90.9744122224
 21
215.1476721081
  0
LINE
  5
8B5
100
AcDbEntity
  8
0
100
AcDbLine
 62
7
  6
CONTINUOUS
 10
91.2772650662
 20
215.5476721081
 11
90.1536680026
 21
215.5476721081
  0
LINE
  5
8B6
100
AcDbEntity
  8
RUNDUNGEN
100
AcDbLine
 62
7
  6
CONTINUOUS
 10
90.1536680026
 20
215.5476721081
 11
89.1623898523
 21
215.5476721081
  0
LINE
  5
8B7
100
AcDbEntity
  8
0
100
AcDbLine
 62
7
  6
CONTINUOUS
 10
57.436391258
 20
215.5476721081
 11
58.5599883217
 21
215.5476721081
  0
LINE
  5
8B8
100
AcDbEntity
  8
RUNDUNGEN
100
AcDbLine
 62
7
  6
CONTINUOUS
 10
58.5599883217
 20
215.5476721081
 11
59.5512664719
 21
215.5476721081
  0
LINE
  5
8B9
100
AcDbEntity
  8
0
100
AcDbLine
 62
7
  6
CONTINUOUS
 10
83.2568281621
 20
216.3476721081
 11
81.7568281621
 21
216.3476721081
  0
LINE
  5
8BA
100
AcDbEntity
  8
0
100
AcDbLine
 62
7
  6
CONTINUOUS
 10
80.9568281621
 20
216.3476721081
 11
79.7568281621
 21
216.3476721081
  0
LINE
  5
8BB
100
AcDbEntity
  8
0
100
AcDbLine
 62
7
  6
CONTINUOUS
 10
78.9568281621
 20
216.3476721081
 11
77.7568281621
 21
216.3476721081
  0
LINE
  5
8BC
100
AcDbEntity
  8
0
100
AcDbLine
 62
7
  6
CONTINUOUS
 10
76.9568281621
 20
216.3476721081
 11
75.7568281621
 21
216.3476721081
  0
LINE
  5
8BD
100
AcDbEntity
  8
0
100
AcDbLine
 62
7
  6
CONTINUOUS
 10
74.9568281621
 20
216.3476721081
 11
73.7568281621
 21
216.3476721081
  0
LINE
  5
8BE
100
AcDbEntity
  8
0
100
AcDbLine
 62
7
  6
CONTINUOUS
 10
72.9568281621
 20
216.3476721081
 11
71.7568281621
 21
216.3476721081
  0
LINE
  5
8BF
100
AcDbEntity
  8
0
100
AcDbLine
 62
7
  6
CONTINUOUS
 10
70.9568281621
 20
216.3476721081
 11
69.7568281621
 21
216.3476721081
  0
LINE
  5
8C0
100
AcDbEntity
  8
0
100
AcDbLine
 62
7
  6
CONTINUOUS
 10
68.9568281621
 20
216.3476721081
 11
67.7568281621
 21
216.3476721081
  0
LINE
  5
8C1
100
AcDbEntity
  8
0
100
AcDbLine
 62
7
  6
CONTINUOUS
 10
66.9568281621
 20
216.3476721081
 11
65.4568281621
 21
216.3476721081
  0
LINE
  5
8C2
100
AcDbEntity
  8
0
100
AcDbLine
 62
7
  6
CONTINUOUS
 10
61.3362889413
 20
216.9476721081
 11
63.9362889413
 21
216.9476721081
  0
LINE
  5
8C3
100
AcDbEntity
  8
0
100
AcDbLine
 62
7
  6
CONTINUOUS
 10
84.777367383
 20
216.9476721081
 11
87.377367383
 21
216.9476721081
  0
LINE
  5
8C4
100
AcDbEntity
  8
0
100
AcDbLine
 62
7
  6
CONTINUOUS
 10
87.377367383
 20
213.5598906535
 11
86.7976650855
 21
213.6068351847
  0
LINE
  5
8C5
100
AcDbEntity
  8
RUNDUNGEN
100
AcDbLine
 62
7
  6
CONTINUOUS
 10
92.0242600505
 20
194.8778295507
 11
92.3540146646
 21
194.5359433338
  0
LINE
  5
8C6
100
AcDbEntity
  8
RUNDUNGEN
100
AcDbLine
 62
7
  6
CONTINUOUS
 10
94.6893962737
 20
192.2175146655
 11
94.3596416596
 21
192.5594008824
  0
LINE
  5
8C7
100
AcDbEntity
  8
RUNDUNGEN
100
AcDbLine
 62
7
  6
CONTINUOUS
 10
56.0602297452
 20
238.8253611542
 11
55.7754002959
 21
239.2666530502
  0
LINE
  5
8C8
100
AcDbEntity
  8
RUNDUNGEN
100
AcDbLine
 62
7
  6
CONTINUOUS
 10
54.6534265791
 20
244.2699830619
 11
54.9382560283
 21
243.828691166
  0
LINE
  5
8C9
100
AcDbEntity
  8
AUSFORMSCHRAEGEN
100
AcDbLine
 62
7
  6
CONTINUOUS
 10
62.5973916603
 20
232.7156135975
 11
62.6052999874
 21
232.7019159733
  0
LINE
  5
8CA
100
AcDbEntity
  8
RUNDUNGEN
100
AcDbLine
 62
9
  6
CONTINUOUS
 10
62.2114185084
 20
236.4441935315
 11
63.2724128294
 21
234.606497461
  0
LINE
  5
8CB
100
AcDbEntity
  8
0
100
AcDbLine
 62
7
  6
CONTINUOUS
 10
73.8568281621
 20
223.8676721081
 11
73.8568281621
 21
216.3476721081
  0
LINE
  5
8CC
100
AcDbEntity
  8
0
100
AcDbLine
 62
7
  6
CONTINUOUS
 10
74.1484948288
 20
248.6419082968
 11
74.1484948288
 21
245.951058342
  0
LINE
  5
8CD
100
AcDbEntity
  8
DEFAULT_1
100
AcDbLine
 62
7
  6
CENTER
 10
74.3568281621
 20
217.5476721081
 11
74.3568281621
 21
176.1687673578
  0
LINE
  5
8CE
100
AcDbEntity
  8
DEFAULT_1
100
AcDbLine
 62
7
  6
CENTER
 10
74.3568281621
 20
217.5476721081
 11
74.3568281621
 21
258.9265768584
  0
LINE
  5
8CF
100
AcDbEntity
  8
0
100
AcDbLine
 62
7
  6
CONTINUOUS
 10
74.5651614954
 20
245.951058342
 11
74.5651614954
 21
248.6419082968
  0
LINE
  5
8D0
100
AcDbEntity
  8
0
100
AcDbLine
 62
7
  6
CONTINUOUS
 10
74.7920779872
 20
243.7359483167
 11
74.7920779872
 21
243.42956516
  0
LINE
  5
8D1
100
AcDbEntity
  8
0
100
AcDbLine
 62
7
  6
CONTINUOUS
 10
74.8568281621
 20
223.8676721081
 11
74.8568281621
 21
216.3476721081
  0
LINE
  5
8D2
100
AcDbEntity
  8
0
100
AcDbLine
 62
7
  6
CONTINUOUS
 10
74.9568281621
 20
215.224427155
 11
74.9568281621
 21
223.8676721081
  0
LINE
  5
8D3
100
AcDbEntity
  8
0
100
AcDbLine
 62
7
  6
CONTINUOUS
 10
75.3422035119
 20
243.5061608955
 11
75.3422035119
 21
243.6593523666
  0
LINE
  5
8D4
100
AcDbEntity
  8
0
100
AcDbLine
 62
7
  6
CONTINUOUS
 10
75.7568281621
 20
215.224427155
 11
75.7568281621
 21
223.8676721081
  0
LINE
  5
8D5
100
AcDbEntity
  8
0
100
AcDbLine
 62
9
  6
CONTINUOUS
 10
75.7568281621
 20
231.9476721081
 11
75.7568281621
 21
232.4093916753
  0
LINE
  5
8D6
100
AcDbEntity
  8
0
100
AcDbLine
 62
7
  6
CONTINUOUS
 10
75.8568281621
 20
223.8676721081
 11
75.8568281621
 21
216.3476721081
  0
LINE
  5
8D7
100
AcDbEntity
  8
0
100
AcDbLine
 62
7
  6
CONTINUOUS
 10
76.1568281621
 20
237.1994893013
 11
76.1568281621
 21
233.9740502273
  0
LINE
  5
8D8
100
AcDbEntity
  8
RUNDUNGEN
100
AcDbLine
 62
7
  6
CONTINUOUS
 10
76.1568281621
 20
232.7839982687
 11
76.1568281621
 21
232.5592343127
  0
LINE
  5
8D9
100
AcDbEntity
  8
0
100
AcDbLine
 62
7
  6
CONTINUOUS
 10
76.1568281621
 20
231.9476721081
 11
76.1568281621
 21
232.5592343127
  0
LINE
  5
8DA
100
AcDbEntity
  8
0
100
AcDbLine
 62
7
  6
CONTINUOUS
 10
76.5568281621
 20
231.9476721081
 11
76.5568281621
 21
232.2379219871
  0
LINE
  5
8DB
100
AcDbEntity
  8
4171
100
AcDbLine
 62
7
  6
CONTINUOUS
 10
76.5568281621
 20
232.2379219871
 11
76.5568281621
 21
234.5476508121
  0
LINE
  5
8DC
100
AcDbEntity
  8
0
100
AcDbLine
 62
7
  6
CONTINUOUS
 10
76.8568281621
 20
223.8676721081
 11
76.8568281621
 21
216.3476721081
  0
LINE
  5
8DD
100
AcDbEntity
  8
0
100
AcDbLine
 62
7
  6
CONTINUOUS
 10
76.9568281621
 20
215.224427155
 11
76.9568281621
 21
223.8676721081
  0
LINE
  5
8DE
100
AcDbEntity
  8
4171
100
AcDbLine
 62
7
  6
CONTINUOUS
 10
77.3568281621
 20
233.3098192408
 11
77.3568281621
 21
234.5477144516
  0
LINE
  5
8DF
100
AcDbEntity
  8
RUNDUNGEN
100
AcDbLine
 62
7
  6
CONTINUOUS
 10
77.3568281621
 20
234.5476721081
 11
77.3568281621
 21
236.4987653079
  0
LINE
  5
8E0
100
AcDbEntity
  8
0
100
AcDbLine
 62
7
  6
CONTINUOUS
 10
77.3593281621
 20
242.1274375483
 11
77.3593281621
 21
241.8976503417
  0
LINE
  5
8E1
100
AcDbEntity
  8
RUNDUNGEN
100
AcDbLine
 62
7
  6
CONTINUOUS
 10
78.9805148338
 20
237.1785014078
 11
79.2978266642
 21
238.542067762
  0
LINE
  5
8E2
100
AcDbEntity
  8
0
100
AcDbLine
 62
7
  6
CONTINUOUS
 10
78.9805148338
 20
237.1785014078
 11
79.2978266642
 21
238.542067762
  0
LINE
  5
8E3
100
AcDbEntity
  8
RUNDUNGEN
100
AcDbLine
 62
9
  6
CONTINUOUS
 10
79.3543663188
 20
237.0877936008
 11
79.7012419777
 21
238.4441318196
  0
LINE
  5
8E4
100
AcDbEntity
  8
0
100
AcDbLine
 62
7
  6
CONTINUOUS
 10
67.1668955447
 20
191.5936721081
 11
66.6776203193
 21
189.7676721081
  0
LINE
  5
8E5
100
AcDbEntity
  8
0
100
AcDbLine
 62
7
  6
CONTINUOUS
 10
67.6714854525
 20
189.7676721081
 11
68.1607606779
 21
191.5936721081
  0
LINE
  5
8E6
100
AcDbEntity
  8
0
100
AcDbLine
 62
7
  6
CONTINUOUS
 10
69.0408955447
 20
191.5936721081
 11
69.1952342795
 21
192.1696721081
  0
LINE
  5
8E7
100
AcDbEntity
  8
0
100
AcDbLine
 62
7
  6
CONTINUOUS
 10
69.7915533594
 20
192.1696721081
 11
69.1479393992
 21
189.7676721081
  0
LINE
  5
8E8
100
AcDbEntity
  8
0
100
AcDbLine
 62
7
  6
CONTINUOUS
 10
70.1418045324
 20
189.7676721081
 11
70.415117444
 21
190.7876897807
  0
LINE
  5
8E9
100
AcDbEntity
  8
0
100
AcDbLine
 62
7
  6
CONTINUOUS
 10
70.5281872679
 20
191.2096721081
 11
70.6825260027
 21
191.7856721081
  0
LINE
  5
8EA
100
AcDbEntity
  8
RUNDUNGEN
100
AcDbLine
 62
7
  6
CONTINUOUS
 10
82.6534268403
 20
237.928689482
 11
82.4921094159
 21
237.5324050098
  0
LINE
  5
8EB
100
AcDbEntity
  8
RUNDUNGEN
100
AcDbLine
 62
9
  6
CONTINUOUS
 10
83.2060621294
 20
237.6948921896
 11
83.0456014851
 21
237.3007124412
  0
LINE
  5
8EC
100
AcDbEntity
  8
RUNDUNGEN
100
AcDbLine
 62
9
  6
CONTINUOUS
 10
83.7510717241
 20
235.4176270366
 11
84.3921937587
 21
236.662206389
  0
LINE
  5
8ED
100
AcDbEntity
  8
RUNDUNGEN
100
AcDbLine
 62
7
  6
CONTINUOUS
 10
84.0908668714
 20
235.2372607736
 11
84.7588891358
 21
236.4676047313
  0
LINE
  5
8EE
100
AcDbEntity
  8
RUNDUNGEN
100
AcDbLine
 62
7
  6
CONTINUOUS
 10
83.9827519119
 20
234.2202611125
 11
85.6457641216
 21
237.1006827533
  0
LINE
  5
8EF
100
AcDbEntity
  8
RUNDUNGEN
100
AcDbLine
 62
9
  6
CONTINUOUS
 10
84.5736235751
 20
235.1034310688
 11
85.6346612548
 21
236.9412022387
  0
LINE
  5
8F0
100
AcDbEntity
  8
RUNDUNGEN
100
AcDbLine
 62
9
  6
CONTINUOUS
 10
85.4414595604
 20
234.6068716977
 11
86.5024328016
 21
236.4445312568
  0
LINE
  5
8F1
100
AcDbEntity
  8
AUSFORMSCHRAEGEN
100
AcDbLine
 62
7
  6
CONTINUOUS
 10
86.1162646639
 20
232.7156135975
 11
86.1083563369
 21
232.7019159733
  0
LINE
  5
8F2
100
AcDbEntity
  8
RUNDUNGEN
100
AcDbLine
 62
9
  6
CONTINUOUS
 10
63.1723000741
 20
204.4706005117
 11
63.5663054509
 21
204.7784312493
  0
LINE
  5
8F3
100
AcDbEntity
  8
RUNDUNGEN
100
AcDbLine
 62
7
  6
CONTINUOUS
 10
63.4801308117
 20
204.0765951349
 11
63.8741361885
 21
204.3844258725
  0
LINE
  5
8F4
100
AcDbEntity
  8
FASEN
100
AcDbLine
 62
7
  6
CONTINUOUS
 10
63.4512044847
 20
203.9511922206
 11
63.9240109369
 21
204.3205891057
  0
LINE
  5
8F5
100
AcDbEntity
  8
0
100
AcDbLine
 62
7
  6
CONTINUOUS
 10
87.377367383
 20
221.5354535626
 11
86.7976650855
 21
221.4885090315
  0
LINE
  5
8F6
100
AcDbEntity
  8
DEFAULT_1
100
AcDbLine
 62
7
  6
CENTER
 10
74.3568281621
 20
217.5476721081
 11
32.9779234118
 21
217.5476721081
  0
LINE
  5
8F7
100
AcDbEntity
  8
DEFAULT_1
100
AcDbLine
 62
7
  6
CENTER
 10
74.3568281621
 20
217.5476721081
 11
115.7357329124
 21
217.5476721081
  0
LINE
  5
8F8
100
AcDbEntity
  8
0
100
AcDbLine
 62
7
  6
CONTINUOUS
 10
61.3362889413
 20
218.1476721081
 11
63.9362889413
 21
218.1476721081
  0
LINE
  5
8F9
100
AcDbEntity
  8
0
100
AcDbLine
 62
7
  6
CONTINUOUS
 10
84.777367383
 20
218.1476721081
 11
87.377367383
 21
218.1476721081
  0
LINE
  5
8FA
100
AcDbEntity
  8
0
100
AcDbLine
 62
7
  6
CONTINUOUS
 10
91.2772650662
 20
219.5476721081
 11
90.1536680026
 21
219.5476721081
  0
LINE
  5
8FB
100
AcDbEntity
  8
RUNDUNGEN
100
AcDbLine
 62
7
  6
CONTINUOUS
 10
90.1536680026
 20
219.5476721081
 11
89.1623898523
 21
219.5476721081
  0
LINE
  5
8FC
100
AcDbEntity
  8
0
100
AcDbLine
 62
7
  6
CONTINUOUS
 10
57.436391258
 20
219.5476721081
 11
58.5599883217
 21
219.5476721081
  0
LINE
  5
8FD
100
AcDbEntity
  8
RUNDUNGEN
100
AcDbLine
 62
7
  6
CONTINUOUS
 10
58.5599883217
 20
219.5476721081
 11
59.5512664719
 21
219.5476721081
  0
LINE
  5
8FE
100
AcDbEntity
  8
0
100
AcDbLine
 62
7
  6
CONTINUOUS
 10
57.7392441018
 20
219.9476721081
 11
59.5662889413
 21
219.9476721081
  0
LINE
  5
8FF
100
AcDbEntity
  8
0
100
AcDbLine
 62
7
  6
CONTINUOUS
 10
89.147367383
 20
219.9476721081
 11
90.0568281621
 21
219.9476721081
  0
LINE
  5
900
100
AcDbEntity
  8
0
100
AcDbLine
 62
7
  6
CONTINUOUS
 10
58.7524589247
 20
220.9476721081
 11
63.9362889413
 21
220.9476721081
  0
LINE
  5
901
100
AcDbEntity
  8
0
100
AcDbLine
 62
7
  6
CONTINUOUS
 10
84.777367383
 20
220.9476721081
 11
89.960257471
 21
220.9476721081
  0
LINE
  5
902
100
AcDbEntity
  8
0
100
AcDbLine
 62
7
  6
CONTINUOUS
 10
61.9159912387
 20
221.4885090315
 11
61.3362889413
 21
221.5354535626
  0
LINE
  5
903
100
AcDbEntity
  8
RUNDUNGEN
100
AcDbLine
 62
9
  6
CONTINUOUS
 10
63.8186711309
 20
233.7654934365
 11
63.2741392584
 21
234.6035071983
  0
LINE
  5
904
100
AcDbEntity
  8
RUNDUNGEN
100
AcDbLine
 62
7
  6
CONTINUOUS
 10
94.0602297452
 20
190.8253611542
 11
93.7754002959
 21
191.2666530502
  0
LINE
  5
905
100
AcDbEntity
  8
RUNDUNGEN
100
AcDbLine
 62
9
  6
CONTINUOUS
 10
61.6727414822
 20
237.2819882523
 11
62.2131015492
 21
236.4412784193
  0
LINE
  5
906
100
AcDbEntity
  8
RUNDUNGEN
100
AcDbLine
 62
9
  6
CONTINUOUS
 10
63.0789950694
 20
236.9412022387
 11
64.1400327491
 21
235.1034310688
  0
LINE
  5
907
100
AcDbEntity
  8
RUNDUNGEN
100
AcDbLine
 62
7
  6
CONTINUOUS
 10
64.7309044123
 20
234.2202611125
 11
63.0678922026
 21
237.1006827533
  0
LINE
  5
908
100
AcDbEntity
  8
RUNDUNGEN
100
AcDbLine
 62
7
  6
CONTINUOUS
 10
63.9547671885
 20
236.4676047313
 11
64.6227894528
 21
235.2372607736
  0
LINE
  5
909
100
AcDbEntity
  8
RUNDUNGEN
100
AcDbLine
 62
9
  6
CONTINUOUS
 10
64.3214625655
 20
236.662206389
 11
64.9625846002
 21
235.4176270366
  0
LINE
  5
90A
100
AcDbEntity
  8
RUNDUNGEN
100
AcDbLine
 62
9
  6
CONTINUOUS
 10
65.6680548391
 20
237.3007124412
 11
65.5075941948
 21
237.6948921896
  0
LINE
  5
90B
100
AcDbEntity
  8
RUNDUNGEN
100
AcDbLine
 62
7
  6
CONTINUOUS
 10
66.2215469083
 20
237.5324050098
 11
66.060229484
 21
237.928689482
  0
LINE
  5
90C
100
AcDbEntity
  8
0
100
AcDbLine
 62
7
  6
CONTINUOUS
 10
71.8568281621
 20
231.9476721081
 11
71.4230004083
 21
233.3235979571
  0
LINE
  5
90D
100
AcDbEntity
  8
RUNDUNGEN
100
AcDbLine
 62
9
  6
CONTINUOUS
 10
69.3592901148
 20
237.087793173
 11
69.0124143466
 21
238.4441318196
  0
LINE
  5
90E
100
AcDbEntity
  8
0
100
AcDbLine
 62
7
  6
CONTINUOUS
 10
70.4827656621
 20
242.2040332839
 11
70.5744530747
 21
241.8210546061
  0
LINE
  5
90F
100
AcDbEntity
  8
0
100
AcDbLine
 62
7
  6
CONTINUOUS
 10
69.41582966
 20
238.542067762
 11
69.7331414904
 21
237.1785014078
  0
LINE
  5
910
100
AcDbEntity
  8
RUNDUNGEN
100
AcDbLine
 62
7
  6
CONTINUOUS
 10
69.7331414904
 20
237.1785014078
 11
69.41582966
 21
238.542067762
  0
LINE
  5
911
100
AcDbEntity
  8
0
100
AcDbLine
 62
7
  6
CONTINUOUS
 10
77.7568281621
 20
215.224427155
 11
77.7568281621
 21
223.8676721081
  0
LINE
  5
912
100
AcDbEntity
  8
0
100
AcDbLine
 62
7
  6
CONTINUOUS
 10
77.8568281621
 20
223.8676721081
 11
77.8568281621
 21
216.3476721081
  0
LINE
  5
913
100
AcDbEntity
  8
0
100
AcDbLine
 62
7
  6
CONTINUOUS
 10
77.9094531621
 20
241.8210546061
 11
77.9094531621
 21
242.2040332839
  0
LINE
  5
914
100
AcDbEntity
  8
RUNDUNGEN
100
AcDbLine
 62
7
  6
CONTINUOUS
 10
78.0568281621
 20
207.1476721081
 11
78.0568281621
 21
204.3076699313
  0
LINE
  5
915
100
AcDbEntity
  8
RUNDUNGEN
100
AcDbLine
 62
9
  6
CONTINUOUS
 10
78.4568281621
 20
206.7476721081
 11
78.4568281621
 21
204.2514535974
  0
LINE
  5
916
100
AcDbEntity
  8
0
100
AcDbLine
 62
7
  6
CONTINUOUS
 10
78.6429535119
 20
244.5785014078
 11
78.6429535119
 21
240.9785014078
  0
LINE
  5
917
100
AcDbEntity
  8
0
100
AcDbLine
 62
7
  6
CONTINUOUS
 10
78.8568281621
 20
223.8676721081
 11
78.8568281621
 21
216.3476721081
  0
LINE
  5
918
100
AcDbEntity
  8
0
100
AcDbLine
 62
7
  6
CONTINUOUS
 10
78.9568281621
 20
215.224427155
 11
78.9568281621
 21
223.8676721081
  0
LINE
  5
919
100
AcDbEntity
  8
0
100
AcDbLine
 62
7
  6
CONTINUOUS
 10
79.1930785119
 20
240.9785014078
 11
79.1930785119
 21
242.6636078045
  0
LINE
  5
91A
100
AcDbEntity
  8
0
100
AcDbLine
 62
7
  6
CONTINUOUS
 10
79.1930785119
 20
243.1231822178
 11
79.1930785119
 21
244.5785014078
  0
LINE
  5
91B
100
AcDbEntity
  8
0
100
AcDbLine
 62
7
  6
CONTINUOUS
 10
79.7568281621
 20
215.224427155
 11
79.7568281621
 21
223.8676721081
  0
LINE
  5
91C
100
AcDbEntity
  8
0
100
AcDbLine
 62
7
  6
CONTINUOUS
 10
79.8568281621
 20
223.8676721081
 11
79.8568281621
 21
216.3476721081
  0
LINE
  5
91D
100
AcDbEntity
  8
0
100
AcDbLine
 62
7
  6
CONTINUOUS
 10
79.9568281621
 20
232.7489878406
 11
79.9568281621
 21
232.5851978913
  0
LINE
  5
91E
100
AcDbEntity
  8
RUNDUNGEN
100
AcDbLine
 62
7
  6
CONTINUOUS
 10
79.9568281621
 20
232.7489878406
 11
79.9568281621
 21
236.2859927088
  0
LINE
  5
91F
100
AcDbEntity
  8
0
100
AcDbLine
 62
7
  6
CONTINUOUS
 10
79.9568281621
 20
238.8281659656
 11
79.9568281621
 21
239.2363788469
  0
LINE
  5
920
100
AcDbEntity
  8
0
100
AcDbLine
 62
7
  6
CONTINUOUS
 10
80.8568281621
 20
223.8676721081
 11
80.8568281621
 21
216.3476721081
  0
LINE
  5
921
100
AcDbEntity
  8
RUNDUNGEN
100
AcDbLine
 62
7
  6
CONTINUOUS
 10
80.9568281621
 20
210.3476721081
 11
80.9568281621
 21
207.1476721081
  0
LINE
  5
922
100
AcDbEntity
  8
0
100
AcDbLine
 62
7
  6
CONTINUOUS
 10
80.9568281621
 20
215.224427155
 11
80.9568281621
 21
223.8676721081
  0
LINE
  5
923
100
AcDbEntity
  8
0
100
AcDbLine
 62
7
  6
CONTINUOUS
 10
73.6717684836
 20
192.1696721081
 11
73.0281545234
 21
189.7676721081
  0
LINE
  5
924
100
AcDbEntity
  8
0
100
AcDbLine
 62
7
  6
CONTINUOUS
 10
74.0220196566
 20
189.7676721081
 11
74.6656336168
 21
192.1696721081
  0
LINE
  5
925
100
AcDbEntity
  8
0
100
AcDbLine
 62
7
  6
CONTINUOUS
 10
86.7976650855
 20
221.4885090315
 11
86.647367383
 21
221.338211329
  0
LINE
  5
926
100
AcDbEntity
  8
FASEN
100
AcDbLine
 62
7
  6
CONTINUOUS
 10
63.4014573124
 20
203.5459914659
 11
64.1017003245
 21
204.0930812662
  0
LINE
  5
927
100
AcDbEntity
  8
FASEN
100
AcDbLine
 62
7
  6
CONTINUOUS
 10
90.6052381133
 20
224.7855429317
 11
90.3688348872
 21
224.6008444891
  0
LINE
  5
928
100
AcDbEntity
  8
0
100
AcDbLine
 62
7
  6
CONTINUOUS
 10
90.2936410094
 20
224.5420965932
 11
90.3688348872
 21
224.6008444891
  0
LINE
  5
929
100
AcDbEntity
  8
0
100
AcDbLine
 62
9
  6
CONTINUOUS
 10
90.4229802873
 20
224.3765498667
 11
90.0289749105
 21
224.068719129
  0
LINE
  5
92A
100
AcDbEntity
  8
AUSFORMSCHRAEGEN
100
AcDbLine
 62
7
  6
CONTINUOUS
 10
86.647367383
 20
221.338211329
 11
86.2568281621
 21
221.338211329
  0
LINE
  5
92B
100
AcDbEntity
  8
AUSFORMSCHRAEGEN
100
AcDbLine
 62
7
  6
CONTINUOUS
 10
62.4568281621
 20
221.338211329
 11
62.0662889413
 21
221.338211329
  0
LINE
  5
92C
100
AcDbEntity
  8
0
100
AcDbLine
 62
3
  6
CONTINUOUS
 10
80.9568281621
 20
221.4276721081
 11
80.8568281621
 21
221.4276721081
  0
LINE
  5
92D
100
AcDbEntity
  8
0
100
AcDbLine
 62
3
  6
CONTINUOUS
 10
75.8568281621
 20
221.4276721081
 11
75.7568281621
 21
221.4276721081
  0
LINE
  5
92E
100
AcDbEntity
  8
0
100
AcDbLine
 62
3
  6
CONTINUOUS
 10
70.9568281621
 20
221.4276721081
 11
70.8568281621
 21
221.4276721081
  0
LINE
  5
92F
100
AcDbEntity
  8
RUNDUNGEN
100
AcDbLine
 62
7
  6
CONTINUOUS
 10
61.3362889413
 20
221.5476721081
 11
62.0568281621
 21
221.5476721081
  0
LINE
  5
930
100
AcDbEntity
  8
RUNDUNGEN
100
AcDbLine
 62
7
  6
CONTINUOUS
 10
86.6568281621
 20
221.5476721081
 11
87.377367383
 21
221.5476721081
  0
LINE
  5
931
100
AcDbEntity
  8
0
100
AcDbLine
 62
9
  6
CONTINUOUS
 10
70.8568281621
 20
221.8575061855
 11
70.9568281621
 21
221.8575061855
  0
LINE
  5
932
100
AcDbEntity
  8
0
100
AcDbLine
 62
9
  6
CONTINUOUS
 10
75.7568281621
 20
221.8575061855
 11
75.8568281621
 21
221.8575061855
  0
LINE
  5
933
100
AcDbEntity
  8
0
100
AcDbLine
 62
9
  6
CONTINUOUS
 10
80.8568281621
 20
221.8575061855
 11
80.9568281621
 21
221.8575061855
  0
LINE
  5
934
100
AcDbEntity
  8
0
100
AcDbLine
 62
9
  6
CONTINUOUS
 10
90.677367383
 20
223.6377560963
 11
90.177367383
 21
223.6377560963
  0
LINE
  5
935
100
AcDbEntity
  8
RUNDUNGEN
100
AcDbLine
 62
7
  6
CONTINUOUS
 10
86.2568281621
 20
223.8676721081
 11
62.4568281621
 21
223.8676721081
  0
LINE
  5
936
100
AcDbEntity
  8
RUNDUNGEN
100
AcDbLine
 62
9
  6
CONTINUOUS
 10
86.6568281621
 20
224.2676721081
 11
62.0568281621
 21
224.2676721081
  0
LINE
  5
937
100
AcDbEntity
  8
0
100
AcDbLine
 62
7
  6
CONTINUOUS
 10
86.7976650855
 20
213.6068351847
 11
86.647367383
 21
213.7571328872
  0
LINE
  5
938
100
AcDbEntity
  8
RUNDUNGEN
100
AcDbLine
 62
7
  6
CONTINUOUS
 10
54.0242600505
 20
242.8778295507
 11
54.3540146646
 21
242.5359433338
  0
LINE
  5
939
100
AcDbEntity
  8
RUNDUNGEN
100
AcDbLine
 62
7
  6
CONTINUOUS
 10
56.6893962737
 20
240.2175146655
 11
56.3596416596
 21
240.5594008824
  0
LINE
  5
93A
100
AcDbEntity
  8
RUNDUNGEN
100
AcDbLine
 62
7
  6
CONTINUOUS
 10
92.6534265791
 20
196.2699830619
 11
92.9382560283
 21
195.828691166
  0
LINE
  5
93B
100
AcDbEntity
  8
RUNDUNGEN
100
AcDbLine
 62
9
  6
CONTINUOUS
 10
92.5262988196
 20
190.6283996036
 11
91.8770808689
 21
192.0649207927
  0
LINE
  5
93C
100
AcDbEntity
  8
RUNDUNGEN
100
AcDbLine
 62
9
  6
CONTINUOUS
 10
92.6534265791
 20
190.8253611542
 11
92.0242600505
 21
192.2175146655
  0
LINE
  5
93D
100
AcDbEntity
  8
AUSFORMSCHRAEGEN
100
AcDbLine
 62
7
  6
CONTINUOUS
 10
92.3540146646
 20
192.5594008824
 11
92.9382560283
 21
191.2666530502
  0
LINE
  5
93E
100
AcDbEntity
  8
0
100
AcDbLine
 62
9
  6
CONTINUOUS
 10
66.8568281621
 20
249.1189976255
 11
67.1568281621
 21
248.3773777768
  0
LINE
  5
93F
100
AcDbEntity
  8
0
100
AcDbLine
 62
7
  6
CONTINUOUS
 10
69.1074531621
 20
243.9657355234
 11
69.1991405747
 21
243.7359483167
  0
LINE
  5
940
100
AcDbEntity
  8
0
100
AcDbLine
 62
7
  6
CONTINUOUS
 10
69.7492655747
 20
243.7359483167
 11
69.6575781621
 21
243.9657355234
  0
LINE
  5
941
100
AcDbEntity
  8
0
100
AcDbLine
 62
7
  6
CONTINUOUS
 10
71.124578337
 20
241.8976503417
 11
71.0328906621
 21
242.2040332839
  0
LINE
  5
942
100
AcDbEntity
  8
RUNDUNGEN
100
AcDbLine
 62
9
  6
CONTINUOUS
 10
81.3568281621
 20
209.9476721081
 11
81.3568281621
 21
206.7476721081
  0
LINE
  5
943
100
AcDbEntity
  8
0
100
AcDbLine
 62
7
  6
CONTINUOUS
 10
81.7568281621
 20
215.224427155
 11
81.7568281621
 21
223.8676721081
  0
LINE
  5
944
100
AcDbEntity
  8
0
100
AcDbLine
 62
7
  6
CONTINUOUS
 10
81.7603281621
 20
244.5785014078
 11
81.7603281621
 21
243.1231822178
  0
LINE
  5
945
100
AcDbEntity
  8
0
100
AcDbLine
 62
7
  6
CONTINUOUS
 10
81.7603281621
 20
242.6636078045
 11
81.7603281621
 21
240.9785014078
  0
LINE
  5
946
100
AcDbEntity
  8
0
100
AcDbLine
 62
7
  6
CONTINUOUS
 10
81.8568281621
 20
223.8676721081
 11
81.8568281621
 21
216.3476721081
  0
LINE
  5
947
100
AcDbEntity
  8
0
100
AcDbLine
 62
7
  6
CONTINUOUS
 10
82.3104531621
 20
240.9785014078
 11
82.3104531621
 21
244.5785014078
  0
LINE
  5
948
100
AcDbEntity
  8
0
100
AcDbLine
 62
7
  6
CONTINUOUS
 10
83.2568281621
 20
210.3476721081
 11
83.2568281621
 21
216.3476721081
  0
LINE
  5
949
100
AcDbEntity
  8
0
100
AcDbLine
 62
7
  6
CONTINUOUS
 10
83.5568281621
 20
243.7785358436
 11
83.5568281621
 21
245.410898382
  0
LINE
  5
94A
100
AcDbEntity
  8
0
100
AcDbLine
 62
7
  6
CONTINUOUS
 10
84.3568281621
 20
243.7785014078
 11
84.3568281621
 21
245.410898382
  0
LINE
  5
94B
100
AcDbEntity
  8
0
100
AcDbLine
 62
7
  6
CONTINUOUS
 10
75.2619526967
 20
192.1696721081
 11
74.6183387365
 21
189.7676721081
  0
LINE
  5
94C
100
AcDbEntity
  8
0
100
AcDbLine
 62
7
  6
CONTINUOUS
 10
75.6122038697
 20
189.7676721081
 11
75.8855167813
 21
190.7876897807
  0
LINE
  5
94D
100
AcDbEntity
  8
0
100
AcDbLine
 62
7
  6
CONTINUOUS
 10
76.0073515466
 20
191.2423833149
 11
76.2558178299
 21
192.1696721081
  0
LINE
  5
94E
100
AcDbEntity
  8
RUNDUNGEN
100
AcDbLine
 62
7
  6
CONTINUOUS
 10
52.5845172083
 20
242.2888034803
 11
53.0258091042
 21
241.9925492783
  0
LINE
  5
94F
100
AcDbEntity
  8
0
100
AcDbLine
 62
7
  6
CONTINUOUS
 10
70.5744530747
 20
241.8210546061
 11
70.7578281621
 21
241.5146716103
  0
LINE
  5
950
100
AcDbEntity
  8
AUSFORMSCHRAEGEN
100
AcDbLine
 62
7
  6
CONTINUOUS
 10
94.3596416596
 20
194.5359433338
 11
93.7754002959
 21
195.828691166
  0
LINE
  5
951
100
AcDbEntity
  8
RUNDUNGEN
100
AcDbLine
 62
9
  6
CONTINUOUS
 10
94.0602297452
 20
196.2699830619
 11
94.6893962737
 21
194.8778295507
  0
LINE
  5
952
100
AcDbEntity
  8
RUNDUNGEN
100
AcDbLine
 62
9
  6
CONTINUOUS
 10
94.1873575046
 20
196.4669446125
 11
94.8365754554
 21
195.0304234235
  0
LINE
  5
953
100
AcDbEntity
  8
0
100
AcDbLine
 62
7
  6
CONTINUOUS
 10
75.1588281621
 20
241.7444588706
 11
75.0671404872
 21
241.9742460772
  0
LINE
  5
954
100
AcDbEntity
  8
0
100
AcDbLine
 62
3
  6
CONTINUOUS
 10
79.8568281621
 20
222.6462469139
 11
79.7568281621
 21
222.9333354718
  0
LINE
  5
955
100
AcDbEntity
  8
0
100
AcDbLine
 62
3
  6
CONTINUOUS
 10
80.8568281621
 20
222.7261418708
 11
80.9568281621
 21
222.4390533129
  0
LINE
  5
956
100
AcDbEntity
  8
0
100
AcDbLine
 62
7
  6
CONTINUOUS
 10
80.8568281621
 20
223.1649540917
 11
80.9568281621
 21
222.8778655338
  0
LINE
  5
957
100
AcDbEntity
  8
0
100
AcDbLine
 62
7
  6
CONTINUOUS
 10
74.5170154872
 20
241.9742460772
 11
74.6087031621
 21
241.667863135
  0
LINE
  5
958
100
AcDbEntity
  8
0
100
AcDbLine
 62
7
  6
CONTINUOUS
 10
74.7920779872
 20
243.42956516
 11
74.8837656621
 21
243.1231822178
  0
LINE
  5
959
100
AcDbEntity
  8
0
100
AcDbLine
 62
7
  6
CONTINUOUS
 10
84.777367383
 20
214.1476721081
 11
84.777367383
 21
216.9476721081
  0
LINE
  5
95A
100
AcDbEntity
  8
0
100
AcDbLine
 62
7
  6
CONTINUOUS
 10
84.777367383
 20
218.1476721081
 11
84.777367383
 21
220.9476721081
  0
LINE
  5
95B
100
AcDbEntity
  8
0
100
AcDbLine
 62
9
  6
CONTINUOUS
 10
84.8896216577
 20
214.1476721081
 11
84.8896216577
 21
216.9476721081
  0
LINE
  5
95C
100
AcDbEntity
  8
0
100
AcDbLine
 62
9
  6
CONTINUOUS
 10
84.8896216577
 20
218.1476721081
 11
84.8896216577
 21
220.9476721081
  0
LINE
  5
95D
100
AcDbEntity
  8
0
100
AcDbLine
 62
9
  6
CONTINUOUS
 10
86.2043084089
 20
214.1476721081
 11
86.2043084089
 21
216.9476721081
  0
LINE
  5
95E
100
AcDbEntity
  8
0
100
AcDbLine
 62
9
  6
CONTINUOUS
 10
86.2043084089
 20
218.1476721081
 11
86.2043084089
 21
220.9476721081
  0
LINE
  5
95F
100
AcDbEntity
  8
RUNDUNGEN
100
AcDbLine
 62
7
  6
CONTINUOUS
 10
86.2568281621
 20
223.8676721081
 11
86.2568281621
 21
223.3827911461
  0
LINE
  5
960
100
AcDbEntity
  8
RUNDUNGEN
100
AcDbLine
 62
7
  6
CONTINUOUS
 10
86.2568281621
 20
221.9125530701
 11
86.2568281621
 21
221.338211329
  0
LINE
  5
961
100
AcDbEntity
  8
RUNDUNGEN
100
AcDbLine
 62
7
  6
CONTINUOUS
 10
86.2568281621
 20
211.7125530701
 11
86.2568281621
 21
210.3476721081
  0
LINE
  5
962
100
AcDbEntity
  8
RUNDUNGEN
100
AcDbLine
 62
7
  6
CONTINUOUS
 10
86.2568281621
 20
213.1827911461
 11
86.2568281621
 21
213.7571328872
  0
LINE
  5
963
100
AcDbEntity
  8
AUSFORMSCHRAEGEN
100
AcDbLine
 62
7
  6
CONTINUOUS
 10
86.2568281621
 20
213.7571328872
 11
86.2568281621
 21
214.1476721081
  0
LINE
  5
964
100
AcDbEntity
  8
AUSFORMSCHRAEGEN
100
AcDbLine
 62
7
  6
CONTINUOUS
 10
86.2568281621
 20
216.9476721081
 11
86.2568281621
 21
218.1476721081
  0
LINE
  5
965
100
AcDbEntity
  8
AUSFORMSCHRAEGEN
100
AcDbLine
 62
7
  6
CONTINUOUS
 10
86.2568281621
 20
220.9476721081
 11
86.2568281621
 21
221.338211329
  0
LINE
  5
966
100
AcDbEntity
  8
AUSFORMSCHRAEGEN
100
AcDbLine
 62
7
  6
CONTINUOUS
 10
86.647367383
 20
213.7571328872
 11
86.647367383
 21
214.1476721081
  0
LINE
  5
967
100
AcDbEntity
  8
AUSFORMSCHRAEGEN
100
AcDbLine
 62
7
  6
CONTINUOUS
 10
86.647367383
 20
216.9476721081
 11
86.647367383
 21
218.1476721081
  0
LINE
  5
968
100
AcDbEntity
  8
AUSFORMSCHRAEGEN
100
AcDbLine
 62
7
  6
CONTINUOUS
 10
86.647367383
 20
220.9476721081
 11
86.647367383
 21
221.338211329
  0
LINE
  5
969
100
AcDbEntity
  8
RUNDUNGEN
100
AcDbLine
 62
9
  6
CONTINUOUS
 10
86.6568281621
 20
224.2676721081
 11
86.6568281621
 21
223.302194835
  0
LINE
  5
96A
100
AcDbEntity
  8
RUNDUNGEN
100
AcDbLine
 62
9
  6
CONTINUOUS
 10
86.6568281621
 20
221.9931493812
 11
86.6568281621
 21
221.5476721081
  0
LINE
  5
96B
100
AcDbEntity
  8
RUNDUNGEN
100
AcDbLine
 62
9
  6
CONTINUOUS
 10
86.6568281621
 20
213.5476721081
 11
86.6568281621
 21
213.102194835
  0
LINE
  5
96C
100
AcDbEntity
  8
RUNDUNGEN
100
AcDbLine
 62
9
  6
CONTINUOUS
 10
86.6568281621
 20
211.7931493812
 11
86.6568281621
 21
209.9476721081
  0
LINE
  5
96D
100
AcDbEntity
  8
0
100
AcDbLine
 62
7
  6
CONTINUOUS
 10
86.7976650855
 20
213.6068351847
 11
86.7976650855
 21
214.1476721081
  0
LINE
  5
96E
100
AcDbEntity
  8
0
100
AcDbLine
 62
7
  6
CONTINUOUS
 10
86.7976650855
 20
216.9476721081
 11
86.7976650855
 21
218.1476721081
  0
LINE
  5
96F
100
AcDbEntity
  8
0
100
AcDbLine
 62
7
  6
CONTINUOUS
 10
86.7976650855
 20
220.9476721081
 11
86.7976650855
 21
221.4885090315
  0
LINE
  5
970
100
AcDbEntity
  8
0
100
AcDbLine
 62
7
  6
CONTINUOUS
 10
87.377367383
 20
213.5476721081
 11
87.377367383
 21
214.1476721081
  0
LINE
  5
971
100
AcDbEntity
  8
0
100
AcDbLine
 62
9
  6
CONTINUOUS
 10
87.377367383
 20
214.1476721081
 11
87.377367383
 21
216.9476721081
  0
LINE
  5
972
100
AcDbEntity
  8
0
100
AcDbLine
 62
7
  6
CONTINUOUS
 10
87.377367383
 20
216.9476721081
 11
87.377367383
 21
218.1476721081
  0
LINE
  5
973
100
AcDbEntity
  8
0
100
AcDbLine
 62
9
  6
CONTINUOUS
 10
87.377367383
 20
218.1476721081
 11
87.377367383
 21
220.9476721081
  0
LINE
  5
974
100
AcDbEntity
  8
0
100
AcDbLine
 62
7
  6
CONTINUOUS
 10
87.377367383
 20
220.9476721081
 11
87.377367383
 21
221.5476721081
  0
LINE
  5
975
100
AcDbEntity
  8
0
100
AcDbLine
 62
9
  6
CONTINUOUS
 10
87.947367383
 20
214.1476721081
 11
87.947367383
 21
220.9476721081
  0
LINE
  5
976
100
AcDbEntity
  8
0
100
AcDbLine
 62
7
  6
CONTINUOUS
 10
89.047367383
 20
214.1476721081
 11
89.6247176522
 21
215.1476721081
  0
LINE
  5
977
100
AcDbEntity
  8
RUNDUNGEN
100
AcDbLine
 62
9
  6
CONTINUOUS
 10
53.8770808689
 20
240.0649207927
 11
52.3875556577
 21
240.6743137734
  0
LINE
  5
978
100
AcDbEntity
  8
RUNDUNGEN
100
AcDbLine
 62
9
  6
CONTINUOUS
 10
54.0242600505
 20
240.2175146655
 11
52.5845172083
 21
240.8065407359
  0
LINE
  5
979
100
AcDbEntity
  8
AUSFORMSCHRAEGEN
100
AcDbLine
 62
7
  6
CONTINUOUS
 10
53.0258091042
 20
241.1027949379
 11
54.3540146646
 21
240.5594008824
  0
LINE
  5
97A
100
AcDbEntity
  8
RUNDUNGEN
100
AcDbLine
 62
7
  6
CONTINUOUS
 10
58.129139116
 20
240.8065407359
 11
57.68784722
 21
241.1027949379
  0
LINE
  5
97B
100
AcDbEntity
  8
0
100
AcDbLine
 62
7
  6
CONTINUOUS
 10
71.3079531621
 20
241.667863135
 11
71.124578337
 21
241.8976503417
  0
LINE
  5
97C
100
AcDbEntity
  8
0
100
AcDbLine
 62
7
  6
CONTINUOUS
 10
75.4338906621
 20
243.2763736889
 11
75.3422035119
 21
243.5061608955
  0
LINE
  5
97D
100
AcDbEntity
  8
0
100
AcDbLine
 62
7
  6
CONTINUOUS
 10
77.6343906621
 20
243.7359483167
 11
77.5427035119
 21
243.9657355234
  0
LINE
  5
97E
100
AcDbEntity
  8
0
100
AcDbLine
 62
7
  6
CONTINUOUS
 10
89.147367383
 20
220.7744670273
 11
89.147367383
 21
214.3208771888
  0
LINE
  5
97F
100
AcDbEntity
  8
0
100
AcDbLine
 62
7
  6
CONTINUOUS
 10
90.0568281621
 20
213.5539269985
 11
90.0568281621
 21
215.5476721081
  0
LINE
  5
980
100
AcDbEntity
  8
0
100
AcDbLine
 62
7
  6
CONTINUOUS
 10
90.0568281621
 20
219.5476721081
 11
90.0568281621
 21
223.514212144
  0
LINE
  5
981
100
AcDbEntity
  8
0
100
AcDbLine
 62
9
  6
CONTINUOUS
 10
90.1536680026
 20
215.5476721081
 11
90.1536680026
 21
219.5476721081
  0
LINE
  5
982
100
AcDbEntity
  8
0
100
AcDbLine
 62
3
  6
CONTINUOUS
 10
90.177367383
 20
219.5476721081
 11
90.177367383
 21
223.6377560963
  0
LINE
  5
983
100
AcDbEntity
  8
RUNDUNGEN
100
AcDbLine
 62
9
  6
CONTINUOUS
 10
90.3875556577
 20
192.6743137734
 11
90.3875556577
 21
194.4210304428
  0
LINE
  5
984
100
AcDbEntity
  8
RUNDUNGEN
100
AcDbLine
 62
9
  6
CONTINUOUS
 10
90.5845172083
 20
192.8065407359
 11
90.5845172083
 21
194.2888034803
  0
LINE
  5
985
100
AcDbEntity
  8
0
100
AcDbLine
 62
7
  6
CONTINUOUS
 10
90.677367383
 20
219.5476721081
 11
90.677367383
 21
223.6377560963
  0
LINE
  5
986
100
AcDbEntity
  8
AUSFORMSCHRAEGEN
100
AcDbLine
 62
7
  6
CONTINUOUS
 10
91.0258091042
 20
193.9925492783
 11
91.0258091042
 21
193.1027949379
  0
LINE
  5
987
100
AcDbEntity
  8
0
100
AcDbLine
 62
7
  6
CONTINUOUS
 10
91.1468281621
 20
219.5476721081
 11
91.1468281621
 21
224.0923392806
  0
LINE
  5
988
100
AcDbEntity
  8
0
100
AcDbLine
 62
7
  6
CONTINUOUS
 10
91.277367383
 20
219.5476721081
 11
91.277367383
 21
215.5476721081
  0
LINE
  5
989
100
AcDbEntity
  8
0
100
AcDbLine
 62
7
  6
CONTINUOUS
 10
76.8568281621
 20
231.9476721081
 11
71.8568281621
 21
231.9476721081
  0
LINE
  5
98A
100
AcDbEntity
  8
4171
100
AcDbLine
 62
9
  6
CONTINUOUS
 10
71.7653127268
 20
232.2379219871
 11
72.1568281621
 21
232.2379219871
  0
LINE
  5
98B
100
AcDbEntity
  8
4171
100
AcDbLine
 62
9
  6
CONTINUOUS
 10
76.5568281621
 20
232.2379219871
 11
76.9483435974
 21
232.2379219871
  0
LINE
  5
98C
100
AcDbEntity
  8
RUNDUNGEN
100
AcDbLine
 62
7
  6
CONTINUOUS
 10
75.7568281621
 20
232.4093916753
 11
72.9568281621
 21
232.4093916753
  0
LINE
  5
98D
100
AcDbEntity
  8
4171
100
AcDbLine
 62
9
  6
CONTINUOUS
 10
71.6595400011
 20
232.5733902142
 11
72.1568281621
 21
232.5733902142
  0
LINE
  5
98E
100
AcDbEntity
  8
4171
100
AcDbLine
 62
9
  6
CONTINUOUS
 10
76.5568281621
 20
232.5733902142
 11
77.0541163232
 21
232.5733902142
  0
LINE
  5
98F
100
AcDbEntity
  8
0
100
AcDbLine
 62
9
  6
CONTINUOUS
 10
76.1568281621
 20
232.7839982687
 11
72.5568281621
 21
232.7839982687
  0
LINE
  5
990
100
AcDbEntity
  8
0
100
AcDbLine
 62
9
  6
CONTINUOUS
 10
76.1568281621
 20
233.9740502273
 11
72.5568281621
 21
233.9740502273
  0
LINE
  5
991
100
AcDbEntity
  8
4171
100
AcDbLine
 62
9
  6
CONTINUOUS
 10
71.3568281621
 20
234.4508744489
 11
72.1568281621
 21
234.4508744489
  0
LINE
  5
992
100
AcDbEntity
  8
4171
100
AcDbLine
 62
9
  6
CONTINUOUS
 10
76.5568281621
 20
234.4508744489
 11
77.3568281621
 21
234.4508744489
  0
LINE
  5
993
100
AcDbEntity
  8
4171
100
AcDbLine
 62
7
  6
CONTINUOUS
 10
77.3568281621
 20
234.5476721081
 11
76.5568281621
 21
234.5476721081
  0
LINE
  5
994
100
AcDbEntity
  8
4171
100
AcDbLine
 62
7
  6
CONTINUOUS
 10
72.1568281621
 20
234.5476721081
 11
71.3568281621
 21
234.5476721081
  0
LINE
  5
995
100
AcDbEntity
  8
0
100
AcDbLine
 62
7
  6
CONTINUOUS
 10
79.9568281621
 20
235.4476721081
 11
77.3568281621
 21
235.4476721081
  0
LINE
  5
996
100
AcDbEntity
  8
0
100
AcDbLine
 62
7
  6
CONTINUOUS
 10
71.3568281621
 20
235.4476721081
 11
68.7568281621
 21
235.4476721081
  0
LINE
  5
997
100
AcDbEntity
  8
AUSFORMSCHRAEGEN
100
AcDbLine
 62
7
  6
CONTINUOUS
 10
57.68784722
 20
241.9925492783
 11
56.3596416596
 21
242.5359433338
  0
LINE
  5
998
100
AcDbEntity
  8
RUNDUNGEN
100
AcDbLine
 62
9
  6
CONTINUOUS
 10
56.6893962737
 20
242.8778295507
 11
58.129139116
 21
242.2888034803
  0
LINE
  5
999
100
AcDbEntity
  8
RUNDUNGEN
100
AcDbLine
 62
9
  6
CONTINUOUS
 10
56.8365754554
 20
243.0304234235
 11
58.3261006666
 21
242.4210304428
  0
LINE
  5
99A
100
AcDbEntity
  8
0
100
AcDbLine
 62
7
  6
CONTINUOUS
 10
70.7578281621
 20
241.5146716103
 11
71.124578337
 21
241.2082886413
  0
LINE
  5
99B
100
AcDbEntity
  8
0
100
AcDbLine
 62
7
  6
CONTINUOUS
 10
68.9240780747
 20
244.1189269945
 11
69.1074531621
 21
243.9657355234
  0
LINE
  5
99C
100
AcDbEntity
  8
0
100
AcDbLine
 62
7
  6
CONTINUOUS
 10
69.6575781621
 20
243.9657355234
 11
69.3825156621
 21
244.2721184656
  0
LINE
  5
99D
100
AcDbEntity
  8
0
100
AcDbLine
 62
7
  6
CONTINUOUS
 10
84.7860381898
 20
230.7719368588
 11
84.8359129381
 21
230.7081000921
  0
LINE
  5
99E
100
AcDbEntity
  8
RUNDUNGEN
100
AcDbLine
 62
3
  6
CONTINUOUS
 10
90.0289749105
 20
224.068719129
 11
84.8395201357
 21
230.7109183437
  0
LINE
  5
99F
100
AcDbEntity
  8
RUNDUNGEN
100
AcDbLine
 62
7
  6
CONTINUOUS
 10
90.4229802873
 20
224.3765498667
 11
85.2335255125
 21
231.0187490813
  0
LINE
  5
9A0
100
AcDbEntity
  8
FASEN
100
AcDbLine
 62
7
  6
CONTINUOUS
 10
90.3688348872
 20
224.6008444891
 11
85.258844642
 21
231.141333744
  0
LINE
  5
9A1
100
AcDbEntity
  8
FASEN
100
AcDbLine
 62
7
  6
CONTINUOUS
 10
90.5963139975
 20
224.7785706484
 11
85.4863237523
 21
231.3190599033
  0
LINE
  5
9A2
100
AcDbEntity
  8
0
100
AcDbLine
 62
7
  6
CONTINUOUS
 10
91.1468281621
 20
224.0923392806
 11
90.6052381133
 21
224.7855429317
  0
LINE
  5
9A3
100
AcDbEntity
  8
0
100
AcDbLine
 62
7
  6
CONTINUOUS
 10
74.6087031621
 20
241.667863135
 11
74.8837656621
 21
241.2848843768
  0
LINE
  5
9A4
100
AcDbEntity
  8
0
100
AcDbLine
 62
7
  6
CONTINUOUS
 10
77.9094531621
 20
242.2040332839
 11
77.7260778124
 21
242.5104163334
  0
LINE
  5
9A5
100
AcDbEntity
  8
0
100
AcDbLine
 62
7
  6
CONTINUOUS
 10
76.9925785119
 20
243.8891397878
 11
77.0842656621
 21
243.7359483167
  0
LINE
  5
9A6
100
AcDbEntity
  8
0
100
AcDbLine
 62
7
  6
CONTINUOUS
 10
89.6247176522
 20
219.9476721081
 11
89.047367383
 21
220.9476721081
  0
LINE
  5
9A7
100
AcDbEntity
  8
0
100
AcDbLine
 62
7
  6
CONTINUOUS
 10
92.8608281621
 20
244.4820476805
 11
92.8608281621
 21
238.0756721081
  0
LINE
  5
9A8
100
AcDbEntity
  8
BEZUGSACHSEN
100
AcDbLine
 62
7
  6
CENTER
 10
93.3568281621
 20
193.5476721081
 11
93.3568281621
 21
185.2959938376
  0
LINE
  5
9A9
100
AcDbEntity
  8
RUNDUNGEN
100
AcDbLine
 62
9
  6
CONTINUOUS
 10
93.3568281621
 20
186.5476721081
 11
93.3568281621
 21
187.4599062059
  0
LINE
  5
9AA
100
AcDbEntity
  8
BEZUGSACHSEN
100
AcDbLine
 62
7
  6
CENTER
 10
93.3568281621
 20
193.5476721081
 11
93.3568281621
 21
201.7993503786
  0
LINE
  5
9AB
100
AcDbEntity
  8
RUNDUNGEN
100
AcDbLine
 62
9
  6
CONTINUOUS
 10
93.3568281621
 20
247.6354380103
 11
93.3568281621
 21
248.5476721081
  0
LINE
  5
9AC
100
AcDbEntity
  8
0
100
AcDbLine
 62
7
  6
CONTINUOUS
 10
93.8528281621
 20
238.0756721081
 11
93.8528281621
 21
244.4820476805
  0
LINE
  5
9AD
100
AcDbEntity
  8
0
100
AcDbLine
 62
7
  6
CONTINUOUS
 10
77.2067818321
 20
192.1696721081
 11
76.0073515466
 21
191.2423833149
  0
LINE
  5
9AE
100
AcDbEntity
  8
RUNDUNGEN
100
AcDbLine
 62
7
  6
CONTINUOUS
 10
71.6200201048
 20
236.786703832
 11
72.4905508971
 21
237.0294229428
  0
LINE
  5
9AF
100
AcDbEntity
  8
RUNDUNGEN
100
AcDbLine
 62
7
  6
CONTINUOUS
 10
66.8702659861
 20
236.2859927088
 11
68.7568281621
 21
236.2859927088
  0
LINE
  5
9B0
100
AcDbEntity
  8
RUNDUNGEN
100
AcDbLine
 62
7
  6
CONTINUOUS
 10
79.9568281621
 20
236.2859927088
 11
81.8433903381
 21
236.2859927088
  0
LINE
  5
9B1
100
AcDbEntity
  8
0
100
AcDbLine
 62
9
  6
CONTINUOUS
 10
76.1568281621
 20
237.1994893013
 11
72.5568281621
 21
237.1994893013
  0
LINE
  5
9B2
100
AcDbEntity
  8
RUNDUNGEN
100
AcDbLine
 62
9
  6
CONTINUOUS
 10
56.1873575046
 20
238.6283996036
 11
54.5262988196
 21
238.6283996036
  0
LINE
  5
9B3
100
AcDbEntity
  8
RUNDUNGEN
100
AcDbLine
 62
9
  6
CONTINUOUS
 10
56.0602297452
 20
238.8253611542
 11
54.6534265791
 21
238.8253611542
  0
LINE
  5
9B4
100
AcDbEntity
  8
RUNDUNGEN
100
AcDbLine
 62
7
  6
CONTINUOUS
 10
76.2231054272
 20
237.0294229428
 11
77.0936362194
 21
236.786703832
  0
LINE
  5
9B5
100
AcDbEntity
  8
0
100
AcDbLine
 62
7
  6
CONTINUOUS
 10
71.124578337
 20
241.2082886413
 11
71.4913279872
 21
241.05509715
  0
LINE
  5
9B6
100
AcDbEntity
  8
0
100
AcDbLine
 62
7
  6
CONTINUOUS
 10
71.5830156621
 20
241.5146716103
 11
71.3079531621
 21
241.667863135
  0
LINE
  5
9B7
100
AcDbEntity
  8
RUNDUNGEN
100
AcDbLine
 62
9
  6
CONTINUOUS
 10
84.5736235619
 20
235.1034310458
 11
85.4395170658
 21
234.6035071983
  0
LINE
  5
9B8
100
AcDbEntity
  8
0
100
AcDbLine
 62
7
  6
CONTINUOUS
 10
69.3825156621
 20
244.2721184656
 11
69.0157657496
 21
244.5019056722
  0
LINE
  5
9B9
100
AcDbEntity
  8
0
100
AcDbLine
 62
7
  6
CONTINUOUS
 10
75.4338906621
 20
241.5146716103
 11
75.1588281621
 21
241.7444588706
  0
LINE
  5
9BA
100
AcDbEntity
  8
0
100
AcDbLine
 62
7
  6
CONTINUOUS
 10
74.8837656621
 20
243.1231822178
 11
75.2505153124
 21
242.8167992756
  0
LINE
  5
9BB
100
AcDbEntity
  8
0
100
AcDbLine
 62
7
  6
CONTINUOUS
 10
77.5427035119
 20
243.9657355234
 11
77.2676410119
 21
244.2721184656
  0
LINE
  5
9BC
100
AcDbEntity
  8
0
100
AcDbLine
 62
7
  6
CONTINUOUS
 10
77.1759528124
 20
242.3572248623
 11
77.3593281621
 21
242.1274375483
  0
LINE
  5
9BD
100
AcDbEntity
  8
AUSFORMSCHRAEGEN
100
AcDbLine
 62
7
  6
CONTINUOUS
 10
95.68784722
 20
193.1027949379
 11
95.68784722
 21
193.9925492783
  0
LINE
  5
9BE
100
AcDbEntity
  8
RUNDUNGEN
100
AcDbLine
 62
9
  6
CONTINUOUS
 10
96.129139116
 20
194.2888034803
 11
96.129139116
 21
192.8065407359
  0
LINE
  5
9BF
100
AcDbEntity
  8
RUNDUNGEN
100
AcDbLine
 62
9
  6
CONTINUOUS
 10
96.3261006666
 20
194.4210304428
 11
96.3261006666
 21
192.6743137734
  0
LINE
  5
9C0
100
AcDbEntity
  8
RUNDUNGEN
100
AcDbLine
 62
9
  6
CONTINUOUS
 10
91.8770808689
 20
195.0304234235
 11
92.5262988196
 21
196.4669446125
  0
LINE
  5
9C1
100
AcDbEntity
  8
0
100
AcDbLine
 62
7
  6
CONTINUOUS
 10
76.7438345964
 20
190.9016841704
 11
78.3839526967
 21
192.1696721081
  0
LINE
  5
9C2
100
AcDbEntity
  8
0
100
AcDbLine
 62
7
  6
CONTINUOUS
 10
75.7089531621
 20
244.0423312589
 11
75.9840156621
 21
244.1189269945
  0
LINE
  5
9C3
100
AcDbEntity
  8
0
100
AcDbLine
 62
7
  6
CONTINUOUS
 10
76.9008903124
 20
241.5146716103
 11
76.5341406621
 21
241.4380758747
  0
LINE
  5
9C4
100
AcDbEntity
  8
0
100
AcDbLine
 62
7
  6
CONTINUOUS
 10
72.6832656621
 20
241.5146716103
 11
72.3165154872
 21
241.4380758747
  0
LINE
  5
9C5
100
AcDbEntity
  8
0
100
AcDbLine
 62
7
  6
CONTINUOUS
 10
76.5341406621
 20
240.9785014078
 11
76.9925785119
 21
241.05509715
  0
LINE
  5
9C6
100
AcDbEntity
  8
0
100
AcDbLine
 62
7
  6
CONTINUOUS
 10
72.3165154872
 20
240.9785014078
 11
72.774953337
 21
241.05509715
  0
LINE
  5
9C7
100
AcDbEntity
  8
AUSFORMSCHRAEGEN
100
AcDbLine
 62
7
  6
CONTINUOUS
 10
54.9382560283
 20
239.2666530502
 11
55.7754002959
 21
239.2666530502
  0
LINE
  5
9C8
100
AcDbEntity
  8
0
100
AcDbLine
 62
7
  6
CONTINUOUS
 10
68.3568281621
 20
239.7785014078
 11
80.3568281621
 21
239.7785014078
  0
LINE
  5
9C9
100
AcDbEntity
  8
0
100
AcDbLine
 62
7
  6
CONTINUOUS
 10
66.3568281621
 20
240.9785014078
 11
66.9069531621
 21
240.9785014078
  0
LINE
  5
9CA
100
AcDbEntity
  8
0
100
AcDbLine
 62
7
  6
CONTINUOUS
 10
71.949765837
 20
240.9785014078
 11
72.3165154872
 21
240.9785014078
  0
LINE
  5
9CB
100
AcDbEntity
  8
0
100
AcDbLine
 62
7
  6
CONTINUOUS
 10
75.8006403124
 20
240.9785014078
 11
76.5341406621
 21
240.9785014078
  0
LINE
  5
9CC
100
AcDbEntity
  8
0
100
AcDbLine
 62
7
  6
CONTINUOUS
 10
78.6429535119
 20
240.9785014078
 11
79.1930785119
 21
240.9785014078
  0
LINE
  5
9CD
100
AcDbEntity
  8
0
100
AcDbLine
 62
7
  6
CONTINUOUS
 10
81.7603281621
 20
240.9785014078
 11
82.3104531621
 21
240.9785014078
  0
LINE
  5
9CE
100
AcDbEntity
  8
0
100
AcDbLine
 62
7
  6
CONTINUOUS
 10
76.5341406621
 20
241.4380758747
 11
75.8006403124
 21
241.4380758747
  0
LINE
  5
9CF
100
AcDbEntity
  8
0
100
AcDbLine
 62
7
  6
CONTINUOUS
 10
72.3165154872
 20
241.4380758747
 11
71.949765837
 21
241.4380758747
  0
LINE
  5
9D0
100
AcDbEntity
  8
BEZUGSACHSEN
100
AcDbLine
 62
7
  6
CENTER
 10
55.3568281621
 20
241.5476721081
 11
47.3411838451
 21
241.5476721081
  0
LINE
  5
9D1
100
AcDbEntity
  8
RUNDUNGEN
100
AcDbLine
 62
9
  6
CONTINUOUS
 10
48.3568281621
 20
241.5476721081
 11
49.2690622599
 21
241.5476721081
  0
LINE
  5
9D2
100
AcDbEntity
  8
BEZUGSACHSEN
100
AcDbLine
 62
7
  6
CENTER
 10
55.3568281621
 20
241.5476721081
 11
63.3724724791
 21
241.5476721081
  0
LINE
  5
9D3
100
AcDbEntity
  8
RUNDUNGEN
100
AcDbLine
 62
9
  6
CONTINUOUS
 10
99.4445940643
 20
241.5476721081
 11
100.3568281621
 21
241.5476721081
  0
LINE
  5
9D4
100
AcDbEntity
  8
0
100
AcDbLine
 62
7
  6
CONTINUOUS
 10
75.0671404872
 20
241.9742460772
 11
74.5170154872
 21
241.9742460772
  0
LINE
  5
9D5
100
AcDbEntity
  8
0
100
AcDbLine
 62
7
  6
CONTINUOUS
 10
66.9069531621
 20
242.5870120689
 11
68.5573281621
 21
242.5870120689
  0
LINE
  5
9D6
100
AcDbEntity
  8
0
100
AcDbLine
 62
7
  6
CONTINUOUS
 10
75.9840156621
 20
242.5870120689
 11
76.5341406621
 21
242.5870120689
  0
LINE
  5
9D7
100
AcDbEntity
  8
0
100
AcDbLine
 62
7
  6
CONTINUOUS
 10
79.1930785119
 20
242.6636078045
 11
81.7603281621
 21
242.6636078045
  0
LINE
  5
9D8
100
AcDbEntity
  8
0
100
AcDbLine
 62
7
  6
CONTINUOUS
 10
71.4913279872
 20
241.05509715
 11
71.949765837
 21
240.9785014078
  0
LINE
  5
9D9
100
AcDbEntity
  8
0
100
AcDbLine
 62
7
  6
CONTINUOUS
 10
75.3422035119
 20
241.05509715
 11
75.8006403124
 21
240.9785014078
  0
LINE
  5
9DA
100
AcDbEntity
  8
0
100
AcDbLine
 62
7
  6
CONTINUOUS
 10
71.949765837
 20
241.4380758747
 11
71.5830156621
 21
241.5146716103
  0
LINE
  5
9DB
100
AcDbEntity
  8
0
100
AcDbLine
 62
7
  6
CONTINUOUS
 10
75.8006403124
 20
241.4380758747
 11
75.4338906621
 21
241.5146716103
  0
LINE
  5
9DC
100
AcDbEntity
  8
0
100
AcDbLine
 62
7
  6
CONTINUOUS
 10
75.6172660119
 20
242.6636078045
 11
75.9840156621
 21
242.5870120689
  0
LINE
  5
9DD
100
AcDbEntity
  8
0
100
AcDbLine
 62
7
  6
CONTINUOUS
 10
76.5341406621
 20
242.5870120689
 11
76.9008903124
 21
242.5104163334
  0
LINE
  5
9DE
100
AcDbEntity
  8
0
100
AcDbLine
 62
7
  6
CONTINUOUS
 10
68.6490155747
 20
244.19552273
 11
68.9240780747
 21
244.1189269945
  0
LINE
  5
9DF
100
AcDbEntity
  8
0
100
AcDbLine
 62
7
  6
CONTINUOUS
 10
75.2505153124
 20
242.8167992756
 11
75.6172660119
 21
242.6636078045
  0
LINE
  5
9E0
100
AcDbEntity
  8
0
100
AcDbLine
 62
7
  6
CONTINUOUS
 10
77.3593281621
 20
242.8167992756
 11
76.9925785119
 21
242.9699907467
  0
LINE
  5
9E1
100
AcDbEntity
  8
0
100
AcDbLine
 62
7
  6
CONTINUOUS
 10
74.8837656621
 20
241.2848843768
 11
75.3422035119
 21
241.05509715
  0
LINE
  5
9E2
100
AcDbEntity
  8
0
100
AcDbLine
 62
7
  6
CONTINUOUS
 10
75.7089531621
 20
243.1231822178
 11
75.4338906621
 21
243.2763736889
  0
LINE
  5
9E3
100
AcDbEntity
  8
0
100
AcDbLine
 62
7
  6
CONTINUOUS
 10
76.9008903124
 20
242.5104163334
 11
77.1759528124
 21
242.3572248623
  0
LINE
  5
9E4
100
AcDbEntity
  8
RUNDUNGEN
100
AcDbLine
 62
9
  6
CONTINUOUS
 10
85.6346612711
 20
236.9412022669
 11
86.500554775
 21
236.4412784193
  0
LINE
  5
9E5
100
AcDbEntity
  8
0
100
AcDbLine
 62
7
  6
CONTINUOUS
 10
77.2676410119
 20
244.2721184656
 11
76.9008903124
 21
244.5019056722
  0
LINE
  5
9E6
100
AcDbEntity
  8
0
100
AcDbLine
 62
7
  6
CONTINUOUS
 10
77.7260778124
 20
242.5104163334
 11
77.3593281621
 21
242.8167992756
  0
LINE
  5
9E7
100
AcDbEntity
  8
0
100
AcDbLine
 62
7
  6
CONTINUOUS
 10
76.8092031621
 20
244.0423312589
 11
76.9925785119
 21
243.8891397878
  0
LINE
  5
9E8
100
AcDbEntity
  8
RUNDUNGEN
100
AcDbLine
 62
9
  6
CONTINUOUS
 10
99.4445940643
 20
193.5476721081
 11
99.4445940643
 21
241.5476721081
  0
LINE
  5
9E9
100
AcDbEntity
  8
RUNDUNGEN
100
AcDbLine
 62
9
  6
CONTINUOUS
 10
100.2441067259
 20
193.5476721081
 11
100.2441067259
 21
241.5476721081
  0
LINE
  5
9EA
100
AcDbEntity
  8
AUSFORMSCHRAEGEN
100
AcDbLine
 62
7
  6
CONTINUOUS
 10
100.3568281621
 20
193.5476721081
 11
100.3568281621
 21
241.5476721081
  0
LINE
  5
9EB
100
AcDbEntity
  8
RUNDUNGEN
100
AcDbLine
 62
9
  6
CONTINUOUS
 10
92.0242600505
 20
194.8778295507
 11
92.6534265791
 21
196.2699830619
  0
LINE
  5
9EC
100
AcDbEntity
  8
AUSFORMSCHRAEGEN
100
AcDbLine
 62
7
  6
CONTINUOUS
 10
92.9382560283
 20
195.828691166
 11
92.3540146646
 21
194.5359433338
  0
LINE
  5
9ED
100
AcDbEntity
  8
AUSFORMSCHRAEGEN
100
AcDbLine
 62
7
  6
CONTINUOUS
 10
93.7754002959
 20
191.2666530502
 11
94.3596416596
 21
192.5594008824
  0
LINE
  5
9EE
100
AcDbEntity
  8
RUNDUNGEN
100
AcDbLine
 62
7
  6
CONTINUOUS
 10
94.0602297452
 20
196.2699830619
 11
93.7754002959
 21
195.828691166
  0
LINE
  5
9EF
100
AcDbEntity
  8
RUNDUNGEN
100
AcDbLine
 62
7
  6
CONTINUOUS
 10
90.5845172083
 20
192.8065407359
 11
91.0258091042
 21
193.1027949379
  0
LINE
  5
9F0
100
AcDbEntity
  8
RUNDUNGEN
100
AcDbLine
 62
9
  6
CONTINUOUS
 10
90.3875556577
 20
194.4210304428
 11
91.8770808689
 21
195.0304234235
  0
LINE
  5
9F1
100
AcDbEntity
  8
RUNDUNGEN
100
AcDbLine
 62
9
  6
CONTINUOUS
 10
90.5845172083
 20
194.2888034803
 11
92.0242600505
 21
194.8778295507
  0
LINE
  5
9F2
100
AcDbEntity
  8
AUSFORMSCHRAEGEN
100
AcDbLine
 62
7
  6
CONTINUOUS
 10
92.3540146646
 20
194.5359433338
 11
91.0258091042
 21
193.9925492783
  0
LINE
  5
9F3
100
AcDbEntity
  8
0
100
AcDbLine
 62
7
  6
CONTINUOUS
 10
68.9240780747
 20
243.1231822178
 11
68.6490155747
 21
243.0465864822
  0
LINE
  5
9F4
100
AcDbEntity
  8
0
100
AcDbLine
 62
7
  6
CONTINUOUS
 10
75.9840156621
 20
244.5785014078
 11
75.6172660119
 21
244.5019056722
  0
LINE
  5
9F5
100
AcDbEntity
  8
0
100
AcDbLine
 62
7
  6
CONTINUOUS
 10
68.5573281621
 20
242.5870120689
 11
69.0157657496
 21
242.6636078045
  0
LINE
  5
9F6
100
AcDbEntity
  8
0
100
AcDbLine
 62
7
  6
CONTINUOUS
 10
76.5341406621
 20
243.0465864822
 11
75.9840156621
 21
243.0465864822
  0
LINE
  5
9F7
100
AcDbEntity
  8
0
100
AcDbLine
 62
7
  6
CONTINUOUS
 10
68.6490155747
 20
243.0465864822
 11
66.9069531621
 21
243.0465864822
  0
LINE
  5
9F8
100
AcDbEntity
  8
0
100
AcDbLine
 62
7
  6
CONTINUOUS
 10
81.7603281621
 20
243.1231822178
 11
79.1930785119
 21
243.1231822178
  0
LINE
  5
9F9
100
AcDbEntity
  8
0
100
AcDbLine
 62
7
  6
CONTINUOUS
 10
77.0842656621
 20
243.7359483167
 11
77.6343906621
 21
243.7359483167
  0
LINE
  5
9FA
100
AcDbEntity
  8
0
100
AcDbLine
 62
9
  6
CONTINUOUS
 10
84.3568281621
 20
243.7785014078
 11
83.5568281621
 21
243.7785014078
  0
LINE
  5
9FB
100
AcDbEntity
  8
0
100
AcDbLine
 62
9
  6
CONTINUOUS
 10
64.3568281621
 20
243.7785014078
 11
65.1568281621
 21
243.7785014078
  0
LINE
  5
9FC
100
AcDbEntity
  8
AUSFORMSCHRAEGEN
100
AcDbLine
 62
7
  6
CONTINUOUS
 10
55.7754002959
 20
243.828691166
 11
54.9382560283
 21
243.828691166
  0
LINE
  5
9FD
100
AcDbEntity
  8
0
100
AcDbLine
 62
7
  6
CONTINUOUS
 10
75.9840156621
 20
244.1189269945
 11
76.5341406621
 21
244.1189269945
  0
LINE
  5
9FE
100
AcDbEntity
  8
0
100
AcDbLine
 62
7
  6
CONTINUOUS
 10
66.9069531621
 20
244.19552273
 11
68.6490155747
 21
244.19552273
  0
LINE
  5
9FF
100
AcDbEntity
  8
RUNDUNGEN
100
AcDbLine
 62
9
  6
CONTINUOUS
 10
54.6534265791
 20
244.2699830619
 11
56.0602297452
 21
244.2699830619
  0
LINE
  5
A00
100
AcDbEntity
  8
RUNDUNGEN
100
AcDbLine
 62
9
  6
CONTINUOUS
 10
54.5262988196
 20
244.4669446125
 11
56.1873575046
 21
244.4669446125
  0
LINE
  5
A01
100
AcDbEntity
  8
0
100
AcDbLine
 62
7
  6
CONTINUOUS
 10
82.3104531621
 20
244.5785014078
 11
81.7603281621
 21
244.5785014078
  0
LINE
  5
A02
100
AcDbEntity
  8
0
100
AcDbLine
 62
7
  6
CONTINUOUS
 10
79.1930785119
 20
244.5785014078
 11
78.6429535119
 21
244.5785014078
  0
LINE
  5
A03
100
AcDbEntity
  8
0
100
AcDbLine
 62
7
  6
CONTINUOUS
 10
76.4424535119
 20
244.5785014078
 11
75.9840156621
 21
244.5785014078
  0
LINE
  5
A04
100
AcDbEntity
  8
0
100
AcDbLine
 62
7
  6
CONTINUOUS
 10
73.7835156621
 20
244.5785014078
 11
73.2333906621
 21
244.5785014078
  0
LINE
  5
A05
100
AcDbEntity
  8
0
100
AcDbLine
 62
7
  6
CONTINUOUS
 10
71.0328906621
 20
244.5785014078
 11
70.4827656621
 21
244.5785014078
  0
LINE
  5
A06
100
AcDbEntity
  8
0
100
AcDbLine
 62
7
  6
CONTINUOUS
 10
68.5573281621
 20
244.5785014078
 11
66.3568281621
 21
244.5785014078
  0
LINE
  5
A07
100
AcDbEntity
  8
0
100
AcDbLine
 62
9
  6
CONTINUOUS
 10
84.3568281621
 20
245.410898382
 11
83.5568281621
 21
245.410898382
  0
LINE
  5
A08
100
AcDbEntity
  8
0
100
AcDbLine
 62
9
  6
CONTINUOUS
 10
64.3568281621
 20
245.410898382
 11
65.1568281621
 21
245.410898382
  0
LINE
  5
A09
100
AcDbEntity
  8
0
100
AcDbLine
 62
7
  6
CONTINUOUS
 10
76.9925785119
 20
242.9699907467
 11
76.5341406621
 21
243.0465864822
  0
LINE
  5
A0A
100
AcDbEntity
  8
0
100
AcDbLine
 62
7
  6
CONTINUOUS
 10
69.0157657496
 20
244.5019056722
 11
68.5573281621
 21
244.5785014078
  0
LINE
  5
A0B
100
AcDbEntity
  8
0
100
AcDbLine
 62
7
  6
CONTINUOUS
 10
76.9008903124
 20
244.5019056722
 11
76.4424535119
 21
244.5785014078
  0
LINE
  5
A0C
100
AcDbEntity
  8
0
100
AcDbLine
 62
7
  6
CONTINUOUS
 10
75.9840156621
 20
243.0465864822
 11
75.7089531621
 21
243.1231822178
  0
LINE
  5
A0D
100
AcDbEntity
  8
0
100
AcDbLine
 62
7
  6
CONTINUOUS
 10
76.5341406621
 20
244.1189269945
 11
76.8092031621
 21
244.0423312589
  0
LINE
  5
A0E
100
AcDbEntity
  8
0
100
AcDbLine
 62
7
  6
CONTINUOUS
 10
73.1852707907
 20
247.8452280269
 11
73.6228248381
 21
247.5926060798
  0
LINE
  5
A0F
100
AcDbEntity
  8
0
100
AcDbLine
 62
7
  6
CONTINUOUS
 10
74.8841515084
 20
246.8643787872
 11
75.5156152093
 21
246.4998030495
  0
LINE
  5
A10
100
AcDbEntity
  8
0
100
AcDbLine
 62
7
  6
CONTINUOUS
 10
75.5283855336
 20
246.9735553237
 11
75.0924848417
 21
247.2252227054
  0
LINE
  5
A11
100
AcDbEntity
  8
0
100
AcDbLine
 62
7
  6
CONTINUOUS
 10
73.8311581715
 20
247.9534499981
 11
73.1980411149
 21
248.3189803011
  0
LINE
  5
A12
100
AcDbEntity
  8
RUNDUNGEN
100
AcDbLine
 62
9
  6
CONTINUOUS
 10
94.6893962737
 20
192.2175146655
 11
94.0602297452
 21
190.8253611542
  0
LINE
  5
A13
100
AcDbEntity
  8
RUNDUNGEN
100
AcDbLine
 62
9
  6
CONTINUOUS
 10
94.8365754554
 20
192.0649207927
 11
94.1873575046
 21
190.6283996036
  0
LINE
  5
A14
100
AcDbEntity
  8
RUNDUNGEN
100
AcDbLine
 62
7
  6
CONTINUOUS
 10
92.6534265791
 20
190.8253611542
 11
92.9382560283
 21
191.2666530502
  0
LINE
  5
A15
100
AcDbEntity
  8
RUNDUNGEN
100
AcDbLine
 62
7
  6
CONTINUOUS
 10
92.0242600505
 20
192.2175146655
 11
92.3540146646
 21
192.5594008824
  0
LINE
  5
A16
100
AcDbEntity
  8
RUNDUNGEN
100
AcDbLine
 62
7
  6
CONTINUOUS
 10
94.6893962737
 20
194.8778295507
 11
94.3596416596
 21
194.5359433338
  0
LINE
  5
A17
100
AcDbEntity
  8
RUNDUNGEN
100
AcDbLine
 62
7
  6
CONTINUOUS
 10
96.129139116
 20
194.2888034803
 11
95.68784722
 21
193.9925492783
  0
LINE
  5
A18
100
AcDbEntity
  8
AUSFORMSCHRAEGEN
100
AcDbLine
 62
7
  6
CONTINUOUS
 10
94.3596416596
 20
192.5594008824
 11
95.68784722
 21
193.1027949379
  0
LINE
  5
A19
100
AcDbEntity
  8
RUNDUNGEN
100
AcDbLine
 62
9
  6
CONTINUOUS
 10
96.129139116
 20
192.8065407359
 11
94.6893962737
 21
192.2175146655
  0
LINE
  5
A1A
100
AcDbEntity
  8
RUNDUNGEN
100
AcDbLine
 62
9
  6
CONTINUOUS
 10
96.3261006666
 20
192.6743137734
 11
94.8365754554
 21
192.0649207927
  0
LINE
  5
A1B
100
AcDbEntity
  8
RUNDUNGEN
100
AcDbLine
 62
9
  6
CONTINUOUS
 10
93.3568281621
 20
247.6354380103
 11
83.6804225433
 21
247.6354380103
  0
LINE
  5
A1C
100
AcDbEntity
  8
RUNDUNGEN
100
AcDbLine
 62
9
  6
CONTINUOUS
 10
65.0332337809
 20
247.6354380103
 11
55.3568281621
 21
247.6354380103
  0
LINE
  5
A1D
100
AcDbEntity
  8
RUNDUNGEN
100
AcDbLine
 62
9
  6
CONTINUOUS
 10
93.3568281621
 20
248.4349506719
 11
82.9685799901
 21
248.4349506719
  0
LINE
  5
A1E
100
AcDbEntity
  8
RUNDUNGEN
100
AcDbLine
 62
9
  6
CONTINUOUS
 10
65.7450763342
 20
248.4349506719
 11
55.3568281621
 21
248.4349506719
  0
LINE
  5
A1F
100
AcDbEntity
  8
AUSFORMSCHRAEGEN
100
AcDbLine
 62
7
  6
CONTINUOUS
 10
93.3568281621
 20
248.5476721081
 11
82.8354670642
 21
248.5476721081
  0
LINE
  5
A20
100
AcDbEntity
  8
AUSFORMSCHRAEGEN
100
AcDbLine
 62
7
  6
CONTINUOUS
 10
65.87818926
 20
248.5476721081
 11
55.3568281621
 21
248.5476721081
  0
LINE
  5
A21
100
AcDbEntity
  8
0
100
AcDbLine
 62
7
  6
CONTINUOUS
 10
90.5675843722
 20
242.585311294
 11
91.6093130484
 21
241.9838689624
  0
LINE
  5
A22
100
AcDbEntity
  8
0
100
AcDbLine
 62
7
  6
CONTINUOUS
 10
94.612279585
 20
240.2501054241
 11
96.1156683641
 21
239.3821235078
  0
LINE
  5
A23
100
AcDbEntity
  8
0
100
AcDbLine
 62
7
  6
CONTINUOUS
 10
96.1460719521
 20
240.5100329222
 11
95.108279585
 21
241.1092026247
  0
LINE
  5
A24
100
AcDbEntity
  8
0
100
AcDbLine
 62
7
  6
CONTINUOUS
 10
92.1053130484
 20
242.8429661629
 11
90.5979879602
 21
243.7132207084
  0
LINE
  5
A25
100
AcDbEntity
  8
0
100
AcDbLine
 62
7
  6
CONTINUOUS
 10
127.3071521696
 20
216.7676721081
 11
127.3071521696
 21
190.3676721081
  0
LINE
  5
A26
100
AcDbEntity
  8
0
100
AcDbLine
 62
7
  6
CONTINUOUS
 10
196.4071521696
 20
176.3991397715
 11
201.4071521696
 21
176.3991397715
  0
LINE
  5
A27
100
AcDbEntity
  8
0
100
AcDbLine
 62
7
  6
CONTINUOUS
 10
134.1071521696
 20
208.5676721081
 11
134.1071521696
 21
205.6676721081
  0
LINE
  5
A28
100
AcDbEntity
  8
0
100
AcDbLine
 62
7
  6
CONTINUOUS
 10
134.1071521696
 20
199.5676721081
 11
134.1071521696
 21
202.4676721081
  0
LINE
  5
A29
100
AcDbEntity
  8
0
100
AcDbLine
 62
7
  6
CONTINUOUS
 10
196.4071521696
 20
178.0802178356
 11
201.4071521696
 21
178.0802178356
  0
LINE
  5
A2A
100
AcDbEntity
  8
0
100
AcDbLine
 62
7
  6
CONTINUOUS
 10
137.7071521696
 20
208.5676721081
 11
137.7071521696
 21
205.6676721081
  0
LINE
  5
A2B
100
AcDbEntity
  8
0
100
AcDbLine
 62
7
  6
CONTINUOUS
 10
137.7071521696
 20
199.5676721081
 11
137.7071521696
 21
202.4676721081
  0
LINE
  5
A2C
100
AcDbEntity
  8
RUNDUNGEN
100
AcDbLine
 62
7
  6
CONTINUOUS
 10
201.4071521696
 20
186.5476721081
 11
204.635071767
 21
186.6603935443
  0
LINE
  5
A2D
100
AcDbEntity
  8
FASEN
100
AcDbLine
 62
7
  6
CONTINUOUS
 10
157.3071521696
 20
242.0476721081
 11
156.9071521696
 21
241.6476721081
  0
LINE
  5
A2E
100
AcDbEntity
  8
0
100
AcDbLine
 62
7
  6
CONTINUOUS
 10
196.4071521696
 20
186.5476721081
 11
195.9071521696
 21
186.5476721081
  0
LINE
  5
A2F
100
AcDbEntity
  8
0
100
AcDbLine
 62
7
  6
CONTINUOUS
 10
194.9071521696
 20
188.1476721081
 11
183.9071521696
 21
188.1476721081
  0
LINE
  5
A30
100
AcDbEntity
  8
FASEN
100
AcDbLine
 62
7
  6
CONTINUOUS
 10
191.386773271
 20
188.5476721081
 11
189.1875310683
 21
188.5476721081
  0
LINE
  5
A31
100
AcDbEntity
  8
FASEN
100
AcDbLine
 62
7
  6
CONTINUOUS
 10
173.606773271
 20
188.5476721081
 11
171.4075310683
 21
188.5476721081
  0
LINE
  5
A32
100
AcDbEntity
  8
FASEN
100
AcDbLine
 62
7
  6
CONTINUOUS
 10
191.7871521696
 20
188.9476721081
 11
188.7871521696
 21
188.9476721081
  0
LINE
  5
A33
100
AcDbEntity
  8
FASEN
100
AcDbLine
 62
7
  6
CONTINUOUS
 10
174.0071521696
 20
188.9476721081
 11
171.0071521696
 21
188.9476721081
  0
LINE
  5
A34
100
AcDbEntity
  8
AUSFORMSCHRAEGEN
100
AcDbLine
 62
7
  6
CONTINUOUS
 10
205.4071521696
 20
193.9476721081
 11
209.4420516663
 21
194.0885739033
  0
LINE
  5
A35
100
AcDbEntity
  8
RUNDUNGEN
100
AcDbLine
 62
9
  6
CONTINUOUS
 10
193.9071521696
 20
189.7726642299
 11
191.7871521696
 21
189.7726642299
  0
LINE
  5
A36
100
AcDbEntity
  8
RUNDUNGEN
100
AcDbLine
 62
9
  6
CONTINUOUS
 10
188.7871521696
 20
189.7726642299
 11
183.9071521696
 21
189.7726642299
  0
LINE
  5
A37
100
AcDbEntity
  8
0
100
AcDbLine
 62
7
  6
CONTINUOUS
 10
127.3071521696
 20
190.3676721081
 11
159.5071521696
 21
190.3676721081
  0
LINE
  5
A38
100
AcDbEntity
  8
RUNDUNGEN
100
AcDbLine
 62
9
  6
CONTINUOUS
 10
193.9071521696
 20
190.3991260459
 11
191.7871521696
 21
190.3991260459
  0
LINE
  5
A39
100
AcDbEntity
  8
RUNDUNGEN
100
AcDbLine
 62
9
  6
CONTINUOUS
 10
188.7871521696
 20
190.3991260459
 11
183.9071521696
 21
190.3991260459
  0
LINE
  5
A3A
100
AcDbEntity
  8
0
100
AcDbLine
 62
7
  6
CONTINUOUS
 10
163.5071521696
 20
191.0476721081
 11
160.3071521696
 21
191.0476721081
  0
LINE
  5
A3B
100
AcDbEntity
  8
RUNDUNGEN
100
AcDbLine
 62
9
  6
CONTINUOUS
 10
157.3071521696
 20
191.3676721081
 11
160.3071521696
 21
191.3676721081
  0
LINE
  5
A3C
100
AcDbEntity
  8
0
100
AcDbLine
 62
7
  6
CONTINUOUS
 10
170.0073976282
 20
192.5476721081
 11
175.0069067111
 21
192.5476721081
  0
LINE
  5
A3D
100
AcDbEntity
  8
0
100
AcDbLine
 62
7
  6
CONTINUOUS
 10
187.7873976282
 20
192.5476721081
 11
192.7869067111
 21
192.5476721081
  0
LINE
  5
A3E
100
AcDbEntity
  8
BEZUGSACHSEN
100
AcDbLine
 62
7
  6
CONTINUOUS
 10
193.9071521696
 20
192.5476721081
 11
195.9071521696
 21
192.5476721081
  0
LINE
  5
A3F
100
AcDbEntity
  8
0
100
AcDbLine
 62
9
  6
CONTINUOUS
 10
183.9071521696
 20
192.8377719202
 11
187.7871521696
 21
192.8377719202
  0
LINE
  5
A40
100
AcDbEntity
  8
0
100
AcDbLine
 62
9
  6
CONTINUOUS
 10
192.7871521696
 20
192.8377719202
 11
193.9071521696
 21
192.8377719202
  0
LINE
  5
A41
100
AcDbEntity
  8
0
100
AcDbLine
 62
9
  6
CONTINUOUS
 10
196.4071521696
 20
193.5476721081
 11
195.9071521696
 21
193.5476721081
  0
LINE
  5
A42
100
AcDbEntity
  8
0
100
AcDbLine
 62
7
  6
CONTINUOUS
 10
193.9071521696
 20
193.5476721081
 11
192.1740543928
 21
193.5476721081
  0
LINE
  5
A43
100
AcDbEntity
  8
0
100
AcDbLine
 62
7
  6
CONTINUOUS
 10
188.4002499464
 20
193.5476721081
 11
163.5071521696
 21
193.5476721081
  0
LINE
  5
A44
100
AcDbEntity
  8
RUNDUNGEN
100
AcDbLine
 62
9
  6
CONTINUOUS
 10
201.4071521696
 20
193.5476721081
 11
205.4071521696
 21
193.5476721081
  0
LINE
  5
A45
100
AcDbEntity
  8
0
100
AcDbLine
 62
7
  6
CONTINUOUS
 10
157.3071521696
 20
194.5453428889
 11
159.5071521696
 21
194.5453428889
  0
LINE
  5
A46
100
AcDbEntity
  8
0
100
AcDbLine
 62
7
  6
CONTINUOUS
 10
193.9071521696
 20
195.1976721081
 11
163.5071521696
 21
195.1976721081
  0
LINE
  5
A47
100
AcDbEntity
  8
0
100
AcDbLine
 62
7
  6
CONTINUOUS
 10
193.9071521696
 20
195.5077084058
 11
195.6191359111
 21
195.5077084058
  0
LINE
  5
A48
100
AcDbEntity
  8
0
100
AcDbLine
 62
3
  6
CONTINUOUS
 10
172.6071521696
 20
196.1476721081
 11
163.5071521696
 21
196.1476721081
  0
LINE
  5
A49
100
AcDbEntity
  8
RUNDUNGEN
100
AcDbLine
 62
3
  6
CONTINUOUS
 10
160.185249333
 20
196.1476721081
 11
160.3071521696
 21
196.1476721081
  0
LINE
  5
A4A
100
AcDbEntity
  8
0
100
AcDbLine
 62
7
  6
CONTINUOUS
 10
160.1631252925
 20
196.1976721081
 11
160.3071521696
 21
196.1976721081
  0
LINE
  5
A4B
100
AcDbEntity
  8
0
100
AcDbLine
 62
7
  6
CONTINUOUS
 10
163.5071521696
 20
196.1976721081
 11
194.3071521696
 21
196.1976721081
  0
LINE
  5
A4C
100
AcDbEntity
  8
0
100
AcDbLine
 62
7
  6
CONTINUOUS
 10
172.6071521696
 20
196.6476721081
 11
163.5071521696
 21
196.6476721081
  0
LINE
  5
A4D
100
AcDbEntity
  8
0
100
AcDbLine
 62
3
  6
CONTINUOUS
 10
160.1631252925
 20
196.6976721081
 11
160.3071521696
 21
196.6976721081
  0
LINE
  5
A4E
100
AcDbEntity
  8
0
100
AcDbLine
 62
3
  6
CONTINUOUS
 10
163.5071521696
 20
196.6976721081
 11
194.3071521696
 21
196.6976721081
  0
LINE
  5
A4F
100
AcDbEntity
  8
0
100
AcDbLine
 62
9
  6
CONTINUOUS
 10
159.3631252925
 20
196.9976721081
 11
159.8631252925
 21
196.9976721081
  0
LINE
  5
A50
100
AcDbEntity
  8
0
100
AcDbLine
 62
9
  6
CONTINUOUS
 10
173.1071521696
 20
197.1476721081
 11
173.6071521696
 21
197.1476721081
  0
LINE
  5
A51
100
AcDbEntity
  8
0
100
AcDbLine
 62
3
  6
CONTINUOUS
 10
172.7352494964
 20
197.2976721081
 11
163.5071521696
 21
197.2976721081
  0
LINE
  5
A52
100
AcDbEntity
  8
0
100
AcDbLine
 62
3
  6
CONTINUOUS
 10
160.3071521696
 20
197.2976721081
 11
160.1631252925
 21
197.2976721081
  0
LINE
  5
A53
100
AcDbEntity
  8
FASEN
100
AcDbLine
 62
7
  6
CONTINUOUS
 10
171.0071521696
 20
188.9476721081
 11
171.4071521696
 21
188.5476721081
  0
LINE
  5
A54
100
AcDbEntity
  8
0
100
AcDbLine
 62
7
  6
CONTINUOUS
 10
193.9071521696
 20
197.6976721081
 11
173.6071521696
 21
197.6976721081
  0
LINE
  5
A55
100
AcDbEntity
  8
0
100
AcDbLine
 62
7
  6
CONTINUOUS
 10
173.1071521696
 20
197.6976721081
 11
172.7352494964
 21
197.6976721081
  0
LINE
  5
A56
100
AcDbEntity
  8
0
100
AcDbLine
 62
7
  6
CONTINUOUS
 10
172.7352494964
 20
197.7976721081
 11
163.5071521696
 21
197.7976721081
  0
LINE
  5
A57
100
AcDbEntity
  8
0
100
AcDbLine
 62
7
  6
CONTINUOUS
 10
160.3071521696
 20
197.7976721081
 11
160.1631252925
 21
197.7976721081
  0
LINE
  5
A58
100
AcDbEntity
  8
0
100
AcDbLine
 62
7
  6
CONTINUOUS
 10
193.9071521696
 20
197.8053318213
 11
173.6071521696
 21
197.8053318213
  0
LINE
  5
A59
100
AcDbEntity
  8
0
100
AcDbLine
 62
7
  6
CONTINUOUS
 10
173.1071521696
 20
197.8053318213
 11
172.7352494964
 21
197.8053318213
  0
LINE
  5
A5A
100
AcDbEntity
  8
0
100
AcDbLine
 62
7
  6
CONTINUOUS
 10
173.7071521696
 20
198.1765595949
 11
173.6071521696
 21
198.1765595949
  0
LINE
  5
A5B
100
AcDbEntity
  8
0
100
AcDbLine
 62
7
  6
CONTINUOUS
 10
173.1071521696
 20
198.1765595949
 11
170.7071521696
 21
198.1765595949
  0
LINE
  5
A5C
100
AcDbEntity
  8
0
100
AcDbLine
 62
7
  6
CONTINUOUS
 10
173.7071521696
 20
199.2993845172
 11
170.7071521696
 21
199.2993845172
  0
LINE
  5
A5D
100
AcDbEntity
  8
0
100
AcDbLine
 62
7
  6
CONTINUOUS
 10
134.1071521696
 20
199.5676721081
 11
137.7071521696
 21
199.5676721081
  0
LINE
  5
A5E
100
AcDbEntity
  8
FASEN
100
AcDbLine
 62
7
  6
CONTINUOUS
 10
156.9071521696
 20
239.4480510068
 11
156.9071521696
 21
241.6472932094
  0
LINE
  5
A5F
100
AcDbEntity
  8
0
100
AcDbLine
 62
7
  6
CONTINUOUS
 10
157.3071521696
 20
216.7676721081
 11
157.3071521696
 21
215.3676721081
  0
LINE
  5
A60
100
AcDbEntity
  8
0
100
AcDbLine
 62
7
  6
CONTINUOUS
 10
157.3071521696
 20
214.7676721081
 11
157.3071521696
 21
204.8376721081
  0
LINE
  5
A61
100
AcDbEntity
  8
0
100
AcDbLine
 62
7
  6
CONTINUOUS
 10
157.3071521696
 20
202.2376721081
 11
157.3071521696
 21
190.3676721081
  0
LINE
  5
A62
100
AcDbEntity
  8
FASEN
100
AcDbLine
 62
7
  6
CONTINUOUS
 10
157.3071521696
 20
239.0476721081
 11
157.3071521696
 21
242.0476721081
  0
LINE
  5
A63
100
AcDbEntity
  8
0
100
AcDbLine
 62
7
  6
CONTINUOUS
 10
157.5071521696
 20
226.5476721081
 11
157.5071521696
 21
227.1476721081
  0
LINE
  5
A64
100
AcDbEntity
  8
0
100
AcDbLine
 62
7
  6
CONTINUOUS
 10
157.9127125317
 20
222.0276721081
 11
157.9127125317
 21
221.4276721081
  0
LINE
  5
A65
100
AcDbEntity
  8
0
100
AcDbLine
 62
9
  6
CONTINUOUS
 10
158.0071521696
 20
227.1476721081
 11
158.0071521696
 21
226.5476721081
  0
LINE
  5
A66
100
AcDbEntity
  8
0
100
AcDbLine
 62
9
  6
CONTINUOUS
 10
158.4127125317
 20
222.0276721081
 11
158.4127125317
 21
221.4276721081
  0
LINE
  5
A67
100
AcDbEntity
  8
0
100
AcDbLine
 62
7
  6
CONTINUOUS
 10
167.008085412
 20
203.1506159357
 11
163.5071521696
 21
202.2376721081
  0
LINE
  5
A68
100
AcDbEntity
  8
0
100
AcDbLine
 62
7
  6
CONTINUOUS
 10
160.3071521696
 20
202.2376721081
 11
157.3071521696
 21
202.2376721081
  0
LINE
  5
A69
100
AcDbEntity
  8
0
100
AcDbLine
 62
7
  6
CONTINUOUS
 10
134.1071521696
 20
202.4676721081
 11
137.7071521696
 21
202.4676721081
  0
LINE
  5
A6A
100
AcDbEntity
  8
RUNDUNGEN
100
AcDbLine
 62
7
  6
CONTINUOUS
 10
183.9071521696
 20
203.3476721081
 11
170.7071521696
 21
203.3476721081
  0
LINE
  5
A6B
100
AcDbEntity
  8
0
100
AcDbLine
 62
7
  6
CONTINUOUS
 10
167.257234437
 20
203.3476721081
 11
170.7071521696
 21
203.3476721081
  0
LINE
  5
A6C
100
AcDbEntity
  8
0
100
AcDbLine
 62
9
  6
CONTINUOUS
 10
173.6071521696
 20
204.2524386217
 11
173.1071521696
 21
204.2524386217
  0
LINE
  5
A6D
100
AcDbEntity
  8
0
100
AcDbLine
 62
7
  6
CONTINUOUS
 10
157.3071521696
 20
204.8376721081
 11
160.3071521696
 21
204.8376721081
  0
LINE
  5
A6E
100
AcDbEntity
  8
0
100
AcDbLine
 62
7
  6
CONTINUOUS
 10
176.0071521696
 20
204.9257375312
 11
174.4071521696
 21
204.9257375312
  0
LINE
  5
A6F
100
AcDbEntity
  8
0
100
AcDbLine
 62
9
  6
CONTINUOUS
 10
176.0071521696
 20
205.1947744985
 11
174.4071521696
 21
205.1947744985
  0
LINE
  5
A70
100
AcDbEntity
  8
0
100
AcDbLine
 62
7
  6
CONTINUOUS
 10
163.5071521696
 20
204.8376721081
 11
167.008085412
 21
203.9247282805
  0
LINE
  5
A71
100
AcDbEntity
  8
0
100
AcDbLine
 62
7
  6
CONTINUOUS
 10
158.6346154539
 20
211.1084692063
 11
157.3071521696
 21
212.661944279
  0
LINE
  5
A72
100
AcDbEntity
  8
0
100
AcDbLine
 62
7
  6
CONTINUOUS
 10
157.3071521696
 20
213.7394679799
 11
159.1667862271
 21
211.5632155842
  0
LINE
  5
A73
100
AcDbEntity
  8
RUNDUNGEN
100
AcDbLine
 62
9
  6
CONTINUOUS
 10
159.5071521696
 20
190.3676721081
 11
159.5071521696
 21
191.3676721081
  0
LINE
  5
A74
100
AcDbEntity
  8
0
100
AcDbLine
 62
9
  6
CONTINUOUS
 10
159.5071521696
 20
191.3676721081
 11
159.5071521696
 21
194.5453428889
  0
LINE
  5
A75
100
AcDbEntity
  8
0
100
AcDbLine
 62
9
  6
CONTINUOUS
 10
160.1631252925
 20
197.7976721081
 11
160.1631252925
 21
197.2976721081
  0
LINE
  5
A76
100
AcDbEntity
  8
0
100
AcDbLine
 62
9
  6
CONTINUOUS
 10
160.1631252925
 20
196.1976721081
 11
160.1631252925
 21
196.6976721081
  0
LINE
  5
A77
100
AcDbEntity
  8
RUNDUNGEN
100
AcDbLine
 62
7
  6
CONTINUOUS
 10
160.185249333
 20
196.1976721081
 11
160.185249333
 21
196.1476721081
  0
LINE
  5
A78
100
AcDbEntity
  8
0
100
AcDbLine
 62
7
  6
CONTINUOUS
 10
160.3071521696
 20
191.0476721081
 11
160.3071521696
 21
245.6476721081
  0
LINE
  5
A79
100
AcDbEntity
  8
0
100
AcDbLine
 62
7
  6
CONTINUOUS
 10
165.6744554978
 20
222.2963184065
 11
167.9071521696
 21
224.3783417358
  0
LINE
  5
A7A
100
AcDbEntity
  8
0
100
AcDbLine
 62
7
  6
CONTINUOUS
 10
137.7071521696
 20
205.6676721081
 11
134.1071521696
 21
205.6676721081
  0
LINE
  5
A7B
100
AcDbEntity
  8
0
100
AcDbLine
 62
9
  6
CONTINUOUS
 10
171.9671521696
 20
206.6687167513
 11
171.4671521696
 21
206.6687167513
  0
LINE
  5
A7C
100
AcDbEntity
  8
0
100
AcDbLine
 62
7
  6
CONTINUOUS
 10
173.2071521696
 20
207.0687167513
 11
172.4671521696
 21
207.0687167513
  0
LINE
  5
A7D
100
AcDbEntity
  8
0
100
AcDbLine
 62
3
  6
CONTINUOUS
 10
172.4671521696
 20
207.0687167513
 11
172.3671521696
 21
207.0687167513
  0
LINE
  5
A7E
100
AcDbEntity
  8
0
100
AcDbLine
 62
7
  6
CONTINUOUS
 10
172.4671521696
 20
207.5687167513
 11
172.3671521696
 21
207.5687167513
  0
LINE
  5
A7F
100
AcDbEntity
  8
0
100
AcDbLine
 62
3
  6
CONTINUOUS
 10
173.2071521696
 20
207.5687167513
 11
172.4671521696
 21
207.5687167513
  0
LINE
  5
A80
100
AcDbEntity
  8
0
100
AcDbLine
 62
7
  6
CONTINUOUS
 10
165.4392924327
 20
208.0376773657
 11
173.9423874074
 21
208.0376773657
  0
LINE
  5
A81
100
AcDbEntity
  8
0
100
AcDbLine
 62
7
  6
CONTINUOUS
 10
137.7071521696
 20
208.5676721081
 11
134.1071521696
 21
208.5676721081
  0
LINE
  5
A82
100
AcDbEntity
  8
0
100
AcDbLine
 62
9
  6
CONTINUOUS
 10
176.0071521696
 20
209.1348282665
 11
174.4071521696
 21
209.1348282665
  0
LINE
  5
A83
100
AcDbEntity
  8
0
100
AcDbLine
 62
7
  6
CONTINUOUS
 10
193.9071521696
 20
209.2990358572
 11
195.9071521696
 21
209.2990358572
  0
LINE
  5
A84
100
AcDbEntity
  8
0
100
AcDbLine
 62
7
  6
CONTINUOUS
 10
163.5071521696
 20
191.0476721081
 11
163.5071521696
 21
245.6476721081
  0
LINE
  5
A85
100
AcDbEntity
  8
FASEN
100
AcDbLine
 62
7
  6
CONTINUOUS
 10
164.3731775734
 20
214.5476721081
 11
164.3731775734
 21
220.5476721081
  0
LINE
  5
A86
100
AcDbEntity
  8
0
100
AcDbLine
 62
9
  6
CONTINUOUS
 10
164.9924571377
 20
222.0276721081
 11
164.9924571377
 21
221.4276721081
  0
LINE
  5
A87
100
AcDbEntity
  8
0
100
AcDbLine
 62
7
  6
CONTINUOUS
 10
166.6965305275
 20
226.5476721081
 11
166.6965305275
 21
227.1476721081
  0
LINE
  5
A88
100
AcDbEntity
  8
0
100
AcDbLine
 62
3
  6
CONTINUOUS
 10
166.0836545138
 20
221.8575061855
 11
167.9071521696
 21
223.5579452591
  0
LINE
  5
A89
100
AcDbEntity
  8
FASEN
100
AcDbLine
 62
7
  6
CONTINUOUS
 10
164.3731775734
 20
220.5476721081
 11
163.5071521696
 21
220.0476721081
  0
LINE
  5
A8A
100
AcDbEntity
  8
0
100
AcDbLine
 62
9
  6
CONTINUOUS
 10
176.0071521696
 20
210.1173988268
 11
174.4071521696
 21
210.1173988268
  0
LINE
  5
A8B
100
AcDbEntity
  8
0
100
AcDbLine
 62
7
  6
CONTINUOUS
 10
163.5071521696
 20
210.3376721081
 11
165.928171407
 21
210.3376721081
  0
LINE
  5
A8C
100
AcDbEntity
  8
RUNDUNGEN
100
AcDbLine
 62
7
  6
CONTINUOUS
 10
174.9071521696
 20
210.555830889
 11
176.0071521696
 21
210.555830889
  0
LINE
  5
A8D
100
AcDbEntity
  8
0
100
AcDbLine
 62
7
  6
CONTINUOUS
 10
163.5071521696
 20
211.0376721081
 11
166.0769610002
 21
211.0376721081
  0
LINE
  5
A8E
100
AcDbEntity
  8
FASEN
100
AcDbLine
 62
7
  6
CONTINUOUS
 10
164.3731775734
 20
214.5476721081
 11
163.5071521696
 21
215.0476721081
  0
LINE
  5
A8F
100
AcDbEntity
  8
FASEN
100
AcDbLine
 62
7
  6
CONTINUOUS
 10
188.7871521696
 20
188.9476721081
 11
189.1871521696
 21
188.5476721081
  0
LINE
  5
A90
100
AcDbEntity
  8
0
100
AcDbLine
 62
7
  6
CONTINUOUS
 10
167.6965305275
 20
226.5476721081
 11
167.6965305275
 21
227.1476721081
  0
LINE
  5
A91
100
AcDbEntity
  8
0
100
AcDbLine
 62
7
  6
CONTINUOUS
 10
167.8459088853
 20
227.1476721081
 11
167.8459088853
 21
226.5476721081
  0
LINE
  5
A92
100
AcDbEntity
  8
0
100
AcDbLine
 62
7
  6
CONTINUOUS
 10
167.9071521696
 20
234.2859927088
 11
167.9071521696
 21
220.5476721081
  0
LINE
  5
A93
100
AcDbEntity
  8
0
100
AcDbLine
 62
7
  6
CONTINUOUS
 10
170.0071521696
 20
193.5476721081
 11
170.0071521696
 21
192.5476721081
  0
LINE
  5
A94
100
AcDbEntity
  8
0
100
AcDbLine
 62
7
  6
CONTINUOUS
 10
170.7071521696
 20
197.8053318213
 11
170.7071521696
 21
203.3476721081
  0
LINE
  5
A95
100
AcDbEntity
  8
BEZUGSACHSEN
100
AcDbLine
 62
7
  6
CONTINUOUS
 10
171.0071521696
 20
192.5476721081
 11
171.0071521696
 21
188.9476721081
  0
LINE
  5
A96
100
AcDbEntity
  8
0
100
AcDbLine
 62
7
  6
CONTINUOUS
 10
163.5071521696
 20
198.9476721081
 11
164.2474997672
 21
202.430733707
  0
LINE
  5
A97
100
AcDbEntity
  8
0
100
AcDbLine
 62
7
  6
CONTINUOUS
 10
164.6933603337
 20
204.5283427531
 11
166.8230345317
 21
214.5476721081
  0
LINE
  5
A98
100
AcDbEntity
  8
BEZUGSACHSEN
100
AcDbLine
 62
7
  6
CONTINUOUS
 10
176.1071521696
 20
214.5476721081
 11
164.3731775734
 21
214.5476721081
  0
LINE
  5
A99
100
AcDbEntity
  8
RUNDUNGEN
100
AcDbLine
 62
7
  6
CONTINUOUS
 10
157.3071521696
 20
214.7676721081
 11
159.5071521696
 21
214.7676721081
  0
LINE
  5
A9A
100
AcDbEntity
  8
RUNDUNGEN
100
AcDbLine
 62
9
  6
CONTINUOUS
 10
157.3071521696
 20
215.3676721081
 11
160.2817488389
 21
215.3676721081
  0
LINE
  5
A9B
100
AcDbEntity
  8
0
100
AcDbLine
 62
7
  6
CONTINUOUS
 10
127.3071521696
 20
216.7676721081
 11
160.3071521696
 21
216.7676721081
  0
LINE
  5
A9C
100
AcDbEntity
  8
0
100
AcDbLine
 62
9
  6
CONTINUOUS
 10
165.6744554978
 20
222.2963184065
 11
166.0836545138
 21
221.8575061855
  0
LINE
  5
A9D
100
AcDbEntity
  8
0
100
AcDbLine
 62
7
  6
CONTINUOUS
 10
165.7114130976
 20
222.3307819258
 11
166.1206121136
 21
221.8919697049
  0
LINE
  5
A9E
100
AcDbEntity
  8
0
100
AcDbLine
 62
9
  6
CONTINUOUS
 10
171.9352494964
 20
197.2976721081
 11
171.9352494964
 21
197.7976721081
  0
LINE
  5
A9F
100
AcDbEntity
  8
0
100
AcDbLine
 62
9
  6
CONTINUOUS
 10
172.3671521696
 20
207.0687167513
 11
172.3671521696
 21
207.5687167513
  0
LINE
  5
AA0
100
AcDbEntity
  8
0
100
AcDbLine
 62
7
  6
CONTINUOUS
 10
172.4671521696
 20
207.5687167513
 11
172.4671521696
 21
207.0687167513
  0
LINE
  5
AA1
100
AcDbEntity
  8
0
100
AcDbLine
 62
9
  6
CONTINUOUS
 10
172.6071521696
 20
196.6476721081
 11
172.6071521696
 21
196.1476721081
  0
LINE
  5
AA2
100
AcDbEntity
  8
0
100
AcDbLine
 62
7
  6
CONTINUOUS
 10
172.7352494964
 20
197.7976721081
 11
172.7352494964
 21
197.2976721081
  0
LINE
  5
AA3
100
AcDbEntity
  8
0
100
AcDbLine
 62
7
  6
CONTINUOUS
 10
173.1071521696
 20
207.5687167513
 11
173.1071521696
 21
207.0687167513
  0
LINE
  5
AA4
100
AcDbEntity
  8
0
100
AcDbLine
 62
7
  6
CONTINUOUS
 10
173.1071521696
 20
204.2524386217
 11
173.1071521696
 21
203.3476721081
  0
LINE
  5
AA5
100
AcDbEntity
  8
0
100
AcDbLine
 62
7
  6
CONTINUOUS
 10
173.1071521696
 20
199.2993845172
 11
173.1071521696
 21
197.1476721081
  0
LINE
  5
AA6
100
AcDbEntity
  8
02___PRT_ALL_AXES
100
AcDbLine
 62
9
  6
CONTINUOUS
 10
173.2071521696
 20
207.5687167513
 11
173.2071521696
 21
207.0687167513
  0
LINE
  5
AA7
100
AcDbEntity
  8
0
100
AcDbLine
 62
3
  6
CONTINUOUS
 10
173.6071521696
 20
204.2524386217
 11
173.6071521696
 21
203.3476721081
  0
LINE
  5
AA8
100
AcDbEntity
  8
0
100
AcDbLine
 62
3
  6
CONTINUOUS
 10
173.6071521696
 20
199.2993845172
 11
173.6071521696
 21
197.1476721081
  0
LINE
  5
AA9
100
AcDbEntity
  8
0
100
AcDbLine
 62
7
  6
CONTINUOUS
 10
173.7071521696
 20
198.1765595949
 11
173.7071521696
 21
199.2993845172
  0
LINE
  5
AAA
100
AcDbEntity
  8
BEZUGSACHSEN
100
AcDbLine
 62
7
  6
CONTINUOUS
 10
174.0071521696
 20
192.5476721081
 11
174.0071521696
 21
188.9476721081
  0
LINE
  5
AAB
100
AcDbEntity
  8
0
100
AcDbLine
 62
9
  6
CONTINUOUS
 10
174.1631252925
 20
196.6976721081
 11
174.1631252925
 21
196.1976721081
  0
LINE
  5
AAC
100
AcDbEntity
  8
0
100
AcDbLine
 62
7
  6
CONTINUOUS
 10
174.4071521696
 20
204.9257893727
 11
174.4071521696
 21
206.1403874028
  0
LINE
  5
AAD
100
AcDbEntity
  8
02___PRT_ALL_AXES
100
AcDbLine
 62
7
  6
CONTINUOUS
 10
174.4071521696
 20
206.1403874028
 11
174.4071521696
 21
206.5343927796
  0
LINE
  5
AAE
100
AcDbEntity
  8
RUNDUNGEN
100
AcDbLine
 62
9
  6
CONTINUOUS
 10
174.4071521696
 20
206.5343927796
 11
174.4071521696
 21
207.7952099854
  0
LINE
  5
AAF
100
AcDbEntity
  8
RUNDUNGEN
100
AcDbLine
 62
7
  6
CONTINUOUS
 10
174.4071521696
 20
208.2613202693
 11
174.4071521696
 21
209.1348282665
  0
LINE
  5
AB0
100
AcDbEntity
  8
0
100
AcDbLine
 62
7
  6
CONTINUOUS
 10
174.4071521696
 20
209.1348282665
 11
174.4071521696
 21
210.1173988268
  0
LINE
  5
AB1
100
AcDbEntity
  8
RUNDUNGEN
100
AcDbLine
 62
7
  6
CONTINUOUS
 10
174.4071521696
 20
210.1173988268
 11
174.4071521696
 21
210.2480001513
  0
LINE
  5
AB2
100
AcDbEntity
  8
0
100
AcDbLine
 62
7
  6
CONTINUOUS
 10
174.9631252925
 20
196.6976721081
 11
174.9631252925
 21
196.1976721081
  0
LINE
  5
AB3
100
AcDbEntity
  8
0
100
AcDbLine
 62
7
  6
CONTINUOUS
 10
175.0071521696
 20
193.5476721081
 11
175.0071521696
 21
192.5476721081
  0
LINE
  5
AB4
100
AcDbEntity
  8
DEFAULT_1
100
AcDbLine
 62
7
  6
CENTER
 10
148.6746824518
 20
217.5476721081
 11
214.9613657435
 21
217.5476721081
  0
LINE
  5
AB5
100
AcDbEntity
  8
BEZUGSACHSEN
100
AcDbLine
 62
7
  6
CONTINUOUS
 10
176.1071521696
 20
220.5476721081
 11
164.3731775734
 21
220.5476721081
  0
LINE
  5
AB6
100
AcDbEntity
  8
0
100
AcDbLine
 62
9
  6
CONTINUOUS
 10
175.7631252925
 20
196.6976721081
 11
175.7631252925
 21
196.1976721081
  0
LINE
  5
AB7
100
AcDbEntity
  8
0
100
AcDbLine
 62
7
  6
CONTINUOUS
 10
176.0071521696
 20
210.555830889
 11
176.0071521696
 21
209.0560271912
  0
LINE
  5
AB8
100
AcDbEntity
  8
0
100
AcDbLine
 62
7
  6
CONTINUOUS
 10
176.0071521696
 20
204.9257893727
 11
176.0071521696
 21
205.2735755739
  0
LINE
  5
AB9
100
AcDbEntity
  8
0
100
AcDbLine
 62
7
  6
CONTINUOUS
 10
176.1071521696
 20
203.3476721081
 11
176.1071521696
 21
237.0856312163
  0
LINE
  5
ABA
100
AcDbEntity
  8
0
100
AcDbLine
 62
9
  6
CONTINUOUS
 10
172.5979214004
 20
205.7393790092
 11
172.4133060158
 21
205.2747101381
  0
LINE
  5
ABB
100
AcDbEntity
  8
0
100
AcDbLine
 62
3
  6
CONTINUOUS
 10
157.9128847584
 20
221.4276721081
 11
160.3071521696
 21
221.4276721081
  0
LINE
  5
ABC
100
AcDbEntity
  8
0
100
AcDbLine
 62
3
  6
CONTINUOUS
 10
163.5071521696
 20
221.4276721081
 11
164.9924571377
 21
221.4276721081
  0
LINE
  5
ABD
100
AcDbEntity
  8
0
100
AcDbLine
 62
7
  6
CONTINUOUS
 10
157.9128847584
 20
222.0276721081
 11
160.3071521696
 21
222.0276721081
  0
LINE
  5
ABE
100
AcDbEntity
  8
0
100
AcDbLine
 62
7
  6
CONTINUOUS
 10
163.5071521696
 20
222.0276721081
 11
164.9924571377
 21
222.0276721081
  0
LINE
  5
ABF
100
AcDbEntity
  8
FASEN
100
AcDbLine
 62
7
  6
CONTINUOUS
 10
157.3071521696
 20
239.0476721081
 11
156.9071521696
 21
239.4476721081
  0
LINE
  5
AC0
100
AcDbEntity
  8
RUNDUNGEN
100
AcDbLine
 62
9
  6
CONTINUOUS
 10
182.9071521696
 20
203.3476721081
 11
182.9071521696
 21
237.0856312163
  0
LINE
  5
AC1
100
AcDbEntity
  8
0
100
AcDbLine
 62
9
  6
CONTINUOUS
 10
193.9071521696
 20
226.2829200874
 11
183.9071521696
 21
226.2829200874
  0
LINE
  5
AC2
100
AcDbEntity
  8
0
100
AcDbLine
 62
3
  6
CONTINUOUS
 10
157.5071521696
 20
226.5476721081
 11
160.3071521696
 21
226.5476721081
  0
LINE
  5
AC3
100
AcDbEntity
  8
0
100
AcDbLine
 62
3
  6
CONTINUOUS
 10
163.5071521696
 20
226.5476721081
 11
167.9071521696
 21
226.5476721081
  0
LINE
  5
AC4
100
AcDbEntity
  8
0
100
AcDbLine
 62
7
  6
CONTINUOUS
 10
157.5071521696
 20
227.1476721081
 11
160.3071521696
 21
227.1476721081
  0
LINE
  5
AC5
100
AcDbEntity
  8
0
100
AcDbLine
 62
7
  6
CONTINUOUS
 10
163.5071521696
 20
227.1476721081
 11
167.9071521696
 21
227.1476721081
  0
LINE
  5
AC6
100
AcDbEntity
  8
0
100
AcDbLine
 62
7
  6
CONTINUOUS
 10
167.9071521696
 20
227.7476721081
 11
176.1071521696
 21
227.7476721081
  0
LINE
  5
AC7
100
AcDbEntity
  8
RUNDUNGEN
100
AcDbLine
 62
7
  6
CONTINUOUS
 10
183.9071521696
 20
188.1476764317
 11
183.9071521696
 21
192.8377719202
  0
LINE
  5
AC8
100
AcDbEntity
  8
0
100
AcDbLine
 62
7
  6
CONTINUOUS
 10
183.9071521696
 20
192.8377719202
 11
183.9071521696
 21
193.5476721081
  0
LINE
  5
AC9
100
AcDbEntity
  8
RUNDUNGEN
100
AcDbLine
 62
7
  6
CONTINUOUS
 10
183.9071521696
 20
203.3476721081
 11
183.9071521696
 21
226.2829200874
  0
LINE
  5
ACA
100
AcDbEntity
  8
0
100
AcDbLine
 62
7
  6
CONTINUOUS
 10
183.9071521696
 20
226.2829200895
 11
183.9071521696
 21
246.9474500631
  0
LINE
  5
ACB
100
AcDbEntity
  8
0
100
AcDbLine
 62
7
  6
CONTINUOUS
 10
167.9071521696
 20
230.5745625882
 11
176.1071521696
 21
230.5745625882
  0
LINE
  5
ACC
100
AcDbEntity
  8
0
100
AcDbLine
 62
7
  6
CONTINUOUS
 10
187.7871521696
 20
193.5476721081
 11
187.7871521696
 21
192.5476721081
  0
LINE
  5
ACD
100
AcDbEntity
  8
0
100
AcDbLine
 62
7
  6
CONTINUOUS
 10
188.4002499464
 20
193.5476721081
 11
188.4002499464
 21
192.5476721081
  0
LINE
  5
ACE
100
AcDbEntity
  8
BEZUGSACHSEN
100
AcDbLine
 62
7
  6
CONTINUOUS
 10
188.7871521696
 20
192.5476721081
 11
188.7871521696
 21
188.9476721081
  0
LINE
  5
ACF
100
AcDbEntity
  8
0
100
AcDbLine
 62
7
  6
CONTINUOUS
 10
193.9071521696
 20
233.5646746526
 11
183.9071521696
 21
233.5646746526
  0
LINE
  5
AD0
100
AcDbEntity
  8
0
100
AcDbLine
 62
7
  6
CONTINUOUS
 10
193.9071521696
 20
233.8624287795
 11
183.9071521696
 21
233.8624287795
  0
LINE
  5
AD1
100
AcDbEntity
  8
0
100
AcDbLine
 62
7
  6
CONTINUOUS
 10
163.5071521696
 20
234.2859927088
 11
176.1071521696
 21
234.2859927088
  0
LINE
  5
AD2
100
AcDbEntity
  8
RUNDUNGEN
100
AcDbLine
 62
7
  6
CONTINUOUS
 10
176.1071521696
 20
237.0856312163
 11
182.9071521696
 21
237.0856312163
  0
LINE
  5
AD3
100
AcDbEntity
  8
BEZUGSACHSEN
100
AcDbLine
 62
7
  6
CONTINUOUS
 10
191.7871521696
 20
192.5476721081
 11
191.7871521696
 21
188.9476721081
  0
LINE
  5
AD4
100
AcDbEntity
  8
0
100
AcDbLine
 62
7
  6
CONTINUOUS
 10
192.1740543928
 20
193.5476721081
 11
192.1740543928
 21
192.5476721081
  0
LINE
  5
AD5
100
AcDbEntity
  8
0
100
AcDbLine
 62
7
  6
CONTINUOUS
 10
192.7871521696
 20
193.5476721081
 11
192.7871521696
 21
192.5476721081
  0
LINE
  5
AD6
100
AcDbEntity
  8
BEZUGSACHSEN
100
AcDbLine
 62
7
  6
CONTINUOUS
 10
193.9071521696
 20
193.5476721081
 11
193.9071521696
 21
192.5476721081
  0
LINE
  5
AD7
100
AcDbEntity
  8
RUNDUNGEN
100
AcDbLine
 62
7
  6
CONTINUOUS
 10
193.9071521696
 20
192.5476721081
 11
193.9071521696
 21
189.7726642299
  0
LINE
  5
AD8
100
AcDbEntity
  8
0
100
AcDbLine
 62
7
  6
CONTINUOUS
 10
193.9071521696
 20
195.1976721081
 11
193.9071521696
 21
196.1976721081
  0
LINE
  5
AD9
100
AcDbEntity
  8
0
100
AcDbLine
 62
7
  6
CONTINUOUS
 10
193.9071521696
 20
196.6976721081
 11
193.9071521696
 21
237.4294200517
  0
LINE
  5
ADA
100
AcDbEntity
  8
0
100
AcDbLine
 62
9
  6
CONTINUOUS
 10
194.3071521696
 20
196.1976721081
 11
194.3071521696
 21
196.6976721081
  0
LINE
  5
ADB
100
AcDbEntity
  8
FASEN
100
AcDbLine
 62
7
  6
CONTINUOUS
 10
194.9071521696
 20
246.9476721081
 11
194.9071521696
 21
237.4294200517
  0
LINE
  5
ADC
100
AcDbEntity
  8
FASEN
100
AcDbLine
 62
7
  6
CONTINUOUS
 10
194.9071521696
 20
192.5476721081
 11
194.9071521696
 21
188.1476721081
  0
LINE
  5
ADD
100
AcDbEntity
  8
FASEN
100
AcDbLine
 62
7
  6
CONTINUOUS
 10
174.0071521696
 20
188.9476721081
 11
173.6071521696
 21
188.5476721081
  0
LINE
  5
ADE
100
AcDbEntity
  8
RUNDUNGEN
100
AcDbLine
 62
7
  6
CONTINUOUS
 10
210.0822647951
 20
237.1785014078
 11
211.8177854862
 21
237.1785014078
  0
LINE
  5
ADF
100
AcDbEntity
  8
FASEN
100
AcDbLine
 62
7
  6
CONTINUOUS
 10
194.9071521696
 20
237.4294200517
 11
193.9071521696
 21
237.4294200517
  0
LINE
  5
AE0
100
AcDbEntity
  8
RUNDUNGEN
100
AcDbLine
 62
9
  6
CONTINUOUS
 10
163.5071521696
 20
238.1889290033
 11
183.9071521696
 21
238.1889290033
  0
LINE
  5
AE1
100
AcDbEntity
  8
RUNDUNGEN
100
AcDbLine
 62
7
  6
CONTINUOUS
 10
205.4071521696
 20
238.542067762
 11
211.8177854862
 21
238.542067762
  0
LINE
  5
AE2
100
AcDbEntity
  8
BEZUGSACHSEN
100
AcDbLine
 62
7
  6
CONTINUOUS
 10
160.3071521696
 20
239.0476721081
 11
157.3071521696
 21
239.0476721081
  0
LINE
  5
AE3
100
AcDbEntity
  8
RUNDUNGEN
100
AcDbLine
 62
9
  6
CONTINUOUS
 10
163.5071521696
 20
239.0546089146
 11
183.9071521696
 21
239.0546089146
  0
LINE
  5
AE4
100
AcDbEntity
  8
0
100
AcDbLine
 62
7
  6
CONTINUOUS
 10
211.8177854862
 20
239.1093916753
 11
205.4071521696
 21
239.1093916753
  0
LINE
  5
AE5
100
AcDbEntity
  8
0
100
AcDbLine
 62
7
  6
CONTINUOUS
 10
212.8177854862
 20
239.7785014078
 11
214.2177854862
 21
239.7785014078
  0
LINE
  5
AE6
100
AcDbEntity
  8
RUNDUNGEN
100
AcDbLine
 62
7
  6
CONTINUOUS
 10
209.446839664
 20
237.4404905604
 11
205.4071521696
 21
237.6008530855
  0
LINE
  5
AE7
100
AcDbEntity
  8
0
100
AcDbLine
 62
7
  6
CONTINUOUS
 10
195.9071521696
 20
248.5476721081
 11
195.9071521696
 21
186.5476721081
  0
LINE
  5
AE8
100
AcDbEntity
  8
0
100
AcDbLine
 62
7
  6
CONTINUOUS
 10
196.4071521696
 20
257.2408378448
 11
196.4071521696
 21
176.4062079553
  0
LINE
  5
AE9
100
AcDbEntity
  8
0
100
AcDbLine
 62
9
  6
CONTINUOUS
 10
196.4071521696
 20
241.5476721081
 11
195.9071521696
 21
241.5476721081
  0
LINE
  5
AEA
100
AcDbEntity
  8
FASEN
100
AcDbLine
 62
9
  6
CONTINUOUS
 10
195.9071521709
 20
241.5476722654
 11
183.9071521696
 21
241.5476721081
  0
LINE
  5
AEB
100
AcDbEntity
  8
RUNDUNGEN
100
AcDbLine
 62
9
  6
CONTINUOUS
 10
201.4071521696
 20
241.5476721081
 11
205.4071521696
 21
241.5476721081
  0
LINE
  5
AEC
100
AcDbEntity
  8
BEZUGSACHSEN
100
AcDbLine
 62
7
  6
CONTINUOUS
 10
183.9071521696
 20
242.0476721081
 11
163.5071521696
 21
242.0476721081
  0
LINE
  5
AED
100
AcDbEntity
  8
BEZUGSACHSEN
100
AcDbLine
 62
7
  6
CONTINUOUS
 10
160.3071521696
 20
242.0476721081
 11
157.3071521696
 21
242.0476721081
  0
LINE
  5
AEE
100
AcDbEntity
  8
0
100
AcDbLine
 62
9
  6
CONTINUOUS
 10
212.8177854862
 20
243.7785014078
 11
214.2177854862
 21
243.7785014078
  0
LINE
  5
AEF
100
AcDbEntity
  8
0
100
AcDbLine
 62
7
  6
CONTINUOUS
 10
201.4071521696
 20
257.2408378448
 11
201.4071521696
 21
176.4062079553
  0
LINE
  5
AF0
100
AcDbEntity
  8
0
100
AcDbLine
 62
9
  6
CONTINUOUS
 10
212.8177854862
 20
245.410898382
 11
214.2177854862
 21
245.410898382
  0
LINE
  5
AF1
100
AcDbEntity
  8
0
100
AcDbLine
 62
7
  6
CONTINUOUS
 10
163.5071521696
 20
245.6476721081
 11
160.3071521696
 21
245.6476721081
  0
LINE
  5
AF2
100
AcDbEntity
  8
0
100
AcDbLine
 62
7
  6
CONTINUOUS
 10
194.9071521696
 20
246.9476721081
 11
183.9071521696
 21
246.9476721081
  0
LINE
  5
AF3
100
AcDbEntity
  8
0
100
AcDbLine
 62
7
  6
CONTINUOUS
 10
196.4071521696
 20
248.5476721081
 11
195.9071521696
 21
248.5476721081
  0
LINE
  5
AF4
100
AcDbEntity
  8
RUNDUNGEN
100
AcDbLine
 62
9
  6
CONTINUOUS
 10
204.635071767
 20
248.4349506719
 11
204.635071767
 21
186.6603935443
  0
LINE
  5
AF5
100
AcDbEntity
  8
RUNDUNGEN
100
AcDbLine
 62
7
  6
CONTINUOUS
 10
205.4071521696
 20
247.6354380103
 11
205.4071521696
 21
187.4599062059
  0
LINE
  5
AF6
100
AcDbEntity
  8
FASEN
100
AcDbLine
 62
7
  6
CONTINUOUS
 10
191.7871521696
 20
188.9476721081
 11
191.3871521696
 21
188.5476721081
  0
LINE
  5
AF7
100
AcDbEntity
  8
FASEN
100
AcDbLine
 62
7
  6
CONTINUOUS
 10
195.9071521696
 20
188.5476721081
 11
194.9071521696
 21
188.1476721081
  0
LINE
  5
AF8
100
AcDbEntity
  8
0
100
AcDbLine
 62
9
  6
CONTINUOUS
 10
212.8177854862
 20
249.1189976255
 11
213.4177854862
 21
249.1189976255
  0
LINE
  5
AF9
100
AcDbEntity
  8
0
100
AcDbLine
 62
7
  6
CONTINUOUS
 10
212.8177854862
 20
250.5785014078
 11
213.4177854862
 21
250.5785014078
  0
LINE
  5
AFA
100
AcDbEntity
  8
AUSFORMSCHRAEGEN
100
AcDbLine
 62
7
  6
CONTINUOUS
 10
201.4071521696
 20
248.5476721081
 11
204.635071767
 21
248.4349506719
  0
LINE
  5
AFB
100
AcDbEntity
  8
RUNDUNGEN
100
AcDbLine
 62
7
  6
CONTINUOUS
 10
201.4071521696
 20
248.5476721081
 11
204.635071767
 21
248.4349506719
  0
LINE
  5
AFC
100
AcDbEntity
  8
RUNDUNGEN
100
AcDbLine
 62
9
  6
CONTINUOUS
 10
209.4420516663
 20
194.0885739033
 11
209.4420516663
 21
237.2819881826
  0
LINE
  5
AFD
100
AcDbEntity
  8
RUNDUNGEN
100
AcDbLine
 62
7
  6
CONTINUOUS
 10
210.4071521696
 20
195.0879647304
 11
210.4071521696
 21
236.4441935315
  0
LINE
  5
AFE
100
AcDbEntity
  8
FASEN
100
AcDbLine
 62
7
  6
CONTINUOUS
 10
195.9071521696
 20
246.5476721081
 11
194.9071521696
 21
246.9476721081
  0
LINE
  5
AFF
100
AcDbEntity
  8
0
100
AcDbLine
 62
9
  6
CONTINUOUS
 10
211.8177854862
 20
239.1093916753
 11
211.8177854862
 21
237.1785014078
  0
LINE
  5
B00
100
AcDbEntity
  8
0
100
AcDbLine
 62
7
  6
CONTINUOUS
 10
212.8177854862
 20
250.5785014078
 11
212.8177854862
 21
239.7785014078
  0
LINE
  5
B01
100
AcDbEntity
  8
0
100
AcDbLine
 62
7
  6
CONTINUOUS
 10
213.4177854862
 20
250.5785014078
 11
213.4177854862
 21
243.7785014078
  0
LINE
  5
B02
100
AcDbEntity
  8
0
100
AcDbLine
 62
7
  6
CONTINUOUS
 10
214.2177854862
 20
239.7785014078
 11
214.2177854862
 21
249.7595683904
  0
LINE
  5
B03
100
AcDbEntity
  8
0
100
AcDbLine
 62
7
  6
CONTINUOUS
 10
201.4071521696
 20
257.2417416275
 11
196.4071521696
 21
257.2417416275
  0
LINE
  5
B04
100
AcDbEntity
  8
0
100
AcDbLine
 62
9
  6
CONTINUOUS
 10
213.4177854862
 20
249.1189976255
 11
214.2177854862
 21
248.3773777768
  0
LINE
  5
B05
100
AcDbEntity
  8
0
100
AcDbLine
 62
7
  6
CONTINUOUS
 10
213.4177854862
 20
250.5785014078
 11
214.0871344612
 21
249.9091524328
  0
LINE
  5
B06
100
AcDbEntity
  8
0
100
AcDbLine
 62
7
  6
CONTINUOUS
 10
284.2901871122
 20
186.5476721081
 11
246.2901871122
 21
186.5476721081
  0
LINE
  5
B07
100
AcDbEntity
  8
FASEN
100
AcDbLine
 62
7
  6
CONTINUOUS
 10
253.6301871122
 20
188.9476721081
 11
254.0301871122
 21
188.5476721081
  0
LINE
  5
B08
100
AcDbEntity
  8
0
100
AcDbLine
 62
7
  6
CONTINUOUS
 10
239.2901871122
 20
193.5476721081
 11
239.2901871122
 21
198.7476721081
  0
LINE
  5
B09
100
AcDbEntity
  8
0
100
AcDbLine
 62
7
  6
CONTINUOUS
 10
239.2901871122
 20
202.7476721081
 11
239.2901871122
 21
241.5476721081
  0
LINE
  5
B0A
100
AcDbEntity
  8
0
100
AcDbLine
 62
7
  6
CONTINUOUS
 10
239.7901871122
 20
245.6476721081
 11
239.7901871122
 21
191.0476721081
  0
LINE
  5
B0B
100
AcDbEntity
  8
FASEN
100
AcDbLine
 62
7
  6
CONTINUOUS
 10
276.5501871122
 20
188.5476721081
 11
274.3501871122
 21
188.5476721081
  0
LINE
  5
B0C
100
AcDbEntity
  8
FASEN
100
AcDbLine
 62
7
  6
CONTINUOUS
 10
256.2301871122
 20
188.5476721081
 11
254.0301871122
 21
188.5476721081
  0
LINE
  5
B0D
100
AcDbEntity
  8
FASEN
100
AcDbLine
 62
7
  6
CONTINUOUS
 10
276.9501871122
 20
188.9476721081
 11
273.9501871122
 21
188.9476721081
  0
LINE
  5
B0E
100
AcDbEntity
  8
FASEN
100
AcDbLine
 62
7
  6
CONTINUOUS
 10
256.6301871122
 20
188.9476721081
 11
253.6301871122
 21
188.9476721081
  0
LINE
  5
B0F
100
AcDbEntity
  8
0
100
AcDbLine
 62
7
  6
CONTINUOUS
 10
281.1901871122
 20
190.3676721081
 11
249.3901871122
 21
190.3676721081
  0
LINE
  5
B10
100
AcDbEntity
  8
0
100
AcDbLine
 62
7
  6
CONTINUOUS
 10
258.9401871122
 20
190.8676721081
 11
271.6401871122
 21
190.8676721081
  0
LINE
  5
B11
100
AcDbEntity
  8
0
100
AcDbLine
 62
7
  6
CONTINUOUS
 10
239.7901871122
 20
191.0476721081
 11
249.3901871122
 21
191.0476721081
  0
LINE
  5
B12
100
AcDbEntity
  8
0
100
AcDbLine
 62
7
  6
CONTINUOUS
 10
281.1901871122
 20
191.0476721081
 11
290.7901871122
 21
191.0476721081
  0
LINE
  5
B13
100
AcDbEntity
  8
0
100
AcDbLine
 62
7
  6
CONTINUOUS
 10
271.6401871122
 20
191.5676721081
 11
269.3401871122
 21
191.5676721081
  0
LINE
  5
B14
100
AcDbEntity
  8
0
100
AcDbLine
 62
7
  6
CONTINUOUS
 10
258.9401871122
 20
191.5676721081
 11
261.2401871122
 21
191.5676721081
  0
LINE
  5
B15
100
AcDbEntity
  8
0
100
AcDbLine
 62
7
  6
CONTINUOUS
 10
271.6401871122
 20
193.0676721081
 11
269.3401871122
 21
193.0676721081
  0
LINE
  5
B16
100
AcDbEntity
  8
0
100
AcDbLine
 62
7
  6
CONTINUOUS
 10
258.9401871122
 20
193.0676721081
 11
261.2401871122
 21
193.0676721081
  0
LINE
  5
B17
100
AcDbEntity
  8
0
100
AcDbLine
 62
7
  6
CONTINUOUS
 10
258.9401871122
 20
193.3676721081
 11
271.6401871122
 21
193.3676721081
  0
LINE
  5
B18
100
AcDbEntity
  8
0
100
AcDbLine
 62
7
  6
CONTINUOUS
 10
253.3052432831
 20
239.1033658749
 11
253.2785492857
 21
239.0081568506
  0
LINE
  5
B19
100
AcDbEntity
  8
0
100
AcDbLine
 62
7
  6
CONTINUOUS
 10
253.5401871122
 20
197.6676721081
 11
258.9401871122
 21
197.6676721081
  0
LINE
  5
B1A
100
AcDbEntity
  8
0
100
AcDbLine
 62
7
  6
CONTINUOUS
 10
271.6401871122
 20
197.6676721081
 11
277.0401871122
 21
197.6676721081
  0
LINE
  5
B1B
100
AcDbEntity
  8
0
100
AcDbLine
 62
7
  6
CONTINUOUS
 10
239.2901871122
 20
198.7476721081
 11
239.7901871122
 21
198.7476721081
  0
LINE
  5
B1C
100
AcDbEntity
  8
0
100
AcDbLine
 62
7
  6
CONTINUOUS
 10
249.3901871122
 20
190.3676721081
 11
249.3901871122
 21
216.7676721081
  0
LINE
  5
B1D
100
AcDbEntity
  8
0
100
AcDbLine
 62
7
  6
CONTINUOUS
 10
271.6401871122
 20
201.8676721081
 11
258.9401871122
 21
201.8676721081
  0
LINE
  5
B1E
100
AcDbEntity
  8
0
100
AcDbLine
 62
7
  6
CONTINUOUS
 10
278.2901871122
 20
202.2676721081
 11
275.9901871122
 21
202.2676721081
  0
LINE
  5
B1F
100
AcDbEntity
  8
0
100
AcDbLine
 62
7
  6
CONTINUOUS
 10
254.5901871122
 20
202.2676721081
 11
252.2901871122
 21
202.2676721081
  0
LINE
  5
B20
100
AcDbEntity
  8
0
100
AcDbLine
 62
7
  6
CONTINUOUS
 10
239.2901871122
 20
202.7476721081
 11
239.7901871122
 21
202.7476721081
  0
LINE
  5
B21
100
AcDbEntity
  8
FASEN
100
AcDbLine
 62
7
  6
CONTINUOUS
 10
273.9501871122
 20
188.9476721081
 11
274.3501871122
 21
188.5476721081
  0
LINE
  5
B22
100
AcDbEntity
  8
0
100
AcDbLine
 62
9
  6
CONTINUOUS
 10
252.2901871122
 20
202.2676721081
 11
252.2901871122
 21
206.7676721081
  0
LINE
  5
B23
100
AcDbEntity
  8
0
100
AcDbLine
 62
7
  6
CONTINUOUS
 10
253.5401871122
 20
211.3676721081
 11
253.5401871122
 21
206.7676721081
  0
LINE
  5
B24
100
AcDbEntity
  8
0
100
AcDbLine
 62
9
  6
CONTINUOUS
 10
253.5401871122
 20
206.7676721081
 11
253.5401871122
 21
202.2676721081
  0
LINE
  5
B25
100
AcDbEntity
  8
0
100
AcDbLine
 62
7
  6
CONTINUOUS
 10
253.5401871122
 20
202.2676721081
 11
253.5401871122
 21
197.6676721081
  0
LINE
  5
B26
100
AcDbEntity
  8
BEZUGSACHSEN
100
AcDbLine
 62
7
  6
CONTINUOUS
 10
253.6301871122
 20
190.3676721081
 11
253.6301871122
 21
188.9476721081
  0
LINE
  5
B27
100
AcDbEntity
  8
0
100
AcDbLine
 62
7
  6
CONTINUOUS
 10
254.5901871122
 20
206.7676721081
 11
254.5901871122
 21
202.2676721081
  0
LINE
  5
B28
100
AcDbEntity
  8
0
100
AcDbLine
 62
7
  6
CONTINUOUS
 10
282.3262570245
 20
203.3476721081
 11
281.1901871122
 21
203.3476721081
  0
LINE
  5
B29
100
AcDbEntity
  8
0
100
AcDbLine
 62
7
  6
CONTINUOUS
 10
255.9001871122
 20
203.3676721081
 11
256.9001871122
 21
203.3676721081
  0
LINE
  5
B2A
100
AcDbEntity
  8
0
100
AcDbLine
 62
7
  6
CONTINUOUS
 10
258.4401871122
 20
203.3676721081
 11
259.4401871122
 21
203.3676721081
  0
LINE
  5
B2B
100
AcDbEntity
  8
0
100
AcDbLine
 62
7
  6
CONTINUOUS
 10
260.9801871122
 20
203.3676721081
 11
261.9801871122
 21
203.3676721081
  0
LINE
  5
B2C
100
AcDbEntity
  8
0
100
AcDbLine
 62
7
  6
CONTINUOUS
 10
263.5201871122
 20
203.3676721081
 11
264.5201871122
 21
203.3676721081
  0
LINE
  5
B2D
100
AcDbEntity
  8
0
100
AcDbLine
 62
7
  6
CONTINUOUS
 10
266.0601871122
 20
203.3676721081
 11
267.0601871122
 21
203.3676721081
  0
LINE
  5
B2E
100
AcDbEntity
  8
0
100
AcDbLine
 62
7
  6
CONTINUOUS
 10
268.6001871122
 20
203.3676721081
 11
269.6001871122
 21
203.3676721081
  0
LINE
  5
B2F
100
AcDbEntity
  8
0
100
AcDbLine
 62
7
  6
CONTINUOUS
 10
271.1401871122
 20
203.3676721081
 11
272.1401871122
 21
203.3676721081
  0
LINE
  5
B30
100
AcDbEntity
  8
0
100
AcDbLine
 62
7
  6
CONTINUOUS
 10
273.6801871122
 20
203.3676721081
 11
274.6801871122
 21
203.3676721081
  0
LINE
  5
B31
100
AcDbEntity
  8
0
100
AcDbLine
 62
7
  6
CONTINUOUS
 10
255.9001871122
 20
203.3676721081
 11
255.9001871122
 21
211.3676721081
  0
LINE
  5
B32
100
AcDbEntity
  8
0
100
AcDbLine
 62
7
  6
CONTINUOUS
 10
255.9101871122
 20
227.1476721081
 11
255.9101871122
 21
226.5476721081
  0
LINE
  5
B33
100
AcDbEntity
  8
BEZUGSACHSEN
100
AcDbLine
 62
7
  6
CONTINUOUS
 10
256.6301871122
 20
190.3676721081
 11
256.6301871122
 21
188.9476721081
  0
LINE
  5
B34
100
AcDbEntity
  8
0
100
AcDbLine
 62
7
  6
CONTINUOUS
 10
256.9001871122
 20
203.3676721081
 11
256.9001871122
 21
211.3676721081
  0
LINE
  5
B35
100
AcDbEntity
  8
0
100
AcDbLine
 62
7
  6
CONTINUOUS
 10
256.9101871122
 20
227.1476721081
 11
256.9101871122
 21
226.5476721081
  0
LINE
  5
B36
100
AcDbEntity
  8
0
100
AcDbLine
 62
7
  6
CONTINUOUS
 10
258.4401871122
 20
222.2005898748
 11
258.4401871122
 21
221.4276721081
  0
LINE
  5
B37
100
AcDbEntity
  8
0
100
AcDbLine
 62
7
  6
CONTINUOUS
 10
258.4401871122
 20
203.3676721081
 11
258.4401871122
 21
211.3676721081
  0
LINE
  5
B38
100
AcDbEntity
  8
0
100
AcDbLine
 62
3
  6
CONTINUOUS
 10
258.6901871122
 20
221.4276721081
 11
258.6901871122
 21
221.0051060367
  0
LINE
  5
B39
100
AcDbEntity
  8
RUNDUNGEN
100
AcDbLine
 62
7
  6
CONTINUOUS
 10
258.7901871122
 20
220.9812502717
 11
258.7901871122
 21
221.4276721081
  0
LINE
  5
B3A
100
AcDbEntity
  8
0
100
AcDbLine
 62
7
  6
CONTINUOUS
 10
258.9401871122
 20
190.8676721081
 11
258.9401871122
 21
201.8676721081
  0
LINE
  5
B3B
100
AcDbEntity
  8
0
100
AcDbLine
 62
7
  6
CONTINUOUS
 10
259.4401871122
 20
222.1533628965
 11
259.4401871122
 21
221.4276721081
  0
LINE
  5
B3C
100
AcDbEntity
  8
0
100
AcDbLine
 62
7
  6
CONTINUOUS
 10
259.4401871122
 20
203.3676721081
 11
259.4401871122
 21
211.3676721081
  0
LINE
  5
B3D
100
AcDbEntity
  8
0
100
AcDbLine
 62
7
  6
CONTINUOUS
 10
259.515449333
 20
222.2963184065
 11
259.515449333
 21
221.8575061855
  0
LINE
  5
B3E
100
AcDbEntity
  8
0
100
AcDbLine
 62
7
  6
CONTINUOUS
 10
258.5475578309
 20
222.4683931871
 11
258.487619956
 21
222.2963184065
  0
LINE
  5
B3F
100
AcDbEntity
  8
0
100
AcDbLine
 62
3
  6
CONTINUOUS
 10
259.515449333
 20
221.8575061855
 11
259.622329265
 21
222.1643462412
  0
LINE
  5
B40
100
AcDbEntity
  8
0
100
AcDbLine
 62
7
  6
CONTINUOUS
 10
252.2901871122
 20
206.7676721081
 11
254.5901871122
 21
206.7676721081
  0
LINE
  5
B41
100
AcDbEntity
  8
0
100
AcDbLine
 62
7
  6
CONTINUOUS
 10
275.9901871122
 20
206.7676721081
 11
278.2901871122
 21
206.7676721081
  0
LINE
  5
B42
100
AcDbEntity
  8
0
100
AcDbLine
 62
7
  6
CONTINUOUS
 10
259.6901871122
 20
236.2859927088
 11
259.6901871122
 21
235.4476721081
  0
LINE
  5
B43
100
AcDbEntity
  8
0
100
AcDbLine
 62
7
  6
CONTINUOUS
 10
259.6901871122
 20
238.8281659656
 11
259.6901871122
 21
239.2363788469
  0
LINE
  5
B44
100
AcDbEntity
  8
0
100
AcDbLine
 62
7
  6
CONTINUOUS
 10
260.7901871122
 20
226.5476721081
 11
260.7901871122
 21
226.4311196438
  0
LINE
  5
B45
100
AcDbEntity
  8
0
100
AcDbLine
 62
7
  6
CONTINUOUS
 10
260.9801871122
 20
203.3676721081
 11
260.9801871122
 21
211.3676721081
  0
LINE
  5
B46
100
AcDbEntity
  8
0
100
AcDbLine
 62
7
  6
CONTINUOUS
 10
260.9901871122
 20
227.1476721081
 11
260.9901871122
 21
226.5476721081
  0
LINE
  5
B47
100
AcDbEntity
  8
0
100
AcDbLine
 62
7
  6
CONTINUOUS
 10
261.2401871122
 20
193.0676721081
 11
261.2401871122
 21
190.8676721081
  0
LINE
  5
B48
100
AcDbEntity
  8
0
100
AcDbLine
 62
7
  6
CONTINUOUS
 10
261.7901871122
 20
226.5476721081
 11
261.7901871122
 21
226.1170987696
  0
LINE
  5
B49
100
AcDbEntity
  8
0
100
AcDbLine
 62
3
  6
CONTINUOUS
 10
261.8901871122
 20
226.1697779441
 11
261.8901871122
 21
226.5476721081
  0
LINE
  5
B4A
100
AcDbEntity
  8
0
100
AcDbLine
 62
7
  6
CONTINUOUS
 10
261.9801871122
 20
203.3676721081
 11
261.9801871122
 21
211.3676721081
  0
LINE
  5
B4B
100
AcDbEntity
  8
0
100
AcDbLine
 62
7
  6
CONTINUOUS
 10
261.9901871122
 20
227.1476721081
 11
261.9901871122
 21
226.5476721081
  0
LINE
  5
B4C
100
AcDbEntity
  8
RUNDUNGEN
100
AcDbLine
 62
7
  6
CONTINUOUS
 10
262.2901871122
 20
235.4476721081
 11
262.2901871122
 21
236.4987653079
  0
LINE
  5
B4D
100
AcDbEntity
  8
RUNDUNGEN
100
AcDbLine
 62
9
  6
CONTINUOUS
 10
262.5533790549
 20
236.2724737443
 11
262.5533790549
 21
236.786703832
  0
LINE
  5
B4E
100
AcDbEntity
  8
0
100
AcDbLine
 62
9
  6
CONTINUOUS
 10
274.6801871122
 20
210.6950667051
 11
273.6801871122
 21
210.6950667051
  0
LINE
  5
B4F
100
AcDbEntity
  8
0
100
AcDbLine
 62
9
  6
CONTINUOUS
 10
272.1401871122
 20
210.6950667051
 11
271.1401871122
 21
210.6950667051
  0
LINE
  5
B50
100
AcDbEntity
  8
0
100
AcDbLine
 62
9
  6
CONTINUOUS
 10
269.6001871122
 20
210.6950667051
 11
268.6001871122
 21
210.6950667051
  0
LINE
  5
B51
100
AcDbEntity
  8
0
100
AcDbLine
 62
9
  6
CONTINUOUS
 10
267.0601871122
 20
210.6950667051
 11
266.0601871122
 21
210.6950667051
  0
LINE
  5
B52
100
AcDbEntity
  8
0
100
AcDbLine
 62
9
  6
CONTINUOUS
 10
264.5201871122
 20
210.6950667051
 11
263.5201871122
 21
210.6950667051
  0
LINE
  5
B53
100
AcDbEntity
  8
0
100
AcDbLine
 62
9
  6
CONTINUOUS
 10
261.9801871122
 20
210.6950667051
 11
260.9801871122
 21
210.6950667051
  0
LINE
  5
B54
100
AcDbEntity
  8
0
100
AcDbLine
 62
9
  6
CONTINUOUS
 10
259.4401871122
 20
210.6950667051
 11
258.4401871122
 21
210.6950667051
  0
LINE
  5
B55
100
AcDbEntity
  8
0
100
AcDbLine
 62
9
  6
CONTINUOUS
 10
256.9001871122
 20
210.6950667051
 11
255.9001871122
 21
210.6950667051
  0
LINE
  5
B56
100
AcDbEntity
  8
0
100
AcDbLine
 62
7
  6
CONTINUOUS
 10
253.5401871122
 20
211.3676721081
 11
277.0401871122
 21
211.3676721081
  0
LINE
  5
B57
100
AcDbEntity
  8
0
100
AcDbLine
 62
7
  6
CONTINUOUS
 10
263.4860880826
 20
237.6294676952
 11
263.4883641929
 21
237.431312817
  0
LINE
  5
B58
100
AcDbEntity
  8
0
100
AcDbLine
 62
7
  6
CONTINUOUS
 10
263.4883641929
 20
237.431312817
 11
263.4897989472
 21
237.1803498479
  0
LINE
  5
B59
100
AcDbEntity
  8
0
100
AcDbLine
 62
7
  6
CONTINUOUS
 10
263.4897989472
 20
237.1803498479
 11
263.4900892455
 21
237.0430607797
  0
LINE
  5
B5A
100
AcDbEntity
  8
RUNDUNGEN
100
AcDbLine
 62
9
  6
CONTINUOUS
 10
263.4239098472
 20
237.0294229428
 11
263.4239098472
 21
236.515192855
  0
LINE
  5
B5B
100
AcDbEntity
  8
0
100
AcDbLine
 62
7
  6
CONTINUOUS
 10
263.5201871122
 20
203.3676721081
 11
263.5201871122
 21
211.3676721081
  0
LINE
  5
B5C
100
AcDbEntity
  8
0
100
AcDbLine
 62
7
  6
CONTINUOUS
 10
263.5201871122
 20
221.4276721081
 11
263.5201871122
 21
222.1622242227
  0
LINE
  5
B5D
100
AcDbEntity
  8
RUNDUNGEN
100
AcDbLine
 62
9
  6
CONTINUOUS
 10
263.5607179045
 20
237.0479021958
 11
263.5607179045
 21
236.5336721081
  0
LINE
  5
B5E
100
AcDbEntity
  8
4171
100
AcDbLine
 62
9
  6
CONTINUOUS
 10
263.6901871122
 20
235.4476721081
 11
263.6901871122
 21
236.5336721081
  0
LINE
  5
B5F
100
AcDbEntity
  8
RUNDUNGEN
100
AcDbLine
 62
7
  6
CONTINUOUS
 10
263.7901871122
 20
221.0003348837
 11
263.7901871122
 21
221.4276721081
  0
LINE
  5
B60
100
AcDbEntity
  8
RUNDUNGEN
100
AcDbLine
 62
7
  6
CONTINUOUS
 10
263.7901871122
 20
239.4774868338
 11
263.7901871122
 21
239.8947010154
  0
LINE
  5
B61
100
AcDbEntity
  8
0
100
AcDbLine
 62
3
  6
CONTINUOUS
 10
263.8901871122
 20
221.4276721081
 11
263.8901871122
 21
220.9772900472
  0
LINE
  5
B62
100
AcDbEntity
  8
4171
100
AcDbLine
 62
9
  6
CONTINUOUS
 10
263.983957604
 20
235.4476721081
 11
263.983957604
 21
236.451058094
  0
LINE
  5
B63
100
AcDbEntity
  8
0
100
AcDbLine
 62
7
  6
CONTINUOUS
 10
264.5201871122
 20
203.3676721081
 11
264.5201871122
 21
211.3676721081
  0
LINE
  5
B64
100
AcDbEntity
  8
0
100
AcDbLine
 62
7
  6
CONTINUOUS
 10
264.5201871122
 20
221.4276721081
 11
264.5201871122
 21
222.1533628965
  0
LINE
  5
B65
100
AcDbEntity
  8
0
100
AcDbLine
 62
9
  6
CONTINUOUS
 10
264.5349951609
 20
222.2963184065
 11
264.5349951609
 21
221.8575061855
  0
LINE
  5
B66
100
AcDbEntity
  8
0
100
AcDbLine
 62
3
  6
CONTINUOUS
 10
264.6901871122
 20
222.1842245724
 11
264.6901871122
 21
221.3511196438
  0
LINE
  5
B67
100
AcDbEntity
  8
RUNDUNGEN
100
AcDbLine
 62
7
  6
CONTINUOUS
 10
264.7901871122
 20
221.6004156311
 11
264.7901871122
 21
221.934928585
  0
LINE
  5
B68
100
AcDbEntity
  8
DEFAULT_1
100
AcDbLine
 62
7
  6
CENTER
 10
265.2901871122
 20
217.5476721081
 11
265.2901871122
 21
175.1610610543
  0
LINE
  5
B69
100
AcDbEntity
  8
DEFAULT_1
100
AcDbLine
 62
7
  6
CENTER
 10
265.2901871122
 20
217.5476721081
 11
265.2901871122
 21
259.9342831619
  0
LINE
  5
B6A
100
AcDbEntity
  8
0
100
AcDbLine
 62
3
  6
CONTINUOUS
 10
265.8901871122
 20
226.3983769638
 11
265.8901871122
 21
226.5476721081
  0
LINE
  5
B6B
100
AcDbEntity
  8
0
100
AcDbLine
 62
7
  6
CONTINUOUS
 10
266.0601871122
 20
203.3676721081
 11
266.0601871122
 21
211.3676721081
  0
LINE
  5
B6C
100
AcDbEntity
  8
0
100
AcDbLine
 62
7
  6
CONTINUOUS
 10
266.0701871122
 20
227.1476721081
 11
266.0701871122
 21
226.5476721081
  0
LINE
  5
B6D
100
AcDbEntity
  8
4171
100
AcDbLine
 62
9
  6
CONTINUOUS
 10
266.5964166204
 20
235.4476721081
 11
266.5964166204
 21
236.451058094
  0
LINE
  5
B6E
100
AcDbEntity
  8
0
100
AcDbLine
 62
3
  6
CONTINUOUS
 10
266.6901871122
 20
226.0612502717
 11
266.6901871122
 21
226.5476721081
  0
LINE
  5
B6F
100
AcDbEntity
  8
0
100
AcDbLine
 62
7
  6
CONTINUOUS
 10
266.7901871122
 20
226.5476721081
 11
266.7901871122
 21
226.0851060367
  0
LINE
  5
B70
100
AcDbEntity
  8
RUNDUNGEN
100
AcDbLine
 62
7
  6
CONTINUOUS
 10
266.7901871122
 20
239.4774868338
 11
266.7901871122
 21
239.8947010154
  0
LINE
  5
B71
100
AcDbEntity
  8
0
100
AcDbLine
 62
7
  6
CONTINUOUS
 10
263.542119773
 20
222.4162056094
 11
263.5339034453
 21
222.2963184065
  0
LINE
  5
B72
100
AcDbEntity
  8
0
100
AcDbLine
 62
7
  6
CONTINUOUS
 10
264.5349951609
 20
222.2963184065
 11
264.5396440577
 21
222.3641520243
  0
LINE
  5
B73
100
AcDbEntity
  8
0
100
AcDbLine
 62
3
  6
CONTINUOUS
 10
264.5349951609
 20
221.8575061855
 11
264.5680499884
 21
222.3398203014
  0
LINE
  5
B74
100
AcDbEntity
  8
RUNDUNGEN
100
AcDbLine
 62
9
  6
CONTINUOUS
 10
271.6862433716
 20
236.680774288
 11
272.1888291972
 21
237.9890613386
  0
LINE
  5
B75
100
AcDbEntity
  8
RUNDUNGEN
100
AcDbLine
 62
9
  6
CONTINUOUS
 10
272.6718064423
 20
236.3270596729
 11
273.1772864561
 21
237.6326213384
  0
LINE
  5
B76
100
AcDbEntity
  8
RUNDUNGEN
100
AcDbLine
 62
7
  6
CONTINUOUS
 10
272.7767492882
 20
236.2859927088
 11
273.290532967
 21
237.588308466
  0
LINE
  5
B77
100
AcDbEntity
  8
RUNDUNGEN
100
AcDbLine
 62
9
  6
CONTINUOUS
 10
271.9443004349
 20
236.5936540643
 11
272.4669661203
 21
237.8941880811
  0
LINE
  5
B78
100
AcDbEntity
  8
0
100
AcDbLine
 62
7
  6
CONTINUOUS
 10
273.5867857903
 20
237.928689482
 11
272.9180853213
 21
236.2859927088
  0
LINE
  5
B79
100
AcDbEntity
  8
0
100
AcDbLine
 62
7
  6
CONTINUOUS
 10
249.3901871122
 20
216.7676721081
 11
281.1901871122
 21
216.7676721081
  0
LINE
  5
B7A
100
AcDbEntity
  8
0
100
AcDbLine
 62
7
  6
CONTINUOUS
 10
257.6622889031
 20
236.2859927088
 11
256.9935884341
 21
237.928689482
  0
LINE
  5
B7B
100
AcDbEntity
  8
RUNDUNGEN
100
AcDbLine
 62
9
  6
CONTINUOUS
 10
258.1134080452
 20
237.8941880606
 11
258.6360737633
 21
236.5936540553
  0
LINE
  5
B7C
100
AcDbEntity
  8
RUNDUNGEN
100
AcDbLine
 62
7
  6
CONTINUOUS
 10
257.2898412574
 20
237.588308466
 11
257.8036249362
 21
236.2859927088
  0
LINE
  5
B7D
100
AcDbEntity
  8
RUNDUNGEN
100
AcDbLine
 62
9
  6
CONTINUOUS
 10
257.4030877683
 20
237.6326213384
 11
257.9085677821
 21
236.3270596729
  0
LINE
  5
B7E
100
AcDbEntity
  8
RUNDUNGEN
100
AcDbLine
 62
9
  6
CONTINUOUS
 10
258.3915451103
 20
237.9890613663
 11
258.8941308895
 21
236.6807743001
  0
LINE
  5
B7F
100
AcDbEntity
  8
4171
100
AcDbLine
 62
9
  6
CONTINUOUS
 10
266.8901871122
 20
235.4476721081
 11
266.8901871122
 21
236.5336721081
  0
LINE
  5
B80
100
AcDbEntity
  8
RUNDUNGEN
100
AcDbLine
 62
9
  6
CONTINUOUS
 10
267.0196563199
 20
236.5336721081
 11
267.0196563199
 21
237.0479021958
  0
LINE
  5
B81
100
AcDbEntity
  8
0
100
AcDbLine
 62
7
  6
CONTINUOUS
 10
267.0601871122
 20
203.3676721081
 11
267.0601871122
 21
211.3676721081
  0
LINE
  5
B82
100
AcDbEntity
  8
0
100
AcDbLine
 62
7
  6
CONTINUOUS
 10
267.0701871122
 20
227.1476721081
 11
267.0701871122
 21
226.5476721081
  0
LINE
  5
B83
100
AcDbEntity
  8
RUNDUNGEN
100
AcDbLine
 62
9
  6
CONTINUOUS
 10
267.1564643772
 20
236.515192855
 11
267.1564643772
 21
237.0294229428
  0
LINE
  5
B84
100
AcDbEntity
  8
RUNDUNGEN
100
AcDbLine
 62
9
  6
CONTINUOUS
 10
268.0269951695
 20
236.786703832
 11
268.0269951695
 21
236.2724737443
  0
LINE
  5
B85
100
AcDbEntity
  8
RUNDUNGEN
100
AcDbLine
 62
7
  6
CONTINUOUS
 10
268.2901871122
 20
235.4476721081
 11
268.2901871122
 21
236.4987653079
  0
LINE
  5
B86
100
AcDbEntity
  8
0
100
AcDbLine
 62
7
  6
CONTINUOUS
 10
268.5553987299
 20
222.2963184065
 11
268.5553987299
 21
221.8575061855
  0
LINE
  5
B87
100
AcDbEntity
  8
0
100
AcDbLine
 62
7
  6
CONTINUOUS
 10
268.6001871122
 20
203.3676721081
 11
268.6001871122
 21
211.3676721081
  0
LINE
  5
B88
100
AcDbEntity
  8
0
100
AcDbLine
 62
7
  6
CONTINUOUS
 10
268.6001871122
 20
221.4276721081
 11
268.6001871122
 21
222.1533628965
  0
LINE
  5
B89
100
AcDbEntity
  8
0
100
AcDbLine
 62
3
  6
CONTINUOUS
 10
268.6901871122
 20
221.4276721081
 11
268.6901871122
 21
221.0775614731
  0
LINE
  5
B8A
100
AcDbEntity
  8
RUNDUNGEN
100
AcDbLine
 62
7
  6
CONTINUOUS
 10
268.7901871122
 20
221.0287807671
 11
268.7901871122
 21
221.4276721081
  0
LINE
  5
B8B
100
AcDbEntity
  8
0
100
AcDbLine
 62
7
  6
CONTINUOUS
 10
269.3401871122
 20
190.8676721081
 11
269.3401871122
 21
193.0676721081
  0
LINE
  5
B8C
100
AcDbEntity
  8
0
100
AcDbLine
 62
7
  6
CONTINUOUS
 10
269.6001871122
 20
203.3676721081
 11
269.6001871122
 21
211.3676721081
  0
LINE
  5
B8D
100
AcDbEntity
  8
0
100
AcDbLine
 62
7
  6
CONTINUOUS
 10
269.6001871122
 20
221.4276721081
 11
269.6001871122
 21
222.1808898086
  0
LINE
  5
B8E
100
AcDbEntity
  8
RUNDUNGEN
100
AcDbLine
 62
7
  6
CONTINUOUS
 10
269.7901871122
 20
221.3838623238
 11
269.7901871122
 21
222.1514818924
  0
LINE
  5
B8F
100
AcDbEntity
  8
0
100
AcDbLine
 62
7
  6
CONTINUOUS
 10
267.0902936212
 20
237.0430594132
 11
267.091367896
 21
237.3457668631
  0
LINE
  5
B90
100
AcDbEntity
  8
0
100
AcDbLine
 62
7
  6
CONTINUOUS
 10
267.091367896
 20
237.3457668631
 11
267.0941264981
 21
237.6222952582
  0
LINE
  5
B91
100
AcDbEntity
  8
DEFAULT_1
100
AcDbLine
 62
7
  6
CENTER
 10
265.2901871122
 20
217.5476721081
 11
222.9035760584
 21
217.5476721081
  0
LINE
  5
B92
100
AcDbEntity
  8
DEFAULT_1
100
AcDbLine
 62
7
  6
CENTER
 10
265.2901871122
 20
217.5476721081
 11
307.676798166
 21
217.5476721081
  0
LINE
  5
B93
100
AcDbEntity
  8
0
100
AcDbLine
 62
3
  6
CONTINUOUS
 10
268.4700061138
 20
222.2694593607
 11
268.5553987299
 21
221.8575061855
  0
LINE
  5
B94
100
AcDbEntity
  8
0
100
AcDbLine
 62
7
  6
CONTINUOUS
 10
268.5442617606
 20
222.3500456498
 11
268.5553987299
 21
222.2963184065
  0
LINE
  5
B95
100
AcDbEntity
  8
0
100
AcDbLine
 62
7
  6
CONTINUOUS
 10
270.8901871122
 20
239.2363788469
 11
270.8901871122
 21
238.8281659656
  0
LINE
  5
B96
100
AcDbEntity
  8
0
100
AcDbLine
 62
7
  6
CONTINUOUS
 10
270.8901871122
 20
235.4476721081
 11
270.8901871122
 21
236.2859927088
  0
LINE
  5
B97
100
AcDbEntity
  8
0
100
AcDbLine
 62
7
  6
CONTINUOUS
 10
271.1401871122
 20
203.3676721081
 11
271.1401871122
 21
211.3676721081
  0
LINE
  5
B98
100
AcDbEntity
  8
0
100
AcDbLine
 62
7
  6
CONTINUOUS
 10
271.1501871122
 20
227.1476721081
 11
271.1501871122
 21
226.5476721081
  0
LINE
  5
B99
100
AcDbEntity
  8
0
100
AcDbLine
 62
7
  6
CONTINUOUS
 10
271.6401871122
 20
190.8676721081
 11
271.6401871122
 21
201.8676721081
  0
LINE
  5
B9A
100
AcDbEntity
  8
0
100
AcDbLine
 62
7
  6
CONTINUOUS
 10
271.7901871122
 20
226.0660214247
 11
271.7901871122
 21
226.5476721081
  0
LINE
  5
B9B
100
AcDbEntity
  8
0
100
AcDbLine
 62
7
  6
CONTINUOUS
 10
272.1401871122
 20
203.3676721081
 11
272.1401871122
 21
211.3676721081
  0
LINE
  5
B9C
100
AcDbEntity
  8
0
100
AcDbLine
 62
7
  6
CONTINUOUS
 10
272.1501871122
 20
227.1476721081
 11
272.1501871122
 21
226.5476721081
  0
LINE
  5
B9D
100
AcDbEntity
  8
0
100
AcDbLine
 62
7
  6
CONTINUOUS
 10
273.6407329144
 20
222.2963184065
 11
273.6407329144
 21
221.8575061855
  0
LINE
  5
B9E
100
AcDbEntity
  8
0
100
AcDbLine
 62
7
  6
CONTINUOUS
 10
273.6801871122
 20
203.3676721081
 11
273.6801871122
 21
211.3676721081
  0
LINE
  5
B9F
100
AcDbEntity
  8
0
100
AcDbLine
 62
7
  6
CONTINUOUS
 10
273.6801871122
 20
221.4276721081
 11
273.6801871122
 21
222.2386791929
  0
LINE
  5
BA0
100
AcDbEntity
  8
BEZUGSACHSEN
100
AcDbLine
 62
7
  6
CONTINUOUS
 10
273.9501871122
 20
190.3676721081
 11
273.9501871122
 21
188.9476721081
  0
LINE
  5
BA1
100
AcDbEntity
  8
0
100
AcDbLine
 62
3
  6
CONTINUOUS
 10
274.6801871122
 20
221.4276721081
 11
273.6801871122
 21
221.4276721081
  0
LINE
  5
BA2
100
AcDbEntity
  8
0
100
AcDbLine
 62
3
  6
CONTINUOUS
 10
269.6001871122
 20
221.4276721081
 11
268.6001871122
 21
221.4276721081
  0
LINE
  5
BA3
100
AcDbEntity
  8
0
100
AcDbLine
 62
3
  6
CONTINUOUS
 10
264.5201871122
 20
221.4276721081
 11
263.5201871122
 21
221.4276721081
  0
LINE
  5
BA4
100
AcDbEntity
  8
0
100
AcDbLine
 62
3
  6
CONTINUOUS
 10
258.4401871122
 20
221.4276721081
 11
259.4401871122
 21
221.4276721081
  0
LINE
  5
BA5
100
AcDbEntity
  8
0
100
AcDbLine
 62
7
  6
CONTINUOUS
 10
274.6801871122
 20
222.0276721081
 11
273.6801871122
 21
222.0276721081
  0
LINE
  5
BA6
100
AcDbEntity
  8
0
100
AcDbLine
 62
7
  6
CONTINUOUS
 10
269.6001871122
 20
222.0276721081
 11
268.6001871122
 21
222.0276721081
  0
LINE
  5
BA7
100
AcDbEntity
  8
0
100
AcDbLine
 62
7
  6
CONTINUOUS
 10
264.5201871122
 20
222.0276721081
 11
263.5201871122
 21
222.0276721081
  0
LINE
  5
BA8
100
AcDbEntity
  8
0
100
AcDbLine
 62
7
  6
CONTINUOUS
 10
258.4401871122
 20
222.0276721081
 11
259.4401871122
 21
222.0276721081
  0
LINE
  5
BA9
100
AcDbEntity
  8
0
100
AcDbLine
 62
9
  6
CONTINUOUS
 10
274.6801871122
 20
222.2963184065
 11
273.6407329144
 21
222.2963184065
  0
LINE
  5
BAA
100
AcDbEntity
  8
0
100
AcDbLine
 62
9
  6
CONTINUOUS
 10
269.565341967
 20
222.2963184065
 11
268.5553987299
 21
222.2963184065
  0
LINE
  5
BAB
100
AcDbEntity
  8
0
100
AcDbLine
 62
9
  6
CONTINUOUS
 10
264.5349951609
 20
222.2963184065
 11
263.5339034453
 21
222.2963184065
  0
LINE
  5
BAC
100
AcDbEntity
  8
0
100
AcDbLine
 62
9
  6
CONTINUOUS
 10
259.515449333
 20
222.2963184065
 11
258.487619956
 21
222.2963184065
  0
LINE
  5
BAD
100
AcDbEntity
  8
0
100
AcDbLine
 62
7
  6
CONTINUOUS
 10
269.565341967
 20
222.2963184065
 11
269.5379156729
 21
222.4286290142
  0
LINE
  5
BAE
100
AcDbEntity
  8
0
100
AcDbLine
 62
7
  6
CONTINUOUS
 10
274.6801871122
 20
203.3676721081
 11
274.6801871122
 21
211.3676721081
  0
LINE
  5
BAF
100
AcDbEntity
  8
0
100
AcDbLine
 62
7
  6
CONTINUOUS
 10
274.6801871122
 20
221.4276721081
 11
274.6801871122
 21
222.3307819258
  0
LINE
  5
BB0
100
AcDbEntity
  8
0
100
AcDbLine
 62
7
  6
CONTINUOUS
 10
275.9901871122
 20
202.2676721081
 11
275.9901871122
 21
206.7676721081
  0
LINE
  5
BB1
100
AcDbEntity
  8
BEZUGSACHSEN
100
AcDbLine
 62
7
  6
CONTINUOUS
 10
276.9501871122
 20
190.3676721081
 11
276.9501871122
 21
188.9476721081
  0
LINE
  5
BB2
100
AcDbEntity
  8
0
100
AcDbLine
 62
9
  6
CONTINUOUS
 10
277.0401871122
 20
206.7676721081
 11
277.0401871122
 21
202.2676721081
  0
LINE
  5
BB3
100
AcDbEntity
  8
0
100
AcDbLine
 62
7
  6
CONTINUOUS
 10
277.0401871122
 20
197.6676721081
 11
277.0401871122
 21
202.2676721081
  0
LINE
  5
BB4
100
AcDbEntity
  8
0
100
AcDbLine
 62
7
  6
CONTINUOUS
 10
277.0401871122
 20
206.7676721081
 11
277.0401871122
 21
211.3676721081
  0
LINE
  5
BB5
100
AcDbEntity
  8
0
100
AcDbLine
 62
7
  6
CONTINUOUS
 10
277.0901871122
 20
242.1315959043
 11
277.0901871122
 21
242.0303577326
  0
LINE
  5
BB6
100
AcDbEntity
  8
0
100
AcDbLine
 62
3
  6
CONTINUOUS
 10
255.6512957712
 20
226.5476721081
 11
257.1290784532
 21
226.5476721081
  0
LINE
  5
BB7
100
AcDbEntity
  8
0
100
AcDbLine
 62
3
  6
CONTINUOUS
 10
260.7312957712
 20
226.5476721081
 11
262.2090784532
 21
226.5476721081
  0
LINE
  5
BB8
100
AcDbEntity
  8
0
100
AcDbLine
 62
3
  6
CONTINUOUS
 10
265.8112957712
 20
226.5476721081
 11
267.2890784532
 21
226.5476721081
  0
LINE
  5
BB9
100
AcDbEntity
  8
0
100
AcDbLine
 62
3
  6
CONTINUOUS
 10
270.8912957712
 20
226.5476721081
 11
272.3690784532
 21
226.5476721081
  0
LINE
  5
BBA
100
AcDbEntity
  8
0
100
AcDbLine
 62
7
  6
CONTINUOUS
 10
255.6512957712
 20
227.1476721081
 11
257.1290784532
 21
227.1476721081
  0
LINE
  5
BBB
100
AcDbEntity
  8
0
100
AcDbLine
 62
7
  6
CONTINUOUS
 10
260.7312957712
 20
227.1476721081
 11
262.2090784532
 21
227.1476721081
  0
LINE
  5
BBC
100
AcDbEntity
  8
0
100
AcDbLine
 62
7
  6
CONTINUOUS
 10
265.8112957712
 20
227.1476721081
 11
267.2890784532
 21
227.1476721081
  0
LINE
  5
BBD
100
AcDbEntity
  8
0
100
AcDbLine
 62
7
  6
CONTINUOUS
 10
270.8912957712
 20
227.1476721081
 11
272.3690784532
 21
227.1476721081
  0
LINE
  5
BBE
100
AcDbEntity
  8
0
100
AcDbLine
 62
3
  6
CONTINUOUS
 10
273.4830068077
 20
222.1724694517
 11
273.6407329144
 21
221.8575061855
  0
LINE
  5
BBF
100
AcDbEntity
  8
0
100
AcDbLine
 62
7
  6
CONTINUOUS
 10
273.6169597803
 20
222.3437909785
 11
273.6407329144
 21
222.2963184065
  0
LINE
  5
BC0
100
AcDbEntity
  8
0
100
AcDbLine
 62
7
  6
CONTINUOUS
 10
274.6801871122
 20
222.3307819258
 11
274.6370363713
 21
222.4169496414
  0
LINE
  5
BC1
100
AcDbEntity
  8
0
100
AcDbLine
 62
9
  6
CONTINUOUS
 10
278.2901871122
 20
202.2676721081
 11
278.2901871122
 21
206.7676721081
  0
LINE
  5
BC2
100
AcDbEntity
  8
0
100
AcDbLine
 62
7
  6
CONTINUOUS
 10
281.1901871122
 20
216.7676721081
 11
281.1901871122
 21
190.3676721081
  0
LINE
  5
BC3
100
AcDbEntity
  8
FASEN
100
AcDbLine
 62
7
  6
CONTINUOUS
 10
256.6301871122
 20
188.9476721081
 11
256.2301871122
 21
188.5476721081
  0
LINE
  5
BC4
100
AcDbEntity
  8
0
100
AcDbLine
 62
7
  6
CONTINUOUS
 10
259.1901871122
 20
235.4476721081
 11
271.3901871122
 21
235.4476721081
  0
LINE
  5
BC5
100
AcDbEntity
  8
RUNDUNGEN
100
AcDbLine
 62
7
  6
CONTINUOUS
 10
263.4239098472
 20
236.515192855
 11
262.5533790549
 21
236.2724737443
  0
LINE
  5
BC6
100
AcDbEntity
  8
RUNDUNGEN
100
AcDbLine
 62
7
  6
CONTINUOUS
 10
263.4239098472
 20
237.0294229428
 11
262.5533790549
 21
236.786703832
  0
LINE
  5
BC7
100
AcDbEntity
  8
0
100
AcDbLine
 62
7
  6
CONTINUOUS
 10
272.9180853213
 20
236.2859927088
 11
270.8901871122
 21
236.2859927088
  0
LINE
  5
BC8
100
AcDbEntity
  8
0
100
AcDbLine
 62
7
  6
CONTINUOUS
 10
259.6901871122
 20
236.2859927088
 11
257.6622889031
 21
236.2859927088
  0
LINE
  5
BC9
100
AcDbEntity
  8
RUNDUNGEN
100
AcDbLine
 62
7
  6
CONTINUOUS
 10
263.5607179045
 20
236.5336721081
 11
263.6901871122
 21
236.5336721081
  0
LINE
  5
BCA
100
AcDbEntity
  8
RUNDUNGEN
100
AcDbLine
 62
7
  6
CONTINUOUS
 10
266.8901871122
 20
236.5336721081
 11
267.0196563199
 21
236.5336721081
  0
LINE
  5
BCB
100
AcDbEntity
  8
RUNDUNGEN
100
AcDbLine
 62
7
  6
CONTINUOUS
 10
267.0196563199
 20
237.0479021958
 11
266.8901871122
 21
237.0479021958
  0
LINE
  5
BCC
100
AcDbEntity
  8
RUNDUNGEN
100
AcDbLine
 62
7
  6
CONTINUOUS
 10
263.6901871122
 20
237.0479021958
 11
263.5607179045
 21
237.0479021958
  0
LINE
  5
BCD
100
AcDbEntity
  8
RUNDUNGEN
100
AcDbLine
 62
7
  6
CONTINUOUS
 10
268.0269951695
 20
236.2724737443
 11
267.1564643772
 21
236.515192855
  0
LINE
  5
BCE
100
AcDbEntity
  8
RUNDUNGEN
100
AcDbLine
 62
7
  6
CONTINUOUS
 10
268.0269951695
 20
236.786703832
 11
267.1564643772
 21
237.0294229428
  0
LINE
  5
BCF
100
AcDbEntity
  8
0
100
AcDbLine
 62
7
  6
CONTINUOUS
 10
290.7901871122
 20
191.0476721081
 11
290.7901871122
 21
245.6476721081
  0
LINE
  5
BD0
100
AcDbEntity
  8
0
100
AcDbLine
 62
7
  6
CONTINUOUS
 10
291.2901871122
 20
241.5476721081
 11
291.2901871122
 21
193.5476721081
  0
LINE
  5
BD1
100
AcDbEntity
  8
0
100
AcDbLine
 62
9
  6
CONTINUOUS
 10
263.7901871122
 20
239.4774868338
 11
266.7901871122
 21
239.4774868338
  0
LINE
  5
BD2
100
AcDbEntity
  8
0
100
AcDbLine
 62
7
  6
CONTINUOUS
 10
271.3901871122
 20
240.4476721081
 11
259.1901871122
 21
240.4476721081
  0
LINE
  5
BD3
100
AcDbEntity
  8
FASEN
100
AcDbLine
 62
7
  6
CONTINUOUS
 10
276.9501871122
 20
188.9476721081
 11
276.5501871122
 21
188.5476721081
  0
LINE
  5
BD4
100
AcDbEntity
  8
0
100
AcDbLine
 62
7
  6
CONTINUOUS
 10
290.7901871122
 20
245.6476721081
 11
239.7901871122
 21
245.6476721081
  0
LINE
  5
BD5
100
AcDbEntity
  8
0
100
AcDbLine
 62
7
  6
CONTINUOUS
 10
246.2901871122
 20
248.5476721081
 11
284.2901871122
 21
248.5476721081
  0
ARC
  5
BD6
100
AcDbEntity
  8
0
100
AcDbCircle
 62
2
  6
CONTINUOUS
 10
303.1496938845
 20
132.1949558658
 40
117.8648438076
100
AcDbArc
 50
270.6818442175
 51
270.8360087942
  0
CIRCLE
  5
BD7
100
AcDbEntity
  8
0
100
AcDbCircle
 62
7
  6
CONTINUOUS
 10
364.4250686507
 20
167.4264371197
 40
24.0
  0
ARC
  5
BD8
100
AcDbEntity
  8
0
100
AcDbCircle
 62
2
  6
CONTINUOUS
 10
325.9666003415
 20
2.4878224663
 40
13.3596552228
100
AcDbArc
 50
81.6598952952
 51
99.8027899403
  0
ARC
  5
BD9
100
AcDbEntity
  8
0
100
AcDbCircle
 62
2
  6
CONTINUOUS
 10
325.4339210076
 20
26.8579008203
 40
13.3596552228
100
AcDbArc
 50
261.4614732962
 51
273.8118151288
  0
ARC
  5
BDA
100
AcDbEntity
  8
0
100
AcDbCircle
 62
2
  6
CONTINUOUS
 10
304.4798218308
 20
3.6659309279
 40
12.1826566721
100
AcDbArc
 50
88.0677143922
 51
90.773417505
  0
ARC
  5
BDB
100
AcDbEntity
  8
0
100
AcDbCircle
 62
2
  6
CONTINUOUS
 10
293.2558715977
 20
21.8835565319
 40
8.3834428373
100
AcDbArc
 50
256.2209107837
 51
284.4612688094
  0
ARC
  5
BDC
100
AcDbEntity
  8
0
100
AcDbCircle
 62
2
  6
CONTINUOUS
 10
325.7614567911
 20
12.0266581658
 40
3.4740342285
100
AcDbArc
 50
80.2083390923
 51
99.7818251845
  0
ARC
  5
BDD
100
AcDbEntity
  8
0
100
AcDbCircle
 62
2
  6
CONTINUOUS
 10
325.5337914445
 20
17.403664657
 40
3.4740342285
100
AcDbArc
 50
261.5304677658
 51
281.1930684333
  0
CIRCLE
  5
BDE
100
AcDbEntity
  8
0
100
AcDbCircle
 62
7
  6
CONTINUOUS
 10
383.4250686507
 20
191.4264371197
 40
3.2
  0
CIRCLE
  5
BDF
100
AcDbEntity
  8
0
100
AcDbCircle
 62
7
  6
CONTINUOUS
 10
345.4250686507
 20
143.4264371197
 40
3.2
  0
ARC
  5
BE0
100
AcDbEntity
  8
0
100
AcDbCircle
 62
2
  6
CONTINUOUS
 10
293.2593602095
 20
16.6858219728
 40
2.6827017079
100
AcDbArc
 50
257.3877507321
 51
286.2626488961
  0
ARC
  5
BE1
100
AcDbEntity
  8
0
100
AcDbCircle
 62
2
  6
CONTINUOUS
 10
304.8507059545
 20
15.6592307284
 40
1.3167050304
100
AcDbArc
 50
270.8139811934
 51
287.3320315922
  0
ARC
  5
BE2
100
AcDbEntity
  8
0
100
AcDbCircle
 62
2
  6
CONTINUOUS
 10
304.8507059545
 20
14.5255597326
 40
1.3167050304
100
AcDbArc
 50
72.6679684078
 51
88.263722737
  0
ARC
  5
BE3
100
AcDbEntity
  8
0
100
AcDbCircle
 62
2
  6
CONTINUOUS
 10
304.9375329382
 20
15.3810093063
 40
1.0252499142
100
AcDbArc
 50
287.3320315922
 51
306.9952713768
  0
ARC
  5
BE4
100
AcDbEntity
  8
0
100
AcDbCircle
 62
2
  6
CONTINUOUS
 10
304.9375329382
 20
14.8037811547
 40
1.0252499141
100
AcDbArc
 50
53.0047286232
 51
72.6679684078
  0
ARC
  5
BE5
100
AcDbEntity
  8
0
100
AcDbCircle
 62
2
  6
CONTINUOUS
 10
305.0705119945
 20
15.2045098331
 40
0.8042623727
100
AcDbArc
 50
306.9952713769
 51
331.1991329025
  0
ARC
  5
BE6
100
AcDbEntity
  8
0
100
AcDbCircle
 62
2
  6
CONTINUOUS
 10
305.0705119945
 20
14.980280628
 40
0.8042623727
100
AcDbArc
 50
28.8008670976
 51
53.0047286232
  0
ARC
  5
BE7
100
AcDbEntity
  8
0
100
AcDbCircle
 62
2
  6
CONTINUOUS
 10
303.7712673307
 20
15.6195062147
 40
0.7780463459
100
AcDbArc
 50
270.1987233532
 51
285.1919235257
  0
ARC
  5
BE8
100
AcDbEntity
  8
0
100
AcDbCircle
 62
2
  6
CONTINUOUS
 10
303.7739658832
 20
15.6195047211
 40
0.7773421014
100
AcDbArc
 50
285.0000000001
 51
298.8638533056
  0
ARC
  5
BE9
100
AcDbEntity
  8
0
100
AcDbCircle
 62
2
  6
CONTINUOUS
 10
305.274440389
 20
15.0923952305
 40
0.5715469366
100
AcDbArc
 50
331.1991329025
 51
28.8008670975
  0
ARC
  5
BEA
100
AcDbEntity
  8
0
100
AcDbCircle
 62
2
  6
CONTINUOUS
 10
304.0279645828
 20
14.9071588755
 40
0.5228710454
100
AcDbArc
 50
74.2117656955
 51
85.3454740534
  0
ARC
  5
BEB
100
AcDbEntity
  8
0
100
AcDbCircle
 62
2
  6
CONTINUOUS
 10
303.8968066897
 20
15.3966467964
 40
0.5228710454
100
AcDbArc
 50
298.8638533057
 51
315.7882343043
  0
ARC
  5
BEC
100
AcDbEntity
  8
0
100
AcDbCircle
 62
2
  6
CONTINUOUS
 10
295.2238174206
 20
14.252798706
 40
0.5030065702
100
AcDbArc
 50
284.4612688095
 51
350.0
  0
ARC
  5
BED
100
AcDbEntity
  8
0
100
AcDbCircle
 62
2
  6
CONTINUOUS
 10
291.3789170532
 20
14.2299092055
 40
0.5030065702
100
AcDbArc
 50
170.0
 51
256.2209107839
  0
ARC
  5
BEE
100
AcDbEntity
  8
0
100
AcDbCircle
 62
2
  6
CONTINUOUS
 10
304.0773112935
 20
15.0816832382
 40
0.3415044249
100
AcDbArc
 50
49.8060318618
 51
74.2117656959
  0
ARC
  5
BEF
100
AcDbEntity
  8
0
100
AcDbCircle
 62
2
  6
CONTINUOUS
 10
304.026804376
 20
15.2701776201
 40
0.3415044249
100
AcDbArc
 50
315.7882343042
 51
340.1939681383
  0
ARC
  5
BF0
100
AcDbEntity
  8
0
100
AcDbCircle
 62
2
  6
CONTINUOUS
 10
292.7468088736
 20
14.3950996303
 40
0.3353377135
100
AcDbArc
 50
170.0
 51
257.3877507323
  0
ARC
  5
BF1
100
AcDbEntity
  8
0
100
AcDbCircle
 62
2
  6
CONTINUOUS
 10
293.9167182584
 20
14.4323805784
 40
0.3353377135
100
AcDbArc
 50
286.262648896
 51
350.0
  0
ARC
  5
BF2
100
AcDbEntity
  8
0
100
AcDbCircle
 62
2
  6
CONTINUOUS
 10
323.7435990506
 20
15.3538920027
 40
0.3029527273
100
AcDbArc
 50
99.8027899404
 51
170.0
  0
ARC
  5
BF3
100
AcDbEntity
  8
0
100
AcDbCircle
 62
2
  6
CONTINUOUS
 10
323.4953348137
 20
13.9459155498
 40
0.3029527273
100
AcDbArc
 50
170.0
 51
261.4614732962
  0
ARC
  5
BF4
100
AcDbEntity
  8
0
100
AcDbCircle
 62
2
  6
CONTINUOUS
 10
327.8604592818
 20
15.4064438467
 40
0.3029527273
100
AcDbArc
 50
350.0
 51
81.6598952953
  0
ARC
  5
BF5
100
AcDbEntity
  8
0
100
AcDbCircle
 62
2
  6
CONTINUOUS
 10
325.2226998458
 20
15.1516379804
 40
0.3029527273
100
AcDbArc
 50
99.7818251844
 51
170.0
  0
ARC
  5
BF6
100
AcDbEntity
  8
0
100
AcDbCircle
 62
2
  6
CONTINUOUS
 10
326.3007501804
 20
15.1515454482
 40
0.3029527273
100
AcDbArc
 50
11.4934249692
 51
80.2083390924
  0
ARC
  5
BF7
100
AcDbEntity
  8
0
100
AcDbCircle
 62
2
  6
CONTINUOUS
 10
325.0667435625
 20
14.2671659462
 40
0.3029527273
100
AcDbArc
 50
170.0
 51
261.5304677658
  0
ARC
  5
BF8
100
AcDbEntity
  8
0
100
AcDbCircle
 62
2
  6
CONTINUOUS
 10
326.1493480711
 20
14.2929014184
 40
0.3029527273
100
AcDbArc
 50
281.1930684334
 51
350.0
  0
ARC
  5
BF9
100
AcDbEntity
  8
0
100
AcDbCircle
 62
2
  6
CONTINUOUS
 10
304.1876313136
 20
15.2122572333
 40
0.17056562
100
AcDbArc
 50
340.1939681384
 51
49.8060318615
  0
ARC
  5
BFA
100
AcDbEntity
  8
RUNDUNGEN
100
AcDbCircle
 62
7
  6
CONTINUOUS
 10
63.5901936845
 20
87.3034181906
 40
17.9368916283
100
AcDbArc
 50
100.7403259054
 51
102.0437519936
  0
ARC
  5
BFB
100
AcDbEntity
  8
RUNDUNGEN
100
AcDbCircle
 62
7
  6
CONTINUOUS
 10
63.5901936845
 20
97.5034181902
 40
17.9368916286
100
AcDbArc
 50
100.7403259054
 51
102.0437519936
  0
ARC
  5
BFC
100
AcDbEntity
  8
0
100
AcDbCircle
 62
7
  6
CONTINUOUS
 10
57.0269684924
 20
103.2008861249
 40
1.2
100
AcDbArc
 50
180.0
 51
218.0
  0
ARC
  5
BFD
100
AcDbEntity
  8
0
100
AcDbCircle
 62
3
  6
CONTINUOUS
 10
57.0269684924
 20
103.2008861249
 40
0.7
100
AcDbArc
 50
180.0
 51
218.0
  0
ARC
  5
BFE
100
AcDbEntity
  8
RUNDUNGEN
100
AcDbCircle
 62
7
  6
CONTINUOUS
 10
58.3875077132
 20
104.1909701131
 40
2.0
100
AcDbArc
 50
338.4348149848
 51
21.5651850152
  0
ARC
  5
BFF
100
AcDbEntity
  8
RUNDUNGEN
100
AcDbCircle
 62
9
  6
CONTINUOUS
 10
58.3875077132
 20
104.1909701131
 40
1.6
100
AcDbArc
 50
335.8531520035
 51
24.1468479965
  0
ARC
  5
C00
100
AcDbEntity
  8
RUNDUNGEN
100
AcDbCircle
 62
7
  6
CONTINUOUS
 10
58.3875077132
 20
114.3909701131
 40
2.0
100
AcDbArc
 50
338.4348149848
 51
21.5651850152
  0
ARC
  5
C01
100
AcDbEntity
  8
RUNDUNGEN
100
AcDbCircle
 62
9
  6
CONTINUOUS
 10
58.3875077132
 20
114.3909701131
 40
1.6
100
AcDbArc
 50
335.8531520035
 51
24.1468479965
  0
ARC
  5
C02
100
AcDbEntity
  8
0
100
AcDbCircle
 62
7
  6
CONTINUOUS
 10
65.7975077132
 20
102.0809701131
 40
0.8
100
AcDbArc
 50
251.7870379639
 51
360.0
  0
ARC
  5
C03
100
AcDbEntity
  8
BEZUGSACHSEN
100
AcDbCircle
 62
7
  6
CONTINUOUS
 10
68.3475077132
 20
113.5109701131
 40
0.8
100
AcDbArc
 50
292.0706404301
 51
300.1221167282
  0
ARC
  5
C04
100
AcDbEntity
  8
BEZUGSACHSEN
100
AcDbCircle
 62
7
  6
CONTINUOUS
 10
68.3475077132
 20
113.5109701131
 40
0.8
100
AcDbArc
 50
151.2469293893
 51
208.7530706107
  0
ARC
  5
C05
100
AcDbEntity
  8
0
100
AcDbCircle
 62
7
  6
CONTINUOUS
 10
70.8775077132
 20
102.0809701131
 40
0.8
100
AcDbArc
 50
180.0
 51
360.0
  0
ARC
  5
C06
100
AcDbEntity
  8
BEZUGSACHSEN
100
AcDbCircle
 62
7
  6
CONTINUOUS
 10
72.1475077132
 20
109.2909701131
 40
23.6
100
AcDbArc
 50
107.9507648783
 51
72.0492063738
  0
ARC
  5
C07
100
AcDbEntity
  8
RUNDUNGEN
100
AcDbCircle
 62
9
  6
CONTINUOUS
 10
72.1475077132
 20
109.2909701131
 40
23.4590982048
100
AcDbArc
 50
122.7305846946
 51
57.2694153054
  0
ARC
  5
C08
100
AcDbEntity
  8
RUNDUNGEN
100
AcDbCircle
 62
9
  6
CONTINUOUS
 10
72.1475077132
 20
109.2909701131
 40
22.4597073777
100
AcDbArc
 50
122.7301753578
 51
57.2698720208
  0
ARC
  5
C09
100
AcDbEntity
  8
AUSFORMSCHRAEGEN
100
AcDbCircle
 62
7
  6
CONTINUOUS
 10
72.1475077132
 20
109.2909701131
 40
22.4
100
AcDbArc
 50
102.5178737479
 51
120.0
  0
ARC
  5
C0A
100
AcDbEntity
  8
AUSFORMSCHRAEGEN
100
AcDbCircle
 62
7
  6
CONTINUOUS
 10
72.1475077132
 20
109.2909701131
 40
22.4
100
AcDbArc
 50
60.0
 51
77.4822299069
  0
ARC
  5
C0B
100
AcDbEntity
  8
0
100
AcDbCircle
 62
7
  6
CONTINUOUS
 10
72.1475077132
 20
109.2909701131
 40
22.0049862263
100
AcDbArc
 50
67.85
 51
75.2567644135
  0
ARC
  5
C0C
100
AcDbEntity
  8
0
100
AcDbCircle
 62
7
  6
CONTINUOUS
 10
72.1475077132
 20
109.2909701131
 40
22.0049862263
100
AcDbArc
 50
104.7432355865
 51
112.15
  0
ARC
  5
C0D
100
AcDbEntity
  8
RUNDUNGEN
100
AcDbCircle
 62
7
  6
CONTINUOUS
 10
72.1475077132
 20
109.2909701131
 40
22.0049862263
100
AcDbArc
 50
112.15
 51
120.0
  0
ARC
  5
C0E
100
AcDbEntity
  8
RUNDUNGEN
100
AcDbCircle
 62
7
  6
CONTINUOUS
 10
72.1475077132
 20
109.2909701131
 40
22.0049862263
100
AcDbArc
 50
60.0
 51
67.85
  0
ARC
  5
C0F
100
AcDbEntity
  8
RUNDUNGEN
100
AcDbCircle
 62
7
  6
CONTINUOUS
 10
72.1475077132
 20
109.0526896803
 40
21.8
100
AcDbArc
 50
61.5
 51
75.8089116873
  0
ARC
  5
C10
100
AcDbEntity
  8
RUNDUNGEN
100
AcDbCircle
 62
7
  6
CONTINUOUS
 10
72.1475077132
 20
109.0526896803
 40
21.8
100
AcDbArc
 50
104.1910883127
 51
118.5
  0
ARC
  5
C11
100
AcDbEntity
  8
RUNDUNGEN
100
AcDbCircle
 62
7
  6
CONTINUOUS
 10
72.1385972958
 20
108.9674009827
 40
20.4857433419
100
AcDbArc
 50
83.182685744
 51
84.7671669605
  0
ARC
  5
C12
100
AcDbEntity
  8
RUNDUNGEN
100
AcDbCircle
 62
7
  6
CONTINUOUS
 10
72.131014634
 20
108.9847243664
 40
20.4699347709
100
AcDbArc
 50
75.8213599918
 51
76.8981542258
  0
ARC
  5
C13
100
AcDbEntity
  8
0
100
AcDbCircle
 62
7
  6
CONTINUOUS
 10
72.1476072902
 20
109.0494447308
 40
20.4032449496
100
AcDbArc
 50
87.4773770056
 51
92.522283749
  0
ARC
  5
C14
100
AcDbEntity
  8
RUNDUNGEN
100
AcDbCircle
 62
7
  6
CONTINUOUS
 10
72.1475077132
 20
109.0526896803
 40
20.4
100
AcDbArc
 50
96.82085
 51
97.8616766531
  0
ARC
  5
C15
100
AcDbEntity
  8
RUNDUNGEN
100
AcDbCircle
 62
7
  6
CONTINUOUS
 10
72.1475077132
 20
109.0526896803
 40
20.4
100
AcDbArc
 50
82.1388115582
 51
83.1791
  0
ARC
  5
C16
100
AcDbEntity
  8
RUNDUNGEN
100
AcDbCircle
 62
7
  6
CONTINUOUS
 10
72.1475077132
 20
109.0526896803
 40
20.4
100
AcDbArc
 50
61.5
 51
75.8195141045
  0
ARC
  5
C17
100
AcDbEntity
  8
RUNDUNGEN
100
AcDbCircle
 62
7
  6
CONTINUOUS
 10
72.1475077132
 20
109.0526896803
 40
20.4
100
AcDbArc
 50
104.1804858919
 51
118.5
  0
ARC
  5
C18
100
AcDbEntity
  8
RUNDUNGEN
100
AcDbCircle
 62
7
  6
CONTINUOUS
 10
72.1475077132
 20
109.0526896803
 40
20.4
100
AcDbArc
 50
103.0143239286
 51
103.1000910297
  0
ARC
  5
C19
100
AcDbEntity
  8
0
100
AcDbCircle
 62
7
  6
CONTINUOUS
 10
72.1475077132
 20
109.0526896803
 40
20.4
100
AcDbArc
 50
76.8923696035
 51
103.1
  0
ARC
  5
C1A
100
AcDbEntity
  8
RUNDUNGEN
100
AcDbCircle
 62
7
  6
CONTINUOUS
 10
72.1457981547
 20
109.0597344949
 40
20.3927510463
100
AcDbArc
 50
103.0998079557
 51
104.1806778267
  0
ARC
  5
C1B
100
AcDbEntity
  8
RUNDUNGEN
100
AcDbCircle
 62
7
  6
CONTINUOUS
 10
72.1487594753
 20
109.0696084389
 40
20.3830350477
100
AcDbArc
 50
84.7694105917
 51
85.9076156179
  0
ARC
  5
C1C
100
AcDbEntity
  8
RUNDUNGEN
100
AcDbCircle
 62
7
  6
CONTINUOUS
 10
72.145204168
 20
109.0824616264
 40
20.3701395723
100
AcDbArc
 50
94.0920135639
 51
95.2449594553
  0
ARC
  5
C1D
100
AcDbEntity
  8
RUNDUNGEN
100
AcDbCircle
 62
9
  6
CONTINUOUS
 10
72.1475077132
 20
109.2909701131
 40
20.3402926223
100
AcDbArc
 50
123.0148443805
 51
56.9852196284
  0
ARC
  5
C1E
100
AcDbEntity
  8
RUNDUNGEN
100
AcDbCircle
 62
9
  6
CONTINUOUS
 10
72.1475077132
 20
109.2909701131
 40
19.8553610937
100
AcDbArc
 50
60.0
 51
70.6889131671
  0
ARC
  5
C1F
100
AcDbEntity
  8
RUNDUNGEN
100
AcDbCircle
 62
9
  6
CONTINUOUS
 10
72.1475077132
 20
109.2909701131
 40
19.8553610937
100
AcDbArc
 50
109.310666445
 51
120.0
  0
ARC
  5
C20
100
AcDbEntity
  8
RUNDUNGEN
100
AcDbCircle
 62
9
  6
CONTINUOUS
 10
72.1475077132
 20
109.2909701131
 40
19.3409017952
100
AcDbArc
 50
123.0153562671
 51
56.9846437329
  0
ARC
  5
C21
100
AcDbEntity
  8
RUNDUNGEN
100
AcDbCircle
 62
7
  6
CONTINUOUS
 10
72.1475077132
 20
109.2909701131
 40
19.2553839399
100
AcDbArc
 50
60.0
 51
73.0924812573
  0
ARC
  5
C22
100
AcDbEntity
  8
RUNDUNGEN
100
AcDbCircle
 62
7
  6
CONTINUOUS
 10
72.1475077132
 20
109.2909701131
 40
19.2553839399
100
AcDbArc
 50
106.9075187427
 51
120.0
  0
ARC
  5
C23
100
AcDbEntity
  8
AUSFORMSCHRAEGEN
100
AcDbCircle
 62
7
  6
CONTINUOUS
 10
72.1475077132
 20
109.2909701131
 40
19.2518474996
100
AcDbArc
 50
58.0710603115
 51
60.0
  0
ARC
  5
C24
100
AcDbEntity
  8
AUSFORMSCHRAEGEN
100
AcDbCircle
 62
7
  6
CONTINUOUS
 10
72.1475077132
 20
109.2909701131
 40
19.2518474996
100
AcDbArc
 50
120.0
 51
121.9289038205
  0
ARC
  5
C25
100
AcDbEntity
  8
RUNDUNGEN
100
AcDbCircle
 62
7
  6
CONTINUOUS
 10
72.1475077132
 20
109.2909701131
 40
19.2
100
AcDbArc
 50
122.8363726953
 51
57.1636273043
  0
ARC
  5
C26
100
AcDbEntity
  8
AUSFORMSCHRAEGEN
100
AcDbCircle
 62
7
  6
CONTINUOUS
 10
72.1475077132
 20
109.2909701131
 40
19.1767964366
100
AcDbArc
 50
127.7921897783
 51
52.2078102217
  0
ARC
  5
C27
100
AcDbEntity
  8
RUNDUNGEN
100
AcDbCircle
 62
7
  6
CONTINUOUS
 10
72.1475077132
 20
109.2909701131
 40
19.1051904275
100
AcDbArc
 50
107.0444827624
 51
72.9555172376
  0
ARC
  5
C28
100
AcDbEntity
  8
RUNDUNGEN
100
AcDbCircle
 62
9
  6
CONTINUOUS
 10
72.1475077132
 20
109.2909701131
 40
18.5052132736
100
AcDbArc
 50
107.6144191023
 51
72.3855851661
  0
ARC
  5
C29
100
AcDbEntity
  8
0
100
AcDbCircle
 62
7
  6
CONTINUOUS
 10
72.1475077132
 20
109.2909701131
 40
16.795523213
100
AcDbArc
 50
20.8085131303
 51
24.9235613722
  0
ARC
  5
C2A
100
AcDbEntity
  8
0
100
AcDbCircle
 62
7
  6
CONTINUOUS
 10
72.1475077132
 20
109.2909701131
 40
16.795523213
100
AcDbArc
 50
200.8085131303
 51
204.9540490267
  0
ARC
  5
C2B
100
AcDbEntity
  8
0
100
AcDbCircle
 62
7
  6
CONTINUOUS
 10
72.1475077132
 20
109.2909701131
 40
16.79
100
AcDbArc
 50
171.7818637564
 51
173.1581593784
  0
ARC
  5
C2C
100
AcDbEntity
  8
0
100
AcDbCircle
 62
7
  6
CONTINUOUS
 10
72.1475077132
 20
109.2909701131
 40
16.79
100
AcDbArc
 50
351.7818637564
 51
353.1581593784
  0
ARC
  5
C2D
100
AcDbEntity
  8
0
100
AcDbCircle
 62
7
  6
CONTINUOUS
 10
72.1475077132
 20
109.2909701131
 40
16.2
100
AcDbArc
 50
59.3478203553
 51
69.7767492921
  0
ARC
  5
C2E
100
AcDbEntity
  8
BEZUGSACHSEN
100
AcDbCircle
 62
7
  6
CONTINUOUS
 10
72.1475077132
 20
109.2909701131
 40
16.2
100
AcDbArc
 50
110.2232507079
 51
120.6513779522
  0
ARC
  5
C2F
100
AcDbEntity
  8
0
100
AcDbCircle
 62
7
  6
CONTINUOUS
 10
72.1475077132
 20
109.2909701131
 40
16.2
100
AcDbArc
 50
14.2721207873
 51
52.2949486214
  0
ARC
  5
C30
100
AcDbEntity
  8
0
100
AcDbCircle
 62
7
  6
CONTINUOUS
 10
72.1475077132
 20
109.2909701131
 40
16.2
100
AcDbArc
 50
194.2721207873
 51
345.7278792127
  0
ARC
  5
C31
100
AcDbEntity
  8
0
100
AcDbCircle
 62
7
  6
CONTINUOUS
 10
72.1475077132
 20
109.2909701131
 40
16.2
100
AcDbArc
 50
131.1486220478
 51
165.7278792127
  0
ARC
  5
C32
100
AcDbEntity
  8
0
100
AcDbCircle
 62
7
  6
CONTINUOUS
 10
72.1475077132
 20
109.2909701131
 40
16.0464071269
100
AcDbArc
 50
100.5348721997
 51
110.425415716
  0
ARC
  5
C33
100
AcDbEntity
  8
0
100
AcDbCircle
 62
7
  6
CONTINUOUS
 10
72.1475077132
 20
109.2909701131
 40
16.0464071269
100
AcDbArc
 50
69.574584284
 51
79.4651278003
  0
ARC
  5
C34
100
AcDbEntity
  8
0
100
AcDbCircle
 62
7
  6
CONTINUOUS
 10
72.1475077132
 20
109.2909701131
 40
15.9695649971
100
AcDbArc
 50
58.3943216896
 51
79.4988097905
  0
ARC
  5
C35
100
AcDbEntity
  8
0
100
AcDbCircle
 62
7
  6
CONTINUOUS
 10
72.1475077132
 20
109.2909701131
 40
15.9695649971
100
AcDbArc
 50
100.5011902095
 51
121.6056783104
  0
ARC
  5
C36
100
AcDbEntity
  8
0
100
AcDbCircle
 62
7
  6
CONTINUOUS
 10
72.1475077132
 20
109.2909701131
 40
15.9695649971
100
AcDbArc
 50
10.5599959754
 51
52.5057080153
  0
ARC
  5
C37
100
AcDbEntity
  8
0
100
AcDbCircle
 62
7
  6
CONTINUOUS
 10
72.1475077132
 20
109.2909701131
 40
15.9695649971
100
AcDbArc
 50
130.1943216896
 51
169.4400040246
  0
ARC
  5
C38
100
AcDbEntity
  8
0
100
AcDbCircle
 62
7
  6
CONTINUOUS
 10
72.1475077132
 20
109.2909701131
 40
15.9695649971
100
AcDbArc
 50
190.5599959754
 51
349.4400040246
  0
ARC
  5
C39
100
AcDbEntity
  8
0
100
AcDbCircle
 62
9
  6
CONTINUOUS
 10
72.1475077132
 20
109.2909701131
 40
15.3695878433
100
AcDbArc
 50
12.7804693587
 51
79.7734687486
  0
ARC
  5
C3A
100
AcDbEntity
  8
0
100
AcDbCircle
 62
9
  6
CONTINUOUS
 10
72.1475077132
 20
109.2909701131
 40
15.3695878433
100
AcDbArc
 50
100.2265312514
 51
167.2195306413
  0
ARC
  5
C3B
100
AcDbEntity
  8
0
100
AcDbCircle
 62
9
  6
CONTINUOUS
 10
72.1475077132
 20
109.2909701131
 40
15.3695878433
100
AcDbArc
 50
192.7804693587
 51
347.2195306413
  0
ARC
  5
C3C
100
AcDbEntity
  8
RUNDUNGEN
100
AcDbCircle
 62
7
  6
CONTINUOUS
 10
-143.9909232768
 20
153.1806834707
 40
212.4348160313
100
AcDbArc
 50
353.8128879462
 51
354.0331557655
  0
ARC
  5
C3D
100
AcDbEntity
  8
RUNDUNGEN
100
AcDbCircle
 62
7
  6
CONTINUOUS
 10
40.8007646648
 20
128.9437158752
 40
29.546743063
100
AcDbArc
 50
359.998199359
 51
0.8329574631
  0
ARC
  5
C3E
100
AcDbEntity
  8
0
100
AcDbCircle
 62
7
  6
CONTINUOUS
 10
72.1475077132
 20
122.3217994128
 40
20.0
100
AcDbArc
 50
67.975687163
 51
112.024312837
  0
ARC
  5
C3F
100
AcDbEntity
  8
0
100
AcDbCircle
 62
7
  6
CONTINUOUS
 10
72.1475077132
 20
122.3217994128
 40
19.2
100
AcDbArc
 50
67.975687163
 51
87.45532322
  0
ARC
  5
C40
100
AcDbEntity
  8
0
100
AcDbCircle
 62
7
  6
CONTINUOUS
 10
72.1475077132
 20
122.3217994128
 40
19.2
100
AcDbArc
 50
92.54467678
 51
112.024312837
  0
ARC
  5
C41
100
AcDbEntity
  8
RUNDUNGEN
100
AcDbCircle
 62
7
  6
CONTINUOUS
 10
63.5901936845
 20
121.0785220356
 40
17.9368916283
100
AcDbArc
 50
257.9562480064
 51
259.2596740946
  0
ARC
  5
C42
100
AcDbEntity
  8
RUNDUNGEN
100
AcDbCircle
 62
7
  6
CONTINUOUS
 10
63.5901936845
 20
131.2785220356
 40
17.9368916283
100
AcDbArc
 50
257.9562480064
 51
259.2596740946
  0
CIRCLE
  5
C43
100
AcDbEntity
  8
BOHRUNGEN
100
AcDbCircle
 62
7
  6
CONTINUOUS
 10
53.1475077132
 20
133.2909701131
 40
6.0
  0
CIRCLE
  5
C44
100
AcDbEntity
  8
RUNDUNGEN
100
AcDbCircle
 62
7
  6
CONTINUOUS
 10
53.1475077132
 20
133.2909701131
 40
5.5
  0
CIRCLE
  5
C45
100
AcDbEntity
  8
RUNDUNGEN
100
AcDbCircle
 62
9
  6
CONTINUOUS
 10
53.1475077132
 20
133.2909701131
 40
5.299999754
  0
ARC
  5
C46
100
AcDbEntity
  8
0
100
AcDbCircle
 62
7
  6
CONTINUOUS
 10
66.1475077132
 20
135.5217994128
 40
4.0
100
AcDbArc
 50
180.0
 51
270.0
  0
ARC
  5
C47
100
AcDbEntity
  8
BEZUGSACHSEN
100
AcDbCircle
 62
7
  6
CONTINUOUS
 10
62.8241872411
 20
122.1706321962
 40
1.5
100
AcDbArc
 50
36.1635179301
 51
215.6364820699
  0
ARC
  5
C48
100
AcDbEntity
  8
RUNDUNGEN
100
AcDbCircle
 62
9
  6
CONTINUOUS
 10
61.0638893035
 20
126.347391275
 40
1.0003798124
100
AcDbArc
 50
303.0417065728
 51
29.9443110124
  0
ARC
  5
C49
100
AcDbEntity
  8
RUNDUNGEN
100
AcDbCircle
 62
9
  6
CONTINUOUS
 10
60.0038596495
 20
128.1834438144
 40
1.0003684972
100
AcDbArc
 50
30.0584296839
 51
122.6992950376
  0
ARC
  5
C4A
100
AcDbEntity
  8
RUNDUNGEN
100
AcDbCircle
 62
7
  6
CONTINUOUS
 10
61.1941338209
 20
126.2631620851
 40
0.9998019354
100
AcDbArc
 50
302.8501967628
 51
30.0116695326
  0
ARC
  5
C4B
100
AcDbEntity
  8
RUNDUNGEN
100
AcDbCircle
 62
7
  6
CONTINUOUS
 10
59.9926123496
 20
128.3444104157
 40
0.9997118438
100
AcDbArc
 50
29.9805660365
 51
112.0893663892
  0
ARC
  5
C4C
100
AcDbEntity
  8
RUNDUNGEN
100
AcDbCircle
 62
7
  6
CONTINUOUS
 10
70.4156595821
 20
128.2887652344
 40
0.5022791301
100
AcDbArc
 50
97.7988992923
 51
105.523780315
  0
ARC
  5
C4D
100
AcDbEntity
  8
RUNDUNGEN
100
AcDbCircle
 62
7
  6
CONTINUOUS
 10
66.9643145488
 20
131.122289658
 40
0.3995131563
100
AcDbArc
 50
2.4027637358
 51
90.0173846739
  0
ARC
  5
C4E
100
AcDbEntity
  8
0
100
AcDbCircle
 62
7
  6
CONTINUOUS
 10
66.1475077132
 20
137.154196387
 40
4.0
100
AcDbArc
 50
112.024312837
 51
180.0
  0
ARC
  5
C4F
100
AcDbEntity
  8
0
100
AcDbCircle
 62
7
  6
CONTINUOUS
 10
66.1475077132
 20
137.154196387
 40
3.2
100
AcDbArc
 50
112.024312837
 51
180.0
  0
CIRCLE
  5
C50
100
AcDbEntity
  8
0
100
AcDbCircle
 62
7
  6
CONTINUOUS
 10
72.1475077132
 20
139.1526896803
 40
2.5
  0
CIRCLE
  5
C51
100
AcDbEntity
  8
0
100
AcDbCircle
 62
7
  6
CONTINUOUS
 10
72.1475077132
 20
139.1526896803
 40
2.0833333333
  0
ARC
  5
C52
100
AcDbEntity
  8
0
100
AcDbCircle
 62
7
  6
CONTINUOUS
 10
72.1475077132
 20
139.1526896803
 40
1.6666666667
100
AcDbArc
 50
150.0
 51
215.0
  0
ARC
  5
C53
100
AcDbEntity
  8
0
100
AcDbCircle
 62
7
  6
CONTINUOUS
 10
72.1475077132
 20
139.1526896803
 40
1.6666666667
100
AcDbArc
 50
60.0
 51
125.0
  0
ARC
  5
C54
100
AcDbEntity
  8
0
100
AcDbCircle
 62
7
  6
CONTINUOUS
 10
72.1475077132
 20
139.1526896803
 40
1.6666666667
100
AcDbArc
 50
330.0
 51
35.0
  0
ARC
  5
C55
100
AcDbEntity
  8
0
100
AcDbCircle
 62
7
  6
CONTINUOUS
 10
72.1475077132
 20
139.1526896803
 40
1.25
100
AcDbArc
 50
159.5940682269
 51
215.0
  0
ARC
  5
C56
100
AcDbEntity
  8
0
100
AcDbCircle
 62
7
  6
CONTINUOUS
 10
72.1475077132
 20
139.1526896803
 40
1.25
100
AcDbArc
 50
99.5940682269
 51
125.0
  0
ARC
  5
C57
100
AcDbEntity
  8
0
100
AcDbCircle
 62
7
  6
CONTINUOUS
 10
72.1475077132
 20
139.1526896803
 40
1.25
100
AcDbArc
 50
60.0
 51
80.4059317731
  0
ARC
  5
C58
100
AcDbEntity
  8
0
100
AcDbCircle
 62
7
  6
CONTINUOUS
 10
72.1475077132
 20
139.1526896803
 40
1.25
100
AcDbArc
 50
339.5940682269
 51
35.0
  0
ARC
  5
C59
100
AcDbEntity
  8
0
100
AcDbCircle
 62
7
  6
CONTINUOUS
 10
71.5176710559
 20
139.5163260439
 40
0.2083333333
100
AcDbArc
 50
240.0
 51
60.0
  0
ARC
  5
C5A
100
AcDbEntity
  8
0
100
AcDbCircle
 62
7
  6
CONTINUOUS
 10
70.952910982
 20
138.3162240439
 40
0.2083333333
100
AcDbArc
 50
215.0
 51
35.0
  0
ARC
  5
C5B
100
AcDbEntity
  8
0
100
AcDbCircle
 62
7
  6
CONTINUOUS
 10
70.8845539994
 20
139.881856347
 40
0.2083333333
100
AcDbArc
 50
60.0
 51
150.0
  0
ARC
  5
C5C
100
AcDbEntity
  8
0
100
AcDbCircle
 62
7
  6
CONTINUOUS
 10
71.3110420769
 20
140.3472864115
 40
0.2083333333
100
AcDbArc
 50
125.0
 51
305.0
  0
ARC
  5
C5D
100
AcDbEntity
  8
0
100
AcDbCircle
 62
7
  6
CONTINUOUS
 10
72.1475077132
 20
137.694356347
 40
0.2083333333
100
AcDbArc
 50
180.0
 51
360.0
  0
ARC
  5
C5E
100
AcDbEntity
  8
RUNDUNGEN
100
AcDbCircle
 62
7
  6
CONTINUOUS
 10
80.704821742
 20
87.3034181906
 40
17.9368916283
100
AcDbArc
 50
77.9562480064
 51
79.2596740946
  0
ARC
  5
C5F
100
AcDbEntity
  8
RUNDUNGEN
100
AcDbCircle
 62
7
  6
CONTINUOUS
 10
80.7048217419
 20
97.5034181902
 40
17.9368916286
100
AcDbArc
 50
77.9562480064
 51
79.2596740946
  0
ARC
  5
C60
100
AcDbEntity
  8
RUNDUNGEN
100
AcDbCircle
 62
7
  6
CONTINUOUS
 10
72.1651753468
 20
108.9799136009
 40
21.8748865562
100
AcDbArc
 50
103.1018676738
 51
104.1892206389
  0
ARC
  5
C61
100
AcDbEntity
  8
RUNDUNGEN
100
AcDbCircle
 62
7
  6
CONTINUOUS
 10
72.1492958173
 20
109.0600551943
 40
21.7924208903
100
AcDbArc
 50
75.8087219487
 51
76.9001897386
  0
ARC
  5
C62
100
AcDbEntity
  8
RUNDUNGEN
100
AcDbCircle
 62
7
  6
CONTINUOUS
 10
72.1575130184
 20
108.9571210274
 40
20.4960805838
100
AcDbArc
 50
95.2471942105
 51
96.8168923444
  0
ARC
  5
C63
100
AcDbEntity
  8
BEZUGSACHSEN
100
AcDbCircle
 62
7
  6
CONTINUOUS
 10
78.5075077132
 20
113.5109701131
 40
0.8
100
AcDbArc
 50
280.1058873126
 51
287.4762217524
  0
ARC
  5
C64
100
AcDbEntity
  8
BEZUGSACHSEN
100
AcDbCircle
 62
7
  6
CONTINUOUS
 10
73.4275077132
 20
113.5109701131
 40
0.8
100
AcDbArc
 50
148.4818962251
 51
167.881169901
  0
ARC
  5
C65
100
AcDbEntity
  8
BEZUGSACHSEN
100
AcDbCircle
 62
7
  6
CONTINUOUS
 10
73.4275077132
 20
113.5109701131
 40
0.8
100
AcDbArc
 50
278.6287127645
 51
286.0167969801
  0
ARC
  5
C66
100
AcDbEntity
  8
BEZUGSACHSEN
100
AcDbCircle
 62
7
  6
CONTINUOUS
 10
73.4275077132
 20
113.5109701131
 40
0.8
100
AcDbArc
 50
192.118830099
 51
211.5181037749
  0
ARC
  5
C67
100
AcDbEntity
  8
0
100
AcDbCircle
 62
7
  6
CONTINUOUS
 10
75.9575077132
 20
102.0809701131
 40
0.8
100
AcDbArc
 50
180.0
 51
360.0
  0
CIRCLE
  5
C68
100
AcDbEntity
  8
BOHRUNGEN
100
AcDbCircle
 62
7
  6
CONTINUOUS
 10
91.1475077132
 20
85.2909701131
 40
6.0
  0
CIRCLE
  5
C69
100
AcDbEntity
  8
RUNDUNGEN
100
AcDbCircle
 62
7
  6
CONTINUOUS
 10
91.1475077132
 20
85.2909701131
 40
5.5
  0
CIRCLE
  5
C6A
100
AcDbEntity
  8
RUNDUNGEN
100
AcDbCircle
 62
9
  6
CONTINUOUS
 10
91.1475077132
 20
85.2909701131
 40
5.299999754
  0
ARC
  5
C6B
100
AcDbEntity
  8
RUNDUNGEN
100
AcDbCircle
 62
7
  6
CONTINUOUS
 10
85.9075077132
 20
104.1909701131
 40
2.0
100
AcDbArc
 50
158.4348149848
 51
201.5651850152
  0
ARC
  5
C6C
100
AcDbEntity
  8
RUNDUNGEN
100
AcDbCircle
 62
9
  6
CONTINUOUS
 10
85.9075077132
 20
104.1909701131
 40
1.6
100
AcDbArc
 50
155.8531520035
 51
204.1468479965
  0
ARC
  5
C6D
100
AcDbEntity
  8
RUNDUNGEN
100
AcDbCircle
 62
7
  6
CONTINUOUS
 10
85.9075077132
 20
114.3909701131
 40
2.0
100
AcDbArc
 50
158.4348149848
 51
201.5651850152
  0
ARC
  5
C6E
100
AcDbEntity
  8
RUNDUNGEN
100
AcDbCircle
 62
9
  6
CONTINUOUS
 10
85.9075077132
 20
114.3909701131
 40
1.6
100
AcDbArc
 50
155.8531520035
 51
204.1468479965
  0
ARC
  5
C6F
100
AcDbEntity
  8
0
100
AcDbCircle
 62
7
  6
CONTINUOUS
 10
87.2680469341
 20
115.3810541012
 40
1.2
100
AcDbArc
 50
0.0
 51
38.0
  0
ARC
  5
C70
100
AcDbEntity
  8
0
100
AcDbCircle
 62
3
  6
CONTINUOUS
 10
87.2680469341
 20
115.3810541012
 40
0.7
100
AcDbArc
 50
0.0
 51
38.0
  0
ARC
  5
C71
100
AcDbEntity
  8
RUNDUNGEN
100
AcDbCircle
 62
7
  6
CONTINUOUS
 10
288.2889272054
 20
153.1810121342
 40
212.4378225481
100
AcDbArc
 50
185.9668596132
 51
186.187113311
  0
ARC
  5
C72
100
AcDbEntity
  8
RUNDUNGEN
100
AcDbCircle
 62
7
  6
CONTINUOUS
 10
103.495383531
 20
128.9437162038
 40
29.5478758324
100
AcDbArc
 50
179.1670774606
 51
180.0018012091
  0
ARC
  5
C73
100
AcDbEntity
  8
RUNDUNGEN
100
AcDbCircle
 62
7
  6
CONTINUOUS
 10
80.704821742
 20
121.0785220356
 40
17.9368916283
100
AcDbArc
 50
280.7403259054
 51
282.0437519936
  0
ARC
  5
C74
100
AcDbEntity
  8
RUNDUNGEN
100
AcDbCircle
 62
7
  6
CONTINUOUS
 10
80.704821742
 20
131.2785220356
 40
17.9368916283
100
AcDbArc
 50
280.7403259054
 51
282.0437519936
  0
ARC
  5
C75
100
AcDbEntity
  8
0
100
AcDbCircle
 62
7
  6
CONTINUOUS
 10
78.1475077132
 20
137.154196387
 40
4.0
100
AcDbArc
 50
0.0
 51
67.975687163
  0
ARC
  5
C76
100
AcDbEntity
  8
0
100
AcDbCircle
 62
7
  6
CONTINUOUS
 10
78.1475077132
 20
135.5217994128
 40
4.0
100
AcDbArc
 50
270.0
 51
360.0
  0
ARC
  5
C77
100
AcDbEntity
  8
0
100
AcDbCircle
 62
7
  6
CONTINUOUS
 10
78.1475077132
 20
137.154196387
 40
3.2
100
AcDbArc
 50
0.0
 51
67.975687163
  0
ARC
  5
C78
100
AcDbEntity
  8
0
100
AcDbCircle
 62
7
  6
CONTINUOUS
 10
81.4708281853
 20
122.1706321962
 40
1.5
100
AcDbArc
 50
22.1649597038
 51
143.8364820699
  0
ARC
  5
C79
100
AcDbEntity
  8
RUNDUNGEN
100
AcDbCircle
 62
9
  6
CONTINUOUS
 10
83.231129008
 20
126.3473969661
 40
1.0003825644
100
AcDbArc
 50
150.0560539163
 51
236.9583326336
  0
ARC
  5
C7A
100
AcDbEntity
  8
RUNDUNGEN
100
AcDbCircle
 62
9
  6
CONTINUOUS
 10
84.2911572218
 20
128.1834530281
 40
1.0003617138
100
AcDbArc
 50
57.3004895144
 51
149.9420685185
  0
ARC
  5
C7B
100
AcDbEntity
  8
RUNDUNGEN
100
AcDbCircle
 62
7
  6
CONTINUOUS
 10
83.1008810625
 20
126.2631604157
 40
0.9998013611
100
AcDbArc
 50
149.9969763139
 51
237.1651534911
  0
ARC
  5
C7C
100
AcDbEntity
  8
RUNDUNGEN
100
AcDbCircle
 62
7
  6
CONTINUOUS
 10
84.3024030814
 20
128.3444104197
 40
0.9997118415
100
AcDbArc
 50
67.9106463899
 51
150.0194342899
  0
ARC
  5
C7D
100
AcDbEntity
  8
RUNDUNGEN
100
AcDbCircle
 62
7
  6
CONTINUOUS
 10
73.8802460305
 20
128.2930784349
 40
0.4978851179
100
AcDbArc
 50
74.4420798632
 51
82.2352405294
  0
ARC
  5
C7E
100
AcDbEntity
  8
RUNDUNGEN
100
AcDbCircle
 62
7
  6
CONTINUOUS
 10
77.3306968744
 20
131.1222843214
 40
0.3995088658
100
AcDbArc
 50
89.9821175839
 51
177.5964761724
  0
ARC
  5
C7F
100
AcDbEntity
  8
0
100
AcDbCircle
 62
7
  6
CONTINUOUS
 10
72.8766743799
 20
140.4156433941
 40
0.2083333333
100
AcDbArc
 50
240.0
 51
60.0
  0
ARC
  5
C80
100
AcDbEntity
  8
0
100
AcDbCircle
 62
7
  6
CONTINUOUS
 10
73.3421044445
 20
139.9891553166
 40
0.2083333333
100
AcDbArc
 50
35.0
 51
215.0
  0
ARC
  5
C81
100
AcDbEntity
  8
0
100
AcDbCircle
 62
7
  6
CONTINUOUS
 10
73.4104614271
 20
138.4235230136
 40
0.2083333333
100
AcDbArc
 50
240.0
 51
330.0
  0
ARC
  5
C82
100
AcDbEntity
  8
0
100
AcDbCircle
 62
7
  6
CONTINUOUS
 10
72.7789977262
 20
138.7880987513
 40
0.2083333333
100
AcDbArc
 50
60.0
 51
240.0
  0
ARC
  5
C83
100
AcDbEntity
  8
0
100
AcDbCircle
 62
7
  6
CONTINUOUS
 10
156.5803753616
 20
104.2809701131
 40
2.2
100
AcDbArc
 50
220.5142902639
 51
270.0
  0
ARC
  5
C84
100
AcDbEntity
  8
0
100
AcDbCircle
 62
3
  6
CONTINUOUS
 10
168.2803753616
 20
95.9957366266
 40
1.6
100
AcDbArc
 50
0.0
 51
68.3318153442
  0
ARC
  5
C85
100
AcDbEntity
  8
0
100
AcDbCircle
 62
7
  6
CONTINUOUS
 10
156.5803753616
 20
104.2809701131
 40
1.5
100
AcDbArc
 50
220.5142902639
 51
270.0
  0
ARC
  5
C86
100
AcDbEntity
  8
0
100
AcDbCircle
 62
7
  6
CONTINUOUS
 10
169.2403753616
 20
98.4120147563
 40
1.5
100
AcDbArc
 50
180.0
 51
248.3318153442
  0
ARC
  5
C87
100
AcDbEntity
  8
0
100
AcDbCircle
 62
7
  6
CONTINUOUS
 10
168.2803753616
 20
95.9957366266
 40
1.1
100
AcDbArc
 50
0.0
 51
68.3318153442
  0
ARC
  5
C88
100
AcDbEntity
  8
0
100
AcDbCircle
 62
3
  6
CONTINUOUS
 10
168.8803753616
 20
88.8909701131
 40
1.0
100
AcDbArc
 50
270.0
 51
360.0
  0
ARC
  5
C89
100
AcDbEntity
  8
0
100
AcDbCircle
 62
3
  6
CONTINUOUS
 10
169.2403753616
 20
98.4120147563
 40
1.0
100
AcDbArc
 50
180.0
 51
248.3318153442
  0
ARC
  5
C8A
100
AcDbEntity
  8
0
100
AcDbCircle
 62
7
  6
CONTINUOUS
 10
168.6403753616
 20
98.4120147563
 40
0.9
100
AcDbArc
 50
90.0
 51
180.0
  0
ARC
  5
C8B
100
AcDbEntity
  8
RUNDUNGEN
100
AcDbCircle
 62
7
  6
CONTINUOUS
 10
155.7803753616
 20
82.9109701131
 40
0.8
100
AcDbArc
 50
270.0
 51
352.5001557124
  0
ARC
  5
C8C
100
AcDbEntity
  8
RUNDUNGEN
100
AcDbCircle
 62
7
  6
CONTINUOUS
 10
155.7803753616
 20
107.3109701131
 40
0.8
100
AcDbArc
 50
270.0
 51
360.0
  0
ARC
  5
C8D
100
AcDbEntity
  8
0
100
AcDbCircle
 62
7
  6
CONTINUOUS
 10
156.4363484845
 20
88.7409701131
 40
0.8
100
AcDbArc
 50
90.0
 51
270.0
  0
ARC
  5
C8E
100
AcDbEntity
  8
0
100
AcDbCircle
 62
7
  6
CONTINUOUS
 10
168.8803753616
 20
88.8909701131
 40
0.5
100
AcDbArc
 50
270.0
 51
360.0
  0
ARC
  5
C8F
100
AcDbEntity
  8
0
100
AcDbCircle
 62
7
  6
CONTINUOUS
 10
163.1803753616
 20
95.2809701131
 40
0.4
100
AcDbArc
 50
284.6156164352
 51
75.3843835648
  0
ARC
  5
C90
100
AcDbEntity
  8
0
100
AcDbCircle
 62
3
  6
CONTINUOUS
 10
168.6403753616
 20
98.4120147563
 40
0.4
100
AcDbArc
 50
90.0
 51
180.0
  0
ARC
  5
C91
100
AcDbEntity
  8
0
100
AcDbCircle
 62
3
  6
CONTINUOUS
 10
172.6792609451
 20
101.1129298212
 40
0.3995031375
100
AcDbArc
 50
192.8850798491
 51
204.7859075155
  0
ARC
  5
C92
100
AcDbEntity
  8
0
100
AcDbCircle
 62
3
  6
CONTINUOUS
 10
156.4363484845
 20
88.7409701131
 40
0.3
100
AcDbArc
 50
90.0
 51
270.0
  0
ARC
  5
C93
100
AcDbEntity
  8
0
100
AcDbCircle
 62
7
  6
CONTINUOUS
 10
180.4224280704
 20
134.1526248619
 40
3.0305507149
100
AcDbArc
 50
161.3607177025
 51
161.4765614936
  0
ARC
  5
C94
100
AcDbEntity
  8
0
100
AcDbCircle
 62
7
  6
CONTINUOUS
 10
180.3505308599
 20
134.1768882343
 40
2.9546697557
100
AcDbArc
 50
161.1905248631
 51
161.3609455334
  0
ARC
  5
C95
100
AcDbEntity
  8
0
100
AcDbCircle
 62
3
  6
CONTINUOUS
 10
161.2656803297
 20
114.7709701131
 40
1.6
100
AcDbArc
 50
270.0
 51
313.0
  0
ARC
  5
C96
100
AcDbEntity
  8
0
100
AcDbCircle
 62
7
  6
CONTINUOUS
 10
161.2656803297
 20
114.7709701131
 40
1.0
100
AcDbArc
 50
270.0
 51
313.0
  0
ARC
  5
C97
100
AcDbEntity
  8
0
100
AcDbCircle
 62
7
  6
CONTINUOUS
 10
183.8158021418
 20
83.8048660213
 40
4.9237165683
100
AcDbArc
 50
192.6611046093
 51
193.3158647813
  0
ARC
  5
C98
100
AcDbEntity
  8
0
100
AcDbCircle
 62
7
  6
CONTINUOUS
 10
183.1463891651
 20
83.6475337957
 40
4.2360641734
100
AcDbArc
 50
193.3304223332
 51
193.6778728952
  0
ARC
  5
C99
100
AcDbEntity
  8
0
100
AcDbCircle
 62
7
  6
CONTINUOUS
 10
182.1863953589
 20
83.6860106152
 40
3.3524316202
100
AcDbArc
 50
197.7274128453
 51
198.2669858773
  0
ARC
  5
C9A
100
AcDbEntity
  8
0
100
AcDbCircle
 62
3
  6
CONTINUOUS
 10
190.5803753616
 20
86.3409701131
 40
2.1
100
AcDbArc
 50
40.2435658439
 51
90.0
  0
ARC
  5
C9B
100
AcDbEntity
  8
0
100
AcDbCircle
 62
7
  6
CONTINUOUS
 10
190.5803753616
 20
86.3409701131
 40
1.6
100
AcDbArc
 50
0.0
 51
90.0
  0
ARC
  5
C9C
100
AcDbEntity
  8
RUNDUNGEN
100
AcDbCircle
 62
7
  6
CONTINUOUS
 10
195.3803753616
 20
79.2032042109
 40
0.8
100
AcDbArc
 50
272.0
 51
360.0
  0
ARC
  5
C9D
100
AcDbEntity
  8
RUNDUNGEN
100
AcDbCircle
 62
7
  6
CONTINUOUS
 10
201.1803753616
 20
93.9213822698
 40
0.6
100
AcDbArc
 50
270.5
 51
360.0
  0
ARC
  5
C9E
100
AcDbEntity
  8
0
100
AcDbCircle
 62
7
  6
CONTINUOUS
 10
183.8158021418
 20
131.8048660213
 40
4.9237165683
100
AcDbArc
 50
192.6611046093
 51
193.3158647813
  0
ARC
  5
C9F
100
AcDbEntity
  8
0
100
AcDbCircle
 62
7
  6
CONTINUOUS
 10
183.1463891636
 20
131.6475337953
 40
4.2360641718
100
AcDbArc
 50
193.3304223331
 51
193.6778728952
  0
ARC
  5
CA0
100
AcDbEntity
  8
RUNDUNGEN
100
AcDbCircle
 62
7
  6
CONTINUOUS
 10
205.9660766906
 20
131.8290658514
 40
4.0261704873
100
AcDbArc
 50
350.1316129011
 51
355.0288109361
  0
ARC
  5
CA1
100
AcDbEntity
  8
0
100
AcDbCircle
 62
7
  6
CONTINUOUS
 10
182.1863953596
 20
131.6860106154
 40
3.3524316209
100
AcDbArc
 50
197.7274128453
 51
198.2669858773
  0
ARC
  5
CA2
100
AcDbEntity
  8
BEZUGSACHSEN
100
AcDbCircle
 62
7
  6
CONTINUOUS
 10
200.2803753616
 20
122.1706321962
 40
1.5
100
AcDbArc
 50
0.0
 51
53.1041729882
  0
ARC
  5
CA3
100
AcDbEntity
  8
0
100
AcDbCircle
 62
7
  6
CONTINUOUS
 10
207.5910086783
 20
131.8526896803
 40
1.0
100
AcDbArc
 50
270.0
 51
348.0989901704
  0
ARC
  5
CA4
100
AcDbEntity
  8
RUNDUNGEN
100
AcDbCircle
 62
7
  6
CONTINUOUS
 10
195.3803753616
 20
139.3787360153
 40
0.8
100
AcDbArc
 50
8.7998215944
 51
87.9999999998
  0
ARC
  5
CA5
100
AcDbEntity
  8
AUSFORMSCHRAEGEN
100
AcDbCircle
 62
7
  6
CONTINUOUS
 10
247.0164202713
 20
85.2909701131
 40
7.0
100
AcDbArc
 50
180.0
 51
270.0
  0
ARC
  5
CA6
100
AcDbEntity
  8
0
100
AcDbCircle
 62
7
  6
CONTINUOUS
 10
247.0164202713
 20
85.2909701131
 40
7.0
100
AcDbArc
 50
180.0
 51
270.0
  0
ARC
  5
CA7
100
AcDbEntity
  8
RUNDUNGEN
100
AcDbCircle
 62
7
  6
CONTINUOUS
 10
247.0164202713
 20
85.2909701131
 40
5.4
100
AcDbArc
 50
207.5918709337
 51
315.6471191396
  0
ARC
  5
CA8
100
AcDbEntity
  8
RUNDUNGEN
100
AcDbCircle
 62
7
  6
CONTINUOUS
 10
247.0164202713
 20
85.2909701131
 40
5.4
100
AcDbArc
 50
317.5283229461
 51
323.8751359266
  0
ARC
  5
CA9
100
AcDbEntity
  8
0
100
AcDbCircle
 62
7
  6
CONTINUOUS
 10
247.0161195931
 20
85.2944573965
 40
3.0034884422
100
AcDbArc
 50
270.2291880974
 51
279.6268372853
  0
ARC
  5
CAA
100
AcDbEntity
  8
0
100
AcDbCircle
 62
7
  6
CONTINUOUS
 10
247.016436609
 20
85.2909840171
 40
3.0000153644
100
AcDbArc
 50
236.4840916311
 51
270.0000091334
  0
ARC
  5
CAB
100
AcDbEntity
  8
BEZUGSACHSEN
100
AcDbCircle
 62
7
  6
CONTINUOUS
 10
247.0164202713
 20
85.2909701131
 40
3.0
100
AcDbArc
 50
279.6382703024
 51
303.4569384006
  0
ARC
  5
CAC
100
AcDbEntity
  8
0
100
AcDbCircle
 62
7
  6
CONTINUOUS
 10
247.0163064609
 20
85.2833349543
 40
2.9923653449
100
AcDbArc
 50
270.0025011451
 51
270.226461985
  0
ARC
  5
CAD
100
AcDbEntity
  8
0
100
AcDbCircle
 62
7
  6
CONTINUOUS
 10
246.8240261724
 20
85.2143080547
 40
2.9635382225
100
AcDbArc
 50
283.5505923393
 51
299.9246292474
  0
ARC
  5
CAE
100
AcDbEntity
  8
0
100
AcDbCircle
 62
7
  6
CONTINUOUS
 10
246.7568507453
 20
85.1799369612
 40
2.9467766256
100
AcDbArc
 50
284.9770941976
 51
301.4193720803
  0
ARC
  5
CAF
100
AcDbEntity
  8
0
100
AcDbCircle
 62
7
  6
CONTINUOUS
 10
246.8459956774
 20
85.1731468086
 40
2.9169051629
100
AcDbArc
 50
299.9539582976
 51
305.234009976
  0
ARC
  5
CB0
100
AcDbEntity
  8
0
100
AcDbCircle
 62
7
  6
CONTINUOUS
 10
246.7759632828
 20
85.1448621576
 40
2.9068820186
100
AcDbArc
 50
301.4582858693
 51
305.8865609232
  0
ARC
  5
CB1
100
AcDbEntity
  8
RUNDUNGEN
100
AcDbCircle
 62
7
  6
CONTINUOUS
 10
249.4475828933
 20
82.9141133009
 40
2.0
100
AcDbArc
 50
315.6471191396
 51
336.3110902896
  0
ARC
  5
CB2
100
AcDbEntity
  8
0
100
AcDbCircle
 62
7
  6
CONTINUOUS
 10
249.1664202713
 20
109.2909701131
 40
1.6
100
AcDbArc
 50
330.791126038
 51
306.4629843603
  0
ARC
  5
CB3
100
AcDbEntity
  8
FASEN
100
AcDbCircle
 62
7
  6
CONTINUOUS
 10
249.1664202713
 20
109.2909701131
 40
1.5
100
AcDbArc
 50
328.5597249443
 51
309.4355303118
  0
ARC
  5
CB4
100
AcDbEntity
  8
BEZUGSACHSEN
100
AcDbCircle
 62
7
  6
CONTINUOUS
 10
250.3664202713
 20
95.2809701131
 40
1.4
100
AcDbArc
 50
100.2915754197
 51
259.7084245803
  0
CIRCLE
  5
CB5
100
AcDbEntity
  8
FASEN
100
AcDbCircle
 62
7
  6
CONTINUOUS
 10
249.1664202713
 20
109.2909701131
 40
1.1
  0
ARC
  5
CB6
100
AcDbEntity
  8
0
100
AcDbCircle
 62
7
  6
CONTINUOUS
 10
259.5164202713
 20
81.4909701131
 40
1.0
100
AcDbArc
 50
180.0
 51
270.0
  0
CIRCLE
  5
CB7
100
AcDbEntity
  8
BEZUGSACHSEN
100
AcDbCircle
 62
7
  6
CONTINUOUS
 10
264.7364202713
 20
113.5109701131
 40
0.8
  0
CIRCLE
  5
CB8
100
AcDbEntity
  8
BEZUGSACHSEN
100
AcDbCircle
 62
7
  6
CONTINUOUS
 10
259.6564202713
 20
113.5109701131
 40
0.8
  0
ARC
  5
CB9
100
AcDbEntity
  8
RUNDUNGEN
100
AcDbCircle
 62
9
  6
CONTINUOUS
 10
259.5164202713
 20
81.4909701131
 40
0.3999927693
100
AcDbArc
 50
180.0
 51
270.0
  0
ARC
  5
CBA
100
AcDbEntity
  8
RUNDUNGEN
100
AcDbCircle
 62
7
  6
CONTINUOUS
 10
49.8750007783
 20
153.1810121343
 40
212.4378225489
100
AcDbArc
 50
353.812886689
 51
354.0331403868
  0
ARC
  5
CBB
100
AcDbEntity
  8
0
100
AcDbCircle
 62
7
  6
CONTINUOUS
 10
217.8718927462
 20
128.4772064876
 40
49.9445276767
100
AcDbArc
 50
359.9955365837
 51
0.1983361396
  0
ARC
  5
CBC
100
AcDbEntity
  8
AUSFORMSCHRAEGEN
100
AcDbCircle
 62
7
  6
CONTINUOUS
 10
247.0164202713
 20
133.2909701131
 40
7.0
100
AcDbArc
 50
158.295004298
 51
180.0
  0
ARC
  5
CBD
100
AcDbEntity
  8
AUSFORMSCHRAEGEN
100
AcDbCircle
 62
7
  6
CONTINUOUS
 10
247.0164202713
 20
133.2909701131
 40
7.0
100
AcDbArc
 50
90.0
 51
144.1051650934
  0
ARC
  5
CBE
100
AcDbEntity
  8
0
100
AcDbCircle
 62
7
  6
CONTINUOUS
 10
247.0164202713
 20
133.2909701131
 40
7.0
100
AcDbArc
 50
158.4175372678
 51
180.0
  0
ARC
  5
CBF
100
AcDbEntity
  8
0
100
AcDbCircle
 62
7
  6
CONTINUOUS
 10
247.0164202713
 20
133.2909701131
 40
7.0
100
AcDbArc
 50
90.0
 51
144.072498085
  0
ARC
  5
CC0
100
AcDbEntity
  8
0
100
AcDbCircle
 62
7
  6
CONTINUOUS
 10
247.0164202713
 20
133.2909701131
 40
4.8
100
AcDbArc
 50
90.0
 51
121.2248502093
  0
ARC
  5
CC1
100
AcDbEntity
  8
0
100
AcDbCircle
 62
7
  6
CONTINUOUS
 10
259.9164202713
 20
129.6909701131
 40
2.5
100
AcDbArc
 50
90.0
 51
270.0
  0
CIRCLE
  5
CC2
100
AcDbEntity
  8
0
100
AcDbCircle
 62
7
  6
CONTINUOUS
 10
254.4364202713
 20
132.2909701131
 40
1.6
  0
CIRCLE
  5
CC3
100
AcDbEntity
  8
FASEN
100
AcDbCircle
 62
7
  6
CONTINUOUS
 10
254.4364202713
 20
132.2909701131
 40
1.5
  0
ARC
  5
CC4
100
AcDbEntity
  8
RUNDUNGEN
100
AcDbCircle
 62
7
  6
CONTINUOUS
 10
254.1578437747
 20
129.4043812723
 40
1.4
100
AcDbArc
 50
68.7394198621
 51
84.4876180659
  0
ARC
  5
CC5
100
AcDbEntity
  8
RUNDUNGEN
100
AcDbCircle
 62
7
  6
CONTINUOUS
 10
257.2160761726
 20
133.117718606
 40
1.4
100
AcDbArc
 50
196.5639705893
 51
212.1854073311
  0
CIRCLE
  5
CC6
100
AcDbEntity
  8
FASEN
100
AcDbCircle
 62
7
  6
CONTINUOUS
 10
254.4364202713
 20
132.2909701131
 40
1.1
  0
CIRCLE
  5
CC7
100
AcDbEntity
  8
BEZUGSACHSEN
100
AcDbCircle
 62
7
  6
CONTINUOUS
 10
262.1964202713
 20
118.5909701131
 40
0.8
  0
CIRCLE
  5
CC8
100
AcDbEntity
  8
BEZUGSACHSEN
100
AcDbCircle
 62
7
  6
CONTINUOUS
 10
257.1164202713
 20
118.5909701131
 40
0.8
  0
ARC
  5
CC9
100
AcDbEntity
  8
RUNDUNGEN
100
AcDbCircle
 62
7
  6
CONTINUOUS
 10
263.7164202713
 20
137.4909701131
 40
0.6
100
AcDbArc
 50
0.0
 51
90.0
  0
ARC
  5
CCA
100
AcDbEntity
  8
RUNDUNGEN
100
AcDbCircle
 62
7
  6
CONTINUOUS
 10
264.286876401
 20
128.2718088658
 40
0.5193913404
100
AcDbArc
 50
89.9917637218
 51
97.7969166172
  0
ARC
  5
CCB
100
AcDbEntity
  8
RUNDUNGEN
100
AcDbCircle
 62
7
  6
CONTINUOUS
 10
264.283681954
 20
128.293078435
 40
0.4978851179
100
AcDbArc
 50
97.7647594705
 51
105.5579201369
  0
ARC
  5
CCC
100
AcDbEntity
  8
RUNDUNGEN
100
AcDbCircle
 62
7
  6
CONTINUOUS
 10
260.7861832619
 20
131.1362008628
 40
0.3776362716
100
AcDbArc
 50
354.1080389376
 51
1.6880078382
  0
ARC
  5
CCD
100
AcDbEntity
  8
BEZUGSACHSEN
100
AcDbCircle
 62
7
  6
CONTINUOUS
 10
266.0164202713
 20
109.2909701131
 40
25.0
100
AcDbArc
 50
119.6571837243
 51
119.9038508118
  0
ARC
  5
CCE
100
AcDbEntity
  8
0
100
AcDbCircle
 62
7
  6
CONTINUOUS
 10
266.0164202713
 20
109.2909701131
 40
22.4
100
AcDbArc
 50
75.5224878141
 51
104.4775121859
  0
ARC
  5
CCF
100
AcDbEntity
  8
0
100
AcDbCircle
 62
7
  6
CONTINUOUS
 10
266.0164202713
 20
109.2909701131
 40
22.0049862263
100
AcDbArc
 50
67.85
 51
75.2567644135
  0
ARC
  5
CD0
100
AcDbEntity
  8
0
100
AcDbCircle
 62
7
  6
CONTINUOUS
 10
266.0164202713
 20
109.2909701131
 40
22.0049862263
100
AcDbArc
 50
104.7432355865
 51
112.15
  0
ARC
  5
CD1
100
AcDbEntity
  8
0
100
AcDbCircle
 62
7
  6
CONTINUOUS
 10
266.0164202713
 20
109.2909701131
 40
22.0
100
AcDbArc
 50
319.8002357154
 51
320.8060753982
  0
ARC
  5
CD2
100
AcDbEntity
  8
0
100
AcDbCircle
 62
7
  6
CONTINUOUS
 10
266.0164202713
 20
109.2909701131
 40
22.0
100
AcDbArc
 50
219.1906603044
 51
223.6807068738
  0
ARC
  5
CD3
100
AcDbEntity
  8
RUNDUNGEN
100
AcDbCircle
 62
7
  6
CONTINUOUS
 10
266.0164202713
 20
109.0526896803
 40
21.8
100
AcDbArc
 50
68.0860918103
 51
111.9139081897
  0
ARC
  5
CD4
100
AcDbEntity
  8
RUNDUNGEN
100
AcDbCircle
 62
7
  6
CONTINUOUS
 10
266.0164202713
 20
109.0526896803
 40
20.4
100
AcDbArc
 50
68.47
 51
111.53
  0
CIRCLE
  5
CD5
100
AcDbEntity
  8
BEZUGSACHSEN
100
AcDbCircle
 62
7
  6
CONTINUOUS
 10
274.8964202713
 20
113.5109701131
 40
0.8
  0
CIRCLE
  5
CD6
100
AcDbEntity
  8
BEZUGSACHSEN
100
AcDbCircle
 62
7
  6
CONTINUOUS
 10
269.8164202713
 20
113.5109701131
 40
0.8
  0
ARC
  5
CD7
100
AcDbEntity
  8
AUSFORMSCHRAEGEN
100
AcDbCircle
 62
7
  6
CONTINUOUS
 10
285.0164202713
 20
85.2909701131
 40
7.0
100
AcDbArc
 50
270.0
 51
360.0
  0
ARC
  5
CD8
100
AcDbEntity
  8
0
100
AcDbCircle
 62
7
  6
CONTINUOUS
 10
285.0164202713
 20
85.2909701131
 40
7.0
100
AcDbArc
 50
270.0
 51
360.0
  0
ARC
  5
CD9
100
AcDbEntity
  8
0
100
AcDbCircle
 62
7
  6
CONTINUOUS
 10
285.0164202713
 20
85.2909701131
 40
4.8
100
AcDbArc
 50
270.0
 51
328.5639201806
  0
ARC
  5
CDA
100
AcDbEntity
  8
RUNDUNGEN
100
AcDbCircle
 62
9
  6
CONTINUOUS
 10
285.0164202713
 20
85.2909701131
 40
4.1999980554
100
AcDbArc
 50
270.0
 51
323.467436498
  0
ARC
  5
CDB
100
AcDbEntity
  8
BEZUGSACHSEN
100
AcDbCircle
 62
7
  6
CONTINUOUS
 10
281.6664202713
 20
95.2809701131
 40
1.4
100
AcDbArc
 50
280.2915754197
 51
79.7084245803
  0
ARC
  5
CDC
100
AcDbEntity
  8
0
100
AcDbCircle
 62
7
  6
CONTINUOUS
 10
282.8664202713
 20
109.2909701131
 40
1.6
100
AcDbArc
 50
233.5370156397
 51
209.208873962
  0
ARC
  5
CDD
100
AcDbEntity
  8
FASEN
100
AcDbCircle
 62
7
  6
CONTINUOUS
 10
282.8664202713
 20
109.2909701131
 40
1.5
100
AcDbArc
 50
230.5644696882
 51
211.4402750557
  0
CIRCLE
  5
CDE
100
AcDbEntity
  8
FASEN
100
AcDbCircle
 62
7
  6
CONTINUOUS
 10
282.8664202713
 20
109.2909701131
 40
1.1
  0
ARC
  5
CDF
100
AcDbEntity
  8
RUNDUNGEN
100
AcDbCircle
 62
7
  6
CONTINUOUS
 10
482.1548512903
 20
153.1806834738
 40
212.4348160604
100
AcDbArc
 50
185.9668442346
 51
186.1871120538
  0
ARC
  5
CE0
100
AcDbEntity
  8
0
100
AcDbCircle
 62
7
  6
CONTINUOUS
 10
315.7122113272
 20
128.474572875
 40
51.4957910712
100
AcDbArc
 50
179.8046305289
 51
180.0013987226
  0
ARC
  5
CE1
100
AcDbEntity
  8
AUSFORMSCHRAEGEN
100
AcDbCircle
 62
7
  6
CONTINUOUS
 10
285.0164202713
 20
133.2909701131
 40
7.0
100
AcDbArc
 50
35.8948349066
 51
90.0
  0
ARC
  5
CE2
100
AcDbEntity
  8
AUSFORMSCHRAEGEN
100
AcDbCircle
 62
7
  6
CONTINUOUS
 10
285.0164202713
 20
133.2909701131
 40
7.0
100
AcDbArc
 50
0.0
 51
21.704995702
  0
ARC
  5
CE3
100
AcDbEntity
  8
0
100
AcDbCircle
 62
7
  6
CONTINUOUS
 10
285.0164202713
 20
133.2909701131
 40
7.0
100
AcDbArc
 50
35.927501915
 51
90.0
  0
ARC
  5
CE4
100
AcDbEntity
  8
0
100
AcDbCircle
 62
7
  6
CONTINUOUS
 10
285.0164202713
 20
133.2909701131
 40
7.0
100
AcDbArc
 50
0.0
 51
21.5824627322
  0
ARC
  5
CE5
100
AcDbEntity
  8
0
100
AcDbCircle
 62
7
  6
CONTINUOUS
 10
285.0164202713
 20
133.2909701131
 40
5.4
100
AcDbArc
 50
49.4258069154
 51
130.5206647393
  0
ARC
  5
CE6
100
AcDbEntity
  8
0
100
AcDbCircle
 62
7
  6
CONTINUOUS
 10
272.1164202713
 20
129.6909701131
 40
2.5
100
AcDbArc
 50
270.0
 51
90.0
  0
ARC
  5
CE7
100
AcDbEntity
  8
0
100
AcDbCircle
 62
7
  6
CONTINUOUS
 10
278.4396040359
 20
135.6878865294
 40
2.0
100
AcDbArc
 50
256.0597653268
 51
267.9621717637
  0
CIRCLE
  5
CE8
100
AcDbEntity
  8
0
100
AcDbCircle
 62
7
  6
CONTINUOUS
 10
277.5964202713
 20
132.2909701131
 40
1.6
  0
CIRCLE
  5
CE9
100
AcDbEntity
  8
FASEN
100
AcDbCircle
 62
7
  6
CONTINUOUS
 10
277.5964202713
 20
132.2909701131
 40
1.5
  0
ARC
  5
CEA
100
AcDbEntity
  8
RUNDUNGEN
100
AcDbCircle
 62
7
  6
CONTINUOUS
 10
277.8749967679
 20
129.4043812723
 40
1.4
100
AcDbArc
 50
95.5123819341
 51
111.2605801379
  0
ARC
  5
CEB
100
AcDbEntity
  8
RUNDUNGEN
100
AcDbCircle
 62
7
  6
CONTINUOUS
 10
274.81676437
 20
133.117718606
 40
1.4
100
AcDbArc
 50
327.8145926689
 51
343.4360294107
  0
ARC
  5
CEC
100
AcDbEntity
  8
0
100
AcDbCircle
 62
7
  6
CONTINUOUS
 10
279.2164202713
 20
136.8909701131
 40
1.4
100
AcDbArc
 50
20.962311698
 51
159.037688302
  0
CIRCLE
  5
CED
100
AcDbEntity
  8
FASEN
100
AcDbCircle
 62
7
  6
CONTINUOUS
 10
277.5964202713
 20
132.2909701131
 40
1.1
  0
ARC
  5
CEE
100
AcDbEntity
  8
0
100
AcDbCircle
 62
7
  6
CONTINUOUS
 10
272.5164202713
 20
137.0909701131
 40
1.0
100
AcDbArc
 50
17.4688810986
 51
90.0
  0
CIRCLE
  5
CEF
100
AcDbEntity
  8
BEZUGSACHSEN
100
AcDbCircle
 62
7
  6
CONTINUOUS
 10
272.3564202713
 20
118.5909701131
 40
0.8
  0
CIRCLE
  5
CF0
100
AcDbEntity
  8
BEZUGSACHSEN
100
AcDbCircle
 62
7
  6
CONTINUOUS
 10
267.2764202713
 20
118.5909701131
 40
0.8
  0
ARC
  5
CF1
100
AcDbEntity
  8
RUNDUNGEN
100
AcDbCircle
 62
7
  6
CONTINUOUS
 10
268.3164202713
 20
137.4909701131
 40
0.6
100
AcDbArc
 50
90.0
 51
180.0
  0
ARC
  5
CF2
100
AcDbEntity
  8
RUNDUNGEN
100
AcDbCircle
 62
7
  6
CONTINUOUS
 10
267.7459644825
 20
128.2718174023
 40
0.5193828039
100
AcDbArc
 50
82.1910761652
 51
90.0082740177
  0
ARC
  5
CF3
100
AcDbEntity
  8
RUNDUNGEN
100
AcDbCircle
 62
7
  6
CONTINUOUS
 10
267.7482731315
 20
128.2887870814
 40
0.5022568145
100
AcDbArc
 50
74.4760724628
 51
82.1889739487
  0
ARC
  5
CF4
100
AcDbEntity
  8
RUNDUNGEN
100
AcDbCircle
 62
7
  6
CONTINUOUS
 10
271.2465079578
 20
131.1362234029
 40
0.3774470236
100
AcDbArc
 50
178.3159282113
 51
185.893697983
  0
ARC
  5
CF5
100
AcDbEntity
  8
AUSFORMSCHRAEGEN
100
AcDbCircle
 62
7
  6
CONTINUOUS
 10
55.3568281621
 20
193.5476721081
 40
7.0
100
AcDbArc
 50
180.0
 51
270.0
  0
ARC
  5
CF6
100
AcDbEntity
  8
RUNDUNGEN
100
AcDbCircle
 62
9
  6
CONTINUOUS
 10
55.3568281621
 20
193.5476721081
 40
6.8872785631
100
AcDbArc
 50
180.0
 51
270.0
  0
ARC
  5
CF7
100
AcDbEntity
  8
RUNDUNGEN
100
AcDbCircle
 62
9
  6
CONTINUOUS
 10
55.3568281621
 20
193.5476721081
 40
6.087765483
100
AcDbArc
 50
180.0
 51
270.0
  0
ARC
  5
CF8
100
AcDbEntity
  8
BEZUGSACHSEN
100
AcDbCircle
 62
7
  6
CONTINUOUS
 10
54.3568281621
 20
190.9476721081
 40
2.0
100
AcDbArc
 50
90.0
 51
270.0
  0
ARC
  5
CF9
100
AcDbEntity
  8
0
100
AcDbCircle
 62
7
  6
CONTINUOUS
 10
64.1525088538
 20
190.9676721081
 40
1.2
100
AcDbArc
 50
270.0
 51
345.0
  0
ARC
  5
CFA
100
AcDbEntity
  8
0
100
AcDbCircle
 62
7
  6
CONTINUOUS
 10
63.0583975973
 20
190.7276721081
 40
0.96
100
AcDbArc
 50
165.0
 51
270.0
  0
ARC
  5
CFB
100
AcDbEntity
  8
0
100
AcDbCircle
 62
7
  6
CONTINUOUS
 10
63.8654578868
 20
190.8236721081
 40
0.48
100
AcDbArc
 50
270.0
 51
345.0
  0
ARC
  5
CFC
100
AcDbEntity
  8
0
100
AcDbCircle
 62
7
  6
CONTINUOUS
 10
63.4559436506
 20
190.7276721081
 40
0.384
100
AcDbArc
 50
165.0
 51
270.0
  0
ARC
  5
CFD
100
AcDbEntity
  8
0
100
AcDbCircle
 62
7
  6
CONTINUOUS
 10
59.2362889413
 20
211.4575881199
 40
1.2
100
AcDbArc
 50
180.0
 51
218.0
  0
ARC
  5
CFE
100
AcDbEntity
  8
0
100
AcDbCircle
 62
3
  6
CONTINUOUS
 10
59.2362889413
 20
211.4575881199
 40
0.7
100
AcDbArc
 50
180.0
 51
218.0
  0
ARC
  5
CFF
100
AcDbEntity
  8
RUNDUNGEN
100
AcDbCircle
 62
7
  6
CONTINUOUS
 10
60.5968281621
 20
212.4476721081
 40
2.0
100
AcDbArc
 50
338.4348149848
 51
21.5651850152
  0
ARC
  5
D00
100
AcDbEntity
  8
RUNDUNGEN
100
AcDbCircle
 62
9
  6
CONTINUOUS
 10
60.5968281621
 20
212.4476721081
 40
1.6
100
AcDbArc
 50
335.8531520035
 51
24.1468479965
  0
ARC
  5
D01
100
AcDbEntity
  8
RUNDUNGEN
100
AcDbCircle
 62
7
  6
CONTINUOUS
 10
60.5968281621
 20
222.6476721081
 40
2.0
100
AcDbArc
 50
338.4348149848
 51
21.5651850152
  0
ARC
  5
D02
100
AcDbEntity
  8
RUNDUNGEN
100
AcDbCircle
 62
9
  6
CONTINUOUS
 10
60.5968281621
 20
222.6476721081
 40
1.6
100
AcDbArc
 50
335.8531520035
 51
24.1468479965
  0
ARC
  5
D03
100
AcDbEntity
  8
RUNDUNGEN
100
AcDbCircle
 62
7
  6
CONTINUOUS
 10
65.7995141333
 20
195.5601201858
 40
17.936891628
100
AcDbArc
 50
100.7403259054
 51
102.0437519936
  0
ARC
  5
D04
100
AcDbEntity
  8
RUNDUNGEN
100
AcDbCircle
 62
7
  6
CONTINUOUS
 10
65.7995141333
 20
205.7601201856
 40
17.9368916282
100
AcDbArc
 50
100.7403259054
 51
102.0437519936
  0
ARC
  5
D05
100
AcDbEntity
  8
0
100
AcDbCircle
 62
7
  6
CONTINUOUS
 10
68.0068281621
 20
210.3376721081
 40
0.8
100
AcDbArc
 50
251.7870379639
 51
360.0
  0
ARC
  5
D06
100
AcDbEntity
  8
BEZUGSACHSEN
100
AcDbCircle
 62
7
  6
CONTINUOUS
 10
70.5568281621
 20
221.7676721081
 40
0.8
100
AcDbArc
 50
292.0706404301
 51
300.1221167282
  0
ARC
  5
D07
100
AcDbEntity
  8
BEZUGSACHSEN
100
AcDbCircle
 62
7
  6
CONTINUOUS
 10
70.5568281621
 20
221.7676721081
 40
0.8
100
AcDbArc
 50
151.2469293893
 51
208.7530706107
  0
ARC
  5
D08
100
AcDbEntity
  8
0
100
AcDbCircle
 62
7
  6
CONTINUOUS
 10
73.0868281621
 20
210.3376721081
 40
0.8
100
AcDbArc
 50
180.0
 51
360.0
  0
ARC
  5
D09
100
AcDbEntity
  8
RUNDUNGEN
100
AcDbCircle
 62
7
  6
CONTINUOUS
 10
74.3568281621
 20
217.5476721081
 40
23.6
100
AcDbArc
 50
122.5348130661
 51
57.4651882225
  0
ARC
  5
D0A
100
AcDbEntity
  8
RUNDUNGEN
100
AcDbCircle
 62
9
  6
CONTINUOUS
 10
74.3568281621
 20
217.5476721081
 40
23.4590982048
100
AcDbArc
 50
122.7305846946
 51
57.2694153054
  0
ARC
  5
D0B
100
AcDbEntity
  8
RUNDUNGEN
100
AcDbCircle
 62
9
  6
CONTINUOUS
 10
74.3568281621
 20
217.5476721081
 40
22.4597073777
100
AcDbArc
 50
122.7301753578
 51
57.2698720208
  0
ARC
  5
D0C
100
AcDbEntity
  8
AUSFORMSCHRAEGEN
100
AcDbCircle
 62
7
  6
CONTINUOUS
 10
74.3568281621
 20
217.5476721081
 40
22.4
100
AcDbArc
 50
102.5178737479
 51
120.0
  0
ARC
  5
D0D
100
AcDbEntity
  8
AUSFORMSCHRAEGEN
100
AcDbCircle
 62
7
  6
CONTINUOUS
 10
74.3568281621
 20
217.5476721081
 40
22.4
100
AcDbArc
 50
60.0
 51
77.4822299069
  0
ARC
  5
D0E
100
AcDbEntity
  8
0
100
AcDbCircle
 62
7
  6
CONTINUOUS
 10
74.3568281621
 20
217.5476721081
 40
22.0049862263
100
AcDbArc
 50
67.85
 51
75.2567644135
  0
ARC
  5
D0F
100
AcDbEntity
  8
0
100
AcDbCircle
 62
7
  6
CONTINUOUS
 10
74.3568281621
 20
217.5476721081
 40
22.0049862263
100
AcDbArc
 50
104.7432355865
 51
112.15
  0
ARC
  5
D10
100
AcDbEntity
  8
RUNDUNGEN
100
AcDbCircle
 62
7
  6
CONTINUOUS
 10
74.3568281621
 20
217.5476721081
 40
22.0049862263
100
AcDbArc
 50
112.15
 51
120.0
  0
ARC
  5
D11
100
AcDbEntity
  8
RUNDUNGEN
100
AcDbCircle
 62
7
  6
CONTINUOUS
 10
74.3568281621
 20
217.5476721081
 40
22.0049862263
100
AcDbArc
 50
60.0
 51
67.85
  0
ARC
  5
D12
100
AcDbEntity
  8
RUNDUNGEN
100
AcDbCircle
 62
7
  6
CONTINUOUS
 10
74.3568281621
 20
217.3093916753
 40
21.8
100
AcDbArc
 50
61.5
 51
75.8089116873
  0
ARC
  5
D13
100
AcDbEntity
  8
RUNDUNGEN
100
AcDbCircle
 62
7
  6
CONTINUOUS
 10
74.3568281621
 20
217.3093916753
 40
21.8
100
AcDbArc
 50
104.1910883127
 51
118.5
  0
ARC
  5
D14
100
AcDbEntity
  8
RUNDUNGEN
100
AcDbCircle
 62
7
  6
CONTINUOUS
 10
74.3479177447
 20
217.2241029777
 40
20.4857433419
100
AcDbArc
 50
83.182685744
 51
84.7671669605
  0
ARC
  5
D15
100
AcDbEntity
  8
RUNDUNGEN
100
AcDbCircle
 62
7
  6
CONTINUOUS
 10
74.3403350826
 20
217.2414263607
 40
20.4699347717
100
AcDbArc
 50
75.8213599918
 51
76.8981542258
  0
ARC
  5
D16
100
AcDbEntity
  8
0
100
AcDbCircle
 62
7
  6
CONTINUOUS
 10
74.356927739
 20
217.3061467257
 40
20.4032449497
100
AcDbArc
 50
87.4773770056
 51
92.522283749
  0
ARC
  5
D17
100
AcDbEntity
  8
RUNDUNGEN
100
AcDbCircle
 62
7
  6
CONTINUOUS
 10
74.3568281621
 20
217.3093916753
 40
20.4
100
AcDbArc
 50
96.82085
 51
97.8616766531
  0
ARC
  5
D18
100
AcDbEntity
  8
RUNDUNGEN
100
AcDbCircle
 62
7
  6
CONTINUOUS
 10
74.3568281621
 20
217.3093916753
 40
20.4
100
AcDbArc
 50
82.1388115582
 51
83.1791
  0
ARC
  5
D19
100
AcDbEntity
  8
RUNDUNGEN
100
AcDbCircle
 62
7
  6
CONTINUOUS
 10
74.3568281621
 20
217.3093916753
 40
20.4
100
AcDbArc
 50
61.5
 51
75.8195141045
  0
ARC
  5
D1A
100
AcDbEntity
  8
RUNDUNGEN
100
AcDbCircle
 62
7
  6
CONTINUOUS
 10
74.3568281621
 20
217.3093916753
 40
20.4
100
AcDbArc
 50
104.1804858919
 51
118.5
  0
ARC
  5
D1B
100
AcDbEntity
  8
RUNDUNGEN
100
AcDbCircle
 62
7
  6
CONTINUOUS
 10
74.3568281621
 20
217.3093916753
 40
20.4
100
AcDbArc
 50
103.0143239288
 51
103.1000910297
  0
ARC
  5
D1C
100
AcDbEntity
  8
0
100
AcDbCircle
 62
7
  6
CONTINUOUS
 10
74.3568281621
 20
217.3093916753
 40
20.4
100
AcDbArc
 50
76.8923696034
 51
103.1
  0
ARC
  5
D1D
100
AcDbEntity
  8
RUNDUNGEN
100
AcDbCircle
 62
7
  6
CONTINUOUS
 10
74.3551186048
 20
217.3164364846
 40
20.3927510518
100
AcDbArc
 50
103.0998079558
 51
104.1806778265
  0
ARC
  5
D1E
100
AcDbEntity
  8
RUNDUNGEN
100
AcDbCircle
 62
7
  6
CONTINUOUS
 10
74.3580799242
 20
217.3263104351
 40
20.3830350464
100
AcDbArc
 50
84.7694105917
 51
85.9076156179
  0
ARC
  5
D1F
100
AcDbEntity
  8
RUNDUNGEN
100
AcDbCircle
 62
7
  6
CONTINUOUS
 10
74.3545246168
 20
217.3391636215
 40
20.3701395722
100
AcDbArc
 50
94.0920135639
 51
95.2449594553
  0
ARC
  5
D20
100
AcDbEntity
  8
RUNDUNGEN
100
AcDbCircle
 62
9
  6
CONTINUOUS
 10
74.3568281621
 20
217.5476721081
 40
20.3402926223
100
AcDbArc
 50
123.0148443805
 51
56.9852196284
  0
ARC
  5
D21
100
AcDbEntity
  8
RUNDUNGEN
100
AcDbCircle
 62
9
  6
CONTINUOUS
 10
74.3568281621
 20
217.5476721081
 40
19.8553610937
100
AcDbArc
 50
60.0
 51
70.6889131671
  0
ARC
  5
D22
100
AcDbEntity
  8
RUNDUNGEN
100
AcDbCircle
 62
9
  6
CONTINUOUS
 10
74.3568281621
 20
217.5476721081
 40
19.8553610937
100
AcDbArc
 50
109.310666445
 51
120.0
  0
ARC
  5
D23
100
AcDbEntity
  8
RUNDUNGEN
100
AcDbCircle
 62
9
  6
CONTINUOUS
 10
74.3568281621
 20
217.5476721081
 40
19.3409017952
100
AcDbArc
 50
123.0153562671
 51
56.9846437329
  0
ARC
  5
D24
100
AcDbEntity
  8
RUNDUNGEN
100
AcDbCircle
 62
7
  6
CONTINUOUS
 10
74.3568281621
 20
217.5476721081
 40
19.2553839399
100
AcDbArc
 50
60.0
 51
73.0924812573
  0
ARC
  5
D25
100
AcDbEntity
  8
RUNDUNGEN
100
AcDbCircle
 62
7
  6
CONTINUOUS
 10
74.3568281621
 20
217.5476721081
 40
19.2553839399
100
AcDbArc
 50
106.9075187427
 51
120.0
  0
ARC
  5
D26
100
AcDbEntity
  8
AUSFORMSCHRAEGEN
100
AcDbCircle
 62
7
  6
CONTINUOUS
 10
74.3568281621
 20
217.5476721081
 40
19.2518474996
100
AcDbArc
 50
58.0710603115
 51
60.0
  0
ARC
  5
D27
100
AcDbEntity
  8
AUSFORMSCHRAEGEN
100
AcDbCircle
 62
7
  6
CONTINUOUS
 10
74.3568281621
 20
217.5476721081
 40
19.2518474996
100
AcDbArc
 50
120.0
 51
121.9289038205
  0
ARC
  5
D28
100
AcDbEntity
  8
RUNDUNGEN
100
AcDbCircle
 62
7
  6
CONTINUOUS
 10
74.3568281621
 20
217.5476721081
 40
19.2
100
AcDbArc
 50
122.8363726953
 51
57.1636273043
  0
ARC
  5
D29
100
AcDbEntity
  8
AUSFORMSCHRAEGEN
100
AcDbCircle
 62
7
  6
CONTINUOUS
 10
74.3568281621
 20
217.5476721081
 40
19.1767964366
100
AcDbArc
 50
127.7921897783
 51
52.2078102217
  0
ARC
  5
D2A
100
AcDbEntity
  8
RUNDUNGEN
100
AcDbCircle
 62
7
  6
CONTINUOUS
 10
74.3568281621
 20
217.5476721081
 40
19.1051904275
100
AcDbArc
 50
107.0444827624
 51
72.9555172376
  0
ARC
  5
D2B
100
AcDbEntity
  8
RUNDUNGEN
100
AcDbCircle
 62
9
  6
CONTINUOUS
 10
74.3568281621
 20
217.5476721081
 40
18.5052132736
100
AcDbArc
 50
107.6144191023
 51
72.3855851661
  0
ARC
  5
D2C
100
AcDbEntity
  8
0
100
AcDbCircle
 62
7
  6
CONTINUOUS
 10
74.3568281621
 20
217.5476721081
 40
16.795523213
100
AcDbArc
 50
20.8085131303
 51
24.9235613722
  0
ARC
  5
D2D
100
AcDbEntity
  8
0
100
AcDbCircle
 62
7
  6
CONTINUOUS
 10
74.3568281621
 20
217.5476721081
 40
16.795523213
100
AcDbArc
 50
200.8085131303
 51
204.9540490267
  0
ARC
  5
D2E
100
AcDbEntity
  8
0
100
AcDbCircle
 62
7
  6
CONTINUOUS
 10
74.3568281621
 20
217.5476721081
 40
16.79
100
AcDbArc
 50
171.7818637564
 51
173.1581593784
  0
ARC
  5
D2F
100
AcDbEntity
  8
0
100
AcDbCircle
 62
7
  6
CONTINUOUS
 10
74.3568281621
 20
217.5476721081
 40
16.79
100
AcDbArc
 50
351.7818637564
 51
353.1581593784
  0
ARC
  5
D30
100
AcDbEntity
  8
0
100
AcDbCircle
 62
7
  6
CONTINUOUS
 10
74.3568281621
 20
217.5476721081
 40
16.2
100
AcDbArc
 50
59.3478203553
 51
69.7767492921
  0
ARC
  5
D31
100
AcDbEntity
  8
BEZUGSACHSEN
100
AcDbCircle
 62
7
  6
CONTINUOUS
 10
74.3568281621
 20
217.5476721081
 40
16.2
100
AcDbArc
 50
110.2232507079
 51
120.6513779522
  0
ARC
  5
D32
100
AcDbEntity
  8
0
100
AcDbCircle
 62
7
  6
CONTINUOUS
 10
74.3568281621
 20
217.5476721081
 40
16.2
100
AcDbArc
 50
14.2721207873
 51
52.2949486214
  0
ARC
  5
D33
100
AcDbEntity
  8
0
100
AcDbCircle
 62
7
  6
CONTINUOUS
 10
74.3568281621
 20
217.5476721081
 40
16.2
100
AcDbArc
 50
194.2721207873
 51
345.7278792127
  0
ARC
  5
D34
100
AcDbEntity
  8
0
100
AcDbCircle
 62
7
  6
CONTINUOUS
 10
74.3568281621
 20
217.5476721081
 40
16.2
100
AcDbArc
 50
131.1486220478
 51
165.7278792127
  0
ARC
  5
D35
100
AcDbEntity
  8
0
100
AcDbCircle
 62
7
  6
CONTINUOUS
 10
74.3568281621
 20
217.5476721081
 40
16.0464071269
100
AcDbArc
 50
100.5348721997
 51
110.425415716
  0
ARC
  5
D36
100
AcDbEntity
  8
0
100
AcDbCircle
 62
7
  6
CONTINUOUS
 10
74.3568281621
 20
217.5476721081
 40
16.0464071269
100
AcDbArc
 50
69.574584284
 51
79.4651278003
  0
ARC
  5
D37
100
AcDbEntity
  8
0
100
AcDbCircle
 62
7
  6
CONTINUOUS
 10
74.3568281621
 20
217.5476721081
 40
15.9695649971
100
AcDbArc
 50
58.3943216896
 51
79.4988097905
  0
ARC
  5
D38
100
AcDbEntity
  8
0
100
AcDbCircle
 62
7
  6
CONTINUOUS
 10
74.3568281621
 20
217.5476721081
 40
15.9695649971
100
AcDbArc
 50
100.5011902095
 51
121.6056783104
  0
ARC
  5
D39
100
AcDbEntity
  8
0
100
AcDbCircle
 62
7
  6
CONTINUOUS
 10
74.3568281621
 20
217.5476721081
 40
15.9695649971
100
AcDbArc
 50
10.5599959754
 51
52.5057080153
  0
ARC
  5
D3A
100
AcDbEntity
  8
0
100
AcDbCircle
 62
7
  6
CONTINUOUS
 10
74.3568281621
 20
217.5476721081
 40
15.9695649971
100
AcDbArc
 50
130.1943216896
 51
169.4400040246
  0
ARC
  5
D3B
100
AcDbEntity
  8
0
100
AcDbCircle
 62
7
  6
CONTINUOUS
 10
74.3568281621
 20
217.5476721081
 40
15.9695649971
100
AcDbArc
 50
190.5599959754
 51
349.4400040246
  0
ARC
  5
D3C
100
AcDbEntity
  8
0
100
AcDbCircle
 62
9
  6
CONTINUOUS
 10
74.3568281621
 20
217.5476721081
 40
15.3695878433
100
AcDbArc
 50
12.7804693587
 51
79.7734687486
  0
ARC
  5
D3D
100
AcDbEntity
  8
0
100
AcDbCircle
 62
9
  6
CONTINUOUS
 10
74.3568281621
 20
217.5476721081
 40
15.3695878433
100
AcDbArc
 50
100.2265312514
 51
167.2195306413
  0
ARC
  5
D3E
100
AcDbEntity
  8
0
100
AcDbCircle
 62
9
  6
CONTINUOUS
 10
74.3568281621
 20
217.5476721081
 40
15.3695878433
100
AcDbArc
 50
192.7804693587
 51
347.2195306413
  0
ARC
  5
D3F
100
AcDbEntity
  8
RUNDUNGEN
100
AcDbCircle
 62
7
  6
CONTINUOUS
 10
-141.7816028311
 20
261.4373854661
 40
212.4348160345
100
AcDbArc
 50
353.8128879462
 51
354.0331557655
  0
ARC
  5
D40
100
AcDbEntity
  8
RUNDUNGEN
100
AcDbCircle
 62
7
  6
CONTINUOUS
 10
43.0100851137
 20
237.2004178702
 40
29.546743063
100
AcDbArc
 50
359.998199359
 51
0.8329574631
  0
ARC
  5
D41
100
AcDbEntity
  8
0
100
AcDbCircle
 62
7
  6
CONTINUOUS
 10
74.3568281621
 20
230.5785014078
 40
20.0
100
AcDbArc
 50
67.975687163
 51
112.024312837
  0
ARC
  5
D42
100
AcDbEntity
  8
0
100
AcDbCircle
 62
7
  6
CONTINUOUS
 10
74.3568281621
 20
230.5785014078
 40
19.2
100
AcDbArc
 50
67.975687163
 51
87.45532322
  0
ARC
  5
D43
100
AcDbEntity
  8
0
100
AcDbCircle
 62
7
  6
CONTINUOUS
 10
74.3568281621
 20
230.5785014078
 40
19.2
100
AcDbArc
 50
92.54467678
 51
112.024312837
  0
ARC
  5
D44
100
AcDbEntity
  8
RUNDUNGEN
100
AcDbCircle
 62
7
  6
CONTINUOUS
 10
65.7995141334
 20
239.5352240311
 40
17.9368916287
100
AcDbArc
 50
257.9562480065
 51
259.2596740946
  0
ARC
  5
D45
100
AcDbEntity
  8
RUNDUNGEN
100
AcDbCircle
 62
7
  6
CONTINUOUS
 10
65.7995141333
 20
229.3352240306
 40
17.9368916282
100
AcDbArc
 50
257.9562480064
 51
259.2596740946
  0
ARC
  5
D46
100
AcDbEntity
  8
AUSFORMSCHRAEGEN
100
AcDbCircle
 62
7
  6
CONTINUOUS
 10
55.3568281621
 20
241.5476721081
 40
7.0
100
AcDbArc
 50
90.0
 51
180.0
  0
ARC
  5
D47
100
AcDbEntity
  8
RUNDUNGEN
100
AcDbCircle
 62
9
  6
CONTINUOUS
 10
55.3568281621
 20
241.5476721081
 40
6.8872785631
100
AcDbArc
 50
90.0
 51
180.0
  0
ARC
  5
D48
100
AcDbEntity
  8
RUNDUNGEN
100
AcDbCircle
 62
9
  6
CONTINUOUS
 10
55.3568281621
 20
241.5476721081
 40
6.087765483
100
AcDbArc
 50
90.0
 51
180.0
  0
CIRCLE
  5
D49
100
AcDbEntity
  8
0
100
AcDbCircle
 62
7
  6
CONTINUOUS
 10
55.3568281621
 20
241.5476721081
 40
6.0
  0
CIRCLE
  5
D4A
100
AcDbEntity
  8
RUNDUNGEN
100
AcDbCircle
 62
7
  6
CONTINUOUS
 10
55.3568281621
 20
241.5476721081
 40
5.5
  0
CIRCLE
  5
D4B
100
AcDbEntity
  8
RUNDUNGEN
100
AcDbCircle
 62
9
  6
CONTINUOUS
 10
55.3568281621
 20
241.5476721081
 40
5.299999754
  0
ARC
  5
D4C
100
AcDbEntity
  8
0
100
AcDbCircle
 62
7
  6
CONTINUOUS
 10
68.3568281621
 20
243.7785014078
 40
4.0
100
AcDbArc
 50
180.0
 51
270.0
  0
ARC
  5
D4D
100
AcDbEntity
  8
BEZUGSACHSEN
100
AcDbCircle
 62
7
  6
CONTINUOUS
 10
65.03350769
 20
230.4273341912
 40
1.5
100
AcDbArc
 50
36.1635179301
 51
215.6364820699
  0
ARC
  5
D4E
100
AcDbEntity
  8
RUNDUNGEN
100
AcDbCircle
 62
9
  6
CONTINUOUS
 10
63.2732097524
 20
234.6040932701
 40
1.0003798124
100
AcDbArc
 50
303.0417065733
 51
29.9443110119
  0
ARC
  5
D4F
100
AcDbEntity
  8
RUNDUNGEN
100
AcDbCircle
 62
9
  6
CONTINUOUS
 10
62.2131800984
 20
236.4401458094
 40
1.0003684972
100
AcDbArc
 50
30.0584296839
 51
122.6992950376
  0
ARC
  5
D50
100
AcDbEntity
  8
RUNDUNGEN
100
AcDbCircle
 62
7
  6
CONTINUOUS
 10
63.4034542698
 20
234.5198640801
 40
0.9998019354
100
AcDbArc
 50
302.8501967631
 51
30.0116695323
  0
ARC
  5
D51
100
AcDbEntity
  8
RUNDUNGEN
100
AcDbCircle
 62
7
  6
CONTINUOUS
 10
62.2019733604
 20
236.6011997185
 40
0.9996280486
100
AcDbArc
 50
29.9773932278
 51
122.528187717
  0
ARC
  5
D52
100
AcDbEntity
  8
RUNDUNGEN
100
AcDbCircle
 62
7
  6
CONTINUOUS
 10
72.624975302
 20
236.5454890764
 40
0.5022568145
100
AcDbArc
 50
97.8110260514
 51
105.5239275371
  0
ARC
  5
D53
100
AcDbEntity
  8
RUNDUNGEN
100
AcDbCircle
 62
7
  6
CONTINUOUS
 10
69.1736349977
 20
239.3789916531
 40
0.3995131563
100
AcDbArc
 50
2.402763733
 51
90.0173846767
  0
ARC
  5
D54
100
AcDbEntity
  8
0
100
AcDbCircle
 62
7
  6
CONTINUOUS
 10
68.3568281621
 20
245.410898382
 40
4.0
100
AcDbArc
 50
112.024312837
 51
180.0
  0
ARC
  5
D55
100
AcDbEntity
  8
0
100
AcDbCircle
 62
7
  6
CONTINUOUS
 10
68.3568281621
 20
245.410898382
 40
3.2
100
AcDbArc
 50
112.024312837
 51
180.0
  0
CIRCLE
  5
D56
100
AcDbEntity
  8
0
100
AcDbCircle
 62
7
  6
CONTINUOUS
 10
74.3568281621
 20
247.4093916753
 40
2.5
  0
CIRCLE
  5
D57
100
AcDbEntity
  8
0
100
AcDbCircle
 62
7
  6
CONTINUOUS
 10
74.3568281621
 20
247.4093916753
 40
2.0833333333
  0
ARC
  5
D58
100
AcDbEntity
  8
0
100
AcDbCircle
 62
7
  6
CONTINUOUS
 10
74.3568281621
 20
247.4093916753
 40
1.6666666667
100
AcDbArc
 50
150.0
 51
215.0
  0
ARC
  5
D59
100
AcDbEntity
  8
0
100
AcDbCircle
 62
7
  6
CONTINUOUS
 10
74.3568281621
 20
247.4093916753
 40
1.6666666667
100
AcDbArc
 50
60.0
 51
125.0
  0
ARC
  5
D5A
100
AcDbEntity
  8
0
100
AcDbCircle
 62
7
  6
CONTINUOUS
 10
74.3568281621
 20
247.4093916753
 40
1.6666666667
100
AcDbArc
 50
330.0
 51
35.0
  0
ARC
  5
D5B
100
AcDbEntity
  8
0
100
AcDbCircle
 62
7
  6
CONTINUOUS
 10
74.3568281621
 20
247.4093916753
 40
1.25
100
AcDbArc
 50
159.5940682269
 51
215.0
  0
ARC
  5
D5C
100
AcDbEntity
  8
0
100
AcDbCircle
 62
7
  6
CONTINUOUS
 10
74.3568281621
 20
247.4093916753
 40
1.25
100
AcDbArc
 50
99.5940682269
 51
125.0
  0
ARC
  5
D5D
100
AcDbEntity
  8
0
100
AcDbCircle
 62
7
  6
CONTINUOUS
 10
74.3568281621
 20
247.4093916753
 40
1.25
100
AcDbArc
 50
60.0
 51
80.4059317731
  0
ARC
  5
D5E
100
AcDbEntity
  8
0
100
AcDbCircle
 62
7
  6
CONTINUOUS
 10
74.3568281621
 20
247.4093916753
 40
1.25
100
AcDbArc
 50
339.5940682269
 51
35.0
  0
ARC
  5
D5F
100
AcDbEntity
  8
0
100
AcDbCircle
 62
7
  6
CONTINUOUS
 10
73.7269915048
 20
247.7730280389
 40
0.2083333333
100
AcDbArc
 50
240.0
 51
60.0
  0
ARC
  5
D60
100
AcDbEntity
  8
0
100
AcDbCircle
 62
7
  6
CONTINUOUS
 10
73.1622314309
 20
246.572926039
 40
0.2083333333
100
AcDbArc
 50
215.0
 51
35.0
  0
ARC
  5
D61
100
AcDbEntity
  8
0
100
AcDbCircle
 62
7
  6
CONTINUOUS
 10
73.0938744483
 20
248.138558342
 40
0.2083333333
100
AcDbArc
 50
60.0
 51
150.0
  0
ARC
  5
D62
100
AcDbEntity
  8
0
100
AcDbCircle
 62
7
  6
CONTINUOUS
 10
73.5203625258
 20
248.6039884066
 40
0.2083333333
100
AcDbArc
 50
125.0
 51
305.0
  0
ARC
  5
D63
100
AcDbEntity
  8
0
100
AcDbCircle
 62
7
  6
CONTINUOUS
 10
74.3568281621
 20
245.951058342
 40
0.2083333333
100
AcDbArc
 50
180.0
 51
360.0
  0
ARC
  5
D64
100
AcDbEntity
  8
RUNDUNGEN
100
AcDbCircle
 62
7
  6
CONTINUOUS
 10
82.9141421908
 20
195.5601201851
 40
17.9368916288
100
AcDbArc
 50
77.9562480065
 51
79.2596740946
  0
ARC
  5
D65
100
AcDbEntity
  8
RUNDUNGEN
100
AcDbCircle
 62
7
  6
CONTINUOUS
 10
82.9141421909
 20
205.7601201856
 40
17.9368916282
100
AcDbArc
 50
77.9562480064
 51
79.2596740946
  0
ARC
  5
D66
100
AcDbEntity
  8
BEZUGSACHSEN
100
AcDbCircle
 62
7
  6
CONTINUOUS
 10
78.3568281621
 20
190.9476721081
 40
2.0
100
AcDbArc
 50
270.0
 51
90.0
  0
ARC
  5
D67
100
AcDbEntity
  8
RUNDUNGEN
100
AcDbCircle
 62
7
  6
CONTINUOUS
 10
74.3744957958
 20
217.2366155952
 40
21.8748865569
100
AcDbArc
 50
103.1018676738
 51
104.1892206389
  0
ARC
  5
D68
100
AcDbEntity
  8
RUNDUNGEN
100
AcDbCircle
 62
7
  6
CONTINUOUS
 10
74.3586162657
 20
217.3167571873
 40
21.7924208924
100
AcDbArc
 50
75.8087219488
 51
76.9001897386
  0
ARC
  5
D69
100
AcDbEntity
  8
RUNDUNGEN
100
AcDbCircle
 62
7
  6
CONTINUOUS
 10
74.3668334672
 20
217.2138230227
 40
20.4960805836
100
AcDbArc
 50
95.2471942105
 51
96.8168923444
  0
ARC
  5
D6A
100
AcDbEntity
  8
BEZUGSACHSEN
100
AcDbCircle
 62
7
  6
CONTINUOUS
 10
80.7168281621
 20
221.7676721081
 40
0.8
100
AcDbArc
 50
280.1058873126
 51
287.4762217525
  0
ARC
  5
D6B
100
AcDbEntity
  8
BEZUGSACHSEN
100
AcDbCircle
 62
7
  6
CONTINUOUS
 10
75.6368281621
 20
221.7676721081
 40
0.8
100
AcDbArc
 50
148.4818962251
 51
167.881169901
  0
ARC
  5
D6C
100
AcDbEntity
  8
BEZUGSACHSEN
100
AcDbCircle
 62
7
  6
CONTINUOUS
 10
75.6368281621
 20
221.7676721081
 40
0.8
100
AcDbArc
 50
278.6287127645
 51
286.0167969801
  0
ARC
  5
D6D
100
AcDbEntity
  8
BEZUGSACHSEN
100
AcDbCircle
 62
7
  6
CONTINUOUS
 10
75.6368281621
 20
221.7676721081
 40
0.8
100
AcDbArc
 50
192.118830099
 51
211.5181037749
  0
ARC
  5
D6E
100
AcDbEntity
  8
0
100
AcDbCircle
 62
7
  6
CONTINUOUS
 10
78.1668281621
 20
210.3376721081
 40
0.8
100
AcDbArc
 50
180.0
 51
360.0
  0
ARC
  5
D6F
100
AcDbEntity
  8
AUSFORMSCHRAEGEN
100
AcDbCircle
 62
7
  6
CONTINUOUS
 10
93.3568281621
 20
193.5476721081
 40
7.0
100
AcDbArc
 50
270.0
 51
360.0
  0
ARC
  5
D70
100
AcDbEntity
  8
RUNDUNGEN
100
AcDbCircle
 62
9
  6
CONTINUOUS
 10
93.3568281621
 20
193.5476721081
 40
6.8872785631
100
AcDbArc
 50
270.0
 51
360.0
  0
ARC
  5
D71
100
AcDbEntity
  8
RUNDUNGEN
100
AcDbCircle
 62
9
  6
CONTINUOUS
 10
93.3568281621
 20
193.5476721081
 40
6.087765483
100
AcDbArc
 50
270.0
 51
360.0
  0
CIRCLE
  5
D72
100
AcDbEntity
  8
0
100
AcDbCircle
 62
7
  6
CONTINUOUS
 10
93.3568281621
 20
193.5476721081
 40
6.0
  0
CIRCLE
  5
D73
100
AcDbEntity
  8
RUNDUNGEN
100
AcDbCircle
 62
7
  6
CONTINUOUS
 10
93.3568281621
 20
193.5476721081
 40
5.5
  0
CIRCLE
  5
D74
100
AcDbEntity
  8
RUNDUNGEN
100
AcDbCircle
 62
9
  6
CONTINUOUS
 10
93.3568281621
 20
193.5476721081
 40
5.299999754
  0
ARC
  5
D75
100
AcDbEntity
  8
RUNDUNGEN
100
AcDbCircle
 62
7
  6
CONTINUOUS
 10
88.1168281621
 20
212.4476721081
 40
2.0
100
AcDbArc
 50
158.4348149848
 51
201.5651850152
  0
ARC
  5
D76
100
AcDbEntity
  8
RUNDUNGEN
100
AcDbCircle
 62
9
  6
CONTINUOUS
 10
88.1168281621
 20
212.4476721081
 40
1.6
100
AcDbArc
 50
155.8531520035
 51
204.1468479965
  0
ARC
  5
D77
100
AcDbEntity
  8
RUNDUNGEN
100
AcDbCircle
 62
7
  6
CONTINUOUS
 10
88.1168281621
 20
222.6476721081
 40
2.0
100
AcDbArc
 50
158.4348149848
 51
201.5651850152
  0
ARC
  5
D78
100
AcDbEntity
  8
RUNDUNGEN
100
AcDbCircle
 62
9
  6
CONTINUOUS
 10
88.1168281621
 20
222.6476721081
 40
1.6
100
AcDbArc
 50
155.8531520035
 51
204.1468479965
  0
ARC
  5
D79
100
AcDbEntity
  8
0
100
AcDbCircle
 62
7
  6
CONTINUOUS
 10
89.477367383
 20
223.6377560963
 40
1.2
100
AcDbArc
 50
0.0
 51
38.0
  0
ARC
  5
D7A
100
AcDbEntity
  8
0
100
AcDbCircle
 62
3
  6
CONTINUOUS
 10
89.477367383
 20
223.6377560963
 40
0.7
100
AcDbArc
 50
0.0
 51
38.0
  0
ARC
  5
D7B
100
AcDbEntity
  8
RUNDUNGEN
100
AcDbCircle
 62
7
  6
CONTINUOUS
 10
105.7047039808
 20
237.2004181988
 40
29.5478758333
100
AcDbArc
 50
179.1670774607
 51
180.0018012091
  0
ARC
  5
D7C
100
AcDbEntity
  8
RUNDUNGEN
100
AcDbCircle
 62
7
  6
CONTINUOUS
 10
82.9141421908
 20
239.5352240311
 40
17.9368916288
100
AcDbArc
 50
280.7403259054
 51
282.0437519935
  0
ARC
  5
D7D
100
AcDbEntity
  8
RUNDUNGEN
100
AcDbCircle
 62
7
  6
CONTINUOUS
 10
82.9141421909
 20
229.3352240306
 40
17.9368916282
100
AcDbArc
 50
280.7403259054
 51
282.0437519936
  0
ARC
  5
D7E
100
AcDbEntity
  8
AUSFORMSCHRAEGEN
100
AcDbCircle
 62
7
  6
CONTINUOUS
 10
93.3568281621
 20
241.5476721081
 40
7.0
100
AcDbArc
 50
0.0
 51
90.0
  0
ARC
  5
D7F
100
AcDbEntity
  8
RUNDUNGEN
100
AcDbCircle
 62
9
  6
CONTINUOUS
 10
93.3568281621
 20
241.5476721081
 40
6.8872785631
100
AcDbArc
 50
0.0
 51
90.0
  0
ARC
  5
D80
100
AcDbEntity
  8
RUNDUNGEN
100
AcDbCircle
 62
9
  6
CONTINUOUS
 10
93.3568281621
 20
241.5476721081
 40
6.087765483
100
AcDbArc
 50
0.0
 51
90.0
  0
CIRCLE
  5
D81
100
AcDbEntity
  8
BEZUGSACHSEN
100
AcDbCircle
 62
7
  6
CONTINUOUS
 10
93.3568281621
 20
241.5476721081
 40
5.0
  0
ARC
  5
D82
100
AcDbEntity
  8
0
100
AcDbCircle
 62
7
  6
CONTINUOUS
 10
80.3568281621
 20
243.7785014078
 40
4.0
100
AcDbArc
 50
270.0
 51
360.0
  0
ARC
  5
D83
100
AcDbEntity
  8
0
100
AcDbCircle
 62
7
  6
CONTINUOUS
 10
93.3568281621
 20
241.5476721081
 40
3.968
100
AcDbArc
 50
150.0
 51
210.0
  0
ARC
  5
D84
100
AcDbEntity
  8
0
100
AcDbCircle
 62
7
  6
CONTINUOUS
 10
93.3568281621
 20
241.5476721081
 40
3.968
100
AcDbArc
 50
330.0
 51
30.0
  0
ARC
  5
D85
100
AcDbEntity
  8
0
100
AcDbCircle
 62
7
  6
CONTINUOUS
 10
93.3568281621
 20
241.5476721081
 40
3.968
100
AcDbArc
 50
60.0
 51
125.0
  0
ARC
  5
D86
100
AcDbEntity
  8
0
100
AcDbCircle
 62
7
  6
CONTINUOUS
 10
93.3568281621
 20
241.5476721081
 40
2.976
100
AcDbArc
 50
159.5940682269
 51
210.0
  0
ARC
  5
D87
100
AcDbEntity
  8
0
100
AcDbCircle
 62
7
  6
CONTINUOUS
 10
93.3568281621
 20
241.5476721081
 40
2.976
100
AcDbArc
 50
339.5940682269
 51
30.0
  0
ARC
  5
D88
100
AcDbEntity
  8
0
100
AcDbCircle
 62
7
  6
CONTINUOUS
 10
93.3568281621
 20
241.5476721081
 40
2.976
100
AcDbArc
 50
60.0
 51
80.4059317731
  0
ARC
  5
D89
100
AcDbEntity
  8
0
100
AcDbCircle
 62
7
  6
CONTINUOUS
 10
93.3568281621
 20
241.5476721081
 40
2.976
100
AcDbArc
 50
99.5940682269
 51
125.0
  0
ARC
  5
D8A
100
AcDbEntity
  8
0
100
AcDbCircle
 62
7
  6
CONTINUOUS
 10
83.6801486342
 20
230.4273341912
 40
1.5
100
AcDbArc
 50
22.1649597038
 51
143.8364820699
  0
ARC
  5
D8B
100
AcDbEntity
  8
RUNDUNGEN
100
AcDbCircle
 62
9
  6
CONTINUOUS
 10
85.4404494567
 20
234.6040989611
 40
1.0003825643
100
AcDbArc
 50
150.05605391
 51
236.9583326399
  0
ARC
  5
D8C
100
AcDbEntity
  8
RUNDUNGEN
100
AcDbCircle
 62
9
  6
CONTINUOUS
 10
86.5004776706
 20
236.4401550232
 40
1.0003617137
100
AcDbArc
 50
57.3004895125
 51
149.9420685204
  0
ARC
  5
D8D
100
AcDbEntity
  8
RUNDUNGEN
100
AcDbCircle
 62
7
  6
CONTINUOUS
 10
85.3102015114
 20
234.5198624108
 40
0.9998013611
100
AcDbArc
 50
149.9969763171
 51
237.1651534879
  0
ARC
  5
D8E
100
AcDbEntity
  8
RUNDUNGEN
100
AcDbCircle
 62
7
  6
CONTINUOUS
 10
86.511682921
 20
236.6011998014
 40
0.9996279617
100
AcDbArc
 50
57.4718380859
 51
150.0226096602
  0
ARC
  5
D8F
100
AcDbEntity
  8
RUNDUNGEN
100
AcDbCircle
 62
7
  6
CONTINUOUS
 10
76.0895664794
 20
236.54978043
 40
0.4978851179
100
AcDbArc
 50
74.4420798632
 51
82.2352405295
  0
ARC
  5
D90
100
AcDbEntity
  8
0
100
AcDbCircle
 62
7
  6
CONTINUOUS
 10
90.3499879602
 20
239.8116721081
 40
0.496
100
AcDbArc
 50
210.0
 51
30.0
  0
ARC
  5
D91
100
AcDbEntity
  8
0
100
AcDbCircle
 62
7
  6
CONTINUOUS
 10
91.8573130484
 20
242.4134175626
 40
0.496
100
AcDbArc
 50
240.0
 51
60.0
  0
ARC
  5
D92
100
AcDbEntity
  8
0
100
AcDbCircle
 62
7
  6
CONTINUOUS
 10
90.3499879602
 20
243.2836721081
 40
0.496
100
AcDbArc
 50
60.0
 51
150.0
  0
ARC
  5
D93
100
AcDbEntity
  8
0
100
AcDbCircle
 62
7
  6
CONTINUOUS
 10
94.860279585
 20
240.6796540244
 40
0.496
100
AcDbArc
 50
60.0
 51
240.0
  0
ARC
  5
D94
100
AcDbEntity
  8
0
100
AcDbCircle
 62
7
  6
CONTINUOUS
 10
96.3636683641
 20
239.8116721081
 40
0.496
100
AcDbArc
 50
240.0
 51
330.0
  0
ARC
  5
D95
100
AcDbEntity
  8
0
100
AcDbCircle
 62
7
  6
CONTINUOUS
 10
96.3636683641
 20
243.2836721081
 40
0.496
100
AcDbArc
 50
30.0
 51
210.0
  0
ARC
  5
D96
100
AcDbEntity
  8
0
100
AcDbCircle
 62
7
  6
CONTINUOUS
 10
95.0928281621
 20
244.55451231
 40
0.496
100
AcDbArc
 50
240.0
 51
60.0
  0
ARC
  5
D97
100
AcDbEntity
  8
0
100
AcDbCircle
 62
7
  6
CONTINUOUS
 10
91.3653707751
 20
244.3917680059
 40
0.496
100
AcDbArc
 50
125.0
 51
305.0
  0
ARC
  5
D98
100
AcDbEntity
  8
0
100
AcDbCircle
 62
7
  6
CONTINUOUS
 10
93.3568281621
 20
238.0756721081
 40
0.496
100
AcDbArc
 50
180.0
 51
360.0
  0
ARC
  5
D99
100
AcDbEntity
  8
RUNDUNGEN
100
AcDbCircle
 62
7
  6
CONTINUOUS
 10
79.5400173234
 20
239.3789863164
 40
0.3995088659
100
AcDbArc
 50
89.98211761
 51
177.5964761659
  0
ARC
  5
D9A
100
AcDbEntity
  8
0
100
AcDbCircle
 62
7
  6
CONTINUOUS
 10
80.3568281621
 20
245.410898382
 40
4.0
100
AcDbArc
 50
0.0
 51
67.975687163
  0
ARC
  5
D9B
100
AcDbEntity
  8
0
100
AcDbCircle
 62
7
  6
CONTINUOUS
 10
80.3568281621
 20
245.410898382
 40
3.2
100
AcDbArc
 50
0.0
 51
67.975687163
  0
ARC
  5
D9C
100
AcDbEntity
  8
0
100
AcDbCircle
 62
7
  6
CONTINUOUS
 10
75.0859948288
 20
248.6723453892
 40
0.2083333333
100
AcDbArc
 50
240.0
 51
60.0
  0
ARC
  5
D9D
100
AcDbEntity
  8
0
100
AcDbCircle
 62
7
  6
CONTINUOUS
 10
75.5514248934
 20
248.2458573116
 40
0.2083333333
100
AcDbArc
 50
35.0
 51
215.0
  0
ARC
  5
D9E
100
AcDbEntity
  8
0
100
AcDbCircle
 62
7
  6
CONTINUOUS
 10
75.619781876
 20
246.6802250086
 40
0.2083333333
100
AcDbArc
 50
240.0
 51
330.0
  0
ARC
  5
D9F
100
AcDbEntity
  8
0
100
AcDbCircle
 62
7
  6
CONTINUOUS
 10
74.9883181751
 20
247.0448007463
 40
0.2083333333
100
AcDbArc
 50
60.0
 51
240.0
  0
ARC
  5
DA0
100
AcDbEntity
  8
RUNDUNGEN
100
AcDbCircle
 62
7
  6
CONTINUOUS
 10
290.4982476406
 20
261.4377141278
 40
212.4378225342
100
AcDbArc
 50
185.9668596132
 51
186.187113311
  0
ARC
  5
DA1
100
AcDbEntity
  8
RUNDUNGEN
100
AcDbCircle
 62
7
  6
CONTINUOUS
 10
210.1928534986
 20
240.0857678464
 40
4.0261704873
100
AcDbArc
 50
350.1316129011
 51
355.0288109361
  0
ARC
  5
DA2
100
AcDbEntity
  8
0
100
AcDbCircle
 62
7
  6
CONTINUOUS
 10
160.3071521696
 20
212.5376721081
 40
2.2
100
AcDbArc
 50
220.5142902639
 51
270.0
  0
ARC
  5
DA3
100
AcDbEntity
  8
0
100
AcDbCircle
 62
3
  6
CONTINUOUS
 10
194.3071521696
 20
194.5976721081
 40
2.1
100
AcDbArc
 50
40.2435658439
 51
90.0
  0
ARC
  5
DA4
100
AcDbEntity
  8
0
100
AcDbCircle
 62
7
  6
CONTINUOUS
 10
194.3071521696
 20
194.5976721081
 40
1.6
100
AcDbArc
 50
0.0
 51
90.0
  0
ARC
  5
DA5
100
AcDbEntity
  8
0
100
AcDbCircle
 62
3
  6
CONTINUOUS
 10
164.9924571377
 20
223.0276721081
 40
1.6
100
AcDbArc
 50
270.0
 51
313.0
  0
ARC
  5
DA6
100
AcDbEntity
  8
0
100
AcDbCircle
 62
3
  6
CONTINUOUS
 10
172.0071521696
 20
204.2524386217
 40
1.6
100
AcDbArc
 50
0.0
 51
68.3318153442
  0
ARC
  5
DA7
100
AcDbEntity
  8
0
100
AcDbCircle
 62
7
  6
CONTINUOUS
 10
160.3071521696
 20
212.5376721081
 40
1.5
100
AcDbArc
 50
220.5142902639
 51
270.0
  0
ARC
  5
DA8
100
AcDbEntity
  8
0
100
AcDbCircle
 62
7
  6
CONTINUOUS
 10
172.9671521696
 20
206.6687167513
 40
1.5
100
AcDbArc
 50
180.0
 51
248.3318153442
  0
ARC
  5
DA9
100
AcDbEntity
  8
0
100
AcDbCircle
 62
7
  6
CONTINUOUS
 10
172.0071521696
 20
204.2524386217
 40
1.1
100
AcDbArc
 50
0.0
 51
68.3318153442
  0
ARC
  5
DAA
100
AcDbEntity
  8
0
100
AcDbCircle
 62
7
  6
CONTINUOUS
 10
164.9924571377
 20
223.0276721081
 40
1.0
100
AcDbArc
 50
270.0
 51
313.0
  0
ARC
  5
DAB
100
AcDbEntity
  8
0
100
AcDbCircle
 62
7
  6
CONTINUOUS
 10
211.8177854862
 20
240.1093916753
 40
1.0
100
AcDbArc
 50
270.0
 51
348.0989901704
  0
ARC
  5
DAC
100
AcDbEntity
  8
RUNDUNGEN
100
AcDbCircle
 62
7
  6
CONTINUOUS
 10
209.4071521696
 20
195.0879647304
 40
1.0
100
AcDbArc
 50
272.0
 51
360.0
  0
ARC
  5
DAD
100
AcDbEntity
  8
0
100
AcDbCircle
 62
3
  6
CONTINUOUS
 10
172.6071521696
 20
197.1476721081
 40
1.0
100
AcDbArc
 50
270.0
 51
360.0
  0
ARC
  5
DAE
100
AcDbEntity
  8
0
100
AcDbCircle
 62
3
  6
CONTINUOUS
 10
172.9671521696
 20
206.6687167513
 40
1.0
100
AcDbArc
 50
180.0
 51
248.3318153442
  0
ARC
  5
DAF
100
AcDbEntity
  8
RUNDUNGEN
100
AcDbCircle
 62
7
  6
CONTINUOUS
 10
209.4071255422
 20
236.441248259
 40
1.0000325604
100
AcDbArc
 50
0.0017280163
 51
87.7118491834
  0
ARC
  5
DB0
100
AcDbEntity
  8
0
100
AcDbCircle
 62
7
  6
CONTINUOUS
 10
172.3671521696
 20
206.6687167513
 40
0.9
100
AcDbArc
 50
90.0
 51
180.0
  0
ARC
  5
DB1
100
AcDbEntity
  8
RUNDUNGEN
100
AcDbCircle
 62
7
  6
CONTINUOUS
 10
159.5071521696
 20
191.1676721081
 40
0.8
100
AcDbArc
 50
270.0
 51
352.5001557124
  0
ARC
  5
DB2
100
AcDbEntity
  8
RUNDUNGEN
100
AcDbCircle
 62
7
  6
CONTINUOUS
 10
159.5071521696
 20
215.5676721081
 40
0.8
100
AcDbArc
 50
270.0
 51
360.0
  0
ARC
  5
DB3
100
AcDbEntity
  8
RUNDUNGEN
100
AcDbCircle
 62
7
  6
CONTINUOUS
 10
204.6071521696
 20
187.4599062059
 40
0.8
100
AcDbArc
 50
272.0
 51
360.0
  0
ARC
  5
DB4
100
AcDbEntity
  8
RUNDUNGEN
100
AcDbCircle
 62
7
  6
CONTINUOUS
 10
204.6071521696
 20
247.6354380103
 40
0.8
100
AcDbArc
 50
0.0
 51
87.9999999998
  0
ARC
  5
DB5
100
AcDbEntity
  8
0
100
AcDbCircle
 62
7
  6
CONTINUOUS
 10
160.1631252925
 20
196.9976721081
 40
0.8
100
AcDbArc
 50
90.0
 51
270.0
  0
ARC
  5
DB6
100
AcDbEntity
  8
0
100
AcDbCircle
 62
7
  6
CONTINUOUS
 10
172.6071521696
 20
197.1476721081
 40
0.5
100
AcDbArc
 50
270.0
 51
360.0
  0
ARC
  5
DB7
100
AcDbEntity
  8
0
100
AcDbCircle
 62
7
  6
CONTINUOUS
 10
166.9071521696
 20
203.5376721081
 40
0.4
100
AcDbArc
 50
284.6156164352
 51
75.3843835648
  0
ARC
  5
DB8
100
AcDbEntity
  8
0
100
AcDbCircle
 62
3
  6
CONTINUOUS
 10
172.3671521696
 20
206.6687167513
 40
0.4
100
AcDbArc
 50
90.0
 51
180.0
  0
ARC
  5
DB9
100
AcDbEntity
  8
0
100
AcDbCircle
 62
3
  6
CONTINUOUS
 10
176.4060377531
 20
209.3696318162
 40
0.3995031375
100
AcDbArc
 50
192.8850798491
 51
204.7859075155
  0
ARC
  5
DBA
100
AcDbEntity
  8
0
100
AcDbCircle
 62
3
  6
CONTINUOUS
 10
160.1631252925
 20
196.9976721081
 40
0.3
100
AcDbArc
 50
90.0
 51
270.0
  0
ARC
  5
DBB
100
AcDbEntity
  8
0
100
AcDbCircle
 62
7
  6
CONTINUOUS
 10
246.2901871122
 20
193.5476721081
 40
7.0
100
AcDbArc
 50
180.0
 51
270.0
  0
ARC
  5
DBC
100
AcDbEntity
  8
RUNDUNGEN
100
AcDbCircle
 62
7
  6
CONTINUOUS
 10
246.2901871122
 20
193.5476721081
 40
5.4
100
AcDbArc
 50
207.5918709337
 51
315.6471191396
  0
ARC
  5
DBD
100
AcDbEntity
  8
RUNDUNGEN
100
AcDbCircle
 62
7
  6
CONTINUOUS
 10
246.2901871122
 20
193.5476721081
 40
5.4
100
AcDbArc
 50
317.5283229461
 51
323.8751359266
  0
ARC
  5
DBE
100
AcDbEntity
  8
BEZUGSACHSEN
100
AcDbCircle
 62
7
  6
CONTINUOUS
 10
246.2901871122
 20
193.5476721081
 40
3.0
100
AcDbArc
 50
236.5430615994
 51
303.4569384006
  0
ARC
  5
DBF
100
AcDbEntity
  8
RUNDUNGEN
100
AcDbCircle
 62
7
  6
CONTINUOUS
 10
248.7213497342
 20
191.1708152959
 40
2.0
100
AcDbArc
 50
315.6471191396
 51
336.3110902896
  0
ARC
  5
DC0
100
AcDbEntity
  8
0
100
AcDbCircle
 62
7
  6
CONTINUOUS
 10
248.4401871122
 20
217.5476721081
 40
1.6
100
AcDbArc
 50
330.791126038
 51
306.4629843603
  0
ARC
  5
DC1
100
AcDbEntity
  8
FASEN
100
AcDbCircle
 62
7
  6
CONTINUOUS
 10
248.4401871122
 20
217.5476721081
 40
1.5
100
AcDbArc
 50
328.5597249443
 51
309.4355303118
  0
ARC
  5
DC2
100
AcDbEntity
  8
BEZUGSACHSEN
100
AcDbCircle
 62
7
  6
CONTINUOUS
 10
249.6401871122
 20
203.5376721081
 40
1.4
100
AcDbArc
 50
100.2915754197
 51
259.7084245803
  0
CIRCLE
  5
DC3
100
AcDbEntity
  8
FASEN
100
AcDbCircle
 62
7
  6
CONTINUOUS
 10
248.4401871122
 20
217.5476721081
 40
1.1
  0
CIRCLE
  5
DC4
100
AcDbEntity
  8
BEZUGSACHSEN
100
AcDbCircle
 62
7
  6
CONTINUOUS
 10
264.0101871122
 20
221.7676721081
 40
0.8
  0
CIRCLE
  5
DC5
100
AcDbEntity
  8
BEZUGSACHSEN
100
AcDbCircle
 62
7
  6
CONTINUOUS
 10
258.9301871122
 20
221.7676721081
 40
0.8
  0
ARC
  5
DC6
100
AcDbEntity
  8
RUNDUNGEN
100
AcDbCircle
 62
7
  6
CONTINUOUS
 10
49.1487675946
 20
261.437714132
 40
212.4378225736
100
AcDbArc
 50
353.812886689
 51
354.0331403868
  0
ARC
  5
DC7
100
AcDbEntity
  8
0
100
AcDbCircle
 62
7
  6
CONTINUOUS
 10
226.4337220579
 20
236.768608526
 40
40.6564008161
100
AcDbArc
 50
0.1947450853
 51
0.3955344114
  0
ARC
  5
DC8
100
AcDbEntity
  8
0
100
AcDbCircle
 62
7
  6
CONTINUOUS
 10
246.2901871122
 20
241.5476721081
 40
7.0
100
AcDbArc
 50
158.4175372678
 51
180.0
  0
ARC
  5
DC9
100
AcDbEntity
  8
0
100
AcDbCircle
 62
7
  6
CONTINUOUS
 10
246.2901871122
 20
241.5476721081
 40
7.0
100
AcDbArc
 50
90.0
 51
144.072498085
  0
ARC
  5
DCA
100
AcDbEntity
  8
0
100
AcDbCircle
 62
7
  6
CONTINUOUS
 10
259.1901871122
 20
237.9476721081
 40
2.5
100
AcDbArc
 50
90.0
 51
270.0
  0
CIRCLE
  5
DCB
100
AcDbEntity
  8
0
100
AcDbCircle
 62
7
  6
CONTINUOUS
 10
253.7101871122
 20
240.5476721081
 40
1.6
  0
CIRCLE
  5
DCC
100
AcDbEntity
  8
FASEN
100
AcDbCircle
 62
7
  6
CONTINUOUS
 10
253.7101871122
 20
240.5476721081
 40
1.5
  0
ARC
  5
DCD
100
AcDbEntity
  8
RUNDUNGEN
100
AcDbCircle
 62
7
  6
CONTINUOUS
 10
253.4316106156
 20
237.6610832673
 40
1.4
100
AcDbArc
 50
68.7394198621
 51
84.4876180659
  0
ARC
  5
DCE
100
AcDbEntity
  8
RUNDUNGEN
100
AcDbCircle
 62
7
  6
CONTINUOUS
 10
256.4898430135
 20
241.374420601
 40
1.4
100
AcDbArc
 50
196.5639705893
 51
212.1854073311
  0
CIRCLE
  5
DCF
100
AcDbEntity
  8
FASEN
100
AcDbCircle
 62
7
  6
CONTINUOUS
 10
253.7101871122
 20
240.5476721081
 40
1.1
  0
CIRCLE
  5
DD0
100
AcDbEntity
  8
BEZUGSACHSEN
100
AcDbCircle
 62
7
  6
CONTINUOUS
 10
261.4701871122
 20
226.8476721081
 40
0.8
  0
CIRCLE
  5
DD1
100
AcDbEntity
  8
BEZUGSACHSEN
100
AcDbCircle
 62
7
  6
CONTINUOUS
 10
256.3901871122
 20
226.8476721081
 40
0.8
  0
ARC
  5
DD2
100
AcDbEntity
  8
RUNDUNGEN
100
AcDbCircle
 62
7
  6
CONTINUOUS
 10
263.5606429287
 20
236.5285187042
 40
0.5193834971
100
AcDbArc
 50
89.9917290489
 51
97.8079495297
  0
ARC
  5
DD3
100
AcDbEntity
  8
RUNDUNGEN
100
AcDbCircle
 62
7
  6
CONTINUOUS
 10
263.5574449434
 20
236.5497959699
 40
0.4978691144
100
AcDbArc
 50
97.7759848379
 51
105.5579727953
  0
ARC
  5
DD4
100
AcDbEntity
  8
RUNDUNGEN
100
AcDbCircle
 62
7
  6
CONTINUOUS
 10
260.0599501028
 20
239.3929028579
 40
0.3776362716
100
AcDbArc
 50
354.1080389376
 51
1.6880078382
  0
ARC
  5
DD5
100
AcDbEntity
  8
BEZUGSACHSEN
100
AcDbCircle
 62
7
  6
CONTINUOUS
 10
265.2901871122
 20
217.5476721081
 40
25.0
100
AcDbArc
 50
119.6571837243
 51
119.9038508118
  0
ARC
  5
DD6
100
AcDbEntity
  8
0
100
AcDbCircle
 62
7
  6
CONTINUOUS
 10
265.2901871122
 20
217.5476721081
 40
22.4
100
AcDbArc
 50
75.5224878141
 51
104.4775121859
  0
ARC
  5
DD7
100
AcDbEntity
  8
0
100
AcDbCircle
 62
7
  6
CONTINUOUS
 10
265.2901871122
 20
217.5476721081
 40
22.0049862263
100
AcDbArc
 50
67.85
 51
75.2567644135
  0
ARC
  5
DD8
100
AcDbEntity
  8
0
100
AcDbCircle
 62
7
  6
CONTINUOUS
 10
265.2901871122
 20
217.5476721081
 40
22.0049862263
100
AcDbArc
 50
104.7432355865
 51
112.15
  0
ARC
  5
DD9
100
AcDbEntity
  8
0
100
AcDbCircle
 62
7
  6
CONTINUOUS
 10
265.2901871122
 20
217.5476721081
 40
22.0
100
AcDbArc
 50
319.8002357154
 51
320.8060753982
  0
ARC
  5
DDA
100
AcDbEntity
  8
0
100
AcDbCircle
 62
7
  6
CONTINUOUS
 10
265.2901871122
 20
217.5476721081
 40
22.0
100
AcDbArc
 50
219.1906603044
 51
223.6807068738
  0
ARC
  5
DDB
100
AcDbEntity
  8
RUNDUNGEN
100
AcDbCircle
 62
7
  6
CONTINUOUS
 10
265.2901871122
 20
217.3093916753
 40
21.8
100
AcDbArc
 50
68.0860918103
 51
111.9139081897
  0
ARC
  5
DDC
100
AcDbEntity
  8
RUNDUNGEN
100
AcDbCircle
 62
7
  6
CONTINUOUS
 10
265.2901871122
 20
217.3093916753
 40
20.4
100
AcDbArc
 50
68.47
 51
111.53
  0
CIRCLE
  5
DDD
100
AcDbEntity
  8
BEZUGSACHSEN
100
AcDbCircle
 62
7
  6
CONTINUOUS
 10
274.1701871122
 20
221.7676721081
 40
0.8
  0
CIRCLE
  5
DDE
100
AcDbEntity
  8
BEZUGSACHSEN
100
AcDbCircle
 62
7
  6
CONTINUOUS
 10
269.0901871122
 20
221.7676721081
 40
0.8
  0
ARC
  5
DDF
100
AcDbEntity
  8
0
100
AcDbCircle
 62
7
  6
CONTINUOUS
 10
284.2901871122
 20
193.5476721081
 40
7.0
100
AcDbArc
 50
270.0
 51
360.0
  0
ARC
  5
DE0
100
AcDbEntity
  8
BEZUGSACHSEN
100
AcDbCircle
 62
7
  6
CONTINUOUS
 10
280.9401871122
 20
203.5376721081
 40
1.4
100
AcDbArc
 50
280.2915754197
 51
79.7084245803
  0
ARC
  5
DE1
100
AcDbEntity
  8
0
100
AcDbCircle
 62
7
  6
CONTINUOUS
 10
282.1401871122
 20
217.5476721081
 40
1.6
100
AcDbArc
 50
233.5370156397
 51
209.208873962
  0
ARC
  5
DE2
100
AcDbEntity
  8
FASEN
100
AcDbCircle
 62
7
  6
CONTINUOUS
 10
282.1401871122
 20
217.5476721081
 40
1.5
100
AcDbArc
 50
230.5644696882
 51
211.4402750557
  0
CIRCLE
  5
DE3
100
AcDbEntity
  8
FASEN
100
AcDbCircle
 62
7
  6
CONTINUOUS
 10
282.1401871122
 20
217.5476721081
 40
1.1
  0
ARC
  5
DE4
100
AcDbEntity
  8
RUNDUNGEN
100
AcDbCircle
 62
7
  6
CONTINUOUS
 10
481.4286181623
 20
261.4373854721
 40
212.4348160917
100
AcDbArc
 50
185.9668442346
 51
186.1871120538
  0
ARC
  5
DE5
100
AcDbEntity
  8
0
100
AcDbCircle
 62
7
  6
CONTINUOUS
 10
305.6538703046
 20
236.7608246837
 40
42.1636367612
100
AcDbArc
 50
179.6080230422
 51
179.8015440855
  0
ARC
  5
DE6
100
AcDbEntity
  8
0
100
AcDbCircle
 62
7
  6
CONTINUOUS
 10
284.2901871122
 20
241.5476721081
 40
7.0
100
AcDbArc
 50
35.927501915
 51
90.0
  0
ARC
  5
DE7
100
AcDbEntity
  8
0
100
AcDbCircle
 62
7
  6
CONTINUOUS
 10
284.2901871122
 20
241.5476721081
 40
7.0
100
AcDbArc
 50
0.0
 51
21.5824627322
  0
ARC
  5
DE8
100
AcDbEntity
  8
0
100
AcDbCircle
 62
7
  6
CONTINUOUS
 10
284.2901871122
 20
241.5476721081
 40
5.4
100
AcDbArc
 50
49.4258069154
 51
130.5206647393
  0
ARC
  5
DE9
100
AcDbEntity
  8
0
100
AcDbCircle
 62
7
  6
CONTINUOUS
 10
271.3901871122
 20
237.9476721081
 40
2.5
100
AcDbArc
 50
270.0
 51
90.0
  0
ARC
  5
DEA
100
AcDbEntity
  8
0
100
AcDbCircle
 62
7
  6
CONTINUOUS
 10
277.7133708768
 20
243.9445885244
 40
2.0
100
AcDbArc
 50
256.0597653268
 51
267.9621717637
  0
CIRCLE
  5
DEB
100
AcDbEntity
  8
0
100
AcDbCircle
 62
7
  6
CONTINUOUS
 10
276.8701871122
 20
240.5476721081
 40
1.6
  0
CIRCLE
  5
DEC
100
AcDbEntity
  8
FASEN
100
AcDbCircle
 62
7
  6
CONTINUOUS
 10
276.8701871122
 20
240.5476721081
 40
1.5
  0
ARC
  5
DED
100
AcDbEntity
  8
RUNDUNGEN
100
AcDbCircle
 62
7
  6
CONTINUOUS
 10
277.1487636088
 20
237.6610832673
 40
1.4
100
AcDbArc
 50
95.5123819341
 51
111.2605801379
  0
ARC
  5
DEE
100
AcDbEntity
  8
RUNDUNGEN
100
AcDbCircle
 62
7
  6
CONTINUOUS
 10
274.0905312109
 20
241.374420601
 40
1.4
100
AcDbArc
 50
327.8145926689
 51
343.4360294107
  0
ARC
  5
DEF
100
AcDbEntity
  8
0
100
AcDbCircle
 62
7
  6
CONTINUOUS
 10
278.4901871122
 20
245.1476721081
 40
1.4
100
AcDbArc
 50
20.962311698
 51
159.037688302
  0
CIRCLE
  5
DF0
100
AcDbEntity
  8
FASEN
100
AcDbCircle
 62
7
  6
CONTINUOUS
 10
276.8701871122
 20
240.5476721081
 40
1.1
  0
CIRCLE
  5
DF1
100
AcDbEntity
  8
BEZUGSACHSEN
100
AcDbCircle
 62
7
  6
CONTINUOUS
 10
271.6301871122
 20
226.8476721081
 40
0.8
  0
CIRCLE
  5
DF2
100
AcDbEntity
  8
BEZUGSACHSEN
100
AcDbCircle
 62
7
  6
CONTINUOUS
 10
266.5501871122
 20
226.8476721081
 40
0.8
  0
ARC
  5
DF3
100
AcDbEntity
  8
RUNDUNGEN
100
AcDbCircle
 62
7
  6
CONTINUOUS
 10
267.0197313234
 20
236.5285193973
 40
0.5193828039
100
AcDbArc
 50
82.1910761652
 51
90.0082740177
  0
ARC
  5
DF4
100
AcDbEntity
  8
RUNDUNGEN
100
AcDbCircle
 62
7
  6
CONTINUOUS
 10
267.0220399724
 20
236.5454890764
 40
0.5022568145
100
AcDbArc
 50
74.4760724629
 51
82.1889739486
  0
ARC
  5
DF5
100
AcDbEntity
  8
RUNDUNGEN
100
AcDbCircle
 62
7
  6
CONTINUOUS
 10
270.5202747987
 20
239.3929253979
 40
0.3774470236
100
AcDbArc
 50
178.3159282113
 51
185.893697983
  0
SPLINE
  5
DF6
100
AcDbEntity
  8
RUNDUNGEN
100
AcDbSpline
 62
7
  6
CONTINUOUS
 70
0
 71
3
 72
11
 73
7
 74
0
 42
0.0000001
 43
0.0000001
 44
0.0000000001
 40
0.0
 40
0.0
 40
0.0
 40
0.0
 40
0.2254097489
 40
0.4639069601
 40
0.7224174273
 40
1.0
 40
1.0
 40
1.0
 40
1.0
 10
75.1475077132
 20
128.2420633129
 30
0.0
 10
75.1475077132
 20
128.2733909972
 30
0.0
 10
75.1340272
 20
128.3384777093
 30
0.0
 10
75.0773310722
 20
128.4237621531
 30
0.0
 10
74.9912735634
 20
128.4909612129
 30
0.0
 10
74.9214770767
 20
128.5196406192
 30
0.0
 10
74.8843157706
 20
128.530001837
 30
0.0
  0
SPLINE
  5
DF7
100
AcDbEntity
  8
RUNDUNGEN
100
AcDbSpline
 62
7
  6
CONTINUOUS
 70
0
 71
3
 72
11
 73
7
 74
0
 42
0.0000001
 43
0.0000001
 44
0.0000000001
 40
0.0
 40
0.0
 40
0.0
 40
0.0
 40
0.2775825727
 40
0.5360930399
 40
0.7745902511
 40
1.0
 40
1.0
 40
1.0
 40
1.0
 10
69.4106996559
 20
128.530001837
 30
0.0
 10
69.3735383498
 20
128.5196406192
 30
0.0
 10
69.3037418631
 20
128.4909612129
 30
0.0
 10
69.2176843543
 20
128.4237621531
 30
0.0
 10
69.1609882264
 20
128.3384777093
 30
0.0
 10
69.1475077132
 20
128.2733909972
 30
0.0
 10
69.1475077132
 20
128.2420633129
 30
0.0
  0
SPLINE
  5
DF8
100
AcDbEntity
  8
0
100
AcDbSpline
 62
7
  6
CONTINUOUS
 70
0
 71
3
 72
11
 73
7
 74
0
 42
0.0000001
 43
0.0000001
 44
0.0000000001
 40
0.0
 40
0.0
 40
0.0
 40
0.0
 40
0.2504623432
 40
0.5006883254
 40
0.7505355398
 40
1.0
 40
1.0
 40
1.0
 40
1.0
 10
85.1680469341
 20
109.8909701131
 30
0.0
 10
85.2302992202
 20
109.8905122184
 30
0.0
 10
85.3556236401
 20
109.8716103536
 30
0.0
 10
85.5247474827
 20
109.7860062149
 30
0.0
 10
85.6598796779
 20
109.6534432198
 30
0.0
 10
85.717803614
 20
109.5410890514
 30
0.0
 10
85.7380469341
 20
109.482480651
 30
0.0
  0
SPLINE
  5
DF9
100
AcDbEntity
  8
0
100
AcDbSpline
 62
7
  6
CONTINUOUS
 70
0
 71
3
 72
11
 73
7
 74
0
 42
0.0000001
 43
0.0000001
 44
0.0000000001
 40
0.0
 40
0.0
 40
0.0
 40
0.0
 40
0.2494642365
 40
0.4993108111
 40
0.7495366307
 40
1.0
 40
1.0
 40
1.0
 40
1.0
 10
85.7380469341
 20
109.0994595752
 30
0.0
 10
85.7178036057
 20
109.0408512365
 30
0.0
 10
85.6598798257
 20
108.9284972408
 30
0.0
 10
85.5247479023
 20
108.7959343663
 30
0.0
 10
85.3556241215
 20
108.710329949
 30
0.0
 10
85.2302994746
 20
108.6914280982
 30
0.0
 10
85.1680469341
 20
108.6909701131
 30
0.0
  0
SPLINE
  5
DFA
100
AcDbEntity
  8
0
100
AcDbSpline
 62
7
  6
CONTINUOUS
 70
0
 71
3
 72
9
 73
5
 74
0
 42
0.0000001
 43
0.0000001
 44
0.0000000001
 40
0.0
 40
0.0
 40
0.0
 40
0.0
 40
0.5
 40
1.0
 40
1.0
 40
1.0
 40
1.0
 10
85.7395952061
 20
109.4831418794
 30
0.0
 10
85.7652911023
 20
109.4229746627
 30
0.0
 10
85.7937333788
 20
109.2909701131
 30
0.0
 10
85.7652911023
 20
109.1589655635
 30
0.0
 10
85.7395952061
 20
109.0987983468
 30
0.0
  0
LINE
  5
DFB
100
AcDbEntity
  8
RUNDUNGEN
100
AcDbLine
 62
7
  6
CONTINUOUS
 10
88.1782352088
 20
86.1643284478
 11
88.3751967594
 21
86.0321014852
  0
LINE
  5
DFC
100
AcDbEntity
  8
RUNDUNGEN
100
AcDbLine
 62
7
  6
CONTINUOUS
 10
88.3751967594
 20
84.5498387409
 11
88.1782352088
 21
84.4176117784
  0
LINE
  5
DFD
100
AcDbEntity
  8
RUNDUNGEN
100
AcDbLine
 62
7
  6
CONTINUOUS
 10
89.66776042
 20
83.8082187977
 11
89.8149396016
 21
83.9608126704
  0
LINE
  5
DFE
100
AcDbEntity
  8
RUNDUNGEN
100
AcDbLine
 62
7
  6
CONTINUOUS
 10
90.3169783708
 20
82.3716976086
 11
90.4441061302
 21
82.5686591592
  0
LINE
  5
DFF
100
AcDbEntity
  8
RUNDUNGEN
100
AcDbLine
 62
7
  6
CONTINUOUS
 10
91.9780370557
 20
82.3716976086
 11
91.8509092963
 21
82.5686591592
  0
LINE
  5
E00
100
AcDbEntity
  8
RUNDUNGEN
100
AcDbLine
 62
7
  6
CONTINUOUS
 10
92.6272550065
 20
83.8082187977
 11
92.4800758248
 21
83.9608126704
  0
LINE
  5
E01
100
AcDbEntity
  8
RUNDUNGEN
100
AcDbLine
 62
7
  6
CONTINUOUS
 10
94.1167802177
 20
84.4176117784
 11
93.9198186671
 21
84.5498387409
  0
LINE
  5
E02
100
AcDbEntity
  8
RUNDUNGEN
100
AcDbLine
 62
7
  6
CONTINUOUS
 10
94.1167802177
 20
86.1643284478
 11
93.9198186671
 21
86.0321014852
  0
LINE
  5
E03
100
AcDbEntity
  8
RUNDUNGEN
100
AcDbLine
 62
7
  6
CONTINUOUS
 10
92.6272550065
 20
86.7737214285
 11
92.4800758248
 21
86.6211275557
  0
LINE
  5
E04
100
AcDbEntity
  8
RUNDUNGEN
100
AcDbLine
 62
7
  6
CONTINUOUS
 10
91.9780370557
 20
88.2102426175
 11
91.8509092963
 21
88.0132810669
  0
LINE
  5
E05
100
AcDbEntity
  8
RUNDUNGEN
100
AcDbLine
 62
7
  6
CONTINUOUS
 10
90.3169783708
 20
88.2102426175
 11
90.4441061302
 21
88.0132810669
  0
LINE
  5
E06
100
AcDbEntity
  8
RUNDUNGEN
100
AcDbLine
 62
7
  6
CONTINUOUS
 10
89.66776042
 20
86.7737214285
 11
89.8149396016
 21
86.6211275557
  0
LINE
  5
E07
100
AcDbEntity
  8
RUNDUNGEN
100
AcDbLine
 62
7
  6
CONTINUOUS
 10
50.1782352088
 20
134.1643284478
 11
50.3751967594
 21
134.0321014852
  0
LINE
  5
E08
100
AcDbEntity
  8
RUNDUNGEN
100
AcDbLine
 62
7
  6
CONTINUOUS
 10
50.3751967594
 20
132.5498387409
 11
50.1782352088
 21
132.4176117784
  0
LINE
  5
E09
100
AcDbEntity
  8
RUNDUNGEN
100
AcDbLine
 62
7
  6
CONTINUOUS
 10
51.66776042
 20
131.8082187977
 11
51.8149396016
 21
131.9608126704
  0
LINE
  5
E0A
100
AcDbEntity
  8
RUNDUNGEN
100
AcDbLine
 62
7
  6
CONTINUOUS
 10
52.3169783708
 20
130.3716976086
 11
52.4441061302
 21
130.5686591592
  0
LINE
  5
E0B
100
AcDbEntity
  8
RUNDUNGEN
100
AcDbLine
 62
7
  6
CONTINUOUS
 10
53.9780370557
 20
130.3716976086
 11
53.8509092963
 21
130.5686591592
  0
LINE
  5
E0C
100
AcDbEntity
  8
RUNDUNGEN
100
AcDbLine
 62
7
  6
CONTINUOUS
 10
54.6272550065
 20
131.8082187977
 11
54.4800758248
 21
131.9608126704
  0
LINE
  5
E0D
100
AcDbEntity
  8
RUNDUNGEN
100
AcDbLine
 62
7
  6
CONTINUOUS
 10
56.1167802177
 20
132.4176117784
 11
55.9198186671
 21
132.5498387409
  0
LINE
  5
E0E
100
AcDbEntity
  8
RUNDUNGEN
100
AcDbLine
 62
7
  6
CONTINUOUS
 10
56.1167802177
 20
134.1643284478
 11
55.9198186671
 21
134.0321014852
  0
LINE
  5
E0F
100
AcDbEntity
  8
RUNDUNGEN
100
AcDbLine
 62
7
  6
CONTINUOUS
 10
54.6272550065
 20
134.7737214285
 11
54.4800758248
 21
134.6211275557
  0
LINE
  5
E10
100
AcDbEntity
  8
RUNDUNGEN
100
AcDbLine
 62
7
  6
CONTINUOUS
 10
53.9780370557
 20
136.2102426175
 11
53.8509092963
 21
136.0132810669
  0
LINE
  5
E11
100
AcDbEntity
  8
RUNDUNGEN
100
AcDbLine
 62
7
  6
CONTINUOUS
 10
52.3169783708
 20
136.2102426175
 11
52.4441061302
 21
136.0132810669
  0
LINE
  5
E12
100
AcDbEntity
  8
RUNDUNGEN
100
AcDbLine
 62
7
  6
CONTINUOUS
 10
51.66776042
 20
134.7737214285
 11
51.8149396016
 21
134.6211275557
  0
SPLINE
  5
E13
100
AcDbEntity
  8
RUNDUNGEN
100
AcDbSpline
 62
7
  6
CONTINUOUS
 70
0
 71
3
 72
10
 73
6
 74
0
 42
0.0000001
 43
0.0000001
 44
0.0000000001
 40
0.0
 40
0.0
 40
0.0
 40
0.0
 40
0.2669715389
 40
0.6476545073
 40
1.0
 40
1.0
 40
1.0
 40
1.0
 10
58.0200543775
 20
99.9775200647
 30
0.0
 10
58.0448344486
 20
99.945801588
 30
0.0
 10
58.0973859713
 20
99.8632677985
 30
0.0
 10
58.169579433
 20
99.7302233054
 30
0.0
 10
58.2009618166
 20
99.6234751781
 30
0.0
 10
58.2128841616
 20
99.5717080877
 30
0.0
  0
SPLINE
  5
E14
100
AcDbEntity
  8
0
100
AcDbSpline
 62
7
  6
CONTINUOUS
 70
0
 71
3
 72
11
 73
7
 74
0
 42
0.0000001
 43
0.0000001
 44
0.0000000001
 40
0.0
 40
0.0
 40
0.0
 40
0.0
 40
0.2494642365
 40
0.4993108111
 40
0.7495366307
 40
1.0
 40
1.0
 40
1.0
 40
1.0
 10
58.5569684924
 20
109.482480651
 30
0.0
 10
58.5772118208
 20
109.5410889897
 30
0.0
 10
58.6351356008
 20
109.6534429853
 30
0.0
 10
58.7702675242
 20
109.7860058599
 30
0.0
 10
58.9393913049
 20
109.8716102772
 30
0.0
 10
59.0647159519
 20
109.890512128
 30
0.0
 10
59.1269684924
 20
109.8909701131
 30
0.0
  0
SPLINE
  5
E15
100
AcDbEntity
  8
0
100
AcDbSpline
 62
7
  6
CONTINUOUS
 70
0
 71
3
 72
11
 73
7
 74
0
 42
0.0000001
 43
0.0000001
 44
0.0000000001
 40
0.0
 40
0.0
 40
0.0
 40
0.0
 40
0.2504623432
 40
0.5006883254
 40
0.7505355398
 40
1.0
 40
1.0
 40
1.0
 40
1.0
 10
59.1269684924
 20
108.6909701131
 30
0.0
 10
59.0647162063
 20
108.6914280077
 30
0.0
 10
58.9393917864
 20
108.7103298725
 30
0.0
 10
58.7702679438
 20
108.7959340113
 30
0.0
 10
58.6351357485
 20
108.9284970063
 30
0.0
 10
58.5772118125
 20
109.0408511748
 30
0.0
 10
58.5569684924
 20
109.0994595752
 30
0.0
  0
SPLINE
  5
E16
100
AcDbEntity
  8
0
100
AcDbSpline
 62
7
  6
CONTINUOUS
 70
0
 71
3
 72
9
 73
5
 74
0
 42
0.0000001
 43
0.0000001
 44
0.0000000001
 40
0.0
 40
0.0
 40
0.0
 40
0.0
 40
0.5
 40
1.0
 40
1.0
 40
1.0
 40
1.0
 10
58.5554202204
 20
109.0987983468
 30
0.0
 10
58.5297243241
 20
109.1589655635
 30
0.0
 10
58.5012820477
 20
109.2909701131
 30
0.0
 10
58.5297243241
 20
109.4229746627
 30
0.0
 10
58.5554202204
 20
109.4831418793
 30
0.0
  0
SPLINE
  5
E17
100
AcDbEntity
  8
RUNDUNGEN
100
AcDbSpline
 62
7
  6
CONTINUOUS
 70
0
 71
3
 72
11
 73
7
 74
0
 42
0.0000001
 43
0.0000001
 44
0.0000000001
 40
0.0
 40
0.0
 40
0.0
 40
0.0
 40
0.2462860721
 40
0.4964161778
 40
0.7479714866
 40
1.0
 40
1.0
 40
1.0
 40
1.0
 10
67.2928719097
 20
131.0974659619
 30
0.0
 10
67.2978082203
 20
131.1451484288
 30
0.0
 10
67.2891538591
 20
131.2442433441
 30
0.0
 10
67.2203889282
 20
131.3766292777
 30
0.0
 10
67.1068036106
 20
131.4747042265
 30
0.0
 10
67.0120311085
 20
131.5084167946
 30
0.0
 10
66.9636190144
 20
131.5163328238
 30
0.0
  0
SPLINE
  5
E18
100
AcDbEntity
  8
RUNDUNGEN
100
AcDbSpline
 62
7
  6
CONTINUOUS
 70
0
 71
3
 72
11
 73
7
 74
0
 42
0.0000001
 43
0.0000001
 44
0.0000000001
 40
0.0
 40
0.0
 40
0.0
 40
0.0
 40
0.251751886
 40
0.5032985148
 40
0.7536157146
 40
1.0
 40
1.0
 40
1.0
 40
1.0
 10
77.3971884056
 20
131.5217994128
 30
0.0
 10
77.3427372761
 20
131.5217994128
 30
0.0
 10
77.2326161335
 20
131.4994769307
 30
0.0
 10
77.0951247933
 20
131.4037650841
 30
0.0
 10
77.008710252
 20
131.2611520179
 30
0.0
 10
76.996617536
 20
131.150442434
 30
0.0
 10
77.0021034167
 20
131.0974353768
 30
0.0
  0
LINE
  5
E19
100
AcDbEntity
  8
0
100
AcDbLine
 62
7
  6
CONTINUOUS
 10
71.2028209873
 20
129.4308034313
 11
71.2497025376
 21
129.4329226364
  0
LINE
  5
E1A
100
AcDbEntity
  8
0
100
AcDbLine
 62
7
  6
CONTINUOUS
 10
73.0454336002
 20
129.4329173186
 11
73.0922442884
 21
129.4308011205
  0
SPLINE
  5
E1B
100
AcDbEntity
  8
RUNDUNGEN
100
AcDbSpline
 62
9
  6
CONTINUOUS
 70
0
 71
3
 72
11
 73
7
 74
0
 42
0.0000001
 43
0.0000001
 44
0.0000000001
 40
0.0
 40
0.0
 40
0.0
 40
0.0
 40
0.0690189047
 40
0.3152532239
 40
0.5763318181
 40
1.0
 40
1.0
 40
1.0
 40
1.0
 10
76.9315479146
 20
131.1390382113
 30
0.0
 10
76.9328788892
 20
131.1376789802
 30
0.0
 10
76.9392132089
 20
131.1317244437
 30
0.0
 10
76.9515388743
 20
131.1216592958
 30
0.0
 10
76.9731348082
 20
131.1076627025
 30
0.0
 10
76.9909017833
 20
131.1007352099
 30
0.0
 10
77.0021034167
 20
131.0974353768
 30
0.0
  0
SPLINE
  5
E1C
100
AcDbEntity
  8
0
100
AcDbSpline
 62
7
  6
CONTINUOUS
 70
0
 71
3
 72
15
 73
11
 74
0
 42
0.0000001
 43
0.0000001
 44
0.0000000001
 40
0.0
 40
0.0
 40
0.0
 40
0.0
 40
0.1250717973
 40
0.25012939
 40
0.3751286281
 40
0.5001112411
 40
0.6250818951
 40
0.7500522939
 40
0.875021752
 40
1.0
 40
1.0
 40
1.0
 40
1.0
 10
62.9475077132
 20
135.5218266295
 30
0.0
 10
62.9475077132
 20
135.2920385337
 30
0.0
 10
62.9872972257
 20
134.8315148982
 30
0.0
 10
63.1640490388
 20
134.1620224221
 30
0.0
 10
63.4520960609
 20
133.5323647838
 30
0.0
 10
63.8418802653
 20
132.9604348761
 30
0.0
 10
64.321111457
 20
132.4612738725
 30
0.0
 10
64.8752212927
 20
132.0469987955
 30
0.0
 10
65.4879947919
 20
131.7264169544
 30
0.0
 10
65.9250476303
 20
131.5786775378
 30
0.0
 10
66.1475077132
 20
131.5217994128
 30
0.0
  0
SPLINE
  5
E1D
100
AcDbEntity
  8
0
100
AcDbSpline
 62
7
  6
CONTINUOUS
 70
0
 71
3
 72
15
 73
11
 74
0
 42
0.0000001
 43
0.0000001
 44
0.0000000001
 40
0.0
 40
0.0
 40
0.0
 40
0.0
 40
0.1249793496
 40
0.2499498564
 40
0.3749214204
 40
0.4998931628
 40
0.6248763494
 40
0.749875686
 40
0.8749303695
 40
1.0
 40
1.0
 40
1.0
 40
1.0
 10
78.1475077132
 20
131.5217994128
 30
0.0
 10
78.3699700602
 20
131.5786781166
 30
0.0
 10
78.8070272109
 20
131.7264192951
 30
0.0
 10
79.4198061669
 20
132.0470060361
 30
0.0
 10
79.9739200217
 20
132.4612876607
 30
0.0
 10
80.4531523348
 20
132.9604560585
 30
0.0
 10
80.8429361547
 20
133.5323915699
 30
0.0
 10
81.1309742656
 20
134.1620495872
 30
0.0
 10
81.3077240576
 20
134.8315340465
 30
0.0
 10
81.3475077132
 20
135.2920494205
 30
0.0
 10
81.3475077132
 20
135.5218338486
 30
0.0
  0
SPLINE
  5
E1E
100
AcDbEntity
  8
RUNDUNGEN
100
AcDbSpline
 62
7
  6
CONTINUOUS
 70
0
 71
3
 72
14
 73
10
 74
0
 42
0.0000001
 43
0.0000001
 44
0.0000000001
 40
0.0
 40
0.0
 40
0.0
 40
0.0
 40
0.3383994113
 40
0.4938526712
 40
0.6335976362
 40
0.7541407305
 40
0.8536386206
 40
0.9334205147
 40
1.0
 40
1.0
 40
1.0
 40
1.0
 10
73.5475077132
 20
124.1526896803
 30
0.0
 10
73.5986791197
 20
124.1526896803
 30
0.0
 10
73.6735725378
 20
124.1578608144
 30
0.0
 10
73.7676935617
 20
124.1763028629
 30
0.0
 10
73.8280232378
 20
124.1944204863
 30
0.0
 10
73.877977756
 20
124.2164507725
 30
0.0
 10
73.9159298766
 20
124.2418064564
 30
0.0
 10
73.9409460004
 20
124.2702123487
 30
0.0
 10
73.9475077132
 20
124.292464434
 30
0.0
 10
73.9475077132
 20
124.3025323177
 30
0.0
  0
SPLINE
  5
E1F
100
AcDbEntity
  8
RUNDUNGEN
100
AcDbSpline
 62
9
  6
CONTINUOUS
 70
0
 71
3
 72
11
 73
7
 74
0
 42
0.0000001
 43
0.0000001
 44
0.0000000001
 40
0.0
 40
0.0
 40
0.0
 40
0.0
 40
0.0690139321
 40
0.315041245
 40
0.5761149474
 40
1.0
 40
1.0
 40
1.0
 40
1.0
 10
67.3634683089
 20
131.1390384449
 30
0.0
 10
67.3621368715
 20
131.1376790378
 30
0.0
 10
67.3558020923
 20
131.131729787
 30
0.0
 10
67.343492155
 20
131.1216467786
 30
0.0
 10
67.3218675397
 20
131.1076759188
 30
0.0
 10
67.3040849902
 20
131.1007608305
 30
0.0
 10
67.2928719097
 20
131.0974659619
 30
0.0
  0
SPLINE
  5
E20
100
AcDbEntity
  8
RUNDUNGEN
100
AcDbSpline
 62
7
  6
CONTINUOUS
 70
0
 71
3
 72
14
 73
10
 74
0
 42
0.0000001
 43
0.0000001
 44
0.0000000001
 40
0.0
 40
0.0
 40
0.0
 40
0.0
 40
0.0665794853
 40
0.1463613794
 40
0.2458592695
 40
0.3664023638
 40
0.5061473288
 40
0.6616005887
 40
1.0
 40
1.0
 40
1.0
 40
1.0
 10
70.3475077132
 20
124.3025323177
 30
0.0
 10
70.3475077132
 20
124.292464434
 30
0.0
 10
70.3540694261
 20
124.2702123487
 30
0.0
 10
70.3790855499
 20
124.2418064564
 30
0.0
 10
70.4170376705
 20
124.2164507725
 30
0.0
 10
70.4669921887
 20
124.1944204863
 30
0.0
 10
70.5273218648
 20
124.1763028629
 30
0.0
 10
70.6214428886
 20
124.1578608144
 30
0.0
 10
70.6963363068
 20
124.1526896803
 30
0.0
 10
70.7475077132
 20
124.1526896803
 30
0.0
  0
SPLINE
  5
E21
100
AcDbEntity
  8
RUNDUNGEN
100
AcDbSpline
 62
7
  6
CONTINUOUS
 70
0
 71
3
 72
11
 73
7
 74
0
 42
0.0000001
 43
0.0000001
 44
0.0000000001
 40
0.0
 40
0.0
 40
0.0
 40
0.0
 40
0.0808501592
 40
0.3027429033
 40
0.6242687663
 40
1.0
 40
1.0
 40
1.0
 40
1.0
 10
76.7711943849
 20
128.9217994128
 30
0.0
 10
76.776803566
 20
128.9814519631
 30
0.0
 10
76.7973245576
 20
129.204865175
 30
0.0
 10
76.836395406
 20
129.6658456721
 30
0.0
 10
76.8888408602
 20
130.3449760564
 30
0.0
 10
76.9199559482
 20
130.8608368324
 30
0.0
 10
76.931566322
 20
131.1390374172
 30
0.0
  0
SPLINE
  5
E22
100
AcDbEntity
  8
RUNDUNGEN
100
AcDbSpline
 62
7
  6
CONTINUOUS
 70
0
 71
3
 72
11
 73
7
 74
0
 42
0.0000001
 43
0.0000001
 44
0.0000000001
 40
0.0
 40
0.0
 40
0.0
 40
0.0
 40
0.080850161
 40
0.3027429083
 40
0.6242687718
 40
1.0
 40
1.0
 40
1.0
 40
1.0
 10
67.5238210415
 20
128.9217994128
 30
0.0
 10
67.5182118599
 20
128.9814519698
 30
0.0
 10
67.4976908661
 20
129.2048652053
 30
0.0
 10
67.4586200142
 20
129.6658457478
 30
0.0
 10
67.4061745564
 20
130.3449761916
 30
0.0
 10
67.3750594683
 20
130.8608370103
 30
0.0
 10
67.3634490962
 20
131.1390376161
 30
0.0
  0
SPLINE
  5
E23
100
AcDbEntity
  8
BEZUGSACHSEN
100
AcDbSpline
 62
7
  6
CONTINUOUS
 70
0
 71
3
 72
18
 73
14
 74
0
 42
0.0000001
 43
0.0000001
 44
0.0000000001
 40
0.0
 40
0.0
 40
0.0
 40
0.0
 40
0.0042657585
 40
0.0163998302
 40
0.0365570019
 40
0.0647261555
 40
0.1008771056
 40
0.1449715198
 40
0.2566740012
 40
0.3990864445
 40
0.5713881594
 40
0.7722456812
 40
1.0
 40
1.0
 40
1.0
 40
1.0
 10
61.6050923315
 20
121.2966713268
 30
0.0
 10
61.6053448822
 20
121.2963190417
 30
0.0
 10
61.6073581105
 20
121.297859013
 30
0.0
 10
61.6099231392
 20
121.2992479846
 30
0.0
 10
61.6151375457
 20
121.3033151987
 30
0.0
 10
61.6217900774
 20
121.3084067543
 30
0.0
 10
61.6304557747
 20
121.3153383842
 30
0.0
 10
61.6455928286
 20
121.3275780781
 30
0.0
 10
61.6690122901
 20
121.3468466468
 30
0.0
 10
61.7023689641
 20
121.3744846285
 30
0.0
 10
61.7426607195
 20
121.4079748764
 30
0.0
 10
61.7896353526
 20
121.4469833882
 30
0.0
 10
61.8231897
 20
121.4747499921
 30
0.0
 10
61.8410381017
 20
121.4894819217
 30
0.0
  0
SPLINE
  5
E24
100
AcDbEntity
  8
BEZUGSACHSEN
100
AcDbSpline
 62
7
  6
CONTINUOUS
 70
0
 71
3
 72
18
 73
14
 74
0
 42
0.0000001
 43
0.0000001
 44
0.0000000001
 40
0.0
 40
0.0
 40
0.0
 40
0.0
 40
0.2277543188
 40
0.4286118406
 40
0.6009135555
 40
0.7433259988
 40
0.8550284802
 40
0.8991228944
 40
0.9352738445
 40
0.9634429981
 40
0.9836001698
 40
0.9957342415
 40
1.0
 40
1.0
 40
1.0
 40
1.0
 10
63.7783327711
 20
122.8918493856
 30
0.0
 10
63.7979023717
 20
122.9042035724
 30
0.0
 10
63.8347600636
 20
122.9274067847
 30
0.0
 10
63.8864888779
 20
122.9598476529
 30
0.0
 10
63.9308881994
 20
122.9876635206
 30
0.0
 10
63.9675619637
 20
123.0107191219
 30
0.0
 10
63.9931812811
 20
123.0269487089
 30
0.0
 10
64.0095364786
 20
123.0375056033
 30
0.0
 10
64.0188279332
 20
123.0435727834
 30
0.0
 10
64.0257425866
 20
123.048302232
 30
0.0
 10
64.0312349676
 20
123.0519854394
 30
0.0
 10
64.0333555998
 20
123.0539883207
 30
0.0
 10
64.035447331
 20
123.0554198445
 30
0.0
 10
64.0351915504
 20
123.0557697916
 30
0.0
  0
LINE
  5
E25
100
AcDbEntity
  8
RUNDUNGEN
100
AcDbLine
 62
7
  6
CONTINUOUS
 10
59.8475077132
 20
101.6909701131
 11
60.2475077132
 21
102.0909701131
  0
LINE
  5
E26
100
AcDbEntity
  8
RUNDUNGEN
100
AcDbLine
 62
7
  6
CONTINUOUS
 10
65.1475077132
 20
101.6909701131
 11
65.5475077132
 21
102.0909701131
  0
LINE
  5
E27
100
AcDbEntity
  8
RUNDUNGEN
100
AcDbLine
 62
7
  6
CONTINUOUS
 10
65.1475077132
 20
98.4909701131
 11
65.5475077132
 21
98.8909701131
  0
SPLINE
  5
E28
100
AcDbEntity
  8
BEZUGSACHSEN
100
AcDbSpline
 62
7
  6
CONTINUOUS
 70
0
 71
3
 72
18
 73
14
 74
0
 42
0.0000001
 43
0.0000001
 44
0.0000000001
 40
0.0
 40
0.0
 40
0.0
 40
0.0
 40
0.0042647124
 40
0.016396392
 40
0.0365514352
 40
0.064720287
 40
0.1008743192
 40
0.1449764327
 40
0.2567003147
 40
0.3991219162
 40
0.5714075651
 40
0.7722514602
 40
1.0
 40
1.0
 40
1.0
 40
1.0
 10
80.2598241781
 20
123.055769579
 30
0.0
 10
80.2595684605
 20
123.0554197181
 30
0.0
 10
80.2616594699
 20
123.0539883073
 30
0.0
 10
80.263779921
 20
123.0519857671
 30
0.0
 10
80.2692717329
 20
123.0483027512
 30
0.0
 10
80.2761864715
 20
123.0435733086
 30
0.0
 10
80.2854788492
 20
123.0375056039
 30
0.0
 10
80.3018369066
 20
123.0269471633
 30
0.0
 10
80.3274596267
 20
123.0107157369
 30
0.0
 10
80.3641345436
 20
122.9876592919
 30
0.0
 10
80.4085317056
 20
122.9598440153
 30
0.0
 10
80.4602575381
 20
122.9274053011
 30
0.0
 10
80.4971135726
 20
122.9042032455
 30
0.0
 10
80.5166826553
 20
122.8918493856
 30
0.0
  0
LINE
  5
E29
100
AcDbEntity
  8
RUNDUNGEN
100
AcDbLine
 62
7
  6
CONTINUOUS
 10
68.0475077132
 20
98.4909701131
 11
68.4475077132
 21
98.8909701131
  0
LINE
  5
E2A
100
AcDbEntity
  8
RUNDUNGEN
100
AcDbLine
 62
7
  6
CONTINUOUS
 10
76.2475077132
 20
98.4909701131
 11
75.8475077132
 21
98.8909701131
  0
LINE
  5
E2B
100
AcDbEntity
  8
RUNDUNGEN
100
AcDbLine
 62
7
  6
CONTINUOUS
 10
79.1475077132
 20
98.4909701131
 11
78.7475077132
 21
98.8909701131
  0
LINE
  5
E2C
100
AcDbEntity
  8
RUNDUNGEN
100
AcDbLine
 62
7
  6
CONTINUOUS
 10
79.1475077132
 20
101.6909701131
 11
78.7475077132
 21
102.0909701131
  0
LINE
  5
E2D
100
AcDbEntity
  8
RUNDUNGEN
100
AcDbLine
 62
7
  6
CONTINUOUS
 10
84.4475077132
 20
101.6909701131
 11
84.0475077132
 21
102.0909701131
  0
SPLINE
  5
E2E
100
AcDbEntity
  8
0
100
AcDbSpline
 62
7
  6
CONTINUOUS
 70
0
 71
3
 72
10
 73
6
 74
0
 42
0.0000001
 43
0.0000001
 44
0.0000000001
 40
0.0
 40
0.0
 40
0.0
 40
0.0
 40
0.221830069
 40
0.4694663473
 40
1.0
 40
1.0
 40
1.0
 40
1.0
 10
80.6584316138
 20
122.7587092387
 30
0.0
 10
80.7092592501
 20
122.6917308604
 30
0.0
 10
80.8031870677
 20
122.5398048647
 30
0.0
 10
80.9733675766
 20
122.2010167342
 30
0.0
 10
81.0851693339
 20
121.9276997138
 30
0.0
 10
81.1598093085
 20
121.7409761544
 30
0.0
  0
SPLINE
  5
E2F
100
AcDbEntity
  8
0
100
AcDbSpline
 62
7
  6
CONTINUOUS
 70
0
 71
3
 72
9
 73
5
 74
0
 42
0.0000001
 43
0.0000001
 44
0.0000000001
 40
0.0
 40
0.0
 40
0.0
 40
0.0
 40
0.4705790103
 40
1.0
 40
1.0
 40
1.0
 40
1.0
 10
80.5166826553
 20
122.8918493856
 30
0.0
 10
80.5441796858
 20
122.8744906536
 30
0.0
 10
80.5973586257
 20
122.8293848061
 30
0.0
 10
80.6423944784
 20
122.7767458629
 30
0.0
 10
80.6644540138
 20
122.747560877
 30
0.0
  0
LINE
  5
E30
100
AcDbEntity
  8
RUNDUNGEN
100
AcDbLine
 62
7
  6
CONTINUOUS
 10
84.4475077132
 20
116.0109701131
 11
84.0475077132
 21
115.6109701131
  0
LINE
  5
E31
100
AcDbEntity
  8
RUNDUNGEN
100
AcDbLine
 62
7
  6
CONTINUOUS
 10
59.8475077132
 20
116.0109701131
 11
60.2475077132
 21
115.6109701131
  0
SPLINE
  5
E32
100
AcDbEntity
  8
0
100
AcDbSpline
 62
7
  6
CONTINUOUS
 70
0
 71
3
 72
9
 73
5
 74
0
 42
0.0000001
 43
0.0000001
 44
0.0000000001
 40
0.0
 40
0.0
 40
0.0
 40
0.0
 40
0.2710506811
 40
1.0
 40
1.0
 40
1.0
 40
1.0
 10
63.6424448445
 20
122.7629519182
 30
0.0
 10
63.6530486585
 20
122.7761876393
 30
0.0
 10
63.6933393218
 20
122.8239369286
 30
0.0
 10
63.739765056
 20
122.8675017881
 30
0.0
 10
63.7783327711
 20
122.8918493856
 30
0.0
  0
SPLINE
  5
E33
100
AcDbEntity
  8
0
100
AcDbSpline
 62
7
  6
CONTINUOUS
 70
0
 71
3
 72
11
 73
7
 74
0
 42
0.0000001
 43
0.0000001
 44
0.0000000001
 40
0.0
 40
0.0
 40
0.0
 40
0.0
 40
0.2688625558
 40
0.5313525802
 40
0.7790296778
 40
1.0
 40
1.0
 40
1.0
 40
1.0
 10
63.1352062675
 20
121.7409762626
 30
0.0
 10
63.173259416
 20
121.8361714898
 30
0.0
 10
63.2495841738
 20
122.023851004
 30
0.0
 10
63.36915861
 20
122.2959135521
 30
0.0
 10
63.4943857509
 20
122.5449828411
 30
0.0
 10
63.5897634561
 20
122.6971948081
 30
0.0
 10
63.6424448445
 20
122.7629519182
 30
0.0
  0
SPLINE
  5
E34
100
AcDbEntity
  8
0
100
AcDbSpline
 62
7
  6
CONTINUOUS
 70
0
 71
3
 72
9
 73
5
 74
0
 42
0.0000001
 43
0.0000001
 44
0.0000000001
 40
0.0
 40
0.0
 40
0.0
 40
0.0
 40
0.2513988931
 40
1.0
 40
1.0
 40
1.0
 40
1.0
 10
81.1598093085
 20
121.7409761544
 30
0.0
 10
81.1924144003
 20
121.7389314838
 30
0.0
 10
81.3220965917
 20
121.7306236458
 30
0.0
 10
81.4516955818
 20
121.7208404139
 30
0.0
 10
81.5485694377
 20
121.7119573726
 30
0.0
  0
SPLINE
  5
E35
100
AcDbEntity
  8
0
100
AcDbSpline
 62
7
  6
CONTINUOUS
 70
0
 71
3
 72
11
 73
7
 74
0
 42
0.0000001
 43
0.0000001
 44
0.0000000001
 40
0.0
 40
0.0
 40
0.0
 40
0.0
 40
0.2209708517
 40
0.468649419
 40
0.7311390851
 40
1.0
 40
1.0
 40
1.0
 40
1.0
 10
62.0059296378
 20
121.5783124741
 30
0.0
 10
62.0848514805
 20
121.6078201497
 30
0.0
 10
62.2592391343
 20
121.6508853619
 30
0.0
 10
62.5349614605
 20
121.6920544575
 30
0.0
 10
62.830760339
 20
121.7206722174
 30
0.0
 10
63.0328887601
 20
121.7345596678
 30
0.0
 10
63.1352062675
 20
121.7409762626
 30
0.0
  0
SPLINE
  5
E36
100
AcDbEntity
  8
0
100
AcDbSpline
 62
7
  6
CONTINUOUS
 70
0
 71
3
 72
9
 73
5
 74
0
 42
0.0000001
 43
0.0000001
 44
0.0000000001
 40
0.0
 40
0.0
 40
0.0
 40
0.0
 40
0.2297642574
 40
1.0
 40
1.0
 40
1.0
 40
1.0
 10
61.8410381017
 20
121.4894819217
 30
0.0
 10
61.8521324153
 20
121.4986390803
 30
0.0
 10
61.9029702019
 20
121.5354237592
 30
0.0
 10
61.9607598292
 20
121.5614241703
 30
0.0
 10
62.0059296378
 20
121.5783124741
 30
0.0
  0
SPLINE
  5
E37
100
AcDbEntity
  8
0
100
AcDbSpline
 62
9
  6
CONTINUOUS
 70
0
 71
3
 72
10
 73
6
 74
0
 42
0.0000001
 43
0.0000001
 44
0.0000000001
 40
0.0
 40
0.0
 40
0.0
 40
0.0
 40
0.5355159881
 40
0.7808906593
 40
1.0
 40
1.0
 40
1.0
 40
1.0
 10
81.4708281853
 20
122.1706321962
 30
0.0
 10
81.3258110601
 20
122.2756070879
 30
0.0
 10
81.1142878201
 20
122.4286006965
 30
0.0
 10
80.8435614206
 20
122.6247255449
 30
0.0
 10
80.7179366829
 20
122.7159947145
 30
0.0
 10
80.6584316138
 20
122.7587092387
 30
0.0
  0
SPLINE
  5
E38
100
AcDbEntity
  8
0
100
AcDbSpline
 62
9
  6
CONTINUOUS
 70
0
 71
3
 72
14
 73
10
 74
0
 42
0.0000001
 43
0.0000001
 44
0.0000000001
 40
0.0
 40
0.0
 40
0.0
 40
0.0
 40
0.2532660207
 40
0.3794898556
 40
0.5052107254
 40
0.6302847195
 40
0.7545858469
 40
0.8778404321
 40
1.0
 40
1.0
 40
1.0
 40
1.0
 10
81.4708281853
 20
122.1706321962
 30
0.0
 10
81.4998986119
 20
122.1495887168
 30
0.0
 10
81.5434323778
 20
122.1180232215
 30
0.0
 10
81.6014952677
 20
122.0761475043
 30
0.0
 10
81.6447019956
 20
122.0447285005
 30
0.0
 10
81.6875532771
 20
122.0132785332
 30
0.0
 10
81.7310951394
 20
121.9833938576
 30
0.0
 10
81.7727686437
 20
121.9516112371
 30
0.0
 10
81.7991109114
 20
121.9288413616
 30
0.0
 10
81.81307425
 20
121.9186111173
 30
0.0
  0
LINE
  5
E39
100
AcDbEntity
  8
RUNDUNGEN
100
AcDbLine
 62
9
  6
CONTINUOUS
 10
82.2351277008
 20
126.763240459
 11
82.3643031263
 21
126.8467290738
  0
LINE
  5
E3A
100
AcDbEntity
  8
RUNDUNGEN
100
AcDbLine
 62
9
  6
CONTINUOUS
 10
61.9307123002
 20
126.8467290738
 11
62.0598877257
 21
126.763240459
  0
LINE
  5
E3B
100
AcDbEntity
  8
RUNDUNGEN
100
AcDbLine
 62
9
  6
CONTINUOUS
 10
61.6093505861
 20
125.5087913791
 11
61.7364668361
 21
125.4232429801
  0
LINE
  5
E3C
100
AcDbEntity
  8
RUNDUNGEN
100
AcDbLine
 62
9
  6
CONTINUOUS
 10
59.4560835879
 20
129.1688570038
 11
59.463420925
 21
129.0252861876
  0
LINE
  5
E3D
100
AcDbEntity
  8
RUNDUNGEN
100
AcDbLine
 62
9
  6
CONTINUOUS
 10
60.8585717496
 20
128.8439807655
 11
60.8696746206
 21
128.6845002437
  0
LINE
  5
E3E
100
AcDbEntity
  8
RUNDUNGEN
100
AcDbLine
 62
9
  6
CONTINUOUS
 10
82.5585485905
 20
125.42324298
 11
82.6856648404
 21
125.5087913791
  0
LINE
  5
E3F
100
AcDbEntity
  8
RUNDUNGEN
100
AcDbLine
 62
9
  6
CONTINUOUS
 10
83.4253408059
 20
128.6845002437
 11
83.4346045361
 21
128.8174493721
  0
LINE
  5
E40
100
AcDbEntity
  8
RUNDUNGEN
100
AcDbLine
 62
9
  6
CONTINUOUS
 10
83.4346045361
 20
128.8174493721
 11
83.4364436769
 21
128.8439807655
  0
LINE
  5
E41
100
AcDbEntity
  8
RUNDUNGEN
100
AcDbLine
 62
9
  6
CONTINUOUS
 10
84.8315945015
 20
129.0252861876
 11
84.8389318385
 21
129.1688570038
  0
SPLINE
  5
E42
100
AcDbEntity
  8
0
100
AcDbSpline
 62
7
  6
CONTINUOUS
 70
0
 71
3
 72
16
 73
12
 74
0
 42
0.0000001
 43
0.0000001
 44
0.0000000001
 40
0.0
 40
0.0
 40
0.0
 40
0.0
 40
0.0941270453
 40
0.2230962277
 40
0.3040761536
 40
0.4420744828
 40
0.5737968417
 40
0.7210985218
 40
0.83887147
 40
0.9466790919
 40
1.0
 40
1.0
 40
1.0
 40
1.0
 10
61.9529544569
 20
148.8322177506
 30
0.0
 10
58.6456449233
 20
149.3490466942
 30
0.0
 10
51.1229700414
 20
147.1523022283
 30
0.0
 10
35.3179531646
 20
148.1604079871
 30
0.0
 10
38.7920631583
 20
132.7937404589
 30
0.0
 10
38.9356526754
 20
120.7092890578
 30
0.0
 10
33.1868936897
 20
105.4211136948
 30
0.0
 10
37.1694970235
 20
91.4993851542
 30
0.0
 10
31.9276647912
 20
75.4291325422
 30
0.0
 10
43.8938935411
 20
71.4909367518
 30
0.0
 10
50.0077801428
 20
70.4765498641
 30
0.0
 10
51.9791390125
 20
70.2473464912
 30
0.0
  0
SPLINE
  5
E43
100
AcDbEntity
  8
0
100
AcDbSpline
 62
7
  6
CONTINUOUS
 70
0
 71
3
 72
15
 73
11
 74
0
 42
0.0000001
 43
0.0000001
 44
0.0000000001
 40
0.0
 40
0.0
 40
0.0
 40
0.0
 40
0.187839851
 40
0.2873003689
 40
0.425003065
 40
0.5608417748
 40
0.6823300724
 40
0.8421189908
 40
0.9436550291
 40
1.0
 40
1.0
 40
1.0
 40
1.0
 10
81.5746379597
 20
69.8765269102
 30
0.0
 10
88.3519166844
 20
69.0155778543
 30
0.0
 10
99.2979537585
 20
65.2763847102
 30
0.0
 10
109.8364575305
 20
78.8876593574
 30
0.0
 10
105.2489831522
 20
92.0510498928
 30
0.0
 10
108.9626985074
 20
105.5904180097
 30
0.0
 10
103.8493548923
 20
119.9329120272
 30
0.0
 10
107.8398053653
 20
132.291876998
 30
0.0
 10
106.2312779523
 20
145.211868089
 30
0.0
 10
101.2864237465
 20
147.0846546002
 30
0.0
 10
99.3007931621
 20
147.4388655928
 30
0.0
  0
SPLINE
  5
E44
100
AcDbEntity
  8
0
100
AcDbSpline
 62
7
  6
CONTINUOUS
 70
0
 71
3
 72
9
 73
5
 74
0
 42
0.0000001
 43
0.0000001
 44
0.0000000001
 40
0.0
 40
0.0
 40
0.0
 40
0.0
 40
0.3565350095
 40
1.0
 40
1.0
 40
1.0
 40
1.0
 10
51.9791390125
 20
70.2473464912
 30
0.0
 10
55.5384972946
 20
69.8335116812
 30
0.0
 10
65.0475294185
 20
69.6463848595
 30
0.0
 10
74.8784556679
 20
70.7271739112
 30
0.0
 10
81.5746379597
 20
69.8765269102
 30
0.0
  0
SPLINE
  5
E45
100
AcDbEntity
  8
0
100
AcDbSpline
 62
7
  6
CONTINUOUS
 70
0
 71
3
 72
11
 73
7
 74
0
 42
0.0000001
 43
0.0000001
 44
0.0000000001
 40
0.0
 40
0.0
 40
0.0
 40
0.0
 40
0.1911448339
 40
0.4171941523
 40
0.8636466171
 40
1.0
 40
1.0
 40
1.0
 40
1.0
 10
99.3007931621
 20
147.4388655928
 30
0.0
 10
96.8988563338
 20
147.8673402724
 30
0.0
 10
90.9508744312
 20
147.7992014887
 30
0.0
 10
80.8105104562
 20
147.7532937762
 30
0.0
 10
70.5217369841
 20
146.0710055833
 30
0.0
 10
63.5523235251
 20
148.5822864341
 30
0.0
 10
61.9529544569
 20
148.8322177506
 30
0.0
  0
SPLINE
  5
E46
100
AcDbEntity
  8
0
100
AcDbSpline
 62
3
  6
CONTINUOUS
 70
0
 71
3
 72
9
 73
5
 74
0
 42
0.0000001
 43
0.0000001
 44
0.0000000001
 40
0.0
 40
0.0
 40
0.0
 40
0.0
 40
0.5
 40
1.0
 40
1.0
 40
1.0
 40
1.0
 10
85.7380469341
 20
109.482480651
 30
0.0
 10
85.753582951
 20
109.420037772
 30
0.0
 10
85.7710100923
 20
109.2909701131
 30
0.0
 10
85.753582951
 20
109.1619024542
 30
0.0
 10
85.7380469341
 20
109.0994595752
 30
0.0
  0
SPLINE
  5
E47
100
AcDbEntity
  8
0
100
AcDbSpline
 62
3
  6
CONTINUOUS
 70
0
 71
3
 72
9
 73
5
 74
0
 42
0.0000001
 43
0.0000001
 44
0.0000000001
 40
0.0
 40
0.0
 40
0.0
 40
0.0
 40
0.5
 40
1.0
 40
1.0
 40
1.0
 40
1.0
 10
58.5569684924
 20
109.0994595752
 30
0.0
 10
58.5414324754
 20
109.1619024541
 30
0.0
 10
58.5240053342
 20
109.2909701131
 30
0.0
 10
58.5414324754
 20
109.420037772
 30
0.0
 10
58.5569684924
 20
109.482480651
 30
0.0
  0
SPLINE
  5
E48
100
AcDbEntity
  8
0
100
AcDbSpline
 62
7
  6
CONTINUOUS
 70
0
 71
3
 72
10
 73
6
 74
0
 42
0.0000001
 43
0.0000001
 44
0.0000000001
 40
0.0
 40
0.0
 40
0.0
 40
0.0
 40
0.1992394621
 40
0.4322511792
 40
1.0
 40
1.0
 40
1.0
 40
1.0
 10
179.1323813877
 20
82.3332646354
 30
0.0
 10
179.1207674313
 20
82.3517845351
 30
0.0
 10
179.0978570557
 20
82.3933999779
 30
0.0
 10
179.052170006
 20
82.4932126571
 30
0.0
 10
179.0224330352
 20
82.5760539388
 30
0.0
 10
179.0029053595
 20
82.635206546
 30
0.0
  0
SPLINE
  5
E49
100
AcDbEntity
  8
0
100
AcDbSpline
 62
7
  6
CONTINUOUS
 70
0
 71
3
 72
19
 73
15
 74
0
 42
0.0000001
 43
0.0000001
 44
0.0000000001
 40
0.0
 40
0.0
 40
0.0
 40
0.0
 40
0.2199995631
 40
0.4053807464
 40
0.5561442392
 40
0.6736827546
 40
0.7212309067
 40
0.7625189472
 40
0.799182461
 40
0.8335543086
 40
0.8684540153
 40
0.9065668639
 40
0.9499534883
 40
1.0
 40
1.0
 40
1.0
 40
1.0
 10
179.3986647581
 20
82.6236249334
 30
0.0
 10
179.3883720156
 20
82.5894736103
 30
0.0
 10
179.3681812038
 20
82.5269020952
 30
0.0
 10
179.3354626004
 20
82.4427777668
 30
0.0
 10
179.302860069
 20
82.3767564226
 30
0.0
 10
179.2739552552
 20
82.3340242297
 30
0.0
 10
179.250070619
 20
82.3104225145
 30
0.0
 10
179.2332587539
 20
82.298730436
 30
0.0
 10
179.2161659851
 20
82.2918900593
 30
0.0
 10
179.1988170754
 20
82.2901980121
 30
0.0
 10
179.1815347465
 20
82.2937896294
 30
0.0
 10
179.1645522422
 20
82.3024094695
 30
0.0
 10
179.1478184262
 20
82.3158048257
 30
0.0
 10
179.1375426208
 20
82.3270036592
 30
0.0
 10
179.1323813877
 20
82.3332646354
 30
0.0
  0
SPLINE
  5
E4A
100
AcDbEntity
  8
0
100
AcDbSpline
 62
7
  6
CONTINUOUS
 70
0
 71
3
 72
13
 73
9
 74
0
 42
0.0000001
 43
0.0000001
 44
0.0000000001
 40
0.0
 40
0.0
 40
0.0
 40
0.0
 40
0.2912659644
 40
0.5673063412
 40
0.6934429866
 40
0.8087741569
 40
0.9114709632
 40
1.0
 40
1.0
 40
1.0
 40
1.0
 10
178.6196589056
 20
85.2911825513
 30
0.0
 10
178.6544131846
 20
85.0415606481
 30
0.0
 10
178.7202846334
 20
84.5551167482
 30
0.0
 10
178.8023253097
 20
83.960712779
 30
0.0
 10
178.8683897732
 20
83.5178122528
 30
0.0
 10
178.91563702
 20
83.2237711343
 30
0.0
 10
178.9620654551
 20
82.9625922211
 30
0.0
 10
178.9950160212
 20
82.8004057093
 30
0.0
 10
179.0118128206
 20
82.7256665744
 30
0.0
  0
SPLINE
  5
E4B
100
AcDbEntity
  8
BEZUGSACHSEN
100
AcDbSpline
 62
7
  6
CONTINUOUS
 70
0
 71
3
 72
11
 73
7
 74
0
 42
0.0000001
 43
0.0000001
 44
0.0000000001
 40
0.0
 40
0.0
 40
0.0
 40
0.0
 40
0.2790680671
 40
0.5465335533
 40
0.7905954242
 40
1.0
 40
1.0
 40
1.0
 40
1.0
 10
179.6660956436
 20
85.2909939382
 30
0.0
 10
179.7160248322
 20
85.1620940077
 30
0.0
 10
179.8103991443
 20
84.9083350309
 30
0.0
 10
179.94201486
 20
84.5395033347
 30
0.0
 10
180.0622509089
 20
84.2032628997
 30
0.0
 10
180.1415674844
 20
83.9930585981
 30
0.0
 10
180.1806740214
 20
83.896987638
 30
0.0
  0
SPLINE
  5
E4C
100
AcDbEntity
  8
0
100
AcDbSpline
 62
7
  6
CONTINUOUS
 70
0
 71
3
 72
14
 73
10
 74
0
 42
0.0000001
 43
0.0000001
 44
0.0000000001
 40
0.0
 40
0.0
 40
0.0
 40
0.0
 40
0.3038331924
 40
0.4483460121
 40
0.5842637762
 40
0.7091688149
 40
0.8210086068
 40
0.9182771952
 40
1.0
 40
1.0
 40
1.0
 40
1.0
 10
177.4377926212
 20
85.2909524873
 30
0.0
 10
177.4491793305
 20
85.1219621053
 30
0.0
 10
177.4709043119
 20
84.8728598301
 30
0.0
 10
177.5114673959
 20
84.5496619241
 30
0.0
 10
177.5463411734
 20
84.3263679481
 30
0.0
 10
177.5860311249
 20
84.1223950969
 30
0.0
 10
177.6304063047
 20
83.9414492578
 30
0.0
 10
177.6793422274
 20
83.7867633756
 30
0.0
 10
177.71831263
 20
83.6945850452
 30
0.0
 10
177.7393301873
 20
83.6541661278
 30
0.0
  0
SPLINE
  5
E4D
100
AcDbEntity
  8
BEZUGSACHSEN
100
AcDbSpline
 62
7
  6
CONTINUOUS
 70
0
 71
3
 72
12
 73
8
 74
0
 42
0.0000001
 43
0.0000001
 44
0.0000000001
 40
0.0
 40
0.0
 40
0.0
 40
0.0
 40
0.0944829897
 40
0.2007989254
 40
0.4433709498
 40
0.7148107518
 40
1.0
 40
1.0
 40
1.0
 40
1.0
 10
178.6987399092
 20
83.5990688355
 30
0.0
 10
178.6815076056
 20
83.6509859012
 30
0.0
 10
178.6476603481
 20
83.7622450126
 30
0.0
 10
178.5810207052
 20
84.0101666604
 30
0.0
 10
178.5000764029
 20
84.3601622015
 30
0.0
 10
178.4056629451
 20
84.8131365072
 30
0.0
 10
178.3425624219
 20
85.1291694845
 30
0.0
 10
178.3099487334
 20
85.2910307296
 30
0.0
  0
SPLINE
  5
E4E
100
AcDbEntity
  8
0
100
AcDbSpline
 62
7
  6
CONTINUOUS
 70
0
 71
3
 72
13
 73
9
 74
0
 42
0.0000001
 43
0.0000001
 44
0.0000000001
 40
0.0
 40
0.0
 40
0.0
 40
0.0
 40
0.0897895612
 40
0.1932870297
 40
0.309031468
 40
0.4352704068
 40
0.7106661094
 40
1.0
 40
1.0
 40
1.0
 40
1.0
 10
178.976146918
 20
82.7198662196
 30
0.0
 10
178.9533599069
 20
82.7950205065
 30
0.0
 10
178.9087312285
 20
82.9581432097
 30
0.0
 10
178.8461536223
 20
83.2211146386
 30
0.0
 10
178.7830170493
 20
83.5166350831
 30
0.0
 10
178.6955927453
 20
83.9606389705
 30
0.0
 10
178.5884781132
 20
84.5554386324
 30
0.0
 10
178.5037202311
 20
85.0420389466
 30
0.0
 10
178.4593753455
 20
85.2911841775
 30
0.0
  0
SPLINE
  5
E4F
100
AcDbEntity
  8
0
100
AcDbSpline
 62
7
  6
CONTINUOUS
 70
0
 71
3
 72
11
 73
7
 74
0
 42
0.0000001
 43
0.0000001
 44
0.0000000001
 40
0.0
 40
0.0
 40
0.0
 40
0.0
 40
0.3104231975
 40
0.5809734981
 40
0.8108298692
 40
1.0
 40
1.0
 40
1.0
 40
1.0
 10
179.0304576017
 20
82.6458616706
 30
0.0
 10
179.0385189881
 20
82.6127473787
 30
0.0
 10
179.0543966821
 20
82.5509591384
 30
0.0
 10
179.0796398282
 20
82.4655613274
 30
0.0
 10
179.1046934343
 20
82.3940861968
 30
0.0
 10
179.1229803811
 20
82.3517841676
 30
0.0
 10
179.1323813877
 20
82.3332646354
 30
0.0
  0
SPLINE
  5
E50
100
AcDbEntity
  8
0
100
AcDbSpline
 62
7
  6
CONTINUOUS
 70
0
 71
3
 72
14
 73
10
 74
0
 42
0.0000001
 43
0.0000001
 44
0.0000000001
 40
0.0
 40
0.0
 40
0.0
 40
0.0
 40
0.0830023946
 40
0.1673610067
 40
0.2608048824
 40
0.3690232322
 40
0.4955608121
 40
0.6424559071
 40
1.0
 40
1.0
 40
1.0
 40
1.0
 10
179.4657955828
 20
83.1970087304
 30
0.0
 10
179.457329038
 20
83.1947460686
 30
0.0
 10
179.4394124173
 20
83.192722728
 30
0.0
 10
179.4121096976
 20
83.1988228157
 30
0.0
 10
179.3854195844
 20
83.2136118827
 30
0.0
 10
179.3591954157
 20
83.2365356113
 30
0.0
 10
179.3331535158
 20
83.2674326044
 30
0.0
 10
179.2960812382
 20
83.3228941163
 30
0.0
 10
179.2722068619
 20
83.3707358478
 30
0.0
 10
179.2566772348
 20
83.4051443932
 30
0.0
  0
SPLINE
  5
E51
100
AcDbEntity
  8
BEZUGSACHSEN
100
AcDbSpline
 62
7
  6
CONTINUOUS
 70
0
 71
3
 72
10
 73
6
 74
0
 42
0.0000001
 43
0.0000001
 44
0.0000000001
 40
0.0
 40
0.0
 40
0.0
 40
0.0
 40
0.2209242983
 40
0.4664377006
 40
1.0
 40
1.0
 40
1.0
 40
1.0
 10
180.180374068
 20
84.0716780074
 30
0.0
 10
180.1532735557
 20
84.160174084
 30
0.0
 10
180.1005033966
 20
84.3483751358
 30
0.0
 10
179.9982976284
 20
84.7546707124
 30
0.0
 10
179.9261462041
 20
85.0730050551
 30
0.0
 10
179.876588544
 20
85.2909694547
 30
0.0
  0
SPLINE
  5
E52
100
AcDbEntity
  8
BEZUGSACHSEN
100
AcDbSpline
 62
7
  6
CONTINUOUS
 70
0
 71
3
 72
10
 73
6
 74
0
 42
0.0000001
 43
0.0000001
 44
0.0000000001
 40
0.0
 40
0.0
 40
0.0
 40
0.0
 40
0.3999126168
 40
0.6723662079
 40
1.0
 40
1.0
 40
1.0
 40
1.0
 10
177.9014105367
 20
83.4743436246
 30
0.0
 10
177.8696428611
 20
83.4828456456
 30
0.0
 10
177.8243629824
 20
83.5212368183
 30
0.0
 10
177.776304797
 20
83.5871159956
 30
0.0
 10
177.7517598484
 20
83.6302626153
 30
0.0
 10
177.7393301873
 20
83.6541661278
 30
0.0
  0
SPLINE
  5
E53
100
AcDbEntity
  8
BEZUGSACHSEN
100
AcDbSpline
 62
7
  6
CONTINUOUS
 70
0
 71
3
 72
14
 73
10
 74
0
 42
0.0000001
 43
0.0000001
 44
0.0000000001
 40
0.0
 40
0.0
 40
0.0
 40
0.0
 40
0.0805298879
 40
0.1778027297
 40
0.2902940076
 40
0.4160160098
 40
0.5526025647
 40
0.6974042652
 40
1.0
 40
1.0
 40
1.0
 40
1.0
 10
179.2566772348
 20
83.4051443932
 30
0.0
 10
179.2352050299
 20
83.4527196812
 30
0.0
 10
179.1939171926
 20
83.5604979399
 30
0.0
 10
179.1375854575
 20
83.7400724019
 30
0.0
 10
179.0809604801
 20
83.9500693846
 30
0.0
 10
179.0240707119
 20
84.1862616115
 30
0.0
 10
178.9669441611
 20
84.4438873166
 30
0.0
 10
178.889324405
 20
84.8143641977
 30
0.0
 10
178.8326635045
 20
85.0987638243
 30
0.0
 10
178.7939233296
 20
85.2910307296
 30
0.0
  0
SPLINE
  5
E54
100
AcDbEntity
  8
0
100
AcDbSpline
 62
7
  6
CONTINUOUS
 70
0
 71
3
 72
10
 73
6
 74
0
 42
0.0000001
 43
0.0000001
 44
0.0000000001
 40
0.0
 40
0.0
 40
0.0
 40
0.0
 40
0.1992394621
 40
0.4322511792
 40
1.0
 40
1.0
 40
1.0
 40
1.0
 10
179.1323813877
 20
130.3332646354
 30
0.0
 10
179.1207674313
 20
130.3517845351
 30
0.0
 10
179.0978570557
 20
130.3933999779
 30
0.0
 10
179.052170006
 20
130.4932126571
 30
0.0
 10
179.0224330352
 20
130.5760539388
 30
0.0
 10
179.0029053595
 20
130.635206546
 30
0.0
  0
SPLINE
  5
E55
100
AcDbEntity
  8
0
100
AcDbSpline
 62
7
  6
CONTINUOUS
 70
0
 71
3
 72
19
 73
15
 74
0
 42
0.0000001
 43
0.0000001
 44
0.0000000001
 40
0.0
 40
0.0
 40
0.0
 40
0.0
 40
0.2199995631
 40
0.4053807464
 40
0.5561442392
 40
0.6736827546
 40
0.7212309067
 40
0.7625189472
 40
0.799182461
 40
0.8335543086
 40
0.8684540153
 40
0.9065668639
 40
0.9499534883
 40
1.0
 40
1.0
 40
1.0
 40
1.0
 10
179.3986647581
 20
130.6236249334
 30
0.0
 10
179.3883720156
 20
130.5894736103
 30
0.0
 10
179.3681812038
 20
130.5269020952
 30
0.0
 10
179.3354626004
 20
130.4427777668
 30
0.0
 10
179.302860069
 20
130.3767564226
 30
0.0
 10
179.2739552552
 20
130.3340242297
 30
0.0
 10
179.250070619
 20
130.3104225145
 30
0.0
 10
179.2332587539
 20
130.298730436
 30
0.0
 10
179.2161659851
 20
130.2918900593
 30
0.0
 10
179.1988170754
 20
130.2901980121
 30
0.0
 10
179.1815347465
 20
130.2937896294
 30
0.0
 10
179.1645522422
 20
130.3024094695
 30
0.0
 10
179.1478184262
 20
130.3158048257
 30
0.0
 10
179.1375426208
 20
130.3270036592
 30
0.0
 10
179.1323813877
 20
130.3332646354
 30
0.0
  0
SPLINE
  5
E56
100
AcDbEntity
  8
0
100
AcDbSpline
 62
7
  6
CONTINUOUS
 70
0
 71
3
 72
16
 73
12
 74
0
 42
0.0000001
 43
0.0000001
 44
0.0000000001
 40
0.0
 40
0.0
 40
0.0
 40
0.0
 40
0.0778047448
 40
0.1141824126
 40
0.1511863144
 40
0.2334909987
 40
0.335192797
 40
0.461277962
 40
0.6138526771
 40
0.7934765768
 40
1.0
 40
1.0
 40
1.0
 40
1.0
 10
178.0062087481
 20
135.6407737145
 30
0.0
 10
178.0157140056
 20
135.6462590703
 30
0.0
 10
178.031297012
 20
135.652244413
 30
0.0
 10
178.0527925966
 20
135.6525298059
 30
0.0
 10
178.0744241345
 20
135.6477678568
 30
0.0
 10
178.1017127816
 20
135.6312197259
 30
0.0
 10
178.1315784283
 20
135.5988835259
 30
0.0
 10
178.1609259159
 20
135.5537671472
 30
0.0
 10
178.1899128396
 20
135.4958937296
 30
0.0
 10
178.2186857216
 20
135.4255094828
 30
0.0
 10
178.2364870076
 20
135.3740093435
 30
0.0
 10
178.2454738466
 20
135.3462998026
 30
0.0
  0
SPLINE
  5
E57
100
AcDbEntity
  8
0
100
AcDbSpline
 62
7
  6
CONTINUOUS
 70
0
 71
3
 72
12
 73
8
 74
0
 42
0.0000001
 43
0.0000001
 44
0.0000000001
 40
0.0
 40
0.0
 40
0.0
 40
0.0
 40
0.1597341585
 40
0.2604324761
 40
0.3764536843
 40
0.6562215227
 40
1.0
 40
1.0
 40
1.0
 40
1.0
 10
177.7595960218
 20
135.4983842344
 30
0.0
 10
177.7398301392
 20
135.486984016
 30
0.0
 10
177.7125608399
 20
135.4602173769
 30
0.0
 10
177.6809553273
 20
135.4168372443
 30
0.0
 10
177.6445505237
 20
135.3558058047
 30
0.0
 10
177.6002701382
 20
135.2596707356
 30
0.0
 10
177.5694864186
 20
135.1760251888
 30
0.0
 10
177.5536524257
 20
135.1295394767
 30
0.0
  0
SPLINE
  5
E58
100
AcDbEntity
  8
0
100
AcDbSpline
 62
7
  6
CONTINUOUS
 70
0
 71
3
 72
18
 73
14
 74
0
 42
0.0000001
 43
0.0000001
 44
0.0000000001
 40
0.0
 40
0.0
 40
0.0
 40
0.0
 40
0.0418550748
 40
0.0915618363
 40
0.1482270104
 40
0.2108156058
 40
0.3491828833
 40
0.4970611921
 40
0.6447005953
 40
0.7828935391
 40
0.9035152224
 40
0.9551156548
 40
1.0
 40
1.0
 40
1.0
 40
1.0
 10
178.2454738466
 20
135.3462998026
 30
0.0
 10
178.2656456645
 20
135.2841030925
 30
0.0
 10
178.3041025406
 20
135.1462152985
 30
0.0
 10
178.3560196651
 20
134.9205155044
 30
0.0
 10
178.4072546234
 20
134.6615511891
 30
0.0
 10
178.4769458736
 20
134.2651568158
 30
0.0
 10
178.5592419543
 20
133.726405676
 30
0.0
 10
178.6527349469
 20
133.0550712773
 30
0.0
 10
178.7435883627
 20
132.3836435927
 30
0.0
 10
178.8317445492
 20
131.7548330723
 30
0.0
 10
178.9059584819
 20
131.2755579908
 30
0.0
 10
178.9661757211
 20
130.9417656483
 30
0.0
 10
178.9964379805
 20
130.7940785511
 30
0.0
 10
179.0118128206
 20
130.7256665744
 30
0.0
  0
SPLINE
  5
E59
100
AcDbEntity
  8
BEZUGSACHSEN
100
AcDbSpline
 62
7
  6
CONTINUOUS
 70
0
 71
3
 72
20
 73
16
 74
0
 42
0.0000001
 43
0.0000001
 44
0.0000000001
 40
0.0
 40
0.0
 40
0.0
 40
0.0
 40
0.0417299247
 40
0.0861702277
 40
0.1345948395
 40
0.1877491926
 40
0.2459094323
 40
0.3089464801
 40
0.376374228
 40
0.4474301809
 40
0.59625709
 40
0.7455713411
 40
0.8839677501
 40
0.9454550335
 40
1.0
 40
1.0
 40
1.0
 40
1.0
 10
178.3910695776
 20
135.0866211185
 30
0.0
 10
178.441584813
 20
135.0732795384
 30
0.0
 10
178.543158901
 20
135.0343870604
 30
0.0
 10
178.6868407085
 20
134.9447782509
 30
0.0
 10
178.8250824322
 20
134.8241764881
 30
0.0
 10
178.9581601935
 20
134.6743248703
 30
0.0
 10
179.0863341595
 20
134.4972783103
 30
0.0
 10
179.2097289876
 20
134.2957036133
 30
0.0
 10
179.328421896
 20
134.0729228685
 30
0.0
 10
179.4826963602
 20
133.7478540419
 30
0.0
 10
179.6585135449
 20
133.3200605818
 30
0.0
 10
179.847419302
 20
132.8071620942
 30
0.0
 10
179.9930009635
 20
132.3948957935
 30
0.0
 10
180.1025304532
 20
132.0957607333
 30
0.0
 10
180.1549264754
 20
131.9602402719
 30
0.0
 10
180.1806740214
 20
131.896987638
 30
0.0
  0
SPLINE
  5
E5A
100
AcDbEntity
  8
0
100
AcDbSpline
 62
7
  6
CONTINUOUS
 70
0
 71
3
 72
27
 73
23
 74
0
 42
0.0000001
 43
0.0000001
 44
0.0000000001
 40
0.0
 40
0.0
 40
0.0
 40
0.0
 40
0.008323634
 40
0.0182391943
 40
0.0305417613
 40
0.0456176756
 40
0.0636106494
 40
0.0845427322
 40
0.1083645649
 40
0.1349654572
 40
0.1959067292
 40
0.2658735116
 40
0.3430059505
 40
0.4251939904
 40
0.5101700011
 40
0.5955969186
 40
0.6791548825
 40
0.758627612
 40
0.8319913207
 40
0.8974929193
 40
0.9537815171
 40
1.0
 40
1.0
 40
1.0
 40
1.0
 10
177.5843017139
 20
135.1087589483
 30
0.0
 10
177.5748333311
 20
135.106228694
 30
0.0
 10
177.5553452568
 20
135.09565329
 30
0.0
 10
177.5313673569
 20
135.0682860513
 30
0.0
 10
177.510004374
 20
135.0296908996
 30
0.0
 10
177.4908567653
 20
134.979696676
 30
0.0
 10
177.4737393792
 20
134.91839642
 30
0.0
 10
177.4586640453
 20
134.8460286358
 30
0.0
 10
177.4456288016
 20
134.7630033164
 30
0.0
 10
177.4302692453
 20
134.6327563637
 30
0.0
 10
177.4171631809
 20
134.4476706125
 30
0.0
 10
177.4097309857
 20
134.2027860144
 30
0.0
 10
177.4099865077
 20
133.9327740522
 30
0.0
 10
177.4177626906
 20
133.6452048613
 30
0.0
 10
177.4328797374
 20
133.348149375
 30
0.0
 10
177.4551492184
 20
133.049924237
 30
0.0
 10
177.4844681899
 20
132.7588149981
 30
0.0
 10
177.5206737393
 20
132.4827842171
 30
0.0
 10
177.5635873455
 20
132.2292420908
 30
0.0
 10
177.6129727204
 20
132.0046758449
 30
0.0
 10
177.6686036583
 20
131.8146943837
 30
0.0
 10
177.7142237257
 20
131.7024484274
 30
0.0
 10
177.7393301873
 20
131.6541661278
 30
0.0
  0
SPLINE
  5
E5B
100
AcDbEntity
  8
BEZUGSACHSEN
100
AcDbSpline
 62
7
  6
CONTINUOUS
 70
0
 71
3
 72
27
 73
23
 74
0
 42
0.0000001
 43
0.0000001
 44
0.0000000001
 40
0.0
 40
0.0
 40
0.0
 40
0.0
 40
0.0565213189
 40
0.121613964
 40
0.1939312017
 40
0.2719078425
 40
0.3538074757
 40
0.4377683568
 40
0.5218477111
 40
0.6040672837
 40
0.6824598097
 40
0.7551213735
 40
0.8202727782
 40
0.8763377402
 40
0.9005588264
 40
0.9220786777
 40
0.9408315812
 40
0.9568296286
 40
0.9702023364
 40
0.9812986848
 40
0.9908350599
 40
1.0
 40
1.0
 40
1.0
 40
1.0
 10
178.6987399092
 20
131.5990688355
 30
0.0
 10
178.6764980041
 20
131.666078707
 30
0.0
 10
178.6332608662
 20
131.811789437
 30
0.0
 10
178.5729688012
 20
132.0464447873
 30
0.0
 10
178.5123855704
 20
132.3086101657
 30
0.0
 10
178.4515223715
 20
132.5922076953
 30
0.0
 10
178.3903852185
 20
132.8906052498
 30
0.0
 10
178.328964018
 20
133.1967212325
 30
0.0
 10
178.2672443484
 20
133.5031851694
 30
0.0
 10
178.2052131603
 20
133.8024895352
 30
0.0
 10
178.1428575881
 20
134.0871465742
 30
0.0
 10
178.0801924214
 20
134.3498823695
 30
0.0
 10
178.0172072023
 20
134.5837702991
 30
0.0
 10
177.9622193078
 20
134.7570589368
 30
0.0
 10
177.9167405612
 20
134.875863351
 30
0.0
 10
177.8841751402
 20
134.9496010505
 30
0.0
 10
177.8514540287
 20
135.0118929296
 30
0.0
 10
177.8185292205
 20
135.0623413193
 30
0.0
 10
177.7852127746
 20
135.1006511957
 30
0.0
 10
177.7510267917
 20
135.1266215369
 30
0.0
 10
177.7151154727
 20
135.1391874109
 30
0.0
 10
177.6910761164
 20
135.1373522355
 30
0.0
 10
177.6800176878
 20
135.1343889976
 30
0.0
  0
SPLINE
  5
E5C
100
AcDbEntity
  8
0
100
AcDbSpline
 62
7
  6
CONTINUOUS
 70
0
 71
3
 72
29
 73
25
 74
0
 42
0.0000001
 43
0.0000001
 44
0.0000000001
 40
0.0
 40
0.0
 40
0.0
 40
0.0
 40
0.0536252895
 40
0.1163094001
 40
0.186906387
 40
0.2639942578
 40
0.3459011545
 40
0.4307528211
 40
0.5165042254
 40
0.6009882771
 40
0.6819708742
 40
0.7572178806
 40
0.8245746778
 40
0.8820670061
 40
0.9065871034
 40
0.9280636335
 40
0.946397101
 40
0.9615660374
 40
0.9737162
 40
0.9787965533
 40
0.9833426962
 40
0.9875168783
 40
0.9915325995
 40
1.0
 40
1.0
 40
1.0
 40
1.0
 10
178.976146918
 20
130.7198662196
 30
0.0
 10
178.9500409996
 20
130.8059666596
 30
0.0
 10
178.8992157277
 20
130.9944638259
 30
0.0
 10
178.8284064931
 20
131.2999815004
 30
0.0
 10
178.7568623024
 20
131.6456316122
 30
0.0
 10
178.6846325976
 20
132.0240104121
 30
0.0
 10
178.6117693941
 20
132.4265925933
 30
0.0
 10
178.5383020037
 20
132.8438287603
 30
0.0
 10
178.4642600939
 20
133.265353811
 30
0.0
 10
178.3896770362
 20
133.6801928984
 30
0.0
 10
178.3145967772
 20
134.0770232928
 30
0.0
 10
178.2391242831
 20
134.4445104822
 30
0.0
 10
178.1633362119
 20
134.771594889
 30
0.0
 10
178.097166835
 20
135.0134610282
 30
0.0
 10
178.0423070985
 20
135.1782512953
 30
0.0
 10
178.0032859131
 20
135.2789342069
 30
0.0
 10
177.9642131768
 20
135.3626230897
 30
0.0
 10
177.9250457042
 20
135.4285865215
 30
0.0
 10
177.8902434565
 20
135.470939993
 30
0.0
 10
177.8616858693
 20
135.4939471657
 30
0.0
 10
177.8413260527
 20
135.5052655657
 30
0.0
 10
177.8206927823
 20
135.5115250146
 30
0.0
 10
177.7925039944
 20
135.5129205211
 30
0.0
 10
177.7719022451
 20
135.5054820017
 30
0.0
 10
177.7595960218
 20
135.4983842344
 30
0.0
  0
SPLINE
  5
E5D
100
AcDbEntity
  8
0
100
AcDbSpline
 62
7
  6
CONTINUOUS
 70
0
 71
3
 72
11
 73
7
 74
0
 42
0.0000001
 43
0.0000001
 44
0.0000000001
 40
0.0
 40
0.0
 40
0.0
 40
0.0
 40
0.3104231975
 40
0.5809734981
 40
0.8108298692
 40
1.0
 40
1.0
 40
1.0
 40
1.0
 10
179.0304576017
 20
130.6458616706
 30
0.0
 10
179.0385189881
 20
130.6127473787
 30
0.0
 10
179.0543966821
 20
130.5509591384
 30
0.0
 10
179.0796398282
 20
130.4655613274
 30
0.0
 10
179.1046934343
 20
130.3940861968
 30
0.0
 10
179.1229803811
 20
130.3517841676
 30
0.0
 10
179.1323813877
 20
130.3332646354
 30
0.0
  0
SPLINE
  5
E5E
100
AcDbEntity
  8
0
100
AcDbSpline
 62
7
  6
CONTINUOUS
 70
0
 71
3
 72
14
 73
10
 74
0
 42
0.0000001
 43
0.0000001
 44
0.0000000001
 40
0.0
 40
0.0
 40
0.0
 40
0.0
 40
0.0830023946
 40
0.1673610067
 40
0.2608048824
 40
0.3690232322
 40
0.4955608121
 40
0.6424559071
 40
1.0
 40
1.0
 40
1.0
 40
1.0
 10
179.4657955828
 20
131.1970087304
 30
0.0
 10
179.457329038
 20
131.1947460686
 30
0.0
 10
179.4394124173
 20
131.192722728
 30
0.0
 10
179.4121096976
 20
131.1988228157
 30
0.0
 10
179.3854195844
 20
131.2136118827
 30
0.0
 10
179.3591954157
 20
131.2365356113
 30
0.0
 10
179.3331535158
 20
131.2674326044
 30
0.0
 10
179.2960812382
 20
131.3228941163
 30
0.0
 10
179.2722068619
 20
131.3707358478
 30
0.0
 10
179.2566772348
 20
131.4051443932
 30
0.0
  0
SPLINE
  5
E5F
100
AcDbEntity
  8
BEZUGSACHSEN
100
AcDbSpline
 62
7
  6
CONTINUOUS
 70
0
 71
3
 72
24
 73
20
 74
0
 42
0.0000001
 43
0.0000001
 44
0.0000000001
 40
0.0
 40
0.0
 40
0.0
 40
0.0
 40
0.066488941
 40
0.1392378593
 40
0.2978555237
 40
0.4635647453
 40
0.5450231766
 40
0.6234134021
 40
0.697207996
 40
0.7649973573
 40
0.8255379411
 40
0.8778006036
 40
0.9210521847
 40
0.9392025637
 40
0.9550595706
 40
0.9687402717
 40
0.9804736581
 40
0.9906754539
 40
1.0
 40
1.0
 40
1.0
 40
1.0
 10
180.180374068
 20
132.0716780074
 30
0.0
 10
180.1593859158
 20
132.1402143178
 30
0.0
 10
180.1181124513
 20
132.2845614014
 30
0.0
 10
180.0372692448
 20
132.5953362161
 30
0.0
 10
179.9394229442
 20
133.0121082163
 30
0.0
 10
179.8433409935
 20
133.4388722887
 30
0.0
 10
179.7642206881
 20
133.7808066494
 30
0.0
 10
179.705253158
 20
134.0256894089
 30
0.0
 10
179.6463568027
 20
134.2554151468
 30
0.0
 10
179.5875640316
 20
134.4652553236
 30
0.0
 10
179.5289406653
 20
134.650969306
 30
0.0
 10
179.4705214346
 20
134.8088025547
 30
0.0
 10
179.4195445546
 20
134.9204979291
 30
0.0
 10
179.3776198361
 20
134.9925506893
 30
0.0
 10
179.3480039187
 20
135.034673686
 30
0.0
 10
179.3183102946
 20
135.0679845105
 30
0.0
 10
179.2883195566
 20
135.0923240927
 30
0.0
 10
179.2578019719
 20
135.1074312668
 30
0.0
 10
179.2366405979
 20
135.1109701131
 30
0.0
 10
179.2265883347
 20
135.1109701131
 30
0.0
  0
SPLINE
  5
E60
100
AcDbEntity
  8
BEZUGSACHSEN
100
AcDbSpline
 62
7
  6
CONTINUOUS
 70
0
 71
3
 72
10
 73
6
 74
0
 42
0.0000001
 43
0.0000001
 44
0.0000000001
 40
0.0
 40
0.0
 40
0.0
 40
0.0
 40
0.3999126168
 40
0.6723662079
 40
1.0
 40
1.0
 40
1.0
 40
1.0
 10
177.9014105367
 20
131.4743436246
 30
0.0
 10
177.8696428611
 20
131.4828456456
 30
0.0
 10
177.8243629824
 20
131.5212368183
 30
0.0
 10
177.776304797
 20
131.5871159956
 30
0.0
 10
177.7517598484
 20
131.6302626153
 30
0.0
 10
177.7393301873
 20
131.6541661278
 30
0.0
  0
SPLINE
  5
E61
100
AcDbEntity
  8
BEZUGSACHSEN
100
AcDbSpline
 62
7
  6
CONTINUOUS
 70
0
 71
3
 72
19
 73
15
 74
0
 42
0.0000001
 43
0.0000001
 44
0.0000000001
 40
0.0
 40
0.0
 40
0.0
 40
0.0
 40
0.0388011432
 40
0.0848085142
 40
0.1374846657
 40
0.1961486135
 40
0.3280362926
 40
0.4727551341
 40
0.621501907
 40
0.7649668423
 40
0.8318179051
 40
0.8939363355
 40
0.9503009016
 40
1.0
 40
1.0
 40
1.0
 40
1.0
 10
179.2566772348
 20
131.4051443932
 30
0.0
 10
179.2382059225
 20
131.4460706979
 30
0.0
 10
179.202375095
 20
131.5375645678
 30
0.0
 10
179.1530558234
 20
131.6888707649
 30
0.0
 10
179.1035381922
 20
131.8641342547
 30
0.0
 10
179.034566429
 20
132.137045051
 30
0.0
 10
178.9506811771
 20
132.5159148648
 30
0.0
 10
178.8524867767
 20
132.9982472296
 30
0.0
 10
178.7535201117
 20
133.4940902912
 30
0.0
 10
178.6686827666
 20
133.9008782223
 30
0.0
 10
178.5983984353
 20
134.2082234345
 30
0.0
 10
178.5466754214
 20
134.4163863528
 30
0.0
 10
178.4947070614
 20
134.6039694244
 30
0.0
 10
178.4573937753
 20
134.7209622826
 30
0.0
 10
178.4382177066
 20
134.7751842077
 30
0.0
  0
LINE
  5
E62
100
AcDbEntity
  8
0
100
AcDbLine
 62
7
  6
CONTINUOUS
 10
209.8601184299
 20
141.6526896558
 11
209.9910086783
 21
141.5028663954
  0
SPLINE
  5
E63
100
AcDbEntity
  8
RUNDUNGEN
100
AcDbSpline
 62
7
  6
CONTINUOUS
 70
0
 71
3
 72
14
 73
10
 74
0
 42
0.0000001
 43
0.0000001
 44
0.0000000001
 40
0.0
 40
0.0
 40
0.0
 40
0.0
 40
0.0162643585
 40
0.0641216145
 40
0.1433935651
 40
0.2538234604
 40
0.3951459827
 40
0.5670633889
 40
1.0
 40
1.0
 40
1.0
 40
1.0
 10
209.9808739746
 20
131.5218087684
 30
0.0
 10
209.980647325
 20
131.5218087684
 30
0.0
 10
209.9808767953
 20
131.520403889
 30
0.0
 10
209.98032545
 20
131.5189130185
 30
0.0
 10
209.9802072755
 20
131.5153364897
 30
0.0
 10
209.9797160686
 20
131.5108647372
 30
0.0
 10
209.9792418713
 20
131.5049350398
 30
0.0
 10
209.9783442848
 20
131.49459713
 30
0.0
 10
209.9776301314
 20
131.4861888489
 30
0.0
 10
209.9771023271
 20
131.4801788549
 30
0.0
  0
SPLINE
  5
E64
100
AcDbEntity
  8
RUNDUNGEN
100
AcDbSpline
 62
7
  6
CONTINUOUS
 70
0
 71
3
 72
15
 73
11
 74
0
 42
0.0000001
 43
0.0000001
 44
0.0000000001
 40
0.0
 40
0.0
 40
0.0
 40
0.0
 40
0.1250959313
 40
0.2501463697
 40
0.3751502315
 40
0.5001106877
 40
0.62504221
 40
0.749968145
 40
0.8749441447
 40
1.0
 40
1.0
 40
1.0
 40
1.0
 10
207.5910086783
 20
128.9217994128
 30
0.0
 10
207.737202323
 20
128.9217994128
 30
0.0
 10
208.0303967732
 20
128.9529605014
 30
0.0
 10
208.4505528655
 20
129.0875824589
 30
0.0
 10
208.8363257163
 20
129.3012635027
 30
0.0
 10
209.1750447787
 20
129.5830167737
 30
0.0
 10
209.4579468611
 20
129.9203414282
 30
0.0
 10
209.680016978
 20
130.3001955222
 30
0.0
 10
209.8401983352
 20
130.7097478523
 30
0.0
 10
209.9077079903
 20
130.9950394385
 30
0.0
 10
209.9326762678
 20
131.1390376161
 30
0.0
  0
SPLINE
  5
E65
100
AcDbEntity
  8
RUNDUNGEN
100
AcDbSpline
 62
7
  6
CONTINUOUS
 70
0
 71
3
 72
11
 73
7
 74
0
 42
0.0000001
 43
0.0000001
 44
0.0000000001
 40
0.0
 40
0.0
 40
0.0
 40
0.0
 40
0.2502264651
 40
0.5003199904
 40
0.7502051606
 40
1.0
 40
1.0
 40
1.0
 40
1.0
 10
207.5910086783
 20
130.285365767
 30
0.0
 10
207.7032477551
 20
130.285365767
 30
0.0
 10
207.9296394171
 20
130.3303997113
 30
0.0
 10
208.2203144335
 20
130.5123769782
 30
0.0
 10
208.435820833
 20
130.777764361
 30
0.0
 10
208.5204287817
 20
130.9889743332
 30
0.0
 10
208.5484471448
 20
131.0974600877
 30
0.0
  0
SPLINE
  5
E66
100
AcDbEntity
  8
RUNDUNGEN
100
AcDbSpline
 62
7
  6
CONTINUOUS
 70
0
 71
3
 72
15
 73
11
 74
0
 42
0.0000001
 43
0.0000001
 44
0.0000000001
 40
0.0
 40
0.0
 40
0.0
 40
0.0
 40
0.3614810956
 40
0.5294553111
 40
0.6792130111
 40
0.8050373021
 40
0.9023434988
 40
0.9680197485
 40
0.9882787894
 40
1.0
 40
1.0
 40
1.0
 40
1.0
 10
208.5484625321
 20
131.0974659619
 30
0.0
 10
208.5613467823
 20
131.1473531594
 30
0.0
 10
208.5770584372
 20
131.2213067813
 30
0.0
 10
208.5906456516
 20
131.3171812581
 30
0.0
 10
208.59707426
 20
131.3800911328
 30
0.0
 10
208.6007248937
 20
131.4331251652
 30
0.0
 10
208.6027765979
 20
131.4742312486
 30
0.0
 10
208.6037420351
 20
131.5003511717
 30
0.0
 10
208.6046942253
 20
131.5142199442
 30
0.0
 10
208.605122923
 20
131.5187791484
 30
0.0
 10
208.6055093787
 20
131.5204045342
 30
0.0
  0
SPLINE
  5
E67
100
AcDbEntity
  8
RUNDUNGEN
100
AcDbSpline
 62
9
  6
CONTINUOUS
 70
0
 71
3
 72
11
 73
7
 74
0
 42
0.0000001
 43
0.0000001
 44
0.0000000001
 40
0.0
 40
0.0
 40
0.0
 40
0.0
 40
0.2504949085
 40
0.5009252427
 40
0.7511337583
 40
1.0
 40
1.0
 40
1.0
 40
1.0
 10
209.9326761122
 20
131.1390384449
 30
0.0
 10
209.8170352031
 20
131.1381141502
 30
0.0
 10
209.5857879497
 20
131.135599345
 30
0.0
 10
209.2390739184
 20
131.1287965715
 30
0.0
 10
208.893265334
 20
131.1160116645
 30
0.0
 10
208.6632211046
 20
131.1030160733
 30
0.0
 10
208.5484625321
 20
131.0974659619
 30
0.0
  0
SPLINE
  5
E68
100
AcDbEntity
  8
0
100
AcDbSpline
 62
7
  6
CONTINUOUS
 70
0
 71
3
 72
19
 73
15
 74
0
 42
0.0000001
 43
0.0000001
 44
0.0000000001
 40
0.0
 40
0.0
 40
0.0
 40
0.0
 40
0.0229672195
 40
0.0479203546
 40
0.0774635493
 40
0.1131140325
 40
0.1556051151
 40
0.2051500844
 40
0.2616852754
 40
0.3249156896
 40
0.4696213685
 40
0.634538483
 40
0.8136244118
 40
1.0
 40
1.0
 40
1.0
 40
1.0
 10
209.9910086783
 20
131.5217994128
 30
0.0
 10
209.9586149298
 20
131.5217994128
 30
0.0
 10
209.8903124302
 20
131.5353677709
 30
0.0
 10
209.7972989721
 20
131.5963521322
 30
0.0
 10
209.7135352511
 20
131.6934180664
 30
0.0
 10
209.6367901767
 20
131.8251213597
 30
0.0
 10
209.5662201969
 20
131.9911647189
 30
0.0
 10
209.501529177
 20
132.1906809762
 30
0.0
 10
209.4427846546
 20
132.422275012
 30
0.0
 10
209.3691173758
 20
132.7880640584
 30
0.0
 10
209.296237859
 20
133.3092968414
 30
0.0
 10
209.2355840434
 20
133.9960948818
 30
0.0
 10
209.1990824447
 20
134.743432274
 30
0.0
 10
209.1910086783
 20
135.2589289367
 30
0.0
 10
209.1910086783
 20
135.5217994128
 30
0.0
  0
SPLINE
  5
E69
100
AcDbEntity
  8
0
100
AcDbSpline
 62
7
  6
CONTINUOUS
 70
0
 71
3
 72
18
 73
14
 74
0
 42
0.0000001
 43
0.0000001
 44
0.0000000001
 40
0.0
 40
0.0
 40
0.0
 40
0.0
 40
0.0085244556
 40
0.0254397354
 40
0.0513739087
 40
0.0861492455
 40
0.1294148855
 40
0.1806961146
 40
0.3051657577
 40
0.4549118781
 40
0.6247205814
 40
0.808670927
 40
1.0
 40
1.0
 40
1.0
 40
1.0
 10
156.5803753616
 20
86.1371297964
 30
0.0
 10
156.5803753616
 20
86.1394666739
 30
0.0
 10
156.5745316157
 20
86.1450349866
 30
0.0
 10
156.5630296732
 20
86.1519157652
 30
0.0
 10
156.5434732941
 20
86.1612140394
 30
0.0
 10
156.5171288605
 20
86.1717377154
 30
0.0
 10
156.483659598
 20
86.1836114103
 30
0.0
 10
156.4264439038
 20
86.2017622982
 30
0.0
 10
156.340195019
 20
86.2248904265
 30
0.0
 10
156.2210748949
 20
86.2501744695
 30
0.0
 10
156.084588954
 20
86.27129752
 30
0.0
 10
155.9357350589
 20
86.2853671894
 30
0.0
 10
155.8328259378
 20
86.288640894
 30
0.0
 10
155.7803753616
 20
86.288640894
 30
0.0
  0
SPLINE
  5
E6A
100
AcDbEntity
  8
02___PRT_ALL_AXES
100
AcDbSpline
 62
7
  6
CONTINUOUS
 70
0
 71
3
 72
16
 73
12
 74
0
 42
0.0000001
 43
0.0000001
 44
0.0000000001
 40
0.0
 40
0.0
 40
0.0
 40
0.0
 40
0.1822060816
 40
0.3361126745
 40
0.4779619808
 40
0.6165730705
 40
0.7516893393
 40
0.8697969998
 40
0.9553617204
 40
0.9828173542
 40
1.0
 40
1.0
 40
1.0
 40
1.0
 10
170.6803753616
 20
98.2776907846
 30
0.0
 10
170.5989978013
 20
98.2776907846
 30
0.0
 10
170.4484665449
 20
98.2919746763
 30
0.0
 10
170.2420602921
 20
98.3509457263
 30
0.0
 10
170.0679977611
 20
98.4384939268
 30
0.0
 10
169.9133051336
 20
98.5414864542
 30
0.0
 10
169.7750539385
 20
98.6489180944
 30
0.0
 10
169.6532393611
 20
98.7384507187
 30
0.0
 10
169.5633435041
 20
98.7908202767
 30
0.0
 10
169.5079585437
 20
98.8091893417
 30
0.0
 10
169.488049539
 20
98.8120147563
 30
0.0
 10
169.4803753616
 20
98.8120147563
 30
0.0
  0
SPLINE
  5
E6B
100
AcDbEntity
  8
0
100
AcDbSpline
 62
7
  6
CONTINUOUS
 70
0
 71
3
 72
9
 73
5
 74
0
 42
0.0000001
 43
0.0000001
 44
0.0000000001
 40
0.0
 40
0.0
 40
0.0
 40
0.0
 40
0.4885312812
 40
1.0
 40
1.0
 40
1.0
 40
1.0
 10
172.2803753616
 20
97.0168735788
 30
0.0
 10
172.2803753616
 20
97.0627100868
 30
0.0
 10
172.2983143764
 20
97.1572539618
 30
0.0
 10
172.3478973962
 20
97.2391913215
 30
0.0
 10
172.3785849107
 20
97.2760855449
 30
0.0
  0
SPLINE
  5
E6C
100
AcDbEntity
  8
RUNDUNGEN
100
AcDbSpline
 62
7
  6
CONTINUOUS
 70
0
 71
3
 72
14
 73
10
 74
0
 42
0.0000001
 43
0.0000001
 44
0.0000000001
 40
0.0
 40
0.0
 40
0.0
 40
0.0
 40
0.2498864293
 40
0.3748657477
 40
0.4999390364
 40
0.6249101177
 40
0.749762269
 40
0.8747434842
 40
1.0
 40
1.0
 40
1.0
 40
1.0
 10
170.6803753616
 20
99.5385079904
 30
0.0
 10
170.6803753616
 20
99.5751884842
 30
0.0
 10
170.6794506065
 20
99.6302097313
 30
0.0
 10
170.6801692565
 20
99.7036032718
 30
0.0
 10
170.6824311302
 20
99.7586051666
 30
0.0
 10
170.6841350324
 20
99.8136258718
 30
0.0
 10
170.6821306288
 20
99.8686539117
 30
0.0
 10
170.6775823877
 20
99.9234997559
 30
0.0
 10
170.6781059153
 20
99.9604123262
 30
0.0
 10
170.6802854461
 20
99.9786689228
 30
0.0
  0
SPLINE
  5
E6D
100
AcDbEntity
  8
RUNDUNGEN
100
AcDbSpline
 62
7
  6
CONTINUOUS
 70
0
 71
3
 72
13
 73
9
 74
0
 42
0.0000001
 43
0.0000001
 44
0.0000000001
 40
0.0
 40
0.0
 40
0.0
 40
0.0
 40
0.3004637265
 40
0.5738529989
 40
0.6950130108
 40
0.8048650503
 40
0.9052050704
 40
1.0
 40
1.0
 40
1.0
 40
1.0
 10
171.1803753616
 20
102.2991288939
 30
0.0
 10
171.1161183073
 20
102.2991288939
 30
0.0
 10
170.9929648181
 20
102.2848165133
 30
0.0
 10
170.8521115128
 20
102.2301755418
 30
0.0
 10
170.7646969116
 20
102.1659169491
 30
0.0
 10
170.7171972775
 20
102.1124586337
 30
0.0
 10
170.6872990042
 20
102.0535635311
 30
0.0
 10
170.6803753616
 20
102.0115709626
 30
0.0
 10
170.6803753616
 20
101.9912981563
 30
0.0
  0
SPLINE
  5
E6E
100
AcDbEntity
  8
0
100
AcDbSpline
 62
7
  6
CONTINUOUS
 70
0
 71
3
 72
9
 73
5
 74
0
 42
0.0000001
 43
0.0000001
 44
0.0000000001
 40
0.0
 40
0.0
 40
0.0
 40
0.0
 40
0.5
 40
1.0
 40
1.0
 40
1.0
 40
1.0
 10
201.5803743637
 20
109.0987983468
 30
0.0
 10
201.5803385544
 20
109.1628560364
 30
0.0
 10
201.5789789313
 20
109.2909701131
 30
0.0
 10
201.5803385544
 20
109.4190841898
 30
0.0
 10
201.5803743637
 20
109.4831418793
 30
0.0
  0
SPLINE
  5
E6F
100
AcDbEntity
  8
RUNDUNGEN
100
AcDbSpline
 62
9
  6
CONTINUOUS
 70
0
 71
3
 72
9
 73
5
 74
0
 42
0.0000001
 43
0.0000001
 44
0.0000000001
 40
0.0
 40
0.0
 40
0.0
 40
0.0
 40
0.5214386768
 40
1.0
 40
1.0
 40
1.0
 40
1.0
 10
170.147488709
 20
99.1552324594
 30
0.0
 10
170.1286379512
 20
99.2419683221
 30
0.0
 10
170.0832855387
 20
99.4061936817
 30
0.0
 10
170.0327075478
 20
99.5688154502
 30
0.0
 10
170.0133600739
 20
99.6479465572
 30
0.0
  0
SPLINE
  5
E70
100
AcDbEntity
  8
RUNDUNGEN
100
AcDbSpline
 62
7
  6
CONTINUOUS
 70
0
 71
3
 72
13
 73
9
 74
0
 42
0.0000001
 43
0.0000001
 44
0.0000000001
 40
0.0
 40
0.0
 40
0.0
 40
0.0
 40
0.1095388957
 40
0.226541908
 40
0.3505165187
 40
0.4784208243
 40
0.7386204137
 40
1.0
 40
1.0
 40
1.0
 40
1.0
 10
170.6791451484
 20
99.9775200647
 30
0.0
 10
170.6768115142
 20
99.9411599656
 30
0.0
 10
170.662915831
 20
99.8663779508
 30
0.0
 10
170.6200209197
 20
99.7575426222
 30
0.0
 10
170.5623683751
 20
99.6490331099
 30
0.0
 10
170.4698856686
 20
99.5058286648
 30
0.0
 10
170.3351717797
 20
99.3362377582
 30
0.0
 10
170.2122709726
 20
99.2132140912
 30
0.0
 10
170.147488709
 20
99.1552324594
 30
0.0
  0
SPLINE
  5
E71
100
AcDbEntity
  8
RUNDUNGEN
100
AcDbSpline
 62
7
  6
CONTINUOUS
 70
0
 71
3
 72
11
 73
7
 74
0
 42
0.0000001
 43
0.0000001
 44
0.0000000001
 40
0.0
 40
0.0
 40
0.0
 40
0.0
 40
0.2314823909
 40
0.4761561691
 40
0.7268360025
 40
1.0
 40
1.0
 40
1.0
 40
1.0
 10
170.1473837486
 20
99.1551408483
 30
0.0
 10
170.1033118274
 20
99.1156972356
 30
0.0
 10
170.0118691774
 20
99.0353941811
 30
0.0
 10
169.8615700833
 20
98.9254557984
 30
0.0
 10
169.6847122293
 20
98.8371839508
 30
0.0
 10
169.5501702551
 20
98.8120147563
 30
0.0
 10
169.4803753616
 20
98.8120147563
 30
0.0
  0
SPLINE
  5
E72
100
AcDbEntity
  8
0
100
AcDbSpline
 62
7
  6
CONTINUOUS
 70
0
 71
3
 72
9
 73
5
 74
0
 42
0.0000001
 43
0.0000001
 44
0.0000000001
 40
0.0
 40
0.0
 40
0.0
 40
0.0
 40
0.5114687188
 40
1.0
 40
1.0
 40
1.0
 40
1.0
 10
172.3785849107
 20
100.5401132301
 30
0.0
 10
172.3478973962
 20
100.5770074535
 30
0.0
 10
172.2983143764
 20
100.6589448132
 30
0.0
 10
172.2803753616
 20
100.7534886882
 30
0.0
 10
172.2803753616
 20
100.7993251962
 30
0.0
  0
SPLINE
  5
E73
100
AcDbEntity
  8
RUNDUNGEN
100
AcDbSpline
 62
7
  6
CONTINUOUS
 70
0
 71
3
 72
10
 73
6
 74
0
 42
0.0000001
 43
0.0000001
 44
0.0000000001
 40
0.0
 40
0.0
 40
0.0
 40
0.0
 40
0.5002581354
 40
0.7499848151
 40
1.0
 40
1.0
 40
1.0
 40
1.0
 10
170.6803753616
 20
100.0046182743
 30
0.0
 10
170.6803741283
 20
100.0002830167
 30
0.0
 10
170.679381738
 20
99.9938160688
 30
0.0
 10
170.6795974402
 20
99.985139524
 30
0.0
 10
170.6804242211
 20
99.9808311158
 30
0.0
 10
170.6802854461
 20
99.9786689228
 30
0.0
  0
SPLINE
  5
E74
100
AcDbEntity
  8
0
100
AcDbSpline
 62
7
  6
CONTINUOUS
 70
0
 71
3
 72
11
 73
7
 74
0
 42
0.0000001
 43
0.0000001
 44
0.0000000001
 40
0.0
 40
0.0
 40
0.0
 40
0.0
 40
0.24458835
 40
0.4923238804
 40
0.7445477156
 40
1.0
 40
1.0
 40
1.0
 40
1.0
 10
201.7803753616
 20
124.4163890299
 30
0.0
 10
201.7803753616
 20
124.4908432816
 30
0.0
 10
201.7492754106
 20
124.6424071553
 30
0.0
 10
201.6167785452
 20
124.8334123694
 30
0.0
 10
201.4192551265
 20
124.961657391
 30
0.0
 10
201.2633698517
 20
124.9924107704
 30
0.0
 10
201.1856112829
 20
124.9930628105
 30
0.0
  0
SPLINE
  5
E75
100
AcDbEntity
  8
0
100
AcDbSpline
 62
9
  6
CONTINUOUS
 70
0
 71
3
 72
9
 73
5
 74
0
 42
0.0000001
 43
0.0000001
 44
0.0000000001
 40
0.0
 40
0.0
 40
0.0
 40
0.0
 40
0.2459421362
 40
1.0
 40
1.0
 40
1.0
 40
1.0
 10
201.7803753616
 20
122.1706321962
 30
0.0
 10
201.7803753616
 20
122.1525933369
 30
0.0
 10
201.7765153151
 20
122.0792674061
 30
0.0
 10
201.7568829236
 20
122.0070226225
 30
0.0
 10
201.7351079221
 20
121.9561824472
 30
0.0
  0
SPLINE
  5
E76
100
AcDbEntity
  8
0
100
AcDbSpline
 62
9
  6
CONTINUOUS
 70
0
 71
3
 72
9
 73
5
 74
0
 42
0.0000001
 43
0.0000001
 44
0.0000000001
 40
0.0
 40
0.0
 40
0.0
 40
0.0
 40
0.4662542177
 40
1.0
 40
1.0
 40
1.0
 40
1.0
 10
201.7351079221
 20
121.9561824472
 30
0.0
 10
201.7034207275
 20
121.8821993277
 30
0.0
 10
201.6031501315
 20
121.736979567
 30
0.0
 10
201.4667255514
 20
121.6281799099
 30
0.0
 10
201.3892540031
 20
121.5783124741
 30
0.0
  0
SPLINE
  5
E77
100
AcDbEntity
  8
FASEN
100
AcDbSpline
 62
7
  6
CONTINUOUS
 70
0
 71
3
 72
9
 73
5
 74
0
 42
0.0000001
 43
0.0000001
 44
0.0000000001
 40
0.0
 40
0.0
 40
0.0
 40
0.0
 40
0.2500569814
 40
1.0
 40
1.0
 40
1.0
 40
1.0
 10
192.1803753616
 20
130.4065290927
 30
0.0
 10
192.105871067
 20
130.2970110936
 30
0.0
 10
191.7971813672
 20
129.8663440471
 30
0.0
 10
191.4518360763
 20
129.4627506065
 30
0.0
 10
191.1803753616
 20
129.1727180567
 30
0.0
  0
SPLINE
  5
E78
100
AcDbEntity
  8
RUNDUNGEN
100
AcDbSpline
 62
7
  6
CONTINUOUS
 70
0
 71
3
 72
13
 73
9
 74
0
 42
0.0000001
 43
0.0000001
 44
0.0000000001
 40
0.0
 40
0.0
 40
0.0
 40
0.0
 40
0.2581212185
 40
0.5111706251
 40
0.6355455888
 40
0.7581742901
 40
0.8794543687
 40
1.0
 40
1.0
 40
1.0
 40
1.0
 10
179.1803753616
 20
128.8289292213
 30
0.0
 10
179.3103284384
 20
128.8289292213
 30
0.0
 10
179.5701056897
 20
128.876174038
 30
0.0
 10
179.8493205686
 20
129.0486772308
 30
0.0
 10
180.0168991616
 20
129.2385136706
 30
0.0
 10
180.1100603665
 20
129.4003718998
 30
0.0
 10
180.1674354734
 20
129.5759880084
 30
0.0
 10
180.1803753616
 20
129.6981223062
 30
0.0
 10
180.1803753616
 20
129.7588119145
 30
0.0
  0
SPLINE
  5
E79
100
AcDbEntity
  8
0
100
AcDbSpline
 62
7
  6
CONTINUOUS
 70
0
 71
3
 72
13
 73
9
 74
0
 42
0.0000001
 43
0.0000001
 44
0.0000000001
 40
0.0
 40
0.0
 40
0.0
 40
0.0
 40
0.441240835
 40
0.7440777655
 40
0.8483623903
 40
0.9237709391
 40
0.972611642
 40
1.0
 40
1.0
 40
1.0
 40
1.0
 10
201.3892540031
 20
121.5783124741
 30
0.0
 10
201.4475656539
 20
121.6015645656
 30
0.0
 10
201.5467817654
 20
121.6384417076
 30
0.0
 10
201.6607117439
 20
121.6786150203
 30
0.0
 10
201.7246451075
 20
121.7032847885
 30
0.0
 10
201.7543939465
 20
121.7170679346
 30
0.0
 10
201.7727432079
 20
121.727517185
 30
0.0
 10
201.7803753616
 20
121.7370796389
 30
0.0
 10
201.7803753616
 20
121.7409762626
 30
0.0
  0
SPLINE
  5
E7A
100
AcDbEntity
  8
0
100
AcDbSpline
 62
7
  6
CONTINUOUS
 70
0
 71
3
 72
9
 73
5
 74
0
 42
0.0000001
 43
0.0000001
 44
0.0000000001
 40
0.0
 40
0.0
 40
0.0
 40
0.0
 40
0.2701147101
 40
1.0
 40
1.0
 40
1.0
 40
1.0
 10
201.1856112829
 20
121.4894819217
 30
0.0
 10
201.2036233459
 20
121.4981906434
 30
0.0
 10
201.2706939969
 20
121.5296329362
 30
0.0
 10
201.3390378486
 20
121.5582885064
 30
0.0
 10
201.3892540031
 20
121.5783124741
 30
0.0
  0
SPLINE
  5
E7B
100
AcDbEntity
  8
RUNDUNGEN
100
AcDbSpline
 62
3
  6
CONTINUOUS
 70
0
 71
3
 72
9
 73
5
 74
0
 42
0.0000001
 43
0.0000001
 44
0.0000000001
 40
0.0
 40
0.0
 40
0.0
 40
0.0
 40
0.4877426585
 40
1.0
 40
1.0
 40
1.0
 40
1.0
 10
170.6804363966
 20
100.3679575848
 30
0.0
 10
170.6804265542
 20
100.3304567192
 30
0.0
 10
170.6684803281
 20
100.253151721
 30
0.0
 10
170.6351140472
 20
100.1828389359
 30
0.0
 10
170.6145337723
 20
100.1492578848
 30
0.0
  0
SPLINE
  5
E7C
100
AcDbEntity
  8
RUNDUNGEN
100
AcDbSpline
 62
3
  6
CONTINUOUS
 70
0
 71
3
 72
9
 73
5
 74
0
 42
0.0000001
 43
0.0000001
 44
0.0000000001
 40
0.0
 40
0.0
 40
0.0
 40
0.0
 40
0.2407354466
 40
1.0
 40
1.0
 40
1.0
 40
1.0
 10
170.6145337723
 20
100.1492578848
 30
0.0
 10
170.6082398012
 20
100.1389879459
 30
0.0
 10
170.5807059694
 20
100.0971757877
 30
0.0
 10
170.5482609033
 20
100.0587535576
 30
0.0
 10
170.5221671936
 20
100.0311431859
 30
0.0
  0
SPLINE
  5
E7D
100
AcDbEntity
  8
RUNDUNGEN
100
AcDbSpline
 62
3
  6
CONTINUOUS
 70
0
 71
3
 72
10
 73
6
 74
0
 42
0.0000001
 43
0.0000001
 44
0.0000000001
 40
0.0
 40
0.0
 40
0.0
 40
0.0
 40
0.2560273106
 40
0.5148901599
 40
1.0
 40
1.0
 40
1.0
 40
1.0
 10
170.5221671936
 20
100.0311431859
 30
0.0
 10
170.4847508955
 20
99.9915521152
 30
0.0
 10
170.4030924836
 20
99.9180203472
 30
0.0
 10
170.2333994812
 20
99.7895263027
 30
0.0
 10
170.1003536671
 20
99.7034940018
 30
0.0
 10
170.0133600739
 20
99.6479465572
 30
0.0
  0
SPLINE
  5
E7E
100
AcDbEntity
  8
RUNDUNGEN
100
AcDbSpline
 62
3
  6
CONTINUOUS
 70
0
 71
3
 72
14
 73
10
 74
0
 42
0.0000001
 43
0.0000001
 44
0.0000000001
 40
0.0
 40
0.0
 40
0.0
 40
0.0
 40
0.3386840479
 40
0.5003350195
 40
0.6488652064
 40
0.7781224717
 40
0.8822909229
 40
0.9560200463
 40
1.0
 40
1.0
 40
1.0
 40
1.0
 10
170.0126818771
 20
99.6474645116
 30
0.0
 10
169.952369074
 20
99.6089329286
 30
0.0
 10
169.8668403839
 20
99.5465256753
 30
0.0
 10
169.7578082011
 20
99.4634297551
 30
0.0
 10
169.6832176319
 20
99.4080835635
 30
0.0
 10
169.6158184812
 20
99.3635562874
 30
0.0
 10
169.5584860722
 20
99.3328212102
 30
0.0
 10
169.5144699938
 20
99.3162074714
 30
0.0
 10
169.4896691602
 20
99.3120147563
 30
0.0
 10
169.4803753616
 20
99.3120147563
 30
0.0
  0
SPLINE
  5
E7F
100
AcDbEntity
  8
0
100
AcDbSpline
 62
3
  6
CONTINUOUS
 70
0
 71
3
 72
9
 73
5
 74
0
 42
0.0000001
 43
0.0000001
 44
0.0000000001
 40
0.0
 40
0.0
 40
0.0
 40
0.0
 40
0.2549600197
 40
1.0
 40
1.0
 40
1.0
 40
1.0
 10
172.3785849107
 20
100.8479439678
 30
0.0
 10
172.3722947121
 20
100.8555063917
 30
0.0
 10
172.34853938
 20
100.8859114296
 30
0.0
 10
172.3285985714
 20
100.9193450772
 30
0.0
 10
172.3165597892
 20
100.9454466033
 30
0.0
  0
SPLINE
  5
E80
100
AcDbEntity
  8
RUNDUNGEN
100
AcDbSpline
 62
7
  6
CONTINUOUS
 70
0
 71
3
 72
11
 73
7
 74
0
 42
0.0000001
 43
0.0000001
 44
0.0000000001
 40
0.0
 40
0.0
 40
0.0
 40
0.0
 40
0.2254097489
 40
0.4639069601
 40
0.7224174273
 40
1.0
 40
1.0
 40
1.0
 40
1.0
 10
263.0164202713
 20
128.2420633129
 30
0.0
 10
263.0164202713
 20
128.2733909972
 30
0.0
 10
263.0299007845
 20
128.3384777093
 30
0.0
 10
263.0865969123
 20
128.4237621531
 30
0.0
 10
263.1726544212
 20
128.4909612129
 30
0.0
 10
263.2424509078
 20
128.5196406192
 30
0.0
 10
263.279612214
 20
128.530001837
 30
0.0
  0
SPLINE
  5
E81
100
AcDbEntity
  8
RUNDUNGEN
100
AcDbSpline
 62
7
  6
CONTINUOUS
 70
0
 71
3
 72
11
 73
7
 74
0
 42
0.0000001
 43
0.0000001
 44
0.0000000001
 40
0.0
 40
0.0
 40
0.0
 40
0.0
 40
0.2775825727
 40
0.5360930399
 40
0.7745902511
 40
1.0
 40
1.0
 40
1.0
 40
1.0
 10
268.7532283286
 20
128.530001837
 30
0.0
 10
268.7903896348
 20
128.5196406192
 30
0.0
 10
268.8601861214
 20
128.4909612129
 30
0.0
 10
268.9462436303
 20
128.4237621531
 30
0.0
 10
269.0029397581
 20
128.3384777093
 30
0.0
 10
269.0164202713
 20
128.2733909972
 30
0.0
 10
269.0164202713
 20
128.2420633129
 30
0.0
  0
SPLINE
  5
E82
100
AcDbEntity
  8
4171
100
AcDbSpline
 62
7
  6
CONTINUOUS
 70
0
 71
3
 72
11
 73
7
 74
0
 42
0.0000001
 43
0.0000001
 44
0.0000000001
 40
0.0
 40
0.0
 40
0.0
 40
0.0
 40
0.2295184315
 40
0.4759298339
 40
0.7347110449
 40
1.0
 40
1.0
 40
1.0
 40
1.0
 10
265.2977317467
 20
128.5433581585
 30
0.0
 10
265.2394352208
 20
128.583907877
 30
0.0
 10
265.1099486782
 20
128.6559630311
 30
0.0
 10
264.8952199866
 20
128.7330167905
 30
0.0
 10
264.660854707
 20
128.7805451855
 30
0.0
 10
264.498500007
 20
128.7912002008
 30
0.0
 10
264.4164202713
 20
128.7912002008
 30
0.0
  0
SPLINE
  5
E83
100
AcDbEntity
  8
4171
100
AcDbSpline
 62
7
  6
CONTINUOUS
 70
0
 71
3
 72
15
 73
11
 74
0
 42
0.0000001
 43
0.0000001
 44
0.0000000001
 40
0.0
 40
0.0
 40
0.0
 40
0.0
 40
0.1147486783
 40
0.2379722079
 40
0.3673543147
 40
0.5
 40
0.6326456853
 40
0.7620277921
 40
0.8852513217
 40
1.0
 40
1.0
 40
1.0
 40
1.0
 10
265.2977317467
 20
128.5433581585
 30
0.0
 10
265.3452666985
 20
128.5102939427
 30
0.0
 10
265.4508674249
 20
128.4515397806
 30
0.0
 10
265.6259610146
 20
128.3886911925
 30
0.0
 10
265.817116811
 20
128.3499490202
 30
0.0
 10
266.0164202713
 20
128.3368500417
 30
0.0
 10
266.2157237316
 20
128.3499490202
 30
0.0
 10
266.406879528
 20
128.3886911925
 30
0.0
 10
266.5819731177
 20
128.4515397806
 30
0.0
 10
266.6875738441
 20
128.5102939427
 30
0.0
 10
266.7351087959
 20
128.5433581585
 30
0.0
  0
SPLINE
  5
E84
100
AcDbEntity
  8
4171
100
AcDbSpline
 62
7
  6
CONTINUOUS
 70
0
 71
3
 72
11
 73
7
 74
0
 42
0.0000001
 43
0.0000001
 44
0.0000000001
 40
0.0
 40
0.0
 40
0.0
 40
0.0
 40
0.2652889551
 40
0.5240701661
 40
0.7704815685
 40
1.0
 40
1.0
 40
1.0
 40
1.0
 10
267.6164202713
 20
128.7912002008
 30
0.0
 10
267.5343405356
 20
128.7912002008
 30
0.0
 10
267.3719858356
 20
128.7805451855
 30
0.0
 10
267.137620556
 20
128.7330167905
 30
0.0
 10
266.9228918644
 20
128.6559630311
 30
0.0
 10
266.7934053218
 20
128.583907877
 30
0.0
 10
266.7351087959
 20
128.5433581585
 30
0.0
  0
SPLINE
  5
E85
100
AcDbEntity
  8
RUNDUNGEN
100
AcDbSpline
 62
7
  6
CONTINUOUS
 70
0
 71
3
 72
11
 73
7
 74
0
 42
0.0000001
 43
0.0000001
 44
0.0000000001
 40
0.0
 40
0.0
 40
0.0
 40
0.0
 40
0.2254097489
 40
0.4639069601
 40
0.7224174273
 40
1.0
 40
1.0
 40
1.0
 40
1.0
 10
269.0164202713
 20
127.7278332251
 30
0.0
 10
269.0164202713
 20
127.7591609094
 30
0.0
 10
269.0029397581
 20
127.8242476216
 30
0.0
 10
268.9462436303
 20
127.9095320653
 30
0.0
 10
268.8601861214
 20
127.9767311252
 30
0.0
 10
268.7903896348
 20
128.0054105314
 30
0.0
 10
268.7532283286
 20
128.0157717493
 30
0.0
  0
SPLINE
  5
E86
100
AcDbEntity
  8
4171
100
AcDbSpline
 62
7
  6
CONTINUOUS
 70
0
 71
3
 72
9
 73
5
 74
0
 42
0.0000001
 43
0.0000001
 44
0.0000000001
 40
0.0
 40
0.0
 40
0.0
 40
0.0
 40
0.4756502674
 40
1.0
 40
1.0
 40
1.0
 40
1.0
 10
267.3226497795
 20
128.194356099
 30
0.0
 10
267.3628064012
 20
128.2222881186
 30
0.0
 10
267.4592465473
 20
128.2638998498
 30
0.0
 10
267.5624962653
 20
128.2769701131
 30
0.0
 10
267.6164202713
 20
128.2769701131
 30
0.0
  0
SPLINE
  5
E87
100
AcDbEntity
  8
4171
100
AcDbSpline
 62
7
  6
CONTINUOUS
 70
0
 71
3
 72
15
 73
11
 74
0
 42
0.0000001
 43
0.0000001
 44
0.0000000001
 40
0.0
 40
0.0
 40
0.0
 40
0.0
 40
0.1147570518
 40
0.2379648628
 40
0.3673566225
 40
0.5
 40
0.6326433775
 40
0.7620351372
 40
0.8852429482
 40
1.0
 40
1.0
 40
1.0
 40
1.0
 10
264.7101907631
 20
128.194356099
 30
0.0
 10
264.7967717905
 20
128.1345157184
 30
0.0
 10
264.9884632049
 20
128.0274155237
 30
0.0
 10
265.3067679416
 20
127.9132291663
 30
0.0
 10
265.6541776034
 20
127.8428494968
 30
0.0
 10
266.0164202713
 20
127.8190097179
 30
0.0
 10
266.3786629392
 20
127.8428494968
 30
0.0
 10
266.726072601
 20
127.9132291663
 30
0.0
 10
267.0443773377
 20
128.0274155237
 30
0.0
 10
267.2360687521
 20
128.1345157184
 30
0.0
 10
267.3226497795
 20
128.194356099
 30
0.0
  0
SPLINE
  5
E88
100
AcDbEntity
  8
4171
100
AcDbSpline
 62
7
  6
CONTINUOUS
 70
0
 71
3
 72
9
 73
5
 74
0
 42
0.0000001
 43
0.0000001
 44
0.0000000001
 40
0.0
 40
0.0
 40
0.0
 40
0.0
 40
0.5243497326
 40
1.0
 40
1.0
 40
1.0
 40
1.0
 10
264.4164202713
 20
128.2769701131
 30
0.0
 10
264.4703442773
 20
128.2769701131
 30
0.0
 10
264.5735939953
 20
128.2638998498
 30
0.0
 10
264.6700341414
 20
128.2222881186
 30
0.0
 10
264.7101907631
 20
128.194356099
 30
0.0
  0
SPLINE
  5
E89
100
AcDbEntity
  8
RUNDUNGEN
100
AcDbSpline
 62
7
  6
CONTINUOUS
 70
0
 71
3
 72
9
 73
5
 74
0
 42
0.0000001
 43
0.0000001
 44
0.0000000001
 40
0.0
 40
0.0
 40
0.0
 40
0.0
 40
0.2522273707
 40
1.0
 40
1.0
 40
1.0
 40
1.0
 10
264.2869510636
 20
128.2769701131
 30
0.0
 10
264.2753244587
 20
128.2769701131
 30
0.0
 10
264.2292445484
 20
128.2754339086
 30
0.0
 10
264.1833457091
 20
128.2677483505
 30
0.0
 10
264.1501430063
 20
128.25849086
 30
0.0
  0
SPLINE
  5
E8A
100
AcDbEntity
  8
RUNDUNGEN
100
AcDbSpline
 62
7
  6
CONTINUOUS
 70
0
 71
3
 72
11
 73
7
 74
0
 42
0.0000001
 43
0.0000001
 44
0.0000000001
 40
0.0
 40
0.0
 40
0.0
 40
0.0
 40
0.2775825727
 40
0.5360930399
 40
0.7745902511
 40
1.0
 40
1.0
 40
1.0
 40
1.0
 10
263.279612214
 20
128.0157717493
 30
0.0
 10
263.2424509078
 20
128.0054105314
 30
0.0
 10
263.1726544212
 20
127.9767311252
 30
0.0
 10
263.0865969123
 20
127.9095320653
 30
0.0
 10
263.0299007845
 20
127.8242476216
 30
0.0
 10
263.0164202713
 20
127.7591609094
 30
0.0
 10
263.0164202713
 20
127.7278332251
 30
0.0
  0
SPLINE
  5
E8B
100
AcDbEntity
  8
RUNDUNGEN
100
AcDbSpline
 62
7
  6
CONTINUOUS
 70
0
 71
3
 72
9
 73
5
 74
0
 42
0.0000001
 43
0.0000001
 44
0.0000000001
 40
0.0
 40
0.0
 40
0.0
 40
0.0
 40
0.247563059
 40
1.0
 40
1.0
 40
1.0
 40
1.0
 10
267.8826975363
 20
128.25849086
 30
0.0
 10
267.8717049706
 20
128.2615557783
 30
0.0
 10
267.8268764679
 20
128.2723678204
 30
0.0
 10
267.7805743567
 20
128.2769701131
 30
0.0
 10
267.745889479
 20
128.2769701131
 30
0.0
  0
SPLINE
  5
E8C
100
AcDbEntity
  8
0
100
AcDbSpline
 62
7
  6
CONTINUOUS
 70
0
 71
3
 72
9
 73
5
 74
0
 42
0.0000001
 43
0.0000001
 44
0.0000000001
 40
0.0
 40
0.0
 40
0.0
 40
0.0
 40
0.2643952013
 40
1.0
 40
1.0
 40
1.0
 40
1.0
 10
259.2138531151
 20
114.0396164115
 30
0.0
 10
259.2099686646
 20
114.0310380934
 30
0.0
 10
259.1950284925
 20
113.9987078971
 30
0.0
 10
259.179036307
 20
113.9668499473
 30
0.0
 10
259.1664202713
 20
113.9438878798
 30
0.0
  0
SPLINE
  5
E8D
100
AcDbEntity
  8
0
100
AcDbSpline
 62
7
  6
CONTINUOUS
 70
0
 71
3
 72
9
 73
5
 74
0
 42
0.0000001
 43
0.0000001
 44
0.0000000001
 40
0.0
 40
0.0
 40
0.0
 40
0.0
 40
0.2778845915
 40
1.0
 40
1.0
 40
1.0
 40
1.0
 10
264.2601366044
 20
114.0396164115
 30
0.0
 10
264.2590285692
 20
114.0271797072
 30
0.0
 10
264.2549194845
 20
113.9824364167
 30
0.0
 10
264.2503267752
 20
113.9377324336
 30
0.0
 10
264.2464202713
 20
113.9055222277
 30
0.0
  0
SPLINE
  5
E8E
100
AcDbEntity
  8
0
100
AcDbSpline
 62
7
  6
CONTINUOUS
 70
0
 71
3
 72
9
 73
5
 74
0
 42
0.0000001
 43
0.0000001
 44
0.0000000001
 40
0.0
 40
0.0
 40
0.0
 40
0.0
 40
0.2709667551
 40
1.0
 40
1.0
 40
1.0
 40
1.0
 10
270.2915751261
 20
114.0396164115
 30
0.0
 10
270.2944090214
 20
114.0290999896
 30
0.0
 10
270.3051145571
 20
113.9903585517
 30
0.0
 10
270.316851139
 20
113.9518850064
 30
0.0
 10
270.3264202713
 20
113.9241878136
 30
0.0
  0
SPLINE
  5
E8F
100
AcDbEntity
  8
0
100
AcDbSpline
 62
7
  6
CONTINUOUS
 70
0
 71
3
 72
9
 73
5
 74
0
 42
0.0000001
 43
0.0000001
 44
0.0000000001
 40
0.0
 40
0.0
 40
0.0
 40
0.0
 40
0.2806434399
 40
1.0
 40
1.0
 40
1.0
 40
1.0
 10
265.26122832
 20
114.0396164115
 30
0.0
 10
265.260035172
 20
114.0262243922
 30
0.0
 10
265.255642247
 20
113.9785191725
 30
0.0
 10
265.2507011683
 20
113.9308569194
 30
0.0
 10
265.2464202713
 20
113.8966609015
 30
0.0
  0
SPLINE
  5
E90
100
AcDbEntity
  8
0
100
AcDbSpline
 62
7
  6
CONTINUOUS
 70
0
 71
3
 72
9
 73
5
 74
0
 42
0.0000001
 43
0.0000001
 44
0.0000000001
 40
0.0
 40
0.0
 40
0.0
 40
0.0
 40
0.278279867
 40
1.0
 40
1.0
 40
1.0
 40
1.0
 10
269.281631889
 20
114.0396164115
 30
0.0
 10
269.2852482521
 20
114.0261962966
 30
0.0
 10
269.2986441081
 20
113.9780878282
 30
0.0
 10
269.3136559109
 20
113.9303719512
 30
0.0
 10
269.3264202713
 20
113.8966609015
 30
0.0
  0
SPLINE
  5
E91
100
AcDbEntity
  8
0
100
AcDbSpline
 62
7
  6
CONTINUOUS
 70
0
 71
3
 72
9
 73
5
 74
0
 42
0.0000001
 43
0.0000001
 44
0.0000000001
 40
0.0
 40
0.0
 40
0.0
 40
0.0
 40
0.2566370011
 40
1.0
 40
1.0
 40
1.0
 40
1.0
 10
274.3669660735
 20
114.0396164115
 30
0.0
 10
274.3702262673
 20
114.0346085027
 30
0.0
 10
274.3830351938
 20
114.0151639814
 30
0.0
 10
274.3962824068
 20
113.9960062708
 30
0.0
 10
274.4064202713
 20
113.9819771978
 30
0.0
  0
SPLINE
  5
E92
100
AcDbEntity
  8
0
100
AcDbSpline
 62
7
  6
CONTINUOUS
 70
0
 71
3
 72
9
 73
5
 74
0
 42
0.0000001
 43
0.0000001
 44
0.0000000001
 40
0.0
 40
0.0
 40
0.0
 40
0.0
 40
0.274426517
 40
1.0
 40
1.0
 40
1.0
 40
1.0
 10
260.2416824921
 20
114.0396164115
 30
0.0
 10
260.2355838428
 20
114.0261483152
 30
0.0
 10
260.2127617596
 20
113.9773605936
 30
0.0
 10
260.1874043353
 20
113.9296409408
 30
0.0
 10
260.1664202713
 20
113.8966609015
 30
0.0
  0
SPLINE
  5
E93
100
AcDbEntity
  8
0
100
AcDbSpline
 62
7
  6
CONTINUOUS
 70
0
 71
3
 72
9
 73
5
 74
0
 42
0.0000001
 43
0.0000001
 44
0.0000000001
 40
0.0
 40
0.0
 40
0.0
 40
0.0
 40
0.5038174962
 40
1.0
 40
1.0
 40
1.0
 40
1.0
 10
267.6267295223
 20
129.3356245497
 30
0.0
 10
267.6440103323
 20
129.3502165522
 30
0.0
 10
267.6837767925
 20
129.3737369983
 30
0.0
 10
267.7295424485
 20
129.3792938102
 30
0.0
 10
267.7518022533
 20
129.37847707
 30
0.0
  0
SPLINE
  5
E94
100
AcDbEntity
  8
RUNDUNGEN
100
AcDbSpline
 62
7
  6
CONTINUOUS
 70
0
 71
3
 72
11
 73
7
 74
0
 42
0.0000001
 43
0.0000001
 44
0.0000000001
 40
0.0
 40
0.0
 40
0.0
 40
0.0
 40
0.0887633177
 40
0.3036530208
 40
0.6161520037
 40
1.0
 40
1.0
 40
1.0
 40
1.0
 10
267.5721204842
 20
130.7974322113
 30
0.0
 10
267.5685383999
 20
130.8095810529
 30
0.0
 10
267.5579534293
 20
130.851618148
 30
0.0
 10
267.5399578608
 20
130.9377148622
 30
0.0
 10
267.5218287171
 20
131.0665909206
 30
0.0
 10
267.5164202713
 20
131.166012322
 30
0.0
 10
267.5164202713
 20
131.2207848387
 30
0.0
  0
SPLINE
  5
E95
100
AcDbEntity
  8
RUNDUNGEN
100
AcDbSpline
 62
7
  6
CONTINUOUS
 70
0
 71
3
 72
11
 73
7
 74
0
 42
0.0000001
 43
0.0000001
 44
0.0000000001
 40
0.0
 40
0.0
 40
0.0
 40
0.0
 40
0.0887684254
 40
0.3036591196
 40
0.6161560559
 40
1.0
 40
1.0
 40
1.0
 40
1.0
 10
264.4607201535
 20
130.7974325339
 30
0.0
 10
264.4643024128
 20
130.8095820735
 30
0.0
 10
264.4748875596
 20
130.8516199866
 30
0.0
 10
264.4928830707
 20
130.9377172352
 30
0.0
 10
264.5110119414
 20
131.0665924898
 30
0.0
 10
264.5164202713
 20
131.1660129429
 30
0.0
 10
264.5164202713
 20
131.2207848387
 30
0.0
  0
SPLINE
  5
E96
100
AcDbEntity
  8
0
100
AcDbSpline
 62
7
  6
CONTINUOUS
 70
0
 71
3
 72
9
 73
5
 74
0
 42
0.0000001
 43
0.0000001
 44
0.0000000001
 40
0.0
 40
0.0
 40
0.0
 40
0.0
 40
0.4961865919
 40
1.0
 40
1.0
 40
1.0
 40
1.0
 10
264.2810252122
 20
129.3784766228
 30
0.0
 10
264.3032874947
 20
129.3792948725
 30
0.0
 10
264.3490585056
 20
129.3737403499
 30
0.0
 10
264.3888298605
 20
129.3502179966
 30
0.0
 10
264.4061123258
 20
129.3356245437
 30
0.0
  0
SPLINE
  5
E97
100
AcDbEntity
  8
0
100
AcDbSpline
 62
7
  6
CONTINUOUS
 70
0
 71
3
 72
10
 73
6
 74
0
 42
0.0000001
 43
0.0000001
 44
0.0000000001
 40
0.0
 40
0.0
 40
0.0
 40
0.0
 40
0.5905118304
 40
0.8199549227
 40
1.0
 40
1.0
 40
1.0
 40
1.0
 10
264.2167196268
 20
128.6501649702
 30
0.0
 10
264.2171793871
 20
128.7817966834
 30
0.0
 10
264.2183836612
 20
128.9645807922
 30
0.0
 10
264.2231288376
 20
129.1874442788
 30
0.0
 10
264.2264998713
 20
129.2786729113
 30
0.0
 10
264.2286828021
 20
129.3187478147
 30
0.0
  0
SPLINE
  5
E98
100
AcDbEntity
  8
0
100
AcDbSpline
 62
7
  6
CONTINUOUS
 70
0
 71
3
 72
9
 73
5
 74
0
 42
0.0000001
 43
0.0000001
 44
0.0000000001
 40
0.0
 40
0.0
 40
0.0
 40
0.0
 40
0.2714393167
 40
1.0
 40
1.0
 40
1.0
 40
1.0
 10
264.2286828021
 20
129.3187478147
 30
0.0
 10
264.2289565999
 20
129.3237742766
 30
0.0
 10
264.2300112911
 20
129.3422894458
 30
0.0
 10
264.2312546307
 20
129.3607946585
 30
0.0
 10
264.2323287451
 20
129.3742632456
 30
0.0
  0
SPLINE
  5
E99
100
AcDbEntity
  8
0
100
AcDbSpline
 62
7
  6
CONTINUOUS
 70
0
 71
3
 72
14
 73
10
 74
0
 42
0.0000001
 43
0.0000001
 44
0.0000000001
 40
0.0
 40
0.0
 40
0.0
 40
0.0
 40
0.348110084
 40
0.499875993
 40
0.6346752175
 40
0.7516457093
 40
0.850640547
 40
0.9324868648
 40
1.0
 40
1.0
 40
1.0
 40
1.0
 10
267.4164202713
 20
128.2855271184
 30
0.0
 10
267.4164202713
 20
128.4122213037
 30
0.0
 10
267.4215728022
 20
128.5943220835
 30
0.0
 10
267.4440738628
 20
128.8242965472
 30
0.0
 10
267.4666843993
 20
128.969519191
 30
0.0
 10
267.4957057636
 20
129.0939874649
 30
0.0
 10
267.5309758695
 20
129.1967714874
 30
0.0
 10
267.5725482162
 20
129.2774604237
 30
0.0
 10
267.6079559396
 20
129.3197720423
 30
0.0
 10
267.6267295223
 20
129.3356245497
 30
0.0
  0
SPLINE
  5
E9A
100
AcDbEntity
  8
0
100
AcDbSpline
 62
7
  6
CONTINUOUS
 70
0
 71
3
 72
9
 73
5
 74
0
 42
0.0000001
 43
0.0000001
 44
0.0000000001
 40
0.0
 40
0.0
 40
0.0
 40
0.0
 40
0.2285835451
 40
1.0
 40
1.0
 40
1.0
 40
1.0
 10
267.8005126958
 20
129.3742615577
 30
0.0
 10
267.8008487355
 20
129.3700477622
 30
0.0
 10
267.8022437326
 20
129.3516073953
 30
0.0
 10
267.8033733374
 20
129.3331476324
 30
0.0
 10
267.804149942
 20
129.3189030566
 30
0.0
  0
SPLINE
  5
E9B
100
AcDbEntity
  8
0
100
AcDbSpline
 62
7
  6
CONTINUOUS
 70
0
 71
3
 72
10
 73
6
 74
0
 42
0.0000001
 43
0.0000001
 44
0.0000000001
 40
0.0
 40
0.0
 40
0.0
 40
0.0
 40
0.180001405
 40
0.4094324799
 40
1.0
 40
1.0
 40
1.0
 40
1.0
 10
267.804149942
 20
129.3189030566
 30
0.0
 10
267.8063349991
 20
129.2788244767
 30
0.0
 10
267.8097086803
 20
129.1875775563
 30
0.0
 10
267.8144572102
 20
128.9646390068
 30
0.0
 10
267.8156614679
 20
128.7817835432
 30
0.0
 10
267.8161211854
 20
128.6500950515
 30
0.0
  0
SPLINE
  5
E9C
100
AcDbEntity
  8
0
100
AcDbSpline
 62
7
  6
CONTINUOUS
 70
0
 71
3
 72
14
 73
10
 74
0
 42
0.0000001
 43
0.0000001
 44
0.0000000001
 40
0.0
 40
0.0
 40
0.0
 40
0.0
 40
0.0675134357
 40
0.149360033
 40
0.2483553071
 40
0.3653263249
 40
0.5001255765
 40
0.6518910193
 40
1.0
 40
1.0
 40
1.0
 40
1.0
 10
264.4061123258
 20
129.3356245437
 30
0.0
 10
264.4248859572
 20
129.319771938
 30
0.0
 10
264.4602936409
 20
129.2774600198
 30
0.0
 10
264.5018658976
 20
129.1967706658
 30
0.0
 10
264.5371358212
 20
129.0939861444
 30
0.0
 10
264.5661571546
 20
128.9695175446
 30
0.0
 10
264.5887673792
 20
128.8242948657
 30
0.0
 10
264.6112677487
 20
128.5943209859
 30
0.0
 10
264.6164202713
 20
128.4122208573
 30
0.0
 10
264.6164202713
 20
128.2855271184
 30
0.0
  0
SPLINE
  5
E9D
100
AcDbEntity
  8
RUNDUNGEN
100
AcDbSpline
 62
9
  6
CONTINUOUS
 70
0
 71
3
 72
11
 73
7
 74
0
 42
0.0000001
 43
0.0000001
 44
0.0000000001
 40
0.0
 40
0.0
 40
0.0
 40
0.0
 40
0.2332405455
 40
0.476600021
 40
0.7336367685
 40
1.0
 40
1.0
 40
1.0
 40
1.0
 10
280.2628304328
 20
80.4909701131
 30
0.0
 10
280.1948156438
 20
80.4909701131
 30
0.0
 10
280.0540618315
 20
80.5239956186
 30
0.0
 10
279.8818359898
 20
80.6606511758
 30
0.0
 10
279.769077265
 20
80.8593195832
 30
0.0
 10
279.7432151905
 20
81.0132964868
 30
0.0
 10
279.7432151905
 20
81.0909701131
 30
0.0
  0
SPLINE
  5
E9E
100
AcDbEntity
  8
RUNDUNGEN
100
AcDbSpline
 62
9
  6
CONTINUOUS
 70
0
 71
3
 72
11
 73
7
 74
0
 42
0.0000001
 43
0.0000001
 44
0.0000000001
 40
0.0
 40
0.0
 40
0.0
 40
0.0
 40
0.2332405455
 40
0.476600021
 40
0.7336367685
 40
1.0
 40
1.0
 40
1.0
 40
1.0
 10
262.7700101098
 20
80.4909701131
 30
0.0
 10
262.8380248988
 20
80.4909701131
 30
0.0
 10
262.9787787111
 20
80.5239956186
 30
0.0
 10
263.1510045528
 20
80.6606511758
 30
0.0
 10
263.2637632776
 20
80.8593195832
 30
0.0
 10
263.2896253521
 20
81.0132964868
 30
0.0
 10
263.2896253521
 20
81.0909701131
 30
0.0
  0
SPLINE
  5
E9F
100
AcDbEntity
  8
RUNDUNGEN
100
AcDbSpline
 62
9
  6
CONTINUOUS
 70
0
 71
3
 72
11
 73
7
 74
0
 42
0.0000001
 43
0.0000001
 44
0.0000000001
 40
0.0
 40
0.0
 40
0.0
 40
0.0
 40
0.2332405455
 40
0.476600021
 40
0.7336367685
 40
1.0
 40
1.0
 40
1.0
 40
1.0
 10
273.7700101098
 20
80.4909701131
 30
0.0
 10
273.8380248988
 20
80.4909701131
 30
0.0
 10
273.9787787111
 20
80.5239956186
 30
0.0
 10
274.1510045528
 20
80.6606511758
 30
0.0
 10
274.2637632776
 20
80.8593195832
 30
0.0
 10
274.2896253521
 20
81.0132964868
 30
0.0
 10
274.2896253521
 20
81.0909701131
 30
0.0
  0
SPLINE
  5
EA0
100
AcDbEntity
  8
RUNDUNGEN
100
AcDbSpline
 62
9
  6
CONTINUOUS
 70
0
 71
3
 72
11
 73
7
 74
0
 42
0.0000001
 43
0.0000001
 44
0.0000000001
 40
0.0
 40
0.0
 40
0.0
 40
0.0
 40
0.2332466128
 40
0.4766038331
 40
0.7336388487
 40
1.0
 40
1.0
 40
1.0
 40
1.0
 10
269.2628304328
 20
80.4909701131
 30
0.0
 10
269.194813865
 20
80.4909701131
 30
0.0
 10
269.0540585764
 20
80.5239961379
 30
0.0
 10
268.8818341281
 20
80.6606543136
 30
0.0
 10
268.7690767843
 20
80.8593212187
 30
0.0
 10
268.7432151905
 20
81.0132970824
 30
0.0
 10
268.7432151905
 20
81.0909701131
 30
0.0
  0
SPLINE
  5
EA1
100
AcDbEntity
  8
0
100
AcDbSpline
 62
7
  6
CONTINUOUS
 70
0
 71
3
 72
16
 73
12
 74
0
 42
0.0000001
 43
0.0000001
 44
0.0000000001
 40
0.0
 40
0.0
 40
0.0
 40
0.0
 40
0.0941270453
 40
0.2230962277
 40
0.3040761536
 40
0.4420744828
 40
0.5737968417
 40
0.7210985218
 40
0.83887147
 40
0.9466790919
 40
1.0
 40
1.0
 40
1.0
 40
1.0
 10
276.2109735276
 20
148.8322177506
 30
0.0
 10
279.5182830612
 20
149.3490466942
 30
0.0
 10
287.0409579432
 20
147.1523022283
 30
0.0
 10
302.8459748199
 20
148.1604079871
 30
0.0
 10
299.3718648262
 20
132.7937404589
 30
0.0
 10
299.2282753091
 20
120.7092890578
 30
0.0
 10
304.9770342948
 20
105.4211136948
 30
0.0
 10
300.9944309611
 20
91.4993851542
 30
0.0
 10
306.2362631934
 20
75.4291325422
 30
0.0
 10
294.2700344435
 20
71.4909367518
 30
0.0
 10
288.1561478418
 20
70.4765498641
 30
0.0
 10
286.184788972
 20
70.2473464912
 30
0.0
  0
SPLINE
  5
EA2
100
AcDbEntity
  8
0
100
AcDbSpline
 62
7
  6
CONTINUOUS
 70
0
 71
3
 72
15
 73
11
 74
0
 42
0.0000001
 43
0.0000001
 44
0.0000000001
 40
0.0
 40
0.0
 40
0.0
 40
0.0
 40
0.187839851
 40
0.2873003689
 40
0.425003065
 40
0.5608417748
 40
0.6823300724
 40
0.8421189908
 40
0.9436550291
 40
1.0
 40
1.0
 40
1.0
 40
1.0
 10
256.5892900248
 20
69.8765269102
 30
0.0
 10
249.8120113002
 20
69.0155778543
 30
0.0
 10
238.865974226
 20
65.2763847102
 30
0.0
 10
228.327470454
 20
78.8876593574
 30
0.0
 10
232.9149448323
 20
92.0510498928
 30
0.0
 10
229.2012294771
 20
105.5904180097
 30
0.0
 10
234.3145730922
 20
119.9329120272
 30
0.0
 10
230.3241226192
 20
132.291876998
 30
0.0
 10
231.9326500323
 20
145.211868089
 30
0.0
 10
236.877504238
 20
147.0846546002
 30
0.0
 10
238.8631348224
 20
147.4388655928
 30
0.0
  0
SPLINE
  5
EA3
100
AcDbEntity
  8
0
100
AcDbSpline
 62
7
  6
CONTINUOUS
 70
0
 71
3
 72
9
 73
5
 74
0
 42
0.0000001
 43
0.0000001
 44
0.0000000001
 40
0.0
 40
0.0
 40
0.0
 40
0.0
 40
0.3565350095
 40
1.0
 40
1.0
 40
1.0
 40
1.0
 10
286.184788972
 20
70.2473464912
 30
0.0
 10
282.62543069
 20
69.8335116812
 30
0.0
 10
273.116398566
 20
69.6463848595
 30
0.0
 10
263.2854723166
 20
70.7271739112
 30
0.0
 10
256.5892900248
 20
69.8765269102
 30
0.0
  0
SPLINE
  5
EA4
100
AcDbEntity
  8
0
100
AcDbSpline
 62
7
  6
CONTINUOUS
 70
0
 71
3
 72
11
 73
7
 74
0
 42
0.0000001
 43
0.0000001
 44
0.0000000001
 40
0.0
 40
0.0
 40
0.0
 40
0.0
 40
0.1911448339
 40
0.4171941523
 40
0.8636466171
 40
1.0
 40
1.0
 40
1.0
 40
1.0
 10
238.8631348224
 20
147.4388655928
 30
0.0
 10
241.2650716507
 20
147.8673402724
 30
0.0
 10
247.2130535533
 20
147.7992014887
 30
0.0
 10
257.3534175284
 20
147.7532937762
 30
0.0
 10
267.6421910005
 20
146.0710055833
 30
0.0
 10
274.6116044594
 20
148.5822864341
 30
0.0
 10
276.2109735276
 20
148.8322177506
 30
0.0
  0
SPLINE
  5
EA5
100
AcDbEntity
  8
0
100
AcDbSpline
 62
3
  6
CONTINUOUS
 70
0
 71
3
 72
9
 73
5
 74
0
 42
0.0000001
 43
0.0000001
 44
0.0000000001
 40
0.0
 40
0.0
 40
0.0
 40
0.0
 40
0.2582219496
 40
1.0
 40
1.0
 40
1.0
 40
1.0
 10
274.3669660735
 20
113.6008041905
 30
0.0
 10
274.3702201075
 20
113.5928066755
 30
0.0
 10
274.3829495237
 20
113.5618875476
 30
0.0
 10
274.3962111364
 20
113.5311857671
 30
0.0
 10
274.4064202713
 20
113.5085814487
 30
0.0
  0
SPLINE
  5
EA6
100
AcDbEntity
  8
0
100
AcDbSpline
 62
3
  6
CONTINUOUS
 70
0
 71
3
 72
9
 73
5
 74
0
 42
0.0000001
 43
0.0000001
 44
0.0000000001
 40
0.0
 40
0.0
 40
0.0
 40
0.0
 40
0.2798551086
 40
1.0
 40
1.0
 40
1.0
 40
1.0
 10
269.281631889
 20
113.6008041905
 30
0.0
 10
269.2852431769
 20
113.5793621405
 30
0.0
 10
269.2985659446
 20
113.5028205007
 30
0.0
 10
269.3135347831
 20
113.4265248973
 30
0.0
 10
269.3264202713
 20
113.3720753745
 30
0.0
  0
SPLINE
  5
EA7
100
AcDbEntity
  8
0
100
AcDbSpline
 62
3
  6
CONTINUOUS
 70
0
 71
3
 72
9
 73
5
 74
0
 42
0.0000001
 43
0.0000001
 44
0.0000000001
 40
0.0
 40
0.0
 40
0.0
 40
0.0
 40
0.2808362783
 40
1.0
 40
1.0
 40
1.0
 40
1.0
 10
265.26122832
 20
113.6008041905
 30
0.0
 10
265.2600353724
 20
113.5793805587
 30
0.0
 10
265.255645332
 20
113.5031040827
 30
0.0
 10
265.2507062884
 20
113.426854443
 30
0.0
 10
265.2464202713
 20
113.3720753745
 30
0.0
  0
SPLINE
  5
EA8
100
AcDbEntity
  8
0
100
AcDbSpline
 62
3
  6
CONTINUOUS
 70
0
 71
3
 72
9
 73
5
 74
0
 42
0.0000001
 43
0.0000001
 44
0.0000000001
 40
0.0
 40
0.0
 40
0.0
 40
0.0
 40
0.2780299225
 40
1.0
 40
1.0
 40
1.0
 40
1.0
 10
260.2416824921
 20
113.6008041905
 30
0.0
 10
260.2356041982
 20
113.5793271603
 30
0.0
 10
260.2130741116
 20
113.5022843967
 30
0.0
 10
260.1878379041
 20
113.4259337212
 30
0.0
 10
260.1664202713
 20
113.3720753745
 30
0.0
  0
SPLINE
  5
EA9
100
AcDbEntity
  8
RUNDUNGEN
100
AcDbSpline
 62
7
  6
CONTINUOUS
 70
0
 71
3
 72
11
 73
7
 74
0
 42
0.0000001
 43
0.0000001
 44
0.0000000001
 40
0.0
 40
0.0
 40
0.0
 40
0.0
 40
0.2254097489
 40
0.4639069601
 40
0.7224174273
 40
1.0
 40
1.0
 40
1.0
 40
1.0
 10
77.3568281621
 20
236.4987653079
 30
0.0
 10
77.3568281621
 20
236.5300929922
 30
0.0
 10
77.3433476489
 20
236.5951797043
 30
0.0
 10
77.2866515211
 20
236.6804641481
 30
0.0
 10
77.2005940123
 20
236.7476632079
 30
0.0
 10
77.1307975256
 20
236.7763426142
 30
0.0
 10
77.0936362194
 20
236.786703832
 30
0.0
  0
SPLINE
  5
EAA
100
AcDbEntity
  8
RUNDUNGEN
100
AcDbSpline
 62
7
  6
CONTINUOUS
 70
0
 71
3
 72
11
 73
7
 74
0
 42
0.0000001
 43
0.0000001
 44
0.0000000001
 40
0.0
 40
0.0
 40
0.0
 40
0.0
 40
0.2775825727
 40
0.5360930399
 40
0.7745902511
 40
1.0
 40
1.0
 40
1.0
 40
1.0
 10
71.6200201048
 20
236.786703832
 30
0.0
 10
71.5828587986
 20
236.7763426142
 30
0.0
 10
71.513062312
 20
236.7476632079
 30
0.0
 10
71.4270048032
 20
236.6804641481
 30
0.0
 10
71.3703086753
 20
236.5951797043
 30
0.0
 10
71.3568281621
 20
236.5300929922
 30
0.0
 10
71.3568281621
 20
236.4987653079
 30
0.0
  0
SPLINE
  5
EAB
100
AcDbEntity
  8
0
100
AcDbSpline
 62
7
  6
CONTINUOUS
 70
0
 71
3
 72
11
 73
7
 74
0
 42
0.0000001
 43
0.0000001
 44
0.0000000001
 40
0.0
 40
0.0
 40
0.0
 40
0.0
 40
0.2504623432
 40
0.5006883254
 40
0.7505355398
 40
1.0
 40
1.0
 40
1.0
 40
1.0
 10
87.377367383
 20
218.1476721081
 30
0.0
 10
87.4396196691
 20
218.1472142134
 30
0.0
 10
87.5649440889
 20
218.1283123487
 30
0.0
 10
87.7340679315
 20
218.0427082099
 30
0.0
 10
87.8692001268
 20
217.9101452148
 30
0.0
 10
87.9271240629
 20
217.7977910464
 30
0.0
 10
87.947367383
 20
217.739182646
 30
0.0
  0
SPLINE
  5
EAC
100
AcDbEntity
  8
0
100
AcDbSpline
 62
7
  6
CONTINUOUS
 70
0
 71
3
 72
11
 73
7
 74
0
 42
0.0000001
 43
0.0000001
 44
0.0000000001
 40
0.0
 40
0.0
 40
0.0
 40
0.0
 40
0.2494642365
 40
0.4993108111
 40
0.7495366307
 40
1.0
 40
1.0
 40
1.0
 40
1.0
 10
87.947367383
 20
217.3561615702
 30
0.0
 10
87.9271240546
 20
217.2975532315
 30
0.0
 10
87.8692002746
 20
217.1851992359
 30
0.0
 10
87.7340683512
 20
217.0526363613
 30
0.0
 10
87.5649445704
 20
216.967031944
 30
0.0
 10
87.4396199235
 20
216.9481300932
 30
0.0
 10
87.377367383
 20
216.9476721081
 30
0.0
  0
SPLINE
  5
EAD
100
AcDbEntity
  8
0
100
AcDbSpline
 62
7
  6
CONTINUOUS
 70
0
 71
3
 72
9
 73
5
 74
0
 42
0.0000001
 43
0.0000001
 44
0.0000000001
 40
0.0
 40
0.0
 40
0.0
 40
0.0
 40
0.5
 40
1.0
 40
1.0
 40
1.0
 40
1.0
 10
87.9489156549
 20
217.7398438744
 30
0.0
 10
87.9746115512
 20
217.6796766577
 30
0.0
 10
88.0030538277
 20
217.5476721081
 30
0.0
 10
87.9746115512
 20
217.4156675585
 30
0.0
 10
87.9489156549
 20
217.3555003418
 30
0.0
  0
LINE
  5
EAE
100
AcDbEntity
  8
RUNDUNGEN
100
AcDbLine
 62
7
  6
CONTINUOUS
 10
90.3875556577
 20
194.4210304428
 11
90.5845172083
 21
194.2888034803
  0
LINE
  5
EAF
100
AcDbEntity
  8
RUNDUNGEN
100
AcDbLine
 62
7
  6
CONTINUOUS
 10
90.5845172083
 20
192.8065407359
 11
90.3875556577
 21
192.6743137734
  0
LINE
  5
EB0
100
AcDbEntity
  8
RUNDUNGEN
100
AcDbLine
 62
7
  6
CONTINUOUS
 10
91.8770808689
 20
192.0649207927
 11
92.0242600505
 21
192.2175146655
  0
LINE
  5
EB1
100
AcDbEntity
  8
RUNDUNGEN
100
AcDbLine
 62
7
  6
CONTINUOUS
 10
92.5262988196
 20
190.6283996036
 11
92.6534265791
 21
190.8253611542
  0
LINE
  5
EB2
100
AcDbEntity
  8
RUNDUNGEN
100
AcDbLine
 62
7
  6
CONTINUOUS
 10
94.1873575046
 20
190.6283996036
 11
94.0602297452
 21
190.8253611542
  0
LINE
  5
EB3
100
AcDbEntity
  8
RUNDUNGEN
100
AcDbLine
 62
7
  6
CONTINUOUS
 10
94.8365754554
 20
192.0649207927
 11
94.6893962737
 21
192.2175146655
  0
LINE
  5
EB4
100
AcDbEntity
  8
RUNDUNGEN
100
AcDbLine
 62
7
  6
CONTINUOUS
 10
96.3261006666
 20
192.6743137734
 11
96.129139116
 21
192.8065407359
  0
LINE
  5
EB5
100
AcDbEntity
  8
RUNDUNGEN
100
AcDbLine
 62
7
  6
CONTINUOUS
 10
96.3261006666
 20
194.4210304428
 11
96.129139116
 21
194.2888034803
  0
LINE
  5
EB6
100
AcDbEntity
  8
RUNDUNGEN
100
AcDbLine
 62
7
  6
CONTINUOUS
 10
94.8365754554
 20
195.0304234235
 11
94.6893962737
 21
194.8778295507
  0
LINE
  5
EB7
100
AcDbEntity
  8
RUNDUNGEN
100
AcDbLine
 62
7
  6
CONTINUOUS
 10
94.1873575046
 20
196.4669446125
 11
94.0602297452
 21
196.2699830619
  0
LINE
  5
EB8
100
AcDbEntity
  8
RUNDUNGEN
100
AcDbLine
 62
7
  6
CONTINUOUS
 10
92.5262988196
 20
196.4669446125
 11
92.6534265791
 21
196.2699830619
  0
LINE
  5
EB9
100
AcDbEntity
  8
RUNDUNGEN
100
AcDbLine
 62
7
  6
CONTINUOUS
 10
91.8770808689
 20
195.0304234235
 11
92.0242600505
 21
194.8778295507
  0
LINE
  5
EBA
100
AcDbEntity
  8
RUNDUNGEN
100
AcDbLine
 62
7
  6
CONTINUOUS
 10
52.3875556577
 20
242.4210304428
 11
52.5845172083
 21
242.2888034803
  0
LINE
  5
EBB
100
AcDbEntity
  8
RUNDUNGEN
100
AcDbLine
 62
7
  6
CONTINUOUS
 10
52.5845172083
 20
240.8065407359
 11
52.3875556577
 21
240.6743137734
  0
LINE
  5
EBC
100
AcDbEntity
  8
RUNDUNGEN
100
AcDbLine
 62
7
  6
CONTINUOUS
 10
53.8770808689
 20
240.0649207927
 11
54.0242600505
 21
240.2175146655
  0
LINE
  5
EBD
100
AcDbEntity
  8
RUNDUNGEN
100
AcDbLine
 62
7
  6
CONTINUOUS
 10
54.5262988196
 20
238.6283996036
 11
54.6534265791
 21
238.8253611542
  0
LINE
  5
EBE
100
AcDbEntity
  8
RUNDUNGEN
100
AcDbLine
 62
7
  6
CONTINUOUS
 10
56.1873575046
 20
238.6283996036
 11
56.0602297452
 21
238.8253611542
  0
LINE
  5
EBF
100
AcDbEntity
  8
RUNDUNGEN
100
AcDbLine
 62
7
  6
CONTINUOUS
 10
56.8365754554
 20
240.0649207927
 11
56.6893962737
 21
240.2175146655
  0
LINE
  5
EC0
100
AcDbEntity
  8
RUNDUNGEN
100
AcDbLine
 62
7
  6
CONTINUOUS
 10
58.3261006666
 20
240.6743137734
 11
58.129139116
 21
240.8065407359
  0
LINE
  5
EC1
100
AcDbEntity
  8
RUNDUNGEN
100
AcDbLine
 62
7
  6
CONTINUOUS
 10
58.3261006666
 20
242.4210304428
 11
58.129139116
 21
242.2888034803
  0
LINE
  5
EC2
100
AcDbEntity
  8
RUNDUNGEN
100
AcDbLine
 62
7
  6
CONTINUOUS
 10
56.8365754554
 20
243.0304234235
 11
56.6893962737
 21
242.8778295507
  0
LINE
  5
EC3
100
AcDbEntity
  8
RUNDUNGEN
100
AcDbLine
 62
7
  6
CONTINUOUS
 10
56.1873575046
 20
244.4669446125
 11
56.0602297452
 21
244.2699830619
  0
LINE
  5
EC4
100
AcDbEntity
  8
RUNDUNGEN
100
AcDbLine
 62
7
  6
CONTINUOUS
 10
54.5262988196
 20
244.4669446125
 11
54.6534265791
 21
244.2699830619
  0
LINE
  5
EC5
100
AcDbEntity
  8
RUNDUNGEN
100
AcDbLine
 62
7
  6
CONTINUOUS
 10
53.8770808689
 20
243.0304234235
 11
54.0242600505
 21
242.8778295507
  0
SPLINE
  5
EC6
100
AcDbEntity
  8
RUNDUNGEN
100
AcDbSpline
 62
7
  6
CONTINUOUS
 70
0
 71
3
 72
10
 73
6
 74
0
 42
0.0000001
 43
0.0000001
 44
0.0000000001
 40
0.0
 40
0.0
 40
0.0
 40
0.0
 40
0.2669715389
 40
0.6476545073
 40
1.0
 40
1.0
 40
1.0
 40
1.0
 10
60.2293748264
 20
208.2342220597
 30
0.0
 10
60.2541548974
 20
208.202503583
 30
0.0
 10
60.3067064201
 20
208.1199697935
 30
0.0
 10
60.3788998819
 20
207.9869253004
 30
0.0
 10
60.4102822654
 20
207.8801771731
 30
0.0
 10
60.4222046104
 20
207.8284100827
 30
0.0
  0
SPLINE
  5
EC7
100
AcDbEntity
  8
0
100
AcDbSpline
 62
7
  6
CONTINUOUS
 70
0
 71
3
 72
11
 73
7
 74
0
 42
0.0000001
 43
0.0000001
 44
0.0000000001
 40
0.0
 40
0.0
 40
0.0
 40
0.0
 40
0.2494642365
 40
0.4993108111
 40
0.7495366307
 40
1.0
 40
1.0
 40
1.0
 40
1.0
 10
60.7662889413
 20
217.739182646
 30
0.0
 10
60.7865322697
 20
217.7977909847
 30
0.0
 10
60.8444560496
 20
217.9101449803
 30
0.0
 10
60.9795879731
 20
218.0427078549
 30
0.0
 10
61.1487117538
 20
218.1283122722
 30
0.0
 10
61.2740364008
 20
218.147214123
 30
0.0
 10
61.3362889413
 20
218.1476721081
 30
0.0
  0
SPLINE
  5
EC8
100
AcDbEntity
  8
0
100
AcDbSpline
 62
7
  6
CONTINUOUS
 70
0
 71
3
 72
11
 73
7
 74
0
 42
0.0000001
 43
0.0000001
 44
0.0000000001
 40
0.0
 40
0.0
 40
0.0
 40
0.0
 40
0.2504623432
 40
0.5006883254
 40
0.7505355398
 40
1.0
 40
1.0
 40
1.0
 40
1.0
 10
61.3362889413
 20
216.9476721081
 30
0.0
 10
61.2740366552
 20
216.9481300027
 30
0.0
 10
61.1487122353
 20
216.9670318675
 30
0.0
 10
60.9795883927
 20
217.0526360063
 30
0.0
 10
60.8444561974
 20
217.1851990013
 30
0.0
 10
60.7865322613
 20
217.2975531698
 30
0.0
 10
60.7662889413
 20
217.3561615702
 30
0.0
  0
SPLINE
  5
EC9
100
AcDbEntity
  8
0
100
AcDbSpline
 62
7
  6
CONTINUOUS
 70
0
 71
3
 72
9
 73
5
 74
0
 42
0.0000001
 43
0.0000001
 44
0.0000000001
 40
0.0
 40
0.0
 40
0.0
 40
0.0
 40
0.5
 40
1.0
 40
1.0
 40
1.0
 40
1.0
 10
60.7647406693
 20
217.3555003418
 30
0.0
 10
60.739044773
 20
217.4156675585
 30
0.0
 10
60.7106024966
 20
217.5476721081
 30
0.0
 10
60.739044773
 20
217.6796766577
 30
0.0
 10
60.7647406693
 20
217.7398438744
 30
0.0
  0
SPLINE
  5
ECA
100
AcDbEntity
  8
RUNDUNGEN
100
AcDbSpline
 62
7
  6
CONTINUOUS
 70
0
 71
3
 72
11
 73
7
 74
0
 42
0.0000001
 43
0.0000001
 44
0.0000000001
 40
0.0
 40
0.0
 40
0.0
 40
0.0
 40
0.2462860721
 40
0.4964161778
 40
0.7479714866
 40
1.0
 40
1.0
 40
1.0
 40
1.0
 10
69.5021923586
 20
239.3541679569
 30
0.0
 10
69.5071286691
 20
239.4018504238
 30
0.0
 10
69.4984743079
 20
239.5009453391
 30
0.0
 10
69.4297093771
 20
239.6333312727
 30
0.0
 10
69.3161240595
 20
239.7314062215
 30
0.0
 10
69.2213515574
 20
239.7651187897
 30
0.0
 10
69.1729394633
 20
239.7730348189
 30
0.0
  0
SPLINE
  5
ECB
100
AcDbEntity
  8
RUNDUNGEN
100
AcDbSpline
 62
7
  6
CONTINUOUS
 70
0
 71
3
 72
11
 73
7
 74
0
 42
0.0000001
 43
0.0000001
 44
0.0000000001
 40
0.0
 40
0.0
 40
0.0
 40
0.0
 40
0.251751886
 40
0.5032985148
 40
0.7536157146
 40
1.0
 40
1.0
 40
1.0
 40
1.0
 10
79.6065088545
 20
239.7785014078
 30
0.0
 10
79.5520577249
 20
239.7785014078
 30
0.0
 10
79.4419365824
 20
239.7561789257
 30
0.0
 10
79.3044452422
 20
239.6604670791
 30
0.0
 10
79.2180307009
 20
239.517854013
 30
0.0
 10
79.2059379849
 20
239.407144429
 30
0.0
 10
79.2114238656
 20
239.3541373718
 30
0.0
  0
LINE
  5
ECC
100
AcDbEntity
  8
0
100
AcDbLine
 62
7
  6
CONTINUOUS
 10
73.4121414362
 20
237.6875054263
 11
73.4590229865
 21
237.6896246314
  0
LINE
  5
ECD
100
AcDbEntity
  8
0
100
AcDbLine
 62
7
  6
CONTINUOUS
 10
75.2547540491
 20
237.6896193136
 11
75.3015647373
 21
237.6875031155
  0
SPLINE
  5
ECE
100
AcDbEntity
  8
RUNDUNGEN
100
AcDbSpline
 62
9
  6
CONTINUOUS
 70
0
 71
3
 72
11
 73
7
 74
0
 42
0.0000001
 43
0.0000001
 44
0.0000000001
 40
0.0
 40
0.0
 40
0.0
 40
0.0
 40
0.0690189047
 40
0.3152532239
 40
0.5763318181
 40
1.0
 40
1.0
 40
1.0
 40
1.0
 10
79.1408683635
 20
239.3957402063
 30
0.0
 10
79.1421993381
 20
239.3943809752
 30
0.0
 10
79.1485336578
 20
239.3884264387
 30
0.0
 10
79.1608593232
 20
239.3783612908
 30
0.0
 10
79.1824552571
 20
239.3643646975
 30
0.0
 10
79.2002222322
 20
239.3574372049
 30
0.0
 10
79.2114238656
 20
239.3541373718
 30
0.0
  0
SPLINE
  5
ECF
100
AcDbEntity
  8
0
100
AcDbSpline
 62
7
  6
CONTINUOUS
 70
0
 71
3
 72
15
 73
11
 74
0
 42
0.0000001
 43
0.0000001
 44
0.0000000001
 40
0.0
 40
0.0
 40
0.0
 40
0.0
 40
0.1250717973
 40
0.25012939
 40
0.3751286281
 40
0.5001112411
 40
0.6250818951
 40
0.7500522939
 40
0.875021752
 40
1.0
 40
1.0
 40
1.0
 40
1.0
 10
65.1568281621
 20
243.7785286245
 30
0.0
 10
65.1568281621
 20
243.5487405287
 30
0.0
 10
65.1966176746
 20
243.0882168933
 30
0.0
 10
65.3733694877
 20
242.4187244172
 30
0.0
 10
65.6614165098
 20
241.7890667788
 30
0.0
 10
66.0512007142
 20
241.2171368711
 30
0.0
 10
66.5304319059
 20
240.7179758675
 30
0.0
 10
67.0845417416
 20
240.3037007905
 30
0.0
 10
67.6973152408
 20
239.9831189494
 30
0.0
 10
68.1343680792
 20
239.8353795328
 30
0.0
 10
68.3568281621
 20
239.7785014078
 30
0.0
  0
SPLINE
  5
ED0
100
AcDbEntity
  8
0
100
AcDbSpline
 62
7
  6
CONTINUOUS
 70
0
 71
3
 72
15
 73
11
 74
0
 42
0.0000001
 43
0.0000001
 44
0.0000000001
 40
0.0
 40
0.0
 40
0.0
 40
0.0
 40
0.1249793496
 40
0.2499498564
 40
0.3749214204
 40
0.4998931628
 40
0.6248763494
 40
0.749875686
 40
0.8749303695
 40
1.0
 40
1.0
 40
1.0
 40
1.0
 10
80.3568281621
 20
239.7785014078
 30
0.0
 10
80.5792905091
 20
239.8353801116
 30
0.0
 10
81.0163476598
 20
239.9831212901
 30
0.0
 10
81.6291266157
 20
240.3037080311
 30
0.0
 10
82.1832404706
 20
240.7179896558
 30
0.0
 10
82.6624727837
 20
241.2171580535
 30
0.0
 10
83.0522566035
 20
241.7890935649
 30
0.0
 10
83.3402947145
 20
242.4187515822
 30
0.0
 10
83.5170445065
 20
243.0882360416
 30
0.0
 10
83.5568281621
 20
243.5487514155
 30
0.0
 10
83.5568281621
 20
243.7785358436
 30
0.0
  0
SPLINE
  5
ED1
100
AcDbEntity
  8
RUNDUNGEN
100
AcDbSpline
 62
7
  6
CONTINUOUS
 70
0
 71
3
 72
14
 73
10
 74
0
 42
0.0000001
 43
0.0000001
 44
0.0000000001
 40
0.0
 40
0.0
 40
0.0
 40
0.0
 40
0.3383994113
 40
0.4938526712
 40
0.6335976362
 40
0.7541407305
 40
0.8536386206
 40
0.9334205147
 40
1.0
 40
1.0
 40
1.0
 40
1.0
 10
75.7568281621
 20
232.4093916753
 30
0.0
 10
75.8079995685
 20
232.4093916753
 30
0.0
 10
75.8828929867
 20
232.4145628094
 30
0.0
 10
75.9770140105
 20
232.4330048579
 30
0.0
 10
76.0373436867
 20
232.4511224813
 30
0.0
 10
76.0872982049
 20
232.4731527675
 30
0.0
 10
76.1252503254
 20
232.4985084514
 30
0.0
 10
76.1502664493
 20
232.5269143437
 30
0.0
 10
76.1568281621
 20
232.549166429
 30
0.0
 10
76.1568281621
 20
232.5592343127
 30
0.0
  0
SPLINE
  5
ED2
100
AcDbEntity
  8
RUNDUNGEN
100
AcDbSpline
 62
9
  6
CONTINUOUS
 70
0
 71
3
 72
11
 73
7
 74
0
 42
0.0000001
 43
0.0000001
 44
0.0000000001
 40
0.0
 40
0.0
 40
0.0
 40
0.0
 40
0.0690139321
 40
0.315041245
 40
0.5761149474
 40
1.0
 40
1.0
 40
1.0
 40
1.0
 10
69.5727887578
 20
239.3957404399
 30
0.0
 10
69.5714573204
 20
239.3943810328
 30
0.0
 10
69.5651225412
 20
239.388431782
 30
0.0
 10
69.5528126039
 20
239.3783487736
 30
0.0
 10
69.5311879885
 20
239.3643779138
 30
0.0
 10
69.5134054391
 20
239.3574628255
 30
0.0
 10
69.5021923586
 20
239.3541679569
 30
0.0
  0
SPLINE
  5
ED3
100
AcDbEntity
  8
RUNDUNGEN
100
AcDbSpline
 62
7
  6
CONTINUOUS
 70
0
 71
3
 72
14
 73
10
 74
0
 42
0.0000001
 43
0.0000001
 44
0.0000000001
 40
0.0
 40
0.0
 40
0.0
 40
0.0
 40
0.0665794853
 40
0.1463613794
 40
0.2458592695
 40
0.3664023638
 40
0.5061473288
 40
0.6616005887
 40
1.0
 40
1.0
 40
1.0
 40
1.0
 10
72.5568281621
 20
232.5592343127
 30
0.0
 10
72.5568281621
 20
232.549166429
 30
0.0
 10
72.5633898749
 20
232.5269143437
 30
0.0
 10
72.5884059988
 20
232.4985084514
 30
0.0
 10
72.6263581194
 20
232.4731527675
 30
0.0
 10
72.6763126375
 20
232.4511224813
 30
0.0
 10
72.7366423137
 20
232.4330048579
 30
0.0
 10
72.8307633375
 20
232.4145628094
 30
0.0
 10
72.9056567557
 20
232.4093916753
 30
0.0
 10
72.9568281621
 20
232.4093916753
 30
0.0
  0
SPLINE
  5
ED4
100
AcDbEntity
  8
RUNDUNGEN
100
AcDbSpline
 62
7
  6
CONTINUOUS
 70
0
 71
3
 72
11
 73
7
 74
0
 42
0.0000001
 43
0.0000001
 44
0.0000000001
 40
0.0
 40
0.0
 40
0.0
 40
0.0
 40
0.0808501592
 40
0.3027429033
 40
0.6242687663
 40
1.0
 40
1.0
 40
1.0
 40
1.0
 10
78.9805148338
 20
237.1785014078
 30
0.0
 10
78.9861240149
 20
237.2381539582
 30
0.0
 10
79.0066450065
 20
237.46156717
 30
0.0
 10
79.0457158549
 20
237.9225476671
 30
0.0
 10
79.0981613091
 20
238.6016780514
 30
0.0
 10
79.1292763971
 20
239.1175388274
 30
0.0
 10
79.1408867709
 20
239.3957394122
 30
0.0
  0
SPLINE
  5
ED5
100
AcDbEntity
  8
RUNDUNGEN
100
AcDbSpline
 62
7
  6
CONTINUOUS
 70
0
 71
3
 72
11
 73
7
 74
0
 42
0.0000001
 43
0.0000001
 44
0.0000000001
 40
0.0
 40
0.0
 40
0.0
 40
0.0
 40
0.080850161
 40
0.3027429083
 40
0.6242687718
 40
1.0
 40
1.0
 40
1.0
 40
1.0
 10
69.7331414904
 20
237.1785014078
 30
0.0
 10
69.7275323087
 20
237.2381539648
 30
0.0
 10
69.707011315
 20
237.4615672003
 30
0.0
 10
69.6679404631
 20
237.9225477428
 30
0.0
 10
69.6154950053
 20
238.6016781867
 30
0.0
 10
69.5843799172
 20
239.1175390053
 30
0.0
 10
69.5727695451
 20
239.3957396111
 30
0.0
  0
SPLINE
  5
ED6
100
AcDbEntity
  8
BEZUGSACHSEN
100
AcDbSpline
 62
7
  6
CONTINUOUS
 70
0
 71
3
 72
18
 73
14
 74
0
 42
0.0000001
 43
0.0000001
 44
0.0000000001
 40
0.0
 40
0.0
 40
0.0
 40
0.0
 40
0.0042657585
 40
0.0163998302
 40
0.0365570019
 40
0.0647261555
 40
0.1008771056
 40
0.1449715198
 40
0.2566740012
 40
0.3990864445
 40
0.5713881594
 40
0.7722456812
 40
1.0
 40
1.0
 40
1.0
 40
1.0
 10
63.8144127803
 20
229.5533733218
 30
0.0
 10
63.8146653311
 20
229.5530210367
 30
0.0
 10
63.8166785594
 20
229.5545610081
 30
0.0
 10
63.8192435881
 20
229.5559499796
 30
0.0
 10
63.8244579946
 20
229.5600171938
 30
0.0
 10
63.8311105263
 20
229.5651087493
 30
0.0
 10
63.8397762235
 20
229.5720403792
 30
0.0
 10
63.8549132774
 20
229.5842800731
 30
0.0
 10
63.878332739
 20
229.6035486418
 30
0.0
 10
63.911689413
 20
229.6311866235
 30
0.0
 10
63.9519811684
 20
229.6646768714
 30
0.0
 10
63.9989558014
 20
229.7036853832
 30
0.0
 10
64.0325101488
 20
229.7314519871
 30
0.0
 10
64.0503585506
 20
229.7461839167
 30
0.0
  0
SPLINE
  5
ED7
100
AcDbEntity
  8
BEZUGSACHSEN
100
AcDbSpline
 62
7
  6
CONTINUOUS
 70
0
 71
3
 72
18
 73
14
 74
0
 42
0.0000001
 43
0.0000001
 44
0.0000000001
 40
0.0
 40
0.0
 40
0.0
 40
0.0
 40
0.2277543188
 40
0.4286118406
 40
0.6009135555
 40
0.7433259988
 40
0.8550284802
 40
0.8991228944
 40
0.9352738445
 40
0.9634429981
 40
0.9836001698
 40
0.9957342415
 40
1.0
 40
1.0
 40
1.0
 40
1.0
 10
65.98765322
 20
231.1485513806
 30
0.0
 10
66.0072228205
 20
231.1609055674
 30
0.0
 10
66.0440805125
 20
231.1841087797
 30
0.0
 10
66.0958093267
 20
231.2165496479
 30
0.0
 10
66.1402086483
 20
231.2443655156
 30
0.0
 10
66.1768824125
 20
231.2674211169
 30
0.0
 10
66.2025017299
 20
231.2836507039
 30
0.0
 10
66.2188569275
 20
231.2942075983
 30
0.0
 10
66.2281483821
 20
231.3002747784
 30
0.0
 10
66.2350630355
 20
231.305004227
 30
0.0
 10
66.2405554165
 20
231.3086874345
 30
0.0
 10
66.2426760487
 20
231.3106903158
 30
0.0
 10
66.2447677799
 20
231.3121218395
 30
0.0
 10
66.2445119993
 20
231.3124717866
 30
0.0
  0
LINE
  5
ED8
100
AcDbEntity
  8
RUNDUNGEN
100
AcDbLine
 62
7
  6
CONTINUOUS
 10
62.0568281621
 20
209.9476721081
 11
62.4568281621
 21
210.3476721081
  0
LINE
  5
ED9
100
AcDbEntity
  8
RUNDUNGEN
100
AcDbLine
 62
7
  6
CONTINUOUS
 10
67.3568281621
 20
209.9476721081
 11
67.7568281621
 21
210.3476721081
  0
LINE
  5
EDA
100
AcDbEntity
  8
RUNDUNGEN
100
AcDbLine
 62
7
  6
CONTINUOUS
 10
67.3568281621
 20
206.7476721081
 11
67.7568281621
 21
207.1476721081
  0
SPLINE
  5
EDB
100
AcDbEntity
  8
BEZUGSACHSEN
100
AcDbSpline
 62
7
  6
CONTINUOUS
 70
0
 71
3
 72
18
 73
14
 74
0
 42
0.0000001
 43
0.0000001
 44
0.0000000001
 40
0.0
 40
0.0
 40
0.0
 40
0.0
 40
0.0042647124
 40
0.016396392
 40
0.0365514352
 40
0.064720287
 40
0.1008743192
 40
0.1449764327
 40
0.2567003147
 40
0.3991219162
 40
0.5714075651
 40
0.7722514602
 40
1.0
 40
1.0
 40
1.0
 40
1.0
 10
82.4691446269
 20
231.312471574
 30
0.0
 10
82.4688889094
 20
231.3121217131
 30
0.0
 10
82.4709799188
 20
231.3106903023
 30
0.0
 10
82.4731003699
 20
231.3086877621
 30
0.0
 10
82.4785921818
 20
231.3050047462
 30
0.0
 10
82.4855069204
 20
231.3002753036
 30
0.0
 10
82.4947992981
 20
231.2942075989
 30
0.0
 10
82.5111573555
 20
231.2836491584
 30
0.0
 10
82.5367800756
 20
231.267417732
 30
0.0
 10
82.5734549925
 20
231.2443612869
 30
0.0
 10
82.6178521545
 20
231.2165460103
 30
0.0
 10
82.669577987
 20
231.1841072961
 30
0.0
 10
82.7064340215
 20
231.1609052406
 30
0.0
 10
82.7260031042
 20
231.1485513806
 30
0.0
  0
LINE
  5
EDC
100
AcDbEntity
  8
RUNDUNGEN
100
AcDbLine
 62
7
  6
CONTINUOUS
 10
70.2568281621
 20
206.7476721081
 11
70.6568281621
 21
207.1476721081
  0
LINE
  5
EDD
100
AcDbEntity
  8
RUNDUNGEN
100
AcDbLine
 62
7
  6
CONTINUOUS
 10
78.4568281621
 20
206.7476721081
 11
78.0568281621
 21
207.1476721081
  0
LINE
  5
EDE
100
AcDbEntity
  8
RUNDUNGEN
100
AcDbLine
 62
7
  6
CONTINUOUS
 10
81.3568281621
 20
206.7476721081
 11
80.9568281621
 21
207.1476721081
  0
LINE
  5
EDF
100
AcDbEntity
  8
RUNDUNGEN
100
AcDbLine
 62
7
  6
CONTINUOUS
 10
81.3568281621
 20
209.9476721081
 11
80.9568281621
 21
210.3476721081
  0
LINE
  5
EE0
100
AcDbEntity
  8
RUNDUNGEN
100
AcDbLine
 62
7
  6
CONTINUOUS
 10
86.6568281621
 20
209.9476721081
 11
86.2568281621
 21
210.3476721081
  0
SPLINE
  5
EE1
100
AcDbEntity
  8
0
100
AcDbSpline
 62
7
  6
CONTINUOUS
 70
0
 71
3
 72
10
 73
6
 74
0
 42
0.0000001
 43
0.0000001
 44
0.0000000001
 40
0.0
 40
0.0
 40
0.0
 40
0.0
 40
0.221830069
 40
0.4694663473
 40
1.0
 40
1.0
 40
1.0
 40
1.0
 10
82.8677520627
 20
231.0154112337
 30
0.0
 10
82.918579699
 20
230.9484328554
 30
0.0
 10
83.0125075166
 20
230.7965068597
 30
0.0
 10
83.1826880255
 20
230.4577187292
 30
0.0
 10
83.2944897828
 20
230.1844017089
 30
0.0
 10
83.3691297574
 20
229.9976781494
 30
0.0
  0
SPLINE
  5
EE2
100
AcDbEntity
  8
0
100
AcDbSpline
 62
7
  6
CONTINUOUS
 70
0
 71
3
 72
9
 73
5
 74
0
 42
0.0000001
 43
0.0000001
 44
0.0000000001
 40
0.0
 40
0.0
 40
0.0
 40
0.0
 40
0.4705790103
 40
1.0
 40
1.0
 40
1.0
 40
1.0
 10
82.7260031042
 20
231.1485513806
 30
0.0
 10
82.7535001347
 20
231.1311926487
 30
0.0
 10
82.8066790746
 20
231.0860868011
 30
0.0
 10
82.8517149273
 20
231.0334478579
 30
0.0
 10
82.8737744627
 20
231.004262872
 30
0.0
  0
LINE
  5
EE3
100
AcDbEntity
  8
RUNDUNGEN
100
AcDbLine
 62
7
  6
CONTINUOUS
 10
86.6568281621
 20
224.2676721081
 11
86.2568281621
 21
223.8676721081
  0
LINE
  5
EE4
100
AcDbEntity
  8
RUNDUNGEN
100
AcDbLine
 62
7
  6
CONTINUOUS
 10
62.0568281621
 20
224.2676721081
 11
62.4568281621
 21
223.8676721081
  0
SPLINE
  5
EE5
100
AcDbEntity
  8
0
100
AcDbSpline
 62
7
  6
CONTINUOUS
 70
0
 71
3
 72
9
 73
5
 74
0
 42
0.0000001
 43
0.0000001
 44
0.0000000001
 40
0.0
 40
0.0
 40
0.0
 40
0.0
 40
0.2710506811
 40
1.0
 40
1.0
 40
1.0
 40
1.0
 10
65.8517652934
 20
231.0196539132
 30
0.0
 10
65.8623691074
 20
231.0328896343
 30
0.0
 10
65.9026597707
 20
231.0806389236
 30
0.0
 10
65.9490855049
 20
231.1242037831
 30
0.0
 10
65.98765322
 20
231.1485513806
 30
0.0
  0
SPLINE
  5
EE6
100
AcDbEntity
  8
0
100
AcDbSpline
 62
7
  6
CONTINUOUS
 70
0
 71
3
 72
11
 73
7
 74
0
 42
0.0000001
 43
0.0000001
 44
0.0000000001
 40
0.0
 40
0.0
 40
0.0
 40
0.0
 40
0.2688625558
 40
0.5313525802
 40
0.7790296778
 40
1.0
 40
1.0
 40
1.0
 40
1.0
 10
65.3445267164
 20
229.9976782576
 30
0.0
 10
65.3825798649
 20
230.0928734848
 30
0.0
 10
65.4589046226
 20
230.280552999
 30
0.0
 10
65.5784790588
 20
230.5526155471
 30
0.0
 10
65.7037061997
 20
230.8016848361
 30
0.0
 10
65.7990839049
 20
230.9538968031
 30
0.0
 10
65.8517652934
 20
231.0196539132
 30
0.0
  0
SPLINE
  5
EE7
100
AcDbEntity
  8
0
100
AcDbSpline
 62
7
  6
CONTINUOUS
 70
0
 71
3
 72
9
 73
5
 74
0
 42
0.0000001
 43
0.0000001
 44
0.0000000001
 40
0.0
 40
0.0
 40
0.0
 40
0.0
 40
0.2513988931
 40
1.0
 40
1.0
 40
1.0
 40
1.0
 10
83.3691297574
 20
229.9976781494
 30
0.0
 10
83.4017348491
 20
229.9956334788
 30
0.0
 10
83.5314170406
 20
229.9873256408
 30
0.0
 10
83.6610160306
 20
229.9775424089
 30
0.0
 10
83.7578898866
 20
229.9686593676
 30
0.0
  0
SPLINE
  5
EE8
100
AcDbEntity
  8
0
100
AcDbSpline
 62
7
  6
CONTINUOUS
 70
0
 71
3
 72
11
 73
7
 74
0
 42
0.0000001
 43
0.0000001
 44
0.0000000001
 40
0.0
 40
0.0
 40
0.0
 40
0.0
 40
0.2209708517
 40
0.468649419
 40
0.7311390851
 40
1.0
 40
1.0
 40
1.0
 40
1.0
 10
64.2152500866
 20
229.8350144691
 30
0.0
 10
64.2941719294
 20
229.8645221447
 30
0.0
 10
64.4685595831
 20
229.9075873569
 30
0.0
 10
64.7442819094
 20
229.9487564526
 30
0.0
 10
65.0400807879
 20
229.9773742124
 30
0.0
 10
65.242209209
 20
229.9912616628
 30
0.0
 10
65.3445267164
 20
229.9976782576
 30
0.0
  0
SPLINE
  5
EE9
100
AcDbEntity
  8
0
100
AcDbSpline
 62
7
  6
CONTINUOUS
 70
0
 71
3
 72
9
 73
5
 74
0
 42
0.0000001
 43
0.0000001
 44
0.0000000001
 40
0.0
 40
0.0
 40
0.0
 40
0.0
 40
0.2297642574
 40
1.0
 40
1.0
 40
1.0
 40
1.0
 10
64.0503585506
 20
229.7461839167
 30
0.0
 10
64.0614528642
 20
229.7553410753
 30
0.0
 10
64.1122906508
 20
229.7921257542
 30
0.0
 10
64.1700802781
 20
229.8181261653
 30
0.0
 10
64.2152500866
 20
229.8350144691
 30
0.0
  0
SPLINE
  5
EEA
100
AcDbEntity
  8
0
100
AcDbSpline
 62
9
  6
CONTINUOUS
 70
0
 71
3
 72
10
 73
6
 74
0
 42
0.0000001
 43
0.0000001
 44
0.0000000001
 40
0.0
 40
0.0
 40
0.0
 40
0.0
 40
0.5355159881
 40
0.7808906593
 40
1.0
 40
1.0
 40
1.0
 40
1.0
 10
83.6801486342
 20
230.4273341912
 30
0.0
 10
83.535131509
 20
230.5323090829
 30
0.0
 10
83.323608269
 20
230.6853026915
 30
0.0
 10
83.0528818695
 20
230.8814275399
 30
0.0
 10
82.9272571317
 20
230.9726967095
 30
0.0
 10
82.8677520627
 20
231.0154112337
 30
0.0
  0
SPLINE
  5
EEB
100
AcDbEntity
  8
0
100
AcDbSpline
 62
9
  6
CONTINUOUS
 70
0
 71
3
 72
14
 73
10
 74
0
 42
0.0000001
 43
0.0000001
 44
0.0000000001
 40
0.0
 40
0.0
 40
0.0
 40
0.0
 40
0.2532660207
 40
0.3794898556
 40
0.5052107254
 40
0.6302847195
 40
0.7545858469
 40
0.8778404321
 40
1.0
 40
1.0
 40
1.0
 40
1.0
 10
83.6801486342
 20
230.4273341912
 30
0.0
 10
83.7092190608
 20
230.4062907118
 30
0.0
 10
83.7527528267
 20
230.3747252165
 30
0.0
 10
83.8108157165
 20
230.3328494993
 30
0.0
 10
83.8540224445
 20
230.3014304955
 30
0.0
 10
83.896873726
 20
230.2699805282
 30
0.0
 10
83.9404155883
 20
230.2400958526
 30
0.0
 10
83.9820890925
 20
230.2083132321
 30
0.0
 10
84.0084313603
 20
230.1855433566
 30
0.0
 10
84.0223946988
 20
230.1753131123
 30
0.0
  0
SPLINE
  5
EEC
100
AcDbEntity
  8
0
100
AcDbSpline
 62
7
  6
CONTINUOUS
 70
0
 71
3
 72
13
 73
9
 74
0
 42
0.0000001
 43
0.0000001
 44
0.0000000001
 40
0.0
 40
0.0
 40
0.0
 40
0.0
 40
0.2390703831
 40
0.5035740919
 40
0.6186256789
 40
0.7672689984
 40
0.9127990237
 40
1.0
 40
1.0
 40
1.0
 40
1.0
 10
71.6921654539
 20
190.7876897807
 30
0.0
 10
71.8255777657
 20
190.8713447696
 30
0.0
 10
72.1771314785
 20
191.0240515331
 30
0.0
 10
72.5645626225
 20
191.2851421929
 30
0.0
 10
72.7051602002
 20
191.6509970303
 30
0.0
 10
72.6723373086
 20
191.9709277076
 30
0.0
 10
72.4329947417
 20
192.1572068153
 30
0.0
 10
72.2574623741
 20
192.1781191874
 30
0.0
 10
72.1935533594
 20
192.1696721081
 30
0.0
  0
SPLINE
  5
EED
100
AcDbEntity
  8
0
100
AcDbSpline
 62
7
  6
CONTINUOUS
 70
0
 71
3
 72
13
 73
9
 74
0
 42
0.0000001
 43
0.0000001
 44
0.0000000001
 40
0.0
 40
0.0
 40
0.0
 40
0.0
 40
0.0068353686
 40
0.1626218775
 40
0.4226026764
 40
0.5933649796
 40
0.8674693739
 40
1.0
 40
1.0
 40
1.0
 40
1.0
 10
71.6425260027
 20
191.7856721081
 30
0.0
 10
71.6443237884
 20
191.7849141432
 30
0.0
 10
71.6863951641
 20
191.7654711851
 30
0.0
 10
71.7525113759
 20
191.6316060535
 30
0.0
 10
71.6969745148
 20
191.4604522004
 30
0.0
 10
71.584790489
 20
191.2759576886
 30
0.0
 10
71.4071710833
 20
191.2283571674
 30
0.0
 10
71.2848054278
 20
191.2145084011
 30
0.0
 10
71.2481872679
 20
191.2096721081
 30
0.0
  0
LINE
  5
EEE
100
AcDbEntity
  8
RUNDUNGEN
100
AcDbLine
 62
9
  6
CONTINUOUS
 10
84.4444481497
 20
235.019942454
 11
84.5736235751
 21
235.1034310688
  0
LINE
  5
EEF
100
AcDbEntity
  8
RUNDUNGEN
100
AcDbLine
 62
9
  6
CONTINUOUS
 10
64.1400327491
 20
235.1034310688
 11
64.2692081745
 21
235.019942454
  0
LINE
  5
EF0
100
AcDbEntity
  8
RUNDUNGEN
100
AcDbLine
 62
9
  6
CONTINUOUS
 10
63.818671035
 20
233.7654933741
 11
63.945787285
 21
233.6799449751
  0
LINE
  5
EF1
100
AcDbEntity
  8
RUNDUNGEN
100
AcDbLine
 62
9
  6
CONTINUOUS
 10
61.6644664728
 20
237.444002291
 11
61.6727413738
 21
237.2819881826
  0
LINE
  5
EF2
100
AcDbEntity
  8
RUNDUNGEN
100
AcDbLine
 62
9
  6
CONTINUOUS
 10
63.0678921985
 20
237.1006827605
 11
63.0789950694
 21
236.9412022387
  0
LINE
  5
EF3
100
AcDbEntity
  8
RUNDUNGEN
100
AcDbLine
 62
9
  6
CONTINUOUS
 10
84.7678690394
 20
233.679944975
 11
84.8949852893
 21
233.7654933741
  0
LINE
  5
EF4
100
AcDbEntity
  8
RUNDUNGEN
100
AcDbLine
 62
9
  6
CONTINUOUS
 10
85.6346612548
 20
236.9412022387
 11
85.643924985
 21
237.0741513671
  0
LINE
  5
EF5
100
AcDbEntity
  8
RUNDUNGEN
100
AcDbLine
 62
9
  6
CONTINUOUS
 10
85.643924985
 20
237.0741513671
 11
85.6457641257
 21
237.1006827605
  0
LINE
  5
EF6
100
AcDbEntity
  8
RUNDUNGEN
100
AcDbLine
 62
9
  6
CONTINUOUS
 10
87.0409149504
 20
237.2819881826
 11
87.0491898514
 21
237.444002291
  0
SPLINE
  5
EF7
100
AcDbEntity
  8
0
100
AcDbSpline
 62
7
  6
CONTINUOUS
 70
0
 71
3
 72
16
 73
12
 74
0
 42
0.0000001
 43
0.0000001
 44
0.0000000001
 40
0.0
 40
0.0
 40
0.0
 40
0.0
 40
0.0941270453
 40
0.2230962277
 40
0.3040761536
 40
0.4420744828
 40
0.5737968417
 40
0.7210985218
 40
0.83887147
 40
0.9466790919
 40
1.0
 40
1.0
 40
1.0
 40
1.0
 10
64.1622749058
 20
257.0889197456
 30
0.0
 10
60.8549653722
 20
257.6057486892
 30
0.0
 10
53.3322904903
 20
255.4090042233
 30
0.0
 10
37.5272736135
 20
256.4171099821
 30
0.0
 10
41.0013836072
 20
241.0504424539
 30
0.0
 10
41.1449731243
 20
228.9659910528
 30
0.0
 10
35.3962141386
 20
213.6778156898
 30
0.0
 10
39.3788174723
 20
199.7560871492
 30
0.0
 10
34.13698524
 20
183.6858345372
 30
0.0
 10
46.1032139899
 20
179.7476387468
 30
0.0
 10
52.2171005916
 20
178.7332518591
 30
0.0
 10
54.1884594614
 20
178.5040484862
 30
0.0
  0
SPLINE
  5
EF8
100
AcDbEntity
  8
0
100
AcDbSpline
 62
7
  6
CONTINUOUS
 70
0
 71
3
 72
15
 73
11
 74
0
 42
0.0000001
 43
0.0000001
 44
0.0000000001
 40
0.0
 40
0.0
 40
0.0
 40
0.0
 40
0.187839851
 40
0.2873003689
 40
0.425003065
 40
0.5608417748
 40
0.6823300724
 40
0.8421189908
 40
0.9436550291
 40
1.0
 40
1.0
 40
1.0
 40
1.0
 10
83.7839584086
 20
178.1332289052
 30
0.0
 10
90.5612371333
 20
177.2722798493
 30
0.0
 10
101.5072742074
 20
173.5330867052
 30
0.0
 10
112.0457779794
 20
187.1443613524
 30
0.0
 10
107.4583036011
 20
200.3077518878
 30
0.0
 10
111.1720189563
 20
213.8471200047
 30
0.0
 10
106.0586753412
 20
228.1896140222
 30
0.0
 10
110.0491258142
 20
240.548578993
 30
0.0
 10
108.4405984012
 20
253.468570084
 30
0.0
 10
103.4957441954
 20
255.3413565952
 30
0.0
 10
101.510113611
 20
255.6955675879
 30
0.0
  0
SPLINE
  5
EF9
100
AcDbEntity
  8
0
100
AcDbSpline
 62
7
  6
CONTINUOUS
 70
0
 71
3
 72
9
 73
5
 74
0
 42
0.0000001
 43
0.0000001
 44
0.0000000001
 40
0.0
 40
0.0
 40
0.0
 40
0.0
 40
0.3565350095
 40
1.0
 40
1.0
 40
1.0
 40
1.0
 10
54.1884594614
 20
178.5040484862
 30
0.0
 10
57.7478177434
 20
178.0902136762
 30
0.0
 10
67.2568498674
 20
177.9030868545
 30
0.0
 10
77.0877761168
 20
178.9838759062
 30
0.0
 10
83.7839584086
 20
178.1332289052
 30
0.0
  0
SPLINE
  5
EFA
100
AcDbEntity
  8
0
100
AcDbSpline
 62
7
  6
CONTINUOUS
 70
0
 71
3
 72
11
 73
7
 74
0
 42
0.0000001
 43
0.0000001
 44
0.0000000001
 40
0.0
 40
0.0
 40
0.0
 40
0.0
 40
0.1911448339
 40
0.4171941523
 40
0.8636466171
 40
1.0
 40
1.0
 40
1.0
 40
1.0
 10
101.510113611
 20
255.6955675879
 30
0.0
 10
99.1081767827
 20
256.1240422674
 30
0.0
 10
93.1601948801
 20
256.0559034837
 30
0.0
 10
83.019830905
 20
256.0099957713
 30
0.0
 10
72.7310574329
 20
254.3277075784
 30
0.0
 10
65.761643974
 20
256.8389884291
 30
0.0
 10
64.1622749058
 20
257.0889197456
 30
0.0
  0
SPLINE
  5
EFB
100
AcDbEntity
  8
0
100
AcDbSpline
 62
3
  6
CONTINUOUS
 70
0
 71
3
 72
9
 73
5
 74
0
 42
0.0000001
 43
0.0000001
 44
0.0000000001
 40
0.0
 40
0.0
 40
0.0
 40
0.0
 40
0.5
 40
1.0
 40
1.0
 40
1.0
 40
1.0
 10
87.947367383
 20
217.739182646
 30
0.0
 10
87.9629033999
 20
217.676739767
 30
0.0
 10
87.9803305412
 20
217.5476721081
 30
0.0
 10
87.9629033999
 20
217.4186044492
 30
0.0
 10
87.947367383
 20
217.3561615702
 30
0.0
  0
SPLINE
  5
EFC
100
AcDbEntity
  8
0
100
AcDbSpline
 62
3
  6
CONTINUOUS
 70
0
 71
3
 72
9
 73
5
 74
0
 42
0.0000001
 43
0.0000001
 44
0.0000000001
 40
0.0
 40
0.0
 40
0.0
 40
0.0
 40
0.5
 40
1.0
 40
1.0
 40
1.0
 40
1.0
 10
60.7662889413
 20
217.3561615702
 30
0.0
 10
60.7507529243
 20
217.4186044492
 30
0.0
 10
60.733325783
 20
217.5476721081
 30
0.0
 10
60.7507529243
 20
217.676739767
 30
0.0
 10
60.7662889413
 20
217.739182646
 30
0.0
  0
LINE
  5
EFD
100
AcDbEntity
  8
0
100
AcDbLine
 62
7
  6
CONTINUOUS
 10
214.0868952379
 20
249.9093916508
 11
214.2177854862
 21
249.7595683904
  0
SPLINE
  5
EFE
100
AcDbEntity
  8
RUNDUNGEN
100
AcDbSpline
 62
7
  6
CONTINUOUS
 70
0
 71
3
 72
14
 73
10
 74
0
 42
0.0000001
 43
0.0000001
 44
0.0000000001
 40
0.0
 40
0.0
 40
0.0
 40
0.0
 40
0.0162643585
 40
0.0641216145
 40
0.1433935651
 40
0.2538234604
 40
0.3951459827
 40
0.5670633889
 40
1.0
 40
1.0
 40
1.0
 40
1.0
 10
214.2076507826
 20
239.7785107635
 30
0.0
 10
214.207424133
 20
239.7785107635
 30
0.0
 10
214.2076536033
 20
239.777105884
 30
0.0
 10
214.207102258
 20
239.7756150136
 30
0.0
 10
214.2069840835
 20
239.7720384847
 30
0.0
 10
214.2064928766
 20
239.7675667322
 30
0.0
 10
214.2060186793
 20
239.7616370348
 30
0.0
 10
214.2051210928
 20
239.751299125
 30
0.0
 10
214.2044069394
 20
239.7428908439
 30
0.0
 10
214.2038791351
 20
239.7368808499
 30
0.0
  0
SPLINE
  5
EFF
100
AcDbEntity
  8
RUNDUNGEN
100
AcDbSpline
 62
7
  6
CONTINUOUS
 70
0
 71
3
 72
15
 73
11
 74
0
 42
0.0000001
 43
0.0000001
 44
0.0000000001
 40
0.0
 40
0.0
 40
0.0
 40
0.0
 40
0.1250959313
 40
0.2501463697
 40
0.3751502315
 40
0.5001106877
 40
0.62504221
 40
0.749968145
 40
0.8749441447
 40
1.0
 40
1.0
 40
1.0
 40
1.0
 10
211.8177854862
 20
237.1785014078
 30
0.0
 10
211.963979131
 20
237.1785014078
 30
0.0
 10
212.2571735812
 20
237.2096624964
 30
0.0
 10
212.6773296735
 20
237.3442844539
 30
0.0
 10
213.0631025243
 20
237.5579654977
 30
0.0
 10
213.4018215867
 20
237.8397187687
 30
0.0
 10
213.6847236691
 20
238.1770434232
 30
0.0
 10
213.906793786
 20
238.5568975172
 30
0.0
 10
214.0669751432
 20
238.9664498473
 30
0.0
 10
214.1344847983
 20
239.2517414335
 30
0.0
 10
214.1594530758
 20
239.3957396111
 30
0.0
  0
SPLINE
  5
F00
100
AcDbEntity
  8
RUNDUNGEN
100
AcDbSpline
 62
7
  6
CONTINUOUS
 70
0
 71
3
 72
11
 73
7
 74
0
 42
0.0000001
 43
0.0000001
 44
0.0000000001
 40
0.0
 40
0.0
 40
0.0
 40
0.0
 40
0.2502264651
 40
0.5003199904
 40
0.7502051606
 40
1.0
 40
1.0
 40
1.0
 40
1.0
 10
211.8177854862
 20
238.542067762
 30
0.0
 10
211.9300245631
 20
238.542067762
 30
0.0
 10
212.156416225
 20
238.5871017063
 30
0.0
 10
212.4470912415
 20
238.7690789732
 30
0.0
 10
212.662597641
 20
239.034466356
 30
0.0
 10
212.7472055897
 20
239.2456763282
 30
0.0
 10
212.7752239527
 20
239.3541620827
 30
0.0
  0
SPLINE
  5
F01
100
AcDbEntity
  8
RUNDUNGEN
100
AcDbSpline
 62
7
  6
CONTINUOUS
 70
0
 71
3
 72
15
 73
11
 74
0
 42
0.0000001
 43
0.0000001
 44
0.0000000001
 40
0.0
 40
0.0
 40
0.0
 40
0.0
 40
0.3614810956
 40
0.5294553111
 40
0.6792130111
 40
0.8050373021
 40
0.9023434988
 40
0.9680197485
 40
0.9882787894
 40
1.0
 40
1.0
 40
1.0
 40
1.0
 10
212.7752393401
 20
239.3541679569
 30
0.0
 10
212.7881235903
 20
239.4040551544
 30
0.0
 10
212.8038352452
 20
239.4780087763
 30
0.0
 10
212.8174224596
 20
239.5738832531
 30
0.0
 10
212.823851068
 20
239.6367931278
 30
0.0
 10
212.8275017017
 20
239.6898271602
 30
0.0
 10
212.8295534059
 20
239.7309332437
 30
0.0
 10
212.8305188431
 20
239.7570531667
 30
0.0
 10
212.8314710333
 20
239.7709219392
 30
0.0
 10
212.831899731
 20
239.7754811434
 30
0.0
 10
212.8322861867
 20
239.7771065292
 30
0.0
  0
SPLINE
  5
F02
100
AcDbEntity
  8
RUNDUNGEN
100
AcDbSpline
 62
9
  6
CONTINUOUS
 70
0
 71
3
 72
11
 73
7
 74
0
 42
0.0000001
 43
0.0000001
 44
0.0000000001
 40
0.0
 40
0.0
 40
0.0
 40
0.0
 40
0.2504949085
 40
0.5009252427
 40
0.7511337583
 40
1.0
 40
1.0
 40
1.0
 40
1.0
 10
214.1594529201
 20
239.3957404399
 30
0.0
 10
214.0438120111
 20
239.3948161452
 30
0.0
 10
213.8125647577
 20
239.39230134
 30
0.0
 10
213.4658507264
 20
239.3854985665
 30
0.0
 10
213.120042142
 20
239.3727136595
 30
0.0
 10
212.8899979126
 20
239.3597180683
 30
0.0
 10
212.7752393401
 20
239.3541679569
 30
0.0
  0
SPLINE
  5
F03
100
AcDbEntity
  8
0
100
AcDbSpline
 62
7
  6
CONTINUOUS
 70
0
 71
3
 72
19
 73
15
 74
0
 42
0.0000001
 43
0.0000001
 44
0.0000000001
 40
0.0
 40
0.0
 40
0.0
 40
0.0
 40
0.0229672195
 40
0.0479203546
 40
0.0774635493
 40
0.1131140325
 40
0.1556051151
 40
0.2051500844
 40
0.2616852754
 40
0.3249156896
 40
0.4696213685
 40
0.634538483
 40
0.8136244118
 40
1.0
 40
1.0
 40
1.0
 40
1.0
 10
214.2177854862
 20
239.7785014078
 30
0.0
 10
214.1853917378
 20
239.7785014078
 30
0.0
 10
214.1170892382
 20
239.7920697659
 30
0.0
 10
214.0240757801
 20
239.8530541272
 30
0.0
 10
213.9403120591
 20
239.9501200614
 30
0.0
 10
213.8635669847
 20
240.0818233547
 30
0.0
 10
213.7929970049
 20
240.2478667139
 30
0.0
 10
213.728305985
 20
240.4473829712
 30
0.0
 10
213.6695614625
 20
240.678977007
 30
0.0
 10
213.5958941837
 20
241.0447660534
 30
0.0
 10
213.5230146669
 20
241.5659988365
 30
0.0
 10
213.4623608514
 20
242.2527968768
 30
0.0
 10
213.4258592527
 20
243.000134269
 30
0.0
 10
213.4177854862
 20
243.5156309317
 30
0.0
 10
213.4177854862
 20
243.7785014078
 30
0.0
  0
SPLINE
  5
F04
100
AcDbEntity
  8
0
100
AcDbSpline
 62
7
  6
CONTINUOUS
 70
0
 71
3
 72
18
 73
14
 74
0
 42
0.0000001
 43
0.0000001
 44
0.0000000001
 40
0.0
 40
0.0
 40
0.0
 40
0.0
 40
0.0085244556
 40
0.0254397354
 40
0.0513739087
 40
0.0861492455
 40
0.1294148855
 40
0.1806961146
 40
0.3051657577
 40
0.4549118781
 40
0.6247205814
 40
0.808670927
 40
1.0
 40
1.0
 40
1.0
 40
1.0
 10
160.3071521696
 20
194.3938317914
 30
0.0
 10
160.3071521696
 20
194.3961686689
 30
0.0
 10
160.3013084237
 20
194.4017369816
 30
0.0
 10
160.2898064812
 20
194.4086177602
 30
0.0
 10
160.2702501021
 20
194.4179160344
 30
0.0
 10
160.2439056685
 20
194.4284397104
 30
0.0
 10
160.210436406
 20
194.4403134053
 30
0.0
 10
160.1532207118
 20
194.4584642932
 30
0.0
 10
160.066971827
 20
194.4815924215
 30
0.0
 10
159.9478517029
 20
194.5068764645
 30
0.0
 10
159.8113657619
 20
194.527999515
 30
0.0
 10
159.6625118669
 20
194.5420691844
 30
0.0
 10
159.5596027457
 20
194.545342889
 30
0.0
 10
159.5071521696
 20
194.545342889
 30
0.0
  0
SPLINE
  5
F05
100
AcDbEntity
  8
02___PRT_ALL_AXES
100
AcDbSpline
 62
7
  6
CONTINUOUS
 70
0
 71
3
 72
16
 73
12
 74
0
 42
0.0000001
 43
0.0000001
 44
0.0000000001
 40
0.0
 40
0.0
 40
0.0
 40
0.0
 40
0.1822060816
 40
0.3361126745
 40
0.4779619808
 40
0.6165730705
 40
0.7516893393
 40
0.8697969998
 40
0.9553617204
 40
0.9828173542
 40
1.0
 40
1.0
 40
1.0
 40
1.0
 10
174.4071521696
 20
206.5343927796
 30
0.0
 10
174.3257746093
 20
206.5343927796
 30
0.0
 10
174.1752433529
 20
206.5486766713
 30
0.0
 10
173.9688371001
 20
206.6076477213
 30
0.0
 10
173.7947745691
 20
206.6951959218
 30
0.0
 10
173.6400819416
 20
206.7981884492
 30
0.0
 10
173.5018307465
 20
206.9056200894
 30
0.0
 10
173.380016169
 20
206.9951527137
 30
0.0
 10
173.290120312
 20
207.0475222717
 30
0.0
 10
173.2347353517
 20
207.0658913367
 30
0.0
 10
173.214826347
 20
207.0687167513
 30
0.0
 10
173.2071521696
 20
207.0687167513
 30
0.0
  0
SPLINE
  5
F06
100
AcDbEntity
  8
0
100
AcDbSpline
 62
7
  6
CONTINUOUS
 70
0
 71
3
 72
9
 73
5
 74
0
 42
0.0000001
 43
0.0000001
 44
0.0000000001
 40
0.0
 40
0.0
 40
0.0
 40
0.0
 40
0.4885312812
 40
1.0
 40
1.0
 40
1.0
 40
1.0
 10
176.0071521696
 20
205.2735755739
 30
0.0
 10
176.0071521696
 20
205.3194120819
 30
0.0
 10
176.0250911844
 20
205.4139559568
 30
0.0
 10
176.0746742042
 20
205.4958933166
 30
0.0
 10
176.1053617187
 20
205.5327875399
 30
0.0
  0
SPLINE
  5
F07
100
AcDbEntity
  8
RUNDUNGEN
100
AcDbSpline
 62
7
  6
CONTINUOUS
 70
0
 71
3
 72
14
 73
10
 74
0
 42
0.0000001
 43
0.0000001
 44
0.0000000001
 40
0.0
 40
0.0
 40
0.0
 40
0.0
 40
0.2498864293
 40
0.3748657477
 40
0.4999390364
 40
0.6249101177
 40
0.749762269
 40
0.8747434842
 40
1.0
 40
1.0
 40
1.0
 40
1.0
 10
174.4071521696
 20
207.7952099854
 30
0.0
 10
174.4071521696
 20
207.8318904793
 30
0.0
 10
174.4062274145
 20
207.8869117263
 30
0.0
 10
174.4069460644
 20
207.9603052668
 30
0.0
 10
174.4092079382
 20
208.0153071616
 30
0.0
 10
174.4109118404
 20
208.0703278668
 30
0.0
 10
174.4089074368
 20
208.1253559067
 30
0.0
 10
174.4043591957
 20
208.1802017509
 30
0.0
 10
174.4048827233
 20
208.2171143212
 30
0.0
 10
174.4070622541
 20
208.2353709178
 30
0.0
  0
SPLINE
  5
F08
100
AcDbEntity
  8
RUNDUNGEN
100
AcDbSpline
 62
7
  6
CONTINUOUS
 70
0
 71
3
 72
13
 73
9
 74
0
 42
0.0000001
 43
0.0000001
 44
0.0000000001
 40
0.0
 40
0.0
 40
0.0
 40
0.0
 40
0.3004637265
 40
0.5738529989
 40
0.6950130108
 40
0.8048650503
 40
0.9052050704
 40
1.0
 40
1.0
 40
1.0
 40
1.0
 10
174.9071521696
 20
210.555830889
 30
0.0
 10
174.8428951153
 20
210.555830889
 30
0.0
 10
174.7197416261
 20
210.5415185083
 30
0.0
 10
174.5788883208
 20
210.4868775368
 30
0.0
 10
174.4914737195
 20
210.4226189442
 30
0.0
 10
174.4439740855
 20
210.3691606287
 30
0.0
 10
174.4140758122
 20
210.3102655261
 30
0.0
 10
174.4071521696
 20
210.2682729576
 30
0.0
 10
174.4071521696
 20
210.2480001513
 30
0.0
  0
SPLINE
  5
F09
100
AcDbEntity
  8
RUNDUNGEN
100
AcDbSpline
 62
9
  6
CONTINUOUS
 70
0
 71
3
 72
9
 73
5
 74
0
 42
0.0000001
 43
0.0000001
 44
0.0000000001
 40
0.0
 40
0.0
 40
0.0
 40
0.0
 40
0.5214386768
 40
1.0
 40
1.0
 40
1.0
 40
1.0
 10
173.874265517
 20
207.4119344544
 30
0.0
 10
173.8554147592
 20
207.4986703171
 30
0.0
 10
173.8100623467
 20
207.6628956767
 30
0.0
 10
173.7594843557
 20
207.8255174452
 30
0.0
 10
173.7401368819
 20
207.9046485522
 30
0.0
  0
SPLINE
  5
F0A
100
AcDbEntity
  8
RUNDUNGEN
100
AcDbSpline
 62
7
  6
CONTINUOUS
 70
0
 71
3
 72
13
 73
9
 74
0
 42
0.0000001
 43
0.0000001
 44
0.0000000001
 40
0.0
 40
0.0
 40
0.0
 40
0.0
 40
0.1095388957
 40
0.226541908
 40
0.3505165187
 40
0.4784208243
 40
0.7386204137
 40
1.0
 40
1.0
 40
1.0
 40
1.0
 10
174.4059219564
 20
208.2342220597
 30
0.0
 10
174.4035883222
 20
208.1978619606
 30
0.0
 10
174.389692639
 20
208.1230799458
 30
0.0
 10
174.3467977277
 20
208.0142446173
 30
0.0
 10
174.2891451831
 20
207.9057351049
 30
0.0
 10
174.1966624766
 20
207.7625306599
 30
0.0
 10
174.0619485876
 20
207.5929397533
 30
0.0
 10
173.9390477806
 20
207.4699160862
 30
0.0
 10
173.874265517
 20
207.4119344544
 30
0.0
  0
SPLINE
  5
F0B
100
AcDbEntity
  8
RUNDUNGEN
100
AcDbSpline
 62
7
  6
CONTINUOUS
 70
0
 71
3
 72
11
 73
7
 74
0
 42
0.0000001
 43
0.0000001
 44
0.0000000001
 40
0.0
 40
0.0
 40
0.0
 40
0.0
 40
0.2314823909
 40
0.4761561691
 40
0.7268360025
 40
1.0
 40
1.0
 40
1.0
 40
1.0
 10
173.8741605566
 20
207.4118428434
 30
0.0
 10
173.8300886354
 20
207.3723992306
 30
0.0
 10
173.7386459854
 20
207.2920961761
 30
0.0
 10
173.5883468912
 20
207.1821577934
 30
0.0
 10
173.4114890372
 20
207.0938859458
 30
0.0
 10
173.276947063
 20
207.0687167513
 30
0.0
 10
173.2071521696
 20
207.0687167513
 30
0.0
  0
SPLINE
  5
F0C
100
AcDbEntity
  8
0
100
AcDbSpline
 62
7
  6
CONTINUOUS
 70
0
 71
3
 72
9
 73
5
 74
0
 42
0.0000001
 43
0.0000001
 44
0.0000000001
 40
0.0
 40
0.0
 40
0.0
 40
0.0
 40
0.5114687188
 40
1.0
 40
1.0
 40
1.0
 40
1.0
 10
176.1053617187
 20
208.7968152252
 30
0.0
 10
176.0746742042
 20
208.8337094485
 30
0.0
 10
176.0250911844
 20
208.9156468082
 30
0.0
 10
176.0071521696
 20
209.0101906832
 30
0.0
 10
176.0071521696
 20
209.0560271912
 30
0.0
  0
SPLINE
  5
F0D
100
AcDbEntity
  8
RUNDUNGEN
100
AcDbSpline
 62
7
  6
CONTINUOUS
 70
0
 71
3
 72
10
 73
6
 74
0
 42
0.0000001
 43
0.0000001
 44
0.0000000001
 40
0.0
 40
0.0
 40
0.0
 40
0.0
 40
0.5002581354
 40
0.7499848151
 40
1.0
 40
1.0
 40
1.0
 40
1.0
 10
174.4071521696
 20
208.2613202693
 30
0.0
 10
174.4071509362
 20
208.2569850117
 30
0.0
 10
174.406158546
 20
208.2505180639
 30
0.0
 10
174.4063742481
 20
208.241841519
 30
0.0
 10
174.4072010291
 20
208.2375331108
 30
0.0
 10
174.4070622541
 20
208.2353709178
 30
0.0
  0
SPLINE
  5
F0E
100
AcDbEntity
  8
RUNDUNGEN
100
AcDbSpline
 62
9
  6
CONTINUOUS
 70
0
 71
3
 72
13
 73
9
 74
0
 42
0.0000001
 43
0.0000001
 44
0.0000000001
 40
0.0
 40
0.0
 40
0.0
 40
0.0
 40
0.2688798642
 40
0.5263455289
 40
0.6496169463
 40
0.7689859735
 40
0.8854275098
 40
1.0
 40
1.0
 40
1.0
 40
1.0
 10
209.4420516663
 20
237.2819882523
 30
0.0
 10
209.5682758958
 20
237.278280273
 30
0.0
 10
209.8160879348
 20
237.2315616302
 30
0.0
 10
210.086357087
 20
237.0755861276
 30
0.0
 10
210.2492833136
 20
236.9044961516
 30
0.0
 10
210.3391845127
 20
236.7602892912
 30
0.0
 10
210.3945329572
 20
236.6039626343
 30
0.0
 10
210.4071521696
 20
236.4950870709
 30
0.0
 10
210.4071521696
 20
236.4412784193
 30
0.0
  0
LINE
  5
F0F
100
AcDbEntity
  8
RUNDUNGEN
100
AcDbLine
 62
9
  6
CONTINUOUS
 10
205.4071521696
 20
237.444002291
 11
209.4420516663
 21
237.2819881826
  0
SPLINE
  5
F10
100
AcDbEntity
  8
RUNDUNGEN
100
AcDbSpline
 62
9
  6
CONTINUOUS
 70
0
 71
3
 72
18
 73
14
 74
0
 42
0.0000001
 43
0.0000001
 44
0.0000000001
 40
0.0
 40
0.0
 40
0.0
 40
0.0
 40
0.0041015851
 40
0.0161744945
 40
0.0362402821
 40
0.0642673998
 40
0.1002198194
 40
0.1440607533
 40
0.2552610551
 40
0.3975042392
 40
0.5698340363
 40
0.7710410416
 40
1.0
 40
1.0
 40
1.0
 40
1.0
 10
209.4467993825
 20
237.4404875232
 30
0.0
 10
209.4470162384
 20
237.440488091
 30
0.0
 10
209.4467985803
 20
237.4391412345
 30
0.0
 10
209.4471568066
 20
237.4376989854
 30
0.0
 10
209.4470272494
 20
237.4342495892
 30
0.0
 10
209.4470749048
 20
237.4299241769
 30
0.0
 10
209.446950504
 20
237.4241786065
 30
0.0
 10
209.4466972568
 20
237.4141055941
 30
0.0
 10
209.4460743093
 20
237.3983848304
 30
0.0
 10
209.4448785418
 20
237.3759115684
 30
0.0
 10
209.4435056156
 20
237.3486735865
 30
0.0
 10
209.4423719461
 20
237.3168380304
 30
0.0
 10
209.4420607368
 20
237.2940936365
 30
0.0
 10
209.4420516663
 20
237.2819882523
 30
0.0
  0
SPLINE
  5
F11
100
AcDbEntity
  8
FASEN
100
AcDbSpline
 62
7
  6
CONTINUOUS
 70
0
 71
3
 72
9
 73
5
 74
0
 42
0.0000001
 43
0.0000001
 44
0.0000000001
 40
0.0
 40
0.0
 40
0.0
 40
0.0
 40
0.2500569814
 40
1.0
 40
1.0
 40
1.0
 40
1.0
 10
195.9071521696
 20
238.6632310877
 30
0.0
 10
195.832647875
 20
238.5537130886
 30
0.0
 10
195.5239581752
 20
238.1230460422
 30
0.0
 10
195.1786128843
 20
237.7194526015
 30
0.0
 10
194.9071521696
 20
237.4294200517
 30
0.0
  0
SPLINE
  5
F12
100
AcDbEntity
  8
RUNDUNGEN
100
AcDbSpline
 62
7
  6
CONTINUOUS
 70
0
 71
3
 72
13
 73
9
 74
0
 42
0.0000001
 43
0.0000001
 44
0.0000000001
 40
0.0
 40
0.0
 40
0.0
 40
0.0
 40
0.2581212185
 40
0.5111706251
 40
0.6355455888
 40
0.7581742901
 40
0.8794543687
 40
1.0
 40
1.0
 40
1.0
 40
1.0
 10
182.9071521696
 20
237.0856312163
 30
0.0
 10
183.0371052463
 20
237.0856312163
 30
0.0
 10
183.2968824977
 20
237.132876033
 30
0.0
 10
183.5760973766
 20
237.3053792259
 30
0.0
 10
183.7436759696
 20
237.4952156656
 30
0.0
 10
183.8368371744
 20
237.6570738948
 30
0.0
 10
183.8942122814
 20
237.8326900034
 30
0.0
 10
183.9071521696
 20
237.9548243012
 30
0.0
 10
183.9071521696
 20
238.0155139096
 30
0.0
  0
SPLINE
  5
F13
100
AcDbEntity
  8
RUNDUNGEN
100
AcDbSpline
 62
3
  6
CONTINUOUS
 70
0
 71
3
 72
9
 73
5
 74
0
 42
0.0000001
 43
0.0000001
 44
0.0000000001
 40
0.0
 40
0.0
 40
0.0
 40
0.0
 40
0.4877426585
 40
1.0
 40
1.0
 40
1.0
 40
1.0
 10
174.4072132046
 20
208.6246595798
 30
0.0
 10
174.4072033622
 20
208.5871587143
 30
0.0
 10
174.3952571361
 20
208.509853716
 30
0.0
 10
174.3618908552
 20
208.4395409309
 30
0.0
 10
174.3413105803
 20
208.4059598798
 30
0.0
  0
SPLINE
  5
F14
100
AcDbEntity
  8
RUNDUNGEN
100
AcDbSpline
 62
3
  6
CONTINUOUS
 70
0
 71
3
 72
9
 73
5
 74
0
 42
0.0000001
 43
0.0000001
 44
0.0000000001
 40
0.0
 40
0.0
 40
0.0
 40
0.0
 40
0.2407354466
 40
1.0
 40
1.0
 40
1.0
 40
1.0
 10
174.3413105803
 20
208.4059598798
 30
0.0
 10
174.3350166092
 20
208.3956899409
 30
0.0
 10
174.3074827774
 20
208.3538777827
 30
0.0
 10
174.2750377112
 20
208.3154555527
 30
0.0
 10
174.2489440016
 20
208.2878451809
 30
0.0
  0
SPLINE
  5
F15
100
AcDbEntity
  8
RUNDUNGEN
100
AcDbSpline
 62
3
  6
CONTINUOUS
 70
0
 71
3
 72
10
 73
6
 74
0
 42
0.0000001
 43
0.0000001
 44
0.0000000001
 40
0.0
 40
0.0
 40
0.0
 40
0.0
 40
0.2560273106
 40
0.5148901599
 40
1.0
 40
1.0
 40
1.0
 40
1.0
 10
174.2489440016
 20
208.2878451809
 30
0.0
 10
174.2115277035
 20
208.2482541102
 30
0.0
 10
174.1298692916
 20
208.1747223422
 30
0.0
 10
173.9601762892
 20
208.0462282977
 30
0.0
 10
173.827130475
 20
207.9601959969
 30
0.0
 10
173.7401368819
 20
207.9046485522
 30
0.0
  0
SPLINE
  5
F16
100
AcDbEntity
  8
RUNDUNGEN
100
AcDbSpline
 62
3
  6
CONTINUOUS
 70
0
 71
3
 72
14
 73
10
 74
0
 42
0.0000001
 43
0.0000001
 44
0.0000000001
 40
0.0
 40
0.0
 40
0.0
 40
0.0
 40
0.3386840479
 40
0.5003350195
 40
0.6488652064
 40
0.7781224717
 40
0.8822909229
 40
0.9560200463
 40
1.0
 40
1.0
 40
1.0
 40
1.0
 10
173.7394586851
 20
207.9041665066
 30
0.0
 10
173.679145882
 20
207.8656349236
 30
0.0
 10
173.5936171919
 20
207.8032276703
 30
0.0
 10
173.4845850091
 20
207.7201317501
 30
0.0
 10
173.4099944399
 20
207.6647855585
 30
0.0
 10
173.3425952892
 20
207.6202582824
 30
0.0
 10
173.2852628802
 20
207.5895232052
 30
0.0
 10
173.2412468018
 20
207.5729094664
 30
0.0
 10
173.2164459682
 20
207.5687167513
 30
0.0
 10
173.2071521696
 20
207.5687167513
 30
0.0
  0
SPLINE
  5
F17
100
AcDbEntity
  8
0
100
AcDbSpline
 62
3
  6
CONTINUOUS
 70
0
 71
3
 72
9
 73
5
 74
0
 42
0.0000001
 43
0.0000001
 44
0.0000000001
 40
0.0
 40
0.0
 40
0.0
 40
0.0
 40
0.2549600197
 40
1.0
 40
1.0
 40
1.0
 40
1.0
 10
176.1053617187
 20
209.1046459628
 30
0.0
 10
176.0990715201
 20
209.1122083867
 30
0.0
 10
176.0753161879
 20
209.1426134246
 30
0.0
 10
176.0553753794
 20
209.1760470722
 30
0.0
 10
176.0433365972
 20
209.2021485983
 30
0.0
  0
SPLINE
  5
F18
100
AcDbEntity
  8
RUNDUNGEN
100
AcDbSpline
 62
7
  6
CONTINUOUS
 70
0
 71
3
 72
11
 73
7
 74
0
 42
0.0000001
 43
0.0000001
 44
0.0000000001
 40
0.0
 40
0.0
 40
0.0
 40
0.0
 40
0.2254097489
 40
0.4639069601
 40
0.7224174273
 40
1.0
 40
1.0
 40
1.0
 40
1.0
 10
262.2901871122
 20
236.4987653079
 30
0.0
 10
262.2901871122
 20
236.5300929922
 30
0.0
 10
262.3036676254
 20
236.5951797043
 30
0.0
 10
262.3603637532
 20
236.6804641481
 30
0.0
 10
262.4464212621
 20
236.7476632079
 30
0.0
 10
262.5162177487
 20
236.7763426142
 30
0.0
 10
262.5533790549
 20
236.786703832
 30
0.0
  0
SPLINE
  5
F19
100
AcDbEntity
  8
RUNDUNGEN
100
AcDbSpline
 62
7
  6
CONTINUOUS
 70
0
 71
3
 72
11
 73
7
 74
0
 42
0.0000001
 43
0.0000001
 44
0.0000000001
 40
0.0
 40
0.0
 40
0.0
 40
0.0
 40
0.2775825727
 40
0.5360930399
 40
0.7745902511
 40
1.0
 40
1.0
 40
1.0
 40
1.0
 10
268.0269951695
 20
236.786703832
 30
0.0
 10
268.0641564757
 20
236.7763426142
 30
0.0
 10
268.1339529623
 20
236.7476632079
 30
0.0
 10
268.2200104712
 20
236.6804641481
 30
0.0
 10
268.276706599
 20
236.5951797043
 30
0.0
 10
268.2901871122
 20
236.5300929922
 30
0.0
 10
268.2901871122
 20
236.4987653079
 30
0.0
  0
SPLINE
  5
F1A
100
AcDbEntity
  8
4171
100
AcDbSpline
 62
7
  6
CONTINUOUS
 70
0
 71
3
 72
11
 73
7
 74
0
 42
0.0000001
 43
0.0000001
 44
0.0000000001
 40
0.0
 40
0.0
 40
0.0
 40
0.0
 40
0.2295184315
 40
0.4759298339
 40
0.7347110449
 40
1.0
 40
1.0
 40
1.0
 40
1.0
 10
264.5714985876
 20
236.8000601535
 30
0.0
 10
264.5132020617
 20
236.8406098721
 30
0.0
 10
264.3837155191
 20
236.9126650261
 30
0.0
 10
264.1689868275
 20
236.9897187855
 30
0.0
 10
263.9346215479
 20
237.0372471805
 30
0.0
 10
263.7722668479
 20
237.0479021958
 30
0.0
 10
263.6901871122
 20
237.0479021958
 30
0.0
  0
SPLINE
  5
F1B
100
AcDbEntity
  8
4171
100
AcDbSpline
 62
7
  6
CONTINUOUS
 70
0
 71
3
 72
15
 73
11
 74
0
 42
0.0000001
 43
0.0000001
 44
0.0000000001
 40
0.0
 40
0.0
 40
0.0
 40
0.0
 40
0.1147486783
 40
0.2379722079
 40
0.3673543147
 40
0.5
 40
0.6326456853
 40
0.7620277921
 40
0.8852513217
 40
1.0
 40
1.0
 40
1.0
 40
1.0
 10
264.5714985876
 20
236.8000601535
 30
0.0
 10
264.6190335394
 20
236.7669959377
 30
0.0
 10
264.7246342658
 20
236.7082417756
 30
0.0
 10
264.8997278555
 20
236.6453931876
 30
0.0
 10
265.0908836519
 20
236.6066510152
 30
0.0
 10
265.2901871122
 20
236.5935520367
 30
0.0
 10
265.4894905725
 20
236.6066510152
 30
0.0
 10
265.6806463689
 20
236.6453931876
 30
0.0
 10
265.8557399586
 20
236.7082417756
 30
0.0
 10
265.961340685
 20
236.7669959377
 30
0.0
 10
266.0088756368
 20
236.8000601535
 30
0.0
  0
SPLINE
  5
F1C
100
AcDbEntity
  8
4171
100
AcDbSpline
 62
7
  6
CONTINUOUS
 70
0
 71
3
 72
11
 73
7
 74
0
 42
0.0000001
 43
0.0000001
 44
0.0000000001
 40
0.0
 40
0.0
 40
0.0
 40
0.0
 40
0.2652889551
 40
0.5240701661
 40
0.7704815685
 40
1.0
 40
1.0
 40
1.0
 40
1.0
 10
266.8901871122
 20
237.0479021958
 30
0.0
 10
266.8081073765
 20
237.0479021958
 30
0.0
 10
266.6457526765
 20
237.0372471805
 30
0.0
 10
266.4113873969
 20
236.9897187855
 30
0.0
 10
266.1966587053
 20
236.9126650261
 30
0.0
 10
266.0671721627
 20
236.8406098721
 30
0.0
 10
266.0088756368
 20
236.8000601535
 30
0.0
  0
SPLINE
  5
F1D
100
AcDbEntity
  8
RUNDUNGEN
100
AcDbSpline
 62
7
  6
CONTINUOUS
 70
0
 71
3
 72
11
 73
7
 74
0
 42
0.0000001
 43
0.0000001
 44
0.0000000001
 40
0.0
 40
0.0
 40
0.0
 40
0.0
 40
0.2254097489
 40
0.4639069601
 40
0.7224174273
 40
1.0
 40
1.0
 40
1.0
 40
1.0
 10
268.2901871122
 20
235.9845352201
 30
0.0
 10
268.2901871122
 20
236.0158629044
 30
0.0
 10
268.276706599
 20
236.0809496166
 30
0.0
 10
268.2200104712
 20
236.1662340603
 30
0.0
 10
268.1339529623
 20
236.2334331202
 30
0.0
 10
268.0641564757
 20
236.2621125264
 30
0.0
 10
268.0269951695
 20
236.2724737443
 30
0.0
  0
SPLINE
  5
F1E
100
AcDbEntity
  8
4171
100
AcDbSpline
 62
7
  6
CONTINUOUS
 70
0
 71
3
 72
9
 73
5
 74
0
 42
0.0000001
 43
0.0000001
 44
0.0000000001
 40
0.0
 40
0.0
 40
0.0
 40
0.0
 40
0.4756502674
 40
1.0
 40
1.0
 40
1.0
 40
1.0
 10
266.5964166204
 20
236.451058094
 30
0.0
 10
266.6365732421
 20
236.4789901136
 30
0.0
 10
266.7330133882
 20
236.5206018448
 30
0.0
 10
266.8362631062
 20
236.5336721081
 30
0.0
 10
266.8901871122
 20
236.5336721081
 30
0.0
  0
SPLINE
  5
F1F
100
AcDbEntity
  8
4171
100
AcDbSpline
 62
7
  6
CONTINUOUS
 70
0
 71
3
 72
15
 73
11
 74
0
 42
0.0000001
 43
0.0000001
 44
0.0000000001
 40
0.0
 40
0.0
 40
0.0
 40
0.0
 40
0.1147570518
 40
0.2379648628
 40
0.3673566225
 40
0.5
 40
0.6326433775
 40
0.7620351372
 40
0.8852429482
 40
1.0
 40
1.0
 40
1.0
 40
1.0
 10
263.983957604
 20
236.451058094
 30
0.0
 10
264.0705386314
 20
236.3912177134
 30
0.0
 10
264.2622300458
 20
236.2841175187
 30
0.0
 10
264.5805347825
 20
236.1699311613
 30
0.0
 10
264.9279444443
 20
236.0995514918
 30
0.0
 10
265.2901871122
 20
236.0757117129
 30
0.0
 10
265.6524297801
 20
236.0995514918
 30
0.0
 10
265.9998394419
 20
236.1699311613
 30
0.0
 10
266.3181441786
 20
236.2841175187
 30
0.0
 10
266.509835593
 20
236.3912177134
 30
0.0
 10
266.5964166204
 20
236.451058094
 30
0.0
  0
SPLINE
  5
F20
100
AcDbEntity
  8
4171
100
AcDbSpline
 62
7
  6
CONTINUOUS
 70
0
 71
3
 72
9
 73
5
 74
0
 42
0.0000001
 43
0.0000001
 44
0.0000000001
 40
0.0
 40
0.0
 40
0.0
 40
0.0
 40
0.5243497326
 40
1.0
 40
1.0
 40
1.0
 40
1.0
 10
263.6901871122
 20
236.5336721081
 30
0.0
 10
263.7441111182
 20
236.5336721081
 30
0.0
 10
263.8473608362
 20
236.5206018448
 30
0.0
 10
263.9438009823
 20
236.4789901136
 30
0.0
 10
263.983957604
 20
236.451058094
 30
0.0
  0
SPLINE
  5
F21
100
AcDbEntity
  8
RUNDUNGEN
100
AcDbSpline
 62
7
  6
CONTINUOUS
 70
0
 71
3
 72
9
 73
5
 74
0
 42
0.0000001
 43
0.0000001
 44
0.0000000001
 40
0.0
 40
0.0
 40
0.0
 40
0.0
 40
0.2522273707
 40
1.0
 40
1.0
 40
1.0
 40
1.0
 10
263.5607179045
 20
236.5336721081
 30
0.0
 10
263.5490912996
 20
236.5336721081
 30
0.0
 10
263.5030113893
 20
236.5321359036
 30
0.0
 10
263.45711255
 20
236.5244503455
 30
0.0
 10
263.4239098472
 20
236.515192855
 30
0.0
  0
SPLINE
  5
F22
100
AcDbEntity
  8
RUNDUNGEN
100
AcDbSpline
 62
7
  6
CONTINUOUS
 70
0
 71
3
 72
11
 73
7
 74
0
 42
0.0000001
 43
0.0000001
 44
0.0000000001
 40
0.0
 40
0.0
 40
0.0
 40
0.0
 40
0.2775825727
 40
0.5360930399
 40
0.7745902511
 40
1.0
 40
1.0
 40
1.0
 40
1.0
 10
262.5533790549
 20
236.2724737443
 30
0.0
 10
262.5162177487
 20
236.2621125264
 30
0.0
 10
262.4464212621
 20
236.2334331202
 30
0.0
 10
262.3603637532
 20
236.1662340603
 30
0.0
 10
262.3036676254
 20
236.0809496166
 30
0.0
 10
262.2901871122
 20
236.0158629044
 30
0.0
 10
262.2901871122
 20
235.9845352201
 30
0.0
  0
SPLINE
  5
F23
100
AcDbEntity
  8
RUNDUNGEN
100
AcDbSpline
 62
7
  6
CONTINUOUS
 70
0
 71
3
 72
9
 73
5
 74
0
 42
0.0000001
 43
0.0000001
 44
0.0000000001
 40
0.0
 40
0.0
 40
0.0
 40
0.0
 40
0.247563059
 40
1.0
 40
1.0
 40
1.0
 40
1.0
 10
267.1564643772
 20
236.515192855
 30
0.0
 10
267.1454718115
 20
236.5182577733
 30
0.0
 10
267.1006433088
 20
236.5290698154
 30
0.0
 10
267.0543411976
 20
236.5336721081
 30
0.0
 10
267.0196563199
 20
236.5336721081
 30
0.0
  0
SPLINE
  5
F24
100
AcDbEntity
  8
0
100
AcDbSpline
 62
7
  6
CONTINUOUS
 70
0
 71
3
 72
9
 73
5
 74
0
 42
0.0000001
 43
0.0000001
 44
0.0000000001
 40
0.0
 40
0.0
 40
0.0
 40
0.0
 40
0.2643952013
 40
1.0
 40
1.0
 40
1.0
 40
1.0
 10
258.487619956
 20
222.2963184065
 30
0.0
 10
258.4837355055
 20
222.2877400884
 30
0.0
 10
258.4687953334
 20
222.2554098921
 30
0.0
 10
258.4528031479
 20
222.2235519423
 30
0.0
 10
258.4401871122
 20
222.2005898748
 30
0.0
  0
SPLINE
  5
F25
100
AcDbEntity
  8
0
100
AcDbSpline
 62
7
  6
CONTINUOUS
 70
0
 71
3
 72
9
 73
5
 74
0
 42
0.0000001
 43
0.0000001
 44
0.0000000001
 40
0.0
 40
0.0
 40
0.0
 40
0.0
 40
0.2778845915
 40
1.0
 40
1.0
 40
1.0
 40
1.0
 10
263.5339034453
 20
222.2963184065
 30
0.0
 10
263.5327954101
 20
222.2838817022
 30
0.0
 10
263.5286863254
 20
222.2391384117
 30
0.0
 10
263.5240936161
 20
222.1944344286
 30
0.0
 10
263.5201871122
 20
222.1622242227
 30
0.0
  0
SPLINE
  5
F26
100
AcDbEntity
  8
0
100
AcDbSpline
 62
7
  6
CONTINUOUS
 70
0
 71
3
 72
9
 73
5
 74
0
 42
0.0000001
 43
0.0000001
 44
0.0000000001
 40
0.0
 40
0.0
 40
0.0
 40
0.0
 40
0.2709667551
 40
1.0
 40
1.0
 40
1.0
 40
1.0
 10
269.565341967
 20
222.2963184065
 30
0.0
 10
269.5681758623
 20
222.2858019846
 30
0.0
 10
269.578881398
 20
222.2470605468
 30
0.0
 10
269.5906179799
 20
222.2085870014
 30
0.0
 10
269.6001871122
 20
222.1808898086
 30
0.0
  0
SPLINE
  5
F27
100
AcDbEntity
  8
0
100
AcDbSpline
 62
7
  6
CONTINUOUS
 70
0
 71
3
 72
9
 73
5
 74
0
 42
0.0000001
 43
0.0000001
 44
0.0000000001
 40
0.0
 40
0.0
 40
0.0
 40
0.0
 40
0.2806434399
 40
1.0
 40
1.0
 40
1.0
 40
1.0
 10
264.5349951609
 20
222.2963184065
 30
0.0
 10
264.5338020129
 20
222.2829263872
 30
0.0
 10
264.5294090879
 20
222.2352211675
 30
0.0
 10
264.5244680092
 20
222.1875589144
 30
0.0
 10
264.5201871122
 20
222.1533628965
 30
0.0
  0
SPLINE
  5
F28
100
AcDbEntity
  8
0
100
AcDbSpline
 62
7
  6
CONTINUOUS
 70
0
 71
3
 72
9
 73
5
 74
0
 42
0.0000001
 43
0.0000001
 44
0.0000000001
 40
0.0
 40
0.0
 40
0.0
 40
0.0
 40
0.278279867
 40
1.0
 40
1.0
 40
1.0
 40
1.0
 10
268.5553987299
 20
222.2963184065
 30
0.0
 10
268.559015093
 20
222.2828982916
 30
0.0
 10
268.572410949
 20
222.2347898232
 30
0.0
 10
268.5874227518
 20
222.1870739463
 30
0.0
 10
268.6001871122
 20
222.1533628965
 30
0.0
  0
SPLINE
  5
F29
100
AcDbEntity
  8
0
100
AcDbSpline
 62
7
  6
CONTINUOUS
 70
0
 71
3
 72
9
 73
5
 74
0
 42
0.0000001
 43
0.0000001
 44
0.0000000001
 40
0.0
 40
0.0
 40
0.0
 40
0.0
 40
0.2566370011
 40
1.0
 40
1.0
 40
1.0
 40
1.0
 10
273.6407329144
 20
222.2963184065
 30
0.0
 10
273.6439931082
 20
222.2913104977
 30
0.0
 10
273.6568020347
 20
222.2718659764
 30
0.0
 10
273.6700492477
 20
222.2527082658
 30
0.0
 10
273.6801871122
 20
222.2386791929
 30
0.0
  0
SPLINE
  5
F2A
100
AcDbEntity
  8
0
100
AcDbSpline
 62
7
  6
CONTINUOUS
 70
0
 71
3
 72
9
 73
5
 74
0
 42
0.0000001
 43
0.0000001
 44
0.0000000001
 40
0.0
 40
0.0
 40
0.0
 40
0.0
 40
0.274426517
 40
1.0
 40
1.0
 40
1.0
 40
1.0
 10
259.515449333
 20
222.2963184065
 30
0.0
 10
259.5093506837
 20
222.2828503102
 30
0.0
 10
259.4865286005
 20
222.2340625886
 30
0.0
 10
259.4611711762
 20
222.1863429359
 30
0.0
 10
259.4401871122
 20
222.1533628965
 30
0.0
  0
SPLINE
  5
F2B
100
AcDbEntity
  8
0
100
AcDbSpline
 62
7
  6
CONTINUOUS
 70
0
 71
3
 72
9
 73
5
 74
0
 42
0.0000001
 43
0.0000001
 44
0.0000000001
 40
0.0
 40
0.0
 40
0.0
 40
0.0
 40
0.5038174962
 40
1.0
 40
1.0
 40
1.0
 40
1.0
 10
266.9004963632
 20
237.5923265447
 30
0.0
 10
266.9177771732
 20
237.6069185472
 30
0.0
 10
266.9575436334
 20
237.6304389933
 30
0.0
 10
267.0033092894
 20
237.6359958052
 30
0.0
 10
267.0255690942
 20
237.635179065
 30
0.0
  0
SPLINE
  5
F2C
100
AcDbEntity
  8
RUNDUNGEN
100
AcDbSpline
 62
7
  6
CONTINUOUS
 70
0
 71
3
 72
11
 73
7
 74
0
 42
0.0000001
 43
0.0000001
 44
0.0000000001
 40
0.0
 40
0.0
 40
0.0
 40
0.0
 40
0.0887633177
 40
0.3036530208
 40
0.6161520037
 40
1.0
 40
1.0
 40
1.0
 40
1.0
 10
266.8458873251
 20
239.0541342063
 30
0.0
 10
266.8423052408
 20
239.0662830479
 30
0.0
 10
266.8317202702
 20
239.108320143
 30
0.0
 10
266.8137247017
 20
239.1944168572
 30
0.0
 10
266.795595558
 20
239.3232929156
 30
0.0
 10
266.7901871122
 20
239.4227143171
 30
0.0
 10
266.7901871122
 20
239.4774868338
 30
0.0
  0
SPLINE
  5
F2D
100
AcDbEntity
  8
RUNDUNGEN
100
AcDbSpline
 62
7
  6
CONTINUOUS
 70
0
 71
3
 72
11
 73
7
 74
0
 42
0.0000001
 43
0.0000001
 44
0.0000000001
 40
0.0
 40
0.0
 40
0.0
 40
0.0
 40
0.0887684254
 40
0.3036591196
 40
0.6161560559
 40
1.0
 40
1.0
 40
1.0
 40
1.0
 10
263.7344869944
 20
239.0541345289
 30
0.0
 10
263.7380692537
 20
239.0662840685
 30
0.0
 10
263.7486544005
 20
239.1083219816
 30
0.0
 10
263.7666499116
 20
239.1944192302
 30
0.0
 10
263.7847787823
 20
239.3232944848
 30
0.0
 10
263.7901871122
 20
239.4227149379
 30
0.0
 10
263.7901871122
 20
239.4774868338
 30
0.0
  0
SPLINE
  5
F2E
100
AcDbEntity
  8
0
100
AcDbSpline
 62
7
  6
CONTINUOUS
 70
0
 71
3
 72
9
 73
5
 74
0
 42
0.0000001
 43
0.0000001
 44
0.0000000001
 40
0.0
 40
0.0
 40
0.0
 40
0.0
 40
0.4961865919
 40
1.0
 40
1.0
 40
1.0
 40
1.0
 10
263.5547920531
 20
237.6351786178
 30
0.0
 10
263.5770543356
 20
237.6359968675
 30
0.0
 10
263.6228253465
 20
237.6304423449
 30
0.0
 10
263.6625967014
 20
237.6069199916
 30
0.0
 10
263.6798791667
 20
237.5923265387
 30
0.0
  0
LINE
  5
F2F
100
AcDbEntity
  8
0
100
AcDbLine
 62
7
  6
CONTINUOUS
 10
263.4912202367
 20
237.0492760371
 11
263.4913971204
 21
237.073596285
  0
SPLINE
  5
F30
100
AcDbEntity
  8
0
100
AcDbSpline
 62
7
  6
CONTINUOUS
 70
0
 71
3
 72
9
 73
5
 74
0
 42
0.0000001
 43
0.0000001
 44
0.0000000001
 40
0.0
 40
0.0
 40
0.0
 40
0.0
 40
0.5812373685
 40
1.0
 40
1.0
 40
1.0
 40
1.0
 10
263.4913971204
 20
237.073596285
 30
0.0
 10
263.4921375508
 20
237.1708541383
 30
0.0
 10
263.4940997665
 20
237.338169166
 30
0.0
 10
263.4986383197
 20
237.505480384
 30
0.0
 10
263.502449643
 20
237.5754498097
 30
0.0
  0
SPLINE
  5
F31
100
AcDbEntity
  8
0
100
AcDbSpline
 62
7
  6
CONTINUOUS
 70
0
 71
3
 72
9
 73
5
 74
0
 42
0.0000001
 43
0.0000001
 44
0.0000000001
 40
0.0
 40
0.0
 40
0.0
 40
0.0
 40
0.2714393167
 40
1.0
 40
1.0
 40
1.0
 40
1.0
 10
263.502449643
 20
237.5754498097
 30
0.0
 10
263.5027234408
 20
237.5804762716
 30
0.0
 10
263.503778132
 20
237.5989914408
 30
0.0
 10
263.5050214716
 20
237.6174966535
 30
0.0
 10
263.506095586
 20
237.6309652406
 30
0.0
  0
SPLINE
  5
F32
100
AcDbEntity
  8
0
100
AcDbSpline
 62
7
  6
CONTINUOUS
 70
0
 71
3
 72
14
 73
10
 74
0
 42
0.0000001
 43
0.0000001
 44
0.0000000001
 40
0.0
 40
0.0
 40
0.0
 40
0.0
 40
0.348110084
 40
0.499875993
 40
0.6346752175
 40
0.7516457093
 40
0.850640547
 40
0.9324868648
 40
1.0
 40
1.0
 40
1.0
 40
1.0
 10
266.6901871122
 20
236.5422291134
 30
0.0
 10
266.6901871122
 20
236.6689232987
 30
0.0
 10
266.6953396431
 20
236.8510240785
 30
0.0
 10
266.7178407037
 20
237.0809985422
 30
0.0
 10
266.7404512402
 20
237.226221186
 30
0.0
 10
266.7694726045
 20
237.3506894599
 30
0.0
 10
266.8047427104
 20
237.4534734824
 30
0.0
 10
266.8463150571
 20
237.5341624188
 30
0.0
 10
266.8817227805
 20
237.5764740374
 30
0.0
 10
266.9004963632
 20
237.5923265447
 30
0.0
  0
SPLINE
  5
F33
100
AcDbEntity
  8
0
100
AcDbSpline
 62
7
  6
CONTINUOUS
 70
0
 71
3
 72
9
 73
5
 74
0
 42
0.0000001
 43
0.0000001
 44
0.0000000001
 40
0.0
 40
0.0
 40
0.0
 40
0.0
 40
0.2285835451
 40
1.0
 40
1.0
 40
1.0
 40
1.0
 10
267.0742795367
 20
237.6309635527
 30
0.0
 10
267.0746155764
 20
237.6267497572
 30
0.0
 10
267.0760105735
 20
237.6083093903
 30
0.0
 10
267.0771401783
 20
237.5898496274
 30
0.0
 10
267.0779167829
 20
237.5756050516
 30
0.0
  0
SPLINE
  5
F34
100
AcDbEntity
  8
0
100
AcDbSpline
 62
7
  6
CONTINUOUS
 70
0
 71
3
 72
9
 73
5
 74
0
 42
0.0000001
 43
0.0000001
 44
0.0000000001
 40
0.0
 40
0.0
 40
0.0
 40
0.0
 40
0.4187017971
 40
1.0
 40
1.0
 40
1.0
 40
1.0
 10
267.0779167829
 20
237.5756050516
 30
0.0
 10
267.0817327255
 20
237.5056125738
 30
0.0
 10
267.0862743217
 20
237.3382213983
 30
0.0
 10
267.0882373022
 20
237.1708265272
 30
0.0
 10
267.0889778568
 20
237.0735120553
 30
0.0
  0
LINE
  5
F35
100
AcDbEntity
  8
0
100
AcDbLine
 62
7
  6
CONTINUOUS
 10
267.0889778568
 20
237.0735120553
 11
267.0891541044
 21
237.0492727908
  0
SPLINE
  5
F36
100
AcDbEntity
  8
0
100
AcDbSpline
 62
7
  6
CONTINUOUS
 70
0
 71
3
 72
16
 73
12
 74
0
 42
0.0000001
 43
0.0000001
 44
0.0000000001
 40
0.0
 40
0.0
 40
0.0
 40
0.0
 40
0.0941270453
 40
0.2230962277
 40
0.3040761536
 40
0.4420744828
 40
0.5737968417
 40
0.7210985218
 40
0.83887147
 40
0.9466790919
 40
1.0
 40
1.0
 40
1.0
 40
1.0
 10
275.4847403685
 20
257.0889197456
 30
0.0
 10
278.7920499021
 20
257.6057486892
 30
0.0
 10
286.3147247841
 20
255.4090042233
 30
0.0
 10
302.1197416608
 20
256.4171099821
 30
0.0
 10
298.6456316671
 20
241.0504424539
 30
0.0
 10
298.50204215
 20
228.9659910528
 30
0.0
 10
304.2508011357
 20
213.6778156898
 30
0.0
 10
300.268197802
 20
199.7560871492
 30
0.0
 10
305.5100300343
 20
183.6858345372
 30
0.0
 10
293.5438012844
 20
179.7476387468
 30
0.0
 10
287.4299146827
 20
178.7332518591
 30
0.0
 10
285.4585558129
 20
178.5040484862
 30
0.0
  0
SPLINE
  5
F37
100
AcDbEntity
  8
0
100
AcDbSpline
 62
7
  6
CONTINUOUS
 70
0
 71
3
 72
15
 73
11
 74
0
 42
0.0000001
 43
0.0000001
 44
0.0000000001
 40
0.0
 40
0.0
 40
0.0
 40
0.0
 40
0.187839851
 40
0.2873003689
 40
0.425003065
 40
0.5608417748
 40
0.6823300724
 40
0.8421189908
 40
0.9436550291
 40
1.0
 40
1.0
 40
1.0
 40
1.0
 10
255.8630568657
 20
178.1332289052
 30
0.0
 10
249.0857781411
 20
177.2722798493
 30
0.0
 10
238.1397410669
 20
173.5330867052
 30
0.0
 10
227.6012372949
 20
187.1443613524
 30
0.0
 10
232.1887116732
 20
200.3077518878
 30
0.0
 10
228.474996318
 20
213.8471200047
 30
0.0
 10
233.5883399331
 20
228.1896140222
 30
0.0
 10
229.5978894601
 20
240.548578993
 30
0.0
 10
231.2064168732
 20
253.468570084
 30
0.0
 10
236.1512710789
 20
255.3413565952
 30
0.0
 10
238.1369016633
 20
255.6955675879
 30
0.0
  0
SPLINE
  5
F38
100
AcDbEntity
  8
0
100
AcDbSpline
 62
7
  6
CONTINUOUS
 70
0
 71
3
 72
9
 73
5
 74
0
 42
0.0000001
 43
0.0000001
 44
0.0000000001
 40
0.0
 40
0.0
 40
0.0
 40
0.0
 40
0.3565350095
 40
1.0
 40
1.0
 40
1.0
 40
1.0
 10
285.4585558129
 20
178.5040484862
 30
0.0
 10
281.8991975309
 20
178.0902136762
 30
0.0
 10
272.3901654069
 20
177.9030868545
 30
0.0
 10
262.5592391575
 20
178.9838759062
 30
0.0
 10
255.8630568657
 20
178.1332289052
 30
0.0
  0
SPLINE
  5
F39
100
AcDbEntity
  8
0
100
AcDbSpline
 62
7
  6
CONTINUOUS
 70
0
 71
3
 72
11
 73
7
 74
0
 42
0.0000001
 43
0.0000001
 44
0.0000000001
 40
0.0
 40
0.0
 40
0.0
 40
0.0
 40
0.1911448339
 40
0.4171941523
 40
0.8636466171
 40
1.0
 40
1.0
 40
1.0
 40
1.0
 10
238.1369016633
 20
255.6955675879
 30
0.0
 10
240.5388384916
 20
256.1240422674
 30
0.0
 10
246.4868203942
 20
256.0559034837
 30
0.0
 10
256.6271843693
 20
256.0099957713
 30
0.0
 10
266.9159578414
 20
254.3277075784
 30
0.0
 10
273.8853713003
 20
256.8389884291
 30
0.0
 10
275.4847403685
 20
257.0889197456
 30
0.0
  0
SPLINE
  5
F3A
100
AcDbEntity
  8
0
100
AcDbSpline
 62
3
  6
CONTINUOUS
 70
0
 71
3
 72
9
 73
5
 74
0
 42
0.0000001
 43
0.0000001
 44
0.0000000001
 40
0.0
 40
0.0
 40
0.0
 40
0.0
 40
0.2582219496
 40
1.0
 40
1.0
 40
1.0
 40
1.0
 10
273.6407329144
 20
221.8575061855
 30
0.0
 10
273.6439869484
 20
221.8495086705
 30
0.0
 10
273.6567163646
 20
221.8185895426
 30
0.0
 10
273.6699779773
 20
221.7878877621
 30
0.0
 10
273.6801871122
 20
221.7652834437
 30
0.0
  0
SPLINE
  5
F3B
100
AcDbEntity
  8
0
100
AcDbSpline
 62
3
  6
CONTINUOUS
 70
0
 71
3
 72
9
 73
5
 74
0
 42
0.0000001
 43
0.0000001
 44
0.0000000001
 40
0.0
 40
0.0
 40
0.0
 40
0.0
 40
0.2798551086
 40
1.0
 40
1.0
 40
1.0
 40
1.0
 10
268.5553987299
 20
221.8575061855
 30
0.0
 10
268.5590100178
 20
221.8360641355
 30
0.0
 10
268.5723327855
 20
221.7595224957
 30
0.0
 10
268.587301624
 20
221.6832268923
 30
0.0
 10
268.6001871122
 20
221.6287773695
 30
0.0
  0
SPLINE
  5
F3C
100
AcDbEntity
  8
0
100
AcDbSpline
 62
3
  6
CONTINUOUS
 70
0
 71
3
 72
9
 73
5
 74
0
 42
0.0000001
 43
0.0000001
 44
0.0000000001
 40
0.0
 40
0.0
 40
0.0
 40
0.0
 40
0.2808362783
 40
1.0
 40
1.0
 40
1.0
 40
1.0
 10
264.5349951609
 20
221.8575061855
 30
0.0
 10
264.5338022133
 20
221.8360825537
 30
0.0
 10
264.5294121729
 20
221.7598060777
 30
0.0
 10
264.5244731293
 20
221.683556438
 30
0.0
 10
264.5201871122
 20
221.6287773695
 30
0.0
  0
SPLINE
  5
F3D
100
AcDbEntity
  8
0
100
AcDbSpline
 62
3
  6
CONTINUOUS
 70
0
 71
3
 72
9
 73
5
 74
0
 42
0.0000001
 43
0.0000001
 44
0.0000000001
 40
0.0
 40
0.0
 40
0.0
 40
0.0
 40
0.2780299225
 40
1.0
 40
1.0
 40
1.0
 40
1.0
 10
259.515449333
 20
221.8575061855
 30
0.0
 10
259.5093710391
 20
221.8360291553
 30
0.0
 10
259.4868409525
 20
221.7589863917
 30
0.0
 10
259.461604745
 20
221.6826357162
 30
0.0
 10
259.4401871122
 20
221.6287773695
 30
0.0
  0
ELLIPSE
  5
F3E
100
AcDbEntity
  8
RUNDUNGEN
100
AcDbEllipse
 62
7
  6
CONTINUOUS
 10
68.0475077132
 20
96.0509679363
 30
0.0
 11
0.4
 21
0.0
 31
0.0
 40
0.1405408347
 41
-1.5707963268
 42
-0.0
  0
ELLIPSE
  5
F3F
100
AcDbEntity
  8
RUNDUNGEN
100
AcDbEllipse
 62
7
  6
CONTINUOUS
 10
59.8475077132
 20
105.2979521391
 30
0.0
 11
0.4
 21
0.0
 31
0.0
 40
0.0174550649
 41
-1.5707963268
 42
0.0
  0
ELLIPSE
  5
F40
100
AcDbEntity
  8
RUNDUNGEN
100
AcDbEllipse
 62
7
  6
CONTINUOUS
 10
76.2475077132
 20
96.0509679363
 30
0.0
 11
0.4
 21
-0.0
 31
0.0
 40
0.1405408347
 41
3.1415926536
 42
4.7123889804
  0
ELLIPSE
  5
F41
100
AcDbEntity
  8
RUNDUNGEN
100
AcDbEllipse
 62
7
  6
CONTINUOUS
 10
84.4475077132
 20
105.2979521391
 30
0.0
 11
0.4
 21
0.0
 31
0.0
 40
0.0174550649
 41
-3.1415926536
 42
-1.5707963268
  0
ELLIPSE
  5
F42
100
AcDbEntity
  8
RUNDUNGEN
100
AcDbEllipse
 62
7
  6
CONTINUOUS
 10
84.4475077132
 20
113.2839880871
 30
0.0
 11
0.4
 21
-0.0
 31
0.0
 40
0.0174550649
 41
1.5707963268
 42
3.1415926536
  0
ELLIPSE
  5
F43
100
AcDbEntity
  8
RUNDUNGEN
100
AcDbEllipse
 62
7
  6
CONTINUOUS
 10
59.8475077132
 20
113.2839880871
 30
0.0
 11
0.4
 21
-0.0
 31
0.0
 40
0.0174550649
 41
0.0
 42
1.5707963268
  0
ELLIPSE
  5
F44
100
AcDbEntity
  8
RUNDUNGEN
100
AcDbEllipse
 62
7
  6
CONTINUOUS
 10
279.3390700021
 20
81.0909701131
 30
0.0
 11
0.692820323
 21
0.0
 31
0.0
 40
0.8660254038
 41
-3.1415926536
 42
-1.5707963268
  0
ELLIPSE
  5
F45
100
AcDbEntity
  8
RUNDUNGEN
100
AcDbEllipse
 62
7
  6
CONTINUOUS
 10
274.6937705405
 20
81.0909701131
 30
0.0
 11
0.692820323
 21
0.0
 31
0.0
 40
0.8660254038
 41
-1.5707963268
 42
-1.3304234982
  0
ELLIPSE
  5
F46
100
AcDbEntity
  8
RUNDUNGEN
100
AcDbEllipse
 62
7
  6
CONTINUOUS
 10
268.3390700021
 20
81.0909701131
 30
0.0
 11
0.692820323
 21
0.0
 31
0.0
 40
0.8660254038
 41
-3.1415926536
 42
-1.5707963268
  0
ELLIPSE
  5
F47
100
AcDbEntity
  8
RUNDUNGEN
100
AcDbEllipse
 62
7
  6
CONTINUOUS
 10
263.6937705405
 20
81.0909701131
 30
0.0
 11
0.692820323
 21
0.0
 31
0.0
 40
0.8660254038
 41
-1.5707963268
 42
0.0
  0
ELLIPSE
  5
F48
100
AcDbEntity
  8
RUNDUNGEN
100
AcDbEllipse
 62
7
  6
CONTINUOUS
 10
70.2568281621
 20
204.3076699313
 30
0.0
 11
0.4
 21
0.0
 31
0.0
 40
0.1405408347
 41
-1.5707963268
 42
0.0
  0
ELLIPSE
  5
F49
100
AcDbEntity
  8
RUNDUNGEN
100
AcDbEllipse
 62
7
  6
CONTINUOUS
 10
62.0568281621
 20
213.5546541341
 30
0.0
 11
0.4
 21
-0.0
 31
0.0
 40
0.0174550649
 41
-1.5707963268
 42
-0.0
  0
ELLIPSE
  5
F4A
100
AcDbEntity
  8
RUNDUNGEN
100
AcDbEllipse
 62
7
  6
CONTINUOUS
 10
78.4568281621
 20
204.3076699313
 30
0.0
 11
0.4
 21
0.0
 31
0.0
 40
0.1405408347
 41
-3.1415926536
 42
-1.5707963268
  0
ELLIPSE
  5
F4B
100
AcDbEntity
  8
RUNDUNGEN
100
AcDbEllipse
 62
7
  6
CONTINUOUS
 10
86.6568281621
 20
213.5546541341
 30
0.0
 11
0.4
 21
0.0
 31
0.0
 40
0.0174550649
 41
3.1415926536
 42
4.7123889804
  0
ELLIPSE
  5
F4C
100
AcDbEntity
  8
RUNDUNGEN
100
AcDbEllipse
 62
7
  6
CONTINUOUS
 10
86.6568281621
 20
221.5406900821
 30
0.0
 11
0.4
 21
0.0
 31
0.0
 40
0.0174550649
 41
1.5707963268
 42
3.1415926536
  0
ELLIPSE
  5
F4D
100
AcDbEntity
  8
RUNDUNGEN
100
AcDbEllipse
 62
7
  6
CONTINUOUS
 10
62.0568281621
 20
221.5406900821
 30
0.0
 11
0.4
 21
-0.0
 31
0.0
 40
0.0174550649
 41
-0.0
 42
1.5707963268
  0
ENDSEC
  0
SECTION
  2
OBJECTS
  0
DICTIONARY
  5
C
100
AcDbDictionary
280
0
281
1
  3
ACAD_GROUP
350
D
  3
ACAD_MLINESTYLE
350
17
  3
ACAD_LAYOUT
350
1A
  3
ACAD_PLOTSETTINGS
350
19
  3
ACAD_PLOTSTYLENAME
350
E
  3
ACAD_TABLESTYLE
350
       F4E
  0
DICTIONARY
  5
D
102
{ACAD_REACTORS
330
C
102
}
100
AcDbDictionary
280
0
281
1
  0
ACDBDICTIONARYWDFLT
  5
E
102
{ACAD_REACTORS
330
C
102
}
100
AcDbDictionary
281
1
  3
Normal
350
F
100
AcDbDictionaryWithDefault
340
F
  0
DICTIONARY
  5
17
102
{ACAD_REACTORS
330
C
102
}
100
AcDbDictionary
280
0
281
1
  3
Standard
350
18
  0
DICTIONARY
  5
F4E
330
C
100
AcDbDictionary
281
1
  3
Standard
350
       F51
  3
Standard1
350
       F52
  0
DICTIONARY
  5
19
102
{ACAD_REACTORS
330
C
102
}
100
AcDbDictionary
281
1
  0
DICTIONARY
  5
1A
102
{ACAD_REACTORS
330
C
102
}
100
AcDbDictionary
281
1
  3
Model
350
F4F
  3
Layout1
350
F50
  0
ACDBPLACEHOLDER
  5
F
102
{ACAD_REACTORS
330
E
102
}
  0
MLINESTYLE
  5
18
102
{ACAD_REACTORS
330
17
102
}
100
AcDbMlineStyle
  2
STANDARD
 70
0
  3

 62
256
 51
90.0
 52
90.0
 71
2
 49
0.5
 62
256
  6
BYLAYER
 49
-0.5
 62
256
  6
BYLAYER
  0
LAYOUT
  5
F4F
102
{ACAD_REACTORS
330
1A
102
}
100
AcDbPlotSettings
  1

  2
none_device
  4
ISO_A3_(420.00_x_297.00_MM)
  6

 40
0.0
 41
0.0
 42
0.0
 43
0.0
 44
420.0
 45
297.0
 46
0.0
 47
0.0
 48
0.0
 49
0.0
140
0.0
141
0.0
142
1.0
143
1.0
 70
1024
 72
1
 73
0
 74
0
  7

 75
0
147
1.0
148
0.0
149
0.0
100
AcDbLayout
  1
Model
 70
0
 71
0
 10
0.0
 20
0.0
 11
420.0
 21
297.0
 12
0.0
 22
0.0
 32
0.0
 14
0.0
 24
0.0
 34
0.0
 15
0.0
 25
0.0
 35
0.0
146
0.0
 13
0.0
 23
0.0
 33
0.0
 16
1.0
 26
0.0
 36
0.0
 17
0.0
 27
1.0
 37
0.0
 76
0
330
223
345
0
346
0
  0
LAYOUT
  5
F50
102
{ACAD_REACTORS
330
1A
102
}
100
AcDbPlotSettings
  1

  2
none_device
  4
ISO_A3_(420.00_x_297.00_MM)
  6

 40
0.0
 41
0.0
 42
0.0
 43
0.0
 44
420.0
 45
297.0
 46
0.0
 47
0.0
 48
0.0
 49
0.0
140
0.0
141
0.0
142
1.0
143
1.0
 70
0
 72
1
 73
0
 74
0
  7

 75
0
147
1.0
148
0.0
149
0.0
100
AcDbLayout
  1
Layout1
 70
0
 71
1
 10
0.0
 20
0.0
 11
420.0
 21
297.0
 12
0.0
 22
0.0
 32
0.0
 14
0.0
 24
0.0
 34
0.0
 15
0.0
 25
0.0
 35
0.0
146
0.0
 13
0.0
 23
0.0
 33
0.0
 16
1.0
 26
0.0
 36
0.0
 17
0.0
 27
1.0
 37
0.0
 76
0
330
224
345
0
346
0
  0
TABLESTYLE
  5
F51
102
{ACAD_REACTORS
330
F4E
330
32A
102
}
330
F4E
100
AcDbTableStyle
  3
Standard
 70
0
 71
0
 40
0.06
 41
0.06
280
1
281
1
  7
Standard
140
0.18
170
1
 62
0
 63
7
283
0
  7
Standard
140
0.18
170
1
 62
0
 63
7
283
0
  7
Standard
140
0.18
170
1
 62
0
 63
7
283
0
  0
TABLESTYLE
  5
F52
102
{ACAD_REACTORS
330
F4E
102
}
330
F4E
100
AcDbTableStyle
  3
Standard1
 70
1
 71
0
 40
0.06
 41
0.06
280
1
281
1
  7
Standard
140
0.18
170
1
 62
0
 63
7
283
0
  7
Standard
140
0.18
170
1
 62
0
 63
7
283
0
  7
Standard
140
0.18
170
1
 62
0
 63
7
283
0
  0
ENDSEC
  0
EOF
